ISO-10303-21;
HEADER;

/* File generated by Shapr3D Version 26.123.11423.0 */

FILE_DESCRIPTION(('HOOPS Exchange Step'),'2;1');

FILE_NAME('C:\\Users\\Nalani\\AppData\\Local\\Packages\\Shapr3D.Shapr3D_j403pzjkqtqbj\\TempState\\export\\temp_export',
'2026-08-03T16:12:12+08:00',
('Nalani'),
('Shapr3D Limited'),
'HOOPS Exchange 2026.3',
'Shapr3D',
'Authorized');

FILE_SCHEMA( ('AP242_MANAGED_MODEL_BASED_3D_ENGINEERING_MIM_LF {1 0 10303 442 1 1 4}') );

ENDSEC;

DATA;
#3=(NAMED_UNIT(*)PLANE_ANGLE_UNIT()SI_UNIT($,.RADIAN.));
#4=PLANE_ANGLE_MEASURE_WITH_UNIT(PLANE_ANGLE_MEASURE(0.0174532925),#3);
#5=(CONVERSION_BASED_UNIT('DEGREE',#4)NAMED_UNIT(#6)PLANE_ANGLE_UNIT());
#6=DIMENSIONAL_EXPONENTS(0.,0.,0.,0.,0.,0.,0.);
#7=(NAMED_UNIT(*)SI_UNIT($,.STERADIAN.)SOLID_ANGLE_UNIT());
#8=(LENGTH_UNIT()NAMED_UNIT(*)SI_UNIT(.MILLI.,.METRE.));
#9=UNCERTAINTY_MEASURE_WITH_UNIT(LENGTH_MEASURE(1.000000E-05),#8,'DISTANCE_ACCURACY_VALUE','Maximum Tolerance applied to model');
#10=(GEOMETRIC_REPRESENTATION_CONTEXT(3)GLOBAL_UNCERTAINTY_ASSIGNED_CONTEXT((#9))GLOBAL_UNIT_ASSIGNED_CONTEXT((#8,#5,#7))REPRESENTATION_CONTEXT('','+'));
#12=CARTESIAN_POINT('',(0.,0.,0.));
#13=DIRECTION('',(0.,0.,1.));
#14=DIRECTION('',(1.,0.,0.));
#15=AXIS2_PLACEMENT_3D('',#12,#13,#14);
#27=CARTESIAN_POINT('',(9.453196232,6.81000005,1.89438903));
#28=DIRECTION('',(-0.,1.,0.));
#29=DIRECTION('',(0.000000001,0.,1.));
#30=AXIS2_PLACEMENT_3D('',#27,#28,#29);
#31=CYLINDRICAL_SURFACE('',#30,0.97);
#32=CARTESIAN_POINT('',(9.453196232,6.81000005,0.92438903));
#33=VERTEX_POINT('',#32);
#34=CARTESIAN_POINT('',(9.453196232,6.91,0.92438903));
#35=VERTEX_POINT('',#34);
#36=CARTESIAN_POINT('',(9.453196232,6.81000005,0.92438903));
#37=DIRECTION('',(-0.,1.,0.));
#38=VECTOR('',#37,0.099999951);
#39=LINE('',#36,#38);
#40=EDGE_CURVE('',#33,#35,#39,.T.);
#41=ORIENTED_EDGE('',*,*,#40,.T.);
#42=CARTESIAN_POINT('',(10.42264718,6.91,1.864921855));
#43=VERTEX_POINT('',#42);
#44=CARTESIAN_POINT('',(9.453196232,6.91,1.89438903));
#45=DIRECTION('',(0.,-1.,0.));
#46=DIRECTION('',(-0.000000001,-0.,-1.));
#47=AXIS2_PLACEMENT_3D('',#44,#45,#46);
#48=CIRCLE('',#47,0.97);
#49=EDGE_CURVE('',#35,#43,#48,.T.);
#50=ORIENTED_EDGE('',*,*,#49,.T.);
#51=CARTESIAN_POINT('',(10.422748853,6.810000025,1.864932027));
#52=VERTEX_POINT('',#51);
#53=CARTESIAN_POINT('',(10.422748853,6.810000025,1.864932027));
#54=DIRECTION('',(-0.,1.,0.));
#55=VECTOR('',#54,0.099999975);
#56=LINE('',#53,#55);
#57=EDGE_CURVE('',#52,#43,#56,.T.);
#58=ORIENTED_EDGE('',*,*,#57,.F.);
#59=CARTESIAN_POINT('',(9.453196232,6.81000005,1.89438903));
#60=DIRECTION('',(0.,-1.,-0.));
#61=DIRECTION('',(0.000000001,0.,1.));
#62=AXIS2_PLACEMENT_3D('',#59,#60,#61);
#63=CIRCLE('',#62,0.97);
#64=EDGE_CURVE('',#33,#52,#63,.T.);
#65=ORIENTED_EDGE('',*,*,#64,.F.);
#66=EDGE_LOOP('',(#41,#50,#58,#65));
#67=FACE_BOUND('',#66,.T.);
#68=ADVANCED_FACE('',(#67),#31,.T.);
#69=CARTESIAN_POINT('',(10.422748853,6.81000005,1.864932027));
#70=CARTESIAN_POINT('',(10.422748853,6.910000025,1.864932027));
#71=CARTESIAN_POINT('',(10.226351551,6.810000049,3.863886037));
#72=CARTESIAN_POINT('',(10.226351551,6.910000025,3.863886037));
#73=CARTESIAN_POINT('',(10.077489933,6.81000005,4.657263289));
#74=CARTESIAN_POINT('',(10.077489933,6.910000025,4.657263289));
#75=CARTESIAN_POINT('',(9.59689376,6.81000005,6.86438903));
#76=CARTESIAN_POINT('',(9.59689376,6.910000025,6.86438903));
#77=B_SPLINE_SURFACE_WITH_KNOTS('',3,1,((#69,#70),(#71,#72),(#73,#74),(#75,#76)),.UNSPECIFIED.,.F.,.F.,.U.,(4,4),(2,2),(0.,1.),(0.,0.199999951),.UNSPECIFIED.);
#78=ORIENTED_EDGE('',*,*,#57,.T.);
#79=CARTESIAN_POINT('',(9.59689376,6.91,6.86438903));
#80=VERTEX_POINT('',#79);
#81=CARTESIAN_POINT('',(10.422748853,6.91,1.864932027));
#82=CARTESIAN_POINT('',(10.226351551,6.91,3.863886037));
#83=CARTESIAN_POINT('',(10.077489933,6.91,4.657263289));
#84=CARTESIAN_POINT('',(9.59689376,6.91,6.86438903));
#85=B_SPLINE_CURVE_WITH_KNOTS('',3,(#81,#82,#83,#84),.UNSPECIFIED.,.F.,.F.,(4,4),(0.,1.),.UNSPECIFIED.);
#86=EDGE_CURVE('',#43,#80,#85,.T.);
#87=ORIENTED_EDGE('',*,*,#86,.T.);
#88=CARTESIAN_POINT('',(9.59689376,6.81,6.86438903));
#89=VERTEX_POINT('',#88);
#90=CARTESIAN_POINT('',(9.59689376,6.81,6.86438903));
#91=DIRECTION('',(-0.,1.,-0.));
#92=VECTOR('',#91,0.1);
#93=LINE('',#90,#92);
#94=EDGE_CURVE('',#89,#80,#93,.T.);
#95=ORIENTED_EDGE('',*,*,#94,.F.);
#96=CARTESIAN_POINT('',(10.422748853,6.81,1.864932027));
#97=CARTESIAN_POINT('',(10.226351551,6.81,3.863886037));
#98=CARTESIAN_POINT('',(10.077489933,6.81,4.657263289));
#99=CARTESIAN_POINT('',(9.59689376,6.81,6.86438903));
#100=B_SPLINE_CURVE_WITH_KNOTS('',3,(#96,#97,#98,#99),.UNSPECIFIED.,.F.,.F.,(4,4),(0.,1.),.UNSPECIFIED.);
#101=EDGE_CURVE('',#52,#89,#100,.T.);
#102=ORIENTED_EDGE('',*,*,#101,.F.);
#103=EDGE_LOOP('',(#78,#87,#95,#102));
#104=FACE_BOUND('',#103,.T.);
#105=ADVANCED_FACE('',(#104),#77,.F.);
#106=CARTESIAN_POINT('',(7.299083918,6.809999999,9.370522438));
#107=CARTESIAN_POINT('',(7.299083918,6.810000051,9.370522438));
#108=CARTESIAN_POINT('',(7.299083918,6.910000001,9.370522438));
#109=CARTESIAN_POINT('',(8.518122239,6.809999999,9.21730312));
#110=CARTESIAN_POINT('',(8.518122239,6.810000051,9.21730312));
#111=CARTESIAN_POINT('',(8.518122239,6.910000001,9.21730312));
#112=CARTESIAN_POINT('',(9.218428703,6.809999999,8.5926028));
#113=CARTESIAN_POINT('',(9.218428703,6.810000051,8.5926028));
#114=CARTESIAN_POINT('',(9.218428703,6.910000001,8.5926028));
#115=CARTESIAN_POINT('',(9.59689376,6.809999998,6.86438903));
#116=CARTESIAN_POINT('',(9.59689376,6.81000005,6.86438903));
#117=CARTESIAN_POINT('',(9.59689376,6.91,6.86438903));
#118=B_SPLINE_SURFACE_WITH_KNOTS('',3,1,((#106,#107,#108),(#109,#110,#111),(#112,#113,#114),(#115,#116,#117)),.UNSPECIFIED.,.F.,.F.,.U.,(4,4),(2,1,2),(0.07426927,1.),(-0.000000103,0.,0.199999901),.UNSPECIFIED.);
#119=ORIENTED_EDGE('',*,*,#94,.T.);
#120=CARTESIAN_POINT('',(7.29908392,6.91,9.370522438));
#121=VERTEX_POINT('',#120);
#122=CARTESIAN_POINT('',(9.59689376,6.91,6.86438903));
#123=CARTESIAN_POINT('',(9.218428704,6.91,8.592602799));
#124=CARTESIAN_POINT('',(8.51812224,6.910000001,9.217303119));
#125=CARTESIAN_POINT('',(7.29908392,6.91,9.370522438));
#126=B_SPLINE_CURVE_WITH_KNOTS('',3,(#122,#123,#124,#125),.UNSPECIFIED.,.F.,.F.,(4,4),(0.,1.),.UNSPECIFIED.);
#127=EDGE_CURVE('',#80,#121,#126,.T.);
#128=ORIENTED_EDGE('',*,*,#127,.T.);
#129=CARTESIAN_POINT('',(7.29908392,6.81,9.370522438));
#130=VERTEX_POINT('',#129);
#131=CARTESIAN_POINT('',(9.320400713,6.909999999,7.797232504));
#132=CARTESIAN_POINT('',(9.320400713,6.876666665,7.797232504));
#133=CARTESIAN_POINT('',(9.320400712,6.843333332,7.797232506));
#134=CARTESIAN_POINT('',(9.320400712,6.809999999,7.797232506));
#135=B_SPLINE_CURVE_WITH_KNOTS('',3,(#131,#132,#133,#134),.UNSPECIFIED.,.F.,.F.,(4,4),(0.002,0.0021),.UNSPECIFIED.);
#136=EDGE_CURVE('',#121,#130,#135,.T.);
#137=ORIENTED_EDGE('',*,*,#136,.T.);
#138=CARTESIAN_POINT('',(7.299083918,6.81,9.370522438));
#139=CARTESIAN_POINT('',(8.518122239,6.81,9.21730312));
#140=CARTESIAN_POINT('',(9.218428703,6.81,8.5926028));
#141=CARTESIAN_POINT('',(9.59689376,6.81,6.86438903));
#142=B_SPLINE_CURVE_WITH_KNOTS('',3,(#138,#139,#140,#141),.UNSPECIFIED.,.F.,.F.,(4,4),(0.,0.92573073),.UNSPECIFIED.);
#143=EDGE_CURVE('',#130,#89,#142,.T.);
#144=ORIENTED_EDGE('',*,*,#143,.T.);
#145=EDGE_LOOP('',(#119,#128,#137,#144));
#146=FACE_BOUND('',#145,.T.);
#147=ADVANCED_FACE('',(#146),#118,.T.);
#148=CARTESIAN_POINT('',(3.154736538,6.81000005,4.719542278));
#149=CARTESIAN_POINT('',(3.154736538,6.910000003,4.719542278));
#150=CARTESIAN_POINT('',(3.46598237,6.81000005,7.0248656));
#151=CARTESIAN_POINT('',(3.46598237,6.910000004,7.0248656));
#152=CARTESIAN_POINT('',(4.075657099,6.810000051,9.083216268));
#153=CARTESIAN_POINT('',(4.075657099,6.910000004,9.083216268));
#154=CARTESIAN_POINT('',(6.69187406,6.810000051,9.373463254));
#155=CARTESIAN_POINT('',(6.69187406,6.910000004,9.373463254));
#156=B_SPLINE_SURFACE_WITH_KNOTS('',3,1,((#148,#149),(#150,#151),(#152,#153),(#154,#155)),.UNSPECIFIED.,.F.,.F.,.U.,(4,4),(2,2),(0.,0.963764836),(0.,0.199999907),.UNSPECIFIED.);
#157=CARTESIAN_POINT('',(6.69187406,6.81,9.373463254));
#158=VERTEX_POINT('',#157);
#159=CARTESIAN_POINT('',(6.691877652,6.910000004,9.373432306));
#160=VERTEX_POINT('',#159);
#161=CARTESIAN_POINT('',(6.69187406,6.810000051,9.373463254));
#162=CARTESIAN_POINT('',(6.69187406,6.843333368,9.373463254));
#163=CARTESIAN_POINT('',(6.69187406,6.876666686,9.373463254));
#164=CARTESIAN_POINT('',(6.69187406,6.910000004,9.373463254));
#165=B_SPLINE_CURVE_WITH_KNOTS('',3,(#161,#162,#163,#164),.UNSPECIFIED.,.F.,.F.,(4,4),(0.,0.821591816),.UNSPECIFIED.);
#166=EDGE_CURVE('',#158,#160,#165,.T.);
#167=ORIENTED_EDGE('',*,*,#166,.T.);
#168=CARTESIAN_POINT('',(3.154736538,6.91,4.719542278));
#169=VERTEX_POINT('',#168);
#170=CARTESIAN_POINT('',(6.69187406,6.91,9.373463254));
#171=CARTESIAN_POINT('',(4.075657099,6.910000001,9.083216268));
#172=CARTESIAN_POINT('',(3.46598237,6.910000001,7.0248656));
#173=CARTESIAN_POINT('',(3.154736538,6.91,4.719542278));
#174=B_SPLINE_CURVE_WITH_KNOTS('',3,(#170,#171,#172,#173),.UNSPECIFIED.,.F.,.F.,(4,4),(0.,1.),.UNSPECIFIED.);
#175=EDGE_CURVE('',#160,#169,#174,.T.);
#176=ORIENTED_EDGE('',*,*,#175,.T.);
#177=CARTESIAN_POINT('',(3.154736538,6.810000025,4.719542278));
#178=VERTEX_POINT('',#177);
#179=CARTESIAN_POINT('',(3.154736538,6.810000025,4.719542278));
#180=DIRECTION('',(-0.,1.,-0.));
#181=VECTOR('',#180,0.099999975);
#182=LINE('',#179,#181);
#183=EDGE_CURVE('',#178,#169,#182,.T.);
#184=ORIENTED_EDGE('',*,*,#183,.F.);
#185=CARTESIAN_POINT('',(3.154736538,6.81,4.719542278));
#186=CARTESIAN_POINT('',(3.46598237,6.81,7.0248656));
#187=CARTESIAN_POINT('',(4.075657099,6.81,9.083216268));
#188=CARTESIAN_POINT('',(6.69187406,6.81,9.373463254));
#189=B_SPLINE_CURVE_WITH_KNOTS('',3,(#185,#186,#187,#188),.UNSPECIFIED.,.F.,.F.,(4,4),(0.036235164,1.),.UNSPECIFIED.);
#190=EDGE_CURVE('',#178,#158,#189,.T.);
#191=ORIENTED_EDGE('',*,*,#190,.T.);
#192=EDGE_LOOP('',(#167,#176,#184,#191));
#193=FACE_BOUND('',#192,.T.);
#194=ADVANCED_FACE('',(#193),#156,.T.);
#195=CARTESIAN_POINT('',(3.066893759,6.81000005,1.224389032));
#196=CARTESIAN_POINT('',(3.066893759,6.91,1.224389032));
#197=CARTESIAN_POINT('',(2.650595626,6.81000005,1.734389208));
#198=CARTESIAN_POINT('',(2.650595626,6.910000001,1.734389208));
#199=CARTESIAN_POINT('',(2.78098561,6.810000049,1.851989036));
#200=CARTESIAN_POINT('',(2.78098561,6.91,1.851989036));
#201=CARTESIAN_POINT('',(3.154736538,6.81000005,4.719542278));
#202=CARTESIAN_POINT('',(3.154736538,6.91,4.719542278));
#203=B_SPLINE_SURFACE_WITH_KNOTS('',3,1,((#195,#196),(#197,#198),(#199,#200),(#201,#202)),.UNSPECIFIED.,.F.,.F.,.U.,(4,4),(2,2),(0.,1.),(0.,0.199999901),.UNSPECIFIED.);
#204=ORIENTED_EDGE('',*,*,#183,.T.);
#205=CARTESIAN_POINT('',(3.066253806,6.91,1.225033346));
#206=VERTEX_POINT('',#205);
#207=CARTESIAN_POINT('',(3.154736538,6.91,4.719542278));
#208=CARTESIAN_POINT('',(2.780985835,6.91,1.851990763));
#209=CARTESIAN_POINT('',(2.650595783,6.91,1.73438935));
#210=CARTESIAN_POINT('',(3.066893006,6.91,1.224389953));
#211=B_SPLINE_CURVE_WITH_KNOTS('',3,(#207,#208,#209,#210),.UNSPECIFIED.,.F.,.F.,(4,4),(0.,1.),.UNSPECIFIED.);
#212=EDGE_CURVE('',#169,#206,#211,.T.);
#213=ORIENTED_EDGE('',*,*,#212,.T.);
#214=CARTESIAN_POINT('',(3.066893759,6.810000025,1.224389032));
#215=VERTEX_POINT('',#214);
#216=CARTESIAN_POINT('',(3.066893759,6.810000025,1.224389032));
#217=DIRECTION('',(-0.,1.,0.));
#218=VECTOR('',#217,0.099999976);
#219=LINE('',#216,#218);
#220=EDGE_CURVE('',#215,#206,#219,.T.);
#221=ORIENTED_EDGE('',*,*,#220,.F.);
#222=CARTESIAN_POINT('',(3.066893759,6.81,1.224389032));
#223=CARTESIAN_POINT('',(2.650595626,6.81,1.734389208));
#224=CARTESIAN_POINT('',(2.78098561,6.81,1.851989036));
#225=CARTESIAN_POINT('',(3.154736538,6.81,4.719542278));
#226=B_SPLINE_CURVE_WITH_KNOTS('',3,(#222,#223,#224,#225),.UNSPECIFIED.,.F.,.F.,(4,4),(0.,1.),.UNSPECIFIED.);
#227=EDGE_CURVE('',#215,#178,#226,.T.);
#228=ORIENTED_EDGE('',*,*,#227,.T.);
#229=EDGE_LOOP('',(#204,#213,#221,#228));
#230=FACE_BOUND('',#229,.T.);
#231=ADVANCED_FACE('',(#230),#203,.T.);
#232=CARTESIAN_POINT('',(3.790651738,6.81000005,1.944526755));
#233=DIRECTION('',(-0.,1.,0.));
#234=DIRECTION('',(0.000000001,0.,1.));
#235=AXIS2_PLACEMENT_3D('',#232,#233,#234);
#236=CYLINDRICAL_SURFACE('',#235,1.020991652);
#237=ORIENTED_EDGE('',*,*,#220,.T.);
#238=CARTESIAN_POINT('',(3.790651737,6.91,0.923535103));
#239=VERTEX_POINT('',#238);
#240=CARTESIAN_POINT('',(3.790651738,6.91,1.944526755));
#241=DIRECTION('',(0.,-1.,0.));
#242=DIRECTION('',(-0.000000001,-0.,-1.));
#243=AXIS2_PLACEMENT_3D('',#240,#241,#242);
#244=CIRCLE('',#243,1.020991652);
#245=EDGE_CURVE('',#206,#239,#244,.T.);
#246=ORIENTED_EDGE('',*,*,#245,.T.);
#247=CARTESIAN_POINT('',(3.832400737,6.91,0.92438903));
#248=VERTEX_POINT('',#247);
#249=CARTESIAN_POINT('',(3.790651738,6.91,1.944526755));
#250=DIRECTION('',(0.,-1.,0.));
#251=DIRECTION('',(-0.000000001,-0.,-1.));
#252=AXIS2_PLACEMENT_3D('',#249,#250,#251);
#253=CIRCLE('',#252,1.020991652);
#254=EDGE_CURVE('',#239,#248,#253,.T.);
#255=ORIENTED_EDGE('',*,*,#254,.T.);
#256=CARTESIAN_POINT('',(3.832400741,6.809999931,0.924389031));
#257=VERTEX_POINT('',#256);
#258=CARTESIAN_POINT('',(3.832400741,6.809999931,0.92438903));
#259=DIRECTION('',(-0.000000042,1.,0.));
#260=VECTOR('',#259,0.100000069);
#261=LINE('',#258,#260);
#262=EDGE_CURVE('',#257,#248,#261,.T.);
#263=ORIENTED_EDGE('',*,*,#262,.F.);
#264=CARTESIAN_POINT('',(3.790651738,6.810000049,1.944526755));
#265=DIRECTION('',(0.,-1.,-0.));
#266=DIRECTION('',(0.000000001,0.,1.));
#267=AXIS2_PLACEMENT_3D('',#264,#265,#266);
#268=CIRCLE('',#267,1.020991652);
#269=EDGE_CURVE('',#215,#257,#268,.T.);
#270=ORIENTED_EDGE('',*,*,#269,.F.);
#271=EDGE_LOOP('',(#237,#246,#255,#263,#270));
#272=FACE_BOUND('',#271,.T.);
#273=ADVANCED_FACE('',(#272),#236,.T.);
#274=CARTESIAN_POINT('',(5.01464725,6.810000049,0.92438903));
#275=DIRECTION('',(0.,0.,-1.));
#276=DIRECTION('',(-0.000000042,1.,0.));
#277=AXIS2_PLACEMENT_3D('',#274,#275,#276);
#278=PLANE('',#277);
#279=ORIENTED_EDGE('',*,*,#262,.T.);
#280=CARTESIAN_POINT('',(3.832400737,6.91,0.92438903));
#281=DIRECTION('',(1.,0.,0.));
#282=VECTOR('',#281,5.620795495);
#283=LINE('',#280,#282);
#284=EDGE_CURVE('',#248,#35,#283,.T.);
#285=ORIENTED_EDGE('',*,*,#284,.T.);
#286=ORIENTED_EDGE('',*,*,#40,.F.);
#287=CARTESIAN_POINT('',(9.453196232,6.810000049,0.92438903));
#288=DIRECTION('',(-1.,-0.000000042,-0.));
#289=VECTOR('',#288,5.620795491);
#290=LINE('',#287,#289);
#291=EDGE_CURVE('',#33,#257,#290,.T.);
#292=ORIENTED_EDGE('',*,*,#291,.T.);
#293=EDGE_LOOP('',(#279,#285,#286,#292));
#294=FACE_BOUND('',#293,.T.);
#295=ADVANCED_FACE('',(#294),#278,.T.);
#296=CARTESIAN_POINT('',(-120.503106361,6.81,-434.835610935));
#297=DIRECTION('',(0.,-1.,0.));
#298=DIRECTION('',(1.,0.,-0.));
#299=AXIS2_PLACEMENT_3D('',#296,#297,#298);
#300=PLANE('',#299);
#301=CARTESIAN_POINT('',(9.401561813,6.81,6.821430183));
#302=VERTEX_POINT('',#301);
#303=CARTESIAN_POINT('',(6.994919938,6.81,9.198293437));
#304=VERTEX_POINT('',#303);
#305=CARTESIAN_POINT('',(9.401561813,6.81,6.821430183));
#306=CARTESIAN_POINT('',(9.305594413,6.81,7.259653422));
#307=CARTESIAN_POINT('',(9.056441372,6.81,8.025716191));
#308=CARTESIAN_POINT('',(8.566738964,6.81,8.696620935));
#309=CARTESIAN_POINT('',(8.021043732,6.81,9.012441895));
#310=CARTESIAN_POINT('',(7.483174313,6.81,9.149879077));
#311=CARTESIAN_POINT('',(7.153353582,6.81,9.187439421));
#312=CARTESIAN_POINT('',(6.994918012,6.81,9.198293569));
#313=B_SPLINE_CURVE_WITH_KNOTS('',3,(#305,#306,#307,#308,#309,#310,#311,#312),.UNSPECIFIED.,.F.,.F.,(4,1,1,1,1,4),(-0.000033068,0.249322332,0.498677732,0.748033132,0.872710833,0.997388533),.UNSPECIFIED.);
#314=EDGE_CURVE('',#302,#304,#313,.T.);
#315=ORIENTED_EDGE('',*,*,#314,.F.);
#316=CARTESIAN_POINT('',(10.222378933,6.810000025,1.85892111));
#317=VERTEX_POINT('',#316);
#318=CARTESIAN_POINT('',(10.222378933,6.81,1.85892111));
#319=CARTESIAN_POINT('',(10.028198618,6.81,3.826177292));
#320=CARTESIAN_POINT('',(9.880260469,6.81,4.622997876));
#321=CARTESIAN_POINT('',(9.401561813,6.81,6.821430183));
#322=B_SPLINE_CURVE_WITH_KNOTS('',3,(#318,#319,#320,#321),.UNSPECIFIED.,.F.,.F.,(4,4),(0.002242091,0.999938596),.UNSPECIFIED.);
#323=EDGE_CURVE('',#317,#302,#322,.T.);
#324=ORIENTED_EDGE('',*,*,#323,.F.);
#325=CARTESIAN_POINT('',(9.453196233,6.810000168,1.124389029));
#326=VERTEX_POINT('',#325);
#327=CARTESIAN_POINT('',(9.453196232,6.81000005,1.894389029));
#328=DIRECTION('',(0.,-1.,-0.));
#329=DIRECTION('',(0.000000001,0.,1.));
#330=AXIS2_PLACEMENT_3D('',#327,#328,#329);
#331=CIRCLE('',#330,0.77);
#332=EDGE_CURVE('',#326,#317,#331,.T.);
#333=ORIENTED_EDGE('',*,*,#332,.F.);
#334=CARTESIAN_POINT('',(3.828087116,6.81000005,1.124389031));
#335=VERTEX_POINT('',#334);
#336=CARTESIAN_POINT('',(3.828087116,6.810000049,1.12438903));
#337=DIRECTION('',(1.,0.000000042,0.));
#338=VECTOR('',#337,5.625109116);
#339=LINE('',#336,#338);
#340=EDGE_CURVE('',#335,#326,#339,.T.);
#341=ORIENTED_EDGE('',*,*,#340,.F.);
#342=CARTESIAN_POINT('',(3.214925571,6.810000025,1.3592348));
#343=VERTEX_POINT('',#342);
#344=CARTESIAN_POINT('',(3.790651738,6.81000005,1.944526754));
#345=DIRECTION('',(0.,-1.,-0.));
#346=DIRECTION('',(0.000000001,0.,1.));
#347=AXIS2_PLACEMENT_3D('',#344,#345,#346);
#348=CIRCLE('',#347,0.820991652);
#349=EDGE_CURVE('',#343,#335,#348,.T.);
#350=ORIENTED_EDGE('',*,*,#349,.F.);
#351=CARTESIAN_POINT('',(3.352846356,6.81,4.692101946));
#352=VERTEX_POINT('',#351);
#353=CARTESIAN_POINT('',(3.352846356,6.81,4.692101946));
#354=CARTESIAN_POINT('',(3.259439318,6.81,3.97552424));
#355=CARTESIAN_POINT('',(3.103957852,6.81,2.891010471));
#356=CARTESIAN_POINT('',(3.007487876,6.81,2.142537084));
#357=CARTESIAN_POINT('',(3.009333538,6.81,1.810428372));
#358=CARTESIAN_POINT('',(3.028250861,6.81,1.66398305));
#359=CARTESIAN_POINT('',(3.106862357,6.81,1.485572194));
#360=CARTESIAN_POINT('',(3.173985997,6.81,1.410433646));
#361=CARTESIAN_POINT('',(3.214925571,6.81,1.359234799));
#362=B_SPLINE_CURVE_WITH_KNOTS('',3,(#353,#354,#355,#356,#357,#358,#359,#360,#361),.UNSPECIFIED.,.F.,.F.,(4,1,1,1,1,1,4),(0.000184718,0.249070759,0.497956801,0.622399822,0.746842843,0.871285864,0.995728885),.UNSPECIFIED.);
#363=EDGE_CURVE('',#352,#343,#362,.T.);
#364=ORIENTED_EDGE('',*,*,#363,.F.);
#365=CARTESIAN_POINT('',(6.994918012,6.81,9.198293569));
#366=CARTESIAN_POINT('',(6.668587439,6.81,9.178216465));
#367=CARTESIAN_POINT('',(6.0246224,6.81,9.080352099));
#368=CARTESIAN_POINT('',(5.052644243,6.81,8.680015782));
#369=CARTESIAN_POINT('',(4.210625757,6.81,7.852168289));
#370=CARTESIAN_POINT('',(3.633000674,6.81,6.433700796));
#371=CARTESIAN_POINT('',(3.431854103,6.81,5.2772934));
#372=CARTESIAN_POINT('',(3.352846356,6.81,4.692101946));
#373=B_SPLINE_CURVE_WITH_KNOTS('',3,(#365,#366,#367,#368,#369,#370,#371,#372),.UNSPECIFIED.,.F.,.F.,(4,1,1,1,1,4),(0.001286003,0.126137356,0.250988709,0.500691415,0.750394121,1.000096828),.UNSPECIFIED.);
#374=EDGE_CURVE('',#304,#352,#373,.T.);
#375=ORIENTED_EDGE('',*,*,#374,.F.);
#376=EDGE_LOOP('',(#315,#324,#333,#341,#350,#364,#375));
#377=FACE_BOUND('',#376,.T.);
#378=ORIENTED_EDGE('',*,*,#143,.F.);
#379=CARTESIAN_POINT('',(6.983573949,6.809999998,6.860272757));
#380=DIRECTION('',(0.,-1.,0.));
#381=DIRECTION('',(-0.000000001,-0.,-1.));
#382=AXIS2_PLACEMENT_3D('',#379,#380,#381);
#383=CIRCLE('',#382,2.53);
#384=EDGE_CURVE('',#130,#158,#383,.T.);
#385=ORIENTED_EDGE('',*,*,#384,.T.);
#386=ORIENTED_EDGE('',*,*,#190,.F.);
#387=ORIENTED_EDGE('',*,*,#227,.F.);
#388=ORIENTED_EDGE('',*,*,#269,.T.);
#389=ORIENTED_EDGE('',*,*,#291,.F.);
#390=ORIENTED_EDGE('',*,*,#64,.T.);
#391=ORIENTED_EDGE('',*,*,#101,.T.);
#392=EDGE_LOOP('',(#378,#385,#386,#387,#388,#389,#390,#391));
#393=FACE_BOUND('',#392,.T.);
#394=ADVANCED_FACE('',(#377,#393),#300,.T.);
#395=CARTESIAN_POINT('',(-120.503106361,7.31,-434.835610934));
#396=DIRECTION('',(0.,-1.,0.));
#397=DIRECTION('',(1.,0.,-0.));
#398=AXIS2_PLACEMENT_3D('',#395,#396,#397);
#399=PLANE('',#398);
#400=CARTESIAN_POINT('',(6.735987829,7.31,8.97583538));
#401=VERTEX_POINT('',#400);
#402=CARTESIAN_POINT('',(7.24920092,7.31,8.973645018));
#403=VERTEX_POINT('',#402);
#404=CARTESIAN_POINT('',(6.735987829,7.31,8.97583538));
#405=CARTESIAN_POINT('',(6.993746224,7.31,9.00575278));
#406=CARTESIAN_POINT('',(7.24920092,7.31,8.973645018));
#407=B_SPLINE_CURVE_WITH_KNOTS('',2,(#404,#405,#406),.UNSPECIFIED.,.F.,.F.,(3,3),(0.,1.),.UNSPECIFIED.);
#408=EDGE_CURVE('',#401,#403,#407,.T.);
#409=ORIENTED_EDGE('',*,*,#408,.T.);
#410=CARTESIAN_POINT('',(9.206153231,7.31,6.778819965));
#411=VERTEX_POINT('',#410);
#412=CARTESIAN_POINT('',(7.24920092,7.31,8.973645018));
#413=CARTESIAN_POINT('',(7.698089314,7.31,8.917224853));
#414=CARTESIAN_POINT('',(8.01119175,7.31,8.766735217));
#415=CARTESIAN_POINT('',(8.345769821,7.31,8.605923526));
#416=CARTESIAN_POINT('',(8.583391062,7.31,8.306001464));
#417=CARTESIAN_POINT('',(8.981850574,7.31,7.803071683));
#418=CARTESIAN_POINT('',(9.206153507,7.31,6.778820025));
#419=B_SPLINE_CURVE_WITH_KNOTS('',2,(#412,#413,#414,#415,#416,#417,#418),.UNSPECIFIED.,.F.,.F.,(3,2,2,3),(0.,0.25,0.5,1.),.UNSPECIFIED.);
#420=EDGE_CURVE('',#403,#411,#419,.T.);
#421=ORIENTED_EDGE('',*,*,#420,.T.);
#422=CARTESIAN_POINT('',(10.02171109,7.31,1.853269004));
#423=VERTEX_POINT('',#422);
#424=CARTESIAN_POINT('',(9.206153231,7.31,6.778819965));
#425=CARTESIAN_POINT('',(9.388382606,7.31,5.941937517));
#426=CARTESIAN_POINT('',(9.469429711,7.31,5.550152203));
#427=CARTESIAN_POINT('',(9.610464784,7.31,4.868382382));
#428=CARTESIAN_POINT('',(9.704060713,7.31,4.325227319));
#429=CARTESIAN_POINT('',(9.803254108,7.31,3.749589094));
#430=CARTESIAN_POINT('',(9.884631969,7.31,3.096003757));
#431=CARTESIAN_POINT('',(9.948592485,7.31,2.582305625));
#432=CARTESIAN_POINT('',(10.02171109,7.31,1.853269004));
#433=B_SPLINE_CURVE_WITH_KNOTS('',2,(#424,#425,#426,#427,#428,#429,#430,#431,#432),.UNSPECIFIED.,.F.,.F.,(3,2,2,2,3),(0.,0.25,0.5,0.75,1.),.UNSPECIFIED.);
#434=EDGE_CURVE('',#411,#423,#433,.T.);
#435=ORIENTED_EDGE('',*,*,#434,.T.);
#436=CARTESIAN_POINT('',(9.453196232,7.31,1.32438903));
#437=VERTEX_POINT('',#436);
#438=CARTESIAN_POINT('',(9.453196232,7.31,1.89438903));
#439=DIRECTION('',(-0.,1.,-0.));
#440=DIRECTION('',(-0.000000001,-0.,-1.));
#441=AXIS2_PLACEMENT_3D('',#438,#439,#440);
#442=CIRCLE('',#441,0.57);
#443=EDGE_CURVE('',#423,#437,#442,.T.);
#444=ORIENTED_EDGE('',*,*,#443,.T.);
#445=CARTESIAN_POINT('',(3.82320684,7.31,1.32438903));
#446=VERTEX_POINT('',#445);
#447=CARTESIAN_POINT('',(9.453196232,7.31,1.32438903));
#448=DIRECTION('',(-1.,-0.,0.));
#449=VECTOR('',#448,5.629989392);
#450=LINE('',#447,#449);
#451=EDGE_CURVE('',#437,#446,#450,.T.);
#452=ORIENTED_EDGE('',*,*,#451,.T.);
#453=CARTESIAN_POINT('',(3.790651738,7.31,1.323535103));
#454=VERTEX_POINT('',#453);
#455=CARTESIAN_POINT('',(3.790651738,7.31,1.944526755));
#456=DIRECTION('',(-0.,1.,-0.));
#457=DIRECTION('',(-0.000000001,-0.,-1.));
#458=AXIS2_PLACEMENT_3D('',#455,#456,#457);
#459=CIRCLE('',#458,0.620991652);
#460=EDGE_CURVE('',#446,#454,#459,.T.);
#461=ORIENTED_EDGE('',*,*,#460,.T.);
#462=CARTESIAN_POINT('',(3.362987262,7.31,1.494267132));
#463=VERTEX_POINT('',#462);
#464=CARTESIAN_POINT('',(3.790651738,7.31,1.944526755));
#465=DIRECTION('',(-0.,1.,-0.));
#466=DIRECTION('',(-0.000000001,-0.,-1.));
#467=AXIS2_PLACEMENT_3D('',#464,#465,#466);
#468=CIRCLE('',#467,0.620991652);
#469=EDGE_CURVE('',#454,#463,#468,.T.);
#470=ORIENTED_EDGE('',*,*,#469,.T.);
#471=CARTESIAN_POINT('',(3.551385875,7.31,4.667843808));
#472=VERTEX_POINT('',#471);
#473=CARTESIAN_POINT('',(3.362987262,7.31,1.494267132));
#474=CARTESIAN_POINT('',(3.299291064,7.31,1.574010066));
#475=CARTESIAN_POINT('',(3.269187347,7.31,1.625213992));
#476=CARTESIAN_POINT('',(3.239349904,7.31,1.675965007));
#477=CARTESIAN_POINT('',(3.226778743,7.31,1.727751412));
#478=CARTESIAN_POINT('',(3.200951046,7.31,1.8341476));
#479=CARTESIAN_POINT('',(3.212938307,7.31,2.050248741));
#480=CARTESIAN_POINT('',(3.225761426,7.31,2.281418377));
#481=CARTESIAN_POINT('',(3.310244811,7.31,2.902622743));
#482=CARTESIAN_POINT('',(3.325351284,7.31,3.013700284));
#483=CARTESIAN_POINT('',(3.431767986,7.31,3.78304733));
#484=CARTESIAN_POINT('',(3.506119477,7.31,4.320576676));
#485=CARTESIAN_POINT('',(3.551381628,7.31,4.667844382));
#486=B_SPLINE_CURVE_WITH_KNOTS('',2,(#473,#474,#475,#476,#477,#478,#479,#480,#481,#482,#483,#484,#485),.UNSPECIFIED.,.F.,.F.,(3,2,2,2,2,2,3),(0.,0.0625,0.125,0.25,0.5,0.75,1.),.UNSPECIFIED.);
#487=EDGE_CURVE('',#463,#472,#486,.T.);
#488=ORIENTED_EDGE('',*,*,#487,.T.);
#489=CARTESIAN_POINT('',(3.551385875,7.31,4.667843808));
#490=CARTESIAN_POINT('',(3.673789516,7.31,5.573966612));
#491=CARTESIAN_POINT('',(3.836466899,7.31,6.197178628));
#492=CARTESIAN_POINT('',(4.051532857,7.31,7.021089657));
#493=CARTESIAN_POINT('',(4.387842301,7.31,7.573347418));
#494=CARTESIAN_POINT('',(4.776527391,7.31,8.211611853));
#495=CARTESIAN_POINT('',(5.370846202,7.31,8.556905602));
#496=CARTESIAN_POINT('',(5.940035026,7.31,8.88759906));
#497=CARTESIAN_POINT('',(6.735980055,7.31,8.975902364));
#498=B_SPLINE_CURVE_WITH_KNOTS('',2,(#489,#490,#491,#492,#493,#494,#495,#496,#497),.UNSPECIFIED.,.F.,.F.,(3,2,2,2,3),(0.,0.25,0.5,0.75,1.),.UNSPECIFIED.);
#499=EDGE_CURVE('',#472,#401,#498,.T.);
#500=ORIENTED_EDGE('',*,*,#499,.T.);
#501=EDGE_LOOP('',(#409,#421,#435,#444,#452,#461,#470,#488,#500));
#502=FACE_BOUND('',#501,.T.);
#503=CARTESIAN_POINT('',(6.596893761,7.31,6.96438903));
#504=VERTEX_POINT('',#503);
#505=CARTESIAN_POINT('',(4.596893759,7.31,4.96438903));
#506=VERTEX_POINT('',#505);
#507=CARTESIAN_POINT('',(6.596893759,7.31,4.96438903));
#508=DIRECTION('',(-0.,1.,0.));
#509=DIRECTION('',(-1.,-0.,0.));
#510=AXIS2_PLACEMENT_3D('',#507,#508,#509);
#511=CIRCLE('',#510,2.);
#512=EDGE_CURVE('',#504,#506,#511,.T.);
#513=ORIENTED_EDGE('',*,*,#512,.F.);
#514=CARTESIAN_POINT('',(6.596893759,7.31,4.96438903));
#515=DIRECTION('',(-0.,1.,0.));
#516=DIRECTION('',(-1.,-0.,0.));
#517=AXIS2_PLACEMENT_3D('',#514,#515,#516);
#518=CIRCLE('',#517,2.);
#519=EDGE_CURVE('',#506,#504,#518,.T.);
#520=ORIENTED_EDGE('',*,*,#519,.F.);
#521=EDGE_LOOP('',(#513,#520));
#522=FACE_BOUND('',#521,.T.);
#523=ADVANCED_FACE('',(#502,#522),#399,.F.);
#524=CARTESIAN_POINT('',(9.401561813,6.71000005,6.821430183));
#525=CARTESIAN_POINT('',(9.401561813,6.81000005,6.821430183));
#526=CARTESIAN_POINT('',(9.305594413,6.71000005,7.259653422));
#527=CARTESIAN_POINT('',(9.305594413,6.81000005,7.259653422));
#528=CARTESIAN_POINT('',(9.056441372,6.71000005,8.025716191));
#529=CARTESIAN_POINT('',(9.056441372,6.81000005,8.025716191));
#530=CARTESIAN_POINT('',(8.566738964,6.71000005,8.696620935));
#531=CARTESIAN_POINT('',(8.566738964,6.81000005,8.696620935));
#532=CARTESIAN_POINT('',(8.021043732,6.71000005,9.012441894));
#533=CARTESIAN_POINT('',(8.021043732,6.81000005,9.012441895));
#534=CARTESIAN_POINT('',(7.483174313,6.71000005,9.149879077));
#535=CARTESIAN_POINT('',(7.483174313,6.81000005,9.149879077));
#536=CARTESIAN_POINT('',(7.153353582,6.710000051,9.187439421));
#537=CARTESIAN_POINT('',(7.153353582,6.81000005,9.187439421));
#538=CARTESIAN_POINT('',(6.994918012,6.710000051,9.198293569));
#539=CARTESIAN_POINT('',(6.994918012,6.81000005,9.198293569));
#540=B_SPLINE_SURFACE_WITH_KNOTS('',3,1,((#524,#525),(#526,#527),(#528,#529),(#530,#531),(#532,#533),(#534,#535),(#536,#537),(#538,#539)),.UNSPECIFIED.,.F.,.F.,.U.,(4,1,1,1,1,4),(2,2),(-0.000033068,0.249322332,0.498677732,0.748033132,0.872710833,0.997388533),(0.,1.),.UNSPECIFIED.);
#541=ORIENTED_EDGE('',*,*,#314,.T.);
#542=CARTESIAN_POINT('',(6.994919938,6.71,9.198293437));
#543=VERTEX_POINT('',#542);
#544=CARTESIAN_POINT('',(6.994918012,6.71,9.198293569));
#545=DIRECTION('',(-0.,1.,-0.000000005));
#546=VECTOR('',#545,0.1);
#547=LINE('',#544,#546);
#548=EDGE_CURVE('',#543,#304,#547,.T.);
#549=ORIENTED_EDGE('',*,*,#548,.F.);
#550=CARTESIAN_POINT('',(9.401561813,6.71,6.821430183));
#551=VERTEX_POINT('',#550);
#552=CARTESIAN_POINT('',(9.401561813,6.71,6.821430183));
#553=CARTESIAN_POINT('',(9.305594413,6.71,7.259653422));
#554=CARTESIAN_POINT('',(9.056441372,6.71,8.025716191));
#555=CARTESIAN_POINT('',(8.566738964,6.71,8.696620935));
#556=CARTESIAN_POINT('',(8.021043732,6.71,9.012441894));
#557=CARTESIAN_POINT('',(7.483174313,6.71,9.149879077));
#558=CARTESIAN_POINT('',(7.153353582,6.71,9.187439421));
#559=CARTESIAN_POINT('',(6.994918012,6.71,9.198293569));
#560=B_SPLINE_CURVE_WITH_KNOTS('',3,(#552,#553,#554,#555,#556,#557,#558,#559),.UNSPECIFIED.,.F.,.F.,(4,1,1,1,1,4),(-0.000033068,0.249322332,0.498677732,0.748033132,0.872710833,0.997388533),.UNSPECIFIED.);
#561=EDGE_CURVE('',#551,#543,#560,.T.);
#562=ORIENTED_EDGE('',*,*,#561,.F.);
#563=CARTESIAN_POINT('',(9.401561813,6.71,6.821430183));
#564=DIRECTION('',(-0.,1.,-0.000000005));
#565=VECTOR('',#564,0.1);
#566=LINE('',#563,#565);
#567=EDGE_CURVE('',#551,#302,#566,.T.);
#568=ORIENTED_EDGE('',*,*,#567,.T.);
#569=EDGE_LOOP('',(#541,#549,#562,#568));
#570=FACE_BOUND('',#569,.T.);
#571=ADVANCED_FACE('',(#570),#540,.F.);
#572=CARTESIAN_POINT('',(6.994918012,6.710000051,9.198293569));
#573=CARTESIAN_POINT('',(6.994918012,6.81,9.198293569));
#574=CARTESIAN_POINT('',(6.668587439,6.710000051,9.178216466));
#575=CARTESIAN_POINT('',(6.668587439,6.81,9.178216465));
#576=CARTESIAN_POINT('',(6.0246224,6.710000051,9.080352099));
#577=CARTESIAN_POINT('',(6.0246224,6.81,9.080352099));
#578=CARTESIAN_POINT('',(5.052644243,6.710000051,8.680015782));
#579=CARTESIAN_POINT('',(5.052644243,6.81,8.680015782));
#580=CARTESIAN_POINT('',(4.210625757,6.710000051,7.852168289));
#581=CARTESIAN_POINT('',(4.210625757,6.81,7.852168289));
#582=CARTESIAN_POINT('',(3.633000674,6.710000051,6.433700796));
#583=CARTESIAN_POINT('',(3.633000674,6.81,6.433700796));
#584=CARTESIAN_POINT('',(3.431854103,6.71000005,5.2772934));
#585=CARTESIAN_POINT('',(3.431854103,6.809999999,5.2772934));
#586=CARTESIAN_POINT('',(3.352846356,6.71000005,4.692101947));
#587=CARTESIAN_POINT('',(3.352846356,6.809999999,4.692101946));
#588=B_SPLINE_SURFACE_WITH_KNOTS('',3,1,((#572,#573),(#574,#575),(#576,#577),(#578,#579),(#580,#581),(#582,#583),(#584,#585),(#586,#587)),.UNSPECIFIED.,.F.,.F.,.U.,(4,1,1,1,1,4),(2,2),(0.001286003,0.126137356,0.250988709,0.500691415,0.750394121,1.000096828),(0.,0.999999498),.UNSPECIFIED.);
#589=ORIENTED_EDGE('',*,*,#374,.T.);
#590=CARTESIAN_POINT('',(3.352846356,6.71,4.692101947));
#591=VERTEX_POINT('',#590);
#592=CARTESIAN_POINT('',(3.352846356,6.71,4.692101947));
#593=DIRECTION('',(-0.,1.,-0.000000005));
#594=VECTOR('',#593,0.1);
#595=LINE('',#592,#594);
#596=EDGE_CURVE('',#591,#352,#595,.T.);
#597=ORIENTED_EDGE('',*,*,#596,.F.);
#598=CARTESIAN_POINT('',(6.994918012,6.71,9.198293569));
#599=CARTESIAN_POINT('',(6.668587439,6.71,9.178216466));
#600=CARTESIAN_POINT('',(6.0246224,6.71,9.080352099));
#601=CARTESIAN_POINT('',(5.052644243,6.71,8.680015782));
#602=CARTESIAN_POINT('',(4.210625757,6.71,7.852168289));
#603=CARTESIAN_POINT('',(3.633000674,6.71,6.433700796));
#604=CARTESIAN_POINT('',(3.431854103,6.71,5.2772934));
#605=CARTESIAN_POINT('',(3.352846356,6.71,4.692101947));
#606=B_SPLINE_CURVE_WITH_KNOTS('',3,(#598,#599,#600,#601,#602,#603,#604,#605),.UNSPECIFIED.,.F.,.F.,(4,1,1,1,1,4),(0.001286003,0.126137356,0.250988709,0.500691415,0.750394121,1.000096828),.UNSPECIFIED.);
#607=EDGE_CURVE('',#543,#591,#606,.T.);
#608=ORIENTED_EDGE('',*,*,#607,.F.);
#609=ORIENTED_EDGE('',*,*,#548,.T.);
#610=EDGE_LOOP('',(#589,#597,#608,#609));
#611=FACE_BOUND('',#610,.T.);
#612=ADVANCED_FACE('',(#611),#588,.F.);
#613=CARTESIAN_POINT('',(3.352846356,6.71000005,4.692101947));
#614=CARTESIAN_POINT('',(3.352846356,6.81,4.692101946));
#615=CARTESIAN_POINT('',(3.259439318,6.71000005,3.97552424));
#616=CARTESIAN_POINT('',(3.259439318,6.81,3.97552424));
#617=CARTESIAN_POINT('',(3.103957852,6.71000005,2.891010471));
#618=CARTESIAN_POINT('',(3.103957852,6.81,2.891010471));
#619=CARTESIAN_POINT('',(3.007487876,6.710000049,2.142537084));
#620=CARTESIAN_POINT('',(3.007487876,6.81,2.142537084));
#621=CARTESIAN_POINT('',(3.009333538,6.71000005,1.810428371));
#622=CARTESIAN_POINT('',(3.009333538,6.81,1.810428372));
#623=CARTESIAN_POINT('',(3.028250861,6.71000005,1.66398305));
#624=CARTESIAN_POINT('',(3.028250861,6.81,1.66398305));
#625=CARTESIAN_POINT('',(3.106862357,6.710000049,1.485572195));
#626=CARTESIAN_POINT('',(3.106862357,6.81,1.485572194));
#627=CARTESIAN_POINT('',(3.173985997,6.71000005,1.410433647));
#628=CARTESIAN_POINT('',(3.173985997,6.809999999,1.410433646));
#629=CARTESIAN_POINT('',(3.214925571,6.71000005,1.3592348));
#630=CARTESIAN_POINT('',(3.214925571,6.81,1.359234799));
#631=B_SPLINE_SURFACE_WITH_KNOTS('',3,1,((#613,#614),(#615,#616),(#617,#618),(#619,#620),(#621,#622),(#623,#624),(#625,#626),(#627,#628),(#629,#630)),.UNSPECIFIED.,.F.,.F.,.U.,(4,1,1,1,1,1,4),(2,2),(0.000184718,0.249070759,0.497956801,0.622399822,0.746842843,0.871285864,0.995728885),(0.,0.999999504),.UNSPECIFIED.);
#632=ORIENTED_EDGE('',*,*,#363,.T.);
#633=CARTESIAN_POINT('',(3.214925571,6.710000025,1.3592348));
#634=VERTEX_POINT('',#633);
#635=CARTESIAN_POINT('',(3.21492557,6.710000025,1.3592348));
#636=DIRECTION('',(-0.,1.,0.));
#637=VECTOR('',#636,0.1);
#638=LINE('',#635,#637);
#639=EDGE_CURVE('',#634,#343,#638,.T.);
#640=ORIENTED_EDGE('',*,*,#639,.F.);
#641=CARTESIAN_POINT('',(3.352846356,6.71,4.692101947));
#642=CARTESIAN_POINT('',(3.259439318,6.71,3.97552424));
#643=CARTESIAN_POINT('',(3.103957852,6.71,2.891010471));
#644=CARTESIAN_POINT('',(3.007487876,6.71,2.142537084));
#645=CARTESIAN_POINT('',(3.009333538,6.71,1.810428371));
#646=CARTESIAN_POINT('',(3.028250861,6.71,1.66398305));
#647=CARTESIAN_POINT('',(3.106862357,6.71,1.485572195));
#648=CARTESIAN_POINT('',(3.173985997,6.71,1.410433647));
#649=CARTESIAN_POINT('',(3.214925571,6.71,1.3592348));
#650=B_SPLINE_CURVE_WITH_KNOTS('',3,(#641,#642,#643,#644,#645,#646,#647,#648,#649),.UNSPECIFIED.,.F.,.F.,(4,1,1,1,1,1,4),(0.000184718,0.249070759,0.497956801,0.622399822,0.746842843,0.871285864,0.995728885),.UNSPECIFIED.);
#651=EDGE_CURVE('',#591,#634,#650,.T.);
#652=ORIENTED_EDGE('',*,*,#651,.F.);
#653=ORIENTED_EDGE('',*,*,#596,.T.);
#654=EDGE_LOOP('',(#632,#640,#652,#653));
#655=FACE_BOUND('',#654,.T.);
#656=ADVANCED_FACE('',(#655),#631,.F.);
#657=CARTESIAN_POINT('',(3.790651738,6.710000049,1.944526754));
#658=DIRECTION('',(-0.,1.,0.));
#659=DIRECTION('',(0.000000001,0.,1.));
#660=AXIS2_PLACEMENT_3D('',#657,#658,#659);
#661=CYLINDRICAL_SURFACE('',#660,0.820991652);
#662=ORIENTED_EDGE('',*,*,#349,.T.);
#663=CARTESIAN_POINT('',(3.828087118,6.710000025,1.124389031));
#664=VERTEX_POINT('',#663);
#665=CARTESIAN_POINT('',(3.828087119,6.710000025,1.12438903));
#666=DIRECTION('',(-0.000000042,1.,0.));
#667=VECTOR('',#666,0.100000025);
#668=LINE('',#665,#667);
#669=EDGE_CURVE('',#664,#335,#668,.T.);
#670=ORIENTED_EDGE('',*,*,#669,.F.);
#671=CARTESIAN_POINT('',(3.790651738,6.710000049,1.944526754));
#672=DIRECTION('',(0.,-1.,-0.));
#673=DIRECTION('',(0.000000001,0.,1.));
#674=AXIS2_PLACEMENT_3D('',#671,#672,#673);
#675=CIRCLE('',#674,0.820991652);
#676=EDGE_CURVE('',#634,#664,#675,.T.);
#677=ORIENTED_EDGE('',*,*,#676,.F.);
#678=ORIENTED_EDGE('',*,*,#639,.T.);
#679=EDGE_LOOP('',(#662,#670,#677,#678));
#680=FACE_BOUND('',#679,.T.);
#681=ADVANCED_FACE('',(#680),#661,.T.);
#682=CARTESIAN_POINT('',(6.640641676,6.71000005,1.12438903));
#683=DIRECTION('',(0.,-0.,1.));
#684=DIRECTION('',(0.000000042,-1.,-0.));
#685=AXIS2_PLACEMENT_3D('',#682,#683,#684);
#686=PLANE('',#685);
#687=ORIENTED_EDGE('',*,*,#340,.T.);
#688=CARTESIAN_POINT('',(9.453196232,6.710000025,1.12438903));
#689=VERTEX_POINT('',#688);
#690=CARTESIAN_POINT('',(9.453196233,6.710000025,1.124389029));
#691=DIRECTION('',(-0.,1.,0.));
#692=VECTOR('',#691,0.100000143);
#693=LINE('',#690,#692);
#694=EDGE_CURVE('',#689,#326,#693,.T.);
#695=ORIENTED_EDGE('',*,*,#694,.F.);
#696=CARTESIAN_POINT('',(3.828087118,6.71,1.124389031));
#697=DIRECTION('',(1.,0.,-0.));
#698=VECTOR('',#697,5.625109115);
#699=LINE('',#696,#698);
#700=EDGE_CURVE('',#664,#689,#699,.T.);
#701=ORIENTED_EDGE('',*,*,#700,.F.);
#702=ORIENTED_EDGE('',*,*,#669,.T.);
#703=EDGE_LOOP('',(#687,#695,#701,#702));
#704=FACE_BOUND('',#703,.T.);
#705=ADVANCED_FACE('',(#704),#686,.F.);
#706=CARTESIAN_POINT('',(9.453196232,6.71000005,1.894389029));
#707=DIRECTION('',(-0.,1.,0.));
#708=DIRECTION('',(0.000000001,0.,1.));
#709=AXIS2_PLACEMENT_3D('',#706,#707,#708);
#710=CYLINDRICAL_SURFACE('',#709,0.77);
#711=ORIENTED_EDGE('',*,*,#332,.T.);
#712=CARTESIAN_POINT('',(10.222378933,6.710000025,1.85892111));
#713=VERTEX_POINT('',#712);
#714=CARTESIAN_POINT('',(10.222378933,6.710000025,1.85892111));
#715=DIRECTION('',(-0.,1.,0.));
#716=VECTOR('',#715,0.1);
#717=LINE('',#714,#716);
#718=EDGE_CURVE('',#713,#317,#717,.T.);
#719=ORIENTED_EDGE('',*,*,#718,.F.);
#720=CARTESIAN_POINT('',(9.453196232,6.71000005,1.894389029));
#721=DIRECTION('',(0.,-1.,-0.));
#722=DIRECTION('',(0.000000001,0.,1.));
#723=AXIS2_PLACEMENT_3D('',#720,#721,#722);
#724=CIRCLE('',#723,0.77);
#725=EDGE_CURVE('',#689,#713,#724,.T.);
#726=ORIENTED_EDGE('',*,*,#725,.F.);
#727=ORIENTED_EDGE('',*,*,#694,.T.);
#728=EDGE_LOOP('',(#711,#719,#726,#727));
#729=FACE_BOUND('',#728,.T.);
#730=ADVANCED_FACE('',(#729),#710,.T.);
#731=CARTESIAN_POINT('',(9.108468443,6.71000005,6.757427774));
#732=CARTESIAN_POINT('',(9.108468443,6.810000049,6.757427774));
#733=CARTESIAN_POINT('',(9.012995336,6.71000005,7.193393888));
#734=CARTESIAN_POINT('',(9.012995336,6.810000049,7.193393887));
#735=CARTESIAN_POINT('',(8.781593533,6.71000005,7.890345933));
#736=CARTESIAN_POINT('',(8.781593533,6.810000049,7.890345933));
#737=CARTESIAN_POINT('',(8.355357211,6.71000005,8.468887229));
#738=CARTESIAN_POINT('',(8.355357211,6.81000005,8.468887229));
#739=CARTESIAN_POINT('',(7.836081854,6.71000005,8.776183636));
#740=CARTESIAN_POINT('',(7.836081854,6.81000005,8.776183635));
#741=CARTESIAN_POINT('',(7.30911161,6.71000005,8.876065524));
#742=CARTESIAN_POINT('',(7.30911161,6.81000005,8.876065524));
#743=CARTESIAN_POINT('',(6.993872557,6.71000005,8.897662007));
#744=CARTESIAN_POINT('',(6.993872557,6.81000005,8.897662008));
#745=B_SPLINE_SURFACE_WITH_KNOTS('',3,1,((#731,#732),(#733,#734),(#735,#736),(#737,#738),(#739,#740),(#741,#742),(#743,#744)),.UNSPECIFIED.,.F.,.F.,.U.,(4,1,1,1,4),(2,2),(0.,0.248071063,0.496142126,0.744213188,0.992284251),(0.,0.999999991),.UNSPECIFIED.);
#746=CARTESIAN_POINT('',(9.108468443,6.81,6.757427774));
#747=VERTEX_POINT('',#746);
#748=CARTESIAN_POINT('',(6.993874484,6.81,8.897661876));
#749=VERTEX_POINT('',#748);
#750=CARTESIAN_POINT('',(9.108468443,6.81,6.757427774));
#751=CARTESIAN_POINT('',(9.012995336,6.81,7.193393887));
#752=CARTESIAN_POINT('',(8.781593533,6.81,7.890345933));
#753=CARTESIAN_POINT('',(8.355357211,6.81,8.468887229));
#754=CARTESIAN_POINT('',(7.836081854,6.81,8.776183635));
#755=CARTESIAN_POINT('',(7.30911161,6.81,8.876065524));
#756=CARTESIAN_POINT('',(6.993872557,6.81,8.897662008));
#757=B_SPLINE_CURVE_WITH_KNOTS('',3,(#750,#751,#752,#753,#754,#755,#756),.UNSPECIFIED.,.F.,.F.,(4,1,1,1,4),(0.,0.248071063,0.496142126,0.744213188,0.992284251),.UNSPECIFIED.);
#758=EDGE_CURVE('',#747,#749,#757,.T.);
#759=ORIENTED_EDGE('',*,*,#758,.F.);
#760=CARTESIAN_POINT('',(9.108468443,6.71,6.757427774));
#761=VERTEX_POINT('',#760);
#762=CARTESIAN_POINT('',(9.108468443,6.71,6.757427774));
#763=DIRECTION('',(-0.,1.,0.000000005));
#764=VECTOR('',#763,0.1);
#765=LINE('',#762,#764);
#766=EDGE_CURVE('',#761,#747,#765,.T.);
#767=ORIENTED_EDGE('',*,*,#766,.F.);
#768=CARTESIAN_POINT('',(6.99387063,6.71,8.897661889));
#769=VERTEX_POINT('',#768);
#770=CARTESIAN_POINT('',(9.108468443,6.71,6.757427774));
#771=CARTESIAN_POINT('',(9.012995336,6.71,7.193393888));
#772=CARTESIAN_POINT('',(8.781593533,6.71,7.890345933));
#773=CARTESIAN_POINT('',(8.355357211,6.71,8.468887229));
#774=CARTESIAN_POINT('',(7.836081854,6.71,8.776183636));
#775=CARTESIAN_POINT('',(7.30911161,6.71,8.876065524));
#776=CARTESIAN_POINT('',(6.993872557,6.71,8.897662007));
#777=B_SPLINE_CURVE_WITH_KNOTS('',3,(#770,#771,#772,#773,#774,#775,#776),.UNSPECIFIED.,.F.,.F.,(4,1,1,1,4),(0.,0.248071063,0.496142126,0.744213188,0.992284251),.UNSPECIFIED.);
#778=EDGE_CURVE('',#761,#769,#777,.T.);
#779=ORIENTED_EDGE('',*,*,#778,.T.);
#780=CARTESIAN_POINT('',(6.993872557,6.71,8.897662007));
#781=DIRECTION('',(-0.,1.,0.000000005));
#782=VECTOR('',#781,0.1);
#783=LINE('',#780,#782);
#784=EDGE_CURVE('',#769,#749,#783,.T.);
#785=ORIENTED_EDGE('',*,*,#784,.T.);
#786=EDGE_LOOP('',(#759,#767,#779,#785));
#787=FACE_BOUND('',#786,.T.);
#788=ADVANCED_FACE('',(#787),#745,.T.);
#789=CARTESIAN_POINT('',(9.921433869,6.710000049,1.853725588));
#790=CARTESIAN_POINT('',(9.921433869,6.810000049,1.853725588));
#791=CARTESIAN_POINT('',(9.728057324,6.71000005,3.812838713));
#792=CARTESIAN_POINT('',(9.728057324,6.81000005,3.812838712));
#793=CARTESIAN_POINT('',(9.585185623,6.71000005,4.56809543));
#794=CARTESIAN_POINT('',(9.585185623,6.810000049,4.568095431));
#795=CARTESIAN_POINT('',(9.108468443,6.71000005,6.757427774));
#796=CARTESIAN_POINT('',(9.108468443,6.81000005,6.757427774));
#797=B_SPLINE_SURFACE_WITH_KNOTS('',3,1,((#789,#790),(#791,#792),(#793,#794),(#795,#796)),.UNSPECIFIED.,.F.,.F.,.U.,(4,4),(2,2),(0.006345473,0.999912215),(0.,0.999999995),.UNSPECIFIED.);
#798=CARTESIAN_POINT('',(9.921433869,6.810000025,1.853725588));
#799=VERTEX_POINT('',#798);
#800=CARTESIAN_POINT('',(9.921433869,6.81,1.853725588));
#801=CARTESIAN_POINT('',(9.728057324,6.81,3.812838712));
#802=CARTESIAN_POINT('',(9.585185623,6.81,4.568095431));
#803=CARTESIAN_POINT('',(9.108468443,6.81,6.757427774));
#804=B_SPLINE_CURVE_WITH_KNOTS('',3,(#800,#801,#802,#803),.UNSPECIFIED.,.F.,.F.,(4,4),(0.006345473,0.999912215),.UNSPECIFIED.);
#805=EDGE_CURVE('',#799,#747,#804,.T.);
#806=ORIENTED_EDGE('',*,*,#805,.F.);
#807=CARTESIAN_POINT('',(9.921433869,6.710000025,1.853725588));
#808=VERTEX_POINT('',#807);
#809=CARTESIAN_POINT('',(9.921433869,6.710000025,1.853725588));
#810=DIRECTION('',(-0.,1.,0.));
#811=VECTOR('',#810,0.1);
#812=LINE('',#809,#811);
#813=EDGE_CURVE('',#808,#799,#812,.T.);
#814=ORIENTED_EDGE('',*,*,#813,.F.);
#815=CARTESIAN_POINT('',(9.921433869,6.71,1.853725588));
#816=CARTESIAN_POINT('',(9.728057324,6.71,3.812838713));
#817=CARTESIAN_POINT('',(9.585185623,6.71,4.56809543));
#818=CARTESIAN_POINT('',(9.108468443,6.71,6.757427774));
#819=B_SPLINE_CURVE_WITH_KNOTS('',3,(#815,#816,#817,#818),.UNSPECIFIED.,.F.,.F.,(4,4),(0.006345473,0.999912215),.UNSPECIFIED.);
#820=EDGE_CURVE('',#808,#761,#819,.T.);
#821=ORIENTED_EDGE('',*,*,#820,.T.);
#822=ORIENTED_EDGE('',*,*,#766,.T.);
#823=EDGE_LOOP('',(#806,#814,#821,#822));
#824=FACE_BOUND('',#823,.T.);
#825=ADVANCED_FACE('',(#824),#797,.T.);
#826=CARTESIAN_POINT('',(9.453196232,6.71000005,1.894389029));
#827=DIRECTION('',(-0.,1.,0.));
#828=DIRECTION('',(0.000000001,0.,1.));
#829=AXIS2_PLACEMENT_3D('',#826,#827,#828);
#830=CYLINDRICAL_SURFACE('',#829,0.47);
#831=CARTESIAN_POINT('',(9.453196231,6.810000025,1.424389031));
#832=VERTEX_POINT('',#831);
#833=CARTESIAN_POINT('',(9.453196232,6.81000005,1.894389029));
#834=DIRECTION('',(0.,-1.,-0.));
#835=DIRECTION('',(0.000000001,0.,1.));
#836=AXIS2_PLACEMENT_3D('',#833,#834,#835);
#837=CIRCLE('',#836,0.47);
#838=EDGE_CURVE('',#832,#799,#837,.T.);
#839=ORIENTED_EDGE('',*,*,#838,.F.);
#840=CARTESIAN_POINT('',(9.453196233,6.710000168,1.42438903));
#841=VERTEX_POINT('',#840);
#842=CARTESIAN_POINT('',(9.453196233,6.710000168,1.42438903));
#843=DIRECTION('',(-0.000000042,1.,0.));
#844=VECTOR('',#843,0.099999857);
#845=LINE('',#842,#844);
#846=EDGE_CURVE('',#841,#832,#845,.T.);
#847=ORIENTED_EDGE('',*,*,#846,.F.);
#848=CARTESIAN_POINT('',(9.453196232,6.710000049,1.894389029));
#849=DIRECTION('',(0.,-1.,-0.));
#850=DIRECTION('',(0.000000001,0.,1.));
#851=AXIS2_PLACEMENT_3D('',#848,#849,#850);
#852=CIRCLE('',#851,0.47);
#853=EDGE_CURVE('',#841,#808,#852,.T.);
#854=ORIENTED_EDGE('',*,*,#853,.T.);
#855=ORIENTED_EDGE('',*,*,#813,.T.);
#856=EDGE_LOOP('',(#839,#847,#854,#855));
#857=FACE_BOUND('',#856,.T.);
#858=ADVANCED_FACE('',(#857),#830,.F.);
#859=CARTESIAN_POINT('',(6.63683246,6.710000049,1.42438903));
#860=DIRECTION('',(0.,-0.,1.));
#861=DIRECTION('',(0.000000042,-1.,-0.));
#862=AXIS2_PLACEMENT_3D('',#859,#860,#861);
#863=PLANE('',#862);
#864=CARTESIAN_POINT('',(3.820468688,6.810000025,1.424389031));
#865=VERTEX_POINT('',#864);
#866=CARTESIAN_POINT('',(3.820468688,6.81,1.424389031));
#867=DIRECTION('',(1.,0.,-0.));
#868=VECTOR('',#867,5.632727543);
#869=LINE('',#866,#868);
#870=EDGE_CURVE('',#865,#832,#869,.T.);
#871=ORIENTED_EDGE('',*,*,#870,.F.);
#872=CARTESIAN_POINT('',(3.820468687,6.710000049,1.424389031));
#873=VERTEX_POINT('',#872);
#874=CARTESIAN_POINT('',(3.820468687,6.710000049,1.424389031));
#875=DIRECTION('',(-0.,1.,0.));
#876=VECTOR('',#875,0.099999975);
#877=LINE('',#874,#876);
#878=EDGE_CURVE('',#873,#865,#877,.T.);
#879=ORIENTED_EDGE('',*,*,#878,.F.);
#880=CARTESIAN_POINT('',(3.820468687,6.710000049,1.42438903));
#881=DIRECTION('',(1.,0.000000042,0.));
#882=VECTOR('',#881,5.632727546);
#883=LINE('',#880,#882);
#884=EDGE_CURVE('',#873,#841,#883,.T.);
#885=ORIENTED_EDGE('',*,*,#884,.T.);
#886=ORIENTED_EDGE('',*,*,#846,.T.);
#887=EDGE_LOOP('',(#871,#879,#885,#886));
#888=FACE_BOUND('',#887,.T.);
#889=ADVANCED_FACE('',(#888),#863,.T.);
#890=CARTESIAN_POINT('',(3.790651738,6.710000049,1.944526754));
#891=DIRECTION('',(-0.,1.,0.));
#892=DIRECTION('',(0.000000001,0.,1.));
#893=AXIS2_PLACEMENT_3D('',#890,#891,#892);
#894=CYLINDRICAL_SURFACE('',#893,0.520991652);
#895=CARTESIAN_POINT('',(3.436786427,6.810000025,1.562150444));
#896=VERTEX_POINT('',#895);
#897=CARTESIAN_POINT('',(3.790651738,6.81000005,1.944526754));
#898=DIRECTION('',(0.,-1.,-0.));
#899=DIRECTION('',(0.000000001,0.,1.));
#900=AXIS2_PLACEMENT_3D('',#897,#898,#899);
#901=CIRCLE('',#900,0.520991652);
#902=EDGE_CURVE('',#896,#865,#901,.T.);
#903=ORIENTED_EDGE('',*,*,#902,.F.);
#904=CARTESIAN_POINT('',(3.436786427,6.710000025,1.562150444));
#905=VERTEX_POINT('',#904);
#906=CARTESIAN_POINT('',(3.436786427,6.710000025,1.562150444));
#907=DIRECTION('',(-0.,1.,0.));
#908=VECTOR('',#907,0.1);
#909=LINE('',#906,#908);
#910=EDGE_CURVE('',#905,#896,#909,.T.);
#911=ORIENTED_EDGE('',*,*,#910,.F.);
#912=CARTESIAN_POINT('',(3.790651738,6.710000049,1.944526754));
#913=DIRECTION('',(0.,-1.,-0.));
#914=DIRECTION('',(0.000000001,0.,1.));
#915=AXIS2_PLACEMENT_3D('',#912,#913,#914);
#916=CIRCLE('',#915,0.520991652);
#917=EDGE_CURVE('',#905,#873,#916,.T.);
#918=ORIENTED_EDGE('',*,*,#917,.T.);
#919=ORIENTED_EDGE('',*,*,#878,.T.);
#920=EDGE_LOOP('',(#903,#911,#918,#919));
#921=FACE_BOUND('',#920,.T.);
#922=ADVANCED_FACE('',(#921),#894,.F.);
#923=CARTESIAN_POINT('',(3.650240861,6.710000049,4.652643353));
#924=CARTESIAN_POINT('',(3.650240861,6.810000049,4.652643352));
#925=CARTESIAN_POINT('',(3.558024158,6.710000049,3.945197376));
#926=CARTESIAN_POINT('',(3.558024158,6.810000049,3.945197376));
#927=CARTESIAN_POINT('',(3.402873126,6.710000049,2.866751656));
#928=CARTESIAN_POINT('',(3.402873126,6.810000049,2.866751656));
#929=CARTESIAN_POINT('',(3.290374323,6.71000005,1.972975937));
#930=CARTESIAN_POINT('',(3.290374323,6.810000048,1.972975938));
#931=CARTESIAN_POINT('',(3.325006489,6.71000005,1.707018813));
#932=CARTESIAN_POINT('',(3.325006489,6.810000048,1.707018813));
#933=CARTESIAN_POINT('',(3.355950709,6.710000049,1.663243229));
#934=CARTESIAN_POINT('',(3.355950709,6.810000049,1.663243229));
#935=CARTESIAN_POINT('',(3.436786427,6.71000005,1.562150443));
#936=CARTESIAN_POINT('',(3.436786427,6.810000048,1.562150444));
#937=B_SPLINE_SURFACE_WITH_KNOTS('',3,1,((#923,#924),(#925,#926),(#927,#928),(#929,#930),(#931,#932),(#933,#934),(#935,#936)),.UNSPECIFIED.,.F.,.F.,.U.,(4,1,1,1,4),(2,2),(0.000263581,0.245977936,0.491692291,0.737406645,0.983121),(0.,0.999999991),.UNSPECIFIED.);
#938=CARTESIAN_POINT('',(3.650240861,6.81,4.652643352));
#939=VERTEX_POINT('',#938);
#940=CARTESIAN_POINT('',(3.650240861,6.81,4.652643352));
#941=CARTESIAN_POINT('',(3.558024158,6.81,3.945197376));
#942=CARTESIAN_POINT('',(3.402873126,6.81,2.866751656));
#943=CARTESIAN_POINT('',(3.290374323,6.81,1.972975938));
#944=CARTESIAN_POINT('',(3.325006489,6.81,1.707018813));
#945=CARTESIAN_POINT('',(3.355950709,6.81,1.663243229));
#946=CARTESIAN_POINT('',(3.436786427,6.81,1.562150444));
#947=B_SPLINE_CURVE_WITH_KNOTS('',3,(#940,#941,#942,#943,#944,#945,#946),.UNSPECIFIED.,.F.,.F.,(4,1,1,1,4),(0.000263581,0.245977936,0.491692291,0.737406645,0.983121),.UNSPECIFIED.);
#948=EDGE_CURVE('',#939,#896,#947,.T.);
#949=ORIENTED_EDGE('',*,*,#948,.F.);
#950=CARTESIAN_POINT('',(3.650240861,6.71,4.652643353));
#951=VERTEX_POINT('',#950);
#952=CARTESIAN_POINT('',(3.650240861,6.71,4.652643353));
#953=DIRECTION('',(-0.,1.,-0.000000005));
#954=VECTOR('',#953,0.1);
#955=LINE('',#952,#954);
#956=EDGE_CURVE('',#951,#939,#955,.T.);
#957=ORIENTED_EDGE('',*,*,#956,.F.);
#958=CARTESIAN_POINT('',(3.650240861,6.71,4.652643353));
#959=CARTESIAN_POINT('',(3.558024158,6.71,3.945197376));
#960=CARTESIAN_POINT('',(3.402873126,6.71,2.866751656));
#961=CARTESIAN_POINT('',(3.290374323,6.71,1.972975937));
#962=CARTESIAN_POINT('',(3.325006489,6.71,1.707018813));
#963=CARTESIAN_POINT('',(3.355950709,6.71,1.663243229));
#964=CARTESIAN_POINT('',(3.436786427,6.71,1.562150443));
#965=B_SPLINE_CURVE_WITH_KNOTS('',3,(#958,#959,#960,#961,#962,#963,#964),.UNSPECIFIED.,.F.,.F.,(4,1,1,1,4),(0.000263581,0.245977936,0.491692291,0.737406645,0.983121),.UNSPECIFIED.);
#966=EDGE_CURVE('',#951,#905,#965,.T.);
#967=ORIENTED_EDGE('',*,*,#966,.T.);
#968=ORIENTED_EDGE('',*,*,#910,.T.);
#969=EDGE_LOOP('',(#949,#957,#967,#968));
#970=FACE_BOUND('',#969,.T.);
#971=ADVANCED_FACE('',(#970),#937,.T.);
#972=CARTESIAN_POINT('',(6.993872557,6.71,8.897662007));
#973=CARTESIAN_POINT('',(6.993872557,6.71000005,8.897662007));
#974=CARTESIAN_POINT('',(6.993872557,6.81,8.897662008));
#975=CARTESIAN_POINT('',(6.342896994,6.71,8.857611505));
#976=CARTESIAN_POINT('',(6.342896994,6.71000005,8.857611505));
#977=CARTESIAN_POINT('',(6.342896994,6.81,8.857611505));
#978=CARTESIAN_POINT('',(5.357539052,6.71,8.562685304));
#979=CARTESIAN_POINT('',(5.357539052,6.71000005,8.562685304));
#980=CARTESIAN_POINT('',(5.357539052,6.81,8.562685305));
#981=CARTESIAN_POINT('',(4.475730564,6.71,7.689406612));
#982=CARTESIAN_POINT('',(4.475730564,6.71000005,7.689406612));
#983=CARTESIAN_POINT('',(4.475730564,6.81,7.689406613));
#984=CARTESIAN_POINT('',(3.923439148,6.71,6.353075423));
#985=CARTESIAN_POINT('',(3.923439148,6.71000005,6.353075423));
#986=CARTESIAN_POINT('',(3.923439148,6.81,6.353075424));
#987=CARTESIAN_POINT('',(3.72904456,6.710000001,5.236323471));
#988=CARTESIAN_POINT('',(3.72904456,6.71000005,5.236323471));
#989=CARTESIAN_POINT('',(3.72904456,6.809999999,5.23632347));
#990=CARTESIAN_POINT('',(3.650240861,6.71,4.652643353));
#991=CARTESIAN_POINT('',(3.650240861,6.710000049,4.652643353));
#992=CARTESIAN_POINT('',(3.650240861,6.809999999,4.652643352));
#993=B_SPLINE_SURFACE_WITH_KNOTS('',3,1,((#972,#973,#974),(#975,#976,#977),(#978,#979,#980),(#981,#982,#983),(#984,#985,#986),(#987,#988,#989),(#990,#991,#992)),.UNSPECIFIED.,.F.,.F.,.U.,(4,1,1,1,4),(2,1,2),(0.003768738,0.252826553,0.501884369,0.750942184,1.),(-0.000000498,0.,0.999999493),.UNSPECIFIED.);
#994=CARTESIAN_POINT('',(6.993872557,6.81,8.897662008));
#995=CARTESIAN_POINT('',(6.342896994,6.81,8.857611505));
#996=CARTESIAN_POINT('',(5.357539052,6.81,8.562685305));
#997=CARTESIAN_POINT('',(4.475730564,6.81,7.689406613));
#998=CARTESIAN_POINT('',(3.923439148,6.81,6.353075424));
#999=CARTESIAN_POINT('',(3.72904456,6.81,5.23632347));
#1000=CARTESIAN_POINT('',(3.650240861,6.81,4.652643352));
#1001=B_SPLINE_CURVE_WITH_KNOTS('',3,(#994,#995,#996,#997,#998,#999,#1000),.UNSPECIFIED.,.F.,.F.,(4,1,1,1,4),(0.003768738,0.252826553,0.501884369,0.750942184,1.),.UNSPECIFIED.);
#1002=EDGE_CURVE('',#749,#939,#1001,.T.);
#1003=ORIENTED_EDGE('',*,*,#1002,.F.);
#1004=ORIENTED_EDGE('',*,*,#784,.F.);
#1005=CARTESIAN_POINT('',(6.993872557,6.71,8.897662007));
#1006=CARTESIAN_POINT('',(6.342896994,6.71,8.857611505));
#1007=CARTESIAN_POINT('',(5.357539052,6.71,8.562685304));
#1008=CARTESIAN_POINT('',(4.475730564,6.71,7.689406612));
#1009=CARTESIAN_POINT('',(3.923439148,6.71,6.353075423));
#1010=CARTESIAN_POINT('',(3.72904456,6.71,5.236323471));
#1011=CARTESIAN_POINT('',(3.650240861,6.71,4.652643353));
#1012=B_SPLINE_CURVE_WITH_KNOTS('',3,(#1005,#1006,#1007,#1008,#1009,#1010,#1011),.UNSPECIFIED.,.F.,.F.,(4,1,1,1,4),(0.003768738,0.252826553,0.501884369,0.750942184,1.),.UNSPECIFIED.);
#1013=EDGE_CURVE('',#769,#951,#1012,.T.);
#1014=ORIENTED_EDGE('',*,*,#1013,.T.);
#1015=ORIENTED_EDGE('',*,*,#956,.T.);
#1016=EDGE_LOOP('',(#1003,#1004,#1014,#1015));
#1017=FACE_BOUND('',#1016,.T.);
#1018=ADVANCED_FACE('',(#1017),#993,.T.);
#1019=CARTESIAN_POINT('',(10.222378933,6.71000005,1.85892111));
#1020=CARTESIAN_POINT('',(10.222378933,6.81000005,1.85892111));
#1021=CARTESIAN_POINT('',(10.028198618,6.71000005,3.826177291));
#1022=CARTESIAN_POINT('',(10.028198618,6.810000049,3.826177292));
#1023=CARTESIAN_POINT('',(9.880260469,6.71000005,4.622997876));
#1024=CARTESIAN_POINT('',(9.880260469,6.810000049,4.622997876));
#1025=CARTESIAN_POINT('',(9.401561813,6.71000005,6.821430183));
#1026=CARTESIAN_POINT('',(9.401561813,6.81000005,6.821430183));
#1027=B_SPLINE_SURFACE_WITH_KNOTS('',3,1,((#1019,#1020),(#1021,#1022),(#1023,#1024),(#1025,#1026)),.UNSPECIFIED.,.F.,.F.,.U.,(4,4),(2,2),(0.002242091,0.999938596),(0.,0.999999995),.UNSPECIFIED.);
#1028=ORIENTED_EDGE('',*,*,#323,.T.);
#1029=ORIENTED_EDGE('',*,*,#567,.F.);
#1030=CARTESIAN_POINT('',(10.222378933,6.71,1.85892111));
#1031=CARTESIAN_POINT('',(10.028198618,6.71,3.826177291));
#1032=CARTESIAN_POINT('',(9.880260469,6.71,4.622997876));
#1033=CARTESIAN_POINT('',(9.401561813,6.71,6.821430183));
#1034=B_SPLINE_CURVE_WITH_KNOTS('',3,(#1030,#1031,#1032,#1033),.UNSPECIFIED.,.F.,.F.,(4,4),(0.002242091,0.999938596),.UNSPECIFIED.);
#1035=EDGE_CURVE('',#713,#551,#1034,.T.);
#1036=ORIENTED_EDGE('',*,*,#1035,.F.);
#1037=ORIENTED_EDGE('',*,*,#718,.T.);
#1038=EDGE_LOOP('',(#1028,#1029,#1036,#1037));
#1039=FACE_BOUND('',#1038,.T.);
#1040=ADVANCED_FACE('',(#1039),#1027,.F.);
#1041=CARTESIAN_POINT('',(-120.503106423,6.71,-434.864451954));
#1042=DIRECTION('',(0.,-1.,0.));
#1043=DIRECTION('',(1.,0.,-0.));
#1044=AXIS2_PLACEMENT_3D('',#1041,#1042,#1043);
#1045=PLANE('',#1044);
#1046=ORIENTED_EDGE('',*,*,#778,.F.);
#1047=ORIENTED_EDGE('',*,*,#820,.F.);
#1048=ORIENTED_EDGE('',*,*,#853,.F.);
#1049=ORIENTED_EDGE('',*,*,#884,.F.);
#1050=ORIENTED_EDGE('',*,*,#917,.F.);
#1051=ORIENTED_EDGE('',*,*,#966,.F.);
#1052=ORIENTED_EDGE('',*,*,#1013,.F.);
#1053=EDGE_LOOP('',(#1046,#1047,#1048,#1049,#1050,#1051,#1052));
#1054=FACE_BOUND('',#1053,.T.);
#1055=ORIENTED_EDGE('',*,*,#561,.T.);
#1056=ORIENTED_EDGE('',*,*,#607,.T.);
#1057=ORIENTED_EDGE('',*,*,#651,.T.);
#1058=ORIENTED_EDGE('',*,*,#676,.T.);
#1059=ORIENTED_EDGE('',*,*,#700,.T.);
#1060=ORIENTED_EDGE('',*,*,#725,.T.);
#1061=ORIENTED_EDGE('',*,*,#1035,.T.);
#1062=EDGE_LOOP('',(#1055,#1056,#1057,#1058,#1059,#1060,#1061));
#1063=FACE_BOUND('',#1062,.T.);
#1064=ADVANCED_FACE('',(#1054,#1063),#1045,.T.);
#1065=CARTESIAN_POINT('',(-120.503106361,6.81,-434.835610935));
#1066=DIRECTION('',(0.,-1.,0.));
#1067=DIRECTION('',(1.,0.,-0.));
#1068=AXIS2_PLACEMENT_3D('',#1065,#1066,#1067);
#1069=PLANE('',#1068);
#1070=CARTESIAN_POINT('',(6.664721299,6.81,3.131058447));
#1071=VERTEX_POINT('',#1070);
#1072=CARTESIAN_POINT('',(8.664721301,6.81,5.131058447));
#1073=VERTEX_POINT('',#1072);
#1074=CARTESIAN_POINT('',(6.664721301,6.81,5.131058447));
#1075=DIRECTION('',(0.,-1.,0.));
#1076=DIRECTION('',(1.,0.,-0.));
#1077=AXIS2_PLACEMENT_3D('',#1074,#1075,#1076);
#1078=CIRCLE('',#1077,2.);
#1079=EDGE_CURVE('',#1071,#1073,#1078,.T.);
#1080=ORIENTED_EDGE('',*,*,#1079,.F.);
#1081=CARTESIAN_POINT('',(6.664721301,6.81,5.131058447));
#1082=DIRECTION('',(0.,-1.,0.));
#1083=DIRECTION('',(1.,0.,-0.));
#1084=AXIS2_PLACEMENT_3D('',#1081,#1082,#1083);
#1085=CIRCLE('',#1084,2.);
#1086=EDGE_CURVE('',#1073,#1071,#1085,.T.);
#1087=ORIENTED_EDGE('',*,*,#1086,.F.);
#1088=EDGE_LOOP('',(#1080,#1087));
#1089=FACE_BOUND('',#1088,.T.);
#1090=ORIENTED_EDGE('',*,*,#805,.T.);
#1091=ORIENTED_EDGE('',*,*,#758,.T.);
#1092=ORIENTED_EDGE('',*,*,#1002,.T.);
#1093=ORIENTED_EDGE('',*,*,#948,.T.);
#1094=ORIENTED_EDGE('',*,*,#902,.T.);
#1095=ORIENTED_EDGE('',*,*,#870,.T.);
#1096=ORIENTED_EDGE('',*,*,#838,.T.);
#1097=EDGE_LOOP('',(#1090,#1091,#1092,#1093,#1094,#1095,#1096));
#1098=FACE_BOUND('',#1097,.T.);
#1099=ADVANCED_FACE('',(#1089,#1098),#1069,.T.);
#1100=CARTESIAN_POINT('',(6.664721301,7.19,5.131058447));
#1101=DIRECTION('',(0.,-1.,-0.));
#1102=DIRECTION('',(-0.000000001,0.,-1.));
#1103=AXIS2_PLACEMENT_3D('',#1100,#1101,#1102);
#1104=CYLINDRICAL_SURFACE('',#1103,2.);
#1105=CARTESIAN_POINT('',(6.664721299,6.91,3.131058447));
#1106=VERTEX_POINT('',#1105);
#1107=CARTESIAN_POINT('',(6.664721299,6.81,3.131058447));
#1108=DIRECTION('',(-0.,1.,0.));
#1109=VECTOR('',#1108,0.1);
#1110=LINE('',#1107,#1109);
#1111=EDGE_CURVE('',#1071,#1106,#1110,.T.);
#1112=ORIENTED_EDGE('',*,*,#1111,.F.);
#1113=ORIENTED_EDGE('',*,*,#1079,.T.);
#1114=ORIENTED_EDGE('',*,*,#1086,.T.);
#1115=ORIENTED_EDGE('',*,*,#1111,.T.);
#1116=CARTESIAN_POINT('',(6.664721301,6.91,5.131058447));
#1117=DIRECTION('',(-0.,1.,-0.));
#1118=DIRECTION('',(-0.000000001,-0.,-1.));
#1119=AXIS2_PLACEMENT_3D('',#1116,#1117,#1118);
#1120=CIRCLE('',#1119,2.);
#1121=EDGE_CURVE('',#1106,#1106,#1120,.T.);
#1122=ORIENTED_EDGE('',*,*,#1121,.T.);
#1123=EDGE_LOOP('',(#1112,#1113,#1114,#1115,#1122));
#1124=FACE_BOUND('',#1123,.T.);
#1125=ADVANCED_FACE('',(#1124),#1104,.F.);
#1126=CARTESIAN_POINT('',(5.097577348,7.11,1.170119891));
#1127=DIRECTION('',(0.,-1.,0.));
#1128=DIRECTION('',(1.,0.,-0.));
#1129=AXIS2_PLACEMENT_3D('',#1126,#1127,#1128);
#1130=PLANE('',#1129);
#1131=CARTESIAN_POINT('',(6.664721299,7.11,3.604132749));
#1132=VERTEX_POINT('',#1131);
#1133=CARTESIAN_POINT('',(6.664721301,7.11,5.131058447));
#1134=DIRECTION('',(-0.,1.,-0.));
#1135=DIRECTION('',(-0.000000001,-0.,-1.));
#1136=AXIS2_PLACEMENT_3D('',#1133,#1134,#1135);
#1137=CIRCLE('',#1136,1.526925698);
#1138=EDGE_CURVE('',#1132,#1132,#1137,.T.);
#1139=ORIENTED_EDGE('',*,*,#1138,.T.);
#1140=EDGE_LOOP('',(#1139));
#1141=FACE_BOUND('',#1140,.T.);
#1142=CARTESIAN_POINT('',(6.664721299,7.11,3.331058447));
#1143=VERTEX_POINT('',#1142);
#1144=CARTESIAN_POINT('',(6.664721301,7.11,5.131058447));
#1145=DIRECTION('',(0.,-1.,0.));
#1146=DIRECTION('',(-0.000000001,-0.,-1.));
#1147=AXIS2_PLACEMENT_3D('',#1144,#1145,#1146);
#1148=CIRCLE('',#1147,1.8);
#1149=EDGE_CURVE('',#1143,#1143,#1148,.T.);
#1150=ORIENTED_EDGE('',*,*,#1149,.T.);
#1151=EDGE_LOOP('',(#1150));
#1152=FACE_BOUND('',#1151,.T.);
#1153=ADVANCED_FACE('',(#1141,#1152),#1130,.T.);
#1154=CARTESIAN_POINT('',(-120.503106361,6.81,-434.835610935));
#1155=DIRECTION('',(0.,-1.,0.));
#1156=DIRECTION('',(1.,0.,-0.));
#1157=AXIS2_PLACEMENT_3D('',#1154,#1155,#1156);
#1158=PLANE('',#1157);
#1159=CARTESIAN_POINT('',(6.664721301,6.81,5.405983872));
#1160=VERTEX_POINT('',#1159);
#1161=CARTESIAN_POINT('',(6.6647213,6.81,4.856133023));
#1162=VERTEX_POINT('',#1161);
#1163=CARTESIAN_POINT('',(6.664721301,6.81,5.131058447));
#1164=DIRECTION('',(0.,-1.,-0.));
#1165=DIRECTION('',(0.000000001,0.,1.));
#1166=AXIS2_PLACEMENT_3D('',#1163,#1164,#1165);
#1167=CIRCLE('',#1166,0.274925424);
#1168=EDGE_CURVE('',#1160,#1162,#1167,.T.);
#1169=ORIENTED_EDGE('',*,*,#1168,.T.);
#1170=CARTESIAN_POINT('',(6.664721301,6.81,5.131058447));
#1171=DIRECTION('',(0.,-1.,-0.));
#1172=DIRECTION('',(0.000000001,0.,1.));
#1173=AXIS2_PLACEMENT_3D('',#1170,#1171,#1172);
#1174=CIRCLE('',#1173,0.274925424);
#1175=EDGE_CURVE('',#1162,#1160,#1174,.T.);
#1176=ORIENTED_EDGE('',*,*,#1175,.T.);
#1177=EDGE_LOOP('',(#1169,#1176));
#1178=FACE_BOUND('',#1177,.T.);
#1179=ADVANCED_FACE('',(#1178),#1158,.T.);
#1180=CARTESIAN_POINT('',(5.097577348,7.01,1.170119891));
#1181=DIRECTION('',(0.,-1.,0.));
#1182=DIRECTION('',(1.,0.,-0.));
#1183=AXIS2_PLACEMENT_3D('',#1180,#1181,#1182);
#1184=PLANE('',#1183);
#1185=CARTESIAN_POINT('',(6.6647213,7.01,4.646371253));
#1186=VERTEX_POINT('',#1185);
#1187=CARTESIAN_POINT('',(6.664721301,7.01,5.131058447));
#1188=DIRECTION('',(-0.,1.,-0.));
#1189=DIRECTION('',(-0.000000001,-0.,-1.));
#1190=AXIS2_PLACEMENT_3D('',#1187,#1188,#1189);
#1191=CIRCLE('',#1190,0.484687194);
#1192=EDGE_CURVE('',#1186,#1186,#1191,.T.);
#1193=ORIENTED_EDGE('',*,*,#1192,.T.);
#1194=EDGE_LOOP('',(#1193));
#1195=FACE_BOUND('',#1194,.T.);
#1196=CARTESIAN_POINT('',(6.664721299,7.01,3.71367726));
#1197=VERTEX_POINT('',#1196);
#1198=CARTESIAN_POINT('',(6.664721301,7.01,5.131058447));
#1199=DIRECTION('',(-0.,1.,-0.));
#1200=DIRECTION('',(-0.000000001,-0.,-1.));
#1201=AXIS2_PLACEMENT_3D('',#1198,#1199,#1200);
#1202=CIRCLE('',#1201,1.417381187);
#1203=EDGE_CURVE('',#1197,#1197,#1202,.T.);
#1204=ORIENTED_EDGE('',*,*,#1203,.F.);
#1205=EDGE_LOOP('',(#1204));
#1206=FACE_BOUND('',#1205,.T.);
#1207=ADVANCED_FACE('',(#1195,#1206),#1184,.T.);
#1208=CARTESIAN_POINT('',(6.664721301,6.8,5.131058447));
#1209=DIRECTION('',(0.,-1.,0.));
#1210=DIRECTION('',(-0.000000001,-0.,-1.));
#1211=AXIS2_PLACEMENT_3D('',#1208,#1209,#1210);
#1212=TOROIDAL_SURFACE('',#1211,0.484687194,0.21);
#1213=CARTESIAN_POINT('',(6.6647213,6.8,4.646371253));
#1214=DIRECTION('',(1.,0.,-0.000000001));
#1215=DIRECTION('',(-0.000000001,-0.,-1.));
#1216=AXIS2_PLACEMENT_3D('',#1213,#1214,#1215);
#1217=CIRCLE('',#1216,0.21);
#1218=EDGE_CURVE('',#1186,#1162,#1217,.T.);
#1219=ORIENTED_EDGE('',*,*,#1218,.F.);
#1220=ORIENTED_EDGE('',*,*,#1192,.F.);
#1221=ORIENTED_EDGE('',*,*,#1218,.T.);
#1222=ORIENTED_EDGE('',*,*,#1168,.F.);
#1223=ORIENTED_EDGE('',*,*,#1175,.F.);
#1224=EDGE_LOOP('',(#1219,#1220,#1221,#1222,#1223));
#1225=FACE_BOUND('',#1224,.T.);
#1226=ADVANCED_FACE('',(#1225),#1212,.F.);
#1227=CARTESIAN_POINT('',(6.664721301,6.91,5.131058447));
#1228=DIRECTION('',(0.,-1.,0.));
#1229=DIRECTION('',(-0.000000001,-0.,-1.));
#1230=AXIS2_PLACEMENT_3D('',#1227,#1228,#1229);
#1231=TOROIDAL_SURFACE('',#1230,1.8,0.2);
#1232=CARTESIAN_POINT('',(6.664721299,6.91,3.331058447));
#1233=DIRECTION('',(1.,0.,-0.000000001));
#1234=DIRECTION('',(-0.000000001,-0.,-1.));
#1235=AXIS2_PLACEMENT_3D('',#1232,#1233,#1234);
#1236=CIRCLE('',#1235,0.2);
#1237=EDGE_CURVE('',#1106,#1143,#1236,.T.);
#1238=ORIENTED_EDGE('',*,*,#1237,.F.);
#1239=ORIENTED_EDGE('',*,*,#1121,.F.);
#1240=ORIENTED_EDGE('',*,*,#1237,.T.);
#1241=ORIENTED_EDGE('',*,*,#1149,.F.);
#1242=EDGE_LOOP('',(#1238,#1239,#1240,#1241));
#1243=FACE_BOUND('',#1242,.T.);
#1244=ADVANCED_FACE('',(#1243),#1231,.F.);
#1245=CARTESIAN_POINT('',(6.664721301,7.,5.131058447));
#1246=DIRECTION('',(0.,-1.,0.));
#1247=DIRECTION('',(-0.000000001,-0.,-1.));
#1248=AXIS2_PLACEMENT_3D('',#1245,#1246,#1247);
#1249=TOROIDAL_SURFACE('',#1248,1.526925698,0.11);
#1250=CARTESIAN_POINT('',(6.664721299,7.,3.604132749));
#1251=DIRECTION('',(1.,0.,-0.000000001));
#1252=DIRECTION('',(-0.000000001,-0.,-1.));
#1253=AXIS2_PLACEMENT_3D('',#1250,#1251,#1252);
#1254=CIRCLE('',#1253,0.11);
#1255=EDGE_CURVE('',#1132,#1197,#1254,.T.);
#1256=ORIENTED_EDGE('',*,*,#1255,.F.);
#1257=ORIENTED_EDGE('',*,*,#1138,.F.);
#1258=ORIENTED_EDGE('',*,*,#1255,.T.);
#1259=ORIENTED_EDGE('',*,*,#1203,.T.);
#1260=EDGE_LOOP('',(#1256,#1257,#1258,#1259));
#1261=FACE_BOUND('',#1260,.T.);
#1262=ADVANCED_FACE('',(#1261),#1249,.F.);
#1263=CARTESIAN_POINT('',(5.097577348,7.29,1.170119891));
#1264=DIRECTION('',(-0.,1.,0.));
#1265=DIRECTION('',(-1.,-0.,0.));
#1266=AXIS2_PLACEMENT_3D('',#1263,#1264,#1265);
#1267=PLANE('',#1266);
#1268=CARTESIAN_POINT('',(6.596893761,7.29,6.68438903));
#1269=VERTEX_POINT('',#1268);
#1270=CARTESIAN_POINT('',(6.596893758,7.29,3.24438903));
#1271=VERTEX_POINT('',#1270);
#1272=CARTESIAN_POINT('',(6.596893759,7.29,4.96438903));
#1273=DIRECTION('',(0.,-1.,-0.));
#1274=DIRECTION('',(0.000000001,0.,1.));
#1275=AXIS2_PLACEMENT_3D('',#1272,#1273,#1274);
#1276=CIRCLE('',#1275,1.72);
#1277=EDGE_CURVE('',#1269,#1271,#1276,.T.);
#1278=ORIENTED_EDGE('',*,*,#1277,.T.);
#1279=CARTESIAN_POINT('',(6.596893759,7.29,4.96438903));
#1280=DIRECTION('',(0.,-1.,-0.));
#1281=DIRECTION('',(0.000000001,0.,1.));
#1282=AXIS2_PLACEMENT_3D('',#1279,#1280,#1281);
#1283=CIRCLE('',#1282,1.72);
#1284=EDGE_CURVE('',#1271,#1269,#1283,.T.);
#1285=ORIENTED_EDGE('',*,*,#1284,.T.);
#1286=EDGE_LOOP('',(#1278,#1285));
#1287=FACE_BOUND('',#1286,.T.);
#1288=CARTESIAN_POINT('',(6.596893761,7.29,6.94438903));
#1289=VERTEX_POINT('',#1288);
#1290=CARTESIAN_POINT('',(6.596893759,7.29,4.96438903));
#1291=DIRECTION('',(-0.,1.,0.));
#1292=DIRECTION('',(0.000000001,0.,1.));
#1293=AXIS2_PLACEMENT_3D('',#1290,#1291,#1292);
#1294=CIRCLE('',#1293,1.98);
#1295=EDGE_CURVE('',#1289,#1289,#1294,.T.);
#1296=ORIENTED_EDGE('',*,*,#1295,.T.);
#1297=EDGE_LOOP('',(#1296));
#1298=FACE_BOUND('',#1297,.T.);
#1299=ADVANCED_FACE('',(#1287,#1298),#1267,.T.);
#1300=CARTESIAN_POINT('',(-120.503106361,7.63,-434.835610934));
#1301=DIRECTION('',(-0.,1.,0.));
#1302=DIRECTION('',(-1.,-0.,0.));
#1303=AXIS2_PLACEMENT_3D('',#1300,#1301,#1302);
#1304=PLANE('',#1303);
#1305=CARTESIAN_POINT('',(6.476893759,7.63000005,5.014389031));
#1306=VERTEX_POINT('',#1305);
#1307=CARTESIAN_POINT('',(6.54689376,7.630000025,5.08438903));
#1308=VERTEX_POINT('',#1307);
#1309=CARTESIAN_POINT('',(6.47689376,7.63000005,5.08438903));
#1310=DIRECTION('',(0.,-1.,-0.));
#1311=DIRECTION('',(0.000000001,0.,1.));
#1312=AXIS2_PLACEMENT_3D('',#1309,#1310,#1311);
#1313=CIRCLE('',#1312,0.07);
#1314=EDGE_CURVE('',#1306,#1308,#1313,.T.);
#1315=ORIENTED_EDGE('',*,*,#1314,.T.);
#1316=CARTESIAN_POINT('',(6.54689376,7.630000025,6.41438903));
#1317=VERTEX_POINT('',#1316);
#1318=CARTESIAN_POINT('',(6.54689376,7.63,5.08438903));
#1319=DIRECTION('',(0.,0.,1.));
#1320=VECTOR('',#1319,1.33);
#1321=LINE('',#1318,#1320);
#1322=EDGE_CURVE('',#1308,#1317,#1321,.T.);
#1323=ORIENTED_EDGE('',*,*,#1322,.T.);
#1324=CARTESIAN_POINT('',(6.646893759,7.630000006,6.41438903));
#1325=VERTEX_POINT('',#1324);
#1326=CARTESIAN_POINT('',(6.54689376,7.63,6.41438903));
#1327=DIRECTION('',(1.,0.,-0.));
#1328=VECTOR('',#1327,0.099999999);
#1329=LINE('',#1326,#1328);
#1330=EDGE_CURVE('',#1317,#1325,#1329,.T.);
#1331=ORIENTED_EDGE('',*,*,#1330,.T.);
#1332=CARTESIAN_POINT('',(6.64689376,7.630000025,5.08438903));
#1333=VERTEX_POINT('',#1332);
#1334=CARTESIAN_POINT('',(6.64689376,7.63,6.41438903));
#1335=DIRECTION('',(-0.,-0.,-1.));
#1336=VECTOR('',#1335,1.330000001);
#1337=LINE('',#1334,#1336);
#1338=EDGE_CURVE('',#1325,#1333,#1337,.T.);
#1339=ORIENTED_EDGE('',*,*,#1338,.T.);
#1340=CARTESIAN_POINT('',(6.716893759,7.63000005,5.01438903));
#1341=VERTEX_POINT('',#1340);
#1342=CARTESIAN_POINT('',(6.71689376,7.63000005,5.08438903));
#1343=DIRECTION('',(0.,-1.,-0.));
#1344=DIRECTION('',(0.000000001,0.,1.));
#1345=AXIS2_PLACEMENT_3D('',#1342,#1343,#1344);
#1346=CIRCLE('',#1345,0.07);
#1347=EDGE_CURVE('',#1333,#1341,#1346,.T.);
#1348=ORIENTED_EDGE('',*,*,#1347,.T.);
#1349=CARTESIAN_POINT('',(8.046893759,7.630000026,5.014389048));
#1350=VERTEX_POINT('',#1349);
#1351=CARTESIAN_POINT('',(6.716893759,7.63,5.01438903));
#1352=DIRECTION('',(1.,0.,-0.));
#1353=VECTOR('',#1352,1.33);
#1354=LINE('',#1351,#1353);
#1355=EDGE_CURVE('',#1341,#1350,#1354,.T.);
#1356=ORIENTED_EDGE('',*,*,#1355,.T.);
#1357=CARTESIAN_POINT('',(8.046893699,7.630000025,4.914389029));
#1358=VERTEX_POINT('',#1357);
#1359=CARTESIAN_POINT('',(8.046893759,7.63,5.014389048));
#1360=DIRECTION('',(-0.,-0.,-1.));
#1361=VECTOR('',#1360,0.100000018);
#1362=LINE('',#1359,#1361);
#1363=EDGE_CURVE('',#1350,#1358,#1362,.T.);
#1364=ORIENTED_EDGE('',*,*,#1363,.T.);
#1365=CARTESIAN_POINT('',(6.716893759,7.630000026,4.914389047));
#1366=VERTEX_POINT('',#1365);
#1367=CARTESIAN_POINT('',(8.046893699,7.63,4.91438903));
#1368=DIRECTION('',(-1.,-0.,0.));
#1369=VECTOR('',#1368,1.32999994);
#1370=LINE('',#1367,#1369);
#1371=EDGE_CURVE('',#1358,#1366,#1370,.T.);
#1372=ORIENTED_EDGE('',*,*,#1371,.T.);
#1373=CARTESIAN_POINT('',(6.646893759,7.63000005,4.84438903));
#1374=VERTEX_POINT('',#1373);
#1375=CARTESIAN_POINT('',(6.716893759,7.63000005,4.84438903));
#1376=DIRECTION('',(0.,-1.,-0.));
#1377=DIRECTION('',(0.000000001,0.,1.));
#1378=AXIS2_PLACEMENT_3D('',#1375,#1376,#1377);
#1379=CIRCLE('',#1378,0.07);
#1380=EDGE_CURVE('',#1366,#1374,#1379,.T.);
#1381=ORIENTED_EDGE('',*,*,#1380,.T.);
#1382=CARTESIAN_POINT('',(6.646893759,7.630000025,3.51438903));
#1383=VERTEX_POINT('',#1382);
#1384=CARTESIAN_POINT('',(6.646893759,7.63,4.84438903));
#1385=DIRECTION('',(-0.,-0.,-1.));
#1386=VECTOR('',#1385,1.33);
#1387=LINE('',#1384,#1386);
#1388=EDGE_CURVE('',#1374,#1383,#1387,.T.);
#1389=ORIENTED_EDGE('',*,*,#1388,.T.);
#1390=CARTESIAN_POINT('',(6.546893759,7.630000025,3.51438903));
#1391=VERTEX_POINT('',#1390);
#1392=CARTESIAN_POINT('',(6.646893759,7.63,3.51438903));
#1393=DIRECTION('',(-1.,-0.,0.));
#1394=VECTOR('',#1393,0.1);
#1395=LINE('',#1392,#1394);
#1396=EDGE_CURVE('',#1383,#1391,#1395,.T.);
#1397=ORIENTED_EDGE('',*,*,#1396,.T.);
#1398=CARTESIAN_POINT('',(6.546893759,7.63000005,4.84438903));
#1399=VERTEX_POINT('',#1398);
#1400=CARTESIAN_POINT('',(6.546893759,7.63,3.51438903));
#1401=DIRECTION('',(0.,0.,1.));
#1402=VECTOR('',#1401,1.33);
#1403=LINE('',#1400,#1402);
#1404=EDGE_CURVE('',#1391,#1399,#1403,.T.);
#1405=ORIENTED_EDGE('',*,*,#1404,.T.);
#1406=CARTESIAN_POINT('',(6.476893759,7.630000026,4.91438903));
#1407=VERTEX_POINT('',#1406);
#1408=CARTESIAN_POINT('',(6.476893759,7.63000005,4.84438903));
#1409=DIRECTION('',(0.,-1.,-0.));
#1410=DIRECTION('',(0.000000001,0.,1.));
#1411=AXIS2_PLACEMENT_3D('',#1408,#1409,#1410);
#1412=CIRCLE('',#1411,0.07);
#1413=EDGE_CURVE('',#1399,#1407,#1412,.T.);
#1414=ORIENTED_EDGE('',*,*,#1413,.T.);
#1415=CARTESIAN_POINT('',(5.146893699,7.630000025,4.91438903));
#1416=VERTEX_POINT('',#1415);
#1417=CARTESIAN_POINT('',(6.476893759,7.63,4.91438903));
#1418=DIRECTION('',(-1.,-0.,0.));
#1419=VECTOR('',#1418,1.33000006);
#1420=LINE('',#1417,#1419);
#1421=EDGE_CURVE('',#1407,#1416,#1420,.T.);
#1422=ORIENTED_EDGE('',*,*,#1421,.T.);
#1423=CARTESIAN_POINT('',(5.146893759,7.630000026,5.014389048));
#1424=VERTEX_POINT('',#1423);
#1425=CARTESIAN_POINT('',(5.146893759,7.63,4.91438903));
#1426=DIRECTION('',(0.,0.,1.));
#1427=VECTOR('',#1426,0.100000018);
#1428=LINE('',#1425,#1427);
#1429=EDGE_CURVE('',#1416,#1424,#1428,.T.);
#1430=ORIENTED_EDGE('',*,*,#1429,.T.);
#1431=CARTESIAN_POINT('',(5.146893759,7.63,5.014389031));
#1432=DIRECTION('',(1.,0.,-0.));
#1433=VECTOR('',#1432,1.33);
#1434=LINE('',#1431,#1433);
#1435=EDGE_CURVE('',#1424,#1306,#1434,.T.);
#1436=ORIENTED_EDGE('',*,*,#1435,.T.);
#1437=EDGE_LOOP('',(#1315,#1323,#1331,#1339,#1348,#1356,#1364,#1372,#1381,#1389,#1397,#1405,#1414,#1422,#1430,#1436));
#1438=FACE_BOUND('',#1437,.T.);
#1439=ADVANCED_FACE('',(#1438),#1304,.T.);
#1440=CARTESIAN_POINT('',(6.54689376,7.58000005,6.414389031));
#1441=DIRECTION('',(-0.,1.,0.));
#1442=DIRECTION('',(0.000000001,0.,1.));
#1443=AXIS2_PLACEMENT_3D('',#1440,#1441,#1442);
#1444=SPHERICAL_SURFACE('',#1443,0.05);
#1445=CARTESIAN_POINT('',(6.54689382,7.58000005,6.46438914));
#1446=VERTEX_POINT('',#1445);
#1447=CARTESIAN_POINT('',(6.49689376,7.58000005,6.41438903));
#1448=VERTEX_POINT('',#1447);
#1449=CARTESIAN_POINT('',(6.54689376,7.58000005,6.41438903));
#1450=DIRECTION('',(0.,-1.,0.));
#1451=DIRECTION('',(-0.000000001,-0.,-1.));
#1452=AXIS2_PLACEMENT_3D('',#1449,#1450,#1451);
#1453=CIRCLE('',#1452,0.05);
#1454=EDGE_CURVE('',#1446,#1448,#1453,.T.);
#1455=ORIENTED_EDGE('',*,*,#1454,.F.);
#1456=CARTESIAN_POINT('',(6.54689376,7.58000005,6.414389031));
#1457=DIRECTION('',(-1.,-0.,0.000000001));
#1458=DIRECTION('',(0.,0.017388675,0.999848806));
#1459=AXIS2_PLACEMENT_3D('',#1456,#1457,#1458);
#1460=CIRCLE('',#1459,0.05);
#1461=EDGE_CURVE('',#1446,#1317,#1460,.T.);
#1462=ORIENTED_EDGE('',*,*,#1461,.T.);
#1463=CARTESIAN_POINT('',(6.54689376,7.58000005,6.414389031));
#1464=DIRECTION('',(0.,0.,-1.));
#1465=DIRECTION('',(-0.,1.,0.));
#1466=AXIS2_PLACEMENT_3D('',#1463,#1464,#1465);
#1467=CIRCLE('',#1466,0.05);
#1468=EDGE_CURVE('',#1448,#1317,#1467,.T.);
#1469=ORIENTED_EDGE('',*,*,#1468,.F.);
#1470=EDGE_LOOP('',(#1455,#1462,#1469));
#1471=FACE_BOUND('',#1470,.T.);
#1472=ADVANCED_FACE('',(#1471),#1444,.T.);
#1473=CARTESIAN_POINT('',(6.59689376,7.58000005,6.41438903));
#1474=DIRECTION('',(-1.,-0.,0.));
#1475=DIRECTION('',(0.,-0.999815137,0.019227347));
#1476=AXIS2_PLACEMENT_3D('',#1473,#1474,#1475);
#1477=CYLINDRICAL_SURFACE('',#1476,0.05);
#1478=CARTESIAN_POINT('',(6.646893758,7.58000005,6.46438903));
#1479=VERTEX_POINT('',#1478);
#1480=CARTESIAN_POINT('',(6.64689376,7.58000005,6.41438903));
#1481=DIRECTION('',(-1.,-0.,0.));
#1482=DIRECTION('',(-0.,0.017388675,0.999848806));
#1483=AXIS2_PLACEMENT_3D('',#1480,#1481,#1482);
#1484=CIRCLE('',#1483,0.05);
#1485=EDGE_CURVE('',#1479,#1325,#1484,.T.);
#1486=ORIENTED_EDGE('',*,*,#1485,.T.);
#1487=ORIENTED_EDGE('',*,*,#1330,.F.);
#1488=ORIENTED_EDGE('',*,*,#1461,.F.);
#1489=CARTESIAN_POINT('',(6.646893758,7.58000005,6.46438903));
#1490=DIRECTION('',(-1.,-0.000000042,-0.));
#1491=VECTOR('',#1490,0.099999938);
#1492=LINE('',#1489,#1491);
#1493=EDGE_CURVE('',#1479,#1446,#1492,.T.);
#1494=ORIENTED_EDGE('',*,*,#1493,.F.);
#1495=EDGE_LOOP('',(#1486,#1487,#1488,#1494));
#1496=FACE_BOUND('',#1495,.T.);
#1497=ADVANCED_FACE('',(#1496),#1477,.T.);
#1498=CARTESIAN_POINT('',(6.64689376,7.58000005,6.41438903));
#1499=DIRECTION('',(-0.,1.,0.));
#1500=DIRECTION('',(0.000000001,0.,1.));
#1501=AXIS2_PLACEMENT_3D('',#1498,#1499,#1500);
#1502=SPHERICAL_SURFACE('',#1501,0.05);
#1503=CARTESIAN_POINT('',(6.69689376,7.58000005,6.41438903));
#1504=VERTEX_POINT('',#1503);
#1505=CARTESIAN_POINT('',(6.64689376,7.58000005,6.41438903));
#1506=DIRECTION('',(0.,-1.,0.));
#1507=DIRECTION('',(-0.000000001,-0.,-1.));
#1508=AXIS2_PLACEMENT_3D('',#1505,#1506,#1507);
#1509=CIRCLE('',#1508,0.05);
#1510=EDGE_CURVE('',#1504,#1479,#1509,.T.);
#1511=ORIENTED_EDGE('',*,*,#1510,.F.);
#1512=CARTESIAN_POINT('',(6.64689376,7.58000005,6.41438903));
#1513=DIRECTION('',(0.,0.,1.));
#1514=DIRECTION('',(0.,-1.,-0.));
#1515=AXIS2_PLACEMENT_3D('',#1512,#1513,#1514);
#1516=CIRCLE('',#1515,0.05);
#1517=EDGE_CURVE('',#1504,#1325,#1516,.T.);
#1518=ORIENTED_EDGE('',*,*,#1517,.T.);
#1519=ORIENTED_EDGE('',*,*,#1485,.F.);
#1520=EDGE_LOOP('',(#1511,#1518,#1519));
#1521=FACE_BOUND('',#1520,.T.);
#1522=ADVANCED_FACE('',(#1521),#1502,.T.);
#1523=CARTESIAN_POINT('',(6.64689376,7.58000005,5.76438903));
#1524=DIRECTION('',(0.,-0.,1.));
#1525=DIRECTION('',(0.000000042,-1.,-0.));
#1526=AXIS2_PLACEMENT_3D('',#1523,#1524,#1525);
#1527=CYLINDRICAL_SURFACE('',#1526,0.05);
#1528=CARTESIAN_POINT('',(6.69689376,7.58000005,5.08438903));
#1529=VERTEX_POINT('',#1528);
#1530=CARTESIAN_POINT('',(6.64689376,7.58000005,5.08438903));
#1531=DIRECTION('',(0.,-0.,1.));
#1532=DIRECTION('',(0.,-1.,-0.));
#1533=AXIS2_PLACEMENT_3D('',#1530,#1531,#1532);
#1534=CIRCLE('',#1533,0.05);
#1535=EDGE_CURVE('',#1529,#1333,#1534,.T.);
#1536=ORIENTED_EDGE('',*,*,#1535,.T.);
#1537=ORIENTED_EDGE('',*,*,#1338,.F.);
#1538=ORIENTED_EDGE('',*,*,#1517,.F.);
#1539=CARTESIAN_POINT('',(6.69689376,7.58000005,5.08438903));
#1540=DIRECTION('',(0.,-0.,1.));
#1541=VECTOR('',#1540,1.33);
#1542=LINE('',#1539,#1541);
#1543=EDGE_CURVE('',#1529,#1504,#1542,.T.);
#1544=ORIENTED_EDGE('',*,*,#1543,.F.);
#1545=EDGE_LOOP('',(#1536,#1537,#1538,#1544));
#1546=FACE_BOUND('',#1545,.T.);
#1547=ADVANCED_FACE('',(#1546),#1527,.T.);
#1548=CARTESIAN_POINT('',(6.71689376,7.58000005,5.08438903));
#1549=DIRECTION('',(-0.,1.,0.));
#1550=DIRECTION('',(0.000000001,0.,1.));
#1551=AXIS2_PLACEMENT_3D('',#1548,#1549,#1550);
#1552=TOROIDAL_SURFACE('',#1551,0.07,0.05);
#1553=CARTESIAN_POINT('',(6.716893735,7.58000005,5.064390643));
#1554=VERTEX_POINT('',#1553);
#1555=CARTESIAN_POINT('',(6.716893759,7.58000005,5.01438903));
#1556=DIRECTION('',(-1.,-0.,0.000000002));
#1557=DIRECTION('',(-0.000000002,-0.017388675,-0.999848806));
#1558=AXIS2_PLACEMENT_3D('',#1555,#1556,#1557);
#1559=CIRCLE('',#1558,0.05);
#1560=EDGE_CURVE('',#1554,#1341,#1559,.T.);
#1561=ORIENTED_EDGE('',*,*,#1560,.T.);
#1562=ORIENTED_EDGE('',*,*,#1347,.F.);
#1563=ORIENTED_EDGE('',*,*,#1535,.F.);
#1564=CARTESIAN_POINT('',(6.71689376,7.58000005,5.08438903));
#1565=DIRECTION('',(-0.,1.,-0.));
#1566=DIRECTION('',(-0.000000001,-0.,-1.));
#1567=AXIS2_PLACEMENT_3D('',#1564,#1565,#1566);
#1568=CIRCLE('',#1567,0.02);
#1569=EDGE_CURVE('',#1554,#1529,#1568,.T.);
#1570=ORIENTED_EDGE('',*,*,#1569,.F.);
#1571=EDGE_LOOP('',(#1561,#1562,#1563,#1570));
#1572=FACE_BOUND('',#1571,.T.);
#1573=ADVANCED_FACE('',(#1572),#1552,.T.);
#1574=CARTESIAN_POINT('',(-120.503106241,7.58000005,5.014389065));
#1575=DIRECTION('',(-1.,-0.,0.));
#1576=DIRECTION('',(0.,-0.999815137,0.019227347));
#1577=AXIS2_PLACEMENT_3D('',#1574,#1575,#1576);
#1578=CYLINDRICAL_SURFACE('',#1577,0.05);
#1579=CARTESIAN_POINT('',(8.04689376,7.58000005,5.064389039));
#1580=VERTEX_POINT('',#1579);
#1581=CARTESIAN_POINT('',(8.046893759,7.580000052,5.014389065));
#1582=DIRECTION('',(-1.,-0.,0.));
#1583=DIRECTION('',(-0.,0.017388675,0.999848806));
#1584=AXIS2_PLACEMENT_3D('',#1581,#1582,#1583);
#1585=CIRCLE('',#1584,0.05);
#1586=EDGE_CURVE('',#1580,#1350,#1585,.T.);
#1587=ORIENTED_EDGE('',*,*,#1586,.T.);
#1588=ORIENTED_EDGE('',*,*,#1355,.F.);
#1589=ORIENTED_EDGE('',*,*,#1560,.F.);
#1590=CARTESIAN_POINT('',(8.04689376,7.580000049,5.06438903));
#1591=DIRECTION('',(-1.,-0.000000042,-0.));
#1592=VECTOR('',#1591,1.330000024);
#1593=LINE('',#1590,#1592);
#1594=EDGE_CURVE('',#1580,#1554,#1593,.T.);
#1595=ORIENTED_EDGE('',*,*,#1594,.F.);
#1596=EDGE_LOOP('',(#1587,#1588,#1589,#1595));
#1597=FACE_BOUND('',#1596,.T.);
#1598=ADVANCED_FACE('',(#1597),#1578,.T.);
#1599=CARTESIAN_POINT('',(8.046893759,7.58000005,5.01438903));
#1600=DIRECTION('',(-0.,1.,0.));
#1601=DIRECTION('',(0.000000001,0.,1.));
#1602=AXIS2_PLACEMENT_3D('',#1599,#1600,#1601);
#1603=SPHERICAL_SURFACE('',#1602,0.05);
#1604=CARTESIAN_POINT('',(8.096893759,7.58000005,5.01438903));
#1605=VERTEX_POINT('',#1604);
#1606=CARTESIAN_POINT('',(8.046893759,7.58000005,5.01438903));
#1607=DIRECTION('',(0.,-1.,0.));
#1608=DIRECTION('',(-0.000000001,-0.,-1.));
#1609=AXIS2_PLACEMENT_3D('',#1606,#1607,#1608);
#1610=CIRCLE('',#1609,0.05);
#1611=EDGE_CURVE('',#1605,#1580,#1610,.T.);
#1612=ORIENTED_EDGE('',*,*,#1611,.F.);
#1613=CARTESIAN_POINT('',(8.046893759,7.58000005,5.01438903));
#1614=DIRECTION('',(0.000000001,0.,1.));
#1615=DIRECTION('',(0.,-1.,-0.));
#1616=AXIS2_PLACEMENT_3D('',#1613,#1614,#1615);
#1617=CIRCLE('',#1616,0.05);
#1618=EDGE_CURVE('',#1605,#1350,#1617,.T.);
#1619=ORIENTED_EDGE('',*,*,#1618,.T.);
#1620=ORIENTED_EDGE('',*,*,#1586,.F.);
#1621=EDGE_LOOP('',(#1612,#1619,#1620));
#1622=FACE_BOUND('',#1621,.T.);
#1623=ADVANCED_FACE('',(#1622),#1603,.T.);
#1624=CARTESIAN_POINT('',(8.046893639,7.58,-434.83561097));
#1625=DIRECTION('',(0.,-0.,1.));
#1626=DIRECTION('',(0.000000042,-1.,-0.));
#1627=AXIS2_PLACEMENT_3D('',#1624,#1625,#1626);
#1628=CYLINDRICAL_SURFACE('',#1627,0.05);
#1629=CARTESIAN_POINT('',(8.096893729,7.580000025,4.914389029));
#1630=VERTEX_POINT('',#1629);
#1631=CARTESIAN_POINT('',(8.046893639,7.58,4.914389029));
#1632=DIRECTION('',(0.,-0.,1.));
#1633=DIRECTION('',(0.,-1.,-0.));
#1634=AXIS2_PLACEMENT_3D('',#1631,#1632,#1633);
#1635=CIRCLE('',#1634,0.05);
#1636=EDGE_CURVE('',#1630,#1358,#1635,.T.);
#1637=ORIENTED_EDGE('',*,*,#1636,.T.);
#1638=ORIENTED_EDGE('',*,*,#1363,.F.);
#1639=ORIENTED_EDGE('',*,*,#1618,.F.);
#1640=CARTESIAN_POINT('',(8.096893759,7.58000005,4.914389029));
#1641=DIRECTION('',(0.,-0.000000005,1.));
#1642=VECTOR('',#1641,0.100000001);
#1643=LINE('',#1640,#1642);
#1644=EDGE_CURVE('',#1630,#1605,#1643,.T.);
#1645=ORIENTED_EDGE('',*,*,#1644,.F.);
#1646=EDGE_LOOP('',(#1637,#1638,#1639,#1645));
#1647=FACE_BOUND('',#1646,.T.);
#1648=ADVANCED_FACE('',(#1647),#1628,.T.);
#1649=CARTESIAN_POINT('',(8.046893759,7.58000005,4.914389029));
#1650=DIRECTION('',(-0.,1.,0.));
#1651=DIRECTION('',(0.000000001,0.,1.));
#1652=AXIS2_PLACEMENT_3D('',#1649,#1650,#1651);
#1653=SPHERICAL_SURFACE('',#1652,0.05);
#1654=CARTESIAN_POINT('',(8.046893699,7.580000078,4.864387435));
#1655=VERTEX_POINT('',#1654);
#1656=CARTESIAN_POINT('',(8.046893759,7.58000005,4.91438903));
#1657=DIRECTION('',(0.,-1.,0.));
#1658=DIRECTION('',(-0.000000001,-0.,-1.));
#1659=AXIS2_PLACEMENT_3D('',#1656,#1657,#1658);
#1660=CIRCLE('',#1659,0.05);
#1661=EDGE_CURVE('',#1655,#1630,#1660,.T.);
#1662=ORIENTED_EDGE('',*,*,#1661,.F.);
#1663=CARTESIAN_POINT('',(8.046893759,7.58000005,4.914389029));
#1664=DIRECTION('',(1.,0.,-0.000000001));
#1665=DIRECTION('',(-0.,-0.017388675,-0.999848806));
#1666=AXIS2_PLACEMENT_3D('',#1663,#1664,#1665);
#1667=CIRCLE('',#1666,0.05);
#1668=EDGE_CURVE('',#1655,#1358,#1667,.T.);
#1669=ORIENTED_EDGE('',*,*,#1668,.T.);
#1670=ORIENTED_EDGE('',*,*,#1636,.F.);
#1671=EDGE_LOOP('',(#1662,#1669,#1670));
#1672=FACE_BOUND('',#1671,.T.);
#1673=ADVANCED_FACE('',(#1672),#1653,.T.);
#1674=CARTESIAN_POINT('',(-120.503106241,7.58000005,4.914389065));
#1675=DIRECTION('',(1.,0.,-0.));
#1676=DIRECTION('',(-0.,0.999815137,-0.019227347));
#1677=AXIS2_PLACEMENT_3D('',#1674,#1675,#1676);
#1678=CYLINDRICAL_SURFACE('',#1677,0.05);
#1679=CARTESIAN_POINT('',(6.716893758,7.580000049,4.864389047));
#1680=VERTEX_POINT('',#1679);
#1681=CARTESIAN_POINT('',(6.716893759,7.580000052,4.914389065));
#1682=DIRECTION('',(1.,0.,-0.));
#1683=DIRECTION('',(0.,-0.017388675,-0.999848806));
#1684=AXIS2_PLACEMENT_3D('',#1681,#1682,#1683);
#1685=CIRCLE('',#1684,0.05);
#1686=EDGE_CURVE('',#1680,#1366,#1685,.T.);
#1687=ORIENTED_EDGE('',*,*,#1686,.T.);
#1688=ORIENTED_EDGE('',*,*,#1371,.F.);
#1689=ORIENTED_EDGE('',*,*,#1668,.F.);
#1690=CARTESIAN_POINT('',(6.716893758,7.580000049,4.86438903));
#1691=DIRECTION('',(1.,0.000000042,0.));
#1692=VECTOR('',#1691,1.329999941);
#1693=LINE('',#1690,#1692);
#1694=EDGE_CURVE('',#1680,#1655,#1693,.T.);
#1695=ORIENTED_EDGE('',*,*,#1694,.F.);
#1696=EDGE_LOOP('',(#1687,#1688,#1689,#1695));
#1697=FACE_BOUND('',#1696,.T.);
#1698=ADVANCED_FACE('',(#1697),#1678,.T.);
#1699=CARTESIAN_POINT('',(6.716893759,7.58000005,4.84438903));
#1700=DIRECTION('',(-0.,1.,0.));
#1701=DIRECTION('',(0.000000001,0.,1.));
#1702=AXIS2_PLACEMENT_3D('',#1699,#1700,#1701);
#1703=TOROIDAL_SURFACE('',#1702,0.07,0.05);
#1704=CARTESIAN_POINT('',(6.696893759,7.58000005,4.84438903));
#1705=VERTEX_POINT('',#1704);
#1706=CARTESIAN_POINT('',(6.646893759,7.58000005,4.84438903));
#1707=DIRECTION('',(0.000000002,-0.,1.));
#1708=DIRECTION('',(-0.,1.,0.));
#1709=AXIS2_PLACEMENT_3D('',#1706,#1707,#1708);
#1710=CIRCLE('',#1709,0.05);
#1711=EDGE_CURVE('',#1705,#1374,#1710,.T.);
#1712=ORIENTED_EDGE('',*,*,#1711,.T.);
#1713=ORIENTED_EDGE('',*,*,#1380,.F.);
#1714=ORIENTED_EDGE('',*,*,#1686,.F.);
#1715=CARTESIAN_POINT('',(6.716893759,7.58000005,4.84438903));
#1716=DIRECTION('',(-0.,1.,-0.));
#1717=DIRECTION('',(-0.000000001,-0.,-1.));
#1718=AXIS2_PLACEMENT_3D('',#1715,#1716,#1717);
#1719=CIRCLE('',#1718,0.02);
#1720=EDGE_CURVE('',#1705,#1680,#1719,.T.);
#1721=ORIENTED_EDGE('',*,*,#1720,.F.);
#1722=EDGE_LOOP('',(#1712,#1713,#1714,#1721));
#1723=FACE_BOUND('',#1722,.T.);
#1724=ADVANCED_FACE('',(#1723),#1703,.T.);
#1725=CARTESIAN_POINT('',(6.64689376,7.58000005,4.16438903));
#1726=DIRECTION('',(0.,-0.,1.));
#1727=DIRECTION('',(0.000000042,-1.,-0.));
#1728=AXIS2_PLACEMENT_3D('',#1725,#1726,#1727);
#1729=CYLINDRICAL_SURFACE('',#1728,0.05);
#1730=CARTESIAN_POINT('',(6.696893759,7.58000005,3.51438903));
#1731=VERTEX_POINT('',#1730);
#1732=CARTESIAN_POINT('',(6.646893759,7.58000005,3.514389031));
#1733=DIRECTION('',(-0.,-0.,-1.));
#1734=DIRECTION('',(0.,-1.,-0.));
#1735=AXIS2_PLACEMENT_3D('',#1732,#1733,#1734);
#1736=CIRCLE('',#1735,0.05);
#1737=EDGE_CURVE('',#1383,#1731,#1736,.T.);
#1738=ORIENTED_EDGE('',*,*,#1737,.F.);
#1739=ORIENTED_EDGE('',*,*,#1388,.F.);
#1740=ORIENTED_EDGE('',*,*,#1711,.F.);
#1741=CARTESIAN_POINT('',(6.69689376,7.58000005,3.51438903));
#1742=DIRECTION('',(0.,-0.,1.));
#1743=VECTOR('',#1742,1.33);
#1744=LINE('',#1741,#1743);
#1745=EDGE_CURVE('',#1731,#1705,#1744,.T.);
#1746=ORIENTED_EDGE('',*,*,#1745,.F.);
#1747=EDGE_LOOP('',(#1738,#1739,#1740,#1746));
#1748=FACE_BOUND('',#1747,.T.);
#1749=ADVANCED_FACE('',(#1748),#1729,.T.);
#1750=CARTESIAN_POINT('',(6.646893759,7.58000005,3.514389031));
#1751=DIRECTION('',(-0.,1.,0.));
#1752=DIRECTION('',(0.000000001,0.,1.));
#1753=AXIS2_PLACEMENT_3D('',#1750,#1751,#1752);
#1754=SPHERICAL_SURFACE('',#1753,0.05);
#1755=ORIENTED_EDGE('',*,*,#1737,.T.);
#1756=CARTESIAN_POINT('',(6.646893699,7.58000005,3.464388921));
#1757=VERTEX_POINT('',#1756);
#1758=CARTESIAN_POINT('',(6.646893759,7.58000005,3.51438903));
#1759=DIRECTION('',(0.,-1.,0.));
#1760=DIRECTION('',(-0.000000001,-0.,-1.));
#1761=AXIS2_PLACEMENT_3D('',#1758,#1759,#1760);
#1762=CIRCLE('',#1761,0.05);
#1763=EDGE_CURVE('',#1757,#1731,#1762,.T.);
#1764=ORIENTED_EDGE('',*,*,#1763,.F.);
#1765=CARTESIAN_POINT('',(6.646893759,7.58000005,3.514389031));
#1766=DIRECTION('',(-1.,-0.,0.));
#1767=DIRECTION('',(0.,-0.017388675,-0.999848806));
#1768=AXIS2_PLACEMENT_3D('',#1765,#1766,#1767);
#1769=CIRCLE('',#1768,0.05);
#1770=EDGE_CURVE('',#1383,#1757,#1769,.T.);
#1771=ORIENTED_EDGE('',*,*,#1770,.F.);
#1772=EDGE_LOOP('',(#1755,#1764,#1771));
#1773=FACE_BOUND('',#1772,.T.);
#1774=ADVANCED_FACE('',(#1773),#1754,.T.);
#1775=CARTESIAN_POINT('',(6.596893759,7.58000005,3.514389031));
#1776=DIRECTION('',(1.,0.,-0.));
#1777=DIRECTION('',(-0.,0.999815137,-0.019227347));
#1778=AXIS2_PLACEMENT_3D('',#1775,#1776,#1777);
#1779=CYLINDRICAL_SURFACE('',#1778,0.05);
#1780=ORIENTED_EDGE('',*,*,#1770,.T.);
#1781=CARTESIAN_POINT('',(6.546893757,7.58000005,3.46438903));
#1782=VERTEX_POINT('',#1781);
#1783=CARTESIAN_POINT('',(6.546893757,7.580000049,3.46438903));
#1784=DIRECTION('',(1.,0.000000042,0.));
#1785=VECTOR('',#1784,0.099999941);
#1786=LINE('',#1783,#1785);
#1787=EDGE_CURVE('',#1782,#1757,#1786,.T.);
#1788=ORIENTED_EDGE('',*,*,#1787,.F.);
#1789=CARTESIAN_POINT('',(6.546893759,7.58000005,3.514389031));
#1790=DIRECTION('',(-1.,-0.,0.));
#1791=DIRECTION('',(-0.,-0.017388675,-0.999848806));
#1792=AXIS2_PLACEMENT_3D('',#1789,#1790,#1791);
#1793=CIRCLE('',#1792,0.05);
#1794=EDGE_CURVE('',#1391,#1782,#1793,.T.);
#1795=ORIENTED_EDGE('',*,*,#1794,.F.);
#1796=ORIENTED_EDGE('',*,*,#1396,.F.);
#1797=EDGE_LOOP('',(#1780,#1788,#1795,#1796));
#1798=FACE_BOUND('',#1797,.T.);
#1799=ADVANCED_FACE('',(#1798),#1779,.T.);
#1800=CARTESIAN_POINT('',(6.546893759,7.58000005,3.514389031));
#1801=DIRECTION('',(-0.,1.,0.));
#1802=DIRECTION('',(0.000000001,0.,1.));
#1803=AXIS2_PLACEMENT_3D('',#1800,#1801,#1802);
#1804=SPHERICAL_SURFACE('',#1803,0.05);
#1805=ORIENTED_EDGE('',*,*,#1794,.T.);
#1806=CARTESIAN_POINT('',(6.496893759,7.58000005,3.51438903));
#1807=VERTEX_POINT('',#1806);
#1808=CARTESIAN_POINT('',(6.546893759,7.58000005,3.51438903));
#1809=DIRECTION('',(0.,-1.,0.));
#1810=DIRECTION('',(-0.000000001,-0.,-1.));
#1811=AXIS2_PLACEMENT_3D('',#1808,#1809,#1810);
#1812=CIRCLE('',#1811,0.05);
#1813=EDGE_CURVE('',#1807,#1782,#1812,.T.);
#1814=ORIENTED_EDGE('',*,*,#1813,.F.);
#1815=CARTESIAN_POINT('',(6.54689376,7.58000005,3.51438903));
#1816=DIRECTION('',(-0.,-0.,1.));
#1817=DIRECTION('',(-0.,1.,0.));
#1818=AXIS2_PLACEMENT_3D('',#1815,#1816,#1817);
#1819=CIRCLE('',#1818,0.05);
#1820=EDGE_CURVE('',#1391,#1807,#1819,.T.);
#1821=ORIENTED_EDGE('',*,*,#1820,.F.);
#1822=EDGE_LOOP('',(#1805,#1814,#1821));
#1823=FACE_BOUND('',#1822,.T.);
#1824=ADVANCED_FACE('',(#1823),#1804,.T.);
#1825=CARTESIAN_POINT('',(6.54689376,7.58000005,4.16438903));
#1826=DIRECTION('',(0.,0.,-1.));
#1827=DIRECTION('',(-0.000000042,1.,0.));
#1828=AXIS2_PLACEMENT_3D('',#1825,#1826,#1827);
#1829=CYLINDRICAL_SURFACE('',#1828,0.05);
#1830=ORIENTED_EDGE('',*,*,#1820,.T.);
#1831=CARTESIAN_POINT('',(6.496893759,7.58000005,4.84438903));
#1832=VERTEX_POINT('',#1831);
#1833=CARTESIAN_POINT('',(6.49689376,7.58000005,4.84438903));
#1834=DIRECTION('',(-0.,0.,-1.));
#1835=VECTOR('',#1834,1.33);
#1836=LINE('',#1833,#1835);
#1837=EDGE_CURVE('',#1832,#1807,#1836,.T.);
#1838=ORIENTED_EDGE('',*,*,#1837,.F.);
#1839=CARTESIAN_POINT('',(6.546893759,7.58000005,4.84438903));
#1840=DIRECTION('',(-0.000000001,0.,1.));
#1841=DIRECTION('',(0.,-1.,0.));
#1842=AXIS2_PLACEMENT_3D('',#1839,#1840,#1841);
#1843=CIRCLE('',#1842,0.05);
#1844=EDGE_CURVE('',#1399,#1832,#1843,.T.);
#1845=ORIENTED_EDGE('',*,*,#1844,.F.);
#1846=ORIENTED_EDGE('',*,*,#1404,.F.);
#1847=EDGE_LOOP('',(#1830,#1838,#1845,#1846));
#1848=FACE_BOUND('',#1847,.T.);
#1849=ADVANCED_FACE('',(#1848),#1829,.T.);
#1850=CARTESIAN_POINT('',(6.476893759,7.58000005,4.84438903));
#1851=DIRECTION('',(-0.,1.,0.));
#1852=DIRECTION('',(0.000000001,0.,1.));
#1853=AXIS2_PLACEMENT_3D('',#1850,#1851,#1852);
#1854=TOROIDAL_SURFACE('',#1853,0.07,0.05);
#1855=ORIENTED_EDGE('',*,*,#1844,.T.);
#1856=CARTESIAN_POINT('',(6.476893783,7.580000041,4.864387449));
#1857=VERTEX_POINT('',#1856);
#1858=CARTESIAN_POINT('',(6.476893759,7.58000005,4.844389031));
#1859=DIRECTION('',(-0.,1.,-0.));
#1860=DIRECTION('',(-0.000000001,-0.,-1.));
#1861=AXIS2_PLACEMENT_3D('',#1858,#1859,#1860);
#1862=CIRCLE('',#1861,0.02);
#1863=EDGE_CURVE('',#1857,#1832,#1862,.T.);
#1864=ORIENTED_EDGE('',*,*,#1863,.F.);
#1865=CARTESIAN_POINT('',(6.476893759,7.580000052,4.914389065));
#1866=DIRECTION('',(-1.,-0.,0.));
#1867=DIRECTION('',(0.,-0.017388675,-0.999848806));
#1868=AXIS2_PLACEMENT_3D('',#1865,#1866,#1867);
#1869=CIRCLE('',#1868,0.05);
#1870=EDGE_CURVE('',#1407,#1857,#1869,.T.);
#1871=ORIENTED_EDGE('',*,*,#1870,.F.);
#1872=ORIENTED_EDGE('',*,*,#1413,.F.);
#1873=EDGE_LOOP('',(#1855,#1864,#1871,#1872));
#1874=FACE_BOUND('',#1873,.T.);
#1875=ADVANCED_FACE('',(#1874),#1854,.T.);
#1876=CARTESIAN_POINT('',(-120.503106241,7.58000005,4.914389065));
#1877=DIRECTION('',(1.,0.,-0.));
#1878=DIRECTION('',(-0.,0.999815137,-0.019227347));
#1879=AXIS2_PLACEMENT_3D('',#1876,#1877,#1878);
#1880=CYLINDRICAL_SURFACE('',#1879,0.05);
#1881=ORIENTED_EDGE('',*,*,#1870,.T.);
#1882=CARTESIAN_POINT('',(5.146893758,7.58000005,4.86438903));
#1883=VERTEX_POINT('',#1882);
#1884=CARTESIAN_POINT('',(5.146893758,7.580000049,4.86438903));
#1885=DIRECTION('',(1.,0.000000042,0.));
#1886=VECTOR('',#1885,1.330000026);
#1887=LINE('',#1884,#1886);
#1888=EDGE_CURVE('',#1883,#1857,#1887,.T.);
#1889=ORIENTED_EDGE('',*,*,#1888,.F.);
#1890=CARTESIAN_POINT('',(5.146893759,7.58000005,4.91438903));
#1891=DIRECTION('',(-1.,-0.,0.));
#1892=DIRECTION('',(-0.,-0.017388675,-0.999848806));
#1893=AXIS2_PLACEMENT_3D('',#1890,#1891,#1892);
#1894=CIRCLE('',#1893,0.05);
#1895=EDGE_CURVE('',#1416,#1883,#1894,.T.);
#1896=ORIENTED_EDGE('',*,*,#1895,.F.);
#1897=ORIENTED_EDGE('',*,*,#1421,.F.);
#1898=EDGE_LOOP('',(#1881,#1889,#1896,#1897));
#1899=FACE_BOUND('',#1898,.T.);
#1900=ADVANCED_FACE('',(#1899),#1880,.T.);
#1901=CARTESIAN_POINT('',(5.146893759,7.58000005,4.91438903));
#1902=DIRECTION('',(-0.,1.,0.));
#1903=DIRECTION('',(0.000000001,0.,1.));
#1904=AXIS2_PLACEMENT_3D('',#1901,#1902,#1903);
#1905=SPHERICAL_SURFACE('',#1904,0.05);
#1906=ORIENTED_EDGE('',*,*,#1895,.T.);
#1907=CARTESIAN_POINT('',(5.096893699,7.580000043,4.91438903));
#1908=VERTEX_POINT('',#1907);
#1909=CARTESIAN_POINT('',(5.146893759,7.58000005,4.914389031));
#1910=DIRECTION('',(0.,-1.,0.));
#1911=DIRECTION('',(-0.000000001,-0.,-1.));
#1912=AXIS2_PLACEMENT_3D('',#1909,#1910,#1911);
#1913=CIRCLE('',#1912,0.05);
#1914=EDGE_CURVE('',#1908,#1883,#1913,.T.);
#1915=ORIENTED_EDGE('',*,*,#1914,.F.);
#1916=CARTESIAN_POINT('',(5.146893639,7.58,4.91438903));
#1917=DIRECTION('',(-0.,-0.,1.));
#1918=DIRECTION('',(-0.,1.,0.));
#1919=AXIS2_PLACEMENT_3D('',#1916,#1917,#1918);
#1920=CIRCLE('',#1919,0.05);
#1921=EDGE_CURVE('',#1416,#1908,#1920,.T.);
#1922=ORIENTED_EDGE('',*,*,#1921,.F.);
#1923=EDGE_LOOP('',(#1906,#1915,#1922));
#1924=FACE_BOUND('',#1923,.T.);
#1925=ADVANCED_FACE('',(#1924),#1905,.T.);
#1926=CARTESIAN_POINT('',(5.146893639,7.58,-434.835610969));
#1927=DIRECTION('',(0.,0.,-1.));
#1928=DIRECTION('',(-0.000000042,1.,0.));
#1929=AXIS2_PLACEMENT_3D('',#1926,#1927,#1928);
#1930=CYLINDRICAL_SURFACE('',#1929,0.05);
#1931=ORIENTED_EDGE('',*,*,#1921,.T.);
#1932=CARTESIAN_POINT('',(5.096893759,7.58000005,5.014389031));
#1933=VERTEX_POINT('',#1932);
#1934=CARTESIAN_POINT('',(5.096893759,7.58000005,5.014389031));
#1935=DIRECTION('',(-0.,0.000000005,-1.));
#1936=VECTOR('',#1935,0.100000001);
#1937=LINE('',#1934,#1936);
#1938=EDGE_CURVE('',#1933,#1908,#1937,.T.);
#1939=ORIENTED_EDGE('',*,*,#1938,.F.);
#1940=CARTESIAN_POINT('',(5.146893759,7.58000005,5.014389031));
#1941=DIRECTION('',(0.,-0.,1.));
#1942=DIRECTION('',(-0.,1.,0.));
#1943=AXIS2_PLACEMENT_3D('',#1940,#1941,#1942);
#1944=CIRCLE('',#1943,0.05);
#1945=EDGE_CURVE('',#1424,#1933,#1944,.T.);
#1946=ORIENTED_EDGE('',*,*,#1945,.F.);
#1947=ORIENTED_EDGE('',*,*,#1429,.F.);
#1948=EDGE_LOOP('',(#1931,#1939,#1946,#1947));
#1949=FACE_BOUND('',#1948,.T.);
#1950=ADVANCED_FACE('',(#1949),#1930,.T.);
#1951=CARTESIAN_POINT('',(5.146893759,7.58000005,5.014389031));
#1952=DIRECTION('',(-0.,1.,0.));
#1953=DIRECTION('',(0.000000001,0.,1.));
#1954=AXIS2_PLACEMENT_3D('',#1951,#1952,#1953);
#1955=SPHERICAL_SURFACE('',#1954,0.05);
#1956=ORIENTED_EDGE('',*,*,#1945,.T.);
#1957=CARTESIAN_POINT('',(5.14689382,7.580000022,5.064390639));
#1958=VERTEX_POINT('',#1957);
#1959=CARTESIAN_POINT('',(5.146893759,7.58000005,5.014389031));
#1960=DIRECTION('',(0.,-1.,0.));
#1961=DIRECTION('',(-0.000000001,-0.,-1.));
#1962=AXIS2_PLACEMENT_3D('',#1959,#1960,#1961);
#1963=CIRCLE('',#1962,0.05);
#1964=EDGE_CURVE('',#1958,#1933,#1963,.T.);
#1965=ORIENTED_EDGE('',*,*,#1964,.F.);
#1966=CARTESIAN_POINT('',(5.146893759,7.580000052,5.014389065));
#1967=DIRECTION('',(1.,0.,-0.));
#1968=DIRECTION('',(-0.,0.017388675,0.999848806));
#1969=AXIS2_PLACEMENT_3D('',#1966,#1967,#1968);
#1970=CIRCLE('',#1969,0.05);
#1971=EDGE_CURVE('',#1424,#1958,#1970,.T.);
#1972=ORIENTED_EDGE('',*,*,#1971,.F.);
#1973=EDGE_LOOP('',(#1956,#1965,#1972));
#1974=FACE_BOUND('',#1973,.T.);
#1975=ADVANCED_FACE('',(#1974),#1955,.T.);
#1976=CARTESIAN_POINT('',(-120.503106241,7.58000005,5.014389065));
#1977=DIRECTION('',(-1.,-0.,0.));
#1978=DIRECTION('',(0.,-0.999815137,0.019227347));
#1979=AXIS2_PLACEMENT_3D('',#1976,#1977,#1978);
#1980=CYLINDRICAL_SURFACE('',#1979,0.05);
#1981=ORIENTED_EDGE('',*,*,#1971,.T.);
#1982=CARTESIAN_POINT('',(6.476893758,7.58000005,5.06438903));
#1983=VERTEX_POINT('',#1982);
#1984=CARTESIAN_POINT('',(6.476893758,7.580000049,5.06438903));
#1985=DIRECTION('',(-1.,-0.000000042,-0.));
#1986=VECTOR('',#1985,1.329999938);
#1987=LINE('',#1984,#1986);
#1988=EDGE_CURVE('',#1983,#1958,#1987,.T.);
#1989=ORIENTED_EDGE('',*,*,#1988,.F.);
#1990=CARTESIAN_POINT('',(6.476893759,7.58000005,5.01438903));
#1991=DIRECTION('',(1.,0.,-0.000000001));
#1992=DIRECTION('',(-0.000000001,-0.017388675,-0.999848806));
#1993=AXIS2_PLACEMENT_3D('',#1990,#1991,#1992);
#1994=CIRCLE('',#1993,0.05);
#1995=EDGE_CURVE('',#1306,#1983,#1994,.T.);
#1996=ORIENTED_EDGE('',*,*,#1995,.F.);
#1997=ORIENTED_EDGE('',*,*,#1435,.F.);
#1998=EDGE_LOOP('',(#1981,#1989,#1996,#1997));
#1999=FACE_BOUND('',#1998,.T.);
#2000=ADVANCED_FACE('',(#1999),#1980,.T.);
#2001=CARTESIAN_POINT('',(6.47689376,7.58000005,5.08438903));
#2002=DIRECTION('',(-0.,1.,0.));
#2003=DIRECTION('',(0.000000001,0.,1.));
#2004=AXIS2_PLACEMENT_3D('',#2001,#2002,#2003);
#2005=TOROIDAL_SURFACE('',#2004,0.07,0.05);
#2006=ORIENTED_EDGE('',*,*,#1995,.T.);
#2007=CARTESIAN_POINT('',(6.49689376,7.58000005,5.08438903));
#2008=VERTEX_POINT('',#2007);
#2009=CARTESIAN_POINT('',(6.47689376,7.58000005,5.08438903));
#2010=DIRECTION('',(-0.,1.,-0.));
#2011=DIRECTION('',(-0.000000001,-0.,-1.));
#2012=AXIS2_PLACEMENT_3D('',#2009,#2010,#2011);
#2013=CIRCLE('',#2012,0.02);
#2014=EDGE_CURVE('',#2008,#1983,#2013,.T.);
#2015=ORIENTED_EDGE('',*,*,#2014,.F.);
#2016=CARTESIAN_POINT('',(6.54689376,7.58000005,5.08438903));
#2017=DIRECTION('',(-0.,-0.,1.));
#2018=DIRECTION('',(-0.,1.,0.));
#2019=AXIS2_PLACEMENT_3D('',#2016,#2017,#2018);
#2020=CIRCLE('',#2019,0.05);
#2021=EDGE_CURVE('',#1308,#2008,#2020,.T.);
#2022=ORIENTED_EDGE('',*,*,#2021,.F.);
#2023=ORIENTED_EDGE('',*,*,#1314,.F.);
#2024=EDGE_LOOP('',(#2006,#2015,#2022,#2023));
#2025=FACE_BOUND('',#2024,.T.);
#2026=ADVANCED_FACE('',(#2025),#2005,.T.);
#2027=CARTESIAN_POINT('',(6.54689376,7.58000005,5.76438903));
#2028=DIRECTION('',(0.,0.,-1.));
#2029=DIRECTION('',(-0.000000042,1.,0.));
#2030=AXIS2_PLACEMENT_3D('',#2027,#2028,#2029);
#2031=CYLINDRICAL_SURFACE('',#2030,0.05);
#2032=ORIENTED_EDGE('',*,*,#1468,.T.);
#2033=ORIENTED_EDGE('',*,*,#1322,.F.);
#2034=ORIENTED_EDGE('',*,*,#2021,.T.);
#2035=CARTESIAN_POINT('',(6.49689376,7.58000005,6.41438903));
#2036=DIRECTION('',(-0.,0.,-1.));
#2037=VECTOR('',#2036,1.33);
#2038=LINE('',#2035,#2037);
#2039=EDGE_CURVE('',#1448,#2008,#2038,.T.);
#2040=ORIENTED_EDGE('',*,*,#2039,.F.);
#2041=EDGE_LOOP('',(#2032,#2033,#2034,#2040));
#2042=FACE_BOUND('',#2041,.T.);
#2043=ADVANCED_FACE('',(#2042),#2031,.T.);
#2044=CARTESIAN_POINT('',(6.54689376,7.63000005,6.41438903));
#2045=DIRECTION('',(0.,-1.,0.));
#2046=DIRECTION('',(-0.000000001,-0.,-1.));
#2047=AXIS2_PLACEMENT_3D('',#2044,#2045,#2046);
#2048=CYLINDRICAL_SURFACE('',#2047,0.05);
#2049=CARTESIAN_POINT('',(6.546893761,7.510000025,6.464389031));
#2050=VERTEX_POINT('',#2049);
#2051=CARTESIAN_POINT('',(6.54689376,7.58000005,6.46438903));
#2052=DIRECTION('',(0.000000042,-1.,-0.));
#2053=VECTOR('',#2052,0.070000025);
#2054=LINE('',#2051,#2053);
#2055=EDGE_CURVE('',#1446,#2050,#2054,.T.);
#2056=ORIENTED_EDGE('',*,*,#2055,.F.);
#2057=ORIENTED_EDGE('',*,*,#1454,.T.);
#2058=CARTESIAN_POINT('',(6.49689376,7.510000025,6.41438903));
#2059=VERTEX_POINT('',#2058);
#2060=CARTESIAN_POINT('',(6.49689376,7.510000025,6.41438903));
#2061=DIRECTION('',(-0.,1.,0.000000011));
#2062=VECTOR('',#2061,0.070000025);
#2063=LINE('',#2060,#2062);
#2064=EDGE_CURVE('',#2059,#1448,#2063,.T.);
#2065=ORIENTED_EDGE('',*,*,#2064,.F.);
#2066=CARTESIAN_POINT('',(6.54689376,7.51000005,6.41438903));
#2067=DIRECTION('',(0.,-1.,0.));
#2068=DIRECTION('',(-0.000000001,-0.,-1.));
#2069=AXIS2_PLACEMENT_3D('',#2066,#2067,#2068);
#2070=CIRCLE('',#2069,0.05);
#2071=EDGE_CURVE('',#2050,#2059,#2070,.T.);
#2072=ORIENTED_EDGE('',*,*,#2071,.F.);
#2073=EDGE_LOOP('',(#2056,#2057,#2065,#2072));
#2074=FACE_BOUND('',#2073,.T.);
#2075=ADVANCED_FACE('',(#2074),#2048,.T.);
#2076=CARTESIAN_POINT('',(6.59689376,7.63000005,6.46438903));
#2077=DIRECTION('',(0.,-0.,1.));
#2078=DIRECTION('',(0.000000042,-1.,-0.));
#2079=AXIS2_PLACEMENT_3D('',#2076,#2077,#2078);
#2080=PLANE('',#2079);
#2081=CARTESIAN_POINT('',(6.64689376,7.510000025,6.464389031));
#2082=VERTEX_POINT('',#2081);
#2083=CARTESIAN_POINT('',(6.64689376,7.510000025,6.46438903));
#2084=DIRECTION('',(-0.000000042,1.,0.));
#2085=VECTOR('',#2084,0.070000025);
#2086=LINE('',#2083,#2085);
#2087=EDGE_CURVE('',#2082,#1479,#2086,.T.);
#2088=ORIENTED_EDGE('',*,*,#2087,.T.);
#2089=ORIENTED_EDGE('',*,*,#1493,.T.);
#2090=ORIENTED_EDGE('',*,*,#2055,.T.);
#2091=CARTESIAN_POINT('',(6.64689376,7.51,6.464389031));
#2092=DIRECTION('',(-1.,-0.,0.));
#2093=VECTOR('',#2092,0.099999999);
#2094=LINE('',#2091,#2093);
#2095=EDGE_CURVE('',#2082,#2050,#2094,.T.);
#2096=ORIENTED_EDGE('',*,*,#2095,.F.);
#2097=EDGE_LOOP('',(#2088,#2089,#2090,#2096));
#2098=FACE_BOUND('',#2097,.T.);
#2099=ADVANCED_FACE('',(#2098),#2080,.T.);
#2100=CARTESIAN_POINT('',(6.64689376,7.63000005,6.41438903));
#2101=DIRECTION('',(0.,-1.,0.));
#2102=DIRECTION('',(-0.000000001,-0.,-1.));
#2103=AXIS2_PLACEMENT_3D('',#2100,#2101,#2102);
#2104=CYLINDRICAL_SURFACE('',#2103,0.05);
#2105=CARTESIAN_POINT('',(6.69689376,7.510000025,6.414389031));
#2106=VERTEX_POINT('',#2105);
#2107=CARTESIAN_POINT('',(6.69689376,7.58000005,6.41438903));
#2108=DIRECTION('',(0.,-1.,0.000000003));
#2109=VECTOR('',#2108,0.070000025);
#2110=LINE('',#2107,#2109);
#2111=EDGE_CURVE('',#1504,#2106,#2110,.T.);
#2112=ORIENTED_EDGE('',*,*,#2111,.F.);
#2113=ORIENTED_EDGE('',*,*,#1510,.T.);
#2114=ORIENTED_EDGE('',*,*,#2087,.F.);
#2115=CARTESIAN_POINT('',(6.64689376,7.51000005,6.41438903));
#2116=DIRECTION('',(0.,-1.,0.));
#2117=DIRECTION('',(-0.000000001,-0.,-1.));
#2118=AXIS2_PLACEMENT_3D('',#2115,#2116,#2117);
#2119=CIRCLE('',#2118,0.05);
#2120=EDGE_CURVE('',#2106,#2082,#2119,.T.);
#2121=ORIENTED_EDGE('',*,*,#2120,.F.);
#2122=EDGE_LOOP('',(#2112,#2113,#2114,#2121));
#2123=FACE_BOUND('',#2122,.T.);
#2124=ADVANCED_FACE('',(#2123),#2104,.T.);
#2125=CARTESIAN_POINT('',(6.69689376,7.63000005,5.76438903));
#2126=DIRECTION('',(1.,0.,-0.));
#2127=DIRECTION('',(-0.,0.999815137,-0.019227347));
#2128=AXIS2_PLACEMENT_3D('',#2125,#2126,#2127);
#2129=PLANE('',#2128);
#2130=CARTESIAN_POINT('',(6.69689376,7.510000025,5.08438903));
#2131=VERTEX_POINT('',#2130);
#2132=CARTESIAN_POINT('',(6.69689376,7.510000025,5.08438903));
#2133=DIRECTION('',(-0.,1.,-0.000000003));
#2134=VECTOR('',#2133,0.070000025);
#2135=LINE('',#2132,#2134);
#2136=EDGE_CURVE('',#2131,#1529,#2135,.T.);
#2137=ORIENTED_EDGE('',*,*,#2136,.T.);
#2138=ORIENTED_EDGE('',*,*,#1543,.T.);
#2139=ORIENTED_EDGE('',*,*,#2111,.T.);
#2140=CARTESIAN_POINT('',(6.69689376,7.51,5.08438903));
#2141=DIRECTION('',(0.,0.,1.));
#2142=VECTOR('',#2141,1.330000001);
#2143=LINE('',#2140,#2142);
#2144=EDGE_CURVE('',#2131,#2106,#2143,.T.);
#2145=ORIENTED_EDGE('',*,*,#2144,.F.);
#2146=EDGE_LOOP('',(#2137,#2138,#2139,#2145));
#2147=FACE_BOUND('',#2146,.T.);
#2148=ADVANCED_FACE('',(#2147),#2129,.T.);
#2149=CARTESIAN_POINT('',(6.71689376,7.63000005,5.08438903));
#2150=DIRECTION('',(0.,-1.,0.));
#2151=DIRECTION('',(-0.000000001,-0.,-1.));
#2152=AXIS2_PLACEMENT_3D('',#2149,#2150,#2151);
#2153=CYLINDRICAL_SURFACE('',#2152,0.02);
#2154=CARTESIAN_POINT('',(6.716893737,7.51000005,5.064389045));
#2155=VERTEX_POINT('',#2154);
#2156=CARTESIAN_POINT('',(6.71689376,7.58000005,5.06438903));
#2157=DIRECTION('',(0.000000042,-1.,-0.));
#2158=VECTOR('',#2157,0.07);
#2159=LINE('',#2156,#2158);
#2160=EDGE_CURVE('',#1554,#2155,#2159,.T.);
#2161=ORIENTED_EDGE('',*,*,#2160,.F.);
#2162=ORIENTED_EDGE('',*,*,#1569,.T.);
#2163=ORIENTED_EDGE('',*,*,#2136,.F.);
#2164=CARTESIAN_POINT('',(6.71689376,7.51000005,5.08438903));
#2165=DIRECTION('',(-0.,1.,-0.));
#2166=DIRECTION('',(-0.000000001,-0.,-1.));
#2167=AXIS2_PLACEMENT_3D('',#2164,#2165,#2166);
#2168=CIRCLE('',#2167,0.02);
#2169=EDGE_CURVE('',#2155,#2131,#2168,.T.);
#2170=ORIENTED_EDGE('',*,*,#2169,.F.);
#2171=EDGE_LOOP('',(#2161,#2162,#2163,#2170));
#2172=FACE_BOUND('',#2171,.T.);
#2173=ADVANCED_FACE('',(#2172),#2153,.F.);
#2174=CARTESIAN_POINT('',(7.39689376,7.63000005,5.06438903));
#2175=DIRECTION('',(0.,0.,-1.));
#2176=DIRECTION('',(-0.000000042,1.,0.));
#2177=AXIS2_PLACEMENT_3D('',#2174,#2175,#2176);
#2178=PLANE('',#2177);
#2179=CARTESIAN_POINT('',(8.04689376,7.510000078,5.06438903));
#2180=VERTEX_POINT('',#2179);
#2181=CARTESIAN_POINT('',(8.04689376,7.510000078,5.06438903));
#2182=DIRECTION('',(-0.000000042,1.,0.));
#2183=VECTOR('',#2182,0.069999972);
#2184=LINE('',#2181,#2183);
#2185=EDGE_CURVE('',#2180,#1580,#2184,.T.);
#2186=ORIENTED_EDGE('',*,*,#2185,.T.);
#2187=ORIENTED_EDGE('',*,*,#1594,.T.);
#2188=ORIENTED_EDGE('',*,*,#2160,.T.);
#2189=CARTESIAN_POINT('',(6.716893737,7.51000005,5.06438903));
#2190=DIRECTION('',(1.,0.000000042,0.));
#2191=VECTOR('',#2190,1.330000023);
#2192=LINE('',#2189,#2191);
#2193=EDGE_CURVE('',#2155,#2180,#2192,.T.);
#2194=ORIENTED_EDGE('',*,*,#2193,.T.);
#2195=EDGE_LOOP('',(#2186,#2187,#2188,#2194));
#2196=FACE_BOUND('',#2195,.T.);
#2197=ADVANCED_FACE('',(#2196),#2178,.F.);
#2198=CARTESIAN_POINT('',(8.046893759,7.630000049,5.01438903));
#2199=DIRECTION('',(0.,-1.,0.));
#2200=DIRECTION('',(-0.000000001,-0.,-1.));
#2201=AXIS2_PLACEMENT_3D('',#2198,#2199,#2200);
#2202=CYLINDRICAL_SURFACE('',#2201,0.05);
#2203=CARTESIAN_POINT('',(8.096893759,7.51000005,5.01438903));
#2204=VERTEX_POINT('',#2203);
#2205=CARTESIAN_POINT('',(8.096893759,7.58000005,5.01438903));
#2206=DIRECTION('',(0.,-1.,0.000000003));
#2207=VECTOR('',#2206,0.07);
#2208=LINE('',#2205,#2207);
#2209=EDGE_CURVE('',#1605,#2204,#2208,.T.);
#2210=ORIENTED_EDGE('',*,*,#2209,.F.);
#2211=ORIENTED_EDGE('',*,*,#1611,.T.);
#2212=ORIENTED_EDGE('',*,*,#2185,.F.);
#2213=CARTESIAN_POINT('',(8.046893759,7.51000005,5.01438903));
#2214=DIRECTION('',(0.,-1.,0.));
#2215=DIRECTION('',(-0.000000001,-0.,-1.));
#2216=AXIS2_PLACEMENT_3D('',#2213,#2214,#2215);
#2217=CIRCLE('',#2216,0.05);
#2218=EDGE_CURVE('',#2204,#2180,#2217,.T.);
#2219=ORIENTED_EDGE('',*,*,#2218,.F.);
#2220=EDGE_LOOP('',(#2210,#2211,#2212,#2219));
#2221=FACE_BOUND('',#2220,.T.);
#2222=ADVANCED_FACE('',(#2221),#2202,.T.);
#2223=CARTESIAN_POINT('',(8.096893759,7.63000005,4.964389029));
#2224=DIRECTION('',(-1.,-0.,0.));
#2225=DIRECTION('',(0.,-0.999815137,0.019227347));
#2226=AXIS2_PLACEMENT_3D('',#2223,#2224,#2225);
#2227=PLANE('',#2226);
#2228=CARTESIAN_POINT('',(8.096893759,7.51000005,4.91438903));
#2229=VERTEX_POINT('',#2228);
#2230=CARTESIAN_POINT('',(8.096893759,7.51000005,4.91438903));
#2231=DIRECTION('',(-0.,1.,-0.000000004));
#2232=VECTOR('',#2231,0.069999975);
#2233=LINE('',#2230,#2232);
#2234=EDGE_CURVE('',#2229,#1630,#2233,.T.);
#2235=ORIENTED_EDGE('',*,*,#2234,.T.);
#2236=ORIENTED_EDGE('',*,*,#1644,.T.);
#2237=ORIENTED_EDGE('',*,*,#2209,.T.);
#2238=CARTESIAN_POINT('',(8.096893759,7.51000005,5.01438903));
#2239=DIRECTION('',(-0.,-0.000000005,-1.));
#2240=VECTOR('',#2239,0.1);
#2241=LINE('',#2238,#2240);
#2242=EDGE_CURVE('',#2204,#2229,#2241,.T.);
#2243=ORIENTED_EDGE('',*,*,#2242,.T.);
#2244=EDGE_LOOP('',(#2235,#2236,#2237,#2243));
#2245=FACE_BOUND('',#2244,.T.);
#2246=ADVANCED_FACE('',(#2245),#2227,.F.);
#2247=CARTESIAN_POINT('',(8.046893759,7.63000005,4.91438903));
#2248=DIRECTION('',(0.,-1.,0.));
#2249=DIRECTION('',(-0.000000001,-0.,-1.));
#2250=AXIS2_PLACEMENT_3D('',#2247,#2248,#2249);
#2251=CYLINDRICAL_SURFACE('',#2250,0.05);
#2252=CARTESIAN_POINT('',(8.0468937,7.51000005,4.864389022));
#2253=VERTEX_POINT('',#2252);
#2254=CARTESIAN_POINT('',(8.046893759,7.580000078,4.86438903));
#2255=DIRECTION('',(0.000000042,-1.,-0.));
#2256=VECTOR('',#2255,0.070000028);
#2257=LINE('',#2254,#2256);
#2258=EDGE_CURVE('',#1655,#2253,#2257,.T.);
#2259=ORIENTED_EDGE('',*,*,#2258,.F.);
#2260=ORIENTED_EDGE('',*,*,#1661,.T.);
#2261=ORIENTED_EDGE('',*,*,#2234,.F.);
#2262=CARTESIAN_POINT('',(8.046893759,7.51000005,4.91438903));
#2263=DIRECTION('',(0.,-1.,0.));
#2264=DIRECTION('',(-0.000000001,-0.,-1.));
#2265=AXIS2_PLACEMENT_3D('',#2262,#2263,#2264);
#2266=CIRCLE('',#2265,0.05);
#2267=EDGE_CURVE('',#2253,#2229,#2266,.T.);
#2268=ORIENTED_EDGE('',*,*,#2267,.F.);
#2269=EDGE_LOOP('',(#2259,#2260,#2261,#2268));
#2270=FACE_BOUND('',#2269,.T.);
#2271=ADVANCED_FACE('',(#2270),#2251,.T.);
#2272=CARTESIAN_POINT('',(7.396893759,7.63000005,4.86438903));
#2273=DIRECTION('',(0.,-0.,1.));
#2274=DIRECTION('',(0.000000042,-1.,-0.));
#2275=AXIS2_PLACEMENT_3D('',#2272,#2273,#2274);
#2276=PLANE('',#2275);
#2277=CARTESIAN_POINT('',(6.716893759,7.510000022,4.86438903));
#2278=VERTEX_POINT('',#2277);
#2279=CARTESIAN_POINT('',(6.716893759,7.510000022,4.86438903));
#2280=DIRECTION('',(-0.000000042,1.,0.));
#2281=VECTOR('',#2280,0.070000027);
#2282=LINE('',#2279,#2281);
#2283=EDGE_CURVE('',#2278,#1680,#2282,.T.);
#2284=ORIENTED_EDGE('',*,*,#2283,.T.);
#2285=ORIENTED_EDGE('',*,*,#1694,.T.);
#2286=ORIENTED_EDGE('',*,*,#2258,.T.);
#2287=CARTESIAN_POINT('',(8.0468937,7.51000005,4.86438903));
#2288=DIRECTION('',(-1.,-0.000000042,-0.));
#2289=VECTOR('',#2288,1.329999941);
#2290=LINE('',#2287,#2289);
#2291=EDGE_CURVE('',#2253,#2278,#2290,.T.);
#2292=ORIENTED_EDGE('',*,*,#2291,.T.);
#2293=EDGE_LOOP('',(#2284,#2285,#2286,#2292));
#2294=FACE_BOUND('',#2293,.T.);
#2295=ADVANCED_FACE('',(#2294),#2276,.F.);
#2296=CARTESIAN_POINT('',(6.716893759,7.63000005,4.84438903));
#2297=DIRECTION('',(0.,-1.,0.));
#2298=DIRECTION('',(-0.000000001,-0.,-1.));
#2299=AXIS2_PLACEMENT_3D('',#2296,#2297,#2298);
#2300=CYLINDRICAL_SURFACE('',#2299,0.02);
#2301=CARTESIAN_POINT('',(6.696893759,7.510000025,4.84438903));
#2302=VERTEX_POINT('',#2301);
#2303=CARTESIAN_POINT('',(6.69689376,7.58000005,4.84438903));
#2304=DIRECTION('',(0.,-1.,0.000000003));
#2305=VECTOR('',#2304,0.070000025);
#2306=LINE('',#2303,#2305);
#2307=EDGE_CURVE('',#1705,#2302,#2306,.T.);
#2308=ORIENTED_EDGE('',*,*,#2307,.F.);
#2309=ORIENTED_EDGE('',*,*,#1720,.T.);
#2310=ORIENTED_EDGE('',*,*,#2283,.F.);
#2311=CARTESIAN_POINT('',(6.716893759,7.51000005,4.84438903));
#2312=DIRECTION('',(-0.,1.,-0.));
#2313=DIRECTION('',(-0.000000001,-0.,-1.));
#2314=AXIS2_PLACEMENT_3D('',#2311,#2312,#2313);
#2315=CIRCLE('',#2314,0.02);
#2316=EDGE_CURVE('',#2302,#2278,#2315,.T.);
#2317=ORIENTED_EDGE('',*,*,#2316,.F.);
#2318=EDGE_LOOP('',(#2308,#2309,#2310,#2317));
#2319=FACE_BOUND('',#2318,.T.);
#2320=ADVANCED_FACE('',(#2319),#2300,.F.);
#2321=CARTESIAN_POINT('',(6.69689376,7.63000005,4.16438903));
#2322=DIRECTION('',(1.,0.,-0.));
#2323=DIRECTION('',(-0.,0.999815137,-0.019227347));
#2324=AXIS2_PLACEMENT_3D('',#2321,#2322,#2323);
#2325=PLANE('',#2324);
#2326=CARTESIAN_POINT('',(6.696893759,7.510000025,3.51438903));
#2327=VERTEX_POINT('',#2326);
#2328=CARTESIAN_POINT('',(6.69689376,7.510000025,3.51438903));
#2329=DIRECTION('',(-0.,1.,0.000000011));
#2330=VECTOR('',#2329,0.070000025);
#2331=LINE('',#2328,#2330);
#2332=EDGE_CURVE('',#2327,#1731,#2331,.T.);
#2333=ORIENTED_EDGE('',*,*,#2332,.T.);
#2334=ORIENTED_EDGE('',*,*,#1745,.T.);
#2335=ORIENTED_EDGE('',*,*,#2307,.T.);
#2336=CARTESIAN_POINT('',(6.696893759,7.51,3.51438903));
#2337=DIRECTION('',(0.,0.,1.));
#2338=VECTOR('',#2337,1.330000001);
#2339=LINE('',#2336,#2338);
#2340=EDGE_CURVE('',#2327,#2302,#2339,.T.);
#2341=ORIENTED_EDGE('',*,*,#2340,.F.);
#2342=EDGE_LOOP('',(#2333,#2334,#2335,#2341));
#2343=FACE_BOUND('',#2342,.T.);
#2344=ADVANCED_FACE('',(#2343),#2325,.T.);
#2345=CARTESIAN_POINT('',(6.646893759,7.63000005,3.51438903));
#2346=DIRECTION('',(0.,-1.,0.));
#2347=DIRECTION('',(-0.000000001,-0.,-1.));
#2348=AXIS2_PLACEMENT_3D('',#2345,#2346,#2347);
#2349=CYLINDRICAL_SURFACE('',#2348,0.05);
#2350=CARTESIAN_POINT('',(6.64689376,7.510000025,3.46438903));
#2351=VERTEX_POINT('',#2350);
#2352=CARTESIAN_POINT('',(6.646893759,7.58000005,3.46438903));
#2353=DIRECTION('',(0.000000042,-1.,-0.));
#2354=VECTOR('',#2353,0.070000025);
#2355=LINE('',#2352,#2354);
#2356=EDGE_CURVE('',#1757,#2351,#2355,.T.);
#2357=ORIENTED_EDGE('',*,*,#2356,.F.);
#2358=ORIENTED_EDGE('',*,*,#1763,.T.);
#2359=ORIENTED_EDGE('',*,*,#2332,.F.);
#2360=CARTESIAN_POINT('',(6.646893759,7.51000005,3.51438903));
#2361=DIRECTION('',(0.,-1.,0.));
#2362=DIRECTION('',(-0.000000001,-0.,-1.));
#2363=AXIS2_PLACEMENT_3D('',#2360,#2361,#2362);
#2364=CIRCLE('',#2363,0.05);
#2365=EDGE_CURVE('',#2351,#2327,#2364,.T.);
#2366=ORIENTED_EDGE('',*,*,#2365,.F.);
#2367=EDGE_LOOP('',(#2357,#2358,#2359,#2366));
#2368=FACE_BOUND('',#2367,.T.);
#2369=ADVANCED_FACE('',(#2368),#2349,.T.);
#2370=CARTESIAN_POINT('',(6.596893759,7.63000005,3.46438903));
#2371=DIRECTION('',(0.,0.,-1.));
#2372=DIRECTION('',(-0.000000042,1.,0.));
#2373=AXIS2_PLACEMENT_3D('',#2370,#2371,#2372);
#2374=PLANE('',#2373);
#2375=CARTESIAN_POINT('',(6.546893759,7.510000025,3.46438903));
#2376=VERTEX_POINT('',#2375);
#2377=CARTESIAN_POINT('',(6.546893759,7.510000025,3.46438903));
#2378=DIRECTION('',(-0.000000042,1.,0.));
#2379=VECTOR('',#2378,0.070000025);
#2380=LINE('',#2377,#2379);
#2381=EDGE_CURVE('',#2376,#1782,#2380,.T.);
#2382=ORIENTED_EDGE('',*,*,#2381,.T.);
#2383=ORIENTED_EDGE('',*,*,#1787,.T.);
#2384=ORIENTED_EDGE('',*,*,#2356,.T.);
#2385=CARTESIAN_POINT('',(6.546893759,7.51,3.46438903));
#2386=DIRECTION('',(1.,0.,-0.));
#2387=VECTOR('',#2386,0.100000001);
#2388=LINE('',#2385,#2387);
#2389=EDGE_CURVE('',#2376,#2351,#2388,.T.);
#2390=ORIENTED_EDGE('',*,*,#2389,.F.);
#2391=EDGE_LOOP('',(#2382,#2383,#2384,#2390));
#2392=FACE_BOUND('',#2391,.T.);
#2393=ADVANCED_FACE('',(#2392),#2374,.T.);
#2394=CARTESIAN_POINT('',(6.546893759,7.63000005,3.51438903));
#2395=DIRECTION('',(0.,-1.,0.));
#2396=DIRECTION('',(-0.000000001,-0.,-1.));
#2397=AXIS2_PLACEMENT_3D('',#2394,#2395,#2396);
#2398=CYLINDRICAL_SURFACE('',#2397,0.05);
#2399=CARTESIAN_POINT('',(6.496893759,7.510000025,3.51438903));
#2400=VERTEX_POINT('',#2399);
#2401=CARTESIAN_POINT('',(6.49689376,7.58000005,3.514389031));
#2402=DIRECTION('',(0.,-1.,-0.000000011));
#2403=VECTOR('',#2402,0.070000025);
#2404=LINE('',#2401,#2403);
#2405=EDGE_CURVE('',#1807,#2400,#2404,.T.);
#2406=ORIENTED_EDGE('',*,*,#2405,.F.);
#2407=ORIENTED_EDGE('',*,*,#1813,.T.);
#2408=ORIENTED_EDGE('',*,*,#2381,.F.);
#2409=CARTESIAN_POINT('',(6.546893759,7.51000005,3.51438903));
#2410=DIRECTION('',(0.,-1.,0.));
#2411=DIRECTION('',(-0.000000001,-0.,-1.));
#2412=AXIS2_PLACEMENT_3D('',#2409,#2410,#2411);
#2413=CIRCLE('',#2412,0.05);
#2414=EDGE_CURVE('',#2400,#2376,#2413,.T.);
#2415=ORIENTED_EDGE('',*,*,#2414,.F.);
#2416=EDGE_LOOP('',(#2406,#2407,#2408,#2415));
#2417=FACE_BOUND('',#2416,.T.);
#2418=ADVANCED_FACE('',(#2417),#2398,.T.);
#2419=CARTESIAN_POINT('',(6.49689376,7.63000005,4.16438903));
#2420=DIRECTION('',(-1.,-0.,0.));
#2421=DIRECTION('',(0.,-0.999815137,0.019227347));
#2422=AXIS2_PLACEMENT_3D('',#2419,#2420,#2421);
#2423=PLANE('',#2422);
#2424=CARTESIAN_POINT('',(6.496893759,7.510000025,4.844389031));
#2425=VERTEX_POINT('',#2424);
#2426=CARTESIAN_POINT('',(6.49689376,7.510000025,4.844389031));
#2427=DIRECTION('',(-0.,1.,-0.000000003));
#2428=VECTOR('',#2427,0.070000025);
#2429=LINE('',#2426,#2428);
#2430=EDGE_CURVE('',#2425,#1832,#2429,.T.);
#2431=ORIENTED_EDGE('',*,*,#2430,.T.);
#2432=ORIENTED_EDGE('',*,*,#1837,.T.);
#2433=ORIENTED_EDGE('',*,*,#2405,.T.);
#2434=CARTESIAN_POINT('',(6.496893759,7.51,4.844389031));
#2435=DIRECTION('',(-0.,-0.,-1.));
#2436=VECTOR('',#2435,1.330000001);
#2437=LINE('',#2434,#2436);
#2438=EDGE_CURVE('',#2425,#2400,#2437,.T.);
#2439=ORIENTED_EDGE('',*,*,#2438,.F.);
#2440=EDGE_LOOP('',(#2431,#2432,#2433,#2439));
#2441=FACE_BOUND('',#2440,.T.);
#2442=ADVANCED_FACE('',(#2441),#2423,.T.);
#2443=CARTESIAN_POINT('',(6.476893759,7.63000005,4.844389031));
#2444=DIRECTION('',(0.,-1.,0.));
#2445=DIRECTION('',(-0.000000001,-0.,-1.));
#2446=AXIS2_PLACEMENT_3D('',#2443,#2444,#2445);
#2447=CYLINDRICAL_SURFACE('',#2446,0.02);
#2448=CARTESIAN_POINT('',(6.476893783,7.51000005,4.864389045));
#2449=VERTEX_POINT('',#2448);
#2450=CARTESIAN_POINT('',(6.476893759,7.580000041,4.86438903));
#2451=DIRECTION('',(0.000000042,-1.,-0.));
#2452=VECTOR('',#2451,0.069999991);
#2453=LINE('',#2450,#2452);
#2454=EDGE_CURVE('',#1857,#2449,#2453,.T.);
#2455=ORIENTED_EDGE('',*,*,#2454,.F.);
#2456=ORIENTED_EDGE('',*,*,#1863,.T.);
#2457=ORIENTED_EDGE('',*,*,#2430,.F.);
#2458=CARTESIAN_POINT('',(6.476893759,7.51000005,4.844389031));
#2459=DIRECTION('',(-0.,1.,-0.));
#2460=DIRECTION('',(-0.000000001,-0.,-1.));
#2461=AXIS2_PLACEMENT_3D('',#2458,#2459,#2460);
#2462=CIRCLE('',#2461,0.02);
#2463=EDGE_CURVE('',#2449,#2425,#2462,.T.);
#2464=ORIENTED_EDGE('',*,*,#2463,.F.);
#2465=EDGE_LOOP('',(#2455,#2456,#2457,#2464));
#2466=FACE_BOUND('',#2465,.T.);
#2467=ADVANCED_FACE('',(#2466),#2447,.F.);
#2468=CARTESIAN_POINT('',(5.796893759,7.63000005,4.86438903));
#2469=DIRECTION('',(0.,-0.,1.));
#2470=DIRECTION('',(0.000000042,-1.,-0.));
#2471=AXIS2_PLACEMENT_3D('',#2468,#2469,#2470);
#2472=PLANE('',#2471);
#2473=CARTESIAN_POINT('',(5.146893759,7.510000022,4.86438903));
#2474=VERTEX_POINT('',#2473);
#2475=CARTESIAN_POINT('',(5.146893759,7.510000022,4.86438903));
#2476=DIRECTION('',(-0.000000042,1.,0.));
#2477=VECTOR('',#2476,0.070000028);
#2478=LINE('',#2475,#2477);
#2479=EDGE_CURVE('',#2474,#1883,#2478,.T.);
#2480=ORIENTED_EDGE('',*,*,#2479,.T.);
#2481=ORIENTED_EDGE('',*,*,#1888,.T.);
#2482=ORIENTED_EDGE('',*,*,#2454,.T.);
#2483=CARTESIAN_POINT('',(6.476893783,7.51000005,4.86438903));
#2484=DIRECTION('',(-1.,-0.000000042,-0.));
#2485=VECTOR('',#2484,1.330000024);
#2486=LINE('',#2483,#2485);
#2487=EDGE_CURVE('',#2449,#2474,#2486,.T.);
#2488=ORIENTED_EDGE('',*,*,#2487,.T.);
#2489=EDGE_LOOP('',(#2480,#2481,#2482,#2488));
#2490=FACE_BOUND('',#2489,.T.);
#2491=ADVANCED_FACE('',(#2490),#2472,.F.);
#2492=CARTESIAN_POINT('',(5.146893759,7.63000005,4.914389031));
#2493=DIRECTION('',(0.,-1.,0.));
#2494=DIRECTION('',(-0.000000001,-0.,-1.));
#2495=AXIS2_PLACEMENT_3D('',#2492,#2493,#2494);
#2496=CYLINDRICAL_SURFACE('',#2495,0.05);
#2497=CARTESIAN_POINT('',(5.096893759,7.51000005,4.91438903));
#2498=VERTEX_POINT('',#2497);
#2499=CARTESIAN_POINT('',(5.096893759,7.580000043,4.91438903));
#2500=DIRECTION('',(0.,-1.,0.000000004));
#2501=VECTOR('',#2500,0.069999993);
#2502=LINE('',#2499,#2501);
#2503=EDGE_CURVE('',#1908,#2498,#2502,.T.);
#2504=ORIENTED_EDGE('',*,*,#2503,.F.);
#2505=ORIENTED_EDGE('',*,*,#1914,.T.);
#2506=ORIENTED_EDGE('',*,*,#2479,.F.);
#2507=CARTESIAN_POINT('',(5.146893759,7.51000005,4.914389031));
#2508=DIRECTION('',(0.,-1.,0.));
#2509=DIRECTION('',(-0.000000001,-0.,-1.));
#2510=AXIS2_PLACEMENT_3D('',#2507,#2508,#2509);
#2511=CIRCLE('',#2510,0.05);
#2512=EDGE_CURVE('',#2498,#2474,#2511,.T.);
#2513=ORIENTED_EDGE('',*,*,#2512,.F.);
#2514=EDGE_LOOP('',(#2504,#2505,#2506,#2513));
#2515=FACE_BOUND('',#2514,.T.);
#2516=ADVANCED_FACE('',(#2515),#2496,.T.);
#2517=CARTESIAN_POINT('',(5.096893759,7.63000005,4.96438903));
#2518=DIRECTION('',(1.,0.,-0.));
#2519=DIRECTION('',(-0.,0.999815137,-0.019227347));
#2520=AXIS2_PLACEMENT_3D('',#2517,#2518,#2519);
#2521=PLANE('',#2520);
#2522=CARTESIAN_POINT('',(5.096893759,7.51000005,5.014389031));
#2523=VERTEX_POINT('',#2522);
#2524=CARTESIAN_POINT('',(5.096893759,7.51000005,5.014389031));
#2525=DIRECTION('',(-0.,1.,-0.000000003));
#2526=VECTOR('',#2525,0.07);
#2527=LINE('',#2524,#2526);
#2528=EDGE_CURVE('',#2523,#1933,#2527,.T.);
#2529=ORIENTED_EDGE('',*,*,#2528,.T.);
#2530=ORIENTED_EDGE('',*,*,#1938,.T.);
#2531=ORIENTED_EDGE('',*,*,#2503,.T.);
#2532=CARTESIAN_POINT('',(5.096893759,7.51000005,4.91438903));
#2533=DIRECTION('',(0.,0.000000005,1.));
#2534=VECTOR('',#2533,0.100000001);
#2535=LINE('',#2532,#2534);
#2536=EDGE_CURVE('',#2498,#2523,#2535,.T.);
#2537=ORIENTED_EDGE('',*,*,#2536,.T.);
#2538=EDGE_LOOP('',(#2529,#2530,#2531,#2537));
#2539=FACE_BOUND('',#2538,.T.);
#2540=ADVANCED_FACE('',(#2539),#2521,.F.);
#2541=CARTESIAN_POINT('',(5.146893759,7.63000005,5.014389031));
#2542=DIRECTION('',(0.,-1.,0.));
#2543=DIRECTION('',(-0.000000001,-0.,-1.));
#2544=AXIS2_PLACEMENT_3D('',#2541,#2542,#2543);
#2545=CYLINDRICAL_SURFACE('',#2544,0.05);
#2546=CARTESIAN_POINT('',(5.14689382,7.51000005,5.064389038));
#2547=VERTEX_POINT('',#2546);
#2548=CARTESIAN_POINT('',(5.14689376,7.580000022,5.06438903));
#2549=DIRECTION('',(0.000000042,-1.,-0.));
#2550=VECTOR('',#2549,0.069999972);
#2551=LINE('',#2548,#2550);
#2552=EDGE_CURVE('',#1958,#2547,#2551,.T.);
#2553=ORIENTED_EDGE('',*,*,#2552,.F.);
#2554=ORIENTED_EDGE('',*,*,#1964,.T.);
#2555=ORIENTED_EDGE('',*,*,#2528,.F.);
#2556=CARTESIAN_POINT('',(5.146893759,7.51000005,5.014389031));
#2557=DIRECTION('',(0.,-1.,0.));
#2558=DIRECTION('',(-0.000000001,-0.,-1.));
#2559=AXIS2_PLACEMENT_3D('',#2556,#2557,#2558);
#2560=CIRCLE('',#2559,0.05);
#2561=EDGE_CURVE('',#2547,#2523,#2560,.T.);
#2562=ORIENTED_EDGE('',*,*,#2561,.F.);
#2563=EDGE_LOOP('',(#2553,#2554,#2555,#2562));
#2564=FACE_BOUND('',#2563,.T.);
#2565=ADVANCED_FACE('',(#2564),#2545,.T.);
#2566=CARTESIAN_POINT('',(5.79689376,7.63000005,5.06438903));
#2567=DIRECTION('',(0.,0.,-1.));
#2568=DIRECTION('',(-0.000000042,1.,0.));
#2569=AXIS2_PLACEMENT_3D('',#2566,#2567,#2568);
#2570=PLANE('',#2569);
#2571=CARTESIAN_POINT('',(6.47689376,7.510000078,5.06438903));
#2572=VERTEX_POINT('',#2571);
#2573=CARTESIAN_POINT('',(6.47689376,7.510000078,5.06438903));
#2574=DIRECTION('',(-0.000000042,1.,0.));
#2575=VECTOR('',#2574,0.069999972);
#2576=LINE('',#2573,#2575);
#2577=EDGE_CURVE('',#2572,#1983,#2576,.T.);
#2578=ORIENTED_EDGE('',*,*,#2577,.T.);
#2579=ORIENTED_EDGE('',*,*,#1988,.T.);
#2580=ORIENTED_EDGE('',*,*,#2552,.T.);
#2581=CARTESIAN_POINT('',(5.14689382,7.51000005,5.06438903));
#2582=DIRECTION('',(1.,0.000000042,0.));
#2583=VECTOR('',#2582,1.32999994);
#2584=LINE('',#2581,#2583);
#2585=EDGE_CURVE('',#2547,#2572,#2584,.T.);
#2586=ORIENTED_EDGE('',*,*,#2585,.T.);
#2587=EDGE_LOOP('',(#2578,#2579,#2580,#2586));
#2588=FACE_BOUND('',#2587,.T.);
#2589=ADVANCED_FACE('',(#2588),#2570,.F.);
#2590=CARTESIAN_POINT('',(6.47689376,7.63000005,5.08438903));
#2591=DIRECTION('',(0.,-1.,0.));
#2592=DIRECTION('',(-0.000000001,-0.,-1.));
#2593=AXIS2_PLACEMENT_3D('',#2590,#2591,#2592);
#2594=CYLINDRICAL_SURFACE('',#2593,0.02);
#2595=CARTESIAN_POINT('',(6.49689376,7.510000025,5.08438903));
#2596=VERTEX_POINT('',#2595);
#2597=CARTESIAN_POINT('',(6.49689376,7.58000005,5.08438903));
#2598=DIRECTION('',(0.,-1.,0.000000003));
#2599=VECTOR('',#2598,0.070000024);
#2600=LINE('',#2597,#2599);
#2601=EDGE_CURVE('',#2008,#2596,#2600,.T.);
#2602=ORIENTED_EDGE('',*,*,#2601,.F.);
#2603=ORIENTED_EDGE('',*,*,#2014,.T.);
#2604=ORIENTED_EDGE('',*,*,#2577,.F.);
#2605=CARTESIAN_POINT('',(6.47689376,7.51000005,5.08438903));
#2606=DIRECTION('',(-0.,1.,-0.));
#2607=DIRECTION('',(-0.000000001,-0.,-1.));
#2608=AXIS2_PLACEMENT_3D('',#2605,#2606,#2607);
#2609=CIRCLE('',#2608,0.02);
#2610=EDGE_CURVE('',#2596,#2572,#2609,.T.);
#2611=ORIENTED_EDGE('',*,*,#2610,.F.);
#2612=EDGE_LOOP('',(#2602,#2603,#2604,#2611));
#2613=FACE_BOUND('',#2612,.T.);
#2614=ADVANCED_FACE('',(#2613),#2594,.F.);
#2615=CARTESIAN_POINT('',(6.49689376,7.63000005,5.76438903));
#2616=DIRECTION('',(-1.,-0.,0.));
#2617=DIRECTION('',(0.,-0.999815137,0.019227347));
#2618=AXIS2_PLACEMENT_3D('',#2615,#2616,#2617);
#2619=PLANE('',#2618);
#2620=ORIENTED_EDGE('',*,*,#2064,.T.);
#2621=ORIENTED_EDGE('',*,*,#2039,.T.);
#2622=ORIENTED_EDGE('',*,*,#2601,.T.);
#2623=CARTESIAN_POINT('',(6.49689376,7.51,6.41438903));
#2624=DIRECTION('',(-0.,-0.,-1.));
#2625=VECTOR('',#2624,1.33);
#2626=LINE('',#2623,#2625);
#2627=EDGE_CURVE('',#2059,#2596,#2626,.T.);
#2628=ORIENTED_EDGE('',*,*,#2627,.F.);
#2629=EDGE_LOOP('',(#2620,#2621,#2622,#2628));
#2630=FACE_BOUND('',#2629,.T.);
#2631=ADVANCED_FACE('',(#2630),#2619,.T.);
#2632=CARTESIAN_POINT('',(-120.503106361,7.51,-434.835610934));
#2633=DIRECTION('',(0.,-1.,0.));
#2634=DIRECTION('',(1.,0.,-0.));
#2635=AXIS2_PLACEMENT_3D('',#2632,#2633,#2634);
#2636=PLANE('',#2635);
#2637=CARTESIAN_POINT('',(6.596893758,7.51000005,3.364389031));
#2638=VERTEX_POINT('',#2637);
#2639=CARTESIAN_POINT('',(6.596893759,7.51000005,4.96438903));
#2640=DIRECTION('',(-0.,1.,-0.));
#2641=DIRECTION('',(-0.000000001,-0.,-1.));
#2642=AXIS2_PLACEMENT_3D('',#2639,#2640,#2641);
#2643=CIRCLE('',#2642,1.599999999);
#2644=EDGE_CURVE('',#2638,#2638,#2643,.T.);
#2645=ORIENTED_EDGE('',*,*,#2644,.T.);
#2646=EDGE_LOOP('',(#2645));
#2647=FACE_BOUND('',#2646,.T.);
#2648=ORIENTED_EDGE('',*,*,#2627,.T.);
#2649=ORIENTED_EDGE('',*,*,#2610,.T.);
#2650=ORIENTED_EDGE('',*,*,#2585,.F.);
#2651=ORIENTED_EDGE('',*,*,#2561,.T.);
#2652=ORIENTED_EDGE('',*,*,#2536,.F.);
#2653=ORIENTED_EDGE('',*,*,#2512,.T.);
#2654=ORIENTED_EDGE('',*,*,#2487,.F.);
#2655=ORIENTED_EDGE('',*,*,#2463,.T.);
#2656=ORIENTED_EDGE('',*,*,#2438,.T.);
#2657=ORIENTED_EDGE('',*,*,#2414,.T.);
#2658=ORIENTED_EDGE('',*,*,#2389,.T.);
#2659=ORIENTED_EDGE('',*,*,#2365,.T.);
#2660=ORIENTED_EDGE('',*,*,#2340,.T.);
#2661=ORIENTED_EDGE('',*,*,#2316,.T.);
#2662=ORIENTED_EDGE('',*,*,#2291,.F.);
#2663=ORIENTED_EDGE('',*,*,#2267,.T.);
#2664=ORIENTED_EDGE('',*,*,#2242,.F.);
#2665=ORIENTED_EDGE('',*,*,#2218,.T.);
#2666=ORIENTED_EDGE('',*,*,#2193,.F.);
#2667=ORIENTED_EDGE('',*,*,#2169,.T.);
#2668=ORIENTED_EDGE('',*,*,#2144,.T.);
#2669=ORIENTED_EDGE('',*,*,#2120,.T.);
#2670=ORIENTED_EDGE('',*,*,#2095,.T.);
#2671=ORIENTED_EDGE('',*,*,#2071,.T.);
#2672=EDGE_LOOP('',(#2648,#2649,#2650,#2651,#2652,#2653,#2654,#2655,#2656,#2657,#2658,#2659,#2660,#2661,#2662,#2663,#2664,#2665,#2666,#2667,#2668,#2669,#2670,#2671));
#2673=FACE_BOUND('',#2672,.T.);
#2674=ADVANCED_FACE('',(#2647,#2673),#2636,.F.);
#2675=CARTESIAN_POINT('',(6.596893759,7.41000005,4.96438903));
#2676=DIRECTION('',(0.,-1.,0.));
#2677=DIRECTION('',(-0.000000001,-0.,-1.));
#2678=AXIS2_PLACEMENT_3D('',#2675,#2676,#2677);
#2679=TOROIDAL_SURFACE('',#2678,1.6,0.1);
#2680=CARTESIAN_POINT('',(6.596893758,7.41000005,3.26438903));
#2681=VERTEX_POINT('',#2680);
#2682=CARTESIAN_POINT('',(6.596893758,7.41000005,3.36438903));
#2683=DIRECTION('',(1.,0.,-0.000000001));
#2684=DIRECTION('',(-0.000000001,-0.,-1.));
#2685=AXIS2_PLACEMENT_3D('',#2682,#2683,#2684);
#2686=CIRCLE('',#2685,0.1);
#2687=EDGE_CURVE('',#2681,#2638,#2686,.T.);
#2688=ORIENTED_EDGE('',*,*,#2687,.T.);
#2689=ORIENTED_EDGE('',*,*,#2644,.F.);
#2690=ORIENTED_EDGE('',*,*,#2687,.F.);
#2691=CARTESIAN_POINT('',(6.596893759,7.410000049,4.96438903));
#2692=DIRECTION('',(0.,-1.,0.));
#2693=DIRECTION('',(-0.000000001,-0.,-1.));
#2694=AXIS2_PLACEMENT_3D('',#2691,#2692,#2693);
#2695=CIRCLE('',#2694,1.7);
#2696=EDGE_CURVE('',#2681,#2681,#2695,.T.);
#2697=ORIENTED_EDGE('',*,*,#2696,.F.);
#2698=EDGE_LOOP('',(#2688,#2689,#2690,#2697));
#2699=FACE_BOUND('',#2698,.T.);
#2700=ADVANCED_FACE('',(#2699),#2679,.T.);
#2701=CARTESIAN_POINT('',(6.596893759,7.51000005,4.96438903));
#2702=DIRECTION('',(0.,-1.,0.));
#2703=DIRECTION('',(-0.000000001,-0.,-1.));
#2704=AXIS2_PLACEMENT_3D('',#2701,#2702,#2703);
#2705=CYLINDRICAL_SURFACE('',#2704,1.7);
#2706=CARTESIAN_POINT('',(6.596893758,7.31,3.26438903));
#2707=VERTEX_POINT('',#2706);
#2708=CARTESIAN_POINT('',(6.596893758,7.31,3.26438903));
#2709=DIRECTION('',(-0.,1.,-0.));
#2710=VECTOR('',#2709,0.100000049);
#2711=LINE('',#2708,#2710);
#2712=EDGE_CURVE('',#2707,#2681,#2711,.T.);
#2713=ORIENTED_EDGE('',*,*,#2712,.T.);
#2714=ORIENTED_EDGE('',*,*,#2696,.T.);
#2715=ORIENTED_EDGE('',*,*,#2712,.F.);
#2716=CARTESIAN_POINT('',(6.596893761,7.31,6.66438903));
#2717=VERTEX_POINT('',#2716);
#2718=CARTESIAN_POINT('',(6.596893759,7.31,4.96438903));
#2719=DIRECTION('',(-0.,1.,0.));
#2720=DIRECTION('',(0.000000001,-0.,1.));
#2721=AXIS2_PLACEMENT_3D('',#2718,#2719,#2720);
#2722=CIRCLE('',#2721,1.7);
#2723=EDGE_CURVE('',#2707,#2717,#2722,.T.);
#2724=ORIENTED_EDGE('',*,*,#2723,.T.);
#2725=CARTESIAN_POINT('',(6.596893759,7.31,4.96438903));
#2726=DIRECTION('',(-0.,1.,0.));
#2727=DIRECTION('',(0.000000001,-0.,1.));
#2728=AXIS2_PLACEMENT_3D('',#2725,#2726,#2727);
#2729=CIRCLE('',#2728,1.7);
#2730=EDGE_CURVE('',#2717,#2707,#2729,.T.);
#2731=ORIENTED_EDGE('',*,*,#2730,.T.);
#2732=EDGE_LOOP('',(#2713,#2714,#2715,#2724,#2731));
#2733=FACE_BOUND('',#2732,.T.);
#2734=ADVANCED_FACE('',(#2733),#2705,.T.);
#2735=CARTESIAN_POINT('',(6.596893759,7.26,4.96438903));
#2736=DIRECTION('',(0.,-1.,-0.));
#2737=DIRECTION('',(-0.000000001,0.,-1.));
#2738=AXIS2_PLACEMENT_3D('',#2735,#2736,#2737);
#2739=CONICAL_SURFACE('',#2738,1.75,45.);
#2740=CARTESIAN_POINT('',(6.596893758,7.29,3.24438903));
#2741=DIRECTION('',(0.000000001,0.707106781,0.707106781));
#2742=VECTOR('',#2741,0.028284271);
#2743=LINE('',#2740,#2742);
#2744=EDGE_CURVE('',#1271,#2707,#2743,.T.);
#2745=ORIENTED_EDGE('',*,*,#2744,.T.);
#2746=ORIENTED_EDGE('',*,*,#2730,.F.);
#2747=ORIENTED_EDGE('',*,*,#2723,.F.);
#2748=ORIENTED_EDGE('',*,*,#2744,.F.);
#2749=ORIENTED_EDGE('',*,*,#1277,.F.);
#2750=ORIENTED_EDGE('',*,*,#1284,.F.);
#2751=EDGE_LOOP('',(#2745,#2746,#2747,#2748,#2749,#2750));
#2752=FACE_BOUND('',#2751,.T.);
#2753=ADVANCED_FACE('',(#2752),#2739,.T.);
#2754=CARTESIAN_POINT('',(6.596893759,7.26,4.96438903));
#2755=DIRECTION('',(-0.,1.,0.));
#2756=DIRECTION('',(0.000000001,-0.,1.));
#2757=AXIS2_PLACEMENT_3D('',#2754,#2755,#2756);
#2758=CONICAL_SURFACE('',#2757,1.95,45.);
#2759=CARTESIAN_POINT('',(6.596893761,7.31,6.96438903));
#2760=DIRECTION('',(-0.000000001,-0.707106781,-0.707106781));
#2761=VECTOR('',#2760,0.028284271);
#2762=LINE('',#2759,#2761);
#2763=EDGE_CURVE('',#504,#1289,#2762,.T.);
#2764=ORIENTED_EDGE('',*,*,#2763,.F.);
#2765=ORIENTED_EDGE('',*,*,#512,.T.);
#2766=ORIENTED_EDGE('',*,*,#519,.T.);
#2767=ORIENTED_EDGE('',*,*,#2763,.T.);
#2768=ORIENTED_EDGE('',*,*,#1295,.F.);
#2769=EDGE_LOOP('',(#2764,#2765,#2766,#2767,#2768));
#2770=FACE_BOUND('',#2769,.T.);
#2771=ADVANCED_FACE('',(#2770),#2758,.F.);
#2772=CARTESIAN_POINT('',(9.320409486,6.809999999,7.797210537));
#2773=CARTESIAN_POINT('',(9.214370766,6.809999999,8.062732842));
#2774=CARTESIAN_POINT('',(9.06291942,6.809999999,8.310051789));
#2775=CARTESIAN_POINT('',(8.68630422,6.809999999,8.740337984));
#2776=CARTESIAN_POINT('',(8.461222837,6.809999998,8.923211007));
#2777=CARTESIAN_POINT('',(7.962944829,6.809999998,9.203753775));
#2778=CARTESIAN_POINT('',(7.689857317,6.809999998,9.301362086));
#2779=CARTESIAN_POINT('',(7.126641894,6.809999998,9.400223635));
#2780=CARTESIAN_POINT('',(6.836637317,6.809999998,9.401455225));
#2781=CARTESIAN_POINT('',(6.554619926,6.809999998,9.354418049));
#2782=CARTESIAN_POINT('',(9.320409486,6.843333334,7.797210537));
#2783=CARTESIAN_POINT('',(9.214370766,6.843333334,8.062732842));
#2784=CARTESIAN_POINT('',(9.06291942,6.843333334,8.310051789));
#2785=CARTESIAN_POINT('',(8.68630422,6.843333334,8.740337984));
#2786=CARTESIAN_POINT('',(8.461222837,6.843333334,8.923211007));
#2787=CARTESIAN_POINT('',(7.962944829,6.843333334,9.203753775));
#2788=CARTESIAN_POINT('',(7.689857317,6.843333334,9.301362086));
#2789=CARTESIAN_POINT('',(7.126641894,6.843333333,9.400223635));
#2790=CARTESIAN_POINT('',(6.836637317,6.843333333,9.401455225));
#2791=CARTESIAN_POINT('',(6.554619926,6.843333333,9.354418049));
#2792=CARTESIAN_POINT('',(9.320409485,6.876666669,7.797210537));
#2793=CARTESIAN_POINT('',(9.214370766,6.876666669,8.062732842));
#2794=CARTESIAN_POINT('',(9.06291942,6.876666669,8.310051789));
#2795=CARTESIAN_POINT('',(8.68630422,6.876666669,8.740337984));
#2796=CARTESIAN_POINT('',(8.461222837,6.876666669,8.923211007));
#2797=CARTESIAN_POINT('',(7.962944829,6.876666669,9.203753775));
#2798=CARTESIAN_POINT('',(7.689857317,6.876666669,9.301362086));
#2799=CARTESIAN_POINT('',(7.126641894,6.876666669,9.400223635));
#2800=CARTESIAN_POINT('',(6.836637317,6.876666669,9.401455225));
#2801=CARTESIAN_POINT('',(6.554619926,6.876666669,9.354418049));
#2802=CARTESIAN_POINT('',(9.320409485,6.910000004,7.797210537));
#2803=CARTESIAN_POINT('',(9.214370766,6.910000004,8.062732842));
#2804=CARTESIAN_POINT('',(9.06291942,6.910000004,8.310051789));
#2805=CARTESIAN_POINT('',(8.68630422,6.910000004,8.740337984));
#2806=CARTESIAN_POINT('',(8.461222837,6.910000004,8.923211007));
#2807=CARTESIAN_POINT('',(7.962944829,6.910000004,9.203753775));
#2808=CARTESIAN_POINT('',(7.689857317,6.910000004,9.301362086));
#2809=CARTESIAN_POINT('',(7.126641894,6.910000004,9.400223635));
#2810=CARTESIAN_POINT('',(6.836637317,6.910000004,9.401455225));
#2811=CARTESIAN_POINT('',(6.554619926,6.910000004,9.354418049));
#2812=B_SPLINE_SURFACE_WITH_KNOTS('',3,3,((#2772,#2773,#2774,#2775,#2776,#2777,#2778,#2779,#2780,#2781),(#2782,#2783,#2784,#2785,#2786,#2787,#2788,#2789,#2790,#2791),(#2792,#2793,#2794,#2795,#2796,#2797,#2798,#2799,#2800,#2801),(#2802,#2803,#2804,#2805,#2806,#2807,#2808,#2809,#2810,#2811)),.UNSPECIFIED.,.F.,.F.,.U.,(4,4),(4,2,2,2,4),(0.002,0.0021),(0.,0.260523307,0.521046613,0.78156992,1.042093227),.UNSPECIFIED.);
#2813=ORIENTED_EDGE('',*,*,#136,.F.);
#2814=CARTESIAN_POINT('',(9.320409485,6.909999999,7.797210537));
#2815=CARTESIAN_POINT('',(9.214370766,6.909999999,8.062732842));
#2816=CARTESIAN_POINT('',(9.062919421,6.909999999,8.310051789));
#2817=CARTESIAN_POINT('',(8.874611821,6.909999999,8.525194886));
#2818=CARTESIAN_POINT('',(8.686304221,6.909999999,8.740337983));
#2819=CARTESIAN_POINT('',(8.461222838,6.909999999,8.923211006));
#2820=CARTESIAN_POINT('',(8.212083834,6.91,9.06348239));
#2821=CARTESIAN_POINT('',(7.96294483,6.91,9.203753774));
#2822=CARTESIAN_POINT('',(7.689857319,6.91,9.301362085));
#2823=CARTESIAN_POINT('',(7.408249608,6.91,9.35079286));
#2824=CARTESIAN_POINT('',(7.126641897,6.91,9.400223635));
#2825=CARTESIAN_POINT('',(6.83663732,6.91,9.401455225));
#2826=CARTESIAN_POINT('',(6.55461993,6.91,9.35441805));
#2827=B_SPLINE_CURVE_WITH_KNOTS('',3,(#2814,#2815,#2816,#2817,#2818,#2819,#2820,#2821,#2822,#2823,#2824,#2825,#2826),.UNSPECIFIED.,.F.,.F.,(4,3,3,3,4),(0.,0.25,0.5,0.75,1.),.UNSPECIFIED.);
#2828=EDGE_CURVE('',#121,#160,#2827,.T.);
#2829=ORIENTED_EDGE('',*,*,#2828,.T.);
#2830=ORIENTED_EDGE('',*,*,#166,.F.);
#2831=ORIENTED_EDGE('',*,*,#384,.F.);
#2832=EDGE_LOOP('',(#2813,#2829,#2830,#2831));
#2833=FACE_BOUND('',#2832,.T.);
#2834=ADVANCED_FACE('',(#2833),#2812,.T.);
#2835=CARTESIAN_POINT('',(3.790651738,7.31,1.944526755));
#2836=DIRECTION('',(0.,-1.,0.));
#2837=DIRECTION('',(-0.000000001,-0.,-1.));
#2838=AXIS2_PLACEMENT_3D('',#2835,#2836,#2837);
#2839=CONICAL_SURFACE('',#2838,0.620991652,45.);
#2840=CARTESIAN_POINT('',(3.790651737,6.91,0.923535103));
#2841=DIRECTION('',(0.000000001,0.707106781,0.707106781));
#2842=VECTOR('',#2841,0.565685425);
#2843=LINE('',#2840,#2842);
#2844=EDGE_CURVE('',#239,#454,#2843,.T.);
#2845=ORIENTED_EDGE('',*,*,#2844,.T.);
#2846=ORIENTED_EDGE('',*,*,#460,.F.);
#2847=CARTESIAN_POINT('',(3.832400712,6.91,0.92438903));
#2848=CARTESIAN_POINT('',(3.829673451,7.04333721,1.057726241));
#2849=CARTESIAN_POINT('',(3.826704073,7.176671638,1.191060669));
#2850=CARTESIAN_POINT('',(3.82320684,7.31,1.32438903));
#2851=B_SPLINE_CURVE_WITH_KNOTS('',3,(#2847,#2848,#2849,#2850),.UNSPECIFIED.,.F.,.F.,(4,4),(0.,0.00056576),.UNSPECIFIED.);
#2852=EDGE_CURVE('',#248,#446,#2851,.T.);
#2853=ORIENTED_EDGE('',*,*,#2852,.F.);
#2854=ORIENTED_EDGE('',*,*,#254,.F.);
#2855=EDGE_LOOP('',(#2845,#2846,#2853,#2854));
#2856=FACE_BOUND('',#2855,.T.);
#2857=ADVANCED_FACE('',(#2856),#2839,.T.);
#2858=CARTESIAN_POINT('',(3.376456308,7.31,1.477488266));
#2859=CARTESIAN_POINT('',(3.365858624,7.31,1.490631444));
#2860=CARTESIAN_POINT('',(3.355779041,7.31,1.503255934));
#2861=CARTESIAN_POINT('',(3.306176982,7.31,1.566408311));
#2862=CARTESIAN_POINT('',(3.276432681,7.31,1.609819951));
#2863=CARTESIAN_POINT('',(3.238807972,7.31,1.682368656));
#2864=CARTESIAN_POINT('',(3.228478091,7.31,1.713339556));
#2865=CARTESIAN_POINT('',(3.212794337,7.31,1.801457408));
#2866=CARTESIAN_POINT('',(3.208983418,7.31,1.857820008));
#2867=CARTESIAN_POINT('',(3.209007567,7.31,2.04665594));
#2868=CARTESIAN_POINT('',(3.222479411,7.31,2.194770273));
#2869=CARTESIAN_POINT('',(3.255659642,7.31,2.494554707));
#2870=CARTESIAN_POINT('',(3.27583198,7.31,2.64819723));
#2871=CARTESIAN_POINT('',(3.379807157,7.31,3.417999442));
#2872=CARTESIAN_POINT('',(3.470162335,7.31,4.044700384));
#2873=CARTESIAN_POINT('',(3.551381628,7.31,4.667844382));
#2874=CARTESIAN_POINT('',(3.065613854,6.91,1.225677661));
#2875=CARTESIAN_POINT('',(3.054272449,6.91,1.239761719));
#2876=CARTESIAN_POINT('',(3.043020681,6.91,1.253875087));
#2877=CARTESIAN_POINT('',(2.983758299,6.91,1.32932676));
#2878=CARTESIAN_POINT('',(2.938990328,6.91,1.39164177));
#2879=CARTESIAN_POINT('',(2.866074162,6.91,1.532240149));
#2880=CARTESIAN_POINT('',(2.840585672,6.91,1.609994527));
#2881=CARTESIAN_POINT('',(2.813065067,6.91,1.764616584));
#2882=CARTESIAN_POINT('',(2.808981495,6.91,1.842888903));
#2883=CARTESIAN_POINT('',(2.809011424,6.91,2.076671774));
#2884=CARTESIAN_POINT('',(2.824235243,6.91,2.232703024));
#2885=CARTESIAN_POINT('',(2.8587593,6.91,2.544628829));
#2886=CARTESIAN_POINT('',(2.879247771,6.91,2.700378163));
#2887=CARTESIAN_POINT('',(2.984141321,6.91,3.476979667));
#2888=CARTESIAN_POINT('',(3.07361522,6.91,4.097149981));
#2889=CARTESIAN_POINT('',(3.154736538,6.91,4.719542278));
#2890=B_SPLINE_SURFACE_WITH_KNOTS('',1,3,((#2858,#2859,#2860,#2861,#2862,#2863,#2864,#2865,#2866,#2867,#2868,#2869,#2870,#2871,#2872,#2873),(#2874,#2875,#2876,#2877,#2878,#2879,#2880,#2881,#2882,#2883,#2884,#2885,#2886,#2887,#2888,#2889)),.UNSPECIFIED.,.F.,.F.,.U.,(2,2),(4,2,2,2,2,2,2,4),(0.,1.),(0.000477207,0.015625,0.08125,0.146875,0.2125,0.34375,0.475,1.),.UNSPECIFIED.);
#2891=CARTESIAN_POINT('',(3.362987262,7.31,1.494267132));
#2892=CARTESIAN_POINT('',(3.28512639,7.204598997,1.422853192));
#2893=CARTESIAN_POINT('',(3.18621741,7.071265731,1.333094241));
#2894=CARTESIAN_POINT('',(3.066253663,6.910000202,1.225033204));
#2895=B_SPLINE_CURVE_WITH_KNOTS('',3,(#2891,#2892,#2893,#2894),.UNSPECIFIED.,.F.,.F.,(4,4),(0.,1.),.UNSPECIFIED.);
#2896=EDGE_CURVE('',#463,#206,#2895,.T.);
#2897=ORIENTED_EDGE('',*,*,#2896,.T.);
#2898=ORIENTED_EDGE('',*,*,#212,.F.);
#2899=CARTESIAN_POINT('',(3.551381628,7.31,4.667844382));
#2900=CARTESIAN_POINT('',(3.419166598,7.176666667,4.685077014));
#2901=CARTESIAN_POINT('',(3.286951568,7.043333334,4.702309646));
#2902=CARTESIAN_POINT('',(3.154736538,6.91,4.719542278));
#2903=B_SPLINE_CURVE_WITH_KNOTS('',3,(#2899,#2900,#2901,#2902),.UNSPECIFIED.,.F.,.F.,(4,4),(0.,1.),.UNSPECIFIED.);
#2904=EDGE_CURVE('',#472,#169,#2903,.T.);
#2905=ORIENTED_EDGE('',*,*,#2904,.F.);
#2906=ORIENTED_EDGE('',*,*,#487,.F.);
#2907=EDGE_LOOP('',(#2897,#2898,#2905,#2906));
#2908=FACE_BOUND('',#2907,.T.);
#2909=ADVANCED_FACE('',(#2908),#2890,.T.);
#2910=CARTESIAN_POINT('',(-120.503106361,7.31,1.32438903));
#2911=DIRECTION('',(-0.,0.707106781,-0.707106781));
#2912=DIRECTION('',(1.,0.,0.));
#2913=AXIS2_PLACEMENT_3D('',#2910,#2911,#2912);
#2914=PLANE('',#2913);
#2915=ORIENTED_EDGE('',*,*,#2852,.T.);
#2916=ORIENTED_EDGE('',*,*,#451,.F.);
#2917=CARTESIAN_POINT('',(9.453196232,6.91,0.92438903));
#2918=DIRECTION('',(-0.,0.707106781,0.707106781));
#2919=VECTOR('',#2918,0.565685426);
#2920=LINE('',#2917,#2919);
#2921=EDGE_CURVE('',#35,#437,#2920,.T.);
#2922=ORIENTED_EDGE('',*,*,#2921,.F.);
#2923=ORIENTED_EDGE('',*,*,#284,.F.);
#2924=EDGE_LOOP('',(#2915,#2916,#2922,#2923));
#2925=FACE_BOUND('',#2924,.T.);
#2926=ADVANCED_FACE('',(#2925),#2914,.T.);
#2927=CARTESIAN_POINT('',(6.69187406,6.91,9.373463254));
#2928=CARTESIAN_POINT('',(6.162783281,6.91,9.314765139));
#2929=CARTESIAN_POINT('',(5.6311507,6.91,9.170722389));
#2930=CARTESIAN_POINT('',(4.938774612,6.91,8.768499995));
#2931=CARTESIAN_POINT('',(4.724823351,6.91,8.603293387));
#2932=CARTESIAN_POINT('',(4.347742893,6.91,8.223043233));
#2933=CARTESIAN_POINT('',(4.184888645,6.91,8.009173294));
#2934=CARTESIAN_POINT('',(3.767474135,6.91,7.323600572));
#2935=CARTESIAN_POINT('',(3.584098364,6.91,6.814307772));
#2936=CARTESIAN_POINT('',(3.314077039,6.91,5.779440857));
#2937=CARTESIAN_POINT('',(3.226229364,6.91,5.249072511));
#2938=CARTESIAN_POINT('',(3.154736538,6.91,4.719542278));
#2939=CARTESIAN_POINT('',(6.735980055,7.31,8.975902364));
#2940=CARTESIAN_POINT('',(6.245694994,7.31,8.921509424));
#2941=CARTESIAN_POINT('',(5.772732099,7.31,8.790373422));
#2942=CARTESIAN_POINT('',(5.16937593,7.31,8.439865408));
#2943=CARTESIAN_POINT('',(4.984620405,7.31,8.297206319));
#2944=CARTESIAN_POINT('',(4.655993881,7.31,7.965817402));
#2945=CARTESIAN_POINT('',(4.512282365,7.31,7.777731285));
#2946=CARTESIAN_POINT('',(4.13765233,7.31,7.162428944));
#2947=CARTESIAN_POINT('',(3.964783331,7.31,6.688956609));
#2948=CARTESIAN_POINT('',(3.70747565,7.31,5.702815255));
#2949=CARTESIAN_POINT('',(3.621458042,7.31,5.186852104));
#2950=CARTESIAN_POINT('',(3.551139996,7.31,4.666023137));
#2951=B_SPLINE_SURFACE_WITH_KNOTS('',1,3,((#2927,#2928,#2929,#2930,#2931,#2932,#2933,#2934,#2935,#2936,#2937,#2938),(#2939,#2940,#2941,#2942,#2943,#2944,#2945,#2946,#2947,#2948,#2949,#2950)),.UNSPECIFIED.,.F.,.F.,.U.,(2,2),(4,2,2,2,2,4),(0.,1.),(0.009810926,0.257358195,0.381131829,0.504905463,0.752452732,1.),.UNSPECIFIED.);
#2952=ORIENTED_EDGE('',*,*,#2904,.T.);
#2953=ORIENTED_EDGE('',*,*,#175,.F.);
#2954=CARTESIAN_POINT('',(6.735980055,7.31,8.975902364));
#2955=CARTESIAN_POINT('',(6.721279202,7.176677052,9.108412339));
#2956=CARTESIAN_POINT('',(6.706578349,7.043354104,9.240922314));
#2957=CARTESIAN_POINT('',(6.691877496,6.910031156,9.373432289));
#2958=B_SPLINE_CURVE_WITH_KNOTS('',3,(#2954,#2955,#2956,#2957),.UNSPECIFIED.,.F.,.F.,(4,4),(0.,1.),.UNSPECIFIED.);
#2959=EDGE_CURVE('',#401,#160,#2958,.T.);
#2960=ORIENTED_EDGE('',*,*,#2959,.F.);
#2961=ORIENTED_EDGE('',*,*,#499,.F.);
#2962=EDGE_LOOP('',(#2952,#2953,#2960,#2961));
#2963=FACE_BOUND('',#2962,.T.);
#2964=ADVANCED_FACE('',(#2963),#2951,.T.);
#2965=CARTESIAN_POINT('',(9.453196232,6.91,1.89438903));
#2966=DIRECTION('',(0.,-1.,0.));
#2967=DIRECTION('',(-0.000000001,-0.,-1.));
#2968=AXIS2_PLACEMENT_3D('',#2965,#2966,#2967);
#2969=CONICAL_SURFACE('',#2968,0.97,45.);
#2970=ORIENTED_EDGE('',*,*,#2921,.T.);
#2971=ORIENTED_EDGE('',*,*,#443,.F.);
#2972=CARTESIAN_POINT('',(10.422648864,6.910051092,1.86336519));
#2973=CARTESIAN_POINT('',(10.259917586,7.072522927,1.857856947));
#2974=CARTESIAN_POINT('',(10.126248775,7.20583923,1.854718126));
#2975=CARTESIAN_POINT('',(10.02171109,7.31,1.853269004));
#2976=B_SPLINE_CURVE_WITH_KNOTS('',3,(#2972,#2973,#2974,#2975),.UNSPECIFIED.,.F.,.F.,(4,4),(0.,1.),.UNSPECIFIED.);
#2977=EDGE_CURVE('',#43,#423,#2976,.T.);
#2978=ORIENTED_EDGE('',*,*,#2977,.F.);
#2979=ORIENTED_EDGE('',*,*,#49,.F.);
#2980=EDGE_LOOP('',(#2970,#2971,#2978,#2979));
#2981=FACE_BOUND('',#2980,.T.);
#2982=ADVANCED_FACE('',(#2981),#2969,.T.);
#2983=CARTESIAN_POINT('',(7.29908392,6.91,9.370522438));
#2984=CARTESIAN_POINT('',(7.099362918,6.91,9.395625107));
#2985=CARTESIAN_POINT('',(6.892058877,6.910000001,9.396635488));
#2986=CARTESIAN_POINT('',(6.691881244,6.91,9.373401358));
#2987=CARTESIAN_POINT('',(6.691085091,6.91,9.373308951));
#2988=CARTESIAN_POINT('',(6.690288937,6.91,9.373216543));
#2989=CARTESIAN_POINT('',(6.689492783,6.91,9.373124135));
#2990=CARTESIAN_POINT('',(7.24920092,7.31,8.973645018));
#2991=CARTESIAN_POINT('',(7.081056364,7.31,8.994778884));
#2992=CARTESIAN_POINT('',(6.906527661,7.31,8.99562953));
#2993=CARTESIAN_POINT('',(6.737998668,7.31,8.976068773));
#2994=CARTESIAN_POINT('',(6.737328389,7.31,8.975990975));
#2995=CARTESIAN_POINT('',(6.736658109,7.31,8.975913178));
#2996=CARTESIAN_POINT('',(6.735987829,7.31,8.97583538));
#2997=B_SPLINE_SURFACE_WITH_KNOTS('',1,3,((#2983,#2984,#2985,#2986,#2987,#2988,#2989),(#2990,#2991,#2992,#2993,#2994,#2995,#2996)),.UNSPECIFIED.,.F.,.F.,.U.,(2,2),(4,3,4),(0.,1.),(0.083351392,0.916648082,0.9199623),.UNSPECIFIED.);
#2998=ORIENTED_EDGE('',*,*,#2959,.T.);
#2999=ORIENTED_EDGE('',*,*,#2828,.F.);
#3000=CARTESIAN_POINT('',(7.24920092,7.31,8.973645018));
#3001=CARTESIAN_POINT('',(7.265828587,7.176666667,9.105937491));
#3002=CARTESIAN_POINT('',(7.282456253,7.043333334,9.238229964));
#3003=CARTESIAN_POINT('',(7.29908392,6.91,9.370522438));
#3004=B_SPLINE_CURVE_WITH_KNOTS('',3,(#3000,#3001,#3002,#3003),.UNSPECIFIED.,.F.,.F.,(4,4),(0.,1.),.UNSPECIFIED.);
#3005=EDGE_CURVE('',#403,#121,#3004,.T.);
#3006=ORIENTED_EDGE('',*,*,#3005,.F.);
#3007=ORIENTED_EDGE('',*,*,#408,.F.);
#3008=EDGE_LOOP('',(#2998,#2999,#3006,#3007));
#3009=FACE_BOUND('',#3008,.T.);
#3010=ADVANCED_FACE('',(#3009),#2997,.T.);
#3011=CARTESIAN_POINT('',(10.422699709,6.91,1.863370211));
#3012=CARTESIAN_POINT('',(10.34274871,6.91,2.662650813));
#3013=CARTESIAN_POINT('',(10.254139381,6.91,3.461860839));
#3014=CARTESIAN_POINT('',(9.975538088,6.91,5.13022499));
#3015=CARTESIAN_POINT('',(9.78578504,6.91,5.996910618));
#3016=CARTESIAN_POINT('',(9.59689376,6.91,6.86438903));
#3017=CARTESIAN_POINT('',(10.024636826,7.31,1.824057929));
#3018=CARTESIAN_POINT('',(9.944870612,7.31,2.621526292));
#3019=CARTESIAN_POINT('',(9.857577404,7.31,3.408104225));
#3020=CARTESIAN_POINT('',(9.583238242,7.31,5.050945225));
#3021=CARTESIAN_POINT('',(9.394926044,7.31,5.911885614));
#3022=CARTESIAN_POINT('',(9.206052138,7.31,6.779284233));
#3023=B_SPLINE_SURFACE_WITH_KNOTS('',1,3,((#3011,#3012,#3013,#3014,#3015,#3016),(#3017,#3018,#3019,#3020,#3021,#3022)),.UNSPECIFIED.,.F.,.F.,.U.,(2,2),(4,2,4),(0.,1.),(-0.000288727,0.475,1.),.UNSPECIFIED.);
#3024=ORIENTED_EDGE('',*,*,#2977,.T.);
#3025=ORIENTED_EDGE('',*,*,#434,.F.);
#3026=CARTESIAN_POINT('',(9.59689376,6.91,6.86438903));
#3027=CARTESIAN_POINT('',(9.466646966,7.043333287,6.835866004));
#3028=CARTESIAN_POINT('',(9.336400169,7.176666573,6.807342992));
#3029=CARTESIAN_POINT('',(9.206153369,7.309999859,6.778819995));
#3030=B_SPLINE_CURVE_WITH_KNOTS('',3,(#3026,#3027,#3028,#3029),.UNSPECIFIED.,.F.,.F.,(4,4),(0.,1.),.UNSPECIFIED.);
#3031=EDGE_CURVE('',#80,#411,#3030,.T.);
#3032=ORIENTED_EDGE('',*,*,#3031,.F.);
#3033=ORIENTED_EDGE('',*,*,#86,.F.);
#3034=EDGE_LOOP('',(#3024,#3025,#3032,#3033));
#3035=FACE_BOUND('',#3034,.T.);
#3036=ADVANCED_FACE('',(#3035),#3023,.T.);
#3037=CARTESIAN_POINT('',(7.24920092,7.31,8.973645018));
#3038=CARTESIAN_POINT('',(7.525349095,7.31,8.938936333));
#3039=CARTESIAN_POINT('',(7.786603967,7.31,8.874764158));
#3040=CARTESIAN_POINT('',(8.123485641,7.31,8.712720746));
#3041=CARTESIAN_POINT('',(8.227840722,7.31,8.647347431));
#3042=CARTESIAN_POINT('',(8.417809512,7.31,8.494156739));
#3043=CARTESIAN_POINT('',(8.504714594,7.31,8.405362347));
#3044=CARTESIAN_POINT('',(8.740743997,7.31,8.107279697));
#3045=CARTESIAN_POINT('',(8.865287655,7.31,7.866595709));
#3046=CARTESIAN_POINT('',(9.066704524,7.31,7.344171282));
#3047=CARTESIAN_POINT('',(9.143217692,7.31,7.066208656));
#3048=CARTESIAN_POINT('',(9.206153507,7.31,6.778820025));
#3049=CARTESIAN_POINT('',(7.29908392,6.91,9.370522438));
#3050=CARTESIAN_POINT('',(7.602692904,6.91,9.332362225));
#3051=CARTESIAN_POINT('',(7.908238271,6.91,9.260125389));
#3052=CARTESIAN_POINT('',(8.322750822,6.91,9.06074077));
#3053=CARTESIAN_POINT('',(8.454536204,6.91,8.978393225));
#3054=CARTESIAN_POINT('',(8.693296241,6.91,8.785857305));
#3055=CARTESIAN_POINT('',(8.801566755,6.91,8.674817609));
#3056=CARTESIAN_POINT('',(9.087822022,6.91,8.313304459));
#3057=CARTESIAN_POINT('',(9.228405875,6.91,8.036695879));
#3058=CARTESIAN_POINT('',(9.450030661,6.91,7.461857184));
#3059=CARTESIAN_POINT('',(9.530830722,6.91,7.166057707));
#3060=CARTESIAN_POINT('',(9.59689376,6.91,6.86438903));
#3061=B_SPLINE_SURFACE_WITH_KNOTS('',1,3,((#3037,#3038,#3039,#3040,#3041,#3042,#3043,#3044,#3045,#3046,#3047,#3048),(#3049,#3050,#3051,#3052,#3053,#3054,#3055,#3056,#3057,#3058,#3059,#3060)),.UNSPECIFIED.,.F.,.F.,.U.,(2,2),(4,2,2,2,2,4),(0.,1.),(-0.,0.25,0.375,0.5,0.75,1.),.UNSPECIFIED.);
#3062=ORIENTED_EDGE('',*,*,#3005,.T.);
#3063=ORIENTED_EDGE('',*,*,#127,.F.);
#3064=ORIENTED_EDGE('',*,*,#3031,.T.);
#3065=ORIENTED_EDGE('',*,*,#420,.F.);
#3066=EDGE_LOOP('',(#3062,#3063,#3064,#3065));
#3067=FACE_BOUND('',#3066,.T.);
#3068=ADVANCED_FACE('',(#3067),#3061,.T.);
#3069=CARTESIAN_POINT('',(3.790651738,7.31,1.944526755));
#3070=DIRECTION('',(0.,-1.,0.));
#3071=DIRECTION('',(-0.000000001,-0.,-1.));
#3072=AXIS2_PLACEMENT_3D('',#3069,#3070,#3071);
#3073=CONICAL_SURFACE('',#3072,0.620991652,45.);
#3074=ORIENTED_EDGE('',*,*,#2844,.F.);
#3075=ORIENTED_EDGE('',*,*,#245,.F.);
#3076=ORIENTED_EDGE('',*,*,#2896,.F.);
#3077=ORIENTED_EDGE('',*,*,#469,.F.);
#3078=EDGE_LOOP('',(#3074,#3075,#3076,#3077));
#3079=FACE_BOUND('',#3078,.T.);
#3080=ADVANCED_FACE('',(#3079),#3073,.T.);
#3081=CLOSED_SHELL('',(#68,#105,#147,#194,#231,#273,#295,#394,#523,#571,#612,#656,#681,#705,#730,#788,#825,#858,#889,#922,#971,#1018,#1040,#1064,#1099,#1125,
#1153,#1179,#1207,#1226,#1244,#1262,#1299,#1439,#1472,#1497,#1522,#1547,#1573,#1598,#1623,#1648,#1673,#1698,#1724,#1749,#1774,#1799,#1824,#1849,#1875,
#1900,#1925,#1950,#1975,#2000,#2026,#2043,#2075,#2099,#2124,#2148,#2173,#2197,#2222,#2246,#2271,#2295,#2320,#2344,#2369,#2393,#2418,#2442,#2467,#2491,
#2516,#2540,#2565,#2589,#2614,#2631,#2674,#2700,#2734,#2753,#2771,#2834,#2857,#2909,#2926,#2964,#2982,#3010,#3036,#3068,#3080));
#3082=MANIFOLD_SOLID_BREP('+',#3081);
#3083=COLOUR_RGB('',0.098039217,0.098039217,0.098039217);
#3084=FILL_AREA_STYLE_COLOUR('',#3083);
#3085=FILL_AREA_STYLE('',(#3084));
#3086=SURFACE_STYLE_FILL_AREA(#3085);
#3087=SURFACE_SIDE_STYLE('',(#3086));
#3088=SURFACE_STYLE_USAGE(.BOTH.,#3087);
#3089=PRESENTATION_STYLE_ASSIGNMENT((#3088));
#26=STYLED_ITEM('',(#3089),#3082);
#16=SHAPE_REPRESENTATION('+',(#15),#10);
#17=ADVANCED_BREP_SHAPE_REPRESENTATION('+',(#3082),#10);
#3097=SHAPE_REPRESENTATION_RELATIONSHIP('','',#16,#17);
#3098=CARTESIAN_POINT('',(0.,0.,0.));
#3099=DIRECTION('',(0.,0.,1.));
#3100=DIRECTION('',(1.,0.,0.));
#3101=AXIS2_PLACEMENT_3D('',#3098,#3099,#3100);
#3103=MAPPED_ITEM('',#3102,#3101);
#3102=REPRESENTATION_MAP(#3101,#16);
#3104=APPLICATION_CONTEXT('Managed model based 3d engineering');
#3105=APPLICATION_PROTOCOL_DEFINITION('international standard','ap242_managed_model_based_3d_engineering',2014,#3104);
#3106=PRODUCT_CONTEXT('',#3104,'mechanical');
#3107=PRODUCT_DEFINITION_CONTEXT('part definition',#3104,'design');
#24=PRODUCT('+','+','',(#3106));
#3108=PRODUCT_RELATED_PRODUCT_CATEGORY('part','',(#24));
#3109=PRODUCT_DEFINITION_FORMATION_WITH_SPECIFIED_SOURCE('','',#24,.NOT_KNOWN.);
#25=PRODUCT_DEFINITION('design','',#3109,#3107);
#23=PRODUCT_DEFINITION_SHAPE('','',#25);
#3110=SHAPE_DEFINITION_REPRESENTATION(#23,#16);
#11=DRAUGHTING_MODEL('',(#3103),#10);
#3111=DESCRIPTIVE_REPRESENTATION_ITEM('KEY','C:\\Users\\Nalani\\AppData\\Local\\Packages\\Shapr3D.Shapr3D_j403pzjkqtqbj\\TempState\\82fbaf25-e4d3-47fb-ba3a-ce787d501d19.tmp');
#3112=PROPERTY_DEFINITION('KEY','',#25);
#3113=REPRESENTATION('',(#3111),#10);
#3114=PROPERTY_DEFINITION_REPRESENTATION(#3112,#3113);
#3115=GENERAL_PROPERTY('','KEY','');
#3116=GENERAL_PROPERTY_ASSOCIATION('','',#3115,#3112);
#1=MECHANICAL_DESIGN_GEOMETRIC_PRESENTATION_REPRESENTATION('',(#26),#10);
ENDSEC;
END-ISO-10303-21;
