ISO-10303-21;
HEADER;

/* File generated by Shapr3D Version 26.123.11423.0 */

FILE_DESCRIPTION(('HOOPS Exchange Step'),'2;1');

FILE_NAME('C:\\Users\\Nalani\\AppData\\Local\\Packages\\Shapr3D.Shapr3D_j403pzjkqtqbj\\TempState\\export\\temp_export',
'2026-08-03T16:12:05+08:00',
('Nalani'),
('Shapr3D Limited'),
'HOOPS Exchange 2026.3',
'Shapr3D',
'Authorized');

FILE_SCHEMA( ('AP242_MANAGED_MODEL_BASED_3D_ENGINEERING_MIM_LF {1 0 10303 442 1 1 4}') );

ENDSEC;

DATA;
#3=(NAMED_UNIT(*)PLANE_ANGLE_UNIT()SI_UNIT($,.RADIAN.));
#4=PLANE_ANGLE_MEASURE_WITH_UNIT(PLANE_ANGLE_MEASURE(0.0174532925),#3);
#5=(CONVERSION_BASED_UNIT('DEGREE',#4)NAMED_UNIT(#6)PLANE_ANGLE_UNIT());
#6=DIMENSIONAL_EXPONENTS(0.,0.,0.,0.,0.,0.,0.);
#7=(NAMED_UNIT(*)SI_UNIT($,.STERADIAN.)SOLID_ANGLE_UNIT());
#8=(LENGTH_UNIT()NAMED_UNIT(*)SI_UNIT(.MILLI.,.METRE.));
#9=UNCERTAINTY_MEASURE_WITH_UNIT(LENGTH_MEASURE(1.000000E-05),#8,'DISTANCE_ACCURACY_VALUE','Maximum Tolerance applied to model');
#10=(GEOMETRIC_REPRESENTATION_CONTEXT(3)GLOBAL_UNCERTAINTY_ASSIGNED_CONTEXT((#9))GLOBAL_UNIT_ASSIGNED_CONTEXT((#8,#5,#7))REPRESENTATION_CONTEXT('','-'));
#12=CARTESIAN_POINT('',(0.,0.,0.));
#13=DIRECTION('',(0.,0.,1.));
#14=DIRECTION('',(1.,0.,0.));
#15=AXIS2_PLACEMENT_3D('',#12,#13,#14);
#27=CARTESIAN_POINT('',(-120.502424709,-7.62,-434.833945422));
#28=DIRECTION('',(-0.,-1.,0.));
#29=DIRECTION('',(-1.,0.,0.));
#30=AXIS2_PLACEMENT_3D('',#27,#28,#29);
#31=PLANE('',#30);
#32=CARTESIAN_POINT('',(5.147575412,-7.62,4.916054542));
#33=VERTEX_POINT('',#32);
#34=CARTESIAN_POINT('',(8.047575412,-7.62,4.916054542));
#35=VERTEX_POINT('',#34);
#36=CARTESIAN_POINT('',(5.147575412,-7.62,4.916054542));
#37=DIRECTION('',(1.,-0.,0.));
#38=VECTOR('',#37,2.9);
#39=LINE('',#36,#38);
#40=EDGE_CURVE('',#33,#35,#39,.T.);
#41=ORIENTED_EDGE('',*,*,#40,.T.);
#42=CARTESIAN_POINT('',(8.047575412,-7.62,5.016054543));
#43=VERTEX_POINT('',#42);
#44=CARTESIAN_POINT('',(8.047575412,-7.62,4.916054542));
#45=DIRECTION('',(0.,-0.,1.));
#46=VECTOR('',#45,0.1);
#47=LINE('',#44,#46);
#48=EDGE_CURVE('',#35,#43,#47,.T.);
#49=ORIENTED_EDGE('',*,*,#48,.T.);
#50=CARTESIAN_POINT('',(5.147575412,-7.62,5.016054543));
#51=VERTEX_POINT('',#50);
#52=CARTESIAN_POINT('',(8.047575412,-7.62,5.016054543));
#53=DIRECTION('',(-1.,0.,0.));
#54=VECTOR('',#53,2.9);
#55=LINE('',#52,#54);
#56=EDGE_CURVE('',#43,#51,#55,.T.);
#57=ORIENTED_EDGE('',*,*,#56,.T.);
#58=CARTESIAN_POINT('',(5.147575412,-7.62,5.016054543));
#59=DIRECTION('',(-0.,0.,-1.));
#60=VECTOR('',#59,0.1);
#61=LINE('',#58,#60);
#62=EDGE_CURVE('',#51,#33,#61,.T.);
#63=ORIENTED_EDGE('',*,*,#62,.T.);
#64=EDGE_LOOP('',(#41,#49,#57,#63));
#65=FACE_BOUND('',#64,.T.);
#66=ADVANCED_FACE('',(#65),#31,.T.);
#67=CARTESIAN_POINT('',(9.453877885,-6.800000049,1.896054542));
#68=DIRECTION('',(-0.,-1.,0.));
#69=DIRECTION('',(0.000000001,-0.,1.));
#70=AXIS2_PLACEMENT_3D('',#67,#68,#69);
#71=CYLINDRICAL_SURFACE('',#70,0.97);
#72=CARTESIAN_POINT('',(10.423430506,-6.800000024,1.866597539));
#73=VERTEX_POINT('',#72);
#74=CARTESIAN_POINT('',(10.423431573,-6.899974566,1.865815896));
#75=VERTEX_POINT('',#74);
#76=CARTESIAN_POINT('',(10.423430506,-6.800000024,1.866597539));
#77=DIRECTION('',(-0.,-1.,0.));
#78=VECTOR('',#77,0.099999975);
#79=LINE('',#76,#78);
#80=EDGE_CURVE('',#73,#75,#79,.T.);
#81=ORIENTED_EDGE('',*,*,#80,.T.);
#82=CARTESIAN_POINT('',(9.453877885,-6.899999999,0.926054542));
#83=VERTEX_POINT('',#82);
#84=CARTESIAN_POINT('',(9.453877885,-6.899999999,1.896054542));
#85=DIRECTION('',(0.,1.,0.));
#86=DIRECTION('',(0.000000001,-0.,1.));
#87=AXIS2_PLACEMENT_3D('',#84,#85,#86);
#88=CIRCLE('',#87,0.97);
#89=EDGE_CURVE('',#75,#83,#88,.T.);
#90=ORIENTED_EDGE('',*,*,#89,.T.);
#91=CARTESIAN_POINT('',(9.453877885,-6.800000049,0.926054543));
#92=VERTEX_POINT('',#91);
#93=CARTESIAN_POINT('',(9.453877885,-6.800000049,0.926054542));
#94=DIRECTION('',(-0.,-1.,0.));
#95=VECTOR('',#94,0.099999951);
#96=LINE('',#93,#95);
#97=EDGE_CURVE('',#92,#83,#96,.T.);
#98=ORIENTED_EDGE('',*,*,#97,.F.);
#99=CARTESIAN_POINT('',(9.453877885,-6.800000049,1.896054542));
#100=DIRECTION('',(-0.,-1.,-0.));
#101=DIRECTION('',(0.000000001,-0.,1.));
#102=AXIS2_PLACEMENT_3D('',#99,#100,#101);
#103=CIRCLE('',#102,0.97);
#104=EDGE_CURVE('',#92,#73,#103,.T.);
#105=ORIENTED_EDGE('',*,*,#104,.T.);
#106=EDGE_LOOP('',(#81,#90,#98,#105));
#107=FACE_BOUND('',#106,.T.);
#108=ADVANCED_FACE('',(#107),#71,.T.);
#109=CARTESIAN_POINT('',(10.423430506,-6.800000049,1.866597539));
#110=CARTESIAN_POINT('',(10.423430506,-6.900000049,1.866597539));
#111=CARTESIAN_POINT('',(10.227033204,-6.800000049,3.865551549));
#112=CARTESIAN_POINT('',(10.227033204,-6.900000049,3.865551549));
#113=CARTESIAN_POINT('',(10.078171585,-6.800000049,4.658928802));
#114=CARTESIAN_POINT('',(10.078171585,-6.900000049,4.658928802));
#115=CARTESIAN_POINT('',(9.597575413,-6.800000049,6.866054542));
#116=CARTESIAN_POINT('',(9.597575413,-6.900000049,6.866054542));
#117=B_SPLINE_SURFACE_WITH_KNOTS('',3,1,((#109,#110),(#111,#112),(#113,#114),(#115,#116)),.UNSPECIFIED.,.F.,.F.,.U.,(4,4),(2,2),(0.,1.),(0.,0.2),.UNSPECIFIED.);
#118=CARTESIAN_POINT('',(9.597575413,-6.799999999,6.866054542));
#119=VERTEX_POINT('',#118);
#120=CARTESIAN_POINT('',(9.597575413,-6.899999999,6.866054542));
#121=VERTEX_POINT('',#120);
#122=CARTESIAN_POINT('',(9.597575413,-6.799999999,6.866054542));
#123=DIRECTION('',(-0.,-1.,-0.));
#124=VECTOR('',#123,0.1);
#125=LINE('',#122,#124);
#126=EDGE_CURVE('',#119,#121,#125,.T.);
#127=ORIENTED_EDGE('',*,*,#126,.T.);
#128=CARTESIAN_POINT('',(9.597575413,-6.899999999,6.866054542));
#129=CARTESIAN_POINT('',(10.078171585,-6.899999999,4.658928802));
#130=CARTESIAN_POINT('',(10.227033204,-6.899999999,3.865551549));
#131=CARTESIAN_POINT('',(10.423430506,-6.899999999,1.866597539));
#132=B_SPLINE_CURVE_WITH_KNOTS('',3,(#128,#129,#130,#131),.UNSPECIFIED.,.F.,.F.,(4,4),(0.,1.),.UNSPECIFIED.);
#133=EDGE_CURVE('',#121,#75,#132,.T.);
#134=ORIENTED_EDGE('',*,*,#133,.T.);
#135=ORIENTED_EDGE('',*,*,#80,.F.);
#136=CARTESIAN_POINT('',(10.423430506,-6.799999999,1.866597539));
#137=CARTESIAN_POINT('',(10.227033204,-6.799999999,3.865551549));
#138=CARTESIAN_POINT('',(10.078171585,-6.799999999,4.658928802));
#139=CARTESIAN_POINT('',(9.597575413,-6.799999999,6.866054542));
#140=B_SPLINE_CURVE_WITH_KNOTS('',3,(#136,#137,#138,#139),.UNSPECIFIED.,.F.,.F.,(4,4),(0.,1.),.UNSPECIFIED.);
#141=EDGE_CURVE('',#73,#119,#140,.T.);
#142=ORIENTED_EDGE('',*,*,#141,.T.);
#143=EDGE_LOOP('',(#127,#134,#135,#142));
#144=FACE_BOUND('',#143,.T.);
#145=ADVANCED_FACE('',(#144),#117,.T.);
#146=CARTESIAN_POINT('',(7.29976557,-6.799999998,9.372187951));
#147=CARTESIAN_POINT('',(7.29976557,-6.80000005,9.372187951));
#148=CARTESIAN_POINT('',(7.29976557,-6.9,9.37218795));
#149=CARTESIAN_POINT('',(8.518803891,-6.799999998,9.218968633));
#150=CARTESIAN_POINT('',(8.518803891,-6.80000005,9.218968633));
#151=CARTESIAN_POINT('',(8.518803891,-6.9,9.218968633));
#152=CARTESIAN_POINT('',(9.219110356,-6.799999998,8.594268312));
#153=CARTESIAN_POINT('',(9.219110356,-6.80000005,8.594268312));
#154=CARTESIAN_POINT('',(9.219110356,-6.9,8.594268312));
#155=CARTESIAN_POINT('',(9.597575413,-6.799999997,6.866054542));
#156=CARTESIAN_POINT('',(9.597575413,-6.800000049,6.866054542));
#157=CARTESIAN_POINT('',(9.597575413,-6.899999999,6.866054542));
#158=B_SPLINE_SURFACE_WITH_KNOTS('',3,1,((#146,#147,#148),(#149,#150,#151),(#152,#153,#154),(#155,#156,#157)),.UNSPECIFIED.,.F.,.F.,.U.,(4,4),(2,1,2),(0.07426927,1.),(-0.000000103,0.,0.199999901),.UNSPECIFIED.);
#159=CARTESIAN_POINT('',(7.299765572,-6.899999996,9.37218795));
#160=VERTEX_POINT('',#159);
#161=CARTESIAN_POINT('',(7.299765572,-6.799999999,9.37218795));
#162=VERTEX_POINT('',#161);
#163=CARTESIAN_POINT('',(9.321082365,-6.899999995,7.798898017));
#164=CARTESIAN_POINT('',(9.321082365,-6.866666662,7.798898017));
#165=CARTESIAN_POINT('',(9.321082364,-6.83333333,7.798898019));
#166=CARTESIAN_POINT('',(9.321082364,-6.799999998,7.798898019));
#167=B_SPLINE_CURVE_WITH_KNOTS('',3,(#163,#164,#165,#166),.UNSPECIFIED.,.F.,.F.,(4,4),(0.002,0.0021),.UNSPECIFIED.);
#168=EDGE_CURVE('',#160,#162,#167,.T.);
#169=ORIENTED_EDGE('',*,*,#168,.F.);
#170=CARTESIAN_POINT('',(7.299765572,-6.899999999,9.37218795));
#171=CARTESIAN_POINT('',(8.518803892,-6.9,9.218968632));
#172=CARTESIAN_POINT('',(9.219110356,-6.9,8.594268311));
#173=CARTESIAN_POINT('',(9.597575413,-6.899999999,6.866054542));
#174=B_SPLINE_CURVE_WITH_KNOTS('',3,(#170,#171,#172,#173),.UNSPECIFIED.,.F.,.F.,(4,4),(0.,1.),.UNSPECIFIED.);
#175=EDGE_CURVE('',#160,#121,#174,.T.);
#176=ORIENTED_EDGE('',*,*,#175,.T.);
#177=ORIENTED_EDGE('',*,*,#126,.F.);
#178=CARTESIAN_POINT('',(7.29976557,-6.799999999,9.372187951));
#179=CARTESIAN_POINT('',(8.518803891,-6.799999999,9.218968633));
#180=CARTESIAN_POINT('',(9.219110356,-6.799999999,8.594268312));
#181=CARTESIAN_POINT('',(9.597575413,-6.799999999,6.866054542));
#182=B_SPLINE_CURVE_WITH_KNOTS('',3,(#178,#179,#180,#181),.UNSPECIFIED.,.F.,.F.,(4,4),(0.,0.92573073),.UNSPECIFIED.);
#183=EDGE_CURVE('',#162,#119,#182,.T.);
#184=ORIENTED_EDGE('',*,*,#183,.F.);
#185=EDGE_LOOP('',(#169,#176,#177,#184));
#186=FACE_BOUND('',#185,.T.);
#187=ADVANCED_FACE('',(#186),#158,.F.);
#188=CARTESIAN_POINT('',(3.15541819,-6.799999998,4.721207791));
#189=CARTESIAN_POINT('',(3.15541819,-6.800000049,4.721207791));
#190=CARTESIAN_POINT('',(3.15541819,-6.899999999,4.721207791));
#191=CARTESIAN_POINT('',(3.466664023,-6.799999999,7.026531113));
#192=CARTESIAN_POINT('',(3.466664023,-6.800000049,7.026531113));
#193=CARTESIAN_POINT('',(3.466664023,-6.9,7.026531113));
#194=CARTESIAN_POINT('',(4.076338751,-6.799999999,9.08488178));
#195=CARTESIAN_POINT('',(4.076338751,-6.80000005,9.08488178));
#196=CARTESIAN_POINT('',(4.076338751,-6.9,9.08488178));
#197=CARTESIAN_POINT('',(6.692555713,-6.799999999,9.375128767));
#198=CARTESIAN_POINT('',(6.692555713,-6.80000005,9.375128767));
#199=CARTESIAN_POINT('',(6.692555713,-6.9,9.375128767));
#200=B_SPLINE_SURFACE_WITH_KNOTS('',3,1,((#188,#189,#190),(#191,#192,#193),(#194,#195,#196),(#197,#198,#199)),.UNSPECIFIED.,.F.,.F.,.U.,(4,4),(2,1,2),(0.,0.963764836),(-0.000000101,0.,0.199999901),.UNSPECIFIED.);
#201=CARTESIAN_POINT('',(3.15541819,-6.800000024,4.721207791));
#202=VERTEX_POINT('',#201);
#203=CARTESIAN_POINT('',(3.15541819,-6.899999999,4.721207791));
#204=VERTEX_POINT('',#203);
#205=CARTESIAN_POINT('',(3.15541819,-6.800000024,4.721207791));
#206=DIRECTION('',(-0.,-1.,-0.));
#207=VECTOR('',#206,0.099999975);
#208=LINE('',#205,#207);
#209=EDGE_CURVE('',#202,#204,#208,.T.);
#210=ORIENTED_EDGE('',*,*,#209,.T.);
#211=CARTESIAN_POINT('',(6.692559305,-6.899999999,9.375097819));
#212=VERTEX_POINT('',#211);
#213=CARTESIAN_POINT('',(3.15541819,-6.899999999,4.721207791));
#214=CARTESIAN_POINT('',(3.466664023,-6.9,7.026531113));
#215=CARTESIAN_POINT('',(4.076338751,-6.9,9.08488178));
#216=CARTESIAN_POINT('',(6.692555713,-6.899999999,9.375128767));
#217=B_SPLINE_CURVE_WITH_KNOTS('',3,(#213,#214,#215,#216),.UNSPECIFIED.,.F.,.F.,(4,4),(0.,1.),.UNSPECIFIED.);
#218=EDGE_CURVE('',#204,#212,#217,.T.);
#219=ORIENTED_EDGE('',*,*,#218,.T.);
#220=CARTESIAN_POINT('',(6.692555713,-6.799999999,9.375128767));
#221=VERTEX_POINT('',#220);
#222=CARTESIAN_POINT('',(6.692555713,-6.799999999,9.375128767));
#223=CARTESIAN_POINT('',(6.692555713,-6.833333333,9.375128767));
#224=CARTESIAN_POINT('',(6.692555713,-6.866666666,9.375128767));
#225=CARTESIAN_POINT('',(6.692555713,-6.899999999,9.375128767));
#226=B_SPLINE_CURVE_WITH_KNOTS('',3,(#222,#223,#224,#225),.UNSPECIFIED.,.F.,.F.,(4,4),(-0.000000415,0.821591788),.UNSPECIFIED.);
#227=EDGE_CURVE('',#221,#212,#226,.T.);
#228=ORIENTED_EDGE('',*,*,#227,.F.);
#229=CARTESIAN_POINT('',(3.15541819,-6.799999999,4.721207791));
#230=CARTESIAN_POINT('',(3.466664023,-6.799999999,7.026531113));
#231=CARTESIAN_POINT('',(4.076338751,-6.799999999,9.08488178));
#232=CARTESIAN_POINT('',(6.692555713,-6.799999999,9.375128767));
#233=B_SPLINE_CURVE_WITH_KNOTS('',3,(#229,#230,#231,#232),.UNSPECIFIED.,.F.,.F.,(4,4),(0.036235164,1.),.UNSPECIFIED.);
#234=EDGE_CURVE('',#202,#221,#233,.T.);
#235=ORIENTED_EDGE('',*,*,#234,.F.);
#236=EDGE_LOOP('',(#210,#219,#228,#235));
#237=FACE_BOUND('',#236,.T.);
#238=ADVANCED_FACE('',(#237),#200,.F.);
#239=CARTESIAN_POINT('',(3.067575411,-6.800000049,1.226054544));
#240=CARTESIAN_POINT('',(3.067575411,-6.900000024,1.226054544));
#241=CARTESIAN_POINT('',(2.651277278,-6.800000049,1.736054721));
#242=CARTESIAN_POINT('',(2.651277278,-6.900000024,1.736054721));
#243=CARTESIAN_POINT('',(2.781667263,-6.800000048,1.853654548));
#244=CARTESIAN_POINT('',(2.781667263,-6.900000024,1.853654548));
#245=CARTESIAN_POINT('',(3.15541819,-6.800000049,4.721207791));
#246=CARTESIAN_POINT('',(3.15541819,-6.900000024,4.721207791));
#247=B_SPLINE_SURFACE_WITH_KNOTS('',3,1,((#239,#240),(#241,#242),(#243,#244),(#245,#246)),.UNSPECIFIED.,.F.,.F.,.U.,(4,4),(2,2),(0.,1.),(0.,0.19999995),.UNSPECIFIED.);
#248=CARTESIAN_POINT('',(3.067575411,-6.800000024,1.226054544));
#249=VERTEX_POINT('',#248);
#250=CARTESIAN_POINT('',(3.067502076,-6.899999999,1.225995451));
#251=VERTEX_POINT('',#250);
#252=CARTESIAN_POINT('',(3.067575411,-6.800000024,1.226054544));
#253=DIRECTION('',(-0.,-1.,0.));
#254=VECTOR('',#253,0.099999976);
#255=LINE('',#252,#254);
#256=EDGE_CURVE('',#249,#251,#255,.T.);
#257=ORIENTED_EDGE('',*,*,#256,.T.);
#258=CARTESIAN_POINT('',(3.067574658,-6.899999999,1.226055466));
#259=CARTESIAN_POINT('',(2.651277436,-6.9,1.736054863));
#260=CARTESIAN_POINT('',(2.781667488,-6.899999999,1.853656276));
#261=CARTESIAN_POINT('',(3.15541819,-6.899999999,4.721207791));
#262=B_SPLINE_CURVE_WITH_KNOTS('',3,(#258,#259,#260,#261),.UNSPECIFIED.,.F.,.F.,(4,4),(0.,1.),.UNSPECIFIED.);
#263=EDGE_CURVE('',#251,#204,#262,.T.);
#264=ORIENTED_EDGE('',*,*,#263,.T.);
#265=ORIENTED_EDGE('',*,*,#209,.F.);
#266=CARTESIAN_POINT('',(3.067575411,-6.799999999,1.226054544));
#267=CARTESIAN_POINT('',(2.651277278,-6.799999999,1.736054721));
#268=CARTESIAN_POINT('',(2.781667263,-6.799999999,1.853654548));
#269=CARTESIAN_POINT('',(3.15541819,-6.799999999,4.721207791));
#270=B_SPLINE_CURVE_WITH_KNOTS('',3,(#266,#267,#268,#269),.UNSPECIFIED.,.F.,.F.,(4,4),(0.,1.),.UNSPECIFIED.);
#271=EDGE_CURVE('',#249,#202,#270,.T.);
#272=ORIENTED_EDGE('',*,*,#271,.F.);
#273=EDGE_LOOP('',(#257,#264,#265,#272));
#274=FACE_BOUND('',#273,.T.);
#275=ADVANCED_FACE('',(#274),#247,.F.);
#276=CARTESIAN_POINT('',(3.791333391,-6.800000049,1.946192267));
#277=DIRECTION('',(-0.,-1.,0.));
#278=DIRECTION('',(0.000000001,-0.,1.));
#279=AXIS2_PLACEMENT_3D('',#276,#277,#278);
#280=CYLINDRICAL_SURFACE('',#279,1.020991652);
#281=CARTESIAN_POINT('',(3.833082394,-6.79999993,0.926054544));
#282=VERTEX_POINT('',#281);
#283=CARTESIAN_POINT('',(3.833082389,-6.899999999,0.926054543));
#284=VERTEX_POINT('',#283);
#285=CARTESIAN_POINT('',(3.833082394,-6.79999993,0.926054543));
#286=DIRECTION('',(-0.000000042,-1.,0.));
#287=VECTOR('',#286,0.100000069);
#288=LINE('',#285,#287);
#289=EDGE_CURVE('',#282,#284,#288,.T.);
#290=ORIENTED_EDGE('',*,*,#289,.T.);
#291=CARTESIAN_POINT('',(3.791333391,-6.899999999,1.946192267));
#292=DIRECTION('',(0.,1.,0.));
#293=DIRECTION('',(0.000000001,-0.,1.));
#294=AXIS2_PLACEMENT_3D('',#291,#292,#293);
#295=CIRCLE('',#294,1.020991652);
#296=EDGE_CURVE('',#284,#251,#295,.T.);
#297=ORIENTED_EDGE('',*,*,#296,.T.);
#298=ORIENTED_EDGE('',*,*,#256,.F.);
#299=CARTESIAN_POINT('',(3.791333391,-6.800000049,1.946192267));
#300=DIRECTION('',(-0.,-1.,-0.));
#301=DIRECTION('',(0.000000001,-0.,1.));
#302=AXIS2_PLACEMENT_3D('',#299,#300,#301);
#303=CIRCLE('',#302,1.020991652);
#304=EDGE_CURVE('',#249,#282,#303,.T.);
#305=ORIENTED_EDGE('',*,*,#304,.T.);
#306=EDGE_LOOP('',(#290,#297,#298,#305));
#307=FACE_BOUND('',#306,.T.);
#308=ADVANCED_FACE('',(#307),#280,.T.);
#309=CARTESIAN_POINT('',(5.015328903,-6.800000048,0.926054543));
#310=DIRECTION('',(0.,-0.,-1.));
#311=DIRECTION('',(-0.000000042,-1.,0.));
#312=AXIS2_PLACEMENT_3D('',#309,#310,#311);
#313=PLANE('',#312);
#314=ORIENTED_EDGE('',*,*,#97,.T.);
#315=CARTESIAN_POINT('',(9.453877885,-6.899999999,0.926054543));
#316=DIRECTION('',(-1.,0.,0.));
#317=VECTOR('',#316,5.620795495);
#318=LINE('',#315,#317);
#319=EDGE_CURVE('',#83,#284,#318,.T.);
#320=ORIENTED_EDGE('',*,*,#319,.T.);
#321=ORIENTED_EDGE('',*,*,#289,.F.);
#322=CARTESIAN_POINT('',(9.453877885,-6.800000048,0.926054543));
#323=DIRECTION('',(-1.,0.000000042,-0.));
#324=VECTOR('',#323,5.620795491);
#325=LINE('',#322,#324);
#326=EDGE_CURVE('',#92,#282,#325,.T.);
#327=ORIENTED_EDGE('',*,*,#326,.F.);
#328=EDGE_LOOP('',(#314,#320,#321,#327));
#329=FACE_BOUND('',#328,.T.);
#330=ADVANCED_FACE('',(#329),#313,.T.);
#331=CARTESIAN_POINT('',(-120.502424709,-6.799999999,-434.833945422));
#332=DIRECTION('',(0.,1.,0.));
#333=DIRECTION('',(1.,-0.,-0.));
#334=AXIS2_PLACEMENT_3D('',#331,#332,#333);
#335=PLANE('',#334);
#336=CARTESIAN_POINT('',(9.402243466,-6.799999999,6.823095695));
#337=VERTEX_POINT('',#336);
#338=CARTESIAN_POINT('',(6.99560159,-6.799999999,9.199958949));
#339=VERTEX_POINT('',#338);
#340=CARTESIAN_POINT('',(9.402243466,-6.799999999,6.823095695));
#341=CARTESIAN_POINT('',(9.306276065,-6.799999999,7.261318934));
#342=CARTESIAN_POINT('',(9.057123025,-6.799999999,8.027381704));
#343=CARTESIAN_POINT('',(8.567420616,-6.799999999,8.698286448));
#344=CARTESIAN_POINT('',(8.021725385,-6.799999999,9.014107408));
#345=CARTESIAN_POINT('',(7.483855965,-6.799999999,9.15154459));
#346=CARTESIAN_POINT('',(7.154035234,-6.799999999,9.189104934));
#347=CARTESIAN_POINT('',(6.995599664,-6.799999999,9.199959081));
#348=B_SPLINE_CURVE_WITH_KNOTS('',3,(#340,#341,#342,#343,#344,#345,#346,#347),.UNSPECIFIED.,.F.,.F.,(4,1,1,1,1,4),(-0.000033068,0.249322332,0.498677732,0.748033132,0.872710833,0.997388533),.UNSPECIFIED.);
#349=EDGE_CURVE('',#337,#339,#348,.T.);
#350=ORIENTED_EDGE('',*,*,#349,.T.);
#351=CARTESIAN_POINT('',(3.353528008,-6.799999999,4.693767459));
#352=VERTEX_POINT('',#351);
#353=CARTESIAN_POINT('',(6.995599664,-6.799999999,9.199959081));
#354=CARTESIAN_POINT('',(6.669269091,-6.799999999,9.179881978));
#355=CARTESIAN_POINT('',(6.025304052,-6.799999999,9.082017611));
#356=CARTESIAN_POINT('',(5.053325895,-6.799999999,8.681681295));
#357=CARTESIAN_POINT('',(4.21130741,-6.799999999,7.853833801));
#358=CARTESIAN_POINT('',(3.633682326,-6.799999999,6.435366309));
#359=CARTESIAN_POINT('',(3.432535755,-6.799999999,5.278958913));
#360=CARTESIAN_POINT('',(3.353528008,-6.799999999,4.693767459));
#361=B_SPLINE_CURVE_WITH_KNOTS('',3,(#353,#354,#355,#356,#357,#358,#359,#360),.UNSPECIFIED.,.F.,.F.,(4,1,1,1,1,4),(0.001286003,0.126137356,0.250988709,0.500691415,0.750394121,1.000096828),.UNSPECIFIED.);
#362=EDGE_CURVE('',#339,#352,#361,.T.);
#363=ORIENTED_EDGE('',*,*,#362,.T.);
#364=CARTESIAN_POINT('',(3.215607223,-6.800000024,1.360900312));
#365=VERTEX_POINT('',#364);
#366=CARTESIAN_POINT('',(3.353528008,-6.799999999,4.693767459));
#367=CARTESIAN_POINT('',(3.260120971,-6.799999999,3.977189752));
#368=CARTESIAN_POINT('',(3.104639505,-6.799999999,2.892675984));
#369=CARTESIAN_POINT('',(3.008169528,-6.799999999,2.144202596));
#370=CARTESIAN_POINT('',(3.010015191,-6.799999999,1.812093884));
#371=CARTESIAN_POINT('',(3.028932513,-6.799999999,1.665648562));
#372=CARTESIAN_POINT('',(3.107544009,-6.799999999,1.487237707));
#373=CARTESIAN_POINT('',(3.174667649,-6.799999999,1.412099159));
#374=CARTESIAN_POINT('',(3.215607223,-6.799999999,1.360900312));
#375=B_SPLINE_CURVE_WITH_KNOTS('',3,(#366,#367,#368,#369,#370,#371,#372,#373,#374),.UNSPECIFIED.,.F.,.F.,(4,1,1,1,1,1,4),(0.000184718,0.249070759,0.497956801,0.622399822,0.746842843,0.871285864,0.995728885),.UNSPECIFIED.);
#376=EDGE_CURVE('',#352,#365,#375,.T.);
#377=ORIENTED_EDGE('',*,*,#376,.T.);
#378=CARTESIAN_POINT('',(3.828768769,-6.800000049,1.126054543));
#379=VERTEX_POINT('',#378);
#380=CARTESIAN_POINT('',(3.791333391,-6.800000049,1.946192267));
#381=DIRECTION('',(-0.,-1.,-0.));
#382=DIRECTION('',(0.000000001,-0.,1.));
#383=AXIS2_PLACEMENT_3D('',#380,#381,#382);
#384=CIRCLE('',#383,0.820991652);
#385=EDGE_CURVE('',#365,#379,#384,.T.);
#386=ORIENTED_EDGE('',*,*,#385,.T.);
#387=CARTESIAN_POINT('',(9.453877885,-6.800000167,1.126054542));
#388=VERTEX_POINT('',#387);
#389=CARTESIAN_POINT('',(3.828768769,-6.800000048,1.126054543));
#390=DIRECTION('',(1.,-0.000000042,0.));
#391=VECTOR('',#390,5.625109116);
#392=LINE('',#389,#391);
#393=EDGE_CURVE('',#379,#388,#392,.T.);
#394=ORIENTED_EDGE('',*,*,#393,.T.);
#395=CARTESIAN_POINT('',(10.223060585,-6.800000024,1.860586622));
#396=VERTEX_POINT('',#395);
#397=CARTESIAN_POINT('',(9.453877885,-6.800000049,1.896054542));
#398=DIRECTION('',(-0.,-1.,-0.));
#399=DIRECTION('',(0.000000001,-0.,1.));
#400=AXIS2_PLACEMENT_3D('',#397,#398,#399);
#401=CIRCLE('',#400,0.77);
#402=EDGE_CURVE('',#388,#396,#401,.T.);
#403=ORIENTED_EDGE('',*,*,#402,.T.);
#404=CARTESIAN_POINT('',(10.223060585,-6.799999999,1.860586623));
#405=CARTESIAN_POINT('',(10.028880271,-6.799999999,3.827842804));
#406=CARTESIAN_POINT('',(9.880942121,-6.799999999,4.624663388));
#407=CARTESIAN_POINT('',(9.402243466,-6.799999999,6.823095695));
#408=B_SPLINE_CURVE_WITH_KNOTS('',3,(#404,#405,#406,#407),.UNSPECIFIED.,.F.,.F.,(4,4),(0.002242091,0.999938596),.UNSPECIFIED.);
#409=EDGE_CURVE('',#396,#337,#408,.T.);
#410=ORIENTED_EDGE('',*,*,#409,.T.);
#411=EDGE_LOOP('',(#350,#363,#377,#386,#394,#403,#410));
#412=FACE_BOUND('',#411,.T.);
#413=ORIENTED_EDGE('',*,*,#183,.T.);
#414=ORIENTED_EDGE('',*,*,#141,.F.);
#415=ORIENTED_EDGE('',*,*,#104,.F.);
#416=ORIENTED_EDGE('',*,*,#326,.T.);
#417=ORIENTED_EDGE('',*,*,#304,.F.);
#418=ORIENTED_EDGE('',*,*,#271,.T.);
#419=ORIENTED_EDGE('',*,*,#234,.T.);
#420=CARTESIAN_POINT('',(6.984255602,-6.799999997,6.86193827));
#421=DIRECTION('',(-0.,-1.,0.));
#422=DIRECTION('',(-0.000000001,0.,-1.));
#423=AXIS2_PLACEMENT_3D('',#420,#421,#422);
#424=CIRCLE('',#423,2.53);
#425=EDGE_CURVE('',#162,#221,#424,.T.);
#426=ORIENTED_EDGE('',*,*,#425,.F.);
#427=EDGE_LOOP('',(#413,#414,#415,#416,#417,#418,#419,#426));
#428=FACE_BOUND('',#427,.T.);
#429=ADVANCED_FACE('',(#412,#428),#335,.T.);
#430=CARTESIAN_POINT('',(-120.502424709,-7.299999999,-434.833945422));
#431=DIRECTION('',(0.,1.,0.));
#432=DIRECTION('',(1.,-0.,-0.));
#433=AXIS2_PLACEMENT_3D('',#430,#431,#432);
#434=PLANE('',#433);
#435=CARTESIAN_POINT('',(7.249882573,-7.299999999,8.97531053));
#436=VERTEX_POINT('',#435);
#437=CARTESIAN_POINT('',(6.736665594,-7.299999999,8.977534385));
#438=VERTEX_POINT('',#437);
#439=CARTESIAN_POINT('',(7.249882573,-7.299999999,8.97531053));
#440=CARTESIAN_POINT('',(6.994427848,-7.299999999,9.007418295));
#441=CARTESIAN_POINT('',(6.736669482,-7.299999999,8.977500893));
#442=B_SPLINE_CURVE_WITH_KNOTS('',2,(#439,#440,#441),.UNSPECIFIED.,.F.,.F.,(3,3),(0.,1.),.UNSPECIFIED.);
#443=EDGE_CURVE('',#436,#438,#442,.T.);
#444=ORIENTED_EDGE('',*,*,#443,.T.);
#445=CARTESIAN_POINT('',(3.551825808,-7.299999999,4.667688108));
#446=VERTEX_POINT('',#445);
#447=CARTESIAN_POINT('',(6.736661707,-7.299999999,8.977567877));
#448=CARTESIAN_POINT('',(5.940922114,-7.299999999,8.889287364));
#449=CARTESIAN_POINT('',(5.370899079,-7.299999999,8.558205854));
#450=CARTESIAN_POINT('',(4.777387785,-7.299999999,8.213481864));
#451=CARTESIAN_POINT('',(4.388070207,-7.299999999,7.574267879));
#452=CARTESIAN_POINT('',(4.052148951,-7.299999999,7.02272442));
#453=CARTESIAN_POINT('',(3.836752817,-7.299999999,6.197327894));
#454=CARTESIAN_POINT('',(3.674286926,-7.299999999,5.574759703));
#455=CARTESIAN_POINT('',(3.551821648,-7.299999999,4.66768865));
#456=B_SPLINE_CURVE_WITH_KNOTS('',2,(#447,#448,#449,#450,#451,#452,#453,#454,#455),.UNSPECIFIED.,.F.,.F.,(3,2,2,2,3),(0.,0.25,0.5,0.75,1.),.UNSPECIFIED.);
#457=EDGE_CURVE('',#438,#446,#456,.T.);
#458=ORIENTED_EDGE('',*,*,#457,.T.);
#459=CARTESIAN_POINT('',(3.363668915,-7.299999999,1.495932645));
#460=VERTEX_POINT('',#459);
#461=CARTESIAN_POINT('',(3.551825808,-7.299999999,4.667688108));
#462=CARTESIAN_POINT('',(3.506629833,-7.299999999,4.32100022));
#463=CARTESIAN_POINT('',(3.432260603,-7.299999999,3.783346207));
#464=CARTESIAN_POINT('',(3.326083934,-7.299999999,3.015739595));
#465=CARTESIAN_POINT('',(3.310803809,-7.299999999,2.903386386));
#466=CARTESIAN_POINT('',(3.226525652,-7.299999999,2.283697623));
#467=CARTESIAN_POINT('',(3.213597506,-7.299999999,2.051510248));
#468=CARTESIAN_POINT('',(3.201644487,-7.299999999,1.836836));
#469=CARTESIAN_POINT('',(3.22748782,-7.299999999,1.729303381));
#470=CARTESIAN_POINT('',(3.239733789,-7.299999999,1.678348609));
#471=CARTESIAN_POINT('',(3.269902402,-7.299999999,1.626822574));
#472=CARTESIAN_POINT('',(3.29950968,-7.299999999,1.576255266));
#473=CARTESIAN_POINT('',(3.363668915,-7.299999999,1.495932645));
#474=B_SPLINE_CURVE_WITH_KNOTS('',2,(#461,#462,#463,#464,#465,#466,#467,#468,#469,#470,#471,#472,#473),.UNSPECIFIED.,.F.,.F.,(3,2,2,2,2,2,3),(0.,0.25,0.5,0.75,0.875,0.9375,1.),.UNSPECIFIED.);
#475=EDGE_CURVE('',#446,#460,#474,.T.);
#476=ORIENTED_EDGE('',*,*,#475,.T.);
#477=CARTESIAN_POINT('',(3.823888493,-7.299999999,1.326054543));
#478=VERTEX_POINT('',#477);
#479=CARTESIAN_POINT('',(3.791333391,-7.299999999,1.946192267));
#480=DIRECTION('',(-0.,-1.,-0.));
#481=DIRECTION('',(0.000000001,-0.,1.));
#482=AXIS2_PLACEMENT_3D('',#479,#480,#481);
#483=CIRCLE('',#482,0.620991652);
#484=EDGE_CURVE('',#460,#478,#483,.T.);
#485=ORIENTED_EDGE('',*,*,#484,.T.);
#486=CARTESIAN_POINT('',(9.453877885,-7.299999999,1.326054542));
#487=VERTEX_POINT('',#486);
#488=CARTESIAN_POINT('',(3.823888493,-7.299999999,1.326054543));
#489=DIRECTION('',(1.,-0.,0.));
#490=VECTOR('',#489,5.629989392);
#491=LINE('',#488,#490);
#492=EDGE_CURVE('',#478,#487,#491,.T.);
#493=ORIENTED_EDGE('',*,*,#492,.T.);
#494=CARTESIAN_POINT('',(10.02239275,-7.299999999,1.854934616));
#495=VERTEX_POINT('',#494);
#496=CARTESIAN_POINT('',(9.453877885,-7.299999999,1.896054542));
#497=DIRECTION('',(-0.,-1.,-0.));
#498=DIRECTION('',(0.000000001,-0.,1.));
#499=AXIS2_PLACEMENT_3D('',#496,#497,#498);
#500=CIRCLE('',#499,0.57);
#501=EDGE_CURVE('',#487,#495,#500,.T.);
#502=ORIENTED_EDGE('',*,*,#501,.T.);
#503=CARTESIAN_POINT('',(9.206733502,-7.299999999,6.780949682));
#504=VERTEX_POINT('',#503);
#505=CARTESIAN_POINT('',(10.02239275,-7.299999999,1.854934616));
#506=CARTESIAN_POINT('',(9.949329365,-7.299999999,2.583422067));
#507=CARTESIAN_POINT('',(9.885297351,-7.299999999,3.097807095));
#508=CARTESIAN_POINT('',(9.80405265,-7.299999999,3.750465899));
#509=CARTESIAN_POINT('',(9.704715834,-7.299999999,4.327046575));
#510=CARTESIAN_POINT('',(9.611307308,-7.299999999,4.86921768));
#511=CARTESIAN_POINT('',(9.470054589,-7.299999999,5.552087729));
#512=CARTESIAN_POINT('',(9.389165446,-7.299999999,5.943136999));
#513=CARTESIAN_POINT('',(9.20673379,-7.299999999,6.780949746));
#514=B_SPLINE_CURVE_WITH_KNOTS('',2,(#505,#506,#507,#508,#509,#510,#511,#512,#513),.UNSPECIFIED.,.F.,.F.,(3,2,2,2,3),(0.,0.25,0.5,0.75,1.),.UNSPECIFIED.);
#515=EDGE_CURVE('',#495,#504,#514,.T.);
#516=ORIENTED_EDGE('',*,*,#515,.T.);
#517=CARTESIAN_POINT('',(9.206733502,-7.299999999,6.780949682));
#518=CARTESIAN_POINT('',(9.064853931,-7.299999999,7.428651918));
#519=CARTESIAN_POINT('',(8.857598702,-7.299999999,7.860807554));
#520=CARTESIAN_POINT('',(8.734331967,-7.299999999,8.117835638));
#521=CARTESIAN_POINT('',(8.583957148,-7.299999999,8.30781291));
#522=CARTESIAN_POINT('',(8.34709198,-7.299999999,8.60705848));
#523=CARTESIAN_POINT('',(8.011788363,-7.299999999,8.768441631));
#524=CARTESIAN_POINT('',(7.699355748,-7.299999999,8.918816864));
#525=CARTESIAN_POINT('',(7.249882573,-7.299999999,8.97531053));
#526=B_SPLINE_CURVE_WITH_KNOTS('',2,(#517,#518,#519,#520,#521,#522,#523,#524,#525),.UNSPECIFIED.,.F.,.F.,(3,2,2,2,3),(0.,0.333333333,0.5,0.75,1.),.UNSPECIFIED.);
#527=EDGE_CURVE('',#504,#436,#526,.T.);
#528=ORIENTED_EDGE('',*,*,#527,.T.);
#529=EDGE_LOOP('',(#444,#458,#476,#485,#493,#502,#516,#528));
#530=FACE_BOUND('',#529,.T.);
#531=CARTESIAN_POINT('',(4.597575412,-7.299999999,4.966054542));
#532=VERTEX_POINT('',#531);
#533=CARTESIAN_POINT('',(6.597575414,-7.299999999,6.966054542));
#534=VERTEX_POINT('',#533);
#535=CARTESIAN_POINT('',(6.597575412,-7.299999999,4.966054542));
#536=DIRECTION('',(0.,1.,0.));
#537=DIRECTION('',(-1.,0.,0.));
#538=AXIS2_PLACEMENT_3D('',#535,#536,#537);
#539=CIRCLE('',#538,2.);
#540=EDGE_CURVE('',#532,#534,#539,.T.);
#541=ORIENTED_EDGE('',*,*,#540,.T.);
#542=CARTESIAN_POINT('',(6.597575412,-7.299999999,4.966054542));
#543=DIRECTION('',(0.,1.,0.));
#544=DIRECTION('',(-1.,0.,0.));
#545=AXIS2_PLACEMENT_3D('',#542,#543,#544);
#546=CIRCLE('',#545,2.);
#547=EDGE_CURVE('',#534,#532,#546,.T.);
#548=ORIENTED_EDGE('',*,*,#547,.T.);
#549=EDGE_LOOP('',(#541,#548));
#550=FACE_BOUND('',#549,.T.);
#551=ADVANCED_FACE('',(#530,#550),#434,.F.);
#552=CARTESIAN_POINT('',(9.402243466,-6.700000049,6.823095696));
#553=CARTESIAN_POINT('',(9.402243466,-6.800000049,6.823095695));
#554=CARTESIAN_POINT('',(9.306276065,-6.700000049,7.261318935));
#555=CARTESIAN_POINT('',(9.306276065,-6.800000049,7.261318934));
#556=CARTESIAN_POINT('',(9.057123025,-6.700000049,8.027381704));
#557=CARTESIAN_POINT('',(9.057123025,-6.800000049,8.027381704));
#558=CARTESIAN_POINT('',(8.567420616,-6.70000005,8.698286447));
#559=CARTESIAN_POINT('',(8.567420616,-6.800000049,8.698286448));
#560=CARTESIAN_POINT('',(8.021725385,-6.70000005,9.014107407));
#561=CARTESIAN_POINT('',(8.021725385,-6.800000049,9.014107408));
#562=CARTESIAN_POINT('',(7.483855965,-6.700000049,9.151544589));
#563=CARTESIAN_POINT('',(7.483855965,-6.800000049,9.15154459));
#564=CARTESIAN_POINT('',(7.154035234,-6.70000005,9.189104934));
#565=CARTESIAN_POINT('',(7.154035234,-6.800000049,9.189104934));
#566=CARTESIAN_POINT('',(6.995599664,-6.70000005,9.199959082));
#567=CARTESIAN_POINT('',(6.995599664,-6.800000049,9.199959081));
#568=B_SPLINE_SURFACE_WITH_KNOTS('',3,1,((#552,#553),(#554,#555),(#556,#557),(#558,#559),(#560,#561),(#562,#563),(#564,#565),(#566,#567)),.UNSPECIFIED.,.F.,.F.,.U.,(4,1,1,1,1,4),(2,2),(-0.000033068,0.249322332,0.498677732,0.748033132,0.872710833,0.997388533),(0.,1.),.UNSPECIFIED.);
#569=ORIENTED_EDGE('',*,*,#349,.F.);
#570=CARTESIAN_POINT('',(9.402243466,-6.7,6.823095696));
#571=VERTEX_POINT('',#570);
#572=CARTESIAN_POINT('',(9.402243466,-6.7,6.823095696));
#573=DIRECTION('',(-0.,-1.,-0.000000005));
#574=VECTOR('',#573,0.1);
#575=LINE('',#572,#574);
#576=EDGE_CURVE('',#571,#337,#575,.T.);
#577=ORIENTED_EDGE('',*,*,#576,.F.);
#578=CARTESIAN_POINT('',(6.99560159,-6.7,9.19995895));
#579=VERTEX_POINT('',#578);
#580=CARTESIAN_POINT('',(9.402243466,-6.7,6.823095696));
#581=CARTESIAN_POINT('',(9.306276065,-6.7,7.261318935));
#582=CARTESIAN_POINT('',(9.057123025,-6.7,8.027381704));
#583=CARTESIAN_POINT('',(8.567420616,-6.7,8.698286447));
#584=CARTESIAN_POINT('',(8.021725385,-6.7,9.014107407));
#585=CARTESIAN_POINT('',(7.483855965,-6.7,9.151544589));
#586=CARTESIAN_POINT('',(7.154035234,-6.7,9.189104934));
#587=CARTESIAN_POINT('',(6.995599664,-6.7,9.199959082));
#588=B_SPLINE_CURVE_WITH_KNOTS('',3,(#580,#581,#582,#583,#584,#585,#586,#587),.UNSPECIFIED.,.F.,.F.,(4,1,1,1,1,4),(-0.000033068,0.249322332,0.498677732,0.748033132,0.872710833,0.997388533),.UNSPECIFIED.);
#589=EDGE_CURVE('',#571,#579,#588,.T.);
#590=ORIENTED_EDGE('',*,*,#589,.T.);
#591=CARTESIAN_POINT('',(6.995599664,-6.7,9.199959082));
#592=DIRECTION('',(-0.,-1.,-0.000000005));
#593=VECTOR('',#592,0.1);
#594=LINE('',#591,#593);
#595=EDGE_CURVE('',#579,#339,#594,.T.);
#596=ORIENTED_EDGE('',*,*,#595,.T.);
#597=EDGE_LOOP('',(#569,#577,#590,#596));
#598=FACE_BOUND('',#597,.T.);
#599=ADVANCED_FACE('',(#598),#568,.T.);
#600=CARTESIAN_POINT('',(6.995599664,-6.70000005,9.199959082));
#601=CARTESIAN_POINT('',(6.995599664,-6.800000049,9.199959081));
#602=CARTESIAN_POINT('',(6.669269091,-6.70000005,9.179881979));
#603=CARTESIAN_POINT('',(6.669269091,-6.800000049,9.179881978));
#604=CARTESIAN_POINT('',(6.025304052,-6.70000005,9.082017612));
#605=CARTESIAN_POINT('',(6.025304052,-6.800000049,9.082017611));
#606=CARTESIAN_POINT('',(5.053325895,-6.70000005,8.681681295));
#607=CARTESIAN_POINT('',(5.053325895,-6.800000049,8.681681295));
#608=CARTESIAN_POINT('',(4.21130741,-6.70000005,7.853833802));
#609=CARTESIAN_POINT('',(4.21130741,-6.800000049,7.853833801));
#610=CARTESIAN_POINT('',(3.633682326,-6.70000005,6.435366308));
#611=CARTESIAN_POINT('',(3.633682326,-6.800000049,6.435366309));
#612=CARTESIAN_POINT('',(3.432535755,-6.700000049,5.278958913));
#613=CARTESIAN_POINT('',(3.432535755,-6.800000049,5.278958913));
#614=CARTESIAN_POINT('',(3.353528008,-6.700000049,4.693767459));
#615=CARTESIAN_POINT('',(3.353528008,-6.800000049,4.693767459));
#616=B_SPLINE_SURFACE_WITH_KNOTS('',3,1,((#600,#601),(#602,#603),(#604,#605),(#606,#607),(#608,#609),(#610,#611),(#612,#613),(#614,#615)),.UNSPECIFIED.,.F.,.F.,.U.,(4,1,1,1,1,4),(2,2),(0.001286003,0.126137356,0.250988709,0.500691415,0.750394121,1.000096828),(0.,1.),.UNSPECIFIED.);
#617=ORIENTED_EDGE('',*,*,#362,.F.);
#618=ORIENTED_EDGE('',*,*,#595,.F.);
#619=CARTESIAN_POINT('',(3.353528008,-6.7,4.693767459));
#620=VERTEX_POINT('',#619);
#621=CARTESIAN_POINT('',(6.995599664,-6.7,9.199959082));
#622=CARTESIAN_POINT('',(6.669269091,-6.7,9.179881979));
#623=CARTESIAN_POINT('',(6.025304052,-6.7,9.082017612));
#624=CARTESIAN_POINT('',(5.053325895,-6.7,8.681681295));
#625=CARTESIAN_POINT('',(4.21130741,-6.7,7.853833802));
#626=CARTESIAN_POINT('',(3.633682326,-6.7,6.435366308));
#627=CARTESIAN_POINT('',(3.432535755,-6.7,5.278958913));
#628=CARTESIAN_POINT('',(3.353528008,-6.7,4.693767459));
#629=B_SPLINE_CURVE_WITH_KNOTS('',3,(#621,#622,#623,#624,#625,#626,#627,#628),.UNSPECIFIED.,.F.,.F.,(4,1,1,1,1,4),(0.001286003,0.126137356,0.250988709,0.500691415,0.750394121,1.000096828),.UNSPECIFIED.);
#630=EDGE_CURVE('',#579,#620,#629,.T.);
#631=ORIENTED_EDGE('',*,*,#630,.T.);
#632=CARTESIAN_POINT('',(3.353528008,-6.7,4.693767459));
#633=DIRECTION('',(-0.,-1.,-0.000000005));
#634=VECTOR('',#633,0.1);
#635=LINE('',#632,#634);
#636=EDGE_CURVE('',#620,#352,#635,.T.);
#637=ORIENTED_EDGE('',*,*,#636,.T.);
#638=EDGE_LOOP('',(#617,#618,#631,#637));
#639=FACE_BOUND('',#638,.T.);
#640=ADVANCED_FACE('',(#639),#616,.T.);
#641=CARTESIAN_POINT('',(3.353528008,-6.700000049,4.693767459));
#642=CARTESIAN_POINT('',(3.353528008,-6.799999999,4.693767459));
#643=CARTESIAN_POINT('',(3.260120971,-6.700000049,3.977189753));
#644=CARTESIAN_POINT('',(3.260120971,-6.799999999,3.977189752));
#645=CARTESIAN_POINT('',(3.104639505,-6.700000049,2.892675984));
#646=CARTESIAN_POINT('',(3.104639505,-6.799999999,2.892675984));
#647=CARTESIAN_POINT('',(3.008169528,-6.700000048,2.144202597));
#648=CARTESIAN_POINT('',(3.008169528,-6.799999999,2.144202596));
#649=CARTESIAN_POINT('',(3.010015191,-6.700000049,1.812093884));
#650=CARTESIAN_POINT('',(3.010015191,-6.799999999,1.812093884));
#651=CARTESIAN_POINT('',(3.028932513,-6.700000049,1.665648563));
#652=CARTESIAN_POINT('',(3.028932513,-6.799999999,1.665648562));
#653=CARTESIAN_POINT('',(3.107544009,-6.700000049,1.487237707));
#654=CARTESIAN_POINT('',(3.107544009,-6.799999999,1.487237707));
#655=CARTESIAN_POINT('',(3.174667649,-6.700000049,1.41209916));
#656=CARTESIAN_POINT('',(3.174667649,-6.799999999,1.412099159));
#657=CARTESIAN_POINT('',(3.215607223,-6.700000049,1.360900313));
#658=CARTESIAN_POINT('',(3.215607223,-6.799999999,1.360900312));
#659=B_SPLINE_SURFACE_WITH_KNOTS('',3,1,((#641,#642),(#643,#644),(#645,#646),(#647,#648),(#649,#650),(#651,#652),(#653,#654),(#655,#656),(#657,#658)),.UNSPECIFIED.,.F.,.F.,.U.,(4,1,1,1,1,1,4),(2,2),(0.000184718,0.249070759,0.497956801,0.622399822,0.746842843,0.871285864,0.995728885),(0.,0.999999504),.UNSPECIFIED.);
#660=ORIENTED_EDGE('',*,*,#376,.F.);
#661=ORIENTED_EDGE('',*,*,#636,.F.);
#662=CARTESIAN_POINT('',(3.215607223,-6.700000024,1.360900312));
#663=VERTEX_POINT('',#662);
#664=CARTESIAN_POINT('',(3.353528008,-6.7,4.693767459));
#665=CARTESIAN_POINT('',(3.260120971,-6.7,3.977189753));
#666=CARTESIAN_POINT('',(3.104639505,-6.7,2.892675984));
#667=CARTESIAN_POINT('',(3.008169528,-6.7,2.144202597));
#668=CARTESIAN_POINT('',(3.010015191,-6.7,1.812093884));
#669=CARTESIAN_POINT('',(3.028932513,-6.7,1.665648563));
#670=CARTESIAN_POINT('',(3.107544009,-6.7,1.487237707));
#671=CARTESIAN_POINT('',(3.174667649,-6.7,1.41209916));
#672=CARTESIAN_POINT('',(3.215607223,-6.7,1.360900312));
#673=B_SPLINE_CURVE_WITH_KNOTS('',3,(#664,#665,#666,#667,#668,#669,#670,#671,#672),.UNSPECIFIED.,.F.,.F.,(4,1,1,1,1,1,4),(0.000184718,0.249070759,0.497956801,0.622399822,0.746842843,0.871285864,0.995728885),.UNSPECIFIED.);
#674=EDGE_CURVE('',#620,#663,#673,.T.);
#675=ORIENTED_EDGE('',*,*,#674,.T.);
#676=CARTESIAN_POINT('',(3.215607223,-6.700000024,1.360900312));
#677=DIRECTION('',(-0.,-1.,0.));
#678=VECTOR('',#677,0.1);
#679=LINE('',#676,#678);
#680=EDGE_CURVE('',#663,#365,#679,.T.);
#681=ORIENTED_EDGE('',*,*,#680,.T.);
#682=EDGE_LOOP('',(#660,#661,#675,#681));
#683=FACE_BOUND('',#682,.T.);
#684=ADVANCED_FACE('',(#683),#659,.T.);
#685=CARTESIAN_POINT('',(3.791333391,-6.700000048,1.946192267));
#686=DIRECTION('',(-0.,-1.,0.));
#687=DIRECTION('',(0.000000001,-0.,1.));
#688=AXIS2_PLACEMENT_3D('',#685,#686,#687);
#689=CYLINDRICAL_SURFACE('',#688,0.820991652);
#690=ORIENTED_EDGE('',*,*,#385,.F.);
#691=ORIENTED_EDGE('',*,*,#680,.F.);
#692=CARTESIAN_POINT('',(3.82876877,-6.700000024,1.126054543));
#693=VERTEX_POINT('',#692);
#694=CARTESIAN_POINT('',(3.791333391,-6.700000049,1.946192267));
#695=DIRECTION('',(-0.,-1.,-0.));
#696=DIRECTION('',(0.000000001,-0.,1.));
#697=AXIS2_PLACEMENT_3D('',#694,#695,#696);
#698=CIRCLE('',#697,0.820991652);
#699=EDGE_CURVE('',#663,#693,#698,.T.);
#700=ORIENTED_EDGE('',*,*,#699,.T.);
#701=CARTESIAN_POINT('',(3.828768771,-6.700000024,1.126054543));
#702=DIRECTION('',(-0.000000042,-1.,0.));
#703=VECTOR('',#702,0.100000025);
#704=LINE('',#701,#703);
#705=EDGE_CURVE('',#693,#379,#704,.T.);
#706=ORIENTED_EDGE('',*,*,#705,.T.);
#707=EDGE_LOOP('',(#690,#691,#700,#706));
#708=FACE_BOUND('',#707,.T.);
#709=ADVANCED_FACE('',(#708),#689,.T.);
#710=CARTESIAN_POINT('',(6.641323328,-6.700000049,1.126054543));
#711=DIRECTION('',(0.,0.,1.));
#712=DIRECTION('',(0.000000042,1.,-0.));
#713=AXIS2_PLACEMENT_3D('',#710,#711,#712);
#714=PLANE('',#713);
#715=ORIENTED_EDGE('',*,*,#393,.F.);
#716=ORIENTED_EDGE('',*,*,#705,.F.);
#717=CARTESIAN_POINT('',(9.453877885,-6.700000024,1.126054543));
#718=VERTEX_POINT('',#717);
#719=CARTESIAN_POINT('',(3.82876877,-6.7,1.126054544));
#720=DIRECTION('',(1.,-0.,-0.));
#721=VECTOR('',#720,5.625109115);
#722=LINE('',#719,#721);
#723=EDGE_CURVE('',#693,#718,#722,.T.);
#724=ORIENTED_EDGE('',*,*,#723,.T.);
#725=CARTESIAN_POINT('',(9.453877885,-6.700000024,1.126054542));
#726=DIRECTION('',(-0.,-1.,0.));
#727=VECTOR('',#726,0.100000143);
#728=LINE('',#725,#727);
#729=EDGE_CURVE('',#718,#388,#728,.T.);
#730=ORIENTED_EDGE('',*,*,#729,.T.);
#731=EDGE_LOOP('',(#715,#716,#724,#730));
#732=FACE_BOUND('',#731,.T.);
#733=ADVANCED_FACE('',(#732),#714,.F.);
#734=CARTESIAN_POINT('',(9.453877885,-6.700000049,1.896054542));
#735=DIRECTION('',(-0.,-1.,0.));
#736=DIRECTION('',(0.000000001,-0.,1.));
#737=AXIS2_PLACEMENT_3D('',#734,#735,#736);
#738=CYLINDRICAL_SURFACE('',#737,0.77);
#739=ORIENTED_EDGE('',*,*,#402,.F.);
#740=ORIENTED_EDGE('',*,*,#729,.F.);
#741=CARTESIAN_POINT('',(10.223060585,-6.700000024,1.860586622));
#742=VERTEX_POINT('',#741);
#743=CARTESIAN_POINT('',(9.453877885,-6.700000049,1.896054542));
#744=DIRECTION('',(-0.,-1.,-0.));
#745=DIRECTION('',(0.000000001,-0.,1.));
#746=AXIS2_PLACEMENT_3D('',#743,#744,#745);
#747=CIRCLE('',#746,0.77);
#748=EDGE_CURVE('',#718,#742,#747,.T.);
#749=ORIENTED_EDGE('',*,*,#748,.T.);
#750=CARTESIAN_POINT('',(10.223060585,-6.700000024,1.860586622));
#751=DIRECTION('',(-0.,-1.,0.));
#752=VECTOR('',#751,0.1);
#753=LINE('',#750,#752);
#754=EDGE_CURVE('',#742,#396,#753,.T.);
#755=ORIENTED_EDGE('',*,*,#754,.T.);
#756=EDGE_LOOP('',(#739,#740,#749,#755));
#757=FACE_BOUND('',#756,.T.);
#758=ADVANCED_FACE('',(#757),#738,.T.);
#759=CARTESIAN_POINT('',(9.109150095,-6.700000049,6.759093286));
#760=CARTESIAN_POINT('',(9.109150095,-6.799999999,6.759093287));
#761=CARTESIAN_POINT('',(9.013676988,-6.700000049,7.1950594));
#762=CARTESIAN_POINT('',(9.013676988,-6.799999999,7.1950594));
#763=CARTESIAN_POINT('',(8.782275186,-6.70000005,7.892011446));
#764=CARTESIAN_POINT('',(8.782275186,-6.799999999,7.892011445));
#765=CARTESIAN_POINT('',(8.356038863,-6.700000049,8.470552741));
#766=CARTESIAN_POINT('',(8.356038863,-6.799999999,8.470552742));
#767=CARTESIAN_POINT('',(7.836763506,-6.700000049,8.777849148));
#768=CARTESIAN_POINT('',(7.836763506,-6.8,8.777849148));
#769=CARTESIAN_POINT('',(7.309793263,-6.700000049,8.877731036));
#770=CARTESIAN_POINT('',(7.309793263,-6.799999999,8.877731037));
#771=CARTESIAN_POINT('',(6.99455421,-6.700000049,8.89932752));
#772=CARTESIAN_POINT('',(6.99455421,-6.8,8.899327521));
#773=B_SPLINE_SURFACE_WITH_KNOTS('',3,1,((#759,#760),(#761,#762),(#763,#764),(#765,#766),(#767,#768),(#769,#770),(#771,#772)),.UNSPECIFIED.,.F.,.F.,.U.,(4,1,1,1,4),(2,2),(0.,0.248071063,0.496142126,0.744213188,0.992284251),(0.,0.999999497),.UNSPECIFIED.);
#774=CARTESIAN_POINT('',(9.109150095,-6.799999999,6.759093287));
#775=VERTEX_POINT('',#774);
#776=CARTESIAN_POINT('',(6.994556136,-6.799999999,8.899327389));
#777=VERTEX_POINT('',#776);
#778=CARTESIAN_POINT('',(9.109150095,-6.799999999,6.759093287));
#779=CARTESIAN_POINT('',(9.013676988,-6.799999999,7.1950594));
#780=CARTESIAN_POINT('',(8.782275186,-6.799999999,7.892011445));
#781=CARTESIAN_POINT('',(8.356038863,-6.799999999,8.470552742));
#782=CARTESIAN_POINT('',(7.836763506,-6.799999999,8.777849148));
#783=CARTESIAN_POINT('',(7.309793263,-6.799999999,8.877731037));
#784=CARTESIAN_POINT('',(6.99455421,-6.799999999,8.899327521));
#785=B_SPLINE_CURVE_WITH_KNOTS('',3,(#778,#779,#780,#781,#782,#783,#784),.UNSPECIFIED.,.F.,.F.,(4,1,1,1,4),(0.,0.248071063,0.496142126,0.744213188,0.992284251),.UNSPECIFIED.);
#786=EDGE_CURVE('',#775,#777,#785,.T.);
#787=ORIENTED_EDGE('',*,*,#786,.T.);
#788=CARTESIAN_POINT('',(6.994552282,-6.7,8.899327401));
#789=VERTEX_POINT('',#788);
#790=CARTESIAN_POINT('',(6.99455421,-6.7,8.89932752));
#791=DIRECTION('',(-0.,-1.,0.000000005));
#792=VECTOR('',#791,0.1);
#793=LINE('',#790,#792);
#794=EDGE_CURVE('',#789,#777,#793,.T.);
#795=ORIENTED_EDGE('',*,*,#794,.F.);
#796=CARTESIAN_POINT('',(9.109150095,-6.7,6.759093286));
#797=VERTEX_POINT('',#796);
#798=CARTESIAN_POINT('',(9.109150095,-6.7,6.759093286));
#799=CARTESIAN_POINT('',(9.013676988,-6.7,7.1950594));
#800=CARTESIAN_POINT('',(8.782275186,-6.7,7.892011446));
#801=CARTESIAN_POINT('',(8.356038863,-6.7,8.470552741));
#802=CARTESIAN_POINT('',(7.836763506,-6.7,8.777849148));
#803=CARTESIAN_POINT('',(7.309793263,-6.7,8.877731036));
#804=CARTESIAN_POINT('',(6.99455421,-6.7,8.89932752));
#805=B_SPLINE_CURVE_WITH_KNOTS('',3,(#798,#799,#800,#801,#802,#803,#804),.UNSPECIFIED.,.F.,.F.,(4,1,1,1,4),(0.,0.248071063,0.496142126,0.744213188,0.992284251),.UNSPECIFIED.);
#806=EDGE_CURVE('',#797,#789,#805,.T.);
#807=ORIENTED_EDGE('',*,*,#806,.F.);
#808=CARTESIAN_POINT('',(9.109150095,-6.7,6.759093286));
#809=DIRECTION('',(-0.,-1.,0.000000005));
#810=VECTOR('',#809,0.1);
#811=LINE('',#808,#810);
#812=EDGE_CURVE('',#797,#775,#811,.T.);
#813=ORIENTED_EDGE('',*,*,#812,.T.);
#814=EDGE_LOOP('',(#787,#795,#807,#813));
#815=FACE_BOUND('',#814,.T.);
#816=ADVANCED_FACE('',(#815),#773,.F.);
#817=CARTESIAN_POINT('',(9.922115522,-6.700000048,1.855391101));
#818=CARTESIAN_POINT('',(9.922115522,-6.800000048,1.855391101));
#819=CARTESIAN_POINT('',(9.728738977,-6.700000049,3.814504225));
#820=CARTESIAN_POINT('',(9.728738977,-6.800000049,3.814504225));
#821=CARTESIAN_POINT('',(9.585867275,-6.700000049,4.569760943));
#822=CARTESIAN_POINT('',(9.585867275,-6.800000048,4.569760944));
#823=CARTESIAN_POINT('',(9.109150095,-6.700000049,6.759093286));
#824=CARTESIAN_POINT('',(9.109150095,-6.800000049,6.759093287));
#825=B_SPLINE_SURFACE_WITH_KNOTS('',3,1,((#817,#818),(#819,#820),(#821,#822),(#823,#824)),.UNSPECIFIED.,.F.,.F.,.U.,(4,4),(2,2),(0.006345473,0.999912215),(0.,0.999999995),.UNSPECIFIED.);
#826=CARTESIAN_POINT('',(9.922115521,-6.800000024,1.855391101));
#827=VERTEX_POINT('',#826);
#828=CARTESIAN_POINT('',(9.922115521,-6.799999999,1.855391101));
#829=CARTESIAN_POINT('',(9.728738977,-6.799999999,3.814504225));
#830=CARTESIAN_POINT('',(9.585867275,-6.799999999,4.569760944));
#831=CARTESIAN_POINT('',(9.109150095,-6.799999999,6.759093287));
#832=B_SPLINE_CURVE_WITH_KNOTS('',3,(#828,#829,#830,#831),.UNSPECIFIED.,.F.,.F.,(4,4),(0.006345473,0.999912215),.UNSPECIFIED.);
#833=EDGE_CURVE('',#827,#775,#832,.T.);
#834=ORIENTED_EDGE('',*,*,#833,.T.);
#835=ORIENTED_EDGE('',*,*,#812,.F.);
#836=CARTESIAN_POINT('',(9.922115522,-6.700000024,1.855391101));
#837=VERTEX_POINT('',#836);
#838=CARTESIAN_POINT('',(9.922115522,-6.7,1.855391101));
#839=CARTESIAN_POINT('',(9.728738977,-6.7,3.814504225));
#840=CARTESIAN_POINT('',(9.585867275,-6.7,4.569760943));
#841=CARTESIAN_POINT('',(9.109150095,-6.7,6.759093286));
#842=B_SPLINE_CURVE_WITH_KNOTS('',3,(#838,#839,#840,#841),.UNSPECIFIED.,.F.,.F.,(4,4),(0.006345473,0.999912215),.UNSPECIFIED.);
#843=EDGE_CURVE('',#837,#797,#842,.T.);
#844=ORIENTED_EDGE('',*,*,#843,.F.);
#845=CARTESIAN_POINT('',(9.922115521,-6.700000024,1.855391101));
#846=DIRECTION('',(-0.,-1.,0.));
#847=VECTOR('',#846,0.1);
#848=LINE('',#845,#847);
#849=EDGE_CURVE('',#837,#827,#848,.T.);
#850=ORIENTED_EDGE('',*,*,#849,.T.);
#851=EDGE_LOOP('',(#834,#835,#844,#850));
#852=FACE_BOUND('',#851,.T.);
#853=ADVANCED_FACE('',(#852),#825,.F.);
#854=CARTESIAN_POINT('',(9.453877885,-6.700000049,1.896054542));
#855=DIRECTION('',(-0.,-1.,0.));
#856=DIRECTION('',(0.000000001,-0.,1.));
#857=AXIS2_PLACEMENT_3D('',#854,#855,#856);
#858=CYLINDRICAL_SURFACE('',#857,0.47);
#859=CARTESIAN_POINT('',(9.453877883,-6.800000024,1.426054544));
#860=VERTEX_POINT('',#859);
#861=CARTESIAN_POINT('',(9.453877885,-6.800000049,1.896054542));
#862=DIRECTION('',(-0.,-1.,-0.));
#863=DIRECTION('',(0.000000001,-0.,1.));
#864=AXIS2_PLACEMENT_3D('',#861,#862,#863);
#865=CIRCLE('',#864,0.47);
#866=EDGE_CURVE('',#860,#827,#865,.T.);
#867=ORIENTED_EDGE('',*,*,#866,.T.);
#868=ORIENTED_EDGE('',*,*,#849,.F.);
#869=CARTESIAN_POINT('',(9.453877885,-6.700000167,1.426054542));
#870=VERTEX_POINT('',#869);
#871=CARTESIAN_POINT('',(9.453877885,-6.700000049,1.896054542));
#872=DIRECTION('',(-0.,-1.,-0.));
#873=DIRECTION('',(0.000000001,-0.,1.));
#874=AXIS2_PLACEMENT_3D('',#871,#872,#873);
#875=CIRCLE('',#874,0.47);
#876=EDGE_CURVE('',#870,#837,#875,.T.);
#877=ORIENTED_EDGE('',*,*,#876,.F.);
#878=CARTESIAN_POINT('',(9.453877885,-6.700000167,1.426054543));
#879=DIRECTION('',(-0.000000042,-1.,0.));
#880=VECTOR('',#879,0.099999857);
#881=LINE('',#878,#880);
#882=EDGE_CURVE('',#870,#860,#881,.T.);
#883=ORIENTED_EDGE('',*,*,#882,.T.);
#884=EDGE_LOOP('',(#867,#868,#877,#883));
#885=FACE_BOUND('',#884,.T.);
#886=ADVANCED_FACE('',(#885),#858,.F.);
#887=CARTESIAN_POINT('',(6.637514112,-6.700000048,1.426054543));
#888=DIRECTION('',(0.,0.,1.));
#889=DIRECTION('',(0.000000042,1.,-0.));
#890=AXIS2_PLACEMENT_3D('',#887,#888,#889);
#891=PLANE('',#890);
#892=CARTESIAN_POINT('',(3.82115034,-6.800000024,1.426054544));
#893=VERTEX_POINT('',#892);
#894=CARTESIAN_POINT('',(3.82115034,-6.799999999,1.426054544));
#895=DIRECTION('',(1.,-0.,-0.));
#896=VECTOR('',#895,5.632727543);
#897=LINE('',#894,#896);
#898=EDGE_CURVE('',#893,#860,#897,.T.);
#899=ORIENTED_EDGE('',*,*,#898,.T.);
#900=ORIENTED_EDGE('',*,*,#882,.F.);
#901=CARTESIAN_POINT('',(3.821150339,-6.700000048,1.426054543));
#902=VERTEX_POINT('',#901);
#903=CARTESIAN_POINT('',(3.821150339,-6.700000048,1.426054543));
#904=DIRECTION('',(1.,-0.000000042,0.));
#905=VECTOR('',#904,5.632727546);
#906=LINE('',#903,#905);
#907=EDGE_CURVE('',#902,#870,#906,.T.);
#908=ORIENTED_EDGE('',*,*,#907,.F.);
#909=CARTESIAN_POINT('',(3.821150339,-6.700000048,1.426054544));
#910=DIRECTION('',(-0.,-1.,0.));
#911=VECTOR('',#910,0.099999975);
#912=LINE('',#909,#911);
#913=EDGE_CURVE('',#902,#893,#912,.T.);
#914=ORIENTED_EDGE('',*,*,#913,.T.);
#915=EDGE_LOOP('',(#899,#900,#908,#914));
#916=FACE_BOUND('',#915,.T.);
#917=ADVANCED_FACE('',(#916),#891,.T.);
#918=CARTESIAN_POINT('',(3.791333391,-6.700000048,1.946192267));
#919=DIRECTION('',(-0.,-1.,0.));
#920=DIRECTION('',(0.000000001,-0.,1.));
#921=AXIS2_PLACEMENT_3D('',#918,#919,#920);
#922=CYLINDRICAL_SURFACE('',#921,0.520991652);
#923=CARTESIAN_POINT('',(3.437468079,-6.800000024,1.563815956));
#924=VERTEX_POINT('',#923);
#925=CARTESIAN_POINT('',(3.791333391,-6.800000049,1.946192267));
#926=DIRECTION('',(-0.,-1.,-0.));
#927=DIRECTION('',(0.000000001,-0.,1.));
#928=AXIS2_PLACEMENT_3D('',#925,#926,#927);
#929=CIRCLE('',#928,0.520991652);
#930=EDGE_CURVE('',#924,#893,#929,.T.);
#931=ORIENTED_EDGE('',*,*,#930,.T.);
#932=ORIENTED_EDGE('',*,*,#913,.F.);
#933=CARTESIAN_POINT('',(3.437468079,-6.700000024,1.563815956));
#934=VERTEX_POINT('',#933);
#935=CARTESIAN_POINT('',(3.791333391,-6.700000049,1.946192267));
#936=DIRECTION('',(-0.,-1.,-0.));
#937=DIRECTION('',(0.000000001,-0.,1.));
#938=AXIS2_PLACEMENT_3D('',#935,#936,#937);
#939=CIRCLE('',#938,0.520991652);
#940=EDGE_CURVE('',#934,#902,#939,.T.);
#941=ORIENTED_EDGE('',*,*,#940,.F.);
#942=CARTESIAN_POINT('',(3.437468079,-6.700000024,1.563815956));
#943=DIRECTION('',(-0.,-1.,0.));
#944=VECTOR('',#943,0.1);
#945=LINE('',#942,#944);
#946=EDGE_CURVE('',#934,#924,#945,.T.);
#947=ORIENTED_EDGE('',*,*,#946,.T.);
#948=EDGE_LOOP('',(#931,#932,#941,#947));
#949=FACE_BOUND('',#948,.T.);
#950=ADVANCED_FACE('',(#949),#922,.F.);
#951=CARTESIAN_POINT('',(3.650922513,-6.700000049,4.654308865));
#952=CARTESIAN_POINT('',(3.650922513,-6.800000048,4.654308865));
#953=CARTESIAN_POINT('',(3.558705811,-6.700000048,3.946862888));
#954=CARTESIAN_POINT('',(3.558705811,-6.800000048,3.946862889));
#955=CARTESIAN_POINT('',(3.403554779,-6.700000048,2.868417169));
#956=CARTESIAN_POINT('',(3.403554779,-6.800000048,2.868417169));
#957=CARTESIAN_POINT('',(3.291055976,-6.700000049,1.97464145));
#958=CARTESIAN_POINT('',(3.291055976,-6.800000047,1.97464145));
#959=CARTESIAN_POINT('',(3.325688141,-6.700000049,1.708684325));
#960=CARTESIAN_POINT('',(3.325688141,-6.800000047,1.708684326));
#961=CARTESIAN_POINT('',(3.356632361,-6.700000048,1.664908742));
#962=CARTESIAN_POINT('',(3.356632361,-6.800000048,1.664908741));
#963=CARTESIAN_POINT('',(3.437468079,-6.700000049,1.563815956));
#964=CARTESIAN_POINT('',(3.437468079,-6.800000047,1.563815957));
#965=B_SPLINE_SURFACE_WITH_KNOTS('',3,1,((#951,#952),(#953,#954),(#955,#956),(#957,#958),(#959,#960),(#961,#962),(#963,#964)),.UNSPECIFIED.,.F.,.F.,.U.,(4,1,1,1,4),(2,2),(0.000263581,0.245977936,0.491692291,0.737406645,0.983121),(0.,0.999999991),.UNSPECIFIED.);
#966=CARTESIAN_POINT('',(3.650922513,-6.799999999,4.654308865));
#967=VERTEX_POINT('',#966);
#968=CARTESIAN_POINT('',(3.650922513,-6.799999999,4.654308865));
#969=CARTESIAN_POINT('',(3.558705811,-6.799999999,3.946862889));
#970=CARTESIAN_POINT('',(3.403554779,-6.799999999,2.868417169));
#971=CARTESIAN_POINT('',(3.291055976,-6.799999999,1.97464145));
#972=CARTESIAN_POINT('',(3.325688141,-6.799999999,1.708684326));
#973=CARTESIAN_POINT('',(3.356632361,-6.799999999,1.664908741));
#974=CARTESIAN_POINT('',(3.437468079,-6.799999999,1.563815957));
#975=B_SPLINE_CURVE_WITH_KNOTS('',3,(#968,#969,#970,#971,#972,#973,#974),.UNSPECIFIED.,.F.,.F.,(4,1,1,1,4),(0.000263581,0.245977936,0.491692291,0.737406645,0.983121),.UNSPECIFIED.);
#976=EDGE_CURVE('',#967,#924,#975,.T.);
#977=ORIENTED_EDGE('',*,*,#976,.T.);
#978=ORIENTED_EDGE('',*,*,#946,.F.);
#979=CARTESIAN_POINT('',(3.650922513,-6.7,4.654308865));
#980=VERTEX_POINT('',#979);
#981=CARTESIAN_POINT('',(3.650922513,-6.7,4.654308865));
#982=CARTESIAN_POINT('',(3.558705811,-6.7,3.946862888));
#983=CARTESIAN_POINT('',(3.403554779,-6.7,2.868417169));
#984=CARTESIAN_POINT('',(3.291055976,-6.7,1.97464145));
#985=CARTESIAN_POINT('',(3.325688141,-6.7,1.708684325));
#986=CARTESIAN_POINT('',(3.356632361,-6.7,1.664908742));
#987=CARTESIAN_POINT('',(3.437468079,-6.7,1.563815956));
#988=B_SPLINE_CURVE_WITH_KNOTS('',3,(#981,#982,#983,#984,#985,#986,#987),.UNSPECIFIED.,.F.,.F.,(4,1,1,1,4),(0.000263581,0.245977936,0.491692291,0.737406645,0.983121),.UNSPECIFIED.);
#989=EDGE_CURVE('',#980,#934,#988,.T.);
#990=ORIENTED_EDGE('',*,*,#989,.F.);
#991=CARTESIAN_POINT('',(3.650922513,-6.7,4.654308865));
#992=DIRECTION('',(-0.,-1.,-0.000000005));
#993=VECTOR('',#992,0.1);
#994=LINE('',#991,#993);
#995=EDGE_CURVE('',#980,#967,#994,.T.);
#996=ORIENTED_EDGE('',*,*,#995,.T.);
#997=EDGE_LOOP('',(#977,#978,#990,#996));
#998=FACE_BOUND('',#997,.T.);
#999=ADVANCED_FACE('',(#998),#965,.F.);
#1000=CARTESIAN_POINT('',(6.99455421,-6.7,8.89932752));
#1001=CARTESIAN_POINT('',(6.99455421,-6.700000049,8.89932752));
#1002=CARTESIAN_POINT('',(6.99455421,-6.799999999,8.899327521));
#1003=CARTESIAN_POINT('',(6.343578647,-6.699999999,8.859277017));
#1004=CARTESIAN_POINT('',(6.343578647,-6.700000049,8.859277017));
#1005=CARTESIAN_POINT('',(6.343578647,-6.799999999,8.859277018));
#1006=CARTESIAN_POINT('',(5.358220704,-6.7,8.564350817));
#1007=CARTESIAN_POINT('',(5.358220704,-6.700000049,8.564350817));
#1008=CARTESIAN_POINT('',(5.358220704,-6.799999999,8.564350818));
#1009=CARTESIAN_POINT('',(4.476412216,-6.699999999,7.691072125));
#1010=CARTESIAN_POINT('',(4.476412216,-6.700000049,7.691072125));
#1011=CARTESIAN_POINT('',(4.476412216,-6.799999999,7.691072126));
#1012=CARTESIAN_POINT('',(3.9241208,-6.699999999,6.354740936));
#1013=CARTESIAN_POINT('',(3.9241208,-6.700000049,6.354740936));
#1014=CARTESIAN_POINT('',(3.9241208,-6.799999999,6.354740936));
#1015=CARTESIAN_POINT('',(3.729726212,-6.7,5.237988983));
#1016=CARTESIAN_POINT('',(3.729726212,-6.700000049,5.237988983));
#1017=CARTESIAN_POINT('',(3.729726212,-6.799999998,5.237988983));
#1018=CARTESIAN_POINT('',(3.650922513,-6.699999999,4.654308865));
#1019=CARTESIAN_POINT('',(3.650922513,-6.700000049,4.654308865));
#1020=CARTESIAN_POINT('',(3.650922513,-6.799999998,4.654308865));
#1021=B_SPLINE_SURFACE_WITH_KNOTS('',3,1,((#1000,#1001,#1002),(#1003,#1004,#1005),(#1006,#1007,#1008),(#1009,#1010,#1011),(#1012,#1013,#1014),(#1015,#1016,#1017),(#1018,#1019,#1020)),.UNSPECIFIED.,.F.,.F.,.U.,(4,1,1,1,4),(2,1,2),(0.003768738,0.252826553,0.501884369,0.750942184,1.),(-0.000000498,0.,0.999999493),.UNSPECIFIED.);
#1022=CARTESIAN_POINT('',(6.99455421,-6.799999999,8.899327521));
#1023=CARTESIAN_POINT('',(6.343578647,-6.799999999,8.859277018));
#1024=CARTESIAN_POINT('',(5.358220704,-6.799999999,8.564350818));
#1025=CARTESIAN_POINT('',(4.476412216,-6.799999999,7.691072126));
#1026=CARTESIAN_POINT('',(3.9241208,-6.799999999,6.354740936));
#1027=CARTESIAN_POINT('',(3.729726212,-6.799999999,5.237988983));
#1028=CARTESIAN_POINT('',(3.650922513,-6.799999999,4.654308865));
#1029=B_SPLINE_CURVE_WITH_KNOTS('',3,(#1022,#1023,#1024,#1025,#1026,#1027,#1028),.UNSPECIFIED.,.F.,.F.,(4,1,1,1,4),(0.003768738,0.252826553,0.501884369,0.750942184,1.),.UNSPECIFIED.);
#1030=EDGE_CURVE('',#777,#967,#1029,.T.);
#1031=ORIENTED_EDGE('',*,*,#1030,.T.);
#1032=ORIENTED_EDGE('',*,*,#995,.F.);
#1033=CARTESIAN_POINT('',(6.99455421,-6.7,8.89932752));
#1034=CARTESIAN_POINT('',(6.343578647,-6.7,8.859277017));
#1035=CARTESIAN_POINT('',(5.358220704,-6.7,8.564350817));
#1036=CARTESIAN_POINT('',(4.476412216,-6.7,7.691072125));
#1037=CARTESIAN_POINT('',(3.9241208,-6.7,6.354740936));
#1038=CARTESIAN_POINT('',(3.729726212,-6.7,5.237988983));
#1039=CARTESIAN_POINT('',(3.650922513,-6.7,4.654308865));
#1040=B_SPLINE_CURVE_WITH_KNOTS('',3,(#1033,#1034,#1035,#1036,#1037,#1038,#1039),.UNSPECIFIED.,.F.,.F.,(4,1,1,1,4),(0.003768738,0.252826553,0.501884369,0.750942184,1.),.UNSPECIFIED.);
#1041=EDGE_CURVE('',#789,#980,#1040,.T.);
#1042=ORIENTED_EDGE('',*,*,#1041,.F.);
#1043=ORIENTED_EDGE('',*,*,#794,.T.);
#1044=EDGE_LOOP('',(#1031,#1032,#1042,#1043));
#1045=FACE_BOUND('',#1044,.T.);
#1046=ADVANCED_FACE('',(#1045),#1021,.F.);
#1047=CARTESIAN_POINT('',(10.223060586,-6.700000049,1.860586622));
#1048=CARTESIAN_POINT('',(10.223060586,-6.800000049,1.860586623));
#1049=CARTESIAN_POINT('',(10.028880271,-6.700000049,3.827842804));
#1050=CARTESIAN_POINT('',(10.028880271,-6.800000048,3.827842804));
#1051=CARTESIAN_POINT('',(9.880942121,-6.700000049,4.624663389));
#1052=CARTESIAN_POINT('',(9.880942121,-6.800000048,4.624663388));
#1053=CARTESIAN_POINT('',(9.402243466,-6.700000049,6.823095696));
#1054=CARTESIAN_POINT('',(9.402243466,-6.800000049,6.823095695));
#1055=B_SPLINE_SURFACE_WITH_KNOTS('',3,1,((#1047,#1048),(#1049,#1050),(#1051,#1052),(#1053,#1054)),.UNSPECIFIED.,.F.,.F.,.U.,(4,4),(2,2),(0.002242091,0.999938596),(0.,0.999999995),.UNSPECIFIED.);
#1056=ORIENTED_EDGE('',*,*,#409,.F.);
#1057=ORIENTED_EDGE('',*,*,#754,.F.);
#1058=CARTESIAN_POINT('',(10.223060585,-6.7,1.860586622));
#1059=CARTESIAN_POINT('',(10.028880271,-6.7,3.827842804));
#1060=CARTESIAN_POINT('',(9.880942121,-6.7,4.624663389));
#1061=CARTESIAN_POINT('',(9.402243466,-6.7,6.823095696));
#1062=B_SPLINE_CURVE_WITH_KNOTS('',3,(#1058,#1059,#1060,#1061),.UNSPECIFIED.,.F.,.F.,(4,4),(0.002242091,0.999938596),.UNSPECIFIED.);
#1063=EDGE_CURVE('',#742,#571,#1062,.T.);
#1064=ORIENTED_EDGE('',*,*,#1063,.T.);
#1065=ORIENTED_EDGE('',*,*,#576,.T.);
#1066=EDGE_LOOP('',(#1056,#1057,#1064,#1065));
#1067=FACE_BOUND('',#1066,.T.);
#1068=ADVANCED_FACE('',(#1067),#1055,.T.);
#1069=CARTESIAN_POINT('',(-120.502424771,-6.7,-434.862786441));
#1070=DIRECTION('',(0.,1.,0.));
#1071=DIRECTION('',(1.,-0.,-0.));
#1072=AXIS2_PLACEMENT_3D('',#1069,#1070,#1071);
#1073=PLANE('',#1072);
#1074=ORIENTED_EDGE('',*,*,#806,.T.);
#1075=ORIENTED_EDGE('',*,*,#1041,.T.);
#1076=ORIENTED_EDGE('',*,*,#989,.T.);
#1077=ORIENTED_EDGE('',*,*,#940,.T.);
#1078=ORIENTED_EDGE('',*,*,#907,.T.);
#1079=ORIENTED_EDGE('',*,*,#876,.T.);
#1080=ORIENTED_EDGE('',*,*,#843,.T.);
#1081=EDGE_LOOP('',(#1074,#1075,#1076,#1077,#1078,#1079,#1080));
#1082=FACE_BOUND('',#1081,.T.);
#1083=ORIENTED_EDGE('',*,*,#589,.F.);
#1084=ORIENTED_EDGE('',*,*,#1063,.F.);
#1085=ORIENTED_EDGE('',*,*,#748,.F.);
#1086=ORIENTED_EDGE('',*,*,#723,.F.);
#1087=ORIENTED_EDGE('',*,*,#699,.F.);
#1088=ORIENTED_EDGE('',*,*,#674,.F.);
#1089=ORIENTED_EDGE('',*,*,#630,.F.);
#1090=EDGE_LOOP('',(#1083,#1084,#1085,#1086,#1087,#1088,#1089));
#1091=FACE_BOUND('',#1090,.T.);
#1092=ADVANCED_FACE('',(#1082,#1091),#1073,.T.);
#1093=CARTESIAN_POINT('',(-120.502424709,-6.799999999,-434.833945422));
#1094=DIRECTION('',(0.,1.,0.));
#1095=DIRECTION('',(1.,-0.,-0.));
#1096=AXIS2_PLACEMENT_3D('',#1093,#1094,#1095);
#1097=PLANE('',#1096);
#1098=CARTESIAN_POINT('',(8.665402953,-6.799999999,5.13272396));
#1099=VERTEX_POINT('',#1098);
#1100=CARTESIAN_POINT('',(6.665402951,-6.799999999,3.13272396));
#1101=VERTEX_POINT('',#1100);
#1102=CARTESIAN_POINT('',(6.665402953,-6.799999999,5.13272396));
#1103=DIRECTION('',(-0.,-1.,0.));
#1104=DIRECTION('',(1.,-0.,-0.));
#1105=AXIS2_PLACEMENT_3D('',#1102,#1103,#1104);
#1106=CIRCLE('',#1105,2.);
#1107=EDGE_CURVE('',#1099,#1101,#1106,.T.);
#1108=ORIENTED_EDGE('',*,*,#1107,.T.);
#1109=CARTESIAN_POINT('',(6.665402953,-6.799999999,5.13272396));
#1110=DIRECTION('',(-0.,-1.,0.));
#1111=DIRECTION('',(1.,-0.,-0.));
#1112=AXIS2_PLACEMENT_3D('',#1109,#1110,#1111);
#1113=CIRCLE('',#1112,2.);
#1114=EDGE_CURVE('',#1101,#1099,#1113,.T.);
#1115=ORIENTED_EDGE('',*,*,#1114,.T.);
#1116=EDGE_LOOP('',(#1108,#1115));
#1117=FACE_BOUND('',#1116,.T.);
#1118=ORIENTED_EDGE('',*,*,#833,.F.);
#1119=ORIENTED_EDGE('',*,*,#866,.F.);
#1120=ORIENTED_EDGE('',*,*,#898,.F.);
#1121=ORIENTED_EDGE('',*,*,#930,.F.);
#1122=ORIENTED_EDGE('',*,*,#976,.F.);
#1123=ORIENTED_EDGE('',*,*,#1030,.F.);
#1124=ORIENTED_EDGE('',*,*,#786,.F.);
#1125=EDGE_LOOP('',(#1118,#1119,#1120,#1121,#1122,#1123,#1124));
#1126=FACE_BOUND('',#1125,.T.);
#1127=ADVANCED_FACE('',(#1117,#1126),#1097,.T.);
#1128=CARTESIAN_POINT('',(6.665402953,-7.179999999,5.13272396));
#1129=DIRECTION('',(0.,1.,-0.));
#1130=DIRECTION('',(-0.000000001,-0.,-1.));
#1131=AXIS2_PLACEMENT_3D('',#1128,#1129,#1130);
#1132=CYLINDRICAL_SURFACE('',#1131,2.);
#1133=CARTESIAN_POINT('',(6.665402951,-6.899999999,3.13272396));
#1134=VERTEX_POINT('',#1133);
#1135=CARTESIAN_POINT('',(6.665402951,-6.799999999,3.13272396));
#1136=DIRECTION('',(-0.,-1.,0.));
#1137=VECTOR('',#1136,0.1);
#1138=LINE('',#1135,#1137);
#1139=EDGE_CURVE('',#1101,#1134,#1138,.T.);
#1140=ORIENTED_EDGE('',*,*,#1139,.F.);
#1141=ORIENTED_EDGE('',*,*,#1107,.F.);
#1142=ORIENTED_EDGE('',*,*,#1114,.F.);
#1143=ORIENTED_EDGE('',*,*,#1139,.T.);
#1144=CARTESIAN_POINT('',(6.665402953,-6.899999999,5.13272396));
#1145=DIRECTION('',(0.,1.,-0.));
#1146=DIRECTION('',(-0.000000001,0.,-1.));
#1147=AXIS2_PLACEMENT_3D('',#1144,#1145,#1146);
#1148=CIRCLE('',#1147,2.);
#1149=EDGE_CURVE('',#1134,#1134,#1148,.T.);
#1150=ORIENTED_EDGE('',*,*,#1149,.F.);
#1151=EDGE_LOOP('',(#1140,#1141,#1142,#1143,#1150));
#1152=FACE_BOUND('',#1151,.T.);
#1153=ADVANCED_FACE('',(#1152),#1132,.F.);
#1154=CARTESIAN_POINT('',(5.098259,-7.099999999,1.171785404));
#1155=DIRECTION('',(0.,1.,0.));
#1156=DIRECTION('',(1.,-0.,-0.));
#1157=AXIS2_PLACEMENT_3D('',#1154,#1155,#1156);
#1158=PLANE('',#1157);
#1159=CARTESIAN_POINT('',(6.665402951,-7.099999999,3.605798261));
#1160=VERTEX_POINT('',#1159);
#1161=CARTESIAN_POINT('',(6.665402953,-7.099999999,5.13272396));
#1162=DIRECTION('',(0.,1.,-0.));
#1163=DIRECTION('',(-0.000000001,0.,-1.));
#1164=AXIS2_PLACEMENT_3D('',#1161,#1162,#1163);
#1165=CIRCLE('',#1164,1.526925698);
#1166=EDGE_CURVE('',#1160,#1160,#1165,.T.);
#1167=ORIENTED_EDGE('',*,*,#1166,.F.);
#1168=EDGE_LOOP('',(#1167));
#1169=FACE_BOUND('',#1168,.T.);
#1170=CARTESIAN_POINT('',(6.665402951,-7.099999999,3.33272396));
#1171=VERTEX_POINT('',#1170);
#1172=CARTESIAN_POINT('',(6.665402953,-7.099999999,5.13272396));
#1173=DIRECTION('',(-0.,-1.,0.));
#1174=DIRECTION('',(-0.000000001,0.,-1.));
#1175=AXIS2_PLACEMENT_3D('',#1172,#1173,#1174);
#1176=CIRCLE('',#1175,1.8);
#1177=EDGE_CURVE('',#1171,#1171,#1176,.T.);
#1178=ORIENTED_EDGE('',*,*,#1177,.F.);
#1179=EDGE_LOOP('',(#1178));
#1180=FACE_BOUND('',#1179,.T.);
#1181=ADVANCED_FACE('',(#1169,#1180),#1158,.T.);
#1182=CARTESIAN_POINT('',(-120.502424709,-6.799999999,-434.833945422));
#1183=DIRECTION('',(0.,1.,0.));
#1184=DIRECTION('',(1.,-0.,-0.));
#1185=AXIS2_PLACEMENT_3D('',#1182,#1183,#1184);
#1186=PLANE('',#1185);
#1187=CARTESIAN_POINT('',(6.665402953,-6.799999999,4.857798535));
#1188=VERTEX_POINT('',#1187);
#1189=CARTESIAN_POINT('',(6.665402953,-6.799999999,5.407649384));
#1190=VERTEX_POINT('',#1189);
#1191=CARTESIAN_POINT('',(6.665402953,-6.799999999,5.13272396));
#1192=DIRECTION('',(-0.,-1.,-0.));
#1193=DIRECTION('',(0.000000001,-0.,1.));
#1194=AXIS2_PLACEMENT_3D('',#1191,#1192,#1193);
#1195=CIRCLE('',#1194,0.274925424);
#1196=EDGE_CURVE('',#1188,#1190,#1195,.T.);
#1197=ORIENTED_EDGE('',*,*,#1196,.F.);
#1198=CARTESIAN_POINT('',(6.665402953,-6.799999999,5.13272396));
#1199=DIRECTION('',(-0.,-1.,-0.));
#1200=DIRECTION('',(0.000000001,-0.,1.));
#1201=AXIS2_PLACEMENT_3D('',#1198,#1199,#1200);
#1202=CIRCLE('',#1201,0.274925424);
#1203=EDGE_CURVE('',#1190,#1188,#1202,.T.);
#1204=ORIENTED_EDGE('',*,*,#1203,.F.);
#1205=EDGE_LOOP('',(#1197,#1204));
#1206=FACE_BOUND('',#1205,.T.);
#1207=ADVANCED_FACE('',(#1206),#1186,.T.);
#1208=CARTESIAN_POINT('',(5.098259,-6.999999999,1.171785404));
#1209=DIRECTION('',(0.,1.,0.));
#1210=DIRECTION('',(1.,-0.,-0.));
#1211=AXIS2_PLACEMENT_3D('',#1208,#1209,#1210);
#1212=PLANE('',#1211);
#1213=CARTESIAN_POINT('',(6.665402953,-6.999999999,4.648036765));
#1214=VERTEX_POINT('',#1213);
#1215=CARTESIAN_POINT('',(6.665402953,-6.999999999,5.13272396));
#1216=DIRECTION('',(0.,1.,-0.));
#1217=DIRECTION('',(-0.000000001,0.,-1.));
#1218=AXIS2_PLACEMENT_3D('',#1215,#1216,#1217);
#1219=CIRCLE('',#1218,0.484687194);
#1220=EDGE_CURVE('',#1214,#1214,#1219,.T.);
#1221=ORIENTED_EDGE('',*,*,#1220,.F.);
#1222=EDGE_LOOP('',(#1221));
#1223=FACE_BOUND('',#1222,.T.);
#1224=CARTESIAN_POINT('',(6.665402952,-6.999999999,3.715342773));
#1225=VERTEX_POINT('',#1224);
#1226=CARTESIAN_POINT('',(6.665402953,-6.999999999,5.13272396));
#1227=DIRECTION('',(0.,1.,-0.));
#1228=DIRECTION('',(-0.000000001,0.,-1.));
#1229=AXIS2_PLACEMENT_3D('',#1226,#1227,#1228);
#1230=CIRCLE('',#1229,1.417381187);
#1231=EDGE_CURVE('',#1225,#1225,#1230,.T.);
#1232=ORIENTED_EDGE('',*,*,#1231,.T.);
#1233=EDGE_LOOP('',(#1232));
#1234=FACE_BOUND('',#1233,.T.);
#1235=ADVANCED_FACE('',(#1223,#1234),#1212,.T.);
#1236=CARTESIAN_POINT('',(6.665402953,-6.789999999,5.13272396));
#1237=DIRECTION('',(0.,1.,0.));
#1238=DIRECTION('',(-0.000000001,0.,-1.));
#1239=AXIS2_PLACEMENT_3D('',#1236,#1237,#1238);
#1240=TOROIDAL_SURFACE('',#1239,0.484687194,0.21);
#1241=CARTESIAN_POINT('',(6.665402953,-6.789999999,4.648036765));
#1242=DIRECTION('',(-1.,0.,0.000000001));
#1243=DIRECTION('',(-0.000000001,0.,-1.));
#1244=AXIS2_PLACEMENT_3D('',#1241,#1242,#1243);
#1245=CIRCLE('',#1244,0.21);
#1246=EDGE_CURVE('',#1214,#1188,#1245,.T.);
#1247=ORIENTED_EDGE('',*,*,#1246,.F.);
#1248=ORIENTED_EDGE('',*,*,#1220,.T.);
#1249=ORIENTED_EDGE('',*,*,#1246,.T.);
#1250=ORIENTED_EDGE('',*,*,#1196,.T.);
#1251=ORIENTED_EDGE('',*,*,#1203,.T.);
#1252=EDGE_LOOP('',(#1247,#1248,#1249,#1250,#1251));
#1253=FACE_BOUND('',#1252,.T.);
#1254=ADVANCED_FACE('',(#1253),#1240,.F.);
#1255=CARTESIAN_POINT('',(6.665402953,-6.899999999,5.13272396));
#1256=DIRECTION('',(0.,1.,0.));
#1257=DIRECTION('',(-0.000000001,0.,-1.));
#1258=AXIS2_PLACEMENT_3D('',#1255,#1256,#1257);
#1259=TOROIDAL_SURFACE('',#1258,1.8,0.2);
#1260=CARTESIAN_POINT('',(6.665402951,-6.899999999,3.33272396));
#1261=DIRECTION('',(-1.,0.,0.000000001));
#1262=DIRECTION('',(-0.000000001,0.,-1.));
#1263=AXIS2_PLACEMENT_3D('',#1260,#1261,#1262);
#1264=CIRCLE('',#1263,0.2);
#1265=EDGE_CURVE('',#1134,#1171,#1264,.T.);
#1266=ORIENTED_EDGE('',*,*,#1265,.F.);
#1267=ORIENTED_EDGE('',*,*,#1149,.T.);
#1268=ORIENTED_EDGE('',*,*,#1265,.T.);
#1269=ORIENTED_EDGE('',*,*,#1177,.T.);
#1270=EDGE_LOOP('',(#1266,#1267,#1268,#1269));
#1271=FACE_BOUND('',#1270,.T.);
#1272=ADVANCED_FACE('',(#1271),#1259,.F.);
#1273=CARTESIAN_POINT('',(6.665402953,-6.989999999,5.13272396));
#1274=DIRECTION('',(0.,1.,0.));
#1275=DIRECTION('',(-0.000000001,0.,-1.));
#1276=AXIS2_PLACEMENT_3D('',#1273,#1274,#1275);
#1277=TOROIDAL_SURFACE('',#1276,1.526925698,0.11);
#1278=CARTESIAN_POINT('',(6.665402951,-6.989999999,3.605798261));
#1279=DIRECTION('',(-1.,0.,0.000000001));
#1280=DIRECTION('',(-0.000000001,0.,-1.));
#1281=AXIS2_PLACEMENT_3D('',#1278,#1279,#1280);
#1282=CIRCLE('',#1281,0.11);
#1283=EDGE_CURVE('',#1160,#1225,#1282,.T.);
#1284=ORIENTED_EDGE('',*,*,#1283,.F.);
#1285=ORIENTED_EDGE('',*,*,#1166,.T.);
#1286=ORIENTED_EDGE('',*,*,#1283,.T.);
#1287=ORIENTED_EDGE('',*,*,#1231,.F.);
#1288=EDGE_LOOP('',(#1284,#1285,#1286,#1287));
#1289=FACE_BOUND('',#1288,.T.);
#1290=ADVANCED_FACE('',(#1289),#1277,.F.);
#1291=CARTESIAN_POINT('',(5.098259,-7.279999999,1.171785404));
#1292=DIRECTION('',(-0.,-1.,0.));
#1293=DIRECTION('',(-1.,0.,0.));
#1294=AXIS2_PLACEMENT_3D('',#1291,#1292,#1293);
#1295=PLANE('',#1294);
#1296=CARTESIAN_POINT('',(6.59757541,-7.279999999,3.246054542));
#1297=VERTEX_POINT('',#1296);
#1298=CARTESIAN_POINT('',(6.597575413,-7.279999999,6.686054542));
#1299=VERTEX_POINT('',#1298);
#1300=CARTESIAN_POINT('',(6.597575412,-7.279999999,4.966054542));
#1301=DIRECTION('',(-0.,-1.,-0.));
#1302=DIRECTION('',(0.000000001,-0.,1.));
#1303=AXIS2_PLACEMENT_3D('',#1300,#1301,#1302);
#1304=CIRCLE('',#1303,1.72);
#1305=EDGE_CURVE('',#1297,#1299,#1304,.T.);
#1306=ORIENTED_EDGE('',*,*,#1305,.F.);
#1307=CARTESIAN_POINT('',(6.597575412,-7.279999999,4.966054542));
#1308=DIRECTION('',(-0.,-1.,-0.));
#1309=DIRECTION('',(0.000000001,-0.,1.));
#1310=AXIS2_PLACEMENT_3D('',#1307,#1308,#1309);
#1311=CIRCLE('',#1310,1.72);
#1312=EDGE_CURVE('',#1299,#1297,#1311,.T.);
#1313=ORIENTED_EDGE('',*,*,#1312,.F.);
#1314=EDGE_LOOP('',(#1306,#1313));
#1315=FACE_BOUND('',#1314,.T.);
#1316=CARTESIAN_POINT('',(6.597575414,-7.279999999,6.946054542));
#1317=VERTEX_POINT('',#1316);
#1318=CARTESIAN_POINT('',(6.597575412,-7.279999999,4.966054542));
#1319=DIRECTION('',(0.,1.,0.));
#1320=DIRECTION('',(0.000000001,-0.,1.));
#1321=AXIS2_PLACEMENT_3D('',#1318,#1319,#1320);
#1322=CIRCLE('',#1321,1.98);
#1323=EDGE_CURVE('',#1317,#1317,#1322,.T.);
#1324=ORIENTED_EDGE('',*,*,#1323,.F.);
#1325=EDGE_LOOP('',(#1324));
#1326=FACE_BOUND('',#1325,.T.);
#1327=ADVANCED_FACE('',(#1315,#1326),#1295,.T.);
#1328=CARTESIAN_POINT('',(8.097575412,-7.620000049,4.966054542));
#1329=DIRECTION('',(-1.,0.,0.));
#1330=DIRECTION('',(0.,0.999815137,0.019227347));
#1331=AXIS2_PLACEMENT_3D('',#1328,#1329,#1330);
#1332=PLANE('',#1331);
#1333=CARTESIAN_POINT('',(8.097575412,-7.500000049,5.016054543));
#1334=VERTEX_POINT('',#1333);
#1335=CARTESIAN_POINT('',(8.097575412,-7.57,5.016054543));
#1336=VERTEX_POINT('',#1335);
#1337=CARTESIAN_POINT('',(8.097575412,-7.500000049,5.016054543));
#1338=DIRECTION('',(-0.,-1.,0.));
#1339=VECTOR('',#1338,0.06999995);
#1340=LINE('',#1337,#1339);
#1341=EDGE_CURVE('',#1334,#1336,#1340,.T.);
#1342=ORIENTED_EDGE('',*,*,#1341,.T.);
#1343=CARTESIAN_POINT('',(8.097575412,-7.57,4.916054542));
#1344=VERTEX_POINT('',#1343);
#1345=CARTESIAN_POINT('',(8.097575412,-7.57,5.016054543));
#1346=DIRECTION('',(-0.,0.,-1.));
#1347=VECTOR('',#1346,0.1);
#1348=LINE('',#1345,#1347);
#1349=EDGE_CURVE('',#1336,#1344,#1348,.T.);
#1350=ORIENTED_EDGE('',*,*,#1349,.T.);
#1351=CARTESIAN_POINT('',(8.097575412,-7.500000049,4.916054542));
#1352=VERTEX_POINT('',#1351);
#1353=CARTESIAN_POINT('',(8.097575412,-7.57,4.916054542));
#1354=DIRECTION('',(0.,1.,-0.));
#1355=VECTOR('',#1354,0.069999951);
#1356=LINE('',#1353,#1355);
#1357=EDGE_CURVE('',#1344,#1352,#1356,.T.);
#1358=ORIENTED_EDGE('',*,*,#1357,.T.);
#1359=CARTESIAN_POINT('',(8.097575412,-7.500000049,5.016054543));
#1360=DIRECTION('',(-0.,0.000000005,-1.));
#1361=VECTOR('',#1360,0.1);
#1362=LINE('',#1359,#1361);
#1363=EDGE_CURVE('',#1334,#1352,#1362,.T.);
#1364=ORIENTED_EDGE('',*,*,#1363,.F.);
#1365=EDGE_LOOP('',(#1342,#1350,#1358,#1364));
#1366=FACE_BOUND('',#1365,.T.);
#1367=ADVANCED_FACE('',(#1366),#1332,.F.);
#1368=CARTESIAN_POINT('',(7.397575412,-7.620000049,4.866054542));
#1369=DIRECTION('',(0.,0.,1.));
#1370=DIRECTION('',(0.000000042,1.,-0.));
#1371=AXIS2_PLACEMENT_3D('',#1368,#1369,#1370);
#1372=PLANE('',#1371);
#1373=CARTESIAN_POINT('',(8.047575412,-7.500000115,4.866054543));
#1374=VERTEX_POINT('',#1373);
#1375=CARTESIAN_POINT('',(8.047575412,-7.57,4.866054542));
#1376=VERTEX_POINT('',#1375);
#1377=CARTESIAN_POINT('',(8.047575412,-7.500000115,4.866054542));
#1378=DIRECTION('',(-0.,-1.,0.));
#1379=VECTOR('',#1378,0.069999885);
#1380=LINE('',#1377,#1379);
#1381=EDGE_CURVE('',#1374,#1376,#1380,.T.);
#1382=ORIENTED_EDGE('',*,*,#1381,.T.);
#1383=CARTESIAN_POINT('',(5.147575412,-7.57,4.866054542));
#1384=VERTEX_POINT('',#1383);
#1385=CARTESIAN_POINT('',(8.047575412,-7.57,4.866054542));
#1386=DIRECTION('',(-1.,0.,-0.));
#1387=VECTOR('',#1386,2.9);
#1388=LINE('',#1385,#1387);
#1389=EDGE_CURVE('',#1376,#1384,#1388,.T.);
#1390=ORIENTED_EDGE('',*,*,#1389,.T.);
#1391=CARTESIAN_POINT('',(5.147575412,-7.499999993,4.866054543));
#1392=VERTEX_POINT('',#1391);
#1393=CARTESIAN_POINT('',(5.147575412,-7.57,4.866054542));
#1394=DIRECTION('',(0.,1.,-0.));
#1395=VECTOR('',#1394,0.070000006);
#1396=LINE('',#1393,#1395);
#1397=EDGE_CURVE('',#1384,#1392,#1396,.T.);
#1398=ORIENTED_EDGE('',*,*,#1397,.T.);
#1399=CARTESIAN_POINT('',(8.047575412,-7.500000115,4.866054543));
#1400=DIRECTION('',(-1.,0.000000042,-0.));
#1401=VECTOR('',#1400,2.9);
#1402=LINE('',#1399,#1401);
#1403=EDGE_CURVE('',#1374,#1392,#1402,.T.);
#1404=ORIENTED_EDGE('',*,*,#1403,.F.);
#1405=EDGE_LOOP('',(#1382,#1390,#1398,#1404));
#1406=FACE_BOUND('',#1405,.T.);
#1407=ADVANCED_FACE('',(#1406),#1372,.F.);
#1408=CARTESIAN_POINT('',(5.097575412,-7.620000049,4.966054543));
#1409=DIRECTION('',(1.,-0.,-0.));
#1410=DIRECTION('',(-0.,-0.999815137,-0.019227347));
#1411=AXIS2_PLACEMENT_3D('',#1408,#1409,#1410);
#1412=PLANE('',#1411);
#1413=CARTESIAN_POINT('',(5.097575412,-7.500000049,4.916054542));
#1414=VERTEX_POINT('',#1413);
#1415=CARTESIAN_POINT('',(5.097575412,-7.57,4.916054542));
#1416=VERTEX_POINT('',#1415);
#1417=CARTESIAN_POINT('',(5.097575412,-7.500000049,4.916054542));
#1418=DIRECTION('',(-0.,-1.,0.));
#1419=VECTOR('',#1418,0.069999951);
#1420=LINE('',#1417,#1419);
#1421=EDGE_CURVE('',#1414,#1416,#1420,.T.);
#1422=ORIENTED_EDGE('',*,*,#1421,.T.);
#1423=CARTESIAN_POINT('',(5.097575412,-7.57,5.016054543));
#1424=VERTEX_POINT('',#1423);
#1425=CARTESIAN_POINT('',(5.097575412,-7.57,4.916054542));
#1426=DIRECTION('',(0.,-0.,1.));
#1427=VECTOR('',#1426,0.1);
#1428=LINE('',#1425,#1427);
#1429=EDGE_CURVE('',#1416,#1424,#1428,.T.);
#1430=ORIENTED_EDGE('',*,*,#1429,.T.);
#1431=CARTESIAN_POINT('',(5.097575412,-7.500000049,5.016054543));
#1432=VERTEX_POINT('',#1431);
#1433=CARTESIAN_POINT('',(5.097575412,-7.57,5.016054543));
#1434=DIRECTION('',(0.,1.,-0.));
#1435=VECTOR('',#1434,0.06999995);
#1436=LINE('',#1433,#1435);
#1437=EDGE_CURVE('',#1424,#1432,#1436,.T.);
#1438=ORIENTED_EDGE('',*,*,#1437,.T.);
#1439=CARTESIAN_POINT('',(5.097575412,-7.500000049,4.916054542));
#1440=DIRECTION('',(0.,-0.000000005,1.));
#1441=VECTOR('',#1440,0.1);
#1442=LINE('',#1439,#1441);
#1443=EDGE_CURVE('',#1414,#1432,#1442,.T.);
#1444=ORIENTED_EDGE('',*,*,#1443,.F.);
#1445=EDGE_LOOP('',(#1422,#1430,#1438,#1444));
#1446=FACE_BOUND('',#1445,.T.);
#1447=ADVANCED_FACE('',(#1446),#1412,.F.);
#1448=CARTESIAN_POINT('',(5.797575412,-7.620000049,5.066054543));
#1449=DIRECTION('',(0.,-0.,-1.));
#1450=DIRECTION('',(-0.000000042,-1.,0.));
#1451=AXIS2_PLACEMENT_3D('',#1448,#1449,#1450);
#1452=PLANE('',#1451);
#1453=CARTESIAN_POINT('',(5.147575412,-7.500000049,5.066054543));
#1454=VERTEX_POINT('',#1453);
#1455=CARTESIAN_POINT('',(5.147575412,-7.57,5.066054543));
#1456=VERTEX_POINT('',#1455);
#1457=CARTESIAN_POINT('',(5.147575412,-7.500000049,5.066054543));
#1458=DIRECTION('',(-0.,-1.,0.));
#1459=VECTOR('',#1458,0.069999951);
#1460=LINE('',#1457,#1459);
#1461=EDGE_CURVE('',#1454,#1456,#1460,.T.);
#1462=ORIENTED_EDGE('',*,*,#1461,.T.);
#1463=CARTESIAN_POINT('',(8.047575412,-7.57,5.066054543));
#1464=VERTEX_POINT('',#1463);
#1465=CARTESIAN_POINT('',(5.147575412,-7.57,5.066054543));
#1466=DIRECTION('',(1.,-0.,-0.));
#1467=VECTOR('',#1466,2.9);
#1468=LINE('',#1465,#1467);
#1469=EDGE_CURVE('',#1456,#1464,#1468,.T.);
#1470=ORIENTED_EDGE('',*,*,#1469,.T.);
#1471=CARTESIAN_POINT('',(8.047575412,-7.500000171,5.066054543));
#1472=VERTEX_POINT('',#1471);
#1473=CARTESIAN_POINT('',(8.047575412,-7.57,5.066054543));
#1474=DIRECTION('',(0.,1.,-0.));
#1475=VECTOR('',#1474,0.069999829);
#1476=LINE('',#1473,#1475);
#1477=EDGE_CURVE('',#1464,#1472,#1476,.T.);
#1478=ORIENTED_EDGE('',*,*,#1477,.T.);
#1479=CARTESIAN_POINT('',(5.147575412,-7.500000049,5.066054543));
#1480=DIRECTION('',(1.,-0.000000042,0.));
#1481=VECTOR('',#1480,2.9);
#1482=LINE('',#1479,#1481);
#1483=EDGE_CURVE('',#1454,#1472,#1482,.T.);
#1484=ORIENTED_EDGE('',*,*,#1483,.F.);
#1485=EDGE_LOOP('',(#1462,#1470,#1478,#1484));
#1486=FACE_BOUND('',#1485,.T.);
#1487=ADVANCED_FACE('',(#1486),#1452,.F.);
#1488=CARTESIAN_POINT('',(-120.502424709,-7.499999999,-434.833945422));
#1489=DIRECTION('',(0.,1.,0.));
#1490=DIRECTION('',(1.,-0.,-0.));
#1491=AXIS2_PLACEMENT_3D('',#1488,#1489,#1490);
#1492=PLANE('',#1491);
#1493=ORIENTED_EDGE('',*,*,#1443,.T.);
#1494=CARTESIAN_POINT('',(5.147575412,-7.499999999,5.016054543));
#1495=DIRECTION('',(0.,1.,0.));
#1496=DIRECTION('',(0.000000001,-0.,1.));
#1497=AXIS2_PLACEMENT_3D('',#1494,#1495,#1496);
#1498=CIRCLE('',#1497,0.05);
#1499=EDGE_CURVE('',#1432,#1454,#1498,.T.);
#1500=ORIENTED_EDGE('',*,*,#1499,.T.);
#1501=ORIENTED_EDGE('',*,*,#1483,.T.);
#1502=CARTESIAN_POINT('',(8.047575412,-7.499999999,5.016054543));
#1503=DIRECTION('',(0.,1.,0.));
#1504=DIRECTION('',(0.000000001,-0.,1.));
#1505=AXIS2_PLACEMENT_3D('',#1502,#1503,#1504);
#1506=CIRCLE('',#1505,0.05);
#1507=EDGE_CURVE('',#1472,#1334,#1506,.T.);
#1508=ORIENTED_EDGE('',*,*,#1507,.T.);
#1509=ORIENTED_EDGE('',*,*,#1363,.T.);
#1510=CARTESIAN_POINT('',(8.047575412,-7.499999999,4.916054542));
#1511=DIRECTION('',(0.,1.,0.));
#1512=DIRECTION('',(0.000000001,-0.,1.));
#1513=AXIS2_PLACEMENT_3D('',#1510,#1511,#1512);
#1514=CIRCLE('',#1513,0.05);
#1515=EDGE_CURVE('',#1352,#1374,#1514,.T.);
#1516=ORIENTED_EDGE('',*,*,#1515,.T.);
#1517=ORIENTED_EDGE('',*,*,#1403,.T.);
#1518=CARTESIAN_POINT('',(5.147575412,-7.499999999,4.916054542));
#1519=DIRECTION('',(0.,1.,0.));
#1520=DIRECTION('',(0.000000001,-0.,1.));
#1521=AXIS2_PLACEMENT_3D('',#1518,#1519,#1520);
#1522=CIRCLE('',#1521,0.05);
#1523=EDGE_CURVE('',#1392,#1414,#1522,.T.);
#1524=ORIENTED_EDGE('',*,*,#1523,.T.);
#1525=EDGE_LOOP('',(#1493,#1500,#1501,#1508,#1509,#1516,#1517,#1524));
#1526=FACE_BOUND('',#1525,.T.);
#1527=CARTESIAN_POINT('',(6.59757541,-7.500000049,3.366054543));
#1528=VERTEX_POINT('',#1527);
#1529=CARTESIAN_POINT('',(6.597575412,-7.500000049,4.966054543));
#1530=DIRECTION('',(0.,1.,-0.));
#1531=DIRECTION('',(-0.000000001,0.,-1.));
#1532=AXIS2_PLACEMENT_3D('',#1529,#1530,#1531);
#1533=CIRCLE('',#1532,1.599999999);
#1534=EDGE_CURVE('',#1528,#1528,#1533,.T.);
#1535=ORIENTED_EDGE('',*,*,#1534,.F.);
#1536=EDGE_LOOP('',(#1535));
#1537=FACE_BOUND('',#1536,.T.);
#1538=ADVANCED_FACE('',(#1526,#1537),#1492,.F.);
#1539=CARTESIAN_POINT('',(6.597575412,-7.400000049,4.966054543));
#1540=DIRECTION('',(0.,1.,0.));
#1541=DIRECTION('',(-0.000000001,0.,-1.));
#1542=AXIS2_PLACEMENT_3D('',#1539,#1540,#1541);
#1543=TOROIDAL_SURFACE('',#1542,1.6,0.1);
#1544=CARTESIAN_POINT('',(6.59757541,-7.400000049,3.266054543));
#1545=VERTEX_POINT('',#1544);
#1546=CARTESIAN_POINT('',(6.59757541,-7.400000049,3.366054543));
#1547=DIRECTION('',(-1.,0.,0.000000001));
#1548=DIRECTION('',(-0.000000001,0.,-1.));
#1549=AXIS2_PLACEMENT_3D('',#1546,#1547,#1548);
#1550=CIRCLE('',#1549,0.1);
#1551=EDGE_CURVE('',#1545,#1528,#1550,.T.);
#1552=ORIENTED_EDGE('',*,*,#1551,.T.);
#1553=ORIENTED_EDGE('',*,*,#1534,.T.);
#1554=ORIENTED_EDGE('',*,*,#1551,.F.);
#1555=CARTESIAN_POINT('',(6.597575412,-7.400000049,4.966054542));
#1556=DIRECTION('',(-0.,-1.,0.));
#1557=DIRECTION('',(-0.000000001,0.,-1.));
#1558=AXIS2_PLACEMENT_3D('',#1555,#1556,#1557);
#1559=CIRCLE('',#1558,1.7);
#1560=EDGE_CURVE('',#1545,#1545,#1559,.T.);
#1561=ORIENTED_EDGE('',*,*,#1560,.T.);
#1562=EDGE_LOOP('',(#1552,#1553,#1554,#1561));
#1563=FACE_BOUND('',#1562,.T.);
#1564=ADVANCED_FACE('',(#1563),#1543,.T.);
#1565=CARTESIAN_POINT('',(6.597575412,-7.500000049,4.966054542));
#1566=DIRECTION('',(0.,1.,0.));
#1567=DIRECTION('',(-0.000000001,0.,-1.));
#1568=AXIS2_PLACEMENT_3D('',#1565,#1566,#1567);
#1569=CYLINDRICAL_SURFACE('',#1568,1.7);
#1570=CARTESIAN_POINT('',(6.59757541,-7.299999999,3.266054542));
#1571=VERTEX_POINT('',#1570);
#1572=CARTESIAN_POINT('',(6.59757541,-7.299999999,3.266054542));
#1573=DIRECTION('',(-0.,-1.,-0.));
#1574=VECTOR('',#1573,0.100000049);
#1575=LINE('',#1572,#1574);
#1576=EDGE_CURVE('',#1571,#1545,#1575,.T.);
#1577=ORIENTED_EDGE('',*,*,#1576,.T.);
#1578=ORIENTED_EDGE('',*,*,#1560,.F.);
#1579=ORIENTED_EDGE('',*,*,#1576,.F.);
#1580=CARTESIAN_POINT('',(6.597575413,-7.299999999,6.666054542));
#1581=VERTEX_POINT('',#1580);
#1582=CARTESIAN_POINT('',(6.597575412,-7.299999999,4.966054542));
#1583=DIRECTION('',(0.,1.,-0.));
#1584=DIRECTION('',(0.000000001,0.,1.));
#1585=AXIS2_PLACEMENT_3D('',#1582,#1583,#1584);
#1586=CIRCLE('',#1585,1.7);
#1587=EDGE_CURVE('',#1581,#1571,#1586,.T.);
#1588=ORIENTED_EDGE('',*,*,#1587,.F.);
#1589=CARTESIAN_POINT('',(6.597575412,-7.299999999,4.966054542));
#1590=DIRECTION('',(0.,1.,-0.));
#1591=DIRECTION('',(0.000000001,0.,1.));
#1592=AXIS2_PLACEMENT_3D('',#1589,#1590,#1591);
#1593=CIRCLE('',#1592,1.7);
#1594=EDGE_CURVE('',#1571,#1581,#1593,.T.);
#1595=ORIENTED_EDGE('',*,*,#1594,.F.);
#1596=EDGE_LOOP('',(#1577,#1578,#1579,#1588,#1595));
#1597=FACE_BOUND('',#1596,.T.);
#1598=ADVANCED_FACE('',(#1597),#1569,.T.);
#1599=CARTESIAN_POINT('',(6.597575412,-7.249999999,4.966054542));
#1600=DIRECTION('',(0.,1.,-0.));
#1601=DIRECTION('',(-0.000000001,-0.,-1.));
#1602=AXIS2_PLACEMENT_3D('',#1599,#1600,#1601);
#1603=CONICAL_SURFACE('',#1602,1.75,45.);
#1604=CARTESIAN_POINT('',(6.59757541,-7.279999999,3.246054542));
#1605=DIRECTION('',(0.000000001,-0.707106781,0.707106781));
#1606=VECTOR('',#1605,0.028284271);
#1607=LINE('',#1604,#1606);
#1608=EDGE_CURVE('',#1297,#1571,#1607,.T.);
#1609=ORIENTED_EDGE('',*,*,#1608,.T.);
#1610=ORIENTED_EDGE('',*,*,#1594,.T.);
#1611=ORIENTED_EDGE('',*,*,#1587,.T.);
#1612=ORIENTED_EDGE('',*,*,#1608,.F.);
#1613=ORIENTED_EDGE('',*,*,#1305,.T.);
#1614=ORIENTED_EDGE('',*,*,#1312,.T.);
#1615=EDGE_LOOP('',(#1609,#1610,#1611,#1612,#1613,#1614));
#1616=FACE_BOUND('',#1615,.T.);
#1617=ADVANCED_FACE('',(#1616),#1603,.T.);
#1618=CARTESIAN_POINT('',(6.597575412,-7.249999999,4.966054542));
#1619=DIRECTION('',(-0.,-1.,0.));
#1620=DIRECTION('',(0.000000001,0.,1.));
#1621=AXIS2_PLACEMENT_3D('',#1618,#1619,#1620);
#1622=CONICAL_SURFACE('',#1621,1.95,45.);
#1623=CARTESIAN_POINT('',(6.597575414,-7.299999999,6.966054542));
#1624=DIRECTION('',(-0.000000001,0.707106781,-0.707106781));
#1625=VECTOR('',#1624,0.028284271);
#1626=LINE('',#1623,#1625);
#1627=EDGE_CURVE('',#534,#1317,#1626,.T.);
#1628=ORIENTED_EDGE('',*,*,#1627,.F.);
#1629=ORIENTED_EDGE('',*,*,#540,.F.);
#1630=ORIENTED_EDGE('',*,*,#547,.F.);
#1631=ORIENTED_EDGE('',*,*,#1627,.T.);
#1632=ORIENTED_EDGE('',*,*,#1323,.T.);
#1633=EDGE_LOOP('',(#1628,#1629,#1630,#1631,#1632));
#1634=FACE_BOUND('',#1633,.T.);
#1635=ADVANCED_FACE('',(#1634),#1622,.F.);
#1636=CARTESIAN_POINT('',(6.555301579,-6.799999997,9.356083562));
#1637=CARTESIAN_POINT('',(6.83731897,-6.799999997,9.403120737));
#1638=CARTESIAN_POINT('',(7.127323546,-6.799999997,9.401889148));
#1639=CARTESIAN_POINT('',(7.690538969,-6.799999997,9.303027598));
#1640=CARTESIAN_POINT('',(7.963626481,-6.799999998,9.205419287));
#1641=CARTESIAN_POINT('',(8.46190449,-6.799999998,8.92487652));
#1642=CARTESIAN_POINT('',(8.686985872,-6.799999998,8.742003497));
#1643=CARTESIAN_POINT('',(9.063601073,-6.799999998,8.311717302));
#1644=CARTESIAN_POINT('',(9.215052418,-6.799999998,8.064398355));
#1645=CARTESIAN_POINT('',(9.321091138,-6.799999998,7.79887605));
#1646=CARTESIAN_POINT('',(6.555301579,-6.833333331,9.356083562));
#1647=CARTESIAN_POINT('',(6.83731897,-6.833333331,9.403120737));
#1648=CARTESIAN_POINT('',(7.127323546,-6.833333331,9.401889148));
#1649=CARTESIAN_POINT('',(7.690538969,-6.833333331,9.303027598));
#1650=CARTESIAN_POINT('',(7.963626481,-6.833333332,9.205419287));
#1651=CARTESIAN_POINT('',(8.46190449,-6.833333332,8.92487652));
#1652=CARTESIAN_POINT('',(8.686985872,-6.833333332,8.742003497));
#1653=CARTESIAN_POINT('',(9.063601073,-6.833333332,8.311717302));
#1654=CARTESIAN_POINT('',(9.215052418,-6.833333332,8.064398355));
#1655=CARTESIAN_POINT('',(9.321091138,-6.833333332,7.79887605));
#1656=CARTESIAN_POINT('',(6.555301579,-6.866666665,9.356083562));
#1657=CARTESIAN_POINT('',(6.83731897,-6.866666665,9.403120737));
#1658=CARTESIAN_POINT('',(7.127323546,-6.866666665,9.401889148));
#1659=CARTESIAN_POINT('',(7.690538969,-6.866666665,9.303027598));
#1660=CARTESIAN_POINT('',(7.963626481,-6.866666666,9.205419287));
#1661=CARTESIAN_POINT('',(8.46190449,-6.866666666,8.92487652));
#1662=CARTESIAN_POINT('',(8.686985872,-6.866666666,8.742003497));
#1663=CARTESIAN_POINT('',(9.063601073,-6.866666666,8.311717302));
#1664=CARTESIAN_POINT('',(9.215052418,-6.866666666,8.064398355));
#1665=CARTESIAN_POINT('',(9.321091138,-6.866666666,7.79887605));
#1666=CARTESIAN_POINT('',(6.555301579,-6.899999999,9.356083562));
#1667=CARTESIAN_POINT('',(6.83731897,-6.899999999,9.403120737));
#1668=CARTESIAN_POINT('',(7.127323546,-6.899999999,9.401889148));
#1669=CARTESIAN_POINT('',(7.690538969,-6.9,9.303027598));
#1670=CARTESIAN_POINT('',(7.963626481,-6.9,9.205419287));
#1671=CARTESIAN_POINT('',(8.46190449,-6.9,8.92487652));
#1672=CARTESIAN_POINT('',(8.686985872,-6.9,8.742003497));
#1673=CARTESIAN_POINT('',(9.063601073,-6.9,8.311717302));
#1674=CARTESIAN_POINT('',(9.215052418,-6.9,8.064398355));
#1675=CARTESIAN_POINT('',(9.321091138,-6.9,7.79887605));
#1676=B_SPLINE_SURFACE_WITH_KNOTS('',3,3,((#1636,#1637,#1638,#1639,#1640,#1641,#1642,#1643,#1644,#1645),(#1646,#1647,#1648,#1649,#1650,#1651,#1652,#1653,#1654,#1655),(#1656,#1657,#1658,#1659,#1660,#1661,#1662,#1663,#1664,#1665),(#1666,#1667,#1668,#1669,#1670,#1671,#1672,#1673,#1674,#1675)),.UNSPECIFIED.,.F.,.F.,.U.,(4,4),(4,2,2,2,4),(0.002,0.0021),(-0.042093227,0.21843008,0.478953387,0.739476693,1.),.UNSPECIFIED.);
#1677=ORIENTED_EDGE('',*,*,#227,.T.);
#1678=CARTESIAN_POINT('',(6.555301582,-6.899999999,9.356083563));
#1679=CARTESIAN_POINT('',(6.837318973,-6.899999999,9.403120737));
#1680=CARTESIAN_POINT('',(7.127323549,-6.899999999,9.401889148));
#1681=CARTESIAN_POINT('',(7.40893126,-6.899999999,9.352458373));
#1682=CARTESIAN_POINT('',(7.690538971,-6.899999999,9.303027598));
#1683=CARTESIAN_POINT('',(7.963626483,-6.899999999,9.205419287));
#1684=CARTESIAN_POINT('',(8.212765487,-6.899999999,9.065147903));
#1685=CARTESIAN_POINT('',(8.461904491,-6.899999999,8.924876519));
#1686=CARTESIAN_POINT('',(8.686985873,-6.899999998,8.742003496));
#1687=CARTESIAN_POINT('',(8.875293473,-6.899999998,8.526860399));
#1688=CARTESIAN_POINT('',(9.063601073,-6.899999998,8.311717301));
#1689=CARTESIAN_POINT('',(9.215052418,-6.899999998,8.064398355));
#1690=CARTESIAN_POINT('',(9.321091138,-6.899999998,7.79887605));
#1691=B_SPLINE_CURVE_WITH_KNOTS('',3,(#1678,#1679,#1680,#1681,#1682,#1683,#1684,#1685,#1686,#1687,#1688,#1689,#1690),.UNSPECIFIED.,.F.,.F.,(4,3,3,3,4),(0.,0.25,0.5,0.75,1.),.UNSPECIFIED.);
#1692=EDGE_CURVE('',#212,#160,#1691,.T.);
#1693=ORIENTED_EDGE('',*,*,#1692,.T.);
#1694=ORIENTED_EDGE('',*,*,#168,.T.);
#1695=ORIENTED_EDGE('',*,*,#425,.T.);
#1696=EDGE_LOOP('',(#1677,#1693,#1694,#1695));
#1697=FACE_BOUND('',#1696,.T.);
#1698=ADVANCED_FACE('',(#1697),#1676,.T.);
#1699=CARTESIAN_POINT('',(8.047575412,-7.620000049,4.916054542));
#1700=DIRECTION('',(-0.,-1.,0.));
#1701=DIRECTION('',(-0.000000001,-0.,-1.));
#1702=AXIS2_PLACEMENT_3D('',#1699,#1700,#1701);
#1703=CYLINDRICAL_SURFACE('',#1702,0.05);
#1704=ORIENTED_EDGE('',*,*,#1357,.F.);
#1705=CARTESIAN_POINT('',(8.047575412,-7.57,4.916054542));
#1706=DIRECTION('',(0.,1.,-0.));
#1707=DIRECTION('',(-0.000000001,-0.,-1.));
#1708=AXIS2_PLACEMENT_3D('',#1705,#1706,#1707);
#1709=CIRCLE('',#1708,0.05);
#1710=EDGE_CURVE('',#1344,#1376,#1709,.T.);
#1711=ORIENTED_EDGE('',*,*,#1710,.T.);
#1712=ORIENTED_EDGE('',*,*,#1381,.F.);
#1713=ORIENTED_EDGE('',*,*,#1515,.F.);
#1714=EDGE_LOOP('',(#1704,#1711,#1712,#1713));
#1715=FACE_BOUND('',#1714,.T.);
#1716=ADVANCED_FACE('',(#1715),#1703,.T.);
#1717=CARTESIAN_POINT('',(5.147575412,-7.620000049,4.916054542));
#1718=DIRECTION('',(-0.,-1.,0.));
#1719=DIRECTION('',(-0.000000001,-0.,-1.));
#1720=AXIS2_PLACEMENT_3D('',#1717,#1718,#1719);
#1721=CYLINDRICAL_SURFACE('',#1720,0.05);
#1722=ORIENTED_EDGE('',*,*,#1397,.F.);
#1723=CARTESIAN_POINT('',(5.147575412,-7.57,4.916054542));
#1724=DIRECTION('',(0.,1.,-0.));
#1725=DIRECTION('',(-0.000000001,-0.,-1.));
#1726=AXIS2_PLACEMENT_3D('',#1723,#1724,#1725);
#1727=CIRCLE('',#1726,0.05);
#1728=EDGE_CURVE('',#1384,#1416,#1727,.T.);
#1729=ORIENTED_EDGE('',*,*,#1728,.T.);
#1730=ORIENTED_EDGE('',*,*,#1421,.F.);
#1731=ORIENTED_EDGE('',*,*,#1523,.F.);
#1732=EDGE_LOOP('',(#1722,#1729,#1730,#1731));
#1733=FACE_BOUND('',#1732,.T.);
#1734=ADVANCED_FACE('',(#1733),#1721,.T.);
#1735=CARTESIAN_POINT('',(8.047575412,-7.620000049,5.016054543));
#1736=DIRECTION('',(-0.,-1.,0.));
#1737=DIRECTION('',(-0.000000001,-0.,-1.));
#1738=AXIS2_PLACEMENT_3D('',#1735,#1736,#1737);
#1739=CYLINDRICAL_SURFACE('',#1738,0.05);
#1740=ORIENTED_EDGE('',*,*,#1477,.F.);
#1741=CARTESIAN_POINT('',(8.047575412,-7.57,5.016054543));
#1742=DIRECTION('',(0.,1.,-0.));
#1743=DIRECTION('',(-0.000000001,-0.,-1.));
#1744=AXIS2_PLACEMENT_3D('',#1741,#1742,#1743);
#1745=CIRCLE('',#1744,0.05);
#1746=EDGE_CURVE('',#1464,#1336,#1745,.T.);
#1747=ORIENTED_EDGE('',*,*,#1746,.T.);
#1748=ORIENTED_EDGE('',*,*,#1341,.F.);
#1749=ORIENTED_EDGE('',*,*,#1507,.F.);
#1750=EDGE_LOOP('',(#1740,#1747,#1748,#1749));
#1751=FACE_BOUND('',#1750,.T.);
#1752=ADVANCED_FACE('',(#1751),#1739,.T.);
#1753=CARTESIAN_POINT('',(5.147575412,-7.620000049,5.016054543));
#1754=DIRECTION('',(-0.,-1.,0.));
#1755=DIRECTION('',(-0.000000001,-0.,-1.));
#1756=AXIS2_PLACEMENT_3D('',#1753,#1754,#1755);
#1757=CYLINDRICAL_SURFACE('',#1756,0.05);
#1758=ORIENTED_EDGE('',*,*,#1437,.F.);
#1759=CARTESIAN_POINT('',(5.147575412,-7.57,5.016054543));
#1760=DIRECTION('',(0.,1.,-0.));
#1761=DIRECTION('',(-0.000000001,-0.,-1.));
#1762=AXIS2_PLACEMENT_3D('',#1759,#1760,#1761);
#1763=CIRCLE('',#1762,0.05);
#1764=EDGE_CURVE('',#1424,#1456,#1763,.T.);
#1765=ORIENTED_EDGE('',*,*,#1764,.T.);
#1766=ORIENTED_EDGE('',*,*,#1461,.F.);
#1767=ORIENTED_EDGE('',*,*,#1499,.F.);
#1768=EDGE_LOOP('',(#1758,#1765,#1766,#1767));
#1769=FACE_BOUND('',#1768,.T.);
#1770=ADVANCED_FACE('',(#1769),#1757,.T.);
#1771=CARTESIAN_POINT('',(5.147575412,-7.57,4.916054542));
#1772=DIRECTION('',(-0.,-1.,0.));
#1773=DIRECTION('',(-0.000000001,0.,-1.));
#1774=AXIS2_PLACEMENT_3D('',#1771,#1772,#1773);
#1775=SPHERICAL_SURFACE('',#1774,0.05);
#1776=CARTESIAN_POINT('',(5.147575412,-7.57,4.916054542));
#1777=DIRECTION('',(0.,0.,1.));
#1778=DIRECTION('',(-0.,-1.,0.));
#1779=AXIS2_PLACEMENT_3D('',#1776,#1777,#1778);
#1780=CIRCLE('',#1779,0.05);
#1781=EDGE_CURVE('',#1416,#33,#1780,.T.);
#1782=ORIENTED_EDGE('',*,*,#1781,.F.);
#1783=ORIENTED_EDGE('',*,*,#1728,.F.);
#1784=CARTESIAN_POINT('',(5.147575412,-7.57,4.916054542));
#1785=DIRECTION('',(1.,-0.,0.));
#1786=DIRECTION('',(0.,0.017388675,-0.999848806));
#1787=AXIS2_PLACEMENT_3D('',#1784,#1785,#1786);
#1788=CIRCLE('',#1787,0.05);
#1789=EDGE_CURVE('',#33,#1384,#1788,.T.);
#1790=ORIENTED_EDGE('',*,*,#1789,.F.);
#1791=EDGE_LOOP('',(#1782,#1783,#1790));
#1792=FACE_BOUND('',#1791,.T.);
#1793=ADVANCED_FACE('',(#1792),#1775,.T.);
#1794=CARTESIAN_POINT('',(-120.502424709,-7.57,4.916054542));
#1795=DIRECTION('',(-1.,0.,-0.));
#1796=DIRECTION('',(-0.,-0.017388675,0.999848806));
#1797=AXIS2_PLACEMENT_3D('',#1794,#1795,#1796);
#1798=CYLINDRICAL_SURFACE('',#1797,0.05);
#1799=ORIENTED_EDGE('',*,*,#1789,.T.);
#1800=ORIENTED_EDGE('',*,*,#1389,.F.);
#1801=CARTESIAN_POINT('',(8.047575412,-7.57,4.916054542));
#1802=DIRECTION('',(1.,-0.,-0.));
#1803=DIRECTION('',(-0.,0.017388675,-0.999848806));
#1804=AXIS2_PLACEMENT_3D('',#1801,#1802,#1803);
#1805=CIRCLE('',#1804,0.05);
#1806=EDGE_CURVE('',#35,#1376,#1805,.T.);
#1807=ORIENTED_EDGE('',*,*,#1806,.F.);
#1808=ORIENTED_EDGE('',*,*,#40,.F.);
#1809=EDGE_LOOP('',(#1799,#1800,#1807,#1808));
#1810=FACE_BOUND('',#1809,.T.);
#1811=ADVANCED_FACE('',(#1810),#1798,.T.);
#1812=CARTESIAN_POINT('',(5.147575412,-7.57,-434.833945422));
#1813=DIRECTION('',(0.,0.,1.));
#1814=DIRECTION('',(-0.,-1.,0.));
#1815=AXIS2_PLACEMENT_3D('',#1812,#1813,#1814);
#1816=CYLINDRICAL_SURFACE('',#1815,0.05);
#1817=ORIENTED_EDGE('',*,*,#1781,.T.);
#1818=ORIENTED_EDGE('',*,*,#62,.F.);
#1819=CARTESIAN_POINT('',(5.147575412,-7.57,5.016054543));
#1820=DIRECTION('',(0.,0.,1.));
#1821=DIRECTION('',(-0.,-1.,0.));
#1822=AXIS2_PLACEMENT_3D('',#1819,#1820,#1821);
#1823=CIRCLE('',#1822,0.05);
#1824=EDGE_CURVE('',#1424,#51,#1823,.T.);
#1825=ORIENTED_EDGE('',*,*,#1824,.F.);
#1826=ORIENTED_EDGE('',*,*,#1429,.F.);
#1827=EDGE_LOOP('',(#1817,#1818,#1825,#1826));
#1828=FACE_BOUND('',#1827,.T.);
#1829=ADVANCED_FACE('',(#1828),#1816,.T.);
#1830=CARTESIAN_POINT('',(8.047575412,-7.57,4.916054542));
#1831=DIRECTION('',(-0.,-1.,0.));
#1832=DIRECTION('',(-0.000000001,0.,-1.));
#1833=AXIS2_PLACEMENT_3D('',#1830,#1831,#1832);
#1834=SPHERICAL_SURFACE('',#1833,0.05);
#1835=ORIENTED_EDGE('',*,*,#1806,.T.);
#1836=ORIENTED_EDGE('',*,*,#1710,.F.);
#1837=CARTESIAN_POINT('',(8.047575412,-7.57,4.916054542));
#1838=DIRECTION('',(0.,0.,1.));
#1839=DIRECTION('',(-0.,-1.,0.));
#1840=AXIS2_PLACEMENT_3D('',#1837,#1838,#1839);
#1841=CIRCLE('',#1840,0.05);
#1842=EDGE_CURVE('',#35,#1344,#1841,.T.);
#1843=ORIENTED_EDGE('',*,*,#1842,.F.);
#1844=EDGE_LOOP('',(#1835,#1836,#1843));
#1845=FACE_BOUND('',#1844,.T.);
#1846=ADVANCED_FACE('',(#1845),#1834,.T.);
#1847=CARTESIAN_POINT('',(5.147575412,-7.57,5.016054543));
#1848=DIRECTION('',(-0.,-1.,0.));
#1849=DIRECTION('',(-0.000000001,0.,-1.));
#1850=AXIS2_PLACEMENT_3D('',#1847,#1848,#1849);
#1851=SPHERICAL_SURFACE('',#1850,0.05);
#1852=ORIENTED_EDGE('',*,*,#1764,.F.);
#1853=ORIENTED_EDGE('',*,*,#1824,.T.);
#1854=CARTESIAN_POINT('',(5.147575412,-7.57,5.016054543));
#1855=DIRECTION('',(1.,-0.,0.));
#1856=DIRECTION('',(0.,0.017388675,-0.999848806));
#1857=AXIS2_PLACEMENT_3D('',#1854,#1855,#1856);
#1858=CIRCLE('',#1857,0.05);
#1859=EDGE_CURVE('',#1456,#51,#1858,.T.);
#1860=ORIENTED_EDGE('',*,*,#1859,.F.);
#1861=EDGE_LOOP('',(#1852,#1853,#1860));
#1862=FACE_BOUND('',#1861,.T.);
#1863=ADVANCED_FACE('',(#1862),#1851,.T.);
#1864=CARTESIAN_POINT('',(8.047575412,-7.57,4.966054542));
#1865=DIRECTION('',(0.,0.,1.));
#1866=DIRECTION('',(-0.,-1.,0.));
#1867=AXIS2_PLACEMENT_3D('',#1864,#1865,#1866);
#1868=CYLINDRICAL_SURFACE('',#1867,0.05);
#1869=ORIENTED_EDGE('',*,*,#1842,.T.);
#1870=ORIENTED_EDGE('',*,*,#1349,.F.);
#1871=CARTESIAN_POINT('',(8.047575412,-7.57,5.016054543));
#1872=DIRECTION('',(0.,0.,1.));
#1873=DIRECTION('',(-0.,-1.,0.));
#1874=AXIS2_PLACEMENT_3D('',#1871,#1872,#1873);
#1875=CIRCLE('',#1874,0.05);
#1876=EDGE_CURVE('',#43,#1336,#1875,.T.);
#1877=ORIENTED_EDGE('',*,*,#1876,.F.);
#1878=ORIENTED_EDGE('',*,*,#48,.F.);
#1879=EDGE_LOOP('',(#1869,#1870,#1877,#1878));
#1880=FACE_BOUND('',#1879,.T.);
#1881=ADVANCED_FACE('',(#1880),#1868,.T.);
#1882=CARTESIAN_POINT('',(-120.502424709,-7.57,5.016054543));
#1883=DIRECTION('',(1.,-0.,0.));
#1884=DIRECTION('',(0.,0.017388675,-0.999848806));
#1885=AXIS2_PLACEMENT_3D('',#1882,#1883,#1884);
#1886=CYLINDRICAL_SURFACE('',#1885,0.05);
#1887=ORIENTED_EDGE('',*,*,#1859,.T.);
#1888=ORIENTED_EDGE('',*,*,#56,.F.);
#1889=CARTESIAN_POINT('',(8.047575412,-7.57,5.016054543));
#1890=DIRECTION('',(1.,-0.,-0.));
#1891=DIRECTION('',(-0.,0.017388675,-0.999848806));
#1892=AXIS2_PLACEMENT_3D('',#1889,#1890,#1891);
#1893=CIRCLE('',#1892,0.05);
#1894=EDGE_CURVE('',#1464,#43,#1893,.T.);
#1895=ORIENTED_EDGE('',*,*,#1894,.F.);
#1896=ORIENTED_EDGE('',*,*,#1469,.F.);
#1897=EDGE_LOOP('',(#1887,#1888,#1895,#1896));
#1898=FACE_BOUND('',#1897,.T.);
#1899=ADVANCED_FACE('',(#1898),#1886,.T.);
#1900=CARTESIAN_POINT('',(8.047575412,-7.57,5.016054543));
#1901=DIRECTION('',(-0.,-1.,0.));
#1902=DIRECTION('',(-0.000000001,0.,-1.));
#1903=AXIS2_PLACEMENT_3D('',#1900,#1901,#1902);
#1904=SPHERICAL_SURFACE('',#1903,0.05);
#1905=ORIENTED_EDGE('',*,*,#1876,.T.);
#1906=ORIENTED_EDGE('',*,*,#1746,.F.);
#1907=ORIENTED_EDGE('',*,*,#1894,.T.);
#1908=EDGE_LOOP('',(#1905,#1906,#1907));
#1909=FACE_BOUND('',#1908,.T.);
#1910=ADVANCED_FACE('',(#1909),#1904,.T.);
#1911=CARTESIAN_POINT('',(9.453877885,-7.299999999,1.896054542));
#1912=DIRECTION('',(0.,1.,0.));
#1913=DIRECTION('',(0.000000001,-0.,1.));
#1914=AXIS2_PLACEMENT_3D('',#1911,#1912,#1913);
#1915=CONICAL_SURFACE('',#1914,0.57,45.);
#1916=CARTESIAN_POINT('',(9.453877885,-6.899999999,0.926054542));
#1917=DIRECTION('',(-0.,-0.707106781,0.707106781));
#1918=VECTOR('',#1917,0.565685425);
#1919=LINE('',#1916,#1918);
#1920=EDGE_CURVE('',#83,#487,#1919,.T.);
#1921=ORIENTED_EDGE('',*,*,#1920,.F.);
#1922=ORIENTED_EDGE('',*,*,#89,.F.);
#1923=CARTESIAN_POINT('',(10.02239275,-7.299999999,1.854934616));
#1924=CARTESIAN_POINT('',(10.126951475,-7.195818263,1.856384029));
#1925=CARTESIAN_POINT('',(10.260654339,-7.062467974,1.859523861));
#1926=CARTESIAN_POINT('',(10.423432641,-6.899949133,1.865034252));
#1927=B_SPLINE_CURVE_WITH_KNOTS('',3,(#1923,#1924,#1925,#1926),.UNSPECIFIED.,.F.,.F.,(4,4),(0.,1.),.UNSPECIFIED.);
#1928=EDGE_CURVE('',#495,#75,#1927,.T.);
#1929=ORIENTED_EDGE('',*,*,#1928,.F.);
#1930=ORIENTED_EDGE('',*,*,#501,.F.);
#1931=EDGE_LOOP('',(#1921,#1922,#1929,#1930));
#1932=FACE_BOUND('',#1931,.T.);
#1933=ADVANCED_FACE('',(#1932),#1915,.T.);
#1934=CARTESIAN_POINT('',(10.025319177,-7.299999999,1.825716572));
#1935=CARTESIAN_POINT('',(9.945540133,-7.299999999,2.623314951));
#1936=CARTESIAN_POINT('',(9.858258288,-7.299999999,3.409765964));
#1937=CARTESIAN_POINT('',(9.583939389,-7.299999999,5.052503253));
#1938=CARTESIAN_POINT('',(9.395619772,-7.299999999,5.913495672));
#1939=CARTESIAN_POINT('',(9.20673379,-7.299999999,6.780949746));
#1940=CARTESIAN_POINT('',(10.423382027,-6.899999999,1.865029189));
#1941=CARTESIAN_POINT('',(10.343418125,-6.899999999,2.664440528));
#1942=CARTESIAN_POINT('',(10.254820272,-6.899999999,3.463522404));
#1943=CARTESIAN_POINT('',(9.976239516,-6.899999999,5.131781475));
#1944=CARTESIAN_POINT('',(9.786478687,-6.899999999,5.998521043));
#1945=CARTESIAN_POINT('',(9.597575413,-6.899999999,6.866054542));
#1946=B_SPLINE_SURFACE_WITH_KNOTS('',1,3,((#1934,#1935,#1936,#1937,#1938,#1939),(#1940,#1941,#1942,#1943,#1944,#1945)),.UNSPECIFIED.,.F.,.F.,.U.,(2,2),(4,2,4),(0.,1.),(-0.000298904,0.475,1.),.UNSPECIFIED.);
#1947=ORIENTED_EDGE('',*,*,#1928,.T.);
#1948=ORIENTED_EDGE('',*,*,#133,.F.);
#1949=CARTESIAN_POINT('',(9.20673379,-7.299999999,6.780949746));
#1950=CARTESIAN_POINT('',(9.337014331,-7.166666666,6.809318011));
#1951=CARTESIAN_POINT('',(9.467294872,-7.033333333,6.837686277));
#1952=CARTESIAN_POINT('',(9.597575413,-6.899999999,6.866054542));
#1953=B_SPLINE_CURVE_WITH_KNOTS('',3,(#1949,#1950,#1951,#1952),.UNSPECIFIED.,.F.,.F.,(4,4),(0.,1.),.UNSPECIFIED.);
#1954=EDGE_CURVE('',#504,#121,#1953,.T.);
#1955=ORIENTED_EDGE('',*,*,#1954,.F.);
#1956=ORIENTED_EDGE('',*,*,#515,.F.);
#1957=EDGE_LOOP('',(#1947,#1948,#1955,#1956));
#1958=FACE_BOUND('',#1957,.T.);
#1959=ADVANCED_FACE('',(#1958),#1946,.T.);
#1960=CARTESIAN_POINT('',(5.015328903,-6.899999999,0.926054543));
#1961=DIRECTION('',(-0.,-0.707106781,-0.707106781));
#1962=DIRECTION('',(1.,-0.,0.));
#1963=AXIS2_PLACEMENT_3D('',#1960,#1961,#1962);
#1964=PLANE('',#1963);
#1965=ORIENTED_EDGE('',*,*,#1920,.T.);
#1966=ORIENTED_EDGE('',*,*,#492,.F.);
#1967=CARTESIAN_POINT('',(3.833082364,-6.899999999,0.926054543));
#1968=CARTESIAN_POINT('',(3.830355103,-7.03333721,1.059391753));
#1969=CARTESIAN_POINT('',(3.827385726,-7.166671638,1.192726181));
#1970=CARTESIAN_POINT('',(3.823888493,-7.299999999,1.326054543));
#1971=B_SPLINE_CURVE_WITH_KNOTS('',3,(#1967,#1968,#1969,#1970),.UNSPECIFIED.,.F.,.F.,(4,4),(0.,0.00056576),.UNSPECIFIED.);
#1972=EDGE_CURVE('',#284,#478,#1971,.T.);
#1973=ORIENTED_EDGE('',*,*,#1972,.F.);
#1974=ORIENTED_EDGE('',*,*,#319,.F.);
#1975=EDGE_LOOP('',(#1965,#1966,#1973,#1974));
#1976=FACE_BOUND('',#1975,.T.);
#1977=ADVANCED_FACE('',(#1976),#1964,.T.);
#1978=CARTESIAN_POINT('',(7.299765572,-6.899999999,9.37218795));
#1979=CARTESIAN_POINT('',(7.603314897,-6.899999999,9.334035236));
#1980=CARTESIAN_POINT('',(7.908833413,-6.899999999,9.261833755));
#1981=CARTESIAN_POINT('',(8.323486261,-6.899999999,9.062379789));
#1982=CARTESIAN_POINT('',(8.455052663,-6.899999999,8.980182662));
#1983=CARTESIAN_POINT('',(8.693999572,-6.899999999,8.787514618));
#1984=CARTESIAN_POINT('',(8.802282134,-6.899999999,8.676442974));
#1985=CARTESIAN_POINT('',(9.088478164,-6.899999999,8.314997297));
#1986=CARTESIAN_POINT('',(9.229144893,-6.899999999,8.038242947));
#1987=CARTESIAN_POINT('',(9.450766828,-6.899999999,7.463350935));
#1988=CARTESIAN_POINT('',(9.531535387,-6.899999999,7.167618134));
#1989=CARTESIAN_POINT('',(9.597575413,-6.899999999,6.866054542));
#1990=CARTESIAN_POINT('',(7.249882573,-7.299999999,8.97531053));
#1991=CARTESIAN_POINT('',(7.525976662,-7.299999999,8.940608644));
#1992=CARTESIAN_POINT('',(7.787215491,-7.299999999,8.876464412));
#1993=CARTESIAN_POINT('',(8.124210917,-7.299999999,8.714364771));
#1994=CARTESIAN_POINT('',(8.228391129,-7.299999999,8.649111391));
#1995=CARTESIAN_POINT('',(8.418508223,-7.299999999,8.495815881));
#1996=CARTESIAN_POINT('',(8.505423853,-7.299999999,8.406995012));
#1997=CARTESIAN_POINT('',(8.741405021,-7.299999999,8.108967228));
#1998=CARTESIAN_POINT('',(8.866020241,-7.299999999,7.868156695));
#1999=CARTESIAN_POINT('',(9.067436923,-7.299999999,7.345677574));
#2000=CARTESIAN_POINT('',(9.143921419,-7.299999999,7.067773365));
#2001=CARTESIAN_POINT('',(9.206835159,-7.299999999,6.780485538));
#2002=B_SPLINE_SURFACE_WITH_KNOTS('',1,3,((#1978,#1979,#1980,#1981,#1982,#1983,#1984,#1985,#1986,#1987,#1988,#1989),(#1990,#1991,#1992,#1993,#1994,#1995,#1996,#1997,#1998,#1999,#2000,#2001)),.UNSPECIFIED.,.F.,.F.,.U.,(2,2),(4,2,2,2,2,4),(0.,1.),(-0.,0.25,0.375,0.5,0.75,1.),.UNSPECIFIED.);
#2003=ORIENTED_EDGE('',*,*,#1954,.T.);
#2004=ORIENTED_EDGE('',*,*,#175,.F.);
#2005=CARTESIAN_POINT('',(7.249882573,-7.299999999,8.97531053));
#2006=CARTESIAN_POINT('',(7.266510239,-7.166666666,9.107603004));
#2007=CARTESIAN_POINT('',(7.283137906,-7.033333333,9.239895477));
#2008=CARTESIAN_POINT('',(7.299765572,-6.899999999,9.37218795));
#2009=B_SPLINE_CURVE_WITH_KNOTS('',3,(#2005,#2006,#2007,#2008),.UNSPECIFIED.,.F.,.F.,(4,4),(0.,1.),.UNSPECIFIED.);
#2010=EDGE_CURVE('',#436,#160,#2009,.T.);
#2011=ORIENTED_EDGE('',*,*,#2010,.F.);
#2012=ORIENTED_EDGE('',*,*,#527,.F.);
#2013=EDGE_LOOP('',(#2003,#2004,#2011,#2012));
#2014=FACE_BOUND('',#2013,.T.);
#2015=ADVANCED_FACE('',(#2014),#2002,.T.);
#2016=CARTESIAN_POINT('',(3.791333391,-6.899999999,1.946192267));
#2017=DIRECTION('',(0.,1.,0.));
#2018=DIRECTION('',(0.000000001,-0.,1.));
#2019=AXIS2_PLACEMENT_3D('',#2016,#2017,#2018);
#2020=CONICAL_SURFACE('',#2019,1.020991652,45.);
#2021=ORIENTED_EDGE('',*,*,#1972,.T.);
#2022=ORIENTED_EDGE('',*,*,#484,.F.);
#2023=CARTESIAN_POINT('',(3.066295506,-6.899999999,1.227343174));
#2024=CARTESIAN_POINT('',(3.18678167,-7.061265663,1.334867637));
#2025=CARTESIAN_POINT('',(3.285808042,-7.194598996,1.424518705));
#2026=CARTESIAN_POINT('',(3.363668915,-7.299999999,1.495932645));
#2027=B_SPLINE_CURVE_WITH_KNOTS('',3,(#2023,#2024,#2025,#2026),.UNSPECIFIED.,.F.,.F.,(4,4),(0.,1.),.UNSPECIFIED.);
#2028=EDGE_CURVE('',#251,#460,#2027,.T.);
#2029=ORIENTED_EDGE('',*,*,#2028,.F.);
#2030=ORIENTED_EDGE('',*,*,#296,.F.);
#2031=EDGE_LOOP('',(#2021,#2022,#2029,#2030));
#2032=FACE_BOUND('',#2031,.T.);
#2033=ADVANCED_FACE('',(#2032),#2020,.T.);
#2034=CARTESIAN_POINT('',(6.690170852,-6.899968844,9.374820597));
#2035=CARTESIAN_POINT('',(6.690967003,-6.899968844,9.374913004));
#2036=CARTESIAN_POINT('',(6.691763154,-6.899968844,9.375005412));
#2037=CARTESIAN_POINT('',(6.692559305,-6.899968844,9.375097819));
#2038=CARTESIAN_POINT('',(6.8921168,-6.899968844,9.398259971));
#2039=CARTESIAN_POINT('',(7.10078169,-6.899968843,9.397229373));
#2040=CARTESIAN_POINT('',(7.299769457,-6.899968844,9.372218863));
#2041=CARTESIAN_POINT('',(6.690174473,-6.899999999,9.374789652));
#2042=CARTESIAN_POINT('',(6.690970615,-6.899999999,9.374882059));
#2043=CARTESIAN_POINT('',(6.691766756,-6.899999999,9.374974465));
#2044=CARTESIAN_POINT('',(6.692562897,-6.899999999,9.375066871));
#2045=CARTESIAN_POINT('',(6.892117935,-6.9,9.398228737));
#2046=CARTESIAN_POINT('',(7.100780255,-6.899999999,9.397198152));
#2047=CARTESIAN_POINT('',(7.299765572,-6.899999999,9.37218795));
#2048=CARTESIAN_POINT('',(6.736669513,-7.299999999,8.977500896));
#2049=CARTESIAN_POINT('',(6.737339782,-7.299999999,8.977578693));
#2050=CARTESIAN_POINT('',(6.738010051,-7.299999999,8.977656489));
#2051=CARTESIAN_POINT('',(6.73868032,-7.299999999,8.977734286));
#2052=CARTESIAN_POINT('',(6.906685151,-7.299999999,8.997234208));
#2053=CARTESIAN_POINT('',(7.082357388,-7.299999999,8.996366548));
#2054=CARTESIAN_POINT('',(7.249882573,-7.299999999,8.97531053));
#2055=B_SPLINE_SURFACE_WITH_KNOTS('',1,3,((#2034,#2035,#2036,#2037,#2038,#2039,#2040),(#2041,#2042,#2043,#2044,#2045,#2046,#2047),(#2048,#2049,#2050,#2051,#2052,#2053,#2054)),.UNSPECIFIED.,.F.,.F.,.U.,(2,1,2),(4,3,4),(-0.000077889,0.,1.),(0.080027559,0.083352064,0.916648732),.UNSPECIFIED.);
#2056=ORIENTED_EDGE('',*,*,#2010,.T.);
#2057=ORIENTED_EDGE('',*,*,#1692,.F.);
#2058=CARTESIAN_POINT('',(6.736665594,-7.299966282,8.977534385));
#2059=CARTESIAN_POINT('',(6.721837626,-7.166633803,9.11004092));
#2060=CARTESIAN_POINT('',(6.70713553,-7.033301323,9.242562065));
#2061=CARTESIAN_POINT('',(6.692559305,-6.899968844,9.375097819));
#2062=B_SPLINE_CURVE_WITH_KNOTS('',3,(#2058,#2059,#2060,#2061),.UNSPECIFIED.,.F.,.F.,(4,4),(0.,1.),.UNSPECIFIED.);
#2063=EDGE_CURVE('',#438,#212,#2062,.T.);
#2064=ORIENTED_EDGE('',*,*,#2063,.F.);
#2065=ORIENTED_EDGE('',*,*,#443,.F.);
#2066=EDGE_LOOP('',(#2056,#2057,#2064,#2065));
#2067=FACE_BOUND('',#2066,.T.);
#2068=ADVANCED_FACE('',(#2067),#2055,.T.);
#2069=CARTESIAN_POINT('',(3.067428741,-6.899999999,1.225936358));
#2070=CARTESIAN_POINT('',(3.055703577,-6.899999999,1.240487378));
#2071=CARTESIAN_POINT('',(3.044072401,-6.899999999,1.255069436));
#2072=CARTESIAN_POINT('',(2.984439951,-6.899999999,1.330992272));
#2073=CARTESIAN_POINT('',(2.93967198,-6.899999999,1.393307283));
#2074=CARTESIAN_POINT('',(2.866755814,-6.899999999,1.533905662));
#2075=CARTESIAN_POINT('',(2.841267324,-6.899999999,1.611660039));
#2076=CARTESIAN_POINT('',(2.813746719,-6.899999999,1.766282097));
#2077=CARTESIAN_POINT('',(2.809663147,-6.899999999,1.844554416));
#2078=CARTESIAN_POINT('',(2.809693076,-6.899999999,2.078337287));
#2079=CARTESIAN_POINT('',(2.824916896,-6.899999999,2.234368536));
#2080=CARTESIAN_POINT('',(2.859440953,-6.899999999,2.546294341));
#2081=CARTESIAN_POINT('',(2.879929424,-6.899999999,2.702043675));
#2082=CARTESIAN_POINT('',(2.984822973,-6.899999999,3.47864518));
#2083=CARTESIAN_POINT('',(3.074296872,-6.899999999,4.098815493));
#2084=CARTESIAN_POINT('',(3.15541819,-6.899999999,4.721207791));
#2085=CARTESIAN_POINT('',(3.37819832,-7.299999999,1.477839138));
#2086=CARTESIAN_POINT('',(3.367212399,-7.299999999,1.49145535));
#2087=CARTESIAN_POINT('',(3.356770437,-7.299999999,1.504527087));
#2088=CARTESIAN_POINT('',(3.306858635,-7.299999999,1.568073824));
#2089=CARTESIAN_POINT('',(3.277114334,-7.299999999,1.611485463));
#2090=CARTESIAN_POINT('',(3.239489625,-7.299999999,1.684034168));
#2091=CARTESIAN_POINT('',(3.229159744,-7.299999999,1.715005069));
#2092=CARTESIAN_POINT('',(3.21347599,-7.299999999,1.803122921));
#2093=CARTESIAN_POINT('',(3.209665071,-7.299999999,1.859485521));
#2094=CARTESIAN_POINT('',(3.209689219,-7.299999999,2.048321453));
#2095=CARTESIAN_POINT('',(3.223161063,-7.299999999,2.196435786));
#2096=CARTESIAN_POINT('',(3.256341294,-7.299999999,2.49622022));
#2097=CARTESIAN_POINT('',(3.276513633,-7.299999999,2.649862743));
#2098=CARTESIAN_POINT('',(3.380488809,-7.299999999,3.419664955));
#2099=CARTESIAN_POINT('',(3.470843987,-7.299999999,4.046365897));
#2100=CARTESIAN_POINT('',(3.552063281,-7.299999999,4.669509895));
#2101=B_SPLINE_SURFACE_WITH_KNOTS('',1,3,((#2069,#2070,#2071,#2072,#2073,#2074,#2075,#2076,#2077,#2078,#2079,#2080,#2081,#2082,#2083,#2084),(#2085,#2086,#2087,#2088,#2089,#2090,#2091,#2092,#2093,#2094,#2095,#2096,#2097,#2098,#2099,#2100)),.UNSPECIFIED.,.F.,.F.,.U.,(2,2),(4,2,2,2,2,2,2,4),(0.,1.),(-0.000027184,0.015625,0.08125,0.146875,0.2125,0.34375,0.475,1.),.UNSPECIFIED.);
#2102=ORIENTED_EDGE('',*,*,#2028,.T.);
#2103=ORIENTED_EDGE('',*,*,#475,.F.);
#2104=CARTESIAN_POINT('',(3.15541819,-6.899999999,4.721207791));
#2105=CARTESIAN_POINT('',(3.287553474,-7.033332634,4.703368723));
#2106=CARTESIAN_POINT('',(3.419688654,-7.166665268,4.685528924));
#2107=CARTESIAN_POINT('',(3.551823728,-7.299997902,4.667688379));
#2108=B_SPLINE_CURVE_WITH_KNOTS('',3,(#2104,#2105,#2106,#2107),.UNSPECIFIED.,.F.,.F.,(4,4),(0.,1.),.UNSPECIFIED.);
#2109=EDGE_CURVE('',#204,#446,#2108,.T.);
#2110=ORIENTED_EDGE('',*,*,#2109,.F.);
#2111=ORIENTED_EDGE('',*,*,#263,.F.);
#2112=EDGE_LOOP('',(#2102,#2103,#2110,#2111));
#2113=FACE_BOUND('',#2112,.T.);
#2114=ADVANCED_FACE('',(#2113),#2101,.T.);
#2115=CARTESIAN_POINT('',(6.736661707,-7.299999999,8.977567877));
#2116=CARTESIAN_POINT('',(6.245953858,-7.299999999,8.923128032));
#2117=CARTESIAN_POINT('',(5.774120253,-7.299999999,8.792513125));
#2118=CARTESIAN_POINT('',(5.169288492,-7.299999999,8.441052219));
#2119=CARTESIAN_POINT('',(4.985590087,-7.299999999,8.299113877));
#2120=CARTESIAN_POINT('',(4.65694514,-7.299999999,7.96780311));
#2121=CARTESIAN_POINT('',(4.512999358,-7.299999999,7.779459187));
#2122=CARTESIAN_POINT('',(4.138211905,-7.299999999,7.163885264));
#2123=CARTESIAN_POINT('',(3.965512734,-7.299999999,6.690862767));
#2124=CARTESIAN_POINT('',(3.707992899,-7.299999999,5.70379302));
#2125=CARTESIAN_POINT('',(3.622301287,-7.299999999,5.189714499));
#2126=CARTESIAN_POINT('',(3.551821648,-7.299999999,4.66768865));
#2127=CARTESIAN_POINT('',(6.692555713,-6.899999999,9.375128767));
#2128=CARTESIAN_POINT('',(6.162975195,-6.899999999,9.31637632));
#2129=CARTESIAN_POINT('',(5.632646844,-6.899999999,9.172934236));
#2130=CARTESIAN_POINT('',(4.938571824,-6.899999999,8.769615086));
#2131=CARTESIAN_POINT('',(4.72583745,-6.899999999,8.605238597));
#2132=CARTESIAN_POINT('',(4.348731958,-6.899999999,8.225074192));
#2133=CARTESIAN_POINT('',(4.185609449,-6.899999999,8.010907951));
#2134=CARTESIAN_POINT('',(3.768020219,-6.899999999,7.325033742));
#2135=CARTESIAN_POINT('',(3.584829239,-6.899999999,6.81622242));
#2136=CARTESIAN_POINT('',(3.314587052,-6.899999999,5.780388044));
#2137=CARTESIAN_POINT('',(3.227078317,-6.899999999,5.251977182));
#2138=CARTESIAN_POINT('',(3.15541819,-6.899999999,4.721207791));
#2139=B_SPLINE_SURFACE_WITH_KNOTS('',1,3,((#2115,#2116,#2117,#2118,#2119,#2120,#2121,#2122,#2123,#2124,#2125,#2126),(#2127,#2128,#2129,#2130,#2131,#2132,#2133,#2134,#2135,#2136,#2137,#2138)),.UNSPECIFIED.,.F.,.F.,.U.,(2,2),(4,2,2,2,2,4),(0.,1.),(0.009923166,0.257442374,0.381201979,0.504961583,0.752480791,1.),.UNSPECIFIED.);
#2140=ORIENTED_EDGE('',*,*,#2063,.T.);
#2141=ORIENTED_EDGE('',*,*,#218,.F.);
#2142=ORIENTED_EDGE('',*,*,#2109,.T.);
#2143=ORIENTED_EDGE('',*,*,#457,.F.);
#2144=EDGE_LOOP('',(#2140,#2141,#2142,#2143));
#2145=FACE_BOUND('',#2144,.T.);
#2146=ADVANCED_FACE('',(#2145),#2139,.T.);
#2147=CLOSED_SHELL('',(#66,#108,#145,#187,#238,#275,#308,#330,#429,#551,#599,#640,#684,#709,#733,#758,#816,#853,#886,#917,#950,#999,#1046,#1068,#1092,#1127,
#1153,#1181,#1207,#1235,#1254,#1272,#1290,#1327,#1367,#1407,#1447,#1487,#1538,#1564,#1598,#1617,#1635,#1698,#1716,#1734,#1752,#1770,#1793,#1811,#1829,
#1846,#1863,#1881,#1899,#1910,#1933,#1959,#1977,#2015,#2033,#2068,#2114,#2146));
#2148=MANIFOLD_SOLID_BREP('-',#2147);
#2149=COLOUR_RGB('',0.098039217,0.098039217,0.098039217);
#2150=FILL_AREA_STYLE_COLOUR('',#2149);
#2151=FILL_AREA_STYLE('',(#2150));
#2152=SURFACE_STYLE_FILL_AREA(#2151);
#2153=SURFACE_SIDE_STYLE('',(#2152));
#2154=SURFACE_STYLE_USAGE(.BOTH.,#2153);
#2155=PRESENTATION_STYLE_ASSIGNMENT((#2154));
#26=STYLED_ITEM('',(#2155),#2148);
#16=SHAPE_REPRESENTATION('-',(#15),#10);
#17=ADVANCED_BREP_SHAPE_REPRESENTATION('-',(#2148),#10);
#2163=SHAPE_REPRESENTATION_RELATIONSHIP('','',#16,#17);
#2164=CARTESIAN_POINT('',(0.,0.,0.));
#2165=DIRECTION('',(0.,0.,1.));
#2166=DIRECTION('',(1.,0.,0.));
#2167=AXIS2_PLACEMENT_3D('',#2164,#2165,#2166);
#2169=MAPPED_ITEM('',#2168,#2167);
#2168=REPRESENTATION_MAP(#2167,#16);
#2170=APPLICATION_CONTEXT('Managed model based 3d engineering');
#2171=APPLICATION_PROTOCOL_DEFINITION('international standard','ap242_managed_model_based_3d_engineering',2014,#2170);
#2172=PRODUCT_CONTEXT('',#2170,'mechanical');
#2173=PRODUCT_DEFINITION_CONTEXT('part definition',#2170,'design');
#24=PRODUCT('-','-','',(#2172));
#2174=PRODUCT_RELATED_PRODUCT_CATEGORY('part','',(#24));
#2175=PRODUCT_DEFINITION_FORMATION_WITH_SPECIFIED_SOURCE('','',#24,.NOT_KNOWN.);
#25=PRODUCT_DEFINITION('design','',#2175,#2173);
#23=PRODUCT_DEFINITION_SHAPE('','',#25);
#2176=SHAPE_DEFINITION_REPRESENTATION(#23,#16);
#11=DRAUGHTING_MODEL('',(#2169),#10);
#2177=DESCRIPTIVE_REPRESENTATION_ITEM('KEY','C:\\Users\\Nalani\\AppData\\Local\\Packages\\Shapr3D.Shapr3D_j403pzjkqtqbj\\TempState\\08c9bd37-ba17-42fe-9b60-b6043538078e.tmp');
#2178=PROPERTY_DEFINITION('KEY','',#25);
#2179=REPRESENTATION('',(#2177),#10);
#2180=PROPERTY_DEFINITION_REPRESENTATION(#2178,#2179);
#2181=GENERAL_PROPERTY('','KEY','');
#2182=GENERAL_PROPERTY_ASSOCIATION('','',#2181,#2178);
#1=MECHANICAL_DESIGN_GEOMETRIC_PRESENTATION_REPRESENTATION('',(#26),#10);
ENDSEC;
END-ISO-10303-21;
