ISO-10303-21;
HEADER;

/* File generated by Shapr3D Version 26.123.11423.0 */

FILE_DESCRIPTION(('HOOPS Exchange Step'),'2;1');

FILE_NAME('C:\\Users\\Nalani\\AppData\\Local\\Packages\\Shapr3D.Shapr3D_j403pzjkqtqbj\\TempState\\export\\temp_export',
'2026-08-03T16:12:06+08:00',
('Nalani'),
('Shapr3D Limited'),
'HOOPS Exchange 2026.3',
'Shapr3D',
'Authorized');

FILE_SCHEMA( ('AP242_MANAGED_MODEL_BASED_3D_ENGINEERING_MIM_LF {1 0 10303 442 1 1 4}') );

ENDSEC;

DATA;
#3=(NAMED_UNIT(*)PLANE_ANGLE_UNIT()SI_UNIT($,.RADIAN.));
#4=PLANE_ANGLE_MEASURE_WITH_UNIT(PLANE_ANGLE_MEASURE(0.0174532925),#3);
#5=(CONVERSION_BASED_UNIT('DEGREE',#4)NAMED_UNIT(#6)PLANE_ANGLE_UNIT());
#6=DIMENSIONAL_EXPONENTS(0.,0.,0.,0.,0.,0.,0.);
#7=(NAMED_UNIT(*)SI_UNIT($,.STERADIAN.)SOLID_ANGLE_UNIT());
#8=(LENGTH_UNIT()NAMED_UNIT(*)SI_UNIT(.MILLI.,.METRE.));
#9=UNCERTAINTY_MEASURE_WITH_UNIT(LENGTH_MEASURE(1.000000E-03),#8,'DISTANCE_ACCURACY_VALUE','Maximum Tolerance applied to model');
#10=(GEOMETRIC_REPRESENTATION_CONTEXT(3)GLOBAL_UNCERTAINTY_ASSIGNED_CONTEXT((#9))GLOBAL_UNIT_ASSIGNED_CONTEXT((#8,#5,#7))REPRESENTATION_CONTEXT('','RMR_V1_C_ZEONEX-K26R_1.535_56'));
#12=CARTESIAN_POINT('',(0.,0.,0.));
#13=DIRECTION('',(0.,0.,1.));
#14=DIRECTION('',(1.,0.,0.));
#15=AXIS2_PLACEMENT_3D('',#12,#13,#14);
#26=(NAMED_UNIT(*)PLANE_ANGLE_UNIT()SI_UNIT($,.RADIAN.));
#27=PLANE_ANGLE_MEASURE_WITH_UNIT(PLANE_ANGLE_MEASURE(0.0174532925),#26);
#28=(CONVERSION_BASED_UNIT('DEGREE',#27)NAMED_UNIT(#29)PLANE_ANGLE_UNIT());
#29=DIMENSIONAL_EXPONENTS(0.,0.,0.,0.,0.,0.,0.);
#30=(NAMED_UNIT(*)SI_UNIT($,.STERADIAN.)SOLID_ANGLE_UNIT());
#31=(LENGTH_UNIT()NAMED_UNIT(*)SI_UNIT(.MILLI.,.METRE.));
#32=UNCERTAINTY_MEASURE_WITH_UNIT(LENGTH_MEASURE(1.000000E-05),#31,'DISTANCE_ACCURACY_VALUE','Maximum Tolerance applied to model');
#33=(GEOMETRIC_REPRESENTATION_CONTEXT(3)GLOBAL_UNCERTAINTY_ASSIGNED_CONTEXT((#32))GLOBAL_UNIT_ASSIGNED_CONTEXT((#31,#28,#30))REPRESENTATION_CONTEXT('','surfaces 3,4'));
#45=CARTESIAN_POINT('',(0.,0.,0.));
#46=DIRECTION('',(0.,0.,1.));
#47=DIRECTION('',(1.,0.,-0.));
#48=AXIS2_PLACEMENT_3D('',#45,#46,#47);
#49=ITEM_DEFINED_TRANSFORMATION('','',#48,#15);
#50=(REPRESENTATION_RELATIONSHIP('','',#35,#16)REPRESENTATION_RELATIONSHIP_WITH_TRANSFORMATION(#49)SHAPE_REPRESENTATION_RELATIONSHIP());
#51=NEXT_ASSEMBLY_USAGE_OCCURRENCE('surfaces 3,4_1','surfaces 3,4','surfaces 3,4',#25,#44,$);
#52=PRODUCT_DEFINITION_SHAPE('','',#51);
#53=CONTEXT_DEPENDENT_SHAPE_REPRESENTATION(#50,#52);
#55=CARTESIAN_POINT('',(3.8,2.7,2.55));
#56=DIRECTION('',(0.,0.,1.));
#57=DIRECTION('',(1.,0.,0.));
#58=AXIS2_PLACEMENT_3D('',#55,#56,#57);
#59=PLANE('',#58);
#60=CARTESIAN_POINT('',(10.193500449,4.65,2.55));
#61=VERTEX_POINT('',#60);
#62=CARTESIAN_POINT('',(8.160610519,4.65,2.55));
#63=VERTEX_POINT('',#62);
#64=CARTESIAN_POINT('',(10.193500449,4.65,2.55));
#65=DIRECTION('',(-1.,-0.,0.));
#66=VECTOR('',#65,2.03288993);
#67=LINE('',#64,#66);
#68=EDGE_CURVE('',#61,#63,#67,.T.);
#69=ORIENTED_EDGE('',*,*,#68,.F.);
#70=CARTESIAN_POINT('',(10.193464149,-4.65,2.55));
#71=VERTEX_POINT('',#70);
#72=CARTESIAN_POINT('',(10.193500448,4.650000002,2.55));
#73=CARTESIAN_POINT('',(10.320887498,3.881197534,2.55));
#74=CARTESIAN_POINT('',(10.41698357,3.108957441,2.55));
#75=CARTESIAN_POINT('',(10.481258964,2.33322153,2.55));
#76=CARTESIAN_POINT('',(10.545534358,1.557485619,2.55));
#77=CARTESIAN_POINT('',(10.577864169,0.778158616,2.55));
#78=CARTESIAN_POINT('',(10.577861594,0.000016324,2.55));
#79=CARTESIAN_POINT('',(10.57785902,-0.778125968,2.55));
#80=CARTESIAN_POINT('',(10.545526367,-1.557423804,2.55));
#81=CARTESIAN_POINT('',(10.48124384,-2.333184976,2.55));
#82=CARTESIAN_POINT('',(10.416961314,-3.108946149,2.55));
#83=CARTESIAN_POINT('',(10.320857138,-3.881198239,2.55));
#84=CARTESIAN_POINT('',(10.193464149,-4.650000002,2.55));
#85=B_SPLINE_CURVE_WITH_KNOTS('',3,(#72,#73,#74,#75,#76,#77,#78,#79,#80,#81,#82,#83,#84),.UNSPECIFIED.,.F.,.F.,(4,3,3,3,4),(0.,0.002334347,0.004668694,0.007003041,0.009337388),.UNSPECIFIED.);
#86=EDGE_CURVE('',#61,#71,#85,.T.);
#87=ORIENTED_EDGE('',*,*,#86,.T.);
#88=CARTESIAN_POINT('',(8.160573323,-4.65,2.55));
#89=VERTEX_POINT('',#88);
#90=CARTESIAN_POINT('',(8.160573323,-4.65,2.55));
#91=DIRECTION('',(1.,0.,-0.));
#92=VECTOR('',#91,2.032890826);
#93=LINE('',#90,#92);
#94=EDGE_CURVE('',#89,#71,#93,.T.);
#95=ORIENTED_EDGE('',*,*,#94,.F.);
#96=CARTESIAN_POINT('',(8.160573322,-4.650000002,2.55));
#97=CARTESIAN_POINT('',(8.421883304,-3.111008126,2.55));
#98=CARTESIAN_POINT('',(8.554513773,-1.560324983,2.55));
#99=CARTESIAN_POINT('',(8.554492957,0.000476054,2.55));
#100=CARTESIAN_POINT('',(8.55447214,1.561277091,2.55));
#101=CARTESIAN_POINT('',(8.421907369,3.111012325,2.55));
#102=CARTESIAN_POINT('',(8.160610518,4.650000002,2.55));
#103=B_SPLINE_CURVE_WITH_KNOTS('',3,(#96,#97,#98,#99,#100,#101,#102),.UNSPECIFIED.,.F.,.F.,(4,3,4),(0.,0.00466714,0.00933428),.UNSPECIFIED.);
#104=EDGE_CURVE('',#89,#63,#103,.T.);
#105=ORIENTED_EDGE('',*,*,#104,.T.);
#106=EDGE_LOOP('',(#69,#87,#95,#105));
#107=FACE_BOUND('',#106,.T.);
#108=ADVANCED_FACE('',(#107),#59,.F.);
#109=CARTESIAN_POINT('',(10.067687969,-5.400001017,2.384233704));
#110=CARTESIAN_POINT('',(10.067139711,-5.400001017,2.395416488));
#111=CARTESIAN_POINT('',(10.066584698,-5.400001017,2.406597076));
#112=CARTESIAN_POINT('',(10.061690264,-5.400001017,2.50399043));
#113=CARTESIAN_POINT('',(10.056956142,-5.400001017,2.590074948));
#114=CARTESIAN_POINT('',(10.04669086,-5.400001017,2.761985013));
#115=CARTESIAN_POINT('',(10.041159711,-5.400001017,2.847810561));
#116=CARTESIAN_POINT('',(10.029306221,-5.400001017,3.019204586));
#117=CARTESIAN_POINT('',(10.016661554,-5.400001017,3.19034154));
#118=CARTESIAN_POINT('',(10.002446111,-5.400001017,3.360968119));
#119=CARTESIAN_POINT('',(9.987451034,-5.400001017,3.53134138));
#120=CARTESIAN_POINT('',(9.97167632,-5.400001017,3.701461321));
#121=CARTESIAN_POINT('',(9.954353736,-5.400001017,3.871078329));
#122=CARTESIAN_POINT('',(9.936262883,-5.400001017,4.040445712));
#123=CARTESIAN_POINT('',(9.917403747,-5.400001017,4.209563463));
#124=CARTESIAN_POINT('',(9.897019283,-5.400001017,4.378185605));
#125=CARTESIAN_POINT('',(9.875877713,-5.400001017,4.54656175));
#126=CARTESIAN_POINT('',(9.864928378,-5.400001017,4.630626823));
#127=CARTESIAN_POINT('',(9.842278122,-5.400001017,4.798512765));
#128=CARTESIAN_POINT('',(9.830577202,-5.400001017,4.882333634));
#129=CARTESIAN_POINT('',(9.806429242,-5.400001017,5.049732943));
#130=CARTESIAN_POINT('',(9.781535173,-5.400001017,5.216889826));
#131=CARTESIAN_POINT('',(9.741971996,-5.400001017,5.466903155));
#132=CARTESIAN_POINT('',(9.714125918,-5.400001017,5.633100872));
#133=CARTESIAN_POINT('',(9.685549866,-5.400001017,5.799061407));
#134=CARTESIAN_POINT('',(9.656243828,-5.400001017,5.964784754));
#135=CARTESIAN_POINT('',(9.625488404,-5.400001017,6.130037167));
#136=CARTESIAN_POINT('',(9.594013524,-5.400001017,6.295055816));
#137=CARTESIAN_POINT('',(9.561819189,-5.400001017,6.459840699));
#138=CARTESIAN_POINT('',(9.511384899,-5.400001017,6.706321789));
#139=CARTESIAN_POINT('',(9.458823264,-5.400001017,6.952111664));
#140=CARTESIAN_POINT('',(9.404149587,-5.400001017,7.197215294));
#141=CARTESIAN_POINT('',(9.347379026,-5.400001017,7.441637605));
#142=CARTESIAN_POINT('',(9.288526612,-5.400001017,7.685383481));
#143=CARTESIAN_POINT('',(9.227607229,-5.400001017,7.928457758));
#144=CARTESIAN_POINT('',(9.164635624,-5.400001017,8.170865228));
#145=CARTESIAN_POINT('',(9.099626407,-5.400001017,8.412610638));
#146=CARTESIAN_POINT('',(9.032594051,-5.400001017,8.65369869));
#147=CARTESIAN_POINT('',(8.963552886,-5.400001017,8.894134041));
#148=CARTESIAN_POINT('',(8.892517108,-5.400001017,9.133921302));
#149=CARTESIAN_POINT('',(8.819500772,-5.400001017,9.373065041));
#150=CARTESIAN_POINT('',(8.744517793,-5.400001017,9.611569779));
#151=CARTESIAN_POINT('',(8.667581953,-5.400001017,9.849439994));
#152=CARTESIAN_POINT('',(8.614998578,-5.400001017,10.007600076));
#153=CARTESIAN_POINT('',(8.561773295,-5.400001017,10.16555159));
#154=CARTESIAN_POINT('',(8.5348397,-5.400001017,10.244423062));
#155=CARTESIAN_POINT('',(8.506181213,-5.400001017,10.327255244));
#156=CARTESIAN_POINT('',(8.504774198,-5.400001017,10.331319238));
#157=CARTESIAN_POINT('',(8.503366335,-5.400001017,10.335382956));
#158=CARTESIAN_POINT('',(10.077162075,-5.349981666,2.387312028));
#159=CARTESIAN_POINT('',(10.076613596,-5.349981666,2.398494739));
#160=CARTESIAN_POINT('',(10.076058362,-5.349981666,2.409675256));
#161=CARTESIAN_POINT('',(10.071162012,-5.349981666,2.507067987));
#162=CARTESIAN_POINT('',(10.066426231,-5.349981666,2.593151966));
#163=CARTESIAN_POINT('',(10.056157689,-5.349981666,2.765060972));
#164=CARTESIAN_POINT('',(10.050624948,-5.349981666,2.850886003));
#165=CARTESIAN_POINT('',(10.038768334,-5.349981666,3.022279013));
#166=CARTESIAN_POINT('',(10.026120613,-5.349981666,3.193414975));
#167=CARTESIAN_POINT('',(10.011902247,-5.349981666,3.364040604));
#168=CARTESIAN_POINT('',(9.996904316,-5.349981666,3.534412938));
#169=CARTESIAN_POINT('',(9.981126815,-5.349981666,3.704531973));
#170=CARTESIAN_POINT('',(9.963801574,-5.349981666,3.874148118));
#171=CARTESIAN_POINT('',(9.945708138,-5.349981666,4.043514661));
#172=CARTESIAN_POINT('',(9.926846478,-5.349981666,4.212631592));
#173=CARTESIAN_POINT('',(9.906459627,-5.349981666,4.381252959));
#174=CARTESIAN_POINT('',(9.885315738,-5.349981666,4.54962835));
#175=CARTESIAN_POINT('',(9.874365276,-5.349981666,4.633693057));
#176=CARTESIAN_POINT('',(9.851712832,-5.349981666,4.801578289));
#177=CARTESIAN_POINT('',(9.840010854,-5.349981666,4.885398813));
#178=CARTESIAN_POINT('',(9.815860838,-5.349981666,5.052797454));
#179=CARTESIAN_POINT('',(9.790964784,-5.349981666,5.219953692));
#180=CARTESIAN_POINT('',(9.751398826,-5.349981666,5.469966118));
#181=CARTESIAN_POINT('',(9.723551025,-5.349981666,5.636163275));
#182=CARTESIAN_POINT('',(9.694973323,-5.349981666,5.802123274));
#183=CARTESIAN_POINT('',(9.665665695,-5.349981666,5.967846105));
#184=CARTESIAN_POINT('',(9.634908817,-5.349981666,6.133098045));
#185=CARTESIAN_POINT('',(9.603432551,-5.349981666,6.298116244));
#186=CARTESIAN_POINT('',(9.571236894,-5.349981666,6.462900697));
#187=CARTESIAN_POINT('',(9.520800822,-5.349981666,6.709381208));
#188=CARTESIAN_POINT('',(9.468237605,-5.349981666,6.955170568));
#189=CARTESIAN_POINT('',(9.413562546,-5.349981666,7.200273749));
#190=CARTESIAN_POINT('',(9.356790802,-5.349981666,7.444695676));
#191=CARTESIAN_POINT('',(9.297937404,-5.349981666,7.688441233));
#192=CARTESIAN_POINT('',(9.237017236,-5.349981666,7.931515255));
#193=CARTESIAN_POINT('',(9.174045046,-5.349981666,8.173922535));
#194=CARTESIAN_POINT('',(9.109035444,-5.349981666,8.41566782));
#195=CARTESIAN_POINT('',(9.042002902,-5.349981666,8.656755811));
#196=CARTESIAN_POINT('',(8.972961751,-5.349981666,8.897191166));
#197=CARTESIAN_POINT('',(8.901926187,-5.349981666,9.136978497));
#198=CARTESIAN_POINT('',(8.828910263,-5.349981666,9.37612237));
#199=CARTESIAN_POINT('',(8.753927896,-5.349981666,9.614627307));
#200=CARTESIAN_POINT('',(8.676992867,-5.349981666,9.852497785));
#201=CARTESIAN_POINT('',(8.624410167,-5.349981666,10.010658086));
#202=CARTESIAN_POINT('',(8.571185624,-5.349981666,10.168609841));
#203=CARTESIAN_POINT('',(8.544252433,-5.349981666,10.247481444));
#204=CARTESIAN_POINT('',(8.515594405,-5.349981666,10.330313776));
#205=CARTESIAN_POINT('',(8.514187413,-5.349981666,10.334377777));
#206=CARTESIAN_POINT('',(8.512779573,-5.349981666,10.338441503));
#207=CARTESIAN_POINT('',(10.086503267,-5.299962316,2.390347165));
#208=CARTESIAN_POINT('',(10.085954571,-5.299962316,2.401529806));
#209=CARTESIAN_POINT('',(10.08539912,-5.299962316,2.412710252));
#210=CARTESIAN_POINT('',(10.080500891,-5.299962316,2.510102373));
#211=CARTESIAN_POINT('',(10.075763462,-5.299962316,2.596185817));
#212=CARTESIAN_POINT('',(10.065491712,-5.299962316,2.76809378));
#213=CARTESIAN_POINT('',(10.059957398,-5.299962316,2.8539183));
#214=CARTESIAN_POINT('',(10.048097702,-5.299962316,3.025310308));
#215=CARTESIAN_POINT('',(10.03544697,-5.299962316,3.196445292));
#216=CARTESIAN_POINT('',(10.021225725,-5.299962316,3.367069986));
#217=CARTESIAN_POINT('',(10.006224976,-5.299962316,3.537441404));
#218=CARTESIAN_POINT('',(9.990444727,-5.299962316,3.707559546));
#219=CARTESIAN_POINT('',(9.973116871,-5.299962316,3.877174841));
#220=CARTESIAN_POINT('',(9.955020881,-5.299962316,4.046540554));
#221=CARTESIAN_POINT('',(9.936156741,-5.299962316,4.21565668));
#222=CARTESIAN_POINT('',(9.915767526,-5.299962316,4.384277279));
#223=CARTESIAN_POINT('',(9.89462136,-5.299962316,4.55265193));
#224=CARTESIAN_POINT('',(9.883669784,-5.299962316,4.636716275));
#225=CARTESIAN_POINT('',(9.861015178,-5.299962316,4.804600804));
#226=CARTESIAN_POINT('',(9.849312155,-5.299962316,4.888420989));
#227=CARTESIAN_POINT('',(9.82516012,-5.299962316,5.055818974));
#228=CARTESIAN_POINT('',(9.800262102,-5.299962316,5.222974574));
#229=CARTESIAN_POINT('',(9.760693404,-5.299962316,5.472986109));
#230=CARTESIAN_POINT('',(9.732843908,-5.299962316,5.639182716));
#231=CARTESIAN_POINT('',(9.704264572,-5.299962316,5.805142184));
#232=CARTESIAN_POINT('',(9.674955381,-5.299962316,5.970864507));
#233=CARTESIAN_POINT('',(9.644197069,-5.299962316,6.136115981));
#234=CARTESIAN_POINT('',(9.612719434,-5.299962316,6.301133735));
#235=CARTESIAN_POINT('',(9.580522475,-5.299962316,6.465917765));
#236=CARTESIAN_POINT('',(9.530084645,-5.299962316,6.712397705));
#237=CARTESIAN_POINT('',(9.477519869,-5.299962316,6.958186559));
#238=CARTESIAN_POINT('',(9.422843446,-5.299962316,7.203289297));
#239=CARTESIAN_POINT('',(9.366070536,-5.299962316,7.447710845));
#240=CARTESIAN_POINT('',(9.307216167,-5.299962316,7.691456086));
#241=CARTESIAN_POINT('',(9.246295226,-5.299962316,7.934529857));
#242=CARTESIAN_POINT('',(9.183322459,-5.299962316,8.176936949));
#243=CARTESIAN_POINT('',(9.118312477,-5.299962316,8.41868211));
#244=CARTESIAN_POINT('',(9.051279751,-5.299962316,8.659770042));
#245=CARTESIAN_POINT('',(8.982238614,-5.299962316,8.900205401));
#246=CARTESIAN_POINT('',(8.911203261,-5.299962316,9.139992801));
#247=CARTESIAN_POINT('',(8.838187743,-5.299962316,9.379136806));
#248=CARTESIAN_POINT('',(8.763205981,-5.299962316,9.617641939));
#249=CARTESIAN_POINT('',(8.686271751,-5.299962316,9.855512677));
#250=CARTESIAN_POINT('',(8.633689715,-5.299962316,10.013673194));
#251=CARTESIAN_POINT('',(8.580465904,-5.299962316,10.171625187));
#252=CARTESIAN_POINT('',(8.553533113,-5.299962316,10.25049692));
#253=CARTESIAN_POINT('',(8.524875536,-5.299962316,10.333329398));
#254=CARTESIAN_POINT('',(8.523468566,-5.299962316,10.337393407));
#255=CARTESIAN_POINT('',(8.522060748,-5.299962316,10.341457139));
#256=CARTESIAN_POINT('',(10.107217805,-5.18744234,2.397077726));
#257=CARTESIAN_POINT('',(10.106668625,-5.18744234,2.40826021));
#258=CARTESIAN_POINT('',(10.106112692,-5.18744234,2.4194405));
#259=CARTESIAN_POINT('',(10.101210265,-5.18744234,2.516831256));
#260=CARTESIAN_POINT('',(10.096469207,-5.18744234,2.602913521));
#261=CARTESIAN_POINT('',(10.086190345,-5.18744234,2.774819173));
#262=CARTESIAN_POINT('',(10.080652531,-5.18744234,2.860642556));
#263=CARTESIAN_POINT('',(10.068786024,-5.18744234,3.032032351));
#264=CARTESIAN_POINT('',(10.056128598,-5.18744234,3.20316516));
#265=CARTESIAN_POINT('',(10.041900967,-5.18744234,3.373787779));
#266=CARTESIAN_POINT('',(10.026893978,-5.18744234,3.54415717));
#267=CARTESIAN_POINT('',(10.011107628,-5.18744234,3.71427333));
#268=CARTESIAN_POINT('',(9.993773976,-5.18744234,3.883886741));
#269=CARTESIAN_POINT('',(9.975672317,-5.18744234,4.053250613));
#270=CARTESIAN_POINT('',(9.956802667,-5.18744234,4.222364948));
#271=CARTESIAN_POINT('',(9.936408249,-5.18744234,4.390983856));
#272=CARTESIAN_POINT('',(9.915256983,-5.18744234,4.55935685));
#273=CARTESIAN_POINT('',(9.904302949,-5.18744234,4.643420397));
#274=CARTESIAN_POINT('',(9.881643574,-5.18744234,4.811303376));
#275=CARTESIAN_POINT('',(9.869938226,-5.18744234,4.895122806));
#276=CARTESIAN_POINT('',(9.845781699,-5.18744234,5.062519332));
#277=CARTESIAN_POINT('',(9.820879337,-5.18744234,5.22967352));
#278=CARTESIAN_POINT('',(9.781304556,-5.18744234,5.479683079));
#279=CARTESIAN_POINT('',(9.753451306,-5.18744234,5.645878465));
#280=CARTESIAN_POINT('',(9.724868344,-5.18744234,5.811836755));
#281=CARTESIAN_POINT('',(9.695555689,-5.18744234,5.977557952));
#282=CARTESIAN_POINT('',(9.664794195,-5.18744234,6.142808393));
#283=CARTESIAN_POINT('',(9.633313525,-5.18744234,6.307825161));
#284=CARTESIAN_POINT('',(9.601113679,-5.18744234,6.472608252));
#285=CARTESIAN_POINT('',(9.550671955,-5.18744234,6.719086927));
#286=CARTESIAN_POINT('',(9.498103717,-5.18744234,6.964874656));
#287=CARTESIAN_POINT('',(9.443424265,-5.18744234,7.20997641));
#288=CARTESIAN_POINT('',(9.38664877,-5.18744234,7.454397118));
#289=CARTESIAN_POINT('',(9.327792251,-5.18744234,7.698141661));
#290=CARTESIAN_POINT('',(9.266869594,-5.18744234,7.941214874));
#291=CARTESIAN_POINT('',(9.203895549,-5.18744234,8.183621551));
#292=CARTESIAN_POINT('',(9.138884725,-5.18744234,8.425366439));
#293=CARTESIAN_POINT('',(9.071851593,-5.18744234,8.666454239));
#294=CARTESIAN_POINT('',(9.002810484,-5.18744234,8.906889607));
#295=CARTESIAN_POINT('',(8.931775593,-5.18744234,9.146677157));
#296=CARTESIAN_POINT('',(8.858760978,-5.18744234,9.385821455));
#297=CARTESIAN_POINT('',(8.783780555,-5.18744234,9.624327023));
#298=CARTESIAN_POINT('',(8.706848103,-5.18744234,9.862198339));
#299=CARTESIAN_POINT('',(8.65426754,-5.18744234,10.020359335));
#300=CARTESIAN_POINT('',(8.601045349,-5.18744234,10.178311854));
#301=CARTESIAN_POINT('',(8.574113437,-5.18744234,10.257183873));
#302=CARTESIAN_POINT('',(8.545456868,-5.18744234,10.340016678));
#303=CARTESIAN_POINT('',(8.544049948,-5.18744234,10.344080703));
#304=CARTESIAN_POINT('',(8.542642179,-5.18744234,10.348144452));
#305=CARTESIAN_POINT('',(10.1185166,-5.124941715,2.400748927));
#306=CARTESIAN_POINT('',(10.117967157,-5.124941715,2.411931326));
#307=CARTESIAN_POINT('',(10.117410961,-5.124941715,2.42311153));
#308=CARTESIAN_POINT('',(10.112506248,-5.124941715,2.520501544));
#309=CARTESIAN_POINT('',(10.10776321,-5.124941715,2.606583165));
#310=CARTESIAN_POINT('',(10.097480462,-5.124941715,2.778487555));
#311=CARTESIAN_POINT('',(10.091940752,-5.124941715,2.864310321));
#312=CARTESIAN_POINT('',(10.080070509,-5.124941715,3.035698903));
#313=CARTESIAN_POINT('',(10.06740945,-5.124941715,3.206830531));
#314=CARTESIAN_POINT('',(10.053178322,-5.124941715,3.377452014));
#315=CARTESIAN_POINT('',(10.038167939,-5.124941715,3.547820302));
#316=CARTESIAN_POINT('',(10.022378256,-5.124941715,3.717935379));
#317=CARTESIAN_POINT('',(10.005041438,-5.124941715,3.887547761));
#318=CARTESIAN_POINT('',(9.986936696,-5.124941715,4.056910632));
#319=CARTESIAN_POINT('',(9.968064038,-5.124941715,4.226023989));
#320=CARTESIAN_POINT('',(9.947666765,-5.124941715,4.39464197));
#321=CARTESIAN_POINT('',(9.926512745,-5.124941715,4.563014069));
#322=CARTESIAN_POINT('',(9.915557366,-5.124941715,4.647077178));
#323=CARTESIAN_POINT('',(9.892895369,-5.124941715,4.814959306));
#324=CARTESIAN_POINT('',(9.881188762,-5.124941715,4.898778327));
#325=CARTESIAN_POINT('',(9.857029788,-5.124941715,5.066174057));
#326=CARTESIAN_POINT('',(9.832125053,-5.124941715,5.233327475));
#327=CARTESIAN_POINT('',(9.792546957,-5.124941715,5.483335956));
#328=CARTESIAN_POINT('',(9.764691653,-5.124941715,5.649530675));
#329=CARTESIAN_POINT('',(9.73610672,-5.124941715,5.815488325));
#330=CARTESIAN_POINT('',(9.706792169,-5.124941715,5.981208906));
#331=CARTESIAN_POINT('',(9.676028942,-5.124941715,6.146458784));
#332=CARTESIAN_POINT('',(9.644546616,-5.124941715,6.311475013));
#333=CARTESIAN_POINT('',(9.612345193,-5.124941715,6.476257593));
#334=CARTESIAN_POINT('',(9.561901342,-5.124941715,6.722735576));
#335=CARTESIAN_POINT('',(9.509331217,-5.124941715,6.968522692));
#336=CARTESIAN_POINT('',(9.454650121,-5.124941715,7.213623912));
#337=CARTESIAN_POINT('',(9.397873212,-5.124941715,7.458044161));
#338=CARTESIAN_POINT('',(9.339015517,-5.124941715,7.701788321));
#339=CARTESIAN_POINT('',(9.278091926,-5.124941715,7.944861231));
#340=CARTESIAN_POINT('',(9.215117184,-5.124941715,8.187267682));
#341=CARTESIAN_POINT('',(9.150105898,-5.124941715,8.429012419));
#342=CARTESIAN_POINT('',(9.083072544,-5.124941715,8.670100147));
#343=CARTESIAN_POINT('',(9.014031452,-5.124941715,8.910535521));
#344=CARTESIAN_POINT('',(8.942996819,-5.124941715,9.150323154));
#345=CARTESIAN_POINT('',(8.869982696,-5.124941715,9.389467612));
#346=CARTESIAN_POINT('',(8.795003002,-5.124941715,9.627973417));
#347=CARTESIAN_POINT('',(8.718071516,-5.124941715,9.865845047));
#348=CARTESIAN_POINT('',(8.665491758,-5.124941715,10.024006304));
#349=CARTESIAN_POINT('',(8.61227045,-5.124941715,10.18195911));
#350=CARTESIAN_POINT('',(8.585339021,-5.124941715,10.260831286));
#351=CARTESIAN_POINT('',(8.556682999,-5.124941715,10.343664269));
#352=CARTESIAN_POINT('',(8.555276106,-5.124941715,10.347728303));
#353=CARTESIAN_POINT('',(8.553868365,-5.124941715,10.35179206));
#354=CARTESIAN_POINT('',(10.140699879,-4.999940465,2.407956712));
#355=CARTESIAN_POINT('',(10.140149919,-4.999940465,2.419138942));
#356=CARTESIAN_POINT('',(10.139593208,-4.999940465,2.430318979));
#357=CARTESIAN_POINT('',(10.134684024,-4.999940465,2.52770754));
#358=CARTESIAN_POINT('',(10.129937085,-4.999940465,2.613787894));
#359=CARTESIAN_POINT('',(10.119646702,-4.999940465,2.785689803));
#360=CARTESIAN_POINT('',(10.114103259,-4.999940465,2.871511356));
#361=CARTESIAN_POINT('',(10.102225707,-4.999940465,3.042897563));
#362=CARTESIAN_POINT('',(10.089557482,-4.999940465,3.214026863));
#363=CARTESIAN_POINT('',(10.07531953,-4.999940465,3.384646129));
#364=CARTESIAN_POINT('',(10.060302436,-4.999940465,3.555012236));
#365=CARTESIAN_POINT('',(10.044506243,-4.999940465,3.725125198));
#366=CARTESIAN_POINT('',(10.027163201,-4.999940465,3.894735558));
#367=CARTESIAN_POINT('',(10.0090524,-4.999940465,4.064096459));
#368=CARTESIAN_POINT('',(9.990173838,-4.999940465,4.233207899));
#369=CARTESIAN_POINT('',(9.969770972,-4.999940465,4.401824062));
#370=CARTESIAN_POINT('',(9.948611519,-4.999940465,4.570194396));
#371=CARTESIAN_POINT('',(9.937653494,-4.999940465,4.654256645));
#372=CARTESIAN_POINT('',(9.914986386,-4.999940465,4.822137113));
#373=CARTESIAN_POINT('',(9.903277292,-4.999940465,4.905955325));
#374=CARTESIAN_POINT('',(9.879113504,-4.999940465,5.073349492));
#375=CARTESIAN_POINT('',(9.85420412,-4.999940465,5.240501398));
#376=CARTESIAN_POINT('',(9.81461951,-4.999940465,5.490507763));
#377=CARTESIAN_POINT('',(9.786760172,-4.999940465,5.656701172));
#378=CARTESIAN_POINT('',(9.75817137,-4.999940465,5.822657564));
#379=CARTESIAN_POINT('',(9.7288531,-4.999940465,5.988376937));
#380=CARTESIAN_POINT('',(9.698086466,-4.999940465,6.153625708));
#381=CARTESIAN_POINT('',(9.666600892,-4.999940465,6.318640882));
#382=CARTESIAN_POINT('',(9.634396375,-4.999940465,6.483422456));
#383=CARTESIAN_POINT('',(9.583948352,-4.999940465,6.729899084));
#384=CARTESIAN_POINT('',(9.53137452,-4.999940465,6.975684996));
#385=CARTESIAN_POINT('',(9.47669018,-4.999940465,7.220785161));
#386=CARTESIAN_POINT('',(9.419910501,-4.999940465,7.46520451));
#387=CARTESIAN_POINT('',(9.361050504,-4.999940465,7.708947922));
#388=CARTESIAN_POINT('',(9.300125075,-4.999940465,7.952020235));
#389=CARTESIAN_POINT('',(9.237148961,-4.999940465,8.19442624));
#390=CARTESIAN_POINT('',(9.172136776,-4.999940465,8.436170685));
#391=CARTESIAN_POINT('',(9.105102986,-4.999940465,8.677258271));
#392=CARTESIAN_POINT('',(9.036061925,-4.999940465,8.917693655));
#393=CARTESIAN_POINT('',(8.965027786,-4.999940465,9.157481449));
#394=CARTESIAN_POINT('',(8.892014629,-4.999940465,9.396626221));
#395=CARTESIAN_POINT('',(8.817036369,-4.999940465,9.635132493));
#396=CARTESIAN_POINT('',(8.740106787,-4.999940465,9.873004741));
#397=CARTESIAN_POINT('',(8.687528607,-4.999940465,10.031166511));
#398=CARTESIAN_POINT('',(8.634309034,-4.999940465,10.18911988));
#399=CARTESIAN_POINT('',(8.607378551,-4.999940465,10.267992364));
#400=CARTESIAN_POINT('',(8.578723604,-4.999940465,10.350825696));
#401=CARTESIAN_POINT('',(8.577316764,-4.999940465,10.354889747));
#402=CARTESIAN_POINT('',(8.575909076,-4.999940465,10.358953522));
#403=CARTESIAN_POINT('',(10.151584367,-4.93743984,2.411493296));
#404=CARTESIAN_POINT('',(10.151034153,-4.93743984,2.422675444));
#405=CARTESIAN_POINT('',(10.150477188,-4.93743984,2.433855398));
#406=CARTESIAN_POINT('',(10.145565799,-4.93743984,2.531243243));
#407=CARTESIAN_POINT('',(10.140816952,-4.93743984,2.617322977));
#408=CARTESIAN_POINT('',(10.130522831,-4.93743984,2.789223671));
#409=CARTESIAN_POINT('',(10.124977554,-4.93743984,2.875044629));
#410=CARTESIAN_POINT('',(10.113096412,-4.93743984,3.046429669));
#411=CARTESIAN_POINT('',(10.100424681,-4.93743984,3.21755783));
#412=CARTESIAN_POINT('',(10.086183356,-4.93743984,3.388175999));
#413=CARTESIAN_POINT('',(10.071163001,-4.93743984,3.558541047));
#414=CARTESIAN_POINT('',(10.055363586,-4.93743984,3.728652962));
#415=CARTESIAN_POINT('',(10.038017503,-4.93743984,3.898262335));
#416=CARTESIAN_POINT('',(10.019903723,-4.93743984,4.067622268));
#417=CARTESIAN_POINT('',(10.001022267,-4.93743984,4.236732767));
#418=CARTESIAN_POINT('',(9.980616659,-4.93743984,4.405348039));
#419=CARTESIAN_POINT('',(9.959454534,-4.93743984,4.573717505));
#420=CARTESIAN_POINT('',(9.948495218,-4.93743984,4.657779335));
#421=CARTESIAN_POINT('',(9.925825596,-4.93743984,4.825658985));
#422=CARTESIAN_POINT('',(9.914115281,-4.93743984,4.909476801));
#423=CARTESIAN_POINT('',(9.889949137,-4.93743984,5.076870202));
#424=CARTESIAN_POINT('',(9.865037465,-4.93743984,5.244021365));
#425=CARTESIAN_POINT('',(9.825449662,-4.93743984,5.494026693));
#426=CARTESIAN_POINT('',(9.797588346,-4.93743984,5.660219459));
#427=CARTESIAN_POINT('',(9.768997643,-4.93743984,5.826175234));
#428=CARTESIAN_POINT('',(9.73967755,-4.93743984,5.991894014));
#429=CARTESIAN_POINT('',(9.708909242,-4.93743984,6.157142241));
#430=CARTESIAN_POINT('',(9.677422076,-4.93743984,6.322156898));
#431=CARTESIAN_POINT('',(9.645216037,-4.93743984,6.486937977));
#432=CARTESIAN_POINT('',(9.594765966,-4.93743984,6.73341394));
#433=CARTESIAN_POINT('',(9.542190315,-4.93743984,6.979199261));
#434=CARTESIAN_POINT('',(9.48750439,-4.93743984,7.224298911));
#435=CARTESIAN_POINT('',(9.43072335,-4.93743984,7.468717817));
#436=CARTESIAN_POINT('',(9.371862221,-4.93743984,7.712460862));
#437=CARTESIAN_POINT('',(9.310935891,-4.93743984,7.955532882));
#438=CARTESIAN_POINT('',(9.247959103,-4.93743984,8.197938668));
#439=CARTESIAN_POINT('',(9.182946473,-4.93743984,8.439682969));
#440=CARTESIAN_POINT('',(9.11591247,-4.93743984,8.680770485));
#441=CARTESIAN_POINT('',(9.046871425,-4.93743984,8.921205875));
#442=CARTESIAN_POINT('',(8.975837535,-4.93743984,9.16099375));
#443=CARTESIAN_POINT('',(8.902824852,-4.93743984,9.400138675));
#444=CARTESIAN_POINT('',(8.827847295,-4.93743984,9.638645175));
#445=CARTESIAN_POINT('',(8.750918641,-4.93743984,9.876517725));
#446=CARTESIAN_POINT('',(8.69834124,-4.93743984,10.034679748));
#447=CARTESIAN_POINT('',(8.645122514,-4.93743984,10.192633393));
#448=CARTESIAN_POINT('',(8.618192498,-4.93743984,10.271506028));
#449=CARTESIAN_POINT('',(8.589538079,-4.93743984,10.354339532));
#450=CARTESIAN_POINT('',(8.588131264,-4.93743984,10.358403591));
#451=CARTESIAN_POINT('',(8.586723602,-4.93743984,10.362467374));
#452=CARTESIAN_POINT('',(10.17293942,-4.81243859,2.418431973));
#453=CARTESIAN_POINT('',(10.172388707,-4.81243859,2.429613959));
#454=CARTESIAN_POINT('',(10.171831245,-4.81243859,2.440793752));
#455=CARTESIAN_POINT('',(10.166915531,-4.81243859,2.538180191));
#456=CARTESIAN_POINT('',(10.162162942,-4.81243859,2.624258709));
#457=CARTESIAN_POINT('',(10.151861476,-4.81243859,2.796157017));
#458=CARTESIAN_POINT('',(10.146312605,-4.81243859,2.881976807));
#459=CARTESIAN_POINT('',(10.134424419,-4.81243859,3.053359559));
#460=CARTESIAN_POINT('',(10.121745795,-4.81243859,3.22448548));
#461=CARTESIAN_POINT('',(10.107497893,-4.81243859,3.395101512));
#462=CARTESIAN_POINT('',(10.092471084,-4.81243859,3.565464463));
#463=CARTESIAN_POINT('',(10.076665398,-4.81243859,3.735574341));
#464=CARTESIAN_POINT('',(10.059313316,-4.81243859,3.905181764));
#465=CARTESIAN_POINT('',(10.041193712,-4.81243859,4.074539805));
#466=CARTESIAN_POINT('',(10.022306565,-4.81243859,4.243648455));
#467=CARTESIAN_POINT('',(10.00189557,-4.81243859,4.412261977));
#468=CARTESIAN_POINT('',(9.980728221,-4.81243859,4.580629745));
#469=CARTESIAN_POINT('',(9.969766364,-4.81243859,4.664690749));
#470=CARTESIAN_POINT('',(9.947091799,-4.81243859,4.832568794));
#471=CARTESIAN_POINT('',(9.935379101,-4.81243859,4.916385835));
#472=CARTESIAN_POINT('',(9.911208323,-4.81243859,5.08377773));
#473=CARTESIAN_POINT('',(9.886292172,-4.81243859,5.250927438));
#474=CARTESIAN_POINT('',(9.846698096,-4.81243859,5.500930728));
#475=CARTESIAN_POINT('',(9.818832904,-4.81243859,5.667122234));
#476=CARTESIAN_POINT('',(9.790238467,-4.81243859,5.833076796));
#477=CARTESIAN_POINT('',(9.760914794,-4.81243859,5.998794413));
#478=CARTESIAN_POINT('',(9.730143214,-4.81243859,6.164041576));
#479=CARTESIAN_POINT('',(9.698652909,-4.81243859,6.329055213));
#480=CARTESIAN_POINT('',(9.666443897,-4.81243859,6.493835327));
#481=CARTESIAN_POINT('',(9.615989806,-4.81243859,6.740309984));
#482=CARTESIAN_POINT('',(9.563410588,-4.81243859,6.986094145));
#483=CARTESIAN_POINT('',(9.508721541,-4.81243859,7.231192781));
#484=CARTESIAN_POINT('',(9.451937832,-4.81243859,7.475610821));
#485=CARTESIAN_POINT('',(9.393074486,-4.81243859,7.719353145));
#486=CARTESIAN_POINT('',(9.332146385,-4.81243859,7.962424589));
#487=CARTESIAN_POINT('',(9.269168283,-4.81243859,8.204829948));
#488=CARTESIAN_POINT('',(9.204154784,-4.81243859,8.446573967));
#489=CARTESIAN_POINT('',(9.13712036,-4.81243859,8.687661347));
#490=CARTESIAN_POINT('',(9.068079345,-4.81243859,8.928096746));
#491=CARTESIAN_POINT('',(8.997045931,-4.81243859,9.167884775));
#492=CARTESIAN_POINT('',(8.924034179,-4.81243859,9.407030003));
#493=CARTESIAN_POINT('',(8.849058001,-4.81243859,9.645536951));
#494=CARTESIAN_POINT('',(8.772131181,-4.81243859,9.883410097));
#495=CARTESIAN_POINT('',(8.719555294,-4.81243859,10.041572612));
#496=CARTESIAN_POINT('',(8.666338245,-4.81243859,10.199526802));
#497=CARTESIAN_POINT('',(8.639409133,-4.81243859,10.27839973));
#498=CARTESIAN_POINT('',(8.610755752,-4.81243859,10.361233572));
#499=CARTESIAN_POINT('',(8.609348989,-4.81243859,10.365297647));
#500=CARTESIAN_POINT('',(8.607941378,-4.81243859,10.369361448));
#501=CARTESIAN_POINT('',(10.183409983,-4.749937965,2.421834066));
#502=CARTESIAN_POINT('',(10.182859026,-4.749937965,2.433015972));
#503=CARTESIAN_POINT('',(10.18230132,-4.749937965,2.444195686));
#504=CARTESIAN_POINT('',(10.177383484,-4.749937965,2.541581436));
#505=CARTESIAN_POINT('',(10.172629057,-4.749937965,2.627659356));
#506=CARTESIAN_POINT('',(10.162324,-4.749937965,2.799556497));
#507=CARTESIAN_POINT('',(10.156773358,-4.749937965,2.885375712));
#508=CARTESIAN_POINT('',(10.144881724,-4.749937965,3.056757343));
#509=CARTESIAN_POINT('',(10.13219972,-4.749937965,3.227882166));
#510=CARTESIAN_POINT('',(10.117948584,-4.749937965,3.398497148));
#511=CARTESIAN_POINT('',(10.102918622,-4.749937965,3.568859074));
#512=CARTESIAN_POINT('',(10.087109848,-4.749937965,3.738967948));
#513=CARTESIAN_POINT('',(10.069754837,-4.749937965,3.90857442));
#514=CARTESIAN_POINT('',(10.051632366,-4.749937965,4.077931529));
#515=CARTESIAN_POINT('',(10.032742435,-4.749937965,4.247039274));
#516=CARTESIAN_POINT('',(10.012328804,-4.749937965,4.41565194));
#517=CARTESIAN_POINT('',(9.991158883,-4.749937965,4.584018872));
#518=CARTESIAN_POINT('',(9.98019578,-4.749937965,4.668079472));
#519=CARTESIAN_POINT('',(9.957518801,-4.749937965,4.835956732));
#520=CARTESIAN_POINT('',(9.945804927,-4.749937965,4.919773391));
#521=CARTESIAN_POINT('',(9.92163188,-4.749937965,5.087164549));
#522=CARTESIAN_POINT('',(9.89671353,-4.749937965,5.254313543));
#523=CARTESIAN_POINT('',(9.857116379,-4.749937965,5.504315833));
#524=CARTESIAN_POINT('',(9.829249286,-4.749937965,5.670506722));
#525=CARTESIAN_POINT('',(9.800653019,-4.749937965,5.836460689));
#526=CARTESIAN_POINT('',(9.771327593,-4.749937965,6.002177736));
#527=CARTESIAN_POINT('',(9.740554402,-4.749937965,6.167424376));
#528=CARTESIAN_POINT('',(9.709062566,-4.749937965,6.332437516));
#529=CARTESIAN_POINT('',(9.676852091,-4.749937965,6.497217154));
#530=CARTESIAN_POINT('',(9.626396028,-4.749937965,6.743691171));
#531=CARTESIAN_POINT('',(9.57381506,-4.749937965,6.989474763));
#532=CARTESIAN_POINT('',(9.519124487,-4.749937965,7.234572903));
#533=CARTESIAN_POINT('',(9.462339469,-4.749937965,7.478990517));
#534=CARTESIAN_POINT('',(9.403475032,-4.749937965,7.722732487));
#535=CARTESIAN_POINT('',(9.342546066,-4.749937965,7.965803651));
#536=CARTESIAN_POINT('',(9.279567315,-4.749937965,8.208208799));
#537=CARTESIAN_POINT('',(9.214553388,-4.749937965,8.449952678));
#538=CARTESIAN_POINT('',(9.147518758,-4.749937965,8.691039991));
#539=CARTESIAN_POINT('',(9.078477759,-4.749937965,8.931475395));
#540=CARTESIAN_POINT('',(9.007444584,-4.749937965,9.171263502));
#541=CARTESIAN_POINT('',(8.934433286,-4.749937965,9.410408878));
#542=CARTESIAN_POINT('',(8.859457785,-4.749937965,9.648916046));
#543=CARTESIAN_POINT('',(8.782531861,-4.749937965,9.886789483));
#544=CARTESIAN_POINT('',(8.729956721,-4.749937965,10.044952241));
#545=CARTESIAN_POINT('',(8.67674049,-4.749937965,10.202906696));
#546=CARTESIAN_POINT('',(8.649811827,-4.749937965,10.28177977));
#547=CARTESIAN_POINT('',(8.621158951,-4.749937965,10.364613776));
#548=CARTESIAN_POINT('',(8.619752213,-4.749937965,10.36867786));
#549=CARTESIAN_POINT('',(8.618344628,-4.749937965,10.372741668));
#550=CARTESIAN_POINT('',(10.203937549,-4.624936715,2.428503876));
#551=CARTESIAN_POINT('',(10.203386114,-4.624936715,2.439685627));
#552=CARTESIAN_POINT('',(10.202827931,-4.624936715,2.450865186));
#553=CARTESIAN_POINT('',(10.197905957,-4.624936715,2.548249591));
#554=CARTESIAN_POINT('',(10.193147924,-4.624936715,2.63432634));
#555=CARTESIAN_POINT('',(10.182835789,-4.624936715,2.806221182));
#556=CARTESIAN_POINT('',(10.177281701,-4.624936715,2.892039277));
#557=CARTESIAN_POINT('',(10.165383292,-4.624936715,3.063418706));
#558=CARTESIAN_POINT('',(10.152694669,-4.624936715,3.234541379));
#559=CARTESIAN_POINT('',(10.138437193,-4.624936715,3.4051543));
#560=CARTESIAN_POINT('',(10.123401048,-4.624936715,3.575514218));
#561=CARTESIAN_POINT('',(10.107586224,-4.624936715,3.745621126));
#562=CARTESIAN_POINT('',(10.09022546,-4.624936715,3.915225728));
#563=CARTESIAN_POINT('',(10.072097379,-4.624936715,4.084581015));
#564=CARTESIAN_POINT('',(10.053201984,-4.624936715,4.253686985));
#565=CARTESIAN_POINT('',(10.032783175,-4.624936715,4.422297968));
#566=CARTESIAN_POINT('',(10.011608226,-4.624936715,4.590663267));
#567=CARTESIAN_POINT('',(10.000642678,-4.624936715,4.674723072));
#568=CARTESIAN_POINT('',(9.97796096,-4.624936715,4.842598792));
#569=CARTESIAN_POINT('',(9.966244787,-4.624936715,4.926414704));
#570=CARTESIAN_POINT('',(9.942067285,-4.624936715,5.093804415));
#571=CARTESIAN_POINT('',(9.91714463,-4.624936715,5.260952009));
#572=CARTESIAN_POINT('',(9.877541451,-4.624936715,5.510952341));
#573=CARTESIAN_POINT('',(9.849670622,-4.624936715,5.677142016));
#574=CARTESIAN_POINT('',(9.821070776,-4.624936715,5.84309482));
#575=CARTESIAN_POINT('',(9.791741903,-4.624936715,6.008810748));
#576=CARTESIAN_POINT('',(9.760965558,-4.624936715,6.174056363));
#577=CARTESIAN_POINT('',(9.729470717,-4.624936715,6.339068526));
#578=CARTESIAN_POINT('',(9.697257376,-4.624936715,6.503847233));
#579=CARTESIAN_POINT('',(9.646797453,-4.624936715,6.750319995));
#580=CARTESIAN_POINT('',(9.594213053,-4.624936715,6.996102473));
#581=CARTESIAN_POINT('',(9.539519477,-4.624936715,7.241199637));
#582=CARTESIAN_POINT('',(9.482731895,-4.624936715,7.485616418));
#583=CARTESIAN_POINT('',(9.423865327,-4.624936715,7.729357696));
#584=CARTESIAN_POINT('',(9.362934659,-4.624936715,7.972428306));
#585=CARTESIAN_POINT('',(9.299954638,-4.624936715,8.214833041));
#586=CARTESIAN_POINT('',(9.234939877,-4.624936715,8.45657665));
#587=CARTESIAN_POINT('',(9.167904845,-4.624936715,8.697663832));
#588=CARTESIAN_POINT('',(9.098863873,-4.624936715,8.938099245));
#589=CARTESIAN_POINT('',(9.027831157,-4.624936715,9.177887501));
#590=CARTESIAN_POINT('',(8.954820753,-4.624936715,9.417033168));
#591=CARTESIAN_POINT('',(8.87984658,-4.624936715,9.655540767));
#592=CARTESIAN_POINT('',(8.802922415,-4.624936715,9.893414775));
#593=CARTESIAN_POINT('',(8.750348738,-4.624936715,10.051578008));
#594=CARTESIAN_POINT('',(8.697134109,-4.624936715,10.209532984));
#595=CARTESIAN_POINT('',(8.670206321,-4.624936715,10.288406343));
#596=CARTESIAN_POINT('',(8.641554443,-4.624936715,10.371240673));
#597=CARTESIAN_POINT('',(8.640147754,-4.624936715,10.375304773));
#598=CARTESIAN_POINT('',(8.638740218,-4.624936715,10.379368597));
#599=CARTESIAN_POINT('',(10.213994558,-4.56243609,2.431771597));
#600=CARTESIAN_POINT('',(10.213442888,-4.56243609,2.442953271));
#601=CARTESIAN_POINT('',(10.21288447,-4.56243609,2.454132753));
#602=CARTESIAN_POINT('',(10.207960454,-4.56243609,2.551516496));
#603=CARTESIAN_POINT('',(10.203200659,-4.56243609,2.637592672));
#604=CARTESIAN_POINT('',(10.192885073,-4.56243609,2.809486392));
#605=CARTESIAN_POINT('',(10.187329287,-4.56243609,2.895303935));
#606=CARTESIAN_POINT('',(10.17542756,-4.56243609,3.066682287));
#607=CARTESIAN_POINT('',(10.162735691,-4.56243609,3.237803905));
#608=CARTESIAN_POINT('',(10.148475114,-4.56243609,3.408415819));
#609=CARTESIAN_POINT('',(10.133435933,-4.56243609,3.578774749));
#610=CARTESIAN_POINT('',(10.117618152,-4.56243609,3.748880697));
#611=CARTESIAN_POINT('',(10.100254563,-4.56243609,3.918484381));
#612=CARTESIAN_POINT('',(10.082123739,-4.56243609,4.087838776));
#613=CARTESIAN_POINT('',(10.063225661,-4.56243609,4.256943875));
#614=CARTESIAN_POINT('',(10.042804321,-4.56243609,4.425554035));
#615=CARTESIAN_POINT('',(10.021626901,-4.56243609,4.593918532));
#616=CARTESIAN_POINT('',(10.010660159,-4.56243609,4.677977949));
#617=CARTESIAN_POINT('',(9.987976117,-4.56243609,4.845852914));
#618=CARTESIAN_POINT('',(9.976258818,-4.56243609,4.92966846));
#619=CARTESIAN_POINT('',(9.952079135,-4.56243609,5.097057462));
#620=CARTESIAN_POINT('',(9.927154368,-4.56243609,5.26420437));
#621=CARTESIAN_POINT('',(9.887548234,-4.56243609,5.514203742));
#622=CARTESIAN_POINT('',(9.859675581,-4.56243609,5.680392825));
#623=CARTESIAN_POINT('',(9.831073973,-4.56243609,5.846345056));
#624=CARTESIAN_POINT('',(9.801743418,-4.56243609,6.012060437));
#625=CARTESIAN_POINT('',(9.770965528,-4.56243609,6.177305551));
#626=CARTESIAN_POINT('',(9.739469211,-4.56243609,6.342317234));
#627=CARTESIAN_POINT('',(9.707254469,-4.56243609,6.507095486));
#628=CARTESIAN_POINT('',(9.65679265,-4.56243609,6.753567631));
#629=CARTESIAN_POINT('',(9.604206568,-4.56243609,6.999349563));
#630=CARTESIAN_POINT('',(9.549511528,-4.56243609,7.244446251));
#631=CARTESIAN_POINT('',(9.492722688,-4.56243609,7.488862623));
#632=CARTESIAN_POINT('',(9.433855072,-4.56243609,7.73260356));
#633=CARTESIAN_POINT('',(9.372923571,-4.56243609,7.9756739));
#634=CARTESIAN_POINT('',(9.30994293,-4.56243609,8.218078434));
#635=CARTESIAN_POINT('',(9.244927758,-4.56243609,8.459821909));
#636=CARTESIAN_POINT('',(9.177892526,-4.56243609,8.700909027));
#637=CARTESIAN_POINT('',(9.108851569,-4.56243609,8.941344444));
#638=CARTESIAN_POINT('',(9.037819082,-4.56243609,9.181132775));
#639=CARTESIAN_POINT('',(8.964809116,-4.56243609,9.420278584));
#640=CARTESIAN_POINT('',(8.889835592,-4.56243609,9.658786394));
#641=CARTESIAN_POINT('',(8.812912288,-4.56243609,9.896660682));
#642=CARTESIAN_POINT('',(8.760339326,-4.56243609,10.054824147));
#643=CARTESIAN_POINT('',(8.707125485,-4.56243609,10.212779379));
#644=CARTESIAN_POINT('',(8.680198125,-4.56243609,10.291652877));
#645=CARTESIAN_POINT('',(8.651546736,-4.56243609,10.374487366));
#646=CARTESIAN_POINT('',(8.65014007,-4.56243609,10.378551473));
#647=CARTESIAN_POINT('',(8.648732558,-4.56243609,10.382615305));
#648=CARTESIAN_POINT('',(10.233695369,-4.43743484,2.438172778));
#649=CARTESIAN_POINT('',(10.233143239,-4.43743484,2.449354303));
#650=CARTESIAN_POINT('',(10.232584363,-4.43743484,2.460533637));
#651=CARTESIAN_POINT('',(10.227656363,-4.43743484,2.557916084));
#652=CARTESIAN_POINT('',(10.222893107,-4.43743484,2.643991136));
#653=CARTESIAN_POINT('',(10.212570746,-4.43743484,2.815882655));
#654=CARTESIAN_POINT('',(10.207011638,-4.43743484,2.901699119));
#655=CARTESIAN_POINT('',(10.195103419,-4.43743484,3.073075361));
#656=CARTESIAN_POINT('',(10.182405187,-4.43743484,3.244194911));
#657=CARTESIAN_POINT('',(10.16813853,-4.43743484,3.41480485));
#658=CARTESIAN_POINT('',(10.15309341,-4.43743484,3.585161851));
#659=CARTESIAN_POINT('',(10.137269823,-4.43743484,3.755265912));
#660=CARTESIAN_POINT('',(10.119900719,-4.43743484,3.924867804));
#661=CARTESIAN_POINT('',(10.101764499,-4.43743484,4.094220446));
#662=CARTESIAN_POINT('',(10.082861184,-4.43743484,4.263323843));
#663=CARTESIAN_POINT('',(10.062434868,-4.43743484,4.431932387));
#664=CARTESIAN_POINT('',(10.041252627,-4.43743484,4.600295317));
#665=CARTESIAN_POINT('',(10.030283537,-4.43743484,4.684353971));
#666=CARTESIAN_POINT('',(10.007594941,-4.43743484,4.852227456));
#667=CARTESIAN_POINT('',(9.995875437,-4.43743484,4.936042286));
#668=CARTESIAN_POINT('',(9.971691481,-4.43743484,5.1034299));
#669=CARTESIAN_POINT('',(9.946762578,-4.43743484,5.270575464));
#670=CARTESIAN_POINT('',(9.907150659,-4.43743484,5.520572956));
#671=CARTESIAN_POINT('',(9.879274423,-4.43743484,5.686760874));
#672=CARTESIAN_POINT('',(9.850669376,-4.43743484,5.852711988));
#673=CARTESIAN_POINT('',(9.821335514,-4.43743484,6.018426295));
#674=CARTESIAN_POINT('',(9.790554599,-4.43743484,6.183670425));
#675=CARTESIAN_POINT('',(9.759055395,-4.43743484,6.348681171));
#676=CARTESIAN_POINT('',(9.726837902,-4.43743484,6.513458529));
#677=CARTESIAN_POINT('',(9.676372375,-4.43743484,6.75992947));
#678=CARTESIAN_POINT('',(9.623783001,-4.43743484,7.005710331));
#679=CARTESIAN_POINT('',(9.56908508,-4.43743484,7.250806084));
#680=CARTESIAN_POINT('',(9.512293776,-4.43743484,7.495221655));
#681=CARTESIAN_POINT('',(9.453424115,-4.43743484,7.738961928));
#682=CARTESIAN_POINT('',(9.392490981,-4.43743484,7.982031737));
#683=CARTESIAN_POINT('',(9.329509122,-4.43743484,8.224435875));
#684=CARTESIAN_POINT('',(9.264493147,-4.43743484,8.466179089));
#685=CARTESIAN_POINT('',(9.19745753,-4.43743484,8.707266082));
#686=CARTESIAN_POINT('',(9.1284166,-4.43743484,8.947701508));
#687=CARTESIAN_POINT('',(9.057384552,-4.43743484,9.187489982));
#688=CARTESIAN_POINT('',(8.984375445,-4.43743484,9.426636069));
#689=CARTESIAN_POINT('',(8.909403194,-4.43743484,9.665144293));
#690=CARTESIAN_POINT('',(8.832481579,-4.43743484,9.90301913));
#691=CARTESIAN_POINT('',(8.77991002,-4.43743484,10.061183051));
#692=CARTESIAN_POINT('',(8.72669772,-4.43743484,10.219138784));
#693=CARTESIAN_POINT('',(8.699771201,-4.43743484,10.298012555));
#694=CARTESIAN_POINT('',(8.671120766,-4.43743484,10.380847354));
#695=CARTESIAN_POINT('',(8.669714148,-4.43743484,10.384911476));
#696=CARTESIAN_POINT('',(8.668306683,-4.43743484,10.388975324));
#697=CARTESIAN_POINT('',(10.243339174,-4.374934215,2.44130624));
#698=CARTESIAN_POINT('',(10.242786818,-4.374934215,2.452487692));
#699=CARTESIAN_POINT('',(10.242227718,-4.374934215,2.463666953));
#700=CARTESIAN_POINT('',(10.237297765,-4.374934215,2.561048766));
#701=CARTESIAN_POINT('',(10.232532819,-4.374934215,2.647123268));
#702=CARTESIAN_POINT('',(10.222207139,-4.374934215,2.819013709));
#703=CARTESIAN_POINT('',(10.216646403,-4.374934215,2.904829644));
#704=CARTESIAN_POINT('',(10.204735011,-4.374934215,3.076204855));
#705=CARTESIAN_POINT('',(10.192033661,-4.374934215,3.247323392));
#706=CARTESIAN_POINT('',(10.177764026,-4.374934215,3.417932363));
#707=CARTESIAN_POINT('',(10.162716002,-4.374934215,3.588288421));
#708=CARTESIAN_POINT('',(10.14688957,-4.374934215,3.758391557));
#709=CARTESIAN_POINT('',(10.129517763,-4.374934215,3.927992571));
#710=CARTESIAN_POINT('',(10.111378908,-4.374934215,4.097344357));
#711=CARTESIAN_POINT('',(10.092473026,-4.374934215,4.26644692));
#712=CARTESIAN_POINT('',(10.072044276,-4.374934215,4.435054673));
#713=CARTESIAN_POINT('',(10.050859673,-4.374934215,4.603416835));
#714=CARTESIAN_POINT('',(10.039889432,-4.374934215,4.687475115));
#715=CARTESIAN_POINT('',(10.017198612,-4.374934215,4.855347878));
#716=CARTESIAN_POINT('',(10.005478026,-4.374934215,4.939162357));
#717=CARTESIAN_POINT('',(9.981291975,-4.374934215,5.106549289));
#718=CARTESIAN_POINT('',(9.95636105,-4.374934215,5.273694197));
#719=CARTESIAN_POINT('',(9.916746299,-4.374934215,5.523690769));
#720=CARTESIAN_POINT('',(9.888868306,-4.374934215,5.689878116));
#721=CARTESIAN_POINT('',(9.860261579,-4.374934215,5.855828684));
#722=CARTESIAN_POINT('',(9.830926096,-4.374934215,6.021542464));
#723=CARTESIAN_POINT('',(9.800143703,-4.374934215,6.186786114));
#724=CARTESIAN_POINT('',(9.768643081,-4.374934215,6.351796399));
#725=CARTESIAN_POINT('',(9.736424244,-4.374934215,6.51657332));
#726=CARTESIAN_POINT('',(9.685956901,-4.374934215,6.763043671));
#727=CARTESIAN_POINT('',(9.633365915,-4.374934215,7.008824009));
#728=CARTESIAN_POINT('',(9.578666586,-4.374934215,7.253919304));
#729=CARTESIAN_POINT('',(9.521874077,-4.374934215,7.498334484));
#730=CARTESIAN_POINT('',(9.463003412,-4.374934215,7.74207443));
#731=CARTESIAN_POINT('',(9.402069479,-4.374934215,7.98514398));
#732=CARTESIAN_POINT('',(9.339087021,-4.374934215,8.227547923));
#733=CARTESIAN_POINT('',(9.274070654,-4.374934215,8.46929101));
#734=CARTESIAN_POINT('',(9.207034847,-4.374934215,8.71037794));
#735=CARTESIAN_POINT('',(9.137993931,-4.374934215,8.950813372));
#736=CARTESIAN_POINT('',(9.066962101,-4.374934215,9.190601916));
#737=CARTESIAN_POINT('',(8.993953413,-4.374934215,9.42974814));
#738=CARTESIAN_POINT('',(8.918981786,-4.374934215,9.668256566));
#739=CARTESIAN_POINT('',(8.842060998,-4.374934215,9.906131672));
#740=CARTESIAN_POINT('',(8.789490123,-4.374934215,10.064295815));
#741=CARTESIAN_POINT('',(8.736278581,-4.374934215,10.222251794));
#742=CARTESIAN_POINT('',(8.709352471,-4.374934215,10.301125698));
#743=CARTESIAN_POINT('',(8.680702504,-4.374934215,10.383960649));
#744=CARTESIAN_POINT('',(8.679295909,-4.374934215,10.388024779));
#745=CARTESIAN_POINT('',(8.677888468,-4.374934215,10.392088635));
#746=CARTESIAN_POINT('',(10.26221392,-4.249932965,2.447439017));
#747=CARTESIAN_POINT('',(10.261661124,-4.249932965,2.458620326));
#748=CARTESIAN_POINT('',(10.261101585,-4.249932965,2.469799444));
#749=CARTESIAN_POINT('',(10.256167816,-4.249932965,2.567180017));
#750=CARTESIAN_POINT('',(10.251399553,-4.249932965,2.653253442));
#751=CARTESIAN_POINT('',(10.24106738,-4.249932965,2.825141773));
#752=CARTESIAN_POINT('',(10.235503474,-4.249932965,2.910956677));
#753=CARTESIAN_POINT('',(10.223585834,-4.249932965,3.082329859));
#754=CARTESIAN_POINT('',(10.210878404,-4.249932965,3.253446421));
#755=CARTESIAN_POINT('',(10.196602946,-4.249932965,3.424053499));
#756=CARTESIAN_POINT('',(10.181549218,-4.249932965,3.594407704));
#757=CARTESIAN_POINT('',(10.165717239,-4.249932965,3.764509038));
#758=CARTESIAN_POINT('',(10.148340128,-4.249932965,3.934108328));
#759=CARTESIAN_POINT('',(10.130196123,-4.249932965,4.103458441));
#760=CARTESIAN_POINT('',(10.111285204,-4.249932965,4.272559367));
#761=CARTESIAN_POINT('',(10.090851705,-4.249932965,4.441165577));
#762=CARTESIAN_POINT('',(10.069662462,-4.249932965,4.609526232));
#763=CARTESIAN_POINT('',(10.058689982,-4.249932965,4.693583784));
#764=CARTESIAN_POINT('',(10.035994796,-4.249932965,4.861455129));
#765=CARTESIAN_POINT('',(10.024272097,-4.249932965,4.94526892));
#766=CARTESIAN_POINT('',(10.000081955,-4.249932965,5.112654524));
#767=CARTESIAN_POINT('',(9.975147064,-4.249932965,5.279798143));
#768=CARTESIAN_POINT('',(9.935526765,-4.249932965,5.529792912));
#769=CARTESIAN_POINT('',(9.90764535,-4.249932965,5.695979147));
#770=CARTESIAN_POINT('',(9.879035313,-4.249932965,5.86192864));
#771=CARTESIAN_POINT('',(9.849696676,-4.249932965,6.027641395));
#772=CARTESIAN_POINT('',(9.818911375,-4.249932965,6.1928841));
#773=CARTESIAN_POINT('',(9.787407991,-4.249932965,6.357893488));
#774=CARTESIAN_POINT('',(9.755186516,-4.249932965,6.522669552));
#775=CARTESIAN_POINT('',(9.70471562,-4.249932965,6.769138748));
#776=CARTESIAN_POINT('',(9.652121478,-4.249932965,7.014918061));
#777=CARTESIAN_POINT('',(9.597419391,-4.249932965,7.26001246));
#778=CARTESIAN_POINT('',(9.540624521,-4.249932965,7.504426872));
#779=CARTESIAN_POINT('',(9.481751894,-4.249932965,7.748166181));
#780=CARTESIAN_POINT('',(9.420816395,-4.249932965,7.991235222));
#781=CARTESIAN_POINT('',(9.357832776,-4.249932965,8.233638788));
#782=CARTESIAN_POINT('',(9.292815639,-4.249932965,8.475381625));
#783=CARTESIAN_POINT('',(9.225779458,-4.249932965,8.716468434));
#784=CARTESIAN_POINT('',(9.156738568,-4.249932965,8.956903874));
#785=CARTESIAN_POINT('',(9.085707162,-4.249932965,9.196692555));
#786=CARTESIAN_POINT('',(9.012699296,-4.249932965,9.435839047));
#787=CARTESIAN_POINT('',(8.937728888,-4.249932965,9.674347869));
#788=CARTESIAN_POINT('',(8.860809716,-4.249932965,9.9122235));
#789=CARTESIAN_POINT('',(8.80824019,-4.249932965,10.070388081));
#790=CARTESIAN_POINT('',(8.755030118,-4.249932965,10.228344538));
#791=CARTESIAN_POINT('',(8.728104815,-4.249932965,10.307218705));
#792=CARTESIAN_POINT('',(8.699455765,-4.249932965,10.390053953));
#793=CARTESIAN_POINT('',(8.698049215,-4.249932965,10.394118098));
#794=CARTESIAN_POINT('',(8.696641819,-4.249932965,10.398181968));
#795=CARTESIAN_POINT('',(10.271444861,-4.18743234,2.450438332));
#796=CARTESIAN_POINT('',(10.27089185,-4.18743234,2.461619571));
#797=CARTESIAN_POINT('',(10.270332095,-4.18743234,2.472798618));
#798=CARTESIAN_POINT('',(10.26539646,-4.18743234,2.570178585));
#799=CARTESIAN_POINT('',(10.260626576,-4.18743234,2.656251483));
#800=CARTESIAN_POINT('',(10.250291227,-4.18743234,2.828138782));
#801=CARTESIAN_POINT('',(10.244725762,-4.18743234,2.91395318));
#802=CARTESIAN_POINT('',(10.232805085,-4.18743234,3.085325375));
#803=CARTESIAN_POINT('',(10.220094667,-4.18743234,3.256440966));
#804=CARTESIAN_POINT('',(10.205816365,-4.18743234,3.42704712));
#805=CARTESIAN_POINT('',(10.190759847,-4.18743234,3.597400418));
#806=CARTESIAN_POINT('',(10.174925153,-4.18743234,3.76750087));
#807=CARTESIAN_POINT('',(10.157545452,-4.18743234,3.937099319));
#808=CARTESIAN_POINT('',(10.139398923,-4.18743234,4.106448612));
#809=CARTESIAN_POINT('',(10.120485546,-4.18743234,4.275548739));
#810=CARTESIAN_POINT('',(10.100049718,-4.18743234,4.444154192));
#811=CARTESIAN_POINT('',(10.078858214,-4.18743234,4.612514113));
#812=CARTESIAN_POINT('',(10.067884632,-4.18743234,4.696571307));
#813=CARTESIAN_POINT('',(10.045187316,-4.18743234,4.864441959));
#814=CARTESIAN_POINT('',(10.033463585,-4.18743234,4.948255416));
#815=CARTESIAN_POINT('',(10.009271431,-4.18743234,5.115640366));
#816=CARTESIAN_POINT('',(9.98433461,-4.18743234,5.282783357));
#817=CARTESIAN_POINT('',(9.944711599,-4.18743234,5.532777245));
#818=CARTESIAN_POINT('',(9.916828499,-4.18743234,5.698962933));
#819=CARTESIAN_POINT('',(9.888216857,-4.18743234,5.864911904));
#820=CARTESIAN_POINT('',(9.858876663,-4.18743234,6.030624154));
#821=CARTESIAN_POINT('',(9.82808995,-4.18743234,6.1958664));
#822=CARTESIAN_POINT('',(9.796585209,-4.18743234,6.360875347));
#823=CARTESIAN_POINT('',(9.76436245,-4.18743234,6.525650994));
#824=CARTESIAN_POINT('',(9.713889815,-4.18743234,6.772119625));
#825=CARTESIAN_POINT('',(9.661294127,-4.18743234,7.017898435));
#826=CARTESIAN_POINT('',(9.606590691,-4.18743234,7.262992396));
#827=CARTESIAN_POINT('',(9.549794668,-4.18743234,7.507406434));
#828=CARTESIAN_POINT('',(9.49092108,-4.18743234,7.75114543));
#829=CARTESIAN_POINT('',(9.429984817,-4.18743234,7.994214223));
#830=CARTESIAN_POINT('',(9.367000624,-4.18743234,8.236617603));
#831=CARTESIAN_POINT('',(9.301983111,-4.18743234,8.478360317));
#832=CARTESIAN_POINT('',(9.23494675,-4.18743234,8.719447068));
#833=CARTESIAN_POINT('',(9.165905872,-4.18743234,8.959882511));
#834=CARTESIAN_POINT('',(9.094874674,-4.18743234,9.199671261));
#835=CARTESIAN_POINT('',(9.021867207,-4.18743234,9.438817881));
#836=CARTESIAN_POINT('',(8.946897397,-4.18743234,9.677326898));
#837=CARTESIAN_POINT('',(8.869979021,-4.18743234,9.915202787));
#838=CARTESIAN_POINT('',(8.817410147,-4.18743234,10.073367581));
#839=CARTESIAN_POINT('',(8.7642008,-4.18743234,10.231324274));
#840=CARTESIAN_POINT('',(8.737275889,-4.18743234,10.310198567));
#841=CARTESIAN_POINT('',(8.708627288,-4.18743234,10.393033961));
#842=CARTESIAN_POINT('',(8.70722076,-4.18743234,10.397098113));
#843=CARTESIAN_POINT('',(8.705813386,-4.18743234,10.40116199));
#844=CARTESIAN_POINT('',(10.289494208,-4.06243109,2.45630292));
#845=CARTESIAN_POINT('',(10.288940775,-4.06243109,2.467484022));
#846=CARTESIAN_POINT('',(10.2883806,-4.06243109,2.478662933));
#847=CARTESIAN_POINT('',(10.283441308,-4.06243109,2.576041712));
#848=CARTESIAN_POINT('',(10.278668259,-4.06243109,2.662113581));
#849=CARTESIAN_POINT('',(10.268326699,-4.06243109,2.833998862));
#850=CARTESIAN_POINT('',(10.26275819,-4.06243109,2.919812271));
#851=CARTESIAN_POINT('',(10.250831562,-4.06243109,3.091182532));
#852=CARTESIAN_POINT('',(10.238115319,-4.06243109,3.262296231));
#853=CARTESIAN_POINT('',(10.22383143,-4.06243109,3.43290057));
#854=CARTESIAN_POINT('',(10.208769489,-4.06243109,3.603252106));
#855=CARTESIAN_POINT('',(10.192929459,-4.06243109,3.773350824));
#856=CARTESIAN_POINT('',(10.175544708,-4.06243109,3.942947632));
#857=CARTESIAN_POINT('',(10.157393236,-4.06243109,4.112295319));
#858=CARTESIAN_POINT('',(10.138475059,-4.06243109,4.281393886));
#859=CARTESIAN_POINT('',(10.11803467,-4.06243109,4.449997858));
#860=CARTESIAN_POINT('',(10.096838749,-4.06243109,4.618356342));
#861=CARTESIAN_POINT('',(10.085863015,-4.06243109,4.702412838));
#862=CARTESIAN_POINT('',(10.063161525,-4.06243109,4.870282134));
#863=CARTESIAN_POINT('',(10.051435767,-4.06243109,4.954094932));
#864=CARTESIAN_POINT('',(10.027239709,-4.06243109,5.121478613));
#865=CARTESIAN_POINT('',(10.002299087,-4.06243109,5.28862037));
#866=CARTESIAN_POINT('',(9.962670775,-4.06243109,5.538612535));
#867=CARTESIAN_POINT('',(9.9347844,-4.06243109,5.704797159));
#868=CARTESIAN_POINT('',(9.906169597,-4.06243109,5.870745103));
#869=CARTESIAN_POINT('',(9.876826381,-4.06243109,6.03645637));
#870=CARTESIAN_POINT('',(9.84603689,-4.06243109,6.201697715));
#871=CARTESIAN_POINT('',(9.814529505,-4.06243109,6.366705802));
#872=CARTESIAN_POINT('',(9.78230422,-4.06243109,6.531480628));
#873=CARTESIAN_POINT('',(9.731828188,-4.06243109,6.777948156));
#874=CARTESIAN_POINT('',(9.679229485,-4.06243109,7.023725986));
#875=CARTESIAN_POINT('',(9.624523411,-4.06243109,7.26881909));
#876=CARTESIAN_POINT('',(9.567725129,-4.06243109,7.513232394));
#877=CARTESIAN_POINT('',(9.508849666,-4.06243109,7.756970781));
#878=CARTESIAN_POINT('',(9.447911906,-4.06243109,8.000039087));
#879=CARTESIAN_POINT('',(9.384926596,-4.06243109,8.242442104));
#880=CARTESIAN_POINT('',(9.319908347,-4.06243109,8.484184579));
#881=CARTESIAN_POINT('',(9.252871631,-4.06243109,8.725271214));
#882=CARTESIAN_POINT('',(9.183830778,-4.06243109,8.965706666));
#883=CARTESIAN_POINT('',(9.112799986,-4.06243109,9.205495547));
#884=CARTESIAN_POINT('',(9.03979331,-4.06243109,9.444642425));
#885=CARTESIAN_POINT('',(8.964824664,-4.06243109,9.68315182));
#886=CARTESIAN_POINT('',(8.887907828,-4.06243109,9.92102821));
#887=CARTESIAN_POINT('',(8.835340244,-4.06243109,10.079193423));
#888=CARTESIAN_POINT('',(8.782132308,-4.06243109,10.237150574));
#889=CARTESIAN_POINT('',(8.755208168,-4.06243109,10.316025118));
#890=CARTESIAN_POINT('',(8.726560441,-4.06243109,10.398860796));
#891=CARTESIAN_POINT('',(8.725153956,-4.06243109,10.402924962));
#892=CARTESIAN_POINT('',(8.723746625,-4.06243109,10.406988853));
#893=CARTESIAN_POINT('',(10.298312611,-3.999930465,2.459168193));
#894=CARTESIAN_POINT('',(10.297758973,-3.999930465,2.470349228));
#895=CARTESIAN_POINT('',(10.297198593,-3.999930465,2.481528073));
#896=CARTESIAN_POINT('',(10.292257519,-3.999930465,2.578906272));
#897=CARTESIAN_POINT('',(10.28748292,-3.999930465,2.664977638));
#898=CARTESIAN_POINT('',(10.277138323,-3.999930465,2.836861932));
#899=CARTESIAN_POINT('',(10.271568329,-3.999930465,2.922674859));
#900=CARTESIAN_POINT('',(10.259638791,-3.999930465,3.094044174));
#901=CARTESIAN_POINT('',(10.246919698,-3.999930465,3.265156947));
#902=CARTESIAN_POINT('',(10.232633097,-3.999930465,3.435760405));
#903=CARTESIAN_POINT('',(10.217568482,-3.999930465,3.606111072));
#904=CARTESIAN_POINT('',(10.201725867,-3.999930465,3.77620895));
#905=CARTESIAN_POINT('',(10.184338631,-3.999930465,3.945804951));
#906=CARTESIAN_POINT('',(10.166184757,-3.999930465,4.115151857));
#907=CARTESIAN_POINT('',(10.147264223,-3.999930465,4.284249659));
#908=CARTESIAN_POINT('',(10.126821615,-3.999930465,4.452852909));
#909=CARTESIAN_POINT('',(10.105623527,-3.999930465,4.62121069));
#910=CARTESIAN_POINT('',(10.094646744,-3.999930465,4.705266845));
#911=CARTESIAN_POINT('',(10.071943219,-3.999930465,4.873135479));
#912=CARTESIAN_POINT('',(10.060216475,-3.999930465,4.956947957));
#913=CARTESIAN_POINT('',(10.036018496,-3.999930465,5.124331014));
#914=CARTESIAN_POINT('',(10.011076027,-3.999930465,5.291472171));
#915=CARTESIAN_POINT('',(9.971445122,-3.999930465,5.541463494));
#916=CARTESIAN_POINT('',(9.943557143,-3.999930465,5.707647596));
#917=CARTESIAN_POINT('',(9.9149408,-3.999930465,5.87359504));
#918=CARTESIAN_POINT('',(9.885596104,-3.999930465,6.039305826));
#919=CARTESIAN_POINT('',(9.854805258,-3.999930465,6.20454673));
#920=CARTESIAN_POINT('',(9.82329658,-3.999930465,6.369554397));
#921=CARTESIAN_POINT('',(9.791070066,-3.999930465,6.534328824));
#922=CARTESIAN_POINT('',(9.740592372,-3.999930465,6.780795812));
#923=CARTESIAN_POINT('',(9.687992193,-3.999930465,7.026573162));
#924=CARTESIAN_POINT('',(9.633284831,-3.999930465,7.271665847));
#925=CARTESIAN_POINT('',(9.576485446,-3.999930465,7.516078793));
#926=CARTESIAN_POINT('',(9.517609064,-3.999930465,7.759816882));
#927=CARTESIAN_POINT('',(9.456670573,-3.999930465,8.002884951));
#928=CARTESIAN_POINT('',(9.393684719,-3.999930465,8.245287791));
#929=CARTESIAN_POINT('',(9.328666112,-3.999930465,8.487030149));
#930=CARTESIAN_POINT('',(9.261629221,-3.999930465,8.728116728));
#931=CARTESIAN_POINT('',(9.19258838,-3.999930465,8.968552184));
#932=CARTESIAN_POINT('',(9.121557786,-3.999930465,9.208341129));
#933=CARTESIAN_POINT('',(9.048551493,-3.999930465,9.447488131));
#934=CARTESIAN_POINT('',(8.973583417,-3.999930465,9.685997712));
#935=CARTESIAN_POINT('',(8.896667337,-3.999930465,9.923874347));
#936=CARTESIAN_POINT('',(8.844100381,-3.999930465,10.082039764));
#937=CARTESIAN_POINT('',(8.790893135,-3.999930465,10.239997139));
#938=CARTESIAN_POINT('',(8.763969369,-3.999930465,10.318871805));
#939=CARTESIAN_POINT('',(8.735322072,-3.999930465,10.401707622));
#940=CARTESIAN_POINT('',(8.733915608,-3.999930465,10.405771795));
#941=CARTESIAN_POINT('',(8.732508298,-3.999930465,10.409835693));
#942=CARTESIAN_POINT('',(10.315537192,-3.874929215,2.464764798));
#943=CARTESIAN_POINT('',(10.314983151,-3.874929215,2.475945703));
#944=CARTESIAN_POINT('',(10.31442237,-3.874929215,2.487124417));
#945=CARTESIAN_POINT('',(10.309477809,-3.874929215,2.584501483));
#946=CARTESIAN_POINT('',(10.304700183,-3.874929215,2.670571866));
#947=CARTESIAN_POINT('',(10.294349664,-3.874929215,2.842454236));
#948=CARTESIAN_POINT('',(10.288776766,-3.874929215,2.928266219));
#949=CARTESIAN_POINT('',(10.276841542,-3.874929215,3.099633687));
#950=CARTESIAN_POINT('',(10.26411689,-3.874929215,3.270744653));
#951=CARTESIAN_POINT('',(10.249824966,-3.874929215,3.441346382));
#952=CARTESIAN_POINT('',(10.234755161,-3.874929215,3.611695362));
#953=CARTESIAN_POINT('',(10.218907462,-3.874929215,3.781791589));
#954=CARTESIAN_POINT('',(10.201515405,-3.874929215,3.951386023));
#955=CARTESIAN_POINT('',(10.183356811,-3.874929215,4.120731395));
#956=CARTESIAN_POINT('',(10.164431697,-3.874929215,4.289827709));
#957=CARTESIAN_POINT('',(10.14398474,-3.874929215,4.458429546));
#958=CARTESIAN_POINT('',(10.122782428,-3.874929215,4.626785955));
#959=CARTESIAN_POINT('',(10.111803595,-3.874929215,4.710841443));
#960=CARTESIAN_POINT('',(10.089096087,-3.874929215,4.878708784));
#961=CARTESIAN_POINT('',(10.077367414,-3.874929215,4.962520634));
#962=CARTESIAN_POINT('',(10.053165697,-3.874929215,5.129902477));
#963=CARTESIAN_POINT('',(10.028219611,-3.874929215,5.297042459));
#964=CARTESIAN_POINT('',(9.988583646,-3.874929215,5.547032138));
#965=CARTESIAN_POINT('',(9.96069253,-3.874929215,5.713215221));
#966=CARTESIAN_POINT('',(9.932073181,-3.874929215,5.879161688));
#967=CARTESIAN_POINT('',(9.902725591,-3.874929215,6.044871534));
#968=CARTESIAN_POINT('',(9.8719321,-3.874929215,6.210111578));
#969=CARTESIAN_POINT('',(9.840420894,-3.874929215,6.375118424));
#970=CARTESIAN_POINT('',(9.808191978,-3.874929215,6.53989207));
#971=CARTESIAN_POINT('',(9.757711039,-3.874929215,6.786358004));
#972=CARTESIAN_POINT('',(9.705107978,-3.874929215,7.032134418));
#973=CARTESIAN_POINT('',(9.650398097,-3.874929215,7.277226285));
#974=CARTESIAN_POINT('',(9.593596558,-3.874929215,7.521638531));
#975=CARTESIAN_POINT('',(9.534718386,-3.874929215,7.765376038));
#976=CARTESIAN_POINT('',(9.473778466,-3.874929215,8.008443642));
#977=CARTESIAN_POINT('',(9.410791546,-3.874929215,8.250846136));
#978=CARTESIAN_POINT('',(9.345772235,-3.874929215,8.492588266));
#979=CARTESIAN_POINT('',(9.278735005,-3.874929215,8.733674734));
#980=CARTESIAN_POINT('',(9.20969419,-3.874929215,8.974110198));
#981=CARTESIAN_POINT('',(9.138663981,-3.874929215,9.213899269));
#982=CARTESIAN_POINT('',(9.065658436,-3.874929215,9.453046514));
#983=CARTESIAN_POINT('',(8.990691474,-3.874929215,9.691556456));
#984=CARTESIAN_POINT('',(8.913776875,-3.874929215,9.929433573));
#985=CARTESIAN_POINT('',(8.861211142,-3.874929215,10.087599387));
#986=CARTESIAN_POINT('',(8.808005245,-3.874929215,10.2455572));
#987=CARTESIAN_POINT('',(8.781082214,-3.874929215,10.324432105));
#988=CARTESIAN_POINT('',(8.752435752,-3.874929215,10.407268194));
#989=CARTESIAN_POINT('',(8.751029329,-3.874929215,10.41133238));
#990=CARTESIAN_POINT('',(8.749622061,-3.874929215,10.415396292));
#991=CARTESIAN_POINT('',(10.323943367,-3.81242859,2.46749613));
#992=CARTESIAN_POINT('',(10.32338913,-3.81242859,2.478676971));
#993=CARTESIAN_POINT('',(10.322828153,-3.81242859,2.489855621));
#994=CARTESIAN_POINT('',(10.317881896,-3.81242859,2.587232137));
#995=CARTESIAN_POINT('',(10.313102792,-3.81242859,2.673302039));
#996=CARTESIAN_POINT('',(10.302749375,-3.81242859,2.845183468));
#997=CARTESIAN_POINT('',(10.297175063,-3.81242859,2.930994991));
#998=CARTESIAN_POINT('',(10.285237065,-3.81242859,3.102361558));
#999=CARTESIAN_POINT('',(10.272509696,-3.81242859,3.273471641));
#1000=CARTESIAN_POINT('',(10.258215183,-3.81242859,3.444072529));
#1001=CARTESIAN_POINT('',(10.243142831,-3.81242859,3.614420681));
#1002=CARTESIAN_POINT('',(10.227292666,-3.81242859,3.784516107));
#1003=CARTESIAN_POINT('',(10.209898243,-3.81242859,3.954109772));
#1004=CARTESIAN_POINT('',(10.191737356,-3.81242859,4.1234544));
#1005=CARTESIAN_POINT('',(10.172809999,-3.81242859,4.292549985));
#1006=CARTESIAN_POINT('',(10.152360919,-3.81242859,4.461151132));
#1007=CARTESIAN_POINT('',(10.131156551,-3.81242859,4.629506872));
#1008=CARTESIAN_POINT('',(10.120176714,-3.81242859,4.713562035));
#1009=CARTESIAN_POINT('',(10.097467263,-3.81242859,4.881428744));
#1010=CARTESIAN_POINT('',(10.085737648,-3.81242859,4.965240288));
#1011=CARTESIAN_POINT('',(10.061534106,-3.81242859,5.132621538));
#1012=CARTESIAN_POINT('',(10.036586255,-3.81242859,5.299760946));
#1013=CARTESIAN_POINT('',(9.99694782,-3.81242859,5.549749822));
#1014=CARTESIAN_POINT('',(9.969055174,-3.81242859,5.715932409));
#1015=CARTESIAN_POINT('',(9.940434357,-3.81242859,5.881878398));
#1016=CARTESIAN_POINT('',(9.911085355,-3.81242859,6.047587786));
#1017=CARTESIAN_POINT('',(9.880290575,-3.81242859,6.212827412));
#1018=CARTESIAN_POINT('',(9.848778132,-3.81242859,6.377833855));
#1019=CARTESIAN_POINT('',(9.816548044,-3.81242859,6.542607121));
#1020=CARTESIAN_POINT('',(9.766065522,-3.81242859,6.78907254));
#1021=CARTESIAN_POINT('',(9.713461055,-3.81242859,7.034848497));
#1022=CARTESIAN_POINT('',(9.658749945,-3.81242859,7.279939965));
#1023=CARTESIAN_POINT('',(9.601947355,-3.81242859,7.524351869));
#1024=CARTESIAN_POINT('',(9.543068308,-3.81242859,7.768089092));
#1025=CARTESIAN_POINT('',(9.48212769,-3.81242859,8.011156469));
#1026=CARTESIAN_POINT('',(9.419140251,-3.81242859,8.253558794));
#1027=CARTESIAN_POINT('',(9.354120597,-3.81242859,8.495300813));
#1028=CARTESIAN_POINT('',(9.287083201,-3.81242859,8.736387228));
#1029=CARTESIAN_POINT('',(9.218042397,-3.81242859,8.976822695));
#1030=CARTESIAN_POINT('',(9.147012377,-3.81242859,9.216611827));
#1031=CARTESIAN_POINT('',(9.074007198,-3.81242859,9.455759192));
#1032=CARTESIAN_POINT('',(8.99904078,-3.81242859,9.69426931));
#1033=CARTESIAN_POINT('',(8.922126903,-3.81242859,9.932146661));
#1034=CARTESIAN_POINT('',(8.869561765,-3.81242859,10.090312669));
#1035=CARTESIAN_POINT('',(8.81635653,-3.81242859,10.248270697));
#1036=CARTESIAN_POINT('',(8.789433855,-3.81242859,10.327145718));
#1037=CARTESIAN_POINT('',(8.760787801,-3.81242859,10.40998194));
#1038=CARTESIAN_POINT('',(8.759381399,-3.81242859,10.414046132));
#1039=CARTESIAN_POINT('',(8.757974151,-3.81242859,10.41811005));
#1040=CARTESIAN_POINT('',(10.34034379,-3.68742734,2.472824951));
#1041=CARTESIAN_POINT('',(10.339789169,-3.68742734,2.484005667));
#1042=CARTESIAN_POINT('',(10.33922781,-3.68742734,2.495184193));
#1043=CARTESIAN_POINT('',(10.334278224,-3.68742734,2.592559627));
#1044=CARTESIAN_POINT('',(10.329496245,-3.68742734,2.678628595));
#1045=CARTESIAN_POINT('',(10.319137188,-3.68742734,2.850508191));
#1046=CARTESIAN_POINT('',(10.31356011,-3.68742734,2.936318816));
#1047=CARTESIAN_POINT('',(10.301616699,-3.68742734,3.107683624));
#1048=CARTESIAN_POINT('',(10.288884037,-3.68742734,3.278791987));
#1049=CARTESIAN_POINT('',(10.274584449,-3.68742734,3.449391225));
#1050=CARTESIAN_POINT('',(10.259507163,-3.68742734,3.619737775));
#1051=CARTESIAN_POINT('',(10.243652154,-3.68742734,3.789831627));
#1052=CARTESIAN_POINT('',(10.226253136,-3.68742734,3.959423799));
#1053=CARTESIAN_POINT('',(10.20808776,-3.68742734,4.128766968));
#1054=CARTESIAN_POINT('',(10.189156033,-3.68742734,4.297861133));
#1055=CARTESIAN_POINT('',(10.168702822,-3.68742734,4.466460938));
#1056=CARTESIAN_POINT('',(10.147494421,-3.68742734,4.634815368));
#1057=CARTESIAN_POINT('',(10.136512635,-3.68742734,4.718869897));
#1058=CARTESIAN_POINT('',(10.113799394,-3.68742734,4.886735375));
#1059=CARTESIAN_POINT('',(10.102067941,-3.68742734,4.970546322));
#1060=CARTESIAN_POINT('',(10.077860839,-3.68742734,5.137926415));
#1061=CARTESIAN_POINT('',(10.052909543,-3.68742734,5.305064704));
#1062=CARTESIAN_POINT('',(10.013266285,-3.68742734,5.555052013));
#1063=CARTESIAN_POINT('',(9.985370663,-3.68742734,5.721233632));
#1064=CARTESIAN_POINT('',(9.956746972,-3.68742734,5.887178689));
#1065=CARTESIAN_POINT('',(9.927395226,-3.68742734,6.052887184));
#1066=CARTESIAN_POINT('',(9.896597916,-3.68742734,6.218125988));
#1067=CARTESIAN_POINT('',(9.865083078,-3.68742734,6.383131653));
#1068=CARTESIAN_POINT('',(9.832850692,-3.68742734,6.547904172));
#1069=CARTESIAN_POINT('',(9.782365082,-3.68742734,6.794368588));
#1070=CARTESIAN_POINT('',(9.729757872,-3.68742734,7.040143654));
#1071=CARTESIAN_POINT('',(9.675044365,-3.68742734,7.285234343));
#1072=CARTESIAN_POINT('',(9.618239723,-3.68742734,7.52964558));
#1073=CARTESIAN_POINT('',(9.559358969,-3.68742734,7.773382248));
#1074=CARTESIAN_POINT('',(9.498416992,-3.68742734,8.016449184));
#1075=CARTESIAN_POINT('',(9.435428537,-3.68742734,8.25885118));
#1076=CARTESIAN_POINT('',(9.370408215,-3.68742734,8.500592981));
#1077=CARTESIAN_POINT('',(9.303370496,-3.68742734,8.74167929));
#1078=CARTESIAN_POINT('',(9.234329714,-3.68742734,8.982114765));
#1079=CARTESIAN_POINT('',(9.163300063,-3.68742734,9.221904017));
#1080=CARTESIAN_POINT('',(9.0902956,-3.68742734,9.461051614));
#1081=CARTESIAN_POINT('',(9.015330241,-3.68742734,9.699562077));
#1082=CARTESIAN_POINT('',(8.938417764,-3.68742734,9.937439883));
#1083=CARTESIAN_POINT('',(8.885853802,-3.68742734,10.095606273));
#1084=CARTESIAN_POINT('',(8.832649842,-3.68742734,10.253564715));
#1085=CARTESIAN_POINT('',(8.805727871,-3.68742734,10.332439964));
#1086=CARTESIAN_POINT('',(8.777082612,-3.68742734,10.415276445));
#1087=CARTESIAN_POINT('',(8.775676249,-3.68742734,10.41934065));
#1088=CARTESIAN_POINT('',(8.77426904,-3.68742734,10.423404581));
#1089=CARTESIAN_POINT('',(10.356332277,-3.56242609,2.478019925));
#1090=CARTESIAN_POINT('',(10.355777284,-3.56242609,2.48920052));
#1091=CARTESIAN_POINT('',(10.355215552,-3.56242609,2.500378925));
#1092=CARTESIAN_POINT('',(10.350262736,-3.56242609,2.59775331));
#1093=CARTESIAN_POINT('',(10.345477946,-3.56242609,2.683821365));
#1094=CARTESIAN_POINT('',(10.335113383,-3.56242609,2.855699171));
#1095=CARTESIAN_POINT('',(10.329533608,-3.56242609,2.94150892));
#1096=CARTESIAN_POINT('',(10.317584925,-3.56242609,3.112872015));
#1097=CARTESIAN_POINT('',(10.304847094,-3.56242609,3.283978699));
#1098=CARTESIAN_POINT('',(10.290542577,-3.56242609,3.454576335));
#1099=CARTESIAN_POINT('',(10.275460455,-3.56242609,3.624921314));
#1100=CARTESIAN_POINT('',(10.259600742,-3.56242609,3.795013637));
#1101=CARTESIAN_POINT('',(10.242197236,-3.56242609,3.964604351));
#1102=CARTESIAN_POINT('',(10.224027487,-3.56242609,4.133946099));
#1103=CARTESIAN_POINT('',(10.205091503,-3.56242609,4.303038881));
#1104=CARTESIAN_POINT('',(10.18463425,-3.56242609,4.471637373));
#1105=CARTESIAN_POINT('',(10.163421937,-3.56242609,4.639990532));
#1106=CARTESIAN_POINT('',(10.152438242,-3.56242609,4.724044441));
#1107=CARTESIAN_POINT('',(10.129721304,-3.56242609,4.891908717));
#1108=CARTESIAN_POINT('',(10.117988059,-3.56242609,4.975719082));
#1109=CARTESIAN_POINT('',(10.093777487,-3.56242609,5.143098048));
#1110=CARTESIAN_POINT('',(10.068822833,-3.56242609,5.310235245));
#1111=CARTESIAN_POINT('',(10.029174877,-3.56242609,5.560221028));
#1112=CARTESIAN_POINT('',(10.001276342,-3.56242609,5.726401701));
#1113=CARTESIAN_POINT('',(9.972649861,-3.56242609,5.89234585));
#1114=CARTESIAN_POINT('',(9.943295427,-3.56242609,6.058053473));
#1115=CARTESIAN_POINT('',(9.912495667,-3.56242609,6.22329148));
#1116=CARTESIAN_POINT('',(9.880978474,-3.56242609,6.388296381));
#1117=CARTESIAN_POINT('',(9.848743862,-3.56242609,6.553068176));
#1118=CARTESIAN_POINT('',(9.798255237,-3.56242609,6.799531612));
#1119=CARTESIAN_POINT('',(9.745645353,-3.56242609,7.045305809));
#1120=CARTESIAN_POINT('',(9.690929507,-3.56242609,7.290395738));
#1121=CARTESIAN_POINT('',(9.634122865,-3.56242609,7.534806326));
#1122=CARTESIAN_POINT('',(9.575240449,-3.56242609,7.778542454));
#1123=CARTESIAN_POINT('',(9.514297145,-3.56242609,8.021608959));
#1124=CARTESIAN_POINT('',(9.451307701,-3.56242609,8.264010633));
#1125=CARTESIAN_POINT('',(9.386286726,-3.56242609,8.505752222));
#1126=CARTESIAN_POINT('',(9.319248693,-3.56242609,8.746838429));
#1127=CARTESIAN_POINT('',(9.250207932,-3.56242609,8.987273911));
#1128=CARTESIAN_POINT('',(9.179178639,-3.56242609,9.227063279));
#1129=CARTESIAN_POINT('',(9.106174872,-3.56242609,9.466211102));
#1130=CARTESIAN_POINT('',(9.031210546,-3.56242609,9.704721901));
#1131=CARTESIAN_POINT('',(8.954299443,-3.56242609,9.942600153));
#1132=CARTESIAN_POINT('',(8.901736614,-3.56242609,10.100766911));
#1133=CARTESIAN_POINT('',(8.848533911,-3.56242609,10.258725762));
#1134=CARTESIAN_POINT('',(8.821612619,-3.56242609,10.337601232));
#1135=CARTESIAN_POINT('',(8.792968136,-3.56242609,10.420437964));
#1136=CARTESIAN_POINT('',(8.791561811,-3.56242609,10.424502182));
#1137=CARTESIAN_POINT('',(8.790154641,-3.56242609,10.428566125));
#1138=CARTESIAN_POINT('',(10.371497465,-3.43742484,2.482947393));
#1139=CARTESIAN_POINT('',(10.370942118,-3.43742484,2.494127873));
#1140=CARTESIAN_POINT('',(10.370380033,-3.43742484,2.505306164));
#1141=CARTESIAN_POINT('',(10.365424147,-3.43742484,2.602679551));
#1142=CARTESIAN_POINT('',(10.360636693,-3.43742484,2.68874674));
#1143=CARTESIAN_POINT('',(10.350266907,-3.43742484,2.86062285));
#1144=CARTESIAN_POINT('',(10.344684582,-3.43742484,2.94643177));
#1145=CARTESIAN_POINT('',(10.332730884,-3.43742484,3.117793235));
#1146=CARTESIAN_POINT('',(10.319988162,-3.43742484,3.28889833));
#1147=CARTESIAN_POINT('',(10.305678957,-3.43742484,3.459494443));
#1148=CARTESIAN_POINT('',(10.290592261,-3.43742484,3.629837936));
#1149=CARTESIAN_POINT('',(10.274728078,-3.43742484,3.799928807));
#1150=CARTESIAN_POINT('',(10.257320312,-3.43742484,3.969518137));
#1151=CARTESIAN_POINT('',(10.239146423,-3.43742484,4.138858539));
#1152=CARTESIAN_POINT('',(10.220206389,-3.43742484,4.307950005));
#1153=CARTESIAN_POINT('',(10.199745316,-3.43742484,4.476547256));
#1154=CARTESIAN_POINT('',(10.178529276,-3.43742484,4.644899204));
#1155=CARTESIAN_POINT('',(10.167543779,-3.43742484,4.728952527));
#1156=CARTESIAN_POINT('',(10.144823334,-3.43742484,4.896815664));
#1157=CARTESIAN_POINT('',(10.13308839,-3.43742484,4.980625477));
#1158=CARTESIAN_POINT('',(10.108874525,-3.43742484,5.148003373));
#1159=CARTESIAN_POINT('',(10.083916686,-3.43742484,5.315139535));
#1160=CARTESIAN_POINT('',(10.044264271,-3.43742484,5.565123869));
#1161=CARTESIAN_POINT('',(10.016362979,-3.43742484,5.731303646));
#1162=CARTESIAN_POINT('',(9.987733844,-3.43742484,5.897246934));
#1163=CARTESIAN_POINT('',(9.958376866,-3.43742484,6.062953729));
#1164=CARTESIAN_POINT('',(9.927574771,-3.43742484,6.228190978));
#1165=CARTESIAN_POINT('',(9.896055358,-3.43742484,6.393195157));
#1166=CARTESIAN_POINT('',(9.863818625,-3.43742484,6.557966264));
#1167=CARTESIAN_POINT('',(9.813327145,-3.43742484,6.804428772));
#1168=CARTESIAN_POINT('',(9.760714722,-3.43742484,7.050202144));
#1169=CARTESIAN_POINT('',(9.705996659,-3.43742484,7.295291353));
#1170=CARTESIAN_POINT('',(9.649188119,-3.43742484,7.539701324));
#1171=CARTESIAN_POINT('',(9.590304124,-3.43742484,7.783436939));
#1172=CARTESIAN_POINT('',(9.529359562,-3.43742484,8.026503035));
#1173=CARTESIAN_POINT('',(9.46636918,-3.43742484,8.268904404));
#1174=CARTESIAN_POINT('',(9.401347586,-3.43742484,8.510645792));
#1175=CARTESIAN_POINT('',(9.334309253,-3.43742484,8.751731902));
#1176=CARTESIAN_POINT('',(9.265268513,-3.43742484,8.99216739));
#1177=CARTESIAN_POINT('',(9.194239562,-3.43742484,9.23195687));
#1178=CARTESIAN_POINT('',(9.121236453,-3.43742484,9.471104907));
#1179=CARTESIAN_POINT('',(9.046273108,-3.43742484,9.709616024));
#1180=CARTESIAN_POINT('',(8.969363305,-3.43742484,9.947494699));
#1181=CARTESIAN_POINT('',(8.916801558,-3.43742484,10.105661808));
#1182=CARTESIAN_POINT('',(8.863600039,-3.43742484,10.263621044));
#1183=CARTESIAN_POINT('',(8.836679394,-3.43742484,10.342496724));
#1184=CARTESIAN_POINT('',(8.808035648,-3.43742484,10.425333696));
#1185=CARTESIAN_POINT('',(8.806629359,-3.43742484,10.429397925));
#1186=CARTESIAN_POINT('',(8.805222225,-3.43742484,10.43346188));
#1187=CARTESIAN_POINT('',(10.386251271,-3.31242359,2.487741195));
#1188=CARTESIAN_POINT('',(10.385695578,-3.31242359,2.498921563));
#1189=CARTESIAN_POINT('',(10.38513315,-3.31242359,2.510099742));
#1190=CARTESIAN_POINT('',(10.380174273,-3.31242359,2.607472157));
#1191=CARTESIAN_POINT('',(10.375384229,-3.31242359,2.693538505));
#1192=CARTESIAN_POINT('',(10.365009368,-3.31242359,2.865412965));
#1193=CARTESIAN_POINT('',(10.359424548,-3.31242359,2.951221075));
#1194=CARTESIAN_POINT('',(10.347465991,-3.31242359,3.122580961));
#1195=CARTESIAN_POINT('',(10.334718494,-3.31242359,3.293684505));
#1196=CARTESIAN_POINT('',(10.320404734,-3.31242359,3.464279138));
#1197=CARTESIAN_POINT('',(10.305313587,-3.31242359,3.634621185));
#1198=CARTESIAN_POINT('',(10.289445051,-3.31242359,3.804710641));
#1199=CARTESIAN_POINT('',(10.272033154,-3.31242359,3.974298629));
#1200=CARTESIAN_POINT('',(10.253855217,-3.31242359,4.143637716));
#1201=CARTESIAN_POINT('',(10.234911262,-3.31242359,4.312727908));
#1202=CARTESIAN_POINT('',(10.21444646,-3.31242359,4.481323947));
#1203=CARTESIAN_POINT('',(10.193226804,-3.31242359,4.64967472));
#1204=CARTESIAN_POINT('',(10.182239546,-3.31242359,4.733727471));
#1205=CARTESIAN_POINT('',(10.159515691,-3.31242359,4.9015895));
#1206=CARTESIAN_POINT('',(10.147779092,-3.31242359,4.985398776));
#1207=CARTESIAN_POINT('',(10.123562024,-3.31242359,5.15277563));
#1208=CARTESIAN_POINT('',(10.098601084,-3.31242359,5.319910785));
#1209=CARTESIAN_POINT('',(10.058944332,-3.31242359,5.56989371));
#1210=CARTESIAN_POINT('',(10.031040357,-3.31242359,5.736072615));
#1211=CARTESIAN_POINT('',(10.002408642,-3.31242359,5.902015064));
#1212=CARTESIAN_POINT('',(9.973049188,-3.31242359,6.067721056));
#1213=CARTESIAN_POINT('',(9.942244827,-3.31242359,6.232957568));
#1214=CARTESIAN_POINT('',(9.910723247,-3.31242359,6.397961043));
#1215=CARTESIAN_POINT('',(9.878484453,-3.31242359,6.56273148));
#1216=CARTESIAN_POINT('',(9.827990191,-3.31242359,6.809193085));
#1217=CARTESIAN_POINT('',(9.775375301,-3.31242359,7.054965655));
#1218=CARTESIAN_POINT('',(9.720655081,-3.31242359,7.300054163));
#1219=CARTESIAN_POINT('',(9.663844694,-3.31242359,7.544463534));
#1220=CARTESIAN_POINT('',(9.604959165,-3.31242359,7.78819865));
#1221=CARTESIAN_POINT('',(9.544013378,-3.31242359,8.031264348));
#1222=CARTESIAN_POINT('',(9.481022082,-3.31242359,8.27366542));
#1223=CARTESIAN_POINT('',(9.415999887,-3.31242359,8.515406613));
#1224=CARTESIAN_POINT('',(9.348961264,-3.31242359,8.756492629));
#1225=CARTESIAN_POINT('',(9.279920543,-3.31242359,8.996928124));
#1226=CARTESIAN_POINT('',(9.208891923,-3.31242359,9.23671771));
#1227=CARTESIAN_POINT('',(9.135889459,-3.31242359,9.475865957));
#1228=CARTESIAN_POINT('',(9.060927066,-3.31242359,9.714377384));
#1229=CARTESIAN_POINT('',(8.984018526,-3.31242359,9.952256469));
#1230=CARTESIAN_POINT('',(8.931457829,-3.31242359,10.110423919));
#1231=CARTESIAN_POINT('',(8.878257467,-3.31242359,10.268383531));
#1232=CARTESIAN_POINT('',(8.851337451,-3.31242359,10.347259415));
#1233=CARTESIAN_POINT('',(8.82269442,-3.31242359,10.430096619));
#1234=CARTESIAN_POINT('',(8.821288167,-3.31242359,10.434160861));
#1235=CARTESIAN_POINT('',(8.819881068,-3.31242359,10.438224827));
#1236=CARTESIAN_POINT('',(10.393422482,-3.249922965,2.490071263));
#1237=CARTESIAN_POINT('',(10.392866622,-3.249922965,2.501251576));
#1238=CARTESIAN_POINT('',(10.392304026,-3.249922965,2.512429701));
#1239=CARTESIAN_POINT('',(10.387343694,-3.249922965,2.609801643));
#1240=CARTESIAN_POINT('',(10.382552391,-3.249922965,2.695867582));
#1241=CARTESIAN_POINT('',(10.372175065,-3.249922965,2.867741242));
#1242=CARTESIAN_POINT('',(10.366589037,-3.249922965,2.953548959));
#1243=CARTESIAN_POINT('',(10.354628106,-3.249922965,3.124908074));
#1244=CARTESIAN_POINT('',(10.341878298,-3.249922965,3.296010866));
#1245=CARTESIAN_POINT('',(10.327562321,-3.249922965,3.46660478));
#1246=CARTESIAN_POINT('',(10.312469008,-3.249922965,3.636946122));
#1247=CARTESIAN_POINT('',(10.296598362,-3.249922965,3.807034893));
#1248=CARTESIAN_POINT('',(10.279184448,-3.249922965,3.976622225));
#1249=CARTESIAN_POINT('',(10.261004554,-3.249922965,4.145960677));
#1250=CARTESIAN_POINT('',(10.242058682,-3.249922965,4.315050246));
#1251=CARTESIAN_POINT('',(10.221592076,-3.249922965,4.483645699));
#1252=CARTESIAN_POINT('',(10.200370654,-3.249922965,4.651995898));
#1253=CARTESIAN_POINT('',(10.189382545,-3.249922965,4.736048372));
#1254=CARTESIAN_POINT('',(10.166657032,-3.249922965,4.903909863));
#1255=CARTESIAN_POINT('',(10.154919632,-3.249922965,4.987718878));
#1256=CARTESIAN_POINT('',(10.130701002,-3.249922965,5.155095225));
#1257=CARTESIAN_POINT('',(10.10573856,-3.249922965,5.322229892));
#1258=CARTESIAN_POINT('',(10.066079698,-3.249922965,5.572212131));
#1259=CARTESIAN_POINT('',(10.038174417,-3.249922965,5.738390612));
#1260=CARTESIAN_POINT('',(10.00954145,-3.249922965,5.904332654));
#1261=CARTESIAN_POINT('',(9.980180792,-3.249922965,6.070038254));
#1262=CARTESIAN_POINT('',(9.949375326,-3.249922965,6.235274408));
#1263=CARTESIAN_POINT('',(9.917852696,-3.249922965,6.400277541));
#1264=CARTESIAN_POINT('',(9.885612899,-3.249922965,6.565047653));
#1265=CARTESIAN_POINT('',(9.835117287,-3.249922965,6.811508819));
#1266=CARTESIAN_POINT('',(9.782501196,-3.249922965,7.057280999));
#1267=CARTESIAN_POINT('',(9.727779928,-3.249922965,7.302369166));
#1268=CARTESIAN_POINT('',(9.670968643,-3.249922965,7.546778245));
#1269=CARTESIAN_POINT('',(9.612082367,-3.249922965,7.790513119));
#1270=CARTESIAN_POINT('',(9.551135986,-3.249922965,8.033578624));
#1271=CARTESIAN_POINT('',(9.488144246,-3.249922965,8.275979552));
#1272=CARTESIAN_POINT('',(9.423121758,-3.249922965,8.517720649));
#1273=CARTESIAN_POINT('',(9.356082993,-3.249922965,8.758806619));
#1274=CARTESIAN_POINT('',(9.287042282,-3.249922965,8.999242117));
#1275=CARTESIAN_POINT('',(9.216013823,-3.249922965,9.239031756));
#1276=CARTESIAN_POINT('',(9.14301167,-3.249922965,9.478180103));
#1277=CARTESIAN_POINT('',(9.068049741,-3.249922965,9.716691681));
#1278=CARTESIAN_POINT('',(8.991141817,-3.249922965,9.954570966));
#1279=CARTESIAN_POINT('',(8.938581631,-3.249922965,10.112738583));
#1280=CARTESIAN_POINT('',(8.885381828,-3.249922965,10.270698376));
#1281=CARTESIAN_POINT('',(8.858462117,-3.249922965,10.34957436));
#1282=CARTESIAN_POINT('',(8.829819436,-3.249922965,10.432411677));
#1283=CARTESIAN_POINT('',(8.8284132,-3.249922965,10.436475924));
#1284=CARTESIAN_POINT('',(8.827006119,-3.249922965,10.440539896));
#1285=CARTESIAN_POINT('',(10.407353769,-3.124921715,2.494597813));
#1286=CARTESIAN_POINT('',(10.406797584,-3.124921715,2.50577802));
#1287=CARTESIAN_POINT('',(10.406234664,-3.124921715,2.51695604));
#1288=CARTESIAN_POINT('',(10.401271523,-3.124921715,2.614327069));
#1289=CARTESIAN_POINT('',(10.396477767,-3.124921715,2.700392211));
#1290=CARTESIAN_POINT('',(10.386095635,-3.124921715,2.872264309));
#1291=CARTESIAN_POINT('',(10.380507263,-3.124921715,2.958071264));
#1292=CARTESIAN_POINT('',(10.368541734,-3.124921715,3.129428886));
#1293=CARTESIAN_POINT('',(10.355787424,-3.124921715,3.300530215));
#1294=CARTESIAN_POINT('',(10.341467143,-3.124921715,3.47112273));
#1295=CARTESIAN_POINT('',(10.326369628,-3.124921715,3.641462707));
#1296=CARTESIAN_POINT('',(10.310494873,-3.124921715,3.811550143));
#1297=CARTESIAN_POINT('',(10.293077048,-3.124921715,3.981136204));
#1298=CARTESIAN_POINT('',(10.274893345,-3.124921715,4.150473418));
#1299=CARTESIAN_POINT('',(10.255943761,-3.124921715,4.319561782));
#1300=CARTESIAN_POINT('',(10.235473631,-3.124921715,4.488156089));
#1301=CARTESIAN_POINT('',(10.214248802,-3.124921715,4.656505181));
#1302=CARTESIAN_POINT('',(10.203259029,-3.124921715,4.740557115));
#1303=CARTESIAN_POINT('',(10.180530292,-3.124921715,4.908417558));
#1304=CARTESIAN_POINT('',(10.168791327,-3.124921715,4.992226064));
#1305=CARTESIAN_POINT('',(10.14456968,-3.124921715,5.159601432));
#1306=CARTESIAN_POINT('',(10.119604305,-3.124921715,5.326735146));
#1307=CARTESIAN_POINT('',(10.079941349,-3.124921715,5.576716055));
#1308=CARTESIAN_POINT('',(10.052033535,-3.124921715,5.742893712));
#1309=CARTESIAN_POINT('',(10.023398129,-3.124921715,5.908834962));
#1310=CARTESIAN_POINT('',(9.994035133,-3.124921715,6.074539803));
#1311=CARTESIAN_POINT('',(9.963227525,-3.124921715,6.23977526));
#1312=CARTESIAN_POINT('',(9.93170285,-3.124921715,6.404777729));
#1313=CARTESIAN_POINT('',(9.899461108,-3.124921715,6.569547209));
#1314=CARTESIAN_POINT('',(9.848962871,-3.124921715,6.816007521));
#1315=CARTESIAN_POINT('',(9.796344448,-3.124921715,7.061778944));
#1316=CARTESIAN_POINT('',(9.741621141,-3.124921715,7.306866449));
#1317=CARTESIAN_POINT('',(9.684808114,-3.124921715,7.551274962));
#1318=CARTESIAN_POINT('',(9.625920388,-3.124921715,7.795009364));
#1319=CARTESIAN_POINT('',(9.564972849,-3.124921715,8.038074493));
#1320=CARTESIAN_POINT('',(9.501980248,-3.124921715,8.280475141));
#1321=CARTESIAN_POINT('',(9.436957191,-3.124921715,8.522216054));
#1322=CARTESIAN_POINT('',(9.369918151,-3.124921715,8.763301934));
#1323=CARTESIAN_POINT('',(9.30087746,-3.124921715,9.003737439));
#1324=CARTESIAN_POINT('',(9.229849312,-3.124921715,9.243527179));
#1325=CARTESIAN_POINT('',(9.156847766,-3.124921715,9.482675723));
#1326=CARTESIAN_POINT('',(9.081886737,-3.124921715,9.721187594));
#1327=CARTESIAN_POINT('',(9.004980007,-3.124921715,9.959067267));
#1328=CARTESIAN_POINT('',(8.952420814,-3.124921715,10.117235206));
#1329=CARTESIAN_POINT('',(8.899222102,-3.124921715,10.275195354));
#1330=CARTESIAN_POINT('',(8.872302986,-3.124921715,10.35407153));
#1331=CARTESIAN_POINT('',(8.84366098,-3.124921715,10.436909068));
#1332=CARTESIAN_POINT('',(8.842254777,-3.124921715,10.440973325));
#1333=CARTESIAN_POINT('',(8.840847729,-3.124921715,10.445037308));
#1334=CARTESIAN_POINT('',(10.42087393,-2.999920465,2.498990779));
#1335=CARTESIAN_POINT('',(10.420317429,-2.999920465,2.510170884));
#1336=CARTESIAN_POINT('',(10.419754194,-2.999920465,2.521348801));
#1337=CARTESIAN_POINT('',(10.414788304,-2.999920465,2.618718938));
#1338=CARTESIAN_POINT('',(10.409992178,-2.999920465,2.704783309));
#1339=CARTESIAN_POINT('',(10.399605399,-2.999920465,2.876653897));
#1340=CARTESIAN_POINT('',(10.394014745,-2.999920465,2.962460111));
#1341=CARTESIAN_POINT('',(10.382044747,-2.999920465,3.13381628));
#1342=CARTESIAN_POINT('',(10.369286073,-2.999920465,3.304916192));
#1343=CARTESIAN_POINT('',(10.354961614,-2.999920465,3.475507349));
#1344=CARTESIAN_POINT('',(10.339860017,-2.999920465,3.645846));
#1345=CARTESIAN_POINT('',(10.323981276,-2.999920465,3.815932141));
#1346=CARTESIAN_POINT('',(10.306559657,-2.999920465,3.98551697));
#1347=CARTESIAN_POINT('',(10.288372255,-2.999920465,4.154852982));
#1348=CARTESIAN_POINT('',(10.269419066,-2.999920465,4.323940173));
#1349=CARTESIAN_POINT('',(10.24894553,-2.999920465,4.492533374));
#1350=CARTESIAN_POINT('',(10.227717375,-2.999920465,4.660881386));
#1351=CARTESIAN_POINT('',(10.216725993,-2.999920465,4.744932797));
#1352=CARTESIAN_POINT('',(10.193994133,-2.999920465,4.912792225));
#1353=CARTESIAN_POINT('',(10.182253654,-2.999920465,4.99660024));
#1354=CARTESIAN_POINT('',(10.158029063,-2.999920465,5.16397465));
#1355=CARTESIAN_POINT('',(10.133060853,-2.999920465,5.331107443));
#1356=CARTESIAN_POINT('',(10.09339392,-2.999920465,5.58108706));
#1357=CARTESIAN_POINT('',(10.065483645,-2.999920465,5.747263918));
#1358=CARTESIAN_POINT('',(10.036845876,-2.999920465,5.9132044));
#1359=CARTESIAN_POINT('',(10.007480609,-2.999920465,6.078908503));
#1360=CARTESIAN_POINT('',(9.976670923,-2.999920465,6.244143285));
#1361=CARTESIAN_POINT('',(9.945144264,-2.999920465,6.409145109));
#1362=CARTESIAN_POINT('',(9.912900633,-2.999920465,6.573913975));
#1363=CARTESIAN_POINT('',(9.862399848,-2.999920465,6.82037346));
#1364=CARTESIAN_POINT('',(9.809779162,-2.999920465,7.066144147));
#1365=CARTESIAN_POINT('',(9.755053878,-2.999920465,7.311231009));
#1366=CARTESIAN_POINT('',(9.698239157,-2.999920465,7.555638972));
#1367=CARTESIAN_POINT('',(9.639350025,-2.999920465,7.799372918));
#1368=CARTESIAN_POINT('',(9.578401364,-2.999920465,8.042437682));
#1369=CARTESIAN_POINT('',(9.515407925,-2.999920465,8.284838058));
#1370=CARTESIAN_POINT('',(9.450384316,-2.999920465,8.526578791));
#1371=CARTESIAN_POINT('',(9.38334501,-2.999920465,8.767664585));
#1372=CARTESIAN_POINT('',(9.314304337,-2.999920465,9.008100095));
#1373=CARTESIAN_POINT('',(9.243276492,-2.999920465,9.247889934));
#1374=CARTESIAN_POINT('',(9.170275535,-2.999920465,9.48703867));
#1375=CARTESIAN_POINT('',(9.095315381,-2.999920465,9.725550824));
#1376=CARTESIAN_POINT('',(9.01840981,-2.999920465,9.963430874));
#1377=CARTESIAN_POINT('',(8.965851579,-2.999920465,10.121599126));
#1378=CARTESIAN_POINT('',(8.912653924,-2.999920465,10.279559617));
#1379=CARTESIAN_POINT('',(8.885735385,-2.999920465,10.358435982));
#1380=CARTESIAN_POINT('',(8.857094036,-2.999920465,10.441273732));
#1381=CARTESIAN_POINT('',(8.855687866,-2.999920465,10.445338));
#1382=CARTESIAN_POINT('',(8.85428085,-2.999920465,10.449401994));
#1383=CARTESIAN_POINT('',(10.433572301,-2.874919215,2.50311673));
#1384=CARTESIAN_POINT('',(10.433015504,-2.874919215,2.514296739));
#1385=CARTESIAN_POINT('',(10.432451973,-2.874919215,2.52547456));
#1386=CARTESIAN_POINT('',(10.42748352,-2.874919215,2.622843863));
#1387=CARTESIAN_POINT('',(10.42268516,-2.874919215,2.708907509));
#1388=CARTESIAN_POINT('',(10.412293998,-2.874919215,2.880776673));
#1389=CARTESIAN_POINT('',(10.406701202,-2.874919215,2.966582191));
#1390=CARTESIAN_POINT('',(10.394727023,-2.874919215,3.137937002));
#1391=CARTESIAN_POINT('',(10.381964236,-2.874919215,3.309035577));
#1392=CARTESIAN_POINT('',(10.367635861,-2.874919215,3.479625462));
#1393=CARTESIAN_POINT('',(10.352530425,-2.874919215,3.649962865));
#1394=CARTESIAN_POINT('',(10.336647943,-2.874919215,3.82004779));
#1395=CARTESIAN_POINT('',(10.319222761,-2.874919215,3.989631462));
#1396=CARTESIAN_POINT('',(10.301031881,-2.874919215,4.158966343));
#1397=CARTESIAN_POINT('',(10.28207531,-2.874919215,4.328052436));
#1398=CARTESIAN_POINT('',(10.261598565,-2.874919215,4.496644595));
#1399=CARTESIAN_POINT('',(10.240367297,-2.874919215,4.664991595));
#1400=CARTESIAN_POINT('',(10.229374404,-2.874919215,4.749042515));
#1401=CARTESIAN_POINT('',(10.206639599,-2.874919215,4.916900986));
#1402=CARTESIAN_POINT('',(10.194897697,-2.874919215,5.000708538));
#1403=CARTESIAN_POINT('',(10.170670356,-2.874919215,5.168082055));
#1404=CARTESIAN_POINT('',(10.14569947,-2.874919215,5.335213979));
#1405=CARTESIAN_POINT('',(10.106028806,-2.874919215,5.585192383));
#1406=CARTESIAN_POINT('',(10.078116221,-2.874919215,5.751368491));
#1407=CARTESIAN_POINT('',(10.04947623,-2.874919215,5.917308251));
#1408=CARTESIAN_POINT('',(10.020108833,-2.874919215,6.083011661));
#1409=CARTESIAN_POINT('',(9.989297192,-2.874919215,6.248245808));
#1410=CARTESIAN_POINT('',(9.95776867,-2.874919215,6.413247028));
#1411=CARTESIAN_POINT('',(9.925523264,-2.874919215,6.578015316));
#1412=CARTESIAN_POINT('',(9.875020086,-2.874919215,6.824474024));
#1413=CARTESIAN_POINT('',(9.822397274,-2.874919215,7.07024402));
#1414=CARTESIAN_POINT('',(9.767670133,-2.874919215,7.315330279));
#1415=CARTESIAN_POINT('',(9.710853822,-2.874919215,7.559737725));
#1416=CARTESIAN_POINT('',(9.651963367,-2.874919215,7.803471241));
#1417=CARTESIAN_POINT('',(9.591013653,-2.874919215,8.046535664));
#1418=CARTESIAN_POINT('',(9.528019428,-2.874919215,8.288935784));
#1419=CARTESIAN_POINT('',(9.462995301,-2.874919215,8.530676349));
#1420=CARTESIAN_POINT('',(9.395955742,-2.874919215,8.77176206));
#1421=CARTESIAN_POINT('',(9.326915087,-2.874919215,9.012197576));
#1422=CARTESIAN_POINT('',(9.255887529,-2.874919215,9.251987509));
#1423=CARTESIAN_POINT('',(9.182887123,-2.874919215,9.491136424));
#1424=CARTESIAN_POINT('',(9.10792779,-2.874919215,9.729648845));
#1425=CARTESIAN_POINT('',(9.031023307,-2.874919215,9.967529248));
#1426=CARTESIAN_POINT('',(8.978465981,-2.874919215,10.125697794));
#1427=CARTESIAN_POINT('',(8.92526932,-2.874919215,10.283658608));
#1428=CARTESIAN_POINT('',(8.898351323,-2.874919215,10.362535148));
#1429=CARTESIAN_POINT('',(8.86971059,-2.874919215,10.445373099));
#1430=CARTESIAN_POINT('',(8.86830445,-2.874919215,10.449437377));
#1431=CARTESIAN_POINT('',(8.866897465,-2.874919215,10.453501381));
#1432=CARTESIAN_POINT('',(10.445860006,-2.749917965,2.507109247));
#1433=CARTESIAN_POINT('',(10.445302921,-2.749917965,2.518289163));
#1434=CARTESIAN_POINT('',(10.444739103,-2.749917965,2.52946689));
#1435=CARTESIAN_POINT('',(10.439768155,-2.749917965,2.626835383));
#1436=CARTESIAN_POINT('',(10.434967636,-2.749917965,2.712898328));
#1437=CARTESIAN_POINT('',(10.424572253,-2.749917965,2.88476612));
#1438=CARTESIAN_POINT('',(10.418977386,-2.749917965,2.970570965));
#1439=CARTESIAN_POINT('',(10.406999136,-2.749917965,3.141924453));
#1440=CARTESIAN_POINT('',(10.394232391,-2.749917965,3.313021742));
#1441=CARTESIAN_POINT('',(10.379900209,-2.749917965,3.48361039));
#1442=CARTESIAN_POINT('',(10.364791072,-2.749917965,3.653946591));
#1443=CARTESIAN_POINT('',(10.348904963,-2.749917965,3.824030337));
#1444=CARTESIAN_POINT('',(10.331476331,-2.749917965,3.993612888));
#1445=CARTESIAN_POINT('',(10.313282092,-2.749917965,4.162946678));
#1446=CARTESIAN_POINT('',(10.294322242,-2.749917965,4.332031706));
#1447=CARTESIAN_POINT('',(10.273842397,-2.749917965,4.500622857));
#1448=CARTESIAN_POINT('',(10.252608113,-2.749917965,4.668968877));
#1449=CARTESIAN_POINT('',(10.24161375,-2.749917965,4.753019319));
#1450=CARTESIAN_POINT('',(10.218876114,-2.749917965,4.920876871));
#1451=CARTESIAN_POINT('',(10.207132833,-2.749917965,5.004683975));
#1452=CARTESIAN_POINT('',(10.182902815,-2.749917965,5.172056622));
#1453=CARTESIAN_POINT('',(10.157929353,-2.749917965,5.339187709));
#1454=CARTESIAN_POINT('',(10.118255073,-2.749917965,5.589164938));
#1455=CARTESIAN_POINT('',(10.090340251,-2.749917965,5.755340319));
#1456=CARTESIAN_POINT('',(10.061698111,-2.749917965,5.921279381));
#1457=CARTESIAN_POINT('',(10.032328651,-2.749917965,6.086982121));
#1458=CARTESIAN_POINT('',(10.001515121,-2.749917965,6.252215654));
#1459=CARTESIAN_POINT('',(9.969984795,-2.749917965,6.417216287));
#1460=CARTESIAN_POINT('',(9.937737672,-2.749917965,6.581984018));
#1461=CARTESIAN_POINT('',(9.887232177,-2.749917965,6.828441973));
#1462=CARTESIAN_POINT('',(9.834607309,-2.749917965,7.074211301));
#1463=CARTESIAN_POINT('',(9.779878369,-2.749917965,7.319296975));
#1464=CARTESIAN_POINT('',(9.723060521,-2.749917965,7.563703922));
#1465=CARTESIAN_POINT('',(9.664168787,-2.749917965,7.807437023));
#1466=CARTESIAN_POINT('',(9.603218053,-2.749917965,8.050501113));
#1467=CARTESIAN_POINT('',(9.540223066,-2.749917965,8.292900986));
#1468=CARTESIAN_POINT('',(9.475198437,-2.749917965,8.534641388));
#1469=CARTESIAN_POINT('',(9.408158637,-2.749917965,8.775727021));
#1470=CARTESIAN_POINT('',(9.339117998,-2.749917965,9.016162542));
#1471=CARTESIAN_POINT('',(9.268090714,-2.749917965,9.255952564));
#1472=CARTESIAN_POINT('',(9.195090845,-2.749917965,9.495101653));
#1473=CARTESIAN_POINT('',(9.120132305,-2.749917965,9.733614332));
#1474=CARTESIAN_POINT('',(9.043228876,-2.749917965,9.971495078));
#1475=CARTESIAN_POINT('',(8.990672425,-2.749917965,10.129663908));
#1476=CARTESIAN_POINT('',(8.937476726,-2.749917965,10.287625035));
#1477=CARTESIAN_POINT('',(8.910559253,-2.749917965,10.366501745));
#1478=CARTESIAN_POINT('',(8.881919116,-2.749917965,10.44933989));
#1479=CARTESIAN_POINT('',(8.880513006,-2.749917965,10.453404177));
#1480=CARTESIAN_POINT('',(8.87910605,-2.749917965,10.45746819));
#1481=CARTESIAN_POINT('',(10.45179852,-2.68741734,2.509038788));
#1482=CARTESIAN_POINT('',(10.451241297,-2.68741734,2.520218658));
#1483=CARTESIAN_POINT('',(10.450677341,-2.68741734,2.531396341));
#1484=CARTESIAN_POINT('',(10.445705198,-2.68741734,2.628764445));
#1485=CARTESIAN_POINT('',(10.440903633,-2.68741734,2.71482705));
#1486=CARTESIAN_POINT('',(10.430506197,-2.68741734,2.886694175));
#1487=CARTESIAN_POINT('',(10.424910331,-2.68741734,2.972498696));
#1488=CARTESIAN_POINT('',(10.412930124,-2.68741734,3.143851548));
#1489=CARTESIAN_POINT('',(10.400161455,-2.68741734,3.314948212));
#1490=CARTESIAN_POINT('',(10.385827445,-2.68741734,3.485536266));
#1491=CARTESIAN_POINT('',(10.370716507,-2.68741734,3.655871882));
#1492=CARTESIAN_POINT('',(10.354828652,-2.68741734,3.825955061));
#1493=CARTESIAN_POINT('',(10.337398353,-2.68741734,3.995537069));
#1494=CARTESIAN_POINT('',(10.319202486,-2.68741734,4.164870331));
#1495=CARTESIAN_POINT('',(10.300241055,-2.68741734,4.333954845));
#1496=CARTESIAN_POINT('',(10.279759709,-2.68741734,4.502545508));
#1497=CARTESIAN_POINT('',(10.258523968,-2.68741734,4.670891055));
#1498=CARTESIAN_POINT('',(10.247528899,-2.68741734,4.754941268));
#1499=CARTESIAN_POINT('',(10.224789885,-2.68741734,4.922798372));
#1500=CARTESIAN_POINT('',(10.21304594,-2.68741734,5.00660526));
#1501=CARTESIAN_POINT('',(10.188814633,-2.68741734,5.173977488));
#1502=CARTESIAN_POINT('',(10.163839923,-2.68741734,5.341108169));
#1503=CARTESIAN_POINT('',(10.124163897,-2.68741734,5.591084831));
#1504=CARTESIAN_POINT('',(10.096247994,-2.68741734,5.757259861));
#1505=CARTESIAN_POINT('',(10.067604815,-2.68741734,5.923198585));
#1506=CARTESIAN_POINT('',(10.038234358,-2.68741734,6.088901001));
#1507=CARTESIAN_POINT('',(10.007419915,-2.68741734,6.254134238));
#1508=CARTESIAN_POINT('',(9.975888717,-2.68741734,6.419134588));
#1509=CARTESIAN_POINT('',(9.943640763,-2.68741734,6.583902049));
#1510=CARTESIAN_POINT('',(9.893134149,-2.68741734,6.83035964));
#1511=CARTESIAN_POINT('',(9.840508288,-2.68741734,7.076128646));
#1512=CARTESIAN_POINT('',(9.785778479,-2.68741734,7.321214037));
#1513=CARTESIAN_POINT('',(9.728959887,-2.68741734,7.565620742));
#1514=CARTESIAN_POINT('',(9.670067535,-2.68741734,7.809353642));
#1515=CARTESIAN_POINT('',(9.609116308,-2.68741734,8.052417572));
#1516=CARTESIAN_POINT('',(9.546120953,-2.68741734,8.294817326));
#1517=CARTESIAN_POINT('',(9.481096081,-2.68741734,8.536557649));
#1518=CARTESIAN_POINT('',(9.414056164,-2.68741734,8.777643244));
#1519=CARTESIAN_POINT('',(9.345015533,-2.68741734,9.018078768));
#1520=CARTESIAN_POINT('',(9.273988383,-2.68741734,9.257868833));
#1521=CARTESIAN_POINT('',(9.200988771,-2.68741734,9.497018006));
#1522=CARTESIAN_POINT('',(9.126030616,-2.68741734,9.735530809));
#1523=CARTESIAN_POINT('',(9.049127695,-2.68741734,9.97341172));
#1524=CARTESIAN_POINT('',(8.996571668,-2.68741734,10.131580688));
#1525=CARTESIAN_POINT('',(8.943376434,-2.68741734,10.289541966));
#1526=CARTESIAN_POINT('',(8.916459213,-2.68741734,10.368418758));
#1527=CARTESIAN_POINT('',(8.887819365,-2.68741734,10.451256997));
#1528=CARTESIAN_POINT('',(8.886413269,-2.68741734,10.455321289));
#1529=CARTESIAN_POINT('',(8.885006328,-2.68741734,10.459385307));
#1530=CARTESIAN_POINT('',(10.463265094,-2.56241609,2.512764503));
#1531=CARTESIAN_POINT('',(10.462707603,-2.56241609,2.523944287));
#1532=CARTESIAN_POINT('',(10.462143379,-2.56241609,2.535121883));
#1533=CARTESIAN_POINT('',(10.457168905,-2.56241609,2.63248923));
#1534=CARTESIAN_POINT('',(10.452365329,-2.56241609,2.718551181));
#1535=CARTESIAN_POINT('',(10.441963952,-2.56241609,2.890417026));
#1536=CARTESIAN_POINT('',(10.436366145,-2.56241609,2.976220916));
#1537=CARTESIAN_POINT('',(10.424382156,-2.56241609,3.147572538));
#1538=CARTESIAN_POINT('',(10.411609779,-2.56241609,3.318667998));
#1539=CARTESIAN_POINT('',(10.397272223,-2.56241609,3.4892549));
#1540=CARTESIAN_POINT('',(10.382157829,-2.56241609,3.659589392));
#1541=CARTESIAN_POINT('',(10.366266589,-2.56241609,3.829671472));
#1542=CARTESIAN_POINT('',(10.348833071,-2.56241609,3.999252434));
#1543=CARTESIAN_POINT('',(10.330634068,-2.56241609,4.168584677));
#1544=CARTESIAN_POINT('',(10.311669578,-2.56241609,4.337668197));
#1545=CARTESIAN_POINT('',(10.291185338,-2.56241609,4.50625792));
#1546=CARTESIAN_POINT('',(10.269946782,-2.56241609,4.674602552));
#1547=CARTESIAN_POINT('',(10.258950348,-2.56241609,4.758652322));
#1548=CARTESIAN_POINT('',(10.23620868,-2.56241609,4.926508563));
#1549=CARTESIAN_POINT('',(10.224463447,-2.56241609,5.010315033));
#1550=CARTESIAN_POINT('',(10.200229655,-2.56241609,5.177686454));
#1551=CARTESIAN_POINT('',(10.175252531,-2.56241609,5.34481635));
#1552=CARTESIAN_POINT('',(10.135573133,-2.56241609,5.594791917));
#1553=CARTESIAN_POINT('',(10.107655145,-2.56241609,5.760966269));
#1554=CARTESIAN_POINT('',(10.079009958,-2.56241609,5.926904341));
#1555=CARTESIAN_POINT('',(10.049637576,-2.56241609,6.092606131));
#1556=CARTESIAN_POINT('',(10.01882137,-2.56241609,6.257838795));
#1557=CARTESIAN_POINT('',(9.987288487,-2.56241609,6.422838598));
#1558=CARTESIAN_POINT('',(9.955038934,-2.56241609,6.587605539));
#1559=CARTESIAN_POINT('',(9.904530158,-2.56241609,6.834062427));
#1560=CARTESIAN_POINT('',(9.851902375,-2.56241609,7.079830809));
#1561=CARTESIAN_POINT('',(9.79717089,-2.56241609,7.324915656));
#1562=CARTESIAN_POINT('',(9.740350861,-2.56241609,7.569321894));
#1563=CARTESIAN_POINT('',(9.681457314,-2.56241609,7.813054405));
#1564=CARTESIAN_POINT('',(9.620505135,-2.56241609,8.056118027));
#1565=CARTESIAN_POINT('',(9.557509071,-2.56241609,8.29851755));
#1566=CARTESIAN_POINT('',(9.492483732,-2.56241609,8.540257721));
#1567=CARTESIAN_POINT('',(9.425443587,-2.56241609,8.781343242));
#1568=CARTESIAN_POINT('',(9.356402971,-2.56241609,9.021778771));
#1569=CARTESIAN_POINT('',(9.285376079,-2.56241609,9.261568919));
#1570=CARTESIAN_POINT('',(9.212376965,-2.56241609,9.500718254));
#1571=CARTESIAN_POINT('',(9.137419551,-2.56241609,9.739231299));
#1572=CARTESIAN_POINT('',(9.060517616,-2.56241609,9.97711253));
#1573=CARTESIAN_POINT('',(9.007962404,-2.56241609,10.135281762));
#1574=CARTESIAN_POINT('',(8.954768067,-2.56241609,10.293243332));
#1575=CARTESIAN_POINT('',(8.927851336,-2.56241609,10.372120283));
#1576=CARTESIAN_POINT('',(8.899212045,-2.56241609,10.454958703));
#1577=CARTESIAN_POINT('',(8.897805975,-2.56241609,10.459023004));
#1578=CARTESIAN_POINT('',(8.896399062,-2.56241609,10.46308703));
#1579=CARTESIAN_POINT('',(10.468793148,-2.499915465,2.514560677));
#1580=CARTESIAN_POINT('',(10.468235528,-2.499915465,2.525740418));
#1581=CARTESIAN_POINT('',(10.467671176,-2.499915465,2.536917973));
#1582=CARTESIAN_POINT('',(10.46269559,-2.499915465,2.634284958));
#1583=CARTESIAN_POINT('',(10.457891038,-2.499915465,2.720346592));
#1584=CARTESIAN_POINT('',(10.447487753,-2.499915465,2.892211817));
#1585=CARTESIAN_POINT('',(10.441889015,-2.499915465,2.978015405));
#1586=CARTESIAN_POINT('',(10.4299032,-2.499915465,3.149366435));
#1587=CARTESIAN_POINT('',(10.417129036,-2.499915465,3.320461313));
#1588=CARTESIAN_POINT('',(10.402789774,-2.499915465,3.491047661));
#1589=CARTESIAN_POINT('',(10.387673708,-2.499915465,3.66138161));
#1590=CARTESIAN_POINT('',(10.371780839,-2.499915465,3.83146316));
#1591=CARTESIAN_POINT('',(10.354345769,-2.499915465,4.001043619));
#1592=CARTESIAN_POINT('',(10.336145253,-2.499915465,4.17037537));
#1593=CARTESIAN_POINT('',(10.317179291,-2.499915465,4.339458411));
#1594=CARTESIAN_POINT('',(10.296693652,-2.499915465,4.50804768));
#1595=CARTESIAN_POINT('',(10.275453743,-2.499915465,4.676391872));
#1596=CARTESIAN_POINT('',(10.26445665,-2.499915465,4.760441427));
#1597=CARTESIAN_POINT('',(10.2417137,-2.499915465,4.928297252));
#1598=CARTESIAN_POINT('',(10.229967848,-2.499915465,5.012103521));
#1599=CARTESIAN_POINT('',(10.205732856,-2.499915465,5.179474552));
#1600=CARTESIAN_POINT('',(10.18075457,-2.499915465,5.346604071));
#1601=CARTESIAN_POINT('',(10.141073545,-2.499915465,5.596579109));
#1602=CARTESIAN_POINT('',(10.113154551,-2.499915465,5.762753134));
#1603=CARTESIAN_POINT('',(10.084508398,-2.499915465,5.928690892));
#1604=CARTESIAN_POINT('',(10.055135087,-2.499915465,6.094392381));
#1605=CARTESIAN_POINT('',(10.024318029,-2.499915465,6.259624768));
#1606=CARTESIAN_POINT('',(9.992784338,-2.499915465,6.424624308));
#1607=CARTESIAN_POINT('',(9.96053401,-2.499915465,6.589390997));
#1608=CARTESIAN_POINT('',(9.910024191,-2.499915465,6.835847547));
#1609=CARTESIAN_POINT('',(9.857395484,-2.499915465,7.081615628));
#1610=CARTESIAN_POINT('',(9.80266319,-2.499915465,7.326700212));
#1611=CARTESIAN_POINT('',(9.745842469,-2.499915465,7.571106226));
#1612=CARTESIAN_POINT('',(9.686948347,-2.499915465,7.81483855));
#1613=CARTESIAN_POINT('',(9.625995708,-2.499915465,8.057902022));
#1614=CARTESIAN_POINT('',(9.562999303,-2.499915465,8.300301434));
#1615=CARTESIAN_POINT('',(9.497973737,-2.499915465,8.542041532));
#1616=CARTESIAN_POINT('',(9.430933483,-2.499915465,8.783127017));
#1617=CARTESIAN_POINT('',(9.361892875,-2.499915465,9.023562549));
#1618=CARTESIAN_POINT('',(9.290866106,-2.499915465,9.263352737));
#1619=CARTESIAN_POINT('',(9.217867234,-2.499915465,9.502502151));
#1620=CARTESIAN_POINT('',(9.142910177,-2.499915465,9.741015311));
#1621=CARTESIAN_POINT('',(9.066008714,-2.499915465,9.978896696));
#1622=CARTESIAN_POINT('',(9.013453897,-2.499915465,10.137066057));
#1623=CARTESIAN_POINT('',(8.960259992,-2.499915465,10.295027767));
#1624=CARTESIAN_POINT('',(8.933343497,-2.499915465,10.373904795));
#1625=CARTESIAN_POINT('',(8.904704475,-2.499915465,10.456743301));
#1626=CARTESIAN_POINT('',(8.903298419,-2.499915465,10.460807607));
#1627=CARTESIAN_POINT('',(8.901891518,-2.499915465,10.464871638));
#1628=CARTESIAN_POINT('',(10.479438996,-2.374914215,2.518019722));
#1629=CARTESIAN_POINT('',(10.478881126,-2.374914215,2.529199383));
#1630=CARTESIAN_POINT('',(10.478316526,-2.374914215,2.540376856));
#1631=CARTESIAN_POINT('',(10.473338778,-2.374914215,2.63774314));
#1632=CARTESIAN_POINT('',(10.46853236,-2.374914215,2.723804167));
#1633=CARTESIAN_POINT('',(10.458125406,-2.374914215,2.8956682));
#1634=CARTESIAN_POINT('',(10.452524877,-2.374914215,2.981471206));
#1635=CARTESIAN_POINT('',(10.44053554,-2.374914215,3.152821091));
#1636=CARTESIAN_POINT('',(10.42775794,-2.374914215,3.323914853));
#1637=CARTESIAN_POINT('',(10.413415387,-2.374914215,3.494500131));
#1638=CARTESIAN_POINT('',(10.398296106,-2.374914215,3.664833037));
#1639=CARTESIAN_POINT('',(10.382400098,-2.374914215,3.834913567));
#1640=CARTESIAN_POINT('',(10.364962039,-2.374914215,4.004493054));
#1641=CARTESIAN_POINT('',(10.346758609,-2.374914215,4.173823858));
#1642=CARTESIAN_POINT('',(10.327789808,-2.374914215,4.342905977));
#1643=CARTESIAN_POINT('',(10.307301485,-2.374914215,4.511494373));
#1644=CARTESIAN_POINT('',(10.286058957,-2.374914215,4.679837715));
#1645=CARTESIAN_POINT('',(10.275060594,-2.374914215,4.763886858));
#1646=CARTESIAN_POINT('',(10.252315188,-2.374914215,4.931741885));
#1647=CARTESIAN_POINT('',(10.240568141,-2.374914215,5.015547765));
#1648=CARTESIAN_POINT('',(10.216330832,-2.374914215,5.182918043));
#1649=CARTESIAN_POINT('',(10.191350312,-2.374914215,5.350046836));
#1650=CARTESIAN_POINT('',(10.151666154,-2.374914215,5.600020857));
#1651=CARTESIAN_POINT('',(10.123745222,-2.374914215,5.766194252));
#1652=CARTESIAN_POINT('',(10.095097207,-2.374914215,5.932131405));
#1653=CARTESIAN_POINT('',(10.065722108,-2.374914215,6.097832313));
#1654=CARTESIAN_POINT('',(10.034903414,-2.374914215,6.263064168));
#1655=CARTESIAN_POINT('',(10.003368158,-2.374914215,6.428063199));
#1656=CARTESIAN_POINT('',(9.971116343,-2.374914215,6.592829406));
#1657=CARTESIAN_POINT('',(9.920604517,-2.374914215,6.839285303));
#1658=CARTESIAN_POINT('',(9.867974028,-2.374914215,7.085052805));
#1659=CARTESIAN_POINT('',(9.813240175,-2.374914215,7.330136883));
#1660=CARTESIAN_POINT('',(9.756418121,-2.374914215,7.574542464));
#1661=CARTESIAN_POINT('',(9.697522891,-2.374914215,7.818274428));
#1662=CARTESIAN_POINT('',(9.636569369,-2.374914215,8.061337613));
#1663=CARTESIAN_POINT('',(9.573572302,-2.374914215,8.30373681));
#1664=CARTESIAN_POINT('',(9.508546301,-2.374914215,8.545476766));
#1665=CARTESIAN_POINT('',(9.441505837,-2.374914215,8.786562183));
#1666=CARTESIAN_POINT('',(9.372465243,-2.374914215,9.026997719));
#1667=CARTESIAN_POINT('',(9.301438714,-2.374914215,9.266787986));
#1668=CARTESIAN_POINT('',(9.228440305,-2.374914215,9.50593755));
#1669=CARTESIAN_POINT('',(9.153483936,-2.374914215,9.744450934));
#1670=CARTESIAN_POINT('',(9.076583386,-2.374914215,9.982332615));
#1671=CARTESIAN_POINT('',(9.024029327,-2.374914215,10.140502222));
#1672=CARTESIAN_POINT('',(8.970836256,-2.374914215,10.298464203));
#1673=CARTESIAN_POINT('',(8.943920216,-2.374914215,10.377341379));
#1674=CARTESIAN_POINT('',(8.915281709,-2.374914215,10.460180053));
#1675=CARTESIAN_POINT('',(8.913875679,-2.374914215,10.464244367));
#1676=CARTESIAN_POINT('',(8.912468804,-2.374914215,10.468308406));
#1677=CARTESIAN_POINT('',(10.484556785,-2.31241359,2.519682593));
#1678=CARTESIAN_POINT('',(10.483998796,-2.31241359,2.530862215));
#1679=CARTESIAN_POINT('',(10.483434076,-2.31241359,2.542039649));
#1680=CARTESIAN_POINT('',(10.478455295,-2.31241359,2.639405597));
#1681=CARTESIAN_POINT('',(10.473647976,-2.31241359,2.725466332));
#1682=CARTESIAN_POINT('',(10.463239257,-2.31241359,2.897329791));
#1683=CARTESIAN_POINT('',(10.457637866,-2.31241359,2.983132517));
#1684=CARTESIAN_POINT('',(10.445646839,-2.31241359,3.154481853));
#1685=CARTESIAN_POINT('',(10.432867585,-2.31241359,3.325575078));
#1686=CARTESIAN_POINT('',(10.418523447,-2.31241359,3.496159841));
#1687=CARTESIAN_POINT('',(10.403402625,-2.31241359,3.666492245));
#1688=CARTESIAN_POINT('',(10.387505105,-2.31241359,3.836572284));
#1689=CARTESIAN_POINT('',(10.370065612,-2.31241359,4.006151305));
#1690=CARTESIAN_POINT('',(10.351860778,-2.31241359,4.175481653));
#1691=CARTESIAN_POINT('',(10.332890614,-2.31241359,4.34456333));
#1692=CARTESIAN_POINT('',(10.312400996,-2.31241359,4.513151305));
#1693=CARTESIAN_POINT('',(10.291157215,-2.31241359,4.68149424));
#1694=CARTESIAN_POINT('',(10.280158242,-2.31241359,4.765543184));
#1695=CARTESIAN_POINT('',(10.25741165,-2.31241359,4.933397825));
#1696=CARTESIAN_POINT('',(10.245664029,-2.31241359,5.017203519));
#1697=CARTESIAN_POINT('',(10.22142561,-2.31241359,5.184573437));
#1698=CARTESIAN_POINT('',(10.196444011,-2.31241359,5.35170188));
#1699=CARTESIAN_POINT('',(10.156758351,-2.31241359,5.601675412));
#1700=CARTESIAN_POINT('',(10.128836486,-2.31241359,5.767848504));
#1701=CARTESIAN_POINT('',(10.100187577,-2.31241359,5.933785366));
#1702=CARTESIAN_POINT('',(10.070811617,-2.31241359,6.099485994));
#1703=CARTESIAN_POINT('',(10.039992136,-2.31241359,6.264717594));
#1704=CARTESIAN_POINT('',(10.008456128,-2.31241359,6.429716381));
#1705=CARTESIAN_POINT('',(9.976203598,-2.31241359,6.594482355));
#1706=CARTESIAN_POINT('',(9.925690807,-2.31241359,6.840937939));
#1707=CARTESIAN_POINT('',(9.873059461,-2.31241359,7.086705163));
#1708=CARTESIAN_POINT('',(9.81832486,-2.31241359,7.331788998));
#1709=CARTESIAN_POINT('',(9.761502165,-2.31241359,7.57619437));
#1710=CARTESIAN_POINT('',(9.702606402,-2.31241359,7.819926161));
#1711=CARTESIAN_POINT('',(9.641652454,-2.31241359,8.062989207));
#1712=CARTESIAN_POINT('',(9.578655071,-2.31241359,8.305388301));
#1713=CARTESIAN_POINT('',(9.513628861,-2.31241359,8.54712819));
#1714=CARTESIAN_POINT('',(9.446588296,-2.31241359,8.788213575));
#1715=CARTESIAN_POINT('',(9.377547709,-2.31241359,9.028649113));
#1716=CARTESIAN_POINT('',(9.306521294,-2.31241359,9.268439416));
#1717=CARTESIAN_POINT('',(9.233523109,-2.31241359,9.507589053));
#1718=CARTESIAN_POINT('',(9.15856707,-2.31241359,9.746102544));
#1719=CARTESIAN_POINT('',(9.081666959,-2.31241359,9.983984368));
#1720=CARTESIAN_POINT('',(9.029113264,-2.31241359,10.142154094));
#1721=CARTESIAN_POINT('',(8.975920595,-2.31241359,10.300116205));
#1722=CARTESIAN_POINT('',(8.949004772,-2.31241359,10.378993451));
#1723=CARTESIAN_POINT('',(8.920366514,-2.31241359,10.461832207));
#1724=CARTESIAN_POINT('',(8.918960496,-2.31241359,10.465896524));
#1725=CARTESIAN_POINT('',(8.917553633,-2.31241359,10.469960567));
#1726=CARTESIAN_POINT('',(10.494382279,-2.18741234,2.522875089));
#1727=CARTESIAN_POINT('',(10.49382406,-2.18741234,2.534054636));
#1728=CARTESIAN_POINT('',(10.493259111,-2.18741234,2.545231997));
#1729=CARTESIAN_POINT('',(10.488278337,-2.18741234,2.642597297));
#1730=CARTESIAN_POINT('',(10.48346929,-2.18741234,2.72865747));
#1731=CARTESIAN_POINT('',(10.473057193,-2.18741234,2.900519832));
#1732=CARTESIAN_POINT('',(10.467454138,-2.18741234,2.986322017));
#1733=CARTESIAN_POINT('',(10.455459873,-2.18741234,3.157670301));
#1734=CARTESIAN_POINT('',(10.442677437,-2.18741234,3.328762492));
#1735=CARTESIAN_POINT('',(10.428330269,-2.18741234,3.49934627));
#1736=CARTESIAN_POINT('',(10.413206472,-2.18741234,3.669677708));
#1737=CARTESIAN_POINT('',(10.397306061,-2.18741234,3.839756807));
#1738=CARTESIAN_POINT('',(10.379863803,-2.18741234,4.009334931));
#1739=CARTESIAN_POINT('',(10.361656286,-2.18741234,4.178664407));
#1740=CARTESIAN_POINT('',(10.342683499,-2.18741234,4.347745231));
#1741=CARTESIAN_POINT('',(10.3221914,-2.18741234,4.5163324));
#1742=CARTESIAN_POINT('',(10.300945207,-2.18741234,4.684674551));
#1743=CARTESIAN_POINT('',(10.289945064,-2.18741234,4.768723115));
#1744=CARTESIAN_POINT('',(10.267196196,-2.18741234,4.936577017));
#1745=CARTESIAN_POINT('',(10.255447476,-2.18741234,5.020382354));
#1746=CARTESIAN_POINT('',(10.23120692,-2.18741234,5.187751577));
#1747=CARTESIAN_POINT('',(10.206223258,-2.18741234,5.354879349));
#1748=CARTESIAN_POINT('',(10.166534705,-2.18741234,5.604851942));
#1749=CARTESIAN_POINT('',(10.138611055,-2.18741234,5.771024454));
#1750=CARTESIAN_POINT('',(10.109960422,-2.18741234,5.936960756));
#1751=CARTESIAN_POINT('',(10.080582816,-2.18741234,6.102660849));
#1752=CARTESIAN_POINT('',(10.049761821,-2.18741234,6.267891957));
#1753=CARTESIAN_POINT('',(10.018224373,-2.18741234,6.432890276));
#1754=CARTESIAN_POINT('',(9.985970467,-2.18741234,6.597655803));
#1755=CARTESIAN_POINT('',(9.935455825,-2.18741234,6.844110786));
#1756=CARTESIAN_POINT('',(9.882822833,-2.18741234,7.089877475));
#1757=CARTESIAN_POINT('',(9.828086794,-2.18741234,7.334960842));
#1758=CARTESIAN_POINT('',(9.771262869,-2.18741234,7.579365814));
#1759=CARTESIAN_POINT('',(9.712366082,-2.18741234,7.823097273));
#1760=CARTESIAN_POINT('',(9.651411318,-2.18741234,8.066160054));
#1761=CARTESIAN_POINT('',(9.588413327,-2.18741234,8.308558951));
#1762=CARTESIAN_POINT('',(9.523386715,-2.18741234,8.550298709));
#1763=CARTESIAN_POINT('',(9.456345957,-2.18741234,8.791384031));
#1764=CARTESIAN_POINT('',(9.387305383,-2.18741234,9.031819573));
#1765=CARTESIAN_POINT('',(9.316279187,-2.18741234,9.271609948));
#1766=CARTESIAN_POINT('',(9.24328143,-2.18741234,9.510759723));
#1767=CARTESIAN_POINT('',(9.168326026,-2.18741234,9.749273421));
#1768=CARTESIAN_POINT('',(9.091426757,-2.18741234,9.987155519));
#1769=CARTESIAN_POINT('',(9.038873764,-2.18741234,10.145325472));
#1770=CARTESIAN_POINT('',(8.985681861,-2.18741234,10.303287833));
#1771=CARTESIAN_POINT('',(8.958766458,-2.18741234,10.382165215));
#1772=CARTESIAN_POINT('',(8.930128678,-2.18741234,10.465004126));
#1773=CARTESIAN_POINT('',(8.928722684,-2.18741234,10.469068451));
#1774=CARTESIAN_POINT('',(8.927315845,-2.18741234,10.473132502));
#1775=CARTESIAN_POINT('',(10.499089981,-2.124911715,2.524404715));
#1776=CARTESIAN_POINT('',(10.498531653,-2.124911715,2.535584226));
#1777=CARTESIAN_POINT('',(10.497966595,-2.124911715,2.546761551));
#1778=CARTESIAN_POINT('',(10.49298487,-2.124911715,2.644126542));
#1779=CARTESIAN_POINT('',(10.488174996,-2.124911715,2.730186447));
#1780=CARTESIAN_POINT('',(10.477761272,-2.124911715,2.90204828));
#1781=CARTESIAN_POINT('',(10.472157427,-2.124911715,2.987850208));
#1782=CARTESIAN_POINT('',(10.460161603,-2.124911715,3.159197985));
#1783=CARTESIAN_POINT('',(10.44737765,-2.124911715,3.330289684));
#1784=CARTESIAN_POINT('',(10.433029021,-2.124911715,3.500872988));
#1785=CARTESIAN_POINT('',(10.417903809,-2.124911715,3.671203965));
#1786=CARTESIAN_POINT('',(10.402002004,-2.124911715,3.841282612));
#1787=CARTESIAN_POINT('',(10.384558427,-2.124911715,4.010860306));
#1788=CARTESIAN_POINT('',(10.36634962,-2.124911715,4.180189363));
#1789=CARTESIAN_POINT('',(10.347375578,-2.124911715,4.34926978));
#1790=CARTESIAN_POINT('',(10.326882292,-2.124911715,4.517856563));
#1791=CARTESIAN_POINT('',(10.305634941,-2.124911715,4.686198338));
#1792=CARTESIAN_POINT('',(10.294634236,-2.124911715,4.77024672));
#1793=CARTESIAN_POINT('',(10.271884283,-2.124911715,4.938100269));
#1794=CARTESIAN_POINT('',(10.260135032,-2.124911715,5.021905433));
#1795=CARTESIAN_POINT('',(10.235893454,-2.124911715,5.189274324));
#1796=CARTESIAN_POINT('',(10.210908802,-2.124911715,5.356401775));
#1797=CARTESIAN_POINT('',(10.171218865,-2.124911715,5.606373918));
#1798=CARTESIAN_POINT('',(10.143294355,-2.124911715,5.77254615));
#1799=CARTESIAN_POINT('',(10.114642903,-2.124911715,5.938482186));
#1800=CARTESIAN_POINT('',(10.085264502,-2.124911715,6.104182021));
#1801=CARTESIAN_POINT('',(10.054442785,-2.124911715,6.269412895));
#1802=CARTESIAN_POINT('',(10.022904644,-2.124911715,6.434410988));
#1803=CARTESIAN_POINT('',(9.990650082,-2.124911715,6.599176302));
#1804=CARTESIAN_POINT('',(9.940134551,-2.124911715,6.845630996));
#1805=CARTESIAN_POINT('',(9.887500772,-2.124911715,7.091397429));
#1806=CARTESIAN_POINT('',(9.832764043,-2.124911715,7.336480572));
#1807=CARTESIAN_POINT('',(9.775939528,-2.124911715,7.580885353));
#1808=CARTESIAN_POINT('',(9.717042251,-2.124911715,7.824616652));
#1809=CARTESIAN_POINT('',(9.656087097,-2.124911715,8.067679307));
#1810=CARTESIAN_POINT('',(9.593088814,-2.124911715,8.310078109));
#1811=CARTESIAN_POINT('',(9.52806201,-2.124911715,8.551817804));
#1812=CARTESIAN_POINT('',(9.461021157,-2.124911715,8.792903095));
#1813=CARTESIAN_POINT('',(9.39198059,-2.124911715,9.03333864));
#1814=CARTESIAN_POINT('',(9.3209545,-2.124911715,9.273129049));
#1815=CARTESIAN_POINT('',(9.247956948,-2.124911715,9.512278891));
#1816=CARTESIAN_POINT('',(9.173001849,-2.124911715,9.750792688));
#1817=CARTESIAN_POINT('',(9.096102983,-2.124911715,9.988674917));
#1818=CARTESIAN_POINT('',(9.043550324,-2.124911715,10.146844979));
#1819=CARTESIAN_POINT('',(8.990358792,-2.124911715,10.304807459));
#1820=CARTESIAN_POINT('',(8.96344359,-2.124911715,10.383684908));
#1821=CARTESIAN_POINT('',(8.934806037,-2.124911715,10.466523892));
#1822=CARTESIAN_POINT('',(8.933400054,-2.124911715,10.470588221));
#1823=CARTESIAN_POINT('',(8.931993226,-2.124911715,10.474652275));
#1824=CARTESIAN_POINT('',(10.50809547,-1.999910465,2.527330775));
#1825=CARTESIAN_POINT('',(10.507536931,-1.999910465,2.538510218));
#1826=CARTESIAN_POINT('',(10.506971663,-1.999910465,2.549687475));
#1827=CARTESIAN_POINT('',(10.50198811,-1.999910465,2.647051872));
#1828=CARTESIAN_POINT('',(10.497176653,-1.999910465,2.733111262));
#1829=CARTESIAN_POINT('',(10.486759832,-1.999910465,2.904972089));
#1830=CARTESIAN_POINT('',(10.481154465,-1.999910465,2.990773523));
#1831=CARTESIAN_POINT('',(10.469155667,-1.999910465,3.162120334));
#1832=CARTESIAN_POINT('',(10.456368801,-1.999910465,3.333211086));
#1833=CARTESIAN_POINT('',(10.442017394,-1.999910465,3.503793487));
#1834=CARTESIAN_POINT('',(10.426889456,-1.999910465,3.674123579));
#1835=CARTESIAN_POINT('',(10.410984999,-1.999910465,3.844201364));
#1836=CARTESIAN_POINT('',(10.393538893,-1.999910465,4.013778237));
#1837=CARTESIAN_POINT('',(10.375327618,-1.999910465,4.183106492));
#1838=CARTESIAN_POINT('',(10.356351177,-1.999910465,4.352186129));
#1839=CARTESIAN_POINT('',(10.335855615,-1.999910465,4.520772173));
#1840=CARTESIAN_POINT('',(10.314606056,-1.999910465,4.68911323));
#1841=CARTESIAN_POINT('',(10.303604278,-1.999910465,4.773161263));
#1842=CARTESIAN_POINT('',(10.280852236,-1.999910465,4.941014134));
#1843=CARTESIAN_POINT('',(10.269101977,-1.999910465,5.02481897));
#1844=CARTESIAN_POINT('',(10.244858444,-1.999910465,5.192187226));
#1845=CARTESIAN_POINT('',(10.219871897,-1.999910465,5.359314061));
#1846=CARTESIAN_POINT('',(10.180179311,-1.999910465,5.609285343));
#1847=CARTESIAN_POINT('',(10.152253164,-1.999910465,5.775457044));
#1848=CARTESIAN_POINT('',(10.123600133,-1.999910465,5.941392567));
#1849=CARTESIAN_POINT('',(10.094220223,-1.999910465,6.107091912));
#1850=CARTESIAN_POINT('',(10.063397117,-1.999910465,6.272322334));
#1851=CARTESIAN_POINT('',(10.031857656,-1.999910465,6.437319998));
#1852=CARTESIAN_POINT('',(9.999601835,-1.999910465,6.602084903));
#1853=CARTESIAN_POINT('',(9.949084606,-1.999910465,6.848539045));
#1854=CARTESIAN_POINT('',(9.896449317,-1.999910465,7.094304988));
#1855=CARTESIAN_POINT('',(9.841711271,-1.999910465,7.339387703));
#1856=CARTESIAN_POINT('',(9.784885628,-1.999910465,7.583792117));
#1857=CARTESIAN_POINT('',(9.725987413,-1.999910465,7.827523112));
#1858=CARTESIAN_POINT('',(9.665031511,-1.999910465,8.070585523));
#1859=CARTESIAN_POINT('',(9.60203267,-1.999910465,8.312984144));
#1860=CARTESIAN_POINT('',(9.537005498,-1.999910465,8.554723719));
#1861=CARTESIAN_POINT('',(9.469964468,-1.999910465,8.795808953));
#1862=CARTESIAN_POINT('',(9.400923912,-1.999910465,9.036244501));
#1863=CARTESIAN_POINT('',(9.329898026,-1.999910465,9.276034977));
#1864=CARTESIAN_POINT('',(9.256900864,-1.999910465,9.515184946));
#1865=CARTESIAN_POINT('',(9.181946346,-1.999910465,9.753698931));
#1866=CARTESIAN_POINT('',(9.105048254,-1.999910465,9.991581411));
#1867=CARTESIAN_POINT('',(9.052496237,-1.999910465,10.149751682));
#1868=CARTESIAN_POINT('',(8.999305408,-1.999910465,10.307714391));
#1869=CARTESIAN_POINT('',(8.972390588,-1.999910465,10.386591964));
#1870=CARTESIAN_POINT('',(8.943753476,-1.999910465,10.469431091));
#1871=CARTESIAN_POINT('',(8.942347514,-1.999910465,10.473495427));
#1872=CARTESIAN_POINT('',(8.940940708,-1.999910465,10.477559489));
#1873=CARTESIAN_POINT('',(10.512393253,-1.93740984,2.52872721));
#1874=CARTESIAN_POINT('',(10.511834614,-1.93740984,2.53990662));
#1875=CARTESIAN_POINT('',(10.511269245,-1.93740984,2.551083844));
#1876=CARTESIAN_POINT('',(10.506284824,-1.93740984,2.648447959));
#1877=CARTESIAN_POINT('',(10.501472612,-1.93740984,2.734507104));
#1878=CARTESIAN_POINT('',(10.491054306,-1.93740984,2.906367448));
#1879=CARTESIAN_POINT('',(10.485448218,-1.93740984,2.992168648));
#1880=CARTESIAN_POINT('',(10.473447996,-1.93740984,3.163514996));
#1881=CARTESIAN_POINT('',(10.460659746,-1.93740984,3.334605298));
#1882=CARTESIAN_POINT('',(10.446307005,-1.93740984,3.505187266));
#1883=CARTESIAN_POINT('',(10.431177774,-1.93740984,3.675516938));
#1884=CARTESIAN_POINT('',(10.415272045,-1.93740984,3.84559431));
#1885=CARTESIAN_POINT('',(10.397824736,-1.93740984,4.015170791));
#1886=CARTESIAN_POINT('',(10.379612282,-1.93740984,4.184498664));
#1887=CARTESIAN_POINT('',(10.360634697,-1.93740984,4.353577929));
#1888=CARTESIAN_POINT('',(10.340138046,-1.93740984,4.522163619));
#1889=CARTESIAN_POINT('',(10.318887435,-1.93740984,4.690504334));
#1890=CARTESIAN_POINT('',(10.307885143,-1.93740984,4.7745522));
#1891=CARTESIAN_POINT('',(10.285132109,-1.93740984,4.942404749));
#1892=CARTESIAN_POINT('',(10.273381366,-1.93740984,5.026209428));
#1893=CARTESIAN_POINT('',(10.2491369,-1.93740984,5.193577381));
#1894=CARTESIAN_POINT('',(10.224149449,-1.93740984,5.360703922));
#1895=CARTESIAN_POINT('',(10.1844556,-1.93740984,5.610674794));
#1896=CARTESIAN_POINT('',(10.156528667,-1.93740984,5.776846239));
#1897=CARTESIAN_POINT('',(10.127874888,-1.93740984,5.942781519));
#1898=CARTESIAN_POINT('',(10.098494253,-1.93740984,6.108480628));
#1899=CARTESIAN_POINT('',(10.067670488,-1.93740984,6.273710836));
#1900=CARTESIAN_POINT('',(10.036130394,-1.93740984,6.438708295));
#1901=CARTESIAN_POINT('',(10.003873972,-1.93740984,6.603473005));
#1902=CARTESIAN_POINT('',(9.953355934,-1.93740984,6.849926884));
#1903=CARTESIAN_POINT('',(9.900719926,-1.93740984,7.095692593));
#1904=CARTESIAN_POINT('',(9.84598125,-1.93740984,7.340775103));
#1905=CARTESIAN_POINT('',(9.789155069,-1.93740984,7.585179343));
#1906=CARTESIAN_POINT('',(9.730256406,-1.93740984,7.828910192));
#1907=CARTESIAN_POINT('',(9.669300146,-1.93740984,8.071972487));
#1908=CARTESIAN_POINT('',(9.606301039,-1.93740984,8.314371021));
#1909=CARTESIAN_POINT('',(9.541273692,-1.93740984,8.55611054));
#1910=CARTESIAN_POINT('',(9.474232577,-1.93740984,8.797195746));
#1911=CARTESIAN_POINT('',(9.405192026,-1.93740984,9.037631296));
#1912=CARTESIAN_POINT('',(9.334166236,-1.93740984,9.277421802));
#1913=CARTESIAN_POINT('',(9.261169262,-1.93740984,9.516571832));
#1914=CARTESIAN_POINT('',(9.186215023,-1.93740984,9.755085908));
#1915=CARTESIAN_POINT('',(9.109317298,-1.93740984,9.992968508));
#1916=CARTESIAN_POINT('',(9.056765587,-1.93740984,10.151138878));
#1917=CARTESIAN_POINT('',(9.003575096,-1.93740984,10.309101697));
#1918=CARTESIAN_POINT('',(8.97666046,-1.93740984,10.387979329));
#1919=CARTESIAN_POINT('',(8.948023555,-1.93740984,10.470818524));
#1920=CARTESIAN_POINT('',(8.946617603,-1.93740984,10.474882863));
#1921=CARTESIAN_POINT('',(8.945210807,-1.93740984,10.478946928));
#1922=CARTESIAN_POINT('',(10.520579052,-1.81240859,2.531386937));
#1923=CARTESIAN_POINT('',(10.520020221,-1.81240859,2.542566285));
#1924=CARTESIAN_POINT('',(10.519454662,-1.81240859,2.553743447));
#1925=CARTESIAN_POINT('',(10.514468581,-1.81240859,2.651107023));
#1926=CARTESIAN_POINT('',(10.509654928,-1.81240859,2.7371657));
#1927=CARTESIAN_POINT('',(10.499233807,-1.81240859,2.909025129));
#1928=CARTESIAN_POINT('',(10.493626333,-1.81240859,2.994825878));
#1929=CARTESIAN_POINT('',(10.481623414,-1.81240859,3.166171351));
#1930=CARTESIAN_POINT('',(10.46883251,-1.81240859,3.33726079));
#1931=CARTESIAN_POINT('',(10.454477244,-1.81240859,3.507841938));
#1932=CARTESIAN_POINT('',(10.439345537,-1.81240859,3.678170805));
#1933=CARTESIAN_POINT('',(10.423437398,-1.81240859,3.848247394));
#1934=CARTESIAN_POINT('',(10.405987785,-1.81240859,4.017823127));
#1935=CARTESIAN_POINT('',(10.387773096,-1.81240859,4.187150273));
#1936=CARTESIAN_POINT('',(10.368793322,-1.81240859,4.356228826));
#1937=CARTESIAN_POINT('',(10.34829461,-1.81240859,4.524813847));
#1938=CARTESIAN_POINT('',(10.327041982,-1.81240859,4.693153907));
#1939=CARTESIAN_POINT('',(10.316038718,-1.81240859,4.777201457));
#1940=CARTESIAN_POINT('',(10.29328379,-1.81240859,4.94505339));
#1941=CARTESIAN_POINT('',(10.28153213,-1.81240859,5.028857772));
#1942=CARTESIAN_POINT('',(10.257285882,-1.81240859,5.196225146));
#1943=CARTESIAN_POINT('',(10.232296713,-1.81240859,5.363351129));
#1944=CARTESIAN_POINT('',(10.192600453,-1.81240859,5.613321217));
#1945=CARTESIAN_POINT('',(10.164672034,-1.81240859,5.779492179));
#1946=CARTESIAN_POINT('',(10.136016817,-1.81240859,5.945426992));
#1947=CARTESIAN_POINT('',(10.106634811,-1.81240859,6.111125656));
#1948=CARTESIAN_POINT('',(10.075809786,-1.81240859,6.276355454));
#1949=CARTESIAN_POINT('',(10.04426849,-1.81240859,6.441352523));
#1950=CARTESIAN_POINT('',(10.012010924,-1.81240859,6.60611686));
#1951=CARTESIAN_POINT('',(9.96149134,-1.81240859,6.852570237));
#1952=CARTESIAN_POINT('',(9.908853962,-1.81240859,7.098335501));
#1953=CARTESIAN_POINT('',(9.854114089,-1.81240859,7.343417623));
#1954=CARTESIAN_POINT('',(9.797286882,-1.81240859,7.587821529));
#1955=CARTESIAN_POINT('',(9.738387366,-1.81240859,7.831552101));
#1956=CARTESIAN_POINT('',(9.677430427,-1.81240859,8.074614175));
#1957=CARTESIAN_POINT('',(9.614430812,-1.81240859,8.317012544));
#1958=CARTESIAN_POINT('',(9.54940313,-1.81240859,8.558751954));
#1959=CARTESIAN_POINT('',(9.482361853,-1.81240859,8.799837108));
#1960=CARTESIAN_POINT('',(9.413321314,-1.81240859,9.040272661));
#1961=CARTESIAN_POINT('',(9.342295707,-1.81240859,9.280063228));
#1962=CARTESIAN_POINT('',(9.269299089,-1.81240859,9.519213373));
#1963=CARTESIAN_POINT('',(9.194345379,-1.81240859,9.757727621));
#1964=CARTESIAN_POINT('',(9.117448357,-1.81240859,9.995610449));
#1965=CARTESIAN_POINT('',(9.064897229,-1.81240859,10.153781009));
#1966=CARTESIAN_POINT('',(9.011707377,-1.81240859,10.311744035));
#1967=CARTESIAN_POINT('',(8.984793092,-1.81240859,10.390621781));
#1968=CARTESIAN_POINT('',(8.956156583,-1.81240859,10.473461105));
#1969=CARTESIAN_POINT('',(8.954750651,-1.81240859,10.477525451));
#1970=CARTESIAN_POINT('',(8.953343875,-1.81240859,10.481589522));
#1971=CARTESIAN_POINT('',(10.524467067,-1.749907965,2.53265023));
#1972=CARTESIAN_POINT('',(10.523908145,-1.749907965,2.543829548));
#1973=CARTESIAN_POINT('',(10.523342495,-1.749907965,2.555006681));
#1974=CARTESIAN_POINT('',(10.518355628,-1.749907965,2.652370001));
#1975=CARTESIAN_POINT('',(10.513541292,-1.749907965,2.738428456));
#1976=CARTESIAN_POINT('',(10.503118828,-1.749907965,2.910287449));
#1977=CARTESIAN_POINT('',(10.4975107,-1.749907965,2.996087986));
#1978=CARTESIAN_POINT('',(10.485506494,-1.749907965,3.16743304));
#1979=CARTESIAN_POINT('',(10.472714337,-1.749907965,3.338522072));
#1980=CARTESIAN_POINT('',(10.458357866,-1.749907965,3.509102828));
#1981=CARTESIAN_POINT('',(10.443224988,-1.749907965,3.679431315));
#1982=CARTESIAN_POINT('',(10.427315698,-1.749907965,3.84950753));
#1983=CARTESIAN_POINT('',(10.409864998,-1.749907965,4.01908291));
#1984=CARTESIAN_POINT('',(10.39164924,-1.749907965,4.188409708));
#1985=CARTESIAN_POINT('',(10.372668433,-1.749907965,4.357487926));
#1986=CARTESIAN_POINT('',(10.352168736,-1.749907965,4.526072627));
#1987=CARTESIAN_POINT('',(10.330915156,-1.749907965,4.694412378));
#1988=CARTESIAN_POINT('',(10.319911427,-1.749907965,4.778459777));
#1989=CARTESIAN_POINT('',(10.297155599,-1.749907965,4.946311417));
#1990=CARTESIAN_POINT('',(10.285403502,-1.749907965,5.030115657));
#1991=CARTESIAN_POINT('',(10.261156412,-1.749907965,5.197482757));
#1992=CARTESIAN_POINT('',(10.236166424,-1.749907965,5.364608474));
#1993=CARTESIAN_POINT('',(10.196469021,-1.749907965,5.614578191));
#1994=CARTESIAN_POINT('',(10.168539892,-1.749907965,5.780748923));
#1995=CARTESIAN_POINT('',(10.139883997,-1.749907965,5.946683515));
#1996=CARTESIAN_POINT('',(10.110501336,-1.749907965,6.112381966));
#1997=CARTESIAN_POINT('',(10.079675714,-1.749907965,6.27761157));
#1998=CARTESIAN_POINT('',(10.048133845,-1.749907965,6.442608453));
#1999=CARTESIAN_POINT('',(10.015875737,-1.749907965,6.607372614));
#2000=CARTESIAN_POINT('',(9.96535542,-1.749907965,6.853825753));
#2001=CARTESIAN_POINT('',(9.912717391,-1.749907965,7.099590805));
#2002=CARTESIAN_POINT('',(9.857976948,-1.749907965,7.344672742));
#2003=CARTESIAN_POINT('',(9.801149254,-1.749907965,7.58907649));
#2004=CARTESIAN_POINT('',(9.742249333,-1.749907965,7.83280693));
#2005=CARTESIAN_POINT('',(9.681292071,-1.749907965,8.0758689));
#2006=CARTESIAN_POINT('',(9.618292215,-1.749907965,8.31826719));
#2007=CARTESIAN_POINT('',(9.553264375,-1.749907965,8.560006549));
#2008=CARTESIAN_POINT('',(9.48622302,-1.749907965,8.801091677));
#2009=CARTESIAN_POINT('',(9.417182486,-1.749907965,9.041527232));
#2010=CARTESIAN_POINT('',(9.346156966,-1.749907965,9.281317827));
#2011=CARTESIAN_POINT('',(9.273160518,-1.749907965,9.520468027));
#2012=CARTESIAN_POINT('',(9.198207059,-1.749907965,9.758982357));
#2013=CARTESIAN_POINT('',(9.121310371,-1.749907965,9.996865293));
#2014=CARTESIAN_POINT('',(9.068759519,-1.749907965,10.155035943));
#2015=CARTESIAN_POINT('',(9.015569974,-1.749907965,10.312999069));
#2016=CARTESIAN_POINT('',(8.988655852,-1.749907965,10.391876868));
#2017=CARTESIAN_POINT('',(8.960019533,-1.749907965,10.474716253));
#2018=CARTESIAN_POINT('',(8.95861361,-1.749907965,10.478780602));
#2019=CARTESIAN_POINT('',(8.957206844,-1.749907965,10.482844677));
#2020=CARTESIAN_POINT('',(10.531833465,-1.624906715,2.535043717));
#2021=CARTESIAN_POINT('',(10.531274371,-1.624906715,2.54622298));
#2022=CARTESIAN_POINT('',(10.530708549,-1.624906715,2.557400057));
#2023=CARTESIAN_POINT('',(10.525720188,-1.624906715,2.654762892));
#2024=CARTESIAN_POINT('',(10.520904558,-1.624906715,2.740820926));
#2025=CARTESIAN_POINT('',(10.510479556,-1.624906715,2.912679095));
#2026=CARTESIAN_POINT('',(10.504870186,-1.624906715,2.998479228));
#2027=CARTESIAN_POINT('',(10.492863545,-1.624906715,3.169823491));
#2028=CARTESIAN_POINT('',(10.480069007,-1.624906715,3.340911749));
#2029=CARTESIAN_POINT('',(10.465710261,-1.624906715,3.511491766));
#2030=CARTESIAN_POINT('',(10.450575155,-1.624906715,3.681819529));
#2031=CARTESIAN_POINT('',(10.434663696,-1.624906715,3.851895039));
#2032=CARTESIAN_POINT('',(10.417210922,-1.624906715,4.021469745));
#2033=CARTESIAN_POINT('',(10.398993152,-1.624906715,4.19079589));
#2034=CARTESIAN_POINT('',(10.380010377,-1.624906715,4.359873469));
#2035=CARTESIAN_POINT('',(10.35950882,-1.624906715,4.528457565));
#2036=CARTESIAN_POINT('',(10.338253433,-1.624906715,4.696796728));
#2037=CARTESIAN_POINT('',(10.327248824,-1.624906715,4.780843842));
#2038=CARTESIAN_POINT('',(10.304491293,-1.624906715,4.948694929));
#2039=CARTESIAN_POINT('',(10.292738369,-1.624906715,5.0324989));
#2040=CARTESIAN_POINT('',(10.268489676,-1.624906715,5.199865479));
#2041=CARTESIAN_POINT('',(10.24349814,-1.624906715,5.366990693));
#2042=CARTESIAN_POINT('',(10.20379857,-1.624906715,5.616959705));
#2043=CARTESIAN_POINT('',(10.1758681,-1.624906715,5.783130002));
#2044=CARTESIAN_POINT('',(10.147210916,-1.624906715,5.949064175));
#2045=CARTESIAN_POINT('',(10.117827019,-1.624906715,6.114762224));
#2046=CARTESIAN_POINT('',(10.08700026,-1.624906715,6.27999146));
#2047=CARTESIAN_POINT('',(10.055457314,-1.624906715,6.444987992));
#2048=CARTESIAN_POINT('',(10.023198173,-1.624906715,6.609751818));
#2049=CARTESIAN_POINT('',(9.972676467,-1.624906715,6.856204505));
#2050=CARTESIAN_POINT('',(9.920037204,-1.624906715,7.101969157));
#2051=CARTESIAN_POINT('',(9.865295683,-1.624906715,7.347050743));
#2052=CARTESIAN_POINT('',(9.808467067,-1.624906715,7.591454191));
#2053=CARTESIAN_POINT('',(9.749566379,-1.624906715,7.835184382));
#2054=CARTESIAN_POINT('',(9.688608504,-1.624906715,8.078246153));
#2055=CARTESIAN_POINT('',(9.625608192,-1.624906715,8.320644295));
#2056=CARTESIAN_POINT('',(9.560580051,-1.624906715,8.562383556));
#2057=CARTESIAN_POINT('',(9.493538551,-1.624906715,8.803468637));
#2058=CARTESIAN_POINT('',(9.424498027,-1.624906715,9.043904195));
#2059=CARTESIAN_POINT('',(9.353472672,-1.624906715,9.283694844));
#2060=CARTESIAN_POINT('',(9.280476545,-1.624906715,9.522845149));
#2061=CARTESIAN_POINT('',(9.205523561,-1.624906715,9.761359633));
#2062=CARTESIAN_POINT('',(9.128627503,-1.624906715,9.999242774));
#2063=CARTESIAN_POINT('',(9.076077178,-1.624906715,10.157413594));
#2064=CARTESIAN_POINT('',(9.022888207,-1.624906715,10.315376907));
#2065=CARTESIAN_POINT('',(8.995974401,-1.624906715,10.394254809));
#2066=CARTESIAN_POINT('',(8.96733844,-1.624906715,10.477094311));
#2067=CARTESIAN_POINT('',(8.965932535,-1.624906715,10.481158665));
#2068=CARTESIAN_POINT('',(8.964525786,-1.624906715,10.485222745));
#2069=CARTESIAN_POINT('',(10.538790229,-1.499905465,2.537304107));
#2070=CARTESIAN_POINT('',(10.538230972,-1.499905465,2.548483317));
#2071=CARTESIAN_POINT('',(10.537664989,-1.499905465,2.559660341));
#2072=CARTESIAN_POINT('',(10.532675221,-1.499905465,2.657022719));
#2073=CARTESIAN_POINT('',(10.527858367,-1.499905465,2.743080356));
#2074=CARTESIAN_POINT('',(10.517430966,-1.499905465,2.914937745));
#2075=CARTESIAN_POINT('',(10.511820424,-1.499905465,3.000737497));
#2076=CARTESIAN_POINT('',(10.499811484,-1.499905465,3.172081013));
#2077=CARTESIAN_POINT('',(10.487014698,-1.499905465,3.343168541));
#2078=CARTESIAN_POINT('',(10.4726538,-1.499905465,3.513747859));
#2079=CARTESIAN_POINT('',(10.457516594,-1.499905465,3.684074939));
#2080=CARTESIAN_POINT('',(10.441603081,-1.499905465,3.854149782));
#2081=CARTESIAN_POINT('',(10.424148356,-1.499905465,4.023723854));
#2082=CARTESIAN_POINT('',(10.405928677,-1.499905465,4.193049379));
#2083=CARTESIAN_POINT('',(10.386944051,-1.499905465,4.362126356));
#2084=CARTESIAN_POINT('',(10.366440735,-1.499905465,4.530709881));
#2085=CARTESIAN_POINT('',(10.34518364,-1.499905465,4.699048489));
#2086=CARTESIAN_POINT('',(10.334178202,-1.499905465,4.783095333));
#2087=CARTESIAN_POINT('',(10.311419059,-1.499905465,4.950945896));
#2088=CARTESIAN_POINT('',(10.299665355,-1.499905465,5.034749614));
#2089=CARTESIAN_POINT('',(10.275415153,-1.499905465,5.202115703));
#2090=CARTESIAN_POINT('',(10.250422153,-1.499905465,5.369240441));
#2091=CARTESIAN_POINT('',(10.210720536,-1.499905465,5.619208789));
#2092=CARTESIAN_POINT('',(10.1827888,-1.499905465,5.785378673));
#2093=CARTESIAN_POINT('',(10.154130398,-1.499905465,5.951312451));
#2094=CARTESIAN_POINT('',(10.124745331,-1.499905465,6.11701012));
#2095=CARTESIAN_POINT('',(10.093917503,-1.499905465,6.282239008));
#2096=CARTESIAN_POINT('',(10.062373533,-1.499905465,6.447235208));
#2097=CARTESIAN_POINT('',(10.030113422,-1.499905465,6.611998719));
#2098=CARTESIAN_POINT('',(9.979590403,-1.499905465,6.85845098));
#2099=CARTESIAN_POINT('',(9.926949975,-1.499905465,7.104215252));
#2100=CARTESIAN_POINT('',(9.872207436,-1.499905465,7.349296508));
#2101=CARTESIAN_POINT('',(9.815377948,-1.499905465,7.593699672));
#2102=CARTESIAN_POINT('',(9.756476535,-1.499905465,7.837429628));
#2103=CARTESIAN_POINT('',(9.695518083,-1.499905465,8.080491211));
#2104=CARTESIAN_POINT('',(9.632517339,-1.499905465,8.322889213));
#2105=CARTESIAN_POINT('',(9.567488913,-1.499905465,8.564628382));
#2106=CARTESIAN_POINT('',(9.500447276,-1.499905465,8.805713418));
#2107=CARTESIAN_POINT('',(9.431406761,-1.499905465,9.046148979));
#2108=CARTESIAN_POINT('',(9.360381562,-1.499905465,9.285939678));
#2109=CARTESIAN_POINT('',(9.287385736,-1.499905465,9.525090081));
#2110=CARTESIAN_POINT('',(9.212433204,-1.499905465,9.763604712));
#2111=CARTESIAN_POINT('',(9.135537744,-1.499905465,10.001488047));
#2112=CARTESIAN_POINT('',(9.082987912,-1.499905465,10.159659028));
#2113=CARTESIAN_POINT('',(9.029799487,-1.499905465,10.317622518));
#2114=CARTESIAN_POINT('',(9.002885978,-1.499905465,10.396500517));
#2115=CARTESIAN_POINT('',(8.974250354,-1.499905465,10.479340128));
#2116=CARTESIAN_POINT('',(8.972844466,-1.499905465,10.483404487));
#2117=CARTESIAN_POINT('',(8.971437733,-1.499905465,10.487468573));
#2118=CARTESIAN_POINT('',(10.544927976,-1.374904215,2.539298382));
#2119=CARTESIAN_POINT('',(10.544368576,-1.374904215,2.550477545));
#2120=CARTESIAN_POINT('',(10.543802449,-1.374904215,2.561654523));
#2121=CARTESIAN_POINT('',(10.538811433,-1.374904215,2.659016495));
#2122=CARTESIAN_POINT('',(10.5339935,-1.374904215,2.745073781));
#2123=CARTESIAN_POINT('',(10.523563992,-1.374904215,2.916930486));
#2124=CARTESIAN_POINT('',(10.517952407,-1.374904215,3.002729899));
#2125=CARTESIAN_POINT('',(10.505941447,-1.374904215,3.174072759));
#2126=CARTESIAN_POINT('',(10.49314267,-1.374904215,3.34515964));
#2127=CARTESIAN_POINT('',(10.478779876,-1.374904215,3.515738341));
#2128=CARTESIAN_POINT('',(10.463640818,-1.374904215,3.68606482));
#2129=CARTESIAN_POINT('',(10.447725493,-1.374904215,3.856139074));
#2130=CARTESIAN_POINT('',(10.430269043,-1.374904215,4.025712586));
#2131=CARTESIAN_POINT('',(10.412047687,-1.374904215,4.195037566));
#2132=CARTESIAN_POINT('',(10.39306142,-1.374904215,4.364114009));
#2133=CARTESIAN_POINT('',(10.372556557,-1.374904215,4.532697032));
#2134=CARTESIAN_POINT('',(10.351297952,-1.374904215,4.70103515));
#2135=CARTESIAN_POINT('',(10.340291784,-1.374904215,4.785081756));
#2136=CARTESIAN_POINT('',(10.31753122,-1.374904215,4.952931858));
#2137=CARTESIAN_POINT('',(10.305776829,-1.374904215,5.036735352));
#2138=CARTESIAN_POINT('',(10.28152529,-1.374904215,5.204101007));
#2139=CARTESIAN_POINT('',(10.256531002,-1.374904215,5.371225327));
#2140=CARTESIAN_POINT('',(10.216827577,-1.374904215,5.621193086));
#2141=CARTESIAN_POINT('',(10.188894725,-1.374904215,5.787362609));
#2142=CARTESIAN_POINT('',(10.160235247,-1.374904215,5.953296037));
#2143=CARTESIAN_POINT('',(10.130849151,-1.374904215,6.118993372));
#2144=CARTESIAN_POINT('',(10.100020378,-1.374904215,6.284221952));
#2145=CARTESIAN_POINT('',(10.068475506,-1.374904215,6.449217859));
#2146=CARTESIAN_POINT('',(10.036214536,-1.374904215,6.613981091));
#2147=CARTESIAN_POINT('',(9.985690361,-1.374904215,6.860432976));
#2148=CARTESIAN_POINT('',(9.933048904,-1.374904215,7.106196914));
#2149=CARTESIAN_POINT('',(9.878305466,-1.374904215,7.351277878));
#2150=CARTESIAN_POINT('',(9.821475209,-1.374904215,7.595680793));
#2151=CARTESIAN_POINT('',(9.762573157,-1.374904215,7.839410541));
#2152=CARTESIAN_POINT('',(9.701614195,-1.374904215,8.082471958));
#2153=CARTESIAN_POINT('',(9.638613071,-1.374904215,8.324869837));
#2154=CARTESIAN_POINT('',(9.573584394,-1.374904215,8.566608923));
#2155=CARTESIAN_POINT('',(9.506542636,-1.374904215,8.80769392));
#2156=CARTESIAN_POINT('',(9.437502128,-1.374904215,9.048129484));
#2157=CARTESIAN_POINT('',(9.366477067,-1.374904215,9.287920228));
#2158=CARTESIAN_POINT('',(9.293481509,-1.374904215,9.527070718));
#2159=CARTESIAN_POINT('',(9.218529373,-1.374904215,9.765585477));
#2160=CARTESIAN_POINT('',(9.141634438,-1.374904215,10.003468983));
#2161=CARTESIAN_POINT('',(9.089085044,-1.374904215,10.161640106));
#2162=CARTESIAN_POINT('',(9.0358971,-1.374904215,10.319603753));
#2163=CARTESIAN_POINT('',(9.008983853,-1.374904215,10.398481836));
#2164=CARTESIAN_POINT('',(8.980348528,-1.374904215,10.481321544));
#2165=CARTESIAN_POINT('',(8.978942654,-1.374904215,10.485385909));
#2166=CARTESIAN_POINT('',(8.977535936,-1.374904215,10.489449999));
#2167=CARTESIAN_POINT('',(10.55065632,-1.249902965,2.541159634));
#2168=CARTESIAN_POINT('',(10.550096786,-1.249902965,2.552338754));
#2169=CARTESIAN_POINT('',(10.549530526,-1.249902965,2.563515688));
#2170=CARTESIAN_POINT('',(10.544538355,-1.249902965,2.660877285));
#2171=CARTESIAN_POINT('',(10.539719415,-1.249902965,2.746934244));
#2172=CARTESIAN_POINT('',(10.529287923,-1.249902965,2.918790304));
#2173=CARTESIAN_POINT('',(10.523675382,-1.249902965,3.004589406));
#2174=CARTESIAN_POINT('',(10.511662517,-1.249902965,3.175931647));
#2175=CARTESIAN_POINT('',(10.498861897,-1.249902965,3.34701793));
#2176=CARTESIAN_POINT('',(10.484497331,-1.249902965,3.517596055));
#2177=CARTESIAN_POINT('',(10.469356538,-1.249902965,3.687921971));
#2178=CARTESIAN_POINT('',(10.453439527,-1.249902965,3.857995676));
#2179=CARTESIAN_POINT('',(10.435981469,-1.249902965,4.027568666));
#2180=CARTESIAN_POINT('',(10.417758542,-1.249902965,4.196893135));
#2181=CARTESIAN_POINT('',(10.39877075,-1.249902965,4.365969083));
#2182=CARTESIAN_POINT('',(10.378264436,-1.249902965,4.534551634));
#2183=CARTESIAN_POINT('',(10.357004428,-1.249902965,4.702889296));
#2184=CARTESIAN_POINT('',(10.345997573,-1.249902965,4.78693568));
#2185=CARTESIAN_POINT('',(10.323235686,-1.249902965,4.954785351));
#2186=CARTESIAN_POINT('',(10.311480651,-1.249902965,5.038588636));
#2187=CARTESIAN_POINT('',(10.28722787,-1.249902965,5.205953887));
#2188=CARTESIAN_POINT('',(10.262232374,-1.249902965,5.373077814));
#2189=CARTESIAN_POINT('',(10.222527267,-1.249902965,5.623045028));
#2190=CARTESIAN_POINT('',(10.194593368,-1.249902965,5.78921421));
#2191=CARTESIAN_POINT('',(10.165932891,-1.249902965,5.955147314));
#2192=CARTESIAN_POINT('',(10.13654583,-1.249902965,6.120844335));
#2193=CARTESIAN_POINT('',(10.105716176,-1.249902965,6.286072629));
#2194=CARTESIAN_POINT('',(10.074170464,-1.249902965,6.451068263));
#2195=CARTESIAN_POINT('',(10.041908692,-1.249902965,6.615831234));
#2196=CARTESIAN_POINT('',(9.991383437,-1.249902965,6.862282768));
#2197=CARTESIAN_POINT('',(9.93874102,-1.249902965,7.108046395));
#2198=CARTESIAN_POINT('',(9.883996744,-1.249902965,7.353127086));
#2199=CARTESIAN_POINT('',(9.827165769,-1.249902965,7.597529768));
#2200=CARTESIAN_POINT('',(9.76826312,-1.249902965,7.841259322));
#2201=CARTESIAN_POINT('',(9.707303682,-1.249902965,8.084320584));
#2202=CARTESIAN_POINT('',(9.644302203,-1.249902965,8.326718348));
#2203=CARTESIAN_POINT('',(9.579273292,-1.249902965,8.568457358));
#2204=CARTESIAN_POINT('',(9.512231419,-1.249902965,8.809542318));
#2205=CARTESIAN_POINT('',(9.44319092,-1.249902965,9.049977885));
#2206=CARTESIAN_POINT('',(9.372165987,-1.249902965,9.28976867));
#2207=CARTESIAN_POINT('',(9.299170679,-1.249902965,9.528919241));
#2208=CARTESIAN_POINT('',(9.224218913,-1.249902965,9.767434121));
#2209=CARTESIAN_POINT('',(9.14732447,-1.249902965,10.005317787));
#2210=CARTESIAN_POINT('',(9.094775484,-1.249902965,10.163489042));
#2211=CARTESIAN_POINT('',(9.041587988,-1.249902965,10.321452834));
#2212=CARTESIAN_POINT('',(9.014674985,-1.249902965,10.400330997));
#2213=CARTESIAN_POINT('',(8.986039937,-1.249902965,10.483170795));
#2214=CARTESIAN_POINT('',(8.984634077,-1.249902965,10.487235164));
#2215=CARTESIAN_POINT('',(8.983227373,-1.249902965,10.491299259));
#2216=CARTESIAN_POINT('',(10.555975264,-1.124901715,2.542887864));
#2217=CARTESIAN_POINT('',(10.555415606,-1.124901715,2.554066943));
#2218=CARTESIAN_POINT('',(10.554849221,-1.124901715,2.565243836));
#2219=CARTESIAN_POINT('',(10.549855969,-1.124901715,2.662605082));
#2220=CARTESIAN_POINT('',(10.545036093,-1.124901715,2.748661737));
#2221=CARTESIAN_POINT('',(10.534602776,-1.124901715,2.920517204));
#2222=CARTESIAN_POINT('',(10.528989328,-1.124901715,3.006316012));
#2223=CARTESIAN_POINT('',(10.516974716,-1.124901715,3.177657685));
#2224=CARTESIAN_POINT('',(10.504172371,-1.124901715,3.348743407));
#2225=CARTESIAN_POINT('',(10.489806159,-1.124901715,3.519320998));
#2226=CARTESIAN_POINT('',(10.474663764,-1.124901715,3.689646393));
#2227=CARTESIAN_POINT('',(10.45874518,-1.124901715,3.859719587));
#2228=CARTESIAN_POINT('',(10.441285628,-1.124901715,4.029292091));
#2229=CARTESIAN_POINT('',(10.423061246,-1.124901715,4.198616088));
#2230=CARTESIAN_POINT('',(10.404072034,-1.124901715,4.367691575));
#2231=CARTESIAN_POINT('',(10.383564379,-1.124901715,4.53627369));
#2232=CARTESIAN_POINT('',(10.362303063,-1.124901715,4.704610927));
#2233=CARTESIAN_POINT('',(10.351295576,-1.124901715,4.788657105));
#2234=CARTESIAN_POINT('',(10.328532456,-1.124901715,4.956506376));
#2235=CARTESIAN_POINT('',(10.316776826,-1.124901715,5.040309468));
#2236=CARTESIAN_POINT('',(10.292522886,-1.124901715,5.207674342));
#2237=CARTESIAN_POINT('',(10.267526274,-1.124901715,5.374797907));
#2238=CARTESIAN_POINT('',(10.2278196,-1.124901715,5.624764611));
#2239=CARTESIAN_POINT('',(10.199884735,-1.124901715,5.790933479));
#2240=CARTESIAN_POINT('',(10.171223324,-1.124901715,5.95686628));
#2241=CARTESIAN_POINT('',(10.141835371,-1.124901715,6.122563011));
#2242=CARTESIAN_POINT('',(10.111004898,-1.124901715,6.287791039));
#2243=CARTESIAN_POINT('',(10.079458403,-1.124901715,6.452786419));
#2244=CARTESIAN_POINT('',(10.047195889,-1.124901715,6.617549149));
#2245=CARTESIAN_POINT('',(9.99666963,-1.124901715,6.864000357));
#2246=CARTESIAN_POINT('',(9.944026323,-1.124901715,7.109763694));
#2247=CARTESIAN_POINT('',(9.889281268,-1.124901715,7.354844132));
#2248=CARTESIAN_POINT('',(9.832449627,-1.124901715,7.599246597));
#2249=CARTESIAN_POINT('',(9.773546423,-1.124901715,7.842975971));
#2250=CARTESIAN_POINT('',(9.712586543,-1.124901715,8.08603709));
#2251=CARTESIAN_POINT('',(9.649584735,-1.124901715,8.328434746));
#2252=CARTESIAN_POINT('',(9.584555606,-1.124901715,8.570173686));
#2253=CARTESIAN_POINT('',(9.517513629,-1.124901715,8.811258612));
#2254=CARTESIAN_POINT('',(9.448473136,-1.124901715,9.051694181));
#2255=CARTESIAN_POINT('',(9.377448323,-1.124901715,9.291485005));
#2256=CARTESIAN_POINT('',(9.304453246,-1.124901715,9.530635651));
#2257=CARTESIAN_POINT('',(9.229501824,-1.124901715,9.769150643));
#2258=CARTESIAN_POINT('',(9.152607837,-1.124901715,10.007034457));
#2259=CARTESIAN_POINT('',(9.10005923,-1.124901715,10.165205835));
#2260=CARTESIAN_POINT('',(9.04687215,-1.124901715,10.323169763));
#2261=CARTESIAN_POINT('',(9.019959373,-1.124901715,10.402047999));
#2262=CARTESIAN_POINT('',(8.991324585,-1.124901715,10.484887881));
#2263=CARTESIAN_POINT('',(8.989918738,-1.124901715,10.488952255));
#2264=CARTESIAN_POINT('',(8.988512047,-1.124901715,10.493016354));
#2265=CARTESIAN_POINT('',(10.560475592,-0.999900465,2.544350109));
#2266=CARTESIAN_POINT('',(10.559915828,-0.999900465,2.555529154));
#2267=CARTESIAN_POINT('',(10.559349339,-0.999900465,2.566706013));
#2268=CARTESIAN_POINT('',(10.554355174,-0.999900465,2.664066963));
#2269=CARTESIAN_POINT('',(10.549534508,-0.999900465,2.750123361));
#2270=CARTESIAN_POINT('',(10.539099638,-0.999900465,2.921978323));
#2271=CARTESIAN_POINT('',(10.533485436,-0.999900465,3.007776886));
#2272=CARTESIAN_POINT('',(10.52146933,-0.999900465,3.179118074));
#2273=CARTESIAN_POINT('',(10.508665532,-0.999900465,3.350203324));
#2274=CARTESIAN_POINT('',(10.494297931,-0.999900465,3.520780463));
#2275=CARTESIAN_POINT('',(10.479154173,-0.999900465,3.691105415));
#2276=CARTESIAN_POINT('',(10.463234265,-0.999900465,3.861178179));
#2277=CARTESIAN_POINT('',(10.445773447,-0.999900465,4.030750272));
#2278=CARTESIAN_POINT('',(10.427547833,-0.999900465,4.200073868));
#2279=CARTESIAN_POINT('',(10.40855742,-0.999900465,4.369148965));
#2280=CARTESIAN_POINT('',(10.388048628,-0.999900465,4.537730711));
#2281=CARTESIAN_POINT('',(10.366786208,-0.999900465,4.706067589));
#2282=CARTESIAN_POINT('',(10.355778184,-0.999900465,4.790113592));
#2283=CARTESIAN_POINT('',(10.333014022,-0.999900465,4.957962525));
#2284=CARTESIAN_POINT('',(10.321257886,-0.999900465,5.041765452));
#2285=CARTESIAN_POINT('',(10.29700297,-0.999900465,5.20913001));
#2286=CARTESIAN_POINT('',(10.27200541,-0.999900465,5.376253266));
#2287=CARTESIAN_POINT('',(10.232297412,-0.999900465,5.626219541));
#2288=CARTESIAN_POINT('',(10.204361727,-0.999900465,5.792388142));
#2289=CARTESIAN_POINT('',(10.17569953,-0.999900465,5.958320687));
#2290=CARTESIAN_POINT('',(10.14631082,-0.999900465,6.124017172));
#2291=CARTESIAN_POINT('',(10.115479654,-0.999900465,6.289244976));
#2292=CARTESIAN_POINT('',(10.083932499,-0.999900465,6.454240141));
#2293=CARTESIAN_POINT('',(10.051669356,-0.999900465,6.619002666));
#2294=CARTESIAN_POINT('',(10.001142248,-0.999900465,6.865453598));
#2295=CARTESIAN_POINT('',(9.948498187,-0.999900465,7.111216691));
#2296=CARTESIAN_POINT('',(9.893752472,-0.999900465,7.356296915));
#2297=CARTESIAN_POINT('',(9.836920267,-0.999900465,7.600699196));
#2298=CARTESIAN_POINT('',(9.778016595,-0.999900465,7.844428418));
#2299=CARTESIAN_POINT('',(9.717056341,-0.999900465,8.087489415));
#2300=CARTESIAN_POINT('',(9.654054254,-0.999900465,8.329886981));
#2301=CARTESIAN_POINT('',(9.58902494,-0.999900465,8.571625861));
#2302=CARTESIAN_POINT('',(9.521982875,-0.999900465,8.812710758));
#2303=CARTESIAN_POINT('',(9.452942387,-0.999900465,9.053146329));
#2304=CARTESIAN_POINT('',(9.381917676,-0.999900465,9.292937186));
#2305=CARTESIAN_POINT('',(9.308922794,-0.999900465,9.532087896));
#2306=CARTESIAN_POINT('',(9.233971663,-0.999900465,9.770602981));
#2307=CARTESIAN_POINT('',(9.157078061,-0.999900465,10.00848692));
#2308=CARTESIAN_POINT('',(9.104529776,-0.999900465,10.166658404));
#2309=CARTESIAN_POINT('',(9.051343049,-0.999900465,10.324622446));
#2310=CARTESIAN_POINT('',(9.024430464,-0.999900465,10.403500744));
#2311=CARTESIAN_POINT('',(8.995795894,-0.999900465,10.486340698));
#2312=CARTESIAN_POINT('',(8.994390057,-0.999900465,10.490405074));
#2313=CARTESIAN_POINT('',(8.992983377,-0.999900465,10.494469177));
#2314=CARTESIAN_POINT('',(10.56456669,-0.874899215,2.545679387));
#2315=CARTESIAN_POINT('',(10.564006831,-0.874899215,2.556858401));
#2316=CARTESIAN_POINT('',(10.563440246,-0.874899215,2.56803523));
#2317=CARTESIAN_POINT('',(10.558445255,-0.874899215,2.665395911));
#2318=CARTESIAN_POINT('',(10.553623867,-0.874899215,2.751452074));
#2319=CARTESIAN_POINT('',(10.543187586,-0.874899215,2.923306578));
#2320=CARTESIAN_POINT('',(10.537572692,-0.874899215,3.009104916));
#2321=CARTESIAN_POINT('',(10.52555524,-0.874899215,3.180445666));
#2322=CARTESIAN_POINT('',(10.512750117,-0.874899215,3.351530486));
#2323=CARTESIAN_POINT('',(10.498381249,-0.874899215,3.522107214));
#2324=CARTESIAN_POINT('',(10.483236259,-0.874899215,3.692431765));
#2325=CARTESIAN_POINT('',(10.46731514,-0.874899215,3.862504136));
#2326=CARTESIAN_POINT('',(10.449853176,-0.874899215,4.032075856));
#2327=CARTESIAN_POINT('',(10.43162644,-0.874899215,4.201399088));
#2328=CARTESIAN_POINT('',(10.412634937,-0.874899215,4.370473831));
#2329=CARTESIAN_POINT('',(10.392125111,-0.874899215,4.53905524));
#2330=CARTESIAN_POINT('',(10.370861685,-0.874899215,4.707391792));
#2331=CARTESIAN_POINT('',(10.359853173,-0.874899215,4.791437637));
#2332=CARTESIAN_POINT('',(10.337088066,-0.874899215,4.959286262));
#2333=CARTESIAN_POINT('',(10.325331471,-0.874899215,5.043089041));
#2334=CARTESIAN_POINT('',(10.301075664,-0.874899215,5.210453308));
#2335=CARTESIAN_POINT('',(10.276077245,-0.874899215,5.377576286));
#2336=CARTESIAN_POINT('',(10.236368043,-0.874899215,5.627542169));
#2337=CARTESIAN_POINT('',(10.208431613,-0.874899215,5.793710529));
#2338=CARTESIAN_POINT('',(10.179768699,-0.874899215,5.95964284));
#2339=CARTESIAN_POINT('',(10.150379302,-0.874899215,6.125339102));
#2340=CARTESIAN_POINT('',(10.119547507,-0.874899215,6.290566701));
#2341=CARTESIAN_POINT('',(10.087999751,-0.874899215,6.455561671));
#2342=CARTESIAN_POINT('',(10.055736035,-0.874899215,6.62032401));
#2343=CARTESIAN_POINT('',(10.005208155,-0.874899215,6.866774692));
#2344=CARTESIAN_POINT('',(9.952563409,-0.874899215,7.112537562));
#2345=CARTESIAN_POINT('',(9.897817096,-0.874899215,7.357617591));
#2346=CARTESIAN_POINT('',(9.840984379,-0.874899215,7.602019706));
#2347=CARTESIAN_POINT('',(9.782080279,-0.874899215,7.845748789));
#2348=CARTESIAN_POINT('',(9.721119686,-0.874899215,8.088809676));
#2349=CARTESIAN_POINT('',(9.658117345,-0.874899215,8.331207159));
#2350=CARTESIAN_POINT('',(9.593087864,-0.874899215,8.572945985));
#2351=CARTESIAN_POINT('',(9.526045717,-0.874899215,8.814030855));
#2352=CARTESIAN_POINT('',(9.457005236,-0.874899215,9.054466428));
#2353=CARTESIAN_POINT('',(9.385980616,-0.874899215,9.294257315));
#2354=CARTESIAN_POINT('',(9.312985912,-0.874899215,9.533408083));
#2355=CARTESIAN_POINT('',(9.238035045,-0.874899215,9.771923254));
#2356=CARTESIAN_POINT('',(9.161141795,-0.874899215,10.009807308));
#2357=CARTESIAN_POINT('',(9.1085938,-0.874899215,10.167978885));
#2358=CARTESIAN_POINT('',(9.055407393,-0.874899215,10.325943031));
#2359=CARTESIAN_POINT('',(9.028494984,-0.874899215,10.404821387));
#2360=CARTESIAN_POINT('',(8.999860612,-0.874899215,10.487661405));
#2361=CARTESIAN_POINT('',(8.998454785,-0.874899215,10.491725785));
#2362=CARTESIAN_POINT('',(8.997048115,-0.874899215,10.49578989));
#2363=CARTESIAN_POINT('',(10.56824856,-0.749897965,2.546875699));
#2364=CARTESIAN_POINT('',(10.567688615,-0.749897965,2.558054685));
#2365=CARTESIAN_POINT('',(10.567121945,-0.749897965,2.569231486));
#2366=CARTESIAN_POINT('',(10.562126206,-0.749897965,2.666591924));
#2367=CARTESIAN_POINT('',(10.557304172,-0.749897965,2.752647878));
#2368=CARTESIAN_POINT('',(10.546866623,-0.749897965,2.92450197));
#2369=CARTESIAN_POINT('',(10.541251109,-0.749897965,3.010300106));
#2370=CARTESIAN_POINT('',(10.529232436,-0.749897965,3.18164046));
#2371=CARTESIAN_POINT('',(10.516426125,-0.749897965,3.352724893));
#2372=CARTESIAN_POINT('',(10.502056119,-0.749897965,3.523301251));
#2373=CARTESIAN_POINT('',(10.486910015,-0.749897965,3.693625441));
#2374=CARTESIAN_POINT('',(10.470987811,-0.749897965,3.863697459));
#2375=CARTESIAN_POINT('',(10.453524812,-0.749897965,4.033268843));
#2376=CARTESIAN_POINT('',(10.435297068,-0.749897965,4.202591747));
#2377=CARTESIAN_POINT('',(10.416304583,-0.749897965,4.371666171));
#2378=CARTESIAN_POINT('',(10.395793826,-0.749897965,4.540247278));
#2379=CARTESIAN_POINT('',(10.374529497,-0.749897965,4.708583536));
#2380=CARTESIAN_POINT('',(10.363520546,-0.749897965,4.792629239));
#2381=CARTESIAN_POINT('',(10.340754586,-0.749897965,4.960477587));
#2382=CARTESIAN_POINT('',(10.328997577,-0.749897965,5.044280231));
#2383=CARTESIAN_POINT('',(10.304740972,-0.749897965,5.211644239));
#2384=CARTESIAN_POINT('',(10.279741778,-0.749897965,5.378766965));
#2385=CARTESIAN_POINT('',(10.240031492,-0.749897965,5.628732495));
#2386=CARTESIAN_POINT('',(10.212094392,-0.749897965,5.794900637));
#2387=CARTESIAN_POINT('',(10.183430834,-0.749897965,5.96083274));
#2388=CARTESIAN_POINT('',(10.154040818,-0.749897965,6.126528801));
#2389=CARTESIAN_POINT('',(10.123208456,-0.749897965,6.291756215));
#2390=CARTESIAN_POINT('',(10.09166016,-0.749897965,6.45675101));
#2391=CARTESIAN_POINT('',(10.059395928,-0.749897965,6.621513182));
#2392=CARTESIAN_POINT('',(10.008867354,-0.749897965,6.867963638));
#2393=CARTESIAN_POINT('',(9.956221991,-0.749897965,7.113726307));
#2394=CARTESIAN_POINT('',(9.901475139,-0.749897965,7.358806161));
#2395=CARTESIAN_POINT('',(9.844641959,-0.749897965,7.603208126));
#2396=CARTESIAN_POINT('',(9.785737478,-0.749897965,7.846937085));
#2397=CARTESIAN_POINT('',(9.724776578,-0.749897965,8.089997872));
#2398=CARTESIAN_POINT('',(9.661774008,-0.749897965,8.332395281));
#2399=CARTESIAN_POINT('',(9.596744378,-0.749897965,8.574134058));
#2400=CARTESIAN_POINT('',(9.529702157,-0.749897965,8.815218905));
#2401=CARTESIAN_POINT('',(9.46066168,-0.749897965,9.055654479));
#2402=CARTESIAN_POINT('',(9.389637143,-0.749897965,9.295445392));
#2403=CARTESIAN_POINT('',(9.3166426,-0.749897965,9.534596212));
#2404=CARTESIAN_POINT('',(9.241691972,-0.749897965,9.773111462));
#2405=CARTESIAN_POINT('',(9.164799037,-0.749897965,10.010995617));
#2406=CARTESIAN_POINT('',(9.112251305,-0.749897965,10.16916728));
#2407=CARTESIAN_POINT('',(9.059065185,-0.749897965,10.32713152));
#2408=CARTESIAN_POINT('',(9.032152933,-0.749897965,10.406009927));
#2409=CARTESIAN_POINT('',(9.00351874,-0.749897965,10.488850003));
#2410=CARTESIAN_POINT('',(9.002112922,-0.749897965,10.492914385));
#2411=CARTESIAN_POINT('',(9.00070626,-0.749897965,10.496978494));
#2412=CARTESIAN_POINT('',(10.571112103,-0.624896715,2.547806121));
#2413=CARTESIAN_POINT('',(10.570552091,-0.624896715,2.558985085));
#2414=CARTESIAN_POINT('',(10.569985354,-0.624896715,2.570161864));
#2415=CARTESIAN_POINT('',(10.564989032,-0.624896715,2.667522112));
#2416=CARTESIAN_POINT('',(10.560166497,-0.624896715,2.753577904));
#2417=CARTESIAN_POINT('',(10.549727961,-0.624896715,2.925431675));
#2418=CARTESIAN_POINT('',(10.544111962,-0.624896715,3.011229654));
#2419=CARTESIAN_POINT('',(10.532092346,-0.624896715,3.182569701));
#2420=CARTESIAN_POINT('',(10.519285107,-0.624896715,3.353653833));
#2421=CARTESIAN_POINT('',(10.504914217,-0.624896715,3.524229904));
#2422=CARTESIAN_POINT('',(10.489767246,-0.624896715,3.694553811));
#2423=CARTESIAN_POINT('',(10.473844199,-0.624896715,3.864625556));
#2424=CARTESIAN_POINT('',(10.456380394,-0.624896715,4.034196678));
#2425=CARTESIAN_POINT('',(10.438151868,-0.624896715,4.203519328));
#2426=CARTESIAN_POINT('',(10.419158617,-0.624896715,4.372593503));
#2427=CARTESIAN_POINT('',(10.398647139,-0.624896715,4.541174376));
#2428=CARTESIAN_POINT('',(10.377382105,-0.624896715,4.709510404));
#2429=CARTESIAN_POINT('',(10.366372813,-0.624896715,4.793555996));
#2430=CARTESIAN_POINT('',(10.343606189,-0.624896715,4.961404129));
#2431=CARTESIAN_POINT('',(10.33184886,-0.624896715,5.045206669));
#2432=CARTESIAN_POINT('',(10.307591632,-0.624896715,5.212570475));
#2433=CARTESIAN_POINT('',(10.282591836,-0.624896715,5.379693005));
#2434=CARTESIAN_POINT('',(10.242880707,-0.624896715,5.629658262));
#2435=CARTESIAN_POINT('',(10.214943086,-0.624896715,5.795826234));
#2436=CARTESIAN_POINT('',(10.186279025,-0.624896715,5.961758174));
#2437=CARTESIAN_POINT('',(10.15688853,-0.624896715,6.127454079));
#2438=CARTESIAN_POINT('',(10.126055727,-0.624896715,6.29268135));
#2439=CARTESIAN_POINT('',(10.09450701,-0.624896715,6.457676007));
#2440=CARTESIAN_POINT('',(10.062242377,-0.624896715,6.622438049));
#2441=CARTESIAN_POINT('',(10.011713264,-0.624896715,6.868888329));
#2442=CARTESIAN_POINT('',(9.95906742,-0.624896715,7.114650843));
#2443=CARTESIAN_POINT('',(9.904320148,-0.624896715,7.359730561));
#2444=CARTESIAN_POINT('',(9.847486611,-0.624896715,7.60413241));
#2445=CARTESIAN_POINT('',(9.788581831,-0.624896715,7.847861271));
#2446=CARTESIAN_POINT('',(9.727620692,-0.624896715,8.090921981));
#2447=CARTESIAN_POINT('',(9.664617945,-0.624896715,8.333319332));
#2448=CARTESIAN_POINT('',(9.599588198,-0.624896715,8.575058071));
#2449=CARTESIAN_POINT('',(9.532545921,-0.624896715,8.8161429));
#2450=CARTESIAN_POINT('',(9.463505449,-0.624896715,9.056578475));
#2451=CARTESIAN_POINT('',(9.392480975,-0.624896715,9.29636941));
#2452=CARTESIAN_POINT('',(9.319486557,-0.624896715,9.53552027));
#2453=CARTESIAN_POINT('',(9.244536113,-0.624896715,9.774035579));
#2454=CARTESIAN_POINT('',(9.167643423,-0.624896715,10.011919815));
#2455=CARTESIAN_POINT('',(9.115095896,-0.624896715,10.170091544));
#2456=CARTESIAN_POINT('',(9.061910001,-0.624896715,10.328055856));
#2457=CARTESIAN_POINT('',(9.034997871,-0.624896715,10.406934303));
#2458=CARTESIAN_POINT('',(9.006363817,-0.624896715,10.489774424));
#2459=CARTESIAN_POINT('',(9.004958006,-0.624896715,10.493838809));
#2460=CARTESIAN_POINT('',(9.003551351,-0.624896715,10.49790292));
#2461=CARTESIAN_POINT('',(10.573566531,-0.499895465,2.548603613));
#2462=CARTESIAN_POINT('',(10.573006461,-0.499895465,2.559782558));
#2463=CARTESIAN_POINT('',(10.572439667,-0.499895465,2.570959319));
#2464=CARTESIAN_POINT('',(10.567442853,-0.499895465,2.668319407));
#2465=CARTESIAN_POINT('',(10.562619882,-0.499895465,2.754375056));
#2466=CARTESIAN_POINT('',(10.552180501,-0.499895465,2.926228553));
#2467=CARTESIAN_POINT('',(10.546564088,-0.499895465,3.012026398));
#2468=CARTESIAN_POINT('',(10.534543659,-0.499895465,3.183366181));
#2469=CARTESIAN_POINT('',(10.521735628,-0.499895465,3.354450055));
#2470=CARTESIAN_POINT('',(10.507363977,-0.499895465,3.525025879));
#2471=CARTESIAN_POINT('',(10.492216268,-0.499895465,3.695349547));
#2472=CARTESIAN_POINT('',(10.476292493,-0.499895465,3.865421055));
#2473=CARTESIAN_POINT('',(10.458828002,-0.499895465,4.034991954));
#2474=CARTESIAN_POINT('',(10.440598801,-0.499895465,4.204314385));
#2475=CARTESIAN_POINT('',(10.421604898,-0.499895465,4.373388348));
#2476=CARTESIAN_POINT('',(10.401092797,-0.499895465,4.541969018));
#2477=CARTESIAN_POINT('',(10.379827162,-0.499895465,4.710304852));
#2478=CARTESIAN_POINT('',(10.368817576,-0.499895465,4.794350348));
#2479=CARTESIAN_POINT('',(10.346050386,-0.499895465,4.962198297));
#2480=CARTESIAN_POINT('',(10.334292781,-0.499895465,5.046000747));
#2481=CARTESIAN_POINT('',(10.310035019,-0.499895465,5.213364379));
#2482=CARTESIAN_POINT('',(10.285034707,-0.499895465,5.380486742));
#2483=CARTESIAN_POINT('',(10.245322856,-0.499895465,5.630451764));
#2484=CARTESIAN_POINT('',(10.217384787,-0.499895465,5.796619591));
#2485=CARTESIAN_POINT('',(10.188720298,-0.499895465,5.962551391));
#2486=CARTESIAN_POINT('',(10.159329388,-0.499895465,6.128247162));
#2487=CARTESIAN_POINT('',(10.128496208,-0.499895465,6.29347431));
#2488=CARTESIAN_POINT('',(10.096947131,-0.499895465,6.458468851));
#2489=CARTESIAN_POINT('',(10.064682156,-0.499895465,6.623230781));
#2490=CARTESIAN_POINT('',(10.014152578,-0.499895465,6.869680911));
#2491=CARTESIAN_POINT('',(9.961506324,-0.499895465,7.115443291));
#2492=CARTESIAN_POINT('',(9.906758693,-0.499895465,7.360522892));
#2493=CARTESIAN_POINT('',(9.849924848,-0.499895465,7.604924641));
#2494=CARTESIAN_POINT('',(9.791019811,-0.499895465,7.848653419));
#2495=CARTESIAN_POINT('',(9.73005847,-0.499895465,8.091714063));
#2496=CARTESIAN_POINT('',(9.667055571,-0.499895465,8.334111365));
#2497=CARTESIAN_POINT('',(9.602025722,-0.499895465,8.575850071));
#2498=CARTESIAN_POINT('',(9.534983397,-0.499895465,8.816934884));
#2499=CARTESIAN_POINT('',(9.465942928,-0.499895465,9.05737046));
#2500=CARTESIAN_POINT('',(9.394918509,-0.499895465,9.297161412));
#2501=CARTESIAN_POINT('',(9.321924197,-0.499895465,9.536312307));
#2502=CARTESIAN_POINT('',(9.246973912,-0.499895465,9.774827668));
#2503=CARTESIAN_POINT('',(9.170081434,-0.499895465,10.012711972));
#2504=CARTESIAN_POINT('',(9.11753408,-0.499895465,10.170883758));
#2505=CARTESIAN_POINT('',(9.064348378,-0.499895465,10.328848133));
#2506=CARTESIAN_POINT('',(9.037436352,-0.499895465,10.407726614));
#2507=CARTESIAN_POINT('',(9.008802418,-0.499895465,10.490566774));
#2508=CARTESIAN_POINT('',(9.007396613,-0.499895465,10.49463116));
#2509=CARTESIAN_POINT('',(9.005989964,-0.499895465,10.498695273));
#2510=CARTESIAN_POINT('',(10.574589188,-0.43739484,2.548935894));
#2511=CARTESIAN_POINT('',(10.574029095,-0.43739484,2.560114832));
#2512=CARTESIAN_POINT('',(10.573462277,-0.43739484,2.571291585));
#2513=CARTESIAN_POINT('',(10.568465255,-0.43739484,2.668651606));
#2514=CARTESIAN_POINT('',(10.563642103,-0.43739484,2.754707196));
#2515=CARTESIAN_POINT('',(10.553202373,-0.43739484,2.92656058));
#2516=CARTESIAN_POINT('',(10.547585784,-0.43739484,3.012358367));
#2517=CARTESIAN_POINT('',(10.53556502,-0.43739484,3.183698041));
#2518=CARTESIAN_POINT('',(10.522756657,-0.43739484,3.354781808));
#2519=CARTESIAN_POINT('',(10.508384691,-0.43739484,3.525357529));
#2520=CARTESIAN_POINT('',(10.493236671,-0.43739484,3.695681096));
#2521=CARTESIAN_POINT('',(10.477312597,-0.43739484,3.865752507));
#2522=CARTESIAN_POINT('',(10.459847816,-0.43739484,4.035323312));
#2523=CARTESIAN_POINT('',(10.441618338,-0.43739484,4.204645652));
#2524=CARTESIAN_POINT('',(10.422624159,-0.43739484,4.373719526));
#2525=CARTESIAN_POINT('',(10.402111801,-0.43739484,4.542300113));
#2526=CARTESIAN_POINT('',(10.380845915,-0.43739484,4.710635865));
#2527=CARTESIAN_POINT('',(10.369836207,-0.43739484,4.794681321));
#2528=CARTESIAN_POINT('',(10.34706878,-0.43739484,4.962529193));
#2529=CARTESIAN_POINT('',(10.33531106,-0.43739484,5.046331606));
#2530=CARTESIAN_POINT('',(10.311053075,-0.43739484,5.213695166));
#2531=CARTESIAN_POINT('',(10.286052549,-0.43739484,5.380817458));
#2532=CARTESIAN_POINT('',(10.246340397,-0.43739484,5.630782383));
#2533=CARTESIAN_POINT('',(10.218402142,-0.43739484,5.79695015));
#2534=CARTESIAN_POINT('',(10.189737473,-0.43739484,5.962881891));
#2535=CARTESIAN_POINT('',(10.160346393,-0.43739484,6.128577607));
#2536=CARTESIAN_POINT('',(10.129513054,-0.43739484,6.293804704));
#2537=CARTESIAN_POINT('',(10.097963827,-0.43739484,6.458799196));
#2538=CARTESIAN_POINT('',(10.065698709,-0.43739484,6.623561079));
#2539=CARTESIAN_POINT('',(10.015168939,-0.43739484,6.870011146));
#2540=CARTESIAN_POINT('',(9.962522513,-0.43739484,7.11577347));
#2541=CARTESIAN_POINT('',(9.907774733,-0.43739484,7.360853023));
#2542=CARTESIAN_POINT('',(9.850940759,-0.43739484,7.60525473));
#2543=CARTESIAN_POINT('',(9.792035616,-0.43739484,7.848983474));
#2544=CARTESIAN_POINT('',(9.73107419,-0.43739484,8.09204409));
#2545=CARTESIAN_POINT('',(9.668071227,-0.43739484,8.334441372));
#2546=CARTESIAN_POINT('',(9.603041336,-0.43739484,8.576180064));
#2547=CARTESIAN_POINT('',(9.535998991,-0.43739484,8.81726487));
#2548=CARTESIAN_POINT('',(9.466958523,-0.43739484,9.057700447));
#2549=CARTESIAN_POINT('',(9.395934127,-0.43739484,9.297491407));
#2550=CARTESIAN_POINT('',(9.322939861,-0.43739484,9.536642317));
#2551=CARTESIAN_POINT('',(9.247989642,-0.43739484,9.775157699));
#2552=CARTESIAN_POINT('',(9.171097251,-0.43739484,10.013042031));
#2553=CARTESIAN_POINT('',(9.11854997,-0.43739484,10.171213841));
#2554=CARTESIAN_POINT('',(9.065364347,-0.43739484,10.329178242));
#2555=CARTESIAN_POINT('',(9.038452365,-0.43739484,10.408056736));
#2556=CARTESIAN_POINT('',(9.009818481,-0.43739484,10.490896912));
#2557=CARTESIAN_POINT('',(9.008412678,-0.43739484,10.4949613));
#2558=CARTESIAN_POINT('',(9.007006032,-0.43739484,10.499025413));
#2559=CARTESIAN_POINT('',(10.576225427,-0.31239359,2.54946754));
#2560=CARTESIAN_POINT('',(10.575665295,-0.31239359,2.560646466));
#2561=CARTESIAN_POINT('',(10.575098439,-0.31239359,2.571823206));
#2562=CARTESIAN_POINT('',(10.570101082,-0.31239359,2.669183118));
#2563=CARTESIAN_POINT('',(10.565277649,-0.31239359,2.755238617));
#2564=CARTESIAN_POINT('',(10.554837347,-0.31239359,2.927091815));
#2565=CARTESIAN_POINT('',(10.549220489,-0.31239359,3.012889515));
#2566=CARTESIAN_POINT('',(10.53719918,-0.31239359,3.184229012));
#2567=CARTESIAN_POINT('',(10.524390289,-0.31239359,3.355312607));
#2568=CARTESIAN_POINT('',(10.510017818,-0.31239359,3.525888164));
#2569=CARTESIAN_POINT('',(10.494869303,-0.31239359,3.69621157));
#2570=CARTESIAN_POINT('',(10.478944746,-0.31239359,3.866282824));
#2571=CARTESIAN_POINT('',(10.461479506,-0.31239359,4.03585348));
#2572=CARTESIAN_POINT('',(10.443249578,-0.31239359,4.205175674));
#2573=CARTESIAN_POINT('',(10.424254965,-0.31239359,4.374249407));
#2574=CARTESIAN_POINT('',(10.403742193,-0.31239359,4.542829859));
#2575=CARTESIAN_POINT('',(10.382475904,-0.31239359,4.71116548));
#2576=CARTESIAN_POINT('',(10.371466002,-0.31239359,4.795210874));
#2577=CARTESIAN_POINT('',(10.348698196,-0.31239359,4.963058622));
#2578=CARTESIAN_POINT('',(10.336940292,-0.31239359,5.046860975));
#2579=CARTESIAN_POINT('',(10.312681953,-0.31239359,5.21422442));
#2580=CARTESIAN_POINT('',(10.287681081,-0.31239359,5.381346601));
#2581=CARTESIAN_POINT('',(10.247968448,-0.31239359,5.631311369));
#2582=CARTESIAN_POINT('',(10.220029895,-0.31239359,5.797479039));
#2583=CARTESIAN_POINT('',(10.191364941,-0.31239359,5.963410688));
#2584=CARTESIAN_POINT('',(10.161973584,-0.31239359,6.129106313));
#2585=CARTESIAN_POINT('',(10.131139995,-0.31239359,6.294333329));
#2586=CARTESIAN_POINT('',(10.099590527,-0.31239359,6.459327742));
#2587=CARTESIAN_POINT('',(10.06732518,-0.31239359,6.624089552));
#2588=CARTESIAN_POINT('',(10.016795101,-0.31239359,6.870539519));
#2589=CARTESIAN_POINT('',(9.964148401,-0.31239359,7.116301753));
#2590=CARTESIAN_POINT('',(9.909400381,-0.31239359,7.361381228));
#2591=CARTESIAN_POINT('',(9.852566202,-0.31239359,7.605782869));
#2592=CARTESIAN_POINT('',(9.793660889,-0.31239359,7.849511557));
#2593=CARTESIAN_POINT('',(9.732699327,-0.31239359,8.092572129));
#2594=CARTESIAN_POINT('',(9.669696262,-0.31239359,8.334969378));
#2595=CARTESIAN_POINT('',(9.604666305,-0.31239359,8.576708048));
#2596=CARTESIAN_POINT('',(9.537623927,-0.31239359,8.817792844));
#2597=CARTESIAN_POINT('',(9.468583461,-0.31239359,9.058228421));
#2598=CARTESIAN_POINT('',(9.397559102,-0.31239359,9.298019393));
#2599=CARTESIAN_POINT('',(9.324564906,-0.31239359,9.537170326));
#2600=CARTESIAN_POINT('',(9.249614794,-0.31239359,9.775685743));
#2601=CARTESIAN_POINT('',(9.172722542,-0.31239359,10.013570121));
#2602=CARTESIAN_POINT('',(9.120175379,-0.31239359,10.171741968));
#2603=CARTESIAN_POINT('',(9.066989885,-0.31239359,10.329706411));
#2604=CARTESIAN_POINT('',(9.040077973,-0.31239359,10.408584928));
#2605=CARTESIAN_POINT('',(9.011444167,-0.31239359,10.49142513));
#2606=CARTESIAN_POINT('',(9.010038368,-0.31239359,10.495489519));
#2607=CARTESIAN_POINT('',(9.008631725,-0.31239359,10.499553633));
#2608=CARTESIAN_POINT('',(10.577452587,-0.18739234,2.549866269));
#2609=CARTESIAN_POINT('',(10.576892427,-0.18739234,2.561045185));
#2610=CARTESIAN_POINT('',(10.576325542,-0.18739234,2.572221916));
#2611=CARTESIAN_POINT('',(10.571327938,-0.18739234,2.669581748));
#2612=CARTESIAN_POINT('',(10.566504285,-0.18739234,2.755637175));
#2613=CARTESIAN_POINT('',(10.556063566,-0.18739234,2.927490237));
#2614=CARTESIAN_POINT('',(10.550446496,-0.18739234,3.013287868));
#2615=CARTESIAN_POINT('',(10.538424785,-0.18739234,3.184627235));
#2616=CARTESIAN_POINT('',(10.525615495,-0.18739234,3.3557107));
#2617=CARTESIAN_POINT('',(10.511242644,-0.18739234,3.526286134));
#2618=CARTESIAN_POINT('',(10.496093759,-0.18739234,3.69660942));
#2619=CARTESIAN_POINT('',(10.48016884,-0.18739234,3.866680556));
#2620=CARTESIAN_POINT('',(10.462703255,-0.18739234,4.0362511));
#2621=CARTESIAN_POINT('',(10.444472992,-0.18739234,4.205573186));
#2622=CARTESIAN_POINT('',(10.42547805,-0.18739234,4.374646811));
#2623=CARTESIAN_POINT('',(10.404964969,-0.18739234,4.543227163));
#2624=CARTESIAN_POINT('',(10.383698379,-0.18739234,4.711562686));
#2625=CARTESIAN_POINT('',(10.372688331,-0.18739234,4.795608032));
#2626=CARTESIAN_POINT('',(10.34992024,-0.18739234,4.963455688));
#2627=CARTESIAN_POINT('',(10.338162199,-0.18739234,5.047257997));
#2628=CARTESIAN_POINT('',(10.313903592,-0.18739234,5.214621355));
#2629=CARTESIAN_POINT('',(10.288902463,-0.18739234,5.381743452));
#2630=CARTESIAN_POINT('',(10.249189469,-0.18739234,5.631708102));
#2631=CARTESIAN_POINT('',(10.221250692,-0.18739234,5.7978757));
#2632=CARTESIAN_POINT('',(10.192585522,-0.18739234,5.963807278));
#2633=CARTESIAN_POINT('',(10.16319396,-0.18739234,6.129502837));
#2634=CARTESIAN_POINT('',(10.132360182,-0.18739234,6.294729791));
#2635=CARTESIAN_POINT('',(10.100810533,-0.18739234,6.459724146));
#2636=CARTESIAN_POINT('',(10.068545015,-0.18739234,6.6244859));
#2637=CARTESIAN_POINT('',(10.018014704,-0.18739234,6.870935792));
#2638=CARTESIAN_POINT('',(9.965367799,-0.18739234,7.11669796));
#2639=CARTESIAN_POINT('',(9.9106196,-0.18739234,7.361777376));
#2640=CARTESIAN_POINT('',(9.853785266,-0.18739234,7.606178967));
#2641=CARTESIAN_POINT('',(9.794879825,-0.18739234,7.849907613));
#2642=CARTESIAN_POINT('',(9.733918161,-0.18739234,8.092968153));
#2643=CARTESIAN_POINT('',(9.670915021,-0.18739234,8.335365376));
#2644=CARTESIAN_POINT('',(9.605885013,-0.18739234,8.577104031));
#2645=CARTESIAN_POINT('',(9.538842611,-0.18739234,8.818188819));
#2646=CARTESIAN_POINT('',(9.469802147,-0.18739234,9.058624396));
#2647=CARTESIAN_POINT('',(9.398777815,-0.18739234,9.298415377));
#2648=CARTESIAN_POINT('',(9.325783673,-0.18739234,9.537566327));
#2649=CARTESIAN_POINT('',(9.250833639,-0.18739234,9.77608177));
#2650=CARTESIAN_POINT('',(9.173941494,-0.18739234,10.013966182));
#2651=CARTESIAN_POINT('',(9.121394418,-0.18739234,10.172138058));
#2652=CARTESIAN_POINT('',(9.068209019,-0.18739234,10.330102532));
#2653=CARTESIAN_POINT('',(9.04129716,-0.18739234,10.408981066));
#2654=CARTESIAN_POINT('',(9.012663414,-0.18739234,10.491821287));
#2655=CARTESIAN_POINT('',(9.011257618,-0.18739234,10.495885677));
#2656=CARTESIAN_POINT('',(9.009850978,-0.18739234,10.499949793));
#2657=CARTESIAN_POINT('',(10.57806616,0.000109535,2.550065631));
#2658=CARTESIAN_POINT('',(10.577505985,0.000109535,2.561244542));
#2659=CARTESIAN_POINT('',(10.576939086,0.000109535,2.572421269));
#2660=CARTESIAN_POINT('',(10.571941358,0.000109535,2.66978106));
#2661=CARTESIAN_POINT('',(10.567117599,0.000109535,2.755836453));
#2662=CARTESIAN_POINT('',(10.556676664,0.000109535,2.927689445));
#2663=CARTESIAN_POINT('',(10.551059495,0.000109535,3.013487044));
#2664=CARTESIAN_POINT('',(10.539037576,0.000109535,3.184826343));
#2665=CARTESIAN_POINT('',(10.526228093,0.000109535,3.355909746));
#2666=CARTESIAN_POINT('',(10.51185505,0.000109535,3.526485117));
#2667=CARTESIAN_POINT('',(10.496705981,0.000109535,3.696808343));
#2668=CARTESIAN_POINT('',(10.48078088,0.000109535,3.86687942));
#2669=CARTESIAN_POINT('',(10.463315123,0.000109535,4.036449908));
#2670=CARTESIAN_POINT('',(10.445084692,0.000109535,4.205771939));
#2671=CARTESIAN_POINT('',(10.426089587,0.000109535,4.374845511));
#2672=CARTESIAN_POINT('',(10.405576349,0.000109535,4.543425812));
#2673=CARTESIAN_POINT('',(10.38430961,0.000109535,4.711761287));
#2674=CARTESIAN_POINT('',(10.373299487,0.000109535,4.795806609));
#2675=CARTESIAN_POINT('',(10.350531255,0.000109535,4.963654219));
#2676=CARTESIAN_POINT('',(10.338773144,0.000109535,5.047456505));
#2677=CARTESIAN_POINT('',(10.314514406,0.000109535,5.21481982));
#2678=CARTESIAN_POINT('',(10.289513147,0.000109535,5.381941875));
#2679=CARTESIAN_POINT('',(10.249799972,0.000109535,5.631906467));
#2680=CARTESIAN_POINT('',(10.221861083,0.000109535,5.798074028));
#2681=CARTESIAN_POINT('',(10.193195806,0.000109535,5.964005572));
#2682=CARTESIAN_POINT('',(10.163804141,0.000109535,6.129701097));
#2683=CARTESIAN_POINT('',(10.132970268,0.000109535,6.294928021));
#2684=CARTESIAN_POINT('',(10.10142053,0.000109535,6.459922346));
#2685=CARTESIAN_POINT('',(10.069154925,0.000109535,6.624684072));
#2686=CARTESIAN_POINT('',(10.018624499,0.000109535,6.871133926));
#2687=CARTESIAN_POINT('',(9.965977491,0.000109535,7.116896061));
#2688=CARTESIAN_POINT('',(9.911229201,0.000109535,7.361975448));
#2689=CARTESIAN_POINT('',(9.854394792,0.000109535,7.606377014));
#2690=CARTESIAN_POINT('',(9.795489287,0.000109535,7.85010564));
#2691=CARTESIAN_POINT('',(9.734527571,0.000109535,8.093166162));
#2692=CARTESIAN_POINT('',(9.671524392,0.000109535,8.335563373));
#2693=CARTESIAN_POINT('',(9.606494361,0.000109535,8.57730202));
#2694=CARTESIAN_POINT('',(9.539451946,0.000109535,8.818386804));
#2695=CARTESIAN_POINT('',(9.470411483,0.000109535,9.058822382));
#2696=CARTESIAN_POINT('',(9.399387165,0.000109535,9.298613367));
#2697=CARTESIAN_POINT('',(9.326393049,0.000109535,9.537764325));
#2698=CARTESIAN_POINT('',(9.251443055,0.000109535,9.776279781));
#2699=CARTESIAN_POINT('',(9.174550962,0.000109535,10.01416421));
#2700=CARTESIAN_POINT('',(9.12200393,0.000109535,10.172336101));
#2701=CARTESIAN_POINT('',(9.068818579,0.000109535,10.33030059));
#2702=CARTESIAN_POINT('',(9.041906746,0.000109535,10.409179133));
#2703=CARTESIAN_POINT('',(9.01327303,0.000109535,10.492019364));
#2704=CARTESIAN_POINT('',(9.011867236,0.000109535,10.496083754));
#2705=CARTESIAN_POINT('',(9.010460598,0.000109535,10.50014787));
#2706=CARTESIAN_POINT('',(10.577657112,0.125110785,2.549932723));
#2707=CARTESIAN_POINT('',(10.577096947,0.125110785,2.561111638));
#2708=CARTESIAN_POINT('',(10.576530057,0.125110785,2.572288367));
#2709=CARTESIAN_POINT('',(10.571532411,0.125110785,2.669648185));
#2710=CARTESIAN_POINT('',(10.566708722,0.125110785,2.755703601));
#2711=CARTESIAN_POINT('',(10.556267933,0.125110785,2.92755664));
#2712=CARTESIAN_POINT('',(10.550650826,0.125110785,3.013354259));
#2713=CARTESIAN_POINT('',(10.53862905,0.125110785,3.184693605));
#2714=CARTESIAN_POINT('',(10.525819693,0.125110785,3.355777048));
#2715=CARTESIAN_POINT('',(10.511446781,0.125110785,3.526352462));
#2716=CARTESIAN_POINT('',(10.496297832,0.125110785,3.696675728));
#2717=CARTESIAN_POINT('',(10.480372854,0.125110785,3.866746845));
#2718=CARTESIAN_POINT('',(10.462907211,0.125110785,4.036317369));
#2719=CARTESIAN_POINT('',(10.444676892,0.125110785,4.205639437));
#2720=CARTESIAN_POINT('',(10.425681896,0.125110785,4.374713044));
#2721=CARTESIAN_POINT('',(10.405168764,0.125110785,4.54329338));
#2722=CARTESIAN_POINT('',(10.383902122,0.125110785,4.711628886));
#2723=CARTESIAN_POINT('',(10.37289205,0.125110785,4.795674225));
#2724=CARTESIAN_POINT('',(10.350123912,0.125110785,4.963521865));
#2725=CARTESIAN_POINT('',(10.338365849,0.125110785,5.047324167));
#2726=CARTESIAN_POINT('',(10.314107195,0.125110785,5.21468751));
#2727=CARTESIAN_POINT('',(10.289106024,0.125110785,5.381809593));
#2728=CARTESIAN_POINT('',(10.249392969,0.125110785,5.631774224));
#2729=CARTESIAN_POINT('',(10.221454155,0.125110785,5.797941809));
#2730=CARTESIAN_POINT('',(10.19278895,0.125110785,5.963873376));
#2731=CARTESIAN_POINT('',(10.163397354,0.125110785,6.129568924));
#2732=CARTESIAN_POINT('',(10.132563544,0.125110785,6.294795868));
#2733=CARTESIAN_POINT('',(10.101013865,0.125110785,6.459790213));
#2734=CARTESIAN_POINT('',(10.068748318,0.125110785,6.624551957));
#2735=CARTESIAN_POINT('',(10.018217969,0.125110785,6.871001836));
#2736=CARTESIAN_POINT('',(9.965571029,0.125110785,7.116763993));
#2737=CARTESIAN_POINT('',(9.910822799,0.125110785,7.3618434));
#2738=CARTESIAN_POINT('',(9.853988442,0.125110785,7.606244982));
#2739=CARTESIAN_POINT('',(9.795082979,0.125110785,7.849973622));
#2740=CARTESIAN_POINT('',(9.734121298,0.125110785,8.093034156));
#2741=CARTESIAN_POINT('',(9.671118145,0.125110785,8.335431375));
#2742=CARTESIAN_POINT('',(9.60608813,0.125110785,8.577170027));
#2743=CARTESIAN_POINT('',(9.539045723,0.125110785,8.818254813));
#2744=CARTESIAN_POINT('',(9.470005259,0.125110785,9.058690392));
#2745=CARTESIAN_POINT('',(9.398980932,0.125110785,9.298481373));
#2746=CARTESIAN_POINT('',(9.325986799,0.125110785,9.537632327));
#2747=CARTESIAN_POINT('',(9.251036778,0.125110785,9.776147773));
#2748=CARTESIAN_POINT('',(9.17414465,0.125110785,10.014032191));
#2749=CARTESIAN_POINT('',(9.121597588,0.125110785,10.172204072));
#2750=CARTESIAN_POINT('',(9.068412206,0.125110785,10.330168551));
#2751=CARTESIAN_POINT('',(9.041500355,0.125110785,10.409047088));
#2752=CARTESIAN_POINT('',(9.012866619,0.125110785,10.491887313));
#2753=CARTESIAN_POINT('',(9.011460823,0.125110785,10.495951702));
#2754=CARTESIAN_POINT('',(9.010054184,0.125110785,10.500015818));
#2755=CARTESIAN_POINT('',(10.576839007,0.250112035,2.549666905));
#2756=CARTESIAN_POINT('',(10.576278861,0.250112035,2.560845825));
#2757=CARTESIAN_POINT('',(10.57571199,0.250112035,2.572022561));
#2758=CARTESIAN_POINT('',(10.570714511,0.250112035,2.669382433));
#2759=CARTESIAN_POINT('',(10.565890967,0.250112035,2.755437897));
#2760=CARTESIAN_POINT('',(10.555450456,0.250112035,2.927291026));
#2761=CARTESIAN_POINT('',(10.549833494,0.250112035,3.013088692));
#2762=CARTESIAN_POINT('',(10.537811981,0.250112035,3.184428123));
#2763=CARTESIAN_POINT('',(10.525002893,0.250112035,3.355511654));
#2764=CARTESIAN_POINT('',(10.510630231,0.250112035,3.526087149));
#2765=CARTESIAN_POINT('',(10.495481532,0.250112035,3.696410496));
#2766=CARTESIAN_POINT('',(10.479556793,0.250112035,3.86648169));
#2767=CARTESIAN_POINT('',(10.462091381,0.250112035,4.03605229));
#2768=CARTESIAN_POINT('',(10.443861285,0.250112035,4.20537443));
#2769=CARTESIAN_POINT('',(10.424866508,0.250112035,4.374448109));
#2770=CARTESIAN_POINT('',(10.40435358,0.250112035,4.543028511));
#2771=CARTESIAN_POINT('',(10.383087143,0.250112035,4.711364084));
#2772=CARTESIAN_POINT('',(10.372077167,0.250112035,4.795409453));
#2773=CARTESIAN_POINT('',(10.349309218,0.250112035,4.963257155));
#2774=CARTESIAN_POINT('',(10.337551245,0.250112035,5.047059486));
#2775=CARTESIAN_POINT('',(10.313292773,0.250112035,5.214422888));
#2776=CARTESIAN_POINT('',(10.288291772,0.250112035,5.381545026));
#2777=CARTESIAN_POINT('',(10.248578959,0.250112035,5.631509736));
#2778=CARTESIAN_POINT('',(10.220640294,0.250112035,5.797677369));
#2779=CARTESIAN_POINT('',(10.191975232,0.250112035,5.963608983));
#2780=CARTESIAN_POINT('',(10.162583773,0.250112035,6.129304575));
#2781=CARTESIAN_POINT('',(10.131750088,0.250112035,6.29453156));
#2782=CARTESIAN_POINT('',(10.100200529,0.250112035,6.459525944));
#2783=CARTESIAN_POINT('',(10.067935097,0.250112035,6.624287726));
#2784=CARTESIAN_POINT('',(10.017404902,0.250112035,6.870737655));
#2785=CARTESIAN_POINT('',(9.9647581,0.250112035,7.116499857));
#2786=CARTESIAN_POINT('',(9.91000999,0.250112035,7.361579302));
#2787=CARTESIAN_POINT('',(9.853175734,0.250112035,7.605980918));
#2788=CARTESIAN_POINT('',(9.794270357,0.250112035,7.849709585));
#2789=CARTESIAN_POINT('',(9.733308744,0.250112035,8.092770141));
#2790=CARTESIAN_POINT('',(9.670305641,0.250112035,8.335167377));
#2791=CARTESIAN_POINT('',(9.605275659,0.250112035,8.57690604));
#2792=CARTESIAN_POINT('',(9.538233269,0.250112035,8.817990831));
#2793=CARTESIAN_POINT('',(9.469192804,0.250112035,9.058426409));
#2794=CARTESIAN_POINT('',(9.398168459,0.250112035,9.298217385));
#2795=CARTESIAN_POINT('',(9.32517429,0.250112035,9.537368327));
#2796=CARTESIAN_POINT('',(9.250224216,0.250112035,9.775883756));
#2797=CARTESIAN_POINT('',(9.173332019,0.250112035,10.013768151));
#2798=CARTESIAN_POINT('',(9.120784898,0.250112035,10.171940013));
#2799=CARTESIAN_POINT('',(9.067599452,0.250112035,10.329904471));
#2800=CARTESIAN_POINT('',(9.040687566,0.250112035,10.408782997));
#2801=CARTESIAN_POINT('',(9.01205379,0.250112035,10.491623209));
#2802=CARTESIAN_POINT('',(9.010647993,0.250112035,10.495687598));
#2803=CARTESIAN_POINT('',(9.009241352,0.250112035,10.499751713));
#2804=CARTESIAN_POINT('',(10.576225427,0.31261266,2.54946754));
#2805=CARTESIAN_POINT('',(10.575665295,0.31261266,2.560646466));
#2806=CARTESIAN_POINT('',(10.575098439,0.31261266,2.571823206));
#2807=CARTESIAN_POINT('',(10.570101082,0.31261266,2.669183118));
#2808=CARTESIAN_POINT('',(10.565277649,0.31261266,2.755238617));
#2809=CARTESIAN_POINT('',(10.554837347,0.31261266,2.927091815));
#2810=CARTESIAN_POINT('',(10.549220489,0.31261266,3.012889515));
#2811=CARTESIAN_POINT('',(10.53719918,0.31261266,3.184229012));
#2812=CARTESIAN_POINT('',(10.524390289,0.31261266,3.355312607));
#2813=CARTESIAN_POINT('',(10.510017818,0.31261266,3.525888164));
#2814=CARTESIAN_POINT('',(10.494869303,0.31261266,3.69621157));
#2815=CARTESIAN_POINT('',(10.478944746,0.31261266,3.866282824));
#2816=CARTESIAN_POINT('',(10.461479506,0.31261266,4.03585348));
#2817=CARTESIAN_POINT('',(10.443249578,0.31261266,4.205175674));
#2818=CARTESIAN_POINT('',(10.424254965,0.31261266,4.374249407));
#2819=CARTESIAN_POINT('',(10.403742193,0.31261266,4.542829859));
#2820=CARTESIAN_POINT('',(10.382475904,0.31261266,4.71116548));
#2821=CARTESIAN_POINT('',(10.371466002,0.31261266,4.795210874));
#2822=CARTESIAN_POINT('',(10.348698196,0.31261266,4.963058622));
#2823=CARTESIAN_POINT('',(10.336940292,0.31261266,5.046860975));
#2824=CARTESIAN_POINT('',(10.312681953,0.31261266,5.21422442));
#2825=CARTESIAN_POINT('',(10.287681081,0.31261266,5.381346601));
#2826=CARTESIAN_POINT('',(10.247968448,0.31261266,5.631311369));
#2827=CARTESIAN_POINT('',(10.220029895,0.31261266,5.797479039));
#2828=CARTESIAN_POINT('',(10.191364941,0.31261266,5.963410688));
#2829=CARTESIAN_POINT('',(10.161973584,0.31261266,6.129106313));
#2830=CARTESIAN_POINT('',(10.131139995,0.31261266,6.294333329));
#2831=CARTESIAN_POINT('',(10.099590527,0.31261266,6.459327742));
#2832=CARTESIAN_POINT('',(10.06732518,0.31261266,6.624089552));
#2833=CARTESIAN_POINT('',(10.016795101,0.31261266,6.870539519));
#2834=CARTESIAN_POINT('',(9.964148401,0.31261266,7.116301753));
#2835=CARTESIAN_POINT('',(9.909400381,0.31261266,7.361381228));
#2836=CARTESIAN_POINT('',(9.852566202,0.31261266,7.605782869));
#2837=CARTESIAN_POINT('',(9.793660889,0.31261266,7.849511557));
#2838=CARTESIAN_POINT('',(9.732699327,0.31261266,8.092572129));
#2839=CARTESIAN_POINT('',(9.669696262,0.31261266,8.334969378));
#2840=CARTESIAN_POINT('',(9.604666305,0.31261266,8.576708048));
#2841=CARTESIAN_POINT('',(9.537623927,0.31261266,8.817792844));
#2842=CARTESIAN_POINT('',(9.468583461,0.31261266,9.058228421));
#2843=CARTESIAN_POINT('',(9.397559102,0.31261266,9.298019393));
#2844=CARTESIAN_POINT('',(9.324564906,0.31261266,9.537170326));
#2845=CARTESIAN_POINT('',(9.249614794,0.31261266,9.775685743));
#2846=CARTESIAN_POINT('',(9.172722542,0.31261266,10.013570121));
#2847=CARTESIAN_POINT('',(9.120175379,0.31261266,10.171741968));
#2848=CARTESIAN_POINT('',(9.066989885,0.31261266,10.329706411));
#2849=CARTESIAN_POINT('',(9.040077973,0.31261266,10.408584928));
#2850=CARTESIAN_POINT('',(9.011444167,0.31261266,10.49142513));
#2851=CARTESIAN_POINT('',(9.010038368,0.31261266,10.495489519));
#2852=CARTESIAN_POINT('',(9.008631725,0.31261266,10.499553633));
#2853=CARTESIAN_POINT('',(10.574589188,0.43761391,2.548935894));
#2854=CARTESIAN_POINT('',(10.574029095,0.43761391,2.560114832));
#2855=CARTESIAN_POINT('',(10.573462277,0.43761391,2.571291585));
#2856=CARTESIAN_POINT('',(10.568465255,0.43761391,2.668651606));
#2857=CARTESIAN_POINT('',(10.563642103,0.43761391,2.754707196));
#2858=CARTESIAN_POINT('',(10.553202373,0.43761391,2.92656058));
#2859=CARTESIAN_POINT('',(10.547585784,0.43761391,3.012358367));
#2860=CARTESIAN_POINT('',(10.53556502,0.43761391,3.183698041));
#2861=CARTESIAN_POINT('',(10.522756657,0.43761391,3.354781808));
#2862=CARTESIAN_POINT('',(10.508384691,0.43761391,3.525357529));
#2863=CARTESIAN_POINT('',(10.493236671,0.43761391,3.695681096));
#2864=CARTESIAN_POINT('',(10.477312597,0.43761391,3.865752507));
#2865=CARTESIAN_POINT('',(10.459847816,0.43761391,4.035323312));
#2866=CARTESIAN_POINT('',(10.441618338,0.43761391,4.204645652));
#2867=CARTESIAN_POINT('',(10.422624159,0.43761391,4.373719526));
#2868=CARTESIAN_POINT('',(10.402111801,0.43761391,4.542300113));
#2869=CARTESIAN_POINT('',(10.380845915,0.43761391,4.710635865));
#2870=CARTESIAN_POINT('',(10.369836207,0.43761391,4.794681321));
#2871=CARTESIAN_POINT('',(10.34706878,0.43761391,4.962529193));
#2872=CARTESIAN_POINT('',(10.33531106,0.43761391,5.046331606));
#2873=CARTESIAN_POINT('',(10.311053075,0.43761391,5.213695166));
#2874=CARTESIAN_POINT('',(10.286052549,0.43761391,5.380817458));
#2875=CARTESIAN_POINT('',(10.246340397,0.43761391,5.630782383));
#2876=CARTESIAN_POINT('',(10.218402142,0.43761391,5.79695015));
#2877=CARTESIAN_POINT('',(10.189737473,0.43761391,5.962881891));
#2878=CARTESIAN_POINT('',(10.160346393,0.43761391,6.128577607));
#2879=CARTESIAN_POINT('',(10.129513054,0.43761391,6.293804704));
#2880=CARTESIAN_POINT('',(10.097963827,0.43761391,6.458799196));
#2881=CARTESIAN_POINT('',(10.065698709,0.43761391,6.623561079));
#2882=CARTESIAN_POINT('',(10.015168939,0.43761391,6.870011146));
#2883=CARTESIAN_POINT('',(9.962522513,0.43761391,7.11577347));
#2884=CARTESIAN_POINT('',(9.907774733,0.43761391,7.360853023));
#2885=CARTESIAN_POINT('',(9.850940759,0.43761391,7.60525473));
#2886=CARTESIAN_POINT('',(9.792035616,0.43761391,7.848983474));
#2887=CARTESIAN_POINT('',(9.73107419,0.43761391,8.09204409));
#2888=CARTESIAN_POINT('',(9.668071227,0.43761391,8.334441372));
#2889=CARTESIAN_POINT('',(9.603041336,0.43761391,8.576180064));
#2890=CARTESIAN_POINT('',(9.535998991,0.43761391,8.81726487));
#2891=CARTESIAN_POINT('',(9.466958523,0.43761391,9.057700447));
#2892=CARTESIAN_POINT('',(9.395934127,0.43761391,9.297491407));
#2893=CARTESIAN_POINT('',(9.322939861,0.43761391,9.536642317));
#2894=CARTESIAN_POINT('',(9.247989642,0.43761391,9.775157699));
#2895=CARTESIAN_POINT('',(9.171097251,0.43761391,10.013042031));
#2896=CARTESIAN_POINT('',(9.11854997,0.43761391,10.171213841));
#2897=CARTESIAN_POINT('',(9.065364347,0.43761391,10.329178242));
#2898=CARTESIAN_POINT('',(9.038452365,0.43761391,10.408056736));
#2899=CARTESIAN_POINT('',(9.009818481,0.43761391,10.490896912));
#2900=CARTESIAN_POINT('',(9.008412678,0.43761391,10.4949613));
#2901=CARTESIAN_POINT('',(9.007006032,0.43761391,10.499025413));
#2902=CARTESIAN_POINT('',(10.573566531,0.500114535,2.548603613));
#2903=CARTESIAN_POINT('',(10.573006461,0.500114535,2.559782558));
#2904=CARTESIAN_POINT('',(10.572439667,0.500114535,2.570959319));
#2905=CARTESIAN_POINT('',(10.567442853,0.500114535,2.668319407));
#2906=CARTESIAN_POINT('',(10.562619882,0.500114535,2.754375056));
#2907=CARTESIAN_POINT('',(10.552180501,0.500114535,2.926228553));
#2908=CARTESIAN_POINT('',(10.546564088,0.500114535,3.012026398));
#2909=CARTESIAN_POINT('',(10.534543659,0.500114535,3.183366181));
#2910=CARTESIAN_POINT('',(10.521735628,0.500114535,3.354450055));
#2911=CARTESIAN_POINT('',(10.507363977,0.500114535,3.525025879));
#2912=CARTESIAN_POINT('',(10.492216268,0.500114535,3.695349547));
#2913=CARTESIAN_POINT('',(10.476292493,0.500114535,3.865421055));
#2914=CARTESIAN_POINT('',(10.458828002,0.500114535,4.034991954));
#2915=CARTESIAN_POINT('',(10.440598801,0.500114535,4.204314385));
#2916=CARTESIAN_POINT('',(10.421604898,0.500114535,4.373388348));
#2917=CARTESIAN_POINT('',(10.401092797,0.500114535,4.541969018));
#2918=CARTESIAN_POINT('',(10.379827162,0.500114535,4.710304852));
#2919=CARTESIAN_POINT('',(10.368817576,0.500114535,4.794350348));
#2920=CARTESIAN_POINT('',(10.346050386,0.500114535,4.962198297));
#2921=CARTESIAN_POINT('',(10.334292781,0.500114535,5.046000747));
#2922=CARTESIAN_POINT('',(10.310035019,0.500114535,5.213364379));
#2923=CARTESIAN_POINT('',(10.285034707,0.500114535,5.380486742));
#2924=CARTESIAN_POINT('',(10.245322856,0.500114535,5.630451764));
#2925=CARTESIAN_POINT('',(10.217384787,0.500114535,5.796619591));
#2926=CARTESIAN_POINT('',(10.188720298,0.500114535,5.962551391));
#2927=CARTESIAN_POINT('',(10.159329388,0.500114535,6.128247162));
#2928=CARTESIAN_POINT('',(10.128496208,0.500114535,6.29347431));
#2929=CARTESIAN_POINT('',(10.096947131,0.500114535,6.458468851));
#2930=CARTESIAN_POINT('',(10.064682156,0.500114535,6.623230781));
#2931=CARTESIAN_POINT('',(10.014152578,0.500114535,6.869680911));
#2932=CARTESIAN_POINT('',(9.961506324,0.500114535,7.115443291));
#2933=CARTESIAN_POINT('',(9.906758693,0.500114535,7.360522892));
#2934=CARTESIAN_POINT('',(9.849924848,0.500114535,7.604924641));
#2935=CARTESIAN_POINT('',(9.791019811,0.500114535,7.848653419));
#2936=CARTESIAN_POINT('',(9.73005847,0.500114535,8.091714063));
#2937=CARTESIAN_POINT('',(9.667055571,0.500114535,8.334111365));
#2938=CARTESIAN_POINT('',(9.602025722,0.500114535,8.575850071));
#2939=CARTESIAN_POINT('',(9.534983397,0.500114535,8.816934884));
#2940=CARTESIAN_POINT('',(9.465942928,0.500114535,9.05737046));
#2941=CARTESIAN_POINT('',(9.394918509,0.500114535,9.297161412));
#2942=CARTESIAN_POINT('',(9.321924197,0.500114535,9.536312307));
#2943=CARTESIAN_POINT('',(9.246973912,0.500114535,9.774827668));
#2944=CARTESIAN_POINT('',(9.170081434,0.500114535,10.012711972));
#2945=CARTESIAN_POINT('',(9.11753408,0.500114535,10.170883758));
#2946=CARTESIAN_POINT('',(9.064348378,0.500114535,10.328848133));
#2947=CARTESIAN_POINT('',(9.037436352,0.500114535,10.407726614));
#2948=CARTESIAN_POINT('',(9.008802418,0.500114535,10.490566774));
#2949=CARTESIAN_POINT('',(9.007396613,0.500114535,10.49463116));
#2950=CARTESIAN_POINT('',(9.005989964,0.500114535,10.498695273));
#2951=CARTESIAN_POINT('',(10.571112103,0.625115785,2.547806121));
#2952=CARTESIAN_POINT('',(10.570552091,0.625115785,2.558985085));
#2953=CARTESIAN_POINT('',(10.569985354,0.625115785,2.570161864));
#2954=CARTESIAN_POINT('',(10.564989032,0.625115785,2.667522112));
#2955=CARTESIAN_POINT('',(10.560166497,0.625115785,2.753577904));
#2956=CARTESIAN_POINT('',(10.549727961,0.625115785,2.925431675));
#2957=CARTESIAN_POINT('',(10.544111962,0.625115785,3.011229654));
#2958=CARTESIAN_POINT('',(10.532092346,0.625115785,3.182569701));
#2959=CARTESIAN_POINT('',(10.519285107,0.625115785,3.353653833));
#2960=CARTESIAN_POINT('',(10.504914217,0.625115785,3.524229904));
#2961=CARTESIAN_POINT('',(10.489767246,0.625115785,3.694553811));
#2962=CARTESIAN_POINT('',(10.473844199,0.625115785,3.864625556));
#2963=CARTESIAN_POINT('',(10.456380394,0.625115785,4.034196678));
#2964=CARTESIAN_POINT('',(10.438151868,0.625115785,4.203519328));
#2965=CARTESIAN_POINT('',(10.419158617,0.625115785,4.372593503));
#2966=CARTESIAN_POINT('',(10.398647139,0.625115785,4.541174376));
#2967=CARTESIAN_POINT('',(10.377382105,0.625115785,4.709510404));
#2968=CARTESIAN_POINT('',(10.366372813,0.625115785,4.793555996));
#2969=CARTESIAN_POINT('',(10.343606189,0.625115785,4.961404129));
#2970=CARTESIAN_POINT('',(10.33184886,0.625115785,5.045206669));
#2971=CARTESIAN_POINT('',(10.307591632,0.625115785,5.212570475));
#2972=CARTESIAN_POINT('',(10.282591836,0.625115785,5.379693005));
#2973=CARTESIAN_POINT('',(10.242880707,0.625115785,5.629658262));
#2974=CARTESIAN_POINT('',(10.214943086,0.625115785,5.795826234));
#2975=CARTESIAN_POINT('',(10.186279025,0.625115785,5.961758174));
#2976=CARTESIAN_POINT('',(10.15688853,0.625115785,6.127454079));
#2977=CARTESIAN_POINT('',(10.126055727,0.625115785,6.29268135));
#2978=CARTESIAN_POINT('',(10.09450701,0.625115785,6.457676007));
#2979=CARTESIAN_POINT('',(10.062242377,0.625115785,6.622438049));
#2980=CARTESIAN_POINT('',(10.011713264,0.625115785,6.868888329));
#2981=CARTESIAN_POINT('',(9.95906742,0.625115785,7.114650843));
#2982=CARTESIAN_POINT('',(9.904320148,0.625115785,7.359730561));
#2983=CARTESIAN_POINT('',(9.847486611,0.625115785,7.60413241));
#2984=CARTESIAN_POINT('',(9.788581831,0.625115785,7.847861271));
#2985=CARTESIAN_POINT('',(9.727620692,0.625115785,8.090921981));
#2986=CARTESIAN_POINT('',(9.664617945,0.625115785,8.333319332));
#2987=CARTESIAN_POINT('',(9.599588198,0.625115785,8.575058071));
#2988=CARTESIAN_POINT('',(9.532545921,0.625115785,8.8161429));
#2989=CARTESIAN_POINT('',(9.463505449,0.625115785,9.056578475));
#2990=CARTESIAN_POINT('',(9.392480975,0.625115785,9.29636941));
#2991=CARTESIAN_POINT('',(9.319486557,0.625115785,9.53552027));
#2992=CARTESIAN_POINT('',(9.244536113,0.625115785,9.774035579));
#2993=CARTESIAN_POINT('',(9.167643423,0.625115785,10.011919815));
#2994=CARTESIAN_POINT('',(9.115095896,0.625115785,10.170091544));
#2995=CARTESIAN_POINT('',(9.061910001,0.625115785,10.328055856));
#2996=CARTESIAN_POINT('',(9.034997871,0.625115785,10.406934303));
#2997=CARTESIAN_POINT('',(9.006363817,0.625115785,10.489774424));
#2998=CARTESIAN_POINT('',(9.004958006,0.625115785,10.493838809));
#2999=CARTESIAN_POINT('',(9.003551351,0.625115785,10.49790292));
#3000=CARTESIAN_POINT('',(10.56824856,0.750117035,2.546875699));
#3001=CARTESIAN_POINT('',(10.567688615,0.750117035,2.558054685));
#3002=CARTESIAN_POINT('',(10.567121945,0.750117035,2.569231486));
#3003=CARTESIAN_POINT('',(10.562126206,0.750117035,2.666591924));
#3004=CARTESIAN_POINT('',(10.557304172,0.750117035,2.752647878));
#3005=CARTESIAN_POINT('',(10.546866623,0.750117035,2.92450197));
#3006=CARTESIAN_POINT('',(10.541251109,0.750117035,3.010300106));
#3007=CARTESIAN_POINT('',(10.529232436,0.750117035,3.18164046));
#3008=CARTESIAN_POINT('',(10.516426125,0.750117035,3.352724893));
#3009=CARTESIAN_POINT('',(10.502056119,0.750117035,3.523301251));
#3010=CARTESIAN_POINT('',(10.486910015,0.750117035,3.693625441));
#3011=CARTESIAN_POINT('',(10.470987811,0.750117035,3.863697459));
#3012=CARTESIAN_POINT('',(10.453524812,0.750117035,4.033268843));
#3013=CARTESIAN_POINT('',(10.435297068,0.750117035,4.202591747));
#3014=CARTESIAN_POINT('',(10.416304583,0.750117035,4.371666171));
#3015=CARTESIAN_POINT('',(10.395793826,0.750117035,4.540247278));
#3016=CARTESIAN_POINT('',(10.374529497,0.750117035,4.708583536));
#3017=CARTESIAN_POINT('',(10.363520546,0.750117035,4.792629239));
#3018=CARTESIAN_POINT('',(10.340754586,0.750117035,4.960477587));
#3019=CARTESIAN_POINT('',(10.328997577,0.750117035,5.044280231));
#3020=CARTESIAN_POINT('',(10.304740972,0.750117035,5.211644239));
#3021=CARTESIAN_POINT('',(10.279741778,0.750117035,5.378766965));
#3022=CARTESIAN_POINT('',(10.240031492,0.750117035,5.628732495));
#3023=CARTESIAN_POINT('',(10.212094392,0.750117035,5.794900637));
#3024=CARTESIAN_POINT('',(10.183430834,0.750117035,5.96083274));
#3025=CARTESIAN_POINT('',(10.154040818,0.750117035,6.126528801));
#3026=CARTESIAN_POINT('',(10.123208456,0.750117035,6.291756215));
#3027=CARTESIAN_POINT('',(10.09166016,0.750117035,6.45675101));
#3028=CARTESIAN_POINT('',(10.059395928,0.750117035,6.621513182));
#3029=CARTESIAN_POINT('',(10.008867354,0.750117035,6.867963638));
#3030=CARTESIAN_POINT('',(9.956221991,0.750117035,7.113726307));
#3031=CARTESIAN_POINT('',(9.901475139,0.750117035,7.358806161));
#3032=CARTESIAN_POINT('',(9.844641959,0.750117035,7.603208126));
#3033=CARTESIAN_POINT('',(9.785737478,0.750117035,7.846937085));
#3034=CARTESIAN_POINT('',(9.724776578,0.750117035,8.089997872));
#3035=CARTESIAN_POINT('',(9.661774008,0.750117035,8.332395281));
#3036=CARTESIAN_POINT('',(9.596744378,0.750117035,8.574134058));
#3037=CARTESIAN_POINT('',(9.529702157,0.750117035,8.815218905));
#3038=CARTESIAN_POINT('',(9.46066168,0.750117035,9.055654479));
#3039=CARTESIAN_POINT('',(9.389637143,0.750117035,9.295445392));
#3040=CARTESIAN_POINT('',(9.3166426,0.750117035,9.534596212));
#3041=CARTESIAN_POINT('',(9.241691972,0.750117035,9.773111462));
#3042=CARTESIAN_POINT('',(9.164799037,0.750117035,10.010995617));
#3043=CARTESIAN_POINT('',(9.112251305,0.750117035,10.16916728));
#3044=CARTESIAN_POINT('',(9.059065185,0.750117035,10.32713152));
#3045=CARTESIAN_POINT('',(9.032152933,0.750117035,10.406009927));
#3046=CARTESIAN_POINT('',(9.00351874,0.750117035,10.488850003));
#3047=CARTESIAN_POINT('',(9.002112922,0.750117035,10.492914385));
#3048=CARTESIAN_POINT('',(9.00070626,0.750117035,10.496978494));
#3049=CARTESIAN_POINT('',(10.56456669,0.875118285,2.545679387));
#3050=CARTESIAN_POINT('',(10.564006831,0.875118285,2.556858401));
#3051=CARTESIAN_POINT('',(10.563440246,0.875118285,2.56803523));
#3052=CARTESIAN_POINT('',(10.558445255,0.875118285,2.665395911));
#3053=CARTESIAN_POINT('',(10.553623867,0.875118285,2.751452074));
#3054=CARTESIAN_POINT('',(10.543187586,0.875118285,2.923306578));
#3055=CARTESIAN_POINT('',(10.537572692,0.875118285,3.009104916));
#3056=CARTESIAN_POINT('',(10.52555524,0.875118285,3.180445666));
#3057=CARTESIAN_POINT('',(10.512750117,0.875118285,3.351530486));
#3058=CARTESIAN_POINT('',(10.498381249,0.875118285,3.522107214));
#3059=CARTESIAN_POINT('',(10.483236259,0.875118285,3.692431765));
#3060=CARTESIAN_POINT('',(10.46731514,0.875118285,3.862504136));
#3061=CARTESIAN_POINT('',(10.449853176,0.875118285,4.032075856));
#3062=CARTESIAN_POINT('',(10.43162644,0.875118285,4.201399088));
#3063=CARTESIAN_POINT('',(10.412634937,0.875118285,4.370473831));
#3064=CARTESIAN_POINT('',(10.392125111,0.875118285,4.53905524));
#3065=CARTESIAN_POINT('',(10.370861685,0.875118285,4.707391792));
#3066=CARTESIAN_POINT('',(10.359853173,0.875118285,4.791437637));
#3067=CARTESIAN_POINT('',(10.337088066,0.875118285,4.959286262));
#3068=CARTESIAN_POINT('',(10.325331471,0.875118285,5.043089041));
#3069=CARTESIAN_POINT('',(10.301075664,0.875118285,5.210453308));
#3070=CARTESIAN_POINT('',(10.276077245,0.875118285,5.377576286));
#3071=CARTESIAN_POINT('',(10.236368043,0.875118285,5.627542169));
#3072=CARTESIAN_POINT('',(10.208431613,0.875118285,5.793710529));
#3073=CARTESIAN_POINT('',(10.179768699,0.875118285,5.95964284));
#3074=CARTESIAN_POINT('',(10.150379302,0.875118285,6.125339102));
#3075=CARTESIAN_POINT('',(10.119547507,0.875118285,6.290566701));
#3076=CARTESIAN_POINT('',(10.087999751,0.875118285,6.455561671));
#3077=CARTESIAN_POINT('',(10.055736035,0.875118285,6.62032401));
#3078=CARTESIAN_POINT('',(10.005208155,0.875118285,6.866774692));
#3079=CARTESIAN_POINT('',(9.952563409,0.875118285,7.112537562));
#3080=CARTESIAN_POINT('',(9.897817096,0.875118285,7.357617591));
#3081=CARTESIAN_POINT('',(9.840984379,0.875118285,7.602019706));
#3082=CARTESIAN_POINT('',(9.782080279,0.875118285,7.845748789));
#3083=CARTESIAN_POINT('',(9.721119686,0.875118285,8.088809676));
#3084=CARTESIAN_POINT('',(9.658117345,0.875118285,8.331207159));
#3085=CARTESIAN_POINT('',(9.593087864,0.875118285,8.572945985));
#3086=CARTESIAN_POINT('',(9.526045717,0.875118285,8.814030855));
#3087=CARTESIAN_POINT('',(9.457005236,0.875118285,9.054466428));
#3088=CARTESIAN_POINT('',(9.385980616,0.875118285,9.294257315));
#3089=CARTESIAN_POINT('',(9.312985912,0.875118285,9.533408083));
#3090=CARTESIAN_POINT('',(9.238035045,0.875118285,9.771923254));
#3091=CARTESIAN_POINT('',(9.161141795,0.875118285,10.009807308));
#3092=CARTESIAN_POINT('',(9.1085938,0.875118285,10.167978885));
#3093=CARTESIAN_POINT('',(9.055407393,0.875118285,10.325943031));
#3094=CARTESIAN_POINT('',(9.028494984,0.875118285,10.404821387));
#3095=CARTESIAN_POINT('',(8.999860612,0.875118285,10.487661405));
#3096=CARTESIAN_POINT('',(8.998454785,0.875118285,10.491725785));
#3097=CARTESIAN_POINT('',(8.997048115,0.875118285,10.49578989));
#3098=CARTESIAN_POINT('',(10.560475592,1.000119535,2.544350109));
#3099=CARTESIAN_POINT('',(10.559915828,1.000119535,2.555529154));
#3100=CARTESIAN_POINT('',(10.559349339,1.000119535,2.566706013));
#3101=CARTESIAN_POINT('',(10.554355174,1.000119535,2.664066963));
#3102=CARTESIAN_POINT('',(10.549534508,1.000119535,2.750123361));
#3103=CARTESIAN_POINT('',(10.539099638,1.000119535,2.921978323));
#3104=CARTESIAN_POINT('',(10.533485436,1.000119535,3.007776886));
#3105=CARTESIAN_POINT('',(10.52146933,1.000119535,3.179118074));
#3106=CARTESIAN_POINT('',(10.508665532,1.000119535,3.350203324));
#3107=CARTESIAN_POINT('',(10.494297931,1.000119535,3.520780463));
#3108=CARTESIAN_POINT('',(10.479154173,1.000119535,3.691105415));
#3109=CARTESIAN_POINT('',(10.463234265,1.000119535,3.861178179));
#3110=CARTESIAN_POINT('',(10.445773447,1.000119535,4.030750272));
#3111=CARTESIAN_POINT('',(10.427547833,1.000119535,4.200073868));
#3112=CARTESIAN_POINT('',(10.40855742,1.000119535,4.369148965));
#3113=CARTESIAN_POINT('',(10.388048628,1.000119535,4.537730711));
#3114=CARTESIAN_POINT('',(10.366786208,1.000119535,4.706067589));
#3115=CARTESIAN_POINT('',(10.355778184,1.000119535,4.790113592));
#3116=CARTESIAN_POINT('',(10.333014022,1.000119535,4.957962525));
#3117=CARTESIAN_POINT('',(10.321257886,1.000119535,5.041765452));
#3118=CARTESIAN_POINT('',(10.29700297,1.000119535,5.20913001));
#3119=CARTESIAN_POINT('',(10.27200541,1.000119535,5.376253266));
#3120=CARTESIAN_POINT('',(10.232297412,1.000119535,5.626219541));
#3121=CARTESIAN_POINT('',(10.204361727,1.000119535,5.792388142));
#3122=CARTESIAN_POINT('',(10.17569953,1.000119535,5.958320687));
#3123=CARTESIAN_POINT('',(10.14631082,1.000119535,6.124017172));
#3124=CARTESIAN_POINT('',(10.115479654,1.000119535,6.289244976));
#3125=CARTESIAN_POINT('',(10.083932499,1.000119535,6.454240141));
#3126=CARTESIAN_POINT('',(10.051669356,1.000119535,6.619002666));
#3127=CARTESIAN_POINT('',(10.001142248,1.000119535,6.865453598));
#3128=CARTESIAN_POINT('',(9.948498187,1.000119535,7.111216691));
#3129=CARTESIAN_POINT('',(9.893752472,1.000119535,7.356296915));
#3130=CARTESIAN_POINT('',(9.836920267,1.000119535,7.600699196));
#3131=CARTESIAN_POINT('',(9.778016595,1.000119535,7.844428418));
#3132=CARTESIAN_POINT('',(9.717056341,1.000119535,8.087489415));
#3133=CARTESIAN_POINT('',(9.654054254,1.000119535,8.329886981));
#3134=CARTESIAN_POINT('',(9.58902494,1.000119535,8.571625861));
#3135=CARTESIAN_POINT('',(9.521982875,1.000119535,8.812710758));
#3136=CARTESIAN_POINT('',(9.452942387,1.000119535,9.053146329));
#3137=CARTESIAN_POINT('',(9.381917676,1.000119535,9.292937186));
#3138=CARTESIAN_POINT('',(9.308922794,1.000119535,9.532087896));
#3139=CARTESIAN_POINT('',(9.233971663,1.000119535,9.770602981));
#3140=CARTESIAN_POINT('',(9.157078061,1.000119535,10.00848692));
#3141=CARTESIAN_POINT('',(9.104529776,1.000119535,10.166658404));
#3142=CARTESIAN_POINT('',(9.051343049,1.000119535,10.324622446));
#3143=CARTESIAN_POINT('',(9.024430464,1.000119535,10.403500744));
#3144=CARTESIAN_POINT('',(8.995795894,1.000119535,10.486340698));
#3145=CARTESIAN_POINT('',(8.994390057,1.000119535,10.490405074));
#3146=CARTESIAN_POINT('',(8.992983377,1.000119535,10.494469177));
#3147=CARTESIAN_POINT('',(10.555975264,1.125120785,2.542887864));
#3148=CARTESIAN_POINT('',(10.555415606,1.125120785,2.554066943));
#3149=CARTESIAN_POINT('',(10.554849221,1.125120785,2.565243836));
#3150=CARTESIAN_POINT('',(10.549855969,1.125120785,2.662605082));
#3151=CARTESIAN_POINT('',(10.545036093,1.125120785,2.748661737));
#3152=CARTESIAN_POINT('',(10.534602776,1.125120785,2.920517204));
#3153=CARTESIAN_POINT('',(10.528989328,1.125120785,3.006316012));
#3154=CARTESIAN_POINT('',(10.516974716,1.125120785,3.177657685));
#3155=CARTESIAN_POINT('',(10.504172371,1.125120785,3.348743407));
#3156=CARTESIAN_POINT('',(10.489806159,1.125120785,3.519320998));
#3157=CARTESIAN_POINT('',(10.474663764,1.125120785,3.689646393));
#3158=CARTESIAN_POINT('',(10.45874518,1.125120785,3.859719587));
#3159=CARTESIAN_POINT('',(10.441285628,1.125120785,4.029292091));
#3160=CARTESIAN_POINT('',(10.423061246,1.125120785,4.198616088));
#3161=CARTESIAN_POINT('',(10.404072034,1.125120785,4.367691575));
#3162=CARTESIAN_POINT('',(10.383564379,1.125120785,4.53627369));
#3163=CARTESIAN_POINT('',(10.362303063,1.125120785,4.704610927));
#3164=CARTESIAN_POINT('',(10.351295576,1.125120785,4.788657105));
#3165=CARTESIAN_POINT('',(10.328532456,1.125120785,4.956506376));
#3166=CARTESIAN_POINT('',(10.316776826,1.125120785,5.040309468));
#3167=CARTESIAN_POINT('',(10.292522886,1.125120785,5.207674342));
#3168=CARTESIAN_POINT('',(10.267526274,1.125120785,5.374797907));
#3169=CARTESIAN_POINT('',(10.2278196,1.125120785,5.624764611));
#3170=CARTESIAN_POINT('',(10.199884735,1.125120785,5.790933479));
#3171=CARTESIAN_POINT('',(10.171223324,1.125120785,5.95686628));
#3172=CARTESIAN_POINT('',(10.141835371,1.125120785,6.122563011));
#3173=CARTESIAN_POINT('',(10.111004898,1.125120785,6.287791039));
#3174=CARTESIAN_POINT('',(10.079458403,1.125120785,6.452786419));
#3175=CARTESIAN_POINT('',(10.047195889,1.125120785,6.617549149));
#3176=CARTESIAN_POINT('',(9.99666963,1.125120785,6.864000357));
#3177=CARTESIAN_POINT('',(9.944026323,1.125120785,7.109763694));
#3178=CARTESIAN_POINT('',(9.889281268,1.125120785,7.354844132));
#3179=CARTESIAN_POINT('',(9.832449627,1.125120785,7.599246597));
#3180=CARTESIAN_POINT('',(9.773546423,1.125120785,7.842975971));
#3181=CARTESIAN_POINT('',(9.712586543,1.125120785,8.08603709));
#3182=CARTESIAN_POINT('',(9.649584735,1.125120785,8.328434746));
#3183=CARTESIAN_POINT('',(9.584555606,1.125120785,8.570173686));
#3184=CARTESIAN_POINT('',(9.517513629,1.125120785,8.811258612));
#3185=CARTESIAN_POINT('',(9.448473136,1.125120785,9.051694181));
#3186=CARTESIAN_POINT('',(9.377448323,1.125120785,9.291485005));
#3187=CARTESIAN_POINT('',(9.304453246,1.125120785,9.530635651));
#3188=CARTESIAN_POINT('',(9.229501824,1.125120785,9.769150643));
#3189=CARTESIAN_POINT('',(9.152607837,1.125120785,10.007034457));
#3190=CARTESIAN_POINT('',(9.10005923,1.125120785,10.165205835));
#3191=CARTESIAN_POINT('',(9.04687215,1.125120785,10.323169763));
#3192=CARTESIAN_POINT('',(9.019959373,1.125120785,10.402047999));
#3193=CARTESIAN_POINT('',(8.991324585,1.125120785,10.484887881));
#3194=CARTESIAN_POINT('',(8.989918738,1.125120785,10.488952255));
#3195=CARTESIAN_POINT('',(8.988512047,1.125120785,10.493016354));
#3196=CARTESIAN_POINT('',(10.55065632,1.250122035,2.541159634));
#3197=CARTESIAN_POINT('',(10.550096786,1.250122035,2.552338754));
#3198=CARTESIAN_POINT('',(10.549530526,1.250122035,2.563515688));
#3199=CARTESIAN_POINT('',(10.544538355,1.250122035,2.660877285));
#3200=CARTESIAN_POINT('',(10.539719415,1.250122035,2.746934244));
#3201=CARTESIAN_POINT('',(10.529287923,1.250122035,2.918790304));
#3202=CARTESIAN_POINT('',(10.523675382,1.250122035,3.004589406));
#3203=CARTESIAN_POINT('',(10.511662517,1.250122035,3.175931647));
#3204=CARTESIAN_POINT('',(10.498861897,1.250122035,3.34701793));
#3205=CARTESIAN_POINT('',(10.484497331,1.250122035,3.517596055));
#3206=CARTESIAN_POINT('',(10.469356538,1.250122035,3.687921971));
#3207=CARTESIAN_POINT('',(10.453439527,1.250122035,3.857995676));
#3208=CARTESIAN_POINT('',(10.435981469,1.250122035,4.027568666));
#3209=CARTESIAN_POINT('',(10.417758542,1.250122035,4.196893135));
#3210=CARTESIAN_POINT('',(10.39877075,1.250122035,4.365969083));
#3211=CARTESIAN_POINT('',(10.378264436,1.250122035,4.534551634));
#3212=CARTESIAN_POINT('',(10.357004428,1.250122035,4.702889296));
#3213=CARTESIAN_POINT('',(10.345997573,1.250122035,4.78693568));
#3214=CARTESIAN_POINT('',(10.323235686,1.250122035,4.954785351));
#3215=CARTESIAN_POINT('',(10.311480651,1.250122035,5.038588636));
#3216=CARTESIAN_POINT('',(10.28722787,1.250122035,5.205953887));
#3217=CARTESIAN_POINT('',(10.262232374,1.250122035,5.373077814));
#3218=CARTESIAN_POINT('',(10.222527267,1.250122035,5.623045028));
#3219=CARTESIAN_POINT('',(10.194593368,1.250122035,5.78921421));
#3220=CARTESIAN_POINT('',(10.165932891,1.250122035,5.955147314));
#3221=CARTESIAN_POINT('',(10.13654583,1.250122035,6.120844335));
#3222=CARTESIAN_POINT('',(10.105716176,1.250122035,6.286072629));
#3223=CARTESIAN_POINT('',(10.074170464,1.250122035,6.451068263));
#3224=CARTESIAN_POINT('',(10.041908692,1.250122035,6.615831234));
#3225=CARTESIAN_POINT('',(9.991383437,1.250122035,6.862282768));
#3226=CARTESIAN_POINT('',(9.93874102,1.250122035,7.108046395));
#3227=CARTESIAN_POINT('',(9.883996744,1.250122035,7.353127086));
#3228=CARTESIAN_POINT('',(9.827165769,1.250122035,7.597529768));
#3229=CARTESIAN_POINT('',(9.76826312,1.250122035,7.841259322));
#3230=CARTESIAN_POINT('',(9.707303682,1.250122035,8.084320584));
#3231=CARTESIAN_POINT('',(9.644302203,1.250122035,8.326718348));
#3232=CARTESIAN_POINT('',(9.579273292,1.250122035,8.568457358));
#3233=CARTESIAN_POINT('',(9.512231419,1.250122035,8.809542318));
#3234=CARTESIAN_POINT('',(9.44319092,1.250122035,9.049977885));
#3235=CARTESIAN_POINT('',(9.372165987,1.250122035,9.28976867));
#3236=CARTESIAN_POINT('',(9.299170679,1.250122035,9.528919241));
#3237=CARTESIAN_POINT('',(9.224218913,1.250122035,9.767434121));
#3238=CARTESIAN_POINT('',(9.14732447,1.250122035,10.005317787));
#3239=CARTESIAN_POINT('',(9.094775484,1.250122035,10.163489042));
#3240=CARTESIAN_POINT('',(9.041587988,1.250122035,10.321452834));
#3241=CARTESIAN_POINT('',(9.014674985,1.250122035,10.400330997));
#3242=CARTESIAN_POINT('',(8.986039937,1.250122035,10.483170795));
#3243=CARTESIAN_POINT('',(8.984634077,1.250122035,10.487235164));
#3244=CARTESIAN_POINT('',(8.983227373,1.250122035,10.491299259));
#3245=CARTESIAN_POINT('',(10.544927976,1.375123285,2.539298382));
#3246=CARTESIAN_POINT('',(10.544368576,1.375123285,2.550477545));
#3247=CARTESIAN_POINT('',(10.543802449,1.375123285,2.561654523));
#3248=CARTESIAN_POINT('',(10.538811433,1.375123285,2.659016495));
#3249=CARTESIAN_POINT('',(10.5339935,1.375123285,2.745073781));
#3250=CARTESIAN_POINT('',(10.523563992,1.375123285,2.916930486));
#3251=CARTESIAN_POINT('',(10.517952407,1.375123285,3.002729899));
#3252=CARTESIAN_POINT('',(10.505941447,1.375123285,3.174072759));
#3253=CARTESIAN_POINT('',(10.49314267,1.375123285,3.34515964));
#3254=CARTESIAN_POINT('',(10.478779876,1.375123285,3.515738341));
#3255=CARTESIAN_POINT('',(10.463640818,1.375123285,3.68606482));
#3256=CARTESIAN_POINT('',(10.447725493,1.375123285,3.856139074));
#3257=CARTESIAN_POINT('',(10.430269043,1.375123285,4.025712586));
#3258=CARTESIAN_POINT('',(10.412047687,1.375123285,4.195037566));
#3259=CARTESIAN_POINT('',(10.39306142,1.375123285,4.364114009));
#3260=CARTESIAN_POINT('',(10.372556557,1.375123285,4.532697032));
#3261=CARTESIAN_POINT('',(10.351297952,1.375123285,4.70103515));
#3262=CARTESIAN_POINT('',(10.340291784,1.375123285,4.785081756));
#3263=CARTESIAN_POINT('',(10.31753122,1.375123285,4.952931858));
#3264=CARTESIAN_POINT('',(10.305776829,1.375123285,5.036735352));
#3265=CARTESIAN_POINT('',(10.28152529,1.375123285,5.204101007));
#3266=CARTESIAN_POINT('',(10.256531002,1.375123285,5.371225327));
#3267=CARTESIAN_POINT('',(10.216827577,1.375123285,5.621193086));
#3268=CARTESIAN_POINT('',(10.188894725,1.375123285,5.787362609));
#3269=CARTESIAN_POINT('',(10.160235247,1.375123285,5.953296037));
#3270=CARTESIAN_POINT('',(10.130849151,1.375123285,6.118993372));
#3271=CARTESIAN_POINT('',(10.100020378,1.375123285,6.284221952));
#3272=CARTESIAN_POINT('',(10.068475506,1.375123285,6.449217859));
#3273=CARTESIAN_POINT('',(10.036214536,1.375123285,6.613981091));
#3274=CARTESIAN_POINT('',(9.985690361,1.375123285,6.860432976));
#3275=CARTESIAN_POINT('',(9.933048904,1.375123285,7.106196914));
#3276=CARTESIAN_POINT('',(9.878305466,1.375123285,7.351277878));
#3277=CARTESIAN_POINT('',(9.821475209,1.375123285,7.595680793));
#3278=CARTESIAN_POINT('',(9.762573157,1.375123285,7.839410541));
#3279=CARTESIAN_POINT('',(9.701614195,1.375123285,8.082471958));
#3280=CARTESIAN_POINT('',(9.638613071,1.375123285,8.324869837));
#3281=CARTESIAN_POINT('',(9.573584394,1.375123285,8.566608923));
#3282=CARTESIAN_POINT('',(9.506542636,1.375123285,8.80769392));
#3283=CARTESIAN_POINT('',(9.437502128,1.375123285,9.048129484));
#3284=CARTESIAN_POINT('',(9.366477067,1.375123285,9.287920228));
#3285=CARTESIAN_POINT('',(9.293481509,1.375123285,9.527070718));
#3286=CARTESIAN_POINT('',(9.218529373,1.375123285,9.765585477));
#3287=CARTESIAN_POINT('',(9.141634438,1.375123285,10.003468983));
#3288=CARTESIAN_POINT('',(9.089085044,1.375123285,10.161640106));
#3289=CARTESIAN_POINT('',(9.0358971,1.375123285,10.319603753));
#3290=CARTESIAN_POINT('',(9.008983853,1.375123285,10.398481836));
#3291=CARTESIAN_POINT('',(8.980348528,1.375123285,10.481321544));
#3292=CARTESIAN_POINT('',(8.978942654,1.375123285,10.485385909));
#3293=CARTESIAN_POINT('',(8.977535936,1.375123285,10.489449999));
#3294=CARTESIAN_POINT('',(10.538790229,1.500124535,2.537304107));
#3295=CARTESIAN_POINT('',(10.538230972,1.500124535,2.548483317));
#3296=CARTESIAN_POINT('',(10.537664989,1.500124535,2.559660341));
#3297=CARTESIAN_POINT('',(10.532675221,1.500124535,2.657022719));
#3298=CARTESIAN_POINT('',(10.527858367,1.500124535,2.743080356));
#3299=CARTESIAN_POINT('',(10.517430966,1.500124535,2.914937745));
#3300=CARTESIAN_POINT('',(10.511820424,1.500124535,3.000737497));
#3301=CARTESIAN_POINT('',(10.499811484,1.500124535,3.172081013));
#3302=CARTESIAN_POINT('',(10.487014698,1.500124535,3.343168541));
#3303=CARTESIAN_POINT('',(10.4726538,1.500124535,3.513747859));
#3304=CARTESIAN_POINT('',(10.457516594,1.500124535,3.684074939));
#3305=CARTESIAN_POINT('',(10.441603081,1.500124535,3.854149782));
#3306=CARTESIAN_POINT('',(10.424148356,1.500124535,4.023723854));
#3307=CARTESIAN_POINT('',(10.405928677,1.500124535,4.193049379));
#3308=CARTESIAN_POINT('',(10.386944051,1.500124535,4.362126356));
#3309=CARTESIAN_POINT('',(10.366440735,1.500124535,4.530709881));
#3310=CARTESIAN_POINT('',(10.34518364,1.500124535,4.699048489));
#3311=CARTESIAN_POINT('',(10.334178202,1.500124535,4.783095333));
#3312=CARTESIAN_POINT('',(10.311419059,1.500124535,4.950945896));
#3313=CARTESIAN_POINT('',(10.299665355,1.500124535,5.034749614));
#3314=CARTESIAN_POINT('',(10.275415153,1.500124535,5.202115703));
#3315=CARTESIAN_POINT('',(10.250422153,1.500124535,5.369240441));
#3316=CARTESIAN_POINT('',(10.210720536,1.500124535,5.619208789));
#3317=CARTESIAN_POINT('',(10.1827888,1.500124535,5.785378673));
#3318=CARTESIAN_POINT('',(10.154130398,1.500124535,5.951312451));
#3319=CARTESIAN_POINT('',(10.124745331,1.500124535,6.11701012));
#3320=CARTESIAN_POINT('',(10.093917503,1.500124535,6.282239008));
#3321=CARTESIAN_POINT('',(10.062373533,1.500124535,6.447235208));
#3322=CARTESIAN_POINT('',(10.030113422,1.500124535,6.611998719));
#3323=CARTESIAN_POINT('',(9.979590403,1.500124535,6.85845098));
#3324=CARTESIAN_POINT('',(9.926949975,1.500124535,7.104215252));
#3325=CARTESIAN_POINT('',(9.872207436,1.500124535,7.349296508));
#3326=CARTESIAN_POINT('',(9.815377948,1.500124535,7.593699672));
#3327=CARTESIAN_POINT('',(9.756476535,1.500124535,7.837429628));
#3328=CARTESIAN_POINT('',(9.695518083,1.500124535,8.080491211));
#3329=CARTESIAN_POINT('',(9.632517339,1.500124535,8.322889213));
#3330=CARTESIAN_POINT('',(9.567488913,1.500124535,8.564628382));
#3331=CARTESIAN_POINT('',(9.500447276,1.500124535,8.805713418));
#3332=CARTESIAN_POINT('',(9.431406761,1.500124535,9.046148979));
#3333=CARTESIAN_POINT('',(9.360381562,1.500124535,9.285939678));
#3334=CARTESIAN_POINT('',(9.287385736,1.500124535,9.525090081));
#3335=CARTESIAN_POINT('',(9.212433204,1.500124535,9.763604712));
#3336=CARTESIAN_POINT('',(9.135537744,1.500124535,10.001488047));
#3337=CARTESIAN_POINT('',(9.082987912,1.500124535,10.159659028));
#3338=CARTESIAN_POINT('',(9.029799487,1.500124535,10.317622518));
#3339=CARTESIAN_POINT('',(9.002885978,1.500124535,10.396500517));
#3340=CARTESIAN_POINT('',(8.974250354,1.500124535,10.479340128));
#3341=CARTESIAN_POINT('',(8.972844466,1.500124535,10.483404487));
#3342=CARTESIAN_POINT('',(8.971437733,1.500124535,10.487468573));
#3343=CARTESIAN_POINT('',(10.531833465,1.625125785,2.535043717));
#3344=CARTESIAN_POINT('',(10.531274371,1.625125785,2.54622298));
#3345=CARTESIAN_POINT('',(10.530708549,1.625125785,2.557400057));
#3346=CARTESIAN_POINT('',(10.525720188,1.625125785,2.654762892));
#3347=CARTESIAN_POINT('',(10.520904558,1.625125785,2.740820926));
#3348=CARTESIAN_POINT('',(10.510479556,1.625125785,2.912679095));
#3349=CARTESIAN_POINT('',(10.504870186,1.625125785,2.998479228));
#3350=CARTESIAN_POINT('',(10.492863545,1.625125785,3.169823491));
#3351=CARTESIAN_POINT('',(10.480069007,1.625125785,3.340911749));
#3352=CARTESIAN_POINT('',(10.465710261,1.625125785,3.511491766));
#3353=CARTESIAN_POINT('',(10.450575155,1.625125785,3.681819529));
#3354=CARTESIAN_POINT('',(10.434663696,1.625125785,3.851895039));
#3355=CARTESIAN_POINT('',(10.417210922,1.625125785,4.021469745));
#3356=CARTESIAN_POINT('',(10.398993152,1.625125785,4.19079589));
#3357=CARTESIAN_POINT('',(10.380010377,1.625125785,4.359873469));
#3358=CARTESIAN_POINT('',(10.35950882,1.625125785,4.528457565));
#3359=CARTESIAN_POINT('',(10.338253433,1.625125785,4.696796728));
#3360=CARTESIAN_POINT('',(10.327248824,1.625125785,4.780843842));
#3361=CARTESIAN_POINT('',(10.304491293,1.625125785,4.948694929));
#3362=CARTESIAN_POINT('',(10.292738369,1.625125785,5.0324989));
#3363=CARTESIAN_POINT('',(10.268489676,1.625125785,5.199865479));
#3364=CARTESIAN_POINT('',(10.24349814,1.625125785,5.366990693));
#3365=CARTESIAN_POINT('',(10.20379857,1.625125785,5.616959705));
#3366=CARTESIAN_POINT('',(10.1758681,1.625125785,5.783130002));
#3367=CARTESIAN_POINT('',(10.147210916,1.625125785,5.949064175));
#3368=CARTESIAN_POINT('',(10.117827019,1.625125785,6.114762224));
#3369=CARTESIAN_POINT('',(10.08700026,1.625125785,6.27999146));
#3370=CARTESIAN_POINT('',(10.055457314,1.625125785,6.444987992));
#3371=CARTESIAN_POINT('',(10.023198173,1.625125785,6.609751818));
#3372=CARTESIAN_POINT('',(9.972676467,1.625125785,6.856204505));
#3373=CARTESIAN_POINT('',(9.920037204,1.625125785,7.101969157));
#3374=CARTESIAN_POINT('',(9.865295683,1.625125785,7.347050743));
#3375=CARTESIAN_POINT('',(9.808467067,1.625125785,7.591454191));
#3376=CARTESIAN_POINT('',(9.749566379,1.625125785,7.835184382));
#3377=CARTESIAN_POINT('',(9.688608504,1.625125785,8.078246153));
#3378=CARTESIAN_POINT('',(9.625608192,1.625125785,8.320644295));
#3379=CARTESIAN_POINT('',(9.560580051,1.625125785,8.562383556));
#3380=CARTESIAN_POINT('',(9.493538551,1.625125785,8.803468637));
#3381=CARTESIAN_POINT('',(9.424498027,1.625125785,9.043904195));
#3382=CARTESIAN_POINT('',(9.353472672,1.625125785,9.283694844));
#3383=CARTESIAN_POINT('',(9.280476545,1.625125785,9.522845149));
#3384=CARTESIAN_POINT('',(9.205523561,1.625125785,9.761359633));
#3385=CARTESIAN_POINT('',(9.128627503,1.625125785,9.999242774));
#3386=CARTESIAN_POINT('',(9.076077178,1.625125785,10.157413594));
#3387=CARTESIAN_POINT('',(9.022888207,1.625125785,10.315376907));
#3388=CARTESIAN_POINT('',(8.995974401,1.625125785,10.394254809));
#3389=CARTESIAN_POINT('',(8.96733844,1.625125785,10.477094311));
#3390=CARTESIAN_POINT('',(8.965932535,1.625125785,10.481158665));
#3391=CARTESIAN_POINT('',(8.964525786,1.625125785,10.485222745));
#3392=CARTESIAN_POINT('',(10.524467067,1.750127035,2.53265023));
#3393=CARTESIAN_POINT('',(10.523908145,1.750127035,2.543829548));
#3394=CARTESIAN_POINT('',(10.523342495,1.750127035,2.555006681));
#3395=CARTESIAN_POINT('',(10.518355628,1.750127035,2.652370001));
#3396=CARTESIAN_POINT('',(10.513541292,1.750127035,2.738428456));
#3397=CARTESIAN_POINT('',(10.503118828,1.750127035,2.910287449));
#3398=CARTESIAN_POINT('',(10.4975107,1.750127035,2.996087986));
#3399=CARTESIAN_POINT('',(10.485506494,1.750127035,3.16743304));
#3400=CARTESIAN_POINT('',(10.472714337,1.750127035,3.338522072));
#3401=CARTESIAN_POINT('',(10.458357866,1.750127035,3.509102828));
#3402=CARTESIAN_POINT('',(10.443224988,1.750127035,3.679431315));
#3403=CARTESIAN_POINT('',(10.427315698,1.750127035,3.84950753));
#3404=CARTESIAN_POINT('',(10.409864998,1.750127035,4.01908291));
#3405=CARTESIAN_POINT('',(10.39164924,1.750127035,4.188409708));
#3406=CARTESIAN_POINT('',(10.372668433,1.750127035,4.357487926));
#3407=CARTESIAN_POINT('',(10.352168736,1.750127035,4.526072627));
#3408=CARTESIAN_POINT('',(10.330915156,1.750127035,4.694412378));
#3409=CARTESIAN_POINT('',(10.319911427,1.750127035,4.778459777));
#3410=CARTESIAN_POINT('',(10.297155599,1.750127035,4.946311417));
#3411=CARTESIAN_POINT('',(10.285403502,1.750127035,5.030115657));
#3412=CARTESIAN_POINT('',(10.261156412,1.750127035,5.197482757));
#3413=CARTESIAN_POINT('',(10.236166424,1.750127035,5.364608474));
#3414=CARTESIAN_POINT('',(10.196469021,1.750127035,5.614578191));
#3415=CARTESIAN_POINT('',(10.168539892,1.750127035,5.780748923));
#3416=CARTESIAN_POINT('',(10.139883997,1.750127035,5.946683515));
#3417=CARTESIAN_POINT('',(10.110501336,1.750127035,6.112381966));
#3418=CARTESIAN_POINT('',(10.079675714,1.750127035,6.27761157));
#3419=CARTESIAN_POINT('',(10.048133845,1.750127035,6.442608453));
#3420=CARTESIAN_POINT('',(10.015875737,1.750127035,6.607372614));
#3421=CARTESIAN_POINT('',(9.96535542,1.750127035,6.853825753));
#3422=CARTESIAN_POINT('',(9.912717391,1.750127035,7.099590805));
#3423=CARTESIAN_POINT('',(9.857976948,1.750127035,7.344672742));
#3424=CARTESIAN_POINT('',(9.801149254,1.750127035,7.58907649));
#3425=CARTESIAN_POINT('',(9.742249333,1.750127035,7.83280693));
#3426=CARTESIAN_POINT('',(9.681292071,1.750127035,8.0758689));
#3427=CARTESIAN_POINT('',(9.618292215,1.750127035,8.31826719));
#3428=CARTESIAN_POINT('',(9.553264375,1.750127035,8.560006549));
#3429=CARTESIAN_POINT('',(9.48622302,1.750127035,8.801091677));
#3430=CARTESIAN_POINT('',(9.417182486,1.750127035,9.041527232));
#3431=CARTESIAN_POINT('',(9.346156966,1.750127035,9.281317827));
#3432=CARTESIAN_POINT('',(9.273160518,1.750127035,9.520468027));
#3433=CARTESIAN_POINT('',(9.198207059,1.750127035,9.758982357));
#3434=CARTESIAN_POINT('',(9.121310371,1.750127035,9.996865293));
#3435=CARTESIAN_POINT('',(9.068759519,1.750127035,10.155035943));
#3436=CARTESIAN_POINT('',(9.015569974,1.750127035,10.312999069));
#3437=CARTESIAN_POINT('',(8.988655852,1.750127035,10.391876868));
#3438=CARTESIAN_POINT('',(8.960019533,1.750127035,10.474716253));
#3439=CARTESIAN_POINT('',(8.95861361,1.750127035,10.478780602));
#3440=CARTESIAN_POINT('',(8.957206844,1.750127035,10.482844677));
#3441=CARTESIAN_POINT('',(10.520579052,1.81262766,2.531386937));
#3442=CARTESIAN_POINT('',(10.520020221,1.81262766,2.542566285));
#3443=CARTESIAN_POINT('',(10.519454662,1.81262766,2.553743447));
#3444=CARTESIAN_POINT('',(10.514468581,1.81262766,2.651107023));
#3445=CARTESIAN_POINT('',(10.509654928,1.81262766,2.7371657));
#3446=CARTESIAN_POINT('',(10.499233807,1.81262766,2.909025129));
#3447=CARTESIAN_POINT('',(10.493626333,1.81262766,2.994825878));
#3448=CARTESIAN_POINT('',(10.481623414,1.81262766,3.166171351));
#3449=CARTESIAN_POINT('',(10.46883251,1.81262766,3.33726079));
#3450=CARTESIAN_POINT('',(10.454477244,1.81262766,3.507841938));
#3451=CARTESIAN_POINT('',(10.439345537,1.81262766,3.678170805));
#3452=CARTESIAN_POINT('',(10.423437398,1.81262766,3.848247394));
#3453=CARTESIAN_POINT('',(10.405987785,1.81262766,4.017823127));
#3454=CARTESIAN_POINT('',(10.387773096,1.81262766,4.187150273));
#3455=CARTESIAN_POINT('',(10.368793322,1.81262766,4.356228826));
#3456=CARTESIAN_POINT('',(10.34829461,1.81262766,4.524813847));
#3457=CARTESIAN_POINT('',(10.327041982,1.81262766,4.693153907));
#3458=CARTESIAN_POINT('',(10.316038718,1.81262766,4.777201457));
#3459=CARTESIAN_POINT('',(10.29328379,1.81262766,4.94505339));
#3460=CARTESIAN_POINT('',(10.28153213,1.81262766,5.028857772));
#3461=CARTESIAN_POINT('',(10.257285882,1.81262766,5.196225146));
#3462=CARTESIAN_POINT('',(10.232296713,1.81262766,5.363351129));
#3463=CARTESIAN_POINT('',(10.192600453,1.81262766,5.613321217));
#3464=CARTESIAN_POINT('',(10.164672034,1.81262766,5.779492179));
#3465=CARTESIAN_POINT('',(10.136016817,1.81262766,5.945426992));
#3466=CARTESIAN_POINT('',(10.106634811,1.81262766,6.111125656));
#3467=CARTESIAN_POINT('',(10.075809786,1.81262766,6.276355454));
#3468=CARTESIAN_POINT('',(10.04426849,1.81262766,6.441352523));
#3469=CARTESIAN_POINT('',(10.012010924,1.81262766,6.60611686));
#3470=CARTESIAN_POINT('',(9.96149134,1.81262766,6.852570237));
#3471=CARTESIAN_POINT('',(9.908853962,1.81262766,7.098335501));
#3472=CARTESIAN_POINT('',(9.854114089,1.81262766,7.343417623));
#3473=CARTESIAN_POINT('',(9.797286882,1.81262766,7.587821529));
#3474=CARTESIAN_POINT('',(9.738387366,1.81262766,7.831552101));
#3475=CARTESIAN_POINT('',(9.677430427,1.81262766,8.074614175));
#3476=CARTESIAN_POINT('',(9.614430812,1.81262766,8.317012544));
#3477=CARTESIAN_POINT('',(9.54940313,1.81262766,8.558751954));
#3478=CARTESIAN_POINT('',(9.482361853,1.81262766,8.799837108));
#3479=CARTESIAN_POINT('',(9.413321314,1.81262766,9.040272661));
#3480=CARTESIAN_POINT('',(9.342295707,1.81262766,9.280063228));
#3481=CARTESIAN_POINT('',(9.269299089,1.81262766,9.519213373));
#3482=CARTESIAN_POINT('',(9.194345379,1.81262766,9.757727621));
#3483=CARTESIAN_POINT('',(9.117448357,1.81262766,9.995610449));
#3484=CARTESIAN_POINT('',(9.064897229,1.81262766,10.153781009));
#3485=CARTESIAN_POINT('',(9.011707377,1.81262766,10.311744035));
#3486=CARTESIAN_POINT('',(8.984793092,1.81262766,10.390621781));
#3487=CARTESIAN_POINT('',(8.956156583,1.81262766,10.473461105));
#3488=CARTESIAN_POINT('',(8.954750651,1.81262766,10.477525451));
#3489=CARTESIAN_POINT('',(8.953343875,1.81262766,10.481589522));
#3490=CARTESIAN_POINT('',(10.512393253,1.93762891,2.52872721));
#3491=CARTESIAN_POINT('',(10.511834614,1.93762891,2.53990662));
#3492=CARTESIAN_POINT('',(10.511269245,1.93762891,2.551083844));
#3493=CARTESIAN_POINT('',(10.506284824,1.93762891,2.648447959));
#3494=CARTESIAN_POINT('',(10.501472612,1.93762891,2.734507104));
#3495=CARTESIAN_POINT('',(10.491054306,1.93762891,2.906367448));
#3496=CARTESIAN_POINT('',(10.485448218,1.93762891,2.992168648));
#3497=CARTESIAN_POINT('',(10.473447996,1.93762891,3.163514996));
#3498=CARTESIAN_POINT('',(10.460659746,1.93762891,3.334605298));
#3499=CARTESIAN_POINT('',(10.446307005,1.93762891,3.505187266));
#3500=CARTESIAN_POINT('',(10.431177774,1.93762891,3.675516938));
#3501=CARTESIAN_POINT('',(10.415272045,1.93762891,3.84559431));
#3502=CARTESIAN_POINT('',(10.397824736,1.93762891,4.015170791));
#3503=CARTESIAN_POINT('',(10.379612282,1.93762891,4.184498664));
#3504=CARTESIAN_POINT('',(10.360634697,1.93762891,4.353577929));
#3505=CARTESIAN_POINT('',(10.340138046,1.93762891,4.522163619));
#3506=CARTESIAN_POINT('',(10.318887435,1.93762891,4.690504334));
#3507=CARTESIAN_POINT('',(10.307885143,1.93762891,4.7745522));
#3508=CARTESIAN_POINT('',(10.285132109,1.93762891,4.942404749));
#3509=CARTESIAN_POINT('',(10.273381366,1.93762891,5.026209428));
#3510=CARTESIAN_POINT('',(10.2491369,1.93762891,5.193577381));
#3511=CARTESIAN_POINT('',(10.224149449,1.93762891,5.360703922));
#3512=CARTESIAN_POINT('',(10.1844556,1.93762891,5.610674794));
#3513=CARTESIAN_POINT('',(10.156528667,1.93762891,5.776846239));
#3514=CARTESIAN_POINT('',(10.127874888,1.93762891,5.942781519));
#3515=CARTESIAN_POINT('',(10.098494253,1.93762891,6.108480628));
#3516=CARTESIAN_POINT('',(10.067670488,1.93762891,6.273710836));
#3517=CARTESIAN_POINT('',(10.036130394,1.93762891,6.438708295));
#3518=CARTESIAN_POINT('',(10.003873972,1.93762891,6.603473005));
#3519=CARTESIAN_POINT('',(9.953355934,1.93762891,6.849926884));
#3520=CARTESIAN_POINT('',(9.900719926,1.93762891,7.095692593));
#3521=CARTESIAN_POINT('',(9.84598125,1.93762891,7.340775103));
#3522=CARTESIAN_POINT('',(9.789155069,1.93762891,7.585179343));
#3523=CARTESIAN_POINT('',(9.730256406,1.93762891,7.828910192));
#3524=CARTESIAN_POINT('',(9.669300146,1.93762891,8.071972487));
#3525=CARTESIAN_POINT('',(9.606301039,1.93762891,8.314371021));
#3526=CARTESIAN_POINT('',(9.541273692,1.93762891,8.55611054));
#3527=CARTESIAN_POINT('',(9.474232577,1.93762891,8.797195746));
#3528=CARTESIAN_POINT('',(9.405192026,1.93762891,9.037631296));
#3529=CARTESIAN_POINT('',(9.334166236,1.93762891,9.277421802));
#3530=CARTESIAN_POINT('',(9.261169262,1.93762891,9.516571832));
#3531=CARTESIAN_POINT('',(9.186215023,1.93762891,9.755085908));
#3532=CARTESIAN_POINT('',(9.109317298,1.93762891,9.992968508));
#3533=CARTESIAN_POINT('',(9.056765587,1.93762891,10.151138878));
#3534=CARTESIAN_POINT('',(9.003575096,1.93762891,10.309101697));
#3535=CARTESIAN_POINT('',(8.97666046,1.93762891,10.387979329));
#3536=CARTESIAN_POINT('',(8.948023555,1.93762891,10.470818524));
#3537=CARTESIAN_POINT('',(8.946617603,1.93762891,10.474882863));
#3538=CARTESIAN_POINT('',(8.945210807,1.93762891,10.478946928));
#3539=CARTESIAN_POINT('',(10.50809547,2.000129535,2.527330775));
#3540=CARTESIAN_POINT('',(10.507536931,2.000129535,2.538510218));
#3541=CARTESIAN_POINT('',(10.506971663,2.000129535,2.549687475));
#3542=CARTESIAN_POINT('',(10.50198811,2.000129535,2.647051872));
#3543=CARTESIAN_POINT('',(10.497176653,2.000129535,2.733111262));
#3544=CARTESIAN_POINT('',(10.486759832,2.000129535,2.904972089));
#3545=CARTESIAN_POINT('',(10.481154465,2.000129535,2.990773523));
#3546=CARTESIAN_POINT('',(10.469155667,2.000129535,3.162120334));
#3547=CARTESIAN_POINT('',(10.456368801,2.000129535,3.333211086));
#3548=CARTESIAN_POINT('',(10.442017394,2.000129535,3.503793487));
#3549=CARTESIAN_POINT('',(10.426889456,2.000129535,3.674123579));
#3550=CARTESIAN_POINT('',(10.410984999,2.000129535,3.844201364));
#3551=CARTESIAN_POINT('',(10.393538893,2.000129535,4.013778237));
#3552=CARTESIAN_POINT('',(10.375327618,2.000129535,4.183106492));
#3553=CARTESIAN_POINT('',(10.356351177,2.000129535,4.352186129));
#3554=CARTESIAN_POINT('',(10.335855615,2.000129535,4.520772173));
#3555=CARTESIAN_POINT('',(10.314606056,2.000129535,4.68911323));
#3556=CARTESIAN_POINT('',(10.303604278,2.000129535,4.773161263));
#3557=CARTESIAN_POINT('',(10.280852236,2.000129535,4.941014134));
#3558=CARTESIAN_POINT('',(10.269101977,2.000129535,5.02481897));
#3559=CARTESIAN_POINT('',(10.244858444,2.000129535,5.192187226));
#3560=CARTESIAN_POINT('',(10.219871897,2.000129535,5.359314061));
#3561=CARTESIAN_POINT('',(10.180179311,2.000129535,5.609285343));
#3562=CARTESIAN_POINT('',(10.152253164,2.000129535,5.775457044));
#3563=CARTESIAN_POINT('',(10.123600133,2.000129535,5.941392567));
#3564=CARTESIAN_POINT('',(10.094220223,2.000129535,6.107091912));
#3565=CARTESIAN_POINT('',(10.063397117,2.000129535,6.272322334));
#3566=CARTESIAN_POINT('',(10.031857656,2.000129535,6.437319998));
#3567=CARTESIAN_POINT('',(9.999601835,2.000129535,6.602084903));
#3568=CARTESIAN_POINT('',(9.949084606,2.000129535,6.848539045));
#3569=CARTESIAN_POINT('',(9.896449317,2.000129535,7.094304988));
#3570=CARTESIAN_POINT('',(9.841711271,2.000129535,7.339387703));
#3571=CARTESIAN_POINT('',(9.784885628,2.000129535,7.583792117));
#3572=CARTESIAN_POINT('',(9.725987413,2.000129535,7.827523112));
#3573=CARTESIAN_POINT('',(9.665031511,2.000129535,8.070585523));
#3574=CARTESIAN_POINT('',(9.60203267,2.000129535,8.312984144));
#3575=CARTESIAN_POINT('',(9.537005498,2.000129535,8.554723719));
#3576=CARTESIAN_POINT('',(9.469964468,2.000129535,8.795808953));
#3577=CARTESIAN_POINT('',(9.400923912,2.000129535,9.036244501));
#3578=CARTESIAN_POINT('',(9.329898026,2.000129535,9.276034977));
#3579=CARTESIAN_POINT('',(9.256900864,2.000129535,9.515184946));
#3580=CARTESIAN_POINT('',(9.181946346,2.000129535,9.753698931));
#3581=CARTESIAN_POINT('',(9.105048254,2.000129535,9.991581411));
#3582=CARTESIAN_POINT('',(9.052496237,2.000129535,10.149751682));
#3583=CARTESIAN_POINT('',(8.999305408,2.000129535,10.307714391));
#3584=CARTESIAN_POINT('',(8.972390588,2.000129535,10.386591964));
#3585=CARTESIAN_POINT('',(8.943753476,2.000129535,10.469431091));
#3586=CARTESIAN_POINT('',(8.942347514,2.000129535,10.473495427));
#3587=CARTESIAN_POINT('',(8.940940708,2.000129535,10.477559489));
#3588=CARTESIAN_POINT('',(10.499089981,2.125130785,2.524404715));
#3589=CARTESIAN_POINT('',(10.498531653,2.125130785,2.535584226));
#3590=CARTESIAN_POINT('',(10.497966595,2.125130785,2.546761551));
#3591=CARTESIAN_POINT('',(10.49298487,2.125130785,2.644126542));
#3592=CARTESIAN_POINT('',(10.488174996,2.125130785,2.730186447));
#3593=CARTESIAN_POINT('',(10.477761272,2.125130785,2.90204828));
#3594=CARTESIAN_POINT('',(10.472157427,2.125130785,2.987850208));
#3595=CARTESIAN_POINT('',(10.460161603,2.125130785,3.159197985));
#3596=CARTESIAN_POINT('',(10.44737765,2.125130785,3.330289684));
#3597=CARTESIAN_POINT('',(10.433029021,2.125130785,3.500872988));
#3598=CARTESIAN_POINT('',(10.417903809,2.125130785,3.671203965));
#3599=CARTESIAN_POINT('',(10.402002004,2.125130785,3.841282612));
#3600=CARTESIAN_POINT('',(10.384558427,2.125130785,4.010860306));
#3601=CARTESIAN_POINT('',(10.36634962,2.125130785,4.180189363));
#3602=CARTESIAN_POINT('',(10.347375578,2.125130785,4.34926978));
#3603=CARTESIAN_POINT('',(10.326882292,2.125130785,4.517856563));
#3604=CARTESIAN_POINT('',(10.305634941,2.125130785,4.686198338));
#3605=CARTESIAN_POINT('',(10.294634236,2.125130785,4.77024672));
#3606=CARTESIAN_POINT('',(10.271884283,2.125130785,4.938100269));
#3607=CARTESIAN_POINT('',(10.260135032,2.125130785,5.021905433));
#3608=CARTESIAN_POINT('',(10.235893454,2.125130785,5.189274324));
#3609=CARTESIAN_POINT('',(10.210908802,2.125130785,5.356401775));
#3610=CARTESIAN_POINT('',(10.171218865,2.125130785,5.606373918));
#3611=CARTESIAN_POINT('',(10.143294355,2.125130785,5.77254615));
#3612=CARTESIAN_POINT('',(10.114642903,2.125130785,5.938482186));
#3613=CARTESIAN_POINT('',(10.085264502,2.125130785,6.104182021));
#3614=CARTESIAN_POINT('',(10.054442785,2.125130785,6.269412895));
#3615=CARTESIAN_POINT('',(10.022904644,2.125130785,6.434410988));
#3616=CARTESIAN_POINT('',(9.990650082,2.125130785,6.599176302));
#3617=CARTESIAN_POINT('',(9.940134551,2.125130785,6.845630996));
#3618=CARTESIAN_POINT('',(9.887500772,2.125130785,7.091397429));
#3619=CARTESIAN_POINT('',(9.832764043,2.125130785,7.336480572));
#3620=CARTESIAN_POINT('',(9.775939528,2.125130785,7.580885353));
#3621=CARTESIAN_POINT('',(9.717042251,2.125130785,7.824616652));
#3622=CARTESIAN_POINT('',(9.656087097,2.125130785,8.067679307));
#3623=CARTESIAN_POINT('',(9.593088814,2.125130785,8.310078109));
#3624=CARTESIAN_POINT('',(9.52806201,2.125130785,8.551817804));
#3625=CARTESIAN_POINT('',(9.461021157,2.125130785,8.792903095));
#3626=CARTESIAN_POINT('',(9.39198059,2.125130785,9.03333864));
#3627=CARTESIAN_POINT('',(9.3209545,2.125130785,9.273129049));
#3628=CARTESIAN_POINT('',(9.247956948,2.125130785,9.512278891));
#3629=CARTESIAN_POINT('',(9.173001849,2.125130785,9.750792688));
#3630=CARTESIAN_POINT('',(9.096102983,2.125130785,9.988674917));
#3631=CARTESIAN_POINT('',(9.043550324,2.125130785,10.146844979));
#3632=CARTESIAN_POINT('',(8.990358792,2.125130785,10.304807459));
#3633=CARTESIAN_POINT('',(8.96344359,2.125130785,10.383684908));
#3634=CARTESIAN_POINT('',(8.934806037,2.125130785,10.466523892));
#3635=CARTESIAN_POINT('',(8.933400054,2.125130785,10.470588221));
#3636=CARTESIAN_POINT('',(8.931993226,2.125130785,10.474652275));
#3637=CARTESIAN_POINT('',(10.494382279,2.18763141,2.522875089));
#3638=CARTESIAN_POINT('',(10.49382406,2.18763141,2.534054636));
#3639=CARTESIAN_POINT('',(10.493259111,2.18763141,2.545231997));
#3640=CARTESIAN_POINT('',(10.488278337,2.18763141,2.642597297));
#3641=CARTESIAN_POINT('',(10.48346929,2.18763141,2.72865747));
#3642=CARTESIAN_POINT('',(10.473057193,2.18763141,2.900519832));
#3643=CARTESIAN_POINT('',(10.467454138,2.18763141,2.986322017));
#3644=CARTESIAN_POINT('',(10.455459873,2.18763141,3.157670301));
#3645=CARTESIAN_POINT('',(10.442677437,2.18763141,3.328762492));
#3646=CARTESIAN_POINT('',(10.428330269,2.18763141,3.49934627));
#3647=CARTESIAN_POINT('',(10.413206472,2.18763141,3.669677708));
#3648=CARTESIAN_POINT('',(10.397306061,2.18763141,3.839756807));
#3649=CARTESIAN_POINT('',(10.379863803,2.18763141,4.009334931));
#3650=CARTESIAN_POINT('',(10.361656286,2.18763141,4.178664407));
#3651=CARTESIAN_POINT('',(10.342683499,2.18763141,4.347745231));
#3652=CARTESIAN_POINT('',(10.3221914,2.18763141,4.5163324));
#3653=CARTESIAN_POINT('',(10.300945207,2.18763141,4.684674551));
#3654=CARTESIAN_POINT('',(10.289945064,2.18763141,4.768723115));
#3655=CARTESIAN_POINT('',(10.267196196,2.18763141,4.936577017));
#3656=CARTESIAN_POINT('',(10.255447476,2.18763141,5.020382354));
#3657=CARTESIAN_POINT('',(10.23120692,2.18763141,5.187751577));
#3658=CARTESIAN_POINT('',(10.206223258,2.18763141,5.354879349));
#3659=CARTESIAN_POINT('',(10.166534705,2.18763141,5.604851942));
#3660=CARTESIAN_POINT('',(10.138611055,2.18763141,5.771024454));
#3661=CARTESIAN_POINT('',(10.109960422,2.18763141,5.936960756));
#3662=CARTESIAN_POINT('',(10.080582816,2.18763141,6.102660849));
#3663=CARTESIAN_POINT('',(10.049761821,2.18763141,6.267891957));
#3664=CARTESIAN_POINT('',(10.018224373,2.18763141,6.432890276));
#3665=CARTESIAN_POINT('',(9.985970467,2.18763141,6.597655803));
#3666=CARTESIAN_POINT('',(9.935455825,2.18763141,6.844110786));
#3667=CARTESIAN_POINT('',(9.882822833,2.18763141,7.089877475));
#3668=CARTESIAN_POINT('',(9.828086794,2.18763141,7.334960842));
#3669=CARTESIAN_POINT('',(9.771262869,2.18763141,7.579365814));
#3670=CARTESIAN_POINT('',(9.712366082,2.18763141,7.823097273));
#3671=CARTESIAN_POINT('',(9.651411318,2.18763141,8.066160054));
#3672=CARTESIAN_POINT('',(9.588413327,2.18763141,8.308558951));
#3673=CARTESIAN_POINT('',(9.523386715,2.18763141,8.550298709));
#3674=CARTESIAN_POINT('',(9.456345957,2.18763141,8.791384031));
#3675=CARTESIAN_POINT('',(9.387305383,2.18763141,9.031819573));
#3676=CARTESIAN_POINT('',(9.316279187,2.18763141,9.271609948));
#3677=CARTESIAN_POINT('',(9.24328143,2.18763141,9.510759723));
#3678=CARTESIAN_POINT('',(9.168326026,2.18763141,9.749273421));
#3679=CARTESIAN_POINT('',(9.091426757,2.18763141,9.987155519));
#3680=CARTESIAN_POINT('',(9.038873764,2.18763141,10.145325472));
#3681=CARTESIAN_POINT('',(8.985681861,2.18763141,10.303287833));
#3682=CARTESIAN_POINT('',(8.958766458,2.18763141,10.382165215));
#3683=CARTESIAN_POINT('',(8.930128678,2.18763141,10.465004126));
#3684=CARTESIAN_POINT('',(8.928722684,2.18763141,10.469068451));
#3685=CARTESIAN_POINT('',(8.927315845,2.18763141,10.473132502));
#3686=CARTESIAN_POINT('',(10.484556785,2.31263266,2.519682593));
#3687=CARTESIAN_POINT('',(10.483998796,2.31263266,2.530862215));
#3688=CARTESIAN_POINT('',(10.483434076,2.31263266,2.542039649));
#3689=CARTESIAN_POINT('',(10.478455295,2.31263266,2.639405597));
#3690=CARTESIAN_POINT('',(10.473647976,2.31263266,2.725466332));
#3691=CARTESIAN_POINT('',(10.463239257,2.31263266,2.897329791));
#3692=CARTESIAN_POINT('',(10.457637866,2.31263266,2.983132517));
#3693=CARTESIAN_POINT('',(10.445646839,2.31263266,3.154481853));
#3694=CARTESIAN_POINT('',(10.432867585,2.31263266,3.325575078));
#3695=CARTESIAN_POINT('',(10.418523447,2.31263266,3.496159841));
#3696=CARTESIAN_POINT('',(10.403402625,2.31263266,3.666492245));
#3697=CARTESIAN_POINT('',(10.387505105,2.31263266,3.836572284));
#3698=CARTESIAN_POINT('',(10.370065612,2.31263266,4.006151305));
#3699=CARTESIAN_POINT('',(10.351860778,2.31263266,4.175481653));
#3700=CARTESIAN_POINT('',(10.332890614,2.31263266,4.34456333));
#3701=CARTESIAN_POINT('',(10.312400996,2.31263266,4.513151305));
#3702=CARTESIAN_POINT('',(10.291157215,2.31263266,4.68149424));
#3703=CARTESIAN_POINT('',(10.280158242,2.31263266,4.765543184));
#3704=CARTESIAN_POINT('',(10.25741165,2.31263266,4.933397825));
#3705=CARTESIAN_POINT('',(10.245664029,2.31263266,5.017203519));
#3706=CARTESIAN_POINT('',(10.22142561,2.31263266,5.184573437));
#3707=CARTESIAN_POINT('',(10.196444011,2.31263266,5.35170188));
#3708=CARTESIAN_POINT('',(10.156758351,2.31263266,5.601675412));
#3709=CARTESIAN_POINT('',(10.128836486,2.31263266,5.767848504));
#3710=CARTESIAN_POINT('',(10.100187577,2.31263266,5.933785366));
#3711=CARTESIAN_POINT('',(10.070811617,2.31263266,6.099485994));
#3712=CARTESIAN_POINT('',(10.039992136,2.31263266,6.264717594));
#3713=CARTESIAN_POINT('',(10.008456128,2.31263266,6.429716381));
#3714=CARTESIAN_POINT('',(9.976203598,2.31263266,6.594482355));
#3715=CARTESIAN_POINT('',(9.925690807,2.31263266,6.840937939));
#3716=CARTESIAN_POINT('',(9.873059461,2.31263266,7.086705163));
#3717=CARTESIAN_POINT('',(9.81832486,2.31263266,7.331788998));
#3718=CARTESIAN_POINT('',(9.761502165,2.31263266,7.57619437));
#3719=CARTESIAN_POINT('',(9.702606402,2.31263266,7.819926161));
#3720=CARTESIAN_POINT('',(9.641652454,2.31263266,8.062989207));
#3721=CARTESIAN_POINT('',(9.578655071,2.31263266,8.305388301));
#3722=CARTESIAN_POINT('',(9.513628861,2.31263266,8.54712819));
#3723=CARTESIAN_POINT('',(9.446588296,2.31263266,8.788213575));
#3724=CARTESIAN_POINT('',(9.377547709,2.31263266,9.028649113));
#3725=CARTESIAN_POINT('',(9.306521294,2.31263266,9.268439416));
#3726=CARTESIAN_POINT('',(9.233523109,2.31263266,9.507589053));
#3727=CARTESIAN_POINT('',(9.15856707,2.31263266,9.746102544));
#3728=CARTESIAN_POINT('',(9.081666959,2.31263266,9.983984368));
#3729=CARTESIAN_POINT('',(9.029113264,2.31263266,10.142154094));
#3730=CARTESIAN_POINT('',(8.975920595,2.31263266,10.300116205));
#3731=CARTESIAN_POINT('',(8.949004772,2.31263266,10.378993451));
#3732=CARTESIAN_POINT('',(8.920366514,2.31263266,10.461832207));
#3733=CARTESIAN_POINT('',(8.918960496,2.31263266,10.465896524));
#3734=CARTESIAN_POINT('',(8.917553633,2.31263266,10.469960567));
#3735=CARTESIAN_POINT('',(10.479438996,2.375133285,2.518019722));
#3736=CARTESIAN_POINT('',(10.478881126,2.375133285,2.529199383));
#3737=CARTESIAN_POINT('',(10.478316526,2.375133285,2.540376856));
#3738=CARTESIAN_POINT('',(10.473338778,2.375133285,2.63774314));
#3739=CARTESIAN_POINT('',(10.46853236,2.375133285,2.723804167));
#3740=CARTESIAN_POINT('',(10.458125406,2.375133285,2.8956682));
#3741=CARTESIAN_POINT('',(10.452524877,2.375133285,2.981471206));
#3742=CARTESIAN_POINT('',(10.44053554,2.375133285,3.152821091));
#3743=CARTESIAN_POINT('',(10.42775794,2.375133285,3.323914853));
#3744=CARTESIAN_POINT('',(10.413415387,2.375133285,3.494500131));
#3745=CARTESIAN_POINT('',(10.398296106,2.375133285,3.664833037));
#3746=CARTESIAN_POINT('',(10.382400098,2.375133285,3.834913567));
#3747=CARTESIAN_POINT('',(10.364962039,2.375133285,4.004493054));
#3748=CARTESIAN_POINT('',(10.346758609,2.375133285,4.173823858));
#3749=CARTESIAN_POINT('',(10.327789808,2.375133285,4.342905977));
#3750=CARTESIAN_POINT('',(10.307301485,2.375133285,4.511494373));
#3751=CARTESIAN_POINT('',(10.286058957,2.375133285,4.679837715));
#3752=CARTESIAN_POINT('',(10.275060594,2.375133285,4.763886858));
#3753=CARTESIAN_POINT('',(10.252315188,2.375133285,4.931741885));
#3754=CARTESIAN_POINT('',(10.240568141,2.375133285,5.015547765));
#3755=CARTESIAN_POINT('',(10.216330832,2.375133285,5.182918043));
#3756=CARTESIAN_POINT('',(10.191350312,2.375133285,5.350046836));
#3757=CARTESIAN_POINT('',(10.151666154,2.375133285,5.600020857));
#3758=CARTESIAN_POINT('',(10.123745222,2.375133285,5.766194252));
#3759=CARTESIAN_POINT('',(10.095097207,2.375133285,5.932131405));
#3760=CARTESIAN_POINT('',(10.065722108,2.375133285,6.097832313));
#3761=CARTESIAN_POINT('',(10.034903414,2.375133285,6.263064168));
#3762=CARTESIAN_POINT('',(10.003368158,2.375133285,6.428063199));
#3763=CARTESIAN_POINT('',(9.971116343,2.375133285,6.592829406));
#3764=CARTESIAN_POINT('',(9.920604517,2.375133285,6.839285303));
#3765=CARTESIAN_POINT('',(9.867974028,2.375133285,7.085052805));
#3766=CARTESIAN_POINT('',(9.813240175,2.375133285,7.330136883));
#3767=CARTESIAN_POINT('',(9.756418121,2.375133285,7.574542464));
#3768=CARTESIAN_POINT('',(9.697522891,2.375133285,7.818274428));
#3769=CARTESIAN_POINT('',(9.636569369,2.375133285,8.061337613));
#3770=CARTESIAN_POINT('',(9.573572302,2.375133285,8.30373681));
#3771=CARTESIAN_POINT('',(9.508546301,2.375133285,8.545476766));
#3772=CARTESIAN_POINT('',(9.441505837,2.375133285,8.786562183));
#3773=CARTESIAN_POINT('',(9.372465243,2.375133285,9.026997719));
#3774=CARTESIAN_POINT('',(9.301438714,2.375133285,9.266787986));
#3775=CARTESIAN_POINT('',(9.228440305,2.375133285,9.50593755));
#3776=CARTESIAN_POINT('',(9.153483936,2.375133285,9.744450934));
#3777=CARTESIAN_POINT('',(9.076583386,2.375133285,9.982332615));
#3778=CARTESIAN_POINT('',(9.024029327,2.375133285,10.140502222));
#3779=CARTESIAN_POINT('',(8.970836256,2.375133285,10.298464203));
#3780=CARTESIAN_POINT('',(8.943920216,2.375133285,10.377341379));
#3781=CARTESIAN_POINT('',(8.915281709,2.375133285,10.460180053));
#3782=CARTESIAN_POINT('',(8.913875679,2.375133285,10.464244367));
#3783=CARTESIAN_POINT('',(8.912468804,2.375133285,10.468308406));
#3784=CARTESIAN_POINT('',(10.468793148,2.500134535,2.514560677));
#3785=CARTESIAN_POINT('',(10.468235528,2.500134535,2.525740418));
#3786=CARTESIAN_POINT('',(10.467671176,2.500134535,2.536917973));
#3787=CARTESIAN_POINT('',(10.46269559,2.500134535,2.634284958));
#3788=CARTESIAN_POINT('',(10.457891038,2.500134535,2.720346592));
#3789=CARTESIAN_POINT('',(10.447487753,2.500134535,2.892211817));
#3790=CARTESIAN_POINT('',(10.441889015,2.500134535,2.978015405));
#3791=CARTESIAN_POINT('',(10.4299032,2.500134535,3.149366435));
#3792=CARTESIAN_POINT('',(10.417129036,2.500134535,3.320461313));
#3793=CARTESIAN_POINT('',(10.402789774,2.500134535,3.491047661));
#3794=CARTESIAN_POINT('',(10.387673708,2.500134535,3.66138161));
#3795=CARTESIAN_POINT('',(10.371780839,2.500134535,3.83146316));
#3796=CARTESIAN_POINT('',(10.354345769,2.500134535,4.001043619));
#3797=CARTESIAN_POINT('',(10.336145253,2.500134535,4.17037537));
#3798=CARTESIAN_POINT('',(10.317179291,2.500134535,4.339458411));
#3799=CARTESIAN_POINT('',(10.296693652,2.500134535,4.50804768));
#3800=CARTESIAN_POINT('',(10.275453743,2.500134535,4.676391872));
#3801=CARTESIAN_POINT('',(10.26445665,2.500134535,4.760441427));
#3802=CARTESIAN_POINT('',(10.2417137,2.500134535,4.928297252));
#3803=CARTESIAN_POINT('',(10.229967848,2.500134535,5.012103521));
#3804=CARTESIAN_POINT('',(10.205732856,2.500134535,5.179474552));
#3805=CARTESIAN_POINT('',(10.18075457,2.500134535,5.346604071));
#3806=CARTESIAN_POINT('',(10.141073545,2.500134535,5.596579109));
#3807=CARTESIAN_POINT('',(10.113154551,2.500134535,5.762753134));
#3808=CARTESIAN_POINT('',(10.084508398,2.500134535,5.928690892));
#3809=CARTESIAN_POINT('',(10.055135087,2.500134535,6.094392381));
#3810=CARTESIAN_POINT('',(10.024318029,2.500134535,6.259624768));
#3811=CARTESIAN_POINT('',(9.992784338,2.500134535,6.424624308));
#3812=CARTESIAN_POINT('',(9.96053401,2.500134535,6.589390997));
#3813=CARTESIAN_POINT('',(9.910024191,2.500134535,6.835847547));
#3814=CARTESIAN_POINT('',(9.857395484,2.500134535,7.081615628));
#3815=CARTESIAN_POINT('',(9.80266319,2.500134535,7.326700212));
#3816=CARTESIAN_POINT('',(9.745842469,2.500134535,7.571106226));
#3817=CARTESIAN_POINT('',(9.686948347,2.500134535,7.81483855));
#3818=CARTESIAN_POINT('',(9.625995708,2.500134535,8.057902022));
#3819=CARTESIAN_POINT('',(9.562999303,2.500134535,8.300301434));
#3820=CARTESIAN_POINT('',(9.497973737,2.500134535,8.542041532));
#3821=CARTESIAN_POINT('',(9.430933483,2.500134535,8.783127017));
#3822=CARTESIAN_POINT('',(9.361892875,2.500134535,9.023562549));
#3823=CARTESIAN_POINT('',(9.290866106,2.500134535,9.263352737));
#3824=CARTESIAN_POINT('',(9.217867234,2.500134535,9.502502151));
#3825=CARTESIAN_POINT('',(9.142910177,2.500134535,9.741015311));
#3826=CARTESIAN_POINT('',(9.066008714,2.500134535,9.978896696));
#3827=CARTESIAN_POINT('',(9.013453897,2.500134535,10.137066057));
#3828=CARTESIAN_POINT('',(8.960259992,2.500134535,10.295027767));
#3829=CARTESIAN_POINT('',(8.933343497,2.500134535,10.373904795));
#3830=CARTESIAN_POINT('',(8.904704475,2.500134535,10.456743301));
#3831=CARTESIAN_POINT('',(8.903298419,2.500134535,10.460807607));
#3832=CARTESIAN_POINT('',(8.901891518,2.500134535,10.464871638));
#3833=CARTESIAN_POINT('',(10.463265094,2.56263516,2.512764503));
#3834=CARTESIAN_POINT('',(10.462707603,2.56263516,2.523944287));
#3835=CARTESIAN_POINT('',(10.462143379,2.56263516,2.535121883));
#3836=CARTESIAN_POINT('',(10.457168905,2.56263516,2.63248923));
#3837=CARTESIAN_POINT('',(10.452365329,2.56263516,2.718551181));
#3838=CARTESIAN_POINT('',(10.441963952,2.56263516,2.890417026));
#3839=CARTESIAN_POINT('',(10.436366145,2.56263516,2.976220916));
#3840=CARTESIAN_POINT('',(10.424382156,2.56263516,3.147572538));
#3841=CARTESIAN_POINT('',(10.411609779,2.56263516,3.318667998));
#3842=CARTESIAN_POINT('',(10.397272223,2.56263516,3.4892549));
#3843=CARTESIAN_POINT('',(10.382157829,2.56263516,3.659589392));
#3844=CARTESIAN_POINT('',(10.366266589,2.56263516,3.829671472));
#3845=CARTESIAN_POINT('',(10.348833071,2.56263516,3.999252434));
#3846=CARTESIAN_POINT('',(10.330634068,2.56263516,4.168584677));
#3847=CARTESIAN_POINT('',(10.311669578,2.56263516,4.337668197));
#3848=CARTESIAN_POINT('',(10.291185338,2.56263516,4.50625792));
#3849=CARTESIAN_POINT('',(10.269946782,2.56263516,4.674602552));
#3850=CARTESIAN_POINT('',(10.258950348,2.56263516,4.758652322));
#3851=CARTESIAN_POINT('',(10.23620868,2.56263516,4.926508563));
#3852=CARTESIAN_POINT('',(10.224463447,2.56263516,5.010315033));
#3853=CARTESIAN_POINT('',(10.200229655,2.56263516,5.177686454));
#3854=CARTESIAN_POINT('',(10.175252531,2.56263516,5.34481635));
#3855=CARTESIAN_POINT('',(10.135573133,2.56263516,5.594791917));
#3856=CARTESIAN_POINT('',(10.107655145,2.56263516,5.760966269));
#3857=CARTESIAN_POINT('',(10.079009958,2.56263516,5.926904341));
#3858=CARTESIAN_POINT('',(10.049637576,2.56263516,6.092606131));
#3859=CARTESIAN_POINT('',(10.01882137,2.56263516,6.257838795));
#3860=CARTESIAN_POINT('',(9.987288487,2.56263516,6.422838598));
#3861=CARTESIAN_POINT('',(9.955038934,2.56263516,6.587605539));
#3862=CARTESIAN_POINT('',(9.904530158,2.56263516,6.834062427));
#3863=CARTESIAN_POINT('',(9.851902375,2.56263516,7.079830809));
#3864=CARTESIAN_POINT('',(9.79717089,2.56263516,7.324915656));
#3865=CARTESIAN_POINT('',(9.740350861,2.56263516,7.569321894));
#3866=CARTESIAN_POINT('',(9.681457314,2.56263516,7.813054405));
#3867=CARTESIAN_POINT('',(9.620505135,2.56263516,8.056118027));
#3868=CARTESIAN_POINT('',(9.557509071,2.56263516,8.29851755));
#3869=CARTESIAN_POINT('',(9.492483732,2.56263516,8.540257721));
#3870=CARTESIAN_POINT('',(9.425443587,2.56263516,8.781343242));
#3871=CARTESIAN_POINT('',(9.356402971,2.56263516,9.021778771));
#3872=CARTESIAN_POINT('',(9.285376079,2.56263516,9.261568919));
#3873=CARTESIAN_POINT('',(9.212376965,2.56263516,9.500718254));
#3874=CARTESIAN_POINT('',(9.137419551,2.56263516,9.739231299));
#3875=CARTESIAN_POINT('',(9.060517616,2.56263516,9.97711253));
#3876=CARTESIAN_POINT('',(9.007962404,2.56263516,10.135281762));
#3877=CARTESIAN_POINT('',(8.954768067,2.56263516,10.293243332));
#3878=CARTESIAN_POINT('',(8.927851336,2.56263516,10.372120283));
#3879=CARTESIAN_POINT('',(8.899212045,2.56263516,10.454958703));
#3880=CARTESIAN_POINT('',(8.897805975,2.56263516,10.459023004));
#3881=CARTESIAN_POINT('',(8.896399062,2.56263516,10.46308703));
#3882=CARTESIAN_POINT('',(10.45179852,2.68763641,2.509038788));
#3883=CARTESIAN_POINT('',(10.451241297,2.68763641,2.520218658));
#3884=CARTESIAN_POINT('',(10.450677341,2.68763641,2.531396341));
#3885=CARTESIAN_POINT('',(10.445705198,2.68763641,2.628764445));
#3886=CARTESIAN_POINT('',(10.440903633,2.68763641,2.71482705));
#3887=CARTESIAN_POINT('',(10.430506197,2.68763641,2.886694175));
#3888=CARTESIAN_POINT('',(10.424910331,2.68763641,2.972498696));
#3889=CARTESIAN_POINT('',(10.412930124,2.68763641,3.143851548));
#3890=CARTESIAN_POINT('',(10.400161455,2.68763641,3.314948212));
#3891=CARTESIAN_POINT('',(10.385827445,2.68763641,3.485536266));
#3892=CARTESIAN_POINT('',(10.370716507,2.68763641,3.655871882));
#3893=CARTESIAN_POINT('',(10.354828652,2.68763641,3.825955061));
#3894=CARTESIAN_POINT('',(10.337398353,2.68763641,3.995537069));
#3895=CARTESIAN_POINT('',(10.319202486,2.68763641,4.164870331));
#3896=CARTESIAN_POINT('',(10.300241055,2.68763641,4.333954845));
#3897=CARTESIAN_POINT('',(10.279759709,2.68763641,4.502545508));
#3898=CARTESIAN_POINT('',(10.258523968,2.68763641,4.670891055));
#3899=CARTESIAN_POINT('',(10.247528899,2.68763641,4.754941268));
#3900=CARTESIAN_POINT('',(10.224789885,2.68763641,4.922798372));
#3901=CARTESIAN_POINT('',(10.21304594,2.68763641,5.00660526));
#3902=CARTESIAN_POINT('',(10.188814633,2.68763641,5.173977488));
#3903=CARTESIAN_POINT('',(10.163839923,2.68763641,5.341108169));
#3904=CARTESIAN_POINT('',(10.124163897,2.68763641,5.591084831));
#3905=CARTESIAN_POINT('',(10.096247994,2.68763641,5.757259861));
#3906=CARTESIAN_POINT('',(10.067604815,2.68763641,5.923198585));
#3907=CARTESIAN_POINT('',(10.038234358,2.68763641,6.088901001));
#3908=CARTESIAN_POINT('',(10.007419915,2.68763641,6.254134238));
#3909=CARTESIAN_POINT('',(9.975888717,2.68763641,6.419134588));
#3910=CARTESIAN_POINT('',(9.943640763,2.68763641,6.583902049));
#3911=CARTESIAN_POINT('',(9.893134149,2.68763641,6.83035964));
#3912=CARTESIAN_POINT('',(9.840508288,2.68763641,7.076128646));
#3913=CARTESIAN_POINT('',(9.785778479,2.68763641,7.321214037));
#3914=CARTESIAN_POINT('',(9.728959887,2.68763641,7.565620742));
#3915=CARTESIAN_POINT('',(9.670067535,2.68763641,7.809353642));
#3916=CARTESIAN_POINT('',(9.609116308,2.68763641,8.052417572));
#3917=CARTESIAN_POINT('',(9.546120953,2.68763641,8.294817326));
#3918=CARTESIAN_POINT('',(9.481096081,2.68763641,8.536557649));
#3919=CARTESIAN_POINT('',(9.414056164,2.68763641,8.777643244));
#3920=CARTESIAN_POINT('',(9.345015533,2.68763641,9.018078768));
#3921=CARTESIAN_POINT('',(9.273988383,2.68763641,9.257868833));
#3922=CARTESIAN_POINT('',(9.200988771,2.68763641,9.497018006));
#3923=CARTESIAN_POINT('',(9.126030616,2.68763641,9.735530809));
#3924=CARTESIAN_POINT('',(9.049127695,2.68763641,9.97341172));
#3925=CARTESIAN_POINT('',(8.996571668,2.68763641,10.131580688));
#3926=CARTESIAN_POINT('',(8.943376434,2.68763641,10.289541966));
#3927=CARTESIAN_POINT('',(8.916459213,2.68763641,10.368418758));
#3928=CARTESIAN_POINT('',(8.887819365,2.68763641,10.451256997));
#3929=CARTESIAN_POINT('',(8.886413269,2.68763641,10.455321289));
#3930=CARTESIAN_POINT('',(8.885006328,2.68763641,10.459385307));
#3931=CARTESIAN_POINT('',(10.445860006,2.750137035,2.507109247));
#3932=CARTESIAN_POINT('',(10.445302921,2.750137035,2.518289163));
#3933=CARTESIAN_POINT('',(10.444739103,2.750137035,2.52946689));
#3934=CARTESIAN_POINT('',(10.439768155,2.750137035,2.626835383));
#3935=CARTESIAN_POINT('',(10.434967636,2.750137035,2.712898328));
#3936=CARTESIAN_POINT('',(10.424572253,2.750137035,2.88476612));
#3937=CARTESIAN_POINT('',(10.418977386,2.750137035,2.970570965));
#3938=CARTESIAN_POINT('',(10.406999136,2.750137035,3.141924453));
#3939=CARTESIAN_POINT('',(10.394232391,2.750137035,3.313021742));
#3940=CARTESIAN_POINT('',(10.379900209,2.750137035,3.48361039));
#3941=CARTESIAN_POINT('',(10.364791072,2.750137035,3.653946591));
#3942=CARTESIAN_POINT('',(10.348904963,2.750137035,3.824030337));
#3943=CARTESIAN_POINT('',(10.331476331,2.750137035,3.993612888));
#3944=CARTESIAN_POINT('',(10.313282092,2.750137035,4.162946678));
#3945=CARTESIAN_POINT('',(10.294322242,2.750137035,4.332031706));
#3946=CARTESIAN_POINT('',(10.273842397,2.750137035,4.500622857));
#3947=CARTESIAN_POINT('',(10.252608113,2.750137035,4.668968877));
#3948=CARTESIAN_POINT('',(10.24161375,2.750137035,4.753019319));
#3949=CARTESIAN_POINT('',(10.218876114,2.750137035,4.920876871));
#3950=CARTESIAN_POINT('',(10.207132833,2.750137035,5.004683975));
#3951=CARTESIAN_POINT('',(10.182902815,2.750137035,5.172056622));
#3952=CARTESIAN_POINT('',(10.157929353,2.750137035,5.339187709));
#3953=CARTESIAN_POINT('',(10.118255073,2.750137035,5.589164938));
#3954=CARTESIAN_POINT('',(10.090340251,2.750137035,5.755340319));
#3955=CARTESIAN_POINT('',(10.061698111,2.750137035,5.921279381));
#3956=CARTESIAN_POINT('',(10.032328651,2.750137035,6.086982121));
#3957=CARTESIAN_POINT('',(10.001515121,2.750137035,6.252215654));
#3958=CARTESIAN_POINT('',(9.969984795,2.750137035,6.417216287));
#3959=CARTESIAN_POINT('',(9.937737672,2.750137035,6.581984018));
#3960=CARTESIAN_POINT('',(9.887232177,2.750137035,6.828441973));
#3961=CARTESIAN_POINT('',(9.834607309,2.750137035,7.074211301));
#3962=CARTESIAN_POINT('',(9.779878369,2.750137035,7.319296975));
#3963=CARTESIAN_POINT('',(9.723060521,2.750137035,7.563703922));
#3964=CARTESIAN_POINT('',(9.664168787,2.750137035,7.807437023));
#3965=CARTESIAN_POINT('',(9.603218053,2.750137035,8.050501113));
#3966=CARTESIAN_POINT('',(9.540223066,2.750137035,8.292900986));
#3967=CARTESIAN_POINT('',(9.475198437,2.750137035,8.534641388));
#3968=CARTESIAN_POINT('',(9.408158637,2.750137035,8.775727021));
#3969=CARTESIAN_POINT('',(9.339117998,2.750137035,9.016162542));
#3970=CARTESIAN_POINT('',(9.268090714,2.750137035,9.255952564));
#3971=CARTESIAN_POINT('',(9.195090845,2.750137035,9.495101653));
#3972=CARTESIAN_POINT('',(9.120132305,2.750137035,9.733614332));
#3973=CARTESIAN_POINT('',(9.043228876,2.750137035,9.971495078));
#3974=CARTESIAN_POINT('',(8.990672425,2.750137035,10.129663908));
#3975=CARTESIAN_POINT('',(8.937476726,2.750137035,10.287625035));
#3976=CARTESIAN_POINT('',(8.910559253,2.750137035,10.366501745));
#3977=CARTESIAN_POINT('',(8.881919116,2.750137035,10.44933989));
#3978=CARTESIAN_POINT('',(8.880513006,2.750137035,10.453404177));
#3979=CARTESIAN_POINT('',(8.87910605,2.750137035,10.45746819));
#3980=CARTESIAN_POINT('',(10.433572301,2.875138285,2.50311673));
#3981=CARTESIAN_POINT('',(10.433015504,2.875138285,2.514296739));
#3982=CARTESIAN_POINT('',(10.432451973,2.875138285,2.52547456));
#3983=CARTESIAN_POINT('',(10.42748352,2.875138285,2.622843863));
#3984=CARTESIAN_POINT('',(10.42268516,2.875138285,2.708907509));
#3985=CARTESIAN_POINT('',(10.412293998,2.875138285,2.880776673));
#3986=CARTESIAN_POINT('',(10.406701202,2.875138285,2.966582191));
#3987=CARTESIAN_POINT('',(10.394727023,2.875138285,3.137937002));
#3988=CARTESIAN_POINT('',(10.381964236,2.875138285,3.309035577));
#3989=CARTESIAN_POINT('',(10.367635861,2.875138285,3.479625462));
#3990=CARTESIAN_POINT('',(10.352530425,2.875138285,3.649962865));
#3991=CARTESIAN_POINT('',(10.336647943,2.875138285,3.82004779));
#3992=CARTESIAN_POINT('',(10.319222761,2.875138285,3.989631462));
#3993=CARTESIAN_POINT('',(10.301031881,2.875138285,4.158966343));
#3994=CARTESIAN_POINT('',(10.28207531,2.875138285,4.328052436));
#3995=CARTESIAN_POINT('',(10.261598565,2.875138285,4.496644595));
#3996=CARTESIAN_POINT('',(10.240367297,2.875138285,4.664991595));
#3997=CARTESIAN_POINT('',(10.229374404,2.875138285,4.749042515));
#3998=CARTESIAN_POINT('',(10.206639599,2.875138285,4.916900986));
#3999=CARTESIAN_POINT('',(10.194897697,2.875138285,5.000708538));
#4000=CARTESIAN_POINT('',(10.170670356,2.875138285,5.168082055));
#4001=CARTESIAN_POINT('',(10.14569947,2.875138285,5.335213979));
#4002=CARTESIAN_POINT('',(10.106028806,2.875138285,5.585192383));
#4003=CARTESIAN_POINT('',(10.078116221,2.875138285,5.751368491));
#4004=CARTESIAN_POINT('',(10.04947623,2.875138285,5.917308251));
#4005=CARTESIAN_POINT('',(10.020108833,2.875138285,6.083011661));
#4006=CARTESIAN_POINT('',(9.989297192,2.875138285,6.248245808));
#4007=CARTESIAN_POINT('',(9.95776867,2.875138285,6.413247028));
#4008=CARTESIAN_POINT('',(9.925523264,2.875138285,6.578015316));
#4009=CARTESIAN_POINT('',(9.875020086,2.875138285,6.824474024));
#4010=CARTESIAN_POINT('',(9.822397274,2.875138285,7.07024402));
#4011=CARTESIAN_POINT('',(9.767670133,2.875138285,7.315330279));
#4012=CARTESIAN_POINT('',(9.710853822,2.875138285,7.559737725));
#4013=CARTESIAN_POINT('',(9.651963367,2.875138285,7.803471241));
#4014=CARTESIAN_POINT('',(9.591013653,2.875138285,8.046535664));
#4015=CARTESIAN_POINT('',(9.528019428,2.875138285,8.288935784));
#4016=CARTESIAN_POINT('',(9.462995301,2.875138285,8.530676349));
#4017=CARTESIAN_POINT('',(9.395955742,2.875138285,8.77176206));
#4018=CARTESIAN_POINT('',(9.326915087,2.875138285,9.012197576));
#4019=CARTESIAN_POINT('',(9.255887529,2.875138285,9.251987509));
#4020=CARTESIAN_POINT('',(9.182887123,2.875138285,9.491136424));
#4021=CARTESIAN_POINT('',(9.10792779,2.875138285,9.729648845));
#4022=CARTESIAN_POINT('',(9.031023307,2.875138285,9.967529248));
#4023=CARTESIAN_POINT('',(8.978465981,2.875138285,10.125697794));
#4024=CARTESIAN_POINT('',(8.92526932,2.875138285,10.283658608));
#4025=CARTESIAN_POINT('',(8.898351323,2.875138285,10.362535148));
#4026=CARTESIAN_POINT('',(8.86971059,2.875138285,10.445373099));
#4027=CARTESIAN_POINT('',(8.86830445,2.875138285,10.449437377));
#4028=CARTESIAN_POINT('',(8.866897465,2.875138285,10.453501381));
#4029=CARTESIAN_POINT('',(10.42087393,3.000139535,2.498990779));
#4030=CARTESIAN_POINT('',(10.420317429,3.000139535,2.510170884));
#4031=CARTESIAN_POINT('',(10.419754194,3.000139535,2.521348801));
#4032=CARTESIAN_POINT('',(10.414788304,3.000139535,2.618718938));
#4033=CARTESIAN_POINT('',(10.409992178,3.000139535,2.704783309));
#4034=CARTESIAN_POINT('',(10.399605399,3.000139535,2.876653897));
#4035=CARTESIAN_POINT('',(10.394014745,3.000139535,2.962460111));
#4036=CARTESIAN_POINT('',(10.382044747,3.000139535,3.13381628));
#4037=CARTESIAN_POINT('',(10.369286073,3.000139535,3.304916192));
#4038=CARTESIAN_POINT('',(10.354961614,3.000139535,3.475507349));
#4039=CARTESIAN_POINT('',(10.339860017,3.000139535,3.645846));
#4040=CARTESIAN_POINT('',(10.323981276,3.000139535,3.815932141));
#4041=CARTESIAN_POINT('',(10.306559657,3.000139535,3.98551697));
#4042=CARTESIAN_POINT('',(10.288372255,3.000139535,4.154852982));
#4043=CARTESIAN_POINT('',(10.269419066,3.000139535,4.323940173));
#4044=CARTESIAN_POINT('',(10.24894553,3.000139535,4.492533374));
#4045=CARTESIAN_POINT('',(10.227717375,3.000139535,4.660881386));
#4046=CARTESIAN_POINT('',(10.216725993,3.000139535,4.744932797));
#4047=CARTESIAN_POINT('',(10.193994133,3.000139535,4.912792225));
#4048=CARTESIAN_POINT('',(10.182253654,3.000139535,4.99660024));
#4049=CARTESIAN_POINT('',(10.158029063,3.000139535,5.16397465));
#4050=CARTESIAN_POINT('',(10.133060853,3.000139535,5.331107443));
#4051=CARTESIAN_POINT('',(10.09339392,3.000139535,5.58108706));
#4052=CARTESIAN_POINT('',(10.065483645,3.000139535,5.747263918));
#4053=CARTESIAN_POINT('',(10.036845876,3.000139535,5.9132044));
#4054=CARTESIAN_POINT('',(10.007480609,3.000139535,6.078908503));
#4055=CARTESIAN_POINT('',(9.976670923,3.000139535,6.244143285));
#4056=CARTESIAN_POINT('',(9.945144264,3.000139535,6.409145109));
#4057=CARTESIAN_POINT('',(9.912900633,3.000139535,6.573913975));
#4058=CARTESIAN_POINT('',(9.862399848,3.000139535,6.82037346));
#4059=CARTESIAN_POINT('',(9.809779162,3.000139535,7.066144147));
#4060=CARTESIAN_POINT('',(9.755053878,3.000139535,7.311231009));
#4061=CARTESIAN_POINT('',(9.698239157,3.000139535,7.555638972));
#4062=CARTESIAN_POINT('',(9.639350025,3.000139535,7.799372918));
#4063=CARTESIAN_POINT('',(9.578401364,3.000139535,8.042437682));
#4064=CARTESIAN_POINT('',(9.515407925,3.000139535,8.284838058));
#4065=CARTESIAN_POINT('',(9.450384316,3.000139535,8.526578791));
#4066=CARTESIAN_POINT('',(9.38334501,3.000139535,8.767664585));
#4067=CARTESIAN_POINT('',(9.314304337,3.000139535,9.008100095));
#4068=CARTESIAN_POINT('',(9.243276492,3.000139535,9.247889934));
#4069=CARTESIAN_POINT('',(9.170275535,3.000139535,9.48703867));
#4070=CARTESIAN_POINT('',(9.095315381,3.000139535,9.725550824));
#4071=CARTESIAN_POINT('',(9.01840981,3.000139535,9.963430874));
#4072=CARTESIAN_POINT('',(8.965851579,3.000139535,10.121599126));
#4073=CARTESIAN_POINT('',(8.912653924,3.000139535,10.279559617));
#4074=CARTESIAN_POINT('',(8.885735385,3.000139535,10.358435982));
#4075=CARTESIAN_POINT('',(8.857094036,3.000139535,10.441273732));
#4076=CARTESIAN_POINT('',(8.855687866,3.000139535,10.445338));
#4077=CARTESIAN_POINT('',(8.85428085,3.000139535,10.449401994));
#4078=CARTESIAN_POINT('',(10.407353769,3.125140785,2.494597813));
#4079=CARTESIAN_POINT('',(10.406797584,3.125140785,2.50577802));
#4080=CARTESIAN_POINT('',(10.406234664,3.125140785,2.51695604));
#4081=CARTESIAN_POINT('',(10.401271523,3.125140785,2.614327069));
#4082=CARTESIAN_POINT('',(10.396477767,3.125140785,2.700392211));
#4083=CARTESIAN_POINT('',(10.386095635,3.125140785,2.872264309));
#4084=CARTESIAN_POINT('',(10.380507263,3.125140785,2.958071264));
#4085=CARTESIAN_POINT('',(10.368541734,3.125140785,3.129428886));
#4086=CARTESIAN_POINT('',(10.355787424,3.125140785,3.300530215));
#4087=CARTESIAN_POINT('',(10.341467143,3.125140785,3.47112273));
#4088=CARTESIAN_POINT('',(10.326369628,3.125140785,3.641462707));
#4089=CARTESIAN_POINT('',(10.310494873,3.125140785,3.811550143));
#4090=CARTESIAN_POINT('',(10.293077048,3.125140785,3.981136204));
#4091=CARTESIAN_POINT('',(10.274893345,3.125140785,4.150473418));
#4092=CARTESIAN_POINT('',(10.255943761,3.125140785,4.319561782));
#4093=CARTESIAN_POINT('',(10.235473631,3.125140785,4.488156089));
#4094=CARTESIAN_POINT('',(10.214248802,3.125140785,4.656505181));
#4095=CARTESIAN_POINT('',(10.203259029,3.125140785,4.740557115));
#4096=CARTESIAN_POINT('',(10.180530292,3.125140785,4.908417558));
#4097=CARTESIAN_POINT('',(10.168791327,3.125140785,4.992226064));
#4098=CARTESIAN_POINT('',(10.14456968,3.125140785,5.159601432));
#4099=CARTESIAN_POINT('',(10.119604305,3.125140785,5.326735146));
#4100=CARTESIAN_POINT('',(10.079941349,3.125140785,5.576716055));
#4101=CARTESIAN_POINT('',(10.052033535,3.125140785,5.742893712));
#4102=CARTESIAN_POINT('',(10.023398129,3.125140785,5.908834962));
#4103=CARTESIAN_POINT('',(9.994035133,3.125140785,6.074539803));
#4104=CARTESIAN_POINT('',(9.963227525,3.125140785,6.23977526));
#4105=CARTESIAN_POINT('',(9.93170285,3.125140785,6.404777729));
#4106=CARTESIAN_POINT('',(9.899461108,3.125140785,6.569547209));
#4107=CARTESIAN_POINT('',(9.848962871,3.125140785,6.816007521));
#4108=CARTESIAN_POINT('',(9.796344448,3.125140785,7.061778944));
#4109=CARTESIAN_POINT('',(9.741621141,3.125140785,7.306866449));
#4110=CARTESIAN_POINT('',(9.684808114,3.125140785,7.551274962));
#4111=CARTESIAN_POINT('',(9.625920388,3.125140785,7.795009364));
#4112=CARTESIAN_POINT('',(9.564972849,3.125140785,8.038074493));
#4113=CARTESIAN_POINT('',(9.501980248,3.125140785,8.280475141));
#4114=CARTESIAN_POINT('',(9.436957191,3.125140785,8.522216054));
#4115=CARTESIAN_POINT('',(9.369918151,3.125140785,8.763301934));
#4116=CARTESIAN_POINT('',(9.30087746,3.125140785,9.003737439));
#4117=CARTESIAN_POINT('',(9.229849312,3.125140785,9.243527179));
#4118=CARTESIAN_POINT('',(9.156847766,3.125140785,9.482675723));
#4119=CARTESIAN_POINT('',(9.081886737,3.125140785,9.721187594));
#4120=CARTESIAN_POINT('',(9.004980007,3.125140785,9.959067267));
#4121=CARTESIAN_POINT('',(8.952420814,3.125140785,10.117235206));
#4122=CARTESIAN_POINT('',(8.899222102,3.125140785,10.275195354));
#4123=CARTESIAN_POINT('',(8.872302986,3.125140785,10.35407153));
#4124=CARTESIAN_POINT('',(8.84366098,3.125140785,10.436909068));
#4125=CARTESIAN_POINT('',(8.842254777,3.125140785,10.440973325));
#4126=CARTESIAN_POINT('',(8.840847729,3.125140785,10.445037308));
#4127=CARTESIAN_POINT('',(10.393422482,3.250142035,2.490071263));
#4128=CARTESIAN_POINT('',(10.392866622,3.250142035,2.501251576));
#4129=CARTESIAN_POINT('',(10.392304026,3.250142035,2.512429701));
#4130=CARTESIAN_POINT('',(10.387343694,3.250142035,2.609801643));
#4131=CARTESIAN_POINT('',(10.382552391,3.250142035,2.695867582));
#4132=CARTESIAN_POINT('',(10.372175065,3.250142035,2.867741242));
#4133=CARTESIAN_POINT('',(10.366589037,3.250142035,2.953548959));
#4134=CARTESIAN_POINT('',(10.354628106,3.250142035,3.124908074));
#4135=CARTESIAN_POINT('',(10.341878298,3.250142035,3.296010866));
#4136=CARTESIAN_POINT('',(10.327562321,3.250142035,3.46660478));
#4137=CARTESIAN_POINT('',(10.312469008,3.250142035,3.636946122));
#4138=CARTESIAN_POINT('',(10.296598362,3.250142035,3.807034893));
#4139=CARTESIAN_POINT('',(10.279184448,3.250142035,3.976622225));
#4140=CARTESIAN_POINT('',(10.261004554,3.250142035,4.145960677));
#4141=CARTESIAN_POINT('',(10.242058682,3.250142035,4.315050246));
#4142=CARTESIAN_POINT('',(10.221592076,3.250142035,4.483645699));
#4143=CARTESIAN_POINT('',(10.200370654,3.250142035,4.651995898));
#4144=CARTESIAN_POINT('',(10.189382545,3.250142035,4.736048372));
#4145=CARTESIAN_POINT('',(10.166657032,3.250142035,4.903909863));
#4146=CARTESIAN_POINT('',(10.154919632,3.250142035,4.987718878));
#4147=CARTESIAN_POINT('',(10.130701002,3.250142035,5.155095225));
#4148=CARTESIAN_POINT('',(10.10573856,3.250142035,5.322229892));
#4149=CARTESIAN_POINT('',(10.066079698,3.250142035,5.572212131));
#4150=CARTESIAN_POINT('',(10.038174417,3.250142035,5.738390612));
#4151=CARTESIAN_POINT('',(10.00954145,3.250142035,5.904332654));
#4152=CARTESIAN_POINT('',(9.980180792,3.250142035,6.070038254));
#4153=CARTESIAN_POINT('',(9.949375326,3.250142035,6.235274408));
#4154=CARTESIAN_POINT('',(9.917852696,3.250142035,6.400277541));
#4155=CARTESIAN_POINT('',(9.885612899,3.250142035,6.565047653));
#4156=CARTESIAN_POINT('',(9.835117287,3.250142035,6.811508819));
#4157=CARTESIAN_POINT('',(9.782501196,3.250142035,7.057280999));
#4158=CARTESIAN_POINT('',(9.727779928,3.250142035,7.302369166));
#4159=CARTESIAN_POINT('',(9.670968643,3.250142035,7.546778245));
#4160=CARTESIAN_POINT('',(9.612082367,3.250142035,7.790513119));
#4161=CARTESIAN_POINT('',(9.551135986,3.250142035,8.033578624));
#4162=CARTESIAN_POINT('',(9.488144246,3.250142035,8.275979552));
#4163=CARTESIAN_POINT('',(9.423121758,3.250142035,8.517720649));
#4164=CARTESIAN_POINT('',(9.356082993,3.250142035,8.758806619));
#4165=CARTESIAN_POINT('',(9.287042282,3.250142035,8.999242117));
#4166=CARTESIAN_POINT('',(9.216013823,3.250142035,9.239031756));
#4167=CARTESIAN_POINT('',(9.14301167,3.250142035,9.478180103));
#4168=CARTESIAN_POINT('',(9.068049741,3.250142035,9.716691681));
#4169=CARTESIAN_POINT('',(8.991141817,3.250142035,9.954570966));
#4170=CARTESIAN_POINT('',(8.938581631,3.250142035,10.112738583));
#4171=CARTESIAN_POINT('',(8.885381828,3.250142035,10.270698376));
#4172=CARTESIAN_POINT('',(8.858462117,3.250142035,10.34957436));
#4173=CARTESIAN_POINT('',(8.829819436,3.250142035,10.432411677));
#4174=CARTESIAN_POINT('',(8.8284132,3.250142035,10.436475924));
#4175=CARTESIAN_POINT('',(8.827006119,3.250142035,10.440539896));
#4176=CARTESIAN_POINT('',(10.386251271,3.31264266,2.487741195));
#4177=CARTESIAN_POINT('',(10.385695578,3.31264266,2.498921563));
#4178=CARTESIAN_POINT('',(10.38513315,3.31264266,2.510099742));
#4179=CARTESIAN_POINT('',(10.380174273,3.31264266,2.607472157));
#4180=CARTESIAN_POINT('',(10.375384229,3.31264266,2.693538505));
#4181=CARTESIAN_POINT('',(10.365009368,3.31264266,2.865412965));
#4182=CARTESIAN_POINT('',(10.359424548,3.31264266,2.951221075));
#4183=CARTESIAN_POINT('',(10.347465991,3.31264266,3.122580961));
#4184=CARTESIAN_POINT('',(10.334718494,3.31264266,3.293684505));
#4185=CARTESIAN_POINT('',(10.320404734,3.31264266,3.464279138));
#4186=CARTESIAN_POINT('',(10.305313587,3.31264266,3.634621185));
#4187=CARTESIAN_POINT('',(10.289445051,3.31264266,3.804710641));
#4188=CARTESIAN_POINT('',(10.272033154,3.31264266,3.974298629));
#4189=CARTESIAN_POINT('',(10.253855217,3.31264266,4.143637716));
#4190=CARTESIAN_POINT('',(10.234911262,3.31264266,4.312727908));
#4191=CARTESIAN_POINT('',(10.21444646,3.31264266,4.481323947));
#4192=CARTESIAN_POINT('',(10.193226804,3.31264266,4.64967472));
#4193=CARTESIAN_POINT('',(10.182239546,3.31264266,4.733727471));
#4194=CARTESIAN_POINT('',(10.159515691,3.31264266,4.9015895));
#4195=CARTESIAN_POINT('',(10.147779092,3.31264266,4.985398776));
#4196=CARTESIAN_POINT('',(10.123562024,3.31264266,5.15277563));
#4197=CARTESIAN_POINT('',(10.098601084,3.31264266,5.319910785));
#4198=CARTESIAN_POINT('',(10.058944332,3.31264266,5.56989371));
#4199=CARTESIAN_POINT('',(10.031040357,3.31264266,5.736072615));
#4200=CARTESIAN_POINT('',(10.002408642,3.31264266,5.902015064));
#4201=CARTESIAN_POINT('',(9.973049188,3.31264266,6.067721056));
#4202=CARTESIAN_POINT('',(9.942244827,3.31264266,6.232957568));
#4203=CARTESIAN_POINT('',(9.910723247,3.31264266,6.397961043));
#4204=CARTESIAN_POINT('',(9.878484453,3.31264266,6.56273148));
#4205=CARTESIAN_POINT('',(9.827990191,3.31264266,6.809193085));
#4206=CARTESIAN_POINT('',(9.775375301,3.31264266,7.054965655));
#4207=CARTESIAN_POINT('',(9.720655081,3.31264266,7.300054163));
#4208=CARTESIAN_POINT('',(9.663844694,3.31264266,7.544463534));
#4209=CARTESIAN_POINT('',(9.604959165,3.31264266,7.78819865));
#4210=CARTESIAN_POINT('',(9.544013378,3.31264266,8.031264348));
#4211=CARTESIAN_POINT('',(9.481022082,3.31264266,8.27366542));
#4212=CARTESIAN_POINT('',(9.415999887,3.31264266,8.515406613));
#4213=CARTESIAN_POINT('',(9.348961264,3.31264266,8.756492629));
#4214=CARTESIAN_POINT('',(9.279920543,3.31264266,8.996928124));
#4215=CARTESIAN_POINT('',(9.208891923,3.31264266,9.23671771));
#4216=CARTESIAN_POINT('',(9.135889459,3.31264266,9.475865957));
#4217=CARTESIAN_POINT('',(9.060927066,3.31264266,9.714377384));
#4218=CARTESIAN_POINT('',(8.984018526,3.31264266,9.952256469));
#4219=CARTESIAN_POINT('',(8.931457829,3.31264266,10.110423919));
#4220=CARTESIAN_POINT('',(8.878257467,3.31264266,10.268383531));
#4221=CARTESIAN_POINT('',(8.851337451,3.31264266,10.347259415));
#4222=CARTESIAN_POINT('',(8.82269442,3.31264266,10.430096619));
#4223=CARTESIAN_POINT('',(8.821288167,3.31264266,10.434160861));
#4224=CARTESIAN_POINT('',(8.819881068,3.31264266,10.438224827));
#4225=CARTESIAN_POINT('',(10.371497465,3.43764391,2.482947393));
#4226=CARTESIAN_POINT('',(10.370942118,3.43764391,2.494127873));
#4227=CARTESIAN_POINT('',(10.370380033,3.43764391,2.505306164));
#4228=CARTESIAN_POINT('',(10.365424147,3.43764391,2.602679551));
#4229=CARTESIAN_POINT('',(10.360636693,3.43764391,2.68874674));
#4230=CARTESIAN_POINT('',(10.350266907,3.43764391,2.86062285));
#4231=CARTESIAN_POINT('',(10.344684582,3.43764391,2.94643177));
#4232=CARTESIAN_POINT('',(10.332730884,3.43764391,3.117793235));
#4233=CARTESIAN_POINT('',(10.319988162,3.43764391,3.28889833));
#4234=CARTESIAN_POINT('',(10.305678957,3.43764391,3.459494443));
#4235=CARTESIAN_POINT('',(10.290592261,3.43764391,3.629837936));
#4236=CARTESIAN_POINT('',(10.274728078,3.43764391,3.799928807));
#4237=CARTESIAN_POINT('',(10.257320312,3.43764391,3.969518137));
#4238=CARTESIAN_POINT('',(10.239146423,3.43764391,4.138858539));
#4239=CARTESIAN_POINT('',(10.220206389,3.43764391,4.307950005));
#4240=CARTESIAN_POINT('',(10.199745316,3.43764391,4.476547256));
#4241=CARTESIAN_POINT('',(10.178529276,3.43764391,4.644899204));
#4242=CARTESIAN_POINT('',(10.167543779,3.43764391,4.728952527));
#4243=CARTESIAN_POINT('',(10.144823334,3.43764391,4.896815664));
#4244=CARTESIAN_POINT('',(10.13308839,3.43764391,4.980625477));
#4245=CARTESIAN_POINT('',(10.108874525,3.43764391,5.148003373));
#4246=CARTESIAN_POINT('',(10.083916686,3.43764391,5.315139535));
#4247=CARTESIAN_POINT('',(10.044264271,3.43764391,5.565123869));
#4248=CARTESIAN_POINT('',(10.016362979,3.43764391,5.731303646));
#4249=CARTESIAN_POINT('',(9.987733844,3.43764391,5.897246934));
#4250=CARTESIAN_POINT('',(9.958376866,3.43764391,6.062953729));
#4251=CARTESIAN_POINT('',(9.927574771,3.43764391,6.228190978));
#4252=CARTESIAN_POINT('',(9.896055358,3.43764391,6.393195157));
#4253=CARTESIAN_POINT('',(9.863818625,3.43764391,6.557966264));
#4254=CARTESIAN_POINT('',(9.813327145,3.43764391,6.804428772));
#4255=CARTESIAN_POINT('',(9.760714722,3.43764391,7.050202144));
#4256=CARTESIAN_POINT('',(9.705996659,3.43764391,7.295291353));
#4257=CARTESIAN_POINT('',(9.649188119,3.43764391,7.539701324));
#4258=CARTESIAN_POINT('',(9.590304124,3.43764391,7.783436939));
#4259=CARTESIAN_POINT('',(9.529359562,3.43764391,8.026503035));
#4260=CARTESIAN_POINT('',(9.46636918,3.43764391,8.268904404));
#4261=CARTESIAN_POINT('',(9.401347586,3.43764391,8.510645792));
#4262=CARTESIAN_POINT('',(9.334309253,3.43764391,8.751731902));
#4263=CARTESIAN_POINT('',(9.265268513,3.43764391,8.99216739));
#4264=CARTESIAN_POINT('',(9.194239562,3.43764391,9.23195687));
#4265=CARTESIAN_POINT('',(9.121236453,3.43764391,9.471104907));
#4266=CARTESIAN_POINT('',(9.046273108,3.43764391,9.709616024));
#4267=CARTESIAN_POINT('',(8.969363305,3.43764391,9.947494699));
#4268=CARTESIAN_POINT('',(8.916801558,3.43764391,10.105661808));
#4269=CARTESIAN_POINT('',(8.863600039,3.43764391,10.263621044));
#4270=CARTESIAN_POINT('',(8.836679394,3.43764391,10.342496724));
#4271=CARTESIAN_POINT('',(8.808035648,3.43764391,10.425333696));
#4272=CARTESIAN_POINT('',(8.806629359,3.43764391,10.429397925));
#4273=CARTESIAN_POINT('',(8.805222225,3.43764391,10.43346188));
#4274=CARTESIAN_POINT('',(10.356332277,3.56264516,2.478019925));
#4275=CARTESIAN_POINT('',(10.355777284,3.56264516,2.48920052));
#4276=CARTESIAN_POINT('',(10.355215552,3.56264516,2.500378925));
#4277=CARTESIAN_POINT('',(10.350262736,3.56264516,2.59775331));
#4278=CARTESIAN_POINT('',(10.345477946,3.56264516,2.683821365));
#4279=CARTESIAN_POINT('',(10.335113383,3.56264516,2.855699171));
#4280=CARTESIAN_POINT('',(10.329533608,3.56264516,2.94150892));
#4281=CARTESIAN_POINT('',(10.317584925,3.56264516,3.112872015));
#4282=CARTESIAN_POINT('',(10.304847094,3.56264516,3.283978699));
#4283=CARTESIAN_POINT('',(10.290542577,3.56264516,3.454576335));
#4284=CARTESIAN_POINT('',(10.275460455,3.56264516,3.624921314));
#4285=CARTESIAN_POINT('',(10.259600742,3.56264516,3.795013637));
#4286=CARTESIAN_POINT('',(10.242197236,3.56264516,3.964604351));
#4287=CARTESIAN_POINT('',(10.224027487,3.56264516,4.133946099));
#4288=CARTESIAN_POINT('',(10.205091503,3.56264516,4.303038881));
#4289=CARTESIAN_POINT('',(10.18463425,3.56264516,4.471637373));
#4290=CARTESIAN_POINT('',(10.163421937,3.56264516,4.639990532));
#4291=CARTESIAN_POINT('',(10.152438242,3.56264516,4.724044441));
#4292=CARTESIAN_POINT('',(10.129721304,3.56264516,4.891908717));
#4293=CARTESIAN_POINT('',(10.117988059,3.56264516,4.975719082));
#4294=CARTESIAN_POINT('',(10.093777487,3.56264516,5.143098048));
#4295=CARTESIAN_POINT('',(10.068822833,3.56264516,5.310235245));
#4296=CARTESIAN_POINT('',(10.029174877,3.56264516,5.560221028));
#4297=CARTESIAN_POINT('',(10.001276342,3.56264516,5.726401701));
#4298=CARTESIAN_POINT('',(9.972649861,3.56264516,5.89234585));
#4299=CARTESIAN_POINT('',(9.943295427,3.56264516,6.058053473));
#4300=CARTESIAN_POINT('',(9.912495667,3.56264516,6.22329148));
#4301=CARTESIAN_POINT('',(9.880978474,3.56264516,6.388296381));
#4302=CARTESIAN_POINT('',(9.848743862,3.56264516,6.553068176));
#4303=CARTESIAN_POINT('',(9.798255237,3.56264516,6.799531612));
#4304=CARTESIAN_POINT('',(9.745645353,3.56264516,7.045305809));
#4305=CARTESIAN_POINT('',(9.690929507,3.56264516,7.290395738));
#4306=CARTESIAN_POINT('',(9.634122865,3.56264516,7.534806326));
#4307=CARTESIAN_POINT('',(9.575240449,3.56264516,7.778542454));
#4308=CARTESIAN_POINT('',(9.514297145,3.56264516,8.021608959));
#4309=CARTESIAN_POINT('',(9.451307701,3.56264516,8.264010633));
#4310=CARTESIAN_POINT('',(9.386286726,3.56264516,8.505752222));
#4311=CARTESIAN_POINT('',(9.319248693,3.56264516,8.746838429));
#4312=CARTESIAN_POINT('',(9.250207932,3.56264516,8.987273911));
#4313=CARTESIAN_POINT('',(9.179178639,3.56264516,9.227063279));
#4314=CARTESIAN_POINT('',(9.106174872,3.56264516,9.466211102));
#4315=CARTESIAN_POINT('',(9.031210546,3.56264516,9.704721901));
#4316=CARTESIAN_POINT('',(8.954299443,3.56264516,9.942600153));
#4317=CARTESIAN_POINT('',(8.901736614,3.56264516,10.100766911));
#4318=CARTESIAN_POINT('',(8.848533911,3.56264516,10.258725762));
#4319=CARTESIAN_POINT('',(8.821612619,3.56264516,10.337601232));
#4320=CARTESIAN_POINT('',(8.792968136,3.56264516,10.420437964));
#4321=CARTESIAN_POINT('',(8.791561811,3.56264516,10.424502182));
#4322=CARTESIAN_POINT('',(8.790154641,3.56264516,10.428566125));
#4323=CARTESIAN_POINT('',(10.34034379,3.68764641,2.472824951));
#4324=CARTESIAN_POINT('',(10.339789169,3.68764641,2.484005667));
#4325=CARTESIAN_POINT('',(10.33922781,3.68764641,2.495184193));
#4326=CARTESIAN_POINT('',(10.334278224,3.68764641,2.592559627));
#4327=CARTESIAN_POINT('',(10.329496245,3.68764641,2.678628595));
#4328=CARTESIAN_POINT('',(10.319137188,3.68764641,2.850508191));
#4329=CARTESIAN_POINT('',(10.31356011,3.68764641,2.936318816));
#4330=CARTESIAN_POINT('',(10.301616699,3.68764641,3.107683624));
#4331=CARTESIAN_POINT('',(10.288884037,3.68764641,3.278791987));
#4332=CARTESIAN_POINT('',(10.274584449,3.68764641,3.449391225));
#4333=CARTESIAN_POINT('',(10.259507163,3.68764641,3.619737775));
#4334=CARTESIAN_POINT('',(10.243652154,3.68764641,3.789831627));
#4335=CARTESIAN_POINT('',(10.226253136,3.68764641,3.959423799));
#4336=CARTESIAN_POINT('',(10.20808776,3.68764641,4.128766968));
#4337=CARTESIAN_POINT('',(10.189156033,3.68764641,4.297861133));
#4338=CARTESIAN_POINT('',(10.168702822,3.68764641,4.466460938));
#4339=CARTESIAN_POINT('',(10.147494421,3.68764641,4.634815368));
#4340=CARTESIAN_POINT('',(10.136512635,3.68764641,4.718869897));
#4341=CARTESIAN_POINT('',(10.113799394,3.68764641,4.886735375));
#4342=CARTESIAN_POINT('',(10.102067941,3.68764641,4.970546322));
#4343=CARTESIAN_POINT('',(10.077860839,3.68764641,5.137926415));
#4344=CARTESIAN_POINT('',(10.052909543,3.68764641,5.305064704));
#4345=CARTESIAN_POINT('',(10.013266285,3.68764641,5.555052013));
#4346=CARTESIAN_POINT('',(9.985370663,3.68764641,5.721233632));
#4347=CARTESIAN_POINT('',(9.956746972,3.68764641,5.887178689));
#4348=CARTESIAN_POINT('',(9.927395226,3.68764641,6.052887184));
#4349=CARTESIAN_POINT('',(9.896597916,3.68764641,6.218125988));
#4350=CARTESIAN_POINT('',(9.865083078,3.68764641,6.383131653));
#4351=CARTESIAN_POINT('',(9.832850692,3.68764641,6.547904172));
#4352=CARTESIAN_POINT('',(9.782365082,3.68764641,6.794368588));
#4353=CARTESIAN_POINT('',(9.729757872,3.68764641,7.040143654));
#4354=CARTESIAN_POINT('',(9.675044365,3.68764641,7.285234343));
#4355=CARTESIAN_POINT('',(9.618239723,3.68764641,7.52964558));
#4356=CARTESIAN_POINT('',(9.559358969,3.68764641,7.773382248));
#4357=CARTESIAN_POINT('',(9.498416992,3.68764641,8.016449184));
#4358=CARTESIAN_POINT('',(9.435428537,3.68764641,8.25885118));
#4359=CARTESIAN_POINT('',(9.370408215,3.68764641,8.500592981));
#4360=CARTESIAN_POINT('',(9.303370496,3.68764641,8.74167929));
#4361=CARTESIAN_POINT('',(9.234329714,3.68764641,8.982114765));
#4362=CARTESIAN_POINT('',(9.163300063,3.68764641,9.221904017));
#4363=CARTESIAN_POINT('',(9.0902956,3.68764641,9.461051614));
#4364=CARTESIAN_POINT('',(9.015330241,3.68764641,9.699562077));
#4365=CARTESIAN_POINT('',(8.938417764,3.68764641,9.937439883));
#4366=CARTESIAN_POINT('',(8.885853802,3.68764641,10.095606273));
#4367=CARTESIAN_POINT('',(8.832649842,3.68764641,10.253564715));
#4368=CARTESIAN_POINT('',(8.805727871,3.68764641,10.332439964));
#4369=CARTESIAN_POINT('',(8.777082612,3.68764641,10.415276445));
#4370=CARTESIAN_POINT('',(8.775676249,3.68764641,10.41934065));
#4371=CARTESIAN_POINT('',(8.77426904,3.68764641,10.423404581));
#4372=CARTESIAN_POINT('',(10.323943367,3.81264766,2.46749613));
#4373=CARTESIAN_POINT('',(10.32338913,3.81264766,2.478676971));
#4374=CARTESIAN_POINT('',(10.322828153,3.81264766,2.489855621));
#4375=CARTESIAN_POINT('',(10.317881896,3.81264766,2.587232137));
#4376=CARTESIAN_POINT('',(10.313102792,3.81264766,2.673302039));
#4377=CARTESIAN_POINT('',(10.302749375,3.81264766,2.845183468));
#4378=CARTESIAN_POINT('',(10.297175063,3.81264766,2.930994991));
#4379=CARTESIAN_POINT('',(10.285237065,3.81264766,3.102361558));
#4380=CARTESIAN_POINT('',(10.272509696,3.81264766,3.273471641));
#4381=CARTESIAN_POINT('',(10.258215183,3.81264766,3.444072529));
#4382=CARTESIAN_POINT('',(10.243142831,3.81264766,3.614420681));
#4383=CARTESIAN_POINT('',(10.227292666,3.81264766,3.784516107));
#4384=CARTESIAN_POINT('',(10.209898243,3.81264766,3.954109772));
#4385=CARTESIAN_POINT('',(10.191737356,3.81264766,4.1234544));
#4386=CARTESIAN_POINT('',(10.172809999,3.81264766,4.292549985));
#4387=CARTESIAN_POINT('',(10.152360919,3.81264766,4.461151132));
#4388=CARTESIAN_POINT('',(10.131156551,3.81264766,4.629506872));
#4389=CARTESIAN_POINT('',(10.120176714,3.81264766,4.713562035));
#4390=CARTESIAN_POINT('',(10.097467263,3.81264766,4.881428744));
#4391=CARTESIAN_POINT('',(10.085737648,3.81264766,4.965240288));
#4392=CARTESIAN_POINT('',(10.061534106,3.81264766,5.132621538));
#4393=CARTESIAN_POINT('',(10.036586255,3.81264766,5.299760946));
#4394=CARTESIAN_POINT('',(9.99694782,3.81264766,5.549749822));
#4395=CARTESIAN_POINT('',(9.969055174,3.81264766,5.715932409));
#4396=CARTESIAN_POINT('',(9.940434357,3.81264766,5.881878398));
#4397=CARTESIAN_POINT('',(9.911085355,3.81264766,6.047587786));
#4398=CARTESIAN_POINT('',(9.880290575,3.81264766,6.212827412));
#4399=CARTESIAN_POINT('',(9.848778132,3.81264766,6.377833855));
#4400=CARTESIAN_POINT('',(9.816548044,3.81264766,6.542607121));
#4401=CARTESIAN_POINT('',(9.766065522,3.81264766,6.78907254));
#4402=CARTESIAN_POINT('',(9.713461055,3.81264766,7.034848497));
#4403=CARTESIAN_POINT('',(9.658749945,3.81264766,7.279939965));
#4404=CARTESIAN_POINT('',(9.601947355,3.81264766,7.524351869));
#4405=CARTESIAN_POINT('',(9.543068308,3.81264766,7.768089092));
#4406=CARTESIAN_POINT('',(9.48212769,3.81264766,8.011156469));
#4407=CARTESIAN_POINT('',(9.419140251,3.81264766,8.253558794));
#4408=CARTESIAN_POINT('',(9.354120597,3.81264766,8.495300813));
#4409=CARTESIAN_POINT('',(9.287083201,3.81264766,8.736387228));
#4410=CARTESIAN_POINT('',(9.218042397,3.81264766,8.976822695));
#4411=CARTESIAN_POINT('',(9.147012377,3.81264766,9.216611827));
#4412=CARTESIAN_POINT('',(9.074007198,3.81264766,9.455759192));
#4413=CARTESIAN_POINT('',(8.99904078,3.81264766,9.69426931));
#4414=CARTESIAN_POINT('',(8.922126903,3.81264766,9.932146661));
#4415=CARTESIAN_POINT('',(8.869561765,3.81264766,10.090312669));
#4416=CARTESIAN_POINT('',(8.81635653,3.81264766,10.248270697));
#4417=CARTESIAN_POINT('',(8.789433855,3.81264766,10.327145718));
#4418=CARTESIAN_POINT('',(8.760787801,3.81264766,10.40998194));
#4419=CARTESIAN_POINT('',(8.759381399,3.81264766,10.414046132));
#4420=CARTESIAN_POINT('',(8.757974151,3.81264766,10.41811005));
#4421=CARTESIAN_POINT('',(10.315537192,3.875148285,2.464764798));
#4422=CARTESIAN_POINT('',(10.314983151,3.875148285,2.475945703));
#4423=CARTESIAN_POINT('',(10.31442237,3.875148285,2.487124417));
#4424=CARTESIAN_POINT('',(10.309477809,3.875148285,2.584501483));
#4425=CARTESIAN_POINT('',(10.304700183,3.875148285,2.670571866));
#4426=CARTESIAN_POINT('',(10.294349664,3.875148285,2.842454236));
#4427=CARTESIAN_POINT('',(10.288776766,3.875148285,2.928266219));
#4428=CARTESIAN_POINT('',(10.276841542,3.875148285,3.099633687));
#4429=CARTESIAN_POINT('',(10.26411689,3.875148285,3.270744653));
#4430=CARTESIAN_POINT('',(10.249824966,3.875148285,3.441346382));
#4431=CARTESIAN_POINT('',(10.234755161,3.875148285,3.611695362));
#4432=CARTESIAN_POINT('',(10.218907462,3.875148285,3.781791589));
#4433=CARTESIAN_POINT('',(10.201515405,3.875148285,3.951386023));
#4434=CARTESIAN_POINT('',(10.183356811,3.875148285,4.120731395));
#4435=CARTESIAN_POINT('',(10.164431697,3.875148285,4.289827709));
#4436=CARTESIAN_POINT('',(10.14398474,3.875148285,4.458429546));
#4437=CARTESIAN_POINT('',(10.122782428,3.875148285,4.626785955));
#4438=CARTESIAN_POINT('',(10.111803595,3.875148285,4.710841443));
#4439=CARTESIAN_POINT('',(10.089096087,3.875148285,4.878708784));
#4440=CARTESIAN_POINT('',(10.077367414,3.875148285,4.962520634));
#4441=CARTESIAN_POINT('',(10.053165697,3.875148285,5.129902477));
#4442=CARTESIAN_POINT('',(10.028219611,3.875148285,5.297042459));
#4443=CARTESIAN_POINT('',(9.988583646,3.875148285,5.547032138));
#4444=CARTESIAN_POINT('',(9.96069253,3.875148285,5.713215221));
#4445=CARTESIAN_POINT('',(9.932073181,3.875148285,5.879161688));
#4446=CARTESIAN_POINT('',(9.902725591,3.875148285,6.044871534));
#4447=CARTESIAN_POINT('',(9.8719321,3.875148285,6.210111578));
#4448=CARTESIAN_POINT('',(9.840420894,3.875148285,6.375118424));
#4449=CARTESIAN_POINT('',(9.808191978,3.875148285,6.53989207));
#4450=CARTESIAN_POINT('',(9.757711039,3.875148285,6.786358004));
#4451=CARTESIAN_POINT('',(9.705107978,3.875148285,7.032134418));
#4452=CARTESIAN_POINT('',(9.650398097,3.875148285,7.277226285));
#4453=CARTESIAN_POINT('',(9.593596558,3.875148285,7.521638531));
#4454=CARTESIAN_POINT('',(9.534718386,3.875148285,7.765376038));
#4455=CARTESIAN_POINT('',(9.473778466,3.875148285,8.008443642));
#4456=CARTESIAN_POINT('',(9.410791546,3.875148285,8.250846136));
#4457=CARTESIAN_POINT('',(9.345772235,3.875148285,8.492588266));
#4458=CARTESIAN_POINT('',(9.278735005,3.875148285,8.733674734));
#4459=CARTESIAN_POINT('',(9.20969419,3.875148285,8.974110198));
#4460=CARTESIAN_POINT('',(9.138663981,3.875148285,9.213899269));
#4461=CARTESIAN_POINT('',(9.065658436,3.875148285,9.453046514));
#4462=CARTESIAN_POINT('',(8.990691474,3.875148285,9.691556456));
#4463=CARTESIAN_POINT('',(8.913776875,3.875148285,9.929433573));
#4464=CARTESIAN_POINT('',(8.861211142,3.875148285,10.087599387));
#4465=CARTESIAN_POINT('',(8.808005245,3.875148285,10.2455572));
#4466=CARTESIAN_POINT('',(8.781082214,3.875148285,10.324432105));
#4467=CARTESIAN_POINT('',(8.752435752,3.875148285,10.407268194));
#4468=CARTESIAN_POINT('',(8.751029329,3.875148285,10.41133238));
#4469=CARTESIAN_POINT('',(8.749622061,3.875148285,10.415396292));
#4470=CARTESIAN_POINT('',(10.298312611,4.000149535,2.459168193));
#4471=CARTESIAN_POINT('',(10.297758973,4.000149535,2.470349228));
#4472=CARTESIAN_POINT('',(10.297198593,4.000149535,2.481528073));
#4473=CARTESIAN_POINT('',(10.292257519,4.000149535,2.578906272));
#4474=CARTESIAN_POINT('',(10.28748292,4.000149535,2.664977638));
#4475=CARTESIAN_POINT('',(10.277138323,4.000149535,2.836861932));
#4476=CARTESIAN_POINT('',(10.271568329,4.000149535,2.922674859));
#4477=CARTESIAN_POINT('',(10.259638791,4.000149535,3.094044174));
#4478=CARTESIAN_POINT('',(10.246919698,4.000149535,3.265156947));
#4479=CARTESIAN_POINT('',(10.232633097,4.000149535,3.435760405));
#4480=CARTESIAN_POINT('',(10.217568482,4.000149535,3.606111072));
#4481=CARTESIAN_POINT('',(10.201725867,4.000149535,3.77620895));
#4482=CARTESIAN_POINT('',(10.184338631,4.000149535,3.945804951));
#4483=CARTESIAN_POINT('',(10.166184757,4.000149535,4.115151857));
#4484=CARTESIAN_POINT('',(10.147264223,4.000149535,4.284249659));
#4485=CARTESIAN_POINT('',(10.126821615,4.000149535,4.452852909));
#4486=CARTESIAN_POINT('',(10.105623527,4.000149535,4.62121069));
#4487=CARTESIAN_POINT('',(10.094646744,4.000149535,4.705266845));
#4488=CARTESIAN_POINT('',(10.071943219,4.000149535,4.873135479));
#4489=CARTESIAN_POINT('',(10.060216475,4.000149535,4.956947957));
#4490=CARTESIAN_POINT('',(10.036018496,4.000149535,5.124331014));
#4491=CARTESIAN_POINT('',(10.011076027,4.000149535,5.291472171));
#4492=CARTESIAN_POINT('',(9.971445122,4.000149535,5.541463494));
#4493=CARTESIAN_POINT('',(9.943557143,4.000149535,5.707647596));
#4494=CARTESIAN_POINT('',(9.9149408,4.000149535,5.87359504));
#4495=CARTESIAN_POINT('',(9.885596104,4.000149535,6.039305826));
#4496=CARTESIAN_POINT('',(9.854805258,4.000149535,6.20454673));
#4497=CARTESIAN_POINT('',(9.82329658,4.000149535,6.369554397));
#4498=CARTESIAN_POINT('',(9.791070066,4.000149535,6.534328824));
#4499=CARTESIAN_POINT('',(9.740592372,4.000149535,6.780795812));
#4500=CARTESIAN_POINT('',(9.687992193,4.000149535,7.026573162));
#4501=CARTESIAN_POINT('',(9.633284831,4.000149535,7.271665847));
#4502=CARTESIAN_POINT('',(9.576485446,4.000149535,7.516078793));
#4503=CARTESIAN_POINT('',(9.517609064,4.000149535,7.759816882));
#4504=CARTESIAN_POINT('',(9.456670573,4.000149535,8.002884951));
#4505=CARTESIAN_POINT('',(9.393684719,4.000149535,8.245287791));
#4506=CARTESIAN_POINT('',(9.328666112,4.000149535,8.487030149));
#4507=CARTESIAN_POINT('',(9.261629221,4.000149535,8.728116728));
#4508=CARTESIAN_POINT('',(9.19258838,4.000149535,8.968552184));
#4509=CARTESIAN_POINT('',(9.121557786,4.000149535,9.208341129));
#4510=CARTESIAN_POINT('',(9.048551493,4.000149535,9.447488131));
#4511=CARTESIAN_POINT('',(8.973583417,4.000149535,9.685997712));
#4512=CARTESIAN_POINT('',(8.896667337,4.000149535,9.923874347));
#4513=CARTESIAN_POINT('',(8.844100381,4.000149535,10.082039764));
#4514=CARTESIAN_POINT('',(8.790893135,4.000149535,10.239997139));
#4515=CARTESIAN_POINT('',(8.763969369,4.000149535,10.318871805));
#4516=CARTESIAN_POINT('',(8.735322072,4.000149535,10.401707622));
#4517=CARTESIAN_POINT('',(8.733915608,4.000149535,10.405771795));
#4518=CARTESIAN_POINT('',(8.732508298,4.000149535,10.409835693));
#4519=CARTESIAN_POINT('',(10.289494208,4.06265016,2.45630292));
#4520=CARTESIAN_POINT('',(10.288940775,4.06265016,2.467484022));
#4521=CARTESIAN_POINT('',(10.2883806,4.06265016,2.478662933));
#4522=CARTESIAN_POINT('',(10.283441308,4.06265016,2.576041712));
#4523=CARTESIAN_POINT('',(10.278668259,4.06265016,2.662113581));
#4524=CARTESIAN_POINT('',(10.268326699,4.06265016,2.833998862));
#4525=CARTESIAN_POINT('',(10.26275819,4.06265016,2.919812271));
#4526=CARTESIAN_POINT('',(10.250831562,4.06265016,3.091182532));
#4527=CARTESIAN_POINT('',(10.238115319,4.06265016,3.262296231));
#4528=CARTESIAN_POINT('',(10.22383143,4.06265016,3.43290057));
#4529=CARTESIAN_POINT('',(10.208769489,4.06265016,3.603252106));
#4530=CARTESIAN_POINT('',(10.192929459,4.06265016,3.773350824));
#4531=CARTESIAN_POINT('',(10.175544708,4.06265016,3.942947632));
#4532=CARTESIAN_POINT('',(10.157393236,4.06265016,4.112295319));
#4533=CARTESIAN_POINT('',(10.138475059,4.06265016,4.281393886));
#4534=CARTESIAN_POINT('',(10.11803467,4.06265016,4.449997858));
#4535=CARTESIAN_POINT('',(10.096838749,4.06265016,4.618356342));
#4536=CARTESIAN_POINT('',(10.085863015,4.06265016,4.702412838));
#4537=CARTESIAN_POINT('',(10.063161525,4.06265016,4.870282134));
#4538=CARTESIAN_POINT('',(10.051435767,4.06265016,4.954094932));
#4539=CARTESIAN_POINT('',(10.027239709,4.06265016,5.121478613));
#4540=CARTESIAN_POINT('',(10.002299087,4.06265016,5.28862037));
#4541=CARTESIAN_POINT('',(9.962670775,4.06265016,5.538612535));
#4542=CARTESIAN_POINT('',(9.9347844,4.06265016,5.704797159));
#4543=CARTESIAN_POINT('',(9.906169597,4.06265016,5.870745103));
#4544=CARTESIAN_POINT('',(9.876826381,4.06265016,6.03645637));
#4545=CARTESIAN_POINT('',(9.84603689,4.06265016,6.201697715));
#4546=CARTESIAN_POINT('',(9.814529505,4.06265016,6.366705802));
#4547=CARTESIAN_POINT('',(9.78230422,4.06265016,6.531480628));
#4548=CARTESIAN_POINT('',(9.731828188,4.06265016,6.777948156));
#4549=CARTESIAN_POINT('',(9.679229485,4.06265016,7.023725986));
#4550=CARTESIAN_POINT('',(9.624523411,4.06265016,7.26881909));
#4551=CARTESIAN_POINT('',(9.567725129,4.06265016,7.513232394));
#4552=CARTESIAN_POINT('',(9.508849666,4.06265016,7.756970781));
#4553=CARTESIAN_POINT('',(9.447911906,4.06265016,8.000039087));
#4554=CARTESIAN_POINT('',(9.384926596,4.06265016,8.242442104));
#4555=CARTESIAN_POINT('',(9.319908347,4.06265016,8.484184579));
#4556=CARTESIAN_POINT('',(9.252871631,4.06265016,8.725271214));
#4557=CARTESIAN_POINT('',(9.183830778,4.06265016,8.965706666));
#4558=CARTESIAN_POINT('',(9.112799986,4.06265016,9.205495547));
#4559=CARTESIAN_POINT('',(9.03979331,4.06265016,9.444642425));
#4560=CARTESIAN_POINT('',(8.964824664,4.06265016,9.68315182));
#4561=CARTESIAN_POINT('',(8.887907828,4.06265016,9.92102821));
#4562=CARTESIAN_POINT('',(8.835340244,4.06265016,10.079193423));
#4563=CARTESIAN_POINT('',(8.782132308,4.06265016,10.237150574));
#4564=CARTESIAN_POINT('',(8.755208168,4.06265016,10.316025118));
#4565=CARTESIAN_POINT('',(8.726560441,4.06265016,10.398860796));
#4566=CARTESIAN_POINT('',(8.725153956,4.06265016,10.402924962));
#4567=CARTESIAN_POINT('',(8.723746625,4.06265016,10.406988853));
#4568=CARTESIAN_POINT('',(10.271444861,4.18765141,2.450438332));
#4569=CARTESIAN_POINT('',(10.27089185,4.18765141,2.461619571));
#4570=CARTESIAN_POINT('',(10.270332095,4.18765141,2.472798618));
#4571=CARTESIAN_POINT('',(10.26539646,4.18765141,2.570178585));
#4572=CARTESIAN_POINT('',(10.260626576,4.18765141,2.656251483));
#4573=CARTESIAN_POINT('',(10.250291227,4.18765141,2.828138782));
#4574=CARTESIAN_POINT('',(10.244725762,4.18765141,2.91395318));
#4575=CARTESIAN_POINT('',(10.232805085,4.18765141,3.085325375));
#4576=CARTESIAN_POINT('',(10.220094667,4.18765141,3.256440966));
#4577=CARTESIAN_POINT('',(10.205816365,4.18765141,3.42704712));
#4578=CARTESIAN_POINT('',(10.190759847,4.18765141,3.597400418));
#4579=CARTESIAN_POINT('',(10.174925153,4.18765141,3.76750087));
#4580=CARTESIAN_POINT('',(10.157545452,4.18765141,3.937099319));
#4581=CARTESIAN_POINT('',(10.139398923,4.18765141,4.106448612));
#4582=CARTESIAN_POINT('',(10.120485546,4.18765141,4.275548739));
#4583=CARTESIAN_POINT('',(10.100049718,4.18765141,4.444154192));
#4584=CARTESIAN_POINT('',(10.078858214,4.18765141,4.612514113));
#4585=CARTESIAN_POINT('',(10.067884632,4.18765141,4.696571307));
#4586=CARTESIAN_POINT('',(10.045187316,4.18765141,4.864441959));
#4587=CARTESIAN_POINT('',(10.033463585,4.18765141,4.948255416));
#4588=CARTESIAN_POINT('',(10.009271431,4.18765141,5.115640366));
#4589=CARTESIAN_POINT('',(9.98433461,4.18765141,5.282783357));
#4590=CARTESIAN_POINT('',(9.944711599,4.18765141,5.532777245));
#4591=CARTESIAN_POINT('',(9.916828499,4.18765141,5.698962933));
#4592=CARTESIAN_POINT('',(9.888216857,4.18765141,5.864911904));
#4593=CARTESIAN_POINT('',(9.858876663,4.18765141,6.030624154));
#4594=CARTESIAN_POINT('',(9.82808995,4.18765141,6.1958664));
#4595=CARTESIAN_POINT('',(9.796585209,4.18765141,6.360875347));
#4596=CARTESIAN_POINT('',(9.76436245,4.18765141,6.525650994));
#4597=CARTESIAN_POINT('',(9.713889815,4.18765141,6.772119625));
#4598=CARTESIAN_POINT('',(9.661294127,4.18765141,7.017898435));
#4599=CARTESIAN_POINT('',(9.606590691,4.18765141,7.262992396));
#4600=CARTESIAN_POINT('',(9.549794668,4.18765141,7.507406434));
#4601=CARTESIAN_POINT('',(9.49092108,4.18765141,7.75114543));
#4602=CARTESIAN_POINT('',(9.429984817,4.18765141,7.994214223));
#4603=CARTESIAN_POINT('',(9.367000624,4.18765141,8.236617603));
#4604=CARTESIAN_POINT('',(9.301983111,4.18765141,8.478360317));
#4605=CARTESIAN_POINT('',(9.23494675,4.18765141,8.719447068));
#4606=CARTESIAN_POINT('',(9.165905872,4.18765141,8.959882511));
#4607=CARTESIAN_POINT('',(9.094874674,4.18765141,9.199671261));
#4608=CARTESIAN_POINT('',(9.021867207,4.18765141,9.438817881));
#4609=CARTESIAN_POINT('',(8.946897397,4.18765141,9.677326898));
#4610=CARTESIAN_POINT('',(8.869979021,4.18765141,9.915202787));
#4611=CARTESIAN_POINT('',(8.817410147,4.18765141,10.073367581));
#4612=CARTESIAN_POINT('',(8.7642008,4.18765141,10.231324274));
#4613=CARTESIAN_POINT('',(8.737275889,4.18765141,10.310198567));
#4614=CARTESIAN_POINT('',(8.708627288,4.18765141,10.393033961));
#4615=CARTESIAN_POINT('',(8.70722076,4.18765141,10.397098113));
#4616=CARTESIAN_POINT('',(8.705813386,4.18765141,10.40116199));
#4617=CARTESIAN_POINT('',(10.26221392,4.250152035,2.447439017));
#4618=CARTESIAN_POINT('',(10.261661124,4.250152035,2.458620326));
#4619=CARTESIAN_POINT('',(10.261101585,4.250152035,2.469799444));
#4620=CARTESIAN_POINT('',(10.256167816,4.250152035,2.567180017));
#4621=CARTESIAN_POINT('',(10.251399553,4.250152035,2.653253442));
#4622=CARTESIAN_POINT('',(10.24106738,4.250152035,2.825141773));
#4623=CARTESIAN_POINT('',(10.235503474,4.250152035,2.910956677));
#4624=CARTESIAN_POINT('',(10.223585834,4.250152035,3.082329859));
#4625=CARTESIAN_POINT('',(10.210878404,4.250152035,3.253446421));
#4626=CARTESIAN_POINT('',(10.196602946,4.250152035,3.424053499));
#4627=CARTESIAN_POINT('',(10.181549218,4.250152035,3.594407704));
#4628=CARTESIAN_POINT('',(10.165717239,4.250152035,3.764509038));
#4629=CARTESIAN_POINT('',(10.148340128,4.250152035,3.934108328));
#4630=CARTESIAN_POINT('',(10.130196123,4.250152035,4.103458441));
#4631=CARTESIAN_POINT('',(10.111285204,4.250152035,4.272559367));
#4632=CARTESIAN_POINT('',(10.090851705,4.250152035,4.441165577));
#4633=CARTESIAN_POINT('',(10.069662462,4.250152035,4.609526232));
#4634=CARTESIAN_POINT('',(10.058689982,4.250152035,4.693583784));
#4635=CARTESIAN_POINT('',(10.035994796,4.250152035,4.861455129));
#4636=CARTESIAN_POINT('',(10.024272097,4.250152035,4.94526892));
#4637=CARTESIAN_POINT('',(10.000081955,4.250152035,5.112654524));
#4638=CARTESIAN_POINT('',(9.975147064,4.250152035,5.279798143));
#4639=CARTESIAN_POINT('',(9.935526765,4.250152035,5.529792912));
#4640=CARTESIAN_POINT('',(9.90764535,4.250152035,5.695979147));
#4641=CARTESIAN_POINT('',(9.879035313,4.250152035,5.86192864));
#4642=CARTESIAN_POINT('',(9.849696676,4.250152035,6.027641395));
#4643=CARTESIAN_POINT('',(9.818911375,4.250152035,6.1928841));
#4644=CARTESIAN_POINT('',(9.787407991,4.250152035,6.357893488));
#4645=CARTESIAN_POINT('',(9.755186516,4.250152035,6.522669552));
#4646=CARTESIAN_POINT('',(9.70471562,4.250152035,6.769138748));
#4647=CARTESIAN_POINT('',(9.652121478,4.250152035,7.014918061));
#4648=CARTESIAN_POINT('',(9.597419391,4.250152035,7.26001246));
#4649=CARTESIAN_POINT('',(9.540624521,4.250152035,7.504426872));
#4650=CARTESIAN_POINT('',(9.481751894,4.250152035,7.748166181));
#4651=CARTESIAN_POINT('',(9.420816395,4.250152035,7.991235222));
#4652=CARTESIAN_POINT('',(9.357832776,4.250152035,8.233638788));
#4653=CARTESIAN_POINT('',(9.292815639,4.250152035,8.475381625));
#4654=CARTESIAN_POINT('',(9.225779458,4.250152035,8.716468434));
#4655=CARTESIAN_POINT('',(9.156738568,4.250152035,8.956903874));
#4656=CARTESIAN_POINT('',(9.085707162,4.250152035,9.196692555));
#4657=CARTESIAN_POINT('',(9.012699296,4.250152035,9.435839047));
#4658=CARTESIAN_POINT('',(8.937728888,4.250152035,9.674347869));
#4659=CARTESIAN_POINT('',(8.860809716,4.250152035,9.9122235));
#4660=CARTESIAN_POINT('',(8.80824019,4.250152035,10.070388081));
#4661=CARTESIAN_POINT('',(8.755030118,4.250152035,10.228344538));
#4662=CARTESIAN_POINT('',(8.728104815,4.250152035,10.307218705));
#4663=CARTESIAN_POINT('',(8.699455765,4.250152035,10.390053953));
#4664=CARTESIAN_POINT('',(8.698049215,4.250152035,10.394118098));
#4665=CARTESIAN_POINT('',(8.696641819,4.250152035,10.398181968));
#4666=CARTESIAN_POINT('',(10.243339174,4.375153285,2.44130624));
#4667=CARTESIAN_POINT('',(10.242786818,4.375153285,2.452487692));
#4668=CARTESIAN_POINT('',(10.242227718,4.375153285,2.463666953));
#4669=CARTESIAN_POINT('',(10.237297765,4.375153285,2.561048766));
#4670=CARTESIAN_POINT('',(10.232532819,4.375153285,2.647123268));
#4671=CARTESIAN_POINT('',(10.222207139,4.375153285,2.819013709));
#4672=CARTESIAN_POINT('',(10.216646403,4.375153285,2.904829644));
#4673=CARTESIAN_POINT('',(10.204735011,4.375153285,3.076204855));
#4674=CARTESIAN_POINT('',(10.192033661,4.375153285,3.247323392));
#4675=CARTESIAN_POINT('',(10.177764026,4.375153285,3.417932363));
#4676=CARTESIAN_POINT('',(10.162716002,4.375153285,3.588288421));
#4677=CARTESIAN_POINT('',(10.14688957,4.375153285,3.758391557));
#4678=CARTESIAN_POINT('',(10.129517763,4.375153285,3.927992571));
#4679=CARTESIAN_POINT('',(10.111378908,4.375153285,4.097344357));
#4680=CARTESIAN_POINT('',(10.092473026,4.375153285,4.26644692));
#4681=CARTESIAN_POINT('',(10.072044276,4.375153285,4.435054673));
#4682=CARTESIAN_POINT('',(10.050859673,4.375153285,4.603416835));
#4683=CARTESIAN_POINT('',(10.039889432,4.375153285,4.687475115));
#4684=CARTESIAN_POINT('',(10.017198612,4.375153285,4.855347878));
#4685=CARTESIAN_POINT('',(10.005478026,4.375153285,4.939162357));
#4686=CARTESIAN_POINT('',(9.981291975,4.375153285,5.106549289));
#4687=CARTESIAN_POINT('',(9.95636105,4.375153285,5.273694197));
#4688=CARTESIAN_POINT('',(9.916746299,4.375153285,5.523690769));
#4689=CARTESIAN_POINT('',(9.888868306,4.375153285,5.689878116));
#4690=CARTESIAN_POINT('',(9.860261579,4.375153285,5.855828684));
#4691=CARTESIAN_POINT('',(9.830926096,4.375153285,6.021542464));
#4692=CARTESIAN_POINT('',(9.800143703,4.375153285,6.186786114));
#4693=CARTESIAN_POINT('',(9.768643081,4.375153285,6.351796399));
#4694=CARTESIAN_POINT('',(9.736424244,4.375153285,6.51657332));
#4695=CARTESIAN_POINT('',(9.685956901,4.375153285,6.763043671));
#4696=CARTESIAN_POINT('',(9.633365915,4.375153285,7.008824009));
#4697=CARTESIAN_POINT('',(9.578666586,4.375153285,7.253919304));
#4698=CARTESIAN_POINT('',(9.521874077,4.375153285,7.498334484));
#4699=CARTESIAN_POINT('',(9.463003412,4.375153285,7.74207443));
#4700=CARTESIAN_POINT('',(9.402069479,4.375153285,7.98514398));
#4701=CARTESIAN_POINT('',(9.339087021,4.375153285,8.227547923));
#4702=CARTESIAN_POINT('',(9.274070654,4.375153285,8.46929101));
#4703=CARTESIAN_POINT('',(9.207034847,4.375153285,8.71037794));
#4704=CARTESIAN_POINT('',(9.137993931,4.375153285,8.950813372));
#4705=CARTESIAN_POINT('',(9.066962101,4.375153285,9.190601916));
#4706=CARTESIAN_POINT('',(8.993953413,4.375153285,9.42974814));
#4707=CARTESIAN_POINT('',(8.918981786,4.375153285,9.668256566));
#4708=CARTESIAN_POINT('',(8.842060998,4.375153285,9.906131672));
#4709=CARTESIAN_POINT('',(8.789490123,4.375153285,10.064295815));
#4710=CARTESIAN_POINT('',(8.736278581,4.375153285,10.222251794));
#4711=CARTESIAN_POINT('',(8.709352471,4.375153285,10.301125698));
#4712=CARTESIAN_POINT('',(8.680702504,4.375153285,10.383960649));
#4713=CARTESIAN_POINT('',(8.679295909,4.375153285,10.388024779));
#4714=CARTESIAN_POINT('',(8.677888468,4.375153285,10.392088635));
#4715=CARTESIAN_POINT('',(10.233695369,4.43765391,2.438172778));
#4716=CARTESIAN_POINT('',(10.233143239,4.43765391,2.449354303));
#4717=CARTESIAN_POINT('',(10.232584363,4.43765391,2.460533637));
#4718=CARTESIAN_POINT('',(10.227656363,4.43765391,2.557916084));
#4719=CARTESIAN_POINT('',(10.222893107,4.43765391,2.643991136));
#4720=CARTESIAN_POINT('',(10.212570746,4.43765391,2.815882655));
#4721=CARTESIAN_POINT('',(10.207011638,4.43765391,2.901699119));
#4722=CARTESIAN_POINT('',(10.195103419,4.43765391,3.073075361));
#4723=CARTESIAN_POINT('',(10.182405187,4.43765391,3.244194911));
#4724=CARTESIAN_POINT('',(10.16813853,4.43765391,3.41480485));
#4725=CARTESIAN_POINT('',(10.15309341,4.43765391,3.585161851));
#4726=CARTESIAN_POINT('',(10.137269823,4.43765391,3.755265912));
#4727=CARTESIAN_POINT('',(10.119900719,4.43765391,3.924867804));
#4728=CARTESIAN_POINT('',(10.101764499,4.43765391,4.094220446));
#4729=CARTESIAN_POINT('',(10.082861184,4.43765391,4.263323843));
#4730=CARTESIAN_POINT('',(10.062434868,4.43765391,4.431932387));
#4731=CARTESIAN_POINT('',(10.041252627,4.43765391,4.600295317));
#4732=CARTESIAN_POINT('',(10.030283537,4.43765391,4.684353971));
#4733=CARTESIAN_POINT('',(10.007594941,4.43765391,4.852227456));
#4734=CARTESIAN_POINT('',(9.995875437,4.43765391,4.936042286));
#4735=CARTESIAN_POINT('',(9.971691481,4.43765391,5.1034299));
#4736=CARTESIAN_POINT('',(9.946762578,4.43765391,5.270575464));
#4737=CARTESIAN_POINT('',(9.907150659,4.43765391,5.520572956));
#4738=CARTESIAN_POINT('',(9.879274423,4.43765391,5.686760874));
#4739=CARTESIAN_POINT('',(9.850669376,4.43765391,5.852711988));
#4740=CARTESIAN_POINT('',(9.821335514,4.43765391,6.018426295));
#4741=CARTESIAN_POINT('',(9.790554599,4.43765391,6.183670425));
#4742=CARTESIAN_POINT('',(9.759055395,4.43765391,6.348681171));
#4743=CARTESIAN_POINT('',(9.726837902,4.43765391,6.513458529));
#4744=CARTESIAN_POINT('',(9.676372375,4.43765391,6.75992947));
#4745=CARTESIAN_POINT('',(9.623783001,4.43765391,7.005710331));
#4746=CARTESIAN_POINT('',(9.56908508,4.43765391,7.250806084));
#4747=CARTESIAN_POINT('',(9.512293776,4.43765391,7.495221655));
#4748=CARTESIAN_POINT('',(9.453424115,4.43765391,7.738961928));
#4749=CARTESIAN_POINT('',(9.392490981,4.43765391,7.982031737));
#4750=CARTESIAN_POINT('',(9.329509122,4.43765391,8.224435875));
#4751=CARTESIAN_POINT('',(9.264493147,4.43765391,8.466179089));
#4752=CARTESIAN_POINT('',(9.19745753,4.43765391,8.707266082));
#4753=CARTESIAN_POINT('',(9.1284166,4.43765391,8.947701508));
#4754=CARTESIAN_POINT('',(9.057384552,4.43765391,9.187489982));
#4755=CARTESIAN_POINT('',(8.984375445,4.43765391,9.426636069));
#4756=CARTESIAN_POINT('',(8.909403194,4.43765391,9.665144293));
#4757=CARTESIAN_POINT('',(8.832481579,4.43765391,9.90301913));
#4758=CARTESIAN_POINT('',(8.77991002,4.43765391,10.061183051));
#4759=CARTESIAN_POINT('',(8.72669772,4.43765391,10.219138784));
#4760=CARTESIAN_POINT('',(8.699771201,4.43765391,10.298012555));
#4761=CARTESIAN_POINT('',(8.671120766,4.43765391,10.380847354));
#4762=CARTESIAN_POINT('',(8.669714148,4.43765391,10.384911476));
#4763=CARTESIAN_POINT('',(8.668306683,4.43765391,10.388975324));
#4764=CARTESIAN_POINT('',(10.213994558,4.56265516,2.431771597));
#4765=CARTESIAN_POINT('',(10.213442888,4.56265516,2.442953271));
#4766=CARTESIAN_POINT('',(10.21288447,4.56265516,2.454132753));
#4767=CARTESIAN_POINT('',(10.207960454,4.56265516,2.551516496));
#4768=CARTESIAN_POINT('',(10.203200659,4.56265516,2.637592672));
#4769=CARTESIAN_POINT('',(10.192885073,4.56265516,2.809486392));
#4770=CARTESIAN_POINT('',(10.187329287,4.56265516,2.895303935));
#4771=CARTESIAN_POINT('',(10.17542756,4.56265516,3.066682287));
#4772=CARTESIAN_POINT('',(10.162735691,4.56265516,3.237803905));
#4773=CARTESIAN_POINT('',(10.148475114,4.56265516,3.408415819));
#4774=CARTESIAN_POINT('',(10.133435933,4.56265516,3.578774749));
#4775=CARTESIAN_POINT('',(10.117618152,4.56265516,3.748880697));
#4776=CARTESIAN_POINT('',(10.100254563,4.56265516,3.918484381));
#4777=CARTESIAN_POINT('',(10.082123739,4.56265516,4.087838776));
#4778=CARTESIAN_POINT('',(10.063225661,4.56265516,4.256943875));
#4779=CARTESIAN_POINT('',(10.042804321,4.56265516,4.425554035));
#4780=CARTESIAN_POINT('',(10.021626901,4.56265516,4.593918532));
#4781=CARTESIAN_POINT('',(10.010660159,4.56265516,4.677977949));
#4782=CARTESIAN_POINT('',(9.987976117,4.56265516,4.845852914));
#4783=CARTESIAN_POINT('',(9.976258818,4.56265516,4.92966846));
#4784=CARTESIAN_POINT('',(9.952079135,4.56265516,5.097057462));
#4785=CARTESIAN_POINT('',(9.927154368,4.56265516,5.26420437));
#4786=CARTESIAN_POINT('',(9.887548234,4.56265516,5.514203742));
#4787=CARTESIAN_POINT('',(9.859675581,4.56265516,5.680392825));
#4788=CARTESIAN_POINT('',(9.831073973,4.56265516,5.846345056));
#4789=CARTESIAN_POINT('',(9.801743418,4.56265516,6.012060437));
#4790=CARTESIAN_POINT('',(9.770965528,4.56265516,6.177305551));
#4791=CARTESIAN_POINT('',(9.739469211,4.56265516,6.342317234));
#4792=CARTESIAN_POINT('',(9.707254469,4.56265516,6.507095486));
#4793=CARTESIAN_POINT('',(9.65679265,4.56265516,6.753567631));
#4794=CARTESIAN_POINT('',(9.604206568,4.56265516,6.999349563));
#4795=CARTESIAN_POINT('',(9.549511528,4.56265516,7.244446251));
#4796=CARTESIAN_POINT('',(9.492722688,4.56265516,7.488862623));
#4797=CARTESIAN_POINT('',(9.433855072,4.56265516,7.73260356));
#4798=CARTESIAN_POINT('',(9.372923571,4.56265516,7.9756739));
#4799=CARTESIAN_POINT('',(9.30994293,4.56265516,8.218078434));
#4800=CARTESIAN_POINT('',(9.244927758,4.56265516,8.459821909));
#4801=CARTESIAN_POINT('',(9.177892526,4.56265516,8.700909027));
#4802=CARTESIAN_POINT('',(9.108851569,4.56265516,8.941344444));
#4803=CARTESIAN_POINT('',(9.037819082,4.56265516,9.181132775));
#4804=CARTESIAN_POINT('',(8.964809116,4.56265516,9.420278584));
#4805=CARTESIAN_POINT('',(8.889835592,4.56265516,9.658786394));
#4806=CARTESIAN_POINT('',(8.812912288,4.56265516,9.896660682));
#4807=CARTESIAN_POINT('',(8.760339326,4.56265516,10.054824147));
#4808=CARTESIAN_POINT('',(8.707125485,4.56265516,10.212779379));
#4809=CARTESIAN_POINT('',(8.680198125,4.56265516,10.291652877));
#4810=CARTESIAN_POINT('',(8.651546736,4.56265516,10.374487366));
#4811=CARTESIAN_POINT('',(8.65014007,4.56265516,10.378551473));
#4812=CARTESIAN_POINT('',(8.648732558,4.56265516,10.382615305));
#4813=CARTESIAN_POINT('',(10.203937549,4.625155785,2.428503876));
#4814=CARTESIAN_POINT('',(10.203386114,4.625155785,2.439685627));
#4815=CARTESIAN_POINT('',(10.202827931,4.625155785,2.450865186));
#4816=CARTESIAN_POINT('',(10.197905957,4.625155785,2.548249591));
#4817=CARTESIAN_POINT('',(10.193147924,4.625155785,2.63432634));
#4818=CARTESIAN_POINT('',(10.182835789,4.625155785,2.806221182));
#4819=CARTESIAN_POINT('',(10.177281701,4.625155785,2.892039277));
#4820=CARTESIAN_POINT('',(10.165383292,4.625155785,3.063418706));
#4821=CARTESIAN_POINT('',(10.152694669,4.625155785,3.234541379));
#4822=CARTESIAN_POINT('',(10.138437193,4.625155785,3.4051543));
#4823=CARTESIAN_POINT('',(10.123401048,4.625155785,3.575514218));
#4824=CARTESIAN_POINT('',(10.107586224,4.625155785,3.745621126));
#4825=CARTESIAN_POINT('',(10.09022546,4.625155785,3.915225728));
#4826=CARTESIAN_POINT('',(10.072097379,4.625155785,4.084581015));
#4827=CARTESIAN_POINT('',(10.053201984,4.625155785,4.253686985));
#4828=CARTESIAN_POINT('',(10.032783175,4.625155785,4.422297968));
#4829=CARTESIAN_POINT('',(10.011608226,4.625155785,4.590663267));
#4830=CARTESIAN_POINT('',(10.000642678,4.625155785,4.674723072));
#4831=CARTESIAN_POINT('',(9.97796096,4.625155785,4.842598792));
#4832=CARTESIAN_POINT('',(9.966244787,4.625155785,4.926414704));
#4833=CARTESIAN_POINT('',(9.942067285,4.625155785,5.093804415));
#4834=CARTESIAN_POINT('',(9.91714463,4.625155785,5.260952009));
#4835=CARTESIAN_POINT('',(9.877541451,4.625155785,5.510952341));
#4836=CARTESIAN_POINT('',(9.849670622,4.625155785,5.677142016));
#4837=CARTESIAN_POINT('',(9.821070776,4.625155785,5.84309482));
#4838=CARTESIAN_POINT('',(9.791741903,4.625155785,6.008810748));
#4839=CARTESIAN_POINT('',(9.760965558,4.625155785,6.174056363));
#4840=CARTESIAN_POINT('',(9.729470717,4.625155785,6.339068526));
#4841=CARTESIAN_POINT('',(9.697257376,4.625155785,6.503847233));
#4842=CARTESIAN_POINT('',(9.646797453,4.625155785,6.750319995));
#4843=CARTESIAN_POINT('',(9.594213053,4.625155785,6.996102473));
#4844=CARTESIAN_POINT('',(9.539519477,4.625155785,7.241199637));
#4845=CARTESIAN_POINT('',(9.482731895,4.625155785,7.485616418));
#4846=CARTESIAN_POINT('',(9.423865327,4.625155785,7.729357696));
#4847=CARTESIAN_POINT('',(9.362934659,4.625155785,7.972428306));
#4848=CARTESIAN_POINT('',(9.299954638,4.625155785,8.214833041));
#4849=CARTESIAN_POINT('',(9.234939877,4.625155785,8.45657665));
#4850=CARTESIAN_POINT('',(9.167904845,4.625155785,8.697663832));
#4851=CARTESIAN_POINT('',(9.098863873,4.625155785,8.938099245));
#4852=CARTESIAN_POINT('',(9.027831157,4.625155785,9.177887501));
#4853=CARTESIAN_POINT('',(8.954820753,4.625155785,9.417033168));
#4854=CARTESIAN_POINT('',(8.87984658,4.625155785,9.655540767));
#4855=CARTESIAN_POINT('',(8.802922415,4.625155785,9.893414775));
#4856=CARTESIAN_POINT('',(8.750348738,4.625155785,10.051578008));
#4857=CARTESIAN_POINT('',(8.697134109,4.625155785,10.209532984));
#4858=CARTESIAN_POINT('',(8.670206321,4.625155785,10.288406343));
#4859=CARTESIAN_POINT('',(8.641554443,4.625155785,10.371240673));
#4860=CARTESIAN_POINT('',(8.640147754,4.625155785,10.375304773));
#4861=CARTESIAN_POINT('',(8.638740218,4.625155785,10.379368597));
#4862=CARTESIAN_POINT('',(10.183409983,4.750157035,2.421834066));
#4863=CARTESIAN_POINT('',(10.182859026,4.750157035,2.433015972));
#4864=CARTESIAN_POINT('',(10.18230132,4.750157035,2.444195686));
#4865=CARTESIAN_POINT('',(10.177383484,4.750157035,2.541581436));
#4866=CARTESIAN_POINT('',(10.172629057,4.750157035,2.627659356));
#4867=CARTESIAN_POINT('',(10.162324,4.750157035,2.799556497));
#4868=CARTESIAN_POINT('',(10.156773358,4.750157035,2.885375712));
#4869=CARTESIAN_POINT('',(10.144881724,4.750157035,3.056757343));
#4870=CARTESIAN_POINT('',(10.13219972,4.750157035,3.227882166));
#4871=CARTESIAN_POINT('',(10.117948584,4.750157035,3.398497148));
#4872=CARTESIAN_POINT('',(10.102918622,4.750157035,3.568859074));
#4873=CARTESIAN_POINT('',(10.087109848,4.750157035,3.738967948));
#4874=CARTESIAN_POINT('',(10.069754837,4.750157035,3.90857442));
#4875=CARTESIAN_POINT('',(10.051632366,4.750157035,4.077931529));
#4876=CARTESIAN_POINT('',(10.032742435,4.750157035,4.247039274));
#4877=CARTESIAN_POINT('',(10.012328804,4.750157035,4.41565194));
#4878=CARTESIAN_POINT('',(9.991158883,4.750157035,4.584018872));
#4879=CARTESIAN_POINT('',(9.98019578,4.750157035,4.668079472));
#4880=CARTESIAN_POINT('',(9.957518801,4.750157035,4.835956732));
#4881=CARTESIAN_POINT('',(9.945804927,4.750157035,4.919773391));
#4882=CARTESIAN_POINT('',(9.92163188,4.750157035,5.087164549));
#4883=CARTESIAN_POINT('',(9.89671353,4.750157035,5.254313543));
#4884=CARTESIAN_POINT('',(9.857116379,4.750157035,5.504315833));
#4885=CARTESIAN_POINT('',(9.829249286,4.750157035,5.670506722));
#4886=CARTESIAN_POINT('',(9.800653019,4.750157035,5.836460689));
#4887=CARTESIAN_POINT('',(9.771327593,4.750157035,6.002177736));
#4888=CARTESIAN_POINT('',(9.740554402,4.750157035,6.167424376));
#4889=CARTESIAN_POINT('',(9.709062566,4.750157035,6.332437516));
#4890=CARTESIAN_POINT('',(9.676852091,4.750157035,6.497217154));
#4891=CARTESIAN_POINT('',(9.626396028,4.750157035,6.743691171));
#4892=CARTESIAN_POINT('',(9.57381506,4.750157035,6.989474763));
#4893=CARTESIAN_POINT('',(9.519124487,4.750157035,7.234572903));
#4894=CARTESIAN_POINT('',(9.462339469,4.750157035,7.478990517));
#4895=CARTESIAN_POINT('',(9.403475032,4.750157035,7.722732487));
#4896=CARTESIAN_POINT('',(9.342546066,4.750157035,7.965803651));
#4897=CARTESIAN_POINT('',(9.279567315,4.750157035,8.208208799));
#4898=CARTESIAN_POINT('',(9.214553388,4.750157035,8.449952678));
#4899=CARTESIAN_POINT('',(9.147518758,4.750157035,8.691039991));
#4900=CARTESIAN_POINT('',(9.078477759,4.750157035,8.931475395));
#4901=CARTESIAN_POINT('',(9.007444584,4.750157035,9.171263502));
#4902=CARTESIAN_POINT('',(8.934433286,4.750157035,9.410408878));
#4903=CARTESIAN_POINT('',(8.859457785,4.750157035,9.648916046));
#4904=CARTESIAN_POINT('',(8.782531861,4.750157035,9.886789483));
#4905=CARTESIAN_POINT('',(8.729956721,4.750157035,10.044952241));
#4906=CARTESIAN_POINT('',(8.67674049,4.750157035,10.202906696));
#4907=CARTESIAN_POINT('',(8.649811827,4.750157035,10.28177977));
#4908=CARTESIAN_POINT('',(8.621158951,4.750157035,10.364613776));
#4909=CARTESIAN_POINT('',(8.619752213,4.750157035,10.36867786));
#4910=CARTESIAN_POINT('',(8.618344628,4.750157035,10.372741668));
#4911=CARTESIAN_POINT('',(10.17293942,4.81265766,2.418431973));
#4912=CARTESIAN_POINT('',(10.172388707,4.81265766,2.429613959));
#4913=CARTESIAN_POINT('',(10.171831245,4.81265766,2.440793752));
#4914=CARTESIAN_POINT('',(10.166915531,4.81265766,2.538180191));
#4915=CARTESIAN_POINT('',(10.162162942,4.81265766,2.624258709));
#4916=CARTESIAN_POINT('',(10.151861476,4.81265766,2.796157017));
#4917=CARTESIAN_POINT('',(10.146312605,4.81265766,2.881976807));
#4918=CARTESIAN_POINT('',(10.134424419,4.81265766,3.053359559));
#4919=CARTESIAN_POINT('',(10.121745795,4.81265766,3.22448548));
#4920=CARTESIAN_POINT('',(10.107497893,4.81265766,3.395101512));
#4921=CARTESIAN_POINT('',(10.092471084,4.81265766,3.565464463));
#4922=CARTESIAN_POINT('',(10.076665398,4.81265766,3.735574341));
#4923=CARTESIAN_POINT('',(10.059313316,4.81265766,3.905181764));
#4924=CARTESIAN_POINT('',(10.041193712,4.81265766,4.074539805));
#4925=CARTESIAN_POINT('',(10.022306565,4.81265766,4.243648455));
#4926=CARTESIAN_POINT('',(10.00189557,4.81265766,4.412261977));
#4927=CARTESIAN_POINT('',(9.980728221,4.81265766,4.580629745));
#4928=CARTESIAN_POINT('',(9.969766364,4.81265766,4.664690749));
#4929=CARTESIAN_POINT('',(9.947091799,4.81265766,4.832568794));
#4930=CARTESIAN_POINT('',(9.935379101,4.81265766,4.916385835));
#4931=CARTESIAN_POINT('',(9.911208323,4.81265766,5.08377773));
#4932=CARTESIAN_POINT('',(9.886292172,4.81265766,5.250927438));
#4933=CARTESIAN_POINT('',(9.846698096,4.81265766,5.500930728));
#4934=CARTESIAN_POINT('',(9.818832904,4.81265766,5.667122234));
#4935=CARTESIAN_POINT('',(9.790238467,4.81265766,5.833076796));
#4936=CARTESIAN_POINT('',(9.760914794,4.81265766,5.998794413));
#4937=CARTESIAN_POINT('',(9.730143214,4.81265766,6.164041576));
#4938=CARTESIAN_POINT('',(9.698652909,4.81265766,6.329055213));
#4939=CARTESIAN_POINT('',(9.666443897,4.81265766,6.493835327));
#4940=CARTESIAN_POINT('',(9.615989806,4.81265766,6.740309984));
#4941=CARTESIAN_POINT('',(9.563410588,4.81265766,6.986094145));
#4942=CARTESIAN_POINT('',(9.508721541,4.81265766,7.231192781));
#4943=CARTESIAN_POINT('',(9.451937832,4.81265766,7.475610821));
#4944=CARTESIAN_POINT('',(9.393074486,4.81265766,7.719353145));
#4945=CARTESIAN_POINT('',(9.332146385,4.81265766,7.962424589));
#4946=CARTESIAN_POINT('',(9.269168283,4.81265766,8.204829948));
#4947=CARTESIAN_POINT('',(9.204154784,4.81265766,8.446573967));
#4948=CARTESIAN_POINT('',(9.13712036,4.81265766,8.687661347));
#4949=CARTESIAN_POINT('',(9.068079345,4.81265766,8.928096746));
#4950=CARTESIAN_POINT('',(8.997045931,4.81265766,9.167884775));
#4951=CARTESIAN_POINT('',(8.924034179,4.81265766,9.407030003));
#4952=CARTESIAN_POINT('',(8.849058001,4.81265766,9.645536951));
#4953=CARTESIAN_POINT('',(8.772131181,4.81265766,9.883410097));
#4954=CARTESIAN_POINT('',(8.719555294,4.81265766,10.041572612));
#4955=CARTESIAN_POINT('',(8.666338245,4.81265766,10.199526802));
#4956=CARTESIAN_POINT('',(8.639409133,4.81265766,10.27839973));
#4957=CARTESIAN_POINT('',(8.610755752,4.81265766,10.361233572));
#4958=CARTESIAN_POINT('',(8.609348989,4.81265766,10.365297647));
#4959=CARTESIAN_POINT('',(8.607941378,4.81265766,10.369361448));
#4960=CARTESIAN_POINT('',(10.151584367,4.93765891,2.411493296));
#4961=CARTESIAN_POINT('',(10.151034153,4.93765891,2.422675444));
#4962=CARTESIAN_POINT('',(10.150477188,4.93765891,2.433855398));
#4963=CARTESIAN_POINT('',(10.145565799,4.93765891,2.531243243));
#4964=CARTESIAN_POINT('',(10.140816952,4.93765891,2.617322977));
#4965=CARTESIAN_POINT('',(10.130522831,4.93765891,2.789223671));
#4966=CARTESIAN_POINT('',(10.124977554,4.93765891,2.875044629));
#4967=CARTESIAN_POINT('',(10.113096412,4.93765891,3.046429669));
#4968=CARTESIAN_POINT('',(10.100424681,4.93765891,3.21755783));
#4969=CARTESIAN_POINT('',(10.086183356,4.93765891,3.388175999));
#4970=CARTESIAN_POINT('',(10.071163001,4.93765891,3.558541047));
#4971=CARTESIAN_POINT('',(10.055363586,4.93765891,3.728652962));
#4972=CARTESIAN_POINT('',(10.038017503,4.93765891,3.898262335));
#4973=CARTESIAN_POINT('',(10.019903723,4.93765891,4.067622268));
#4974=CARTESIAN_POINT('',(10.001022267,4.93765891,4.236732767));
#4975=CARTESIAN_POINT('',(9.980616659,4.93765891,4.405348039));
#4976=CARTESIAN_POINT('',(9.959454534,4.93765891,4.573717505));
#4977=CARTESIAN_POINT('',(9.948495218,4.93765891,4.657779335));
#4978=CARTESIAN_POINT('',(9.925825596,4.93765891,4.825658985));
#4979=CARTESIAN_POINT('',(9.914115281,4.93765891,4.909476801));
#4980=CARTESIAN_POINT('',(9.889949137,4.93765891,5.076870202));
#4981=CARTESIAN_POINT('',(9.865037465,4.93765891,5.244021365));
#4982=CARTESIAN_POINT('',(9.825449662,4.93765891,5.494026693));
#4983=CARTESIAN_POINT('',(9.797588346,4.93765891,5.660219459));
#4984=CARTESIAN_POINT('',(9.768997643,4.93765891,5.826175234));
#4985=CARTESIAN_POINT('',(9.73967755,4.93765891,5.991894014));
#4986=CARTESIAN_POINT('',(9.708909242,4.93765891,6.157142241));
#4987=CARTESIAN_POINT('',(9.677422076,4.93765891,6.322156898));
#4988=CARTESIAN_POINT('',(9.645216037,4.93765891,6.486937977));
#4989=CARTESIAN_POINT('',(9.594765966,4.93765891,6.73341394));
#4990=CARTESIAN_POINT('',(9.542190315,4.93765891,6.979199261));
#4991=CARTESIAN_POINT('',(9.48750439,4.93765891,7.224298911));
#4992=CARTESIAN_POINT('',(9.43072335,4.93765891,7.468717817));
#4993=CARTESIAN_POINT('',(9.371862221,4.93765891,7.712460862));
#4994=CARTESIAN_POINT('',(9.310935891,4.93765891,7.955532882));
#4995=CARTESIAN_POINT('',(9.247959103,4.93765891,8.197938668));
#4996=CARTESIAN_POINT('',(9.182946473,4.93765891,8.439682969));
#4997=CARTESIAN_POINT('',(9.11591247,4.93765891,8.680770485));
#4998=CARTESIAN_POINT('',(9.046871425,4.93765891,8.921205875));
#4999=CARTESIAN_POINT('',(8.975837535,4.93765891,9.16099375));
#5000=CARTESIAN_POINT('',(8.902824852,4.93765891,9.400138675));
#5001=CARTESIAN_POINT('',(8.827847295,4.93765891,9.638645175));
#5002=CARTESIAN_POINT('',(8.750918641,4.93765891,9.876517725));
#5003=CARTESIAN_POINT('',(8.69834124,4.93765891,10.034679748));
#5004=CARTESIAN_POINT('',(8.645122514,4.93765891,10.192633393));
#5005=CARTESIAN_POINT('',(8.618192498,4.93765891,10.271506028));
#5006=CARTESIAN_POINT('',(8.589538079,4.93765891,10.354339532));
#5007=CARTESIAN_POINT('',(8.588131264,4.93765891,10.358403591));
#5008=CARTESIAN_POINT('',(8.586723602,4.93765891,10.362467374));
#5009=CARTESIAN_POINT('',(10.140699879,5.000159535,2.407956712));
#5010=CARTESIAN_POINT('',(10.140149919,5.000159535,2.419138942));
#5011=CARTESIAN_POINT('',(10.139593208,5.000159535,2.430318979));
#5012=CARTESIAN_POINT('',(10.134684024,5.000159535,2.52770754));
#5013=CARTESIAN_POINT('',(10.129937085,5.000159535,2.613787894));
#5014=CARTESIAN_POINT('',(10.119646702,5.000159535,2.785689803));
#5015=CARTESIAN_POINT('',(10.114103259,5.000159535,2.871511356));
#5016=CARTESIAN_POINT('',(10.102225707,5.000159535,3.042897563));
#5017=CARTESIAN_POINT('',(10.089557482,5.000159535,3.214026863));
#5018=CARTESIAN_POINT('',(10.07531953,5.000159535,3.384646129));
#5019=CARTESIAN_POINT('',(10.060302436,5.000159535,3.555012236));
#5020=CARTESIAN_POINT('',(10.044506243,5.000159535,3.725125198));
#5021=CARTESIAN_POINT('',(10.027163201,5.000159535,3.894735558));
#5022=CARTESIAN_POINT('',(10.0090524,5.000159535,4.064096459));
#5023=CARTESIAN_POINT('',(9.990173838,5.000159535,4.233207899));
#5024=CARTESIAN_POINT('',(9.969770972,5.000159535,4.401824062));
#5025=CARTESIAN_POINT('',(9.948611519,5.000159535,4.570194396));
#5026=CARTESIAN_POINT('',(9.937653494,5.000159535,4.654256645));
#5027=CARTESIAN_POINT('',(9.914986386,5.000159535,4.822137113));
#5028=CARTESIAN_POINT('',(9.903277292,5.000159535,4.905955325));
#5029=CARTESIAN_POINT('',(9.879113504,5.000159535,5.073349492));
#5030=CARTESIAN_POINT('',(9.85420412,5.000159535,5.240501398));
#5031=CARTESIAN_POINT('',(9.81461951,5.000159535,5.490507763));
#5032=CARTESIAN_POINT('',(9.786760172,5.000159535,5.656701172));
#5033=CARTESIAN_POINT('',(9.75817137,5.000159535,5.822657564));
#5034=CARTESIAN_POINT('',(9.7288531,5.000159535,5.988376937));
#5035=CARTESIAN_POINT('',(9.698086466,5.000159535,6.153625708));
#5036=CARTESIAN_POINT('',(9.666600892,5.000159535,6.318640882));
#5037=CARTESIAN_POINT('',(9.634396375,5.000159535,6.483422456));
#5038=CARTESIAN_POINT('',(9.583948352,5.000159535,6.729899084));
#5039=CARTESIAN_POINT('',(9.53137452,5.000159535,6.975684996));
#5040=CARTESIAN_POINT('',(9.47669018,5.000159535,7.220785161));
#5041=CARTESIAN_POINT('',(9.419910501,5.000159535,7.46520451));
#5042=CARTESIAN_POINT('',(9.361050504,5.000159535,7.708947922));
#5043=CARTESIAN_POINT('',(9.300125075,5.000159535,7.952020235));
#5044=CARTESIAN_POINT('',(9.237148961,5.000159535,8.19442624));
#5045=CARTESIAN_POINT('',(9.172136776,5.000159535,8.436170685));
#5046=CARTESIAN_POINT('',(9.105102986,5.000159535,8.677258271));
#5047=CARTESIAN_POINT('',(9.036061925,5.000159535,8.917693655));
#5048=CARTESIAN_POINT('',(8.965027786,5.000159535,9.157481449));
#5049=CARTESIAN_POINT('',(8.892014629,5.000159535,9.396626221));
#5050=CARTESIAN_POINT('',(8.817036369,5.000159535,9.635132493));
#5051=CARTESIAN_POINT('',(8.740106787,5.000159535,9.873004741));
#5052=CARTESIAN_POINT('',(8.687528607,5.000159535,10.031166511));
#5053=CARTESIAN_POINT('',(8.634309034,5.000159535,10.18911988));
#5054=CARTESIAN_POINT('',(8.607378551,5.000159535,10.267992364));
#5055=CARTESIAN_POINT('',(8.578723604,5.000159535,10.350825696));
#5056=CARTESIAN_POINT('',(8.577316764,5.000159535,10.354889747));
#5057=CARTESIAN_POINT('',(8.575909076,5.000159535,10.358953522));
#5058=CARTESIAN_POINT('',(10.1185166,5.125160785,2.400748927));
#5059=CARTESIAN_POINT('',(10.117967157,5.125160785,2.411931326));
#5060=CARTESIAN_POINT('',(10.117410961,5.125160785,2.42311153));
#5061=CARTESIAN_POINT('',(10.112506248,5.125160785,2.520501544));
#5062=CARTESIAN_POINT('',(10.10776321,5.125160785,2.606583165));
#5063=CARTESIAN_POINT('',(10.097480462,5.125160785,2.778487555));
#5064=CARTESIAN_POINT('',(10.091940752,5.125160785,2.864310321));
#5065=CARTESIAN_POINT('',(10.080070509,5.125160785,3.035698903));
#5066=CARTESIAN_POINT('',(10.06740945,5.125160785,3.206830531));
#5067=CARTESIAN_POINT('',(10.053178322,5.125160785,3.377452014));
#5068=CARTESIAN_POINT('',(10.038167939,5.125160785,3.547820302));
#5069=CARTESIAN_POINT('',(10.022378256,5.125160785,3.717935379));
#5070=CARTESIAN_POINT('',(10.005041438,5.125160785,3.887547761));
#5071=CARTESIAN_POINT('',(9.986936696,5.125160785,4.056910632));
#5072=CARTESIAN_POINT('',(9.968064038,5.125160785,4.226023989));
#5073=CARTESIAN_POINT('',(9.947666765,5.125160785,4.39464197));
#5074=CARTESIAN_POINT('',(9.926512745,5.125160785,4.563014069));
#5075=CARTESIAN_POINT('',(9.915557366,5.125160785,4.647077178));
#5076=CARTESIAN_POINT('',(9.892895369,5.125160785,4.814959306));
#5077=CARTESIAN_POINT('',(9.881188762,5.125160785,4.898778327));
#5078=CARTESIAN_POINT('',(9.857029788,5.125160785,5.066174057));
#5079=CARTESIAN_POINT('',(9.832125053,5.125160785,5.233327475));
#5080=CARTESIAN_POINT('',(9.792546957,5.125160785,5.483335956));
#5081=CARTESIAN_POINT('',(9.764691653,5.125160785,5.649530675));
#5082=CARTESIAN_POINT('',(9.73610672,5.125160785,5.815488325));
#5083=CARTESIAN_POINT('',(9.706792169,5.125160785,5.981208906));
#5084=CARTESIAN_POINT('',(9.676028942,5.125160785,6.146458784));
#5085=CARTESIAN_POINT('',(9.644546616,5.125160785,6.311475013));
#5086=CARTESIAN_POINT('',(9.612345193,5.125160785,6.476257593));
#5087=CARTESIAN_POINT('',(9.561901342,5.125160785,6.722735576));
#5088=CARTESIAN_POINT('',(9.509331217,5.125160785,6.968522692));
#5089=CARTESIAN_POINT('',(9.454650121,5.125160785,7.213623912));
#5090=CARTESIAN_POINT('',(9.397873212,5.125160785,7.458044161));
#5091=CARTESIAN_POINT('',(9.339015517,5.125160785,7.701788321));
#5092=CARTESIAN_POINT('',(9.278091926,5.125160785,7.944861231));
#5093=CARTESIAN_POINT('',(9.215117184,5.125160785,8.187267682));
#5094=CARTESIAN_POINT('',(9.150105898,5.125160785,8.429012419));
#5095=CARTESIAN_POINT('',(9.083072544,5.125160785,8.670100147));
#5096=CARTESIAN_POINT('',(9.014031452,5.125160785,8.910535521));
#5097=CARTESIAN_POINT('',(8.942996819,5.125160785,9.150323154));
#5098=CARTESIAN_POINT('',(8.869982696,5.125160785,9.389467612));
#5099=CARTESIAN_POINT('',(8.795003002,5.125160785,9.627973417));
#5100=CARTESIAN_POINT('',(8.718071516,5.125160785,9.865845047));
#5101=CARTESIAN_POINT('',(8.665491758,5.125160785,10.024006304));
#5102=CARTESIAN_POINT('',(8.61227045,5.125160785,10.18195911));
#5103=CARTESIAN_POINT('',(8.585339021,5.125160785,10.260831286));
#5104=CARTESIAN_POINT('',(8.556682999,5.125160785,10.343664269));
#5105=CARTESIAN_POINT('',(8.555276106,5.125160785,10.347728303));
#5106=CARTESIAN_POINT('',(8.553868365,5.125160785,10.35179206));
#5107=CARTESIAN_POINT('',(10.107217805,5.18766141,2.397077726));
#5108=CARTESIAN_POINT('',(10.106668625,5.18766141,2.40826021));
#5109=CARTESIAN_POINT('',(10.106112692,5.18766141,2.4194405));
#5110=CARTESIAN_POINT('',(10.101210265,5.18766141,2.516831256));
#5111=CARTESIAN_POINT('',(10.096469207,5.18766141,2.602913521));
#5112=CARTESIAN_POINT('',(10.086190345,5.18766141,2.774819173));
#5113=CARTESIAN_POINT('',(10.080652531,5.18766141,2.860642556));
#5114=CARTESIAN_POINT('',(10.068786024,5.18766141,3.032032351));
#5115=CARTESIAN_POINT('',(10.056128598,5.18766141,3.20316516));
#5116=CARTESIAN_POINT('',(10.041900967,5.18766141,3.373787779));
#5117=CARTESIAN_POINT('',(10.026893978,5.18766141,3.54415717));
#5118=CARTESIAN_POINT('',(10.011107628,5.18766141,3.71427333));
#5119=CARTESIAN_POINT('',(9.993773976,5.18766141,3.883886741));
#5120=CARTESIAN_POINT('',(9.975672317,5.18766141,4.053250613));
#5121=CARTESIAN_POINT('',(9.956802667,5.18766141,4.222364948));
#5122=CARTESIAN_POINT('',(9.936408249,5.18766141,4.390983856));
#5123=CARTESIAN_POINT('',(9.915256983,5.18766141,4.55935685));
#5124=CARTESIAN_POINT('',(9.904302949,5.18766141,4.643420397));
#5125=CARTESIAN_POINT('',(9.881643574,5.18766141,4.811303376));
#5126=CARTESIAN_POINT('',(9.869938226,5.18766141,4.895122806));
#5127=CARTESIAN_POINT('',(9.845781699,5.18766141,5.062519332));
#5128=CARTESIAN_POINT('',(9.820879337,5.18766141,5.22967352));
#5129=CARTESIAN_POINT('',(9.781304556,5.18766141,5.479683079));
#5130=CARTESIAN_POINT('',(9.753451306,5.18766141,5.645878465));
#5131=CARTESIAN_POINT('',(9.724868344,5.18766141,5.811836755));
#5132=CARTESIAN_POINT('',(9.695555689,5.18766141,5.977557952));
#5133=CARTESIAN_POINT('',(9.664794195,5.18766141,6.142808393));
#5134=CARTESIAN_POINT('',(9.633313525,5.18766141,6.307825161));
#5135=CARTESIAN_POINT('',(9.601113679,5.18766141,6.472608252));
#5136=CARTESIAN_POINT('',(9.550671955,5.18766141,6.719086927));
#5137=CARTESIAN_POINT('',(9.498103717,5.18766141,6.964874656));
#5138=CARTESIAN_POINT('',(9.443424265,5.18766141,7.20997641));
#5139=CARTESIAN_POINT('',(9.38664877,5.18766141,7.454397118));
#5140=CARTESIAN_POINT('',(9.327792251,5.18766141,7.698141661));
#5141=CARTESIAN_POINT('',(9.266869594,5.18766141,7.941214874));
#5142=CARTESIAN_POINT('',(9.203895549,5.18766141,8.183621551));
#5143=CARTESIAN_POINT('',(9.138884725,5.18766141,8.425366439));
#5144=CARTESIAN_POINT('',(9.071851593,5.18766141,8.666454239));
#5145=CARTESIAN_POINT('',(9.002810484,5.18766141,8.906889607));
#5146=CARTESIAN_POINT('',(8.931775593,5.18766141,9.146677157));
#5147=CARTESIAN_POINT('',(8.858760978,5.18766141,9.385821455));
#5148=CARTESIAN_POINT('',(8.783780555,5.18766141,9.624327023));
#5149=CARTESIAN_POINT('',(8.706848103,5.18766141,9.862198339));
#5150=CARTESIAN_POINT('',(8.65426754,5.18766141,10.020359335));
#5151=CARTESIAN_POINT('',(8.601045349,5.18766141,10.178311854));
#5152=CARTESIAN_POINT('',(8.574113437,5.18766141,10.257183873));
#5153=CARTESIAN_POINT('',(8.545456868,5.18766141,10.340016678));
#5154=CARTESIAN_POINT('',(8.544049948,5.18766141,10.344080703));
#5155=CARTESIAN_POINT('',(8.542642179,5.18766141,10.348144452));
#5156=CARTESIAN_POINT('',(10.08651671,5.300108362,2.390351533));
#5157=CARTESIAN_POINT('',(10.085968014,5.300108362,2.401534174));
#5158=CARTESIAN_POINT('',(10.085412563,5.300108362,2.41271462));
#5159=CARTESIAN_POINT('',(10.080514331,5.300108362,2.51010674));
#5160=CARTESIAN_POINT('',(10.0757769,5.300108362,2.596190183));
#5161=CARTESIAN_POINT('',(10.065505145,5.300108362,2.768098144));
#5162=CARTESIAN_POINT('',(10.059970829,5.300108362,2.853922664));
#5163=CARTESIAN_POINT('',(10.048111129,5.300108362,3.025314671));
#5164=CARTESIAN_POINT('',(10.035460392,5.300108362,3.196449653));
#5165=CARTESIAN_POINT('',(10.021239143,5.300108362,3.367074345));
#5166=CARTESIAN_POINT('',(10.00623839,5.300108362,3.537445763));
#5167=CARTESIAN_POINT('',(9.990458137,5.300108362,3.707563904));
#5168=CARTESIAN_POINT('',(9.973130278,5.300108362,3.877179197));
#5169=CARTESIAN_POINT('',(9.955034283,5.300108362,4.046544909));
#5170=CARTESIAN_POINT('',(9.93617014,5.300108362,4.215661033));
#5171=CARTESIAN_POINT('',(9.915780922,5.300108362,4.384281631));
#5172=CARTESIAN_POINT('',(9.894634753,5.300108362,4.552656281));
#5173=CARTESIAN_POINT('',(9.883683175,5.300108362,4.636720626));
#5174=CARTESIAN_POINT('',(9.861028566,5.300108362,4.804605154));
#5175=CARTESIAN_POINT('',(9.849325541,5.300108362,4.888425338));
#5176=CARTESIAN_POINT('',(9.825173503,5.300108362,5.055823323));
#5177=CARTESIAN_POINT('',(9.800275482,5.300108362,5.222978922));
#5178=CARTESIAN_POINT('',(9.76070678,5.300108362,5.472990456));
#5179=CARTESIAN_POINT('',(9.732857282,5.300108362,5.639187061));
#5180=CARTESIAN_POINT('',(9.704277944,5.300108362,5.805146529));
#5181=CARTESIAN_POINT('',(9.674968751,5.300108362,5.970868851));
#5182=CARTESIAN_POINT('',(9.644210437,5.300108362,6.136120325));
#5183=CARTESIAN_POINT('',(9.612732799,5.300108362,6.301138077));
#5184=CARTESIAN_POINT('',(9.580535839,5.300108362,6.465922107));
#5185=CARTESIAN_POINT('',(9.530098006,5.300108362,6.712402046));
#5186=CARTESIAN_POINT('',(9.477533227,5.300108362,6.958190899));
#5187=CARTESIAN_POINT('',(9.422856803,5.300108362,7.203293637));
#5188=CARTESIAN_POINT('',(9.366083891,5.300108362,7.447715184));
#5189=CARTESIAN_POINT('',(9.307229521,5.300108362,7.691460425));
#5190=CARTESIAN_POINT('',(9.246308579,5.300108362,7.934534195));
#5191=CARTESIAN_POINT('',(9.183335811,5.300108362,8.176941288));
#5192=CARTESIAN_POINT('',(9.118325828,5.300108362,8.418686448));
#5193=CARTESIAN_POINT('',(9.051293102,5.300108362,8.65977438));
#5194=CARTESIAN_POINT('',(8.982251965,5.300108362,8.900209739));
#5195=CARTESIAN_POINT('',(8.911216612,5.300108362,9.139997139));
#5196=CARTESIAN_POINT('',(8.838201095,5.300108362,9.379141144));
#5197=CARTESIAN_POINT('',(8.763219333,5.300108362,9.617646278));
#5198=CARTESIAN_POINT('',(8.686285105,5.300108362,9.855517016));
#5199=CARTESIAN_POINT('',(8.63370307,5.300108362,10.013677533));
#5200=CARTESIAN_POINT('',(8.58047926,5.300108362,10.171629526));
#5201=CARTESIAN_POINT('',(8.553546469,5.300108362,10.25050126));
#5202=CARTESIAN_POINT('',(8.524888893,5.300108362,10.333333738));
#5203=CARTESIAN_POINT('',(8.523481923,5.300108362,10.337397746));
#5204=CARTESIAN_POINT('',(8.522074105,5.300108362,10.341461479));
#5205=CARTESIAN_POINT('',(10.077189349,5.350054689,2.38732089));
#5206=CARTESIAN_POINT('',(10.07664087,5.350054689,2.398503601));
#5207=CARTESIAN_POINT('',(10.076085635,5.350054689,2.409684118));
#5208=CARTESIAN_POINT('',(10.07118928,5.350054689,2.507076847));
#5209=CARTESIAN_POINT('',(10.066453494,5.350054689,2.593160825));
#5210=CARTESIAN_POINT('',(10.056184943,5.350054689,2.765069827));
#5211=CARTESIAN_POINT('',(10.050652197,5.350054689,2.850894857));
#5212=CARTESIAN_POINT('',(10.038795574,5.350054689,3.022287863));
#5213=CARTESIAN_POINT('',(10.026147844,5.350054689,3.193423823));
#5214=CARTESIAN_POINT('',(10.01192947,5.350054689,3.364049449));
#5215=CARTESIAN_POINT('',(9.996931531,5.350054689,3.534421781));
#5216=CARTESIAN_POINT('',(9.981154021,5.350054689,3.704540813));
#5217=CARTESIAN_POINT('',(9.963828773,5.350054689,3.874156955));
#5218=CARTESIAN_POINT('',(9.945735329,5.350054689,4.043523496));
#5219=CARTESIAN_POINT('',(9.926873662,5.350054689,4.212640425));
#5220=CARTESIAN_POINT('',(9.906486804,5.350054689,4.381261789));
#5221=CARTESIAN_POINT('',(9.885342909,5.350054689,4.549637178));
#5222=CARTESIAN_POINT('',(9.874392444,5.350054689,4.633701884));
#5223=CARTESIAN_POINT('',(9.851739993,5.350054689,4.801587114));
#5224=CARTESIAN_POINT('',(9.840038012,5.350054689,4.885407637));
#5225=CARTESIAN_POINT('',(9.81588799,5.350054689,5.052806277));
#5226=CARTESIAN_POINT('',(9.790991931,5.350054689,5.219962513));
#5227=CARTESIAN_POINT('',(9.751425965,5.350054689,5.469974936));
#5228=CARTESIAN_POINT('',(9.723578159,5.350054689,5.636172091));
#5229=CARTESIAN_POINT('',(9.695000452,5.350054689,5.802132089));
#5230=CARTESIAN_POINT('',(9.665692819,5.350054689,5.967854918));
#5231=CARTESIAN_POINT('',(9.634935937,5.350054689,6.133106857));
#5232=CARTESIAN_POINT('',(9.603459667,5.350054689,6.298125054));
#5233=CARTESIAN_POINT('',(9.571264006,5.350054689,6.462909506));
#5234=CARTESIAN_POINT('',(9.520827929,5.350054689,6.709390016));
#5235=CARTESIAN_POINT('',(9.468264707,5.350054689,6.955179374));
#5236=CARTESIAN_POINT('',(9.413589644,5.350054689,7.200282554));
#5237=CARTESIAN_POINT('',(9.356817897,5.350054689,7.44470448));
#5238=CARTESIAN_POINT('',(9.297964496,5.350054689,7.688450036));
#5239=CARTESIAN_POINT('',(9.237044326,5.350054689,7.931524057));
#5240=CARTESIAN_POINT('',(9.174072134,5.350054689,8.173931336));
#5241=CARTESIAN_POINT('',(9.109062531,5.350054689,8.415676621));
#5242=CARTESIAN_POINT('',(9.042029989,5.350054689,8.656764612));
#5243=CARTESIAN_POINT('',(8.972988838,5.350054689,8.897199967));
#5244=CARTESIAN_POINT('',(8.901953274,5.350054689,9.136987298));
#5245=CARTESIAN_POINT('',(8.828937351,5.350054689,9.376131171));
#5246=CARTESIAN_POINT('',(8.753954987,5.350054689,9.614636109));
#5247=CARTESIAN_POINT('',(8.67701996,5.350054689,9.852506588));
#5248=CARTESIAN_POINT('',(8.624437261,5.350054689,10.01066689));
#5249=CARTESIAN_POINT('',(8.571212721,5.350054689,10.168618645));
#5250=CARTESIAN_POINT('',(8.544279531,5.350054689,10.247490249));
#5251=CARTESIAN_POINT('',(8.515621505,5.350054689,10.330322581));
#5252=CARTESIAN_POINT('',(8.514214512,5.350054689,10.334386582));
#5253=CARTESIAN_POINT('',(8.512806672,5.350054689,10.338450308));
#5254=CARTESIAN_POINT('',(10.067729463,5.400001015,2.384247186));
#5255=CARTESIAN_POINT('',(10.067181204,5.400001015,2.395429969));
#5256=CARTESIAN_POINT('',(10.06662619,5.400001015,2.406610557));
#5257=CARTESIAN_POINT('',(10.061731747,5.400001015,2.504003908));
#5258=CARTESIAN_POINT('',(10.056997618,5.400001015,2.590088424));
#5259=CARTESIAN_POINT('',(10.046732321,5.400001015,2.761998484));
#5260=CARTESIAN_POINT('',(10.041201165,5.400001015,2.84782403));
#5261=CARTESIAN_POINT('',(10.029347662,5.400001015,3.019218051));
#5262=CARTESIAN_POINT('',(10.016702981,5.400001015,3.190355001));
#5263=CARTESIAN_POINT('',(10.002487525,5.400001015,3.360981576));
#5264=CARTESIAN_POINT('',(9.987492436,5.400001015,3.531354833));
#5265=CARTESIAN_POINT('',(9.97171771,5.400001015,3.70147477));
#5266=CARTESIAN_POINT('',(9.954395115,5.400001015,3.871091774));
#5267=CARTESIAN_POINT('',(9.93630425,5.400001015,4.040459153));
#5268=CARTESIAN_POINT('',(9.917445103,5.400001015,4.2095769));
#5269=CARTESIAN_POINT('',(9.897060629,5.400001015,4.378199039));
#5270=CARTESIAN_POINT('',(9.875919049,5.400001015,4.546575181));
#5271=CARTESIAN_POINT('',(9.864969709,5.400001015,4.630640252));
#5272=CARTESIAN_POINT('',(9.842319443,5.400001015,4.798526191));
#5273=CARTESIAN_POINT('',(9.830618519,5.400001015,4.882347058));
#5274=CARTESIAN_POINT('',(9.806470549,5.400001015,5.049746365));
#5275=CARTESIAN_POINT('',(9.781576472,5.400001015,5.216903245));
#5276=CARTESIAN_POINT('',(9.742013282,5.400001015,5.46691657));
#5277=CARTESIAN_POINT('',(9.714167197,5.400001015,5.633114284));
#5278=CARTESIAN_POINT('',(9.685591138,5.400001015,5.799074817));
#5279=CARTESIAN_POINT('',(9.656285092,5.400001015,5.964798162));
#5280=CARTESIAN_POINT('',(9.625529662,5.400001015,6.130050573));
#5281=CARTESIAN_POINT('',(9.594054777,5.400001015,6.29506922));
#5282=CARTESIAN_POINT('',(9.561860435,5.400001015,6.4598541));
#5283=CARTESIAN_POINT('',(9.511426138,5.400001015,6.706335189));
#5284=CARTESIAN_POINT('',(9.458864496,5.400001015,6.952125061));
#5285=CARTESIAN_POINT('',(9.404190812,5.400001015,7.197228689));
#5286=CARTESIAN_POINT('',(9.347420247,5.400001015,7.441650998));
#5287=CARTESIAN_POINT('',(9.288567828,5.400001015,7.685396873));
#5288=CARTESIAN_POINT('',(9.227648442,5.400001015,7.928471149));
#5289=CARTESIAN_POINT('',(9.164676834,5.400001015,8.170878618));
#5290=CARTESIAN_POINT('',(9.099667616,5.400001015,8.412624028));
#5291=CARTESIAN_POINT('',(9.032635259,5.400001015,8.653712079));
#5292=CARTESIAN_POINT('',(8.963594094,5.400001015,8.89414743));
#5293=CARTESIAN_POINT('',(8.892558317,5.400001015,9.133934691));
#5294=CARTESIAN_POINT('',(8.819541982,5.400001015,9.373078431));
#5295=CARTESIAN_POINT('',(8.744559007,5.400001015,9.61158317));
#5296=CARTESIAN_POINT('',(8.66762317,5.400001015,9.849453386));
#5297=CARTESIAN_POINT('',(8.615039798,5.400001015,10.007613469));
#5298=CARTESIAN_POINT('',(8.561814518,5.400001015,10.165564984));
#5299=CARTESIAN_POINT('',(8.534880925,5.400001015,10.244436457));
#5300=CARTESIAN_POINT('',(8.50622244,5.400001015,10.32726864));
#5301=CARTESIAN_POINT('',(8.504815425,5.400001015,10.331332633));
#5302=CARTESIAN_POINT('',(8.503407562,5.400001015,10.335396352));
#5303=B_SPLINE_SURFACE_WITH_KNOTS('',3,3,((#109,#110,#111,#112,#113,#114,#115,#116,#117,#118,#119,#120,#121,#122,#123,#124,#125,#126,#127,#128,#129,#130,#131,#132,#133,#134,
#135,#136,#137,#138,#139,#140,#141,#142,#143,#144,#145,#146,#147,#148,#149,#150,#151,#152,#153,#154,#155,#156,#157),(#158,#159,#160,#161,#162,#163,#164,#165,#166,#167,#168,#169,#170,#171,#172,#173,#174,#175,#176,#177,#178,#179,#180,#181,#182,#183,
#184,#185,#186,#187,#188,#189,#190,#191,#192,#193,#194,#195,#196,#197,#198,#199,#200,#201,#202,#203,#204,#205,#206),(#207,#208,#209,#210,#211,#212,#213,#214,#215,#216,#217,#218,#219,#220,#221,#222,#223,#224,#225,#226,#227,#228,#229,#230,#231,#232,
#233,#234,#235,#236,#237,#238,#239,#240,#241,#242,#243,#244,#245,#246,#247,#248,#249,#250,#251,#252,#253,#254,#255),(#256,#257,#258,#259,#260,#261,#262,#263,#264,#265,#266,#267,#268,#269,#270,#271,#272,#273,#274,#275,#276,#277,#278,#279,#280,#281,
#282,#283,#284,#285,#286,#287,#288,#289,#290,#291,#292,#293,#294,#295,#296,#297,#298,#299,#300,#301,#302,#303,#304),(#305,#306,#307,#308,#309,#310,#311,#312,#313,#314,#315,#316,#317,#318,#319,#320,#321,#322,#323,#324,#325,#326,#327,#328,#329,#330,
#331,#332,#333,#334,#335,#336,#337,#338,#339,#340,#341,#342,#343,#344,#345,#346,#347,#348,#349,#350,#351,#352,#353),(#354,#355,#356,#357,#358,#359,#360,#361,#362,#363,#364,#365,#366,#367,#368,#369,#370,#371,#372,#373,#374,#375,#376,#377,#378,#379,
#380,#381,#382,#383,#384,#385,#386,#387,#388,#389,#390,#391,#392,#393,#394,#395,#396,#397,#398,#399,#400,#401,#402),(#403,#404,#405,#406,#407,#408,#409,#410,#411,#412,#413,#414,#415,#416,#417,#418,#419,#420,#421,#422,#423,#424,#425,#426,#427,#428,
#429,#430,#431,#432,#433,#434,#435,#436,#437,#438,#439,#440,#441,#442,#443,#444,#445,#446,#447,#448,#449,#450,#451),(#452,#453,#454,#455,#456,#457,#458,#459,#460,#461,#462,#463,#464,#465,#466,#467,#468,#469,#470,#471,#472,#473,#474,#475,#476,#477,
#478,#479,#480,#481,#482,#483,#484,#485,#486,#487,#488,#489,#490,#491,#492,#493,#494,#495,#496,#497,#498,#499,#500),(#501,#502,#503,#504,#505,#506,#507,#508,#509,#510,#511,#512,#513,#514,#515,#516,#517,#518,#519,#520,#521,#522,#523,#524,#525,#526,
#527,#528,#529,#530,#531,#532,#533,#534,#535,#536,#537,#538,#539,#540,#541,#542,#543,#544,#545,#546,#547,#548,#549),(#550,#551,#552,#553,#554,#555,#556,#557,#558,#559,#560,#561,#562,#563,#564,#565,#566,#567,#568,#569,#570,#571,#572,#573,#574,#575,
#576,#577,#578,#579,#580,#581,#582,#583,#584,#585,#586,#587,#588,#589,#590,#591,#592,#593,#594,#595,#596,#597,#598),(#599,#600,#601,#602,#603,#604,#605,#606,#607,#608,#609,#610,#611,#612,#613,#614,#615,#616,#617,#618,#619,#620,#621,#622,#623,#624,
#625,#626,#627,#628,#629,#630,#631,#632,#633,#634,#635,#636,#637,#638,#639,#640,#641,#642,#643,#644,#645,#646,#647),(#648,#649,#650,#651,#652,#653,#654,#655,#656,#657,#658,#659,#660,#661,#662,#663,#664,#665,#666,#667,#668,#669,#670,#671,#672,#673,
#674,#675,#676,#677,#678,#679,#680,#681,#682,#683,#684,#685,#686,#687,#688,#689,#690,#691,#692,#693,#694,#695,#696),(#697,#698,#699,#700,#701,#702,#703,#704,#705,#706,#707,#708,#709,#710,#711,#712,#713,#714,#715,#716,#717,#718,#719,#720,#721,#722,
#723,#724,#725,#726,#727,#728,#729,#730,#731,#732,#733,#734,#735,#736,#737,#738,#739,#740,#741,#742,#743,#744,#745),(#746,#747,#748,#749,#750,#751,#752,#753,#754,#755,#756,#757,#758,#759,#760,#761,#762,#763,#764,#765,#766,#767,#768,#769,#770,#771,
#772,#773,#774,#775,#776,#777,#778,#779,#780,#781,#782,#783,#784,#785,#786,#787,#788,#789,#790,#791,#792,#793,#794),(#795,#796,#797,#798,#799,#800,#801,#802,#803,#804,#805,#806,#807,#808,#809,#810,#811,#812,#813,#814,#815,#816,#817,#818,#819,#820,
#821,#822,#823,#824,#825,#826,#827,#828,#829,#830,#831,#832,#833,#834,#835,#836,#837,#838,#839,#840,#841,#842,#843),(#844,#845,#846,#847,#848,#849,#850,#851,#852,#853,#854,#855,#856,#857,#858,#859,#860,#861,#862,#863,#864,#865,#866,#867,#868,#869,
#870,#871,#872,#873,#874,#875,#876,#877,#878,#879,#880,#881,#882,#883,#884,#885,#886,#887,#888,#889,#890,#891,#892),(#893,#894,#895,#896,#897,#898,#899,#900,#901,#902,#903,#904,#905,#906,#907,#908,#909,#910,#911,#912,#913,#914,#915,#916,#917,#918,
#919,#920,#921,#922,#923,#924,#925,#926,#927,#928,#929,#930,#931,#932,#933,#934,#935,#936,#937,#938,#939,#940,#941),(#942,#943,#944,#945,#946,#947,#948,#949,#950,#951,#952,#953,#954,#955,#956,#957,#958,#959,#960,#961,#962,#963,#964,#965,#966,#967,
#968,#969,#970,#971,#972,#973,#974,#975,#976,#977,#978,#979,#980,#981,#982,#983,#984,#985,#986,#987,#988,#989,#990),(#991,#992,#993,#994,#995,#996,#997,#998,#999,#1000,#1001,#1002,#1003,#1004,#1005,#1006,#1007,#1008,#1009,#1010,#1011,#1012,#1013,#1014,#1015,#1016,
#1017,#1018,#1019,#1020,#1021,#1022,#1023,#1024,#1025,#1026,#1027,#1028,#1029,#1030,#1031,#1032,#1033,#1034,#1035,#1036,#1037,#1038,#1039),(#1040,#1041,#1042,#1043,#1044,#1045,#1046,#1047,#1048,#1049,#1050,#1051,#1052,#1053,#1054,#1055,#1056,#1057,#1058,#1059,#1060,#1061,#1062,#1063,#1064,#1065,
#1066,#1067,#1068,#1069,#1070,#1071,#1072,#1073,#1074,#1075,#1076,#1077,#1078,#1079,#1080,#1081,#1082,#1083,#1084,#1085,#1086,#1087,#1088),(#1089,#1090,#1091,#1092,#1093,#1094,#1095,#1096,#1097,#1098,#1099,#1100,#1101,#1102,#1103,#1104,#1105,#1106,#1107,#1108,#1109,#1110,#1111,#1112,#1113,#1114,
#1115,#1116,#1117,#1118,#1119,#1120,#1121,#1122,#1123,#1124,#1125,#1126,#1127,#1128,#1129,#1130,#1131,#1132,#1133,#1134,#1135,#1136,#1137),(#1138,#1139,#1140,#1141,#1142,#1143,#1144,#1145,#1146,#1147,#1148,#1149,#1150,#1151,#1152,#1153,#1154,#1155,#1156,#1157,#1158,#1159,#1160,#1161,#1162,#1163,
#1164,#1165,#1166,#1167,#1168,#1169,#1170,#1171,#1172,#1173,#1174,#1175,#1176,#1177,#1178,#1179,#1180,#1181,#1182,#1183,#1184,#1185,#1186),(#1187,#1188,#1189,#1190,#1191,#1192,#1193,#1194,#1195,#1196,#1197,#1198,#1199,#1200,#1201,#1202,#1203,#1204,#1205,#1206,#1207,#1208,#1209,#1210,#1211,#1212,
#1213,#1214,#1215,#1216,#1217,#1218,#1219,#1220,#1221,#1222,#1223,#1224,#1225,#1226,#1227,#1228,#1229,#1230,#1231,#1232,#1233,#1234,#1235),(#1236,#1237,#1238,#1239,#1240,#1241,#1242,#1243,#1244,#1245,#1246,#1247,#1248,#1249,#1250,#1251,#1252,#1253,#1254,#1255,#1256,#1257,#1258,#1259,#1260,#1261,
#1262,#1263,#1264,#1265,#1266,#1267,#1268,#1269,#1270,#1271,#1272,#1273,#1274,#1275,#1276,#1277,#1278,#1279,#1280,#1281,#1282,#1283,#1284),(#1285,#1286,#1287,#1288,#1289,#1290,#1291,#1292,#1293,#1294,#1295,#1296,#1297,#1298,#1299,#1300,#1301,#1302,#1303,#1304,#1305,#1306,#1307,#1308,#1309,#1310,
#1311,#1312,#1313,#1314,#1315,#1316,#1317,#1318,#1319,#1320,#1321,#1322,#1323,#1324,#1325,#1326,#1327,#1328,#1329,#1330,#1331,#1332,#1333),(#1334,#1335,#1336,#1337,#1338,#1339,#1340,#1341,#1342,#1343,#1344,#1345,#1346,#1347,#1348,#1349,#1350,#1351,#1352,#1353,#1354,#1355,#1356,#1357,#1358,#1359,
#1360,#1361,#1362,#1363,#1364,#1365,#1366,#1367,#1368,#1369,#1370,#1371,#1372,#1373,#1374,#1375,#1376,#1377,#1378,#1379,#1380,#1381,#1382),
(#1383,#1384,#1385,#1386,#1387,#1388,#1389,#1390,#1391,#1392,#1393,#1394,#1395,#1396,#1397,#1398,#1399,#1400,#1401,#1402,#1403,#1404,#1405,#1406,#1407,#1408,
#1409,#1410,#1411,#1412,#1413,#1414,#1415,#1416,#1417,#1418,#1419,#1420,#1421,#1422,#1423,#1424,#1425,#1426,#1427,#1428,#1429,#1430,#1431),(#1432,#1433,#1434,#1435,#1436,#1437,#1438,#1439,#1440,#1441,#1442,#1443,#1444,#1445,#1446,#1447,#1448,#1449,#1450,#1451,#1452,#1453,#1454,#1455,#1456,#1457,
#1458,#1459,#1460,#1461,#1462,#1463,#1464,#1465,#1466,#1467,#1468,#1469,#1470,#1471,#1472,#1473,#1474,#1475,#1476,#1477,#1478,#1479,#1480),(#1481,#1482,#1483,#1484,#1485,#1486,#1487,#1488,#1489,#1490,#1491,#1492,#1493,#1494,#1495,#1496,#1497,#1498,#1499,#1500,#1501,#1502,#1503,#1504,#1505,#1506,
#1507,#1508,#1509,#1510,#1511,#1512,#1513,#1514,#1515,#1516,#1517,#1518,#1519,#1520,#1521,#1522,#1523,#1524,#1525,#1526,#1527,#1528,#1529),(#1530,#1531,#1532,#1533,#1534,#1535,#1536,#1537,#1538,#1539,#1540,#1541,#1542,#1543,#1544,#1545,#1546,#1547,#1548,#1549,#1550,#1551,#1552,#1553,#1554,#1555,
#1556,#1557,#1558,#1559,#1560,#1561,#1562,#1563,#1564,#1565,#1566,#1567,#1568,#1569,#1570,#1571,#1572,#1573,#1574,#1575,#1576,#1577,#1578),(#1579,#1580,#1581,#1582,#1583,#1584,#1585,#1586,#1587,#1588,#1589,#1590,#1591,#1592,#1593,#1594,#1595,#1596,#1597,#1598,#1599,#1600,#1601,#1602,#1603,#1604,
#1605,#1606,#1607,#1608,#1609,#1610,#1611,#1612,#1613,#1614,#1615,#1616,#1617,#1618,#1619,#1620,#1621,#1622,#1623,#1624,#1625,#1626,#1627),(#1628,#1629,#1630,#1631,#1632,#1633,#1634,#1635,#1636,#1637,#1638,#1639,#1640,#1641,#1642,#1643,#1644,#1645,#1646,#1647,#1648,#1649,#1650,#1651,#1652,#1653,
#1654,#1655,#1656,#1657,#1658,#1659,#1660,#1661,#1662,#1663,#1664,#1665,#1666,#1667,#1668,#1669,#1670,#1671,#1672,#1673,#1674,#1675,#1676),(#1677,#1678,#1679,#1680,#1681,#1682,#1683,#1684,#1685,#1686,#1687,#1688,#1689,#1690,#1691,#1692,#1693,#1694,#1695,#1696,#1697,#1698,#1699,#1700,#1701,#1702,
#1703,#1704,#1705,#1706,#1707,#1708,#1709,#1710,#1711,#1712,#1713,#1714,#1715,#1716,#1717,#1718,#1719,#1720,#1721,#1722,#1723,#1724,#1725),(#1726,#1727,#1728,#1729,#1730,#1731,#1732,#1733,#1734,#1735,#1736,#1737,#1738,#1739,#1740,#1741,#1742,#1743,#1744,#1745,#1746,#1747,#1748,#1749,#1750,#1751,
#1752,#1753,#1754,#1755,#1756,#1757,#1758,#1759,#1760,#1761,#1762,#1763,#1764,#1765,#1766,#1767,#1768,#1769,#1770,#1771,#1772,#1773,#1774),(#1775,#1776,#1777,#1778,#1779,#1780,#1781,#1782,#1783,#1784,#1785,#1786,#1787,#1788,#1789,#1790,#1791,#1792,#1793,#1794,#1795,#1796,#1797,#1798,#1799,#1800,
#1801,#1802,#1803,#1804,#1805,#1806,#1807,#1808,#1809,#1810,#1811,#1812,#1813,#1814,#1815,#1816,#1817,#1818,#1819,#1820,#1821,#1822,#1823),(#1824,#1825,#1826,#1827,#1828,#1829,#1830,#1831,#1832,#1833,#1834,#1835,#1836,#1837,#1838,#1839,#1840,#1841,#1842,#1843,#1844,#1845,#1846,#1847,#1848,#1849,
#1850,#1851,#1852,#1853,#1854,#1855,#1856,#1857,#1858,#1859,#1860,#1861,#1862,#1863,#1864,#1865,#1866,#1867,#1868,#1869,#1870,#1871,#1872),(#1873,#1874,#1875,#1876,#1877,#1878,#1879,#1880,#1881,#1882,#1883,#1884,#1885,#1886,#1887,#1888,#1889,#1890,#1891,#1892,#1893,#1894,#1895,#1896,#1897,#1898,
#1899,#1900,#1901,#1902,#1903,#1904,#1905,#1906,#1907,#1908,#1909,#1910,#1911,#1912,#1913,#1914,#1915,#1916,#1917,#1918,#1919,#1920,#1921),(#1922,#1923,#1924,#1925,#1926,#1927,#1928,#1929,#1930,#1931,#1932,#1933,#1934,#1935,#1936,#1937,#1938,#1939,#1940,#1941,#1942,#1943,#1944,#1945,#1946,#1947,
#1948,#1949,#1950,#1951,#1952,#1953,#1954,#1955,#1956,#1957,#1958,#1959,#1960,#1961,#1962,#1963,#1964,#1965,#1966,#1967,#1968,#1969,#1970),(#1971,#1972,#1973,#1974,#1975,#1976,#1977,#1978,#1979,#1980,#1981,#1982,#1983,#1984,#1985,#1986,#1987,#1988,#1989,#1990,#1991,#1992,#1993,#1994,#1995,#1996,
#1997,#1998,#1999,#2000,#2001,#2002,#2003,#2004,#2005,#2006,#2007,#2008,#2009,#2010,#2011,#2012,#2013,#2014,#2015,#2016,#2017,#2018,#2019),(#2020,#2021,#2022,#2023,#2024,#2025,#2026,#2027,#2028,#2029,#2030,#2031,#2032,#2033,#2034,#2035,#2036,#2037,#2038,#2039,#2040,#2041,#2042,#2043,#2044,#2045,
#2046,#2047,#2048,#2049,#2050,#2051,#2052,#2053,#2054,#2055,#2056,#2057,#2058,#2059,#2060,#2061,#2062,#2063,#2064,#2065,#2066,#2067,#2068),(#2069,#2070,#2071,#2072,#2073,#2074,#2075,#2076,#2077,#2078,#2079,#2080,#2081,#2082,#2083,#2084,#2085,#2086,#2087,#2088,#2089,#2090,#2091,#2092,#2093,#2094,
#2095,#2096,#2097,#2098,#2099,#2100,#2101,#2102,#2103,#2104,#2105,#2106,#2107,#2108,#2109,#2110,#2111,#2112,#2113,#2114,#2115,#2116,#2117),(#2118,#2119,#2120,#2121,#2122,#2123,#2124,#2125,#2126,#2127,#2128,#2129,#2130,#2131,#2132,#2133,#2134,#2135,#2136,#2137,#2138,#2139,#2140,#2141,#2142,#2143,
#2144,#2145,#2146,#2147,#2148,#2149,#2150,#2151,#2152,#2153,#2154,#2155,#2156,#2157,#2158,#2159,#2160,#2161,#2162,#2163,#2164,#2165,#2166),(#2167,#2168,#2169,#2170,#2171,#2172,#2173,#2174,#2175,#2176,#2177,#2178,#2179,#2180,#2181,#2182,#2183,#2184,#2185,#2186,#2187,#2188,#2189,#2190,#2191,#2192,
#2193,#2194,#2195,#2196,#2197,#2198,#2199,#2200,#2201,#2202,#2203,#2204,#2205,#2206,#2207,#2208,#2209,#2210,#2211,#2212,#2213,#2214,#2215),(#2216,#2217,#2218,#2219,#2220,#2221,#2222,#2223,#2224,#2225,#2226,#2227,#2228,#2229,#2230,#2231,#2232,#2233,#2234,#2235,#2236,#2237,#2238,#2239,#2240,#2241,
#2242,#2243,#2244,#2245,#2246,#2247,#2248,#2249,#2250,#2251,#2252,#2253,#2254,#2255,#2256,#2257,#2258,#2259,#2260,#2261,#2262,#2263,#2264),(#2265,#2266,#2267,#2268,#2269,#2270,#2271,#2272,#2273,#2274,#2275,#2276,#2277,#2278,#2279,#2280,#2281,#2282,#2283,#2284,#2285,#2286,#2287,#2288,#2289,#2290,
#2291,#2292,#2293,#2294,#2295,#2296,#2297,#2298,#2299,#2300,#2301,#2302,#2303,#2304,#2305,#2306,#2307,#2308,#2309,#2310,#2311,#2312,#2313),(#2314,#2315,#2316,#2317,#2318,#2319,#2320,#2321,#2322,#2323,#2324,#2325,#2326,#2327,#2328,#2329,#2330,#2331,#2332,#2333,#2334,#2335,#2336,#2337,#2338,#2339,
#2340,#2341,#2342,#2343,#2344,#2345,#2346,#2347,#2348,#2349,#2350,#2351,#2352,#2353,#2354,#2355,#2356,#2357,#2358,#2359,#2360,#2361,#2362),(#2363,#2364,#2365,#2366,#2367,#2368,#2369,#2370,#2371,#2372,#2373,#2374,#2375,#2376,#2377,#2378,#2379,#2380,#2381,#2382,#2383,#2384,#2385,#2386,#2387,#2388,
#2389,#2390,#2391,#2392,#2393,#2394,#2395,#2396,#2397,#2398,#2399,#2400,#2401,#2402,#2403,#2404,#2405,#2406,#2407,#2408,#2409,#2410,#2411),(#2412,#2413,#2414,#2415,#2416,#2417,#2418,#2419,#2420,#2421,#2422,#2423,#2424,#2425,#2426,#2427,#2428,#2429,#2430,#2431,#2432,#2433,#2434,#2435,#2436,#2437,
#2438,#2439,#2440,#2441,#2442,#2443,#2444,#2445,#2446,#2447,#2448,#2449,#2450,#2451,#2452,#2453,#2454,#2455,#2456,#2457,#2458,#2459,#2460),(#2461,#2462,#2463,#2464,#2465,#2466,#2467,#2468,#2469,#2470,#2471,#2472,#2473,#2474,#2475,#2476,#2477,#2478,#2479,#2480,#2481,#2482,#2483,#2484,#2485,#2486,
#2487,#2488,#2489,#2490,#2491,#2492,#2493,#2494,#2495,#2496,#2497,#2498,#2499,#2500,#2501,#2502,#2503,#2504,#2505,#2506,#2507,#2508,#2509),(#2510,#2511,#2512,#2513,#2514,#2515,#2516,#2517,#2518,#2519,#2520,#2521,#2522,#2523,#2524,#2525,#2526,#2527,#2528,#2529,#2530,#2531,#2532,#2533,#2534,#2535,
#2536,#2537,#2538,#2539,#2540,#2541,#2542,#2543,#2544,#2545,#2546,#2547,#2548,#2549,#2550,#2551,#2552,#2553,#2554,#2555,#2556,#2557,#2558),(#2559,#2560,#2561,#2562,#2563,#2564,#2565,#2566,#2567,#2568,#2569,#2570,#2571,#2572,#2573,#2574,#2575,#2576,#2577,#2578,#2579,#2580,#2581,#2582,#2583,#2584,
#2585,#2586,#2587,#2588,#2589,#2590,#2591,#2592,#2593,#2594,#2595,#2596,#2597,#2598,#2599,#2600,#2601,#2602,#2603,#2604,#2605,#2606,#2607),
(#2608,#2609,#2610,#2611,#2612,#2613,#2614,#2615,#2616,#2617,#2618,#2619,#2620,#2621,#2622,#2623,#2624,#2625,#2626,#2627,#2628,#2629,#2630,#2631,#2632,#2633,
#2634,#2635,#2636,#2637,#2638,#2639,#2640,#2641,#2642,#2643,#2644,#2645,#2646,#2647,#2648,#2649,#2650,#2651,#2652,#2653,#2654,#2655,#2656),(#2657,#2658,#2659,#2660,#2661,#2662,#2663,#2664,#2665,#2666,#2667,#2668,#2669,#2670,#2671,#2672,#2673,#2674,#2675,#2676,#2677,#2678,#2679,#2680,#2681,#2682,
#2683,#2684,#2685,#2686,#2687,#2688,#2689,#2690,#2691,#2692,#2693,#2694,#2695,#2696,#2697,#2698,#2699,#2700,#2701,#2702,#2703,#2704,#2705),(#2706,#2707,#2708,#2709,#2710,#2711,#2712,#2713,#2714,#2715,#2716,#2717,#2718,#2719,#2720,#2721,#2722,#2723,#2724,#2725,#2726,#2727,#2728,#2729,#2730,#2731,
#2732,#2733,#2734,#2735,#2736,#2737,#2738,#2739,#2740,#2741,#2742,#2743,#2744,#2745,#2746,#2747,#2748,#2749,#2750,#2751,#2752,#2753,#2754),(#2755,#2756,#2757,#2758,#2759,#2760,#2761,#2762,#2763,#2764,#2765,#2766,#2767,#2768,#2769,#2770,#2771,#2772,#2773,#2774,#2775,#2776,#2777,#2778,#2779,#2780,
#2781,#2782,#2783,#2784,#2785,#2786,#2787,#2788,#2789,#2790,#2791,#2792,#2793,#2794,#2795,#2796,#2797,#2798,#2799,#2800,#2801,#2802,#2803),(#2804,#2805,#2806,#2807,#2808,#2809,#2810,#2811,#2812,#2813,#2814,#2815,#2816,#2817,#2818,#2819,#2820,#2821,#2822,#2823,#2824,#2825,#2826,#2827,#2828,#2829,
#2830,#2831,#2832,#2833,#2834,#2835,#2836,#2837,#2838,#2839,#2840,#2841,#2842,#2843,#2844,#2845,#2846,#2847,#2848,#2849,#2850,#2851,#2852),(#2853,#2854,#2855,#2856,#2857,#2858,#2859,#2860,#2861,#2862,#2863,#2864,#2865,#2866,#2867,#2868,#2869,#2870,#2871,#2872,#2873,#2874,#2875,#2876,#2877,#2878,
#2879,#2880,#2881,#2882,#2883,#2884,#2885,#2886,#2887,#2888,#2889,#2890,#2891,#2892,#2893,#2894,#2895,#2896,#2897,#2898,#2899,#2900,#2901),(#2902,#2903,#2904,#2905,#2906,#2907,#2908,#2909,#2910,#2911,#2912,#2913,#2914,#2915,#2916,#2917,#2918,#2919,#2920,#2921,#2922,#2923,#2924,#2925,#2926,#2927,
#2928,#2929,#2930,#2931,#2932,#2933,#2934,#2935,#2936,#2937,#2938,#2939,#2940,#2941,#2942,#2943,#2944,#2945,#2946,#2947,#2948,#2949,#2950),(#2951,#2952,#2953,#2954,#2955,#2956,#2957,#2958,#2959,#2960,#2961,#2962,#2963,#2964,#2965,#2966,#2967,#2968,#2969,#2970,#2971,#2972,#2973,#2974,#2975,#2976,
#2977,#2978,#2979,#2980,#2981,#2982,#2983,#2984,#2985,#2986,#2987,#2988,#2989,#2990,#2991,#2992,#2993,#2994,#2995,#2996,#2997,#2998,#2999),(#3000,#3001,#3002,#3003,#3004,#3005,#3006,#3007,#3008,#3009,#3010,#3011,#3012,#3013,#3014,#3015,#3016,#3017,#3018,#3019,#3020,#3021,#3022,#3023,#3024,#3025,
#3026,#3027,#3028,#3029,#3030,#3031,#3032,#3033,#3034,#3035,#3036,#3037,#3038,#3039,#3040,#3041,#3042,#3043,#3044,#3045,#3046,#3047,#3048),(#3049,#3050,#3051,#3052,#3053,#3054,#3055,#3056,#3057,#3058,#3059,#3060,#3061,#3062,#3063,#3064,#3065,#3066,#3067,#3068,#3069,#3070,#3071,#3072,#3073,#3074,
#3075,#3076,#3077,#3078,#3079,#3080,#3081,#3082,#3083,#3084,#3085,#3086,#3087,#3088,#3089,#3090,#3091,#3092,#3093,#3094,#3095,#3096,#3097),(#3098,#3099,#3100,#3101,#3102,#3103,#3104,#3105,#3106,#3107,#3108,#3109,#3110,#3111,#3112,#3113,#3114,#3115,#3116,#3117,#3118,#3119,#3120,#3121,#3122,#3123,
#3124,#3125,#3126,#3127,#3128,#3129,#3130,#3131,#3132,#3133,#3134,#3135,#3136,#3137,#3138,#3139,#3140,#3141,#3142,#3143,#3144,#3145,#3146),(#3147,#3148,#3149,#3150,#3151,#3152,#3153,#3154,#3155,#3156,#3157,#3158,#3159,#3160,#3161,#3162,#3163,#3164,#3165,#3166,#3167,#3168,#3169,#3170,#3171,#3172,
#3173,#3174,#3175,#3176,#3177,#3178,#3179,#3180,#3181,#3182,#3183,#3184,#3185,#3186,#3187,#3188,#3189,#3190,#3191,#3192,#3193,#3194,#3195),(#3196,#3197,#3198,#3199,#3200,#3201,#3202,#3203,#3204,#3205,#3206,#3207,#3208,#3209,#3210,#3211,#3212,#3213,#3214,#3215,#3216,#3217,#3218,#3219,#3220,#3221,
#3222,#3223,#3224,#3225,#3226,#3227,#3228,#3229,#3230,#3231,#3232,#3233,#3234,#3235,#3236,#3237,#3238,#3239,#3240,#3241,#3242,#3243,#3244),(#3245,#3246,#3247,#3248,#3249,#3250,#3251,#3252,#3253,#3254,#3255,#3256,#3257,#3258,#3259,#3260,#3261,#3262,#3263,#3264,#3265,#3266,#3267,#3268,#3269,#3270,
#3271,#3272,#3273,#3274,#3275,#3276,#3277,#3278,#3279,#3280,#3281,#3282,#3283,#3284,#3285,#3286,#3287,#3288,#3289,#3290,#3291,#3292,#3293),(#3294,#3295,#3296,#3297,#3298,#3299,#3300,#3301,#3302,#3303,#3304,#3305,#3306,#3307,#3308,#3309,#3310,#3311,#3312,#3313,#3314,#3315,#3316,#3317,#3318,#3319,
#3320,#3321,#3322,#3323,#3324,#3325,#3326,#3327,#3328,#3329,#3330,#3331,#3332,#3333,#3334,#3335,#3336,#3337,#3338,#3339,#3340,#3341,#3342),(#3343,#3344,#3345,#3346,#3347,#3348,#3349,#3350,#3351,#3352,#3353,#3354,#3355,#3356,#3357,#3358,#3359,#3360,#3361,#3362,#3363,#3364,#3365,#3366,#3367,#3368,
#3369,#3370,#3371,#3372,#3373,#3374,#3375,#3376,#3377,#3378,#3379,#3380,#3381,#3382,#3383,#3384,#3385,#3386,#3387,#3388,#3389,#3390,#3391),(#3392,#3393,#3394,#3395,#3396,#3397,#3398,#3399,#3400,#3401,#3402,#3403,#3404,#3405,#3406,#3407,#3408,#3409,#3410,#3411,#3412,#3413,#3414,#3415,#3416,#3417,
#3418,#3419,#3420,#3421,#3422,#3423,#3424,#3425,#3426,#3427,#3428,#3429,#3430,#3431,#3432,#3433,#3434,#3435,#3436,#3437,#3438,#3439,#3440),(#3441,#3442,#3443,#3444,#3445,#3446,#3447,#3448,#3449,#3450,#3451,#3452,#3453,#3454,#3455,#3456,#3457,#3458,#3459,#3460,#3461,#3462,#3463,#3464,#3465,#3466,
#3467,#3468,#3469,#3470,#3471,#3472,#3473,#3474,#3475,#3476,#3477,#3478,#3479,#3480,#3481,#3482,#3483,#3484,#3485,#3486,#3487,#3488,#3489),(#3490,#3491,#3492,#3493,#3494,#3495,#3496,#3497,#3498,#3499,#3500,#3501,#3502,#3503,#3504,#3505,#3506,#3507,#3508,#3509,#3510,#3511,#3512,#3513,#3514,#3515,
#3516,#3517,#3518,#3519,#3520,#3521,#3522,#3523,#3524,#3525,#3526,#3527,#3528,#3529,#3530,#3531,#3532,#3533,#3534,#3535,#3536,#3537,#3538),(#3539,#3540,#3541,#3542,#3543,#3544,#3545,#3546,#3547,#3548,#3549,#3550,#3551,#3552,#3553,#3554,#3555,#3556,#3557,#3558,#3559,#3560,#3561,#3562,#3563,#3564,
#3565,#3566,#3567,#3568,#3569,#3570,#3571,#3572,#3573,#3574,#3575,#3576,#3577,#3578,#3579,#3580,#3581,#3582,#3583,#3584,#3585,#3586,#3587),(#3588,#3589,#3590,#3591,#3592,#3593,#3594,#3595,#3596,#3597,#3598,#3599,#3600,#3601,#3602,#3603,#3604,#3605,#3606,#3607,#3608,#3609,#3610,#3611,#3612,#3613,
#3614,#3615,#3616,#3617,#3618,#3619,#3620,#3621,#3622,#3623,#3624,#3625,#3626,#3627,#3628,#3629,#3630,#3631,#3632,#3633,#3634,#3635,#3636),(#3637,#3638,#3639,#3640,#3641,#3642,#3643,#3644,#3645,#3646,#3647,#3648,#3649,#3650,#3651,#3652,#3653,#3654,#3655,#3656,#3657,#3658,#3659,#3660,#3661,#3662,
#3663,#3664,#3665,#3666,#3667,#3668,#3669,#3670,#3671,#3672,#3673,#3674,#3675,#3676,#3677,#3678,#3679,#3680,#3681,#3682,#3683,#3684,#3685),(#3686,#3687,#3688,#3689,#3690,#3691,#3692,#3693,#3694,#3695,#3696,#3697,#3698,#3699,#3700,#3701,#3702,#3703,#3704,#3705,#3706,#3707,#3708,#3709,#3710,#3711,
#3712,#3713,#3714,#3715,#3716,#3717,#3718,#3719,#3720,#3721,#3722,#3723,#3724,#3725,#3726,#3727,#3728,#3729,#3730,#3731,#3732,#3733,#3734),(#3735,#3736,#3737,#3738,#3739,#3740,#3741,#3742,#3743,#3744,#3745,#3746,#3747,#3748,#3749,#3750,#3751,#3752,#3753,#3754,#3755,#3756,#3757,#3758,#3759,#3760,
#3761,#3762,#3763,#3764,#3765,#3766,#3767,#3768,#3769,#3770,#3771,#3772,#3773,#3774,#3775,#3776,#3777,#3778,#3779,#3780,#3781,#3782,#3783),(#3784,#3785,#3786,#3787,#3788,#3789,#3790,#3791,#3792,#3793,#3794,#3795,#3796,#3797,#3798,#3799,#3800,#3801,#3802,#3803,#3804,#3805,#3806,#3807,#3808,#3809,
#3810,#3811,#3812,#3813,#3814,#3815,#3816,#3817,#3818,#3819,#3820,#3821,#3822,#3823,#3824,#3825,#3826,#3827,#3828,#3829,#3830,#3831,#3832),
(#3833,#3834,#3835,#3836,#3837,#3838,#3839,#3840,#3841,#3842,#3843,#3844,#3845,#3846,#3847,#3848,#3849,#3850,#3851,#3852,#3853,#3854,#3855,#3856,#3857,#3858,
#3859,#3860,#3861,#3862,#3863,#3864,#3865,#3866,#3867,#3868,#3869,#3870,#3871,#3872,#3873,#3874,#3875,#3876,#3877,#3878,#3879,#3880,#3881),(#3882,#3883,#3884,#3885,#3886,#3887,#3888,#3889,#3890,#3891,#3892,#3893,#3894,#3895,#3896,#3897,#3898,#3899,#3900,#3901,#3902,#3903,#3904,#3905,#3906,#3907,
#3908,#3909,#3910,#3911,#3912,#3913,#3914,#3915,#3916,#3917,#3918,#3919,#3920,#3921,#3922,#3923,#3924,#3925,#3926,#3927,#3928,#3929,#3930),(#3931,#3932,#3933,#3934,#3935,#3936,#3937,#3938,#3939,#3940,#3941,#3942,#3943,#3944,#3945,#3946,#3947,#3948,#3949,#3950,#3951,#3952,#3953,#3954,#3955,#3956,
#3957,#3958,#3959,#3960,#3961,#3962,#3963,#3964,#3965,#3966,#3967,#3968,#3969,#3970,#3971,#3972,#3973,#3974,#3975,#3976,#3977,#3978,#3979),(#3980,#3981,#3982,#3983,#3984,#3985,#3986,#3987,#3988,#3989,#3990,#3991,#3992,#3993,#3994,#3995,#3996,#3997,#3998,#3999,#4000,#4001,#4002,#4003,#4004,#4005,
#4006,#4007,#4008,#4009,#4010,#4011,#4012,#4013,#4014,#4015,#4016,#4017,#4018,#4019,#4020,#4021,#4022,#4023,#4024,#4025,#4026,#4027,#4028),(#4029,#4030,#4031,#4032,#4033,#4034,#4035,#4036,#4037,#4038,#4039,#4040,#4041,#4042,#4043,#4044,#4045,#4046,#4047,#4048,#4049,#4050,#4051,#4052,#4053,#4054,
#4055,#4056,#4057,#4058,#4059,#4060,#4061,#4062,#4063,#4064,#4065,#4066,#4067,#4068,#4069,#4070,#4071,#4072,#4073,#4074,#4075,#4076,#4077),(#4078,#4079,#4080,#4081,#4082,#4083,#4084,#4085,#4086,#4087,#4088,#4089,#4090,#4091,#4092,#4093,#4094,#4095,#4096,#4097,#4098,#4099,#4100,#4101,#4102,#4103,
#4104,#4105,#4106,#4107,#4108,#4109,#4110,#4111,#4112,#4113,#4114,#4115,#4116,#4117,#4118,#4119,#4120,#4121,#4122,#4123,#4124,#4125,#4126),(#4127,#4128,#4129,#4130,#4131,#4132,#4133,#4134,#4135,#4136,#4137,#4138,#4139,#4140,#4141,#4142,#4143,#4144,#4145,#4146,#4147,#4148,#4149,#4150,#4151,#4152,
#4153,#4154,#4155,#4156,#4157,#4158,#4159,#4160,#4161,#4162,#4163,#4164,#4165,#4166,#4167,#4168,#4169,#4170,#4171,#4172,#4173,#4174,#4175),(#4176,#4177,#4178,#4179,#4180,#4181,#4182,#4183,#4184,#4185,#4186,#4187,#4188,#4189,#4190,#4191,#4192,#4193,#4194,#4195,#4196,#4197,#4198,#4199,#4200,#4201,
#4202,#4203,#4204,#4205,#4206,#4207,#4208,#4209,#4210,#4211,#4212,#4213,#4214,#4215,#4216,#4217,#4218,#4219,#4220,#4221,#4222,#4223,#4224),(#4225,#4226,#4227,#4228,#4229,#4230,#4231,#4232,#4233,#4234,#4235,#4236,#4237,#4238,#4239,#4240,#4241,#4242,#4243,#4244,#4245,#4246,#4247,#4248,#4249,#4250,
#4251,#4252,#4253,#4254,#4255,#4256,#4257,#4258,#4259,#4260,#4261,#4262,#4263,#4264,#4265,#4266,#4267,#4268,#4269,#4270,#4271,#4272,#4273),(#4274,#4275,#4276,#4277,#4278,#4279,#4280,#4281,#4282,#4283,#4284,#4285,#4286,#4287,#4288,#4289,#4290,#4291,#4292,#4293,#4294,#4295,#4296,#4297,#4298,#4299,
#4300,#4301,#4302,#4303,#4304,#4305,#4306,#4307,#4308,#4309,#4310,#4311,#4312,#4313,#4314,#4315,#4316,#4317,#4318,#4319,#4320,#4321,#4322),(#4323,#4324,#4325,#4326,#4327,#4328,#4329,#4330,#4331,#4332,#4333,#4334,#4335,#4336,#4337,#4338,#4339,#4340,#4341,#4342,#4343,#4344,#4345,#4346,#4347,#4348,
#4349,#4350,#4351,#4352,#4353,#4354,#4355,#4356,#4357,#4358,#4359,#4360,#4361,#4362,#4363,#4364,#4365,#4366,#4367,#4368,#4369,#4370,#4371),(#4372,#4373,#4374,#4375,#4376,#4377,#4378,#4379,#4380,#4381,#4382,#4383,#4384,#4385,#4386,#4387,#4388,#4389,#4390,#4391,#4392,#4393,#4394,#4395,#4396,#4397,
#4398,#4399,#4400,#4401,#4402,#4403,#4404,#4405,#4406,#4407,#4408,#4409,#4410,#4411,#4412,#4413,#4414,#4415,#4416,#4417,#4418,#4419,#4420),(#4421,#4422,#4423,#4424,#4425,#4426,#4427,#4428,#4429,#4430,#4431,#4432,#4433,#4434,#4435,#4436,#4437,#4438,#4439,#4440,#4441,#4442,#4443,#4444,#4445,#4446,
#4447,#4448,#4449,#4450,#4451,#4452,#4453,#4454,#4455,#4456,#4457,#4458,#4459,#4460,#4461,#4462,#4463,#4464,#4465,#4466,#4467,#4468,#4469),(#4470,#4471,#4472,#4473,#4474,#4475,#4476,#4477,#4478,#4479,#4480,#4481,#4482,#4483,#4484,#4485,#4486,#4487,#4488,#4489,#4490,#4491,#4492,#4493,#4494,#4495,
#4496,#4497,#4498,#4499,#4500,#4501,#4502,#4503,#4504,#4505,#4506,#4507,#4508,#4509,#4510,#4511,#4512,#4513,#4514,#4515,#4516,#4517,#4518),(#4519,#4520,#4521,#4522,#4523,#4524,#4525,#4526,#4527,#4528,#4529,#4530,#4531,#4532,#4533,#4534,#4535,#4536,#4537,#4538,#4539,#4540,#4541,#4542,#4543,#4544,
#4545,#4546,#4547,#4548,#4549,#4550,#4551,#4552,#4553,#4554,#4555,#4556,#4557,#4558,#4559,#4560,#4561,#4562,#4563,#4564,#4565,#4566,#4567),(#4568,#4569,#4570,#4571,#4572,#4573,#4574,#4575,#4576,#4577,#4578,#4579,#4580,#4581,#4582,#4583,#4584,#4585,#4586,#4587,#4588,#4589,#4590,#4591,#4592,#4593,
#4594,#4595,#4596,#4597,#4598,#4599,#4600,#4601,#4602,#4603,#4604,#4605,#4606,#4607,#4608,#4609,#4610,#4611,#4612,#4613,#4614,#4615,#4616),(#4617,#4618,#4619,#4620,#4621,#4622,#4623,#4624,#4625,#4626,#4627,#4628,#4629,#4630,#4631,#4632,#4633,#4634,#4635,#4636,#4637,#4638,#4639,#4640,#4641,#4642,
#4643,#4644,#4645,#4646,#4647,#4648,#4649,#4650,#4651,#4652,#4653,#4654,#4655,#4656,#4657,#4658,#4659,#4660,#4661,#4662,#4663,#4664,#4665),(#4666,#4667,#4668,#4669,#4670,#4671,#4672,#4673,#4674,#4675,#4676,#4677,#4678,#4679,#4680,#4681,#4682,#4683,#4684,#4685,#4686,#4687,#4688,#4689,#4690,#4691,
#4692,#4693,#4694,#4695,#4696,#4697,#4698,#4699,#4700,#4701,#4702,#4703,#4704,#4705,#4706,#4707,#4708,#4709,#4710,#4711,#4712,#4713,#4714),(#4715,#4716,#4717,#4718,#4719,#4720,#4721,#4722,#4723,#4724,#4725,#4726,#4727,#4728,#4729,#4730,#4731,#4732,#4733,#4734,#4735,#4736,#4737,#4738,#4739,#4740,
#4741,#4742,#4743,#4744,#4745,#4746,#4747,#4748,#4749,#4750,#4751,#4752,#4753,#4754,#4755,#4756,#4757,#4758,#4759,#4760,#4761,#4762,#4763),(#4764,#4765,#4766,#4767,#4768,#4769,#4770,#4771,#4772,#4773,#4774,#4775,#4776,#4777,#4778,#4779,#4780,#4781,#4782,#4783,#4784,#4785,#4786,#4787,#4788,#4789,
#4790,#4791,#4792,#4793,#4794,#4795,#4796,#4797,#4798,#4799,#4800,#4801,#4802,#4803,#4804,#4805,#4806,#4807,#4808,#4809,#4810,#4811,#4812),(#4813,#4814,#4815,#4816,#4817,#4818,#4819,#4820,#4821,#4822,#4823,#4824,#4825,#4826,#4827,#4828,#4829,#4830,#4831,#4832,#4833,#4834,#4835,#4836,#4837,#4838,
#4839,#4840,#4841,#4842,#4843,#4844,#4845,#4846,#4847,#4848,#4849,#4850,#4851,#4852,#4853,#4854,#4855,#4856,#4857,#4858,#4859,#4860,#4861),(#4862,#4863,#4864,#4865,#4866,#4867,#4868,#4869,#4870,#4871,#4872,#4873,#4874,#4875,#4876,#4877,#4878,#4879,#4880,#4881,#4882,#4883,#4884,#4885,#4886,#4887,
#4888,#4889,#4890,#4891,#4892,#4893,#4894,#4895,#4896,#4897,#4898,#4899,#4900,#4901,#4902,#4903,#4904,#4905,#4906,#4907,#4908,#4909,#4910),(#4911,#4912,#4913,#4914,#4915,#4916,#4917,#4918,#4919,#4920,#4921,#4922,#4923,#4924,#4925,#4926,#4927,#4928,#4929,#4930,#4931,#4932,#4933,#4934,#4935,#4936,
#4937,#4938,#4939,#4940,#4941,#4942,#4943,#4944,#4945,#4946,#4947,#4948,#4949,#4950,#4951,#4952,#4953,#4954,#4955,#4956,#4957,#4958,#4959),(#4960,#4961,#4962,#4963,#4964,#4965,#4966,#4967,#4968,#4969,#4970,#4971,#4972,#4973,#4974,#4975,#4976,#4977,#4978,#4979,#4980,#4981,#4982,#4983,#4984,#4985,
#4986,#4987,#4988,#4989,#4990,#4991,#4992,#4993,#4994,#4995,#4996,#4997,#4998,#4999,#5000,#5001,#5002,#5003,#5004,#5005,#5006,#5007,#5008),(#5009,#5010,#5011,#5012,#5013,#5014,#5015,#5016,#5017,#5018,#5019,#5020,#5021,#5022,#5023,#5024,#5025,#5026,#5027,#5028,#5029,#5030,#5031,#5032,#5033,#5034,
#5035,#5036,#5037,#5038,#5039,#5040,#5041,#5042,#5043,#5044,#5045,#5046,#5047,#5048,#5049,#5050,#5051,#5052,#5053,#5054,#5055,#5056,#5057),
(#5058,#5059,#5060,#5061,#5062,#5063,#5064,#5065,#5066,#5067,#5068,#5069,#5070,#5071,#5072,#5073,#5074,#5075,#5076,#5077,#5078,#5079,#5080,#5081,#5082,#5083,
#5084,#5085,#5086,#5087,#5088,#5089,#5090,#5091,#5092,#5093,#5094,#5095,#5096,#5097,#5098,#5099,#5100,#5101,#5102,#5103,#5104,#5105,#5106),(#5107,#5108,#5109,#5110,#5111,#5112,#5113,#5114,#5115,#5116,#5117,#5118,#5119,#5120,#5121,#5122,#5123,#5124,#5125,#5126,#5127,#5128,#5129,#5130,#5131,#5132,
#5133,#5134,#5135,#5136,#5137,#5138,#5139,#5140,#5141,#5142,#5143,#5144,#5145,#5146,#5147,#5148,#5149,#5150,#5151,#5152,#5153,#5154,#5155),(#5156,#5157,#5158,#5159,#5160,#5161,#5162,#5163,#5164,#5165,#5166,#5167,#5168,#5169,#5170,#5171,#5172,#5173,#5174,#5175,#5176,#5177,#5178,#5179,#5180,#5181,
#5182,#5183,#5184,#5185,#5186,#5187,#5188,#5189,#5190,#5191,#5192,#5193,#5194,#5195,#5196,#5197,#5198,#5199,#5200,#5201,#5202,#5203,#5204),(#5205,#5206,#5207,#5208,#5209,#5210,#5211,#5212,#5213,#5214,#5215,#5216,#5217,#5218,#5219,#5220,#5221,#5222,#5223,#5224,#5225,#5226,#5227,#5228,#5229,#5230,
#5231,#5232,#5233,#5234,#5235,#5236,#5237,#5238,#5239,#5240,#5241,#5242,#5243,#5244,#5245,#5246,#5247,#5248,#5249,#5250,#5251,#5252,#5253),(#5254,#5255,#5256,#5257,#5258,#5259,#5260,#5261,#5262,#5263,#5264,#5265,#5266,#5267,#5268,#5269,#5270,#5271,#5272,#5273,#5274,#5275,#5276,#5277,#5278,#5279,
#5280,#5281,#5282,#5283,#5284,#5285,#5286,#5287,#5288,#5289,#5290,#5291,#5292,#5293,#5294,#5295,#5296,#5297,#5298,#5299,#5300,#5301,#5302)),.UNSPECIFIED.,.F.,.F.,.U.,(4,2,2,2,2,2,2,2,2,2,1,2,2,1,2,2,2,2,2,2,2,1,2,1,2,1,
2,2,1,1,2,2,2,1,2,1,2,1,2,2,2,2,2,2,2,1,2,2,1,2,2,
2,2,2,2,2,2,2,4),(4,2,2,2,1,2,1,2,1,2,2,2,1,1,2,1,2,1,1,1,1,1,1,1,1,1,
1,1,1,1,1,1,2,2,4),(3.199698389,4.,5.,6.,7.,8.,9.,10.,11.,12.,13.,14.,15.,16.,17.,18.,19.,20.,21.,22.,23.,24.,25.,26.,27.,28.,
29.,30.,31.,32.,33.,34.,35.,36.,37.,38.,39.,40.,41.,42.,43.,44.,45.,46.,47.,48.,49.,50.,51.,52.,53.,
54.,55.,56.,57.,58.,59.,60.,60.799133234),(8.870342736,9.,10.,11.,12.,13.,14.,15.,16.,17.,18.,19.,20.,21.,22.,23.,24.,25.,26.,27.,28.,29.,30.,31.,32.,33.,
34.,35.,36.,37.,38.,39.,40.,41.,41.051598035),.UNSPECIFIED.);
#5304=ORIENTED_EDGE('',*,*,#86,.F.);
#5305=CARTESIAN_POINT('',(10.007461518,5.4,3.3));
#5306=VERTEX_POINT('',#5305);
#5307=CARTESIAN_POINT('',(10.193500449,4.65,2.55));
#5308=CARTESIAN_POINT('',(10.177102359,4.748965255,2.55));
#5309=CARTESIAN_POINT('',(10.159506236,4.845709506,2.569388352));
#5310=CARTESIAN_POINT('',(10.141455761,4.936251089,2.606775423));
#5311=CARTESIAN_POINT('',(10.132430524,4.981521881,2.625468958));
#5312=CARTESIAN_POINT('',(10.123449897,5.024448048,2.648335821));
#5313=CARTESIAN_POINT('',(10.114510601,5.065060388,2.675320183));
#5314=CARTESIAN_POINT('',(10.105571306,5.105672728,2.702304544));
#5315=CARTESIAN_POINT('',(10.096602956,5.144220788,2.73375864));
#5316=CARTESIAN_POINT('',(10.088036128,5.178838885,2.768182894));
#5317=CARTESIAN_POINT('',(10.070902472,5.248075078,2.837031402));
#5318=CARTESIAN_POINT('',(10.054731075,5.304182762,2.920347829));
#5319=CARTESIAN_POINT('',(10.041002594,5.341958405,3.010701597));
#5320=CARTESIAN_POINT('',(10.027274114,5.379734048,3.101055365));
#5321=CARTESIAN_POINT('',(10.015724517,5.4,3.200001604));
#5322=CARTESIAN_POINT('',(10.007461518,5.4,3.3));
#5323=B_SPLINE_CURVE_WITH_KNOTS('',3,(#5307,#5308,#5309,#5310,#5311,#5312,#5313,#5314,#5315,#5316,#5317,#5318,#5319,#5320,#5321,#5322),.UNSPECIFIED.,.F.,.F.,(4,3,3,3,3,4),(0.,0.000296648,0.000444971,0.000593295,0.000889943,0.00118659),.UNSPECIFIED.);
#5324=EDGE_CURVE('',#61,#5306,#5323,.T.);
#5325=ORIENTED_EDGE('',*,*,#5324,.T.);
#5326=CARTESIAN_POINT('',(9.182203089,5.4,8.102852941));
#5327=VERTEX_POINT('',#5326);
#5328=CARTESIAN_POINT('',(9.182203089,5.4,8.102852941));
#5329=CARTESIAN_POINT('',(9.595094758,5.4,6.525580631));
#5330=CARTESIAN_POINT('',(9.873173736,5.4,4.9251439));
#5331=CARTESIAN_POINT('',(10.007461518,5.4,3.3));
#5332=B_SPLINE_CURVE_WITH_KNOTS('',3,(#5328,#5329,#5330,#5331),.UNSPECIFIED.,.F.,.F.,(4,4),(0.,0.004873238),.UNSPECIFIED.);
#5333=EDGE_CURVE('',#5327,#5306,#5332,.T.);
#5334=ORIENTED_EDGE('',*,*,#5333,.F.);
#5335=CARTESIAN_POINT('',(9.078837148,5.122100702,8.685622988));
#5336=VERTEX_POINT('',#5335);
#5337=CARTESIAN_POINT('',(9.182203089,5.4,8.102852941));
#5338=CARTESIAN_POINT('',(9.167803912,5.4,8.157858709));
#5339=CARTESIAN_POINT('',(9.154644733,5.394021089,8.212143123));
#5340=CARTESIAN_POINT('',(9.142722876,5.382104341,8.265712495));
#5341=CARTESIAN_POINT('',(9.130801019,5.370187592,8.319281867));
#5342=CARTESIAN_POINT('',(9.120041698,5.351980856,8.372659818));
#5343=CARTESIAN_POINT('',(9.111098229,5.328333517,8.422796123));
#5344=CARTESIAN_POINT('',(9.093211291,5.28103884,8.523068732));
#5345=CARTESIAN_POINT('',(9.08190175,5.210511077,8.614001942));
#5346=CARTESIAN_POINT('',(9.078837148,5.122100702,8.685622988));
#5347=B_SPLINE_CURVE_WITH_KNOTS('',3,(#5337,#5338,#5339,#5340,#5341,#5342,#5343,#5344,#5345,#5346),.UNSPECIFIED.,.F.,.F.,(4,3,3,4),(0.,0.000168252,0.000336504,0.000673008),.UNSPECIFIED.);
#5348=EDGE_CURVE('',#5327,#5336,#5347,.T.);
#5349=ORIENTED_EDGE('',*,*,#5348,.T.);
#5350=CARTESIAN_POINT('',(9.078794485,-5.122100702,8.685622988));
#5351=VERTEX_POINT('',#5350);
#5352=CARTESIAN_POINT('',(9.078837148,5.122100702,8.685622988));
#5353=CARTESIAN_POINT('',(9.06628309,4.759930069,8.979016602));
#5354=CARTESIAN_POINT('',(9.055863257,4.377962567,9.237293269));
#5355=CARTESIAN_POINT('',(9.047175485,3.977023816,9.461905245));
#5356=CARTESIAN_POINT('',(9.038487712,3.576085064,9.686517222));
#5357=CARTESIAN_POINT('',(9.031524858,3.155681652,9.877639823));
#5358=CARTESIAN_POINT('',(9.026041316,2.716444492,10.033194293));
#5359=CARTESIAN_POINT('',(9.020557774,2.277207333,10.188748763));
#5360=CARTESIAN_POINT('',(9.016687599,1.830941832,10.304648063));
#5361=CARTESIAN_POINT('',(9.014119495,1.377931546,10.382483744));
#5362=CARTESIAN_POINT('',(9.01155139,0.924921259,10.460319425));
#5363=CARTESIAN_POINT('',(9.010284759,0.464150876,10.500090737));
#5364=CARTESIAN_POINT('',(9.010285716,-0.001588025,10.499999845));
#5365=CARTESIAN_POINT('',(9.010286673,-0.467326927,10.499908953));
#5366=CARTESIAN_POINT('',(9.011549627,-0.926573162,10.460131133));
#5367=CARTESIAN_POINT('',(9.014117181,-1.379577258,10.382200806));
#5368=CARTESIAN_POINT('',(9.015400958,-1.606079305,10.343235642));
#5369=CARTESIAN_POINT('',(9.017015438,-1.831011972,10.294678375));
#5370=CARTESIAN_POINT('',(9.018991958,-2.054354738,10.236404504));
#5371=CARTESIAN_POINT('',(9.020968479,-2.277697505,10.178130632));
#5372=CARTESIAN_POINT('',(9.023315351,-2.500088859,10.109911055));
#5373=CARTESIAN_POINT('',(9.026055577,-2.719418959,10.032140245));
#5374=CARTESIAN_POINT('',(9.031536028,-3.15807916,9.876598626));
#5375=CARTESIAN_POINT('',(9.038480413,-3.577248334,9.685916412));
#5376=CARTESIAN_POINT('',(9.04715703,-3.977710754,9.461520368));
#5377=CARTESIAN_POINT('',(9.055833646,-4.378173174,9.237124324));
#5378=CARTESIAN_POINT('',(9.066243349,-4.75993003,8.979016633));
#5379=CARTESIAN_POINT('',(9.078794485,-5.122100702,8.685622988));
#5380=B_SPLINE_CURVE_WITH_KNOTS('',3,(#5352,#5353,#5354,#5355,#5356,#5357,#5358,#5359,#5360,#5361,#5362,#5363,#5364,#5365,#5366,#5367,#5368,#5369,#5370,#5371,#5372,#5373,#5374,#5375,#5376,#5377,
#5378,#5379),.UNSPECIFIED.,.F.,.F.,(4,3,3,3,3,3,3,3,3,4),(0.,0.001378947,0.002757895,0.004136842,0.005515789,0.006894737,0.00758421,0.008273684,0.009652631,0.011031578),.UNSPECIFIED.);
#5381=EDGE_CURVE('',#5336,#5351,#5380,.T.);
#5382=ORIENTED_EDGE('',*,*,#5381,.T.);
#5383=CARTESIAN_POINT('',(9.182158373,-5.4,8.102852941));
#5384=VERTEX_POINT('',#5383);
#5385=CARTESIAN_POINT('',(9.078794485,-5.122100702,8.685622988));
#5386=CARTESIAN_POINT('',(9.080325953,-5.16629208,8.649823653));
#5387=CARTESIAN_POINT('',(9.083840132,-5.205524189,8.609824011));
#5388=CARTESIAN_POINT('',(9.08923999,-5.240042581,8.565832156));
#5389=CARTESIAN_POINT('',(9.094639848,-5.274560973,8.5218403));
#5390=CARTESIAN_POINT('',(9.10203862,-5.304434125,8.473377999));
#5391=CARTESIAN_POINT('',(9.110971676,-5.328115674,8.423257581));
#5392=CARTESIAN_POINT('',(9.128837789,-5.37547877,8.323016745));
#5393=CARTESIAN_POINT('',(9.153365144,-5.4,8.21284469));
#5394=CARTESIAN_POINT('',(9.182158373,-5.4,8.102852941));
#5395=B_SPLINE_CURVE_WITH_KNOTS('',3,(#5385,#5386,#5387,#5388,#5389,#5390,#5391,#5392,#5393,#5394),.UNSPECIFIED.,.F.,.F.,(4,3,3,4),(0.,0.000168192,0.000336384,0.000672768),.UNSPECIFIED.);
#5396=EDGE_CURVE('',#5351,#5384,#5395,.T.);
#5397=ORIENTED_EDGE('',*,*,#5396,.T.);
#5398=CARTESIAN_POINT('',(10.007418987,-5.4,3.3));
#5399=VERTEX_POINT('',#5398);
#5400=CARTESIAN_POINT('',(10.007418987,-5.4,3.3));
#5401=CARTESIAN_POINT('',(9.87313052,-5.4,4.925143971));
#5402=CARTESIAN_POINT('',(9.595050805,-5.4,6.5255807));
#5403=CARTESIAN_POINT('',(9.182158373,-5.4,8.102852941));
#5404=B_SPLINE_CURVE_WITH_KNOTS('',3,(#5400,#5401,#5402,#5403),.UNSPECIFIED.,.F.,.F.,(4,4),(0.,0.004873238),.UNSPECIFIED.);
#5405=EDGE_CURVE('',#5399,#5384,#5404,.T.);
#5406=ORIENTED_EDGE('',*,*,#5405,.F.);
#5407=CARTESIAN_POINT('',(10.007418987,-5.4,3.3));
#5408=CARTESIAN_POINT('',(10.011549891,-5.4,3.250008261));
#5409=CARTESIAN_POINT('',(10.01642833,-5.395052088,3.200941688));
#5410=CARTESIAN_POINT('',(10.022013238,-5.385403633,3.152753617));
#5411=CARTESIAN_POINT('',(10.027598147,-5.375755177,3.104565546));
#5412=CARTESIAN_POINT('',(10.033970209,-5.361168391,3.056756944));
#5413=CARTESIAN_POINT('',(10.040872406,-5.342201043,3.011282636));
#5414=CARTESIAN_POINT('',(10.047774603,-5.323233695,2.965808328));
#5415=CARTESIAN_POINT('',(10.055171668,-5.300061194,2.922743776));
#5416=CARTESIAN_POINT('',(10.06305425,-5.272750446,2.882050383));
#5417=CARTESIAN_POINT('',(10.070936832,-5.245439697,2.841356989));
#5418=CARTESIAN_POINT('',(10.079353996,-5.213743034,2.802935785));
#5419=CARTESIAN_POINT('',(10.087911457,-5.179178695,2.768521018));
#5420=CARTESIAN_POINT('',(10.105026381,-5.110050017,2.699691484));
#5421=CARTESIAN_POINT('',(10.123377725,-5.02669594,2.644214274));
#5422=CARTESIAN_POINT('',(10.141297131,-4.936853126,2.607024326));
#5423=CARTESIAN_POINT('',(10.159216537,-4.847010312,2.569834379));
#5424=CARTESIAN_POINT('',(10.177069165,-4.748941809,2.55));
#5425=CARTESIAN_POINT('',(10.193464149,-4.65,2.55));
#5426=B_SPLINE_CURVE_WITH_KNOTS('',3,(#5407,#5408,#5409,#5410,#5411,#5412,#5413,#5414,#5415,#5416,#5417,#5418,#5419,#5420,#5421,#5422,#5423,#5424,#5425),.UNSPECIFIED.,.F.,.F.,(4,3,3,3,3,3,4),(0.,0.00014832,0.000296639,0.000444959,0.000593278,0.000889917,0.001186556),.UNSPECIFIED.);
#5427=EDGE_CURVE('',#5399,#71,#5426,.T.);
#5428=ORIENTED_EDGE('',*,*,#5427,.T.);
#5429=EDGE_LOOP('',(#5304,#5325,#5334,#5349,#5382,#5397,#5406,#5428));
#5430=FACE_BOUND('',#5429,.T.);
#5431=ADVANCED_FACE('',(#5430),#5303,.T.);
#5432=CARTESIAN_POINT('',(3.8,5.4,4.966917752));
#5433=DIRECTION('',(0.,-1.,0.));
#5434=DIRECTION('',(0.,0.,-1.));
#5435=AXIS2_PLACEMENT_3D('',#5432,#5433,#5434);
#5436=PLANE('',#5435);
#5437=CARTESIAN_POINT('',(7.967356151,5.4,3.3));
#5438=VERTEX_POINT('',#5437);
#5439=CARTESIAN_POINT('',(7.104045372,5.4,8.102852941));
#5440=VERTEX_POINT('',#5439);
#5441=CARTESIAN_POINT('',(7.967356151,5.4,3.3));
#5442=CARTESIAN_POINT('',(7.824174299,5.4,4.923559564));
#5443=CARTESIAN_POINT('',(7.531958316,5.4,6.530244875));
#5444=CARTESIAN_POINT('',(7.104045372,5.4,8.102852941));
#5445=B_SPLINE_CURVE_WITH_KNOTS('',3,(#5441,#5442,#5443,#5444),.UNSPECIFIED.,.F.,.F.,(4,4),(0.,0.004884592),.UNSPECIFIED.);
#5446=EDGE_CURVE('',#5438,#5440,#5445,.T.);
#5447=ORIENTED_EDGE('',*,*,#5446,.T.);
#5448=CARTESIAN_POINT('',(9.182203089,5.4,8.102852941));
#5449=DIRECTION('',(-1.,-0.,0.));
#5450=VECTOR('',#5449,2.078157717);
#5451=LINE('',#5448,#5450);
#5452=EDGE_CURVE('',#5327,#5440,#5451,.T.);
#5453=ORIENTED_EDGE('',*,*,#5452,.F.);
#5454=ORIENTED_EDGE('',*,*,#5333,.T.);
#5455=CARTESIAN_POINT('',(7.967356151,5.4,3.3));
#5456=DIRECTION('',(1.,0.,-0.));
#5457=VECTOR('',#5456,2.040105367);
#5458=LINE('',#5455,#5457);
#5459=EDGE_CURVE('',#5438,#5306,#5458,.T.);
#5460=ORIENTED_EDGE('',*,*,#5459,.F.);
#5461=EDGE_LOOP('',(#5447,#5453,#5454,#5460));
#5462=FACE_BOUND('',#5461,.T.);
#5463=ADVANCED_FACE('',(#5462),#5436,.F.);
#5464=CARTESIAN_POINT('',(3.8,-0.,2.362804878));
#5465=DIRECTION('',(1.,0.,0.));
#5466=DIRECTION('',(0.,0.,-1.));
#5467=AXIS2_PLACEMENT_3D('',#5464,#5465,#5466);
#5468=CYLINDRICAL_SURFACE('',#5467,8.137195122);
#5469=CARTESIAN_POINT('',(6.996087806,-5.122100702,8.685622988));
#5470=VERTEX_POINT('',#5469);
#5471=CARTESIAN_POINT('',(9.078794485,-5.122100702,8.685622988));
#5472=DIRECTION('',(-1.,-0.,0.));
#5473=VECTOR('',#5472,2.082706679);
#5474=LINE('',#5471,#5473);
#5475=EDGE_CURVE('',#5351,#5470,#5474,.T.);
#5476=ORIENTED_EDGE('',*,*,#5475,.F.);
#5477=ORIENTED_EDGE('',*,*,#5381,.F.);
#5478=CARTESIAN_POINT('',(6.996131728,5.122100702,8.685622988));
#5479=VERTEX_POINT('',#5478);
#5480=CARTESIAN_POINT('',(6.996131728,5.122100702,8.685622988));
#5481=DIRECTION('',(1.,0.,-0.));
#5482=VECTOR('',#5481,2.082705419);
#5483=LINE('',#5480,#5482);
#5484=EDGE_CURVE('',#5479,#5336,#5483,.T.);
#5485=ORIENTED_EDGE('',*,*,#5484,.F.);
#5486=CARTESIAN_POINT('',(6.996087806,-5.122100702,8.685622988));
#5487=CARTESIAN_POINT('',(6.982435496,-4.759946251,8.979003493));
#5488=CARTESIAN_POINT('',(6.971129025,-4.377989643,9.237275724));
#5489=CARTESIAN_POINT('',(6.96171758,-3.977055845,9.461887302));
#5490=CARTESIAN_POINT('',(6.952306134,-3.576122047,9.68649888));
#5491=CARTESIAN_POINT('',(6.944781867,-3.155711105,9.87762752));
#5492=CARTESIAN_POINT('',(6.938865313,-2.716473532,10.033184008));
#5493=CARTESIAN_POINT('',(6.932948758,-2.277235959,10.188740497));
#5494=CARTESIAN_POINT('',(6.928783855,-1.830965764,10.304643074));
#5495=CARTESIAN_POINT('',(6.926023072,-1.377946616,10.382481154));
#5496=CARTESIAN_POINT('',(6.923262289,-0.924927468,10.460319234));
#5497=CARTESIAN_POINT('',(6.921904975,-0.464130921,10.50009203));
#5498=CARTESIAN_POINT('',(6.921910188,0.001610684,10.499999841));
#5499=CARTESIAN_POINT('',(6.921915401,0.467352289,10.499907652));
#5500=CARTESIAN_POINT('',(6.923276974,0.926604395,10.460128073));
#5501=CARTESIAN_POINT('',(6.926045268,1.37961704,10.382193962));
#5502=CARTESIAN_POINT('',(6.927429415,1.606123362,10.343226906));
#5503=CARTESIAN_POINT('',(6.929170272,1.831060974,10.294667241));
#5504=CARTESIAN_POINT('',(6.931302914,2.054409302,10.236390267));
#5505=CARTESIAN_POINT('',(6.933435556,2.277757631,10.178113292));
#5506=CARTESIAN_POINT('',(6.935969046,2.500161861,10.109887403));
#5507=CARTESIAN_POINT('',(6.938929553,2.719488338,10.032115644));
#5508=CARTESIAN_POINT('',(6.944850567,3.158141293,9.876572128));
#5509=CARTESIAN_POINT('',(6.952362054,3.57730137,9.685889776));
#5510=CARTESIAN_POINT('',(6.96176828,3.977752342,9.461497065));
#5511=CARTESIAN_POINT('',(6.971174506,4.378203313,9.237104353));
#5512=CARTESIAN_POINT('',(6.982476445,4.75994634,8.97900342));
#5513=CARTESIAN_POINT('',(6.996131728,5.122100702,8.685622988));
#5514=B_SPLINE_CURVE_WITH_KNOTS('',3,(#5486,#5487,#5488,#5489,#5490,#5491,#5492,#5493,#5494,#5495,#5496,#5497,#5498,#5499,#5500,#5501,#5502,#5503,#5504,#5505,#5506,#5507,#5508,#5509,#5510,#5511,
#5512,#5513),.UNSPECIFIED.,.F.,.F.,(4,3,3,3,3,3,3,3,3,4),(0.,0.001378976,0.002757953,0.004136929,0.005515906,0.006894882,0.00758437,0.008273859,0.009652835,0.011031811),.UNSPECIFIED.);
#5515=EDGE_CURVE('',#5470,#5479,#5514,.T.);
#5516=ORIENTED_EDGE('',*,*,#5515,.F.);
#5517=EDGE_LOOP('',(#5476,#5477,#5485,#5516));
#5518=FACE_BOUND('',#5517,.T.);
#5519=ADVANCED_FACE('',(#5518),#5468,.T.);
#5520=CARTESIAN_POINT('',(3.8,-5.4,4.966917752));
#5521=DIRECTION('',(0.,1.,0.));
#5522=DIRECTION('',(0.,0.,-1.));
#5523=AXIS2_PLACEMENT_3D('',#5520,#5521,#5522);
#5524=PLANE('',#5523);
#5525=CARTESIAN_POINT('',(7.103999355,-5.4,8.102852941));
#5526=VERTEX_POINT('',#5525);
#5527=CARTESIAN_POINT('',(7.967312545,-5.4,3.3));
#5528=VERTEX_POINT('',#5527);
#5529=CARTESIAN_POINT('',(7.103999355,-5.4,8.102852941));
#5530=CARTESIAN_POINT('',(7.531913447,-5.4,6.530243897));
#5531=CARTESIAN_POINT('',(7.824130039,-5.4,4.923560346));
#5532=CARTESIAN_POINT('',(7.967312545,-5.4,3.3));
#5533=B_SPLINE_CURVE_WITH_KNOTS('',3,(#5529,#5530,#5531,#5532),.UNSPECIFIED.,.F.,.F.,(4,4),(0.,0.004884818),.UNSPECIFIED.);
#5534=EDGE_CURVE('',#5526,#5528,#5533,.T.);
#5535=ORIENTED_EDGE('',*,*,#5534,.T.);
#5536=CARTESIAN_POINT('',(10.007418987,-5.4,3.3));
#5537=DIRECTION('',(-1.,-0.,0.));
#5538=VECTOR('',#5537,2.040106442);
#5539=LINE('',#5536,#5538);
#5540=EDGE_CURVE('',#5399,#5528,#5539,.T.);
#5541=ORIENTED_EDGE('',*,*,#5540,.F.);
#5542=ORIENTED_EDGE('',*,*,#5405,.T.);
#5543=CARTESIAN_POINT('',(7.103999355,-5.4,8.102852941));
#5544=DIRECTION('',(1.,0.,-0.));
#5545=VECTOR('',#5544,2.078159018);
#5546=LINE('',#5543,#5545);
#5547=EDGE_CURVE('',#5526,#5384,#5546,.T.);
#5548=ORIENTED_EDGE('',*,*,#5547,.F.);
#5549=EDGE_LOOP('',(#5535,#5541,#5542,#5548));
#5550=FACE_BOUND('',#5549,.T.);
#5551=ADVANCED_FACE('',(#5550),#5524,.F.);
#5552=CARTESIAN_POINT('',(3.8,-4.65,8.102852941));
#5553=DIRECTION('',(1.,0.,0.));
#5554=DIRECTION('',(0.,0.,-1.));
#5555=AXIS2_PLACEMENT_3D('',#5552,#5553,#5554);
#5556=CYLINDRICAL_SURFACE('',#5555,0.75);
#5557=ORIENTED_EDGE('',*,*,#5547,.T.);
#5558=ORIENTED_EDGE('',*,*,#5396,.F.);
#5559=ORIENTED_EDGE('',*,*,#5475,.T.);
#5560=CARTESIAN_POINT('',(7.103999355,-5.4,8.102852941));
#5561=CARTESIAN_POINT('',(7.089052888,-5.4,8.157782073));
#5562=CARTESIAN_POINT('',(7.075376045,-5.394037583,8.212011579));
#5563=CARTESIAN_POINT('',(7.062969091,-5.382141283,8.265546339));
#5564=CARTESIAN_POINT('',(7.050562138,-5.370244983,8.319081098));
#5565=CARTESIAN_POINT('',(7.039345833,-5.352062228,8.37244836));
#5566=CARTESIAN_POINT('',(7.030004609,-5.328429162,8.422593261));
#5567=CARTESIAN_POINT('',(7.01132216,-5.281163031,8.522883062));
#5568=CARTESIAN_POINT('',(6.999424602,-5.210615788,8.613917116));
#5569=CARTESIAN_POINT('',(6.996087806,-5.122100702,8.685622988));
#5570=B_SPLINE_CURVE_WITH_KNOTS('',3,(#5560,#5561,#5562,#5563,#5564,#5565,#5566,#5567,#5568,#5569),.UNSPECIFIED.,.F.,.F.,(4,3,3,4),(0.,0.000168457,0.000336914,0.000673828),.UNSPECIFIED.);
#5571=EDGE_CURVE('',#5526,#5470,#5570,.T.);
#5572=ORIENTED_EDGE('',*,*,#5571,.F.);
#5573=EDGE_LOOP('',(#5557,#5558,#5559,#5572));
#5574=FACE_BOUND('',#5573,.T.);
#5575=ADVANCED_FACE('',(#5574),#5556,.T.);
#5576=CARTESIAN_POINT('',(3.8,4.65,3.3));
#5577=DIRECTION('',(-1.,0.,0.));
#5578=DIRECTION('',(0.,0.,1.));
#5579=AXIS2_PLACEMENT_3D('',#5576,#5577,#5578);
#5580=CYLINDRICAL_SURFACE('',#5579,0.75);
#5581=ORIENTED_EDGE('',*,*,#5459,.T.);
#5582=ORIENTED_EDGE('',*,*,#5324,.F.);
#5583=ORIENTED_EDGE('',*,*,#68,.T.);
#5584=CARTESIAN_POINT('',(7.967356151,5.4,3.3));
#5585=CARTESIAN_POINT('',(7.971767113,5.4,3.249983476));
#5586=CARTESIAN_POINT('',(7.976941296,5.395047275,3.200899925));
#5587=CARTESIAN_POINT('',(7.98283585,5.385393198,3.152701512));
#5588=CARTESIAN_POINT('',(7.988730405,5.375739121,3.104503099));
#5589=CARTESIAN_POINT('',(7.995429667,5.361146112,3.056691511));
#5590=CARTESIAN_POINT('',(8.002663138,5.342173907,3.011217587));
#5591=CARTESIAN_POINT('',(8.009896608,5.323201702,2.965743662));
#5592=CARTESIAN_POINT('',(8.017627728,5.300026006,2.922684079));
#5593=CARTESIAN_POINT('',(8.025846677,5.272715874,2.881998875));
#5594=CARTESIAN_POINT('',(8.034065626,5.245405742,2.841313671));
#5595=CARTESIAN_POINT('',(8.042823208,5.213712977,2.802902676));
#5596=CARTESIAN_POINT('',(8.051709965,5.179154097,2.768496527));
#5597=CARTESIAN_POINT('',(8.069483478,5.110036336,2.69968423));
#5598=CARTESIAN_POINT('',(8.088473882,5.026703527,2.644220316));
#5599=CARTESIAN_POINT('',(8.106960196,4.936872206,2.607032225));
#5600=CARTESIAN_POINT('',(8.125446509,4.847040885,2.569844134));
#5601=CARTESIAN_POINT('',(8.143806806,4.748970602,2.55));
#5602=CARTESIAN_POINT('',(8.160610519,4.65,2.55));
#5603=B_SPLINE_CURVE_WITH_KNOTS('',3,(#5584,#5585,#5586,#5587,#5588,#5589,#5590,#5591,#5592,#5593,#5594,#5595,#5596,#5597,#5598,#5599,#5600,#5601,#5602),.UNSPECIFIED.,.F.,.F.,(4,3,3,3,3,3,4),(0.,0.000148461,0.000296922,0.000445382,0.000593843,0.000890765,0.001187687),.UNSPECIFIED.);
#5604=EDGE_CURVE('',#5438,#63,#5603,.T.);
#5605=ORIENTED_EDGE('',*,*,#5604,.F.);
#5606=EDGE_LOOP('',(#5581,#5582,#5583,#5605));
#5607=FACE_BOUND('',#5606,.T.);
#5608=ADVANCED_FACE('',(#5607),#5580,.T.);
#5609=CARTESIAN_POINT('',(3.8,4.65,8.102852941));
#5610=DIRECTION('',(1.,0.,0.));
#5611=DIRECTION('',(0.,0.,-1.));
#5612=AXIS2_PLACEMENT_3D('',#5609,#5610,#5611);
#5613=CYLINDRICAL_SURFACE('',#5612,0.75);
#5614=ORIENTED_EDGE('',*,*,#5484,.T.);
#5615=ORIENTED_EDGE('',*,*,#5348,.F.);
#5616=ORIENTED_EDGE('',*,*,#5452,.T.);
#5617=CARTESIAN_POINT('',(6.996131728,5.122100702,8.685622988));
#5618=CARTESIAN_POINT('',(6.997799932,5.166343406,8.649782073));
#5619=CARTESIAN_POINT('',(7.001525087,5.205606192,8.609738815));
#5620=CARTESIAN_POINT('',(7.007204318,5.240141348,8.565706255));
#5621=CARTESIAN_POINT('',(7.012883549,5.274676504,8.521673694));
#5622=CARTESIAN_POINT('',(7.020633692,5.304545171,8.473182143));
#5623=CARTESIAN_POINT('',(7.02996467,5.328212552,8.423052464));
#5624=CARTESIAN_POINT('',(7.048626627,5.375547313,8.322793106));
#5625=CARTESIAN_POINT('',(7.074158236,5.4,8.212690114));
#5626=CARTESIAN_POINT('',(7.104045372,5.4,8.102852941));
#5627=B_SPLINE_CURVE_WITH_KNOTS('',3,(#5617,#5618,#5619,#5620,#5621,#5622,#5623,#5624,#5625,#5626),.UNSPECIFIED.,.F.,.F.,(4,3,3,4),(0.,0.000168393,0.000336786,0.000673572),.UNSPECIFIED.);
#5628=EDGE_CURVE('',#5479,#5440,#5627,.T.);
#5629=ORIENTED_EDGE('',*,*,#5628,.F.);
#5630=EDGE_LOOP('',(#5614,#5615,#5616,#5629));
#5631=FACE_BOUND('',#5630,.T.);
#5632=ADVANCED_FACE('',(#5631),#5613,.T.);
#5633=CARTESIAN_POINT('',(3.8,-4.65,3.3));
#5634=DIRECTION('',(-1.,0.,0.));
#5635=DIRECTION('',(0.,0.,1.));
#5636=AXIS2_PLACEMENT_3D('',#5633,#5634,#5635);
#5637=CYLINDRICAL_SURFACE('',#5636,0.75);
#5638=ORIENTED_EDGE('',*,*,#94,.T.);
#5639=ORIENTED_EDGE('',*,*,#5427,.F.);
#5640=ORIENTED_EDGE('',*,*,#5540,.T.);
#5641=CARTESIAN_POINT('',(8.160573323,-4.65,2.55));
#5642=CARTESIAN_POINT('',(8.143764685,-4.748994907,2.55));
#5643=CARTESIAN_POINT('',(8.125667894,-4.845737363,2.569396639));
#5644=CARTESIAN_POINT('',(8.107044127,-4.936272129,2.606784111));
#5645=CARTESIAN_POINT('',(8.097732244,-4.981539512,2.625477848));
#5646=CARTESIAN_POINT('',(8.088452216,-5.024458898,2.648342863));
#5647=CARTESIAN_POINT('',(8.07920063,-5.065062167,2.675321364));
#5648=CARTESIAN_POINT('',(8.069949045,-5.105665435,2.702299866));
#5649=CARTESIAN_POINT('',(8.060651961,-5.144204842,2.73374547));
#5650=CARTESIAN_POINT('',(8.051754776,-5.178818126,2.768162253));
#5651=CARTESIAN_POINT('',(8.033960405,-5.248044694,2.836995818));
#5652=CARTESIAN_POINT('',(8.01709963,-5.304148097,2.920287511));
#5653=CARTESIAN_POINT('',(8.002712059,-5.341932658,3.010640023));
#5654=CARTESIAN_POINT('',(7.988324487,-5.379717219,3.100992534));
#5655=CARTESIAN_POINT('',(7.976135856,-5.4,3.199951732));
#5656=CARTESIAN_POINT('',(7.967312545,-5.4,3.3));
#5657=B_SPLINE_CURVE_WITH_KNOTS('',3,(#5641,#5642,#5643,#5644,#5645,#5646,#5647,#5648,#5649,#5650,#5651,#5652,#5653,#5654,#5655,#5656),.UNSPECIFIED.,.F.,.F.,(4,3,3,3,3,4),(0.,0.000296931,0.000445397,0.000593863,0.000890794,0.001187726),.UNSPECIFIED.);
#5658=EDGE_CURVE('',#89,#5528,#5657,.T.);
#5659=ORIENTED_EDGE('',*,*,#5658,.F.);
#5660=EDGE_LOOP('',(#5638,#5639,#5640,#5659));
#5661=FACE_BOUND('',#5660,.T.);
#5662=ADVANCED_FACE('',(#5661),#5637,.T.);
#5663=CARTESIAN_POINT('',(8.032515719,5.400043935,2.380395933));
#5664=CARTESIAN_POINT('',(8.028114961,5.400043935,2.462533131));
#5665=CARTESIAN_POINT('',(8.023341049,5.400043935,2.544549083));
#5666=CARTESIAN_POINT('',(8.011858542,5.400043935,2.727341986));
#5667=CARTESIAN_POINT('',(8.004958066,5.400043935,2.828056592));
#5668=CARTESIAN_POINT('',(7.993771053,5.400043935,2.97885677));
#5669=CARTESIAN_POINT('',(7.982165895,5.400043935,3.129521084));
#5670=CARTESIAN_POINT('',(7.969311752,5.400043935,3.279779577));
#5671=CARTESIAN_POINT('',(7.951072328,5.400043935,3.479766641));
#5672=CARTESIAN_POINT('',(7.941402332,5.400043935,3.579581375));
#5673=CARTESIAN_POINT('',(7.920971334,5.400043935,3.778856353));
#5674=CARTESIAN_POINT('',(7.91021033,5.400043935,3.878316595));
#5675=CARTESIAN_POINT('',(7.893257668,5.400043935,4.0272434));
#5676=CARTESIAN_POINT('',(7.887471589,5.400043935,4.076841742));
#5677=CARTESIAN_POINT('',(7.869709542,5.400043935,4.225505562));
#5678=CARTESIAN_POINT('',(7.857329761,5.400043935,4.324439833));
#5679=CARTESIAN_POINT('',(7.837959483,5.400043935,4.472581106));
#5680=CARTESIAN_POINT('',(7.831369289,5.400043935,4.521918175));
#5681=CARTESIAN_POINT('',(7.811200146,5.400043935,4.669799882));
#5682=CARTESIAN_POINT('',(7.790233878,5.400043935,4.817422588));
#5683=CARTESIAN_POINT('',(7.753314605,5.400043935,5.062818552));
#5684=CARTESIAN_POINT('',(7.722205664,5.400043935,5.258624056));
#5685=CARTESIAN_POINT('',(7.697704072,5.400043935,5.405098065));
#5686=CARTESIAN_POINT('',(7.672814212,5.400043935,5.551445918));
#5687=CARTESIAN_POINT('',(7.647147825,5.400043935,5.697541461));
#5688=CARTESIAN_POINT('',(7.602446038,5.400043935,5.940408735));
#5689=CARTESIAN_POINT('',(7.565151735,5.400043935,6.134204493));
#5690=CARTESIAN_POINT('',(7.516634398,5.400043935,6.375832018));
#5691=CARTESIAN_POINT('',(7.476307572,5.400043935,6.56864245));
#5692=CARTESIAN_POINT('',(7.444937584,5.400043935,6.712884782));
#5693=CARTESIAN_POINT('',(7.413194266,5.400043935,6.85700581));
#5694=CARTESIAN_POINT('',(7.36987431,5.400043935,7.048843715));
#5695=CARTESIAN_POINT('',(7.32458055,5.400043935,7.240040292));
#5696=CARTESIAN_POINT('',(7.278308449,5.400043935,7.430918986));
#5697=CARTESIAN_POINT('',(7.231058003,5.400043935,7.621479797));
#5698=CARTESIAN_POINT('',(7.157272732,5.400043935,7.906375627));
#5699=CARTESIAN_POINT('',(7.106159616,5.400043935,8.095681379));
#5700=CARTESIAN_POINT('',(7.054093346,5.400043935,8.284677434));
#5701=CARTESIAN_POINT('',(7.027583638,5.400043935,8.379020614));
#5702=CARTESIAN_POINT('',(6.97361931,5.400043935,8.567399951));
#5703=CARTESIAN_POINT('',(6.946164692,5.400043935,8.661436111));
#5704=CARTESIAN_POINT('',(6.890318705,5.400043935,8.849204061));
#5705=CARTESIAN_POINT('',(6.847731654,5.400043935,8.989801749));
#5706=CARTESIAN_POINT('',(6.775011981,5.400043935,9.223565458));
#5707=CARTESIAN_POINT('',(6.700558572,5.400043935,9.456765844));
#5708=CARTESIAN_POINT('',(6.623813433,5.400043935,9.6892216));
#5709=CARTESIAN_POINT('',(6.545364268,5.400043935,9.921123686));
#5710=CARTESIAN_POINT('',(6.476598101,5.400043935,10.119625624));
#5711=CARTESIAN_POINT('',(6.422647221,5.400043935,10.271462989));
#5712=CARTESIAN_POINT('',(6.401306988,5.400043935,10.33093949));
#5713=CARTESIAN_POINT('',(8.042195493,5.350083302,2.383541082));
#5714=CARTESIAN_POINT('',(8.037793548,5.350083302,2.465677894));
#5715=CARTESIAN_POINT('',(8.033018477,5.350083302,2.54769347));
#5716=CARTESIAN_POINT('',(8.021533446,5.350083302,2.730485553));
#5717=CARTESIAN_POINT('',(8.014631619,5.350083302,2.83119972));
#5718=CARTESIAN_POINT('',(8.003442643,5.350083302,2.98199926));
#5719=CARTESIAN_POINT('',(7.991835554,5.350083302,3.132662947));
#5720=CARTESIAN_POINT('',(7.978979575,5.350083302,3.282920844));
#5721=CARTESIAN_POINT('',(7.960737788,5.350083302,3.482907139));
#5722=CARTESIAN_POINT('',(7.951066653,5.350083302,3.582721503));
#5723=CARTESIAN_POINT('',(7.93063346,5.350083302,3.781995768));
#5724=CARTESIAN_POINT('',(7.9198714,5.350083302,3.881455667));
#5725=CARTESIAN_POINT('',(7.902917217,5.350083302,4.030381978));
#5726=CARTESIAN_POINT('',(7.897130642,5.350083302,4.079980159));
#5727=CARTESIAN_POINT('',(7.879367137,5.350083302,4.228643505));
#5728=CARTESIAN_POINT('',(7.866986425,5.350083302,4.327577474));
#5729=CARTESIAN_POINT('',(7.847614816,5.350083302,4.475718314));
#5730=CARTESIAN_POINT('',(7.841024188,5.350083302,4.525055242));
#5731=CARTESIAN_POINT('',(7.820853775,5.350083302,4.672936536));
#5732=CARTESIAN_POINT('',(7.7998863,5.350083302,4.82055885));
#5733=CARTESIAN_POINT('',(7.76296517,5.350083302,5.065954211));
#5734=CARTESIAN_POINT('',(7.731854868,5.350083302,5.261759273));
#5735=CARTESIAN_POINT('',(7.70735235,5.350083302,5.408232981));
#5736=CARTESIAN_POINT('',(7.682461592,5.350083302,5.554580542));
#5737=CARTESIAN_POINT('',(7.656794371,5.350083302,5.700675814));
#5738=CARTESIAN_POINT('',(7.61209135,5.350083302,5.943542687));
#5739=CARTESIAN_POINT('',(7.574796183,5.350083302,6.137338164));
#5740=CARTESIAN_POINT('',(7.52627792,5.350083302,6.378965388));
#5741=CARTESIAN_POINT('',(7.485950477,5.350083302,6.57177562));
#5742=CARTESIAN_POINT('',(7.454580119,5.350083302,6.716017831));
#5743=CARTESIAN_POINT('',(7.422836463,5.350083302,6.86013875));
#5744=CARTESIAN_POINT('',(7.379516137,5.350083302,7.051976535));
#5745=CARTESIAN_POINT('',(7.334222172,5.350083302,7.243173045));
#5746=CARTESIAN_POINT('',(7.287949949,5.350083302,7.434051699));
#5747=CARTESIAN_POINT('',(7.240699463,5.350083302,7.624612497));
#5748=CARTESIAN_POINT('',(7.166914378,5.350083302,7.909508387));
#5749=CARTESIAN_POINT('',(7.11580155,5.350083302,8.098814233));
#5750=CARTESIAN_POINT('',(7.063735652,5.350083302,8.287810409));
#5751=CARTESIAN_POINT('',(7.03722617,5.350083302,8.382153662));
#5752=CARTESIAN_POINT('',(6.983262379,5.350083302,8.570533174));
#5753=CARTESIAN_POINT('',(6.955808069,5.350083302,8.664569434));
#5754=CARTESIAN_POINT('',(6.899962784,5.350083302,8.852337613));
#5755=CARTESIAN_POINT('',(6.857376321,5.350083302,8.992935491));
#5756=CARTESIAN_POINT('',(6.784657781,5.350083302,9.226699569));
#5757=CARTESIAN_POINT('',(6.710205662,5.350083302,9.459900373));
#5758=CARTESIAN_POINT('',(6.633462019,5.350083302,9.692356616));
#5759=CARTESIAN_POINT('',(6.555014504,5.350083302,9.924259238));
#5760=CARTESIAN_POINT('',(6.486249888,5.350083302,10.12276168));
#5761=CARTESIAN_POINT('',(6.432300309,5.350083302,10.274599468));
#5762=CARTESIAN_POINT('',(6.410960604,5.350083302,10.33407614));
#5763=CARTESIAN_POINT('',(8.051739758,5.300122669,2.386642201));
#5764=CARTESIAN_POINT('',(8.047336642,5.300122669,2.468778633));
#5765=CARTESIAN_POINT('',(8.042560428,5.300122669,2.550793838));
#5766=CARTESIAN_POINT('',(8.03107291,5.300122669,2.733585113));
#5767=CARTESIAN_POINT('',(8.024169751,5.300122669,2.834298846));
#5768=CARTESIAN_POINT('',(8.01297884,5.300122669,2.985097758));
#5769=CARTESIAN_POINT('',(8.001369847,5.300122669,3.135760826));
#5770=CARTESIAN_POINT('',(7.988512059,5.300122669,3.286018135));
#5771=CARTESIAN_POINT('',(7.970267942,5.300122669,3.486003674));
#5772=CARTESIAN_POINT('',(7.960595684,5.300122669,3.585817673));
#5773=CARTESIAN_POINT('',(7.940160326,5.300122669,3.785091234));
#5774=CARTESIAN_POINT('',(7.929397226,5.300122669,3.884550796));
#5775=CARTESIAN_POINT('',(7.912441545,5.300122669,4.03347662));
#5776=CARTESIAN_POINT('',(7.906654481,5.300122669,4.083074642));
#5777=CARTESIAN_POINT('',(7.888889537,5.300122669,4.23173752));
#5778=CARTESIAN_POINT('',(7.87650791,5.300122669,4.330671192));
#5779=CARTESIAN_POINT('',(7.857134987,5.300122669,4.478811605));
#5780=CARTESIAN_POINT('',(7.850543932,5.300122669,4.528148394));
#5781=CARTESIAN_POINT('',(7.830372266,5.300122669,4.676029282));
#5782=CARTESIAN_POINT('',(7.809403601,5.300122669,4.823651208));
#5783=CARTESIAN_POINT('',(7.772480641,5.300122669,5.069045975));
#5784=CARTESIAN_POINT('',(7.741368998,5.300122669,5.264850601));
#5785=CARTESIAN_POINT('',(7.716865566,5.300122669,5.411324012));
#5786=CARTESIAN_POINT('',(7.691973925,5.300122669,5.557671286));
#5787=CARTESIAN_POINT('',(7.666305882,5.300122669,5.703766291));
#5788=CARTESIAN_POINT('',(7.621601643,5.300122669,5.946632768));
#5789=CARTESIAN_POINT('',(7.584305624,5.300122669,6.140427969));
#5790=CARTESIAN_POINT('',(7.535786449,5.300122669,6.382054897));
#5791=CARTESIAN_POINT('',(7.495458398,5.300122669,6.57486493));
#5792=CARTESIAN_POINT('',(7.464087675,5.300122669,6.719107023));
#5793=CARTESIAN_POINT('',(7.432343685,5.300122669,6.863227834));
#5794=CARTESIAN_POINT('',(7.389022995,5.300122669,7.0550655));
#5795=CARTESIAN_POINT('',(7.343728828,5.300122669,7.246261945));
#5796=CARTESIAN_POINT('',(7.297456484,5.300122669,7.437140559));
#5797=CARTESIAN_POINT('',(7.250205959,5.300122669,7.627701345));
#5798=CARTESIAN_POINT('',(7.176421057,5.300122669,7.912597295));
#5799=CARTESIAN_POINT('',(7.125308514,5.300122669,8.101903233));
#5800=CARTESIAN_POINT('',(7.073242982,5.300122669,8.290899528));
#5801=CARTESIAN_POINT('',(7.046733724,5.300122669,8.385242854));
#5802=CARTESIAN_POINT('',(6.992770461,5.300122669,8.573622537));
#5803=CARTESIAN_POINT('',(6.965316456,5.300122669,8.667658896));
#5804=CARTESIAN_POINT('',(6.909471862,5.300122669,8.8554273));
#5805=CARTESIAN_POINT('',(6.866885978,5.300122669,8.996025366));
#5806=CARTESIAN_POINT('',(6.794168556,5.300122669,9.229789807));
#5807=CARTESIAN_POINT('',(6.719717707,5.300122669,9.462991024));
#5808=CARTESIAN_POINT('',(6.642975539,5.300122669,9.695447746));
#5809=CARTESIAN_POINT('',(6.564529652,5.300122669,9.927350897));
#5810=CARTESIAN_POINT('',(6.495766564,5.300122669,10.125853836));
#5811=CARTESIAN_POINT('',(6.441818268,5.300122669,10.27769204));
#5812=CARTESIAN_POINT('',(6.420479083,5.300122669,10.337168881));
#5813=CARTESIAN_POINT('',(8.084689515,5.125160785,2.397348227));
#5814=CARTESIAN_POINT('',(8.08028236,5.125160785,2.479483346));
#5815=CARTESIAN_POINT('',(8.075502203,5.125160785,2.56149727));
#5816=CARTESIAN_POINT('',(8.064006099,5.125160785,2.744285755));
#5817=CARTESIAN_POINT('',(8.057098337,5.125160785,2.844997993));
#5818=CARTESIAN_POINT('',(8.045900756,5.125160785,2.995794737));
#5819=CARTESIAN_POINT('',(8.034285189,5.125160785,3.146455669));
#5820=CARTESIAN_POINT('',(8.021421157,5.125160785,3.296710949));
#5821=CARTESIAN_POINT('',(8.003169001,5.125160785,3.496693876));
#5822=CARTESIAN_POINT('',(7.993492867,5.125160785,3.596506616));
#5823=CARTESIAN_POINT('',(7.973050034,5.125160785,3.795777748));
#5824=CARTESIAN_POINT('',(7.962283342,5.125160785,3.895236142));
#5825=CARTESIAN_POINT('',(7.945322494,5.125160785,4.044160288));
#5826=CARTESIAN_POINT('',(7.939533739,5.125160785,4.09375776));
#5827=CARTESIAN_POINT('',(7.921763834,5.125160785,4.242419027));
#5828=CARTESIAN_POINT('',(7.909379044,5.125160785,4.341351671));
#5829=CARTESIAN_POINT('',(7.890001587,5.125160785,4.489490611));
#5830=CARTESIAN_POINT('',(7.883409057,5.125160785,4.538826921));
#5831=CARTESIAN_POINT('',(7.863233067,5.125160785,4.686706403));
#5832=CARTESIAN_POINT('',(7.842260299,5.125160785,4.834326996));
#5833=CARTESIAN_POINT('',(7.805331017,5.125160785,5.079719709));
#5834=CARTESIAN_POINT('',(7.77421475,5.125160785,5.275522833));
#5835=CARTESIAN_POINT('',(7.749708159,5.125160785,5.421995217));
#5836=CARTESIAN_POINT('',(7.724813474,5.125160785,5.568341503));
#5837=CARTESIAN_POINT('',(7.699142589,5.125160785,5.714435584));
#5838=CARTESIAN_POINT('',(7.654434149,5.125160785,5.957300696));
#5839=CARTESIAN_POINT('',(7.61713519,5.125160785,6.151094941));
#5840=CARTESIAN_POINT('',(7.568612866,5.125160785,6.392720846));
#5841=CARTESIAN_POINT('',(7.528282717,5.125160785,6.585530198));
#5842=CARTESIAN_POINT('',(7.496910734,5.125160785,6.729771882));
#5843=CARTESIAN_POINT('',(7.465165594,5.125160785,6.873892318));
#5844=CARTESIAN_POINT('',(7.421843646,5.125160785,7.065729576));
#5845=CARTESIAN_POINT('',(7.376548783,5.125160785,7.256925794));
#5846=CARTESIAN_POINT('',(7.330276018,5.125160785,7.447804272));
#5847=CARTESIAN_POINT('',(7.283025358,5.125160785,7.638365014));
#5848=CARTESIAN_POINT('',(7.20924109,5.125160785,7.92326117));
#5849=CARTESIAN_POINT('',(7.158129528,5.125160785,8.112567427));
#5850=CARTESIAN_POINT('',(7.106065264,5.125160785,8.301564134));
#5851=CARTESIAN_POINT('',(7.079556776,5.125160785,8.39590771));
#5852=CARTESIAN_POINT('',(7.025595335,5.125160785,8.584287986));
#5853=CARTESIAN_POINT('',(6.998142385,5.125160785,8.678324687));
#5854=CARTESIAN_POINT('',(6.942300172,5.125160785,8.866093864));
#5855=CARTESIAN_POINT('',(6.899716289,5.125160785,9.00669258));
#5856=CARTESIAN_POINT('',(6.827002726,5.125160785,9.240458275));
#5857=CARTESIAN_POINT('',(6.752556263,5.125160785,9.473660918));
#5858=CARTESIAN_POINT('',(6.675819183,5.125160785,9.706119293));
#5859=CARTESIAN_POINT('',(6.597378915,5.125160785,9.938024269));
#5860=CARTESIAN_POINT('',(6.528621101,5.125160785,10.136528922));
#5861=CARTESIAN_POINT('',(6.47467723,5.125160785,10.288368564));
#5862=CARTESIAN_POINT('',(6.45333984,5.125160785,10.347845988));
#5863=CARTESIAN_POINT('',(8.107382753,5.000159535,2.404721707));
#5864=CARTESIAN_POINT('',(8.10297282,5.000159535,2.486855923));
#5865=CARTESIAN_POINT('',(8.098189951,5.000159535,2.568868966));
#5866=CARTESIAN_POINT('',(8.086687925,5.000159535,2.751655527));
#5867=CARTESIAN_POINT('',(8.079777007,5.000159535,2.852366739));
#5868=CARTESIAN_POINT('',(8.068574827,5.000159535,3.003161989));
#5869=CARTESIAN_POINT('',(8.056954741,5.000159535,3.153821453));
#5870=CARTESIAN_POINT('',(8.044086408,5.000159535,3.304075336));
#5871=CARTESIAN_POINT('',(8.025828716,5.000159535,3.504056464));
#5872=CARTESIAN_POINT('',(8.016149909,5.000159535,3.603868335));
#5873=CARTESIAN_POINT('',(7.995701947,5.000159535,3.803137801));
#5874=CARTESIAN_POINT('',(7.984932779,5.000159535,3.902595391));
#5875=CARTESIAN_POINT('',(7.967968367,5.000159535,4.051518378));
#5876=CARTESIAN_POINT('',(7.96217845,5.000159535,4.101115473));
#5877=CARTESIAN_POINT('',(7.944405135,5.000159535,4.249775631));
#5878=CARTESIAN_POINT('',(7.932018162,5.000159535,4.348707566));
#5879=CARTESIAN_POINT('',(7.912637589,5.000159535,4.496845494));
#5880=CARTESIAN_POINT('',(7.906044042,5.000159535,4.546181473));
#5881=CARTESIAN_POINT('',(7.885865078,5.000159535,4.694059989));
#5882=CARTESIAN_POINT('',(7.864889481,5.000159535,4.841679663));
#5883=CARTESIAN_POINT('',(7.827955854,5.000159535,5.087070964));
#5884=CARTESIAN_POINT('',(7.796836398,5.000159535,5.282873052));
#5885=CARTESIAN_POINT('',(7.772327638,5.000159535,5.429344731));
#5886=CARTESIAN_POINT('',(7.747430851,5.000159535,5.575690334));
#5887=CARTESIAN_POINT('',(7.721758015,5.000159535,5.721783782));
#5888=CARTESIAN_POINT('',(7.677046681,5.000159535,5.964647953));
#5889=CARTESIAN_POINT('',(7.639745698,5.000159535,6.158441541));
#5890=CARTESIAN_POINT('',(7.591221207,5.000159535,6.400066742));
#5891=CARTESIAN_POINT('',(7.550889614,5.000159535,6.592875624));
#5892=CARTESIAN_POINT('',(7.519516767,5.000159535,6.737117027));
#5893=CARTESIAN_POINT('',(7.48777083,5.000159535,6.881237205));
#5894=CARTESIAN_POINT('',(7.444448018,5.000159535,7.073074181));
#5895=CARTESIAN_POINT('',(7.399152674,5.000159535,7.264270244));
#5896=CARTESIAN_POINT('',(7.352879625,5.000159535,7.455148629));
#5897=CARTESIAN_POINT('',(7.30562887,5.000159535,7.64570934));
#5898=CARTESIAN_POINT('',(7.231845038,5.000159535,7.930605637));
#5899=CARTESIAN_POINT('',(7.180734154,5.000159535,8.119912115));
#5900=CARTESIAN_POINT('',(7.128670756,5.000159535,8.308909103));
#5901=CARTESIAN_POINT('',(7.102162801,5.000159535,8.403252853));
#5902=CARTESIAN_POINT('',(7.048202617,5.000159535,8.591633537));
#5903=CARTESIAN_POINT('',(7.020750389,5.000159535,8.685670473));
#5904=CARTESIAN_POINT('',(6.964909819,5.000159535,8.873440184));
#5905=CARTESIAN_POINT('',(6.922327312,5.000159535,9.014039347));
#5906=CARTESIAN_POINT('',(6.849616404,5.000159535,9.247805904));
#5907=CARTESIAN_POINT('',(6.775172959,5.000159535,9.481009528));
#5908=CARTESIAN_POINT('',(6.698439383,5.000159535,9.713469041));
#5909=CARTESIAN_POINT('',(6.620002981,5.000159535,9.945375274));
#5910=CARTESIAN_POINT('',(6.551248798,5.000159535,10.143881106));
#5911=CARTESIAN_POINT('',(6.497307977,5.000159535,10.29572174));
#5912=CARTESIAN_POINT('',(6.475971823,5.000159535,10.355199565));
#5913=CARTESIAN_POINT('',(8.151076775,4.750157035,2.418918755));
#5914=CARTESIAN_POINT('',(8.14666149,4.750157035,2.501051233));
#5915=CARTESIAN_POINT('',(8.141873393,4.750157035,2.583062576));
#5916=CARTESIAN_POINT('',(8.130360009,4.750157035,2.765845447));
#5917=CARTESIAN_POINT('',(8.123442998,4.750157035,2.86655468));
#5918=CARTESIAN_POINT('',(8.112231968,4.750157035,3.017347054));
#5919=CARTESIAN_POINT('',(8.100603182,4.750157035,3.168003691));
#5920=CARTESIAN_POINT('',(8.087726576,4.750157035,3.318254886));
#5921=CARTESIAN_POINT('',(8.069458232,4.750157035,3.518232553));
#5922=CARTESIAN_POINT('',(8.059774297,4.750157035,3.618042758));
#5923=CARTESIAN_POINT('',(8.039316429,4.750157035,3.817309005));
#5924=CARTESIAN_POINT('',(8.028542511,4.750157035,3.916765052));
#5925=CARTESIAN_POINT('',(8.011571246,4.750157035,4.065685812));
#5926=CARTESIAN_POINT('',(8.005779094,4.750157035,4.115282181));
#5927=CARTESIAN_POINT('',(7.987999205,4.750157035,4.263940203));
#5928=CARTESIAN_POINT('',(7.975608048,4.750157035,4.362870778));
#5929=CARTESIAN_POINT('',(7.956221463,4.750157035,4.511006753));
#5930=CARTESIAN_POINT('',(7.949625962,4.750157035,4.560342098));
#5931=CARTESIAN_POINT('',(7.92944128,4.750157035,4.708218756));
#5932=CARTESIAN_POINT('',(7.908460238,4.750157035,4.85583666));
#5933=CARTESIAN_POINT('',(7.871518247,4.750157035,5.101225244));
#5934=CARTESIAN_POINT('',(7.840392657,4.750157035,5.297025338));
#5935=CARTESIAN_POINT('',(7.815879719,4.750157035,5.44349566));
#5936=CARTESIAN_POINT('',(7.790978892,4.750157035,5.58983995));
#5937=CARTESIAN_POINT('',(7.765302297,4.750157035,5.735932177));
#5938=CARTESIAN_POINT('',(7.720585399,4.750157035,5.97879454));
#5939=CARTESIAN_POINT('',(7.68328052,4.750157035,6.172586862));
#5940=CARTESIAN_POINT('',(7.634751859,4.750157035,6.414210708));
#5941=CARTESIAN_POINT('',(7.594417486,4.750157035,6.607018687));
#5942=CARTESIAN_POINT('',(7.563042972,4.750157035,6.751259549));
#5943=CARTESIAN_POINT('',(7.531295508,4.750157035,6.89537923));
#5944=CARTESIAN_POINT('',(7.48797103,4.750157035,7.087215665));
#5945=CARTESIAN_POINT('',(7.442674764,4.750157035,7.278411428));
#5946=CARTESIAN_POINT('',(7.396401163,4.750157035,7.469289634));
#5947=CARTESIAN_POINT('',(7.349150224,4.750157035,7.659850285));
#5948=CARTESIAN_POINT('',(7.275367234,4.750157035,7.944746856));
#5949=CARTESIAN_POINT('',(7.224257652,4.750157035,8.134053757));
#5950=CARTESIAN_POINT('',(7.172195928,4.750157035,8.323051289));
#5951=CARTESIAN_POINT('',(7.145688995,4.750157035,8.41739537));
#5952=CARTESIAN_POINT('',(7.091731226,4.750157035,8.605776839));
#5953=CARTESIAN_POINT('',(7.064280391,4.750157035,8.699814228));
#5954=CARTESIAN_POINT('',(7.008442983,4.750157035,8.887584966));
#5955=CARTESIAN_POINT('',(6.965863122,4.750157035,9.028184989));
#5956=CARTESIAN_POINT('',(6.893157325,4.750157035,9.261953207));
#5957=CARTESIAN_POINT('',(6.818719689,4.750157035,9.495158718));
#5958=CARTESIAN_POINT('',(6.741992854,4.750157035,9.727620422));
#5959=CARTESIAN_POINT('',(6.663563894,4.750157035,9.959529073));
#5960=CARTESIAN_POINT('',(6.594816697,4.750157035,10.158037175));
#5961=CARTESIAN_POINT('',(6.540881739,4.750157035,10.309879713));
#5962=CARTESIAN_POINT('',(6.519547962,4.750157035,10.369358311));
#5963=CARTESIAN_POINT('',(8.172077562,4.625155785,2.425742324));
#5964=CARTESIAN_POINT('',(8.16765971,4.625155785,2.507873968));
#5965=CARTESIAN_POINT('',(8.162869109,4.625155785,2.589884498));
#5966=CARTESIAN_POINT('',(8.151350242,4.625155785,2.772665587));
#5967=CARTESIAN_POINT('',(8.144430313,4.625155785,2.873373872));
#5968=CARTESIAN_POINT('',(8.13321504,4.625155785,3.024164867));
#5969=CARTESIAN_POINT('',(8.121582071,4.625155785,3.174820145));
#5970=CARTESIAN_POINT('',(8.108701494,4.625155785,3.32507005));
#5971=CARTESIAN_POINT('',(8.090428031,4.625155785,3.525046054));
#5972=CARTESIAN_POINT('',(8.080741625,4.625155785,3.624855455));
#5973=CARTESIAN_POINT('',(8.060279016,4.625155785,3.824120162));
#5974=CARTESIAN_POINT('',(8.049502809,4.625155785,3.923575465));
#5975=CARTESIAN_POINT('',(8.032528251,4.625155785,4.072495156));
#5976=CARTESIAN_POINT('',(8.026735024,4.625155785,4.122091175));
#5977=CARTESIAN_POINT('',(8.00895198,4.625155785,4.270748173));
#5978=CARTESIAN_POINT('',(7.996558806,4.625155785,4.369678092));
#5979=CARTESIAN_POINT('',(7.977169342,4.625155785,4.517813131));
#5980=CARTESIAN_POINT('',(7.970572901,4.625155785,4.567148171));
#5981=CARTESIAN_POINT('',(7.950385469,4.625155785,4.715023935));
#5982=CARTESIAN_POINT('',(7.929401814,4.625155785,4.862640991));
#5983=CARTESIAN_POINT('',(7.892455803,4.625155785,5.108028268));
#5984=CARTESIAN_POINT('',(7.861327267,4.625155785,5.303827405));
#5985=CARTESIAN_POINT('',(7.836812321,4.625155785,5.450297075));
#5986=CARTESIAN_POINT('',(7.811909556,4.625155785,5.596640735));
#5987=CARTESIAN_POINT('',(7.786231156,4.625155785,5.742732375));
#5988=CARTESIAN_POINT('',(7.741511582,4.625155785,5.985593869));
#5989=CARTESIAN_POINT('',(7.704204834,4.625155785,6.179385584));
#5990=CARTESIAN_POINT('',(7.655674169,4.625155785,6.421008778));
#5991=CARTESIAN_POINT('',(7.61533846,4.625155785,6.613816324));
#5992=CARTESIAN_POINT('',(7.583963147,4.625155785,6.758056925));
#5993=CARTESIAN_POINT('',(7.552214947,4.625155785,6.902176368));
#5994=CARTESIAN_POINT('',(7.508889671,4.625155785,7.094012544));
#5995=CARTESIAN_POINT('',(7.463592961,4.625155785,7.285208162));
#5996=CARTESIAN_POINT('',(7.417319093,4.625155785,7.476086282));
#5997=CARTESIAN_POINT('',(7.370068069,4.625155785,7.666646905));
#5998=CARTESIAN_POINT('',(7.296285482,4.625155785,7.951543607));
#5999=CARTESIAN_POINT('',(7.245176526,4.625155785,8.140850711));
#6000=CARTESIAN_POINT('',(7.193115607,4.625155785,8.329848505));
#6001=CARTESIAN_POINT('',(7.166609164,4.625155785,8.424192745));
#6002=CARTESIAN_POINT('',(7.112652555,4.625155785,8.612574591));
#6003=CARTESIAN_POINT('',(7.085202391,4.625155785,8.706612198));
#6004=CARTESIAN_POINT('',(7.029366498,4.625155785,8.894383428));
#6005=CARTESIAN_POINT('',(6.98678791,4.625155785,9.034983865));
#6006=CARTESIAN_POINT('',(6.914084568,4.625155785,9.268752881));
#6007=CARTESIAN_POINT('',(6.839649723,4.625155785,9.501959298));
#6008=CARTESIAN_POINT('',(6.762926124,4.625155785,9.734422054));
#6009=CARTESIAN_POINT('',(6.684500739,4.625155785,9.966331866));
#6010=CARTESIAN_POINT('',(6.615756899,4.625155785,10.164841059));
#6011=CARTESIAN_POINT('',(6.561824759,4.625155785,10.316684513));
#6012=CARTESIAN_POINT('',(6.540492124,4.625155785,10.376163482));
#6013=CARTESIAN_POINT('',(8.202311398,4.43765391,2.435565893));
#6014=CARTESIAN_POINT('',(8.197889847,4.43765391,2.517696335));
#6015=CARTESIAN_POINT('',(8.193095633,4.43765391,2.599705691));
#6016=CARTESIAN_POINT('',(8.181568917,4.43765391,2.78248423));
#6017=CARTESIAN_POINT('',(8.174644775,4.43765391,2.883191146));
#6018=CARTESIAN_POINT('',(8.163423384,4.43765391,3.033980153));
#6019=CARTESIAN_POINT('',(8.151784404,4.43765391,3.184633478));
#6020=CARTESIAN_POINT('',(8.138898104,4.43765391,3.334881523));
#6021=CARTESIAN_POINT('',(8.120617285,4.43765391,3.534855137));
#6022=CARTESIAN_POINT('',(8.110927329,4.43765391,3.634663385));
#6023=CARTESIAN_POINT('',(8.090457876,4.43765391,3.833925869));
#6024=CARTESIAN_POINT('',(8.079678383,4.43765391,3.933380104));
#6025=CARTESIAN_POINT('',(8.06269909,4.43765391,4.082298256));
#6026=CARTESIAN_POINT('',(8.056904316,4.43765391,4.131893773));
#6027=CARTESIAN_POINT('',(8.039116733,4.43765391,4.280549295));
#6028=CARTESIAN_POINT('',(8.026720663,4.43765391,4.379478274));
#6029=CARTESIAN_POINT('',(8.007327046,4.43765391,4.527611963));
#6030=CARTESIAN_POINT('',(8.000729255,4.43765391,4.576946564));
#6031=CARTESIAN_POINT('',(7.980537865,4.43765391,4.724821043));
#6032=CARTESIAN_POINT('',(7.959550451,4.43765391,4.872436877));
#6033=CARTESIAN_POINT('',(7.922598657,4.43765391,5.117822275));
#6034=CARTESIAN_POINT('',(7.891465883,4.43765391,5.313620035));
#6035=CARTESIAN_POINT('',(7.866948049,4.43765391,5.460088767));
#6036=CARTESIAN_POINT('',(7.84204249,4.43765391,5.606431519));
#6037=CARTESIAN_POINT('',(7.816361492,4.43765391,5.752522315));
#6038=CARTESIAN_POINT('',(7.771638073,4.43765391,5.995382559));
#6039=CARTESIAN_POINT('',(7.734328632,4.43765391,6.189173399));
#6040=CARTESIAN_POINT('',(7.685795083,4.43765391,6.430795657));
#6041=CARTESIAN_POINT('',(7.645457455,4.43765391,6.623602579));
#6042=CARTESIAN_POINT('',(7.614080988,4.43765391,6.767842805));
#6043=CARTESIAN_POINT('',(7.582331735,4.43765391,6.911961905));
#6044=CARTESIAN_POINT('',(7.539005306,4.43765391,7.103797707));
#6045=CARTESIAN_POINT('',(7.493707958,4.43765391,7.294993118));
#6046=CARTESIAN_POINT('',(7.447433708,4.43765391,7.485871113));
#6047=CARTESIAN_POINT('',(7.400182559,4.43765391,7.676431696));
#6048=CARTESIAN_POINT('',(7.326400554,4.43765391,7.961328587));
#6049=CARTESIAN_POINT('',(7.275292498,4.43765391,8.150635984));
#6050=CARTESIAN_POINT('',(7.223232732,4.43765391,8.339634152));
#6051=CARTESIAN_POINT('',(7.196726997,4.43765391,8.433978622));
#6052=CARTESIAN_POINT('',(7.14277206,4.43765391,8.622361011));
#6053=CARTESIAN_POINT('',(7.115322857,4.43765391,8.71639893));
#6054=CARTESIAN_POINT('',(7.059489149,4.43765391,8.904170871));
#6055=CARTESIAN_POINT('',(7.01691239,4.43765391,9.044771902));
#6056=CARTESIAN_POINT('',(6.94421258,4.43765391,9.278542065));
#6057=CARTESIAN_POINT('',(6.86978175,4.43765391,9.511749787));
#6058=CARTESIAN_POINT('',(6.793062812,4.43765391,9.744214057));
#6059=CARTESIAN_POINT('',(6.714642571,4.43765391,9.976125541));
#6060=CARTESIAN_POINT('',(6.645903558,4.43765391,10.174636302));
#6061=CARTESIAN_POINT('',(6.591975473,4.43765391,10.326481073));
#6062=CARTESIAN_POINT('',(6.570644482,4.43765391,10.385960577));
#6063=CARTESIAN_POINT('',(8.22204484,4.31265266,2.441977677));
#6064=CARTESIAN_POINT('',(8.217620876,4.31265266,2.524107335));
#6065=CARTESIAN_POINT('',(8.212824309,4.31265266,2.606115927));
#6066=CARTESIAN_POINT('',(8.201292455,4.31265266,2.788892796));
#6067=CARTESIAN_POINT('',(8.19436557,4.31265266,2.88959882));
#6068=CARTESIAN_POINT('',(8.183140192,4.31265266,3.040386533));
#6069=CARTESIAN_POINT('',(8.171497285,4.31265266,3.191038581));
#6070=CARTESIAN_POINT('',(8.158607258,4.31265266,3.341285416));
#6071=CARTESIAN_POINT('',(8.140321629,4.31265266,3.541257466));
#6072=CARTESIAN_POINT('',(8.130629358,4.31265266,3.641064963));
#6073=CARTESIAN_POINT('',(8.110155448,4.31265266,3.840325997));
#6074=CARTESIAN_POINT('',(8.099373807,4.31265266,3.939779535));
#6075=CARTESIAN_POINT('',(8.082391423,4.31265266,4.088696683));
#6076=CARTESIAN_POINT('',(8.076595641,4.31265266,4.138291872));
#6077=CARTESIAN_POINT('',(8.058805094,4.31265266,4.286946432));
#6078=CARTESIAN_POINT('',(8.046407133,4.31265266,4.385874796));
#6079=CARTESIAN_POINT('',(8.027010809,4.31265266,4.534007606));
#6080=CARTESIAN_POINT('',(8.020412136,4.31265266,4.58334192));
#6081=CARTESIAN_POINT('',(8.000218166,4.31265266,4.73121556));
#6082=CARTESIAN_POINT('',(7.979228296,4.31265266,4.878830596));
#6083=CARTESIAN_POINT('',(7.942272728,4.31265266,5.124214768));
#6084=CARTESIAN_POINT('',(7.91113719,4.31265266,5.32001163));
#6085=CARTESIAN_POINT('',(7.886617471,4.31265266,5.466479749));
#6086=CARTESIAN_POINT('',(7.861710092,4.31265266,5.61282191));
#6087=CARTESIAN_POINT('',(7.836027397,4.31265266,5.758912155));
#6088=CARTESIAN_POINT('',(7.791301467,4.31265266,6.001771583));
#6089=CARTESIAN_POINT('',(7.753990269,4.31265266,6.195561852));
#6090=CARTESIAN_POINT('',(7.70545484,4.31265266,6.437183499));
#6091=CARTESIAN_POINT('',(7.665115957,4.31265266,6.629990013));
#6092=CARTESIAN_POINT('',(7.63373874,4.31265266,6.774229996));
#6093=CARTESIAN_POINT('',(7.601988797,4.31265266,6.918348872));
#6094=CARTESIAN_POINT('',(7.558661618,4.31265266,7.11018443));
#6095=CARTESIAN_POINT('',(7.513363853,4.31265266,7.301379705));
#6096=CARTESIAN_POINT('',(7.467089355,4.31265266,7.49225762));
#6097=CARTESIAN_POINT('',(7.419838123,4.31265266,7.682818176));
#6098=CARTESIAN_POINT('',(7.346056496,4.31265266,7.96771519));
#6099=CARTESIAN_POINT('',(7.294949028,4.31265266,8.157022777));
#6100=CARTESIAN_POINT('',(7.242890018,4.31265266,8.346021191));
#6101=CARTESIAN_POINT('',(7.216384743,4.31265266,8.440365811));
#6102=CARTESIAN_POINT('',(7.162430895,4.31265266,8.628748554));
#6103=CARTESIAN_POINT('',(7.134982322,4.31265266,8.722786678));
#6104=CARTESIAN_POINT('',(7.079150037,4.31265266,8.910559081));
#6105=CARTESIAN_POINT('',(7.036574474,4.31265266,9.0511605));
#6106=CARTESIAN_POINT('',(6.96387697,4.31265266,9.284931413));
#6107=CARTESIAN_POINT('',(6.889448759,4.31265266,9.518139986));
#6108=CARTESIAN_POINT('',(6.812732861,4.31265266,9.750605243));
#6109=CARTESIAN_POINT('',(6.734315976,4.31265266,9.982517817));
#6110=CARTESIAN_POINT('',(6.665580115,4.31265266,10.181029603));
#6111=CARTESIAN_POINT('',(6.611654674,4.31265266,10.332875233));
#6112=CARTESIAN_POINT('',(6.590324755,4.31265266,10.392355085));
#6113=CARTESIAN_POINT('',(8.250378588,4.125150785,2.45118387));
#6114=CARTESIAN_POINT('',(8.245951161,4.125150785,2.533312403));
#6115=CARTESIAN_POINT('',(8.241151211,4.125150785,2.615319895));
#6116=CARTESIAN_POINT('',(8.229611999,4.125150785,2.798094374));
#6117=CARTESIAN_POINT('',(8.222681171,4.125150785,2.898799117));
#6118=CARTESIAN_POINT('',(8.211450067,4.125150785,3.049584969));
#6119=CARTESIAN_POINT('',(8.199801529,4.125150785,3.200235188));
#6120=CARTESIAN_POINT('',(8.186906143,4.125150785,3.350480281));
#6121=CARTESIAN_POINT('',(8.168613626,4.125150785,3.550450093));
#6122=CARTESIAN_POINT('',(8.158918029,4.125150785,3.650256509));
#6123=CARTESIAN_POINT('',(8.138437713,4.125150785,3.849515463));
#6124=CARTESIAN_POINT('',(8.127652995,4.125150785,3.948968));
#6125=CARTESIAN_POINT('',(8.110666176,4.125150785,4.097883707));
#6126=CARTESIAN_POINT('',(8.104868946,4.125150785,4.147478425));
#6127=CARTESIAN_POINT('',(8.087074147,4.125150785,4.296131604));
#6128=CARTESIAN_POINT('',(8.074673473,4.125150785,4.395059086));
#6129=CARTESIAN_POINT('',(8.055273262,4.125150785,4.543190633));
#6130=CARTESIAN_POINT('',(8.048673324,4.125150785,4.592524536));
#6131=CARTESIAN_POINT('',(8.028475648,4.125150785,4.740396972));
#6132=CARTESIAN_POINT('',(8.007482257,4.125150785,4.888010865));
#6133=CARTESIAN_POINT('',(7.970521275,4.125150785,5.133393278));
#6134=CARTESIAN_POINT('',(7.939381766,4.125150785,5.329188849));
#6135=CARTESIAN_POINT('',(7.914859343,4.125150785,5.47565609));
#6136=CARTESIAN_POINT('',(7.889949349,4.125150785,5.621997401));
#6137=CARTESIAN_POINT('',(7.864264222,4.125150785,5.768086855));
#6138=CARTESIAN_POINT('',(7.819534688,4.125150785,6.010945113));
#6139=CARTESIAN_POINT('',(7.782220971,4.125150785,6.204734563));
#6140=CARTESIAN_POINT('',(7.733682841,4.125150785,6.446355333));
#6141=CARTESIAN_POINT('',(7.69334216,4.125150785,6.639161262));
#6142=CARTESIAN_POINT('',(7.661963863,4.125150785,6.783400894));
#6143=CARTESIAN_POINT('',(7.630212932,4.125150785,6.927519449));
#6144=CARTESIAN_POINT('',(7.586884673,4.125150785,7.119354656));
#6145=CARTESIAN_POINT('',(7.541586312,4.125150785,7.310549738));
#6146=CARTESIAN_POINT('',(7.495311456,4.125150785,7.501427537));
#6147=CARTESIAN_POINT('',(7.448060107,4.125150785,7.691988054));
#6148=CARTESIAN_POINT('',(7.374279024,4.125150785,7.976885245));
#6149=CARTESIAN_POINT('',(7.323172399,4.125150785,8.166193106));
#6150=CARTESIAN_POINT('',(7.271114473,4.125150785,8.355191873));
#6151=CARTESIAN_POINT('',(7.244609859,4.125150785,8.449536707));
#6152=CARTESIAN_POINT('',(7.190657575,4.125150785,8.637919959));
#6153=CARTESIAN_POINT('',(7.163209903,4.125150785,8.731958375));
#6154=CARTESIAN_POINT('',(7.107379664,4.125150785,8.919731442));
#6155=CARTESIAN_POINT('',(7.064805813,4.125150785,9.060333418));
#6156=CARTESIAN_POINT('',(6.992111617,4.125150785,9.294105406));
#6157=CARTESIAN_POINT('',(6.917687167,4.125150785,9.527315201));
#6158=CARTESIAN_POINT('',(6.840975633,4.125150785,9.759781876));
#6159=CARTESIAN_POINT('',(6.762563564,4.125150785,9.991696015));
#6160=CARTESIAN_POINT('',(6.693832225,4.125150785,10.19020927));
#6161=CARTESIAN_POINT('',(6.639910581,4.125150785,10.342056134));
#6162=CARTESIAN_POINT('',(6.618582201,4.125150785,10.401536486));
#6163=CARTESIAN_POINT('',(8.277446816,3.93764891,2.45997887));
#6164=CARTESIAN_POINT('',(8.273016083,3.93764891,2.542106329));
#6165=CARTESIAN_POINT('',(8.268212904,3.93764891,2.624112772));
#6166=CARTESIAN_POINT('',(8.256666662,3.93764891,2.806884966));
#6167=CARTESIAN_POINT('',(8.249732072,3.93764891,2.907588487));
#6168=CARTESIAN_POINT('',(8.238495501,3.93764891,3.058372563));
#6169=CARTESIAN_POINT('',(8.226841584,3.93764891,3.209021034));
#6170=CARTESIAN_POINT('',(8.213941085,3.93764891,3.359264466));
#6171=CARTESIAN_POINT('',(8.195641986,3.93764891,3.55923214));
#6172=CARTESIAN_POINT('',(8.185943214,3.93764891,3.659037524));
#6173=CARTESIAN_POINT('',(8.165456784,3.93764891,3.858294491));
#6174=CARTESIAN_POINT('',(8.154669125,3.93764891,3.957746073));
#6175=CARTESIAN_POINT('',(8.137678071,3.93764891,4.106660403));
#6176=CARTESIAN_POINT('',(8.131879458,3.93764891,4.156254673));
#6177=CARTESIAN_POINT('',(8.1140806,3.93764891,4.304906532));
#6178=CARTESIAN_POINT('',(8.101677335,3.93764891,4.403833173));
#6179=CARTESIAN_POINT('',(8.082273412,3.93764891,4.551963514));
#6180=CARTESIAN_POINT('',(8.075672266,3.93764891,4.601297024));
#6181=CARTESIAN_POINT('',(8.055471054,3.93764891,4.749168311));
#6182=CARTESIAN_POINT('',(8.034474299,3.93764891,4.896781111));
#6183=CARTESIAN_POINT('',(7.997508146,3.93764891,5.142161843));
#6184=CARTESIAN_POINT('',(7.966364847,3.93764891,5.337956184));
#6185=CARTESIAN_POINT('',(7.941839841,3.93764891,5.484422585));
#6186=CARTESIAN_POINT('',(7.91692735,3.93764891,5.630763085));
#6187=CARTESIAN_POINT('',(7.8912399,3.93764891,5.776851784));
#6188=CARTESIAN_POINT('',(7.846506926,3.93764891,6.019708924));
#6189=CARTESIAN_POINT('',(7.809190802,3.93764891,6.213497593));
#6190=CARTESIAN_POINT('',(7.760650095,3.93764891,6.455117524));
#6191=CARTESIAN_POINT('',(7.720307695,3.93764891,6.647922896));
#6192=CARTESIAN_POINT('',(7.688928368,3.93764891,6.792162193));
#6193=CARTESIAN_POINT('',(7.657176493,3.93764891,6.936280441));
#6194=CARTESIAN_POINT('',(7.613847206,3.93764891,7.128115314));
#6195=CARTESIAN_POINT('',(7.568548273,3.93764891,7.31931021));
#6196=CARTESIAN_POINT('',(7.522273075,3.93764891,7.510187898));
#6197=CARTESIAN_POINT('',(7.475021614,3.93764891,7.700748379));
#6198=CARTESIAN_POINT('',(7.401241051,3.93764891,7.985645739));
#6199=CARTESIAN_POINT('',(7.35013523,3.93764891,8.174953861));
#6200=CARTESIAN_POINT('',(7.298078339,3.93764891,8.363952964));
#6201=CARTESIAN_POINT('',(7.271574357,3.93764891,8.458298004));
#6202=CARTESIAN_POINT('',(7.217623566,3.93764891,8.64668174));
#6203=CARTESIAN_POINT('',(7.190176756,3.93764891,8.740720437));
#6204=CARTESIAN_POINT('',(7.134348469,3.93764891,8.928494138));
#6205=CARTESIAN_POINT('',(7.091776255,3.93764891,9.069096646));
#6206=CARTESIAN_POINT('',(7.019085217,3.93764891,9.30286966));
#6207=CARTESIAN_POINT('',(6.944664358,3.93764891,9.536080622));
#6208=CARTESIAN_POINT('',(6.86795699,3.93764891,9.768548651));
#6209=CARTESIAN_POINT('',(6.789549521,3.93764891,10.000464284));
#6210=CARTESIAN_POINT('',(6.7208225,3.93764891,10.198978942));
#6211=CARTESIAN_POINT('',(6.66690448,3.93764891,10.350826984));
#6212=CARTESIAN_POINT('',(6.64557757,3.93764891,10.410307813));
#6213=CARTESIAN_POINT('',(8.303250379,3.750147035,2.468362956));
#6214=CARTESIAN_POINT('',(8.298816496,3.750147035,2.550489391));
#6215=CARTESIAN_POINT('',(8.294010243,3.750147035,2.632494836));
#6216=CARTESIAN_POINT('',(8.282457299,3.750147035,2.815264852));
#6217=CARTESIAN_POINT('',(8.275519125,3.750147035,2.915967209));
#6218=CARTESIAN_POINT('',(8.264277345,3.750147035,3.066749592));
#6219=CARTESIAN_POINT('',(8.252618304,3.750147035,3.217396398));
#6220=CARTESIAN_POINT('',(8.239712933,3.750147035,3.367638247));
#6221=CARTESIAN_POINT('',(8.221407559,3.750147035,3.567603882));
#6222=CARTESIAN_POINT('',(8.211705763,3.750147035,3.667408283));
#6223=CARTESIAN_POINT('',(8.19121351,3.750147035,3.866663358));
#6224=CARTESIAN_POINT('',(8.180423048,3.750147035,3.96611403));
#6225=CARTESIAN_POINT('',(8.163427959,3.750147035,4.115027049));
#6226=CARTESIAN_POINT('',(8.157628028,3.750147035,4.16462089));
#6227=CARTESIAN_POINT('',(8.139825299,3.750147035,4.313271492));
#6228=CARTESIAN_POINT('',(8.127419567,3.750147035,4.412197331));
#6229=CARTESIAN_POINT('',(8.108012109,3.750147035,4.560326523));
#6230=CARTESIAN_POINT('',(8.101409812,3.750147035,4.60965966));
#6231=CARTESIAN_POINT('',(8.081205228,3.750147035,4.757529851));
#6232=CARTESIAN_POINT('',(8.06020527,3.750147035,4.90514161));
#6233=CARTESIAN_POINT('',(8.023234188,3.750147035,5.150520741));
#6234=CARTESIAN_POINT('',(7.992087278,3.750147035,5.346313908));
#6235=CARTESIAN_POINT('',(7.967559811,3.750147035,5.49277951));
#6236=CARTESIAN_POINT('',(7.942644943,3.750147035,5.639119237));
#6237=CARTESIAN_POINT('',(7.916955278,3.750147035,5.785207217));
#6238=CARTESIAN_POINT('',(7.872219026,3.750147035,6.028063292));
#6239=CARTESIAN_POINT('',(7.834900607,3.750147035,6.221851215));
#6240=CARTESIAN_POINT('',(7.786357443,3.750147035,6.463470348));
#6241=CARTESIAN_POINT('',(7.746013408,3.750147035,6.656275188));
#6242=CARTESIAN_POINT('',(7.714633099,3.750147035,6.800514167));
#6243=CARTESIAN_POINT('',(7.682880325,3.750147035,6.944632123));
#6244=CARTESIAN_POINT('',(7.639550057,3.750147035,7.136466677));
#6245=CARTESIAN_POINT('',(7.59425058,3.750147035,7.327661396));
#6246=CARTESIAN_POINT('',(7.547975058,3.750147035,7.518538978));
#6247=CARTESIAN_POINT('',(7.500723489,3.750147035,7.709099425));
#6248=CARTESIAN_POINT('',(7.426943421,3.750147035,7.993996945));
#6249=CARTESIAN_POINT('',(7.375838368,3.750147035,8.183305317));
#6250=CARTESIAN_POINT('',(7.323782461,3.750147035,8.372304739));
#6251=CARTESIAN_POINT('',(7.297279082,3.750147035,8.466649975));
#6252=CARTESIAN_POINT('',(7.243329713,3.750147035,8.655034173));
#6253=CARTESIAN_POINT('',(7.215883723,3.750147035,8.749073137));
#6254=CARTESIAN_POINT('',(7.160057297,3.750147035,8.936847443));
#6255=CARTESIAN_POINT('',(7.117486642,3.750147035,9.077450457));
#6256=CARTESIAN_POINT('',(7.044798616,3.750147035,9.31122445));
#6257=CARTESIAN_POINT('',(6.970381177,3.750147035,9.544436523));
#6258=CARTESIAN_POINT('',(6.893677779,3.750147035,9.776905842));
#6259=CARTESIAN_POINT('',(6.815274692,3.750147035,10.008822899));
#6260=CARTESIAN_POINT('',(6.746551786,3.750147035,10.207338894));
#6261=CARTESIAN_POINT('',(6.69263722,3.750147035,10.359188058));
#6262=CARTESIAN_POINT('',(6.67131171,3.750147035,10.418669342));
#6263=CARTESIAN_POINT('',(8.327790094,3.56264516,2.476336393));
#6264=CARTESIAN_POINT('',(8.323353216,3.56264516,2.558461855));
#6265=CARTESIAN_POINT('',(8.318544039,3.56264516,2.640466349));
#6266=CARTESIAN_POINT('',(8.306984727,3.56264516,2.823234297));
#6267=CARTESIAN_POINT('',(8.300043144,3.56264516,2.923935546));
#6268=CARTESIAN_POINT('',(8.288796412,3.56264516,3.07471632));
#6269=CARTESIAN_POINT('',(8.2771325,3.56264516,3.225361543));
#6270=CARTESIAN_POINT('',(8.264222498,3.56264516,3.375601887));
#6271=CARTESIAN_POINT('',(8.24591116,3.56264516,3.575565585));
#6272=CARTESIAN_POINT('',(8.236206491,3.56264516,3.675369053));
#6273=CARTESIAN_POINT('',(8.215708697,3.56264516,3.874622327));
#6274=CARTESIAN_POINT('',(8.204915573,3.56264516,3.974072134));
#6275=CARTESIAN_POINT('',(8.187916647,3.56264516,4.122983906));
#6276=CARTESIAN_POINT('',(8.182115464,3.56264516,4.172577341));
#6277=CARTESIAN_POINT('',(8.164309059,3.56264516,4.321226748));
#6278=CARTESIAN_POINT('',(8.15190098,3.56264516,4.420151824));
#6279=CARTESIAN_POINT('',(8.132490159,3.56264516,4.568279924));
#6280=CARTESIAN_POINT('',(8.125886767,3.56264516,4.617612705));
#6281=CARTESIAN_POINT('',(8.105678981,3.56264516,4.765481856));
#6282=CARTESIAN_POINT('',(8.084675975,3.56264516,4.913092624));
#6283=CARTESIAN_POINT('',(8.04770021,3.56264516,5.158470233));
#6284=CARTESIAN_POINT('',(8.016549867,3.56264516,5.354262285));
#6285=CARTESIAN_POINT('',(7.99202006,3.56264516,5.500727127));
#6286=CARTESIAN_POINT('',(7.96710293,3.56264516,5.647066119));
#6287=CARTESIAN_POINT('',(7.941411162,3.56264516,5.793153415));
#6288=CARTESIAN_POINT('',(7.896671793,3.56264516,6.036008478));
#6289=CARTESIAN_POINT('',(7.859351195,3.56264516,6.229795692));
#6290=CARTESIAN_POINT('',(7.810805696,3.56264516,6.471414067));
#6291=CARTESIAN_POINT('',(7.770460104,3.56264516,6.664218401));
#6292=CARTESIAN_POINT('',(7.739078863,3.56264516,6.808457077));
#6293=CARTESIAN_POINT('',(7.707325233,3.56264516,6.952574755));
#6294=CARTESIAN_POINT('',(7.663994032,3.56264516,7.144409006));
#6295=CARTESIAN_POINT('',(7.618694038,3.56264516,7.335603557));
#6296=CARTESIAN_POINT('',(7.572418207,3.56264516,7.526481039));
#6297=CARTESIAN_POINT('',(7.525166538,3.56264516,7.717041452));
#6298=CARTESIAN_POINT('',(7.451386939,3.56264516,8.001939125));
#6299=CARTESIAN_POINT('',(7.400282615,3.56264516,8.191247735));
#6300=CARTESIAN_POINT('',(7.348227645,3.56264516,8.380247461));
#6301=CARTESIAN_POINT('',(7.321724838,3.56264516,8.474592883));
#6302=CARTESIAN_POINT('',(7.267776822,3.56264516,8.662977521));
#6303=CARTESIAN_POINT('',(7.240331613,3.56264516,8.757016738));
#6304=CARTESIAN_POINT('',(7.184506955,3.56264516,8.944791618));
#6305=CARTESIAN_POINT('',(7.141937782,3.56264516,9.085395114));
#6306=CARTESIAN_POINT('',(7.069252616,3.56264516,9.319170036));
#6307=CARTESIAN_POINT('',(6.99483843,3.56264516,9.552383166));
#6308=CARTESIAN_POINT('',(6.918138807,3.56264516,9.784853711));
#6309=CARTESIAN_POINT('',(6.839739886,3.56264516,10.016772122));
#6310=CARTESIAN_POINT('',(6.771020891,3.56264516,10.215289388));
#6311=CARTESIAN_POINT('',(6.717109608,3.56264516,10.367139619));
#6312=CARTESIAN_POINT('',(6.695785429,3.56264516,10.426621336));
#6313=CARTESIAN_POINT('',(8.358825612,3.31264266,2.486420444));
#6314=CARTESIAN_POINT('',(8.354384947,3.31264266,2.568544675));
#6315=CARTESIAN_POINT('',(8.349572074,3.31264266,2.650547969));
#6316=CARTESIAN_POINT('',(8.338004711,3.31264266,2.833313301));
#6317=CARTESIAN_POINT('',(8.33105882,3.31264266,2.934013149));
#6318=CARTESIAN_POINT('',(8.319805829,3.31264266,3.08479189));
#6319=CARTESIAN_POINT('',(8.308135756,3.31264266,3.235435112));
#6320=CARTESIAN_POINT('',(8.2952199,3.31264266,3.385673554));
#6321=CARTESIAN_POINT('',(8.276901024,3.31264266,3.585634802));
#6322=CARTESIAN_POINT('',(8.26719272,3.31264266,3.685437089));
#6323=CARTESIAN_POINT('',(8.246687925,3.31264266,3.884688088));
#6324=CARTESIAN_POINT('',(8.235891435,3.31264266,3.984136801));
#6325=CARTESIAN_POINT('',(8.218887659,3.31264266,4.133046998));
#6326=CARTESIAN_POINT('',(8.213084893,3.31264266,4.182639918));
#6327=CARTESIAN_POINT('',(8.195273837,3.31264266,4.331287814));
#6328=CARTESIAN_POINT('',(8.182862792,3.31264266,4.430211927));
#6329=CARTESIAN_POINT('',(8.163447722,3.31264266,4.578338646));
#6330=CARTESIAN_POINT('',(8.156842946,3.31264266,4.627670977));
#6331=CARTESIAN_POINT('',(8.136631111,3.31264266,4.775538812));
#6332=CARTESIAN_POINT('',(8.115624253,3.31264266,4.923148329));
#6333=CARTESIAN_POINT('',(8.078642565,3.31264266,5.168524014));
#6334=CARTESIAN_POINT('',(8.047487883,3.31264266,5.364314656));
#6335=CARTESIAN_POINT('',(8.022955119,3.31264266,5.510778537));
#6336=CARTESIAN_POINT('',(7.99803513,3.31264266,5.6571166));
#6337=CARTESIAN_POINT('',(7.972340701,3.31264266,5.803203032));
#6338=CARTESIAN_POINT('',(7.927597393,3.31264266,6.046056814));
#6339=CARTESIAN_POINT('',(7.890274038,3.31264266,6.239843133));
#6340=CARTESIAN_POINT('',(7.841725587,3.31264266,6.481460549));
#6341=CARTESIAN_POINT('',(7.801378029,3.31264266,6.674264244));
#6342=CARTESIAN_POINT('',(7.769995607,3.31264266,6.818502536));
#6343=CARTESIAN_POINT('',(7.738240897,3.31264266,6.962619863));
#6344=CARTESIAN_POINT('',(7.694908518,3.31264266,7.154453731));
#6345=CARTESIAN_POINT('',(7.649607871,3.31264266,7.34564807));
#6346=CARTESIAN_POINT('',(7.603331649,3.31264266,7.536525425));
#6347=CARTESIAN_POINT('',(7.55607985,3.31264266,7.727085796));
#6348=CARTESIAN_POINT('',(7.482300847,3.31264266,8.011983663));
#6349=CARTESIAN_POINT('',(7.431197444,3.31264266,8.201292571));
#6350=CARTESIAN_POINT('',(7.379143658,3.31264266,8.390292683));
#6351=CARTESIAN_POINT('',(7.352641575,3.31264266,8.48463834));
#6352=CARTESIAN_POINT('',(7.298695269,3.31264266,8.673023533));
#6353=CARTESIAN_POINT('',(7.271251046,3.31264266,8.76706307));
#6354=CARTESIAN_POINT('',(7.215428624,3.31264266,8.954838678));
#6355=CARTESIAN_POINT('',(7.172861326,3.31264266,9.095442783));
#6356=CARTESIAN_POINT('',(7.100179777,3.31264266,9.32921888));
#6357=CARTESIAN_POINT('',(7.025769701,3.31264266,9.562433345));
#6358=CARTESIAN_POINT('',(6.94907485,3.31264266,9.794905441));
#6359=CARTESIAN_POINT('',(6.870681195,3.31264266,10.026825563));
#6360=CARTESIAN_POINT('',(6.801967145,3.31264266,10.225344435));
#6361=CARTESIAN_POINT('',(6.748060014,3.31264266,10.377196015));
#6362=CARTESIAN_POINT('',(6.726737518,3.31264266,10.436678279));
#6363=CARTESIAN_POINT('',(8.387336458,3.06264016,2.495684179));
#6364=CARTESIAN_POINT('',(8.382892318,3.06264016,2.577807282));
#6365=CARTESIAN_POINT('',(8.378076051,3.06264016,2.659809472));
#6366=CARTESIAN_POINT('',(8.366501296,3.06264016,2.842572402));
#6367=CARTESIAN_POINT('',(8.359551449,3.06264016,2.943270966));
#6368=CARTESIAN_POINT('',(8.348292711,3.06264016,3.094047839));
#6369=CARTESIAN_POINT('',(8.336616985,3.06264016,3.244689224));
#6370=CARTESIAN_POINT('',(8.323695752,3.06264016,3.394925919));
#6371=CARTESIAN_POINT('',(8.305369957,3.06264016,3.594884919));
#6372=CARTESIAN_POINT('',(8.295658315,3.06264016,3.694686121));
#6373=CARTESIAN_POINT('',(8.275147091,3.06264016,3.893935032));
#6374=CARTESIAN_POINT('',(8.264347511,3.06264016,3.993382741));
#6375=CARTESIAN_POINT('',(8.247339281,3.06264016,4.142291491));
#6376=CARTESIAN_POINT('',(8.241535062,3.06264016,4.191883938));
#6377=CARTESIAN_POINT('',(8.223719739,3.06264016,4.340530448));
#6378=CARTESIAN_POINT('',(8.211305969,3.06264016,4.439453675));
#6379=CARTESIAN_POINT('',(8.191886996,3.06264016,4.587579126));
#6380=CARTESIAN_POINT('',(8.185280951,3.06264016,4.636911045));
#6381=CARTESIAN_POINT('',(8.165065396,3.06264016,4.784777672));
#6382=CARTESIAN_POINT('',(8.144055003,3.06264016,4.93238604));
#6383=CARTESIAN_POINT('',(8.107067879,3.06264016,5.177759959));
#6384=CARTESIAN_POINT('',(8.075909213,3.06264016,5.373549306));
#6385=CARTESIAN_POINT('',(8.051373733,3.06264016,5.520012304));
#6386=CARTESIAN_POINT('',(8.026451121,3.06264016,5.666349515));
#6387=CARTESIAN_POINT('',(8.000754249,3.06264016,5.812435153));
#6388=CARTESIAN_POINT('',(7.956007324,3.06264016,6.05528776));
#6389=CARTESIAN_POINT('',(7.918681437,3.06264016,6.249073257));
#6390=CARTESIAN_POINT('',(7.870130277,3.06264016,6.490689792));
#6391=CARTESIAN_POINT('',(7.829780912,3.06264016,6.6834929));
#6392=CARTESIAN_POINT('',(7.798397409,3.06264016,6.82773084));
#6393=CARTESIAN_POINT('',(7.766641704,3.06264016,6.971847844));
#6394=CARTESIAN_POINT('',(7.723308243,3.06264016,7.163681361));
#6395=CARTESIAN_POINT('',(7.678006996,3.06264016,7.354875506));
#6396=CARTESIAN_POINT('',(7.631730415,3.06264016,7.545752743));
#6397=CARTESIAN_POINT('',(7.584478499,3.06264016,7.736313077));
#6398=CARTESIAN_POINT('',(7.510700042,3.06264016,8.021211121));
#6399=CARTESIAN_POINT('',(7.459597485,3.06264016,8.210520304));
#6400=CARTESIAN_POINT('',(7.407544787,3.06264016,8.399520769));
#6401=CARTESIAN_POINT('',(7.381043368,3.06264016,8.493866642));
#6402=CARTESIAN_POINT('',(7.327098631,3.06264016,8.682252345));
#6403=CARTESIAN_POINT('',(7.299655315,3.06264016,8.776292177));
#6404=CARTESIAN_POINT('',(7.243834944,3.06264016,8.964068451));
#6405=CARTESIAN_POINT('',(7.201269367,3.06264016,9.104673115));
#6406=CARTESIAN_POINT('',(7.128591139,3.06264016,9.338450291));
#6407=CARTESIAN_POINT('',(7.054184838,3.06264016,9.571665983));
#6408=CARTESIAN_POINT('',(6.977494367,3.06264016,9.804139502));
#6409=CARTESIAN_POINT('',(6.899105549,3.06264016,10.036061195));
#6410=CARTESIAN_POINT('',(6.830396038,3.06264016,10.234581542));
#6411=CARTESIAN_POINT('',(6.776492717,3.06264016,10.38643436));
#6412=CARTESIAN_POINT('',(6.755171766,3.06264016,10.445917126));
#6413=CARTESIAN_POINT('',(8.406828109,2.875138285,2.502017401));
#6414=CARTESIAN_POINT('',(8.402381594,2.875138285,2.584139731));
#6415=CARTESIAN_POINT('',(8.397563008,2.875138285,2.666141168));
#6416=CARTESIAN_POINT('',(8.385983201,2.875138285,2.848902457));
#6417=CARTESIAN_POINT('',(8.379030652,2.875138285,2.949600143));
#6418=CARTESIAN_POINT('',(8.367767986,2.875138285,3.100375739));
#6419=CARTESIAN_POINT('',(8.356088395,2.875138285,3.251015869));
#6420=CARTESIAN_POINT('',(8.34316349,2.875138285,3.401251371));
#6421=CARTESIAN_POINT('',(8.324832965,2.875138285,3.601208833));
#6422=CARTESIAN_POINT('',(8.315119043,2.875138285,3.701009295));
#6423=CARTESIAN_POINT('',(8.294603427,2.875138285,3.900256779));
#6424=CARTESIAN_POINT('',(8.283801733,2.875138285,3.999703801));
#6425=CARTESIAN_POINT('',(8.266790463,2.875138285,4.148611563));
#6426=CARTESIAN_POINT('',(8.26098525,2.875138285,4.198203688));
#6427=CARTESIAN_POINT('',(8.243167009,2.875138285,4.346849249));
#6428=CARTESIAN_POINT('',(8.23075138,2.875138285,4.445771872));
#6429=CARTESIAN_POINT('',(8.211329741,2.875138285,4.593896457));
#6430=CARTESIAN_POINT('',(8.204722828,2.875138285,4.643228094));
#6431=CARTESIAN_POINT('',(8.184504731,2.875138285,4.791093895));
#6432=CARTESIAN_POINT('',(8.163491922,2.875138285,4.938701478));
#6433=CARTESIAN_POINT('',(8.126501084,2.875138285,5.184074189));
#6434=CARTESIAN_POINT('',(8.095339694,2.875138285,5.379862652));
#6435=CARTESIAN_POINT('',(8.070802359,2.875138285,5.526325047));
#6436=CARTESIAN_POINT('',(8.045877952,2.875138285,5.672661675));
#6437=CARTESIAN_POINT('',(8.020179413,2.875138285,5.818746772));
#6438=CARTESIAN_POINT('',(7.975430016,2.875138285,6.061598576));
#6439=CARTESIAN_POINT('',(7.9381024,2.875138285,6.25538351));
#6440=CARTESIAN_POINT('',(7.889549387,2.875138285,6.496999443));
#6441=CARTESIAN_POINT('',(7.849198789,2.875138285,6.689802151));
#6442=CARTESIAN_POINT('',(7.817814545,2.875138285,6.83403985));
#6443=CARTESIAN_POINT('',(7.786058163,2.875138285,6.978156634));
#6444=CARTESIAN_POINT('',(7.742723963,2.875138285,7.169989911));
#6445=CARTESIAN_POINT('',(7.697422305,2.875138285,7.361183922));
#6446=CARTESIAN_POINT('',(7.651145479,2.875138285,7.55206108));
#6447=CARTESIAN_POINT('',(7.603893482,2.875138285,7.742621387));
#6448=CARTESIAN_POINT('',(7.530115399,2.875138285,8.027519552));
#6449=CARTESIAN_POINT('',(7.47901342,2.875138285,8.216828924));
#6450=CARTESIAN_POINT('',(7.426961465,2.875138285,8.40582963));
#6451=CARTESIAN_POINT('',(7.4004605,2.875138285,8.50017565));
#6452=CARTESIAN_POINT('',(7.346516836,2.875138285,8.688561702));
#6453=CARTESIAN_POINT('',(7.319074137,2.875138285,8.782601734));
#6454=CARTESIAN_POINT('',(7.26325517,2.875138285,8.970378465));
#6455=CARTESIAN_POINT('',(7.220690768,2.875138285,9.110983511));
#6456=CARTESIAN_POINT('',(7.14801481,2.875138285,9.344761424));
#6457=CARTESIAN_POINT('',(7.073611089,2.875138285,9.577977954));
#6458=CARTESIAN_POINT('',(6.99692361,2.875138285,9.810452446));
#6459=CARTESIAN_POINT('',(6.918538096,2.875138285,10.042375213));
#6460=CARTESIAN_POINT('',(6.849831687,2.875138285,10.240896568));
#6461=CARTESIAN_POINT('',(6.79593097,2.875138285,10.392750232));
#6462=CARTESIAN_POINT('',(6.774611075,2.875138285,10.45223334));
#6463=CARTESIAN_POINT('',(8.425689566,2.68763641,2.50814586));
#6464=CARTESIAN_POINT('',(8.421240752,2.68763641,2.590267443));
#6465=CARTESIAN_POINT('',(8.416419923,2.68763641,2.672268152));
#6466=CARTESIAN_POINT('',(8.404835231,2.68763641,2.855027853));
#6467=CARTESIAN_POINT('',(8.397880066,2.68763641,2.955724688));
#6468=CARTESIAN_POINT('',(8.386613601,2.68763641,3.106499051));
#6469=CARTESIAN_POINT('',(8.374930273,2.68763641,3.257137966));
#6470=CARTESIAN_POINT('',(8.362001812,2.68763641,3.407372312));
#6471=CARTESIAN_POINT('',(8.343666713,2.68763641,3.607328289));
#6472=CARTESIAN_POINT('',(8.333950585,2.68763641,3.707128034));
#6473=CARTESIAN_POINT('',(8.313430718,2.68763641,3.906374137));
#6474=CARTESIAN_POINT('',(8.302626983,2.68763641,4.005820495));
#6475=CARTESIAN_POINT('',(8.285612767,2.68763641,4.1547273));
#6476=CARTESIAN_POINT('',(8.279806593,2.68763641,4.204319113));
#6477=CARTESIAN_POINT('',(8.261985531,2.68763641,4.352963757));
#6478=CARTESIAN_POINT('',(8.249568098,2.68763641,4.451885795));
#6479=CARTESIAN_POINT('',(8.230143882,2.68763641,4.600009542));
#6480=CARTESIAN_POINT('',(8.223536129,2.68763641,4.649340906));
#6481=CARTESIAN_POINT('',(8.203315574,2.68763641,4.797205908));
#6482=CARTESIAN_POINT('',(8.182300426,2.68763641,4.944812731));
#6483=CARTESIAN_POINT('',(8.145305994,2.68763641,5.190184275));
#6484=CARTESIAN_POINT('',(8.114141971,2.68763641,5.385971882));
#6485=CARTESIAN_POINT('',(8.08960284,2.68763641,5.532433694));
#6486=CARTESIAN_POINT('',(8.0646767,2.68763641,5.678769759));
#6487=CARTESIAN_POINT('',(8.038976544,2.68763641,5.82485433));
#6488=CARTESIAN_POINT('',(7.994224756,2.68763641,6.067705357));
#6489=CARTESIAN_POINT('',(7.956895467,2.68763641,6.261489748));
#6490=CARTESIAN_POINT('',(7.908340662,2.68763641,6.503105099));
#6491=CARTESIAN_POINT('',(7.86798887,2.68763641,6.695907418));
#6492=CARTESIAN_POINT('',(7.83660391,2.68763641,6.840144885));
#6493=CARTESIAN_POINT('',(7.804846872,2.68763641,6.984261456));
#6494=CARTESIAN_POINT('',(7.761511955,2.68763641,7.1760945));
#6495=CARTESIAN_POINT('',(7.716209902,2.68763641,7.367288382));
#6496=CARTESIAN_POINT('',(7.669932838,2.68763641,7.558165463));
#6497=CARTESIAN_POINT('',(7.622680764,2.68763641,7.748725745));
#6498=CARTESIAN_POINT('',(7.548903042,2.68763641,8.033624028));
#6499=CARTESIAN_POINT('',(7.497801621,2.68763641,8.22293358));
#6500=CARTESIAN_POINT('',(7.445750386,2.68763641,8.411934521));
#6501=CARTESIAN_POINT('',(7.41924986,2.68763641,8.506280684));
#6502=CARTESIAN_POINT('',(7.365307234,2.68763641,8.694667072));
#6503=CARTESIAN_POINT('',(7.337865134,2.68763641,8.7887073));
#6504=CARTESIAN_POINT('',(7.282047523,2.68763641,8.97648447));
#6505=CARTESIAN_POINT('',(7.23948426,2.68763641,9.117089886));
#6506=CARTESIAN_POINT('',(7.166810497,2.68763641,9.350868513));
#6507=CARTESIAN_POINT('',(7.092409271,2.68763641,9.584085854));
#6508=CARTESIAN_POINT('',(7.015724689,2.68763641,9.816561286));
#6509=CARTESIAN_POINT('',(6.937342371,2.68763641,10.048485092));
#6510=CARTESIAN_POINT('',(6.868638964,2.68763641,10.247007422));
#6511=CARTESIAN_POINT('',(6.814740766,2.68763641,10.398861905));
#6512=CARTESIAN_POINT('',(6.793421893,2.68763641,10.458345346));
#6513=CARTESIAN_POINT('',(8.443290655,2.500134535,2.5138648));
#6514=CARTESIAN_POINT('',(8.438839698,2.500134535,2.595985687));
#6515=CARTESIAN_POINT('',(8.434016775,2.500134535,2.677985715));
#6516=CARTESIAN_POINT('',(8.422427521,2.500134535,2.860743934));
#6517=CARTESIAN_POINT('',(8.415469918,2.500134535,2.961439978));
#6518=CARTESIAN_POINT('',(8.404199909,2.500134535,3.112213189));
#6519=CARTESIAN_POINT('',(8.392513093,2.500134535,3.262850971));
#6520=CARTESIAN_POINT('',(8.379581318,2.500134535,3.41308424));
#6521=CARTESIAN_POINT('',(8.361241949,2.500134535,3.61303883));
#6522=CARTESIAN_POINT('',(8.351523763,2.500134535,3.712837905));
#6523=CARTESIAN_POINT('',(8.330999933,2.500134535,3.912082721));
#6524=CARTESIAN_POINT('',(8.320194289,2.500134535,4.011528459));
#6525=CARTESIAN_POINT('',(8.303177329,2.500134535,4.160434372));
#6526=CARTESIAN_POINT('',(8.297370259,2.500134535,4.210025894));
#6527=CARTESIAN_POINT('',(8.279546564,2.500134535,4.358669683));
#6528=CARTESIAN_POINT('',(8.267127454,2.500134535,4.457591175));
#6529=CARTESIAN_POINT('',(8.247700829,2.500134535,4.60571414));
#6530=CARTESIAN_POINT('',(8.241092293,2.500134535,4.655045249));
#6531=CARTESIAN_POINT('',(8.220869444,2.500134535,4.802909506));
#6532=CARTESIAN_POINT('',(8.199852116,2.500134535,4.950515621));
#6533=CARTESIAN_POINT('',(8.162854331,2.500134535,5.195886075));
#6534=CARTESIAN_POINT('',(8.131687849,2.500134535,5.391672884));
#6535=CARTESIAN_POINT('',(8.107147045,2.500134535,5.538134152));
#6536=CARTESIAN_POINT('',(8.082219284,2.500134535,5.68446969));
#6537=CARTESIAN_POINT('',(8.056517623,2.500134535,5.830553772));
#6538=CARTESIAN_POINT('',(8.011763605,2.500134535,6.073404074));
#6539=CARTESIAN_POINT('',(7.974432756,2.500134535,6.267187958));
#6540=CARTESIAN_POINT('',(7.925876279,2.500134535,6.508802766));
#6541=CARTESIAN_POINT('',(7.885523373,2.500134535,6.701604724));
#6542=CARTESIAN_POINT('',(7.854137745,2.500134535,6.845841974));
#6543=CARTESIAN_POINT('',(7.822380095,2.500134535,6.989958345));
#6544=CARTESIAN_POINT('',(7.779044512,2.500134535,7.181791173));
#6545=CARTESIAN_POINT('',(7.733742088,2.500134535,7.372984934));
#6546=CARTESIAN_POINT('',(7.687464802,2.500134535,7.563861944));
#6547=CARTESIAN_POINT('',(7.640212654,2.500134535,7.754422202));
#6548=CARTESIAN_POINT('',(7.566435269,2.500134535,8.039320594));
#6549=CARTESIAN_POINT('',(7.515334371,2.500134535,8.228630316));
#6550=CARTESIAN_POINT('',(7.463283806,2.500134535,8.417631474));
#6551=CARTESIAN_POINT('',(7.436783689,2.500134535,8.51197777));
#6552=CARTESIAN_POINT('',(7.382842032,2.500134535,8.700364474));
#6553=CARTESIAN_POINT('',(7.355400491,2.500134535,8.794404882));
#6554=CARTESIAN_POINT('',(7.299584146,2.500134535,8.982182464));
#6555=CARTESIAN_POINT('',(7.257021943,2.500134535,9.122788225));
#6556=CARTESIAN_POINT('',(7.184350228,2.500134535,9.356567517));
#6557=CARTESIAN_POINT('',(7.109951332,2.500134535,9.589785615));
#6558=CARTESIAN_POINT('',(7.03326945,2.500134535,9.822261925));
#6559=CARTESIAN_POINT('',(6.954890115,2.500134535,10.0541867));
#6560=CARTESIAN_POINT('',(6.886189507,2.500134535,10.25270994));
#6561=CARTESIAN_POINT('',(6.832293661,2.500134535,10.404565186));
#6562=CARTESIAN_POINT('',(6.81097574,2.500134535,10.464048936));
#6563=CARTESIAN_POINT('',(8.464240223,2.250132035,2.520671727));
#6564=CARTESIAN_POINT('',(8.459786715,2.250132035,2.602791786));
#6565=CARTESIAN_POINT('',(8.454961302,2.250132035,2.684791005));
#6566=CARTESIAN_POINT('',(8.443366627,2.250132035,2.867547462));
#6567=CARTESIAN_POINT('',(8.436406121,2.250132035,2.968242563));
#6568=CARTESIAN_POINT('',(8.425131893,2.250132035,3.119014403));
#6569=CARTESIAN_POINT('',(8.413440929,2.250132035,3.269650837));
#6570=CARTESIAN_POINT('',(8.40050521,2.250132035,3.419882825));
#6571=CARTESIAN_POINT('',(8.382160762,2.250132035,3.619835764));
#6572=CARTESIAN_POINT('',(8.372440128,2.250132035,3.719634044));
#6573=CARTESIAN_POINT('',(8.351911581,2.250132035,3.918877327));
#6574=CARTESIAN_POINT('',(8.34110367,2.250132035,4.018322329));
#6575=CARTESIAN_POINT('',(8.324083442,2.250132035,4.16722718));
#6576=CARTESIAN_POINT('',(8.318275306,2.250132035,4.216818355));
#6577=CARTESIAN_POINT('',(8.300448476,2.250132035,4.365461126));
#6578=CARTESIAN_POINT('',(8.288027368,2.250132035,4.464381969));
#6579=CARTESIAN_POINT('',(8.268597881,2.250132035,4.612504004));
#6580=CARTESIAN_POINT('',(8.261988413,2.250132035,4.66183481));
#6581=CARTESIAN_POINT('',(8.241762835,2.250132035,4.80969818));
#6582=CARTESIAN_POINT('',(8.220742914,2.250132035,4.957303453));
#6583=CARTESIAN_POINT('',(8.183741139,2.250132035,5.202672611));
#6584=CARTESIAN_POINT('',(8.152571734,2.250132035,5.398458469));
#6585=CARTESIAN_POINT('',(8.128028937,2.250132035,5.544919089));
#6586=CARTESIAN_POINT('',(8.103099251,2.250132035,5.691254002));
#6587=CARTESIAN_POINT('',(8.077395796,2.250132035,5.837337502));
#6588=CARTESIAN_POINT('',(8.032639124,2.250132035,6.080186942));
#6589=CARTESIAN_POINT('',(7.995306418,2.250132035,6.273970222));
#6590=CARTESIAN_POINT('',(7.946747953,2.250132035,6.515584384));
#6591=CARTESIAN_POINT('',(7.906393722,2.250132035,6.708385911));
#6592=CARTESIAN_POINT('',(7.875007298,2.250132035,6.852622903));
#6593=CARTESIAN_POINT('',(7.843248921,2.250132035,6.996739038));
#6594=CARTESIAN_POINT('',(7.799912542,2.250132035,7.188571607));
#6595=CARTESIAN_POINT('',(7.754609679,2.250132035,7.379765226));
#6596=CARTESIAN_POINT('',(7.70833213,2.250132035,7.570642149));
#6597=CARTESIAN_POINT('',(7.661079896,2.250132035,7.761202379));
#6598=CARTESIAN_POINT('',(7.587302911,2.250132035,8.046100902));
#6599=CARTESIAN_POINT('',(7.536202635,2.250132035,8.235410826));
#6600=CARTESIAN_POINT('',(7.484152867,2.250132035,8.424412243));
#6601=CARTESIAN_POINT('',(7.457653238,2.250132035,8.518758697));
#6602=CARTESIAN_POINT('',(7.403712732,2.250132035,8.707145775));
#6603=CARTESIAN_POINT('',(7.376271855,2.250132035,8.8011864));
#6604=CARTESIAN_POINT('',(7.320457017,2.250132035,8.988964471));
#6605=CARTESIAN_POINT('',(7.277896077,2.250132035,9.129570642));
#6606=CARTESIAN_POINT('',(7.2052268,2.250132035,9.363350726));
#6607=CARTESIAN_POINT('',(7.130830671,2.250132035,9.596569724));
#6608=CARTESIAN_POINT('',(7.054152005,2.250132035,9.829047078));
#6609=CARTESIAN_POINT('',(6.975776218,2.250132035,10.060973006));
#6610=CARTESIAN_POINT('',(6.907078941,2.250132035,10.259497328));
#6611=CARTESIAN_POINT('',(6.85318589,2.250132035,10.411353483));
#6612=CARTESIAN_POINT('',(6.831869103,2.250132035,10.470837601));
#6613=CARTESIAN_POINT('',(8.478693614,2.06263016,2.525367919));
#6614=CARTESIAN_POINT('',(8.474238347,2.06263016,2.607487406));
#6615=CARTESIAN_POINT('',(8.469411216,2.06263016,2.689486066));
#6616=CARTESIAN_POINT('',(8.457812801,2.06263016,2.872241309));
#6617=CARTESIAN_POINT('',(8.450850292,2.06263016,2.972935758));
#6618=CARTESIAN_POINT('',(8.439573156,2.06263016,3.123706653));
#6619=CARTESIAN_POINT('',(8.42787933,2.06263016,3.274342158));
#6620=CARTESIAN_POINT('',(8.414940891,2.06263016,3.424573262));
#6621=CARTESIAN_POINT('',(8.39659294,2.06263016,3.624525063));
#6622=CARTESIAN_POINT('',(8.386870617,2.06263016,3.724322795));
#6623=CARTESIAN_POINT('',(8.366338817,2.06263016,3.92356502));
#6624=CARTESIAN_POINT('',(8.355529341,2.06263016,4.023009513));
#6625=CARTESIAN_POINT('',(8.33850686,2.06263016,4.171913633));
#6626=CARTESIAN_POINT('',(8.332697988,2.06263016,4.221504568));
#6627=CARTESIAN_POINT('',(8.314868998,2.06263016,4.370146637));
#6628=CARTESIAN_POINT('',(8.302446512,2.06263016,4.469067033));
#6629=CARTESIAN_POINT('',(8.283015049,2.06263016,4.617188426));
#6630=CARTESIAN_POINT('',(8.276404939,2.06263016,4.666519024));
#6631=CARTESIAN_POINT('',(8.256177479,2.06263016,4.814381782));
#6632=CARTESIAN_POINT('',(8.235155768,2.06263016,4.961986473));
#6633=CARTESIAN_POINT('',(8.198151241,2.06263016,5.207354737));
#6634=CARTESIAN_POINT('',(8.16697982,2.06263016,5.40313994));
#6635=CARTESIAN_POINT('',(8.142435648,2.06263016,5.549600114));
#6636=CARTESIAN_POINT('',(8.117504635,2.06263016,5.695934595));
#6637=CARTESIAN_POINT('',(8.091799944,2.06263016,5.842017693));
#6638=CARTESIAN_POINT('',(8.047041441,2.06263016,6.084866538));
#6639=CARTESIAN_POINT('',(8.009707454,2.06263016,6.278649402));
#6640=CARTESIAN_POINT('',(7.961147617,2.06263016,6.520263118));
#6641=CARTESIAN_POINT('',(7.920792472,2.06263016,6.713064349));
#6642=CARTESIAN_POINT('',(7.889405501,2.06263016,6.857301162));
#6643=CARTESIAN_POINT('',(7.85764662,2.06263016,7.001417134));
#6644=CARTESIAN_POINT('',(7.814309695,2.06263016,7.193249525));
#6645=CARTESIAN_POINT('',(7.769006527,2.06263016,7.384443045));
#6646=CARTESIAN_POINT('',(7.722728797,2.06263016,7.57531991));
#6647=CARTESIAN_POINT('',(7.675476503,2.06263016,7.765880121));
#6648=CARTESIAN_POINT('',(7.601699795,2.06263016,8.050778733));
#6649=CARTESIAN_POINT('',(7.550599947,2.06263016,8.240088796));
#6650=CARTESIAN_POINT('',(7.49855073,2.06263016,8.429090392));
#6651=CARTESIAN_POINT('',(7.472051437,2.06263016,8.523436956));
#6652=CARTESIAN_POINT('',(7.418111725,2.06263016,8.711824292));
#6653=CARTESIAN_POINT('',(7.390671306,2.06263016,8.805865065));
#6654=CARTESIAN_POINT('',(7.334857508,2.06263016,8.993643474));
#6655=CARTESIAN_POINT('',(7.292297438,2.06263016,9.134249928));
#6656=CARTESIAN_POINT('',(7.219629841,2.06263016,9.368030558));
#6657=CARTESIAN_POINT('',(7.145235623,2.06263016,9.601250176));
#6658=CARTESIAN_POINT('',(7.068559174,2.06263016,9.833728251));
#6659=CARTESIAN_POINT('',(6.990185834,2.06263016,10.065654974));
#6660=CARTESIAN_POINT('',(6.921490855,2.06263016,10.264180043));
#6661=CARTESIAN_POINT('',(6.867599733,2.06263016,10.416036824));
#6662=CARTESIAN_POINT('',(6.846283728,2.06263016,10.475521197));
#6663=CARTESIAN_POINT('',(8.491888674,1.875128285,2.529655254));
#6664=CARTESIAN_POINT('',(8.487431802,1.875128285,2.611774219));
#6665=CARTESIAN_POINT('',(8.482603104,1.875128285,2.693772371));
#6666=CARTESIAN_POINT('',(8.471001271,1.875128285,2.876526502));
#6667=CARTESIAN_POINT('',(8.464036937,1.875128285,2.977220359));
#6668=CARTESIAN_POINT('',(8.452757146,1.875128285,3.127990391));
#6669=CARTESIAN_POINT('',(8.441060708,1.875128285,3.278625047));
#6670=CARTESIAN_POINT('',(8.428119785,1.875128285,3.428855344));
#6671=CARTESIAN_POINT('',(8.409768638,1.875128285,3.628806107));
#6672=CARTESIAN_POINT('',(8.400044773,1.875128285,3.728603337));
#6673=CARTESIAN_POINT('',(8.379510004,1.875128285,3.927844598));
#6674=CARTESIAN_POINT('',(8.3686991,1.875128285,4.027288627));
#6675=CARTESIAN_POINT('',(8.351674562,1.875128285,4.176192078));
#6676=CARTESIAN_POINT('',(8.345865018,1.875128285,4.225782796));
#6677=CARTESIAN_POINT('',(8.328034058,1.875128285,4.374424225));
#6678=CARTESIAN_POINT('',(8.315610313,1.875128285,4.473344211));
#6679=CARTESIAN_POINT('',(8.296177047,1.875128285,4.621465018));
#6680=CARTESIAN_POINT('',(8.289566351,1.875128285,4.670795425));
#6681=CARTESIAN_POINT('',(8.269337174,1.875128285,4.818657626));
#6682=CARTESIAN_POINT('',(8.248313828,1.875128285,4.966261786));
#6683=CARTESIAN_POINT('',(8.21130679,1.875128285,5.211629234));
#6684=CARTESIAN_POINT('',(8.180133528,1.875128285,5.407413839));
#6685=CARTESIAN_POINT('',(8.155588103,1.875128285,5.553873605));
#6686=CARTESIAN_POINT('',(8.130655877,1.875128285,5.700207693));
#6687=CARTESIAN_POINT('',(8.104950058,1.875128285,5.846290424));
#6688=CARTESIAN_POINT('',(8.060189884,1.875128285,6.089138726));
#6689=CARTESIAN_POINT('',(8.022854727,1.875128285,6.28292121));
#6690=CARTESIAN_POINT('',(7.974293639,1.875128285,6.52453452));
#6691=CARTESIAN_POINT('',(7.933937659,1.875128285,6.717335479));
#6692=CARTESIAN_POINT('',(7.902550188,1.875128285,6.86157213));
#6693=CARTESIAN_POINT('',(7.870790849,1.875128285,7.005687953));
#6694=CARTESIAN_POINT('',(7.827453423,1.875128285,7.197520181));
#6695=CARTESIAN_POINT('',(7.782149979,1.875128285,7.388713612));
#6696=CARTESIAN_POINT('',(7.735872083,1.875128285,7.579590423));
#6697=CARTESIAN_POINT('',(7.688619734,1.875128285,7.770150615));
#6698=CARTESIAN_POINT('',(7.614843279,1.875128285,8.055049309));
#6699=CARTESIAN_POINT('',(7.563743821,1.875128285,8.2443595));
#6700=CARTESIAN_POINT('',(7.511695106,1.875128285,8.433361259));
#6701=CARTESIAN_POINT('',(7.48519612,1.875128285,8.527707922));
#6702=CARTESIAN_POINT('',(7.431257134,1.875128285,8.716095494));
#6703=CARTESIAN_POINT('',(7.403817134,1.875128285,8.810136403));
#6704=CARTESIAN_POINT('',(7.348004283,1.875128285,8.99791512));
#6705=CARTESIAN_POINT('',(7.305445008,1.875128285,9.138521833));
#6706=CARTESIAN_POINT('',(7.232778945,1.875128285,9.372302961));
#6707=CARTESIAN_POINT('',(7.158386472,1.875128285,9.605523146));
#6708=CARTESIAN_POINT('',(7.081712045,1.875128285,9.838001878));
#6709=CARTESIAN_POINT('',(7.003340939,1.875128285,10.069929327));
#6710=CARTESIAN_POINT('',(6.934648057,1.875128285,10.268455077));
#6711=CARTESIAN_POINT('',(6.880758695,1.875128285,10.42031243));
#6712=CARTESIAN_POINT('',(6.859443404,1.875128285,10.479797035));
#6713=CARTESIAN_POINT('',(8.503825816,1.68762641,2.533533866));
#6714=CARTESIAN_POINT('',(8.499367491,1.68762641,2.615652359));
#6715=CARTESIAN_POINT('',(8.494537375,1.68762641,2.69765005));
#6716=CARTESIAN_POINT('',(8.482932454,1.68762641,2.880403179));
#6717=CARTESIAN_POINT('',(8.475966468,1.68762641,2.981096498));
#6718=CARTESIAN_POINT('',(8.464684275,1.68762641,3.13186575));
#6719=CARTESIAN_POINT('',(8.452985475,1.68762641,3.282499639));
#6720=CARTESIAN_POINT('',(8.440042305,1.68762641,3.432729206));
#6721=CARTESIAN_POINT('',(8.421688267,1.68762641,3.632679029));
#6722=CARTESIAN_POINT('',(8.411963008,1.68762641,3.732475807));
#6723=CARTESIAN_POINT('',(8.391425552,1.68762641,3.931716194));
#6724=CARTESIAN_POINT('',(8.380613358,1.68762641,4.031159804));
#6725=CARTESIAN_POINT('',(8.363586959,1.68762641,4.180062651));
#6726=CARTESIAN_POINT('',(8.357776808,1.68762641,4.229653171));
#6727=CARTESIAN_POINT('',(8.339944065,1.68762641,4.37829402));
#6728=CARTESIAN_POINT('',(8.327519182,1.68762641,4.477213637));
#6729=CARTESIAN_POINT('',(8.308084286,1.68762641,4.625333915));
#6730=CARTESIAN_POINT('',(8.301473058,1.68762641,4.674664149));
#6731=CARTESIAN_POINT('',(8.281242327,1.68762641,4.822525845));
#6732=CARTESIAN_POINT('',(8.260217504,1.68762641,4.970129525));
#6733=CARTESIAN_POINT('',(8.223208195,1.68762641,5.215496235));
#6734=CARTESIAN_POINT('',(8.192033269,1.68762641,5.411280299));
#6735=CARTESIAN_POINT('',(8.167486708,1.68762641,5.557739697));
#6736=CARTESIAN_POINT('',(8.142553385,1.68762641,5.704073428));
#6737=CARTESIAN_POINT('',(8.116846546,1.68762641,5.850155827));
#6738=CARTESIAN_POINT('',(8.072084861,1.68762641,6.093003638));
#6739=CARTESIAN_POINT('',(8.034748648,1.68762641,6.286785779));
#6740=CARTESIAN_POINT('',(7.986186426,1.68762641,6.528398721));
#6741=CARTESIAN_POINT('',(7.945829693,1.68762641,6.721199435));
#6742=CARTESIAN_POINT('',(7.914441769,1.68762641,6.865435939));
#6743=CARTESIAN_POINT('',(7.882682015,1.68762641,7.009551627));
#6744=CARTESIAN_POINT('',(7.839344138,1.68762641,7.201383709));
#6745=CARTESIAN_POINT('',(7.794040442,1.68762641,7.392577057));
#6746=CARTESIAN_POINT('',(7.747762396,1.68762641,7.583453819));
#6747=CARTESIAN_POINT('',(7.700509999,1.68762641,7.774013997));
#6748=CARTESIAN_POINT('',(7.62673377,1.68762641,8.058912764));
#6749=CARTESIAN_POINT('',(7.575634667,1.68762641,8.24822307));
#6750=CARTESIAN_POINT('',(7.523586406,1.68762641,8.437224977));
#6751=CARTESIAN_POINT('',(7.497087698,1.68762641,8.53157173));
#6752=CARTESIAN_POINT('',(7.443149367,1.68762641,8.719959515));
#6753=CARTESIAN_POINT('',(7.415709745,1.68762641,8.814000547));
#6754=CARTESIAN_POINT('',(7.359897752,1.68762641,9.001779543));
#6755=CARTESIAN_POINT('',(7.317339196,1.68762641,9.142386489));
#6756=CARTESIAN_POINT('',(7.244674521,1.68762641,9.376168068));
#6757=CARTESIAN_POINT('',(7.170283625,1.68762641,9.609388765));
#6758=CARTESIAN_POINT('',(7.093611028,1.68762641,9.841868092));
#6759=CARTESIAN_POINT('',(7.015241943,1.68762641,10.073796197));
#6760=CARTESIAN_POINT('',(6.946550958,1.68762641,10.272322564));
#6761=CARTESIAN_POINT('',(6.892663188,1.68762641,10.424180434));
#6762=CARTESIAN_POINT('',(6.871348542,1.68762641,10.483665249));
#6763=CARTESIAN_POINT('',(8.514505413,1.500124535,2.537003878));
#6764=CARTESIAN_POINT('',(8.510045789,1.500124535,2.619121949));
#6765=CARTESIAN_POINT('',(8.505214405,1.500124535,2.701119228));
#6766=CARTESIAN_POINT('',(8.493606722,1.500124535,2.883871459));
#6767=CARTESIAN_POINT('',(8.486639256,1.500124535,2.984564298));
#6768=CARTESIAN_POINT('',(8.475354917,1.500124535,3.135332852));
#6769=CARTESIAN_POINT('',(8.463654003,1.500124535,3.285966054));
#6770=CARTESIAN_POINT('',(8.450708824,1.500124535,3.436194968));
#6771=CARTESIAN_POINT('',(8.4323522,1.500124535,3.636143951));
#6772=CARTESIAN_POINT('',(8.422625693,1.500124535,3.735940323));
#6773=CARTESIAN_POINT('',(8.402085836,1.500124535,3.93517993));
#6774=CARTESIAN_POINT('',(8.391272487,1.500124535,4.034623165));
#6775=CARTESIAN_POINT('',(8.374244422,1.500124535,4.183525471));
#6776=CARTESIAN_POINT('',(8.368433729,1.500124535,4.233115815));
#6777=CARTESIAN_POINT('',(8.350599389,1.500124535,4.381756145));
#6778=CARTESIAN_POINT('',(8.33817349,1.500124535,4.480675432));
#6779=CARTESIAN_POINT('',(8.318737135,1.500124535,4.628795235));
#6780=CARTESIAN_POINT('',(8.312125433,1.500124535,4.678125316));
#6781=CARTESIAN_POINT('',(8.291893311,1.500124535,4.82598656));
#6782=CARTESIAN_POINT('',(8.270867168,1.500124535,4.97358981));
#6783=CARTESIAN_POINT('',(8.233855828,1.500124535,5.21895586));
#6784=CARTESIAN_POINT('',(8.202679411,1.500124535,5.41473944));
#6785=CARTESIAN_POINT('',(8.178131836,1.500124535,5.561198508));
#6786=CARTESIAN_POINT('',(8.153197532,1.500124535,5.707531921));
#6787=CARTESIAN_POINT('',(8.127489781,1.500124535,5.853614024));
#6788=CARTESIAN_POINT('',(8.082726744,1.500124535,6.096461396));
#6789=CARTESIAN_POINT('',(8.045389584,1.500124535,6.290243229));
#6790=CARTESIAN_POINT('',(7.99682635,1.500124535,6.531855841));
#6791=CARTESIAN_POINT('',(7.956468942,1.500124535,6.724656336));
#6792=CARTESIAN_POINT('',(7.925080613,1.500124535,6.868892709));
#6793=CARTESIAN_POINT('',(7.893320488,1.500124535,7.013008276));
#6794=CARTESIAN_POINT('',(7.849982206,1.500124535,7.204840227));
#6795=CARTESIAN_POINT('',(7.804678287,1.500124535,7.396033503));
#6796=CARTESIAN_POINT('',(7.758400107,1.500124535,7.586910221));
#6797=CARTESIAN_POINT('',(7.711147665,1.500124535,7.777470384));
#6798=CARTESIAN_POINT('',(7.637371641,1.500124535,8.062369218));
#6799=CARTESIAN_POINT('',(7.586272854,1.500124535,8.251679626));
#6800=CARTESIAN_POINT('',(7.534225,1.500124535,8.440681665));
#6801=CARTESIAN_POINT('',(7.50772654,1.500124535,8.535028499));
#6802=CARTESIAN_POINT('',(7.453788796,1.500124535,8.723416475));
#6803=CARTESIAN_POINT('',(7.426349511,1.500124535,8.817457617));
#6804=CARTESIAN_POINT('',(7.370538286,1.500124535,9.005236862));
#6805=CARTESIAN_POINT('',(7.327980373,1.500124535,9.145844016));
#6806=CARTESIAN_POINT('',(7.255316939,1.500124535,9.379625999));
#6807=CARTESIAN_POINT('',(7.180927453,1.500124535,9.612847154));
#6808=CARTESIAN_POINT('',(7.104256493,1.500124535,9.845327013));
#6809=CARTESIAN_POINT('',(7.025889215,1.500124535,10.077255706));
#6810=CARTESIAN_POINT('',(6.957199927,1.500124535,10.275782624));
#6811=CARTESIAN_POINT('',(6.903313582,1.500124535,10.427640957));
#6812=CARTESIAN_POINT('',(6.881999513,1.500124535,10.487125959));
#6813=CARTESIAN_POINT('',(8.523927801,1.31262266,2.540065397));
#6814=CARTESIAN_POINT('',(8.519467031,1.31262266,2.622183096));
#6815=CARTESIAN_POINT('',(8.514634528,1.31262266,2.704180011));
#6816=CARTESIAN_POINT('',(8.503024408,1.31262266,2.88693145));
#6817=CARTESIAN_POINT('',(8.496055637,1.31262266,2.987623865));
#6818=CARTESIAN_POINT('',(8.484769404,1.31262266,3.138391805));
#6819=CARTESIAN_POINT('',(8.473066626,1.31262266,3.2890244));
#6820=CARTESIAN_POINT('',(8.460119676,1.31262266,3.439252739));
#6821=CARTESIAN_POINT('',(8.441760769,1.31262266,3.63920098));
#6822=CARTESIAN_POINT('',(8.432033162,1.31262266,3.738996995));
#6823=CARTESIAN_POINT('',(8.411491187,1.31262266,3.938235914));
#6824=CARTESIAN_POINT('',(8.400676817,1.31262266,4.037678817));
#6825=CARTESIAN_POINT('',(8.383647286,1.31262266,4.186580646));
#6826=CARTESIAN_POINT('',(8.377836113,1.31262266,4.236170834));
#6827=CARTESIAN_POINT('',(8.360000367,1.31262266,4.384810708));
#6828=CARTESIAN_POINT('',(8.347573568,1.31262266,4.483729702));
#6829=CARTESIAN_POINT('',(8.328135928,1.31262266,4.631849088));
#6830=CARTESIAN_POINT('',(8.321523807,1.31262266,4.681179032));
#6831=CARTESIAN_POINT('',(8.301290459,1.31262266,4.829039878));
#6832=CARTESIAN_POINT('',(8.280263151,1.31262266,4.97664275));
#6833=CARTESIAN_POINT('',(8.243250018,1.31262266,5.222008218));
#6834=CARTESIAN_POINT('',(8.212072287,1.31262266,5.417791371));
#6835=CARTESIAN_POINT('',(8.187523817,1.31262266,5.564250148));
#6836=CARTESIAN_POINT('',(8.162588648,1.31262266,5.710583279));
#6837=CARTESIAN_POINT('',(8.136880091,1.31262266,5.856665121));
#6838=CARTESIAN_POINT('',(8.092115862,1.31262266,6.099512105));
#6839=CARTESIAN_POINT('',(8.054777868,1.31262266,6.293293668));
#6840=CARTESIAN_POINT('',(8.006213741,1.31262266,6.53490599));
#6841=CARTESIAN_POINT('',(7.965855736,1.31262266,6.727706291));
#6842=CARTESIAN_POINT('',(7.934467051,1.31262266,6.871942547));
#6843=CARTESIAN_POINT('',(7.902706599,1.31262266,7.016058009));
#6844=CARTESIAN_POINT('',(7.85936796,1.31262266,7.207889843));
#6845=CARTESIAN_POINT('',(7.814063843,1.31262266,7.399083055));
#6846=CARTESIAN_POINT('',(7.767785544,1.31262266,7.589959735));
#6847=CARTESIAN_POINT('',(7.720533065,1.31262266,7.780519885));
#6848=CARTESIAN_POINT('',(7.64675722,1.31262266,8.065418778));
#6849=CARTESIAN_POINT('',(7.595658712,1.31262266,8.254729276));
#6850=CARTESIAN_POINT('',(7.543611216,1.31262266,8.443731432));
#6851=CARTESIAN_POINT('',(7.517112975,1.31262266,8.538078337));
#6852=CARTESIAN_POINT('',(7.463175749,1.31262266,8.726466481));
#6853=CARTESIAN_POINT('',(7.435736764,1.31262266,8.82050772));
#6854=CARTESIAN_POINT('',(7.379926214,1.31262266,9.008287185));
#6855=CARTESIAN_POINT('',(7.337368869,1.31262266,9.148894524));
#6856=CARTESIAN_POINT('',(7.264706529,1.31262266,9.382676862));
#6857=CARTESIAN_POINT('',(7.190318287,1.31262266,9.615898422));
#6858=CARTESIAN_POINT('',(7.113648773,1.31262266,9.84837875));
#6859=CARTESIAN_POINT('',(7.035283088,1.31262266,10.08030796));
#6860=CARTESIAN_POINT('',(6.966595297,1.31262266,10.278835364));
#6861=CARTESIAN_POINT('',(6.912710207,1.31262266,10.430694106));
#6862=CARTESIAN_POINT('',(6.891396648,1.31262266,10.490179273));
#6863=CARTESIAN_POINT('',(8.532093274,1.125120785,2.54271852));
#6864=CARTESIAN_POINT('',(8.527631511,1.125120785,2.624835896));
#6865=CARTESIAN_POINT('',(8.522798038,1.125120785,2.706832497));
#6866=CARTESIAN_POINT('',(8.511185808,1.125120785,2.88958325));
#6867=CARTESIAN_POINT('',(8.504215909,1.125120785,2.990275298));
#6868=CARTESIAN_POINT('',(8.492928031,1.125120785,3.141042703));
#6869=CARTESIAN_POINT('',(8.48122364,1.125120785,3.291674775));
#6870=CARTESIAN_POINT('',(8.468275152,1.125120785,3.441902614));
#6871=CARTESIAN_POINT('',(8.449914269,1.125120785,3.641850213));
#6872=CARTESIAN_POINT('',(8.44018571,1.125120785,3.741645918));
#6873=CARTESIAN_POINT('',(8.419641897,1.125120785,3.94088424));
#6874=CARTESIAN_POINT('',(8.408826645,1.125120785,4.040326857));
#6875=CARTESIAN_POINT('',(8.391795842,1.125120785,4.189228273));
#6876=CARTESIAN_POINT('',(8.385984254,1.125120785,4.238818326));
#6877=CARTESIAN_POINT('',(8.368147287,1.125120785,4.387457803));
#6878=CARTESIAN_POINT('',(8.355719712,1.125120785,4.486376545));
#6879=CARTESIAN_POINT('',(8.336280957,1.125120785,4.634495568));
#6880=CARTESIAN_POINT('',(8.329668472,1.125120785,4.683825395));
#6881=CARTESIAN_POINT('',(8.309434063,1.125120785,4.831685895));
#6882=CARTESIAN_POINT('',(8.288405744,1.125120785,4.979288439));
#6883=CARTESIAN_POINT('',(8.251391059,1.125120785,5.224653402));
#6884=CARTESIAN_POINT('',(8.22021219,1.125120785,5.420436185));
#6885=CARTESIAN_POINT('',(8.195662944,1.125120785,5.566894711));
#6886=CARTESIAN_POINT('',(8.170727025,1.125120785,5.713227598));
#6887=CARTESIAN_POINT('',(8.14501777,1.125120785,5.859309213));
#6888=CARTESIAN_POINT('',(8.100252508,1.125120785,6.102155862));
#6889=CARTESIAN_POINT('',(8.062913792,1.125120785,6.295937189));
#6890=CARTESIAN_POINT('',(8.01434889,1.125120785,6.53754926));
#6891=CARTESIAN_POINT('',(7.97399037,1.125120785,6.730349393));
#6892=CARTESIAN_POINT('',(7.942601375,1.125120785,6.874585549));
#6893=CARTESIAN_POINT('',(7.910840639,1.125120785,7.018700919));
#6894=CARTESIAN_POINT('',(7.867501692,1.125120785,7.210532653));
#6895=CARTESIAN_POINT('',(7.822197402,1.125120785,7.401725808));
#6896=CARTESIAN_POINT('',(7.775919002,1.125120785,7.592602455));
#6897=CARTESIAN_POINT('',(7.728666487,1.125120785,7.783162594));
#6898=CARTESIAN_POINT('',(7.6548908,1.125120785,8.068061538));
#6899=CARTESIAN_POINT('',(7.603792533,1.125120785,8.257372115));
#6900=CARTESIAN_POINT('',(7.551745348,1.125120785,8.446374371));
#6901=CARTESIAN_POINT('',(7.525247296,1.125120785,8.540721338));
#6902=CARTESIAN_POINT('',(7.471310519,1.125120785,8.729109628));
#6903=CARTESIAN_POINT('',(7.443871792,1.125120785,8.823150951));
#6904=CARTESIAN_POINT('',(7.388061829,1.125120785,9.010930606));
#6905=CARTESIAN_POINT('',(7.345504975,1.125120785,9.151538105));
#6906=CARTESIAN_POINT('',(7.272843584,1.125120785,9.385320752));
#6907=CARTESIAN_POINT('',(7.198456421,1.125120785,9.618542662));
#6908=CARTESIAN_POINT('',(7.121788157,1.125120785,9.851023396));
#6909=CARTESIAN_POINT('',(7.043423854,1.125120785,10.082953055));
#6910=CARTESIAN_POINT('',(6.974737359,1.125120785,10.281480881));
#6911=CARTESIAN_POINT('',(6.920853359,1.125120785,10.433339976));
#6912=CARTESIAN_POINT('',(6.899540241,1.125120785,10.492825287));
#6913=CARTESIAN_POINT('',(8.539002088,0.93761891,2.54496333));
#6914=CARTESIAN_POINT('',(8.534539486,0.93761891,2.627080433));
#6915=CARTESIAN_POINT('',(8.529705192,0.93761891,2.709076767));
#6916=CARTESIAN_POINT('',(8.518091175,0.93761891,2.89182694));
#6917=CARTESIAN_POINT('',(8.51112032,0.93761891,2.992518677));
#6918=CARTESIAN_POINT('',(8.499831054,0.93761891,3.143285631));
#6919=CARTESIAN_POINT('',(8.488125296,0.93761891,3.293917259));
#6920=CARTESIAN_POINT('',(8.47517551,0.93761891,3.444144676));
#6921=CARTESIAN_POINT('',(8.456812954,0.93761891,3.644091731));
#6922=CARTESIAN_POINT('',(8.447083589,0.93761891,3.743887175));
#6923=CARTESIAN_POINT('',(8.426538221,0.93761891,3.943124992));
#6924=CARTESIAN_POINT('',(8.415722223,0.93761891,4.042567366));
#6925=CARTESIAN_POINT('',(8.398690345,0.93761891,4.191468432));
#6926=CARTESIAN_POINT('',(8.392878405,0.93761891,4.241058372));
#6927=CARTESIAN_POINT('',(8.375040407,0.93761891,4.389697513));
#6928=CARTESIAN_POINT('',(8.362612173,0.93761891,4.488616041));
#6929=CARTESIAN_POINT('',(8.343172475,0.93761891,4.636734758));
#6930=CARTESIAN_POINT('',(8.336559684,0.93761891,4.686064485));
#6931=CARTESIAN_POINT('',(8.316324376,0.93761891,4.833924693));
#6932=CARTESIAN_POINT('',(8.295295202,0.93761891,4.98152696));
#6933=CARTESIAN_POINT('',(8.258279202,0.93761891,5.226891496));
#6934=CARTESIAN_POINT('',(8.227099371,0.93761891,5.422673966));
#6935=CARTESIAN_POINT('',(8.202549469,0.93761891,5.569132278));
#6936=CARTESIAN_POINT('',(8.177612917,0.93761891,5.71546496));
#6937=CARTESIAN_POINT('',(8.151903071,0.93761891,5.861546383));
#6938=CARTESIAN_POINT('',(8.107136934,0.93761891,6.104392747));
#6939=CARTESIAN_POINT('',(8.069797606,0.93761891,6.298173876));
#6940=CARTESIAN_POINT('',(8.02123205,0.93761891,6.539785734));
#6941=CARTESIAN_POINT('',(7.980873094,0.93761891,6.732585726));
#6942=CARTESIAN_POINT('',(7.949483837,0.93761891,6.876821797));
#6943=CARTESIAN_POINT('',(7.917722862,0.93761891,7.020937088));
#6944=CARTESIAN_POINT('',(7.874383653,0.93761891,7.212768737));
#6945=CARTESIAN_POINT('',(7.829079218,0.93761891,7.403961846));
#6946=CARTESIAN_POINT('',(7.782800731,0.93761891,7.594838464));
#6947=CARTESIAN_POINT('',(7.735548188,0.93761891,7.785398594));
#6948=CARTESIAN_POINT('',(7.661772633,0.93761891,8.070297581));
#6949=CARTESIAN_POINT('',(7.61067457,0.93761891,8.259608225));
#6950=CARTESIAN_POINT('',(7.558627647,0.93761891,8.448610566));
#6951=CARTESIAN_POINT('',(7.532129757,0.93761891,8.542957585));
#6952=CARTESIAN_POINT('',(7.478193359,0.93761891,8.731345998));
#6953=CARTESIAN_POINT('',(7.45075485,0.93761891,8.825387392));
#6954=CARTESIAN_POINT('',(7.394945383,0.93761891,9.013167208));
#6955=CARTESIAN_POINT('',(7.352388945,0.93761891,9.153774842));
#6956=CARTESIAN_POINT('',(7.279728357,0.93761891,9.38755775));
#6957=CARTESIAN_POINT('',(7.205342106,0.93761891,9.620779956));
#6958=CARTESIAN_POINT('',(7.128674901,0.93761891,9.853261035));
#6959=CARTESIAN_POINT('',(7.050311767,0.93761891,10.085191074));
#6960=CARTESIAN_POINT('',(6.981626369,0.93761891,10.283719256));
#6961=CARTESIAN_POINT('',(6.927743289,0.93761891,10.43557865));
#6962=CARTESIAN_POINT('',(6.906430545,0.93761891,10.495064082));
#6963=CARTESIAN_POINT('',(8.546538583,0.68761641,2.547412085));
#6964=CARTESIAN_POINT('',(8.542075064,0.68761641,2.629528891));
#6965=CARTESIAN_POINT('',(8.537239876,0.68761641,2.711524934));
#6966=CARTESIAN_POINT('',(8.525623912,0.68761641,2.894274474));
#6967=CARTESIAN_POINT('',(8.518652013,0.68761641,2.994965873));
#6968=CARTESIAN_POINT('',(8.507361233,0.68761641,3.145732335));
#6969=CARTESIAN_POINT('',(8.495653984,0.68761641,3.296363478));
#6970=CARTESIAN_POINT('',(8.482702781,0.68761641,3.446590435));
#6971=CARTESIAN_POINT('',(8.464338401,0.68761641,3.646536898));
#6972=CARTESIAN_POINT('',(8.454608155,0.68761641,3.746332055));
#6973=CARTESIAN_POINT('',(8.434061097,0.68761641,3.945569322));
#6974=CARTESIAN_POINT('',(8.423244281,0.68761641,4.045011431));
#6975=CARTESIAN_POINT('',(8.406211229,0.68761641,4.193912116));
#6976=CARTESIAN_POINT('',(8.400398906,0.68761641,4.24350193));
#6977=CARTESIAN_POINT('',(8.382559783,0.68761641,4.392140707));
#6978=CARTESIAN_POINT('',(8.370130832,0.68761641,4.491059001));
#6979=CARTESIAN_POINT('',(8.350690105,0.68761641,4.639177384));
#6980=CARTESIAN_POINT('',(8.344076979,0.68761641,4.688507002));
#6981=CARTESIAN_POINT('',(8.323840691,0.68761641,4.836366892));
#6982=CARTESIAN_POINT('',(8.302810586,0.68761641,4.983968856));
#6983=CARTESIAN_POINT('',(8.265793152,0.68761641,5.229332926));
#6984=CARTESIAN_POINT('',(8.234612271,0.68761641,5.425115055));
#6985=CARTESIAN_POINT('',(8.210061653,0.68761641,5.571573135));
#6986=CARTESIAN_POINT('',(8.185124409,0.68761641,5.717905592));
#6987=CARTESIAN_POINT('',(8.159413919,0.68761641,5.863986805));
#6988=CARTESIAN_POINT('',(8.114646829,0.68761641,6.10683286));
#6989=CARTESIAN_POINT('',(8.077306835,0.68761641,6.300613772));
#6990=CARTESIAN_POINT('',(8.028740564,0.68761641,6.542225398));
#6991=CARTESIAN_POINT('',(7.98838113,0.68761641,6.735025235));
#6992=CARTESIAN_POINT('',(7.956991588,0.68761641,6.879261213));
#6993=CARTESIAN_POINT('',(7.925230352,0.68761641,7.02337642));
#6994=CARTESIAN_POINT('',(7.881890857,0.68761641,7.215207976));
#6995=CARTESIAN_POINT('',(7.836586266,0.68761641,7.406401033));
#6996=CARTESIAN_POINT('',(7.790307683,0.68761641,7.597277621));
#6997=CARTESIAN_POINT('',(7.743055109,0.68761641,7.787837741));
#6998=CARTESIAN_POINT('',(7.669279697,0.68761641,8.072736774));
#6999=CARTESIAN_POINT('',(7.618181858,0.68761641,8.26204749));
#7000=CARTESIAN_POINT('',(7.566135223,0.68761641,8.451049925));
#7001=CARTESIAN_POINT('',(7.539637506,0.68761641,8.545397001));
#7002=CARTESIAN_POINT('',(7.485701522,0.68761641,8.733785548));
#7003=CARTESIAN_POINT('',(7.458263253,0.68761641,8.82782702));
#7004=CARTESIAN_POINT('',(7.402454327,0.68761641,9.015607012));
#7005=CARTESIAN_POINT('',(7.359898342,0.68761641,9.156214793));
#7006=CARTESIAN_POINT('',(7.287238629,0.68761641,9.389997985));
#7007=CARTESIAN_POINT('',(7.212853374,0.68761641,9.623220515));
#7008=CARTESIAN_POINT('',(7.136187323,0.68761641,9.855701969));
#7009=CARTESIAN_POINT('',(7.057825463,0.68761641,10.087632422));
#7010=CARTESIAN_POINT('',(6.989141261,0.68761641,10.286160992));
#7011=CARTESIAN_POINT('',(6.935259187,0.68761641,10.438020713));
#7012=CARTESIAN_POINT('',(6.91394685,0.68761641,10.497506278));
#7013=CARTESIAN_POINT('',(8.550306562,0.500114535,2.548636376));
#7014=CARTESIAN_POINT('',(8.545842585,0.500114535,2.630753033));
#7015=CARTESIAN_POINT('',(8.54100695,0.500114535,2.71274893));
#7016=CARTESIAN_POINT('',(8.529390012,0.500114535,2.895498154));
#7017=CARTESIAN_POINT('',(8.522417591,0.500114535,2.996189383));
#7018=CARTESIAN_POINT('',(8.511126054,0.500114535,3.146955599));
#7019=CARTESIAN_POINT('',(8.499418059,0.500114535,3.2975865));
#7020=CARTESIAN_POINT('',(8.486466152,0.500114535,3.447813228));
#7021=CARTESIAN_POINT('',(8.468100855,0.500114535,3.647759393));
#7022=CARTESIAN_POINT('',(8.458370174,0.500114535,3.747554409));
#7023=CARTESIAN_POINT('',(8.437822264,0.500114535,3.9467914));
#7024=CARTESIAN_POINT('',(8.427005043,0.500114535,4.046233377));
#7025=CARTESIAN_POINT('',(8.409971405,0.500114535,4.195133871));
#7026=CARTESIAN_POINT('',(8.404158891,0.500114535,4.244723623));
#7027=CARTESIAN_POINT('',(8.386319204,0.500114535,4.393362216));
#7028=CARTESIAN_POINT('',(8.373889894,0.500114535,4.492280395));
#7029=CARTESIAN_POINT('',(8.354448654,0.500114535,4.640398611));
#7030=CARTESIAN_POINT('',(8.347835361,0.500114535,4.689728174));
#7031=CARTESIAN_POINT('',(8.327598582,0.500114535,4.837587905));
#7032=CARTESIAN_POINT('',(8.30656801,0.500114535,4.985189717));
#7033=CARTESIAN_POINT('',(8.269549861,0.500114535,5.230553555));
#7034=CARTESIAN_POINT('',(8.238368455,0.500114535,5.426335514));
#7035=CARTESIAN_POINT('',(8.213817479,0.500114535,5.572793477));
#7036=CARTESIAN_POINT('',(8.188879889,0.500114535,5.719125821));
#7037=CARTESIAN_POINT('',(8.163169078,0.500114535,5.86520693));
#7038=CARTESIAN_POINT('',(8.118401511,0.500114535,6.10805283));
#7039=CARTESIAN_POINT('',(8.081061183,0.500114535,6.301833634));
#7040=CARTESIAN_POINT('',(8.032494555,0.500114535,6.543445144));
#7041=CARTESIAN_POINT('',(7.992134884,0.500114535,6.736244903));
#7042=CARTESIAN_POINT('',(7.960745199,0.500114535,6.880480835));
#7043=CARTESIAN_POINT('',(7.928983831,0.500114535,7.024595999));
#7044=CARTESIAN_POINT('',(7.885644195,0.500114535,7.216427509));
#7045=CARTESIAN_POINT('',(7.840339524,0.500114535,7.407620541));
#7046=CARTESIAN_POINT('',(7.794060893,0.500114535,7.598497113));
#7047=CARTESIAN_POINT('',(7.746808304,0.500114535,7.789057228));
#7048=CARTESIAN_POINT('',(7.673032965,0.500114535,8.073956285));
#7049=CARTESIAN_POINT('',(7.621935236,0.500114535,8.263267037));
#7050=CARTESIAN_POINT('',(7.569888744,0.500114535,8.452269518));
#7051=CARTESIAN_POINT('',(7.543391116,0.500114535,8.546616623));
#7052=CARTESIAN_POINT('',(7.489455338,0.500114535,8.735005237));
#7053=CARTESIAN_POINT('',(7.462017188,0.500114535,8.829046747));
#7054=CARTESIAN_POINT('',(7.406208533,0.500114535,9.016826828));
#7055=CARTESIAN_POINT('',(7.363652776,0.500114535,9.157434683));
#7056=CARTESIAN_POINT('',(7.2909935,0.500114535,9.391218017));
#7057=CARTESIAN_POINT('',(7.216608741,0.500114535,9.624440708));
#7058=CARTESIAN_POINT('',(7.139943268,0.500114535,9.856922349));
#7059=CARTESIAN_POINT('',(7.061582045,0.500114535,10.088853009));
#7060=CARTESIAN_POINT('',(6.992898442,0.500114535,10.287381774));
#7061=CARTESIAN_POINT('',(6.93901687,0.500114535,10.439241659));
#7062=CARTESIAN_POINT('',(6.917704736,0.500114535,10.498727289));
#7063=CARTESIAN_POINT('',(8.552818524,0.31261266,2.549452562));
#7064=CARTESIAN_POINT('',(8.548354242,0.31261266,2.63156912));
#7065=CARTESIAN_POINT('',(8.543518309,0.31261266,2.713564921));
#7066=CARTESIAN_POINT('',(8.53190072,0.31261266,2.896313933));
#7067=CARTESIAN_POINT('',(8.524927954,0.31261266,2.99700505));
#7068=CARTESIAN_POINT('',(8.513635911,0.31261266,3.147771101));
#7069=CARTESIAN_POINT('',(8.501927421,0.31261266,3.298401841));
#7070=CARTESIAN_POINT('',(8.488975037,0.31261266,3.448628414));
#7071=CARTESIAN_POINT('',(8.470609138,0.31261266,3.648574384));
#7072=CARTESIAN_POINT('',(8.460878158,0.31261266,3.748369302));
#7073=CARTESIAN_POINT('',(8.440329688,0.31261266,3.947606111));
#7074=CARTESIAN_POINT('',(8.429512195,0.31261266,4.047047999));
#7075=CARTESIAN_POINT('',(8.412478164,0.31261266,4.195948366));
#7076=CARTESIAN_POINT('',(8.406665522,0.31261266,4.245538077));
#7077=CARTESIAN_POINT('',(8.388825462,0.31261266,4.394176549));
#7078=CARTESIAN_POINT('',(8.376395912,0.31261266,4.493094649));
#7079=CARTESIAN_POINT('',(8.356954328,0.31261266,4.641212754));
#7080=CARTESIAN_POINT('',(8.350340924,0.31261266,4.690542281));
#7081=CARTESIAN_POINT('',(8.330103819,0.31261266,4.838401906));
#7082=CARTESIAN_POINT('',(8.309072937,0.31261266,4.986003617));
#7083=CARTESIAN_POINT('',(8.27205431,0.31261266,5.2313673));
#7084=CARTESIAN_POINT('',(8.240872554,0.31261266,5.427149145));
#7085=CARTESIAN_POINT('',(8.216321339,0.31261266,5.57360703));
#7086=CARTESIAN_POINT('',(8.191383519,0.31261266,5.7199393));
#7087=CARTESIAN_POINT('',(8.165672493,0.31261266,5.866020339));
#7088=CARTESIAN_POINT('',(8.120904609,0.31261266,6.108866136));
#7089=CARTESIAN_POINT('',(8.083564058,0.31261266,6.302646868));
#7090=CARTESIAN_POINT('',(8.034997192,0.31261266,6.5442583));
#7091=CARTESIAN_POINT('',(7.994637363,0.31261266,6.737058008));
#7092=CARTESIAN_POINT('',(7.963247583,0.31261266,6.881293909));
#7093=CARTESIAN_POINT('',(7.931486128,0.31261266,7.025409044));
#7094=CARTESIAN_POINT('',(7.888146396,0.31261266,7.217240524));
#7095=CARTESIAN_POINT('',(7.842841671,0.31261266,7.408433538));
#7096=CARTESIAN_POINT('',(7.796563011,0.31261266,7.5993101));
#7097=CARTESIAN_POINT('',(7.749310411,0.31261266,7.789870212));
#7098=CARTESIAN_POINT('',(7.675535119,0.31261266,8.074769284));
#7099=CARTESIAN_POINT('',(7.624437466,0.31261266,8.264080061));
#7100=CARTESIAN_POINT('',(7.572391069,0.31261266,8.453082573));
#7101=CARTESIAN_POINT('',(7.545893499,0.31261266,8.547429696));
#7102=CARTESIAN_POINT('',(7.491957859,0.31261266,8.735818355));
#7103=CARTESIAN_POINT('',(7.464519789,0.31261266,8.829859892));
#7104=CARTESIAN_POINT('',(7.408711314,0.31261266,9.01764003));
#7105=CARTESIAN_POINT('',(7.366155706,0.31261266,9.158247934));
#7106=CARTESIAN_POINT('',(7.293496723,0.31261266,9.392031363));
#7107=CARTESIAN_POINT('',(7.219112297,0.31261266,9.625254162));
#7108=CARTESIAN_POINT('',(7.142447207,0.31261266,9.857735929));
#7109=CARTESIAN_POINT('',(7.06408641,0.31261266,10.089666727));
#7110=CARTESIAN_POINT('',(6.995403205,0.31261266,10.288195621));
#7111=CARTESIAN_POINT('',(6.941521967,0.31261266,10.440055614));
#7112=CARTESIAN_POINT('',(6.920209969,0.31261266,10.499541289));
#7113=CARTESIAN_POINT('',(8.554074488,0.18761141,2.54986065));
#7114=CARTESIAN_POINT('',(8.549610054,0.18761141,2.631977158));
#7115=CARTESIAN_POINT('',(8.544773972,0.18761141,2.71397291));
#7116=CARTESIAN_POINT('',(8.53315606,0.18761141,2.896721817));
#7117=CARTESIAN_POINT('',(8.526183118,0.18761141,2.997412877));
#7118=CARTESIAN_POINT('',(8.514890824,0.18761141,3.148178847));
#7119=CARTESIAN_POINT('',(8.503182084,0.18761141,3.298809506));
#7120=CARTESIAN_POINT('',(8.490229466,0.18761141,3.449036003));
#7121=CARTESIAN_POINT('',(8.471863261,0.18761141,3.648981873));
#7122=CARTESIAN_POINT('',(8.462132137,0.18761141,3.748776745));
#7123=CARTESIAN_POINT('',(8.441583382,0.18761141,3.948013461));
#7124=CARTESIAN_POINT('',(8.430765754,0.18761141,4.047455306));
#7125=CARTESIAN_POINT('',(8.413731528,0.18761141,4.196355609));
#7126=CARTESIAN_POINT('',(8.407918822,0.18761141,4.245945299));
#7127=CARTESIAN_POINT('',(8.390078573,0.18761141,4.39458371));
#7128=CARTESIAN_POINT('',(8.377648905,0.18761141,4.493501771));
#7129=CARTESIAN_POINT('',(8.35820715,0.18761141,4.64161982));
#7130=CARTESIAN_POINT('',(8.35159369,0.18761141,4.69094933));
#7131=CARTESIAN_POINT('',(8.331356421,0.18761141,4.838808901));
#7132=CARTESIAN_POINT('',(8.310325384,0.18761141,4.986410562));
#7133=CARTESIAN_POINT('',(8.273306518,0.18761141,5.231774167));
#7134=CARTESIAN_POINT('',(8.242124587,0.18761141,5.427555955));
#7135=CARTESIAN_POINT('',(8.217573253,0.18761141,5.574013802));
#7136=CARTESIAN_POINT('',(8.192635318,0.18761141,5.720346034));
#7137=CARTESIAN_POINT('',(8.166924185,0.18761141,5.866427038));
#7138=CARTESIAN_POINT('',(8.122156141,0.18761141,6.109272784));
#7139=CARTESIAN_POINT('',(8.08481548,0.18761141,6.303053479));
#7140=CARTESIAN_POINT('',(8.036248494,0.18761141,6.544664872));
#7141=CARTESIAN_POINT('',(7.995888585,0.18761141,6.737464555));
#7142=CARTESIAN_POINT('',(7.964498758,0.18761141,6.88170044));
#7143=CARTESIAN_POINT('',(7.93273726,0.18761141,7.025815562));
#7144=CARTESIAN_POINT('',(7.889397481,0.18761141,7.217647026));
#7145=CARTESIAN_POINT('',(7.84409273,0.18761141,7.408840032));
#7146=CARTESIAN_POINT('',(7.797814053,0.18761141,7.599716588));
#7147=CARTESIAN_POINT('',(7.750561448,0.18761141,7.790276698));
#7148=CARTESIAN_POINT('',(7.67678618,0.18761141,8.075175778));
#7149=CARTESIAN_POINT('',(7.625688564,0.18761141,8.264486567));
#7150=CARTESIAN_POINT('',(7.573642215,0.18761141,8.453489095));
#7151=CARTESIAN_POINT('',(7.547144674,0.18761141,8.547836228));
#7152=CARTESIAN_POINT('',(7.493209103,0.18761141,8.736224909));
#7153=CARTESIAN_POINT('',(7.465771073,0.18761141,8.830266458));
#7154=CARTESIAN_POINT('',(7.409962687,0.18761141,9.018046626));
#7155=CARTESIAN_POINT('',(7.367407156,0.18761141,9.158654555));
#7156=CARTESIAN_POINT('',(7.294748319,0.18761141,9.392438031));
#7157=CARTESIAN_POINT('',(7.220364057,0.18761141,9.625660884));
#7158=CARTESIAN_POINT('',(7.143699161,0.18761141,9.858142713));
#7159=CARTESIAN_POINT('',(7.065338576,0.18761141,10.09007358));
#7160=CARTESIAN_POINT('',(6.996655571,0.18761141,10.28860254));
#7161=CARTESIAN_POINT('',(6.9427745,0.18761141,10.440462587));
#7162=CARTESIAN_POINT('',(6.92146257,0.18761141,10.499948284));
#7163=CARTESIAN_POINT('',(8.55491179,-0.06239109,2.550132705));
#7164=CARTESIAN_POINT('',(8.550447253,-0.06239109,2.63224918));
#7165=CARTESIAN_POINT('',(8.545611071,-0.06239109,2.7142449));
#7166=CARTESIAN_POINT('',(8.533992943,-0.06239109,2.896993737));
#7167=CARTESIAN_POINT('',(8.527019886,-0.06239109,2.99768476));
#7168=CARTESIAN_POINT('',(8.515727423,-0.06239109,3.148450675));
#7169=CARTESIAN_POINT('',(8.504018518,-0.06239109,3.29908128));
#7170=CARTESIAN_POINT('',(8.491065742,-0.06239109,3.449307725));
#7171=CARTESIAN_POINT('',(8.472699336,-0.06239109,3.64925353));
#7172=CARTESIAN_POINT('',(8.462968112,-0.06239109,3.749048369));
#7173=CARTESIAN_POINT('',(8.442419171,-0.06239109,3.948285026));
#7174=CARTESIAN_POINT('',(8.431601451,-0.06239109,4.04772684));
#7175=CARTESIAN_POINT('',(8.414567095,-0.06239109,4.196627101));
#7176=CARTESIAN_POINT('',(8.408754347,-0.06239109,4.246216778));
#7177=CARTESIAN_POINT('',(8.390913973,-0.06239109,4.394855147));
#7178=CARTESIAN_POINT('',(8.378484225,-0.06239109,4.493773184));
#7179=CARTESIAN_POINT('',(8.359042355,-0.06239109,4.641891195));
#7180=CARTESIAN_POINT('',(8.352428858,-0.06239109,4.691220692));
#7181=CARTESIAN_POINT('',(8.332191481,-0.06239109,4.839080229));
#7182=CARTESIAN_POINT('',(8.31116034,-0.06239109,4.986681855));
#7183=CARTESIAN_POINT('',(8.274141315,-0.06239109,5.232045409));
#7184=CARTESIAN_POINT('',(8.242959268,-0.06239109,5.427827159));
#7185=CARTESIAN_POINT('',(8.218407853,-0.06239109,5.57428498));
#7186=CARTESIAN_POINT('',(8.193469841,-0.06239109,5.720617187));
#7187=CARTESIAN_POINT('',(8.167758637,-0.06239109,5.866698168));
#7188=CARTESIAN_POINT('',(8.122990488,-0.06239109,6.109543879));
#7189=CARTESIAN_POINT('',(8.085649752,-0.06239109,6.30332455));
#7190=CARTESIAN_POINT('',(8.037082688,-0.06239109,6.544935918));
#7191=CARTESIAN_POINT('',(7.996722725,-0.06239109,6.737735583));
#7192=CARTESIAN_POINT('',(7.965332867,-0.06239109,6.881971459));
#7193=CARTESIAN_POINT('',(7.933571339,-0.06239109,7.026086571));
#7194=CARTESIAN_POINT('',(7.890231528,-0.06239109,7.217918024));
#7195=CARTESIAN_POINT('',(7.84492676,-0.06239109,7.409111024));
#7196=CARTESIAN_POINT('',(7.798648072,-0.06239109,7.599987578));
#7197=CARTESIAN_POINT('',(7.751395464,-0.06239109,7.790547686));
#7198=CARTESIAN_POINT('',(7.677620212,-0.06239109,8.075446772));
#7199=CARTESIAN_POINT('',(7.62652262,-0.06239109,8.264757568));
#7200=CARTESIAN_POINT('',(7.574476303,-0.06239109,8.453760106));
#7201=CARTESIAN_POINT('',(7.547978782,-0.06239109,8.548107246));
#7202=CARTESIAN_POINT('',(7.494043257,-0.06239109,8.736495942));
#7203=CARTESIAN_POINT('',(7.466605253,-0.06239109,8.8305375));
#7204=CARTESIAN_POINT('',(7.410796928,-0.06239109,9.018317688));
#7205=CARTESIAN_POINT('',(7.368241447,-0.06239109,9.158925633));
#7206=CARTESIAN_POINT('',(7.295582708,-0.06239109,9.39270914));
#7207=CARTESIAN_POINT('',(7.221198556,-0.06239109,9.625932029));
#7208=CARTESIAN_POINT('',(7.144533788,-0.06239109,9.8584139));
#7209=CARTESIAN_POINT('',(7.066173345,-0.06239109,10.090344813));
#7210=CARTESIAN_POINT('',(6.997490472,-0.06239109,10.288873815));
#7211=CARTESIAN_POINT('',(6.943609514,-0.06239109,10.440733899));
#7212=CARTESIAN_POINT('',(6.922297629,-0.06239109,10.500219611));
#7213=CARTESIAN_POINT('',(8.553655844,-0.249892965,2.549724624));
#7214=CARTESIAN_POINT('',(8.54919146,-0.249892965,2.631841148));
#7215=CARTESIAN_POINT('',(8.544355429,-0.249892965,2.713836917));
#7216=CARTESIAN_POINT('',(8.532737623,-0.249892965,2.896585859));
#7217=CARTESIAN_POINT('',(8.525764742,-0.249892965,2.997276938));
#7218=CARTESIAN_POINT('',(8.514472529,-0.249892965,3.148042935));
#7219=CARTESIAN_POINT('',(8.502763875,-0.249892965,3.298673621));
#7220=CARTESIAN_POINT('',(8.489811331,-0.249892965,3.448900143));
#7221=CARTESIAN_POINT('',(8.471445233,-0.249892965,3.648846047));
#7222=CARTESIAN_POINT('',(8.461714153,-0.249892965,3.748640934));
#7223=CARTESIAN_POINT('',(8.441165496,-0.249892965,3.947877682));
#7224=CARTESIAN_POINT('',(8.430347912,-0.249892965,4.04731954));
#7225=CARTESIAN_POINT('',(8.413313751,-0.249892965,4.196219865));
#7226=CARTESIAN_POINT('',(8.407501066,-0.249892965,4.245809562));
#7227=CARTESIAN_POINT('',(8.389660883,-0.249892965,4.394447994));
#7228=CARTESIAN_POINT('',(8.377231251,-0.249892965,4.493366068));
#7229=CARTESIAN_POINT('',(8.357789554,-0.249892965,4.641484135));
#7230=CARTESIAN_POINT('',(8.351176111,-0.249892965,4.69081365));
#7231=CARTESIAN_POINT('',(8.330938899,-0.249892965,4.83867324));
#7232=CARTESIAN_POINT('',(8.309907912,-0.249892965,4.986274917));
#7233=CARTESIAN_POINT('',(8.272889126,-0.249892965,5.231638548));
#7234=CARTESIAN_POINT('',(8.241707253,-0.249892965,5.427420355));
#7235=CARTESIAN_POINT('',(8.21715596,-0.249892965,5.573878215));
#7236=CARTESIAN_POINT('',(8.192218063,-0.249892965,5.72021046));
#7237=CARTESIAN_POINT('',(8.166506965,-0.249892965,5.866291475));
#7238=CARTESIAN_POINT('',(8.121738974,-0.249892965,6.109137238));
#7239=CARTESIAN_POINT('',(8.084398349,-0.249892965,6.302917945));
#7240=CARTESIAN_POINT('',(8.035831404,-0.249892965,6.544529352));
#7241=CARTESIAN_POINT('',(7.995471522,-0.249892965,6.737329043));
#7242=CARTESIAN_POINT('',(7.96408171,-0.249892965,6.881564933));
#7243=CARTESIAN_POINT('',(7.932320226,-0.249892965,7.025680059));
#7244=CARTESIAN_POINT('',(7.888980463,-0.249892965,7.217511529));
#7245=CARTESIAN_POINT('',(7.843675721,-0.249892965,7.408704537));
#7246=CARTESIAN_POINT('',(7.797397049,-0.249892965,7.599581096));
#7247=CARTESIAN_POINT('',(7.750144447,-0.249892965,7.790141206));
#7248=CARTESIAN_POINT('',(7.67636917,-0.249892965,8.075040283));
#7249=CARTESIAN_POINT('',(7.625271542,-0.249892965,8.264351068));
#7250=CARTESIAN_POINT('',(7.573225177,-0.249892965,8.453353591));
#7251=CARTESIAN_POINT('',(7.546727626,-0.249892965,8.54770072));
#7252=CARTESIAN_POINT('',(7.492792032,-0.249892965,8.736089394));
#7253=CARTESIAN_POINT('',(7.465353989,-0.249892965,8.83013094));
#7254=CARTESIAN_POINT('',(7.409545574,-0.249892965,9.017911098));
#7255=CARTESIAN_POINT('',(7.366990017,-0.249892965,9.158519018));
#7256=CARTESIAN_POINT('',(7.294331131,-0.249892965,9.392302479));
#7257=CARTESIAN_POINT('',(7.219946814,-0.249892965,9.625525314));
#7258=CARTESIAN_POINT('',(7.143281855,-0.249892965,9.858007122));
#7259=CARTESIAN_POINT('',(7.064921198,-0.249892965,10.089937966));
#7260=CARTESIAN_POINT('',(6.996238126,-0.249892965,10.288466904));
#7261=CARTESIAN_POINT('',(6.942357,-0.249892965,10.440326933));
#7262=CARTESIAN_POINT('',(6.921045048,-0.249892965,10.499812622));
#7263=CARTESIAN_POINT('',(8.550306562,-0.499895465,2.548636376));
#7264=CARTESIAN_POINT('',(8.545842585,-0.499895465,2.630753033));
#7265=CARTESIAN_POINT('',(8.54100695,-0.499895465,2.71274893));
#7266=CARTESIAN_POINT('',(8.529390012,-0.499895465,2.895498154));
#7267=CARTESIAN_POINT('',(8.522417591,-0.499895465,2.996189383));
#7268=CARTESIAN_POINT('',(8.511126054,-0.499895465,3.146955599));
#7269=CARTESIAN_POINT('',(8.499418059,-0.499895465,3.2975865));
#7270=CARTESIAN_POINT('',(8.486466152,-0.499895465,3.447813228));
#7271=CARTESIAN_POINT('',(8.468100855,-0.499895465,3.647759393));
#7272=CARTESIAN_POINT('',(8.458370174,-0.499895465,3.747554409));
#7273=CARTESIAN_POINT('',(8.437822264,-0.499895465,3.9467914));
#7274=CARTESIAN_POINT('',(8.427005043,-0.499895465,4.046233377));
#7275=CARTESIAN_POINT('',(8.409971405,-0.499895465,4.195133871));
#7276=CARTESIAN_POINT('',(8.404158891,-0.499895465,4.244723623));
#7277=CARTESIAN_POINT('',(8.386319204,-0.499895465,4.393362216));
#7278=CARTESIAN_POINT('',(8.373889894,-0.499895465,4.492280395));
#7279=CARTESIAN_POINT('',(8.354448654,-0.499895465,4.640398611));
#7280=CARTESIAN_POINT('',(8.347835361,-0.499895465,4.689728174));
#7281=CARTESIAN_POINT('',(8.327598582,-0.499895465,4.837587905));
#7282=CARTESIAN_POINT('',(8.30656801,-0.499895465,4.985189717));
#7283=CARTESIAN_POINT('',(8.269549861,-0.499895465,5.230553555));
#7284=CARTESIAN_POINT('',(8.238368455,-0.499895465,5.426335514));
#7285=CARTESIAN_POINT('',(8.213817479,-0.499895465,5.572793477));
#7286=CARTESIAN_POINT('',(8.188879889,-0.499895465,5.719125821));
#7287=CARTESIAN_POINT('',(8.163169078,-0.499895465,5.86520693));
#7288=CARTESIAN_POINT('',(8.118401511,-0.499895465,6.10805283));
#7289=CARTESIAN_POINT('',(8.081061183,-0.499895465,6.301833634));
#7290=CARTESIAN_POINT('',(8.032494555,-0.499895465,6.543445144));
#7291=CARTESIAN_POINT('',(7.992134884,-0.499895465,6.736244903));
#7292=CARTESIAN_POINT('',(7.960745199,-0.499895465,6.880480835));
#7293=CARTESIAN_POINT('',(7.928983831,-0.499895465,7.024595999));
#7294=CARTESIAN_POINT('',(7.885644195,-0.499895465,7.216427509));
#7295=CARTESIAN_POINT('',(7.840339524,-0.499895465,7.407620541));
#7296=CARTESIAN_POINT('',(7.794060893,-0.499895465,7.598497113));
#7297=CARTESIAN_POINT('',(7.746808304,-0.499895465,7.789057228));
#7298=CARTESIAN_POINT('',(7.673032965,-0.499895465,8.073956285));
#7299=CARTESIAN_POINT('',(7.621935236,-0.499895465,8.263267037));
#7300=CARTESIAN_POINT('',(7.569888744,-0.499895465,8.452269518));
#7301=CARTESIAN_POINT('',(7.543391116,-0.499895465,8.546616623));
#7302=CARTESIAN_POINT('',(7.489455338,-0.499895465,8.735005237));
#7303=CARTESIAN_POINT('',(7.462017188,-0.499895465,8.829046747));
#7304=CARTESIAN_POINT('',(7.406208533,-0.499895465,9.016826828));
#7305=CARTESIAN_POINT('',(7.363652776,-0.499895465,9.157434683));
#7306=CARTESIAN_POINT('',(7.2909935,-0.499895465,9.391218017));
#7307=CARTESIAN_POINT('',(7.216608741,-0.499895465,9.624440708));
#7308=CARTESIAN_POINT('',(7.139943268,-0.499895465,9.856922349));
#7309=CARTESIAN_POINT('',(7.061582045,-0.499895465,10.088853009));
#7310=CARTESIAN_POINT('',(6.992898442,-0.499895465,10.287381774));
#7311=CARTESIAN_POINT('',(6.93901687,-0.499895465,10.439241659));
#7312=CARTESIAN_POINT('',(6.917704736,-0.499895465,10.498727289));
#7313=CARTESIAN_POINT('',(8.546538583,-0.68739734,2.547412086));
#7314=CARTESIAN_POINT('',(8.542075064,-0.68739734,2.629528891));
#7315=CARTESIAN_POINT('',(8.537239876,-0.68739734,2.711524934));
#7316=CARTESIAN_POINT('',(8.525623912,-0.68739734,2.894274474));
#7317=CARTESIAN_POINT('',(8.518652014,-0.68739734,2.994965873));
#7318=CARTESIAN_POINT('',(8.507361233,-0.68739734,3.145732335));
#7319=CARTESIAN_POINT('',(8.495653984,-0.68739734,3.296363478));
#7320=CARTESIAN_POINT('',(8.482702782,-0.68739734,3.446590435));
#7321=CARTESIAN_POINT('',(8.464338401,-0.68739734,3.646536897));
#7322=CARTESIAN_POINT('',(8.454608155,-0.68739734,3.746332055));
#7323=CARTESIAN_POINT('',(8.434061096,-0.68739734,3.945569322));
#7324=CARTESIAN_POINT('',(8.42324428,-0.68739734,4.045011431));
#7325=CARTESIAN_POINT('',(8.406211229,-0.68739734,4.193912116));
#7326=CARTESIAN_POINT('',(8.400398907,-0.68739734,4.24350193));
#7327=CARTESIAN_POINT('',(8.382559783,-0.68739734,4.392140707));
#7328=CARTESIAN_POINT('',(8.370130831,-0.68739734,4.491059001));
#7329=CARTESIAN_POINT('',(8.350690105,-0.68739734,4.639177384));
#7330=CARTESIAN_POINT('',(8.34407698,-0.68739734,4.688507002));
#7331=CARTESIAN_POINT('',(8.323840691,-0.68739734,4.836366892));
#7332=CARTESIAN_POINT('',(8.302810586,-0.68739734,4.983968856));
#7333=CARTESIAN_POINT('',(8.265793152,-0.68739734,5.229332926));
#7334=CARTESIAN_POINT('',(8.234612271,-0.68739734,5.425115055));
#7335=CARTESIAN_POINT('',(8.210061653,-0.68739734,5.571573135));
#7336=CARTESIAN_POINT('',(8.185124409,-0.68739734,5.717905592));
#7337=CARTESIAN_POINT('',(8.159413919,-0.68739734,5.863986805));
#7338=CARTESIAN_POINT('',(8.114646829,-0.68739734,6.10683286));
#7339=CARTESIAN_POINT('',(8.077306835,-0.68739734,6.300613772));
#7340=CARTESIAN_POINT('',(8.028740564,-0.68739734,6.542225398));
#7341=CARTESIAN_POINT('',(7.98838113,-0.68739734,6.735025235));
#7342=CARTESIAN_POINT('',(7.956991588,-0.68739734,6.879261213));
#7343=CARTESIAN_POINT('',(7.925230352,-0.68739734,7.02337642));
#7344=CARTESIAN_POINT('',(7.881890857,-0.68739734,7.215207976));
#7345=CARTESIAN_POINT('',(7.836586266,-0.68739734,7.406401033));
#7346=CARTESIAN_POINT('',(7.790307683,-0.68739734,7.597277621));
#7347=CARTESIAN_POINT('',(7.743055109,-0.68739734,7.787837741));
#7348=CARTESIAN_POINT('',(7.669279697,-0.68739734,8.072736774));
#7349=CARTESIAN_POINT('',(7.618181858,-0.68739734,8.26204749));
#7350=CARTESIAN_POINT('',(7.566135223,-0.68739734,8.451049925));
#7351=CARTESIAN_POINT('',(7.539637506,-0.68739734,8.545397001));
#7352=CARTESIAN_POINT('',(7.485701522,-0.68739734,8.733785548));
#7353=CARTESIAN_POINT('',(7.458263253,-0.68739734,8.82782702));
#7354=CARTESIAN_POINT('',(7.402454327,-0.68739734,9.015607012));
#7355=CARTESIAN_POINT('',(7.359898342,-0.68739734,9.156214793));
#7356=CARTESIAN_POINT('',(7.287238629,-0.68739734,9.389997985));
#7357=CARTESIAN_POINT('',(7.212853374,-0.68739734,9.623220515));
#7358=CARTESIAN_POINT('',(7.136187323,-0.68739734,9.855701969));
#7359=CARTESIAN_POINT('',(7.057825463,-0.68739734,10.087632422));
#7360=CARTESIAN_POINT('',(6.989141261,-0.68739734,10.286160992));
#7361=CARTESIAN_POINT('',(6.935259187,-0.68739734,10.438020713));
#7362=CARTESIAN_POINT('',(6.91394685,-0.68739734,10.497506278));
#7363=CARTESIAN_POINT('',(8.539002088,-0.93739984,2.54496333));
#7364=CARTESIAN_POINT('',(8.534539486,-0.93739984,2.627080433));
#7365=CARTESIAN_POINT('',(8.529705192,-0.93739984,2.709076767));
#7366=CARTESIAN_POINT('',(8.518091175,-0.93739984,2.89182694));
#7367=CARTESIAN_POINT('',(8.51112032,-0.93739984,2.992518677));
#7368=CARTESIAN_POINT('',(8.499831054,-0.93739984,3.143285631));
#7369=CARTESIAN_POINT('',(8.488125296,-0.93739984,3.293917259));
#7370=CARTESIAN_POINT('',(8.47517551,-0.93739984,3.444144676));
#7371=CARTESIAN_POINT('',(8.456812954,-0.93739984,3.644091731));
#7372=CARTESIAN_POINT('',(8.447083589,-0.93739984,3.743887175));
#7373=CARTESIAN_POINT('',(8.426538221,-0.93739984,3.943124992));
#7374=CARTESIAN_POINT('',(8.415722223,-0.93739984,4.042567366));
#7375=CARTESIAN_POINT('',(8.398690345,-0.93739984,4.191468432));
#7376=CARTESIAN_POINT('',(8.392878405,-0.93739984,4.241058372));
#7377=CARTESIAN_POINT('',(8.375040407,-0.93739984,4.389697513));
#7378=CARTESIAN_POINT('',(8.362612173,-0.93739984,4.488616041));
#7379=CARTESIAN_POINT('',(8.343172475,-0.93739984,4.636734758));
#7380=CARTESIAN_POINT('',(8.336559684,-0.93739984,4.686064485));
#7381=CARTESIAN_POINT('',(8.316324376,-0.93739984,4.833924693));
#7382=CARTESIAN_POINT('',(8.295295202,-0.93739984,4.98152696));
#7383=CARTESIAN_POINT('',(8.258279202,-0.93739984,5.226891496));
#7384=CARTESIAN_POINT('',(8.227099371,-0.93739984,5.422673966));
#7385=CARTESIAN_POINT('',(8.202549469,-0.93739984,5.569132278));
#7386=CARTESIAN_POINT('',(8.177612917,-0.93739984,5.71546496));
#7387=CARTESIAN_POINT('',(8.151903071,-0.93739984,5.861546383));
#7388=CARTESIAN_POINT('',(8.107136934,-0.93739984,6.104392747));
#7389=CARTESIAN_POINT('',(8.069797606,-0.93739984,6.298173876));
#7390=CARTESIAN_POINT('',(8.02123205,-0.93739984,6.539785734));
#7391=CARTESIAN_POINT('',(7.980873094,-0.93739984,6.732585726));
#7392=CARTESIAN_POINT('',(7.949483837,-0.93739984,6.876821797));
#7393=CARTESIAN_POINT('',(7.917722862,-0.93739984,7.020937088));
#7394=CARTESIAN_POINT('',(7.874383653,-0.93739984,7.212768737));
#7395=CARTESIAN_POINT('',(7.829079218,-0.93739984,7.403961846));
#7396=CARTESIAN_POINT('',(7.782800731,-0.93739984,7.594838464));
#7397=CARTESIAN_POINT('',(7.735548188,-0.93739984,7.785398594));
#7398=CARTESIAN_POINT('',(7.661772633,-0.93739984,8.070297581));
#7399=CARTESIAN_POINT('',(7.61067457,-0.93739984,8.259608225));
#7400=CARTESIAN_POINT('',(7.558627647,-0.93739984,8.448610566));
#7401=CARTESIAN_POINT('',(7.532129757,-0.93739984,8.542957585));
#7402=CARTESIAN_POINT('',(7.478193359,-0.93739984,8.731345998));
#7403=CARTESIAN_POINT('',(7.45075485,-0.93739984,8.825387392));
#7404=CARTESIAN_POINT('',(7.394945383,-0.93739984,9.013167208));
#7405=CARTESIAN_POINT('',(7.352388945,-0.93739984,9.153774842));
#7406=CARTESIAN_POINT('',(7.279728357,-0.93739984,9.38755775));
#7407=CARTESIAN_POINT('',(7.205342106,-0.93739984,9.620779956));
#7408=CARTESIAN_POINT('',(7.128674901,-0.93739984,9.853261035));
#7409=CARTESIAN_POINT('',(7.050311767,-0.93739984,10.085191074));
#7410=CARTESIAN_POINT('',(6.981626369,-0.93739984,10.283719256));
#7411=CARTESIAN_POINT('',(6.927743289,-0.93739984,10.43557865));
#7412=CARTESIAN_POINT('',(6.906430545,-0.93739984,10.495064082));
#7413=CARTESIAN_POINT('',(8.532093274,-1.124901715,2.54271852));
#7414=CARTESIAN_POINT('',(8.527631511,-1.124901715,2.624835896));
#7415=CARTESIAN_POINT('',(8.522798038,-1.124901715,2.706832497));
#7416=CARTESIAN_POINT('',(8.511185808,-1.124901715,2.88958325));
#7417=CARTESIAN_POINT('',(8.504215908,-1.124901715,2.990275298));
#7418=CARTESIAN_POINT('',(8.492928031,-1.124901715,3.141042703));
#7419=CARTESIAN_POINT('',(8.481223639,-1.124901715,3.291674774));
#7420=CARTESIAN_POINT('',(8.468275153,-1.124901715,3.441902614));
#7421=CARTESIAN_POINT('',(8.449914269,-1.124901715,3.641850213));
#7422=CARTESIAN_POINT('',(8.440185709,-1.124901715,3.741645918));
#7423=CARTESIAN_POINT('',(8.419641898,-1.124901715,3.940884241));
#7424=CARTESIAN_POINT('',(8.408826644,-1.124901715,4.040326857));
#7425=CARTESIAN_POINT('',(8.391795842,-1.124901715,4.189228273));
#7426=CARTESIAN_POINT('',(8.385984254,-1.124901715,4.238818326));
#7427=CARTESIAN_POINT('',(8.368147288,-1.124901715,4.387457803));
#7428=CARTESIAN_POINT('',(8.355719711,-1.124901715,4.486376544));
#7429=CARTESIAN_POINT('',(8.336280957,-1.124901715,4.634495568));
#7430=CARTESIAN_POINT('',(8.329668472,-1.124901715,4.683825395));
#7431=CARTESIAN_POINT('',(8.309434063,-1.124901715,4.831685895));
#7432=CARTESIAN_POINT('',(8.288405744,-1.124901715,4.979288439));
#7433=CARTESIAN_POINT('',(8.251391058,-1.124901715,5.224653402));
#7434=CARTESIAN_POINT('',(8.22021219,-1.124901715,5.420436185));
#7435=CARTESIAN_POINT('',(8.195662944,-1.124901715,5.566894711));
#7436=CARTESIAN_POINT('',(8.170727025,-1.124901715,5.713227598));
#7437=CARTESIAN_POINT('',(8.14501777,-1.124901715,5.859309213));
#7438=CARTESIAN_POINT('',(8.100252508,-1.124901715,6.102155862));
#7439=CARTESIAN_POINT('',(8.062913792,-1.124901715,6.295937189));
#7440=CARTESIAN_POINT('',(8.01434889,-1.124901715,6.53754926));
#7441=CARTESIAN_POINT('',(7.97399037,-1.124901715,6.730349393));
#7442=CARTESIAN_POINT('',(7.942601375,-1.124901715,6.874585549));
#7443=CARTESIAN_POINT('',(7.910840639,-1.124901715,7.018700919));
#7444=CARTESIAN_POINT('',(7.867501692,-1.124901715,7.210532653));
#7445=CARTESIAN_POINT('',(7.822197402,-1.124901715,7.401725808));
#7446=CARTESIAN_POINT('',(7.775919002,-1.124901715,7.592602455));
#7447=CARTESIAN_POINT('',(7.728666487,-1.124901715,7.783162594));
#7448=CARTESIAN_POINT('',(7.6548908,-1.124901715,8.068061538));
#7449=CARTESIAN_POINT('',(7.603792533,-1.124901715,8.257372115));
#7450=CARTESIAN_POINT('',(7.551745348,-1.124901715,8.446374371));
#7451=CARTESIAN_POINT('',(7.525247296,-1.124901715,8.540721338));
#7452=CARTESIAN_POINT('',(7.471310519,-1.124901715,8.729109628));
#7453=CARTESIAN_POINT('',(7.443871792,-1.124901715,8.823150951));
#7454=CARTESIAN_POINT('',(7.388061829,-1.124901715,9.010930606));
#7455=CARTESIAN_POINT('',(7.345504975,-1.124901715,9.151538105));
#7456=CARTESIAN_POINT('',(7.272843584,-1.124901715,9.385320752));
#7457=CARTESIAN_POINT('',(7.198456421,-1.124901715,9.618542662));
#7458=CARTESIAN_POINT('',(7.121788157,-1.124901715,9.851023396));
#7459=CARTESIAN_POINT('',(7.043423854,-1.124901715,10.082953055));
#7460=CARTESIAN_POINT('',(6.974737359,-1.124901715,10.281480881));
#7461=CARTESIAN_POINT('',(6.920853359,-1.124901715,10.433339976));
#7462=CARTESIAN_POINT('',(6.899540241,-1.124901715,10.492825287));
#7463=CARTESIAN_POINT('',(8.523927801,-1.31240359,2.540065397));
#7464=CARTESIAN_POINT('',(8.519467031,-1.31240359,2.622183096));
#7465=CARTESIAN_POINT('',(8.514634528,-1.31240359,2.704180011));
#7466=CARTESIAN_POINT('',(8.503024408,-1.31240359,2.88693145));
#7467=CARTESIAN_POINT('',(8.496055637,-1.31240359,2.987623865));
#7468=CARTESIAN_POINT('',(8.484769404,-1.31240359,3.138391805));
#7469=CARTESIAN_POINT('',(8.473066626,-1.31240359,3.2890244));
#7470=CARTESIAN_POINT('',(8.460119676,-1.31240359,3.439252739));
#7471=CARTESIAN_POINT('',(8.441760769,-1.31240359,3.63920098));
#7472=CARTESIAN_POINT('',(8.432033162,-1.31240359,3.738996995));
#7473=CARTESIAN_POINT('',(8.411491187,-1.31240359,3.938235914));
#7474=CARTESIAN_POINT('',(8.400676817,-1.31240359,4.037678817));
#7475=CARTESIAN_POINT('',(8.383647286,-1.31240359,4.186580646));
#7476=CARTESIAN_POINT('',(8.377836113,-1.31240359,4.236170834));
#7477=CARTESIAN_POINT('',(8.360000367,-1.31240359,4.384810708));
#7478=CARTESIAN_POINT('',(8.347573568,-1.31240359,4.483729702));
#7479=CARTESIAN_POINT('',(8.328135928,-1.31240359,4.631849088));
#7480=CARTESIAN_POINT('',(8.321523807,-1.31240359,4.681179032));
#7481=CARTESIAN_POINT('',(8.301290459,-1.31240359,4.829039878));
#7482=CARTESIAN_POINT('',(8.280263151,-1.31240359,4.97664275));
#7483=CARTESIAN_POINT('',(8.243250018,-1.31240359,5.222008218));
#7484=CARTESIAN_POINT('',(8.212072287,-1.31240359,5.417791371));
#7485=CARTESIAN_POINT('',(8.187523817,-1.31240359,5.564250148));
#7486=CARTESIAN_POINT('',(8.162588648,-1.31240359,5.710583279));
#7487=CARTESIAN_POINT('',(8.136880091,-1.31240359,5.856665121));
#7488=CARTESIAN_POINT('',(8.092115862,-1.31240359,6.099512105));
#7489=CARTESIAN_POINT('',(8.054777868,-1.31240359,6.293293668));
#7490=CARTESIAN_POINT('',(8.006213741,-1.31240359,6.53490599));
#7491=CARTESIAN_POINT('',(7.965855736,-1.31240359,6.727706291));
#7492=CARTESIAN_POINT('',(7.934467051,-1.31240359,6.871942547));
#7493=CARTESIAN_POINT('',(7.902706599,-1.31240359,7.016058009));
#7494=CARTESIAN_POINT('',(7.85936796,-1.31240359,7.207889843));
#7495=CARTESIAN_POINT('',(7.814063843,-1.31240359,7.399083055));
#7496=CARTESIAN_POINT('',(7.767785544,-1.31240359,7.589959735));
#7497=CARTESIAN_POINT('',(7.720533065,-1.31240359,7.780519885));
#7498=CARTESIAN_POINT('',(7.64675722,-1.31240359,8.065418778));
#7499=CARTESIAN_POINT('',(7.595658712,-1.31240359,8.254729276));
#7500=CARTESIAN_POINT('',(7.543611216,-1.31240359,8.443731432));
#7501=CARTESIAN_POINT('',(7.517112975,-1.31240359,8.538078337));
#7502=CARTESIAN_POINT('',(7.463175749,-1.31240359,8.726466481));
#7503=CARTESIAN_POINT('',(7.435736764,-1.31240359,8.82050772));
#7504=CARTESIAN_POINT('',(7.379926214,-1.31240359,9.008287185));
#7505=CARTESIAN_POINT('',(7.337368869,-1.31240359,9.148894524));
#7506=CARTESIAN_POINT('',(7.264706529,-1.31240359,9.382676862));
#7507=CARTESIAN_POINT('',(7.190318287,-1.31240359,9.615898422));
#7508=CARTESIAN_POINT('',(7.113648773,-1.31240359,9.84837875));
#7509=CARTESIAN_POINT('',(7.035283088,-1.31240359,10.08030796));
#7510=CARTESIAN_POINT('',(6.966595297,-1.31240359,10.278835364));
#7511=CARTESIAN_POINT('',(6.912710207,-1.31240359,10.430694106));
#7512=CARTESIAN_POINT('',(6.891396648,-1.31240359,10.490179273));
#7513=CARTESIAN_POINT('',(8.511364617,-1.56240609,2.535983371));
#7514=CARTESIAN_POINT('',(8.506905375,-1.56240609,2.618101567));
#7515=CARTESIAN_POINT('',(8.502074364,-1.56240609,2.700098966));
#7516=CARTESIAN_POINT('',(8.490467493,-1.56240609,2.882851461));
#7517=CARTESIAN_POINT('',(8.483500463,-1.56240609,2.983544442));
#7518=CARTESIAN_POINT('',(8.472216754,-1.56240609,3.134313201));
#7519=CARTESIAN_POINT('',(8.460516463,-1.56240609,3.284946605));
#7520=CARTESIAN_POINT('',(8.447571875,-1.56240609,3.435175711));
#7521=CARTESIAN_POINT('',(8.42921601,-1.56240609,3.635124941));
#7522=CARTESIAN_POINT('',(8.419489871,-1.56240609,3.734921433));
#7523=CARTESIAN_POINT('',(8.398950719,-1.56240609,3.934161269));
#7524=CARTESIAN_POINT('',(8.388137709,-1.56240609,4.033604614));
#7525=CARTESIAN_POINT('',(8.371110136,-1.56240609,4.182507079));
#7526=CARTESIAN_POINT('',(8.365299601,-1.56240609,4.232097475));
#7527=CARTESIAN_POINT('',(8.347465731,-1.56240609,4.380737958));
#7528=CARTESIAN_POINT('',(8.335040129,-1.56240609,4.479657341));
#7529=CARTESIAN_POINT('',(8.315604205,-1.56240609,4.627777284));
#7530=CARTESIAN_POINT('',(8.308992642,-1.56240609,4.67710741));
#7531=CARTESIAN_POINT('',(8.288760929,-1.56240609,4.824968787));
#7532=CARTESIAN_POINT('',(8.267735174,-1.56240609,4.972572164));
#7533=CARTESIAN_POINT('',(8.230724431,-1.56240609,5.217938408));
#7534=CARTESIAN_POINT('',(8.199548453,-1.56240609,5.41372213));
#7535=CARTESIAN_POINT('',(8.175001176,-1.56240609,5.560181295));
#7536=CARTESIAN_POINT('',(8.150067161,-1.56240609,5.706514801));
#7537=CARTESIAN_POINT('',(8.124359677,-1.56240609,5.852596991));
#7538=CARTESIAN_POINT('',(8.079597037,-1.56240609,6.095444493));
#7539=CARTESIAN_POINT('',(8.042260157,-1.56240609,6.289226416));
#7540=CARTESIAN_POINT('',(7.99369722,-1.56240609,6.530839125));
#7541=CARTESIAN_POINT('',(7.953340009,-1.56240609,6.723639685));
#7542=CARTESIAN_POINT('',(7.9219518,-1.56240609,6.867876096));
#7543=CARTESIAN_POINT('',(7.890191784,-1.56240609,7.011991699));
#7544=CARTESIAN_POINT('',(7.846853622,-1.56240609,7.203823688));
#7545=CARTESIAN_POINT('',(7.801549768,-1.56240609,7.395016985));
#7546=CARTESIAN_POINT('',(7.755271627,-1.56240609,7.585893717));
#7547=CARTESIAN_POINT('',(7.708019199,-1.56240609,7.776453884));
#7548=CARTESIAN_POINT('',(7.634243115,-1.56240609,8.061352698));
#7549=CARTESIAN_POINT('',(7.583144235,-1.56240609,8.250663076));
#7550=CARTESIAN_POINT('',(7.531096261,-1.56240609,8.439665076));
#7551=CARTESIAN_POINT('',(7.504597727,-1.56240609,8.534011887));
#7552=CARTESIAN_POINT('',(7.450659811,-1.56240609,8.722399806));
#7553=CARTESIAN_POINT('',(7.423220428,-1.56240609,8.816440916));
#7554=CARTESIAN_POINT('',(7.367408976,-1.56240609,9.004220087));
#7555=CARTESIAN_POINT('',(7.324850874,-1.56240609,9.144827181));
#7556=CARTESIAN_POINT('',(7.252187075,-1.56240609,9.378609045));
#7557=CARTESIAN_POINT('',(7.177797175,-1.56240609,9.611830066));
#7558=CARTESIAN_POINT('',(7.101125734,-1.56240609,9.844309768));
#7559=CARTESIAN_POINT('',(7.022757924,-1.56240609,10.076238287));
#7560=CARTESIAN_POINT('',(6.954068137,-1.56240609,10.274765043));
#7561=CARTESIAN_POINT('',(6.900181373,-1.56240609,10.426623241));
#7562=CARTESIAN_POINT('',(6.878867135,-1.56240609,10.486108188));
#7563=CARTESIAN_POINT('',(8.496287028,-1.81240859,2.531084365));
#7564=CARTESIAN_POINT('',(8.49182962,-1.81240859,2.613203157));
#7565=CARTESIAN_POINT('',(8.487000399,-1.81240859,2.695201138));
#7566=CARTESIAN_POINT('',(8.475397429,-1.81240859,2.877954901));
#7567=CARTESIAN_POINT('',(8.468432485,-1.81240859,2.978648559));
#7568=CARTESIAN_POINT('',(8.457151809,-1.81240859,3.129418304));
#7569=CARTESIAN_POINT('',(8.445454501,-1.81240859,3.280052677));
#7570=CARTESIAN_POINT('',(8.43251275,-1.81240859,3.430282705));
#7571=CARTESIAN_POINT('',(8.414160537,-1.81240859,3.630233121));
#7572=CARTESIAN_POINT('',(8.404436158,-1.81240859,3.730030185));
#7573=CARTESIAN_POINT('',(8.3839004,-1.81240859,3.929271124));
#7574=CARTESIAN_POINT('',(8.37308902,-1.81240859,4.028714999));
#7575=CARTESIAN_POINT('',(8.356063796,-1.81240859,4.177618227));
#7576=CARTESIAN_POINT('',(8.350254029,-1.81240859,4.227208872));
#7577=CARTESIAN_POINT('',(8.332422411,-1.81240859,4.375850087));
#7578=CARTESIAN_POINT('',(8.319998247,-1.81240859,4.474769937));
#7579=CARTESIAN_POINT('',(8.300564381,-1.81240859,4.622890549));
#7580=CARTESIAN_POINT('',(8.293953488,-1.81240859,4.672220893));
#7581=CARTESIAN_POINT('',(8.273723737,-1.81240859,4.820082907));
#7582=CARTESIAN_POINT('',(8.252699849,-1.81240859,4.96768689));
#7583=CARTESIAN_POINT('',(8.215691973,-1.81240859,5.213054066));
#7584=CARTESIAN_POINT('',(8.184518097,-1.81240859,5.408838472));
#7585=CARTESIAN_POINT('',(8.159972253,-1.81240859,5.555298102));
#7586=CARTESIAN_POINT('',(8.135039623,-1.81240859,5.701632058));
#7587=CARTESIAN_POINT('',(8.109333429,-1.81240859,5.847714667));
#7588=CARTESIAN_POINT('',(8.064572697,-1.81240859,6.090562789));
#7589=CARTESIAN_POINT('',(8.027237152,-1.81240859,6.284345146));
#7590=CARTESIAN_POINT('',(7.978675646,-1.81240859,6.52595832));
#7591=CARTESIAN_POINT('',(7.938319388,-1.81240859,6.718759189));
#7592=CARTESIAN_POINT('',(7.90693175,-1.81240859,6.862995786));
#7593=CARTESIAN_POINT('',(7.875172259,-1.81240859,7.007111559));
#7594=CARTESIAN_POINT('',(7.831834667,-1.81240859,7.198943734));
#7595=CARTESIAN_POINT('',(7.786531129,-1.81240859,7.390137134));
#7596=CARTESIAN_POINT('',(7.740253178,-1.81240859,7.581013927));
#7597=CARTESIAN_POINT('',(7.693000812,-1.81240859,7.771574114));
#7598=CARTESIAN_POINT('',(7.61922444,-1.81240859,8.056472835));
#7599=CARTESIAN_POINT('',(7.568125113,-1.81240859,8.245783068));
#7600=CARTESIAN_POINT('',(7.516076565,-1.81240859,8.434784881));
#7601=CARTESIAN_POINT('',(7.489577681,-1.81240859,8.529131578));
#7602=CARTESIAN_POINT('',(7.435638937,-1.81240859,8.717519228));
#7603=CARTESIAN_POINT('',(7.408199076,-1.81240859,8.811560183));
#7604=CARTESIAN_POINT('',(7.352386541,-1.81240859,8.999339002));
#7605=CARTESIAN_POINT('',(7.309827531,-1.81240859,9.139945801));
#7606=CARTESIAN_POINT('',(7.23716198,-1.81240859,9.373727095));
#7607=CARTESIAN_POINT('',(7.162770087,-1.81240859,9.606947469));
#7608=CARTESIAN_POINT('',(7.086096336,-1.81240859,9.83942642));
#7609=CARTESIAN_POINT('',(7.007725974,-1.81240859,10.071354111));
#7610=CARTESIAN_POINT('',(6.939033791,-1.81240859,10.269880088));
#7611=CARTESIAN_POINT('',(6.885145016,-1.81240859,10.421737632));
#7612=CARTESIAN_POINT('',(6.863829963,-1.81240859,10.481222314));
#7613=CARTESIAN_POINT('',(8.478693614,-2.06241109,2.525367919));
#7614=CARTESIAN_POINT('',(8.474238347,-2.06241109,2.607487406));
#7615=CARTESIAN_POINT('',(8.469411216,-2.06241109,2.689486066));
#7616=CARTESIAN_POINT('',(8.457812801,-2.06241109,2.872241309));
#7617=CARTESIAN_POINT('',(8.450850292,-2.06241109,2.972935758));
#7618=CARTESIAN_POINT('',(8.439573156,-2.06241109,3.123706653));
#7619=CARTESIAN_POINT('',(8.42787933,-2.06241109,3.274342158));
#7620=CARTESIAN_POINT('',(8.414940891,-2.06241109,3.424573262));
#7621=CARTESIAN_POINT('',(8.39659294,-2.06241109,3.624525063));
#7622=CARTESIAN_POINT('',(8.386870617,-2.06241109,3.724322795));
#7623=CARTESIAN_POINT('',(8.366338817,-2.06241109,3.92356502));
#7624=CARTESIAN_POINT('',(8.355529341,-2.06241109,4.023009513));
#7625=CARTESIAN_POINT('',(8.33850686,-2.06241109,4.171913633));
#7626=CARTESIAN_POINT('',(8.332697988,-2.06241109,4.221504568));
#7627=CARTESIAN_POINT('',(8.314868998,-2.06241109,4.370146637));
#7628=CARTESIAN_POINT('',(8.302446512,-2.06241109,4.469067033));
#7629=CARTESIAN_POINT('',(8.283015049,-2.06241109,4.617188426));
#7630=CARTESIAN_POINT('',(8.276404939,-2.06241109,4.666519024));
#7631=CARTESIAN_POINT('',(8.256177479,-2.06241109,4.814381782));
#7632=CARTESIAN_POINT('',(8.235155768,-2.06241109,4.961986473));
#7633=CARTESIAN_POINT('',(8.198151241,-2.06241109,5.207354737));
#7634=CARTESIAN_POINT('',(8.16697982,-2.06241109,5.40313994));
#7635=CARTESIAN_POINT('',(8.142435648,-2.06241109,5.549600114));
#7636=CARTESIAN_POINT('',(8.117504635,-2.06241109,5.695934595));
#7637=CARTESIAN_POINT('',(8.091799944,-2.06241109,5.842017693));
#7638=CARTESIAN_POINT('',(8.047041441,-2.06241109,6.084866538));
#7639=CARTESIAN_POINT('',(8.009707454,-2.06241109,6.278649402));
#7640=CARTESIAN_POINT('',(7.961147617,-2.06241109,6.520263118));
#7641=CARTESIAN_POINT('',(7.920792472,-2.06241109,6.713064349));
#7642=CARTESIAN_POINT('',(7.889405501,-2.06241109,6.857301162));
#7643=CARTESIAN_POINT('',(7.85764662,-2.06241109,7.001417134));
#7644=CARTESIAN_POINT('',(7.814309695,-2.06241109,7.193249525));
#7645=CARTESIAN_POINT('',(7.769006527,-2.06241109,7.384443045));
#7646=CARTESIAN_POINT('',(7.722728797,-2.06241109,7.57531991));
#7647=CARTESIAN_POINT('',(7.675476503,-2.06241109,7.765880121));
#7648=CARTESIAN_POINT('',(7.601699795,-2.06241109,8.050778733));
#7649=CARTESIAN_POINT('',(7.550599947,-2.06241109,8.240088796));
#7650=CARTESIAN_POINT('',(7.49855073,-2.06241109,8.429090392));
#7651=CARTESIAN_POINT('',(7.472051437,-2.06241109,8.523436956));
#7652=CARTESIAN_POINT('',(7.418111725,-2.06241109,8.711824292));
#7653=CARTESIAN_POINT('',(7.390671306,-2.06241109,8.805865065));
#7654=CARTESIAN_POINT('',(7.334857508,-2.06241109,8.993643474));
#7655=CARTESIAN_POINT('',(7.292297438,-2.06241109,9.134249928));
#7656=CARTESIAN_POINT('',(7.219629841,-2.06241109,9.368030558));
#7657=CARTESIAN_POINT('',(7.145235623,-2.06241109,9.601250176));
#7658=CARTESIAN_POINT('',(7.068559174,-2.06241109,9.833728251));
#7659=CARTESIAN_POINT('',(6.990185834,-2.06241109,10.065654974));
#7660=CARTESIAN_POINT('',(6.921490855,-2.06241109,10.264180043));
#7661=CARTESIAN_POINT('',(6.867599733,-2.06241109,10.416036824));
#7662=CARTESIAN_POINT('',(6.846283728,-2.06241109,10.475521197));
#7663=CARTESIAN_POINT('',(8.464240223,-2.249912965,2.520671727));
#7664=CARTESIAN_POINT('',(8.459786716,-2.249912965,2.602791786));
#7665=CARTESIAN_POINT('',(8.454961302,-2.249912965,2.684791005));
#7666=CARTESIAN_POINT('',(8.443366626,-2.249912965,2.867547462));
#7667=CARTESIAN_POINT('',(8.43640612,-2.249912965,2.968242562));
#7668=CARTESIAN_POINT('',(8.425131893,-2.249912965,3.119014403));
#7669=CARTESIAN_POINT('',(8.41344093,-2.249912965,3.269650837));
#7670=CARTESIAN_POINT('',(8.400505209,-2.249912965,3.419882824));
#7671=CARTESIAN_POINT('',(8.382160763,-2.249912965,3.619835764));
#7672=CARTESIAN_POINT('',(8.372440127,-2.249912965,3.719634044));
#7673=CARTESIAN_POINT('',(8.351911581,-2.249912965,3.918877327));
#7674=CARTESIAN_POINT('',(8.34110367,-2.249912965,4.018322329));
#7675=CARTESIAN_POINT('',(8.324083442,-2.249912965,4.16722718));
#7676=CARTESIAN_POINT('',(8.318275305,-2.249912965,4.216818355));
#7677=CARTESIAN_POINT('',(8.300448477,-2.249912965,4.365461126));
#7678=CARTESIAN_POINT('',(8.288027368,-2.249912965,4.464381969));
#7679=CARTESIAN_POINT('',(8.268597881,-2.249912965,4.612504004));
#7680=CARTESIAN_POINT('',(8.261988413,-2.249912965,4.66183481));
#7681=CARTESIAN_POINT('',(8.241762835,-2.249912965,4.80969818));
#7682=CARTESIAN_POINT('',(8.220742914,-2.249912965,4.957303453));
#7683=CARTESIAN_POINT('',(8.183741139,-2.249912965,5.202672611));
#7684=CARTESIAN_POINT('',(8.152571733,-2.249912965,5.398458469));
#7685=CARTESIAN_POINT('',(8.128028937,-2.249912965,5.544919089));
#7686=CARTESIAN_POINT('',(8.103099251,-2.249912965,5.691254002));
#7687=CARTESIAN_POINT('',(8.077395796,-2.249912965,5.837337502));
#7688=CARTESIAN_POINT('',(8.032639124,-2.249912965,6.080186942));
#7689=CARTESIAN_POINT('',(7.995306417,-2.249912965,6.273970222));
#7690=CARTESIAN_POINT('',(7.946747953,-2.249912965,6.515584384));
#7691=CARTESIAN_POINT('',(7.906393722,-2.249912965,6.708385911));
#7692=CARTESIAN_POINT('',(7.875007298,-2.249912965,6.852622903));
#7693=CARTESIAN_POINT('',(7.843248921,-2.249912965,6.996739038));
#7694=CARTESIAN_POINT('',(7.799912542,-2.249912965,7.188571607));
#7695=CARTESIAN_POINT('',(7.754609679,-2.249912965,7.379765226));
#7696=CARTESIAN_POINT('',(7.70833213,-2.249912965,7.570642149));
#7697=CARTESIAN_POINT('',(7.661079896,-2.249912965,7.761202379));
#7698=CARTESIAN_POINT('',(7.587302911,-2.249912965,8.046100902));
#7699=CARTESIAN_POINT('',(7.536202635,-2.249912965,8.235410826));
#7700=CARTESIAN_POINT('',(7.484152867,-2.249912965,8.424412243));
#7701=CARTESIAN_POINT('',(7.457653238,-2.249912965,8.518758697));
#7702=CARTESIAN_POINT('',(7.403712732,-2.249912965,8.707145775));
#7703=CARTESIAN_POINT('',(7.376271855,-2.249912965,8.8011864));
#7704=CARTESIAN_POINT('',(7.320457017,-2.249912965,8.988964471));
#7705=CARTESIAN_POINT('',(7.277896077,-2.249912965,9.129570642));
#7706=CARTESIAN_POINT('',(7.2052268,-2.249912965,9.363350726));
#7707=CARTESIAN_POINT('',(7.130830671,-2.249912965,9.596569724));
#7708=CARTESIAN_POINT('',(7.054152004,-2.249912965,9.829047078));
#7709=CARTESIAN_POINT('',(6.975776218,-2.249912965,10.060973006));
#7710=CARTESIAN_POINT('',(6.907078941,-2.249912965,10.259497328));
#7711=CARTESIAN_POINT('',(6.85318589,-2.249912965,10.411353483));
#7712=CARTESIAN_POINT('',(6.831869103,-2.249912965,10.470837602));
#7713=CARTESIAN_POINT('',(8.443290654,-2.499915465,2.5138648));
#7714=CARTESIAN_POINT('',(8.438839698,-2.499915465,2.595985687));
#7715=CARTESIAN_POINT('',(8.434016775,-2.499915465,2.677985715));
#7716=CARTESIAN_POINT('',(8.422427521,-2.499915465,2.860743934));
#7717=CARTESIAN_POINT('',(8.415469918,-2.499915465,2.961439978));
#7718=CARTESIAN_POINT('',(8.404199909,-2.499915465,3.112213189));
#7719=CARTESIAN_POINT('',(8.392513093,-2.499915465,3.262850971));
#7720=CARTESIAN_POINT('',(8.379581318,-2.499915465,3.41308424));
#7721=CARTESIAN_POINT('',(8.361241949,-2.499915465,3.61303883));
#7722=CARTESIAN_POINT('',(8.351523763,-2.499915465,3.712837905));
#7723=CARTESIAN_POINT('',(8.330999933,-2.499915465,3.912082721));
#7724=CARTESIAN_POINT('',(8.320194289,-2.499915465,4.011528459));
#7725=CARTESIAN_POINT('',(8.303177329,-2.499915465,4.160434372));
#7726=CARTESIAN_POINT('',(8.297370259,-2.499915465,4.210025894));
#7727=CARTESIAN_POINT('',(8.279546564,-2.499915465,4.358669683));
#7728=CARTESIAN_POINT('',(8.267127454,-2.499915465,4.457591175));
#7729=CARTESIAN_POINT('',(8.247700829,-2.499915465,4.60571414));
#7730=CARTESIAN_POINT('',(8.241092293,-2.499915465,4.655045249));
#7731=CARTESIAN_POINT('',(8.220869444,-2.499915465,4.802909506));
#7732=CARTESIAN_POINT('',(8.199852116,-2.499915465,4.950515621));
#7733=CARTESIAN_POINT('',(8.162854332,-2.499915465,5.195886076));
#7734=CARTESIAN_POINT('',(8.131687849,-2.499915465,5.391672884));
#7735=CARTESIAN_POINT('',(8.107147044,-2.499915465,5.538134151));
#7736=CARTESIAN_POINT('',(8.082219284,-2.499915465,5.68446969));
#7737=CARTESIAN_POINT('',(8.056517623,-2.499915465,5.830553772));
#7738=CARTESIAN_POINT('',(8.011763605,-2.499915465,6.073404074));
#7739=CARTESIAN_POINT('',(7.974432756,-2.499915465,6.267187958));
#7740=CARTESIAN_POINT('',(7.925876279,-2.499915465,6.508802766));
#7741=CARTESIAN_POINT('',(7.885523373,-2.499915465,6.701604724));
#7742=CARTESIAN_POINT('',(7.854137745,-2.499915465,6.845841974));
#7743=CARTESIAN_POINT('',(7.822380095,-2.499915465,6.989958345));
#7744=CARTESIAN_POINT('',(7.779044512,-2.499915465,7.181791173));
#7745=CARTESIAN_POINT('',(7.733742088,-2.499915465,7.372984934));
#7746=CARTESIAN_POINT('',(7.687464802,-2.499915465,7.563861944));
#7747=CARTESIAN_POINT('',(7.640212654,-2.499915465,7.754422202));
#7748=CARTESIAN_POINT('',(7.566435269,-2.499915465,8.039320594));
#7749=CARTESIAN_POINT('',(7.515334371,-2.499915465,8.228630316));
#7750=CARTESIAN_POINT('',(7.463283806,-2.499915465,8.417631474));
#7751=CARTESIAN_POINT('',(7.436783689,-2.499915465,8.51197777));
#7752=CARTESIAN_POINT('',(7.382842032,-2.499915465,8.700364474));
#7753=CARTESIAN_POINT('',(7.355400491,-2.499915465,8.794404882));
#7754=CARTESIAN_POINT('',(7.299584146,-2.499915465,8.982182464));
#7755=CARTESIAN_POINT('',(7.257021943,-2.499915465,9.122788225));
#7756=CARTESIAN_POINT('',(7.184350228,-2.499915465,9.356567517));
#7757=CARTESIAN_POINT('',(7.109951332,-2.499915465,9.589785615));
#7758=CARTESIAN_POINT('',(7.03326945,-2.499915465,9.822261925));
#7759=CARTESIAN_POINT('',(6.954890115,-2.499915465,10.0541867));
#7760=CARTESIAN_POINT('',(6.886189507,-2.499915465,10.25270994));
#7761=CARTESIAN_POINT('',(6.832293661,-2.499915465,10.404565186));
#7762=CARTESIAN_POINT('',(6.81097574,-2.499915465,10.464048936));
#7763=CARTESIAN_POINT('',(8.425689566,-2.68741734,2.50814586));
#7764=CARTESIAN_POINT('',(8.421240752,-2.68741734,2.590267443));
#7765=CARTESIAN_POINT('',(8.416419923,-2.68741734,2.672268152));
#7766=CARTESIAN_POINT('',(8.404835231,-2.68741734,2.855027853));
#7767=CARTESIAN_POINT('',(8.397880066,-2.68741734,2.955724688));
#7768=CARTESIAN_POINT('',(8.386613601,-2.68741734,3.106499051));
#7769=CARTESIAN_POINT('',(8.374930273,-2.68741734,3.257137966));
#7770=CARTESIAN_POINT('',(8.362001812,-2.68741734,3.407372312));
#7771=CARTESIAN_POINT('',(8.343666713,-2.68741734,3.607328289));
#7772=CARTESIAN_POINT('',(8.333950585,-2.68741734,3.707128034));
#7773=CARTESIAN_POINT('',(8.313430718,-2.68741734,3.906374137));
#7774=CARTESIAN_POINT('',(8.302626983,-2.68741734,4.005820495));
#7775=CARTESIAN_POINT('',(8.285612767,-2.68741734,4.1547273));
#7776=CARTESIAN_POINT('',(8.279806593,-2.68741734,4.204319113));
#7777=CARTESIAN_POINT('',(8.261985531,-2.68741734,4.352963757));
#7778=CARTESIAN_POINT('',(8.249568098,-2.68741734,4.451885795));
#7779=CARTESIAN_POINT('',(8.230143882,-2.68741734,4.600009542));
#7780=CARTESIAN_POINT('',(8.223536129,-2.68741734,4.649340906));
#7781=CARTESIAN_POINT('',(8.203315574,-2.68741734,4.797205908));
#7782=CARTESIAN_POINT('',(8.182300426,-2.68741734,4.944812731));
#7783=CARTESIAN_POINT('',(8.145305994,-2.68741734,5.190184275));
#7784=CARTESIAN_POINT('',(8.114141971,-2.68741734,5.385971882));
#7785=CARTESIAN_POINT('',(8.08960284,-2.68741734,5.532433694));
#7786=CARTESIAN_POINT('',(8.0646767,-2.68741734,5.678769759));
#7787=CARTESIAN_POINT('',(8.038976544,-2.68741734,5.82485433));
#7788=CARTESIAN_POINT('',(7.994224756,-2.68741734,6.067705357));
#7789=CARTESIAN_POINT('',(7.956895467,-2.68741734,6.261489748));
#7790=CARTESIAN_POINT('',(7.908340662,-2.68741734,6.503105099));
#7791=CARTESIAN_POINT('',(7.86798887,-2.68741734,6.695907418));
#7792=CARTESIAN_POINT('',(7.83660391,-2.68741734,6.840144885));
#7793=CARTESIAN_POINT('',(7.804846872,-2.68741734,6.984261456));
#7794=CARTESIAN_POINT('',(7.761511955,-2.68741734,7.1760945));
#7795=CARTESIAN_POINT('',(7.716209902,-2.68741734,7.367288382));
#7796=CARTESIAN_POINT('',(7.669932838,-2.68741734,7.558165463));
#7797=CARTESIAN_POINT('',(7.622680764,-2.68741734,7.748725745));
#7798=CARTESIAN_POINT('',(7.548903042,-2.68741734,8.033624028));
#7799=CARTESIAN_POINT('',(7.497801621,-2.68741734,8.22293358));
#7800=CARTESIAN_POINT('',(7.445750386,-2.68741734,8.411934521));
#7801=CARTESIAN_POINT('',(7.41924986,-2.68741734,8.506280684));
#7802=CARTESIAN_POINT('',(7.365307234,-2.68741734,8.694667072));
#7803=CARTESIAN_POINT('',(7.337865134,-2.68741734,8.7887073));
#7804=CARTESIAN_POINT('',(7.282047523,-2.68741734,8.97648447));
#7805=CARTESIAN_POINT('',(7.23948426,-2.68741734,9.117089886));
#7806=CARTESIAN_POINT('',(7.166810497,-2.68741734,9.350868513));
#7807=CARTESIAN_POINT('',(7.092409271,-2.68741734,9.584085854));
#7808=CARTESIAN_POINT('',(7.015724689,-2.68741734,9.816561286));
#7809=CARTESIAN_POINT('',(6.937342371,-2.68741734,10.048485092));
#7810=CARTESIAN_POINT('',(6.868638964,-2.68741734,10.247007422));
#7811=CARTESIAN_POINT('',(6.814740766,-2.68741734,10.398861905));
#7812=CARTESIAN_POINT('',(6.793421893,-2.68741734,10.458345346));
#7813=CARTESIAN_POINT('',(8.400540957,-2.93741984,2.499974581));
#7814=CARTESIAN_POINT('',(8.396095208,-2.93741984,2.582097161));
#7815=CARTESIAN_POINT('',(8.391277369,-2.93741984,2.664098841));
#7816=CARTESIAN_POINT('',(8.37969919,-2.93741984,2.846860658));
#7817=CARTESIAN_POINT('',(8.372747515,-2.93741984,2.947558627));
#7818=CARTESIAN_POINT('',(8.361486114,-2.93741984,3.098334635));
#7819=CARTESIAN_POINT('',(8.34980777,-2.93741984,3.24897517));
#7820=CARTESIAN_POINT('',(8.33688405,-2.93741984,3.399211057));
#7821=CARTESIAN_POINT('',(8.318555048,-2.93741984,3.599169015));
#7822=CARTESIAN_POINT('',(8.308841862,-2.93741984,3.698969715));
#7823=CARTESIAN_POINT('',(8.288327664,-2.93741984,3.89821766));
#7824=CARTESIAN_POINT('',(8.277526651,-2.93741984,3.997664903));
#7825=CARTESIAN_POINT('',(8.260516362,-2.93741984,4.146572984));
#7826=CARTESIAN_POINT('',(8.25471147,-2.93741984,4.196165213));
#7827=CARTESIAN_POINT('',(8.236894168,-2.93741984,4.344811079));
#7828=CARTESIAN_POINT('',(8.224479141,-2.93741984,4.443733898));
#7829=CARTESIAN_POINT('',(8.20505836,-2.93741984,4.591858762));
#7830=CARTESIAN_POINT('',(8.198451728,-2.93741984,4.64119049));
#7831=CARTESIAN_POINT('',(8.17823445,-2.93741984,4.789056557));
#7832=CARTESIAN_POINT('',(8.15722242,-2.93741984,4.936664393));
#7833=CARTESIAN_POINT('',(8.12023278,-2.93741984,5.182037494));
#7834=CARTESIAN_POINT('',(8.089072268,-2.93741984,5.377826242));
#7835=CARTESIAN_POINT('',(8.064535532,-2.93741984,5.524288832));
#7836=CARTESIAN_POINT('',(8.039611703,-2.93741984,5.670625648));
#7837=CARTESIAN_POINT('',(8.013913702,-2.93741984,5.816710919));
#7838=CARTESIAN_POINT('',(7.969165102,-2.93741984,6.059562982));
#7839=CARTESIAN_POINT('',(7.931838045,-2.93741984,6.253348097));
#7840=CARTESIAN_POINT('',(7.883285629,-2.93741984,6.494964225));
#7841=CARTESIAN_POINT('',(7.842935429,-2.93741984,6.687767062));
#7842=CARTESIAN_POINT('',(7.811551423,-2.93741984,6.832004839));
#7843=CARTESIAN_POINT('',(7.779795261,-2.93741984,6.976121694));
#7844=CARTESIAN_POINT('',(7.736461299,-2.93741984,7.167955048));
#7845=CARTESIAN_POINT('',(7.691159773,-2.93741984,7.359149102));
#7846=CARTESIAN_POINT('',(7.644883025,-2.93741984,7.550026286));
#7847=CARTESIAN_POINT('',(7.597631055,-2.93741984,7.740586601));
#7848=CARTESIAN_POINT('',(7.52385285,-2.93741984,8.025484727));
#7849=CARTESIAN_POINT('',(7.472750686,-2.93741984,8.214794038));
#7850=CARTESIAN_POINT('',(7.420698491,-2.93741984,8.403794666));
#7851=CARTESIAN_POINT('',(7.394197379,-2.93741984,8.498140639));
#7852=CARTESIAN_POINT('',(7.34025337,-2.93741984,8.686526579));
#7853=CARTESIAN_POINT('',(7.312810471,-2.93741984,8.780566546));
#7854=CARTESIAN_POINT('',(7.256991053,-2.93741984,8.968343129));
#7855=CARTESIAN_POINT('',(7.214426271,-2.93741984,9.108948052));
#7856=CARTESIAN_POINT('',(7.141749581,-2.93741984,9.342725728));
#7857=CARTESIAN_POINT('',(7.067345029,-2.93741984,9.575941988));
#7858=CARTESIAN_POINT('',(6.990656583,-2.93741984,9.808416165));
#7859=CARTESIAN_POINT('',(6.912270004,-2.93741984,10.040338586));
#7860=CARTESIAN_POINT('',(6.843562595,-2.93741984,10.238859616));
#7861=CARTESIAN_POINT('',(6.789661039,-2.93741984,10.390713007));
#7862=CARTESIAN_POINT('',(6.768340803,-2.93741984,10.450196005));
#7863=CARTESIAN_POINT('',(8.380419127,-3.124921715,2.493436602));
#7864=CARTESIAN_POINT('',(8.37597583,-3.124921715,2.575559978));
#7865=CARTESIAN_POINT('',(8.371160386,-3.124921715,2.657562437));
#7866=CARTESIAN_POINT('',(8.359587424,-3.124921715,2.840325949));
#7867=CARTESIAN_POINT('',(8.352638536,-3.124921715,2.941024824));
#7868=CARTESIAN_POINT('',(8.341381193,-3.124921715,3.09180215));
#7869=CARTESIAN_POINT('',(8.329706837,-3.124921715,3.242443981));
#7870=CARTESIAN_POINT('',(8.31678691,-3.124921715,3.3926811));
#7871=CARTESIAN_POINT('',(8.298462791,-3.124921715,3.592640645));
#7872=CARTESIAN_POINT('',(8.28875196,-3.124921715,3.69244211));
#7873=CARTESIAN_POINT('',(8.268242297,-3.124921715,3.891691528));
#7874=CARTESIAN_POINT('',(8.257443464,-3.124921715,3.99113948));
#7875=CARTESIAN_POINT('',(8.240436316,-3.124921715,4.140048581));
#7876=CARTESIAN_POINT('',(8.234632449,-3.124921715,4.189641144));
#7877=CARTESIAN_POINT('',(8.21681816,-3.124921715,4.338287989));
#7878=CARTESIAN_POINT('',(8.204405052,-3.124921715,4.437211431));
#7879=CARTESIAN_POINT('',(8.184987027,-3.124921715,4.58533719));
#7880=CARTESIAN_POINT('',(8.178381289,-3.124921715,4.634669209));
#7881=CARTESIAN_POINT('',(8.158166637,-3.124921715,4.782536129));
#7882=CARTESIAN_POINT('',(8.1371571,-3.124921715,4.930144776));
#7883=CARTESIAN_POINT('',(8.100171296,-3.124921715,5.175519123));
#7884=CARTESIAN_POINT('',(8.069013596,-3.124921715,5.371308784));
#7885=CARTESIAN_POINT('',(8.044478775,-3.124921715,5.517771996));
#7886=CARTESIAN_POINT('',(8.019556798,-3.124921715,5.664109414));
#7887=CARTESIAN_POINT('',(7.99386052,-3.124921715,5.810195245));
#7888=CARTESIAN_POINT('',(7.949114471,-3.124921715,6.053048137));
#7889=CARTESIAN_POINT('',(7.911789199,-3.124921715,6.246833833));
#7890=CARTESIAN_POINT('',(7.863238696,-3.124921715,6.488450581));
#7891=CARTESIAN_POINT('',(7.82288977,-3.124921715,6.681253832));
#7892=CARTESIAN_POINT('',(7.791506528,-3.124921715,6.825491858));
#7893=CARTESIAN_POINT('',(7.759751065,-3.124921715,6.96960894));
#7894=CARTESIAN_POINT('',(7.716417866,-3.124921715,7.161442542));
#7895=CARTESIAN_POINT('',(7.671116765,-3.124921715,7.352636734));
#7896=CARTESIAN_POINT('',(7.624840271,-3.124921715,7.543514));
#7897=CARTESIAN_POINT('',(7.577588383,-3.124921715,7.734074342));
#7898=CARTESIAN_POINT('',(7.503809795,-3.124921715,8.018972344));
#7899=CARTESIAN_POINT('',(7.452707031,-3.124921715,8.20828146));
#7900=CARTESIAN_POINT('',(7.40065407,-3.124921715,8.397281839));
#7901=CARTESIAN_POINT('',(7.374152489,-3.124921715,8.49162766));
#7902=CARTESIAN_POINT('',(7.320207373,-3.124921715,8.680013239));
#7903=CARTESIAN_POINT('',(7.292763835,-3.124921715,8.774052999));
#7904=CARTESIAN_POINT('',(7.236942968,-3.124921715,8.961829112));
#7905=CARTESIAN_POINT('',(7.194376973,-3.124921715,9.10243364));
#7906=CARTESIAN_POINT('',(7.121697939,-3.124921715,9.336210554));
#7907=CARTESIAN_POINT('',(7.047290724,-3.124921715,9.569425949));
#7908=CARTESIAN_POINT('',(6.97059919,-3.124921715,9.801899123));
#7909=CARTESIAN_POINT('',(6.892209197,-3.124921715,10.033820435));
#7910=CARTESIAN_POINT('',(6.823498585,-3.124921715,10.232340424));
#7911=CARTESIAN_POINT('',(6.769594341,-3.124921715,10.384192942));
#7912=CARTESIAN_POINT('',(6.748273015,-3.124921715,10.443675586));
#7913=CARTESIAN_POINT('',(8.351066732,-3.374924215,2.483899431));
#7914=CARTESIAN_POINT('',(8.346627014,-3.374924215,2.56602397));
#7915=CARTESIAN_POINT('',(8.341815065,-3.374924215,2.648027564));
#7916=CARTESIAN_POINT('',(8.330249715,-3.374924215,2.830793549));
#7917=CARTESIAN_POINT('',(8.3233049,-3.374924215,2.931493748));
#7918=CARTESIAN_POINT('',(8.312053475,-3.374924215,3.082272997));
#7919=CARTESIAN_POINT('',(8.300384942,-3.374924215,3.23291672));
#7920=CARTESIAN_POINT('',(8.28747055,-3.374924215,3.383155637));
#7921=CARTESIAN_POINT('',(8.269153559,-3.374924215,3.583117498));
#7922=CARTESIAN_POINT('',(8.259446163,-3.374924215,3.68292008));
#7923=CARTESIAN_POINT('',(8.238943118,-3.374924215,3.882171648));
#7924=CARTESIAN_POINT('',(8.228147469,-3.374924215,3.981620634));
#7925=CARTESIAN_POINT('',(8.211144906,-3.374924215,4.130531225));
#7926=CARTESIAN_POINT('',(8.205342536,-3.374924215,4.180124274));
#7927=CARTESIAN_POINT('',(8.187532642,-3.374924215,4.328772547));
#7928=CARTESIAN_POINT('',(8.175122339,-3.374924215,4.427696901));
#7929=CARTESIAN_POINT('',(8.155708331,-3.374924215,4.575823965));
#7930=CARTESIAN_POINT('',(8.149103902,-3.374924215,4.625156409));
#7931=CARTESIAN_POINT('',(8.128893078,-3.374924215,4.773024573));
#7932=CARTESIAN_POINT('',(8.107887182,-3.374924215,4.920634403));
#7933=CARTESIAN_POINT('',(8.070906977,-3.374924215,5.166010569));
#7934=CARTESIAN_POINT('',(8.039753379,-3.374924215,5.361801563));
#7935=CARTESIAN_POINT('',(8.015221355,-3.374924215,5.508265684));
#7936=CARTESIAN_POINT('',(7.99030208,-3.374924215,5.65460398));
#7937=CARTESIAN_POINT('',(7.964608317,-3.374924215,5.800690628));
#7938=CARTESIAN_POINT('',(7.919865993,-3.374924215,6.04354473));
#7939=CARTESIAN_POINT('',(7.882543328,-3.374924215,6.237331273));
#7940=CARTESIAN_POINT('',(7.833995615,-3.374924215,6.478948928));
#7941=CARTESIAN_POINT('',(7.793648548,-3.374924215,6.671752783));
#7942=CARTESIAN_POINT('',(7.762266422,-3.374924215,6.815991171));
#7943=CARTESIAN_POINT('',(7.730511981,-3.374924215,6.960108586));
#7944=CARTESIAN_POINT('',(7.687179897,-3.374924215,7.15194255));
#7945=CARTESIAN_POINT('',(7.641879412,-3.374924215,7.343136942));
#7946=CARTESIAN_POINT('',(7.595603288,-3.374924215,7.534014328));
#7947=CARTESIAN_POINT('',(7.548351522,-3.374924215,7.72457471));
#7948=CARTESIAN_POINT('',(7.474572371,-3.374924215,8.009472529));
#7949=CARTESIAN_POINT('',(7.423468737,-3.374924215,8.198781362));
#7950=CARTESIAN_POINT('',(7.371414655,-3.374924215,8.387781377));
#7951=CARTESIAN_POINT('',(7.344912391,-3.374924215,8.482126976));
#7952=CARTESIAN_POINT('',(7.290965657,-3.374924215,8.67051203));
#7953=CARTESIAN_POINT('',(7.263521188,-3.374924215,8.764551487));
#7954=CARTESIAN_POINT('',(7.207698206,-3.374924215,8.952326913));
#7955=CARTESIAN_POINT('',(7.16513044,-3.374924215,9.092930866));
#7956=CARTESIAN_POINT('',(7.092447987,-3.374924215,9.326706669));
#7957=CARTESIAN_POINT('',(7.018036884,-3.374924215,9.5599208));
#7958=CARTESIAN_POINT('',(6.941340839,-3.374924215,9.792392509));
#7959=CARTESIAN_POINT('',(6.862945868,-3.374924215,10.024312203));
#7960=CARTESIAN_POINT('',(6.794230581,-3.374924215,10.222830673));
#7961=CARTESIAN_POINT('',(6.740322412,-3.374924215,10.374681916));
#7962=CARTESIAN_POINT('',(6.718999496,-3.374924215,10.434164043));
#7963=CARTESIAN_POINT('',(8.327790095,-3.56242609,2.476336393));
#7964=CARTESIAN_POINT('',(8.323353217,-3.56242609,2.558461855));
#7965=CARTESIAN_POINT('',(8.318544039,-3.56242609,2.640466349));
#7966=CARTESIAN_POINT('',(8.306984725,-3.56242609,2.823234296));
#7967=CARTESIAN_POINT('',(8.300043144,-3.56242609,2.923935546));
#7968=CARTESIAN_POINT('',(8.288796412,-3.56242609,3.07471632));
#7969=CARTESIAN_POINT('',(8.2771325,-3.56242609,3.225361543));
#7970=CARTESIAN_POINT('',(8.264222498,-3.56242609,3.375601887));
#7971=CARTESIAN_POINT('',(8.24591116,-3.56242609,3.575565585));
#7972=CARTESIAN_POINT('',(8.23620649,-3.56242609,3.675369052));
#7973=CARTESIAN_POINT('',(8.215708697,-3.56242609,3.874622327));
#7974=CARTESIAN_POINT('',(8.204915573,-3.56242609,3.974072134));
#7975=CARTESIAN_POINT('',(8.187916647,-3.56242609,4.122983906));
#7976=CARTESIAN_POINT('',(8.182115465,-3.56242609,4.172577341));
#7977=CARTESIAN_POINT('',(8.164309059,-3.56242609,4.321226748));
#7978=CARTESIAN_POINT('',(8.151900979,-3.56242609,4.420151824));
#7979=CARTESIAN_POINT('',(8.132490159,-3.56242609,4.568279924));
#7980=CARTESIAN_POINT('',(8.125886767,-3.56242609,4.617612705));
#7981=CARTESIAN_POINT('',(8.10567898,-3.56242609,4.765481856));
#7982=CARTESIAN_POINT('',(8.084675975,-3.56242609,4.913092624));
#7983=CARTESIAN_POINT('',(8.047700209,-3.56242609,5.158470233));
#7984=CARTESIAN_POINT('',(8.016549867,-3.56242609,5.354262285));
#7985=CARTESIAN_POINT('',(7.99202006,-3.56242609,5.500727127));
#7986=CARTESIAN_POINT('',(7.967102931,-3.56242609,5.647066119));
#7987=CARTESIAN_POINT('',(7.941411162,-3.56242609,5.793153415));
#7988=CARTESIAN_POINT('',(7.896671793,-3.56242609,6.036008478));
#7989=CARTESIAN_POINT('',(7.859351195,-3.56242609,6.229795692));
#7990=CARTESIAN_POINT('',(7.810805696,-3.56242609,6.471414067));
#7991=CARTESIAN_POINT('',(7.770460104,-3.56242609,6.664218401));
#7992=CARTESIAN_POINT('',(7.739078863,-3.56242609,6.808457077));
#7993=CARTESIAN_POINT('',(7.707325233,-3.56242609,6.952574755));
#7994=CARTESIAN_POINT('',(7.663994032,-3.56242609,7.144409006));
#7995=CARTESIAN_POINT('',(7.618694038,-3.56242609,7.335603557));
#7996=CARTESIAN_POINT('',(7.572418207,-3.56242609,7.526481039));
#7997=CARTESIAN_POINT('',(7.525166538,-3.56242609,7.717041452));
#7998=CARTESIAN_POINT('',(7.451386939,-3.56242609,8.001939125));
#7999=CARTESIAN_POINT('',(7.400282614,-3.56242609,8.191247734));
#8000=CARTESIAN_POINT('',(7.348227645,-3.56242609,8.380247461));
#8001=CARTESIAN_POINT('',(7.321724839,-3.56242609,8.474592883));
#8002=CARTESIAN_POINT('',(7.267776822,-3.56242609,8.662977521));
#8003=CARTESIAN_POINT('',(7.240331612,-3.56242609,8.757016737));
#8004=CARTESIAN_POINT('',(7.184506955,-3.56242609,8.944791618));
#8005=CARTESIAN_POINT('',(7.141937783,-3.56242609,9.085395115));
#8006=CARTESIAN_POINT('',(7.069252616,-3.56242609,9.319170036));
#8007=CARTESIAN_POINT('',(6.99483843,-3.56242609,9.552383166));
#8008=CARTESIAN_POINT('',(6.918138807,-3.56242609,9.784853711));
#8009=CARTESIAN_POINT('',(6.839739886,-3.56242609,10.016772122));
#8010=CARTESIAN_POINT('',(6.771020891,-3.56242609,10.215289388));
#8011=CARTESIAN_POINT('',(6.717109608,-3.56242609,10.367139619));
#8012=CARTESIAN_POINT('',(6.695785429,-3.56242609,10.426621336));
#8013=CARTESIAN_POINT('',(8.303250379,-3.749927965,2.468362956));
#8014=CARTESIAN_POINT('',(8.298816496,-3.749927965,2.550489391));
#8015=CARTESIAN_POINT('',(8.294010243,-3.749927965,2.632494836));
#8016=CARTESIAN_POINT('',(8.282457299,-3.749927965,2.815264852));
#8017=CARTESIAN_POINT('',(8.275519125,-3.749927965,2.915967209));
#8018=CARTESIAN_POINT('',(8.264277345,-3.749927965,3.066749592));
#8019=CARTESIAN_POINT('',(8.252618304,-3.749927965,3.217396398));
#8020=CARTESIAN_POINT('',(8.239712933,-3.749927965,3.367638247));
#8021=CARTESIAN_POINT('',(8.221407559,-3.749927965,3.567603882));
#8022=CARTESIAN_POINT('',(8.211705763,-3.749927965,3.667408283));
#8023=CARTESIAN_POINT('',(8.19121351,-3.749927965,3.866663358));
#8024=CARTESIAN_POINT('',(8.180423048,-3.749927965,3.96611403));
#8025=CARTESIAN_POINT('',(8.163427959,-3.749927965,4.115027049));
#8026=CARTESIAN_POINT('',(8.157628028,-3.749927965,4.16462089));
#8027=CARTESIAN_POINT('',(8.139825299,-3.749927965,4.313271492));
#8028=CARTESIAN_POINT('',(8.127419567,-3.749927965,4.412197331));
#8029=CARTESIAN_POINT('',(8.108012109,-3.749927965,4.560326523));
#8030=CARTESIAN_POINT('',(8.101409812,-3.749927965,4.60965966));
#8031=CARTESIAN_POINT('',(8.081205228,-3.749927965,4.757529851));
#8032=CARTESIAN_POINT('',(8.06020527,-3.749927965,4.90514161));
#8033=CARTESIAN_POINT('',(8.023234188,-3.749927965,5.150520741));
#8034=CARTESIAN_POINT('',(7.992087278,-3.749927965,5.346313908));
#8035=CARTESIAN_POINT('',(7.967559811,-3.749927965,5.49277951));
#8036=CARTESIAN_POINT('',(7.942644943,-3.749927965,5.639119237));
#8037=CARTESIAN_POINT('',(7.916955278,-3.749927965,5.785207217));
#8038=CARTESIAN_POINT('',(7.872219026,-3.749927965,6.028063292));
#8039=CARTESIAN_POINT('',(7.834900607,-3.749927965,6.221851215));
#8040=CARTESIAN_POINT('',(7.786357443,-3.749927965,6.463470348));
#8041=CARTESIAN_POINT('',(7.746013408,-3.749927965,6.656275188));
#8042=CARTESIAN_POINT('',(7.714633099,-3.749927965,6.800514167));
#8043=CARTESIAN_POINT('',(7.682880325,-3.749927965,6.944632123));
#8044=CARTESIAN_POINT('',(7.639550057,-3.749927965,7.136466677));
#8045=CARTESIAN_POINT('',(7.59425058,-3.749927965,7.327661396));
#8046=CARTESIAN_POINT('',(7.547975058,-3.749927965,7.518538978));
#8047=CARTESIAN_POINT('',(7.500723489,-3.749927965,7.709099425));
#8048=CARTESIAN_POINT('',(7.426943421,-3.749927965,7.993996945));
#8049=CARTESIAN_POINT('',(7.375838368,-3.749927965,8.183305317));
#8050=CARTESIAN_POINT('',(7.323782461,-3.749927965,8.372304739));
#8051=CARTESIAN_POINT('',(7.297279082,-3.749927965,8.466649975));
#8052=CARTESIAN_POINT('',(7.243329713,-3.749927965,8.655034173));
#8053=CARTESIAN_POINT('',(7.215883723,-3.749927965,8.749073137));
#8054=CARTESIAN_POINT('',(7.160057297,-3.749927965,8.936847443));
#8055=CARTESIAN_POINT('',(7.117486642,-3.749927965,9.077450457));
#8056=CARTESIAN_POINT('',(7.044798616,-3.749927965,9.31122445));
#8057=CARTESIAN_POINT('',(6.970381177,-3.749927965,9.544436523));
#8058=CARTESIAN_POINT('',(6.893677779,-3.749927965,9.776905842));
#8059=CARTESIAN_POINT('',(6.815274692,-3.749927965,10.008822899));
#8060=CARTESIAN_POINT('',(6.746551786,-3.749927965,10.207338894));
#8061=CARTESIAN_POINT('',(6.69263722,-3.749927965,10.359188058));
#8062=CARTESIAN_POINT('',(6.67131171,-3.749927965,10.418669342));
#8063=CARTESIAN_POINT('',(8.277446816,-3.93742984,2.45997887));
#8064=CARTESIAN_POINT('',(8.273016083,-3.93742984,2.542106329));
#8065=CARTESIAN_POINT('',(8.268212905,-3.93742984,2.624112772));
#8066=CARTESIAN_POINT('',(8.256666661,-3.93742984,2.806884966));
#8067=CARTESIAN_POINT('',(8.249732072,-3.93742984,2.907588487));
#8068=CARTESIAN_POINT('',(8.238495501,-3.93742984,3.058372563));
#8069=CARTESIAN_POINT('',(8.226841584,-3.93742984,3.209021034));
#8070=CARTESIAN_POINT('',(8.213941085,-3.93742984,3.359264466));
#8071=CARTESIAN_POINT('',(8.195641985,-3.93742984,3.55923214));
#8072=CARTESIAN_POINT('',(8.185943214,-3.93742984,3.659037524));
#8073=CARTESIAN_POINT('',(8.165456784,-3.93742984,3.858294491));
#8074=CARTESIAN_POINT('',(8.154669125,-3.93742984,3.957746073));
#8075=CARTESIAN_POINT('',(8.137678071,-3.93742984,4.106660403));
#8076=CARTESIAN_POINT('',(8.131879458,-3.93742984,4.156254673));
#8077=CARTESIAN_POINT('',(8.1140806,-3.93742984,4.304906532));
#8078=CARTESIAN_POINT('',(8.101677335,-3.93742984,4.403833173));
#8079=CARTESIAN_POINT('',(8.082273412,-3.93742984,4.551963514));
#8080=CARTESIAN_POINT('',(8.075672266,-3.93742984,4.601297024));
#8081=CARTESIAN_POINT('',(8.055471054,-3.93742984,4.749168311));
#8082=CARTESIAN_POINT('',(8.034474299,-3.93742984,4.896781111));
#8083=CARTESIAN_POINT('',(7.997508146,-3.93742984,5.142161843));
#8084=CARTESIAN_POINT('',(7.966364847,-3.93742984,5.337956184));
#8085=CARTESIAN_POINT('',(7.941839841,-3.93742984,5.484422585));
#8086=CARTESIAN_POINT('',(7.91692735,-3.93742984,5.630763085));
#8087=CARTESIAN_POINT('',(7.8912399,-3.93742984,5.776851784));
#8088=CARTESIAN_POINT('',(7.846506926,-3.93742984,6.019708924));
#8089=CARTESIAN_POINT('',(7.809190801,-3.93742984,6.213497592));
#8090=CARTESIAN_POINT('',(7.760650094,-3.93742984,6.455117524));
#8091=CARTESIAN_POINT('',(7.720307696,-3.93742984,6.647922896));
#8092=CARTESIAN_POINT('',(7.688928368,-3.93742984,6.792162193));
#8093=CARTESIAN_POINT('',(7.657176494,-3.93742984,6.936280441));
#8094=CARTESIAN_POINT('',(7.613847206,-3.93742984,7.128115314));
#8095=CARTESIAN_POINT('',(7.568548273,-3.93742984,7.31931021));
#8096=CARTESIAN_POINT('',(7.522273076,-3.93742984,7.510187898));
#8097=CARTESIAN_POINT('',(7.475021614,-3.93742984,7.700748379));
#8098=CARTESIAN_POINT('',(7.401241051,-3.93742984,7.985645739));
#8099=CARTESIAN_POINT('',(7.35013523,-3.93742984,8.174953861));
#8100=CARTESIAN_POINT('',(7.298078338,-3.93742984,8.363952964));
#8101=CARTESIAN_POINT('',(7.271574357,-3.93742984,8.458298004));
#8102=CARTESIAN_POINT('',(7.217623566,-3.93742984,8.64668174));
#8103=CARTESIAN_POINT('',(7.190176756,-3.93742984,8.740720437));
#8104=CARTESIAN_POINT('',(7.134348469,-3.93742984,8.928494138));
#8105=CARTESIAN_POINT('',(7.091776255,-3.93742984,9.069096646));
#8106=CARTESIAN_POINT('',(7.019085217,-3.93742984,9.30286966));
#8107=CARTESIAN_POINT('',(6.944664358,-3.93742984,9.536080622));
#8108=CARTESIAN_POINT('',(6.86795699,-3.93742984,9.768548651));
#8109=CARTESIAN_POINT('',(6.789549521,-3.93742984,10.000464284));
#8110=CARTESIAN_POINT('',(6.7208225,-3.93742984,10.198978942));
#8111=CARTESIAN_POINT('',(6.66690448,-3.93742984,10.350826984));
#8112=CARTESIAN_POINT('',(6.645577569,-3.93742984,10.410307813));
#8113=CARTESIAN_POINT('',(8.250378587,-4.124931715,2.451183869));
#8114=CARTESIAN_POINT('',(8.24595116,-4.124931715,2.533312402));
#8115=CARTESIAN_POINT('',(8.241151212,-4.124931715,2.615319895));
#8116=CARTESIAN_POINT('',(8.229611997,-4.124931715,2.798094373));
#8117=CARTESIAN_POINT('',(8.222681171,-4.124931715,2.898799117));
#8118=CARTESIAN_POINT('',(8.211450067,-4.124931715,3.049584969));
#8119=CARTESIAN_POINT('',(8.199801528,-4.124931715,3.200235188));
#8120=CARTESIAN_POINT('',(8.186906145,-4.124931715,3.350480281));
#8121=CARTESIAN_POINT('',(8.168613624,-4.124931715,3.550450093));
#8122=CARTESIAN_POINT('',(8.158918028,-4.124931715,3.650256509));
#8123=CARTESIAN_POINT('',(8.138437714,-4.124931715,3.849515463));
#8124=CARTESIAN_POINT('',(8.127652995,-4.124931715,3.948968));
#8125=CARTESIAN_POINT('',(8.110666176,-4.124931715,4.097883707));
#8126=CARTESIAN_POINT('',(8.104868946,-4.124931715,4.147478425));
#8127=CARTESIAN_POINT('',(8.087074146,-4.124931715,4.296131603));
#8128=CARTESIAN_POINT('',(8.074673472,-4.124931715,4.395059086));
#8129=CARTESIAN_POINT('',(8.055273262,-4.124931715,4.543190633));
#8130=CARTESIAN_POINT('',(8.048673324,-4.124931715,4.592524536));
#8131=CARTESIAN_POINT('',(8.028475649,-4.124931715,4.740396973));
#8132=CARTESIAN_POINT('',(8.007482257,-4.124931715,4.888010865));
#8133=CARTESIAN_POINT('',(7.970521274,-4.124931715,5.133393277));
#8134=CARTESIAN_POINT('',(7.939381766,-4.124931715,5.329188849));
#8135=CARTESIAN_POINT('',(7.914859343,-4.124931715,5.47565609));
#8136=CARTESIAN_POINT('',(7.889949349,-4.124931715,5.621997401));
#8137=CARTESIAN_POINT('',(7.864264221,-4.124931715,5.768086855));
#8138=CARTESIAN_POINT('',(7.819534688,-4.124931715,6.010945113));
#8139=CARTESIAN_POINT('',(7.782220971,-4.124931715,6.204734563));
#8140=CARTESIAN_POINT('',(7.73368284,-4.124931715,6.446355332));
#8141=CARTESIAN_POINT('',(7.69334216,-4.124931715,6.639161262));
#8142=CARTESIAN_POINT('',(7.661963863,-4.124931715,6.783400894));
#8143=CARTESIAN_POINT('',(7.630212932,-4.124931715,6.927519449));
#8144=CARTESIAN_POINT('',(7.586884674,-4.124931715,7.119354657));
#8145=CARTESIAN_POINT('',(7.541586311,-4.124931715,7.310549738));
#8146=CARTESIAN_POINT('',(7.495311456,-4.124931715,7.501427537));
#8147=CARTESIAN_POINT('',(7.448060107,-4.124931715,7.691988054));
#8148=CARTESIAN_POINT('',(7.374279024,-4.124931715,7.976885245));
#8149=CARTESIAN_POINT('',(7.323172399,-4.124931715,8.166193106));
#8150=CARTESIAN_POINT('',(7.271114473,-4.124931715,8.355191873));
#8151=CARTESIAN_POINT('',(7.244609859,-4.124931715,8.449536707));
#8152=CARTESIAN_POINT('',(7.190657575,-4.124931715,8.637919958));
#8153=CARTESIAN_POINT('',(7.163209903,-4.124931715,8.731958375));
#8154=CARTESIAN_POINT('',(7.107379664,-4.124931715,8.919731442));
#8155=CARTESIAN_POINT('',(7.064805814,-4.124931715,9.060333419));
#8156=CARTESIAN_POINT('',(6.992111618,-4.124931715,9.294105406));
#8157=CARTESIAN_POINT('',(6.917687167,-4.124931715,9.527315201));
#8158=CARTESIAN_POINT('',(6.840975633,-4.124931715,9.759781876));
#8159=CARTESIAN_POINT('',(6.762563565,-4.124931715,9.991696015));
#8160=CARTESIAN_POINT('',(6.693832225,-4.124931715,10.19020927));
#8161=CARTESIAN_POINT('',(6.639910581,-4.124931715,10.342056134));
#8162=CARTESIAN_POINT('',(6.618582201,-4.124931715,10.401536486));
#8163=CARTESIAN_POINT('',(8.22204484,-4.31243359,2.441977677));
#8164=CARTESIAN_POINT('',(8.217620876,-4.31243359,2.524107335));
#8165=CARTESIAN_POINT('',(8.212824309,-4.31243359,2.606115927));
#8166=CARTESIAN_POINT('',(8.201292455,-4.31243359,2.788892796));
#8167=CARTESIAN_POINT('',(8.19436557,-4.31243359,2.88959882));
#8168=CARTESIAN_POINT('',(8.183140192,-4.31243359,3.040386533));
#8169=CARTESIAN_POINT('',(8.171497285,-4.31243359,3.191038581));
#8170=CARTESIAN_POINT('',(8.158607258,-4.31243359,3.341285416));
#8171=CARTESIAN_POINT('',(8.140321629,-4.31243359,3.541257466));
#8172=CARTESIAN_POINT('',(8.130629358,-4.31243359,3.641064963));
#8173=CARTESIAN_POINT('',(8.110155448,-4.31243359,3.840325997));
#8174=CARTESIAN_POINT('',(8.099373807,-4.31243359,3.939779535));
#8175=CARTESIAN_POINT('',(8.082391423,-4.31243359,4.088696683));
#8176=CARTESIAN_POINT('',(8.076595641,-4.31243359,4.138291872));
#8177=CARTESIAN_POINT('',(8.058805094,-4.31243359,4.286946432));
#8178=CARTESIAN_POINT('',(8.046407133,-4.31243359,4.385874796));
#8179=CARTESIAN_POINT('',(8.027010809,-4.31243359,4.534007606));
#8180=CARTESIAN_POINT('',(8.020412136,-4.31243359,4.58334192));
#8181=CARTESIAN_POINT('',(8.000218166,-4.31243359,4.73121556));
#8182=CARTESIAN_POINT('',(7.979228296,-4.31243359,4.878830596));
#8183=CARTESIAN_POINT('',(7.942272728,-4.31243359,5.124214768));
#8184=CARTESIAN_POINT('',(7.91113719,-4.31243359,5.32001163));
#8185=CARTESIAN_POINT('',(7.886617471,-4.31243359,5.466479749));
#8186=CARTESIAN_POINT('',(7.861710092,-4.31243359,5.61282191));
#8187=CARTESIAN_POINT('',(7.836027397,-4.31243359,5.758912155));
#8188=CARTESIAN_POINT('',(7.791301467,-4.31243359,6.001771583));
#8189=CARTESIAN_POINT('',(7.753990269,-4.31243359,6.195561852));
#8190=CARTESIAN_POINT('',(7.70545484,-4.31243359,6.437183499));
#8191=CARTESIAN_POINT('',(7.665115957,-4.31243359,6.629990013));
#8192=CARTESIAN_POINT('',(7.63373874,-4.31243359,6.774229996));
#8193=CARTESIAN_POINT('',(7.601988797,-4.31243359,6.918348872));
#8194=CARTESIAN_POINT('',(7.558661618,-4.31243359,7.11018443));
#8195=CARTESIAN_POINT('',(7.513363853,-4.31243359,7.301379705));
#8196=CARTESIAN_POINT('',(7.467089355,-4.31243359,7.49225762));
#8197=CARTESIAN_POINT('',(7.419838123,-4.31243359,7.682818176));
#8198=CARTESIAN_POINT('',(7.346056496,-4.31243359,7.96771519));
#8199=CARTESIAN_POINT('',(7.294949028,-4.31243359,8.157022777));
#8200=CARTESIAN_POINT('',(7.242890018,-4.31243359,8.346021191));
#8201=CARTESIAN_POINT('',(7.216384743,-4.31243359,8.440365811));
#8202=CARTESIAN_POINT('',(7.162430895,-4.31243359,8.628748554));
#8203=CARTESIAN_POINT('',(7.134982322,-4.31243359,8.722786678));
#8204=CARTESIAN_POINT('',(7.079150037,-4.31243359,8.910559081));
#8205=CARTESIAN_POINT('',(7.036574474,-4.31243359,9.0511605));
#8206=CARTESIAN_POINT('',(6.96387697,-4.31243359,9.284931413));
#8207=CARTESIAN_POINT('',(6.889448759,-4.31243359,9.518139986));
#8208=CARTESIAN_POINT('',(6.812732861,-4.31243359,9.750605243));
#8209=CARTESIAN_POINT('',(6.734315976,-4.31243359,9.982517817));
#8210=CARTESIAN_POINT('',(6.665580115,-4.31243359,10.181029603));
#8211=CARTESIAN_POINT('',(6.611654674,-4.31243359,10.332875233));
#8212=CARTESIAN_POINT('',(6.590324755,-4.31243359,10.392355085));
#8213=CARTESIAN_POINT('',(8.202311398,-4.43743484,2.435565893));
#8214=CARTESIAN_POINT('',(8.197889847,-4.43743484,2.517696335));
#8215=CARTESIAN_POINT('',(8.193095633,-4.43743484,2.599705691));
#8216=CARTESIAN_POINT('',(8.181568917,-4.43743484,2.78248423));
#8217=CARTESIAN_POINT('',(8.174644775,-4.43743484,2.883191146));
#8218=CARTESIAN_POINT('',(8.163423384,-4.43743484,3.033980153));
#8219=CARTESIAN_POINT('',(8.151784404,-4.43743484,3.184633478));
#8220=CARTESIAN_POINT('',(8.138898104,-4.43743484,3.334881523));
#8221=CARTESIAN_POINT('',(8.120617285,-4.43743484,3.534855137));
#8222=CARTESIAN_POINT('',(8.110927329,-4.43743484,3.634663385));
#8223=CARTESIAN_POINT('',(8.090457876,-4.43743484,3.833925869));
#8224=CARTESIAN_POINT('',(8.079678383,-4.43743484,3.933380104));
#8225=CARTESIAN_POINT('',(8.06269909,-4.43743484,4.082298256));
#8226=CARTESIAN_POINT('',(8.056904316,-4.43743484,4.131893773));
#8227=CARTESIAN_POINT('',(8.039116733,-4.43743484,4.280549295));
#8228=CARTESIAN_POINT('',(8.026720663,-4.43743484,4.379478274));
#8229=CARTESIAN_POINT('',(8.007327046,-4.43743484,4.527611963));
#8230=CARTESIAN_POINT('',(8.000729255,-4.43743484,4.576946564));
#8231=CARTESIAN_POINT('',(7.980537865,-4.43743484,4.724821043));
#8232=CARTESIAN_POINT('',(7.959550451,-4.43743484,4.872436877));
#8233=CARTESIAN_POINT('',(7.922598657,-4.43743484,5.117822275));
#8234=CARTESIAN_POINT('',(7.891465883,-4.43743484,5.313620035));
#8235=CARTESIAN_POINT('',(7.866948049,-4.43743484,5.460088767));
#8236=CARTESIAN_POINT('',(7.84204249,-4.43743484,5.606431519));
#8237=CARTESIAN_POINT('',(7.816361492,-4.43743484,5.752522315));
#8238=CARTESIAN_POINT('',(7.771638073,-4.43743484,5.995382559));
#8239=CARTESIAN_POINT('',(7.734328632,-4.43743484,6.189173399));
#8240=CARTESIAN_POINT('',(7.685795083,-4.43743484,6.430795657));
#8241=CARTESIAN_POINT('',(7.645457455,-4.43743484,6.623602579));
#8242=CARTESIAN_POINT('',(7.614080988,-4.43743484,6.767842805));
#8243=CARTESIAN_POINT('',(7.582331735,-4.43743484,6.911961905));
#8244=CARTESIAN_POINT('',(7.539005306,-4.43743484,7.103797707));
#8245=CARTESIAN_POINT('',(7.493707958,-4.43743484,7.294993118));
#8246=CARTESIAN_POINT('',(7.447433708,-4.43743484,7.485871113));
#8247=CARTESIAN_POINT('',(7.400182559,-4.43743484,7.676431696));
#8248=CARTESIAN_POINT('',(7.326400554,-4.43743484,7.961328587));
#8249=CARTESIAN_POINT('',(7.275292498,-4.43743484,8.150635984));
#8250=CARTESIAN_POINT('',(7.223232732,-4.43743484,8.339634152));
#8251=CARTESIAN_POINT('',(7.196726997,-4.43743484,8.433978622));
#8252=CARTESIAN_POINT('',(7.14277206,-4.43743484,8.622361011));
#8253=CARTESIAN_POINT('',(7.115322857,-4.43743484,8.71639893));
#8254=CARTESIAN_POINT('',(7.059489149,-4.43743484,8.904170871));
#8255=CARTESIAN_POINT('',(7.01691239,-4.43743484,9.044771902));
#8256=CARTESIAN_POINT('',(6.94421258,-4.43743484,9.278542065));
#8257=CARTESIAN_POINT('',(6.86978175,-4.43743484,9.511749787));
#8258=CARTESIAN_POINT('',(6.793062812,-4.43743484,9.744214057));
#8259=CARTESIAN_POINT('',(6.714642571,-4.43743484,9.976125541));
#8260=CARTESIAN_POINT('',(6.645903558,-4.43743484,10.174636302));
#8261=CARTESIAN_POINT('',(6.591975473,-4.43743484,10.326481073));
#8262=CARTESIAN_POINT('',(6.570644482,-4.43743484,10.385960577));
#8263=CARTESIAN_POINT('',(8.172077562,-4.624936715,2.425742324));
#8264=CARTESIAN_POINT('',(8.16765971,-4.624936715,2.507873968));
#8265=CARTESIAN_POINT('',(8.162869109,-4.624936715,2.589884498));
#8266=CARTESIAN_POINT('',(8.151350242,-4.624936715,2.772665587));
#8267=CARTESIAN_POINT('',(8.144430313,-4.624936715,2.873373872));
#8268=CARTESIAN_POINT('',(8.13321504,-4.624936715,3.024164867));
#8269=CARTESIAN_POINT('',(8.121582071,-4.624936715,3.174820145));
#8270=CARTESIAN_POINT('',(8.108701494,-4.624936715,3.32507005));
#8271=CARTESIAN_POINT('',(8.090428031,-4.624936715,3.525046054));
#8272=CARTESIAN_POINT('',(8.080741625,-4.624936715,3.624855455));
#8273=CARTESIAN_POINT('',(8.060279016,-4.624936715,3.824120162));
#8274=CARTESIAN_POINT('',(8.049502809,-4.624936715,3.923575465));
#8275=CARTESIAN_POINT('',(8.032528251,-4.624936715,4.072495156));
#8276=CARTESIAN_POINT('',(8.026735024,-4.624936715,4.122091175));
#8277=CARTESIAN_POINT('',(8.00895198,-4.624936715,4.270748173));
#8278=CARTESIAN_POINT('',(7.996558806,-4.624936715,4.369678092));
#8279=CARTESIAN_POINT('',(7.977169342,-4.624936715,4.517813131));
#8280=CARTESIAN_POINT('',(7.970572901,-4.624936715,4.567148171));
#8281=CARTESIAN_POINT('',(7.950385469,-4.624936715,4.715023935));
#8282=CARTESIAN_POINT('',(7.929401814,-4.624936715,4.862640991));
#8283=CARTESIAN_POINT('',(7.892455803,-4.624936715,5.108028268));
#8284=CARTESIAN_POINT('',(7.861327267,-4.624936715,5.303827405));
#8285=CARTESIAN_POINT('',(7.836812321,-4.624936715,5.450297075));
#8286=CARTESIAN_POINT('',(7.811909556,-4.624936715,5.596640735));
#8287=CARTESIAN_POINT('',(7.786231156,-4.624936715,5.742732375));
#8288=CARTESIAN_POINT('',(7.741511582,-4.624936715,5.985593869));
#8289=CARTESIAN_POINT('',(7.704204834,-4.624936715,6.179385584));
#8290=CARTESIAN_POINT('',(7.655674169,-4.624936715,6.421008778));
#8291=CARTESIAN_POINT('',(7.61533846,-4.624936715,6.613816324));
#8292=CARTESIAN_POINT('',(7.583963147,-4.624936715,6.758056925));
#8293=CARTESIAN_POINT('',(7.552214947,-4.624936715,6.902176368));
#8294=CARTESIAN_POINT('',(7.508889671,-4.624936715,7.094012544));
#8295=CARTESIAN_POINT('',(7.463592961,-4.624936715,7.285208162));
#8296=CARTESIAN_POINT('',(7.417319093,-4.624936715,7.476086282));
#8297=CARTESIAN_POINT('',(7.370068069,-4.624936715,7.666646905));
#8298=CARTESIAN_POINT('',(7.296285482,-4.624936715,7.951543607));
#8299=CARTESIAN_POINT('',(7.245176526,-4.624936715,8.140850711));
#8300=CARTESIAN_POINT('',(7.193115607,-4.624936715,8.329848505));
#8301=CARTESIAN_POINT('',(7.166609164,-4.624936715,8.424192745));
#8302=CARTESIAN_POINT('',(7.112652555,-4.624936715,8.612574591));
#8303=CARTESIAN_POINT('',(7.085202391,-4.624936715,8.706612198));
#8304=CARTESIAN_POINT('',(7.029366498,-4.624936715,8.894383428));
#8305=CARTESIAN_POINT('',(6.98678791,-4.624936715,9.034983865));
#8306=CARTESIAN_POINT('',(6.914084568,-4.624936715,9.268752881));
#8307=CARTESIAN_POINT('',(6.839649723,-4.624936715,9.501959298));
#8308=CARTESIAN_POINT('',(6.762926124,-4.624936715,9.734422054));
#8309=CARTESIAN_POINT('',(6.684500739,-4.624936715,9.966331866));
#8310=CARTESIAN_POINT('',(6.615756899,-4.624936715,10.164841059));
#8311=CARTESIAN_POINT('',(6.561824759,-4.624936715,10.316684513));
#8312=CARTESIAN_POINT('',(6.540492124,-4.624936715,10.376163482));
#8313=CARTESIAN_POINT('',(8.151076775,-4.749937965,2.418918755));
#8314=CARTESIAN_POINT('',(8.14666149,-4.749937965,2.501051233));
#8315=CARTESIAN_POINT('',(8.141873393,-4.749937965,2.583062576));
#8316=CARTESIAN_POINT('',(8.130360009,-4.749937965,2.765845447));
#8317=CARTESIAN_POINT('',(8.123442998,-4.749937965,2.86655468));
#8318=CARTESIAN_POINT('',(8.112231968,-4.749937965,3.017347054));
#8319=CARTESIAN_POINT('',(8.100603182,-4.749937965,3.168003691));
#8320=CARTESIAN_POINT('',(8.087726576,-4.749937965,3.318254886));
#8321=CARTESIAN_POINT('',(8.069458232,-4.749937965,3.518232553));
#8322=CARTESIAN_POINT('',(8.059774297,-4.749937965,3.618042758));
#8323=CARTESIAN_POINT('',(8.039316429,-4.749937965,3.817309005));
#8324=CARTESIAN_POINT('',(8.028542511,-4.749937965,3.916765052));
#8325=CARTESIAN_POINT('',(8.011571246,-4.749937965,4.065685812));
#8326=CARTESIAN_POINT('',(8.005779094,-4.749937965,4.115282181));
#8327=CARTESIAN_POINT('',(7.987999205,-4.749937965,4.263940203));
#8328=CARTESIAN_POINT('',(7.975608048,-4.749937965,4.362870778));
#8329=CARTESIAN_POINT('',(7.956221463,-4.749937965,4.511006753));
#8330=CARTESIAN_POINT('',(7.949625962,-4.749937965,4.560342098));
#8331=CARTESIAN_POINT('',(7.92944128,-4.749937965,4.708218756));
#8332=CARTESIAN_POINT('',(7.908460238,-4.749937965,4.85583666));
#8333=CARTESIAN_POINT('',(7.871518247,-4.749937965,5.101225244));
#8334=CARTESIAN_POINT('',(7.840392657,-4.749937965,5.297025338));
#8335=CARTESIAN_POINT('',(7.815879719,-4.749937965,5.44349566));
#8336=CARTESIAN_POINT('',(7.790978892,-4.749937965,5.58983995));
#8337=CARTESIAN_POINT('',(7.765302297,-4.749937965,5.735932177));
#8338=CARTESIAN_POINT('',(7.720585399,-4.749937965,5.97879454));
#8339=CARTESIAN_POINT('',(7.68328052,-4.749937965,6.172586862));
#8340=CARTESIAN_POINT('',(7.634751859,-4.749937965,6.414210708));
#8341=CARTESIAN_POINT('',(7.594417486,-4.749937965,6.607018687));
#8342=CARTESIAN_POINT('',(7.563042972,-4.749937965,6.751259549));
#8343=CARTESIAN_POINT('',(7.531295508,-4.749937965,6.89537923));
#8344=CARTESIAN_POINT('',(7.48797103,-4.749937965,7.087215665));
#8345=CARTESIAN_POINT('',(7.442674764,-4.749937965,7.278411428));
#8346=CARTESIAN_POINT('',(7.396401163,-4.749937965,7.469289634));
#8347=CARTESIAN_POINT('',(7.349150224,-4.749937965,7.659850285));
#8348=CARTESIAN_POINT('',(7.275367234,-4.749937965,7.944746856));
#8349=CARTESIAN_POINT('',(7.224257652,-4.749937965,8.134053757));
#8350=CARTESIAN_POINT('',(7.172195928,-4.749937965,8.323051289));
#8351=CARTESIAN_POINT('',(7.145688995,-4.749937965,8.41739537));
#8352=CARTESIAN_POINT('',(7.091731226,-4.749937965,8.605776839));
#8353=CARTESIAN_POINT('',(7.064280391,-4.749937965,8.699814228));
#8354=CARTESIAN_POINT('',(7.008442983,-4.749937965,8.887584966));
#8355=CARTESIAN_POINT('',(6.965863122,-4.749937965,9.028184989));
#8356=CARTESIAN_POINT('',(6.893157325,-4.749937965,9.261953207));
#8357=CARTESIAN_POINT('',(6.818719689,-4.749937965,9.495158718));
#8358=CARTESIAN_POINT('',(6.741992854,-4.749937965,9.727620422));
#8359=CARTESIAN_POINT('',(6.663563894,-4.749937965,9.959529073));
#8360=CARTESIAN_POINT('',(6.594816697,-4.749937965,10.158037175));
#8361=CARTESIAN_POINT('',(6.540881739,-4.749937965,10.309879713));
#8362=CARTESIAN_POINT('',(6.519547962,-4.749937965,10.369358311));
#8363=CARTESIAN_POINT('',(8.107382753,-4.999940465,2.404721707));
#8364=CARTESIAN_POINT('',(8.10297282,-4.999940465,2.486855923));
#8365=CARTESIAN_POINT('',(8.098189951,-4.999940465,2.568868966));
#8366=CARTESIAN_POINT('',(8.086687925,-4.999940465,2.751655527));
#8367=CARTESIAN_POINT('',(8.079777007,-4.999940465,2.852366739));
#8368=CARTESIAN_POINT('',(8.068574827,-4.999940465,3.003161989));
#8369=CARTESIAN_POINT('',(8.056954741,-4.999940465,3.153821453));
#8370=CARTESIAN_POINT('',(8.044086408,-4.999940465,3.304075336));
#8371=CARTESIAN_POINT('',(8.025828716,-4.999940465,3.504056464));
#8372=CARTESIAN_POINT('',(8.016149909,-4.999940465,3.603868335));
#8373=CARTESIAN_POINT('',(7.995701947,-4.999940465,3.803137801));
#8374=CARTESIAN_POINT('',(7.984932779,-4.999940465,3.902595391));
#8375=CARTESIAN_POINT('',(7.967968367,-4.999940465,4.051518378));
#8376=CARTESIAN_POINT('',(7.96217845,-4.999940465,4.101115473));
#8377=CARTESIAN_POINT('',(7.944405135,-4.999940465,4.249775631));
#8378=CARTESIAN_POINT('',(7.932018162,-4.999940465,4.348707566));
#8379=CARTESIAN_POINT('',(7.912637589,-4.999940465,4.496845494));
#8380=CARTESIAN_POINT('',(7.906044042,-4.999940465,4.546181473));
#8381=CARTESIAN_POINT('',(7.885865078,-4.999940465,4.694059989));
#8382=CARTESIAN_POINT('',(7.864889481,-4.999940465,4.841679663));
#8383=CARTESIAN_POINT('',(7.827955854,-4.999940465,5.087070964));
#8384=CARTESIAN_POINT('',(7.796836398,-4.999940465,5.282873052));
#8385=CARTESIAN_POINT('',(7.772327638,-4.999940465,5.429344731));
#8386=CARTESIAN_POINT('',(7.747430851,-4.999940465,5.575690334));
#8387=CARTESIAN_POINT('',(7.721758015,-4.999940465,5.721783782));
#8388=CARTESIAN_POINT('',(7.677046681,-4.999940465,5.964647953));
#8389=CARTESIAN_POINT('',(7.639745698,-4.999940465,6.158441541));
#8390=CARTESIAN_POINT('',(7.591221207,-4.999940465,6.400066742));
#8391=CARTESIAN_POINT('',(7.550889614,-4.999940465,6.592875624));
#8392=CARTESIAN_POINT('',(7.519516767,-4.999940465,6.737117027));
#8393=CARTESIAN_POINT('',(7.48777083,-4.999940465,6.881237205));
#8394=CARTESIAN_POINT('',(7.444448018,-4.999940465,7.073074181));
#8395=CARTESIAN_POINT('',(7.399152674,-4.999940465,7.264270244));
#8396=CARTESIAN_POINT('',(7.352879625,-4.999940465,7.455148629));
#8397=CARTESIAN_POINT('',(7.30562887,-4.999940465,7.64570934));
#8398=CARTESIAN_POINT('',(7.231845038,-4.999940465,7.930605637));
#8399=CARTESIAN_POINT('',(7.180734154,-4.999940465,8.119912115));
#8400=CARTESIAN_POINT('',(7.128670756,-4.999940465,8.308909103));
#8401=CARTESIAN_POINT('',(7.102162801,-4.999940465,8.403252853));
#8402=CARTESIAN_POINT('',(7.048202617,-4.999940465,8.591633537));
#8403=CARTESIAN_POINT('',(7.020750389,-4.999940465,8.685670473));
#8404=CARTESIAN_POINT('',(6.964909819,-4.999940465,8.873440184));
#8405=CARTESIAN_POINT('',(6.922327312,-4.999940465,9.014039347));
#8406=CARTESIAN_POINT('',(6.849616404,-4.999940465,9.247805904));
#8407=CARTESIAN_POINT('',(6.775172959,-4.999940465,9.481009528));
#8408=CARTESIAN_POINT('',(6.698439383,-4.999940465,9.713469041));
#8409=CARTESIAN_POINT('',(6.620002981,-4.999940465,9.945375274));
#8410=CARTESIAN_POINT('',(6.551248798,-4.999940465,10.143881106));
#8411=CARTESIAN_POINT('',(6.497307977,-4.999940465,10.29572174));
#8412=CARTESIAN_POINT('',(6.475971823,-4.999940465,10.355199565));
#8413=CARTESIAN_POINT('',(8.084689515,-5.124941715,2.397348227));
#8414=CARTESIAN_POINT('',(8.08028236,-5.124941715,2.479483346));
#8415=CARTESIAN_POINT('',(8.075502203,-5.124941715,2.56149727));
#8416=CARTESIAN_POINT('',(8.064006099,-5.124941715,2.744285755));
#8417=CARTESIAN_POINT('',(8.057098337,-5.124941715,2.844997993));
#8418=CARTESIAN_POINT('',(8.045900756,-5.124941715,2.995794737));
#8419=CARTESIAN_POINT('',(8.034285189,-5.124941715,3.146455669));
#8420=CARTESIAN_POINT('',(8.021421157,-5.124941715,3.296710949));
#8421=CARTESIAN_POINT('',(8.003169001,-5.124941715,3.496693876));
#8422=CARTESIAN_POINT('',(7.993492867,-5.124941715,3.596506616));
#8423=CARTESIAN_POINT('',(7.973050034,-5.124941715,3.795777748));
#8424=CARTESIAN_POINT('',(7.962283342,-5.124941715,3.895236142));
#8425=CARTESIAN_POINT('',(7.945322494,-5.124941715,4.044160288));
#8426=CARTESIAN_POINT('',(7.939533739,-5.124941715,4.09375776));
#8427=CARTESIAN_POINT('',(7.921763834,-5.124941715,4.242419027));
#8428=CARTESIAN_POINT('',(7.909379044,-5.124941715,4.341351671));
#8429=CARTESIAN_POINT('',(7.890001587,-5.124941715,4.489490611));
#8430=CARTESIAN_POINT('',(7.883409057,-5.124941715,4.538826921));
#8431=CARTESIAN_POINT('',(7.863233067,-5.124941715,4.686706403));
#8432=CARTESIAN_POINT('',(7.842260299,-5.124941715,4.834326996));
#8433=CARTESIAN_POINT('',(7.805331017,-5.124941715,5.079719709));
#8434=CARTESIAN_POINT('',(7.77421475,-5.124941715,5.275522833));
#8435=CARTESIAN_POINT('',(7.749708159,-5.124941715,5.421995217));
#8436=CARTESIAN_POINT('',(7.724813474,-5.124941715,5.568341503));
#8437=CARTESIAN_POINT('',(7.699142589,-5.124941715,5.714435584));
#8438=CARTESIAN_POINT('',(7.654434149,-5.124941715,5.957300696));
#8439=CARTESIAN_POINT('',(7.61713519,-5.124941715,6.151094941));
#8440=CARTESIAN_POINT('',(7.568612866,-5.124941715,6.392720846));
#8441=CARTESIAN_POINT('',(7.528282717,-5.124941715,6.585530198));
#8442=CARTESIAN_POINT('',(7.496910734,-5.124941715,6.729771882));
#8443=CARTESIAN_POINT('',(7.465165594,-5.124941715,6.873892318));
#8444=CARTESIAN_POINT('',(7.421843646,-5.124941715,7.065729576));
#8445=CARTESIAN_POINT('',(7.376548783,-5.124941715,7.256925794));
#8446=CARTESIAN_POINT('',(7.330276018,-5.124941715,7.447804272));
#8447=CARTESIAN_POINT('',(7.283025358,-5.124941715,7.638365014));
#8448=CARTESIAN_POINT('',(7.20924109,-5.124941715,7.92326117));
#8449=CARTESIAN_POINT('',(7.158129528,-5.124941715,8.112567427));
#8450=CARTESIAN_POINT('',(7.106065264,-5.124941715,8.301564134));
#8451=CARTESIAN_POINT('',(7.079556776,-5.124941715,8.39590771));
#8452=CARTESIAN_POINT('',(7.025595335,-5.124941715,8.584287986));
#8453=CARTESIAN_POINT('',(6.998142385,-5.124941715,8.678324687));
#8454=CARTESIAN_POINT('',(6.942300172,-5.124941715,8.866093864));
#8455=CARTESIAN_POINT('',(6.899716289,-5.124941715,9.00669258));
#8456=CARTESIAN_POINT('',(6.827002726,-5.124941715,9.240458275));
#8457=CARTESIAN_POINT('',(6.752556263,-5.124941715,9.473660918));
#8458=CARTESIAN_POINT('',(6.675819183,-5.124941715,9.706119293));
#8459=CARTESIAN_POINT('',(6.597378915,-5.124941715,9.938024269));
#8460=CARTESIAN_POINT('',(6.528621101,-5.124941715,10.136528922));
#8461=CARTESIAN_POINT('',(6.47467723,-5.124941715,10.288368564));
#8462=CARTESIAN_POINT('',(6.45333984,-5.124941715,10.347845988));
#8463=CARTESIAN_POINT('',(8.051726009,-5.299976601,2.386637734));
#8464=CARTESIAN_POINT('',(8.047322896,-5.299976601,2.468774167));
#8465=CARTESIAN_POINT('',(8.042546683,-5.299976601,2.550789372));
#8466=CARTESIAN_POINT('',(8.031059169,-5.299976601,2.733580648));
#8467=CARTESIAN_POINT('',(8.024156011,-5.299976601,2.834294382));
#8468=CARTESIAN_POINT('',(8.012965103,-5.299976601,2.985093295));
#8469=CARTESIAN_POINT('',(8.001356113,-5.299976601,3.135756364));
#8470=CARTESIAN_POINT('',(7.988498328,-5.299976601,3.286013674));
#8471=CARTESIAN_POINT('',(7.970254214,-5.299976601,3.485999214));
#8472=CARTESIAN_POINT('',(7.960581957,-5.299976601,3.585813213));
#8473=CARTESIAN_POINT('',(7.940146603,-5.299976601,3.785086775));
#8474=CARTESIAN_POINT('',(7.929383504,-5.299976601,3.884546337));
#8475=CARTESIAN_POINT('',(7.912427825,-5.299976601,4.033472162));
#8476=CARTESIAN_POINT('',(7.906640762,-5.299976601,4.083070184));
#8477=CARTESIAN_POINT('',(7.88887582,-5.299976601,4.231733064));
#8478=CARTESIAN_POINT('',(7.876494194,-5.299976601,4.330666735));
#8479=CARTESIAN_POINT('',(7.857121273,-5.299976601,4.478807149));
#8480=CARTESIAN_POINT('',(7.850530219,-5.299976601,4.528143939));
#8481=CARTESIAN_POINT('',(7.830358555,-5.299976601,4.676024827));
#8482=CARTESIAN_POINT('',(7.809389892,-5.299976601,4.823646754));
#8483=CARTESIAN_POINT('',(7.772466934,-5.299976601,5.069041521));
#8484=CARTESIAN_POINT('',(7.741355293,-5.299976601,5.264846148));
#8485=CARTESIAN_POINT('',(7.716851862,-5.299976601,5.411319559));
#8486=CARTESIAN_POINT('',(7.691960223,-5.299976601,5.557666834));
#8487=CARTESIAN_POINT('',(7.66629218,-5.299976601,5.703761839));
#8488=CARTESIAN_POINT('',(7.621587944,-5.299976601,5.946628317));
#8489=CARTESIAN_POINT('',(7.584291926,-5.299976601,6.140423518));
#8490=CARTESIAN_POINT('',(7.535772752,-5.299976601,6.382050446));
#8491=CARTESIAN_POINT('',(7.495444702,-5.299976601,6.57486048));
#8492=CARTESIAN_POINT('',(7.46407398,-5.299976601,6.719102573));
#8493=CARTESIAN_POINT('',(7.43232999,-5.299976601,6.863223384));
#8494=CARTESIAN_POINT('',(7.389009301,-5.299976601,7.05506105));
#8495=CARTESIAN_POINT('',(7.343715134,-5.299976601,7.246257495));
#8496=CARTESIAN_POINT('',(7.29744279,-5.299976601,7.43713611));
#8497=CARTESIAN_POINT('',(7.250192265,-5.299976601,7.627696895));
#8498=CARTESIAN_POINT('',(7.176407363,-5.299976601,7.912592845));
#8499=CARTESIAN_POINT('',(7.125294819,-5.299976601,8.101898783));
#8500=CARTESIAN_POINT('',(7.073229287,-5.299976601,8.290895078));
#8501=CARTESIAN_POINT('',(7.046720028,-5.299976601,8.385238404));
#8502=CARTESIAN_POINT('',(6.992756765,-5.299976601,8.573618087));
#8503=CARTESIAN_POINT('',(6.965302759,-5.299976601,8.667654446));
#8504=CARTESIAN_POINT('',(6.909458165,-5.299976601,8.855422849));
#8505=CARTESIAN_POINT('',(6.86687228,-5.299976601,8.996020915));
#8506=CARTESIAN_POINT('',(6.794154856,-5.299976601,9.229785355));
#8507=CARTESIAN_POINT('',(6.719704005,-5.299976601,9.462986572));
#8508=CARTESIAN_POINT('',(6.642961835,-5.299976601,9.695443293));
#8509=CARTESIAN_POINT('',(6.564515946,-5.299976601,9.927346443));
#8510=CARTESIAN_POINT('',(6.495752855,-5.299976601,10.125849381));
#8511=CARTESIAN_POINT('',(6.441804557,-5.299976601,10.277687585));
#8512=CARTESIAN_POINT('',(6.420465371,-5.299976601,10.337164426));
#8513=CARTESIAN_POINT('',(8.0421676,-5.350010238,2.383532019));
#8514=CARTESIAN_POINT('',(8.037765659,-5.350010238,2.465668832));
#8515=CARTESIAN_POINT('',(8.032990591,-5.350010238,2.547684409));
#8516=CARTESIAN_POINT('',(8.021505568,-5.350010238,2.730476495));
#8517=CARTESIAN_POINT('',(8.014603745,-5.350010238,2.831190663));
#8518=CARTESIAN_POINT('',(8.003414774,-5.350010238,2.981990204));
#8519=CARTESIAN_POINT('',(7.99180769,-5.350010238,3.132653893));
#8520=CARTESIAN_POINT('',(7.978951717,-5.350010238,3.282911792));
#8521=CARTESIAN_POINT('',(7.960709937,-5.350010238,3.48289809));
#8522=CARTESIAN_POINT('',(7.951038804,-5.350010238,3.582712454));
#8523=CARTESIAN_POINT('',(7.930605618,-5.350010238,3.781986721));
#8524=CARTESIAN_POINT('',(7.919843561,-5.350010238,3.881446622));
#8525=CARTESIAN_POINT('',(7.902889383,-5.350010238,4.030372934));
#8526=CARTESIAN_POINT('',(7.897102809,-5.350010238,4.079971115));
#8527=CARTESIAN_POINT('',(7.879339308,-5.350010238,4.228634463));
#8528=CARTESIAN_POINT('',(7.866958599,-5.350010238,4.327568432));
#8529=CARTESIAN_POINT('',(7.847586993,-5.350010238,4.475709274));
#8530=CARTESIAN_POINT('',(7.840996367,-5.350010238,4.525046202));
#8531=CARTESIAN_POINT('',(7.820825957,-5.350010238,4.672927498));
#8532=CARTESIAN_POINT('',(7.799858486,-5.350010238,4.820549812));
#8533=CARTESIAN_POINT('',(7.762937361,-5.350010238,5.065945175));
#8534=CARTESIAN_POINT('',(7.731827063,-5.350010238,5.261750238));
#8535=CARTESIAN_POINT('',(7.707324547,-5.350010238,5.408223947));
#8536=CARTESIAN_POINT('',(7.682433793,-5.350010238,5.55457151));
#8537=CARTESIAN_POINT('',(7.656766574,-5.350010238,5.700666782));
#8538=CARTESIAN_POINT('',(7.612063557,-5.350010238,5.943533656));
#8539=CARTESIAN_POINT('',(7.574768392,-5.350010238,6.137329134));
#8540=CARTESIAN_POINT('',(7.526250131,-5.350010238,6.378956359));
#8541=CARTESIAN_POINT('',(7.48592269,-5.350010238,6.571766591));
#8542=CARTESIAN_POINT('',(7.454552333,-5.350010238,6.716008803));
#8543=CARTESIAN_POINT('',(7.422808678,-5.350010238,6.860129722));
#8544=CARTESIAN_POINT('',(7.379488354,-5.350010238,7.051967507));
#8545=CARTESIAN_POINT('',(7.334194389,-5.350010238,7.243164018));
#8546=CARTESIAN_POINT('',(7.287922166,-5.350010238,7.434042672));
#8547=CARTESIAN_POINT('',(7.240671681,-5.350010238,7.62460347));
#8548=CARTESIAN_POINT('',(7.166886595,-5.350010238,7.90949936));
#8549=CARTESIAN_POINT('',(7.115773766,-5.350010238,8.098805206));
#8550=CARTESIAN_POINT('',(7.063707867,-5.350010238,8.287801381));
#8551=CARTESIAN_POINT('',(7.037198385,-5.350010238,8.382144634));
#8552=CARTESIAN_POINT('',(6.983234592,-5.350010238,8.570524146));
#8553=CARTESIAN_POINT('',(6.955780281,-5.350010238,8.664560405));
#8554=CARTESIAN_POINT('',(6.899934994,-5.350010238,8.852328583));
#8555=CARTESIAN_POINT('',(6.857348529,-5.350010238,8.992926461));
#8556=CARTESIAN_POINT('',(6.784629986,-5.350010238,9.226690538));
#8557=CARTESIAN_POINT('',(6.710177863,-5.350010238,9.459891341));
#8558=CARTESIAN_POINT('',(6.633434216,-5.350010238,9.692347582));
#8559=CARTESIAN_POINT('',(6.554986697,-5.350010238,9.924250202));
#8560=CARTESIAN_POINT('',(6.486222076,-5.350010238,10.122752643));
#8561=CARTESIAN_POINT('',(6.432272493,-5.350010238,10.27459043));
#8562=CARTESIAN_POINT('',(6.410932786,-5.350010238,10.334067101));
#8563=CARTESIAN_POINT('',(8.032473285,-5.400043875,2.380382145));
#8564=CARTESIAN_POINT('',(8.028072533,-5.400043875,2.462519345));
#8565=CARTESIAN_POINT('',(8.023298626,-5.400043875,2.544535299));
#8566=CARTESIAN_POINT('',(8.01181613,-5.400043875,2.727328206));
#8567=CARTESIAN_POINT('',(8.00491566,-5.400043875,2.828042813));
#8568=CARTESIAN_POINT('',(7.993728655,-5.400043875,2.978842994));
#8569=CARTESIAN_POINT('',(7.982123505,-5.400043875,3.129507311));
#8570=CARTESIAN_POINT('',(7.969269371,-5.400043875,3.279765807));
#8571=CARTESIAN_POINT('',(7.951029957,-5.400043875,3.479752874));
#8572=CARTESIAN_POINT('',(7.941359966,-5.400043875,3.579567609));
#8573=CARTESIAN_POINT('',(7.920928978,-5.400043875,3.77884259));
#8574=CARTESIAN_POINT('',(7.910167978,-5.400043875,3.878302834));
#8575=CARTESIAN_POINT('',(7.893215323,-5.400043875,4.027229642));
#8576=CARTESIAN_POINT('',(7.887429247,-5.400043875,4.076827984));
#8577=CARTESIAN_POINT('',(7.869667206,-5.400043875,4.225491806));
#8578=CARTESIAN_POINT('',(7.857287428,-5.400043875,4.324426079));
#8579=CARTESIAN_POINT('',(7.837917156,-5.400043875,4.472567353));
#8580=CARTESIAN_POINT('',(7.831326965,-5.400043875,4.521904423));
#8581=CARTESIAN_POINT('',(7.811157827,-5.400043875,4.669786132));
#8582=CARTESIAN_POINT('',(7.790191564,-5.400043875,4.817408839));
#8583=CARTESIAN_POINT('',(7.753272299,-5.400043875,5.062804806));
#8584=CARTESIAN_POINT('',(7.722163364,-5.400043875,5.258610312));
#8585=CARTESIAN_POINT('',(7.697661777,-5.400043875,5.405084323));
#8586=CARTESIAN_POINT('',(7.67277192,-5.400043875,5.551432177));
#8587=CARTESIAN_POINT('',(7.647105537,-5.400043875,5.697527721));
#8588=CARTESIAN_POINT('',(7.602403756,-5.400043875,5.940394997));
#8589=CARTESIAN_POINT('',(7.565109456,-5.400043875,6.134190756));
#8590=CARTESIAN_POINT('',(7.516592123,-5.400043875,6.375818282));
#8591=CARTESIAN_POINT('',(7.4762653,-5.400043875,6.568628715));
#8592=CARTESIAN_POINT('',(7.444895313,-5.400043875,6.712871047));
#8593=CARTESIAN_POINT('',(7.413151997,-5.400043875,6.856992076));
#8594=CARTESIAN_POINT('',(7.369832043,-5.400043875,7.048829982));
#8595=CARTESIAN_POINT('',(7.324538284,-5.400043875,7.240026559));
#8596=CARTESIAN_POINT('',(7.278266184,-5.400043875,7.430905253));
#8597=CARTESIAN_POINT('',(7.231015738,-5.400043875,7.621466064));
#8598=CARTESIAN_POINT('',(7.157230466,-5.400043875,7.906361893));
#8599=CARTESIAN_POINT('',(7.106117348,-5.400043875,8.095667645));
#8600=CARTESIAN_POINT('',(7.054051076,-5.400043875,8.2846637));
#8601=CARTESIAN_POINT('',(7.027541367,-5.400043875,8.379006879));
#8602=CARTESIAN_POINT('',(6.973577037,-5.400043875,8.567386216));
#8603=CARTESIAN_POINT('',(6.946122418,-5.400043875,8.661422375));
#8604=CARTESIAN_POINT('',(6.890276427,-5.400043875,8.849190325));
#8605=CARTESIAN_POINT('',(6.847689375,-5.400043875,8.989788011));
#8606=CARTESIAN_POINT('',(6.774969696,-5.400043875,9.223551719));
#8607=CARTESIAN_POINT('',(6.700516281,-5.400043875,9.456752103));
#8608=CARTESIAN_POINT('',(6.623771136,-5.400043875,9.689207857));
#8609=CARTESIAN_POINT('',(6.545321963,-5.400043875,9.92110994));
#8610=CARTESIAN_POINT('',(6.47655579,-5.400043875,10.119611877));
#8611=CARTESIAN_POINT('',(6.422604904,-5.400043875,10.27144924));
#8612=CARTESIAN_POINT('',(6.401264669,-5.400043875,10.33092574));
#8613=B_SPLINE_SURFACE_WITH_KNOTS('',3,3,((#5663,#5664,#5665,#5666,#5667,#5668,#5669,#5670,#5671,#5672,#5673,#5674,#5675,#5676,#5677,#5678,#5679,#5680,#5681,#5682,#5683,#5684,#5685,#5686,#5687,#5688,
#5689,#5690,#5691,#5692,#5693,#5694,#5695,#5696,#5697,#5698,#5699,#5700,#5701,#5702,#5703,#5704,#5705,#5706,#5707,#5708,#5709,#5710,#5711,#5712),(#5713,#5714,#5715,#5716,#5717,#5718,#5719,#5720,#5721,#5722,#5723,#5724,#5725,#5726,#5727,#5728,#5729,#5730,#5731,#5732,#5733,#5734,#5735,#5736,#5737,#5738,
#5739,#5740,#5741,#5742,#5743,#5744,#5745,#5746,#5747,#5748,#5749,#5750,#5751,#5752,#5753,#5754,#5755,#5756,#5757,#5758,#5759,#5760,#5761,#5762),(#5763,#5764,#5765,#5766,#5767,#5768,#5769,#5770,#5771,#5772,#5773,#5774,#5775,#5776,#5777,#5778,#5779,#5780,#5781,#5782,#5783,#5784,#5785,#5786,#5787,#5788,
#5789,#5790,#5791,#5792,#5793,#5794,#5795,#5796,#5797,#5798,#5799,#5800,#5801,#5802,#5803,#5804,#5805,#5806,#5807,#5808,#5809,#5810,#5811,#5812),(#5813,#5814,#5815,#5816,#5817,#5818,#5819,#5820,#5821,#5822,#5823,#5824,#5825,#5826,#5827,#5828,#5829,#5830,#5831,#5832,#5833,#5834,#5835,#5836,#5837,#5838,
#5839,#5840,#5841,#5842,#5843,#5844,#5845,#5846,#5847,#5848,#5849,#5850,#5851,#5852,#5853,#5854,#5855,#5856,#5857,#5858,#5859,#5860,#5861,#5862),(#5863,#5864,#5865,#5866,#5867,#5868,#5869,#5870,#5871,#5872,#5873,#5874,#5875,#5876,#5877,#5878,#5879,#5880,#5881,#5882,#5883,#5884,#5885,#5886,#5887,#5888,
#5889,#5890,#5891,#5892,#5893,#5894,#5895,#5896,#5897,#5898,#5899,#5900,#5901,#5902,#5903,#5904,#5905,#5906,#5907,#5908,#5909,#5910,#5911,#5912),(#5913,#5914,#5915,#5916,#5917,#5918,#5919,#5920,#5921,#5922,#5923,#5924,#5925,#5926,#5927,#5928,#5929,#5930,#5931,#5932,#5933,#5934,#5935,#5936,#5937,#5938,
#5939,#5940,#5941,#5942,#5943,#5944,#5945,#5946,#5947,#5948,#5949,#5950,#5951,#5952,#5953,#5954,#5955,#5956,#5957,#5958,#5959,#5960,#5961,#5962),(#5963,#5964,#5965,#5966,#5967,#5968,#5969,#5970,#5971,#5972,#5973,#5974,#5975,#5976,#5977,#5978,#5979,#5980,#5981,#5982,#5983,#5984,#5985,#5986,#5987,#5988,
#5989,#5990,#5991,#5992,#5993,#5994,#5995,#5996,#5997,#5998,#5999,#6000,#6001,#6002,#6003,#6004,#6005,#6006,#6007,#6008,#6009,#6010,#6011,#6012),(#6013,#6014,#6015,#6016,#6017,#6018,#6019,#6020,#6021,#6022,#6023,#6024,#6025,#6026,#6027,#6028,#6029,#6030,#6031,#6032,#6033,#6034,#6035,#6036,#6037,#6038,
#6039,#6040,#6041,#6042,#6043,#6044,#6045,#6046,#6047,#6048,#6049,#6050,#6051,#6052,#6053,#6054,#6055,#6056,#6057,#6058,#6059,#6060,#6061,#6062),(#6063,#6064,#6065,#6066,#6067,#6068,#6069,#6070,#6071,#6072,#6073,#6074,#6075,#6076,#6077,#6078,#6079,#6080,#6081,#6082,#6083,#6084,#6085,#6086,#6087,#6088,
#6089,#6090,#6091,#6092,#6093,#6094,#6095,#6096,#6097,#6098,#6099,#6100,#6101,#6102,#6103,#6104,#6105,#6106,#6107,#6108,#6109,#6110,#6111,#6112),(#6113,#6114,#6115,#6116,#6117,#6118,#6119,#6120,#6121,#6122,#6123,#6124,#6125,#6126,#6127,#6128,#6129,#6130,#6131,#6132,#6133,#6134,#6135,#6136,#6137,#6138,
#6139,#6140,#6141,#6142,#6143,#6144,#6145,#6146,#6147,#6148,#6149,#6150,#6151,#6152,#6153,#6154,#6155,#6156,#6157,#6158,#6159,#6160,#6161,#6162),(#6163,#6164,#6165,#6166,#6167,#6168,#6169,#6170,#6171,#6172,#6173,#6174,#6175,#6176,#6177,#6178,#6179,#6180,#6181,#6182,#6183,#6184,#6185,#6186,#6187,#6188,
#6189,#6190,#6191,#6192,#6193,#6194,#6195,#6196,#6197,#6198,#6199,#6200,#6201,#6202,#6203,#6204,#6205,#6206,#6207,#6208,#6209,#6210,#6211,#6212),(#6213,#6214,#6215,#6216,#6217,#6218,#6219,#6220,#6221,#6222,#6223,#6224,#6225,#6226,#6227,#6228,#6229,#6230,#6231,#6232,#6233,#6234,#6235,#6236,#6237,#6238,
#6239,#6240,#6241,#6242,#6243,#6244,#6245,#6246,#6247,#6248,#6249,#6250,#6251,#6252,#6253,#6254,#6255,#6256,#6257,#6258,#6259,#6260,#6261,#6262),(#6263,#6264,#6265,#6266,#6267,#6268,#6269,#6270,#6271,#6272,#6273,#6274,#6275,#6276,#6277,#6278,#6279,#6280,#6281,#6282,#6283,#6284,#6285,#6286,#6287,#6288,
#6289,#6290,#6291,#6292,#6293,#6294,#6295,#6296,#6297,#6298,#6299,#6300,#6301,#6302,#6303,#6304,#6305,#6306,#6307,#6308,#6309,#6310,#6311,#6312),(#6313,#6314,#6315,#6316,#6317,#6318,#6319,#6320,#6321,#6322,#6323,#6324,#6325,#6326,#6327,#6328,#6329,#6330,#6331,#6332,#6333,#6334,#6335,#6336,#6337,#6338,
#6339,#6340,#6341,#6342,#6343,#6344,#6345,#6346,#6347,#6348,#6349,#6350,#6351,#6352,#6353,#6354,#6355,#6356,#6357,#6358,#6359,#6360,#6361,#6362),(#6363,#6364,#6365,#6366,#6367,#6368,#6369,#6370,#6371,#6372,#6373,#6374,#6375,#6376,#6377,#6378,#6379,#6380,#6381,#6382,#6383,#6384,#6385,#6386,#6387,#6388,
#6389,#6390,#6391,#6392,#6393,#6394,#6395,#6396,#6397,#6398,#6399,#6400,#6401,#6402,#6403,#6404,#6405,#6406,#6407,#6408,#6409,#6410,#6411,#6412),(#6413,#6414,#6415,#6416,#6417,#6418,#6419,#6420,#6421,#6422,#6423,#6424,#6425,#6426,#6427,#6428,#6429,#6430,#6431,#6432,#6433,#6434,#6435,#6436,#6437,#6438,
#6439,#6440,#6441,#6442,#6443,#6444,#6445,#6446,#6447,#6448,#6449,#6450,#6451,#6452,#6453,#6454,#6455,#6456,#6457,#6458,#6459,#6460,#6461,#6462),(#6463,#6464,#6465,#6466,#6467,#6468,#6469,#6470,#6471,#6472,#6473,#6474,#6475,#6476,#6477,#6478,#6479,#6480,#6481,#6482,#6483,#6484,#6485,#6486,#6487,#6488,
#6489,#6490,#6491,#6492,#6493,#6494,#6495,#6496,#6497,#6498,#6499,#6500,#6501,#6502,#6503,#6504,#6505,#6506,#6507,#6508,#6509,#6510,#6511,#6512),(#6513,#6514,#6515,#6516,#6517,#6518,#6519,#6520,#6521,#6522,#6523,#6524,#6525,#6526,#6527,#6528,#6529,#6530,#6531,#6532,#6533,#6534,#6535,#6536,#6537,#6538,
#6539,#6540,#6541,#6542,#6543,#6544,#6545,#6546,#6547,#6548,#6549,#6550,#6551,#6552,#6553,#6554,#6555,#6556,#6557,#6558,#6559,#6560,#6561,#6562),(#6563,#6564,#6565,#6566,#6567,#6568,#6569,#6570,#6571,#6572,#6573,#6574,#6575,#6576,#6577,#6578,#6579,#6580,#6581,#6582,#6583,#6584,#6585,#6586,#6587,#6588,
#6589,#6590,#6591,#6592,#6593,#6594,#6595,#6596,#6597,#6598,#6599,#6600,#6601,#6602,#6603,#6604,#6605,#6606,#6607,#6608,#6609,#6610,#6611,#6612),(#6613,#6614,#6615,#6616,#6617,#6618,#6619,#6620,#6621,#6622,#6623,#6624,#6625,#6626,#6627,#6628,#6629,#6630,#6631,#6632,#6633,#6634,#6635,#6636,#6637,#6638,
#6639,#6640,#6641,#6642,#6643,#6644,#6645,#6646,#6647,#6648,#6649,#6650,#6651,#6652,#6653,#6654,#6655,#6656,#6657,#6658,#6659,#6660,#6661,#6662),(#6663,#6664,#6665,#6666,#6667,#6668,#6669,#6670,#6671,#6672,#6673,#6674,#6675,#6676,#6677,#6678,#6679,#6680,#6681,#6682,#6683,#6684,#6685,#6686,#6687,#6688,
#6689,#6690,#6691,#6692,#6693,#6694,#6695,#6696,#6697,#6698,#6699,#6700,#6701,#6702,#6703,#6704,#6705,#6706,#6707,#6708,#6709,#6710,#6711,#6712),(#6713,#6714,#6715,#6716,#6717,#6718,#6719,#6720,#6721,#6722,#6723,#6724,#6725,#6726,#6727,#6728,#6729,#6730,#6731,#6732,#6733,#6734,#6735,#6736,#6737,#6738,
#6739,#6740,#6741,#6742,#6743,#6744,#6745,#6746,#6747,#6748,#6749,#6750,#6751,#6752,#6753,#6754,#6755,#6756,#6757,#6758,#6759,#6760,#6761,#6762),(#6763,#6764,#6765,#6766,#6767,#6768,#6769,#6770,#6771,#6772,#6773,#6774,#6775,#6776,#6777,#6778,#6779,#6780,#6781,#6782,#6783,#6784,#6785,#6786,#6787,#6788,
#6789,#6790,#6791,#6792,#6793,#6794,#6795,#6796,#6797,#6798,#6799,#6800,#6801,#6802,#6803,#6804,#6805,#6806,#6807,#6808,#6809,#6810,#6811,#6812),(#6813,#6814,#6815,#6816,#6817,#6818,#6819,#6820,#6821,#6822,#6823,#6824,#6825,#6826,#6827,#6828,#6829,#6830,#6831,#6832,#6833,#6834,#6835,#6836,#6837,#6838,
#6839,#6840,#6841,#6842,#6843,#6844,#6845,#6846,#6847,#6848,#6849,#6850,#6851,#6852,#6853,#6854,#6855,#6856,#6857,#6858,#6859,#6860,#6861,#6862),(#6863,#6864,#6865,#6866,#6867,#6868,#6869,#6870,#6871,#6872,#6873,#6874,#6875,#6876,#6877,#6878,#6879,#6880,#6881,#6882,#6883,#6884,#6885,#6886,#6887,#6888,
#6889,#6890,#6891,#6892,#6893,#6894,#6895,#6896,#6897,#6898,#6899,#6900,#6901,#6902,#6903,#6904,#6905,#6906,#6907,#6908,#6909,#6910,#6911,#6912),(#6913,#6914,#6915,#6916,#6917,#6918,#6919,#6920,#6921,#6922,#6923,#6924,#6925,#6926,#6927,#6928,#6929,#6930,#6931,#6932,#6933,#6934,#6935,#6936,#6937,#6938,
#6939,#6940,#6941,#6942,#6943,#6944,#6945,#6946,#6947,#6948,#6949,#6950,#6951,#6952,#6953,#6954,#6955,#6956,#6957,#6958,#6959,#6960,#6961,#6962),
(#6963,#6964,#6965,#6966,#6967,#6968,#6969,#6970,#6971,#6972,#6973,#6974,#6975,#6976,#6977,#6978,#6979,#6980,#6981,#6982,#6983,#6984,#6985,#6986,#6987,#6988,
#6989,#6990,#6991,#6992,#6993,#6994,#6995,#6996,#6997,#6998,#6999,#7000,#7001,#7002,#7003,#7004,#7005,#7006,#7007,#7008,#7009,#7010,#7011,#7012),(#7013,#7014,#7015,#7016,#7017,#7018,#7019,#7020,#7021,#7022,#7023,#7024,#7025,#7026,#7027,#7028,#7029,#7030,#7031,#7032,#7033,#7034,#7035,#7036,#7037,#7038,
#7039,#7040,#7041,#7042,#7043,#7044,#7045,#7046,#7047,#7048,#7049,#7050,#7051,#7052,#7053,#7054,#7055,#7056,#7057,#7058,#7059,#7060,#7061,#7062),(#7063,#7064,#7065,#7066,#7067,#7068,#7069,#7070,#7071,#7072,#7073,#7074,#7075,#7076,#7077,#7078,#7079,#7080,#7081,#7082,#7083,#7084,#7085,#7086,#7087,#7088,
#7089,#7090,#7091,#7092,#7093,#7094,#7095,#7096,#7097,#7098,#7099,#7100,#7101,#7102,#7103,#7104,#7105,#7106,#7107,#7108,#7109,#7110,#7111,#7112),(#7113,#7114,#7115,#7116,#7117,#7118,#7119,#7120,#7121,#7122,#7123,#7124,#7125,#7126,#7127,#7128,#7129,#7130,#7131,#7132,#7133,#7134,#7135,#7136,#7137,#7138,
#7139,#7140,#7141,#7142,#7143,#7144,#7145,#7146,#7147,#7148,#7149,#7150,#7151,#7152,#7153,#7154,#7155,#7156,#7157,#7158,#7159,#7160,#7161,#7162),(#7163,#7164,#7165,#7166,#7167,#7168,#7169,#7170,#7171,#7172,#7173,#7174,#7175,#7176,#7177,#7178,#7179,#7180,#7181,#7182,#7183,#7184,#7185,#7186,#7187,#7188,
#7189,#7190,#7191,#7192,#7193,#7194,#7195,#7196,#7197,#7198,#7199,#7200,#7201,#7202,#7203,#7204,#7205,#7206,#7207,#7208,#7209,#7210,#7211,#7212),(#7213,#7214,#7215,#7216,#7217,#7218,#7219,#7220,#7221,#7222,#7223,#7224,#7225,#7226,#7227,#7228,#7229,#7230,#7231,#7232,#7233,#7234,#7235,#7236,#7237,#7238,
#7239,#7240,#7241,#7242,#7243,#7244,#7245,#7246,#7247,#7248,#7249,#7250,#7251,#7252,#7253,#7254,#7255,#7256,#7257,#7258,#7259,#7260,#7261,#7262),(#7263,#7264,#7265,#7266,#7267,#7268,#7269,#7270,#7271,#7272,#7273,#7274,#7275,#7276,#7277,#7278,#7279,#7280,#7281,#7282,#7283,#7284,#7285,#7286,#7287,#7288,
#7289,#7290,#7291,#7292,#7293,#7294,#7295,#7296,#7297,#7298,#7299,#7300,#7301,#7302,#7303,#7304,#7305,#7306,#7307,#7308,#7309,#7310,#7311,#7312),(#7313,#7314,#7315,#7316,#7317,#7318,#7319,#7320,#7321,#7322,#7323,#7324,#7325,#7326,#7327,#7328,#7329,#7330,#7331,#7332,#7333,#7334,#7335,#7336,#7337,#7338,
#7339,#7340,#7341,#7342,#7343,#7344,#7345,#7346,#7347,#7348,#7349,#7350,#7351,#7352,#7353,#7354,#7355,#7356,#7357,#7358,#7359,#7360,#7361,#7362),(#7363,#7364,#7365,#7366,#7367,#7368,#7369,#7370,#7371,#7372,#7373,#7374,#7375,#7376,#7377,#7378,#7379,#7380,#7381,#7382,#7383,#7384,#7385,#7386,#7387,#7388,
#7389,#7390,#7391,#7392,#7393,#7394,#7395,#7396,#7397,#7398,#7399,#7400,#7401,#7402,#7403,#7404,#7405,#7406,#7407,#7408,#7409,#7410,#7411,#7412),(#7413,#7414,#7415,#7416,#7417,#7418,#7419,#7420,#7421,#7422,#7423,#7424,#7425,#7426,#7427,#7428,#7429,#7430,#7431,#7432,#7433,#7434,#7435,#7436,#7437,#7438,
#7439,#7440,#7441,#7442,#7443,#7444,#7445,#7446,#7447,#7448,#7449,#7450,#7451,#7452,#7453,#7454,#7455,#7456,#7457,#7458,#7459,#7460,#7461,#7462),(#7463,#7464,#7465,#7466,#7467,#7468,#7469,#7470,#7471,#7472,#7473,#7474,#7475,#7476,#7477,#7478,#7479,#7480,#7481,#7482,#7483,#7484,#7485,#7486,#7487,#7488,
#7489,#7490,#7491,#7492,#7493,#7494,#7495,#7496,#7497,#7498,#7499,#7500,#7501,#7502,#7503,#7504,#7505,#7506,#7507,#7508,#7509,#7510,#7511,#7512),(#7513,#7514,#7515,#7516,#7517,#7518,#7519,#7520,#7521,#7522,#7523,#7524,#7525,#7526,#7527,#7528,#7529,#7530,#7531,#7532,#7533,#7534,#7535,#7536,#7537,#7538,
#7539,#7540,#7541,#7542,#7543,#7544,#7545,#7546,#7547,#7548,#7549,#7550,#7551,#7552,#7553,#7554,#7555,#7556,#7557,#7558,#7559,#7560,#7561,#7562),(#7563,#7564,#7565,#7566,#7567,#7568,#7569,#7570,#7571,#7572,#7573,#7574,#7575,#7576,#7577,#7578,#7579,#7580,#7581,#7582,#7583,#7584,#7585,#7586,#7587,#7588,
#7589,#7590,#7591,#7592,#7593,#7594,#7595,#7596,#7597,#7598,#7599,#7600,#7601,#7602,#7603,#7604,#7605,#7606,#7607,#7608,#7609,#7610,#7611,#7612),(#7613,#7614,#7615,#7616,#7617,#7618,#7619,#7620,#7621,#7622,#7623,#7624,#7625,#7626,#7627,#7628,#7629,#7630,#7631,#7632,#7633,#7634,#7635,#7636,#7637,#7638,
#7639,#7640,#7641,#7642,#7643,#7644,#7645,#7646,#7647,#7648,#7649,#7650,#7651,#7652,#7653,#7654,#7655,#7656,#7657,#7658,#7659,#7660,#7661,#7662),(#7663,#7664,#7665,#7666,#7667,#7668,#7669,#7670,#7671,#7672,#7673,#7674,#7675,#7676,#7677,#7678,#7679,#7680,#7681,#7682,#7683,#7684,#7685,#7686,#7687,#7688,
#7689,#7690,#7691,#7692,#7693,#7694,#7695,#7696,#7697,#7698,#7699,#7700,#7701,#7702,#7703,#7704,#7705,#7706,#7707,#7708,#7709,#7710,#7711,#7712),(#7713,#7714,#7715,#7716,#7717,#7718,#7719,#7720,#7721,#7722,#7723,#7724,#7725,#7726,#7727,#7728,#7729,#7730,#7731,#7732,#7733,#7734,#7735,#7736,#7737,#7738,
#7739,#7740,#7741,#7742,#7743,#7744,#7745,#7746,#7747,#7748,#7749,#7750,#7751,#7752,#7753,#7754,#7755,#7756,#7757,#7758,#7759,#7760,#7761,#7762),(#7763,#7764,#7765,#7766,#7767,#7768,#7769,#7770,#7771,#7772,#7773,#7774,#7775,#7776,#7777,#7778,#7779,#7780,#7781,#7782,#7783,#7784,#7785,#7786,#7787,#7788,
#7789,#7790,#7791,#7792,#7793,#7794,#7795,#7796,#7797,#7798,#7799,#7800,#7801,#7802,#7803,#7804,#7805,#7806,#7807,#7808,#7809,#7810,#7811,#7812),(#7813,#7814,#7815,#7816,#7817,#7818,#7819,#7820,#7821,#7822,#7823,#7824,#7825,#7826,#7827,#7828,#7829,#7830,#7831,#7832,#7833,#7834,#7835,#7836,#7837,#7838,
#7839,#7840,#7841,#7842,#7843,#7844,#7845,#7846,#7847,#7848,#7849,#7850,#7851,#7852,#7853,#7854,#7855,#7856,#7857,#7858,#7859,#7860,#7861,#7862),(#7863,#7864,#7865,#7866,#7867,#7868,#7869,#7870,#7871,#7872,#7873,#7874,#7875,#7876,#7877,#7878,#7879,#7880,#7881,#7882,#7883,#7884,#7885,#7886,#7887,#7888,
#7889,#7890,#7891,#7892,#7893,#7894,#7895,#7896,#7897,#7898,#7899,#7900,#7901,#7902,#7903,#7904,#7905,#7906,#7907,#7908,#7909,#7910,#7911,#7912),(#7913,#7914,#7915,#7916,#7917,#7918,#7919,#7920,#7921,#7922,#7923,#7924,#7925,#7926,#7927,#7928,#7929,#7930,#7931,#7932,#7933,#7934,#7935,#7936,#7937,#7938,
#7939,#7940,#7941,#7942,#7943,#7944,#7945,#7946,#7947,#7948,#7949,#7950,#7951,#7952,#7953,#7954,#7955,#7956,#7957,#7958,#7959,#7960,#7961,#7962),(#7963,#7964,#7965,#7966,#7967,#7968,#7969,#7970,#7971,#7972,#7973,#7974,#7975,#7976,#7977,#7978,#7979,#7980,#7981,#7982,#7983,#7984,#7985,#7986,#7987,#7988,
#7989,#7990,#7991,#7992,#7993,#7994,#7995,#7996,#7997,#7998,#7999,#8000,#8001,#8002,#8003,#8004,#8005,#8006,#8007,#8008,#8009,#8010,#8011,#8012),(#8013,#8014,#8015,#8016,#8017,#8018,#8019,#8020,#8021,#8022,#8023,#8024,#8025,#8026,#8027,#8028,#8029,#8030,#8031,#8032,#8033,#8034,#8035,#8036,#8037,#8038,
#8039,#8040,#8041,#8042,#8043,#8044,#8045,#8046,#8047,#8048,#8049,#8050,#8051,#8052,#8053,#8054,#8055,#8056,#8057,#8058,#8059,#8060,#8061,#8062),(#8063,#8064,#8065,#8066,#8067,#8068,#8069,#8070,#8071,#8072,#8073,#8074,#8075,#8076,#8077,#8078,#8079,#8080,#8081,#8082,#8083,#8084,#8085,#8086,#8087,#8088,
#8089,#8090,#8091,#8092,#8093,#8094,#8095,#8096,#8097,#8098,#8099,#8100,#8101,#8102,#8103,#8104,#8105,#8106,#8107,#8108,#8109,#8110,#8111,#8112),(#8113,#8114,#8115,#8116,#8117,#8118,#8119,#8120,#8121,#8122,#8123,#8124,#8125,#8126,#8127,#8128,#8129,#8130,#8131,#8132,#8133,#8134,#8135,#8136,#8137,#8138,
#8139,#8140,#8141,#8142,#8143,#8144,#8145,#8146,#8147,#8148,#8149,#8150,#8151,#8152,#8153,#8154,#8155,#8156,#8157,#8158,#8159,#8160,#8161,#8162),(#8163,#8164,#8165,#8166,#8167,#8168,#8169,#8170,#8171,#8172,#8173,#8174,#8175,#8176,#8177,#8178,#8179,#8180,#8181,#8182,#8183,#8184,#8185,#8186,#8187,#8188,
#8189,#8190,#8191,#8192,#8193,#8194,#8195,#8196,#8197,#8198,#8199,#8200,#8201,#8202,#8203,#8204,#8205,#8206,#8207,#8208,#8209,#8210,#8211,#8212),
(#8213,#8214,#8215,#8216,#8217,#8218,#8219,#8220,#8221,#8222,#8223,#8224,#8225,#8226,#8227,#8228,#8229,#8230,#8231,#8232,#8233,#8234,#8235,#8236,#8237,#8238,
#8239,#8240,#8241,#8242,#8243,#8244,#8245,#8246,#8247,#8248,#8249,#8250,#8251,#8252,#8253,#8254,#8255,#8256,#8257,#8258,#8259,#8260,#8261,#8262),(#8263,#8264,#8265,#8266,#8267,#8268,#8269,#8270,#8271,#8272,#8273,#8274,#8275,#8276,#8277,#8278,#8279,#8280,#8281,#8282,#8283,#8284,#8285,#8286,#8287,#8288,
#8289,#8290,#8291,#8292,#8293,#8294,#8295,#8296,#8297,#8298,#8299,#8300,#8301,#8302,#8303,#8304,#8305,#8306,#8307,#8308,#8309,#8310,#8311,#8312),(#8313,#8314,#8315,#8316,#8317,#8318,#8319,#8320,#8321,#8322,#8323,#8324,#8325,#8326,#8327,#8328,#8329,#8330,#8331,#8332,#8333,#8334,#8335,#8336,#8337,#8338,
#8339,#8340,#8341,#8342,#8343,#8344,#8345,#8346,#8347,#8348,#8349,#8350,#8351,#8352,#8353,#8354,#8355,#8356,#8357,#8358,#8359,#8360,#8361,#8362),(#8363,#8364,#8365,#8366,#8367,#8368,#8369,#8370,#8371,#8372,#8373,#8374,#8375,#8376,#8377,#8378,#8379,#8380,#8381,#8382,#8383,#8384,#8385,#8386,#8387,#8388,
#8389,#8390,#8391,#8392,#8393,#8394,#8395,#8396,#8397,#8398,#8399,#8400,#8401,#8402,#8403,#8404,#8405,#8406,#8407,#8408,#8409,#8410,#8411,#8412),(#8413,#8414,#8415,#8416,#8417,#8418,#8419,#8420,#8421,#8422,#8423,#8424,#8425,#8426,#8427,#8428,#8429,#8430,#8431,#8432,#8433,#8434,#8435,#8436,#8437,#8438,
#8439,#8440,#8441,#8442,#8443,#8444,#8445,#8446,#8447,#8448,#8449,#8450,#8451,#8452,#8453,#8454,#8455,#8456,#8457,#8458,#8459,#8460,#8461,#8462),(#8463,#8464,#8465,#8466,#8467,#8468,#8469,#8470,#8471,#8472,#8473,#8474,#8475,#8476,#8477,#8478,#8479,#8480,#8481,#8482,#8483,#8484,#8485,#8486,#8487,#8488,
#8489,#8490,#8491,#8492,#8493,#8494,#8495,#8496,#8497,#8498,#8499,#8500,#8501,#8502,#8503,#8504,#8505,#8506,#8507,#8508,#8509,#8510,#8511,#8512),(#8513,#8514,#8515,#8516,#8517,#8518,#8519,#8520,#8521,#8522,#8523,#8524,#8525,#8526,#8527,#8528,#8529,#8530,#8531,#8532,#8533,#8534,#8535,#8536,#8537,#8538,
#8539,#8540,#8541,#8542,#8543,#8544,#8545,#8546,#8547,#8548,#8549,#8550,#8551,#8552,#8553,#8554,#8555,#8556,#8557,#8558,#8559,#8560,#8561,#8562),(#8563,#8564,#8565,#8566,#8567,#8568,#8569,#8570,#8571,#8572,#8573,#8574,#8575,#8576,#8577,#8578,#8579,#8580,#8581,#8582,#8583,#8584,#8585,#8586,#8587,#8588,
#8589,#8590,#8591,#8592,#8593,#8594,#8595,#8596,#8597,#8598,#8599,#8600,#8601,#8602,#8603,#8604,#8605,#8606,#8607,#8608,#8609,#8610,#8611,#8612)),.UNSPECIFIED.,.F.,.F.,.U.,(4,2,2,2,1,1,1,1,1,1,1,2,1,1,1,1,1,1,1,1,1,1,2,1,1,2,
1,1,1,1,1,1,1,1,1,2,1,1,1,1,1,1,1,2,2,2,4),(4,2,2,1,2,2,2,2,2,2,1,1,1,2,1,1,1,1,1,2,1,2,1,1,2,2,
2,1,1,1,1,1,1,4),(3.20063786,4.,6.,8.,9.,10.,11.,12.,13.,14.,16.,17.,19.,20.,21.,22.,23.,24.,25.,26.,27.,28.,30.,31.,32.,34.,
36.,37.,38.,39.,40.,42.,43.,44.,45.,47.,49.,50.,51.,52.,53.,54.,55.,56.,58.,60.,60.800530183),(4.376655699,6.,8.,9.,11.,13.,15.,16.,18.,19.,21.,22.,24.,25.,27.,28.,30.,31.,33.,34.,36.,38.,40.,42.,44.,46.,
48.,50.,51.,53.,55.,56.,58.,59.29006386),.UNSPECIFIED.);
#8614=ORIENTED_EDGE('',*,*,#5515,.T.);
#8615=ORIENTED_EDGE('',*,*,#5628,.T.);
#8616=ORIENTED_EDGE('',*,*,#5446,.F.);
#8617=ORIENTED_EDGE('',*,*,#5604,.T.);
#8618=ORIENTED_EDGE('',*,*,#104,.F.);
#8619=ORIENTED_EDGE('',*,*,#5658,.T.);
#8620=ORIENTED_EDGE('',*,*,#5534,.F.);
#8621=ORIENTED_EDGE('',*,*,#5571,.T.);
#8622=EDGE_LOOP('',(#8614,#8615,#8616,#8617,#8618,#8619,#8620,#8621));
#8623=FACE_BOUND('',#8622,.T.);
#8624=ADVANCED_FACE('',(#8623),#8613,.T.);
#8625=CLOSED_SHELL('',(#108,#5431,#5463,#5519,#5551,#5575,#5608,#5632,#5662,#8624));
#8626=MANIFOLD_SOLID_BREP('\X2\5DF25BFC5165\X0\ 01 (1)',#8625);
#8627=DRAUGHTING_PRE_DEFINED_COLOUR('white');
#8628=FILL_AREA_STYLE_COLOUR('',#8627);
#8629=FILL_AREA_STYLE('',(#8628));
#8630=SURFACE_STYLE_FILL_AREA(#8629);
#8631=SURFACE_SIDE_STYLE('',(#8630));
#8632=SURFACE_STYLE_USAGE(.BOTH.,#8631);
#8633=PRESENTATION_STYLE_ASSIGNMENT((#8632));
#54=STYLED_ITEM('',(#8633),#8626);
#35=SHAPE_REPRESENTATION('surfaces 3,4',(#15),#33);
#36=ADVANCED_BREP_SHAPE_REPRESENTATION('surfaces 3,4',(#8626),#33);
#8641=SHAPE_REPRESENTATION_RELATIONSHIP('','',#35,#36);
#8642=CARTESIAN_POINT('',(0.,0.,0.));
#8643=DIRECTION('',(0.,0.,1.));
#8644=DIRECTION('',(1.,0.,0.));
#8645=AXIS2_PLACEMENT_3D('',#8642,#8643,#8644);
#8647=MAPPED_ITEM('',#8646,#8645);
#8646=REPRESENTATION_MAP(#8645,#35);
#8648=APPLICATION_CONTEXT('Managed model based 3d engineering');
#8649=APPLICATION_PROTOCOL_DEFINITION('international standard','ap242_managed_model_based_3d_engineering',2014,#8648);
#8650=PRODUCT_CONTEXT('',#8648,'mechanical');
#8651=PRODUCT_DEFINITION_CONTEXT('part definition',#8648,'design');
#43=PRODUCT('surfaces 3,4','surfaces 3,4','',(#8650));
#8652=PRODUCT_RELATED_PRODUCT_CATEGORY('part','',(#43));
#8653=PRODUCT_DEFINITION_FORMATION_WITH_SPECIFIED_SOURCE('','',#43,.NOT_KNOWN.);
#44=PRODUCT_DEFINITION('design','',#8653,#8651);
#42=PRODUCT_DEFINITION_SHAPE('','',#44);
#8654=SHAPE_DEFINITION_REPRESENTATION(#42,#35);
#34=DRAUGHTING_MODEL('',(#8647),#33);
#16=SHAPE_REPRESENTATION('RMR_V1_C_ZEONEX-K26R_1.535_56',(#15,#48),#10);
#8655=CARTESIAN_POINT('',(0.,0.,0.));
#8656=DIRECTION('',(0.,0.,1.));
#8657=DIRECTION('',(1.,0.,0.));
#8658=AXIS2_PLACEMENT_3D('',#8655,#8656,#8657);
#8660=MAPPED_ITEM('',#8659,#8658);
#8659=REPRESENTATION_MAP(#8658,#16);
#24=PRODUCT('RMR_V1_C_ZEONEX-K26R_1.535_56','RMR_V1_C_ZEONEX-K26R_1.535_56','',(#8650));
#8661=PRODUCT_RELATED_PRODUCT_CATEGORY('part','',(#24));
#8662=PRODUCT_DEFINITION_FORMATION_WITH_SPECIFIED_SOURCE('','',#24,.NOT_KNOWN.);
#25=PRODUCT_DEFINITION('design','',#8662,#8651);
#23=PRODUCT_DEFINITION_SHAPE('','',#25);
#8663=SHAPE_DEFINITION_REPRESENTATION(#23,#16);
#11=DRAUGHTING_MODEL('',(#8660),#10);
#8664=DESCRIPTIVE_REPRESENTATION_ITEM('KEY','C:\\Users\\Nalani\\AppData\\Local\\Packages\\Shapr3D.Shapr3D_j403pzjkqtqbj\\TempState\\005ba7ed-eb06-4f06-b9c0-81a11bacfbba.tmp');
#8665=PROPERTY_DEFINITION('KEY','',#25);
#8666=REPRESENTATION('',(#8664),#10);
#8667=PROPERTY_DEFINITION_REPRESENTATION(#8665,#8666);
#8668=GENERAL_PROPERTY('','KEY','');
#8669=GENERAL_PROPERTY_ASSOCIATION('','',#8668,#8665);
#1=MECHANICAL_DESIGN_GEOMETRIC_PRESENTATION_REPRESENTATION('',(#54),#10);
ENDSEC;
END-ISO-10303-21;
