ISO-10303-21;
HEADER;

/* File generated by Shapr3D Version 26.123.11423.0 */

FILE_DESCRIPTION(('HOOPS Exchange Step'),'2;1');

FILE_NAME('C:\\Users\\Nalani\\AppData\\Local\\Packages\\Shapr3D.Shapr3D_j403pzjkqtqbj\\TempState\\export\\temp_export',
'2026-08-03T16:12:13+08:00',
('Nalani'),
('Shapr3D Limited'),
'HOOPS Exchange 2026.3',
'Shapr3D',
'Authorized');

FILE_SCHEMA( ('AP242_MANAGED_MODEL_BASED_3D_ENGINEERING_MIM_LF {1 0 10303 442 1 1 4}') );

ENDSEC;

DATA;
#3=(NAMED_UNIT(*)PLANE_ANGLE_UNIT()SI_UNIT($,.RADIAN.));
#4=PLANE_ANGLE_MEASURE_WITH_UNIT(PLANE_ANGLE_MEASURE(0.0174532925),#3);
#5=(CONVERSION_BASED_UNIT('DEGREE',#4)NAMED_UNIT(#6)PLANE_ANGLE_UNIT());
#6=DIMENSIONAL_EXPONENTS(0.,0.,0.,0.,0.,0.,0.);
#7=(NAMED_UNIT(*)SI_UNIT($,.STERADIAN.)SOLID_ANGLE_UNIT());
#8=(LENGTH_UNIT()NAMED_UNIT(*)SI_UNIT(.MILLI.,.METRE.));
#9=UNCERTAINTY_MEASURE_WITH_UNIT(LENGTH_MEASURE(1.000000E-05),#8,'DISTANCE_ACCURACY_VALUE','Maximum Tolerance applied to model');
#10=(GEOMETRIC_REPRESENTATION_CONTEXT(3)GLOBAL_UNCERTAINTY_ASSIGNED_CONTEXT((#9))GLOBAL_UNIT_ASSIGNED_CONTEXT((#8,#5,#7))REPRESENTATION_CONTEXT('','X\X2\87BA7D72\X0\'));
#12=CARTESIAN_POINT('',(0.,0.,0.));
#13=DIRECTION('',(0.,0.,1.));
#14=DIRECTION('',(1.,0.,0.));
#15=AXIS2_PLACEMENT_3D('',#12,#13,#14);
#27=CARTESIAN_POINT('',(109.535632626,-6.780777439,427.193519684));
#28=DIRECTION('',(0.,-1.,0.));
#29=DIRECTION('',(1.,0.,0.));
#30=AXIS2_PLACEMENT_3D('',#27,#28,#29);
#31=PLANE('',#30);
#32=CARTESIAN_POINT('',(-5.464367374,-6.780777486,3.193519684));
#33=VERTEX_POINT('',#32);
#34=CARTESIAN_POINT('',(-5.464367374,-6.780777487,0.793519685));
#35=VERTEX_POINT('',#34);
#36=CARTESIAN_POINT('',(-5.464367374,-6.780777486,3.193519684));
#37=DIRECTION('',(0.,-0.,-1.));
#38=VECTOR('',#37,2.4);
#39=LINE('',#36,#38);
#40=EDGE_CURVE('',#33,#35,#39,.T.);
#41=ORIENTED_EDGE('',*,*,#40,.F.);
#42=CARTESIAN_POINT('',(-5.864367374,-6.780777486,3.193519684));
#43=VERTEX_POINT('',#42);
#44=CARTESIAN_POINT('',(-5.864367374,-6.780777486,3.193519684));
#45=DIRECTION('',(1.,-0.,-0.));
#46=VECTOR('',#45,0.4);
#47=LINE('',#44,#46);
#48=EDGE_CURVE('',#43,#33,#47,.T.);
#49=ORIENTED_EDGE('',*,*,#48,.F.);
#50=CARTESIAN_POINT('',(-5.864367374,-6.780777487,0.793519685));
#51=VERTEX_POINT('',#50);
#52=CARTESIAN_POINT('',(-5.864367374,-6.780777487,0.793519685));
#53=DIRECTION('',(0.,0.,1.));
#54=VECTOR('',#53,2.4);
#55=LINE('',#52,#54);
#56=EDGE_CURVE('',#51,#43,#55,.T.);
#57=ORIENTED_EDGE('',*,*,#56,.F.);
#58=CARTESIAN_POINT('',(-5.464367374,-6.780777487,0.793519685));
#59=DIRECTION('',(-1.,0.,0.));
#60=VECTOR('',#59,0.4);
#61=LINE('',#58,#60);
#62=EDGE_CURVE('',#35,#51,#61,.T.);
#63=ORIENTED_EDGE('',*,*,#62,.F.);
#64=EDGE_LOOP('',(#41,#49,#57,#63));
#65=FACE_BOUND('',#64,.T.);
#66=ADVANCED_FACE('',(#65),#31,.T.);
#67=CARTESIAN_POINT('',(-5.864367374,-6.780777487,1.993519684));
#68=DIRECTION('',(1.,0.,0.));
#69=DIRECTION('',(0.,-0.017388675,-0.999848806));
#70=AXIS2_PLACEMENT_3D('',#67,#68,#69);
#71=PLANE('',#70);
#72=CARTESIAN_POINT('',(-5.864367374,-6.890777439,0.793519684));
#73=VERTEX_POINT('',#72);
#74=CARTESIAN_POINT('',(-5.864367374,-6.890777439,3.193519684));
#75=VERTEX_POINT('',#74);
#76=CARTESIAN_POINT('',(-5.864367374,-6.890777439,0.793519684));
#77=DIRECTION('',(-0.,0.,1.));
#78=VECTOR('',#77,2.4);
#79=LINE('',#76,#78);
#80=EDGE_CURVE('',#73,#75,#79,.T.);
#81=ORIENTED_EDGE('',*,*,#80,.F.);
#82=CARTESIAN_POINT('',(-5.864367374,-6.780777487,0.793519685));
#83=DIRECTION('',(-0.,-1.,0.));
#84=VECTOR('',#83,0.109999952);
#85=LINE('',#82,#84);
#86=EDGE_CURVE('',#51,#73,#85,.T.);
#87=ORIENTED_EDGE('',*,*,#86,.F.);
#88=ORIENTED_EDGE('',*,*,#56,.T.);
#89=CARTESIAN_POINT('',(-5.864367374,-6.780777486,3.193519684));
#90=DIRECTION('',(0.,-1.,0.000000002));
#91=VECTOR('',#90,0.109999953);
#92=LINE('',#89,#91);
#93=EDGE_CURVE('',#43,#75,#92,.T.);
#94=ORIENTED_EDGE('',*,*,#93,.T.);
#95=EDGE_LOOP('',(#81,#87,#88,#94));
#96=FACE_BOUND('',#95,.T.);
#97=ADVANCED_FACE('',(#96),#71,.T.);
#98=CARTESIAN_POINT('',(-5.664367374,-6.780777487,0.793519685));
#99=DIRECTION('',(0.,0.,1.));
#100=DIRECTION('',(0.,1.,-0.));
#101=AXIS2_PLACEMENT_3D('',#98,#99,#100);
#102=PLANE('',#101);
#103=CARTESIAN_POINT('',(-5.464367374,-6.890777439,0.793519684));
#104=VERTEX_POINT('',#103);
#105=CARTESIAN_POINT('',(-5.464367374,-6.890777439,0.793519684));
#106=DIRECTION('',(-1.,0.,0.));
#107=VECTOR('',#106,0.4);
#108=LINE('',#105,#107);
#109=EDGE_CURVE('',#104,#73,#108,.T.);
#110=ORIENTED_EDGE('',*,*,#109,.F.);
#111=CARTESIAN_POINT('',(-5.464367374,-6.780777487,0.793519685));
#112=DIRECTION('',(0.,-1.,-0.000000007));
#113=VECTOR('',#112,0.109999952);
#114=LINE('',#111,#113);
#115=EDGE_CURVE('',#35,#104,#114,.T.);
#116=ORIENTED_EDGE('',*,*,#115,.F.);
#117=ORIENTED_EDGE('',*,*,#62,.T.);
#118=ORIENTED_EDGE('',*,*,#86,.T.);
#119=EDGE_LOOP('',(#110,#116,#117,#118));
#120=FACE_BOUND('',#119,.T.);
#121=ADVANCED_FACE('',(#120),#102,.T.);
#122=CARTESIAN_POINT('',(-5.464367374,-6.780777487,1.993519684));
#123=DIRECTION('',(-1.,0.,0.));
#124=DIRECTION('',(0.,0.017388675,0.999848806));
#125=AXIS2_PLACEMENT_3D('',#122,#123,#124);
#126=PLANE('',#125);
#127=CARTESIAN_POINT('',(-5.464367374,-6.890777439,3.193519684));
#128=VERTEX_POINT('',#127);
#129=CARTESIAN_POINT('',(-5.464367374,-6.890777439,3.193519684));
#130=DIRECTION('',(0.,-0.,-1.));
#131=VECTOR('',#130,2.400000001);
#132=LINE('',#129,#131);
#133=EDGE_CURVE('',#128,#104,#132,.T.);
#134=ORIENTED_EDGE('',*,*,#133,.F.);
#135=CARTESIAN_POINT('',(-5.464367374,-6.780777486,3.193519684));
#136=DIRECTION('',(0.,-1.,0.));
#137=VECTOR('',#136,0.109999953);
#138=LINE('',#135,#137);
#139=EDGE_CURVE('',#33,#128,#138,.T.);
#140=ORIENTED_EDGE('',*,*,#139,.F.);
#141=ORIENTED_EDGE('',*,*,#40,.T.);
#142=ORIENTED_EDGE('',*,*,#115,.T.);
#143=EDGE_LOOP('',(#134,#140,#141,#142));
#144=FACE_BOUND('',#143,.T.);
#145=ADVANCED_FACE('',(#144),#126,.T.);
#146=CARTESIAN_POINT('',(-5.664367374,-6.780777486,3.193519684));
#147=DIRECTION('',(0.,-0.,-1.));
#148=DIRECTION('',(0.,-1.,0.));
#149=AXIS2_PLACEMENT_3D('',#146,#147,#148);
#150=PLANE('',#149);
#151=CARTESIAN_POINT('',(-5.864367374,-6.890777439,3.193519684));
#152=DIRECTION('',(1.,-0.,-0.));
#153=VECTOR('',#152,0.4);
#154=LINE('',#151,#153);
#155=EDGE_CURVE('',#75,#128,#154,.T.);
#156=ORIENTED_EDGE('',*,*,#155,.F.);
#157=ORIENTED_EDGE('',*,*,#93,.F.);
#158=ORIENTED_EDGE('',*,*,#48,.T.);
#159=ORIENTED_EDGE('',*,*,#139,.T.);
#160=EDGE_LOOP('',(#156,#157,#158,#159));
#161=FACE_BOUND('',#160,.T.);
#162=ADVANCED_FACE('',(#161),#150,.T.);
#163=CARTESIAN_POINT('',(109.535632626,-6.890777439,427.193519684));
#164=DIRECTION('',(0.,-1.,0.));
#165=DIRECTION('',(-1.,0.,0.));
#166=AXIS2_PLACEMENT_3D('',#163,#164,#165);
#167=PLANE('',#166);
#168=CARTESIAN_POINT('',(-5.664367374,-6.890777487,0.593519684));
#169=VERTEX_POINT('',#168);
#170=CARTESIAN_POINT('',(-5.664367374,-6.890777487,1.993519684));
#171=DIRECTION('',(-0.,-1.,0.));
#172=DIRECTION('',(0.,-0.,-1.));
#173=AXIS2_PLACEMENT_3D('',#170,#171,#172);
#174=CIRCLE('',#173,1.4);
#175=EDGE_CURVE('',#169,#169,#174,.T.);
#176=ORIENTED_EDGE('',*,*,#175,.T.);
#177=EDGE_LOOP('',(#176));
#178=FACE_BOUND('',#177,.T.);
#179=ORIENTED_EDGE('',*,*,#155,.T.);
#180=ORIENTED_EDGE('',*,*,#133,.T.);
#181=ORIENTED_EDGE('',*,*,#109,.T.);
#182=ORIENTED_EDGE('',*,*,#80,.T.);
#183=EDGE_LOOP('',(#179,#180,#181,#182));
#184=FACE_BOUND('',#183,.T.);
#185=ADVANCED_FACE('',(#178,#184),#167,.T.);
#186=CARTESIAN_POINT('',(-5.664367374,-6.890777487,1.993519684));
#187=DIRECTION('',(0.,1.,-0.));
#188=DIRECTION('',(0.,-0.,-1.));
#189=AXIS2_PLACEMENT_3D('',#186,#187,#188);
#190=CONICAL_SURFACE('',#189,1.4,44.999999949);
#191=CARTESIAN_POINT('',(-5.664367374,-6.790777487,0.493519684));
#192=VERTEX_POINT('',#191);
#193=CARTESIAN_POINT('',(-5.664367374,-6.790777487,0.493519684));
#194=DIRECTION('',(-0.,-0.707106782,0.707106781));
#195=VECTOR('',#194,0.141421356);
#196=LINE('',#193,#195);
#197=EDGE_CURVE('',#192,#169,#196,.T.);
#198=ORIENTED_EDGE('',*,*,#197,.T.);
#199=ORIENTED_EDGE('',*,*,#175,.F.);
#200=ORIENTED_EDGE('',*,*,#197,.F.);
#201=CARTESIAN_POINT('',(-5.664367374,-6.790777487,3.493519684));
#202=VERTEX_POINT('',#201);
#203=CARTESIAN_POINT('',(-5.664367374,-6.790777487,1.993519684));
#204=DIRECTION('',(-0.,1.,-0.));
#205=DIRECTION('',(0.,0.,1.));
#206=AXIS2_PLACEMENT_3D('',#203,#204,#205);
#207=CIRCLE('',#206,1.5);
#208=EDGE_CURVE('',#202,#192,#207,.T.);
#209=ORIENTED_EDGE('',*,*,#208,.F.);
#210=CARTESIAN_POINT('',(-5.664367374,-6.790777487,1.993519684));
#211=DIRECTION('',(-0.,1.,-0.));
#212=DIRECTION('',(0.,0.,1.));
#213=AXIS2_PLACEMENT_3D('',#210,#211,#212);
#214=CIRCLE('',#213,1.5);
#215=EDGE_CURVE('',#192,#202,#214,.T.);
#216=ORIENTED_EDGE('',*,*,#215,.F.);
#217=EDGE_LOOP('',(#198,#199,#200,#209,#216));
#218=FACE_BOUND('',#217,.T.);
#219=ADVANCED_FACE('',(#218),#190,.T.);
#220=CARTESIAN_POINT('',(-5.664367374,-6.390777486,1.993519684));
#221=DIRECTION('',(0.,-1.,0.));
#222=DIRECTION('',(0.,0.,1.));
#223=AXIS2_PLACEMENT_3D('',#220,#221,#222);
#224=CYLINDRICAL_SURFACE('',#223,1.5);
#225=CARTESIAN_POINT('',(-5.664367374,-6.390777487,3.493519684));
#226=VERTEX_POINT('',#225);
#227=CARTESIAN_POINT('',(-5.664367374,-6.790777487,3.493519684));
#228=DIRECTION('',(-0.,1.,-0.));
#229=VECTOR('',#228,0.4);
#230=LINE('',#227,#229);
#231=EDGE_CURVE('',#202,#226,#230,.T.);
#232=ORIENTED_EDGE('',*,*,#231,.T.);
#233=CARTESIAN_POINT('',(-5.664367374,-6.390777487,1.993519684));
#234=DIRECTION('',(0.,-1.,0.));
#235=DIRECTION('',(0.,0.,1.));
#236=AXIS2_PLACEMENT_3D('',#233,#234,#235);
#237=CIRCLE('',#236,1.5);
#238=EDGE_CURVE('',#226,#226,#237,.T.);
#239=ORIENTED_EDGE('',*,*,#238,.T.);
#240=ORIENTED_EDGE('',*,*,#231,.F.);
#241=ORIENTED_EDGE('',*,*,#208,.T.);
#242=ORIENTED_EDGE('',*,*,#215,.T.);
#243=EDGE_LOOP('',(#232,#239,#240,#241,#242));
#244=FACE_BOUND('',#243,.T.);
#245=ADVANCED_FACE('',(#244),#224,.T.);
#246=CARTESIAN_POINT('',(109.535632626,-6.390777439,427.193519684));
#247=DIRECTION('',(0.,-1.,0.));
#248=DIRECTION('',(-1.,0.,0.));
#249=AXIS2_PLACEMENT_3D('',#246,#247,#248);
#250=PLANE('',#249);
#251=ORIENTED_EDGE('',*,*,#238,.F.);
#252=EDGE_LOOP('',(#251));
#253=FACE_BOUND('',#252,.T.);
#254=CARTESIAN_POINT('',(-5.664367374,-6.390777439,2.783086479));
#255=VERTEX_POINT('',#254);
#256=CARTESIAN_POINT('',(-5.664367374,-6.390777439,1.983086479));
#257=DIRECTION('',(-0.,1.,-0.));
#258=DIRECTION('',(0.,0.,1.));
#259=AXIS2_PLACEMENT_3D('',#256,#257,#258);
#260=CIRCLE('',#259,0.8);
#261=EDGE_CURVE('',#255,#255,#260,.T.);
#262=ORIENTED_EDGE('',*,*,#261,.F.);
#263=EDGE_LOOP('',(#262));
#264=FACE_BOUND('',#263,.T.);
#265=ADVANCED_FACE('',(#253,#264),#250,.F.);
#266=CARTESIAN_POINT('',(-5.664367374,-4.670868203,1.983086479));
#267=DIRECTION('',(0.,-1.,0.));
#268=DIRECTION('',(0.,0.,1.));
#269=AXIS2_PLACEMENT_3D('',#266,#267,#268);
#270=CYLINDRICAL_SURFACE('',#269,0.8);
#271=CARTESIAN_POINT('',(-5.664367374,-5.470868203,2.783086479));
#272=VERTEX_POINT('',#271);
#273=CARTESIAN_POINT('',(-5.664367374,-6.390777439,2.783086479));
#274=DIRECTION('',(-0.,1.,-0.));
#275=VECTOR('',#274,0.919909236);
#276=LINE('',#273,#275);
#277=EDGE_CURVE('',#255,#272,#276,.T.);
#278=ORIENTED_EDGE('',*,*,#277,.T.);
#279=CARTESIAN_POINT('',(-5.664367374,-5.470868203,1.983086479));
#280=DIRECTION('',(-0.,1.,-0.));
#281=DIRECTION('',(0.,0.,1.));
#282=AXIS2_PLACEMENT_3D('',#279,#280,#281);
#283=CIRCLE('',#282,0.8);
#284=EDGE_CURVE('',#272,#272,#283,.T.);
#285=ORIENTED_EDGE('',*,*,#284,.F.);
#286=ORIENTED_EDGE('',*,*,#277,.F.);
#287=ORIENTED_EDGE('',*,*,#261,.T.);
#288=EDGE_LOOP('',(#278,#285,#286,#287));
#289=FACE_BOUND('',#288,.T.);
#290=ADVANCED_FACE('',(#289),#270,.T.);
#291=CARTESIAN_POINT('',(-3.664367374,-5.470868203,2.033086479));
#292=DIRECTION('',(0.,-1.,0.));
#293=DIRECTION('',(-1.,0.,0.));
#294=AXIS2_PLACEMENT_3D('',#291,#292,#293);
#295=PLANE('',#294);
#296=CARTESIAN_POINT('',(-5.664367374,-5.470868203,2.583086479));
#297=VERTEX_POINT('',#296);
#298=CARTESIAN_POINT('',(-5.664367374,-5.470868203,1.983086479));
#299=DIRECTION('',(-0.,1.,-0.));
#300=DIRECTION('',(0.,0.,1.));
#301=AXIS2_PLACEMENT_3D('',#298,#299,#300);
#302=CIRCLE('',#301,0.6);
#303=EDGE_CURVE('',#297,#297,#302,.T.);
#304=ORIENTED_EDGE('',*,*,#303,.F.);
#305=EDGE_LOOP('',(#304));
#306=FACE_BOUND('',#305,.T.);
#307=ORIENTED_EDGE('',*,*,#284,.T.);
#308=EDGE_LOOP('',(#307));
#309=FACE_BOUND('',#308,.T.);
#310=ADVANCED_FACE('',(#306,#309),#295,.F.);
#311=CARTESIAN_POINT('',(-5.664367374,-4.950868204,1.983086479));
#312=DIRECTION('',(0.,-1.,0.));
#313=DIRECTION('',(0.,0.,1.));
#314=AXIS2_PLACEMENT_3D('',#311,#312,#313);
#315=CYLINDRICAL_SURFACE('',#314,0.6);
#316=CARTESIAN_POINT('',(-5.664367374,-5.170868204,2.583086479));
#317=VERTEX_POINT('',#316);
#318=CARTESIAN_POINT('',(-5.664367374,-5.470868203,2.583086479));
#319=DIRECTION('',(-0.,1.,-0.));
#320=VECTOR('',#319,0.299999999);
#321=LINE('',#318,#320);
#322=EDGE_CURVE('',#297,#317,#321,.T.);
#323=ORIENTED_EDGE('',*,*,#322,.T.);
#324=CARTESIAN_POINT('',(-5.664367374,-5.170868204,1.983086479));
#325=DIRECTION('',(-0.,1.,-0.));
#326=DIRECTION('',(0.,0.,1.));
#327=AXIS2_PLACEMENT_3D('',#324,#325,#326);
#328=CIRCLE('',#327,0.6);
#329=EDGE_CURVE('',#317,#317,#328,.T.);
#330=ORIENTED_EDGE('',*,*,#329,.F.);
#331=ORIENTED_EDGE('',*,*,#322,.F.);
#332=ORIENTED_EDGE('',*,*,#303,.T.);
#333=EDGE_LOOP('',(#323,#330,#331,#332));
#334=FACE_BOUND('',#333,.T.);
#335=ADVANCED_FACE('',(#334),#315,.T.);
#336=CARTESIAN_POINT('',(-351.064367374,-5.170868216,-110.516913521));
#337=DIRECTION('',(0.,1.,-0.));
#338=DIRECTION('',(1.,0.,0.));
#339=AXIS2_PLACEMENT_3D('',#336,#337,#338);
#340=PLANE('',#339);
#341=ORIENTED_EDGE('',*,*,#329,.T.);
#342=EDGE_LOOP('',(#341));
#343=FACE_BOUND('',#342,.T.);
#344=CARTESIAN_POINT('',(-5.664367374,-5.170868204,2.783086479));
#345=VERTEX_POINT('',#344);
#346=CARTESIAN_POINT('',(-5.664367374,-5.170868204,1.983086479));
#347=DIRECTION('',(0.,-1.,0.));
#348=DIRECTION('',(0.,0.,1.));
#349=AXIS2_PLACEMENT_3D('',#346,#347,#348);
#350=CIRCLE('',#349,0.8);
#351=EDGE_CURVE('',#345,#345,#350,.T.);
#352=ORIENTED_EDGE('',*,*,#351,.T.);
#353=EDGE_LOOP('',(#352));
#354=FACE_BOUND('',#353,.T.);
#355=ADVANCED_FACE('',(#343,#354),#340,.F.);
#356=CARTESIAN_POINT('',(-5.664367374,-4.870868203,1.983086479));
#357=DIRECTION('',(0.,-1.,0.));
#358=DIRECTION('',(0.,0.,1.));
#359=AXIS2_PLACEMENT_3D('',#356,#357,#358);
#360=CYLINDRICAL_SURFACE('',#359,0.8);
#361=CARTESIAN_POINT('',(-5.664367374,-4.870868203,2.783086479));
#362=VERTEX_POINT('',#361);
#363=CARTESIAN_POINT('',(-5.664367374,-5.170868204,2.783086479));
#364=DIRECTION('',(-0.,1.,-0.));
#365=VECTOR('',#364,0.3);
#366=LINE('',#363,#365);
#367=EDGE_CURVE('',#345,#362,#366,.T.);
#368=ORIENTED_EDGE('',*,*,#367,.T.);
#369=CARTESIAN_POINT('',(-5.664367374,-4.870868203,1.983086479));
#370=DIRECTION('',(0.,-1.,0.));
#371=DIRECTION('',(0.,0.,1.));
#372=AXIS2_PLACEMENT_3D('',#369,#370,#371);
#373=CIRCLE('',#372,0.8);
#374=EDGE_CURVE('',#362,#362,#373,.T.);
#375=ORIENTED_EDGE('',*,*,#374,.T.);
#376=ORIENTED_EDGE('',*,*,#367,.F.);
#377=ORIENTED_EDGE('',*,*,#351,.F.);
#378=EDGE_LOOP('',(#368,#375,#376,#377));
#379=FACE_BOUND('',#378,.T.);
#380=ADVANCED_FACE('',(#379),#360,.T.);
#381=CARTESIAN_POINT('',(-345.064367374,-4.870868216,-110.516913522));
#382=DIRECTION('',(0.,-1.,0.));
#383=DIRECTION('',(1.,0.,0.));
#384=AXIS2_PLACEMENT_3D('',#381,#382,#383);
#385=PLANE('',#384);
#386=ORIENTED_EDGE('',*,*,#374,.F.);
#387=EDGE_LOOP('',(#386));
#388=FACE_BOUND('',#387,.T.);
#389=CARTESIAN_POINT('',(-5.664367374,-4.870868203,2.608086478));
#390=VERTEX_POINT('',#389);
#391=CARTESIAN_POINT('',(-5.664367374,-4.870868203,1.983086478));
#392=DIRECTION('',(0.,-1.,0.));
#393=DIRECTION('',(0.,0.,1.));
#394=AXIS2_PLACEMENT_3D('',#391,#392,#393);
#395=CIRCLE('',#394,0.625);
#396=EDGE_CURVE('',#390,#390,#395,.T.);
#397=ORIENTED_EDGE('',*,*,#396,.T.);
#398=EDGE_LOOP('',(#397));
#399=FACE_BOUND('',#398,.T.);
#400=ADVANCED_FACE('',(#388,#399),#385,.F.);
#401=CARTESIAN_POINT('',(-351.064367374,-4.870623142,-110.516913521));
#402=DIRECTION('',(0.,-1.,0.));
#403=DIRECTION('',(1.,0.,0.));
#404=AXIS2_PLACEMENT_3D('',#401,#402,#403);
#405=PLANE('',#404);
#406=CARTESIAN_POINT('',(-6.072559453,-4.87062307,1.50979572));
#407=VERTEX_POINT('',#406);
#408=CARTESIAN_POINT('',(-4.949912508,-4.870623204,1.623097285));
#409=VERTEX_POINT('',#408);
#410=CARTESIAN_POINT('',(-6.072559126,-4.870623142,1.509795527));
#411=CARTESIAN_POINT('',(-6.036978561,-4.870623142,1.467947285));
#412=CARTESIAN_POINT('',(-5.9965401,-4.870623142,1.431869406));
#413=CARTESIAN_POINT('',(-5.951782352,-4.870623142,1.400922113));
#414=CARTESIAN_POINT('',(-5.907024604,-4.870623142,1.36997482));
#415=CARTESIAN_POINT('',(-5.858139371,-4.870623142,1.344469071));
#416=CARTESIAN_POINT('',(-5.807396083,-4.870623142,1.325483943));
#417=CARTESIAN_POINT('',(-5.756652795,-4.870623142,1.306498815));
#418=CARTESIAN_POINT('',(-5.702784937,-4.870623142,1.293692492));
#419=CARTESIAN_POINT('',(-5.648887114,-4.870623142,1.287565672));
#420=CARTESIAN_POINT('',(-5.594989291,-4.870623142,1.281438853));
#421=CARTESIAN_POINT('',(-5.540498125,-4.870623142,1.281457353));
#422=CARTESIAN_POINT('',(-5.486163554,-4.870623142,1.287775638));
#423=CARTESIAN_POINT('',(-5.268825268,-4.870623142,1.313048781));
#424=CARTESIAN_POINT('',(-5.071057832,-4.870623142,1.440433282));
#425=CARTESIAN_POINT('',(-4.949911922,-4.870623142,1.623097976));
#426=B_SPLINE_CURVE_WITH_KNOTS('',3,(#410,#411,#412,#413,#414,#415,#416,#417,#418,#419,#420,#421,#422,#423,#424,#425),.UNSPECIFIED.,.F.,.F.,(4,3,3,3,3,4),(0.,0.000162512,0.000325024,0.000487536,0.000650048,0.001300096),.UNSPECIFIED.);
#427=EDGE_CURVE('',#407,#409,#426,.T.);
#428=ORIENTED_EDGE('',*,*,#427,.T.);
#429=CARTESIAN_POINT('',(-5.525036085,-4.870622997,2.592358004));
#430=VERTEX_POINT('',#429);
#431=CARTESIAN_POINT('',(-4.949912303,-4.870623142,1.623098167));
#432=CARTESIAN_POINT('',(-4.931235539,-4.870623142,1.674606821));
#433=CARTESIAN_POINT('',(-4.918286976,-4.870623142,1.727153149));
#434=CARTESIAN_POINT('',(-4.910852579,-4.870623142,1.780698379));
#435=CARTESIAN_POINT('',(-4.903418183,-4.870623142,1.834243608));
#436=CARTESIAN_POINT('',(-4.901605653,-4.870623142,1.889438658));
#437=CARTESIAN_POINT('',(-4.905548941,-4.870623142,1.943486032));
#438=CARTESIAN_POINT('',(-4.909492229,-4.870623142,1.997533405));
#439=CARTESIAN_POINT('',(-4.919075255,-4.870623142,2.050654876));
#440=CARTESIAN_POINT('',(-4.934808184,-4.870623142,2.102766689));
#441=CARTESIAN_POINT('',(-4.950541113,-4.870623142,2.154878502));
#442=CARTESIAN_POINT('',(-4.972285412,-4.870623142,2.205364285));
#443=CARTESIAN_POINT('',(-4.99906265,-4.870623142,2.252280724));
#444=CARTESIAN_POINT('',(-5.025839888,-4.870623142,2.299197164));
#445=CARTESIAN_POINT('',(-5.058212836,-4.870623142,2.343775233));
#446=CARTESIAN_POINT('',(-5.095296792,-4.870623142,2.383541267));
#447=CARTESIAN_POINT('',(-5.132380748,-4.870623142,2.423307302));
#448=CARTESIAN_POINT('',(-5.173669727,-4.870623142,2.458071596));
#449=CARTESIAN_POINT('',(-5.21917269,-4.870623142,2.487823489));
#450=CARTESIAN_POINT('',(-5.310178614,-4.870623142,2.547327277));
#451=CARTESIAN_POINT('',(-5.415439195,-4.870623142,2.584671308));
#452=CARTESIAN_POINT('',(-5.525036547,-4.870623142,2.592358284));
#453=B_SPLINE_CURVE_WITH_KNOTS('',3,(#431,#432,#433,#434,#435,#436,#437,#438,#439,#440,#441,#442,#443,#444,#445,#446,#447,#448,#449,#450,#451,#452),.UNSPECIFIED.,.F.,.F.,(4,3,3,3,3,3,3,4),(0.,0.000162039,0.000324077,0.000486116,0.000648155,0.000810193,0.000972232,0.001296309),.UNSPECIFIED.);
#454=EDGE_CURVE('',#409,#430,#453,.T.);
#455=ORIENTED_EDGE('',*,*,#454,.T.);
#456=CARTESIAN_POINT('',(-5.664367374,-4.870622997,1.983086478));
#457=DIRECTION('',(-0.,1.,-0.));
#458=DIRECTION('',(0.,0.,1.));
#459=AXIS2_PLACEMENT_3D('',#456,#457,#458);
#460=CIRCLE('',#459,0.625);
#461=EDGE_CURVE('',#430,#407,#460,.T.);
#462=ORIENTED_EDGE('',*,*,#461,.T.);
#463=EDGE_LOOP('',(#428,#455,#462));
#464=FACE_BOUND('',#463,.T.);
#465=ADVANCED_FACE('',(#464),#405,.T.);
#466=CARTESIAN_POINT('',(-6.364261512,-2.999862666,1.595547875));
#467=CARTESIAN_POINT('',(-6.361946815,-3.000189249,1.591367535));
#468=CARTESIAN_POINT('',(-6.359595637,-3.000514967,1.587209685));
#469=CARTESIAN_POINT('',(-6.357208251,-3.000839796,1.583074612));
#470=CARTESIAN_POINT('',(-6.357191623,-3.000842058,1.583045811));
#471=CARTESIAN_POINT('',(-6.357174992,-3.000844321,1.583017011));
#472=CARTESIAN_POINT('',(-6.35715836,-3.000846583,1.582988211));
#473=CARTESIAN_POINT('',(-6.286535345,-3.010453819,1.46070078));
#474=CARTESIAN_POINT('',(-6.186674794,-3.020399601,1.360852971));
#475=CARTESIAN_POINT('',(-6.064379241,-3.030006462,1.290245601));
#476=CARTESIAN_POINT('',(-6.06435044,-3.030008724,1.290228973));
#477=CARTESIAN_POINT('',(-6.064321638,-3.030010987,1.290212346));
#478=CARTESIAN_POINT('',(-6.064292834,-3.03001325,1.290195722));
#479=CARTESIAN_POINT('',(-5.941987792,-3.039620486,1.219603208));
#480=CARTESIAN_POINT('',(-5.805582114,-3.049566268,1.183062745));
#481=CARTESIAN_POINT('',(-5.664367374,-3.059173129,1.183062745));
#482=CARTESIAN_POINT('',(-5.664334117,-3.059175391,1.183062745));
#483=CARTESIAN_POINT('',(-5.664300861,-3.059177654,1.183062747));
#484=CARTESIAN_POINT('',(-5.664267604,-3.059179916,1.183062751));
#485=CARTESIAN_POINT('',(-5.523052074,-3.068787152,1.183080362));
#486=CARTESIAN_POINT('',(-5.38665106,-3.078732935,1.219638231));
#487=CARTESIAN_POINT('',(-5.264355507,-3.088339796,1.290245602));
#488=CARTESIAN_POINT('',(-5.264326706,-3.088342058,1.29026223));
#489=CARTESIAN_POINT('',(-5.264297906,-3.088344321,1.29027886));
#490=CARTESIAN_POINT('',(-5.264269106,-3.088346583,1.290295492));
#491=CARTESIAN_POINT('',(-5.141981675,-3.097953819,1.360918508));
#492=CARTESIAN_POINT('',(-5.042133867,-3.107899601,1.460779059));
#493=CARTESIAN_POINT('',(-4.971526497,-3.117506462,1.583074612));
#494=CARTESIAN_POINT('',(-4.971509869,-3.117508725,1.583103413));
#495=CARTESIAN_POINT('',(-4.971493242,-3.117510987,1.583132215));
#496=CARTESIAN_POINT('',(-4.971476617,-3.11751325,1.583161018));
#497=CARTESIAN_POINT('',(-4.900884104,-3.127120485,1.70546606));
#498=CARTESIAN_POINT('',(-4.86434364,-3.137066268,1.841871738));
#499=CARTESIAN_POINT('',(-4.86434364,-3.14667313,1.983086479));
#500=CARTESIAN_POINT('',(-4.86434364,-3.146675392,1.983119735));
#501=CARTESIAN_POINT('',(-4.864343642,-3.146677654,1.983152992));
#502=CARTESIAN_POINT('',(-4.864343646,-3.146679917,1.983186249));
#503=CARTESIAN_POINT('',(-4.864361257,-3.156287153,2.124401779));
#504=CARTESIAN_POINT('',(-4.900919127,-3.166232935,2.260802794));
#505=CARTESIAN_POINT('',(-4.971526497,-3.175839796,2.383098346));
#506=CARTESIAN_POINT('',(-4.971543125,-3.175842058,2.383127147));
#507=CARTESIAN_POINT('',(-4.971559755,-3.175844321,2.383155947));
#508=CARTESIAN_POINT('',(-4.971576387,-3.175846584,2.383184747));
#509=CARTESIAN_POINT('',(-5.042199403,-3.185453819,2.505472177));
#510=CARTESIAN_POINT('',(-5.142059954,-3.195399601,2.605319986));
#511=CARTESIAN_POINT('',(-5.264355507,-3.205006462,2.675927356));
#512=CARTESIAN_POINT('',(-5.264384308,-3.205008725,2.675943984));
#513=CARTESIAN_POINT('',(-5.26441311,-3.205010987,2.675960611));
#514=CARTESIAN_POINT('',(-5.264441914,-3.20501325,2.675977236));
#515=CARTESIAN_POINT('',(-5.386746956,-3.214620486,2.746569749));
#516=CARTESIAN_POINT('',(-5.523152634,-3.224566268,2.783110213));
#517=CARTESIAN_POINT('',(-5.664367374,-3.234173129,2.783110213));
#518=CARTESIAN_POINT('',(-5.664400631,-3.234175392,2.783110213));
#519=CARTESIAN_POINT('',(-5.664433887,-3.234177654,2.783110211));
#520=CARTESIAN_POINT('',(-5.664467144,-3.234179917,2.783110207));
#521=CARTESIAN_POINT('',(-5.805682674,-3.243787152,2.783092596));
#522=CARTESIAN_POINT('',(-5.942083688,-3.253732935,2.746534726));
#523=CARTESIAN_POINT('',(-6.064379241,-3.263339796,2.675927356));
#524=CARTESIAN_POINT('',(-6.064408042,-3.263342058,2.675910728));
#525=CARTESIAN_POINT('',(-6.064436842,-3.263344321,2.675894098));
#526=CARTESIAN_POINT('',(-6.064465641,-3.263346584,2.675877466));
#527=CARTESIAN_POINT('',(-6.186753072,-3.272953819,2.605254449));
#528=CARTESIAN_POINT('',(-6.286600881,-3.282899601,2.505393899));
#529=CARTESIAN_POINT('',(-6.357208251,-3.292506462,2.383098346));
#530=CARTESIAN_POINT('',(-6.357224879,-3.292508725,2.383069545));
#531=CARTESIAN_POINT('',(-6.357241506,-3.292510987,2.383040743));
#532=CARTESIAN_POINT('',(-6.357258131,-3.29251325,2.383011939));
#533=CARTESIAN_POINT('',(-6.427850644,-3.302120486,2.260706897));
#534=CARTESIAN_POINT('',(-6.464391108,-3.312066268,2.124301219));
#535=CARTESIAN_POINT('',(-6.464391108,-3.321673129,1.983086479));
#536=CARTESIAN_POINT('',(-6.464391108,-3.321675391,1.983053222));
#537=CARTESIAN_POINT('',(-6.464391106,-3.321677654,1.983019966));
#538=CARTESIAN_POINT('',(-6.464391102,-3.321679916,1.982986709));
#539=CARTESIAN_POINT('',(-6.464373491,-3.331287152,1.841771178));
#540=CARTESIAN_POINT('',(-6.427815621,-3.341232935,1.705370164));
#541=CARTESIAN_POINT('',(-6.357208251,-3.350839796,1.583074612));
#542=CARTESIAN_POINT('',(-6.357191623,-3.350842058,1.583045811));
#543=CARTESIAN_POINT('',(-6.357174992,-3.350844321,1.583017011));
#544=CARTESIAN_POINT('',(-6.35715836,-3.350846583,1.582988212));
#545=CARTESIAN_POINT('',(-6.286535345,-3.360453819,1.460700781));
#546=CARTESIAN_POINT('',(-6.186674794,-3.370399601,1.360852972));
#547=CARTESIAN_POINT('',(-6.064379241,-3.380006462,1.290245602));
#548=CARTESIAN_POINT('',(-6.06435044,-3.380008725,1.290228973));
#549=CARTESIAN_POINT('',(-6.064321638,-3.380010987,1.290212347));
#550=CARTESIAN_POINT('',(-6.064292834,-3.38001325,1.290195722));
#551=CARTESIAN_POINT('',(-5.941987792,-3.389620486,1.219603209));
#552=CARTESIAN_POINT('',(-5.805582114,-3.399566268,1.183062745));
#553=CARTESIAN_POINT('',(-5.664367374,-3.409173129,1.183062745));
#554=CARTESIAN_POINT('',(-5.664334117,-3.409175391,1.183062745));
#555=CARTESIAN_POINT('',(-5.664300861,-3.409177654,1.183062747));
#556=CARTESIAN_POINT('',(-5.664267604,-3.409179916,1.183062751));
#557=CARTESIAN_POINT('',(-5.523052074,-3.418787152,1.183080362));
#558=CARTESIAN_POINT('',(-5.38665106,-3.428732935,1.219638231));
#559=CARTESIAN_POINT('',(-5.264355507,-3.438339796,1.290245601));
#560=CARTESIAN_POINT('',(-5.264326706,-3.438342058,1.290262229));
#561=CARTESIAN_POINT('',(-5.264297906,-3.438344321,1.290278859));
#562=CARTESIAN_POINT('',(-5.264269106,-3.438346583,1.290295491));
#563=CARTESIAN_POINT('',(-5.141981675,-3.447953819,1.360918508));
#564=CARTESIAN_POINT('',(-5.042133867,-3.457899601,1.460779059));
#565=CARTESIAN_POINT('',(-4.971526497,-3.467506462,1.583074612));
#566=CARTESIAN_POINT('',(-4.971509869,-3.467508725,1.583103413));
#567=CARTESIAN_POINT('',(-4.971493242,-3.467510987,1.583132215));
#568=CARTESIAN_POINT('',(-4.971476617,-3.46751325,1.583161018));
#569=CARTESIAN_POINT('',(-4.900884104,-3.477120485,1.70546606));
#570=CARTESIAN_POINT('',(-4.86434364,-3.487066268,1.841871739));
#571=CARTESIAN_POINT('',(-4.86434364,-3.496673129,1.983086479));
#572=CARTESIAN_POINT('',(-4.86434364,-3.496675391,1.983119736));
#573=CARTESIAN_POINT('',(-4.864343642,-3.496677654,1.983152992));
#574=CARTESIAN_POINT('',(-4.864343646,-3.496679916,1.983186249));
#575=CARTESIAN_POINT('',(-4.864361257,-3.506287152,2.124401779));
#576=CARTESIAN_POINT('',(-4.900919127,-3.516232935,2.260802793));
#577=CARTESIAN_POINT('',(-4.971526497,-3.525839796,2.383098345));
#578=CARTESIAN_POINT('',(-4.971543125,-3.525842059,2.383127146));
#579=CARTESIAN_POINT('',(-4.971559755,-3.525844321,2.383155947));
#580=CARTESIAN_POINT('',(-4.971576387,-3.525846584,2.383184746));
#581=CARTESIAN_POINT('',(-5.042199403,-3.535453819,2.505472177));
#582=CARTESIAN_POINT('',(-5.142059954,-3.545399602,2.605319986));
#583=CARTESIAN_POINT('',(-5.264355507,-3.555006462,2.675927356));
#584=CARTESIAN_POINT('',(-5.264384308,-3.555008725,2.675943984));
#585=CARTESIAN_POINT('',(-5.26441311,-3.555010987,2.675960611));
#586=CARTESIAN_POINT('',(-5.264441914,-3.55501325,2.675977236));
#587=CARTESIAN_POINT('',(-5.386746956,-3.564620486,2.746569749));
#588=CARTESIAN_POINT('',(-5.523152634,-3.574566268,2.783110213));
#589=CARTESIAN_POINT('',(-5.664367374,-3.584173129,2.783110213));
#590=CARTESIAN_POINT('',(-5.664400631,-3.584175392,2.783110213));
#591=CARTESIAN_POINT('',(-5.664433887,-3.584177654,2.783110211));
#592=CARTESIAN_POINT('',(-5.664467144,-3.584179917,2.783110207));
#593=CARTESIAN_POINT('',(-5.805682674,-3.593787152,2.783092596));
#594=CARTESIAN_POINT('',(-5.942083688,-3.603732935,2.746534727));
#595=CARTESIAN_POINT('',(-6.064379241,-3.613339796,2.675927357));
#596=CARTESIAN_POINT('',(-6.064408042,-3.613342059,2.675910728));
#597=CARTESIAN_POINT('',(-6.064436842,-3.613344321,2.675894098));
#598=CARTESIAN_POINT('',(-6.064465641,-3.613346584,2.675877466));
#599=CARTESIAN_POINT('',(-6.186753072,-3.622953819,2.605254449));
#600=CARTESIAN_POINT('',(-6.286600881,-3.632899601,2.505393898));
#601=CARTESIAN_POINT('',(-6.357208251,-3.642506462,2.383098346));
#602=CARTESIAN_POINT('',(-6.357224879,-3.642508725,2.383069545));
#603=CARTESIAN_POINT('',(-6.357241506,-3.642510987,2.383040743));
#604=CARTESIAN_POINT('',(-6.357258131,-3.64251325,2.383011939));
#605=CARTESIAN_POINT('',(-6.427850644,-3.652120486,2.260706898));
#606=CARTESIAN_POINT('',(-6.464391108,-3.662066268,2.124301219));
#607=CARTESIAN_POINT('',(-6.464391108,-3.671673129,1.983086479));
#608=CARTESIAN_POINT('',(-6.464391108,-3.671675391,1.983053223));
#609=CARTESIAN_POINT('',(-6.464391106,-3.671677654,1.983019966));
#610=CARTESIAN_POINT('',(-6.464391102,-3.671679916,1.982986709));
#611=CARTESIAN_POINT('',(-6.464373491,-3.681287152,1.841771179));
#612=CARTESIAN_POINT('',(-6.427815621,-3.691232935,1.705370164));
#613=CARTESIAN_POINT('',(-6.357208251,-3.700839796,1.583074611));
#614=CARTESIAN_POINT('',(-6.357191623,-3.700842058,1.58304581));
#615=CARTESIAN_POINT('',(-6.357174992,-3.700844321,1.58301701));
#616=CARTESIAN_POINT('',(-6.35715836,-3.700846583,1.582988211));
#617=CARTESIAN_POINT('',(-6.286535345,-3.710453819,1.460700781));
#618=CARTESIAN_POINT('',(-6.186674794,-3.720399601,1.360852972));
#619=CARTESIAN_POINT('',(-6.064379241,-3.730006462,1.290245602));
#620=CARTESIAN_POINT('',(-6.06435044,-3.730008725,1.290228974));
#621=CARTESIAN_POINT('',(-6.064321638,-3.730010987,1.290212347));
#622=CARTESIAN_POINT('',(-6.064292834,-3.73001325,1.290195722));
#623=CARTESIAN_POINT('',(-5.941987792,-3.739620486,1.219603208));
#624=CARTESIAN_POINT('',(-5.805582114,-3.749566268,1.183062745));
#625=CARTESIAN_POINT('',(-5.664367374,-3.759173129,1.183062745));
#626=CARTESIAN_POINT('',(-5.664334117,-3.759175391,1.183062745));
#627=CARTESIAN_POINT('',(-5.664300861,-3.759177654,1.183062747));
#628=CARTESIAN_POINT('',(-5.664267604,-3.759179916,1.183062751));
#629=CARTESIAN_POINT('',(-5.523052074,-3.768787153,1.183080362));
#630=CARTESIAN_POINT('',(-5.38665106,-3.778732935,1.219638231));
#631=CARTESIAN_POINT('',(-5.264355507,-3.788339796,1.290245601));
#632=CARTESIAN_POINT('',(-5.264326706,-3.788342058,1.29026223));
#633=CARTESIAN_POINT('',(-5.264297906,-3.788344321,1.29027886));
#634=CARTESIAN_POINT('',(-5.264269106,-3.788346583,1.290295492));
#635=CARTESIAN_POINT('',(-5.141981675,-3.797953819,1.360918508));
#636=CARTESIAN_POINT('',(-5.042133867,-3.807899601,1.46077906));
#637=CARTESIAN_POINT('',(-4.971526497,-3.817506462,1.583074612));
#638=CARTESIAN_POINT('',(-4.971509869,-3.817508725,1.583103413));
#639=CARTESIAN_POINT('',(-4.971493242,-3.817510987,1.583132215));
#640=CARTESIAN_POINT('',(-4.971476617,-3.81751325,1.583161019));
#641=CARTESIAN_POINT('',(-4.900884104,-3.827120485,1.70546606));
#642=CARTESIAN_POINT('',(-4.86434364,-3.837066268,1.841871738));
#643=CARTESIAN_POINT('',(-4.86434364,-3.846673129,1.983086478));
#644=CARTESIAN_POINT('',(-4.86434364,-3.846675391,1.983119735));
#645=CARTESIAN_POINT('',(-4.864343642,-3.846677654,1.983152992));
#646=CARTESIAN_POINT('',(-4.864343646,-3.846679916,1.983186249));
#647=CARTESIAN_POINT('',(-4.864361257,-3.856287153,2.124401779));
#648=CARTESIAN_POINT('',(-4.900919127,-3.866232935,2.260802793));
#649=CARTESIAN_POINT('',(-4.971526497,-3.875839796,2.383098346));
#650=CARTESIAN_POINT('',(-4.971543125,-3.875842059,2.383127147));
#651=CARTESIAN_POINT('',(-4.971559755,-3.875844321,2.383155947));
#652=CARTESIAN_POINT('',(-4.971576387,-3.875846584,2.383184746));
#653=CARTESIAN_POINT('',(-5.042199403,-3.885453819,2.505472177));
#654=CARTESIAN_POINT('',(-5.142059954,-3.895399602,2.605319986));
#655=CARTESIAN_POINT('',(-5.264355507,-3.905006462,2.675927356));
#656=CARTESIAN_POINT('',(-5.264384308,-3.905008725,2.675943985));
#657=CARTESIAN_POINT('',(-5.26441311,-3.905010987,2.675960611));
#658=CARTESIAN_POINT('',(-5.264441914,-3.90501325,2.675977236));
#659=CARTESIAN_POINT('',(-5.386746956,-3.914620486,2.746569749));
#660=CARTESIAN_POINT('',(-5.523152634,-3.924566268,2.783110213));
#661=CARTESIAN_POINT('',(-5.664367374,-3.934173129,2.783110213));
#662=CARTESIAN_POINT('',(-5.664400631,-3.934175392,2.783110213));
#663=CARTESIAN_POINT('',(-5.664433887,-3.934177654,2.78311021));
#664=CARTESIAN_POINT('',(-5.664467144,-3.934179917,2.783110206));
#665=CARTESIAN_POINT('',(-5.805682674,-3.943787152,2.783092596));
#666=CARTESIAN_POINT('',(-5.942083688,-3.953732934,2.746534726));
#667=CARTESIAN_POINT('',(-6.064379241,-3.963339795,2.675927356));
#668=CARTESIAN_POINT('',(-6.064408042,-3.963342058,2.675910727));
#669=CARTESIAN_POINT('',(-6.064436842,-3.96334432,2.675894097));
#670=CARTESIAN_POINT('',(-6.064465641,-3.963346583,2.675877465));
#671=CARTESIAN_POINT('',(-6.186753072,-3.972953819,2.605254449));
#672=CARTESIAN_POINT('',(-6.286600881,-3.982899601,2.505393898));
#673=CARTESIAN_POINT('',(-6.357208251,-3.992506462,2.383098346));
#674=CARTESIAN_POINT('',(-6.357224879,-3.992508725,2.383069545));
#675=CARTESIAN_POINT('',(-6.357241506,-3.992510987,2.383040743));
#676=CARTESIAN_POINT('',(-6.357258131,-3.99251325,2.38301194));
#677=CARTESIAN_POINT('',(-6.427850644,-4.002120486,2.260706898));
#678=CARTESIAN_POINT('',(-6.464391108,-4.012066268,2.124301219));
#679=CARTESIAN_POINT('',(-6.464391108,-4.021673129,1.983086478));
#680=CARTESIAN_POINT('',(-6.464391108,-4.021675391,1.983053222));
#681=CARTESIAN_POINT('',(-6.464391106,-4.021677654,1.983019965));
#682=CARTESIAN_POINT('',(-6.464391102,-4.021679916,1.982986708));
#683=CARTESIAN_POINT('',(-6.464373491,-4.031287152,1.841771179));
#684=CARTESIAN_POINT('',(-6.427815621,-4.041232935,1.705370164));
#685=CARTESIAN_POINT('',(-6.357208251,-4.050839796,1.583074612));
#686=CARTESIAN_POINT('',(-6.357191623,-4.050842058,1.58304581));
#687=CARTESIAN_POINT('',(-6.357174992,-4.050844321,1.58301701));
#688=CARTESIAN_POINT('',(-6.35715836,-4.050846583,1.582988211));
#689=CARTESIAN_POINT('',(-6.286535345,-4.060453819,1.46070078));
#690=CARTESIAN_POINT('',(-6.186674794,-4.070399601,1.360852971));
#691=CARTESIAN_POINT('',(-6.064379241,-4.080006462,1.290245601));
#692=CARTESIAN_POINT('',(-6.06435044,-4.080008725,1.290228973));
#693=CARTESIAN_POINT('',(-6.064321638,-4.080010987,1.290212346));
#694=CARTESIAN_POINT('',(-6.064292834,-4.08001325,1.290195721));
#695=CARTESIAN_POINT('',(-5.941987792,-4.089620486,1.219603208));
#696=CARTESIAN_POINT('',(-5.805582114,-4.099566268,1.183062744));
#697=CARTESIAN_POINT('',(-5.664367374,-4.109173129,1.183062744));
#698=CARTESIAN_POINT('',(-5.664334117,-4.109175391,1.183062744));
#699=CARTESIAN_POINT('',(-5.664300861,-4.109177654,1.183062746));
#700=CARTESIAN_POINT('',(-5.664267604,-4.109179916,1.183062751));
#701=CARTESIAN_POINT('',(-5.523052074,-4.118787153,1.183080361));
#702=CARTESIAN_POINT('',(-5.38665106,-4.128732935,1.219638231));
#703=CARTESIAN_POINT('',(-5.264355507,-4.138339796,1.290245601));
#704=CARTESIAN_POINT('',(-5.264326706,-4.138342058,1.29026223));
#705=CARTESIAN_POINT('',(-5.264297906,-4.138344321,1.29027886));
#706=CARTESIAN_POINT('',(-5.264269106,-4.138346583,1.290295492));
#707=CARTESIAN_POINT('',(-5.141981675,-4.147953819,1.360918508));
#708=CARTESIAN_POINT('',(-5.042133867,-4.157899601,1.460779059));
#709=CARTESIAN_POINT('',(-4.971526497,-4.167506462,1.583074611));
#710=CARTESIAN_POINT('',(-4.971509869,-4.167508725,1.583103412));
#711=CARTESIAN_POINT('',(-4.971493242,-4.167510987,1.583132215));
#712=CARTESIAN_POINT('',(-4.971476617,-4.16751325,1.583161018));
#713=CARTESIAN_POINT('',(-4.900884104,-4.177120485,1.70546606));
#714=CARTESIAN_POINT('',(-4.86434364,-4.187066268,1.841871739));
#715=CARTESIAN_POINT('',(-4.86434364,-4.196673129,1.983086479));
#716=CARTESIAN_POINT('',(-4.86434364,-4.196675391,1.983119735));
#717=CARTESIAN_POINT('',(-4.864343642,-4.196677654,1.983152992));
#718=CARTESIAN_POINT('',(-4.864343646,-4.196679916,1.983186249));
#719=CARTESIAN_POINT('',(-4.864361257,-4.206287152,2.124401779));
#720=CARTESIAN_POINT('',(-4.900919127,-4.216232934,2.260802793));
#721=CARTESIAN_POINT('',(-4.971526497,-4.225839795,2.383098346));
#722=CARTESIAN_POINT('',(-4.971543125,-4.225842058,2.383127147));
#723=CARTESIAN_POINT('',(-4.971559755,-4.22584432,2.383155947));
#724=CARTESIAN_POINT('',(-4.971576387,-4.225846583,2.383184746));
#725=CARTESIAN_POINT('',(-5.042199403,-4.235453819,2.505472177));
#726=CARTESIAN_POINT('',(-5.142059954,-4.245399602,2.605319986));
#727=CARTESIAN_POINT('',(-5.264355507,-4.255006463,2.675927357));
#728=CARTESIAN_POINT('',(-5.264384308,-4.255008725,2.675943985));
#729=CARTESIAN_POINT('',(-5.26441311,-4.255010987,2.675960612));
#730=CARTESIAN_POINT('',(-5.264441914,-4.25501325,2.675977236));
#731=CARTESIAN_POINT('',(-5.386746956,-4.264620486,2.74656975));
#732=CARTESIAN_POINT('',(-5.523152634,-4.274566268,2.783110213));
#733=CARTESIAN_POINT('',(-5.664367374,-4.284173129,2.783110213));
#734=CARTESIAN_POINT('',(-5.664400631,-4.284175391,2.783110213));
#735=CARTESIAN_POINT('',(-5.664433887,-4.284177653,2.783110211));
#736=CARTESIAN_POINT('',(-5.664467144,-4.284179916,2.783110207));
#737=CARTESIAN_POINT('',(-5.805682674,-4.293787152,2.783092596));
#738=CARTESIAN_POINT('',(-5.942083688,-4.303732934,2.746534726));
#739=CARTESIAN_POINT('',(-6.064379241,-4.313339795,2.675927356));
#740=CARTESIAN_POINT('',(-6.064408042,-4.313342058,2.675910728));
#741=CARTESIAN_POINT('',(-6.064436842,-4.31334432,2.675894097));
#742=CARTESIAN_POINT('',(-6.064465641,-4.313346583,2.675877465));
#743=CARTESIAN_POINT('',(-6.186753072,-4.322953819,2.605254449));
#744=CARTESIAN_POINT('',(-6.286600881,-4.332899601,2.505393898));
#745=CARTESIAN_POINT('',(-6.357208251,-4.342506463,2.383098346));
#746=CARTESIAN_POINT('',(-6.357224879,-4.342508725,2.383069544));
#747=CARTESIAN_POINT('',(-6.357241506,-4.342510987,2.383040742));
#748=CARTESIAN_POINT('',(-6.357258131,-4.34251325,2.383011939));
#749=CARTESIAN_POINT('',(-6.427850644,-4.352120486,2.260706898));
#750=CARTESIAN_POINT('',(-6.464391108,-4.362066268,2.124301219));
#751=CARTESIAN_POINT('',(-6.464391108,-4.371673129,1.983086479));
#752=CARTESIAN_POINT('',(-6.464391108,-4.371675391,1.983053222));
#753=CARTESIAN_POINT('',(-6.464391106,-4.371677654,1.983019965));
#754=CARTESIAN_POINT('',(-6.464391102,-4.371679916,1.982986708));
#755=CARTESIAN_POINT('',(-6.464373491,-4.381287152,1.841771179));
#756=CARTESIAN_POINT('',(-6.427815621,-4.391232935,1.705370165));
#757=CARTESIAN_POINT('',(-6.357208251,-4.400839796,1.583074612));
#758=CARTESIAN_POINT('',(-6.357191623,-4.400842058,1.583045811));
#759=CARTESIAN_POINT('',(-6.357174992,-4.400844321,1.583017011));
#760=CARTESIAN_POINT('',(-6.35715836,-4.400846583,1.582988211));
#761=CARTESIAN_POINT('',(-6.286535345,-4.410453819,1.46070078));
#762=CARTESIAN_POINT('',(-6.186674794,-4.420399602,1.360852971));
#763=CARTESIAN_POINT('',(-6.064379241,-4.430006462,1.290245601));
#764=CARTESIAN_POINT('',(-6.06435044,-4.430008725,1.290228973));
#765=CARTESIAN_POINT('',(-6.064321638,-4.430010987,1.290212346));
#766=CARTESIAN_POINT('',(-6.064292834,-4.43001325,1.290195722));
#767=CARTESIAN_POINT('',(-5.941987792,-4.439620486,1.219603208));
#768=CARTESIAN_POINT('',(-5.805582114,-4.449566268,1.183062745));
#769=CARTESIAN_POINT('',(-5.664367374,-4.459173129,1.183062745));
#770=CARTESIAN_POINT('',(-5.664334117,-4.459175391,1.183062745));
#771=CARTESIAN_POINT('',(-5.664300861,-4.459177654,1.183062747));
#772=CARTESIAN_POINT('',(-5.664267604,-4.459179916,1.183062751));
#773=CARTESIAN_POINT('',(-5.523052074,-4.468787153,1.183080362));
#774=CARTESIAN_POINT('',(-5.38665106,-4.478732935,1.219638231));
#775=CARTESIAN_POINT('',(-5.264355507,-4.488339796,1.290245602));
#776=CARTESIAN_POINT('',(-5.264326706,-4.488342058,1.29026223));
#777=CARTESIAN_POINT('',(-5.264297906,-4.488344321,1.29027886));
#778=CARTESIAN_POINT('',(-5.264269106,-4.488346583,1.290295492));
#779=CARTESIAN_POINT('',(-5.141981675,-4.497953819,1.360918508));
#780=CARTESIAN_POINT('',(-5.042133867,-4.507899601,1.460779059));
#781=CARTESIAN_POINT('',(-4.971526497,-4.517506462,1.583074612));
#782=CARTESIAN_POINT('',(-4.971509869,-4.517508725,1.583103413));
#783=CARTESIAN_POINT('',(-4.971493242,-4.517510987,1.583132215));
#784=CARTESIAN_POINT('',(-4.971476617,-4.51751325,1.583161018));
#785=CARTESIAN_POINT('',(-4.900884104,-4.527120486,1.70546606));
#786=CARTESIAN_POINT('',(-4.86434364,-4.537066268,1.841871738));
#787=CARTESIAN_POINT('',(-4.86434364,-4.546673129,1.983086479));
#788=CARTESIAN_POINT('',(-4.86434364,-4.546675391,1.983119735));
#789=CARTESIAN_POINT('',(-4.864343642,-4.546677654,1.983152992));
#790=CARTESIAN_POINT('',(-4.864343646,-4.546679916,1.983186249));
#791=CARTESIAN_POINT('',(-4.864361257,-4.556287152,2.124401779));
#792=CARTESIAN_POINT('',(-4.900919127,-4.566232934,2.260802794));
#793=CARTESIAN_POINT('',(-4.971526497,-4.575839795,2.383098346));
#794=CARTESIAN_POINT('',(-4.971543125,-4.575842058,2.383127147));
#795=CARTESIAN_POINT('',(-4.971559755,-4.57584432,2.383155947));
#796=CARTESIAN_POINT('',(-4.971576387,-4.575846583,2.383184746));
#797=CARTESIAN_POINT('',(-5.042199403,-4.585453819,2.505472177));
#798=CARTESIAN_POINT('',(-5.142059954,-4.595399601,2.605319986));
#799=CARTESIAN_POINT('',(-5.264355507,-4.605006463,2.675927356));
#800=CARTESIAN_POINT('',(-5.264384308,-4.605008725,2.675943984));
#801=CARTESIAN_POINT('',(-5.26441311,-4.605010988,2.675960611));
#802=CARTESIAN_POINT('',(-5.264441914,-4.60501325,2.675977236));
#803=CARTESIAN_POINT('',(-5.386746956,-4.614620486,2.746569749));
#804=CARTESIAN_POINT('',(-5.523152634,-4.624566268,2.783110213));
#805=CARTESIAN_POINT('',(-5.664367374,-4.634173129,2.783110213));
#806=CARTESIAN_POINT('',(-5.664400631,-4.634175391,2.783110213));
#807=CARTESIAN_POINT('',(-5.664433887,-4.634177654,2.783110211));
#808=CARTESIAN_POINT('',(-5.664467144,-4.634179916,2.783110207));
#809=CARTESIAN_POINT('',(-5.805682674,-4.643787152,2.783092596));
#810=CARTESIAN_POINT('',(-5.942083688,-4.653732935,2.746534726));
#811=CARTESIAN_POINT('',(-6.064379241,-4.663339795,2.675927356));
#812=CARTESIAN_POINT('',(-6.064408042,-4.663342058,2.675910728));
#813=CARTESIAN_POINT('',(-6.064436842,-4.66334432,2.675894098));
#814=CARTESIAN_POINT('',(-6.064465641,-4.663346583,2.675877466));
#815=CARTESIAN_POINT('',(-6.186753072,-4.672953819,2.605254449));
#816=CARTESIAN_POINT('',(-6.286600881,-4.682899601,2.505393899));
#817=CARTESIAN_POINT('',(-6.357208251,-4.692506463,2.383098346));
#818=CARTESIAN_POINT('',(-6.357224879,-4.692508725,2.383069545));
#819=CARTESIAN_POINT('',(-6.357241506,-4.692510988,2.383040742));
#820=CARTESIAN_POINT('',(-6.357258131,-4.69251325,2.383011939));
#821=CARTESIAN_POINT('',(-6.427850644,-4.702120486,2.260706897));
#822=CARTESIAN_POINT('',(-6.464391108,-4.712066268,2.124301219));
#823=CARTESIAN_POINT('',(-6.464391108,-4.721673129,1.983086479));
#824=CARTESIAN_POINT('',(-6.464391108,-4.721675391,1.983053222));
#825=CARTESIAN_POINT('',(-6.464391106,-4.721677654,1.983019966));
#826=CARTESIAN_POINT('',(-6.464391102,-4.721679916,1.982986709));
#827=CARTESIAN_POINT('',(-6.464373491,-4.731287152,1.841771179));
#828=CARTESIAN_POINT('',(-6.427815621,-4.741232935,1.705370165));
#829=CARTESIAN_POINT('',(-6.357208251,-4.750839796,1.583074612));
#830=CARTESIAN_POINT('',(-6.357191623,-4.750842058,1.583045811));
#831=CARTESIAN_POINT('',(-6.357174992,-4.750844321,1.583017011));
#832=CARTESIAN_POINT('',(-6.35715836,-4.750846583,1.582988212));
#833=CARTESIAN_POINT('',(-6.286535345,-4.760453819,1.460700781));
#834=CARTESIAN_POINT('',(-6.186674794,-4.770399602,1.360852972));
#835=CARTESIAN_POINT('',(-6.064379241,-4.780006462,1.290245602));
#836=CARTESIAN_POINT('',(-6.06435044,-4.780008725,1.290228973));
#837=CARTESIAN_POINT('',(-6.064321638,-4.780010987,1.290212347));
#838=CARTESIAN_POINT('',(-6.064292834,-4.78001325,1.290195722));
#839=CARTESIAN_POINT('',(-5.941987792,-4.789620486,1.219603208));
#840=CARTESIAN_POINT('',(-5.805582114,-4.799566268,1.183062745));
#841=CARTESIAN_POINT('',(-5.664367374,-4.809173129,1.183062745));
#842=CARTESIAN_POINT('',(-5.664334117,-4.809175391,1.183062745));
#843=CARTESIAN_POINT('',(-5.664300861,-4.809177654,1.183062747));
#844=CARTESIAN_POINT('',(-5.664267604,-4.809179916,1.183062751));
#845=CARTESIAN_POINT('',(-5.523052074,-4.818787153,1.183080362));
#846=CARTESIAN_POINT('',(-5.38665106,-4.828732935,1.219638231));
#847=CARTESIAN_POINT('',(-5.264355507,-4.838339796,1.290245602));
#848=CARTESIAN_POINT('',(-5.264326706,-4.838342058,1.29026223));
#849=CARTESIAN_POINT('',(-5.264297906,-4.838344321,1.29027886));
#850=CARTESIAN_POINT('',(-5.264269106,-4.838346583,1.290295492));
#851=CARTESIAN_POINT('',(-5.141981675,-4.847953819,1.360918509));
#852=CARTESIAN_POINT('',(-5.042133867,-4.857899601,1.460779059));
#853=CARTESIAN_POINT('',(-4.971526497,-4.867506462,1.583074612));
#854=CARTESIAN_POINT('',(-4.971509869,-4.867508725,1.583103413));
#855=CARTESIAN_POINT('',(-4.971493242,-4.867510987,1.583132215));
#856=CARTESIAN_POINT('',(-4.971476617,-4.86751325,1.583161018));
#857=CARTESIAN_POINT('',(-4.963920406,-4.868541607,1.59625253));
#858=CARTESIAN_POINT('',(-4.956729755,-4.869578498,1.609567438));
#859=CARTESIAN_POINT('',(-4.949912988,-4.870623131,1.623096334));
#860=CARTESIAN_POINT('',(-6.211143449,-3.100912667,1.680330926));
#861=CARTESIAN_POINT('',(-6.209335145,-3.10123925,1.677065132));
#862=CARTESIAN_POINT('',(-6.207498341,-3.101564967,1.673816908));
#863=CARTESIAN_POINT('',(-6.205633251,-3.101889795,1.670586479));
#864=CARTESIAN_POINT('',(-6.20562026,-3.101892058,1.670563979));
#865=CARTESIAN_POINT('',(-6.205607268,-3.10189432,1.670541479));
#866=CARTESIAN_POINT('',(-6.205594275,-3.101896583,1.67051898));
#867=CARTESIAN_POINT('',(-6.150421681,-3.111503819,1.574984759));
#868=CARTESIAN_POINT('',(-6.07240794,-3.121449602,1.496980973));
#869=CARTESIAN_POINT('',(-5.976867374,-3.131056463,1.441820601));
#870=CARTESIAN_POINT('',(-5.976844874,-3.131058725,1.441807611));
#871=CARTESIAN_POINT('',(-5.976822373,-3.131060988,1.441794622));
#872=CARTESIAN_POINT('',(-5.976799871,-3.13106325,1.441781634));
#873=CARTESIAN_POINT('',(-5.881251891,-3.140670486,1.386632869));
#874=CARTESIAN_POINT('',(-5.774688117,-3.150616268,1.358086479));
#875=CARTESIAN_POINT('',(-5.664367374,-3.160223129,1.358086479));
#876=CARTESIAN_POINT('',(-5.664341393,-3.160225392,1.358086479));
#877=CARTESIAN_POINT('',(-5.664315412,-3.160227654,1.35808648));
#878=CARTESIAN_POINT('',(-5.664289431,-3.160229917,1.358086484));
#879=CARTESIAN_POINT('',(-5.553968071,-3.169837152,1.358100242));
#880=CARTESIAN_POINT('',(-5.44740794,-3.179782934,1.38666023));
#881=CARTESIAN_POINT('',(-5.351867374,-3.189389795,1.441820602));
#882=CARTESIAN_POINT('',(-5.351844874,-3.189392058,1.441833592));
#883=CARTESIAN_POINT('',(-5.351822374,-3.18939432,1.441846584));
#884=CARTESIAN_POINT('',(-5.351799876,-3.189396583,1.441859577));
#885=CARTESIAN_POINT('',(-5.256265654,-3.199003819,1.497032172));
#886=CARTESIAN_POINT('',(-5.178261868,-3.208949601,1.575045912));
#887=CARTESIAN_POINT('',(-5.123101497,-3.218556463,1.670586478));
#888=CARTESIAN_POINT('',(-5.123088506,-3.218558725,1.670608979));
#889=CARTESIAN_POINT('',(-5.123075517,-3.218560988,1.67063148));
#890=CARTESIAN_POINT('',(-5.12306253,-3.21856325,1.670653982));
#891=CARTESIAN_POINT('',(-5.067913764,-3.228170486,1.766201961));
#892=CARTESIAN_POINT('',(-5.039367374,-3.238116268,1.872765736));
#893=CARTESIAN_POINT('',(-5.039367374,-3.247723129,1.983086478));
#894=CARTESIAN_POINT('',(-5.039367374,-3.247725391,1.983112459));
#895=CARTESIAN_POINT('',(-5.039367376,-3.247727654,1.98313844));
#896=CARTESIAN_POINT('',(-5.039367379,-3.247729916,1.983164422));
#897=CARTESIAN_POINT('',(-5.039381137,-3.257337153,2.093485781));
#898=CARTESIAN_POINT('',(-5.067941125,-3.267282935,2.200045912));
#899=CARTESIAN_POINT('',(-5.123101497,-3.276889796,2.295586478));
#900=CARTESIAN_POINT('',(-5.123114487,-3.276892058,2.295608979));
#901=CARTESIAN_POINT('',(-5.123127479,-3.276894321,2.295631478));
#902=CARTESIAN_POINT('',(-5.123140473,-3.276896583,2.295653977));
#903=CARTESIAN_POINT('',(-5.178313067,-3.286503819,2.391188198));
#904=CARTESIAN_POINT('',(-5.256326808,-3.296449601,2.469191984));
#905=CARTESIAN_POINT('',(-5.351867374,-3.306056462,2.524352356));
#906=CARTESIAN_POINT('',(-5.351889874,-3.306058724,2.524365347));
#907=CARTESIAN_POINT('',(-5.351912375,-3.306060987,2.524378336));
#908=CARTESIAN_POINT('',(-5.351934877,-3.306063249,2.524391324));
#909=CARTESIAN_POINT('',(-5.447482856,-3.315670485,2.579540089));
#910=CARTESIAN_POINT('',(-5.554046631,-3.325616268,2.608086479));
#911=CARTESIAN_POINT('',(-5.664367374,-3.335223129,2.608086479));
#912=CARTESIAN_POINT('',(-5.664393355,-3.335225392,2.608086479));
#913=CARTESIAN_POINT('',(-5.664419336,-3.335227654,2.608086477));
#914=CARTESIAN_POINT('',(-5.664445317,-3.335229917,2.608086474));
#915=CARTESIAN_POINT('',(-5.774766677,-3.344837152,2.608072716));
#916=CARTESIAN_POINT('',(-5.881326808,-3.354782935,2.579512728));
#917=CARTESIAN_POINT('',(-5.976867374,-3.364389796,2.524352357));
#918=CARTESIAN_POINT('',(-5.976889874,-3.364392058,2.524339366));
#919=CARTESIAN_POINT('',(-5.976912374,-3.364394321,2.524326374));
#920=CARTESIAN_POINT('',(-5.976934872,-3.364396583,2.524313381));
#921=CARTESIAN_POINT('',(-6.072469093,-3.374003819,2.469140786));
#922=CARTESIAN_POINT('',(-6.15047288,-3.383949601,2.391127045));
#923=CARTESIAN_POINT('',(-6.205633251,-3.393556462,2.295586479));
#924=CARTESIAN_POINT('',(-6.205646241,-3.393558724,2.295563979));
#925=CARTESIAN_POINT('',(-6.205659231,-3.393560987,2.295541478));
#926=CARTESIAN_POINT('',(-6.205672218,-3.393563249,2.295518976));
#927=CARTESIAN_POINT('',(-6.260820984,-3.403170486,2.199970996));
#928=CARTESIAN_POINT('',(-6.289367374,-3.413116268,2.093407222));
#929=CARTESIAN_POINT('',(-6.289367374,-3.422723129,1.983086479));
#930=CARTESIAN_POINT('',(-6.289367374,-3.422725391,1.983060498));
#931=CARTESIAN_POINT('',(-6.289367372,-3.422727654,1.983034517));
#932=CARTESIAN_POINT('',(-6.289367369,-3.422729916,1.983008535));
#933=CARTESIAN_POINT('',(-6.289353611,-3.432337152,1.872687176));
#934=CARTESIAN_POINT('',(-6.260793623,-3.442282935,1.766127045));
#935=CARTESIAN_POINT('',(-6.205633251,-3.451889796,1.670586479));
#936=CARTESIAN_POINT('',(-6.20562026,-3.451892058,1.670563979));
#937=CARTESIAN_POINT('',(-6.205607268,-3.45189432,1.670541479));
#938=CARTESIAN_POINT('',(-6.205594275,-3.451896583,1.670518981));
#939=CARTESIAN_POINT('',(-6.150421681,-3.461503819,1.574984759));
#940=CARTESIAN_POINT('',(-6.07240794,-3.471449602,1.496980973));
#941=CARTESIAN_POINT('',(-5.976867374,-3.481056463,1.441820602));
#942=CARTESIAN_POINT('',(-5.976844874,-3.481058725,1.441807611));
#943=CARTESIAN_POINT('',(-5.976822373,-3.481060988,1.441794622));
#944=CARTESIAN_POINT('',(-5.976799871,-3.48106325,1.441781634));
#945=CARTESIAN_POINT('',(-5.881251891,-3.490670486,1.386632869));
#946=CARTESIAN_POINT('',(-5.774688117,-3.500616268,1.358086479));
#947=CARTESIAN_POINT('',(-5.664367374,-3.510223129,1.358086479));
#948=CARTESIAN_POINT('',(-5.664341393,-3.510225392,1.358086479));
#949=CARTESIAN_POINT('',(-5.664315412,-3.510227654,1.358086481));
#950=CARTESIAN_POINT('',(-5.664289431,-3.510229917,1.358086484));
#951=CARTESIAN_POINT('',(-5.553968071,-3.519837152,1.358100242));
#952=CARTESIAN_POINT('',(-5.44740794,-3.529782934,1.38666023));
#953=CARTESIAN_POINT('',(-5.351867374,-3.539389796,1.441820601));
#954=CARTESIAN_POINT('',(-5.351844874,-3.539392058,1.441833591));
#955=CARTESIAN_POINT('',(-5.351822374,-3.53939432,1.441846583));
#956=CARTESIAN_POINT('',(-5.351799876,-3.539396583,1.441859577));
#957=CARTESIAN_POINT('',(-5.256265654,-3.549003819,1.497032172));
#958=CARTESIAN_POINT('',(-5.178261868,-3.558949601,1.575045913));
#959=CARTESIAN_POINT('',(-5.123101497,-3.568556462,1.670586479));
#960=CARTESIAN_POINT('',(-5.123088506,-3.568558724,1.670608979));
#961=CARTESIAN_POINT('',(-5.123075517,-3.568560987,1.67063148));
#962=CARTESIAN_POINT('',(-5.12306253,-3.568563249,1.670653982));
#963=CARTESIAN_POINT('',(-5.067913764,-3.578170486,1.766201961));
#964=CARTESIAN_POINT('',(-5.039367374,-3.588116268,1.872765736));
#965=CARTESIAN_POINT('',(-5.039367374,-3.597723129,1.983086479));
#966=CARTESIAN_POINT('',(-5.039367374,-3.597725391,1.98311246));
#967=CARTESIAN_POINT('',(-5.039367376,-3.597727654,1.983138441));
#968=CARTESIAN_POINT('',(-5.039367379,-3.597729916,1.983164422));
#969=CARTESIAN_POINT('',(-5.039381137,-3.607337152,2.093485781));
#970=CARTESIAN_POINT('',(-5.067941125,-3.617282934,2.200045913));
#971=CARTESIAN_POINT('',(-5.123101497,-3.626889796,2.295586479));
#972=CARTESIAN_POINT('',(-5.123114487,-3.626892058,2.295608979));
#973=CARTESIAN_POINT('',(-5.123127479,-3.626894321,2.295631478));
#974=CARTESIAN_POINT('',(-5.123140473,-3.626896583,2.295653977));
#975=CARTESIAN_POINT('',(-5.178313067,-3.636503819,2.391188198));
#976=CARTESIAN_POINT('',(-5.256326808,-3.646449601,2.469191985));
#977=CARTESIAN_POINT('',(-5.351867374,-3.656056462,2.524352356));
#978=CARTESIAN_POINT('',(-5.351889874,-3.656058724,2.524365347));
#979=CARTESIAN_POINT('',(-5.351912375,-3.656060987,2.524378336));
#980=CARTESIAN_POINT('',(-5.351934877,-3.65606325,2.524391324));
#981=CARTESIAN_POINT('',(-5.447482856,-3.665670485,2.579540088));
#982=CARTESIAN_POINT('',(-5.554046631,-3.675616268,2.608086479));
#983=CARTESIAN_POINT('',(-5.664367374,-3.685223128,2.608086479));
#984=CARTESIAN_POINT('',(-5.664393355,-3.685225391,2.608086479));
#985=CARTESIAN_POINT('',(-5.664419336,-3.685227653,2.608086478));
#986=CARTESIAN_POINT('',(-5.664445317,-3.685229916,2.608086474));
#987=CARTESIAN_POINT('',(-5.774766677,-3.694837152,2.608072716));
#988=CARTESIAN_POINT('',(-5.881326808,-3.704782935,2.579512728));
#989=CARTESIAN_POINT('',(-5.976867374,-3.714389796,2.524352356));
#990=CARTESIAN_POINT('',(-5.976889874,-3.714392058,2.524339365));
#991=CARTESIAN_POINT('',(-5.976912374,-3.714394321,2.524326373));
#992=CARTESIAN_POINT('',(-5.976934872,-3.714396583,2.52431338));
#993=CARTESIAN_POINT('',(-6.072469093,-3.724003819,2.469140786));
#994=CARTESIAN_POINT('',(-6.15047288,-3.733949601,2.391127045));
#995=CARTESIAN_POINT('',(-6.205633251,-3.743556462,2.295586478));
#996=CARTESIAN_POINT('',(-6.205646241,-3.743558725,2.295563978));
#997=CARTESIAN_POINT('',(-6.205659231,-3.743560987,2.295541477));
#998=CARTESIAN_POINT('',(-6.205672218,-3.74356325,2.295518975));
#999=CARTESIAN_POINT('',(-6.260820984,-3.753170486,2.199970996));
#1000=CARTESIAN_POINT('',(-6.289367374,-3.763116268,2.093407222));
#1001=CARTESIAN_POINT('',(-6.289367374,-3.772723129,1.983086479));
#1002=CARTESIAN_POINT('',(-6.289367374,-3.772725391,1.983060498));
#1003=CARTESIAN_POINT('',(-6.289367372,-3.772727654,1.983034517));
#1004=CARTESIAN_POINT('',(-6.289367369,-3.772729916,1.983008536));
#1005=CARTESIAN_POINT('',(-6.289353611,-3.782337152,1.872687176));
#1006=CARTESIAN_POINT('',(-6.260793623,-3.792282935,1.766127044));
#1007=CARTESIAN_POINT('',(-6.205633251,-3.801889796,1.670586478));
#1008=CARTESIAN_POINT('',(-6.20562026,-3.801892058,1.670563978));
#1009=CARTESIAN_POINT('',(-6.205607268,-3.801894321,1.670541479));
#1010=CARTESIAN_POINT('',(-6.205594275,-3.801896583,1.67051898));
#1011=CARTESIAN_POINT('',(-6.150421681,-3.811503819,1.574984759));
#1012=CARTESIAN_POINT('',(-6.07240794,-3.821449601,1.496980973));
#1013=CARTESIAN_POINT('',(-5.976867374,-3.831056462,1.441820602));
#1014=CARTESIAN_POINT('',(-5.976844874,-3.831058724,1.441807611));
#1015=CARTESIAN_POINT('',(-5.976822373,-3.831060987,1.441794622));
#1016=CARTESIAN_POINT('',(-5.976799871,-3.831063249,1.441781634));
#1017=CARTESIAN_POINT('',(-5.881251891,-3.840670485,1.386632869));
#1018=CARTESIAN_POINT('',(-5.774688117,-3.850616268,1.358086478));
#1019=CARTESIAN_POINT('',(-5.664367374,-3.860223129,1.358086478));
#1020=CARTESIAN_POINT('',(-5.664341393,-3.860225392,1.358086478));
#1021=CARTESIAN_POINT('',(-5.664315412,-3.860227654,1.35808648));
#1022=CARTESIAN_POINT('',(-5.664289431,-3.860229917,1.358086483));
#1023=CARTESIAN_POINT('',(-5.553968071,-3.869837152,1.358100241));
#1024=CARTESIAN_POINT('',(-5.44740794,-3.879782934,1.386660229));
#1025=CARTESIAN_POINT('',(-5.351867374,-3.889389796,1.441820601));
#1026=CARTESIAN_POINT('',(-5.351844874,-3.889392058,1.441833592));
#1027=CARTESIAN_POINT('',(-5.351822374,-3.889394321,1.441846584));
#1028=CARTESIAN_POINT('',(-5.351799876,-3.889396583,1.441859577));
#1029=CARTESIAN_POINT('',(-5.256265654,-3.899003819,1.497032172));
#1030=CARTESIAN_POINT('',(-5.178261868,-3.908949601,1.575045913));
#1031=CARTESIAN_POINT('',(-5.123101497,-3.918556462,1.670586479));
#1032=CARTESIAN_POINT('',(-5.123088506,-3.918558724,1.670608979));
#1033=CARTESIAN_POINT('',(-5.123075517,-3.918560987,1.67063148));
#1034=CARTESIAN_POINT('',(-5.12306253,-3.918563249,1.670653982));
#1035=CARTESIAN_POINT('',(-5.067913764,-3.928170486,1.766201961));
#1036=CARTESIAN_POINT('',(-5.039367374,-3.938116268,1.872765736));
#1037=CARTESIAN_POINT('',(-5.039367374,-3.947723129,1.983086479));
#1038=CARTESIAN_POINT('',(-5.039367374,-3.947725391,1.98311246));
#1039=CARTESIAN_POINT('',(-5.039367376,-3.947727654,1.983138441));
#1040=CARTESIAN_POINT('',(-5.039367379,-3.947729916,1.983164422));
#1041=CARTESIAN_POINT('',(-5.039381137,-3.957337152,2.093485782));
#1042=CARTESIAN_POINT('',(-5.067941125,-3.967282934,2.200045913));
#1043=CARTESIAN_POINT('',(-5.123101497,-3.976889796,2.295586479));
#1044=CARTESIAN_POINT('',(-5.123114487,-3.976892058,2.295608979));
#1045=CARTESIAN_POINT('',(-5.123127479,-3.976894321,2.295631479));
#1046=CARTESIAN_POINT('',(-5.123140473,-3.976896583,2.295653977));
#1047=CARTESIAN_POINT('',(-5.178313067,-3.986503819,2.391188198));
#1048=CARTESIAN_POINT('',(-5.256326808,-3.996449601,2.469191985));
#1049=CARTESIAN_POINT('',(-5.351867374,-4.006056462,2.524352357));
#1050=CARTESIAN_POINT('',(-5.351889874,-4.006058725,2.524365347));
#1051=CARTESIAN_POINT('',(-5.351912375,-4.006060987,2.524378336));
#1052=CARTESIAN_POINT('',(-5.351934877,-4.00606325,2.524391324));
#1053=CARTESIAN_POINT('',(-5.447482856,-4.015670485,2.579540089));
#1054=CARTESIAN_POINT('',(-5.554046631,-4.025616268,2.608086479));
#1055=CARTESIAN_POINT('',(-5.664367374,-4.035223128,2.608086478));
#1056=CARTESIAN_POINT('',(-5.664393355,-4.035225391,2.608086478));
#1057=CARTESIAN_POINT('',(-5.664419336,-4.035227653,2.608086477));
#1058=CARTESIAN_POINT('',(-5.664445317,-4.035229916,2.608086474));
#1059=CARTESIAN_POINT('',(-5.774766677,-4.044837152,2.608072716));
#1060=CARTESIAN_POINT('',(-5.881326808,-4.054782935,2.579512728));
#1061=CARTESIAN_POINT('',(-5.976867374,-4.064389796,2.524352356));
#1062=CARTESIAN_POINT('',(-5.976889874,-4.064392058,2.524339366));
#1063=CARTESIAN_POINT('',(-5.976912374,-4.064394321,2.524326374));
#1064=CARTESIAN_POINT('',(-5.976934872,-4.064396583,2.52431338));
#1065=CARTESIAN_POINT('',(-6.072469093,-4.074003819,2.469140786));
#1066=CARTESIAN_POINT('',(-6.15047288,-4.083949601,2.391127045));
#1067=CARTESIAN_POINT('',(-6.205633251,-4.093556462,2.295586479));
#1068=CARTESIAN_POINT('',(-6.205646241,-4.093558725,2.295563978));
#1069=CARTESIAN_POINT('',(-6.205659231,-4.093560987,2.295541477));
#1070=CARTESIAN_POINT('',(-6.205672218,-4.09356325,2.295518975));
#1071=CARTESIAN_POINT('',(-6.260820984,-4.103170486,2.199970997));
#1072=CARTESIAN_POINT('',(-6.289367374,-4.113116268,2.093407222));
#1073=CARTESIAN_POINT('',(-6.289367374,-4.122723129,1.983086479));
#1074=CARTESIAN_POINT('',(-6.289367374,-4.122725391,1.983060498));
#1075=CARTESIAN_POINT('',(-6.289367372,-4.122727654,1.983034517));
#1076=CARTESIAN_POINT('',(-6.289367369,-4.122729916,1.983008536));
#1077=CARTESIAN_POINT('',(-6.289353611,-4.132337152,1.872687176));
#1078=CARTESIAN_POINT('',(-6.260793623,-4.142282935,1.766127045));
#1079=CARTESIAN_POINT('',(-6.205633251,-4.151889796,1.670586478));
#1080=CARTESIAN_POINT('',(-6.20562026,-4.151892058,1.670563978));
#1081=CARTESIAN_POINT('',(-6.205607268,-4.151894321,1.670541479));
#1082=CARTESIAN_POINT('',(-6.205594275,-4.151896583,1.67051898));
#1083=CARTESIAN_POINT('',(-6.150421681,-4.161503819,1.574984759));
#1084=CARTESIAN_POINT('',(-6.07240794,-4.171449601,1.496980973));
#1085=CARTESIAN_POINT('',(-5.976867374,-4.181056462,1.441820601));
#1086=CARTESIAN_POINT('',(-5.976844874,-4.181058724,1.441807611));
#1087=CARTESIAN_POINT('',(-5.976822373,-4.181060987,1.441794621));
#1088=CARTESIAN_POINT('',(-5.976799871,-4.181063249,1.441781634));
#1089=CARTESIAN_POINT('',(-5.881251891,-4.190670485,1.386632869));
#1090=CARTESIAN_POINT('',(-5.774688117,-4.200616268,1.358086479));
#1091=CARTESIAN_POINT('',(-5.664367374,-4.210223129,1.358086479));
#1092=CARTESIAN_POINT('',(-5.664341393,-4.210225392,1.358086479));
#1093=CARTESIAN_POINT('',(-5.664315412,-4.210227654,1.35808648));
#1094=CARTESIAN_POINT('',(-5.664289431,-4.210229917,1.358086483));
#1095=CARTESIAN_POINT('',(-5.553968071,-4.219837152,1.358100241));
#1096=CARTESIAN_POINT('',(-5.44740794,-4.229782934,1.38666023));
#1097=CARTESIAN_POINT('',(-5.351867374,-4.239389796,1.441820601));
#1098=CARTESIAN_POINT('',(-5.351844874,-4.239392058,1.441833592));
#1099=CARTESIAN_POINT('',(-5.351822374,-4.239394321,1.441846584));
#1100=CARTESIAN_POINT('',(-5.351799876,-4.239396583,1.441859577));
#1101=CARTESIAN_POINT('',(-5.256265654,-4.249003819,1.497032172));
#1102=CARTESIAN_POINT('',(-5.178261868,-4.258949601,1.575045913));
#1103=CARTESIAN_POINT('',(-5.123101497,-4.268556462,1.670586479));
#1104=CARTESIAN_POINT('',(-5.123088506,-4.268558724,1.670608979));
#1105=CARTESIAN_POINT('',(-5.123075517,-4.268560987,1.67063148));
#1106=CARTESIAN_POINT('',(-5.12306253,-4.268563249,1.670653982));
#1107=CARTESIAN_POINT('',(-5.067913764,-4.278170486,1.766201961));
#1108=CARTESIAN_POINT('',(-5.039367374,-4.288116268,1.872765736));
#1109=CARTESIAN_POINT('',(-5.039367374,-4.297723129,1.983086479));
#1110=CARTESIAN_POINT('',(-5.039367374,-4.297725391,1.98311246));
#1111=CARTESIAN_POINT('',(-5.039367376,-4.297727654,1.983138441));
#1112=CARTESIAN_POINT('',(-5.039367379,-4.297729916,1.983164422));
#1113=CARTESIAN_POINT('',(-5.039381137,-4.307337152,2.093485782));
#1114=CARTESIAN_POINT('',(-5.067941125,-4.317282934,2.200045913));
#1115=CARTESIAN_POINT('',(-5.123101497,-4.326889796,2.295586479));
#1116=CARTESIAN_POINT('',(-5.123114487,-4.326892058,2.295608979));
#1117=CARTESIAN_POINT('',(-5.123127479,-4.326894321,2.295631479));
#1118=CARTESIAN_POINT('',(-5.123140473,-4.326896583,2.295653977));
#1119=CARTESIAN_POINT('',(-5.178313067,-4.336503819,2.391188199));
#1120=CARTESIAN_POINT('',(-5.256326808,-4.346449601,2.469191985));
#1121=CARTESIAN_POINT('',(-5.351867374,-4.356056462,2.524352356));
#1122=CARTESIAN_POINT('',(-5.351889874,-4.356058725,2.524365346));
#1123=CARTESIAN_POINT('',(-5.351912375,-4.356060987,2.524378336));
#1124=CARTESIAN_POINT('',(-5.351934877,-4.35606325,2.524391323));
#1125=CARTESIAN_POINT('',(-5.447482856,-4.365670486,2.579540089));
#1126=CARTESIAN_POINT('',(-5.554046631,-4.375616268,2.608086479));
#1127=CARTESIAN_POINT('',(-5.664367374,-4.385223129,2.608086479));
#1128=CARTESIAN_POINT('',(-5.664393355,-4.385225391,2.608086479));
#1129=CARTESIAN_POINT('',(-5.664419336,-4.385227653,2.608086477));
#1130=CARTESIAN_POINT('',(-5.664445317,-4.385229916,2.608086474));
#1131=CARTESIAN_POINT('',(-5.774766677,-4.394837152,2.608072716));
#1132=CARTESIAN_POINT('',(-5.881326808,-4.404782935,2.579512728));
#1133=CARTESIAN_POINT('',(-5.976867374,-4.414389796,2.524352356));
#1134=CARTESIAN_POINT('',(-5.976889874,-4.414392058,2.524339366));
#1135=CARTESIAN_POINT('',(-5.976912374,-4.414394321,2.524326374));
#1136=CARTESIAN_POINT('',(-5.976934872,-4.414396583,2.524313381));
#1137=CARTESIAN_POINT('',(-6.072469093,-4.424003819,2.469140786));
#1138=CARTESIAN_POINT('',(-6.15047288,-4.433949601,2.391127045));
#1139=CARTESIAN_POINT('',(-6.205633251,-4.443556462,2.295586479));
#1140=CARTESIAN_POINT('',(-6.205646241,-4.443558725,2.295563979));
#1141=CARTESIAN_POINT('',(-6.205659231,-4.443560987,2.295541478));
#1142=CARTESIAN_POINT('',(-6.205672218,-4.44356325,2.295518976));
#1143=CARTESIAN_POINT('',(-6.260820984,-4.453170486,2.199970996));
#1144=CARTESIAN_POINT('',(-6.289367374,-4.463116268,2.093407222));
#1145=CARTESIAN_POINT('',(-6.289367374,-4.472723129,1.983086479));
#1146=CARTESIAN_POINT('',(-6.289367374,-4.472725391,1.983060498));
#1147=CARTESIAN_POINT('',(-6.289367372,-4.472727654,1.983034517));
#1148=CARTESIAN_POINT('',(-6.289367369,-4.472729916,1.983008536));
#1149=CARTESIAN_POINT('',(-6.289353611,-4.482337153,1.872687176));
#1150=CARTESIAN_POINT('',(-6.260793623,-4.492282935,1.766127045));
#1151=CARTESIAN_POINT('',(-6.205633251,-4.501889796,1.670586479));
#1152=CARTESIAN_POINT('',(-6.20562026,-4.501892058,1.670563979));
#1153=CARTESIAN_POINT('',(-6.205607268,-4.501894321,1.670541479));
#1154=CARTESIAN_POINT('',(-6.205594275,-4.501896583,1.67051898));
#1155=CARTESIAN_POINT('',(-6.150421681,-4.511503819,1.574984759));
#1156=CARTESIAN_POINT('',(-6.07240794,-4.521449601,1.496980973));
#1157=CARTESIAN_POINT('',(-5.976867374,-4.531056462,1.441820601));
#1158=CARTESIAN_POINT('',(-5.976844874,-4.531058724,1.441807611));
#1159=CARTESIAN_POINT('',(-5.976822373,-4.531060987,1.441794622));
#1160=CARTESIAN_POINT('',(-5.976799871,-4.53106325,1.441781634));
#1161=CARTESIAN_POINT('',(-5.881251891,-4.540670485,1.386632869));
#1162=CARTESIAN_POINT('',(-5.774688117,-4.550616268,1.358086479));
#1163=CARTESIAN_POINT('',(-5.664367374,-4.560223129,1.358086479));
#1164=CARTESIAN_POINT('',(-5.664341393,-4.560225392,1.358086479));
#1165=CARTESIAN_POINT('',(-5.664315412,-4.560227654,1.35808648));
#1166=CARTESIAN_POINT('',(-5.664289431,-4.560229917,1.358086484));
#1167=CARTESIAN_POINT('',(-5.553968071,-4.569837152,1.358100242));
#1168=CARTESIAN_POINT('',(-5.44740794,-4.579782935,1.38666023));
#1169=CARTESIAN_POINT('',(-5.351867374,-4.589389796,1.441820602));
#1170=CARTESIAN_POINT('',(-5.351844874,-4.589392058,1.441833592));
#1171=CARTESIAN_POINT('',(-5.351822374,-4.589394321,1.441846584));
#1172=CARTESIAN_POINT('',(-5.351799876,-4.589396583,1.441859577));
#1173=CARTESIAN_POINT('',(-5.256265654,-4.599003819,1.497032172));
#1174=CARTESIAN_POINT('',(-5.178261868,-4.608949601,1.575045912));
#1175=CARTESIAN_POINT('',(-5.123101497,-4.618556462,1.670586478));
#1176=CARTESIAN_POINT('',(-5.123088506,-4.618558725,1.670608979));
#1177=CARTESIAN_POINT('',(-5.123075517,-4.618560987,1.67063148));
#1178=CARTESIAN_POINT('',(-5.12306253,-4.61856325,1.670653982));
#1179=CARTESIAN_POINT('',(-5.067913764,-4.628170486,1.766201961));
#1180=CARTESIAN_POINT('',(-5.039367374,-4.638116268,1.872765736));
#1181=CARTESIAN_POINT('',(-5.039367374,-4.647723129,1.983086478));
#1182=CARTESIAN_POINT('',(-5.039367374,-4.647725391,1.983112459));
#1183=CARTESIAN_POINT('',(-5.039367376,-4.647727654,1.98313844));
#1184=CARTESIAN_POINT('',(-5.039367379,-4.647729916,1.983164422));
#1185=CARTESIAN_POINT('',(-5.039381137,-4.657337152,2.093485782));
#1186=CARTESIAN_POINT('',(-5.067941125,-4.667282934,2.200045913));
#1187=CARTESIAN_POINT('',(-5.123101497,-4.676889796,2.295586479));
#1188=CARTESIAN_POINT('',(-5.123114487,-4.676892058,2.29560898));
#1189=CARTESIAN_POINT('',(-5.123127479,-4.676894321,2.295631479));
#1190=CARTESIAN_POINT('',(-5.123140473,-4.676896583,2.295653978));
#1191=CARTESIAN_POINT('',(-5.178313067,-4.686503819,2.391188198));
#1192=CARTESIAN_POINT('',(-5.256326808,-4.696449601,2.469191984));
#1193=CARTESIAN_POINT('',(-5.351867374,-4.706056462,2.524352356));
#1194=CARTESIAN_POINT('',(-5.351889874,-4.706058725,2.524365347));
#1195=CARTESIAN_POINT('',(-5.351912375,-4.706060987,2.524378336));
#1196=CARTESIAN_POINT('',(-5.351934877,-4.70606325,2.524391324));
#1197=CARTESIAN_POINT('',(-5.447482856,-4.715670486,2.579540089));
#1198=CARTESIAN_POINT('',(-5.554046631,-4.725616268,2.608086479));
#1199=CARTESIAN_POINT('',(-5.664367374,-4.735223129,2.608086479));
#1200=CARTESIAN_POINT('',(-5.664393355,-4.735225391,2.608086479));
#1201=CARTESIAN_POINT('',(-5.664419336,-4.735227654,2.608086477));
#1202=CARTESIAN_POINT('',(-5.664445317,-4.735229916,2.608086474));
#1203=CARTESIAN_POINT('',(-5.774766677,-4.744837152,2.608072716));
#1204=CARTESIAN_POINT('',(-5.881326808,-4.754782935,2.579512728));
#1205=CARTESIAN_POINT('',(-5.976867374,-4.764389796,2.524352357));
#1206=CARTESIAN_POINT('',(-5.976889874,-4.764392058,2.524339366));
#1207=CARTESIAN_POINT('',(-5.976912374,-4.764394321,2.524326374));
#1208=CARTESIAN_POINT('',(-5.976934872,-4.764396583,2.524313381));
#1209=CARTESIAN_POINT('',(-6.072469093,-4.774003819,2.469140786));
#1210=CARTESIAN_POINT('',(-6.15047288,-4.783949601,2.391127045));
#1211=CARTESIAN_POINT('',(-6.205633251,-4.793556462,2.295586479));
#1212=CARTESIAN_POINT('',(-6.205646241,-4.793558725,2.295563979));
#1213=CARTESIAN_POINT('',(-6.205659231,-4.793560987,2.295541478));
#1214=CARTESIAN_POINT('',(-6.205672218,-4.79356325,2.295518976));
#1215=CARTESIAN_POINT('',(-6.260820984,-4.803170485,2.199970996));
#1216=CARTESIAN_POINT('',(-6.289367374,-4.813116268,2.093407222));
#1217=CARTESIAN_POINT('',(-6.289367374,-4.822723129,1.983086479));
#1218=CARTESIAN_POINT('',(-6.289367374,-4.822725391,1.983060498));
#1219=CARTESIAN_POINT('',(-6.289367372,-4.822727654,1.983034516));
#1220=CARTESIAN_POINT('',(-6.289367369,-4.822729916,1.983008535));
#1221=CARTESIAN_POINT('',(-6.289353611,-4.832337153,1.872687176));
#1222=CARTESIAN_POINT('',(-6.260793623,-4.842282935,1.766127045));
#1223=CARTESIAN_POINT('',(-6.205633251,-4.851889796,1.670586479));
#1224=CARTESIAN_POINT('',(-6.20562026,-4.851892058,1.670563979));
#1225=CARTESIAN_POINT('',(-6.205607268,-4.851894321,1.670541479));
#1226=CARTESIAN_POINT('',(-6.205594275,-4.851896583,1.670518981));
#1227=CARTESIAN_POINT('',(-6.150421681,-4.861503819,1.574984759));
#1228=CARTESIAN_POINT('',(-6.07240794,-4.871449601,1.496980973));
#1229=CARTESIAN_POINT('',(-5.976867374,-4.881056462,1.441820602));
#1230=CARTESIAN_POINT('',(-5.976844874,-4.881058725,1.441807611));
#1231=CARTESIAN_POINT('',(-5.976822373,-4.881060987,1.441794622));
#1232=CARTESIAN_POINT('',(-5.976799871,-4.88106325,1.441781634));
#1233=CARTESIAN_POINT('',(-5.881251891,-4.890670485,1.386632869));
#1234=CARTESIAN_POINT('',(-5.774688117,-4.900616268,1.358086479));
#1235=CARTESIAN_POINT('',(-5.664367374,-4.910223129,1.358086479));
#1236=CARTESIAN_POINT('',(-5.664341393,-4.910225392,1.358086479));
#1237=CARTESIAN_POINT('',(-5.664315412,-4.910227654,1.358086481));
#1238=CARTESIAN_POINT('',(-5.664289431,-4.910229917,1.358086484));
#1239=CARTESIAN_POINT('',(-5.553968071,-4.919837152,1.358100242));
#1240=CARTESIAN_POINT('',(-5.44740794,-4.929782935,1.38666023));
#1241=CARTESIAN_POINT('',(-5.351867374,-4.939389796,1.441820602));
#1242=CARTESIAN_POINT('',(-5.351844874,-4.939392058,1.441833592));
#1243=CARTESIAN_POINT('',(-5.351822374,-4.939394321,1.441846584));
#1244=CARTESIAN_POINT('',(-5.351799876,-4.939396583,1.441859578));
#1245=CARTESIAN_POINT('',(-5.256265654,-4.949003819,1.497032172));
#1246=CARTESIAN_POINT('',(-5.178261868,-4.958949601,1.575045913));
#1247=CARTESIAN_POINT('',(-5.123101497,-4.968556462,1.670586479));
#1248=CARTESIAN_POINT('',(-5.123088506,-4.968558725,1.670608979));
#1249=CARTESIAN_POINT('',(-5.123075517,-4.968560987,1.67063148));
#1250=CARTESIAN_POINT('',(-5.12306253,-4.96856325,1.670653982));
#1251=CARTESIAN_POINT('',(-5.117159414,-4.969591607,1.680881422));
#1252=CARTESIAN_POINT('',(-5.111541884,-4.970628498,1.691283385));
#1253=CARTESIAN_POINT('',(-5.106216443,-4.971673131,1.701852522));
#1254=(BOUNDED_SURFACE()
B_SPLINE_SURFACE(1,3,((#466,#467,#468,#469,#470,#471,#472,#473,#474,#475,#476,#477,#478,#479,#480,#481,#482,#483,#484,#485,#486,#487,#488,#489,#490,#491,
#492,#493,#494,#495,#496,#497,#498,#499,#500,#501,#502,#503,#504,#505,#506,#507,#508,#509,#510,#511,#512,#513,#514,#515,#516,
#517,#518,#519,#520,#521,#522,#523,#524,#525,#526,#527,#528,#529,#530,#531,#532,#533,#534,#535,#536,#537,#538,#539,#540,#541,
#542,#543,#544,#545,#546,#547,#548,#549,#550,#551,#552,#553,#554,#555,#556,#557,#558,#559,#560,#561,#562,#563,#564,#565,#566,
#567,#568,#569,#570,#571,#572,#573,#574,#575,#576,#577,#578,#579,#580,#581,#582,#583,#584,#585,#586,#587,#588,#589,#590,#591,
#592,#593,#594,#595,#596,#597,#598,#599,#600,#601,#602,#603,#604,#605,#606,#607,#608,#609,#610,#611,#612,#613,#614,#615,#616,
#617,#618,#619,#620,#621,#622,#623,#624,#625,#626,#627,#628,#629,#630,#631,#632,#633,#634,#635,#636,#637,#638,#639,#640,#641,
#642,#643,#644,#645,#646,#647,#648,#649,#650,#651,#652,#653,#654,#655,#656,#657,#658,#659,#660,#661,#662,#663,#664,#665,#666,
#667,#668,#669,#670,#671,#672,#673,#674,#675,#676,#677,#678,#679,#680,#681,#682,#683,#684,#685,#686,#687,#688,#689,#690,#691,
#692,#693,#694,#695,#696,#697,#698,#699,#700,#701,#702,#703,#704,#705,#706,#707,#708,#709,#710,#711,#712,#713,#714,#715,#716,
#717,#718,#719,#720,#721,#722,#723,#724,#725,#726,#727,#728,#729,#730,#731,#732,#733,#734,#735,#736,#737,#738,#739,#740,#741,
#742,#743,#744,#745,#746,#747,#748,#749,#750,#751,#752,#753,#754,#755,#756,#757,#758,#759,#760,#761,#762,#763,#764,#765,#766,
#767,#768,#769,#770,#771,#772,#773,#774,#775,#776,#777,#778,#779,#780,#781,#782,#783,#784,#785,#786,#787,#788,#789,#790,#791,
#792,#793,#794,#795,#796,#797,#798,#799,#800,#801,#802,#803,#804,#805,#806,#807,#808,#809,#810,#811,#812,#813,#814,#815,#816,
#817,#818,#819,#820,#821,#822,#823,#824,#825,#826,#827,#828,#829,#830,#831,#832,#833,#834,#835,#836,#837,#838,#839,#840,#841,
#842,#843,#844,#845,#846,#847,#848,#849,#850,#851,#852,#853,#854,#855,#856,#857,#858,#859),(#860,#861,#862,#863,#864,#865,#866,#867,#868,#869,#870,#871,#872,#873,#874,#875,#876,#877,#878,#879,#880,#881,#882,#883,#884,#885,
#886,#887,#888,#889,#890,#891,#892,#893,#894,#895,#896,#897,#898,#899,#900,#901,#902,#903,#904,#905,#906,#907,#908,#909,#910,
#911,#912,#913,#914,#915,#916,#917,#918,#919,#920,#921,#922,#923,#924,#925,#926,#927,#928,#929,#930,#931,#932,#933,#934,#935,
#936,#937,#938,#939,#940,#941,#942,#943,#944,#945,#946,#947,#948,#949,#950,#951,#952,#953,#954,#955,#956,#957,#958,#959,#960,
#961,#962,#963,#964,#965,#966,#967,#968,#969,#970,#971,#972,#973,#974,#975,#976,#977,#978,#979,#980,#981,#982,#983,#984,#985,
#986,#987,#988,#989,#990,#991,#992,#993,#994,#995,#996,#997,#998,#999,#1000,#1001,#1002,#1003,#1004,#1005,#1006,#1007,#1008,#1009,#1010,
#1011,#1012,#1013,#1014,#1015,#1016,#1017,#1018,#1019,#1020,#1021,#1022,#1023,#1024,#1025,#1026,#1027,#1028,#1029,#1030,#1031,#1032,#1033,#1034,#1035,
#1036,#1037,#1038,#1039,#1040,#1041,#1042,#1043,#1044,#1045,#1046,#1047,#1048,#1049,#1050,#1051,#1052,#1053,#1054,#1055,#1056,#1057,#1058,#1059,#1060,
#1061,#1062,#1063,#1064,#1065,#1066,#1067,#1068,#1069,#1070,#1071,#1072,#1073,#1074,#1075,#1076,#1077,#1078,#1079,#1080,#1081,#1082,#1083,#1084,#1085,
#1086,#1087,#1088,#1089,#1090,#1091,#1092,#1093,#1094,#1095,#1096,#1097,#1098,#1099,#1100,#1101,#1102,#1103,#1104,#1105,#1106,#1107,#1108,#1109,#1110,
#1111,#1112,#1113,#1114,#1115,#1116,#1117,#1118,#1119,#1120,#1121,#1122,#1123,#1124,#1125,#1126,#1127,#1128,#1129,#1130,#1131,#1132,#1133,#1134,#1135,
#1136,#1137,#1138,#1139,#1140,#1141,#1142,#1143,#1144,#1145,#1146,#1147,#1148,#1149,#1150,#1151,#1152,#1153,#1154,#1155,#1156,#1157,#1158,#1159,#1160,
#1161,#1162,#1163,#1164,#1165,#1166,#1167,#1168,#1169,#1170,#1171,#1172,#1173,#1174,#1175,#1176,#1177,#1178,#1179,#1180,#1181,#1182,#1183,#1184,#1185,
#1186,#1187,#1188,#1189,#1190,#1191,#1192,#1193,#1194,#1195,#1196,#1197,#1198,#1199,#1200,#1201,#1202,#1203,#1204,#1205,#1206,#1207,#1208,#1209,#1210,
#1211,#1212,#1213,#1214,#1215,#1216,#1217,#1218,#1219,#1220,#1221,#1222,#1223,#1224,#1225,#1226,#1227,#1228,#1229,#1230,#1231,#1232,#1233,#1234,#1235,
#1236,#1237,#1238,#1239,#1240,#1241,#1242,#1243,#1244,#1245,#1246,#1247,#1248,#1249,#1250,#1251,#1252,#1253)),.UNSPECIFIED.,.F.,.F.,.U.)
B_SPLINE_SURFACE_WITH_KNOTS((2,2),(4,3,3,3,3,3,3,3,3,3,3,3,3,3,3,3,3,3,3,3,3,3,3,3,3,3,
3,3,3,3,3,3,3,3,3,3,3,3,3,3,3,3,3,3,3,3,3,3,3,3,3,
3,3,3,3,3,3,3,3,3,3,3,3,3,3,3,3,3,3,3,3,3,3,3,3,3,
3,3,3,3,3,3,3,3,3,3,3,3,3,3,3,3,3,3,3,3,3,3,3,3,3,
3,3,3,3,3,3,3,3,3,3,3,3,3,3,3,3,3,3,3,3,3,3,3,3,3,
3,3,3,3,3,4),(0.,0.999999999),(0.671136286,0.671296296,0.671297411,0.675925926,0.675927041,0.680555556,0.680556671,0.685185185,0.6851863,0.689814815,0.68981593,0.694444444,0.694445559,0.699074074,0.699075189,0.703703704,0.703704819,0.708333333,0.708334448,0.712962963,0.712964078,0.717592593,0.717593708,0.722222222,0.722223337,0.726851852,
0.726852967,0.731481481,0.731482596,0.736111111,0.736112226,0.740740741,0.740741856,0.74537037,0.745371485,0.75,0.750001115,0.75462963,0.754630745,0.759259259,0.759260374,0.763888889,0.763890004,0.768518519,0.768519634,0.773148148,0.773149263,0.777777778,0.777778893,0.782407407,0.782408522,
0.787037037,0.787038152,0.791666667,0.791667782,0.796296296,0.796297411,0.800925926,0.800927041,0.805555556,0.805556671,0.810185185,0.8101863,0.814814815,0.81481593,0.819444444,0.819445559,0.824074074,0.824075189,0.828703704,0.828704819,0.833333333,0.833334448,0.837962963,0.837964078,0.842592593,
0.842593708,0.847222222,0.847223337,0.851851852,0.851852967,0.856481481,0.856482596,0.861111111,0.861112226,0.865740741,0.865741856,0.87037037,0.870371485,0.875,0.875001115,0.87962963,0.879630745,0.884259259,0.884260374,0.888888889,0.888890004,0.893518519,0.893519634,0.898148148,0.898149263,
0.902777778,0.902778893,0.907407407,0.907408522,0.912037037,0.912038152,0.916666667,0.916667782,0.921296296,0.921297411,0.925925926,0.925927041,0.930555556,0.930556671,0.935185185,0.9351863,0.939814815,0.93981593,0.944444444,0.944445559,0.949074074,0.949075189,0.953703704,0.953704819,0.958333333,
0.958334448,0.962962963,0.962964078,0.967592593,0.967593708,0.968099394),.UNSPECIFIED.)
GEOMETRIC_REPRESENTATION_ITEM()
RATIONAL_B_SPLINE_SURFACE(((0.997726039,0.99845689,0.999214877,1.,0.999994527,0.999989056,0.999983586,0.977283885,0.977289357,1.,0.999994527,0.999989056,0.999983586,0.977283885,0.977289357,1.,0.999994527,0.999989056,0.999983586,0.977283885,0.977289357,1.,0.999994527,0.999989056,0.999983586,0.977283885,
0.977289357,1.,0.999994527,0.999989056,0.999983586,0.977283885,0.977289357,1.,0.999994527,0.999989056,0.999983586,0.977283885,0.977289357,1.,0.999994527,0.999989056,0.999983586,0.977283885,0.977289357,1.,0.999994527,0.999989056,0.999983586,0.977283885,0.977289357,
1.,0.999994527,0.999989056,0.999983586,0.977283885,0.977289357,1.,0.999994527,0.999989056,0.999983586,0.977283885,0.977289357,1.,0.999994527,0.999989056,0.999983586,0.977283885,0.977289357,1.,0.999994527,0.999989056,0.999983586,0.977283885,0.977289357,1.,
0.999994527,0.999989056,0.999983586,0.977283885,0.977289357,1.,0.999994527,0.999989056,0.999983586,0.977283885,0.977289357,1.,0.999994527,0.999989056,0.999983586,0.977283885,0.977289357,1.,0.999994527,0.999989056,0.999983586,0.977283885,0.977289357,1.,0.999994527,
0.999989056,0.999983586,0.977283885,0.977289357,1.,0.999994527,0.999989056,0.999983586,0.977283885,0.977289357,1.,0.999994527,0.999989056,0.999983586,0.977283885,0.977289357,1.,0.999994527,0.999989056,0.999983586,0.977283885,0.977289357,1.,0.999994527,0.999989056,
0.999983586,0.977283885,0.977289357,1.,0.999994527,0.999989056,0.999983586,0.977283885,0.977289357,1.,0.999994527,0.999989056,0.999983586,0.977283885,0.977289357,1.,0.999994527,0.999989056,0.999983586,0.977283885,0.977289357,1.,0.999994527,0.999989056,0.999983586,
0.977283885,0.977289357,1.,0.999994527,0.999989056,0.999983586,0.977283885,0.977289357,1.,0.999994527,0.999989056,0.999983586,0.977283885,0.977289357,1.,0.999994527,0.999989056,0.999983586,0.977283885,0.977289357,1.,0.999994527,0.999989056,0.999983586,0.977283885,
0.977289357,1.,0.999994527,0.999989056,0.999983586,0.977283885,0.977289357,1.,0.999994527,0.999989056,0.999983586,0.977283885,0.977289357,1.,0.999994527,0.999989056,0.999983586,0.977283885,0.977289357,1.,0.999994527,0.999989056,0.999983586,0.977283885,0.977289357,
1.,0.999994527,0.999989056,0.999983586,0.977283885,0.977289357,1.,0.999994527,0.999989056,0.999983586,0.977283885,0.977289357,1.,0.999994527,0.999989056,0.999983586,0.977283885,0.977289357,1.,0.999994527,0.999989056,0.999983586,0.977283885,0.977289357,1.,
0.999994527,0.999989056,0.999983586,0.977283885,0.977289357,1.,0.999994527,0.999989056,0.999983586,0.977283885,0.977289357,1.,0.999994527,0.999989056,0.999983586,0.977283885,0.977289357,1.,0.999994527,0.999989056,0.999983586,0.977283885,0.977289357,1.,0.999994527,
0.999989056,0.999983586,0.977283885,0.977289357,1.,0.999994527,0.999989056,0.999983586,0.977283885,0.977289357,1.,0.999994527,0.999989056,0.999983586,0.977283885,0.977289357,1.,0.999994527,0.999989056,0.999983586,0.977283885,0.977289357,1.,0.999994527,0.999989056,
0.999983586,0.977283885,0.977289357,1.,0.999994527,0.999989056,0.999983586,0.977283885,0.977289357,1.,0.999994527,0.999989056,0.999983586,0.977283885,0.977289357,1.,0.999994527,0.999989056,0.999983586,0.977283885,0.977289357,1.,0.999994527,0.999989056,0.999983586,
0.977283885,0.977289357,1.,0.999994527,0.999989056,0.999983586,0.977283885,0.977289357,1.,0.999994527,0.999989056,0.999983586,0.977283885,0.977289357,1.,0.999994527,0.999989056,0.999983586,0.977283885,0.977289357,1.,0.999994527,0.999989056,0.999983586,0.977283885,
0.977289357,1.,0.999994527,0.999989056,0.999983586,0.977283885,0.977289357,1.,0.999994527,0.999989056,0.999983586,0.977283885,0.977289357,1.,0.999994527,0.999989056,0.999983586,0.977283885,0.977289357,1.,0.999994527,0.999989056,0.999983586,0.977283885,0.977289357,
1.,0.999994527,0.999989056,0.999983586,0.977283885,0.977289357,1.,0.999994527,0.999989056,0.999983586,0.977283885,0.977289357,1.,0.999994527,0.999989056,0.999983586,0.977283885,0.977289357,1.,0.999994527,0.999989056,0.999983586,0.977283885,0.977289357,1.,
0.999994527,0.999989056,0.999983586,0.977283885,0.977289357,1.,0.999994527,0.999989056,0.999983586,0.977283885,0.977289357,1.,0.999994527,0.999989056,0.999983586,0.997503543,0.99529452,0.993356519),(0.997726039,0.99845689,0.999214877,1.,0.999994527,0.999989056,0.999983586,0.977283885,0.977289357,1.,0.999994527,0.999989056,0.999983586,0.977283885,0.977289357,1.,0.999994527,0.999989056,0.999983586,0.977283885,0.977289357,1.,0.999994527,0.999989056,0.999983586,0.977283885,
0.977289357,1.,0.999994527,0.999989056,0.999983586,0.977283885,0.977289357,1.,0.999994527,0.999989056,0.999983586,0.977283885,0.977289357,1.,0.999994527,0.999989056,0.999983586,0.977283885,0.977289357,1.,0.999994527,0.999989056,0.999983586,0.977283885,0.977289357,
1.,0.999994527,0.999989056,0.999983586,0.977283885,0.977289357,1.,0.999994527,0.999989056,0.999983586,0.977283885,0.977289357,1.,0.999994527,0.999989056,0.999983586,0.977283885,0.977289357,1.,0.999994527,0.999989056,0.999983586,0.977283885,0.977289357,1.,
0.999994527,0.999989056,0.999983586,0.977283885,0.977289357,1.,0.999994527,0.999989056,0.999983586,0.977283885,0.977289357,1.,0.999994527,0.999989056,0.999983586,0.977283885,0.977289357,1.,0.999994527,0.999989056,0.999983586,0.977283885,0.977289357,1.,0.999994527,
0.999989056,0.999983586,0.977283885,0.977289357,1.,0.999994527,0.999989056,0.999983586,0.977283885,0.977289357,1.,0.999994527,0.999989056,0.999983586,0.977283885,0.977289357,1.,0.999994527,0.999989056,0.999983586,0.977283885,0.977289357,1.,0.999994527,0.999989056,
0.999983586,0.977283885,0.977289357,1.,0.999994527,0.999989056,0.999983586,0.977283885,0.977289357,1.,0.999994527,0.999989056,0.999983586,0.977283885,0.977289357,1.,0.999994527,0.999989056,0.999983586,0.977283885,0.977289357,1.,0.999994527,0.999989056,0.999983586,
0.977283885,0.977289357,1.,0.999994527,0.999989056,0.999983586,0.977283885,0.977289357,1.,0.999994527,0.999989056,0.999983586,0.977283885,0.977289357,1.,0.999994527,0.999989056,0.999983586,0.977283885,0.977289357,1.,0.999994527,0.999989056,0.999983586,0.977283885,
0.977289357,1.,0.999994527,0.999989056,0.999983586,0.977283885,0.977289357,1.,0.999994527,0.999989056,0.999983586,0.977283885,0.977289357,1.,0.999994527,0.999989056,0.999983586,0.977283885,0.977289357,1.,0.999994527,0.999989056,0.999983586,0.977283885,0.977289357,
1.,0.999994527,0.999989056,0.999983586,0.977283885,0.977289357,1.,0.999994527,0.999989056,0.999983586,0.977283885,0.977289357,1.,0.999994527,0.999989056,0.999983586,0.977283885,0.977289357,1.,0.999994527,0.999989056,0.999983586,0.977283885,0.977289357,1.,
0.999994527,0.999989056,0.999983586,0.977283885,0.977289357,1.,0.999994527,0.999989056,0.999983586,0.977283885,0.977289357,1.,0.999994527,0.999989056,0.999983586,0.977283885,0.977289357,1.,0.999994527,0.999989056,0.999983586,0.977283885,0.977289357,1.,0.999994527,
0.999989056,0.999983586,0.977283885,0.977289357,1.,0.999994527,0.999989056,0.999983586,0.977283885,0.977289357,1.,0.999994527,0.999989056,0.999983586,0.977283885,0.977289357,1.,0.999994527,0.999989056,0.999983586,0.977283885,0.977289357,1.,0.999994527,0.999989056,
0.999983586,0.977283885,0.977289357,1.,0.999994527,0.999989056,0.999983586,0.977283885,0.977289357,1.,0.999994527,0.999989056,0.999983586,0.977283885,0.977289357,1.,0.999994527,0.999989056,0.999983586,0.977283885,0.977289357,1.,0.999994527,0.999989056,0.999983586,
0.977283885,0.977289357,1.,0.999994527,0.999989056,0.999983586,0.977283885,0.977289357,1.,0.999994527,0.999989056,0.999983586,0.977283885,0.977289357,1.,0.999994527,0.999989056,0.999983586,0.977283885,0.977289357,1.,0.999994527,0.999989056,0.999983586,0.977283885,
0.977289357,1.,0.999994527,0.999989056,0.999983586,0.977283885,0.977289357,1.,0.999994527,0.999989056,0.999983586,0.977283885,0.977289357,1.,0.999994527,0.999989056,0.999983586,0.977283885,0.977289357,1.,0.999994527,0.999989056,0.999983586,0.977283885,0.977289357,
1.,0.999994527,0.999989056,0.999983586,0.977283885,0.977289357,1.,0.999994527,0.999989056,0.999983586,0.977283885,0.977289357,1.,0.999994527,0.999989056,0.999983586,0.977283885,0.977289357,1.,0.999994527,0.999989056,0.999983586,0.977283885,0.977289357,1.,
0.999994527,0.999989056,0.999983586,0.977283885,0.977289357,1.,0.999994527,0.999989056,0.999983586,0.977283885,0.977289357,1.,0.999994527,0.999989056,0.999983586,0.997503543,0.99529452,0.993356519)))
REPRESENTATION_ITEM('')
SURFACE()
);
#1255=CARTESIAN_POINT('',(-5.664367374,-4.735223129,2.608086478));
#1256=VERTEX_POINT('',#1255);
#1257=CARTESIAN_POINT('',(-5.664367374,-4.735223129,2.608086478));
#1258=CARTESIAN_POINT('',(-5.726915893,-4.740669928,2.608086478));
#1259=CARTESIAN_POINT('',(-5.790720206,-4.746450328,2.59847698));
#1260=CARTESIAN_POINT('',(-5.851409486,-4.75217933,2.579442285));
#1261=CARTESIAN_POINT('',(-5.912098767,-4.757908333,2.560407589));
#1262=CARTESIAN_POINT('',(-5.968929369,-4.763364681,2.532497022));
#1263=CARTESIAN_POINT('',(-6.02078516,-4.768965158,2.496497972));
#1264=CARTESIAN_POINT('',(-6.07264095,-4.774565635,2.460498922));
#1265=CARTESIAN_POINT('',(-6.119612405,-4.780398183,2.415976681));
#1266=CARTESIAN_POINT('',(-6.158429954,-4.786066601,2.365875149));
#1267=CARTESIAN_POINT('',(-6.197247504,-4.791735019,2.315773617));
#1268=CARTESIAN_POINT('',(-6.227910124,-4.797113198,2.260711349));
#1269=CARTESIAN_POINT('',(-6.250068379,-4.802811418,2.201213351));
#1270=CARTESIAN_POINT('',(-6.272226634,-4.808509638,2.141715353));
#1271=CARTESIAN_POINT('',(-6.285259509,-4.814329883,2.078368784));
#1272=CARTESIAN_POINT('',(-6.288525312,-4.819879174,2.015518996));
#1273=CARTESIAN_POINT('',(-6.291791115,-4.825428464,1.952669207));
#1274=CARTESIAN_POINT('',(-6.285560237,-4.830977818,1.889313849));
#1275=CARTESIAN_POINT('',(-6.269738562,-4.836713991,1.827681445));
#1276=CARTESIAN_POINT('',(-6.238095214,-4.848186336,1.704416637));
#1277=CARTESIAN_POINT('',(-6.168806472,-4.859195858,1.592804473));
#1278=CARTESIAN_POINT('',(-6.07255978,-4.870622997,1.509795912));
#1279=B_SPLINE_CURVE_WITH_KNOTS('',3,(#1257,#1258,#1259,#1260,#1261,#1262,#1263,#1264,#1265,#1266,#1267,#1268,#1269,#1270,#1271,#1272,#1273,#1274,#1275,#1276,#1277,#1278),.UNSPECIFIED.,.F.,.F.,(4,3,3,3,3,3,3,4),(0.930555556,0.933240766,0.935925976,0.938611186,0.941296395,0.943981605,0.946666815,0.952037235),.UNSPECIFIED.);
#1280=EDGE_CURVE('',#1256,#407,#1279,.T.);
#1281=ORIENTED_EDGE('',*,*,#1280,.F.);
#1282=CARTESIAN_POINT('',(-5.664367374,-4.385223129,2.608086478));
#1283=VERTEX_POINT('',#1282);
#1284=CARTESIAN_POINT('',(-5.664367374,-4.385223129,2.608086478));
#1285=CARTESIAN_POINT('',(-5.745248319,-4.392266337,2.608086478));
#1286=CARTESIAN_POINT('',(-5.828194688,-4.399869652,2.591771724));
#1287=CARTESIAN_POINT('',(-5.903868252,-4.407191837,2.560376985));
#1288=CARTESIAN_POINT('',(-5.979541816,-4.414514023,2.528982245));
#1289=CARTESIAN_POINT('',(-6.04812637,-4.421555079,2.483210959));
#1290=CARTESIAN_POINT('',(-6.106309112,-4.428973129,2.425028217));
#1291=CARTESIAN_POINT('',(-6.164491854,-4.436391179,2.366845475));
#1292=CARTESIAN_POINT('',(-6.210263141,-4.443432236,2.298260921));
#1293=CARTESIAN_POINT('',(-6.24165788,-4.450754421,2.222587357));
#1294=CARTESIAN_POINT('',(-6.27305262,-4.458076606,2.146913793));
#1295=CARTESIAN_POINT('',(-6.289367374,-4.465679921,2.063967425));
#1296=CARTESIAN_POINT('',(-6.289367374,-4.472723129,1.983086479));
#1297=CARTESIAN_POINT('',(-6.289367374,-4.479766337,1.902205534));
#1298=CARTESIAN_POINT('',(-6.27305262,-4.487369652,1.819259165));
#1299=CARTESIAN_POINT('',(-6.241657881,-4.494691837,1.7435856));
#1300=CARTESIAN_POINT('',(-6.210263141,-4.502014022,1.667912036));
#1301=CARTESIAN_POINT('',(-6.164491855,-4.509055079,1.599327482));
#1302=CARTESIAN_POINT('',(-6.106309113,-4.516473129,1.54114474));
#1303=CARTESIAN_POINT('',(-6.048126371,-4.523891178,1.482961998));
#1304=CARTESIAN_POINT('',(-5.979541817,-4.530932235,1.437190711));
#1305=CARTESIAN_POINT('',(-5.903868253,-4.53825442,1.405795971));
#1306=CARTESIAN_POINT('',(-5.828194688,-4.545576606,1.374401232));
#1307=CARTESIAN_POINT('',(-5.74524832,-4.55317992,1.358086478));
#1308=CARTESIAN_POINT('',(-5.664367374,-4.560223129,1.358086478));
#1309=CARTESIAN_POINT('',(-5.583486428,-4.567266338,1.358086478));
#1310=CARTESIAN_POINT('',(-5.500540024,-4.574869655,1.374401239));
#1311=CARTESIAN_POINT('',(-5.424866446,-4.582191842,1.405795992));
#1312=CARTESIAN_POINT('',(-5.349192869,-4.589514029,1.437190744));
#1313=CARTESIAN_POINT('',(-5.280608336,-4.596555084,1.482962033));
#1314=CARTESIAN_POINT('',(-5.22242561,-4.603973132,1.541144765));
#1315=CARTESIAN_POINT('',(-5.164242884,-4.61139118,1.599327498));
#1316=CARTESIAN_POINT('',(-5.118471607,-4.618432235,1.667912036));
#1317=CARTESIAN_POINT('',(-5.087076867,-4.625754421,1.7435856));
#1318=CARTESIAN_POINT('',(-5.055682128,-4.633076606,1.819259164));
#1319=CARTESIAN_POINT('',(-5.039367374,-4.64067992,1.902205533));
#1320=CARTESIAN_POINT('',(-5.039367374,-4.647723129,1.983086478));
#1321=CARTESIAN_POINT('',(-5.039367374,-4.654766337,2.063967424));
#1322=CARTESIAN_POINT('',(-5.055682135,-4.662369655,2.146913829));
#1323=CARTESIAN_POINT('',(-5.087076888,-4.669691842,2.222587406));
#1324=CARTESIAN_POINT('',(-5.11847164,-4.677014029,2.298260984));
#1325=CARTESIAN_POINT('',(-5.164242928,-4.684055084,2.366845516));
#1326=CARTESIAN_POINT('',(-5.222425661,-4.691473132,2.425028242));
#1327=CARTESIAN_POINT('',(-5.280608394,-4.69889118,2.483210968));
#1328=CARTESIAN_POINT('',(-5.349192932,-4.705932236,2.528982245));
#1329=CARTESIAN_POINT('',(-5.424866496,-4.713254421,2.560376985));
#1330=CARTESIAN_POINT('',(-5.50054006,-4.720576606,2.591771724));
#1331=CARTESIAN_POINT('',(-5.583486428,-4.72817992,2.608086478));
#1332=CARTESIAN_POINT('',(-5.664367374,-4.735223129,2.608086478));
#1333=B_SPLINE_CURVE_WITH_KNOTS('',3,(#1284,#1285,#1286,#1287,#1288,#1289,#1290,#1291,#1292,#1293,#1294,#1295,#1296,#1297,#1298,#1299,#1300,#1301,#1302,#1303,#1304,#1305,#1306,#1307,#1308,#1309,
#1310,#1311,#1312,#1313,#1314,#1315,#1316,#1317,#1318,#1319,#1320,#1321,#1322,#1323,#1324,#1325,#1326,#1327,#1328,#1329,#1330,#1331,#1332),.UNSPECIFIED.,.F.,.F.,(4,3,3,3,3,3,3,3,3,3,3,3,3,3,3,3,4),(0.875,0.878472222,0.881944444,0.885416667,0.888888889,0.892361111,0.895833333,0.899305556,0.902777778,0.90625,0.909722222,0.913194445,0.916666667,0.920138889,0.923611111,0.927083334,0.930555556),.UNSPECIFIED.);
#1334=EDGE_CURVE('',#1283,#1256,#1333,.T.);
#1335=ORIENTED_EDGE('',*,*,#1334,.F.);
#1336=CARTESIAN_POINT('',(-5.664367374,-4.035223129,2.608086478));
#1337=VERTEX_POINT('',#1336);
#1338=CARTESIAN_POINT('',(-5.664367374,-4.035223129,2.608086478));
#1339=CARTESIAN_POINT('',(-5.745248319,-4.042266338,2.608086478));
#1340=CARTESIAN_POINT('',(-5.828194688,-4.049869652,2.591771724));
#1341=CARTESIAN_POINT('',(-5.903868252,-4.057191837,2.560376985));
#1342=CARTESIAN_POINT('',(-5.979541816,-4.064514022,2.528982245));
#1343=CARTESIAN_POINT('',(-6.048126354,-4.071555078,2.483210968));
#1344=CARTESIAN_POINT('',(-6.106309087,-4.078973126,2.425028242));
#1345=CARTESIAN_POINT('',(-6.164491819,-4.086391174,2.366845516));
#1346=CARTESIAN_POINT('',(-6.210263107,-4.093432229,2.298260984));
#1347=CARTESIAN_POINT('',(-6.24165786,-4.100754416,2.222587406));
#1348=CARTESIAN_POINT('',(-6.273052613,-4.108076603,2.146913829));
#1349=CARTESIAN_POINT('',(-6.289367374,-4.11567992,2.063967425));
#1350=CARTESIAN_POINT('',(-6.289367374,-4.122723129,1.983086479));
#1351=CARTESIAN_POINT('',(-6.289367374,-4.129766338,1.902205533));
#1352=CARTESIAN_POINT('',(-6.27305262,-4.137369652,1.819259164));
#1353=CARTESIAN_POINT('',(-6.241657881,-4.144691837,1.7435856));
#1354=CARTESIAN_POINT('',(-6.210263141,-4.152014022,1.667912036));
#1355=CARTESIAN_POINT('',(-6.164491864,-4.159055078,1.599327498));
#1356=CARTESIAN_POINT('',(-6.106309138,-4.166473126,1.541144765));
#1357=CARTESIAN_POINT('',(-6.048126412,-4.173891174,1.482962033));
#1358=CARTESIAN_POINT('',(-5.979541879,-4.180932229,1.437190744));
#1359=CARTESIAN_POINT('',(-5.903868302,-4.188254416,1.405795992));
#1360=CARTESIAN_POINT('',(-5.828194724,-4.195576602,1.374401239));
#1361=CARTESIAN_POINT('',(-5.74524832,-4.203179921,1.358086478));
#1362=CARTESIAN_POINT('',(-5.664367374,-4.210223129,1.358086478));
#1363=CARTESIAN_POINT('',(-5.583486428,-4.217266338,1.358086478));
#1364=CARTESIAN_POINT('',(-5.50054006,-4.224869652,1.374401232));
#1365=CARTESIAN_POINT('',(-5.424866495,-4.232191837,1.405795971));
#1366=CARTESIAN_POINT('',(-5.349192931,-4.239514022,1.437190711));
#1367=CARTESIAN_POINT('',(-5.280608377,-4.246555079,1.482961998));
#1368=CARTESIAN_POINT('',(-5.222425635,-4.253973129,1.54114474));
#1369=CARTESIAN_POINT('',(-5.164242893,-4.261391179,1.599327483));
#1370=CARTESIAN_POINT('',(-5.118471606,-4.268432235,1.667912036));
#1371=CARTESIAN_POINT('',(-5.087076867,-4.275754421,1.7435856));
#1372=CARTESIAN_POINT('',(-5.055682127,-4.283076606,1.819259164));
#1373=CARTESIAN_POINT('',(-5.039367374,-4.29067992,1.902205533));
#1374=CARTESIAN_POINT('',(-5.039367374,-4.297723129,1.983086479));
#1375=CARTESIAN_POINT('',(-5.039367374,-4.304766337,2.063967425));
#1376=CARTESIAN_POINT('',(-5.055682128,-4.312369652,2.146913793));
#1377=CARTESIAN_POINT('',(-5.087076868,-4.319691837,2.222587358));
#1378=CARTESIAN_POINT('',(-5.118471607,-4.327014022,2.298260922));
#1379=CARTESIAN_POINT('',(-5.164242894,-4.334055079,2.366845475));
#1380=CARTESIAN_POINT('',(-5.222425636,-4.341473129,2.425028217));
#1381=CARTESIAN_POINT('',(-5.280608378,-4.348891178,2.483210959));
#1382=CARTESIAN_POINT('',(-5.349192931,-4.355932235,2.528982245));
#1383=CARTESIAN_POINT('',(-5.424866496,-4.363254421,2.560376985));
#1384=CARTESIAN_POINT('',(-5.50054006,-4.370576606,2.591771724));
#1385=CARTESIAN_POINT('',(-5.583486428,-4.37817992,2.608086478));
#1386=CARTESIAN_POINT('',(-5.664367374,-4.385223129,2.608086478));
#1387=B_SPLINE_CURVE_WITH_KNOTS('',3,(#1338,#1339,#1340,#1341,#1342,#1343,#1344,#1345,#1346,#1347,#1348,#1349,#1350,#1351,#1352,#1353,#1354,#1355,#1356,#1357,#1358,#1359,#1360,#1361,#1362,#1363,
#1364,#1365,#1366,#1367,#1368,#1369,#1370,#1371,#1372,#1373,#1374,#1375,#1376,#1377,#1378,#1379,#1380,#1381,#1382,#1383,#1384,#1385,#1386),.UNSPECIFIED.,.F.,.F.,(4,3,3,3,3,3,3,3,3,3,3,3,3,3,3,3,4),(0.819444444,0.822916666,0.826388889,0.829861111,0.833333333,0.836805555,0.840277778,0.84375,0.847222222,0.850694444,0.854166667,0.857638889,0.861111111,0.864583333,0.868055556,0.871527778,0.875),.UNSPECIFIED.);
#1388=EDGE_CURVE('',#1337,#1283,#1387,.T.);
#1389=ORIENTED_EDGE('',*,*,#1388,.F.);
#1390=CARTESIAN_POINT('',(-5.664367374,-3.685223129,2.608086478));
#1391=VERTEX_POINT('',#1390);
#1392=CARTESIAN_POINT('',(-5.664367374,-3.685223129,2.608086478));
#1393=CARTESIAN_POINT('',(-5.745248318,-3.692266338,2.608086478));
#1394=CARTESIAN_POINT('',(-5.828194685,-3.699869652,2.591771725));
#1395=CARTESIAN_POINT('',(-5.903868248,-3.707191837,2.560376987));
#1396=CARTESIAN_POINT('',(-5.979541811,-3.714514022,2.528982248));
#1397=CARTESIAN_POINT('',(-6.048126364,-3.721555079,2.483210963));
#1398=CARTESIAN_POINT('',(-6.106309106,-3.728973128,2.425028223));
#1399=CARTESIAN_POINT('',(-6.164491847,-3.736391178,2.366845483));
#1400=CARTESIAN_POINT('',(-6.210263135,-3.743432234,2.298260931));
#1401=CARTESIAN_POINT('',(-6.241657875,-3.750754419,2.222587369));
#1402=CARTESIAN_POINT('',(-6.273052616,-3.758076605,2.146913808));
#1403=CARTESIAN_POINT('',(-6.289367372,-3.765679919,2.063967441));
#1404=CARTESIAN_POINT('',(-6.289367374,-3.772723127,1.983086496));
#1405=CARTESIAN_POINT('',(-6.289367376,-3.779766336,1.902205552));
#1406=CARTESIAN_POINT('',(-6.273052618,-3.787369654,1.819259149));
#1407=CARTESIAN_POINT('',(-6.241657869,-3.79469184,1.743585572));
#1408=CARTESIAN_POINT('',(-6.21026312,-3.802014026,1.667911994));
#1409=CARTESIAN_POINT('',(-6.164491836,-3.809055082,1.599327462));
#1410=CARTESIAN_POINT('',(-6.106309106,-3.81647313,1.541144734));
#1411=CARTESIAN_POINT('',(-6.048126377,-3.823891178,1.482962006));
#1412=CARTESIAN_POINT('',(-5.979541842,-3.830932234,1.437190726));
#1413=CARTESIAN_POINT('',(-5.903868281,-3.838254419,1.405795983));
#1414=CARTESIAN_POINT('',(-5.82819472,-3.845576603,1.374401241));
#1415=CARTESIAN_POINT('',(-5.745248354,-3.853179918,1.358086483));
#1416=CARTESIAN_POINT('',(-5.664367409,-3.860223126,1.358086478));
#1417=CARTESIAN_POINT('',(-5.583486464,-3.867266335,1.358086474));
#1418=CARTESIAN_POINT('',(-5.500540061,-3.874869652,1.374401229));
#1419=CARTESIAN_POINT('',(-5.424866483,-3.882191838,1.405795977));
#1420=CARTESIAN_POINT('',(-5.349192904,-3.889514025,1.437190724));
#1421=CARTESIAN_POINT('',(-5.280608371,-3.89655508,1.482962006));
#1422=CARTESIAN_POINT('',(-5.222425642,-3.903973128,1.541144734));
#1423=CARTESIAN_POINT('',(-5.164242912,-3.911391176,1.599327462));
#1424=CARTESIAN_POINT('',(-5.11847163,-3.918432231,1.667911995));
#1425=CARTESIAN_POINT('',(-5.087076886,-3.925754416,1.743585555));
#1426=CARTESIAN_POINT('',(-5.055682141,-3.933076601,1.819259115));
#1427=CARTESIAN_POINT('',(-5.039367381,-3.940679916,1.902205481));
#1428=CARTESIAN_POINT('',(-5.039367374,-3.947723124,1.983086427));
#1429=CARTESIAN_POINT('',(-5.039367367,-3.954766333,2.063967372));
#1430=CARTESIAN_POINT('',(-5.05568212,-3.962369651,2.146913774));
#1431=CARTESIAN_POINT('',(-5.087076866,-3.969691837,2.222587353));
#1432=CARTESIAN_POINT('',(-5.118471611,-3.977014024,2.298260933));
#1433=CARTESIAN_POINT('',(-5.164242891,-3.984055079,2.366845467));
#1434=CARTESIAN_POINT('',(-5.222425617,-3.991473126,2.425028198));
#1435=CARTESIAN_POINT('',(-5.280608343,-3.998891174,2.483210928));
#1436=CARTESIAN_POINT('',(-5.349192874,-4.00593223,2.528982215));
#1437=CARTESIAN_POINT('',(-5.424866451,-4.013254416,2.560376966));
#1438=CARTESIAN_POINT('',(-5.500540027,-4.020576603,2.591771718));
#1439=CARTESIAN_POINT('',(-5.583486412,-4.028179919,2.608086478));
#1440=CARTESIAN_POINT('',(-5.664367374,-4.035223129,2.608086478));
#1441=B_SPLINE_CURVE_WITH_KNOTS('',3,(#1392,#1393,#1394,#1395,#1396,#1397,#1398,#1399,#1400,#1401,#1402,#1403,#1404,#1405,#1406,#1407,#1408,#1409,#1410,#1411,#1412,#1413,#1414,#1415,#1416,#1417,
#1418,#1419,#1420,#1421,#1422,#1423,#1424,#1425,#1426,#1427,#1428,#1429,#1430,#1431,#1432,#1433,#1434,#1435,#1436,#1437,#1438,#1439,#1440),.UNSPECIFIED.,.F.,.F.,(4,3,3,3,3,3,3,3,3,3,3,3,3,3,3,3,4),(0.763888889,0.767361111,0.770833333,0.774305556,0.777777778,0.78125,0.784722222,0.788194444,0.791666667,0.795138889,0.798611111,0.802083333,0.805555555,0.809027777,0.8125,0.815972222,0.819444444),.UNSPECIFIED.);
#1442=EDGE_CURVE('',#1391,#1337,#1441,.T.);
#1443=ORIENTED_EDGE('',*,*,#1442,.F.);
#1444=CARTESIAN_POINT('',(-5.664367374,-3.335223129,2.608086478));
#1445=VERTEX_POINT('',#1444);
#1446=CARTESIAN_POINT('',(-5.664367374,-3.335223129,2.608086478));
#1447=CARTESIAN_POINT('',(-5.745248319,-3.342266338,2.608086478));
#1448=CARTESIAN_POINT('',(-5.828194688,-3.349869652,2.591771724));
#1449=CARTESIAN_POINT('',(-5.903868252,-3.357191837,2.560376985));
#1450=CARTESIAN_POINT('',(-5.979541816,-3.364514022,2.528982246));
#1451=CARTESIAN_POINT('',(-6.048126354,-3.371555078,2.483210968));
#1452=CARTESIAN_POINT('',(-6.106309087,-3.378973126,2.425028242));
#1453=CARTESIAN_POINT('',(-6.164491819,-3.386391174,2.366845516));
#1454=CARTESIAN_POINT('',(-6.210263107,-3.393432229,2.298260984));
#1455=CARTESIAN_POINT('',(-6.24165786,-3.400754416,2.222587406));
#1456=CARTESIAN_POINT('',(-6.273052613,-3.408076603,2.146913829));
#1457=CARTESIAN_POINT('',(-6.289367374,-3.41567992,2.063967424));
#1458=CARTESIAN_POINT('',(-6.289367374,-3.422723129,1.983086479));
#1459=CARTESIAN_POINT('',(-6.289367374,-3.429766338,1.902205533));
#1460=CARTESIAN_POINT('',(-6.27305262,-3.437369652,1.819259164));
#1461=CARTESIAN_POINT('',(-6.241657881,-3.444691837,1.7435856));
#1462=CARTESIAN_POINT('',(-6.210263141,-3.452014022,1.667912036));
#1463=CARTESIAN_POINT('',(-6.164491854,-3.45905508,1.599327482));
#1464=CARTESIAN_POINT('',(-6.106309112,-3.466473129,1.54114474));
#1465=CARTESIAN_POINT('',(-6.048126371,-3.473891179,1.482961998));
#1466=CARTESIAN_POINT('',(-5.979541817,-3.480932236,1.437190711));
#1467=CARTESIAN_POINT('',(-5.903868253,-3.488254421,1.405795971));
#1468=CARTESIAN_POINT('',(-5.828194688,-3.495576606,1.374401232));
#1469=CARTESIAN_POINT('',(-5.74524832,-3.503179921,1.358086478));
#1470=CARTESIAN_POINT('',(-5.664367374,-3.510223129,1.358086478));
#1471=CARTESIAN_POINT('',(-5.583486428,-3.517266338,1.358086478));
#1472=CARTESIAN_POINT('',(-5.500540059,-3.524869652,1.374401232));
#1473=CARTESIAN_POINT('',(-5.424866495,-3.532191837,1.405795971));
#1474=CARTESIAN_POINT('',(-5.349192931,-3.539514022,1.437190711));
#1475=CARTESIAN_POINT('',(-5.280608377,-3.546555079,1.482961998));
#1476=CARTESIAN_POINT('',(-5.222425635,-3.553973129,1.54114474));
#1477=CARTESIAN_POINT('',(-5.164242893,-3.561391179,1.599327482));
#1478=CARTESIAN_POINT('',(-5.118471606,-3.568432236,1.667912036));
#1479=CARTESIAN_POINT('',(-5.087076867,-3.575754421,1.7435856));
#1480=CARTESIAN_POINT('',(-5.055682127,-3.583076606,1.819259164));
#1481=CARTESIAN_POINT('',(-5.039367374,-3.59067992,1.902205533));
#1482=CARTESIAN_POINT('',(-5.039367374,-3.597723129,1.983086479));
#1483=CARTESIAN_POINT('',(-5.039367374,-3.604766337,2.063967424));
#1484=CARTESIAN_POINT('',(-5.055682128,-3.612369652,2.146913793));
#1485=CARTESIAN_POINT('',(-5.087076867,-3.619691837,2.222587357));
#1486=CARTESIAN_POINT('',(-5.118471607,-3.627014022,2.298260921));
#1487=CARTESIAN_POINT('',(-5.164242894,-3.634055079,2.366845475));
#1488=CARTESIAN_POINT('',(-5.222425636,-3.641473129,2.425028217));
#1489=CARTESIAN_POINT('',(-5.280608378,-3.648891178,2.483210959));
#1490=CARTESIAN_POINT('',(-5.349192932,-3.655932235,2.528982246));
#1491=CARTESIAN_POINT('',(-5.424866496,-3.663254421,2.560376985));
#1492=CARTESIAN_POINT('',(-5.50054006,-3.670576606,2.591771724));
#1493=CARTESIAN_POINT('',(-5.583486428,-3.678179921,2.608086478));
#1494=CARTESIAN_POINT('',(-5.664367374,-3.685223129,2.608086478));
#1495=B_SPLINE_CURVE_WITH_KNOTS('',3,(#1446,#1447,#1448,#1449,#1450,#1451,#1452,#1453,#1454,#1455,#1456,#1457,#1458,#1459,#1460,#1461,#1462,#1463,#1464,#1465,#1466,#1467,#1468,#1469,#1470,#1471,
#1472,#1473,#1474,#1475,#1476,#1477,#1478,#1479,#1480,#1481,#1482,#1483,#1484,#1485,#1486,#1487,#1488,#1489,#1490,#1491,#1492,#1493,#1494),.UNSPECIFIED.,.F.,.F.,(4,3,3,3,3,3,3,3,3,3,3,3,3,3,3,3,4),(0.708333333,0.711805555,0.715277778,0.71875,0.722222222,0.725694444,0.729166667,0.732638889,0.736111111,0.739583333,0.743055556,0.746527778,0.75,0.753472222,0.756944444,0.760416667,0.763888889),.UNSPECIFIED.);
#1496=EDGE_CURVE('',#1445,#1391,#1495,.T.);
#1497=ORIENTED_EDGE('',*,*,#1496,.F.);
#1498=CARTESIAN_POINT('',(-6.211143653,-3.100912632,1.680331305));
#1499=VERTEX_POINT('',#1498);
#1500=CARTESIAN_POINT('',(-6.211143721,-3.100912618,1.680331418));
#1501=CARTESIAN_POINT('',(-6.158561534,-3.110409072,1.585367865));
#1502=CARTESIAN_POINT('',(-6.078434209,-3.120712627,1.502512608));
#1503=CARTESIAN_POINT('',(-5.985311017,-3.130201773,1.446784159));
#1504=CARTESIAN_POINT('',(-5.892187825,-3.13969092,1.391055709));
#1505=CARTESIAN_POINT('',(-5.781245884,-3.150009729,1.35959996));
#1506=CARTESIAN_POINT('',(-5.67276132,-3.159490852,1.358142847));
#1507=CARTESIAN_POINT('',(-5.564276756,-3.168971975,1.356685734));
#1508=CARTESIAN_POINT('',(-5.452477354,-3.1793068,1.385180109));
#1509=CARTESIAN_POINT('',(-5.357943909,-3.188779833,1.438357499));
#1510=CARTESIAN_POINT('',(-5.263410464,-3.198252865,1.49153489));
#1511=CARTESIAN_POINT('',(-5.180975316,-3.208603836,1.572337355));
#1512=CARTESIAN_POINT('',(-5.125920407,-3.218068704,1.66575406));
#1513=CARTESIAN_POINT('',(-5.070865497,-3.227533572,1.759170766));
#1514=CARTESIAN_POINT('',(-5.040109087,-3.237900837,1.870491695));
#1515=CARTESIAN_POINT('',(-5.039381454,-3.247357473,1.978891257));
#1516=CARTESIAN_POINT('',(-5.038653821,-3.25681411,2.087290818));
#1517=CARTESIAN_POINT('',(-5.06794383,-3.267197799,2.199068319));
#1518=CARTESIAN_POINT('',(-5.121708694,-3.276646131,2.293161561));
#1519=CARTESIAN_POINT('',(-5.175473557,-3.286094464,2.387254803));
#1520=CARTESIAN_POINT('',(-5.256954433,-3.296494721,2.469272705));
#1521=CARTESIAN_POINT('',(-5.350657405,-3.305934681,2.523651974));
#1522=CARTESIAN_POINT('',(-5.444360378,-3.315374641,2.578031243));
#1523=CARTESIAN_POINT('',(-5.556060155,-3.325791608,2.608086478));
#1524=CARTESIAN_POINT('',(-5.664367374,-3.335223129,2.608086478));
#1525=B_SPLINE_CURVE_WITH_KNOTS('',3,(#1500,#1501,#1502,#1503,#1504,#1505,#1506,#1507,#1508,#1509,#1510,#1511,#1512,#1513,#1514,#1515,#1516,#1517,#1518,#1519,#1520,#1521,#1522,#1523,#1524),.UNSPECIFIED.,.F.,.F.,(4,3,3,3,3,3,3,3,4),(0.671136275,0.675785907,0.680435539,0.685085172,0.689734804,0.694384436,0.699034069,0.703683701,0.708333333),.UNSPECIFIED.);
#1526=EDGE_CURVE('',#1499,#1445,#1525,.T.);
#1527=ORIENTED_EDGE('',*,*,#1526,.F.);
#1528=CARTESIAN_POINT('',(-5.11920986,-3.100912693,1.397559998));
#1529=VERTEX_POINT('',#1528);
#1530=CARTESIAN_POINT('',(-6.211143586,-3.100912645,1.680331192));
#1531=CARTESIAN_POINT('',(-6.19205041,-3.100912645,1.628873969));
#1532=CARTESIAN_POINT('',(-6.166759996,-3.100912645,1.580949042));
#1533=CARTESIAN_POINT('',(-6.135622694,-3.100912645,1.536356719));
#1534=CARTESIAN_POINT('',(-6.104485393,-3.100912645,1.491764395));
#1535=CARTESIAN_POINT('',(-6.067418624,-3.100912645,1.450903927));
#1536=CARTESIAN_POINT('',(-6.026320056,-3.100912645,1.415686475));
#1537=CARTESIAN_POINT('',(-5.985221487,-3.100912645,1.380469023));
#1538=CARTESIAN_POINT('',(-5.939146589,-3.100912645,1.349891198));
#1539=CARTESIAN_POINT('',(-5.890796315,-3.100912645,1.325296512));
#1540=CARTESIAN_POINT('',(-5.842446041,-3.100912645,1.300701826));
#1541=CARTESIAN_POINT('',(-5.791500343,-3.100912645,1.28184307));
#1542=CARTESIAN_POINT('',(-5.738269423,-3.100912645,1.26901018));
#1543=CARTESIAN_POINT('',(-5.685038502,-3.100912645,1.256177289));
#1544=CARTESIAN_POINT('',(-5.631279459,-3.100912645,1.249845609));
#1545=CARTESIAN_POINT('',(-5.577056924,-3.100912645,1.249219531));
#1546=CARTESIAN_POINT('',(-5.522834389,-3.100912645,1.248593454));
#1547=CARTESIAN_POINT('',(-5.467889733,-3.100912645,1.253998376));
#1548=CARTESIAN_POINT('',(-5.414968869,-3.100912645,1.265109545));
#1549=CARTESIAN_POINT('',(-5.30912714,-3.100912645,1.287331883));
#1550=CARTESIAN_POINT('',(-5.207835774,-3.100912645,1.333158508));
#1551=CARTESIAN_POINT('',(-5.119209274,-3.100912645,1.397560323));
#1552=B_SPLINE_CURVE_WITH_KNOTS('',3,(#1530,#1531,#1532,#1533,#1534,#1535,#1536,#1537,#1538,#1539,#1540,#1541,#1542,#1543,#1544,#1545,#1546,#1547,#1548,#1549,#1550,#1551),.UNSPECIFIED.,.F.,.F.,(4,3,3,3,3,3,3,4),(0.,0.00016248,0.00032496,0.00048744,0.00064992,0.0008124,0.00097488,0.00129984),.UNSPECIFIED.);
#1553=EDGE_CURVE('',#1499,#1529,#1552,.T.);
#1554=ORIENTED_EDGE('',*,*,#1553,.T.);
#1555=CARTESIAN_POINT('',(-5.119209369,-3.10091274,1.397560455));
#1556=CARTESIAN_POINT('',(-5.070304056,-3.105615849,1.443094494));
#1557=CARTESIAN_POINT('',(-5.028040853,-3.110241248,1.493705617));
#1558=CARTESIAN_POINT('',(-4.992203002,-3.114791136,1.549228171));
#1559=CARTESIAN_POINT('',(-4.95636515,-3.119341024,1.604750725));
#1560=CARTESIAN_POINT('',(-4.927139881,-3.123921671,1.665480734));
#1561=CARTESIAN_POINT('',(-4.9061282,-3.128552251,1.727917259));
#1562=CARTESIAN_POINT('',(-4.88511652,-3.133182832,1.790353784));
#1563=CARTESIAN_POINT('',(-4.871710487,-3.137905962,1.856188652));
#1564=CARTESIAN_POINT('',(-4.86666331,-3.142489259,1.922207808));
#1565=CARTESIAN_POINT('',(-4.861616133,-3.147072556,1.988226963));
#1566=CARTESIAN_POINT('',(-4.864719046,-3.151508153,2.054057651));
#1567=CARTESIAN_POINT('',(-4.876088985,-3.156179054,2.11967036));
#1568=CARTESIAN_POINT('',(-4.887458924,-3.160849955,2.185283069));
#1569=CARTESIAN_POINT('',(-4.906886151,-3.16552648,2.248819503));
#1570=CARTESIAN_POINT('',(-4.933772989,-3.170115918,2.309077));
#1571=CARTESIAN_POINT('',(-4.960659827,-3.174705355,2.369334497));
#1572=CARTESIAN_POINT('',(-4.995603887,-3.179229644,2.427088101));
#1573=CARTESIAN_POINT('',(-5.03644455,-3.183839858,2.478819171));
#1574=CARTESIAN_POINT('',(-5.077285212,-3.188450072,2.530550241));
#1575=CARTESIAN_POINT('',(-5.124879394,-3.193161279,2.577555701));
#1576=CARTESIAN_POINT('',(-5.177545601,-3.197795476,2.617942791));
#1577=CARTESIAN_POINT('',(-5.230211809,-3.202429673,2.65832988));
#1578=CARTESIAN_POINT('',(-5.287046501,-3.20683699,2.691663927));
#1579=CARTESIAN_POINT('',(-5.348032344,-3.211464353,2.717913075));
#1580=CARTESIAN_POINT('',(-5.470004031,-3.220719078,2.770411371));
#1581=CARTESIAN_POINT('',(-5.605180822,-3.229989075,2.791755098));
#1582=CARTESIAN_POINT('',(-5.736589065,-3.239145927,2.779843658));
#1583=CARTESIAN_POINT('',(-5.867997307,-3.24830278,2.767932218));
#1584=CARTESIAN_POINT('',(-5.996639917,-3.25763182,2.722802496));
#1585=CARTESIAN_POINT('',(-6.106984464,-3.266776936,2.649515835));
#1586=CARTESIAN_POINT('',(-6.217329011,-3.275922051,2.576229174));
#1587=CARTESIAN_POINT('',(-6.309284408,-3.285408336,2.474595122));
#1588=CARTESIAN_POINT('',(-6.371183887,-3.294478805,2.357850928));
#1589=CARTESIAN_POINT('',(-6.433083365,-3.303549273,2.241106733));
#1590=CARTESIAN_POINT('',(-6.465460108,-3.313111341,2.108652859));
#1591=CARTESIAN_POINT('',(-6.464363591,-3.322125036,1.976451095));
#1592=CARTESIAN_POINT('',(-6.463267074,-3.331138731,1.844249331));
#1593=CARTESIAN_POINT('',(-6.4284956,-3.340792741,1.711658529));
#1594=CARTESIAN_POINT('',(-6.364408748,-3.349841885,1.595813902));
#1595=CARTESIAN_POINT('',(-6.300321896,-3.358891028,1.479969274));
#1596=CARTESIAN_POINT('',(-6.206999518,-3.368404864,1.380581984));
#1597=CARTESIAN_POINT('',(-6.095845284,-3.377485905,1.309391602));
#1598=CARTESIAN_POINT('',(-5.984691051,-3.386566946,1.238201219));
#1599=CARTESIAN_POINT('',(-5.854823415,-3.396002153,1.194814684));
#1600=CARTESIAN_POINT('',(-5.722478985,-3.405181264,1.185176073));
#1601=CARTESIAN_POINT('',(-5.65630677,-3.409770819,1.180356768));
#1602=CARTESIAN_POINT('',(-5.590505548,-3.414209899,1.183717696));
#1603=CARTESIAN_POINT('',(-5.525102075,-3.418870026,1.195277395));
#1604=CARTESIAN_POINT('',(-5.459698602,-3.423530152,1.206837095));
#1605=CARTESIAN_POINT('',(-5.395887233,-3.42823113,1.226579685));
#1606=CARTESIAN_POINT('',(-5.335779212,-3.432813865,1.253656705));
#1607=CARTESIAN_POINT('',(-5.27567119,-3.4373966,1.280733724));
#1608=CARTESIAN_POINT('',(-5.218025893,-3.441923581,1.315877339));
#1609=CARTESIAN_POINT('',(-5.166400813,-3.44653926,1.356933718));
#1610=CARTESIAN_POINT('',(-5.114775734,-3.451154938,1.397990097));
#1611=CARTESIAN_POINT('',(-5.068161523,-3.455842611,1.445502963));
#1612=CARTESIAN_POINT('',(-5.027851759,-3.460486257,1.498436244));
#1613=CARTESIAN_POINT('',(-4.987541996,-3.465129904,1.551369524));
#1614=CARTESIAN_POINT('',(-4.954440368,-3.469537414,1.608350102));
#1615=CARTESIAN_POINT('',(-4.928453191,-3.474156869,1.669289903));
#1616=CARTESIAN_POINT('',(-4.902466014,-3.478776324,1.730229705));
#1617=CARTESIAN_POINT('',(-4.884037892,-3.48350267,1.794766187));
#1618=CARTESIAN_POINT('',(-4.873890227,-3.488116242,1.859863692));
#1619=CARTESIAN_POINT('',(-4.863742562,-3.492729813,1.924961196));
#1620=CARTESIAN_POINT('',(-4.861675276,-3.497255859,1.99236723));
#1621=CARTESIAN_POINT('',(-4.867870757,-3.501842457,2.058127226));
#1622=CARTESIAN_POINT('',(-4.874066237,-3.506429055,2.123887222));
#1623=CARTESIAN_POINT('',(-4.888269752,-3.5110787,2.188428299));
#1624=CARTESIAN_POINT('',(-4.910650399,-3.51576514,2.25131902));
#1625=CARTESIAN_POINT('',(-4.933031045,-3.52045158,2.31420974));
#1626=CARTESIAN_POINT('',(-4.962711326,-3.524902091,2.373084709));
#1627=CARTESIAN_POINT('',(-4.999487844,-3.529469893,2.428028263));
#1628=CARTESIAN_POINT('',(-5.036264361,-3.534037694,2.482971816));
#1629=CARTESIAN_POINT('',(-5.080380611,-3.538768395,2.533846675));
#1630=CARTESIAN_POINT('',(-5.129357387,-3.543401402,2.577899297));
#1631=CARTESIAN_POINT('',(-5.178334163,-3.548034408,2.62195192));
#1632=CARTESIAN_POINT('',(-5.233510528,-3.552625378,2.660419033));
#1633=CARTESIAN_POINT('',(-5.29208347,-3.55717143,2.691212647));
#1634=CARTESIAN_POINT('',(-5.350656412,-3.561717482,2.72200626));
#1635=CARTESIAN_POINT('',(-5.412307673,-3.566336008,2.74528744));
#1636=CARTESIAN_POINT('',(-5.477107125,-3.571028662,2.760885666));
#1637=CARTESIAN_POINT('',(-5.541906577,-3.575721315,2.776483892));
#1638=CARTESIAN_POINT('',(-5.607812755,-3.580312508,2.783834456));
#1639=CARTESIAN_POINT('',(-5.673821569,-3.584817318,2.783054349));
#1640=CARTESIAN_POINT('',(-5.739830383,-3.589322128,2.782274242));
#1641=CARTESIAN_POINT('',(-5.806674287,-3.594036686,2.773104259));
#1642=CARTESIAN_POINT('',(-5.870348433,-3.598677706,2.756138727));
#1643=CARTESIAN_POINT('',(-5.934022579,-3.603318727,2.739173195));
#1644=CARTESIAN_POINT('',(-5.996136556,-3.608001577,2.714090295));
#1645=CARTESIAN_POINT('',(-6.054063585,-3.612531306,2.681781576));
#1646=CARTESIAN_POINT('',(-6.111990615,-3.617061035,2.649472856));
#1647=CARTESIAN_POINT('',(-6.165129952,-3.621614142,2.61053163));
#1648=CARTESIAN_POINT('',(-6.213453257,-3.626291715,2.564930675));
#1649=CARTESIAN_POINT('',(-6.261776561,-3.630969288,2.519329721));
#1650=CARTESIAN_POINT('',(-6.304224269,-3.635648399,2.46782225));
#1651=CARTESIAN_POINT('',(-6.339588754,-3.640181091,2.412171625));
#1652=CARTESIAN_POINT('',(-6.37495324,-3.644713783,2.356521));
#1653=CARTESIAN_POINT('',(-6.403819643,-3.649315957,2.295492599));
#1654=CARTESIAN_POINT('',(-6.424407734,-3.653953542,2.232839609));
#1655=CARTESIAN_POINT('',(-6.465583916,-3.663228713,2.10753363));
#1656=CARTESIAN_POINT('',(-6.475197429,-3.672261054,1.971548793));
#1657=CARTESIAN_POINT('',(-6.45169296,-3.681563062,1.841113221));
#1658=CARTESIAN_POINT('',(-6.428188491,-3.690865069,1.710677649));
#1659=CARTESIAN_POINT('',(-6.371325433,-3.699991853,1.58598387));
#1660=CARTESIAN_POINT('',(-6.288755526,-3.709237242,1.4829091));
#1661=CARTESIAN_POINT('',(-6.206185619,-3.718482632,1.379834329));
#1662=CARTESIAN_POINT('',(-6.097439794,-3.72762444,1.297536729));
#1663=CARTESIAN_POINT('',(-5.975600287,-3.736851106,1.246084411));
#1664=CARTESIAN_POINT('',(-5.85376078,-3.746077772,1.194632092));
#1665=CARTESIAN_POINT('',(-5.718211966,-3.75534462,1.173986203));
#1666=CARTESIAN_POINT('',(-5.58653497,-3.764537259,1.186857811));
#1667=CARTESIAN_POINT('',(-5.454857974,-3.773729897,1.199729419));
#1668=CARTESIAN_POINT('',(-5.326576137,-3.783035658,1.245960716));
#1669=CARTESIAN_POINT('',(-5.21709164,-3.792164208,1.31977479));
#1670=CARTESIAN_POINT('',(-5.107607142,-3.801292757,1.393588864));
#1671=CARTESIAN_POINT('',(-5.016254889,-3.810745137,1.495672378));
#1672=CARTESIAN_POINT('',(-4.95495511,-3.819861998,1.613259202));
#1673=CARTESIAN_POINT('',(-4.924305221,-3.824420429,1.672052614));
#1674=CARTESIAN_POINT('',(-4.90127664,-3.829039105,1.733773785));
#1675=CARTESIAN_POINT('',(-4.885941109,-3.833718606,1.798450274));
#1676=CARTESIAN_POINT('',(-4.870605577,-3.838398108,1.863126763));
#1677=CARTESIAN_POINT('',(-4.863425275,-3.843006312,1.929432686));
#1678=CARTESIAN_POINT('',(-4.864437974,-3.847510624,1.995371852));
#1679=CARTESIAN_POINT('',(-4.865450673,-3.852014936,2.061311019));
#1680=CARTESIAN_POINT('',(-4.874847204,-3.856733823,2.128157851));
#1681=CARTESIAN_POINT('',(-4.892051891,-3.861377912,2.191813022));
#1682=CARTESIAN_POINT('',(-4.909256578,-3.866022002,2.255468193));
#1683=CARTESIAN_POINT('',(-4.934424642,-3.870681425,2.31721498));
#1684=CARTESIAN_POINT('',(-4.967008191,-3.87521795,2.375168286));
#1685=CARTESIAN_POINT('',(-4.99959174,-3.879754476,2.433121593));
#1686=CARTESIAN_POINT('',(-5.038748371,-3.884317388,2.486104029));
#1687=CARTESIAN_POINT('',(-5.08440742,-3.888984649,2.534162181));
#1688=CARTESIAN_POINT('',(-5.13006647,-3.893651911,2.582220334));
#1689=CARTESIAN_POINT('',(-5.181942379,-3.898350133,2.624683366));
#1690=CARTESIAN_POINT('',(-5.237685174,-3.90287651,2.659828879));
#1691=CARTESIAN_POINT('',(-5.29342797,-3.907402887,2.694974392));
#1692=CARTESIAN_POINT('',(-5.354508535,-3.912008886,2.723616028));
#1693=CARTESIAN_POINT('',(-5.417300684,-3.916652297,2.744004362));
#1694=CARTESIAN_POINT('',(-5.480092833,-3.921295708,2.764392697));
#1695=CARTESIAN_POINT('',(-5.545112953,-3.925948309,2.776970257));
#1696=CARTESIAN_POINT('',(-5.611662972,-3.930555961,2.781372286));
#1697=CARTESIAN_POINT('',(-5.678212991,-3.935163612,2.785774315));
#1698=CARTESIAN_POINT('',(-5.74401658,-3.939614125,2.781878741));
#1699=CARTESIAN_POINT('',(-5.809070149,-3.944257813,2.769914975));
#1700=CARTESIAN_POINT('',(-5.874123719,-3.9489015,2.757951209));
#1701=CARTESIAN_POINT('',(-5.938272606,-3.953635773,2.737641746));
#1702=CARTESIAN_POINT('',(-5.998142216,-3.958209711,2.710157541));
#1703=CARTESIAN_POINT('',(-6.058011827,-3.962783649,2.682673336));
#1704=CARTESIAN_POINT('',(-6.115259593,-3.967302101,2.647245785));
#1705=CARTESIAN_POINT('',(-6.166727788,-3.971933364,2.605719588));
#1706=CARTESIAN_POINT('',(-6.218195984,-3.976564628,2.564193391));
#1707=CARTESIAN_POINT('',(-6.264041449,-3.981206099,2.516839479));
#1708=CARTESIAN_POINT('',(-6.30409773,-3.985858082,2.463485328));
#1709=CARTESIAN_POINT('',(-6.344154012,-3.990510065,2.410131178));
#1710=CARTESIAN_POINT('',(-6.376979051,-3.99493775,2.352657545));
#1711=CARTESIAN_POINT('',(-6.402454304,-3.999546506,2.291737833));
#1712=CARTESIAN_POINT('',(-6.427929557,-4.004155262,2.230818122));
#1713=CARTESIAN_POINT('',(-6.446017872,-4.008904927,2.165847825));
#1714=CARTESIAN_POINT('',(-6.455702213,-4.013515152,2.100675368));
#1715=CARTESIAN_POINT('',(-6.465386555,-4.018125376,2.035502911));
#1716=CARTESIAN_POINT('',(-6.466998096,-4.022622066,1.968439171));
#1717=CARTESIAN_POINT('',(-6.460321944,-4.027229664,1.902499275));
#1718=CARTESIAN_POINT('',(-6.453645792,-4.031837263,1.83655938));
#1719=CARTESIAN_POINT('',(-6.438991367,-4.036473798,1.77233191));
#1720=CARTESIAN_POINT('',(-6.416278966,-4.041139558,1.709833972));
#1721=CARTESIAN_POINT('',(-6.393566565,-4.045805319,1.647336035));
#1722=CARTESIAN_POINT('',(-6.363163547,-4.050296544,1.588027642));
#1723=CARTESIAN_POINT('',(-6.326099078,-4.054859142,1.533476507));
#1724=CARTESIAN_POINT('',(-6.289034609,-4.059421739,1.478925371));
#1725=CARTESIAN_POINT('',(-6.244468193,-4.064166022,1.428228009));
#1726=CARTESIAN_POINT('',(-6.19513674,-4.068801194,1.384486566));
#1727=CARTESIAN_POINT('',(-6.145805286,-4.073436367,1.340745122));
#1728=CARTESIAN_POINT('',(-6.090806516,-4.077977273,1.302936494));
#1729=CARTESIAN_POINT('',(-6.031773212,-4.082549644,1.272417128));
#1730=CARTESIAN_POINT('',(-5.972739908,-4.087122015,1.241897762));
#1731=CARTESIAN_POINT('',(-5.910929971,-4.091742286,1.219113219));
#1732=CARTESIAN_POINT('',(-5.846353159,-4.096410288,1.204036314));
#1733=CARTESIAN_POINT('',(-5.717199535,-4.105746292,1.173882505));
#1734=CARTESIAN_POINT('',(-5.580239976,-4.1147788,1.176615222));
#1735=CARTESIAN_POINT('',(-5.452923916,-4.124076223,1.211510403));
#1736=CARTESIAN_POINT('',(-5.325607856,-4.133373646,1.246405584));
#1737=CARTESIAN_POINT('',(-5.20691531,-4.142361569,1.313561514));
#1738=CARTESIAN_POINT('',(-5.111296642,-4.151678738,1.405028741));
#1739=CARTESIAN_POINT('',(-5.015677975,-4.160995907,1.496495969));
#1740=CARTESIAN_POINT('',(-4.942987727,-4.170046973,1.612771569));
#1741=CARTESIAN_POINT('',(-4.902592121,-4.179348634,1.738676087));
#1742=CARTESIAN_POINT('',(-4.862196516,-4.188650295,1.864580605));
#1743=CARTESIAN_POINT('',(-4.853704199,-4.197677585,2.000702177));
#1744=CARTESIAN_POINT('',(-4.878047329,-4.206953343,2.130527185));
#1745=CARTESIAN_POINT('',(-4.902390459,-4.2162291,2.260352194));
#1746=CARTESIAN_POINT('',(-4.959912386,-4.225343978,2.384756594));
#1747=CARTESIAN_POINT('',(-5.043472433,-4.234626838,2.487593612));
#1748=CARTESIAN_POINT('',(-5.12703248,-4.243909698,2.59043063));
#1749=CARTESIAN_POINT('',(-5.23642597,-4.253030906,2.671785222));
#1750=CARTESIAN_POINT('',(-5.358306967,-4.262242421,2.72225155));
#1751=CARTESIAN_POINT('',(-5.419247465,-4.266848179,2.747484714));
#1752=CARTESIAN_POINT('',(-5.484331837,-4.271601947,2.765372382));
#1753=CARTESIAN_POINT('',(-5.549574271,-4.27621283,2.774831715));
#1754=CARTESIAN_POINT('',(-5.614816706,-4.280823714,2.784291047));
#1755=CARTESIAN_POINT('',(-5.681600018,-4.285298658,2.785678175));
#1756=CARTESIAN_POINT('',(-5.747665015,-4.289919143,2.778761964));
#1757=CARTESIAN_POINT('',(-5.813730013,-4.294539628,2.771845753));
#1758=CARTESIAN_POINT('',(-5.877893819,-4.299176464,2.756937235));
#1759=CARTESIAN_POINT('',(-5.940164091,-4.303829584,2.7340686));
#1760=CARTESIAN_POINT('',(-6.002434362,-4.308482704,2.711199965));
#1761=CARTESIAN_POINT('',(-6.061925994,-4.312991934,2.680459051));
#1762=CARTESIAN_POINT('',(-6.116307243,-4.317554311,2.643229137));
#1763=CARTESIAN_POINT('',(-6.170688492,-4.322116687,2.605999223));
#1764=CARTESIAN_POINT('',(-6.221218505,-4.326860147,2.561281981));
#1765=CARTESIAN_POINT('',(-6.264828153,-4.331498756,2.511749724));
#1766=CARTESIAN_POINT('',(-6.308437802,-4.336137366,2.462217468));
#1767=CARTESIAN_POINT('',(-6.345860819,-4.340646152,2.407403188));
#1768=CARTESIAN_POINT('',(-6.376263354,-4.345234081,2.348109887));
#1769=CARTESIAN_POINT('',(-6.406665889,-4.34982201,2.288816586));
#1770=CARTESIAN_POINT('',(-6.429204104,-4.354445387,2.226894993));
#1771=CARTESIAN_POINT('',(-6.444037321,-4.359103492,2.162398353));
#1772=CARTESIAN_POINT('',(-6.458870538,-4.363761598,2.097901714));
#1773=CARTESIAN_POINT('',(-6.465667386,-4.368389533,2.031011264));
#1774=CARTESIAN_POINT('',(-6.464189908,-4.372897343,1.965145213));
#1775=CARTESIAN_POINT('',(-6.46271243,-4.377405154,1.899279162));
#1776=CARTESIAN_POINT('',(-6.452896377,-4.382117634,1.8326389));
#1777=CARTESIAN_POINT('',(-6.435201942,-4.386772567,1.768955573));
#1778=CARTESIAN_POINT('',(-6.417507508,-4.391427499,1.705272247));
#1779=CARTESIAN_POINT('',(-6.392232248,-4.396030555,1.644382722));
#1780=CARTESIAN_POINT('',(-6.359109209,-4.400579912,1.58638538));
#1781=CARTESIAN_POINT('',(-6.325986169,-4.405129268,1.528388039));
#1782=CARTESIAN_POINT('',(-6.286330113,-4.40972249,1.475590798));
#1783=CARTESIAN_POINT('',(-6.24050421,-4.414374041,1.428015016));
#1784=CARTESIAN_POINT('',(-6.194678307,-4.419025593,1.380439233));
#1785=CARTESIAN_POINT('',(-6.142232181,-4.423746692,1.338086992));
#1786=CARTESIAN_POINT('',(-6.086250687,-4.428265006,1.303342081));
#1787=CARTESIAN_POINT('',(-6.030269193,-4.43278332,1.268597171));
#1788=CARTESIAN_POINT('',(-5.969283334,-4.437382843,1.240489205));
#1789=CARTESIAN_POINT('',(-5.906149874,-4.442042688,1.220473079));
#1790=CARTESIAN_POINT('',(-5.843016415,-4.446702534,1.200456953));
#1791=CARTESIAN_POINT('',(-5.778241273,-4.451328682,1.188416276));
#1792=CARTESIAN_POINT('',(-5.711799943,-4.45592063,1.184470096));
#1793=CARTESIAN_POINT('',(-5.645358612,-4.460512577,1.180523916));
#1794=CARTESIAN_POINT('',(-5.578973705,-4.465016013,1.184902637));
#1795=CARTESIAN_POINT('',(-5.514180256,-4.46964966,1.197286374));
#1796=CARTESIAN_POINT('',(-5.449386807,-4.474283307,1.20967011));
#1797=CARTESIAN_POINT('',(-5.385176931,-4.479030613,1.230466985));
#1798=CARTESIAN_POINT('',(-5.325463965,-4.483601926,1.258391747));
#1799=CARTESIAN_POINT('',(-5.265750999,-4.488173238,1.286316509));
#1800=CARTESIAN_POINT('',(-5.209139594,-4.492664308,1.321864607));
#1801=CARTESIAN_POINT('',(-5.157750984,-4.497317533,1.363911376));
#1802=CARTESIAN_POINT('',(-5.106362373,-4.501970758,1.405958144));
#1803=CARTESIAN_POINT('',(-5.060926222,-4.506608779,1.453652088));
#1804=CARTESIAN_POINT('',(-5.021433022,-4.511231621,1.506984185));
#1805=CARTESIAN_POINT('',(-4.942446621,-4.520477305,1.61364838));
#1806=CARTESIAN_POINT('',(-4.890702108,-4.529682785,1.740401975));
#1807=CARTESIAN_POINT('',(-4.872224434,-4.538909021,1.871070689));
#1808=CARTESIAN_POINT('',(-4.853746759,-4.548135257,2.001739403));
#1809=CARTESIAN_POINT('',(-4.868263986,-4.557237039,2.137318778));
#1810=CARTESIAN_POINT('',(-4.914332011,-4.566521301,2.261447628));
#1811=CARTESIAN_POINT('',(-4.960400036,-4.575805563,2.385576477));
#1812=CARTESIAN_POINT('',(-5.038299947,-4.584907233,2.498396366));
#1813=CARTESIAN_POINT('',(-5.137797895,-4.594194512,2.585384212));
#1814=CARTESIAN_POINT('',(-5.237295843,-4.60348179,2.672372058));
#1815=CARTESIAN_POINT('',(-5.358866794,-4.612498286,2.734198642));
#1816=CARTESIAN_POINT('',(-5.487750704,-4.621798057,2.76337138));
#1817=CARTESIAN_POINT('',(-5.616634615,-4.631097829,2.792544119));
#1818=CARTESIAN_POINT('',(-5.753690836,-4.640141229,2.789067254));
#1819=CARTESIAN_POINT('',(-5.881154051,-4.649466777,2.753178365));
#1820=CARTESIAN_POINT('',(-6.008617267,-4.658792325,2.717289476));
#1821=CARTESIAN_POINT('',(-6.126728872,-4.667778121,2.649156732));
#1822=CARTESIAN_POINT('',(-6.2214432,-4.677070368,2.557285492));
#1823=CARTESIAN_POINT('',(-6.316157527,-4.686362615,2.465414251));
#1824=CARTESIAN_POINT('',(-6.38809387,-4.695393129,2.348941968));
#1825=CARTESIAN_POINT('',(-6.42779915,-4.704734251,2.222272411));
#1826=CARTESIAN_POINT('',(-6.44765179,-4.709404813,2.158937633));
#1827=CARTESIAN_POINT('',(-6.459424622,-4.714028614,2.094125218));
#1828=CARTESIAN_POINT('',(-6.463138424,-4.718605775,2.027838965));
#1829=CARTESIAN_POINT('',(-6.466852226,-4.723182937,1.961552713));
#1830=CARTESIAN_POINT('',(-6.462236614,-4.727715671,1.894842259));
#1831=CARTESIAN_POINT('',(-6.449636212,-4.732346663,1.830145882));
#1832=CARTESIAN_POINT('',(-6.437035811,-4.736977656,1.765449506));
#1833=CARTESIAN_POINT('',(-6.416028,-4.741723915,1.70131155));
#1834=CARTESIAN_POINT('',(-6.387870242,-4.746296247,1.641646038));
#1835=CARTESIAN_POINT('',(-6.359712484,-4.750868578,1.581980527));
#1836=CARTESIAN_POINT('',(-6.324168578,-4.755338716,1.525777313));
#1837=CARTESIAN_POINT('',(-6.28184178,-4.760005392,1.474398625));
#1838=CARTESIAN_POINT('',(-6.239514981,-4.764672069,1.423019936));
#1839=CARTESIAN_POINT('',(-6.191631774,-4.769310558,1.377763659));
#1840=CARTESIAN_POINT('',(-6.138278149,-4.773921295,1.338535044));
#1841=CARTESIAN_POINT('',(-6.084924524,-4.778532033,1.299306429));
#1842=CARTESIAN_POINT('',(-6.026267609,-4.78303091,1.26656269));
#1843=CARTESIAN_POINT('',(-5.965223692,-4.787635346,1.241787989));
#1844=CARTESIAN_POINT('',(-5.904179775,-4.792239782,1.217013289));
#1845=CARTESIAN_POINT('',(-5.839074939,-4.796986633,1.19958145));
#1846=CARTESIAN_POINT('',(-5.773626652,-4.801603563,1.190558634));
#1847=CARTESIAN_POINT('',(-5.708178364,-4.806220494,1.181535818));
#1848=CARTESIAN_POINT('',(-5.642179856,-4.810637477,1.180588094));
#1849=CARTESIAN_POINT('',(-5.575790973,-4.815288655,1.18798133));
#1850=CARTESIAN_POINT('',(-5.509402091,-4.819939833,1.195374567));
#1851=CARTESIAN_POINT('',(-5.445305011,-4.824581695,1.210805845));
#1852=CARTESIAN_POINT('',(-5.383425275,-4.829214437,1.234014045));
#1853=CARTESIAN_POINT('',(-5.321545539,-4.833847179,1.257222245));
#1854=CARTESIAN_POINT('',(-5.261885829,-4.838378142,1.288545893));
#1855=CARTESIAN_POINT('',(-5.207788984,-4.842944663,1.326143446));
#1856=CARTESIAN_POINT('',(-5.153692138,-4.847511184,1.363740999));
#1857=CARTESIAN_POINT('',(-5.103670168,-4.852236005,1.408592026));
#1858=CARTESIAN_POINT('',(-5.060247093,-4.856889461,1.458608966));
#1859=CARTESIAN_POINT('',(-5.016824017,-4.861542917,1.508625907));
#1860=CARTESIAN_POINT('',(-4.979982404,-4.866015114,1.563418942));
#1861=CARTESIAN_POINT('',(-4.949912101,-4.870623267,1.623098094));
#1862=B_SPLINE_CURVE_WITH_KNOTS('',3,(#1555,#1556,#1557,#1558,#1559,#1560,#1561,#1562,#1563,#1564,#1565,#1566,#1567,#1568,#1569,#1570,#1571,#1572,#1573,#1574,#1575,#1576,#1577,#1578,#1579,#1580,
#1581,#1582,#1583,#1584,#1585,#1586,#1587,#1588,#1589,#1590,#1591,#1592,#1593,#1594,#1595,#1596,#1597,#1598,#1599,#1600,#1601,#1602,#1603,#1604,#1605,
#1606,#1607,#1608,#1609,#1610,#1611,#1612,#1613,#1614,#1615,#1616,#1617,#1618,#1619,#1620,#1621,#1622,#1623,#1624,#1625,#1626,#1627,#1628,#1629,#1630,
#1631,#1632,#1633,#1634,#1635,#1636,#1637,#1638,#1639,#1640,#1641,#1642,#1643,#1644,#1645,#1646,#1647,#1648,#1649,#1650,#1651,#1652,#1653,#1654,#1655,
#1656,#1657,#1658,#1659,#1660,#1661,#1662,#1663,#1664,#1665,#1666,#1667,#1668,#1669,#1670,#1671,#1672,#1673,#1674,#1675,#1676,#1677,#1678,#1679,#1680,
#1681,#1682,#1683,#1684,#1685,#1686,#1687,#1688,#1689,#1690,#1691,#1692,#1693,#1694,#1695,#1696,#1697,#1698,#1699,#1700,#1701,#1702,#1703,#1704,#1705,
#1706,#1707,#1708,#1709,#1710,#1711,#1712,#1713,#1714,#1715,#1716,#1717,#1718,#1719,#1720,#1721,#1722,#1723,#1724,#1725,#1726,#1727,#1728,#1729,#1730,
#1731,#1732,#1733,#1734,#1735,#1736,#1737,#1738,#1739,#1740,#1741,#1742,#1743,#1744,#1745,#1746,#1747,#1748,#1749,#1750,#1751,#1752,#1753,#1754,#1755,
#1756,#1757,#1758,#1759,#1760,#1761,#1762,#1763,#1764,#1765,#1766,#1767,#1768,#1769,#1770,#1771,#1772,#1773,#1774,#1775,#1776,#1777,#1778,#1779,#1780,
#1781,#1782,#1783,#1784,#1785,#1786,#1787,#1788,#1789,#1790,#1791,#1792,#1793,#1794,#1795,#1796,#1797,#1798,#1799,#1800,#1801,#1802,#1803,#1804,#1805,
#1806,#1807,#1808,#1809,#1810,#1811,#1812,#1813,#1814,#1815,#1816,#1817,#1818,#1819,#1820,#1821,#1822,#1823,#1824,#1825,#1826,#1827,#1828,#1829,#1830,
#1831,#1832,#1833,#1834,#1835,#1836,#1837,#1838,#1839,#1840,#1841,#1842,#1843,#1844,#1845,#1846,#1847,#1848,#1849,#1850,#1851,#1852,#1853,#1854,#1855,
#1856,#1857,#1858,#1859,#1860,#1861),.UNSPECIFIED.,.F.,.F.,(4,3,3,3,3,3,3,3,3,3,3,3,3,3,3,3,3,3,3,3,3,3,3,3,3,3,
3,3,3,3,3,3,3,3,3,3,3,3,3,3,3,3,3,3,3,3,3,3,3,3,3,
3,3,3,3,3,3,3,3,3,3,3,3,3,3,3,3,3,3,3,3,3,3,3,3,3,
3,3,3,3,3,3,3,3,3,3,3,3,3,3,3,3,3,3,3,3,3,3,3,3,3,
3,4),(0.,0.000198108,0.000396215,0.000594323,0.00079243,0.000990538,0.001188646,0.001386753,0.001584861,0.001981076,0.002377291,0.002773507,0.003169722,0.003565937,0.003962152,0.004358367,0.004556475,0.004754583,0.00495269,0.005150798,0.005348905,0.005547013,0.005745121,0.005943228,0.006141336,0.006339443,
0.006537551,0.006735659,0.006933766,0.007131874,0.007329982,0.007528089,0.007726197,0.007924304,0.00832052,0.008716735,0.00911295,0.009509165,0.00990538,0.010301596,0.010499703,0.010697811,0.010895919,0.011094026,0.011292134,0.011490241,0.011688349,0.011886457,0.012084564,0.012282672,0.012480779,
0.012678887,0.012876995,0.013075102,0.01327321,0.013471317,0.013669425,0.013867533,0.01406564,0.014263748,0.014659963,0.015056178,0.015452394,0.015848609,0.016244824,0.016641039,0.016839147,0.017037254,0.017235362,0.01743347,0.017631577,0.017829685,0.018027792,0.0182259,0.018424008,0.018622115,
0.018820223,0.01901833,0.019216438,0.019414546,0.019612653,0.019810761,0.020008869,0.020206976,0.020603191,0.020999407,0.021395622,0.021791837,0.022188052,0.022584267,0.022980483,0.02317859,0.023376698,0.023574805,0.023772913,0.023971021,0.024169128,0.024367236,0.024565344,0.024763451,0.024961559,
0.025159666,0.025357774),.UNSPECIFIED.);
#1863=EDGE_CURVE('',#1529,#409,#1862,.T.);
#1864=ORIENTED_EDGE('',*,*,#1863,.T.);
#1865=ORIENTED_EDGE('',*,*,#427,.F.);
#1866=EDGE_LOOP('',(#1281,#1335,#1389,#1443,#1497,#1527,#1554,#1864,#1865));
#1867=FACE_BOUND('',#1866,.T.);
#1868=ADVANCED_FACE('',(#1867),#1254,.F.);
#1869=CARTESIAN_POINT('',(-5.238475701,-2.999862693,1.525657486));
#1870=CARTESIAN_POINT('',(-5.192819106,-3.005483048,1.568166299));
#1871=CARTESIAN_POINT('',(-5.154116384,-3.011054836,1.616867117));
#1872=CARTESIAN_POINT('',(-5.123101497,-3.016456462,1.670586478));
#1873=CARTESIAN_POINT('',(-5.123088506,-3.016458725,1.670608978));
#1874=CARTESIAN_POINT('',(-5.123075517,-3.016460987,1.67063148));
#1875=CARTESIAN_POINT('',(-5.12306253,-3.01646325,1.670653981));
#1876=CARTESIAN_POINT('',(-5.067913764,-3.026070485,1.766201961));
#1877=CARTESIAN_POINT('',(-5.039367374,-3.036016268,1.872765735));
#1878=CARTESIAN_POINT('',(-5.039367374,-3.045623129,1.983086478));
#1879=CARTESIAN_POINT('',(-5.039367374,-3.045625392,1.983112459));
#1880=CARTESIAN_POINT('',(-5.039367376,-3.045627654,1.98313844));
#1881=CARTESIAN_POINT('',(-5.039367379,-3.045629917,1.983164421));
#1882=CARTESIAN_POINT('',(-5.039381137,-3.055237152,2.093485782));
#1883=CARTESIAN_POINT('',(-5.067941125,-3.065182934,2.200045913));
#1884=CARTESIAN_POINT('',(-5.123101497,-3.074789795,2.295586479));
#1885=CARTESIAN_POINT('',(-5.123114487,-3.074792058,2.295608979));
#1886=CARTESIAN_POINT('',(-5.123127479,-3.07479432,2.295631479));
#1887=CARTESIAN_POINT('',(-5.123140473,-3.074796583,2.295653977));
#1888=CARTESIAN_POINT('',(-5.178313067,-3.084403819,2.391188198));
#1889=CARTESIAN_POINT('',(-5.256326808,-3.094349601,2.469191984));
#1890=CARTESIAN_POINT('',(-5.351867374,-3.103956463,2.524352356));
#1891=CARTESIAN_POINT('',(-5.351889874,-3.103958725,2.524365346));
#1892=CARTESIAN_POINT('',(-5.351912375,-3.103960988,2.524378336));
#1893=CARTESIAN_POINT('',(-5.351934877,-3.10396325,2.524391323));
#1894=CARTESIAN_POINT('',(-5.447482856,-3.113570486,2.579540089));
#1895=CARTESIAN_POINT('',(-5.554046631,-3.123516268,2.608086479));
#1896=CARTESIAN_POINT('',(-5.664367374,-3.133123129,2.608086479));
#1897=CARTESIAN_POINT('',(-5.664393355,-3.133125391,2.608086479));
#1898=CARTESIAN_POINT('',(-5.664419336,-3.133127654,2.608086477));
#1899=CARTESIAN_POINT('',(-5.664445317,-3.133129916,2.608086474));
#1900=CARTESIAN_POINT('',(-5.774766677,-3.142737152,2.608072716));
#1901=CARTESIAN_POINT('',(-5.881326808,-3.152682934,2.579512728));
#1902=CARTESIAN_POINT('',(-5.976867374,-3.162289795,2.524352356));
#1903=CARTESIAN_POINT('',(-5.976889874,-3.162292058,2.524339366));
#1904=CARTESIAN_POINT('',(-5.976912374,-3.16229432,2.524326374));
#1905=CARTESIAN_POINT('',(-5.976934872,-3.162296583,2.524313381));
#1906=CARTESIAN_POINT('',(-6.072469093,-3.171903819,2.469140785));
#1907=CARTESIAN_POINT('',(-6.15047288,-3.181849601,2.391127044));
#1908=CARTESIAN_POINT('',(-6.205633251,-3.191456463,2.295586479));
#1909=CARTESIAN_POINT('',(-6.205646241,-3.191458725,2.295563979));
#1910=CARTESIAN_POINT('',(-6.205659231,-3.191460988,2.295541478));
#1911=CARTESIAN_POINT('',(-6.205672218,-3.19146325,2.295518976));
#1912=CARTESIAN_POINT('',(-6.260820984,-3.201070486,2.199970996));
#1913=CARTESIAN_POINT('',(-6.289367374,-3.211016268,2.093407221));
#1914=CARTESIAN_POINT('',(-6.289367374,-3.220623129,1.983086478));
#1915=CARTESIAN_POINT('',(-6.289367374,-3.220625392,1.983060497));
#1916=CARTESIAN_POINT('',(-6.289367372,-3.220627654,1.983034516));
#1917=CARTESIAN_POINT('',(-6.289367369,-3.220629917,1.983008535));
#1918=CARTESIAN_POINT('',(-6.289353611,-3.230237152,1.872687176));
#1919=CARTESIAN_POINT('',(-6.260793623,-3.240182935,1.766127045));
#1920=CARTESIAN_POINT('',(-6.205633251,-3.249789796,1.670586479));
#1921=CARTESIAN_POINT('',(-6.20562026,-3.249792059,1.670563979));
#1922=CARTESIAN_POINT('',(-6.205607268,-3.249794321,1.670541479));
#1923=CARTESIAN_POINT('',(-6.205594275,-3.249796584,1.67051898));
#1924=CARTESIAN_POINT('',(-6.150421681,-3.259403819,1.574984759));
#1925=CARTESIAN_POINT('',(-6.07240794,-3.269349601,1.496980973));
#1926=CARTESIAN_POINT('',(-5.976867374,-3.278956462,1.441820601));
#1927=CARTESIAN_POINT('',(-5.976844874,-3.278958725,1.441807611));
#1928=CARTESIAN_POINT('',(-5.976822373,-3.278960987,1.441794622));
#1929=CARTESIAN_POINT('',(-5.976799871,-3.27896325,1.441781634));
#1930=CARTESIAN_POINT('',(-5.881251891,-3.288570486,1.386632869));
#1931=CARTESIAN_POINT('',(-5.774688117,-3.298516268,1.358086479));
#1932=CARTESIAN_POINT('',(-5.664367374,-3.308123129,1.358086479));
#1933=CARTESIAN_POINT('',(-5.664341393,-3.308125391,1.358086479));
#1934=CARTESIAN_POINT('',(-5.664315412,-3.308127654,1.35808648));
#1935=CARTESIAN_POINT('',(-5.664289431,-3.308129916,1.358086484));
#1936=CARTESIAN_POINT('',(-5.553968071,-3.317737152,1.358100242));
#1937=CARTESIAN_POINT('',(-5.44740794,-3.327682935,1.38666023));
#1938=CARTESIAN_POINT('',(-5.351867374,-3.337289796,1.441820602));
#1939=CARTESIAN_POINT('',(-5.351844874,-3.337292059,1.441833592));
#1940=CARTESIAN_POINT('',(-5.351822374,-3.337294321,1.441846584));
#1941=CARTESIAN_POINT('',(-5.351799876,-3.337296584,1.441859577));
#1942=CARTESIAN_POINT('',(-5.256265654,-3.346903819,1.497032172));
#1943=CARTESIAN_POINT('',(-5.178261868,-3.356849601,1.575045912));
#1944=CARTESIAN_POINT('',(-5.123101497,-3.366456462,1.670586479));
#1945=CARTESIAN_POINT('',(-5.123088506,-3.366458725,1.670608979));
#1946=CARTESIAN_POINT('',(-5.123075517,-3.366460987,1.67063148));
#1947=CARTESIAN_POINT('',(-5.12306253,-3.36646325,1.670653982));
#1948=CARTESIAN_POINT('',(-5.067913764,-3.376070485,1.766201961));
#1949=CARTESIAN_POINT('',(-5.039367374,-3.386016268,1.872765736));
#1950=CARTESIAN_POINT('',(-5.039367374,-3.395623129,1.983086478));
#1951=CARTESIAN_POINT('',(-5.039367374,-3.395625392,1.983112459));
#1952=CARTESIAN_POINT('',(-5.039367376,-3.395627654,1.983138441));
#1953=CARTESIAN_POINT('',(-5.039367379,-3.395629917,1.983164422));
#1954=CARTESIAN_POINT('',(-5.039381137,-3.405237153,2.093485781));
#1955=CARTESIAN_POINT('',(-5.067941125,-3.415182935,2.200045912));
#1956=CARTESIAN_POINT('',(-5.123101497,-3.424789795,2.295586478));
#1957=CARTESIAN_POINT('',(-5.123114487,-3.424792058,2.295608979));
#1958=CARTESIAN_POINT('',(-5.123127479,-3.42479432,2.295631478));
#1959=CARTESIAN_POINT('',(-5.123140473,-3.424796583,2.295653977));
#1960=CARTESIAN_POINT('',(-5.178313067,-3.434403819,2.391188198));
#1961=CARTESIAN_POINT('',(-5.256326808,-3.444349601,2.469191985));
#1962=CARTESIAN_POINT('',(-5.351867374,-3.453956463,2.524352356));
#1963=CARTESIAN_POINT('',(-5.351889874,-3.453958725,2.524365347));
#1964=CARTESIAN_POINT('',(-5.351912375,-3.453960988,2.524378336));
#1965=CARTESIAN_POINT('',(-5.351934877,-3.45396325,2.524391324));
#1966=CARTESIAN_POINT('',(-5.447482856,-3.463570486,2.579540089));
#1967=CARTESIAN_POINT('',(-5.554046631,-3.473516268,2.608086479));
#1968=CARTESIAN_POINT('',(-5.664367374,-3.483123129,2.608086479));
#1969=CARTESIAN_POINT('',(-5.664393355,-3.483125391,2.608086479));
#1970=CARTESIAN_POINT('',(-5.664419336,-3.483127654,2.608086477));
#1971=CARTESIAN_POINT('',(-5.664445317,-3.483129917,2.608086474));
#1972=CARTESIAN_POINT('',(-5.774766677,-3.492737152,2.608072716));
#1973=CARTESIAN_POINT('',(-5.881326808,-3.502682934,2.579512727));
#1974=CARTESIAN_POINT('',(-5.976867374,-3.512289795,2.524352356));
#1975=CARTESIAN_POINT('',(-5.976889874,-3.512292058,2.524339365));
#1976=CARTESIAN_POINT('',(-5.976912374,-3.51229432,2.524326373));
#1977=CARTESIAN_POINT('',(-5.976934872,-3.512296583,2.52431338));
#1978=CARTESIAN_POINT('',(-6.072469093,-3.521903819,2.469140785));
#1979=CARTESIAN_POINT('',(-6.15047288,-3.531849601,2.391127045));
#1980=CARTESIAN_POINT('',(-6.205633251,-3.541456463,2.295586479));
#1981=CARTESIAN_POINT('',(-6.205646241,-3.541458725,2.295563979));
#1982=CARTESIAN_POINT('',(-6.205659231,-3.541460988,2.295541478));
#1983=CARTESIAN_POINT('',(-6.205672218,-3.54146325,2.295518976));
#1984=CARTESIAN_POINT('',(-6.260820984,-3.551070486,2.199970997));
#1985=CARTESIAN_POINT('',(-6.289367374,-3.561016268,2.093407222));
#1986=CARTESIAN_POINT('',(-6.289367374,-3.570623129,1.983086479));
#1987=CARTESIAN_POINT('',(-6.289367374,-3.570625392,1.983060498));
#1988=CARTESIAN_POINT('',(-6.289367372,-3.570627654,1.983034517));
#1989=CARTESIAN_POINT('',(-6.289367369,-3.570629917,1.983008535));
#1990=CARTESIAN_POINT('',(-6.289353611,-3.580237152,1.872687176));
#1991=CARTESIAN_POINT('',(-6.260793623,-3.590182935,1.766127045));
#1992=CARTESIAN_POINT('',(-6.205633251,-3.599789796,1.670586479));
#1993=CARTESIAN_POINT('',(-6.20562026,-3.599792059,1.670563979));
#1994=CARTESIAN_POINT('',(-6.205607268,-3.599794321,1.670541479));
#1995=CARTESIAN_POINT('',(-6.205594275,-3.599796584,1.670518981));
#1996=CARTESIAN_POINT('',(-6.150421681,-3.609403819,1.574984759));
#1997=CARTESIAN_POINT('',(-6.07240794,-3.619349601,1.496980973));
#1998=CARTESIAN_POINT('',(-5.976867374,-3.628956463,1.441820602));
#1999=CARTESIAN_POINT('',(-5.976844874,-3.628958725,1.441807611));
#2000=CARTESIAN_POINT('',(-5.976822373,-3.628960987,1.441794622));
#2001=CARTESIAN_POINT('',(-5.976799871,-3.62896325,1.441781634));
#2002=CARTESIAN_POINT('',(-5.881251891,-3.638570486,1.386632869));
#2003=CARTESIAN_POINT('',(-5.774688117,-3.648516268,1.358086479));
#2004=CARTESIAN_POINT('',(-5.664367374,-3.658123129,1.358086479));
#2005=CARTESIAN_POINT('',(-5.664341393,-3.658125391,1.358086479));
#2006=CARTESIAN_POINT('',(-5.664315412,-3.658127654,1.358086481));
#2007=CARTESIAN_POINT('',(-5.664289431,-3.658129916,1.358086484));
#2008=CARTESIAN_POINT('',(-5.553968071,-3.667737152,1.358100242));
#2009=CARTESIAN_POINT('',(-5.44740794,-3.677682935,1.38666023));
#2010=CARTESIAN_POINT('',(-5.351867374,-3.687289796,1.441820601));
#2011=CARTESIAN_POINT('',(-5.351844874,-3.687292059,1.441833591));
#2012=CARTESIAN_POINT('',(-5.351822374,-3.687294321,1.441846583));
#2013=CARTESIAN_POINT('',(-5.351799876,-3.687296584,1.441859577));
#2014=CARTESIAN_POINT('',(-5.256265654,-3.696903819,1.497032172));
#2015=CARTESIAN_POINT('',(-5.178261868,-3.706849601,1.575045913));
#2016=CARTESIAN_POINT('',(-5.123101497,-3.716456463,1.670586479));
#2017=CARTESIAN_POINT('',(-5.123088506,-3.716458725,1.670608979));
#2018=CARTESIAN_POINT('',(-5.123075517,-3.716460987,1.67063148));
#2019=CARTESIAN_POINT('',(-5.12306253,-3.71646325,1.670653982));
#2020=CARTESIAN_POINT('',(-5.067913764,-3.726070486,1.766201961));
#2021=CARTESIAN_POINT('',(-5.039367374,-3.736016268,1.872765736));
#2022=CARTESIAN_POINT('',(-5.039367374,-3.745623129,1.983086479));
#2023=CARTESIAN_POINT('',(-5.039367374,-3.745625392,1.98311246));
#2024=CARTESIAN_POINT('',(-5.039367376,-3.745627654,1.983138441));
#2025=CARTESIAN_POINT('',(-5.039367379,-3.745629917,1.983164422));
#2026=CARTESIAN_POINT('',(-5.039381137,-3.755237153,2.093485782));
#2027=CARTESIAN_POINT('',(-5.067941125,-3.765182935,2.200045913));
#2028=CARTESIAN_POINT('',(-5.123101497,-3.774789795,2.295586479));
#2029=CARTESIAN_POINT('',(-5.123114487,-3.774792058,2.295608979));
#2030=CARTESIAN_POINT('',(-5.123127479,-3.77479432,2.295631478));
#2031=CARTESIAN_POINT('',(-5.123140473,-3.774796583,2.295653977));
#2032=CARTESIAN_POINT('',(-5.178313067,-3.784403819,2.391188198));
#2033=CARTESIAN_POINT('',(-5.256326808,-3.794349602,2.469191985));
#2034=CARTESIAN_POINT('',(-5.351867374,-3.803956463,2.524352356));
#2035=CARTESIAN_POINT('',(-5.351889874,-3.803958725,2.524365347));
#2036=CARTESIAN_POINT('',(-5.351912375,-3.803960988,2.524378336));
#2037=CARTESIAN_POINT('',(-5.351934877,-3.80396325,2.524391324));
#2038=CARTESIAN_POINT('',(-5.447482856,-3.813570485,2.579540088));
#2039=CARTESIAN_POINT('',(-5.554046631,-3.823516268,2.608086478));
#2040=CARTESIAN_POINT('',(-5.664367374,-3.833123129,2.608086478));
#2041=CARTESIAN_POINT('',(-5.664393355,-3.833125392,2.608086478));
#2042=CARTESIAN_POINT('',(-5.664419336,-3.833127654,2.608086477));
#2043=CARTESIAN_POINT('',(-5.664445317,-3.833129917,2.608086473));
#2044=CARTESIAN_POINT('',(-5.774766677,-3.842737152,2.608072716));
#2045=CARTESIAN_POINT('',(-5.881326808,-3.852682934,2.579512728));
#2046=CARTESIAN_POINT('',(-5.976867374,-3.862289795,2.524352356));
#2047=CARTESIAN_POINT('',(-5.976889874,-3.862292058,2.524339365));
#2048=CARTESIAN_POINT('',(-5.976912374,-3.86229432,2.524326373));
#2049=CARTESIAN_POINT('',(-5.976934872,-3.862296583,2.52431338));
#2050=CARTESIAN_POINT('',(-6.072469093,-3.871903819,2.469140786));
#2051=CARTESIAN_POINT('',(-6.15047288,-3.881849601,2.391127045));
#2052=CARTESIAN_POINT('',(-6.205633251,-3.891456463,2.295586478));
#2053=CARTESIAN_POINT('',(-6.205646241,-3.891458725,2.295563978));
#2054=CARTESIAN_POINT('',(-6.205659231,-3.891460988,2.295541477));
#2055=CARTESIAN_POINT('',(-6.205672218,-3.89146325,2.295518975));
#2056=CARTESIAN_POINT('',(-6.260820984,-3.901070486,2.199970996));
#2057=CARTESIAN_POINT('',(-6.289367374,-3.911016268,2.093407222));
#2058=CARTESIAN_POINT('',(-6.289367374,-3.920623129,1.983086479));
#2059=CARTESIAN_POINT('',(-6.289367374,-3.920625392,1.983060498));
#2060=CARTESIAN_POINT('',(-6.289367372,-3.920627654,1.983034517));
#2061=CARTESIAN_POINT('',(-6.289367369,-3.920629917,1.983008536));
#2062=CARTESIAN_POINT('',(-6.289353611,-3.930237152,1.872687176));
#2063=CARTESIAN_POINT('',(-6.260793623,-3.940182935,1.766127045));
#2064=CARTESIAN_POINT('',(-6.205633251,-3.949789796,1.670586479));
#2065=CARTESIAN_POINT('',(-6.20562026,-3.949792059,1.670563979));
#2066=CARTESIAN_POINT('',(-6.205607268,-3.949794321,1.67054148));
#2067=CARTESIAN_POINT('',(-6.205594275,-3.949796584,1.670518981));
#2068=CARTESIAN_POINT('',(-6.150421681,-3.959403819,1.57498476));
#2069=CARTESIAN_POINT('',(-6.07240794,-3.969349601,1.496980973));
#2070=CARTESIAN_POINT('',(-5.976867374,-3.978956463,1.441820602));
#2071=CARTESIAN_POINT('',(-5.976844874,-3.978958725,1.441807611));
#2072=CARTESIAN_POINT('',(-5.976822373,-3.978960988,1.441794622));
#2073=CARTESIAN_POINT('',(-5.976799871,-3.97896325,1.441781634));
#2074=CARTESIAN_POINT('',(-5.881251891,-3.988570486,1.386632869));
#2075=CARTESIAN_POINT('',(-5.774688117,-3.998516268,1.358086478));
#2076=CARTESIAN_POINT('',(-5.664367374,-4.008123129,1.358086478));
#2077=CARTESIAN_POINT('',(-5.664341393,-4.008125391,1.358086478));
#2078=CARTESIAN_POINT('',(-5.664315412,-4.008127654,1.35808648));
#2079=CARTESIAN_POINT('',(-5.664289431,-4.008129916,1.358086483));
#2080=CARTESIAN_POINT('',(-5.553968071,-4.017737153,1.358100242));
#2081=CARTESIAN_POINT('',(-5.44740794,-4.027682935,1.38666023));
#2082=CARTESIAN_POINT('',(-5.351867374,-4.037289796,1.441820601));
#2083=CARTESIAN_POINT('',(-5.351844874,-4.037292059,1.441833592));
#2084=CARTESIAN_POINT('',(-5.351822374,-4.037294321,1.441846584));
#2085=CARTESIAN_POINT('',(-5.351799876,-4.037296584,1.441859577));
#2086=CARTESIAN_POINT('',(-5.256265654,-4.046903819,1.497032172));
#2087=CARTESIAN_POINT('',(-5.178261868,-4.056849601,1.575045913));
#2088=CARTESIAN_POINT('',(-5.123101497,-4.066456463,1.670586479));
#2089=CARTESIAN_POINT('',(-5.123088506,-4.066458725,1.670608979));
#2090=CARTESIAN_POINT('',(-5.123075517,-4.066460988,1.67063148));
#2091=CARTESIAN_POINT('',(-5.12306253,-4.06646325,1.670653982));
#2092=CARTESIAN_POINT('',(-5.067913764,-4.076070486,1.766201961));
#2093=CARTESIAN_POINT('',(-5.039367374,-4.086016268,1.872765736));
#2094=CARTESIAN_POINT('',(-5.039367374,-4.095623129,1.983086479));
#2095=CARTESIAN_POINT('',(-5.039367374,-4.095625392,1.98311246));
#2096=CARTESIAN_POINT('',(-5.039367376,-4.095627654,1.983138441));
#2097=CARTESIAN_POINT('',(-5.039367379,-4.095629917,1.983164422));
#2098=CARTESIAN_POINT('',(-5.039381137,-4.105237153,2.093485782));
#2099=CARTESIAN_POINT('',(-5.067941125,-4.115182935,2.200045913));
#2100=CARTESIAN_POINT('',(-5.123101497,-4.124789795,2.295586479));
#2101=CARTESIAN_POINT('',(-5.123114487,-4.124792058,2.295608979));
#2102=CARTESIAN_POINT('',(-5.123127479,-4.12479432,2.295631479));
#2103=CARTESIAN_POINT('',(-5.123140473,-4.124796583,2.295653977));
#2104=CARTESIAN_POINT('',(-5.178313067,-4.134403819,2.391188198));
#2105=CARTESIAN_POINT('',(-5.256326808,-4.144349602,2.469191985));
#2106=CARTESIAN_POINT('',(-5.351867374,-4.153956463,2.524352356));
#2107=CARTESIAN_POINT('',(-5.351889874,-4.153958725,2.524365346));
#2108=CARTESIAN_POINT('',(-5.351912375,-4.153960988,2.524378335));
#2109=CARTESIAN_POINT('',(-5.351934877,-4.15396325,2.524391323));
#2110=CARTESIAN_POINT('',(-5.447482856,-4.163570485,2.579540088));
#2111=CARTESIAN_POINT('',(-5.554046631,-4.173516268,2.608086479));
#2112=CARTESIAN_POINT('',(-5.664367374,-4.183123129,2.608086479));
#2113=CARTESIAN_POINT('',(-5.664393355,-4.183125392,2.608086479));
#2114=CARTESIAN_POINT('',(-5.664419336,-4.183127654,2.608086477));
#2115=CARTESIAN_POINT('',(-5.664445317,-4.183129917,2.608086474));
#2116=CARTESIAN_POINT('',(-5.774766677,-4.192737152,2.608072715));
#2117=CARTESIAN_POINT('',(-5.881326808,-4.202682934,2.579512727));
#2118=CARTESIAN_POINT('',(-5.976867374,-4.212289795,2.524352356));
#2119=CARTESIAN_POINT('',(-5.976889874,-4.212292058,2.524339366));
#2120=CARTESIAN_POINT('',(-5.976912374,-4.21229432,2.524326374));
#2121=CARTESIAN_POINT('',(-5.976934872,-4.212296583,2.52431338));
#2122=CARTESIAN_POINT('',(-6.072469093,-4.221903819,2.469140786));
#2123=CARTESIAN_POINT('',(-6.15047288,-4.231849601,2.391127045));
#2124=CARTESIAN_POINT('',(-6.205633251,-4.241456463,2.295586479));
#2125=CARTESIAN_POINT('',(-6.205646241,-4.241458725,2.295563978));
#2126=CARTESIAN_POINT('',(-6.205659231,-4.241460988,2.295541477));
#2127=CARTESIAN_POINT('',(-6.205672218,-4.24146325,2.295518975));
#2128=CARTESIAN_POINT('',(-6.260820984,-4.251070486,2.199970997));
#2129=CARTESIAN_POINT('',(-6.289367374,-4.261016268,2.093407222));
#2130=CARTESIAN_POINT('',(-6.289367374,-4.27062313,1.983086479));
#2131=CARTESIAN_POINT('',(-6.289367374,-4.270625392,1.983060498));
#2132=CARTESIAN_POINT('',(-6.289367372,-4.270627654,1.983034517));
#2133=CARTESIAN_POINT('',(-6.289367369,-4.270629917,1.983008536));
#2134=CARTESIAN_POINT('',(-6.289353611,-4.280237152,1.872687176));
#2135=CARTESIAN_POINT('',(-6.260793623,-4.290182934,1.766127045));
#2136=CARTESIAN_POINT('',(-6.205633251,-4.299789795,1.670586478));
#2137=CARTESIAN_POINT('',(-6.20562026,-4.299792058,1.670563978));
#2138=CARTESIAN_POINT('',(-6.205607268,-4.29979432,1.670541479));
#2139=CARTESIAN_POINT('',(-6.205594275,-4.299796583,1.67051898));
#2140=CARTESIAN_POINT('',(-6.150421681,-4.309403819,1.574984759));
#2141=CARTESIAN_POINT('',(-6.07240794,-4.319349602,1.496980973));
#2142=CARTESIAN_POINT('',(-5.976867374,-4.328956463,1.441820601));
#2143=CARTESIAN_POINT('',(-5.976844874,-4.328958725,1.441807611));
#2144=CARTESIAN_POINT('',(-5.976822373,-4.328960988,1.441794621));
#2145=CARTESIAN_POINT('',(-5.976799871,-4.32896325,1.441781634));
#2146=CARTESIAN_POINT('',(-5.881251891,-4.338570486,1.386632869));
#2147=CARTESIAN_POINT('',(-5.774688117,-4.348516268,1.358086479));
#2148=CARTESIAN_POINT('',(-5.664367374,-4.358123129,1.358086479));
#2149=CARTESIAN_POINT('',(-5.664341393,-4.358125391,1.358086479));
#2150=CARTESIAN_POINT('',(-5.664315412,-4.358127654,1.35808648));
#2151=CARTESIAN_POINT('',(-5.664289431,-4.358129916,1.358086483));
#2152=CARTESIAN_POINT('',(-5.553968071,-4.367737153,1.358100241));
#2153=CARTESIAN_POINT('',(-5.44740794,-4.377682935,1.38666023));
#2154=CARTESIAN_POINT('',(-5.351867374,-4.387289795,1.441820601));
#2155=CARTESIAN_POINT('',(-5.351844874,-4.387292058,1.441833592));
#2156=CARTESIAN_POINT('',(-5.351822374,-4.38729432,1.441846584));
#2157=CARTESIAN_POINT('',(-5.351799876,-4.387296583,1.441859577));
#2158=CARTESIAN_POINT('',(-5.256265654,-4.396903819,1.497032172));
#2159=CARTESIAN_POINT('',(-5.178261868,-4.406849601,1.575045913));
#2160=CARTESIAN_POINT('',(-5.123101497,-4.416456463,1.670586479));
#2161=CARTESIAN_POINT('',(-5.123088506,-4.416458725,1.670608979));
#2162=CARTESIAN_POINT('',(-5.123075517,-4.416460988,1.670631481));
#2163=CARTESIAN_POINT('',(-5.12306253,-4.41646325,1.670653982));
#2164=CARTESIAN_POINT('',(-5.067913764,-4.426070486,1.766201961));
#2165=CARTESIAN_POINT('',(-5.039367374,-4.436016268,1.872765736));
#2166=CARTESIAN_POINT('',(-5.039367374,-4.44562313,1.983086479));
#2167=CARTESIAN_POINT('',(-5.039367374,-4.445625392,1.98311246));
#2168=CARTESIAN_POINT('',(-5.039367376,-4.445627654,1.983138441));
#2169=CARTESIAN_POINT('',(-5.039367379,-4.445629917,1.983164422));
#2170=CARTESIAN_POINT('',(-5.039381137,-4.455237153,2.093485782));
#2171=CARTESIAN_POINT('',(-5.067941125,-4.465182935,2.200045913));
#2172=CARTESIAN_POINT('',(-5.123101497,-4.474789795,2.295586479));
#2173=CARTESIAN_POINT('',(-5.123114487,-4.474792058,2.295608979));
#2174=CARTESIAN_POINT('',(-5.123127479,-4.47479432,2.295631479));
#2175=CARTESIAN_POINT('',(-5.123140473,-4.474796583,2.295653977));
#2176=CARTESIAN_POINT('',(-5.178313067,-4.484403819,2.391188199));
#2177=CARTESIAN_POINT('',(-5.256326808,-4.494349602,2.469191985));
#2178=CARTESIAN_POINT('',(-5.351867374,-4.503956463,2.524352356));
#2179=CARTESIAN_POINT('',(-5.351889874,-4.503958725,2.524365346));
#2180=CARTESIAN_POINT('',(-5.351912375,-4.503960988,2.524378336));
#2181=CARTESIAN_POINT('',(-5.351934877,-4.50396325,2.524391323));
#2182=CARTESIAN_POINT('',(-5.447482856,-4.513570486,2.579540089));
#2183=CARTESIAN_POINT('',(-5.554046631,-4.523516268,2.608086479));
#2184=CARTESIAN_POINT('',(-5.664367374,-4.533123129,2.608086479));
#2185=CARTESIAN_POINT('',(-5.664393355,-4.533125392,2.608086479));
#2186=CARTESIAN_POINT('',(-5.664419336,-4.533127654,2.608086477));
#2187=CARTESIAN_POINT('',(-5.664445317,-4.533129917,2.608086474));
#2188=CARTESIAN_POINT('',(-5.774766677,-4.542737152,2.608072716));
#2189=CARTESIAN_POINT('',(-5.881326808,-4.552682934,2.579512728));
#2190=CARTESIAN_POINT('',(-5.976867374,-4.562289795,2.524352356));
#2191=CARTESIAN_POINT('',(-5.976889874,-4.562292058,2.524339366));
#2192=CARTESIAN_POINT('',(-5.976912374,-4.56229432,2.524326374));
#2193=CARTESIAN_POINT('',(-5.976934872,-4.562296583,2.524313381));
#2194=CARTESIAN_POINT('',(-6.072469093,-4.571903819,2.469140786));
#2195=CARTESIAN_POINT('',(-6.15047288,-4.581849601,2.391127045));
#2196=CARTESIAN_POINT('',(-6.205633251,-4.591456463,2.295586479));
#2197=CARTESIAN_POINT('',(-6.205646241,-4.591458725,2.295563979));
#2198=CARTESIAN_POINT('',(-6.205659231,-4.591460988,2.295541478));
#2199=CARTESIAN_POINT('',(-6.205672218,-4.59146325,2.295518976));
#2200=CARTESIAN_POINT('',(-6.260820984,-4.601070486,2.199970996));
#2201=CARTESIAN_POINT('',(-6.289367374,-4.611016268,2.093407222));
#2202=CARTESIAN_POINT('',(-6.289367374,-4.620623129,1.983086479));
#2203=CARTESIAN_POINT('',(-6.289367374,-4.620625391,1.983060498));
#2204=CARTESIAN_POINT('',(-6.289367372,-4.620627654,1.983034517));
#2205=CARTESIAN_POINT('',(-6.289367369,-4.620629916,1.983008536));
#2206=CARTESIAN_POINT('',(-6.289353611,-4.630237152,1.872687176));
#2207=CARTESIAN_POINT('',(-6.260793623,-4.640182935,1.766127045));
#2208=CARTESIAN_POINT('',(-6.205633251,-4.649789795,1.670586479));
#2209=CARTESIAN_POINT('',(-6.20562026,-4.649792058,1.670563979));
#2210=CARTESIAN_POINT('',(-6.205607268,-4.64979432,1.670541479));
#2211=CARTESIAN_POINT('',(-6.205594275,-4.649796583,1.67051898));
#2212=CARTESIAN_POINT('',(-6.150421681,-4.659403819,1.57498476));
#2213=CARTESIAN_POINT('',(-6.07240794,-4.669349602,1.496980973));
#2214=CARTESIAN_POINT('',(-5.976867374,-4.678956463,1.441820601));
#2215=CARTESIAN_POINT('',(-5.976844874,-4.678958725,1.441807611));
#2216=CARTESIAN_POINT('',(-5.976822373,-4.678960988,1.441794622));
#2217=CARTESIAN_POINT('',(-5.976799871,-4.67896325,1.441781634));
#2218=CARTESIAN_POINT('',(-5.881251891,-4.688570486,1.386632869));
#2219=CARTESIAN_POINT('',(-5.774688117,-4.698516268,1.358086479));
#2220=CARTESIAN_POINT('',(-5.664367374,-4.708123129,1.358086479));
#2221=CARTESIAN_POINT('',(-5.664341393,-4.708125391,1.358086479));
#2222=CARTESIAN_POINT('',(-5.664315412,-4.708127654,1.35808648));
#2223=CARTESIAN_POINT('',(-5.664289431,-4.708129916,1.358086484));
#2224=CARTESIAN_POINT('',(-5.553968071,-4.717737153,1.358100242));
#2225=CARTESIAN_POINT('',(-5.44740794,-4.727682935,1.38666023));
#2226=CARTESIAN_POINT('',(-5.351867374,-4.737289795,1.441820602));
#2227=CARTESIAN_POINT('',(-5.351844874,-4.737292058,1.441833592));
#2228=CARTESIAN_POINT('',(-5.351822374,-4.73729432,1.441846584));
#2229=CARTESIAN_POINT('',(-5.351799876,-4.737296583,1.441859577));
#2230=CARTESIAN_POINT('',(-5.256265654,-4.746903819,1.497032172));
#2231=CARTESIAN_POINT('',(-5.178261868,-4.756849601,1.575045912));
#2232=CARTESIAN_POINT('',(-5.123101497,-4.766456463,1.670586478));
#2233=CARTESIAN_POINT('',(-5.123088506,-4.766458725,1.670608979));
#2234=CARTESIAN_POINT('',(-5.123075517,-4.766460988,1.67063148));
#2235=CARTESIAN_POINT('',(-5.12306253,-4.76646325,1.670653982));
#2236=CARTESIAN_POINT('',(-5.067913764,-4.776070486,1.766201961));
#2237=CARTESIAN_POINT('',(-5.039367374,-4.786016268,1.872765736));
#2238=CARTESIAN_POINT('',(-5.039367374,-4.795623129,1.983086478));
#2239=CARTESIAN_POINT('',(-5.039367374,-4.795625391,1.983112459));
#2240=CARTESIAN_POINT('',(-5.039367376,-4.795627654,1.98313844));
#2241=CARTESIAN_POINT('',(-5.039367379,-4.795629916,1.983164422));
#2242=CARTESIAN_POINT('',(-5.039381137,-4.805237152,2.093485782));
#2243=CARTESIAN_POINT('',(-5.067941125,-4.815182935,2.200045913));
#2244=CARTESIAN_POINT('',(-5.123101497,-4.824789796,2.295586478));
#2245=CARTESIAN_POINT('',(-5.123114487,-4.824792058,2.295608979));
#2246=CARTESIAN_POINT('',(-5.123127479,-4.82479432,2.295631478));
#2247=CARTESIAN_POINT('',(-5.123140473,-4.824796583,2.295653977));
#2248=CARTESIAN_POINT('',(-5.178313067,-4.834403819,2.391188198));
#2249=CARTESIAN_POINT('',(-5.256326808,-4.844349601,2.469191985));
#2250=CARTESIAN_POINT('',(-5.351867374,-4.853956462,2.524352356));
#2251=CARTESIAN_POINT('',(-5.351889874,-4.853958724,2.524365347));
#2252=CARTESIAN_POINT('',(-5.351912375,-4.853960987,2.524378336));
#2253=CARTESIAN_POINT('',(-5.351934877,-4.853963249,2.524391324));
#2254=CARTESIAN_POINT('',(-5.405870882,-4.859386451,2.555522323));
#2255=CARTESIAN_POINT('',(-5.46398383,-4.864980721,2.578396266));
#2256=CARTESIAN_POINT('',(-5.525036084,-4.870622997,2.592358004));
#2257=CARTESIAN_POINT('',(-5.11920986,-3.100912693,1.397559998));
#2258=CARTESIAN_POINT('',(-5.060767685,-3.106533048,1.451972893));
#2259=CARTESIAN_POINT('',(-5.011226731,-3.112104836,1.51431179));
#2260=CARTESIAN_POINT('',(-4.971526497,-3.117506462,1.583074612));
#2261=CARTESIAN_POINT('',(-4.971509869,-3.117508725,1.583103413));
#2262=CARTESIAN_POINT('',(-4.971493242,-3.117510987,1.583132215));
#2263=CARTESIAN_POINT('',(-4.971476617,-3.11751325,1.583161018));
#2264=CARTESIAN_POINT('',(-4.900884104,-3.127120485,1.70546606));
#2265=CARTESIAN_POINT('',(-4.86434364,-3.137066268,1.841871738));
#2266=CARTESIAN_POINT('',(-4.86434364,-3.14667313,1.983086479));
#2267=CARTESIAN_POINT('',(-4.86434364,-3.146675392,1.983119735));
#2268=CARTESIAN_POINT('',(-4.864343642,-3.146677654,1.983152992));
#2269=CARTESIAN_POINT('',(-4.864343646,-3.146679917,1.983186249));
#2270=CARTESIAN_POINT('',(-4.864361257,-3.156287153,2.124401779));
#2271=CARTESIAN_POINT('',(-4.900919127,-3.166232935,2.260802794));
#2272=CARTESIAN_POINT('',(-4.971526497,-3.175839796,2.383098346));
#2273=CARTESIAN_POINT('',(-4.971543125,-3.175842058,2.383127147));
#2274=CARTESIAN_POINT('',(-4.971559755,-3.175844321,2.383155947));
#2275=CARTESIAN_POINT('',(-4.971576387,-3.175846584,2.383184747));
#2276=CARTESIAN_POINT('',(-5.042199403,-3.185453819,2.505472177));
#2277=CARTESIAN_POINT('',(-5.142059954,-3.195399601,2.605319986));
#2278=CARTESIAN_POINT('',(-5.264355507,-3.205006462,2.675927356));
#2279=CARTESIAN_POINT('',(-5.264384308,-3.205008725,2.675943984));
#2280=CARTESIAN_POINT('',(-5.26441311,-3.205010987,2.675960611));
#2281=CARTESIAN_POINT('',(-5.264441914,-3.20501325,2.675977236));
#2282=CARTESIAN_POINT('',(-5.386746956,-3.214620486,2.746569749));
#2283=CARTESIAN_POINT('',(-5.523152634,-3.224566268,2.783110213));
#2284=CARTESIAN_POINT('',(-5.664367374,-3.234173129,2.783110213));
#2285=CARTESIAN_POINT('',(-5.664400631,-3.234175392,2.783110213));
#2286=CARTESIAN_POINT('',(-5.664433887,-3.234177654,2.783110211));
#2287=CARTESIAN_POINT('',(-5.664467144,-3.234179917,2.783110207));
#2288=CARTESIAN_POINT('',(-5.805682674,-3.243787152,2.783092596));
#2289=CARTESIAN_POINT('',(-5.942083688,-3.253732935,2.746534726));
#2290=CARTESIAN_POINT('',(-6.064379241,-3.263339796,2.675927356));
#2291=CARTESIAN_POINT('',(-6.064408042,-3.263342058,2.675910728));
#2292=CARTESIAN_POINT('',(-6.064436842,-3.263344321,2.675894098));
#2293=CARTESIAN_POINT('',(-6.064465641,-3.263346584,2.675877466));
#2294=CARTESIAN_POINT('',(-6.186753072,-3.272953819,2.605254449));
#2295=CARTESIAN_POINT('',(-6.286600881,-3.282899601,2.505393899));
#2296=CARTESIAN_POINT('',(-6.357208251,-3.292506462,2.383098346));
#2297=CARTESIAN_POINT('',(-6.357224879,-3.292508725,2.383069545));
#2298=CARTESIAN_POINT('',(-6.357241506,-3.292510987,2.383040743));
#2299=CARTESIAN_POINT('',(-6.357258131,-3.29251325,2.383011939));
#2300=CARTESIAN_POINT('',(-6.427850644,-3.302120486,2.260706897));
#2301=CARTESIAN_POINT('',(-6.464391108,-3.312066268,2.124301219));
#2302=CARTESIAN_POINT('',(-6.464391108,-3.321673129,1.983086479));
#2303=CARTESIAN_POINT('',(-6.464391108,-3.321675391,1.983053222));
#2304=CARTESIAN_POINT('',(-6.464391106,-3.321677654,1.983019966));
#2305=CARTESIAN_POINT('',(-6.464391102,-3.321679916,1.982986709));
#2306=CARTESIAN_POINT('',(-6.464373491,-3.331287152,1.841771178));
#2307=CARTESIAN_POINT('',(-6.427815621,-3.341232935,1.705370164));
#2308=CARTESIAN_POINT('',(-6.357208251,-3.350839796,1.583074612));
#2309=CARTESIAN_POINT('',(-6.357191623,-3.350842058,1.583045811));
#2310=CARTESIAN_POINT('',(-6.357174992,-3.350844321,1.583017011));
#2311=CARTESIAN_POINT('',(-6.35715836,-3.350846583,1.582988212));
#2312=CARTESIAN_POINT('',(-6.286535345,-3.360453819,1.460700781));
#2313=CARTESIAN_POINT('',(-6.186674794,-3.370399601,1.360852972));
#2314=CARTESIAN_POINT('',(-6.064379241,-3.380006462,1.290245602));
#2315=CARTESIAN_POINT('',(-6.06435044,-3.380008725,1.290228973));
#2316=CARTESIAN_POINT('',(-6.064321638,-3.380010987,1.290212347));
#2317=CARTESIAN_POINT('',(-6.064292834,-3.38001325,1.290195722));
#2318=CARTESIAN_POINT('',(-5.941987792,-3.389620486,1.219603209));
#2319=CARTESIAN_POINT('',(-5.805582114,-3.399566268,1.183062745));
#2320=CARTESIAN_POINT('',(-5.664367374,-3.409173129,1.183062745));
#2321=CARTESIAN_POINT('',(-5.664334117,-3.409175391,1.183062745));
#2322=CARTESIAN_POINT('',(-5.664300861,-3.409177654,1.183062747));
#2323=CARTESIAN_POINT('',(-5.664267604,-3.409179916,1.183062751));
#2324=CARTESIAN_POINT('',(-5.523052074,-3.418787152,1.183080362));
#2325=CARTESIAN_POINT('',(-5.38665106,-3.428732935,1.219638231));
#2326=CARTESIAN_POINT('',(-5.264355507,-3.438339796,1.290245601));
#2327=CARTESIAN_POINT('',(-5.264326706,-3.438342058,1.290262229));
#2328=CARTESIAN_POINT('',(-5.264297906,-3.438344321,1.290278859));
#2329=CARTESIAN_POINT('',(-5.264269106,-3.438346583,1.290295491));
#2330=CARTESIAN_POINT('',(-5.141981675,-3.447953819,1.360918508));
#2331=CARTESIAN_POINT('',(-5.042133867,-3.457899601,1.460779059));
#2332=CARTESIAN_POINT('',(-4.971526497,-3.467506462,1.583074612));
#2333=CARTESIAN_POINT('',(-4.971509869,-3.467508725,1.583103413));
#2334=CARTESIAN_POINT('',(-4.971493242,-3.467510987,1.583132215));
#2335=CARTESIAN_POINT('',(-4.971476617,-3.46751325,1.583161018));
#2336=CARTESIAN_POINT('',(-4.900884104,-3.477120485,1.70546606));
#2337=CARTESIAN_POINT('',(-4.86434364,-3.487066268,1.841871739));
#2338=CARTESIAN_POINT('',(-4.86434364,-3.496673129,1.983086479));
#2339=CARTESIAN_POINT('',(-4.86434364,-3.496675391,1.983119736));
#2340=CARTESIAN_POINT('',(-4.864343642,-3.496677654,1.983152992));
#2341=CARTESIAN_POINT('',(-4.864343646,-3.496679916,1.983186249));
#2342=CARTESIAN_POINT('',(-4.864361257,-3.506287152,2.124401779));
#2343=CARTESIAN_POINT('',(-4.900919127,-3.516232935,2.260802793));
#2344=CARTESIAN_POINT('',(-4.971526497,-3.525839796,2.383098345));
#2345=CARTESIAN_POINT('',(-4.971543125,-3.525842059,2.383127146));
#2346=CARTESIAN_POINT('',(-4.971559755,-3.525844321,2.383155947));
#2347=CARTESIAN_POINT('',(-4.971576387,-3.525846584,2.383184746));
#2348=CARTESIAN_POINT('',(-5.042199403,-3.535453819,2.505472177));
#2349=CARTESIAN_POINT('',(-5.142059954,-3.545399602,2.605319986));
#2350=CARTESIAN_POINT('',(-5.264355507,-3.555006462,2.675927356));
#2351=CARTESIAN_POINT('',(-5.264384308,-3.555008725,2.675943984));
#2352=CARTESIAN_POINT('',(-5.26441311,-3.555010987,2.675960611));
#2353=CARTESIAN_POINT('',(-5.264441914,-3.55501325,2.675977236));
#2354=CARTESIAN_POINT('',(-5.386746956,-3.564620486,2.746569749));
#2355=CARTESIAN_POINT('',(-5.523152634,-3.574566268,2.783110213));
#2356=CARTESIAN_POINT('',(-5.664367374,-3.584173129,2.783110213));
#2357=CARTESIAN_POINT('',(-5.664400631,-3.584175392,2.783110213));
#2358=CARTESIAN_POINT('',(-5.664433887,-3.584177654,2.783110211));
#2359=CARTESIAN_POINT('',(-5.664467144,-3.584179917,2.783110207));
#2360=CARTESIAN_POINT('',(-5.805682674,-3.593787152,2.783092596));
#2361=CARTESIAN_POINT('',(-5.942083688,-3.603732935,2.746534727));
#2362=CARTESIAN_POINT('',(-6.064379241,-3.613339796,2.675927357));
#2363=CARTESIAN_POINT('',(-6.064408042,-3.613342059,2.675910728));
#2364=CARTESIAN_POINT('',(-6.064436842,-3.613344321,2.675894098));
#2365=CARTESIAN_POINT('',(-6.064465641,-3.613346584,2.675877466));
#2366=CARTESIAN_POINT('',(-6.186753072,-3.622953819,2.605254449));
#2367=CARTESIAN_POINT('',(-6.286600881,-3.632899601,2.505393898));
#2368=CARTESIAN_POINT('',(-6.357208251,-3.642506462,2.383098346));
#2369=CARTESIAN_POINT('',(-6.357224879,-3.642508725,2.383069545));
#2370=CARTESIAN_POINT('',(-6.357241506,-3.642510987,2.383040743));
#2371=CARTESIAN_POINT('',(-6.357258131,-3.64251325,2.383011939));
#2372=CARTESIAN_POINT('',(-6.427850644,-3.652120486,2.260706898));
#2373=CARTESIAN_POINT('',(-6.464391108,-3.662066268,2.124301219));
#2374=CARTESIAN_POINT('',(-6.464391108,-3.671673129,1.983086479));
#2375=CARTESIAN_POINT('',(-6.464391108,-3.671675391,1.983053223));
#2376=CARTESIAN_POINT('',(-6.464391106,-3.671677654,1.983019966));
#2377=CARTESIAN_POINT('',(-6.464391102,-3.671679916,1.982986709));
#2378=CARTESIAN_POINT('',(-6.464373491,-3.681287152,1.841771179));
#2379=CARTESIAN_POINT('',(-6.427815621,-3.691232935,1.705370164));
#2380=CARTESIAN_POINT('',(-6.357208251,-3.700839796,1.583074611));
#2381=CARTESIAN_POINT('',(-6.357191623,-3.700842058,1.58304581));
#2382=CARTESIAN_POINT('',(-6.357174992,-3.700844321,1.58301701));
#2383=CARTESIAN_POINT('',(-6.35715836,-3.700846583,1.582988211));
#2384=CARTESIAN_POINT('',(-6.286535345,-3.710453819,1.460700781));
#2385=CARTESIAN_POINT('',(-6.186674794,-3.720399601,1.360852972));
#2386=CARTESIAN_POINT('',(-6.064379241,-3.730006462,1.290245602));
#2387=CARTESIAN_POINT('',(-6.06435044,-3.730008725,1.290228974));
#2388=CARTESIAN_POINT('',(-6.064321638,-3.730010987,1.290212347));
#2389=CARTESIAN_POINT('',(-6.064292834,-3.73001325,1.290195722));
#2390=CARTESIAN_POINT('',(-5.941987792,-3.739620486,1.219603208));
#2391=CARTESIAN_POINT('',(-5.805582114,-3.749566268,1.183062745));
#2392=CARTESIAN_POINT('',(-5.664367374,-3.759173129,1.183062745));
#2393=CARTESIAN_POINT('',(-5.664334117,-3.759175391,1.183062745));
#2394=CARTESIAN_POINT('',(-5.664300861,-3.759177654,1.183062747));
#2395=CARTESIAN_POINT('',(-5.664267604,-3.759179916,1.183062751));
#2396=CARTESIAN_POINT('',(-5.523052074,-3.768787153,1.183080362));
#2397=CARTESIAN_POINT('',(-5.38665106,-3.778732935,1.219638231));
#2398=CARTESIAN_POINT('',(-5.264355507,-3.788339796,1.290245601));
#2399=CARTESIAN_POINT('',(-5.264326706,-3.788342058,1.29026223));
#2400=CARTESIAN_POINT('',(-5.264297906,-3.788344321,1.29027886));
#2401=CARTESIAN_POINT('',(-5.264269106,-3.788346583,1.290295492));
#2402=CARTESIAN_POINT('',(-5.141981675,-3.797953819,1.360918508));
#2403=CARTESIAN_POINT('',(-5.042133867,-3.807899601,1.46077906));
#2404=CARTESIAN_POINT('',(-4.971526497,-3.817506462,1.583074612));
#2405=CARTESIAN_POINT('',(-4.971509869,-3.817508725,1.583103413));
#2406=CARTESIAN_POINT('',(-4.971493242,-3.817510987,1.583132215));
#2407=CARTESIAN_POINT('',(-4.971476617,-3.81751325,1.583161019));
#2408=CARTESIAN_POINT('',(-4.900884104,-3.827120485,1.70546606));
#2409=CARTESIAN_POINT('',(-4.86434364,-3.837066268,1.841871738));
#2410=CARTESIAN_POINT('',(-4.86434364,-3.846673129,1.983086478));
#2411=CARTESIAN_POINT('',(-4.86434364,-3.846675391,1.983119735));
#2412=CARTESIAN_POINT('',(-4.864343642,-3.846677654,1.983152992));
#2413=CARTESIAN_POINT('',(-4.864343646,-3.846679916,1.983186249));
#2414=CARTESIAN_POINT('',(-4.864361257,-3.856287153,2.124401779));
#2415=CARTESIAN_POINT('',(-4.900919127,-3.866232935,2.260802793));
#2416=CARTESIAN_POINT('',(-4.971526497,-3.875839796,2.383098346));
#2417=CARTESIAN_POINT('',(-4.971543125,-3.875842059,2.383127147));
#2418=CARTESIAN_POINT('',(-4.971559755,-3.875844321,2.383155947));
#2419=CARTESIAN_POINT('',(-4.971576387,-3.875846584,2.383184746));
#2420=CARTESIAN_POINT('',(-5.042199403,-3.885453819,2.505472177));
#2421=CARTESIAN_POINT('',(-5.142059954,-3.895399602,2.605319986));
#2422=CARTESIAN_POINT('',(-5.264355507,-3.905006462,2.675927356));
#2423=CARTESIAN_POINT('',(-5.264384308,-3.905008725,2.675943985));
#2424=CARTESIAN_POINT('',(-5.26441311,-3.905010987,2.675960611));
#2425=CARTESIAN_POINT('',(-5.264441914,-3.90501325,2.675977236));
#2426=CARTESIAN_POINT('',(-5.386746956,-3.914620486,2.746569749));
#2427=CARTESIAN_POINT('',(-5.523152634,-3.924566268,2.783110213));
#2428=CARTESIAN_POINT('',(-5.664367374,-3.934173129,2.783110213));
#2429=CARTESIAN_POINT('',(-5.664400631,-3.934175392,2.783110213));
#2430=CARTESIAN_POINT('',(-5.664433887,-3.934177654,2.78311021));
#2431=CARTESIAN_POINT('',(-5.664467144,-3.934179917,2.783110206));
#2432=CARTESIAN_POINT('',(-5.805682674,-3.943787152,2.783092596));
#2433=CARTESIAN_POINT('',(-5.942083688,-3.953732934,2.746534726));
#2434=CARTESIAN_POINT('',(-6.064379241,-3.963339795,2.675927356));
#2435=CARTESIAN_POINT('',(-6.064408042,-3.963342058,2.675910727));
#2436=CARTESIAN_POINT('',(-6.064436842,-3.96334432,2.675894097));
#2437=CARTESIAN_POINT('',(-6.064465641,-3.963346583,2.675877465));
#2438=CARTESIAN_POINT('',(-6.186753072,-3.972953819,2.605254449));
#2439=CARTESIAN_POINT('',(-6.286600881,-3.982899601,2.505393898));
#2440=CARTESIAN_POINT('',(-6.357208251,-3.992506462,2.383098346));
#2441=CARTESIAN_POINT('',(-6.357224879,-3.992508725,2.383069545));
#2442=CARTESIAN_POINT('',(-6.357241506,-3.992510987,2.383040743));
#2443=CARTESIAN_POINT('',(-6.357258131,-3.99251325,2.38301194));
#2444=CARTESIAN_POINT('',(-6.427850644,-4.002120486,2.260706898));
#2445=CARTESIAN_POINT('',(-6.464391108,-4.012066268,2.124301219));
#2446=CARTESIAN_POINT('',(-6.464391108,-4.021673129,1.983086478));
#2447=CARTESIAN_POINT('',(-6.464391108,-4.021675391,1.983053222));
#2448=CARTESIAN_POINT('',(-6.464391106,-4.021677654,1.983019965));
#2449=CARTESIAN_POINT('',(-6.464391102,-4.021679916,1.982986708));
#2450=CARTESIAN_POINT('',(-6.464373491,-4.031287152,1.841771179));
#2451=CARTESIAN_POINT('',(-6.427815621,-4.041232935,1.705370164));
#2452=CARTESIAN_POINT('',(-6.357208251,-4.050839796,1.583074612));
#2453=CARTESIAN_POINT('',(-6.357191623,-4.050842058,1.58304581));
#2454=CARTESIAN_POINT('',(-6.357174992,-4.050844321,1.58301701));
#2455=CARTESIAN_POINT('',(-6.35715836,-4.050846583,1.582988211));
#2456=CARTESIAN_POINT('',(-6.286535345,-4.060453819,1.46070078));
#2457=CARTESIAN_POINT('',(-6.186674794,-4.070399601,1.360852971));
#2458=CARTESIAN_POINT('',(-6.064379241,-4.080006462,1.290245601));
#2459=CARTESIAN_POINT('',(-6.06435044,-4.080008725,1.290228973));
#2460=CARTESIAN_POINT('',(-6.064321638,-4.080010987,1.290212346));
#2461=CARTESIAN_POINT('',(-6.064292834,-4.08001325,1.290195721));
#2462=CARTESIAN_POINT('',(-5.941987792,-4.089620486,1.219603208));
#2463=CARTESIAN_POINT('',(-5.805582114,-4.099566268,1.183062744));
#2464=CARTESIAN_POINT('',(-5.664367374,-4.109173129,1.183062744));
#2465=CARTESIAN_POINT('',(-5.664334117,-4.109175391,1.183062744));
#2466=CARTESIAN_POINT('',(-5.664300861,-4.109177654,1.183062746));
#2467=CARTESIAN_POINT('',(-5.664267604,-4.109179916,1.183062751));
#2468=CARTESIAN_POINT('',(-5.523052074,-4.118787153,1.183080361));
#2469=CARTESIAN_POINT('',(-5.38665106,-4.128732935,1.219638231));
#2470=CARTESIAN_POINT('',(-5.264355507,-4.138339796,1.290245601));
#2471=CARTESIAN_POINT('',(-5.264326706,-4.138342058,1.29026223));
#2472=CARTESIAN_POINT('',(-5.264297906,-4.138344321,1.29027886));
#2473=CARTESIAN_POINT('',(-5.264269106,-4.138346583,1.290295492));
#2474=CARTESIAN_POINT('',(-5.141981675,-4.147953819,1.360918508));
#2475=CARTESIAN_POINT('',(-5.042133867,-4.157899601,1.460779059));
#2476=CARTESIAN_POINT('',(-4.971526497,-4.167506462,1.583074611));
#2477=CARTESIAN_POINT('',(-4.971509869,-4.167508725,1.583103412));
#2478=CARTESIAN_POINT('',(-4.971493242,-4.167510987,1.583132215));
#2479=CARTESIAN_POINT('',(-4.971476617,-4.16751325,1.583161018));
#2480=CARTESIAN_POINT('',(-4.900884104,-4.177120485,1.70546606));
#2481=CARTESIAN_POINT('',(-4.86434364,-4.187066268,1.841871739));
#2482=CARTESIAN_POINT('',(-4.86434364,-4.196673129,1.983086479));
#2483=CARTESIAN_POINT('',(-4.86434364,-4.196675391,1.983119735));
#2484=CARTESIAN_POINT('',(-4.864343642,-4.196677654,1.983152992));
#2485=CARTESIAN_POINT('',(-4.864343646,-4.196679916,1.983186249));
#2486=CARTESIAN_POINT('',(-4.864361257,-4.206287152,2.124401779));
#2487=CARTESIAN_POINT('',(-4.900919127,-4.216232934,2.260802793));
#2488=CARTESIAN_POINT('',(-4.971526497,-4.225839795,2.383098346));
#2489=CARTESIAN_POINT('',(-4.971543125,-4.225842058,2.383127147));
#2490=CARTESIAN_POINT('',(-4.971559755,-4.22584432,2.383155947));
#2491=CARTESIAN_POINT('',(-4.971576387,-4.225846583,2.383184746));
#2492=CARTESIAN_POINT('',(-5.042199403,-4.235453819,2.505472177));
#2493=CARTESIAN_POINT('',(-5.142059954,-4.245399602,2.605319986));
#2494=CARTESIAN_POINT('',(-5.264355507,-4.255006463,2.675927357));
#2495=CARTESIAN_POINT('',(-5.264384308,-4.255008725,2.675943985));
#2496=CARTESIAN_POINT('',(-5.26441311,-4.255010987,2.675960612));
#2497=CARTESIAN_POINT('',(-5.264441914,-4.25501325,2.675977236));
#2498=CARTESIAN_POINT('',(-5.386746956,-4.264620486,2.74656975));
#2499=CARTESIAN_POINT('',(-5.523152634,-4.274566268,2.783110213));
#2500=CARTESIAN_POINT('',(-5.664367374,-4.284173129,2.783110213));
#2501=CARTESIAN_POINT('',(-5.664400631,-4.284175391,2.783110213));
#2502=CARTESIAN_POINT('',(-5.664433887,-4.284177653,2.783110211));
#2503=CARTESIAN_POINT('',(-5.664467144,-4.284179916,2.783110207));
#2504=CARTESIAN_POINT('',(-5.805682674,-4.293787152,2.783092596));
#2505=CARTESIAN_POINT('',(-5.942083688,-4.303732934,2.746534726));
#2506=CARTESIAN_POINT('',(-6.064379241,-4.313339795,2.675927356));
#2507=CARTESIAN_POINT('',(-6.064408042,-4.313342058,2.675910728));
#2508=CARTESIAN_POINT('',(-6.064436842,-4.31334432,2.675894097));
#2509=CARTESIAN_POINT('',(-6.064465641,-4.313346583,2.675877465));
#2510=CARTESIAN_POINT('',(-6.186753072,-4.322953819,2.605254449));
#2511=CARTESIAN_POINT('',(-6.286600881,-4.332899601,2.505393898));
#2512=CARTESIAN_POINT('',(-6.357208251,-4.342506463,2.383098346));
#2513=CARTESIAN_POINT('',(-6.357224879,-4.342508725,2.383069544));
#2514=CARTESIAN_POINT('',(-6.357241506,-4.342510987,2.383040742));
#2515=CARTESIAN_POINT('',(-6.357258131,-4.34251325,2.383011939));
#2516=CARTESIAN_POINT('',(-6.427850644,-4.352120486,2.260706898));
#2517=CARTESIAN_POINT('',(-6.464391108,-4.362066268,2.124301219));
#2518=CARTESIAN_POINT('',(-6.464391108,-4.371673129,1.983086479));
#2519=CARTESIAN_POINT('',(-6.464391108,-4.371675391,1.983053222));
#2520=CARTESIAN_POINT('',(-6.464391106,-4.371677654,1.983019965));
#2521=CARTESIAN_POINT('',(-6.464391102,-4.371679916,1.982986708));
#2522=CARTESIAN_POINT('',(-6.464373491,-4.381287152,1.841771179));
#2523=CARTESIAN_POINT('',(-6.427815621,-4.391232935,1.705370165));
#2524=CARTESIAN_POINT('',(-6.357208251,-4.400839796,1.583074612));
#2525=CARTESIAN_POINT('',(-6.357191623,-4.400842058,1.583045811));
#2526=CARTESIAN_POINT('',(-6.357174992,-4.400844321,1.583017011));
#2527=CARTESIAN_POINT('',(-6.35715836,-4.400846583,1.582988211));
#2528=CARTESIAN_POINT('',(-6.286535345,-4.410453819,1.46070078));
#2529=CARTESIAN_POINT('',(-6.186674794,-4.420399602,1.360852971));
#2530=CARTESIAN_POINT('',(-6.064379241,-4.430006462,1.290245601));
#2531=CARTESIAN_POINT('',(-6.06435044,-4.430008725,1.290228973));
#2532=CARTESIAN_POINT('',(-6.064321638,-4.430010987,1.290212346));
#2533=CARTESIAN_POINT('',(-6.064292834,-4.43001325,1.290195722));
#2534=CARTESIAN_POINT('',(-5.941987792,-4.439620486,1.219603208));
#2535=CARTESIAN_POINT('',(-5.805582114,-4.449566268,1.183062745));
#2536=CARTESIAN_POINT('',(-5.664367374,-4.459173129,1.183062745));
#2537=CARTESIAN_POINT('',(-5.664334117,-4.459175391,1.183062745));
#2538=CARTESIAN_POINT('',(-5.664300861,-4.459177654,1.183062747));
#2539=CARTESIAN_POINT('',(-5.664267604,-4.459179916,1.183062751));
#2540=CARTESIAN_POINT('',(-5.523052074,-4.468787153,1.183080362));
#2541=CARTESIAN_POINT('',(-5.38665106,-4.478732935,1.219638231));
#2542=CARTESIAN_POINT('',(-5.264355507,-4.488339796,1.290245602));
#2543=CARTESIAN_POINT('',(-5.264326706,-4.488342058,1.29026223));
#2544=CARTESIAN_POINT('',(-5.264297906,-4.488344321,1.29027886));
#2545=CARTESIAN_POINT('',(-5.264269106,-4.488346583,1.290295492));
#2546=CARTESIAN_POINT('',(-5.141981675,-4.497953819,1.360918508));
#2547=CARTESIAN_POINT('',(-5.042133867,-4.507899601,1.460779059));
#2548=CARTESIAN_POINT('',(-4.971526497,-4.517506462,1.583074612));
#2549=CARTESIAN_POINT('',(-4.971509869,-4.517508725,1.583103413));
#2550=CARTESIAN_POINT('',(-4.971493242,-4.517510987,1.583132215));
#2551=CARTESIAN_POINT('',(-4.971476617,-4.51751325,1.583161018));
#2552=CARTESIAN_POINT('',(-4.900884104,-4.527120486,1.70546606));
#2553=CARTESIAN_POINT('',(-4.86434364,-4.537066268,1.841871738));
#2554=CARTESIAN_POINT('',(-4.86434364,-4.546673129,1.983086479));
#2555=CARTESIAN_POINT('',(-4.86434364,-4.546675391,1.983119735));
#2556=CARTESIAN_POINT('',(-4.864343642,-4.546677654,1.983152992));
#2557=CARTESIAN_POINT('',(-4.864343646,-4.546679916,1.983186249));
#2558=CARTESIAN_POINT('',(-4.864361257,-4.556287152,2.124401779));
#2559=CARTESIAN_POINT('',(-4.900919127,-4.566232934,2.260802794));
#2560=CARTESIAN_POINT('',(-4.971526497,-4.575839795,2.383098346));
#2561=CARTESIAN_POINT('',(-4.971543125,-4.575842058,2.383127147));
#2562=CARTESIAN_POINT('',(-4.971559755,-4.57584432,2.383155947));
#2563=CARTESIAN_POINT('',(-4.971576387,-4.575846583,2.383184746));
#2564=CARTESIAN_POINT('',(-5.042199403,-4.585453819,2.505472177));
#2565=CARTESIAN_POINT('',(-5.142059954,-4.595399601,2.605319986));
#2566=CARTESIAN_POINT('',(-5.264355507,-4.605006463,2.675927356));
#2567=CARTESIAN_POINT('',(-5.264384308,-4.605008725,2.675943984));
#2568=CARTESIAN_POINT('',(-5.26441311,-4.605010988,2.675960611));
#2569=CARTESIAN_POINT('',(-5.264441914,-4.60501325,2.675977236));
#2570=CARTESIAN_POINT('',(-5.386746956,-4.614620486,2.746569749));
#2571=CARTESIAN_POINT('',(-5.523152634,-4.624566268,2.783110213));
#2572=CARTESIAN_POINT('',(-5.664367374,-4.634173129,2.783110213));
#2573=CARTESIAN_POINT('',(-5.664400631,-4.634175391,2.783110213));
#2574=CARTESIAN_POINT('',(-5.664433887,-4.634177654,2.783110211));
#2575=CARTESIAN_POINT('',(-5.664467144,-4.634179916,2.783110207));
#2576=CARTESIAN_POINT('',(-5.805682674,-4.643787152,2.783092596));
#2577=CARTESIAN_POINT('',(-5.942083688,-4.653732935,2.746534726));
#2578=CARTESIAN_POINT('',(-6.064379241,-4.663339795,2.675927356));
#2579=CARTESIAN_POINT('',(-6.064408042,-4.663342058,2.675910728));
#2580=CARTESIAN_POINT('',(-6.064436842,-4.66334432,2.675894098));
#2581=CARTESIAN_POINT('',(-6.064465641,-4.663346583,2.675877466));
#2582=CARTESIAN_POINT('',(-6.186753072,-4.672953819,2.605254449));
#2583=CARTESIAN_POINT('',(-6.286600881,-4.682899601,2.505393899));
#2584=CARTESIAN_POINT('',(-6.357208251,-4.692506463,2.383098346));
#2585=CARTESIAN_POINT('',(-6.357224879,-4.692508725,2.383069545));
#2586=CARTESIAN_POINT('',(-6.357241506,-4.692510988,2.383040742));
#2587=CARTESIAN_POINT('',(-6.357258131,-4.69251325,2.383011939));
#2588=CARTESIAN_POINT('',(-6.427850644,-4.702120486,2.260706897));
#2589=CARTESIAN_POINT('',(-6.464391108,-4.712066268,2.124301219));
#2590=CARTESIAN_POINT('',(-6.464391108,-4.721673129,1.983086479));
#2591=CARTESIAN_POINT('',(-6.464391108,-4.721675391,1.983053222));
#2592=CARTESIAN_POINT('',(-6.464391106,-4.721677654,1.983019966));
#2593=CARTESIAN_POINT('',(-6.464391102,-4.721679916,1.982986709));
#2594=CARTESIAN_POINT('',(-6.464373491,-4.731287152,1.841771179));
#2595=CARTESIAN_POINT('',(-6.427815621,-4.741232935,1.705370165));
#2596=CARTESIAN_POINT('',(-6.357208251,-4.750839796,1.583074612));
#2597=CARTESIAN_POINT('',(-6.357191623,-4.750842058,1.583045811));
#2598=CARTESIAN_POINT('',(-6.357174992,-4.750844321,1.583017011));
#2599=CARTESIAN_POINT('',(-6.35715836,-4.750846583,1.582988212));
#2600=CARTESIAN_POINT('',(-6.286535345,-4.760453819,1.460700781));
#2601=CARTESIAN_POINT('',(-6.186674794,-4.770399602,1.360852972));
#2602=CARTESIAN_POINT('',(-6.064379241,-4.780006462,1.290245602));
#2603=CARTESIAN_POINT('',(-6.06435044,-4.780008725,1.290228973));
#2604=CARTESIAN_POINT('',(-6.064321638,-4.780010987,1.290212347));
#2605=CARTESIAN_POINT('',(-6.064292834,-4.78001325,1.290195722));
#2606=CARTESIAN_POINT('',(-5.941987792,-4.789620486,1.219603208));
#2607=CARTESIAN_POINT('',(-5.805582114,-4.799566268,1.183062745));
#2608=CARTESIAN_POINT('',(-5.664367374,-4.809173129,1.183062745));
#2609=CARTESIAN_POINT('',(-5.664334117,-4.809175391,1.183062745));
#2610=CARTESIAN_POINT('',(-5.664300861,-4.809177654,1.183062747));
#2611=CARTESIAN_POINT('',(-5.664267604,-4.809179916,1.183062751));
#2612=CARTESIAN_POINT('',(-5.523052074,-4.818787153,1.183080362));
#2613=CARTESIAN_POINT('',(-5.38665106,-4.828732935,1.219638231));
#2614=CARTESIAN_POINT('',(-5.264355507,-4.838339796,1.290245602));
#2615=CARTESIAN_POINT('',(-5.264326706,-4.838342058,1.29026223));
#2616=CARTESIAN_POINT('',(-5.264297906,-4.838344321,1.29027886));
#2617=CARTESIAN_POINT('',(-5.264269106,-4.838346583,1.290295492));
#2618=CARTESIAN_POINT('',(-5.141981675,-4.847953819,1.360918509));
#2619=CARTESIAN_POINT('',(-5.042133867,-4.857899601,1.460779059));
#2620=CARTESIAN_POINT('',(-4.971526497,-4.867506462,1.583074612));
#2621=CARTESIAN_POINT('',(-4.971509869,-4.867508725,1.583103413));
#2622=CARTESIAN_POINT('',(-4.971493242,-4.867510987,1.583132215));
#2623=CARTESIAN_POINT('',(-4.971476617,-4.86751325,1.583161018));
#2624=CARTESIAN_POINT('',(-4.900884104,-4.877120486,1.70546606));
#2625=CARTESIAN_POINT('',(-4.86434364,-4.887066268,1.841871739));
#2626=CARTESIAN_POINT('',(-4.86434364,-4.896673129,1.983086479));
#2627=CARTESIAN_POINT('',(-4.86434364,-4.896675391,1.983119736));
#2628=CARTESIAN_POINT('',(-4.864343642,-4.896677654,1.983152992));
#2629=CARTESIAN_POINT('',(-4.864343646,-4.896679916,1.983186249));
#2630=CARTESIAN_POINT('',(-4.864361257,-4.906287152,2.124401779));
#2631=CARTESIAN_POINT('',(-4.900919127,-4.916232934,2.260802794));
#2632=CARTESIAN_POINT('',(-4.971526497,-4.925839795,2.383098346));
#2633=CARTESIAN_POINT('',(-4.971543125,-4.925842058,2.383127147));
#2634=CARTESIAN_POINT('',(-4.971559755,-4.92584432,2.383155948));
#2635=CARTESIAN_POINT('',(-4.971576387,-4.925846583,2.383184747));
#2636=CARTESIAN_POINT('',(-5.042199403,-4.935453819,2.505472178));
#2637=CARTESIAN_POINT('',(-5.142059954,-4.945399601,2.605319986));
#2638=CARTESIAN_POINT('',(-5.264355507,-4.955006463,2.675927356));
#2639=CARTESIAN_POINT('',(-5.264384308,-4.955008725,2.675943984));
#2640=CARTESIAN_POINT('',(-5.26441311,-4.955010988,2.675960611));
#2641=CARTESIAN_POINT('',(-5.264441914,-4.95501325,2.675977236));
#2642=CARTESIAN_POINT('',(-5.333482048,-4.960436451,2.715826097));
#2643=CARTESIAN_POINT('',(-5.407868828,-4.966030721,2.745105613));
#2644=CARTESIAN_POINT('',(-5.486018031,-4.971672998,2.762977168));
#2645=(BOUNDED_SURFACE()
B_SPLINE_SURFACE(1,3,((#1869,#1870,#1871,#1872,#1873,#1874,#1875,#1876,#1877,#1878,#1879,#1880,#1881,#1882,#1883,#1884,#1885,#1886,#1887,#1888,#1889,#1890,#1891,#1892,#1893,#1894,
#1895,#1896,#1897,#1898,#1899,#1900,#1901,#1902,#1903,#1904,#1905,#1906,#1907,#1908,#1909,#1910,#1911,#1912,#1913,#1914,#1915,#1916,#1917,#1918,#1919,
#1920,#1921,#1922,#1923,#1924,#1925,#1926,#1927,#1928,#1929,#1930,#1931,#1932,#1933,#1934,#1935,#1936,#1937,#1938,#1939,#1940,#1941,#1942,#1943,#1944,
#1945,#1946,#1947,#1948,#1949,#1950,#1951,#1952,#1953,#1954,#1955,#1956,#1957,#1958,#1959,#1960,#1961,#1962,#1963,#1964,#1965,#1966,#1967,#1968,#1969,
#1970,#1971,#1972,#1973,#1974,#1975,#1976,#1977,#1978,#1979,#1980,#1981,#1982,#1983,#1984,#1985,#1986,#1987,#1988,#1989,#1990,#1991,#1992,#1993,#1994,
#1995,#1996,#1997,#1998,#1999,#2000,#2001,#2002,#2003,#2004,#2005,#2006,#2007,#2008,#2009,#2010,#2011,#2012,#2013,#2014,#2015,#2016,#2017,#2018,#2019,
#2020,#2021,#2022,#2023,#2024,#2025,#2026,#2027,#2028,#2029,#2030,#2031,#2032,#2033,#2034,#2035,#2036,#2037,#2038,#2039,#2040,#2041,#2042,#2043,#2044,
#2045,#2046,#2047,#2048,#2049,#2050,#2051,#2052,#2053,#2054,#2055,#2056,#2057,#2058,#2059,#2060,#2061,#2062,#2063,#2064,#2065,#2066,#2067,#2068,#2069,
#2070,#2071,#2072,#2073,#2074,#2075,#2076,#2077,#2078,#2079,#2080,#2081,#2082,#2083,#2084,#2085,#2086,#2087,#2088,#2089,#2090,#2091,#2092,#2093,#2094,
#2095,#2096,#2097,#2098,#2099,#2100,#2101,#2102,#2103,#2104,#2105,#2106,#2107,#2108,#2109,#2110,#2111,#2112,#2113,#2114,#2115,#2116,#2117,#2118,#2119,
#2120,#2121,#2122,#2123,#2124,#2125,#2126,#2127,#2128,#2129,#2130,#2131,#2132,#2133,#2134,#2135,#2136,#2137,#2138,#2139,#2140,#2141,#2142,#2143,#2144,
#2145,#2146,#2147,#2148,#2149,#2150,#2151,#2152,#2153,#2154,#2155,#2156,#2157,#2158,#2159,#2160,#2161,#2162,#2163,#2164,#2165,#2166,#2167,#2168,#2169,
#2170,#2171,#2172,#2173,#2174,#2175,#2176,#2177,#2178,#2179,#2180,#2181,#2182,#2183,#2184,#2185,#2186,#2187,#2188,#2189,#2190,#2191,#2192,#2193,#2194,
#2195,#2196,#2197,#2198,#2199,#2200,#2201,#2202,#2203,#2204,#2205,#2206,#2207,#2208,#2209,#2210,#2211,#2212,#2213,#2214,#2215,#2216,#2217,#2218,#2219,
#2220,#2221,#2222,#2223,#2224,#2225,#2226,#2227,#2228,#2229,#2230,#2231,#2232,#2233,#2234,#2235,#2236,#2237,#2238,#2239,#2240,#2241,#2242,#2243,#2244,
#2245,#2246,#2247,#2248,#2249,#2250,#2251,#2252,#2253,#2254,#2255,#2256),(#2257,#2258,#2259,#2260,#2261,#2262,#2263,#2264,#2265,#2266,#2267,#2268,#2269,#2270,#2271,#2272,#2273,#2274,#2275,#2276,#2277,#2278,#2279,#2280,#2281,#2282,
#2283,#2284,#2285,#2286,#2287,#2288,#2289,#2290,#2291,#2292,#2293,#2294,#2295,#2296,#2297,#2298,#2299,#2300,#2301,#2302,#2303,#2304,#2305,#2306,#2307,
#2308,#2309,#2310,#2311,#2312,#2313,#2314,#2315,#2316,#2317,#2318,#2319,#2320,#2321,#2322,#2323,#2324,#2325,#2326,#2327,#2328,#2329,#2330,#2331,#2332,
#2333,#2334,#2335,#2336,#2337,#2338,#2339,#2340,#2341,#2342,#2343,#2344,#2345,#2346,#2347,#2348,#2349,#2350,#2351,#2352,#2353,#2354,#2355,#2356,#2357,
#2358,#2359,#2360,#2361,#2362,#2363,#2364,#2365,#2366,#2367,#2368,#2369,#2370,#2371,#2372,#2373,#2374,#2375,#2376,#2377,#2378,#2379,#2380,#2381,#2382,
#2383,#2384,#2385,#2386,#2387,#2388,#2389,#2390,#2391,#2392,#2393,#2394,#2395,#2396,#2397,#2398,#2399,#2400,#2401,#2402,#2403,#2404,#2405,#2406,#2407,
#2408,#2409,#2410,#2411,#2412,#2413,#2414,#2415,#2416,#2417,#2418,#2419,#2420,#2421,#2422,#2423,#2424,#2425,#2426,#2427,#2428,#2429,#2430,#2431,#2432,
#2433,#2434,#2435,#2436,#2437,#2438,#2439,#2440,#2441,#2442,#2443,#2444,#2445,#2446,#2447,#2448,#2449,#2450,#2451,#2452,#2453,#2454,#2455,#2456,#2457,
#2458,#2459,#2460,#2461,#2462,#2463,#2464,#2465,#2466,#2467,#2468,#2469,#2470,#2471,#2472,#2473,#2474,#2475,#2476,#2477,#2478,#2479,#2480,#2481,#2482,
#2483,#2484,#2485,#2486,#2487,#2488,#2489,#2490,#2491,#2492,#2493,#2494,#2495,#2496,#2497,#2498,#2499,#2500,#2501,#2502,#2503,#2504,#2505,#2506,#2507,
#2508,#2509,#2510,#2511,#2512,#2513,#2514,#2515,#2516,#2517,#2518,#2519,#2520,#2521,#2522,#2523,#2524,#2525,#2526,#2527,#2528,#2529,#2530,#2531,#2532,
#2533,#2534,#2535,#2536,#2537,#2538,#2539,#2540,#2541,#2542,#2543,#2544,#2545,#2546,#2547,#2548,#2549,#2550,#2551,#2552,#2553,#2554,#2555,#2556,#2557,
#2558,#2559,#2560,#2561,#2562,#2563,#2564,#2565,#2566,#2567,#2568,#2569,#2570,#2571,#2572,#2573,#2574,#2575,#2576,#2577,#2578,#2579,#2580,#2581,#2582,
#2583,#2584,#2585,#2586,#2587,#2588,#2589,#2590,#2591,#2592,#2593,#2594,#2595,#2596,#2597,#2598,#2599,#2600,#2601,#2602,#2603,#2604,#2605,#2606,#2607,
#2608,#2609,#2610,#2611,#2612,#2613,#2614,#2615,#2616,#2617,#2618,#2619,#2620,#2621,#2622,#2623,#2624,#2625,#2626,#2627,#2628,#2629,#2630,#2631,#2632,
#2633,#2634,#2635,#2636,#2637,#2638,#2639,#2640,#2641,#2642,#2643,#2644)),.UNSPECIFIED.,.F.,.F.,.U.)
B_SPLINE_SURFACE_WITH_KNOTS((2,2),(4,3,3,3,3,3,3,3,3,3,3,3,3,3,3,3,3,3,3,3,3,3,3,3,3,3,
3,3,3,3,3,3,3,3,3,3,3,3,3,3,3,3,3,3,3,3,3,3,3,3,3,
3,3,3,3,3,3,3,3,3,3,3,3,3,3,3,3,3,3,3,3,3,3,3,3,3,
3,3,3,3,3,3,3,3,3,3,3,3,3,3,3,3,3,3,3,3,3,3,3,3,3,
3,3,3,3,3,3,3,3,3,3,3,3,3,3,3,3,3,3,3,3,3,3,3,3,3,
3,3,3,4),(0.,1.),(0.68718622,0.689814815,0.68981593,0.694444444,0.694445559,0.699074074,0.699075189,0.703703704,0.703704819,0.708333333,0.708334448,0.712962963,0.712964078,0.717592593,0.717593708,0.722222222,0.722223337,0.726851852,0.726852967,0.731481481,0.731482596,0.736111111,0.736112226,0.740740741,0.740741856,0.74537037,
0.745371485,0.75,0.750001115,0.75462963,0.754630745,0.759259259,0.759260374,0.763888889,0.763890004,0.768518519,0.768519634,0.773148148,0.773149263,0.777777778,0.777778893,0.782407407,0.782408522,0.787037037,0.787038152,0.791666667,0.791667782,0.796296296,0.796297411,0.800925926,0.800927041,
0.805555556,0.805556671,0.810185185,0.8101863,0.814814815,0.81481593,0.819444444,0.819445559,0.824074074,0.824075189,0.828703704,0.828704819,0.833333333,0.833334448,0.837962963,0.837964078,0.842592593,0.842593708,0.847222222,0.847223337,0.851851852,0.851852967,0.856481481,0.856482596,0.861111111,
0.861112226,0.865740741,0.865741856,0.87037037,0.870371485,0.875,0.875001115,0.87962963,0.879630745,0.884259259,0.884260374,0.888888889,0.888890004,0.893518519,0.893519634,0.898148148,0.898149263,0.902777778,0.902778893,0.907407407,0.907408522,0.912037037,0.912038152,0.916666667,0.916667782,
0.921296296,0.921297411,0.925925926,0.925927041,0.930555556,0.930556671,0.935185185,0.9351863,0.939814815,0.93981593,0.944444444,0.944445559,0.949074074,0.949075189,0.953703704,0.953704819,0.958333333,0.958334448,0.962962963,0.962964078,0.967592593,0.967593708,0.972222222,0.972223337,0.976851852,
0.976852967,0.981481481,0.981482596,0.98412144),.UNSPECIFIED.)
GEOMETRIC_REPRESENTATION_ITEM()
RATIONAL_B_SPLINE_SURFACE(((0.983275963,0.981527645,0.987102324,1.,0.999994527,0.999989056,0.999983586,0.977283885,0.977289357,1.,0.999994527,0.999989056,0.999983586,0.977283885,0.977289357,1.,0.999994527,0.999989056,0.999983586,0.977283885,0.977289357,1.,0.999994527,0.999989056,0.999983586,0.977283885,
0.977289357,1.,0.999994527,0.999989056,0.999983586,0.977283885,0.977289357,1.,0.999994527,0.999989056,0.999983586,0.977283885,0.977289357,1.,0.999994527,0.999989056,0.999983586,0.977283885,0.977289357,1.,0.999994527,0.999989056,0.999983586,0.977283885,0.977289357,
1.,0.999994527,0.999989056,0.999983586,0.977283885,0.977289357,1.,0.999994527,0.999989056,0.999983586,0.977283885,0.977289357,1.,0.999994527,0.999989056,0.999983586,0.977283885,0.977289357,1.,0.999994527,0.999989056,0.999983586,0.977283885,0.977289357,1.,
0.999994527,0.999989056,0.999983586,0.977283885,0.977289357,1.,0.999994527,0.999989056,0.999983586,0.977283885,0.977289357,1.,0.999994527,0.999989056,0.999983586,0.977283885,0.977289357,1.,0.999994527,0.999989056,0.999983586,0.977283885,0.977289357,1.,0.999994527,
0.999989056,0.999983586,0.977283885,0.977289357,1.,0.999994527,0.999989056,0.999983586,0.977283885,0.977289357,1.,0.999994527,0.999989056,0.999983586,0.977283885,0.977289357,1.,0.999994527,0.999989056,0.999983586,0.977283885,0.977289357,1.,0.999994527,0.999989056,
0.999983586,0.977283885,0.977289357,1.,0.999994527,0.999989056,0.999983586,0.977283885,0.977289357,1.,0.999994527,0.999989056,0.999983586,0.977283885,0.977289357,1.,0.999994527,0.999989056,0.999983586,0.977283885,0.977289357,1.,0.999994527,0.999989056,0.999983586,
0.977283885,0.977289357,1.,0.999994527,0.999989056,0.999983586,0.977283885,0.977289357,1.,0.999994527,0.999989056,0.999983586,0.977283885,0.977289357,1.,0.999994527,0.999989056,0.999983586,0.977283885,0.977289357,1.,0.999994527,0.999989056,0.999983586,0.977283885,
0.977289357,1.,0.999994527,0.999989056,0.999983586,0.977283885,0.977289357,1.,0.999994527,0.999989056,0.999983586,0.977283885,0.977289357,1.,0.999994527,0.999989056,0.999983586,0.977283885,0.977289357,1.,0.999994527,0.999989056,0.999983586,0.977283885,0.977289357,
1.,0.999994527,0.999989056,0.999983586,0.977283885,0.977289357,1.,0.999994527,0.999989056,0.999983586,0.977283885,0.977289357,1.,0.999994527,0.999989056,0.999983586,0.977283885,0.977289357,1.,0.999994527,0.999989056,0.999983586,0.977283885,0.977289357,1.,
0.999994527,0.999989056,0.999983586,0.977283885,0.977289357,1.,0.999994527,0.999989056,0.999983586,0.977283885,0.977289357,1.,0.999994527,0.999989056,0.999983586,0.977283885,0.977289357,1.,0.999994527,0.999989056,0.999983586,0.977283885,0.977289357,1.,0.999994527,
0.999989056,0.999983586,0.977283885,0.977289357,1.,0.999994527,0.999989056,0.999983586,0.977283885,0.977289357,1.,0.999994527,0.999989056,0.999983586,0.977283885,0.977289357,1.,0.999994527,0.999989056,0.999983586,0.977283885,0.977289357,1.,0.999994527,0.999989056,
0.999983586,0.977283885,0.977289357,1.,0.999994527,0.999989056,0.999983586,0.977283885,0.977289357,1.,0.999994527,0.999989056,0.999983586,0.977283885,0.977289357,1.,0.999994527,0.999989056,0.999983586,0.977283885,0.977289357,1.,0.999994527,0.999989056,0.999983586,
0.977283885,0.977289357,1.,0.999994527,0.999989056,0.999983586,0.977283885,0.977289357,1.,0.999994527,0.999989056,0.999983586,0.977283885,0.977289357,1.,0.999994527,0.999989056,0.999983586,0.977283885,0.977289357,1.,0.999994527,0.999989056,0.999983586,0.977283885,
0.977289357,1.,0.999994527,0.999989056,0.999983586,0.977283885,0.977289357,1.,0.999994527,0.999989056,0.999983586,0.977283885,0.977289357,1.,0.999994527,0.999989056,0.999983586,0.977283885,0.977289357,1.,0.999994527,0.999989056,0.999983586,0.977283885,0.977289357,
1.,0.999994527,0.999989056,0.999983586,0.977283885,0.977289357,1.,0.999994527,0.999989056,0.999983586,0.977283885,0.977289357,1.,0.999994527,0.999989056,0.999983586,0.977283885,0.977289357,1.,0.999994527,0.999989056,0.999983586,0.977283885,0.977289357,1.,
0.999994527,0.999989056,0.999983586,0.977283885,0.977289357,1.,0.999994527,0.999989056,0.999983586,0.987041859,0.981480347,0.983299049),(0.983275963,0.981527645,0.987102324,1.,0.999994527,0.999989056,0.999983586,0.977283885,0.977289357,1.,0.999994527,0.999989056,0.999983586,0.977283885,0.977289357,1.,0.999994527,0.999989056,0.999983586,0.977283885,0.977289357,1.,0.999994527,0.999989056,0.999983586,0.977283885,
0.977289357,1.,0.999994527,0.999989056,0.999983586,0.977283885,0.977289357,1.,0.999994527,0.999989056,0.999983586,0.977283885,0.977289357,1.,0.999994527,0.999989056,0.999983586,0.977283885,0.977289357,1.,0.999994527,0.999989056,0.999983586,0.977283885,0.977289357,
1.,0.999994527,0.999989056,0.999983586,0.977283885,0.977289357,1.,0.999994527,0.999989056,0.999983586,0.977283885,0.977289357,1.,0.999994527,0.999989056,0.999983586,0.977283885,0.977289357,1.,0.999994527,0.999989056,0.999983586,0.977283885,0.977289357,1.,
0.999994527,0.999989056,0.999983586,0.977283885,0.977289357,1.,0.999994527,0.999989056,0.999983586,0.977283885,0.977289357,1.,0.999994527,0.999989056,0.999983586,0.977283885,0.977289357,1.,0.999994527,0.999989056,0.999983586,0.977283885,0.977289357,1.,0.999994527,
0.999989056,0.999983586,0.977283885,0.977289357,1.,0.999994527,0.999989056,0.999983586,0.977283885,0.977289357,1.,0.999994527,0.999989056,0.999983586,0.977283885,0.977289357,1.,0.999994527,0.999989056,0.999983586,0.977283885,0.977289357,1.,0.999994527,0.999989056,
0.999983586,0.977283885,0.977289357,1.,0.999994527,0.999989056,0.999983586,0.977283885,0.977289357,1.,0.999994527,0.999989056,0.999983586,0.977283885,0.977289357,1.,0.999994527,0.999989056,0.999983586,0.977283885,0.977289357,1.,0.999994527,0.999989056,0.999983586,
0.977283885,0.977289357,1.,0.999994527,0.999989056,0.999983586,0.977283885,0.977289357,1.,0.999994527,0.999989056,0.999983586,0.977283885,0.977289357,1.,0.999994527,0.999989056,0.999983586,0.977283885,0.977289357,1.,0.999994527,0.999989056,0.999983586,0.977283885,
0.977289357,1.,0.999994527,0.999989056,0.999983586,0.977283885,0.977289357,1.,0.999994527,0.999989056,0.999983586,0.977283885,0.977289357,1.,0.999994527,0.999989056,0.999983586,0.977283885,0.977289357,1.,0.999994527,0.999989056,0.999983586,0.977283885,0.977289357,
1.,0.999994527,0.999989056,0.999983586,0.977283885,0.977289357,1.,0.999994527,0.999989056,0.999983586,0.977283885,0.977289357,1.,0.999994527,0.999989056,0.999983586,0.977283885,0.977289357,1.,0.999994527,0.999989056,0.999983586,0.977283885,0.977289357,1.,
0.999994527,0.999989056,0.999983586,0.977283885,0.977289357,1.,0.999994527,0.999989056,0.999983586,0.977283885,0.977289357,1.,0.999994527,0.999989056,0.999983586,0.977283885,0.977289357,1.,0.999994527,0.999989056,0.999983586,0.977283885,0.977289357,1.,0.999994527,
0.999989056,0.999983586,0.977283885,0.977289357,1.,0.999994527,0.999989056,0.999983586,0.977283885,0.977289357,1.,0.999994527,0.999989056,0.999983586,0.977283885,0.977289357,1.,0.999994527,0.999989056,0.999983586,0.977283885,0.977289357,1.,0.999994527,0.999989056,
0.999983586,0.977283885,0.977289357,1.,0.999994527,0.999989056,0.999983586,0.977283885,0.977289357,1.,0.999994527,0.999989056,0.999983586,0.977283885,0.977289357,1.,0.999994527,0.999989056,0.999983586,0.977283885,0.977289357,1.,0.999994527,0.999989056,0.999983586,
0.977283885,0.977289357,1.,0.999994527,0.999989056,0.999983586,0.977283885,0.977289357,1.,0.999994527,0.999989056,0.999983586,0.977283885,0.977289357,1.,0.999994527,0.999989056,0.999983586,0.977283885,0.977289357,1.,0.999994527,0.999989056,0.999983586,0.977283885,
0.977289357,1.,0.999994527,0.999989056,0.999983586,0.977283885,0.977289357,1.,0.999994527,0.999989056,0.999983586,0.977283885,0.977289357,1.,0.999994527,0.999989056,0.999983586,0.977283885,0.977289357,1.,0.999994527,0.999989056,0.999983586,0.977283885,0.977289357,
1.,0.999994527,0.999989056,0.999983586,0.977283885,0.977289357,1.,0.999994527,0.999989056,0.999983586,0.977283885,0.977289357,1.,0.999994527,0.999989056,0.999983586,0.977283885,0.977289357,1.,0.999994527,0.999989056,0.999983586,0.977283885,0.977289357,1.,
0.999994527,0.999989056,0.999983586,0.977283885,0.977289357,1.,0.999994527,0.999989056,0.999983586,0.987041859,0.981480347,0.983299049)))
REPRESENTATION_ITEM('')
SURFACE()
);
#2646=ORIENTED_EDGE('',*,*,#1863,.F.);
#2647=CARTESIAN_POINT('',(-5.32229988,-3.100912418,2.506168527));
#2648=VERTEX_POINT('',#2647);
#2649=CARTESIAN_POINT('',(-5.119209494,-3.100912645,1.397560559));
#2650=CARTESIAN_POINT('',(-5.083912478,-3.100912645,1.439486071));
#2651=CARTESIAN_POINT('',(-5.053545141,-3.100912645,1.484306163));
#2652=CARTESIAN_POINT('',(-5.027912426,-3.100912645,1.531906304));
#2653=CARTESIAN_POINT('',(-5.00227971,-3.100912645,1.579506445));
#2654=CARTESIAN_POINT('',(-4.981161168,-3.100912645,1.630551175));
#2655=CARTESIAN_POINT('',(-4.966179738,-3.100912645,1.682656905));
#2656=CARTESIAN_POINT('',(-4.951198309,-3.100912645,1.734762634));
#2657=CARTESIAN_POINT('',(-4.942030448,-3.100912645,1.78793));
#2658=CARTESIAN_POINT('',(-4.93872534,-3.100912645,1.842167982));
#2659=CARTESIAN_POINT('',(-4.935420233,-3.100912645,1.896405964));
#2660=CARTESIAN_POINT('',(-4.93808936,-3.100912645,1.951443738));
#2661=CARTESIAN_POINT('',(-4.946785729,-3.100912645,2.004747211));
#2662=CARTESIAN_POINT('',(-4.955482098,-3.100912645,2.058050683));
#2663=CARTESIAN_POINT('',(-4.970596202,-3.100912645,2.110874974));
#2664=CARTESIAN_POINT('',(-4.991723274,-3.100912645,2.161113198));
#2665=CARTESIAN_POINT('',(-5.012850345,-3.100912645,2.211351421));
#2666=CARTESIAN_POINT('',(-5.039539759,-3.100912645,2.258363299));
#2667=CARTESIAN_POINT('',(-5.071755902,-3.100912645,2.302169488));
#2668=CARTESIAN_POINT('',(-5.136188189,-3.100912645,2.389781867));
#2669=CARTESIAN_POINT('',(-5.22235864,-3.100912645,2.460638741));
#2670=CARTESIAN_POINT('',(-5.322300811,-3.100912645,2.506169379));
#2671=B_SPLINE_CURVE_WITH_KNOTS('',3,(#2649,#2650,#2651,#2652,#2653,#2654,#2655,#2656,#2657,#2658,#2659,#2660,#2661,#2662,#2663,#2664,#2665,#2666,#2667,#2668,#2669,#2670),.UNSPECIFIED.,.F.,.F.,(4,3,3,3,3,3,3,4),(0.,0.000162078,0.000324157,0.000486235,0.000648313,0.000810391,0.00097247,0.001296626),.UNSPECIFIED.);
#2672=EDGE_CURVE('',#1529,#2648,#2671,.T.);
#2673=ORIENTED_EDGE('',*,*,#2672,.T.);
#2674=CARTESIAN_POINT('',(-5.664367374,-3.133123129,2.608086478));
#2675=VERTEX_POINT('',#2674);
#2676=CARTESIAN_POINT('',(-5.32229988,-3.100912418,2.506168527));
#2677=CARTESIAN_POINT('',(-5.372570858,-3.106212769,2.539043039));
#2678=CARTESIAN_POINT('',(-5.427496777,-3.111482378,2.564638724));
#2679=CARTESIAN_POINT('',(-5.485672419,-3.116953393,2.581996416));
#2680=CARTESIAN_POINT('',(-5.543848061,-3.122424409,2.599354107));
#2681=CARTESIAN_POINT('',(-5.604679937,-3.127925476,2.608086478));
#2682=CARTESIAN_POINT('',(-5.664367374,-3.133123129,2.608086478));
#2683=B_SPLINE_CURVE_WITH_KNOTS('',3,(#2676,#2677,#2678,#2679,#2680,#2681,#2682),.UNSPECIFIED.,.F.,.F.,(4,3,4),(0.703208566,0.705770949,0.708333333),.UNSPECIFIED.);
#2684=EDGE_CURVE('',#2648,#2675,#2683,.T.);
#2685=ORIENTED_EDGE('',*,*,#2684,.T.);
#2686=CARTESIAN_POINT('',(-5.664367374,-3.483123129,2.608086478));
#2687=VERTEX_POINT('',#2686);
#2688=CARTESIAN_POINT('',(-5.664367374,-3.133123129,2.608086478));
#2689=CARTESIAN_POINT('',(-5.745248319,-3.140166337,2.608086478));
#2690=CARTESIAN_POINT('',(-5.828194688,-3.147769652,2.591771724));
#2691=CARTESIAN_POINT('',(-5.903868252,-3.155091837,2.560376985));
#2692=CARTESIAN_POINT('',(-5.979541816,-3.162414022,2.528982246));
#2693=CARTESIAN_POINT('',(-6.048126354,-3.169455077,2.483210968));
#2694=CARTESIAN_POINT('',(-6.106309087,-3.176873126,2.425028242));
#2695=CARTESIAN_POINT('',(-6.164491819,-3.184291174,2.366845516));
#2696=CARTESIAN_POINT('',(-6.210263107,-3.19133223,2.298260984));
#2697=CARTESIAN_POINT('',(-6.24165786,-3.198654416,2.222587406));
#2698=CARTESIAN_POINT('',(-6.273052613,-3.205976603,2.146913829));
#2699=CARTESIAN_POINT('',(-6.289367374,-3.213579921,2.063967424));
#2700=CARTESIAN_POINT('',(-6.289367374,-3.220623129,1.983086478));
#2701=CARTESIAN_POINT('',(-6.289367374,-3.227666338,1.902205533));
#2702=CARTESIAN_POINT('',(-6.27305262,-3.235269652,1.819259164));
#2703=CARTESIAN_POINT('',(-6.241657881,-3.242591838,1.7435856));
#2704=CARTESIAN_POINT('',(-6.210263141,-3.249914023,1.667912036));
#2705=CARTESIAN_POINT('',(-6.164491854,-3.25695508,1.599327482));
#2706=CARTESIAN_POINT('',(-6.106309112,-3.264373129,1.54114474));
#2707=CARTESIAN_POINT('',(-6.04812637,-3.271791179,1.482961998));
#2708=CARTESIAN_POINT('',(-5.979541817,-3.278832236,1.437190711));
#2709=CARTESIAN_POINT('',(-5.903868253,-3.286154421,1.405795971));
#2710=CARTESIAN_POINT('',(-5.828194688,-3.293476606,1.374401232));
#2711=CARTESIAN_POINT('',(-5.74524832,-3.30107992,1.358086478));
#2712=CARTESIAN_POINT('',(-5.664367374,-3.308123129,1.358086478));
#2713=CARTESIAN_POINT('',(-5.583486428,-3.315166337,1.358086478));
#2714=CARTESIAN_POINT('',(-5.500540059,-3.322769652,1.374401232));
#2715=CARTESIAN_POINT('',(-5.424866495,-3.330091838,1.405795971));
#2716=CARTESIAN_POINT('',(-5.349192931,-3.337414023,1.437190711));
#2717=CARTESIAN_POINT('',(-5.280608377,-3.344455079,1.482961998));
#2718=CARTESIAN_POINT('',(-5.222425635,-3.351873129,1.54114474));
#2719=CARTESIAN_POINT('',(-5.164242894,-3.359291179,1.599327482));
#2720=CARTESIAN_POINT('',(-5.118471607,-3.366332236,1.667912036));
#2721=CARTESIAN_POINT('',(-5.087076867,-3.373654421,1.7435856));
#2722=CARTESIAN_POINT('',(-5.055682128,-3.380976606,1.819259164));
#2723=CARTESIAN_POINT('',(-5.039367374,-3.38857992,1.902205533));
#2724=CARTESIAN_POINT('',(-5.039367374,-3.395623129,1.983086478));
#2725=CARTESIAN_POINT('',(-5.039367374,-3.402666338,2.063967424));
#2726=CARTESIAN_POINT('',(-5.055682128,-3.410269652,2.146913793));
#2727=CARTESIAN_POINT('',(-5.087076867,-3.417591837,2.222587357));
#2728=CARTESIAN_POINT('',(-5.118471607,-3.424914022,2.298260921));
#2729=CARTESIAN_POINT('',(-5.164242894,-3.431955079,2.366845475));
#2730=CARTESIAN_POINT('',(-5.222425636,-3.439373129,2.425028217));
#2731=CARTESIAN_POINT('',(-5.280608378,-3.446791179,2.483210959));
#2732=CARTESIAN_POINT('',(-5.349192932,-3.453832236,2.528982246));
#2733=CARTESIAN_POINT('',(-5.424866496,-3.461154421,2.560376985));
#2734=CARTESIAN_POINT('',(-5.50054006,-3.468476606,2.591771724));
#2735=CARTESIAN_POINT('',(-5.583486428,-3.476079921,2.608086478));
#2736=CARTESIAN_POINT('',(-5.664367374,-3.483123129,2.608086478));
#2737=B_SPLINE_CURVE_WITH_KNOTS('',3,(#2688,#2689,#2690,#2691,#2692,#2693,#2694,#2695,#2696,#2697,#2698,#2699,#2700,#2701,#2702,#2703,#2704,#2705,#2706,#2707,#2708,#2709,#2710,#2711,#2712,#2713,
#2714,#2715,#2716,#2717,#2718,#2719,#2720,#2721,#2722,#2723,#2724,#2725,#2726,#2727,#2728,#2729,#2730,#2731,#2732,#2733,#2734,#2735,#2736),.UNSPECIFIED.,.F.,.F.,(4,3,3,3,3,3,3,3,3,3,3,3,3,3,3,3,4),(0.708333333,0.711805555,0.715277778,0.71875,0.722222222,0.725694444,0.729166667,0.732638889,0.736111111,0.739583333,0.743055556,0.746527778,0.75,0.753472222,0.756944444,0.760416667,0.763888889),.UNSPECIFIED.);
#2738=EDGE_CURVE('',#2675,#2687,#2737,.T.);
#2739=ORIENTED_EDGE('',*,*,#2738,.T.);
#2740=CARTESIAN_POINT('',(-5.664367374,-3.833123129,2.608086478));
#2741=VERTEX_POINT('',#2740);
#2742=CARTESIAN_POINT('',(-5.664367374,-3.483123129,2.608086478));
#2743=CARTESIAN_POINT('',(-5.745248318,-3.490166337,2.608086478));
#2744=CARTESIAN_POINT('',(-5.828194685,-3.497769652,2.591771725));
#2745=CARTESIAN_POINT('',(-5.903868248,-3.505091837,2.560376987));
#2746=CARTESIAN_POINT('',(-5.979541811,-3.512414021,2.528982248));
#2747=CARTESIAN_POINT('',(-6.048126364,-3.519455078,2.483210963));
#2748=CARTESIAN_POINT('',(-6.106309106,-3.526873128,2.425028223));
#2749=CARTESIAN_POINT('',(-6.164491847,-3.534291178,2.366845483));
#2750=CARTESIAN_POINT('',(-6.210263134,-3.541332235,2.298260932));
#2751=CARTESIAN_POINT('',(-6.241657875,-3.54865442,2.22258737));
#2752=CARTESIAN_POINT('',(-6.273052616,-3.555976605,2.146913808));
#2753=CARTESIAN_POINT('',(-6.289367372,-3.563579919,2.063967441));
#2754=CARTESIAN_POINT('',(-6.289367374,-3.570623128,1.983086496));
#2755=CARTESIAN_POINT('',(-6.289367376,-3.577666337,1.902205551));
#2756=CARTESIAN_POINT('',(-6.273052618,-3.585269654,1.819259149));
#2757=CARTESIAN_POINT('',(-6.241657869,-3.59259184,1.743585571));
#2758=CARTESIAN_POINT('',(-6.21026312,-3.599914027,1.667911994));
#2759=CARTESIAN_POINT('',(-6.164491835,-3.606955082,1.599327462));
#2760=CARTESIAN_POINT('',(-6.106309106,-3.61437313,1.541144734));
#2761=CARTESIAN_POINT('',(-6.048126377,-3.621791178,1.482962006));
#2762=CARTESIAN_POINT('',(-5.979541842,-3.628832233,1.437190726));
#2763=CARTESIAN_POINT('',(-5.903868281,-3.636154418,1.405795983));
#2764=CARTESIAN_POINT('',(-5.82819472,-3.643476603,1.374401241));
#2765=CARTESIAN_POINT('',(-5.745248354,-3.651079917,1.358086483));
#2766=CARTESIAN_POINT('',(-5.664367409,-3.658123126,1.358086478));
#2767=CARTESIAN_POINT('',(-5.583486464,-3.665166334,1.358086474));
#2768=CARTESIAN_POINT('',(-5.500540061,-3.672769652,1.374401229));
#2769=CARTESIAN_POINT('',(-5.424866483,-3.680091839,1.405795976));
#2770=CARTESIAN_POINT('',(-5.349192905,-3.687414026,1.437190724));
#2771=CARTESIAN_POINT('',(-5.280608371,-3.69445508,1.482962006));
#2772=CARTESIAN_POINT('',(-5.222425642,-3.701873128,1.541144734));
#2773=CARTESIAN_POINT('',(-5.164242912,-3.709291176,1.599327461));
#2774=CARTESIAN_POINT('',(-5.11847163,-3.716332232,1.667911995));
#2775=CARTESIAN_POINT('',(-5.087076886,-3.723654416,1.743585555));
#2776=CARTESIAN_POINT('',(-5.055682141,-3.730976601,1.819259115));
#2777=CARTESIAN_POINT('',(-5.039367381,-3.738579916,1.902205481));
#2778=CARTESIAN_POINT('',(-5.039367374,-3.745623125,1.983086426));
#2779=CARTESIAN_POINT('',(-5.039367367,-3.752666334,2.063967371));
#2780=CARTESIAN_POINT('',(-5.05568212,-3.76026965,2.146913774));
#2781=CARTESIAN_POINT('',(-5.087076866,-3.767591837,2.222587353));
#2782=CARTESIAN_POINT('',(-5.118471611,-3.774914023,2.298260933));
#2783=CARTESIAN_POINT('',(-5.164242891,-3.781955079,2.366845467));
#2784=CARTESIAN_POINT('',(-5.222425617,-3.789373127,2.425028198));
#2785=CARTESIAN_POINT('',(-5.280608343,-3.796791175,2.483210929));
#2786=CARTESIAN_POINT('',(-5.349192875,-3.80383223,2.528982215));
#2787=CARTESIAN_POINT('',(-5.424866451,-3.811154416,2.560376966));
#2788=CARTESIAN_POINT('',(-5.500540027,-3.818476603,2.591771718));
#2789=CARTESIAN_POINT('',(-5.583486412,-3.826079919,2.608086478));
#2790=CARTESIAN_POINT('',(-5.664367374,-3.833123129,2.608086478));
#2791=B_SPLINE_CURVE_WITH_KNOTS('',3,(#2742,#2743,#2744,#2745,#2746,#2747,#2748,#2749,#2750,#2751,#2752,#2753,#2754,#2755,#2756,#2757,#2758,#2759,#2760,#2761,#2762,#2763,#2764,#2765,#2766,#2767,
#2768,#2769,#2770,#2771,#2772,#2773,#2774,#2775,#2776,#2777,#2778,#2779,#2780,#2781,#2782,#2783,#2784,#2785,#2786,#2787,#2788,#2789,#2790),.UNSPECIFIED.,.F.,.F.,(4,3,3,3,3,3,3,3,3,3,3,3,3,3,3,3,4),(0.763888889,0.767361111,0.770833333,0.774305556,0.777777778,0.78125,0.784722222,0.788194444,0.791666667,0.795138889,0.798611111,0.802083333,0.805555555,0.809027777,0.8125,0.815972222,0.819444444),.UNSPECIFIED.);
#2792=EDGE_CURVE('',#2687,#2741,#2791,.T.);
#2793=ORIENTED_EDGE('',*,*,#2792,.T.);
#2794=CARTESIAN_POINT('',(-5.664367374,-4.183123129,2.608086478));
#2795=VERTEX_POINT('',#2794);
#2796=CARTESIAN_POINT('',(-5.664367374,-3.833123129,2.608086478));
#2797=CARTESIAN_POINT('',(-5.745248319,-3.840166338,2.608086478));
#2798=CARTESIAN_POINT('',(-5.828194688,-3.847769652,2.591771724));
#2799=CARTESIAN_POINT('',(-5.903868252,-3.855091837,2.560376985));
#2800=CARTESIAN_POINT('',(-5.979541816,-3.862414022,2.528982245));
#2801=CARTESIAN_POINT('',(-6.048126354,-3.869455077,2.483210968));
#2802=CARTESIAN_POINT('',(-6.106309087,-3.876873126,2.425028242));
#2803=CARTESIAN_POINT('',(-6.164491819,-3.884291174,2.366845516));
#2804=CARTESIAN_POINT('',(-6.210263107,-3.89133223,2.298260984));
#2805=CARTESIAN_POINT('',(-6.24165786,-3.898654416,2.222587406));
#2806=CARTESIAN_POINT('',(-6.273052613,-3.905976603,2.146913829));
#2807=CARTESIAN_POINT('',(-6.289367374,-3.913579921,2.063967425));
#2808=CARTESIAN_POINT('',(-6.289367374,-3.920623129,1.983086479));
#2809=CARTESIAN_POINT('',(-6.289367374,-3.927666338,1.902205533));
#2810=CARTESIAN_POINT('',(-6.27305262,-3.935269652,1.819259164));
#2811=CARTESIAN_POINT('',(-6.241657881,-3.942591838,1.7435856));
#2812=CARTESIAN_POINT('',(-6.210263142,-3.949914023,1.667912036));
#2813=CARTESIAN_POINT('',(-6.164491864,-3.956955078,1.599327498));
#2814=CARTESIAN_POINT('',(-6.106309138,-3.964373126,1.541144765));
#2815=CARTESIAN_POINT('',(-6.048126412,-3.971791174,1.482962033));
#2816=CARTESIAN_POINT('',(-5.979541879,-3.97883223,1.437190745));
#2817=CARTESIAN_POINT('',(-5.903868302,-3.986154416,1.405795992));
#2818=CARTESIAN_POINT('',(-5.828194724,-3.993476603,1.374401239));
#2819=CARTESIAN_POINT('',(-5.745248337,-4.001079919,1.358086478));
#2820=CARTESIAN_POINT('',(-5.664367374,-4.008123129,1.358086478));
#2821=CARTESIAN_POINT('',(-5.583486411,-4.015166339,1.358086478));
#2822=CARTESIAN_POINT('',(-5.500540059,-4.022769653,1.374401232));
#2823=CARTESIAN_POINT('',(-5.424866495,-4.030091838,1.405795971));
#2824=CARTESIAN_POINT('',(-5.349192931,-4.037414023,1.437190711));
#2825=CARTESIAN_POINT('',(-5.280608377,-4.044455079,1.482961998));
#2826=CARTESIAN_POINT('',(-5.222425635,-4.051873129,1.54114474));
#2827=CARTESIAN_POINT('',(-5.164242893,-4.059291179,1.599327482));
#2828=CARTESIAN_POINT('',(-5.118471606,-4.066332236,1.667912036));
#2829=CARTESIAN_POINT('',(-5.087076867,-4.073654421,1.7435856));
#2830=CARTESIAN_POINT('',(-5.055682127,-4.080976606,1.819259165));
#2831=CARTESIAN_POINT('',(-5.039367374,-4.088579921,1.902205533));
#2832=CARTESIAN_POINT('',(-5.039367374,-4.095623129,1.983086479));
#2833=CARTESIAN_POINT('',(-5.039367374,-4.102666338,2.063967425));
#2834=CARTESIAN_POINT('',(-5.055682128,-4.110269652,2.146913793));
#2835=CARTESIAN_POINT('',(-5.087076867,-4.117591837,2.222587357));
#2836=CARTESIAN_POINT('',(-5.118471607,-4.124914022,2.298260922));
#2837=CARTESIAN_POINT('',(-5.164242894,-4.131955079,2.366845475));
#2838=CARTESIAN_POINT('',(-5.222425636,-4.139373129,2.425028217));
#2839=CARTESIAN_POINT('',(-5.280608378,-4.146791179,2.483210958));
#2840=CARTESIAN_POINT('',(-5.349192931,-4.153832236,2.528982245));
#2841=CARTESIAN_POINT('',(-5.424866496,-4.161154421,2.560376985));
#2842=CARTESIAN_POINT('',(-5.50054006,-4.168476606,2.591771724));
#2843=CARTESIAN_POINT('',(-5.583486428,-4.17607992,2.608086478));
#2844=CARTESIAN_POINT('',(-5.664367374,-4.183123129,2.608086478));
#2845=B_SPLINE_CURVE_WITH_KNOTS('',3,(#2796,#2797,#2798,#2799,#2800,#2801,#2802,#2803,#2804,#2805,#2806,#2807,#2808,#2809,#2810,#2811,#2812,#2813,#2814,#2815,#2816,#2817,#2818,#2819,#2820,#2821,
#2822,#2823,#2824,#2825,#2826,#2827,#2828,#2829,#2830,#2831,#2832,#2833,#2834,#2835,#2836,#2837,#2838,#2839,#2840,#2841,#2842,#2843,#2844),.UNSPECIFIED.,.F.,.F.,(4,3,3,3,3,3,3,3,3,3,3,3,3,3,3,3,4),(0.819444444,0.822916666,0.826388889,0.829861111,0.833333333,0.836805555,0.840277778,0.84375,0.847222222,0.850694444,0.854166667,0.857638889,0.861111111,0.864583333,0.868055556,0.871527778,0.875),.UNSPECIFIED.);
#2846=EDGE_CURVE('',#2741,#2795,#2845,.T.);
#2847=ORIENTED_EDGE('',*,*,#2846,.T.);
#2848=CARTESIAN_POINT('',(-5.664367374,-4.533123129,2.608086478));
#2849=VERTEX_POINT('',#2848);
#2850=CARTESIAN_POINT('',(-5.664367374,-4.183123129,2.608086478));
#2851=CARTESIAN_POINT('',(-5.745248319,-4.190166338,2.608086478));
#2852=CARTESIAN_POINT('',(-5.828194688,-4.197769652,2.591771724));
#2853=CARTESIAN_POINT('',(-5.903868252,-4.205091837,2.560376985));
#2854=CARTESIAN_POINT('',(-5.979541816,-4.212414022,2.528982245));
#2855=CARTESIAN_POINT('',(-6.04812637,-4.219455079,2.483210959));
#2856=CARTESIAN_POINT('',(-6.106309112,-4.226873129,2.425028217));
#2857=CARTESIAN_POINT('',(-6.164491854,-4.234291179,2.366845475));
#2858=CARTESIAN_POINT('',(-6.210263141,-4.241332236,2.298260921));
#2859=CARTESIAN_POINT('',(-6.24165788,-4.248654421,2.222587357));
#2860=CARTESIAN_POINT('',(-6.27305262,-4.255976606,2.146913793));
#2861=CARTESIAN_POINT('',(-6.289367374,-4.263579921,2.063967425));
#2862=CARTESIAN_POINT('',(-6.289367374,-4.27062313,1.983086479));
#2863=CARTESIAN_POINT('',(-6.289367374,-4.277666338,1.902205533));
#2864=CARTESIAN_POINT('',(-6.27305262,-4.285269652,1.819259164));
#2865=CARTESIAN_POINT('',(-6.241657881,-4.292591837,1.7435856));
#2866=CARTESIAN_POINT('',(-6.210263141,-4.299914022,1.667912036));
#2867=CARTESIAN_POINT('',(-6.164491854,-4.306955079,1.599327482));
#2868=CARTESIAN_POINT('',(-6.106309112,-4.314373129,1.54114474));
#2869=CARTESIAN_POINT('',(-6.048126371,-4.321791179,1.482961998));
#2870=CARTESIAN_POINT('',(-5.979541817,-4.328832236,1.437190711));
#2871=CARTESIAN_POINT('',(-5.903868253,-4.336154421,1.405795971));
#2872=CARTESIAN_POINT('',(-5.828194688,-4.343476606,1.374401232));
#2873=CARTESIAN_POINT('',(-5.74524832,-4.35107992,1.358086478));
#2874=CARTESIAN_POINT('',(-5.664367374,-4.358123129,1.358086478));
#2875=CARTESIAN_POINT('',(-5.583486428,-4.365166337,1.358086478));
#2876=CARTESIAN_POINT('',(-5.500540024,-4.372769656,1.374401239));
#2877=CARTESIAN_POINT('',(-5.424866446,-4.380091842,1.405795992));
#2878=CARTESIAN_POINT('',(-5.349192869,-4.387414028,1.437190744));
#2879=CARTESIAN_POINT('',(-5.280608336,-4.394455084,1.482962033));
#2880=CARTESIAN_POINT('',(-5.22242561,-4.401873132,1.541144766));
#2881=CARTESIAN_POINT('',(-5.164242884,-4.40929118,1.599327498));
#2882=CARTESIAN_POINT('',(-5.118471606,-4.416332236,1.667912036));
#2883=CARTESIAN_POINT('',(-5.087076867,-4.423654421,1.7435856));
#2884=CARTESIAN_POINT('',(-5.055682127,-4.430976606,1.819259164));
#2885=CARTESIAN_POINT('',(-5.039367374,-4.43857992,1.902205516));
#2886=CARTESIAN_POINT('',(-5.039367374,-4.44562313,1.983086479));
#2887=CARTESIAN_POINT('',(-5.039367374,-4.45266634,2.063967442));
#2888=CARTESIAN_POINT('',(-5.055682135,-4.460269656,2.146913829));
#2889=CARTESIAN_POINT('',(-5.087076888,-4.467591842,2.222587407));
#2890=CARTESIAN_POINT('',(-5.118471641,-4.474914028,2.298260984));
#2891=CARTESIAN_POINT('',(-5.164242929,-4.481955084,2.366845516));
#2892=CARTESIAN_POINT('',(-5.222425661,-4.489373132,2.425028242));
#2893=CARTESIAN_POINT('',(-5.280608394,-4.496791181,2.483210968));
#2894=CARTESIAN_POINT('',(-5.349192931,-4.503832236,2.528982245));
#2895=CARTESIAN_POINT('',(-5.424866496,-4.511154421,2.560376985));
#2896=CARTESIAN_POINT('',(-5.50054006,-4.518476606,2.591771724));
#2897=CARTESIAN_POINT('',(-5.583486428,-4.52607992,2.608086478));
#2898=CARTESIAN_POINT('',(-5.664367374,-4.533123129,2.608086478));
#2899=B_SPLINE_CURVE_WITH_KNOTS('',3,(#2850,#2851,#2852,#2853,#2854,#2855,#2856,#2857,#2858,#2859,#2860,#2861,#2862,#2863,#2864,#2865,#2866,#2867,#2868,#2869,#2870,#2871,#2872,#2873,#2874,#2875,
#2876,#2877,#2878,#2879,#2880,#2881,#2882,#2883,#2884,#2885,#2886,#2887,#2888,#2889,#2890,#2891,#2892,#2893,#2894,#2895,#2896,#2897,#2898),.UNSPECIFIED.,.F.,.F.,(4,3,3,3,3,3,3,3,3,3,3,3,3,3,3,3,4),(0.875,0.878472222,0.881944444,0.885416667,0.888888889,0.892361111,0.895833333,0.899305556,0.902777778,0.90625,0.909722222,0.913194445,0.916666667,0.920138889,0.923611111,0.927083334,0.930555556),.UNSPECIFIED.);
#2900=EDGE_CURVE('',#2795,#2849,#2899,.T.);
#2901=ORIENTED_EDGE('',*,*,#2900,.T.);
#2902=CARTESIAN_POINT('',(-5.664367373,-4.533123129,2.608086478));
#2903=CARTESIAN_POINT('',(-5.744015335,-4.540058965,2.608086478));
#2904=CARTESIAN_POINT('',(-5.82213347,-4.54720124,2.592973739));
#2905=CARTESIAN_POINT('',(-5.895615408,-4.554295429,2.563732132));
#2906=CARTESIAN_POINT('',(-5.969097347,-4.561389619,2.534490526));
#2907=CARTESIAN_POINT('',(-6.036658899,-4.568211766,2.491247087));
#2908=CARTESIAN_POINT('',(-6.093874859,-4.575309514,2.437122072));
#2909=CARTESIAN_POINT('',(-6.151090819,-4.582407262,2.382997057));
#2910=CARTESIAN_POINT('',(-6.198166581,-4.589370712,2.317537517));
#2911=CARTESIAN_POINT('',(-6.231253939,-4.596348972,2.246268208));
#2912=CARTESIAN_POINT('',(-6.264341296,-4.603327232,2.174998898));
#2913=CARTESIAN_POINT('',(-6.283967024,-4.610612356,2.096598528));
#2914=CARTESIAN_POINT('',(-6.288379477,-4.617541191,2.018213314));
#2915=CARTESIAN_POINT('',(-6.292791931,-4.624470026,1.939828101));
#2916=CARTESIAN_POINT('',(-6.282079335,-4.631538846,1.859688261));
#2917=CARTESIAN_POINT('',(-6.257206249,-4.638607507,1.785179761));
#2918=CARTESIAN_POINT('',(-6.232333162,-4.645676168,1.710671262));
#2919=CARTESIAN_POINT('',(-6.192874204,-4.652533955,1.640298433));
#2920=CARTESIAN_POINT('',(-6.14211443,-4.659606089,1.580119047));
#2921=CARTESIAN_POINT('',(-6.091354656,-4.666678223,1.519939661));
#2922=CARTESIAN_POINT('',(-6.029023366,-4.673771714,1.469375283));
#2923=CARTESIAN_POINT('',(-5.959334801,-4.680710736,1.432069947));
#2924=CARTESIAN_POINT('',(-5.889646236,-4.687649757,1.394764611));
#2925=CARTESIAN_POINT('',(-5.813635652,-4.694821706,1.370983343));
#2926=CARTESIAN_POINT('',(-5.734668349,-4.701908687,1.362052842));
#2927=CARTESIAN_POINT('',(-5.655701046,-4.708995667,1.353122341));
#2928=CARTESIAN_POINT('',(-5.576445939,-4.71579848,1.359258379));
#2929=CARTESIAN_POINT('',(-5.499948009,-4.722954646,1.380101165));
#2930=CARTESIAN_POINT('',(-5.423450079,-4.730110812,1.400943951));
#2931=CARTESIAN_POINT('',(-5.351711932,-4.736940639,1.436188038));
#2932=CARTESIAN_POINT('',(-5.288653925,-4.74398429,1.483622361));
#2933=CARTESIAN_POINT('',(-5.225595918,-4.75102794,1.531056684));
#2934=CARTESIAN_POINT('',(-5.17160485,-4.758269385,1.590660761));
#2935=CARTESIAN_POINT('',(-5.130668184,-4.765161062,1.657832462));
#2936=CARTESIAN_POINT('',(-5.089731518,-4.772052738,1.725004164));
#2937=CARTESIAN_POINT('',(-5.061455092,-4.779220065,1.800639684));
#2938=CARTESIAN_POINT('',(-5.048258328,-4.786268151,1.878040564));
#2939=CARTESIAN_POINT('',(-5.035061564,-4.793316236,1.955441444));
#2940=CARTESIAN_POINT('',(-5.036708546,-4.800196094,2.036312735));
#2941=CARTESIAN_POINT('',(-5.05304059,-4.807264253,2.113104027));
#2942=CARTESIAN_POINT('',(-5.069372634,-4.814332411,2.18989532));
#2943=CARTESIAN_POINT('',(-5.100701819,-4.821387795,2.264357408));
#2944=CARTESIAN_POINT('',(-5.144338454,-4.828323244,2.329777903));
#2945=CARTESIAN_POINT('',(-5.187975089,-4.835258692,2.395198398));
#2946=CARTESIAN_POINT('',(-5.244361702,-4.842529049,2.452598463));
#2947=CARTESIAN_POINT('',(-5.309269567,-4.849523541,2.497411811));
#2948=CARTESIAN_POINT('',(-5.374177432,-4.856518033,2.542225158));
#2949=CARTESIAN_POINT('',(-5.447413976,-4.863449385,2.574607052));
#2950=CARTESIAN_POINT('',(-5.52503656,-4.870623041,2.592358112));
#2951=B_SPLINE_CURVE_WITH_KNOTS('',3,(#2902,#2903,#2904,#2905,#2906,#2907,#2908,#2909,#2910,#2911,#2912,#2913,#2914,#2915,#2916,#2917,#2918,#2919,#2920,#2921,#2922,#2923,#2924,#2925,#2926,#2927,
#2928,#2929,#2930,#2931,#2932,#2933,#2934,#2935,#2936,#2937,#2938,#2939,#2940,#2941,#2942,#2943,#2944,#2945,#2946,#2947,#2948,#2949,#2950),.UNSPECIFIED.,.F.,.F.,(4,3,3,3,3,3,3,3,3,3,3,3,3,3,3,3,4),(0.,0.000236579,0.000473158,0.000709738,0.000946317,0.001182896,0.001419475,0.001656054,0.001892634,0.002129213,0.002365792,0.002602371,0.00283895,0.00307553,0.003312109,0.003548688,0.003785267),.UNSPECIFIED.);
#2952=EDGE_CURVE('',#2849,#430,#2951,.T.);
#2953=ORIENTED_EDGE('',*,*,#2952,.T.);
#2954=ORIENTED_EDGE('',*,*,#454,.F.);
#2955=EDGE_LOOP('',(#2646,#2673,#2685,#2739,#2793,#2847,#2901,#2953,#2954));
#2956=FACE_BOUND('',#2955,.T.);
#2957=ADVANCED_FACE('',(#2956),#2645,.F.);
#2958=CARTESIAN_POINT('',(-5.664367374,-2.170868203,1.983086478));
#2959=DIRECTION('',(0.,-1.,0.));
#2960=DIRECTION('',(0.,0.,1.));
#2961=AXIS2_PLACEMENT_3D('',#2958,#2959,#2960);
#2962=CYLINDRICAL_SURFACE('',#2961,0.625);
#2963=CARTESIAN_POINT('',(-5.664367374,-4.533123129,2.608086478));
#2964=DIRECTION('',(-0.,1.,-0.));
#2965=VECTOR('',#2964,0.1479);
#2966=LINE('',#2963,#2965);
#2967=EDGE_CURVE('',#2849,#1283,#2966,.T.);
#2968=ORIENTED_EDGE('',*,*,#2967,.T.);
#2969=ORIENTED_EDGE('',*,*,#1334,.T.);
#2970=CARTESIAN_POINT('',(-5.664367374,-4.870868203,2.608086478));
#2971=DIRECTION('',(-0.,1.,-0.));
#2972=VECTOR('',#2971,0.135645075);
#2973=LINE('',#2970,#2972);
#2974=EDGE_CURVE('',#390,#1256,#2973,.T.);
#2975=ORIENTED_EDGE('',*,*,#2974,.F.);
#2976=ORIENTED_EDGE('',*,*,#396,.F.);
#2977=ORIENTED_EDGE('',*,*,#2974,.T.);
#2978=ORIENTED_EDGE('',*,*,#1280,.T.);
#2979=ORIENTED_EDGE('',*,*,#461,.F.);
#2980=ORIENTED_EDGE('',*,*,#2952,.F.);
#2981=EDGE_LOOP('',(#2968,#2969,#2975,#2976,#2977,#2978,#2979,#2980));
#2982=FACE_BOUND('',#2981,.T.);
#2983=ADVANCED_FACE('',(#2982),#2962,.T.);
#2984=CARTESIAN_POINT('',(-345.064367374,-3.100912645,-110.516913522));
#2985=DIRECTION('',(0.,-1.,0.));
#2986=DIRECTION('',(0.,0.,1.));
#2987=AXIS2_PLACEMENT_3D('',#2984,#2985,#2986);
#2988=PLANE('',#2987);
#2989=CARTESIAN_POINT('',(-5.664367374,-3.100912632,2.608086478));
#2990=VERTEX_POINT('',#2989);
#2991=CARTESIAN_POINT('',(-5.664367374,-3.100912632,1.983086478));
#2992=DIRECTION('',(0.,-1.,0.));
#2993=DIRECTION('',(0.,0.,1.));
#2994=AXIS2_PLACEMENT_3D('',#2991,#2992,#2993);
#2995=CIRCLE('',#2994,0.625);
#2996=EDGE_CURVE('',#2990,#1499,#2995,.T.);
#2997=ORIENTED_EDGE('',*,*,#2996,.F.);
#2998=CARTESIAN_POINT('',(-5.664367374,-3.100912632,1.983086478));
#2999=DIRECTION('',(0.,-1.,0.));
#3000=DIRECTION('',(0.,0.,1.));
#3001=AXIS2_PLACEMENT_3D('',#2998,#2999,#3000);
#3002=CIRCLE('',#3001,0.625);
#3003=EDGE_CURVE('',#2648,#2990,#3002,.T.);
#3004=ORIENTED_EDGE('',*,*,#3003,.F.);
#3005=ORIENTED_EDGE('',*,*,#2672,.F.);
#3006=ORIENTED_EDGE('',*,*,#1553,.F.);
#3007=EDGE_LOOP('',(#2997,#3004,#3005,#3006));
#3008=FACE_BOUND('',#3007,.T.);
#3009=ADVANCED_FACE('',(#3008),#2988,.F.);
#3010=CARTESIAN_POINT('',(-5.664367374,-2.170868203,1.983086478));
#3011=DIRECTION('',(0.,-1.,0.));
#3012=DIRECTION('',(0.,0.,1.));
#3013=AXIS2_PLACEMENT_3D('',#3010,#3011,#3012);
#3014=CYLINDRICAL_SURFACE('',#3013,0.625);
#3015=CARTESIAN_POINT('',(-5.664367374,-4.183123129,2.608086478));
#3016=DIRECTION('',(-0.,1.,-0.));
#3017=VECTOR('',#3016,0.1479);
#3018=LINE('',#3015,#3017);
#3019=EDGE_CURVE('',#2795,#1337,#3018,.T.);
#3020=ORIENTED_EDGE('',*,*,#3019,.T.);
#3021=ORIENTED_EDGE('',*,*,#1388,.T.);
#3022=ORIENTED_EDGE('',*,*,#2967,.F.);
#3023=ORIENTED_EDGE('',*,*,#2900,.F.);
#3024=EDGE_LOOP('',(#3020,#3021,#3022,#3023));
#3025=FACE_BOUND('',#3024,.T.);
#3026=ADVANCED_FACE('',(#3025),#3014,.T.);
#3027=CARTESIAN_POINT('',(-5.664367374,-2.170868203,1.983086478));
#3028=DIRECTION('',(0.,-1.,0.));
#3029=DIRECTION('',(0.,0.,1.));
#3030=AXIS2_PLACEMENT_3D('',#3027,#3028,#3029);
#3031=CYLINDRICAL_SURFACE('',#3030,0.625);
#3032=CARTESIAN_POINT('',(-5.664367374,-3.833123129,2.608086478));
#3033=DIRECTION('',(-0.,1.,-0.));
#3034=VECTOR('',#3033,0.1479);
#3035=LINE('',#3032,#3034);
#3036=EDGE_CURVE('',#2741,#1391,#3035,.T.);
#3037=ORIENTED_EDGE('',*,*,#3036,.T.);
#3038=ORIENTED_EDGE('',*,*,#1442,.T.);
#3039=ORIENTED_EDGE('',*,*,#3019,.F.);
#3040=ORIENTED_EDGE('',*,*,#2846,.F.);
#3041=EDGE_LOOP('',(#3037,#3038,#3039,#3040));
#3042=FACE_BOUND('',#3041,.T.);
#3043=ADVANCED_FACE('',(#3042),#3031,.T.);
#3044=CARTESIAN_POINT('',(-5.664367374,-2.170868203,1.983086478));
#3045=DIRECTION('',(0.,-1.,0.));
#3046=DIRECTION('',(0.,0.,1.));
#3047=AXIS2_PLACEMENT_3D('',#3044,#3045,#3046);
#3048=CYLINDRICAL_SURFACE('',#3047,0.625);
#3049=CARTESIAN_POINT('',(-5.664367374,-3.483123129,2.608086478));
#3050=DIRECTION('',(-0.,1.,-0.));
#3051=VECTOR('',#3050,0.1479);
#3052=LINE('',#3049,#3051);
#3053=EDGE_CURVE('',#2687,#1445,#3052,.T.);
#3054=ORIENTED_EDGE('',*,*,#3053,.T.);
#3055=ORIENTED_EDGE('',*,*,#1496,.T.);
#3056=ORIENTED_EDGE('',*,*,#3036,.F.);
#3057=ORIENTED_EDGE('',*,*,#2792,.F.);
#3058=EDGE_LOOP('',(#3054,#3055,#3056,#3057));
#3059=FACE_BOUND('',#3058,.T.);
#3060=ADVANCED_FACE('',(#3059),#3048,.T.);
#3061=CARTESIAN_POINT('',(-5.664367374,-2.170868203,1.983086478));
#3062=DIRECTION('',(0.,-1.,0.));
#3063=DIRECTION('',(0.,0.,1.));
#3064=AXIS2_PLACEMENT_3D('',#3061,#3062,#3063);
#3065=CYLINDRICAL_SURFACE('',#3064,0.625);
#3066=ORIENTED_EDGE('',*,*,#3053,.F.);
#3067=ORIENTED_EDGE('',*,*,#2738,.F.);
#3068=CARTESIAN_POINT('',(-5.664367374,-3.133123129,2.608086478));
#3069=DIRECTION('',(-0.,1.,-0.));
#3070=VECTOR('',#3069,0.032210497);
#3071=LINE('',#3068,#3070);
#3072=EDGE_CURVE('',#2675,#2990,#3071,.T.);
#3073=ORIENTED_EDGE('',*,*,#3072,.T.);
#3074=ORIENTED_EDGE('',*,*,#2996,.T.);
#3075=ORIENTED_EDGE('',*,*,#1526,.T.);
#3076=EDGE_LOOP('',(#3066,#3067,#3073,#3074,#3075));
#3077=FACE_BOUND('',#3076,.T.);
#3078=ADVANCED_FACE('',(#3077),#3065,.T.);
#3079=CARTESIAN_POINT('',(-5.664367374,-2.170868203,1.983086478));
#3080=DIRECTION('',(0.,-1.,0.));
#3081=DIRECTION('',(0.,0.,1.));
#3082=AXIS2_PLACEMENT_3D('',#3079,#3080,#3081);
#3083=CYLINDRICAL_SURFACE('',#3082,0.625);
#3084=ORIENTED_EDGE('',*,*,#3072,.F.);
#3085=ORIENTED_EDGE('',*,*,#2684,.F.);
#3086=ORIENTED_EDGE('',*,*,#3003,.T.);
#3087=EDGE_LOOP('',(#3084,#3085,#3086));
#3088=FACE_BOUND('',#3087,.T.);
#3089=ADVANCED_FACE('',(#3088),#3083,.T.);
#3090=CLOSED_SHELL('',(#66,#97,#121,#145,#162,#185,#219,#245,#265,#290,#310,#335,#355,#380,#400,#465,#1868,#2957,#2983,#3009,#3026,#3043,#3060,#3078,#3089));
#3091=MANIFOLD_SOLID_BREP('X\X2\87BA7D72\X0\',#3090);
#3092=COLOUR_RGB('',0.749019623,0.737254918,0.725490212);
#3093=FILL_AREA_STYLE_COLOUR('',#3092);
#3094=FILL_AREA_STYLE('',(#3093));
#3095=SURFACE_STYLE_FILL_AREA(#3094);
#3096=SURFACE_SIDE_STYLE('',(#3095));
#3097=SURFACE_STYLE_USAGE(.BOTH.,#3096);
#3098=PRESENTATION_STYLE_ASSIGNMENT((#3097));
#26=STYLED_ITEM('',(#3098),#3091);
#16=SHAPE_REPRESENTATION('X\X2\87BA7D72\X0\',(#15),#10);
#17=ADVANCED_BREP_SHAPE_REPRESENTATION('X\X2\87BA7D72\X0\',(#3091),#10);
#3106=SHAPE_REPRESENTATION_RELATIONSHIP('','',#16,#17);
#3107=CARTESIAN_POINT('',(0.,0.,0.));
#3108=DIRECTION('',(0.,0.,1.));
#3109=DIRECTION('',(1.,0.,0.));
#3110=AXIS2_PLACEMENT_3D('',#3107,#3108,#3109);
#3112=MAPPED_ITEM('',#3111,#3110);
#3111=REPRESENTATION_MAP(#3110,#16);
#3113=APPLICATION_CONTEXT('Managed model based 3d engineering');
#3114=APPLICATION_PROTOCOL_DEFINITION('international standard','ap242_managed_model_based_3d_engineering',2014,#3113);
#3115=PRODUCT_CONTEXT('',#3113,'mechanical');
#3116=PRODUCT_DEFINITION_CONTEXT('part definition',#3113,'design');
#24=PRODUCT('X\X2\87BA7D72\X0\','X\X2\87BA7D72\X0\','',(#3115));
#3117=PRODUCT_RELATED_PRODUCT_CATEGORY('part','',(#24));
#3118=PRODUCT_DEFINITION_FORMATION_WITH_SPECIFIED_SOURCE('','',#24,.NOT_KNOWN.);
#25=PRODUCT_DEFINITION('design','',#3118,#3116);
#23=PRODUCT_DEFINITION_SHAPE('','',#25);
#3119=SHAPE_DEFINITION_REPRESENTATION(#23,#16);
#11=DRAUGHTING_MODEL('',(#3112),#10);
#3120=DESCRIPTIVE_REPRESENTATION_ITEM('KEY','C:\\Users\\Nalani\\AppData\\Local\\Packages\\Shapr3D.Shapr3D_j403pzjkqtqbj\\TempState\\da8d50ba-e6c1-44fd-9f5c-ec3ae5e533bd.tmp');
#3121=PROPERTY_DEFINITION('KEY','',#25);
#3122=REPRESENTATION('',(#3120),#10);
#3123=PROPERTY_DEFINITION_REPRESENTATION(#3121,#3122);
#3124=GENERAL_PROPERTY('','KEY','');
#3125=GENERAL_PROPERTY_ASSOCIATION('','',#3124,#3121);
#1=MECHANICAL_DESIGN_GEOMETRIC_PRESENTATION_REPRESENTATION('',(#26),#10);
ENDSEC;
END-ISO-10303-21;
