ISO-10303-21;
HEADER;

/* File generated by Shapr3D Version 26.123.11423.0 */

FILE_DESCRIPTION(('HOOPS Exchange Step'),'2;1');

FILE_NAME('C:\\Users\\Nalani\\AppData\\Local\\Packages\\Shapr3D.Shapr3D_j403pzjkqtqbj\\TempState\\export\\temp_export',
'2026-08-03T16:12:12+08:00',
('Nalani'),
('Shapr3D Limited'),
'HOOPS Exchange 2026.3',
'Shapr3D',
'Authorized');

FILE_SCHEMA( ('AP242_MANAGED_MODEL_BASED_3D_ENGINEERING_MIM_LF {1 0 10303 442 1 1 4}') );

ENDSEC;

DATA;
#3=(NAMED_UNIT(*)PLANE_ANGLE_UNIT()SI_UNIT($,.RADIAN.));
#4=PLANE_ANGLE_MEASURE_WITH_UNIT(PLANE_ANGLE_MEASURE(0.0174532925),#3);
#5=(CONVERSION_BASED_UNIT('DEGREE',#4)NAMED_UNIT(#6)PLANE_ANGLE_UNIT());
#6=DIMENSIONAL_EXPONENTS(0.,0.,0.,0.,0.,0.,0.);
#7=(NAMED_UNIT(*)SI_UNIT($,.STERADIAN.)SOLID_ANGLE_UNIT());
#8=(LENGTH_UNIT()NAMED_UNIT(*)SI_UNIT(.MILLI.,.METRE.));
#9=UNCERTAINTY_MEASURE_WITH_UNIT(LENGTH_MEASURE(1.000000E-05),#8,'DISTANCE_ACCURACY_VALUE','Maximum Tolerance applied to model');
#10=(GEOMETRIC_REPRESENTATION_CONTEXT(3)GLOBAL_UNCERTAINTY_ASSIGNED_CONTEXT((#9))GLOBAL_UNIT_ASSIGNED_CONTEXT((#8,#5,#7))REPRESENTATION_CONTEXT('','Y\X2\87BA7D72\X0\'));
#12=CARTESIAN_POINT('',(0.,0.,0.));
#13=DIRECTION('',(0.,0.,1.));
#14=DIRECTION('',(1.,0.,0.));
#15=AXIS2_PLACEMENT_3D('',#12,#13,#14);
#27=CARTESIAN_POINT('',(-7.7,0.,2.4));
#28=DIRECTION('',(0.,0.,1.));
#29=DIRECTION('',(1.,0.,-0.));
#30=AXIS2_PLACEMENT_3D('',#27,#28,#29);
#31=CYLINDRICAL_SURFACE('',#30,0.8);
#32=CARTESIAN_POINT('',(-6.9,-0.,3.8));
#33=VERTEX_POINT('',#32);
#34=CARTESIAN_POINT('',(-6.9,-0.,3.3));
#35=VERTEX_POINT('',#34);
#36=CARTESIAN_POINT('',(-6.9,0.,3.8));
#37=DIRECTION('',(-0.,-0.,-1.));
#38=VECTOR('',#37,0.5);
#39=LINE('',#36,#38);
#40=EDGE_CURVE('',#33,#35,#39,.T.);
#41=ORIENTED_EDGE('',*,*,#40,.T.);
#42=CARTESIAN_POINT('',(-7.7,0.,3.3));
#43=DIRECTION('',(-0.,-0.,-1.));
#44=DIRECTION('',(1.,0.,-0.));
#45=AXIS2_PLACEMENT_3D('',#42,#43,#44);
#46=CIRCLE('',#45,0.8);
#47=EDGE_CURVE('',#35,#35,#46,.T.);
#48=ORIENTED_EDGE('',*,*,#47,.F.);
#49=ORIENTED_EDGE('',*,*,#40,.F.);
#50=CARTESIAN_POINT('',(-7.7,0.,3.8));
#51=DIRECTION('',(0.,0.,1.));
#52=DIRECTION('',(1.,0.,-0.));
#53=AXIS2_PLACEMENT_3D('',#50,#51,#52);
#54=CIRCLE('',#53,0.8);
#55=EDGE_CURVE('',#33,#33,#54,.T.);
#56=ORIENTED_EDGE('',*,*,#55,.F.);
#57=EDGE_LOOP('',(#41,#48,#49,#56));
#58=FACE_BOUND('',#57,.T.);
#59=ADVANCED_FACE('',(#58),#31,.T.);
#60=CARTESIAN_POINT('',(417.5,-115.2,4.3));
#61=DIRECTION('',(0.,0.,1.));
#62=DIRECTION('',(0.,1.,0.));
#63=AXIS2_PLACEMENT_3D('',#60,#61,#62);
#64=PLANE('',#63);
#65=CARTESIAN_POINT('',(-9.1,-0.,4.3));
#66=VERTEX_POINT('',#65);
#67=CARTESIAN_POINT('',(-7.7,0.,4.3));
#68=DIRECTION('',(-0.,-0.,1.));
#69=DIRECTION('',(-1.,0.,0.));
#70=AXIS2_PLACEMENT_3D('',#67,#68,#69);
#71=CIRCLE('',#70,1.4);
#72=EDGE_CURVE('',#66,#66,#71,.T.);
#73=ORIENTED_EDGE('',*,*,#72,.T.);
#74=EDGE_LOOP('',(#73));
#75=FACE_BOUND('',#74,.T.);
#76=CARTESIAN_POINT('',(-6.5,0.2,4.3));
#77=VERTEX_POINT('',#76);
#78=CARTESIAN_POINT('',(-6.5,-0.2,4.3));
#79=VERTEX_POINT('',#78);
#80=CARTESIAN_POINT('',(-6.5,0.2,4.3));
#81=DIRECTION('',(-0.,-1.,-0.));
#82=VECTOR('',#81,0.4);
#83=LINE('',#80,#82);
#84=EDGE_CURVE('',#77,#79,#83,.T.);
#85=ORIENTED_EDGE('',*,*,#84,.T.);
#86=CARTESIAN_POINT('',(-8.9,-0.2,4.3));
#87=VERTEX_POINT('',#86);
#88=CARTESIAN_POINT('',(-6.5,-0.2,4.3));
#89=DIRECTION('',(-1.,0.,0.));
#90=VECTOR('',#89,2.4);
#91=LINE('',#88,#90);
#92=EDGE_CURVE('',#79,#87,#91,.T.);
#93=ORIENTED_EDGE('',*,*,#92,.T.);
#94=CARTESIAN_POINT('',(-8.9,0.2,4.3));
#95=VERTEX_POINT('',#94);
#96=CARTESIAN_POINT('',(-8.9,-0.2,4.3));
#97=DIRECTION('',(0.,1.,0.));
#98=VECTOR('',#97,0.4);
#99=LINE('',#96,#98);
#100=EDGE_CURVE('',#87,#95,#99,.T.);
#101=ORIENTED_EDGE('',*,*,#100,.T.);
#102=CARTESIAN_POINT('',(-8.9,0.2,4.3));
#103=DIRECTION('',(1.,-0.,-0.));
#104=VECTOR('',#103,2.4);
#105=LINE('',#102,#104);
#106=EDGE_CURVE('',#95,#77,#105,.T.);
#107=ORIENTED_EDGE('',*,*,#106,.T.);
#108=EDGE_LOOP('',(#85,#93,#101,#107));
#109=FACE_BOUND('',#108,.T.);
#110=ADVANCED_FACE('',(#75,#109),#64,.T.);
#111=CARTESIAN_POINT('',(-7.7,0.,3.8));
#112=DIRECTION('',(0.,0.,1.));
#113=DIRECTION('',(1.,0.,-0.));
#114=AXIS2_PLACEMENT_3D('',#111,#112,#113);
#115=CYLINDRICAL_SURFACE('',#114,1.5);
#116=CARTESIAN_POINT('',(-6.2,-0.,4.2));
#117=VERTEX_POINT('',#116);
#118=CARTESIAN_POINT('',(-6.2,-0.,3.8));
#119=VERTEX_POINT('',#118);
#120=CARTESIAN_POINT('',(-6.2,0.,4.2));
#121=DIRECTION('',(-0.,-0.,-1.));
#122=VECTOR('',#121,0.4);
#123=LINE('',#120,#122);
#124=EDGE_CURVE('',#117,#119,#123,.T.);
#125=ORIENTED_EDGE('',*,*,#124,.T.);
#126=CARTESIAN_POINT('',(-7.7,0.,3.8));
#127=DIRECTION('',(0.,0.,1.));
#128=DIRECTION('',(1.,0.,-0.));
#129=AXIS2_PLACEMENT_3D('',#126,#127,#128);
#130=CIRCLE('',#129,1.5);
#131=EDGE_CURVE('',#119,#119,#130,.T.);
#132=ORIENTED_EDGE('',*,*,#131,.T.);
#133=ORIENTED_EDGE('',*,*,#124,.F.);
#134=CARTESIAN_POINT('',(-9.2,0.,4.2));
#135=VERTEX_POINT('',#134);
#136=CARTESIAN_POINT('',(-7.7,0.,4.2));
#137=DIRECTION('',(-0.,-0.,-1.));
#138=DIRECTION('',(1.,0.,-0.));
#139=AXIS2_PLACEMENT_3D('',#136,#137,#138);
#140=CIRCLE('',#139,1.5);
#141=EDGE_CURVE('',#117,#135,#140,.T.);
#142=ORIENTED_EDGE('',*,*,#141,.T.);
#143=CARTESIAN_POINT('',(-7.7,0.,4.2));
#144=DIRECTION('',(-0.,-0.,-1.));
#145=DIRECTION('',(1.,0.,-0.));
#146=AXIS2_PLACEMENT_3D('',#143,#144,#145);
#147=CIRCLE('',#146,1.5);
#148=EDGE_CURVE('',#135,#117,#147,.T.);
#149=ORIENTED_EDGE('',*,*,#148,.T.);
#150=EDGE_LOOP('',(#125,#132,#133,#142,#149));
#151=FACE_BOUND('',#150,.T.);
#152=ADVANCED_FACE('',(#151),#115,.T.);
#153=CARTESIAN_POINT('',(417.5,-115.2,3.8));
#154=DIRECTION('',(0.,0.,1.));
#155=DIRECTION('',(0.,1.,0.));
#156=AXIS2_PLACEMENT_3D('',#153,#154,#155);
#157=PLANE('',#156);
#158=ORIENTED_EDGE('',*,*,#55,.T.);
#159=EDGE_LOOP('',(#158));
#160=FACE_BOUND('',#159,.T.);
#161=ORIENTED_EDGE('',*,*,#131,.F.);
#162=EDGE_LOOP('',(#161));
#163=FACE_BOUND('',#162,.T.);
#164=ADVANCED_FACE('',(#160,#163),#157,.F.);
#165=CARTESIAN_POINT('',(-7.7,-0.2,4.19));
#166=DIRECTION('',(0.,1.,0.));
#167=DIRECTION('',(0.999848806,0.,-0.017388675));
#168=AXIS2_PLACEMENT_3D('',#165,#166,#167);
#169=PLANE('',#168);
#170=ORIENTED_EDGE('',*,*,#92,.F.);
#171=CARTESIAN_POINT('',(-6.5,-0.2,4.19));
#172=VERTEX_POINT('',#171);
#173=CARTESIAN_POINT('',(-6.5,-0.2,4.19));
#174=DIRECTION('',(0.,0.,1.));
#175=VECTOR('',#174,0.11);
#176=LINE('',#173,#175);
#177=EDGE_CURVE('',#172,#79,#176,.T.);
#178=ORIENTED_EDGE('',*,*,#177,.F.);
#179=CARTESIAN_POINT('',(-8.9,-0.2,4.19));
#180=VERTEX_POINT('',#179);
#181=CARTESIAN_POINT('',(-6.5,-0.2,4.19));
#182=DIRECTION('',(-1.,0.,0.));
#183=VECTOR('',#182,2.4);
#184=LINE('',#181,#183);
#185=EDGE_CURVE('',#172,#180,#184,.T.);
#186=ORIENTED_EDGE('',*,*,#185,.T.);
#187=CARTESIAN_POINT('',(-8.9,-0.2,4.19));
#188=DIRECTION('',(-0.,0.,1.));
#189=VECTOR('',#188,0.11);
#190=LINE('',#187,#189);
#191=EDGE_CURVE('',#180,#87,#190,.T.);
#192=ORIENTED_EDGE('',*,*,#191,.T.);
#193=EDGE_LOOP('',(#170,#178,#186,#192));
#194=FACE_BOUND('',#193,.T.);
#195=ADVANCED_FACE('',(#194),#169,.T.);
#196=CARTESIAN_POINT('',(-6.5,0.,4.19));
#197=DIRECTION('',(-1.,0.,0.));
#198=DIRECTION('',(0.,0.,1.));
#199=AXIS2_PLACEMENT_3D('',#196,#197,#198);
#200=PLANE('',#199);
#201=ORIENTED_EDGE('',*,*,#84,.F.);
#202=CARTESIAN_POINT('',(-6.5,0.2,4.19));
#203=VERTEX_POINT('',#202);
#204=CARTESIAN_POINT('',(-6.5,0.2,4.19));
#205=DIRECTION('',(0.,0.,1.));
#206=VECTOR('',#205,0.11);
#207=LINE('',#204,#206);
#208=EDGE_CURVE('',#203,#77,#207,.T.);
#209=ORIENTED_EDGE('',*,*,#208,.F.);
#210=CARTESIAN_POINT('',(-6.5,0.2,4.19));
#211=DIRECTION('',(-0.,-1.,-0.));
#212=VECTOR('',#211,0.4);
#213=LINE('',#210,#212);
#214=EDGE_CURVE('',#203,#172,#213,.T.);
#215=ORIENTED_EDGE('',*,*,#214,.T.);
#216=ORIENTED_EDGE('',*,*,#177,.T.);
#217=EDGE_LOOP('',(#201,#209,#215,#216));
#218=FACE_BOUND('',#217,.T.);
#219=ADVANCED_FACE('',(#218),#200,.T.);
#220=CARTESIAN_POINT('',(-7.7,0.2,4.19));
#221=DIRECTION('',(0.,-1.,0.));
#222=DIRECTION('',(-0.999848806,0.,0.017388675));
#223=AXIS2_PLACEMENT_3D('',#220,#221,#222);
#224=PLANE('',#223);
#225=ORIENTED_EDGE('',*,*,#106,.F.);
#226=CARTESIAN_POINT('',(-8.9,0.2,4.19));
#227=VERTEX_POINT('',#226);
#228=CARTESIAN_POINT('',(-8.9,0.2,4.19));
#229=DIRECTION('',(-0.,-0.,1.));
#230=VECTOR('',#229,0.11);
#231=LINE('',#228,#230);
#232=EDGE_CURVE('',#227,#95,#231,.T.);
#233=ORIENTED_EDGE('',*,*,#232,.F.);
#234=CARTESIAN_POINT('',(-8.9,0.2,4.19));
#235=DIRECTION('',(1.,0.,-0.));
#236=VECTOR('',#235,2.4);
#237=LINE('',#234,#236);
#238=EDGE_CURVE('',#227,#203,#237,.T.);
#239=ORIENTED_EDGE('',*,*,#238,.T.);
#240=ORIENTED_EDGE('',*,*,#208,.T.);
#241=EDGE_LOOP('',(#225,#233,#239,#240));
#242=FACE_BOUND('',#241,.T.);
#243=ADVANCED_FACE('',(#242),#224,.T.);
#244=CARTESIAN_POINT('',(-8.9,0.,4.19));
#245=DIRECTION('',(1.,0.,0.));
#246=DIRECTION('',(0.,0.,-1.));
#247=AXIS2_PLACEMENT_3D('',#244,#245,#246);
#248=PLANE('',#247);
#249=ORIENTED_EDGE('',*,*,#100,.F.);
#250=ORIENTED_EDGE('',*,*,#191,.F.);
#251=CARTESIAN_POINT('',(-8.9,-0.2,4.19));
#252=DIRECTION('',(0.,1.,0.));
#253=VECTOR('',#252,0.4);
#254=LINE('',#251,#253);
#255=EDGE_CURVE('',#180,#227,#254,.T.);
#256=ORIENTED_EDGE('',*,*,#255,.T.);
#257=ORIENTED_EDGE('',*,*,#232,.T.);
#258=EDGE_LOOP('',(#249,#250,#256,#257));
#259=FACE_BOUND('',#258,.T.);
#260=ADVANCED_FACE('',(#259),#248,.T.);
#261=CARTESIAN_POINT('',(417.5,-115.2,4.19));
#262=DIRECTION('',(0.,0.,1.));
#263=DIRECTION('',(0.,-1.,0.));
#264=AXIS2_PLACEMENT_3D('',#261,#262,#263);
#265=PLANE('',#264);
#266=ORIENTED_EDGE('',*,*,#185,.F.);
#267=ORIENTED_EDGE('',*,*,#214,.F.);
#268=ORIENTED_EDGE('',*,*,#238,.F.);
#269=ORIENTED_EDGE('',*,*,#255,.F.);
#270=EDGE_LOOP('',(#266,#267,#268,#269));
#271=FACE_BOUND('',#270,.T.);
#272=ADVANCED_FACE('',(#271),#265,.T.);
#273=CARTESIAN_POINT('',(-7.7,0.,4.3));
#274=DIRECTION('',(0.,0.,-1.));
#275=DIRECTION('',(-1.,0.,0.));
#276=AXIS2_PLACEMENT_3D('',#273,#274,#275);
#277=CONICAL_SURFACE('',#276,1.4,44.999999949);
#278=CARTESIAN_POINT('',(-9.2,0.,4.2));
#279=DIRECTION('',(0.707106781,-0.,0.707106782));
#280=VECTOR('',#279,0.141421356);
#281=LINE('',#278,#280);
#282=EDGE_CURVE('',#135,#66,#281,.T.);
#283=ORIENTED_EDGE('',*,*,#282,.T.);
#284=ORIENTED_EDGE('',*,*,#72,.F.);
#285=ORIENTED_EDGE('',*,*,#282,.F.);
#286=ORIENTED_EDGE('',*,*,#141,.F.);
#287=ORIENTED_EDGE('',*,*,#148,.F.);
#288=EDGE_LOOP('',(#283,#284,#285,#286,#287));
#289=FACE_BOUND('',#288,.T.);
#290=ADVANCED_FACE('',(#289),#277,.T.);
#291=CARTESIAN_POINT('',(-7.65,-2.,3.3));
#292=DIRECTION('',(0.,0.,1.));
#293=DIRECTION('',(0.,1.,0.));
#294=AXIS2_PLACEMENT_3D('',#291,#292,#293);
#295=PLANE('',#294);
#296=CARTESIAN_POINT('',(-7.1,-0.,3.3));
#297=VERTEX_POINT('',#296);
#298=CARTESIAN_POINT('',(-7.7,0.,3.3));
#299=DIRECTION('',(-0.,-0.,-1.));
#300=DIRECTION('',(1.,0.,-0.));
#301=AXIS2_PLACEMENT_3D('',#298,#299,#300);
#302=CIRCLE('',#301,0.6);
#303=EDGE_CURVE('',#297,#297,#302,.T.);
#304=ORIENTED_EDGE('',*,*,#303,.F.);
#305=EDGE_LOOP('',(#304));
#306=FACE_BOUND('',#305,.T.);
#307=ORIENTED_EDGE('',*,*,#47,.T.);
#308=EDGE_LOOP('',(#307));
#309=FACE_BOUND('',#308,.T.);
#310=ADVANCED_FACE('',(#306,#309),#295,.F.);
#311=CARTESIAN_POINT('',(-7.7,0.,2.68));
#312=DIRECTION('',(0.,0.,1.));
#313=DIRECTION('',(1.,0.,-0.));
#314=AXIS2_PLACEMENT_3D('',#311,#312,#313);
#315=CYLINDRICAL_SURFACE('',#314,0.6);
#316=CARTESIAN_POINT('',(-7.1,0.,3.));
#317=VERTEX_POINT('',#316);
#318=CARTESIAN_POINT('',(-7.1,0.,3.3));
#319=DIRECTION('',(-0.,-0.,-1.));
#320=VECTOR('',#319,0.3);
#321=LINE('',#318,#320);
#322=EDGE_CURVE('',#297,#317,#321,.T.);
#323=ORIENTED_EDGE('',*,*,#322,.T.);
#324=CARTESIAN_POINT('',(-8.3,-0.,3.));
#325=VERTEX_POINT('',#324);
#326=CARTESIAN_POINT('',(-7.7,0.,3.));
#327=DIRECTION('',(0.,0.,-1.));
#328=DIRECTION('',(-1.,0.,0.));
#329=AXIS2_PLACEMENT_3D('',#326,#327,#328);
#330=CIRCLE('',#329,0.6);
#331=EDGE_CURVE('',#325,#317,#330,.T.);
#332=ORIENTED_EDGE('',*,*,#331,.F.);
#333=CARTESIAN_POINT('',(-7.7,0.,3.));
#334=DIRECTION('',(0.,0.,-1.));
#335=DIRECTION('',(-1.,0.,0.));
#336=AXIS2_PLACEMENT_3D('',#333,#334,#335);
#337=CIRCLE('',#336,0.6);
#338=EDGE_CURVE('',#317,#325,#337,.T.);
#339=ORIENTED_EDGE('',*,*,#338,.F.);
#340=ORIENTED_EDGE('',*,*,#322,.F.);
#341=ORIENTED_EDGE('',*,*,#303,.T.);
#342=EDGE_LOOP('',(#323,#332,#339,#340,#341));
#343=FACE_BOUND('',#342,.T.);
#344=ADVANCED_FACE('',(#343),#315,.T.);
#345=CARTESIAN_POINT('',(-120.2,345.4,3.));
#346=DIRECTION('',(0.,0.,-1.));
#347=DIRECTION('',(0.,-1.,0.));
#348=AXIS2_PLACEMENT_3D('',#345,#346,#347);
#349=PLANE('',#348);
#350=ORIENTED_EDGE('',*,*,#331,.T.);
#351=ORIENTED_EDGE('',*,*,#338,.T.);
#352=EDGE_LOOP('',(#350,#351));
#353=FACE_BOUND('',#352,.T.);
#354=CARTESIAN_POINT('',(-8.5,-0.,3.));
#355=VERTEX_POINT('',#354);
#356=CARTESIAN_POINT('',(-6.9,0.,3.));
#357=VERTEX_POINT('',#356);
#358=CARTESIAN_POINT('',(-7.7,0.,3.));
#359=DIRECTION('',(-0.,-0.,1.));
#360=DIRECTION('',(-1.,0.,0.));
#361=AXIS2_PLACEMENT_3D('',#358,#359,#360);
#362=CIRCLE('',#361,0.8);
#363=EDGE_CURVE('',#355,#357,#362,.T.);
#364=ORIENTED_EDGE('',*,*,#363,.T.);
#365=CARTESIAN_POINT('',(-7.7,0.,3.));
#366=DIRECTION('',(-0.,-0.,1.));
#367=DIRECTION('',(-1.,0.,0.));
#368=AXIS2_PLACEMENT_3D('',#365,#366,#367);
#369=CIRCLE('',#368,0.8);
#370=EDGE_CURVE('',#357,#355,#369,.T.);
#371=ORIENTED_EDGE('',*,*,#370,.T.);
#372=EDGE_LOOP('',(#364,#371));
#373=FACE_BOUND('',#372,.T.);
#374=ADVANCED_FACE('',(#353,#373),#349,.F.);
#375=CARTESIAN_POINT('',(-7.7,0.,2.6));
#376=DIRECTION('',(0.,0.,1.));
#377=DIRECTION('',(1.,0.,-0.));
#378=AXIS2_PLACEMENT_3D('',#375,#376,#377);
#379=CYLINDRICAL_SURFACE('',#378,0.8);
#380=CARTESIAN_POINT('',(-6.9,-0.,2.6));
#381=VERTEX_POINT('',#380);
#382=CARTESIAN_POINT('',(-6.9,0.,3.));
#383=DIRECTION('',(-0.,-0.,-1.));
#384=VECTOR('',#383,0.4);
#385=LINE('',#382,#384);
#386=EDGE_CURVE('',#357,#381,#385,.T.);
#387=ORIENTED_EDGE('',*,*,#386,.T.);
#388=CARTESIAN_POINT('',(-7.7,0.,2.6));
#389=DIRECTION('',(0.,0.,1.));
#390=DIRECTION('',(1.,0.,-0.));
#391=AXIS2_PLACEMENT_3D('',#388,#389,#390);
#392=CIRCLE('',#391,0.8);
#393=EDGE_CURVE('',#381,#381,#392,.T.);
#394=ORIENTED_EDGE('',*,*,#393,.T.);
#395=ORIENTED_EDGE('',*,*,#386,.F.);
#396=ORIENTED_EDGE('',*,*,#363,.F.);
#397=ORIENTED_EDGE('',*,*,#370,.F.);
#398=EDGE_LOOP('',(#387,#394,#395,#396,#397));
#399=FACE_BOUND('',#398,.T.);
#400=ADVANCED_FACE('',(#399),#379,.T.);
#401=CARTESIAN_POINT('',(-120.2,339.4,2.6));
#402=DIRECTION('',(0.,0.,1.));
#403=DIRECTION('',(0.,-1.,0.));
#404=AXIS2_PLACEMENT_3D('',#401,#402,#403);
#405=PLANE('',#404);
#406=ORIENTED_EDGE('',*,*,#393,.F.);
#407=EDGE_LOOP('',(#406));
#408=FACE_BOUND('',#407,.T.);
#409=CARTESIAN_POINT('',(-7.075,-0.,2.6));
#410=VERTEX_POINT('',#409);
#411=CARTESIAN_POINT('',(-7.7,0.,2.6));
#412=DIRECTION('',(0.,0.,1.));
#413=DIRECTION('',(1.,0.,-0.));
#414=AXIS2_PLACEMENT_3D('',#411,#412,#413);
#415=CIRCLE('',#414,0.625);
#416=EDGE_CURVE('',#410,#410,#415,.T.);
#417=ORIENTED_EDGE('',*,*,#416,.T.);
#418=EDGE_LOOP('',(#417));
#419=FACE_BOUND('',#418,.T.);
#420=ADVANCED_FACE('',(#408,#419),#405,.F.);
#421=CARTESIAN_POINT('',(-120.2,345.4,2.599754926));
#422=DIRECTION('',(0.,0.,1.));
#423=DIRECTION('',(0.,-1.,0.));
#424=AXIS2_PLACEMENT_3D('',#421,#422,#423);
#425=PLANE('',#424);
#426=CARTESIAN_POINT('',(-8.173290766,0.408192087,2.59975486));
#427=VERTEX_POINT('',#426);
#428=CARTESIAN_POINT('',(-8.059989289,-0.714454818,2.599754994));
#429=VERTEX_POINT('',#428);
#430=CARTESIAN_POINT('',(-8.173290966,0.408191769,2.599754926));
#431=CARTESIAN_POINT('',(-8.215139209,0.372611204,2.599754926));
#432=CARTESIAN_POINT('',(-8.251217088,0.332172742,2.599754926));
#433=CARTESIAN_POINT('',(-8.282164381,0.287414994,2.599754926));
#434=CARTESIAN_POINT('',(-8.313111675,0.242657245,2.599754926));
#435=CARTESIAN_POINT('',(-8.338617425,0.193772013,2.599754926));
#436=CARTESIAN_POINT('',(-8.357602553,0.143028724,2.599754926));
#437=CARTESIAN_POINT('',(-8.376587682,0.092285436,2.599754926));
#438=CARTESIAN_POINT('',(-8.389394007,0.038417578,2.599754926));
#439=CARTESIAN_POINT('',(-8.395520827,-0.015480246,2.599754926));
#440=CARTESIAN_POINT('',(-8.401647647,-0.069378069,2.599754926));
#441=CARTESIAN_POINT('',(-8.401629148,-0.123869235,2.599754926));
#442=CARTESIAN_POINT('',(-8.395310863,-0.178203807,2.599754926));
#443=CARTESIAN_POINT('',(-8.370037724,-0.395542095,2.599754926));
#444=CARTESIAN_POINT('',(-8.242653223,-0.593309529,2.599754926));
#445=CARTESIAN_POINT('',(-8.05998854,-0.714455455,2.599754926));
#446=B_SPLINE_CURVE_WITH_KNOTS('',3,(#430,#431,#432,#433,#434,#435,#436,#437,#438,#439,#440,#441,#442,#443,#444,#445),.UNSPECIFIED.,.F.,.F.,(4,3,3,3,3,4),(0.,0.000162512,0.000325024,0.000487536,0.000650048,0.001300096),.UNSPECIFIED.);
#447=EDGE_CURVE('',#427,#429,#446,.T.);
#448=ORIENTED_EDGE('',*,*,#447,.T.);
#449=CARTESIAN_POINT('',(-7.090728474,-0.139331289,2.599754794));
#450=VERTEX_POINT('',#449);
#451=CARTESIAN_POINT('',(-8.059988332,-0.714455041,2.599754926));
#452=CARTESIAN_POINT('',(-8.008479679,-0.733131807,2.599754926));
#453=CARTESIAN_POINT('',(-7.955933352,-0.746080371,2.599754926));
#454=CARTESIAN_POINT('',(-7.902388123,-0.75351477,2.599754926));
#455=CARTESIAN_POINT('',(-7.848842895,-0.760949168,2.599754926));
#456=CARTESIAN_POINT('',(-7.793647845,-0.762761699,2.599754926));
#457=CARTESIAN_POINT('',(-7.739600472,-0.758818412,2.599754926));
#458=CARTESIAN_POINT('',(-7.685553099,-0.754875126,2.599754926));
#459=CARTESIAN_POINT('',(-7.632431628,-0.745292102,2.599754926));
#460=CARTESIAN_POINT('',(-7.580319815,-0.729559174,2.599754926));
#461=CARTESIAN_POINT('',(-7.528208002,-0.713826247,2.599754926));
#462=CARTESIAN_POINT('',(-7.477722219,-0.692081949,2.599754926));
#463=CARTESIAN_POINT('',(-7.430805779,-0.665304713,2.599754926));
#464=CARTESIAN_POINT('',(-7.38388934,-0.638527476,2.599754926));
#465=CARTESIAN_POINT('',(-7.33931127,-0.60615453,2.599754926));
#466=CARTESIAN_POINT('',(-7.299545235,-0.569070575,2.599754926));
#467=CARTESIAN_POINT('',(-7.259779201,-0.53198662,2.599754926));
#468=CARTESIAN_POINT('',(-7.225014906,-0.490697642,2.599754926));
#469=CARTESIAN_POINT('',(-7.195263012,-0.44519468,2.599754926));
#470=CARTESIAN_POINT('',(-7.135759224,-0.354188756,2.599754926));
#471=CARTESIAN_POINT('',(-7.098415193,-0.248928177,2.599754926));
#472=CARTESIAN_POINT('',(-7.090728216,-0.139330825,2.599754926));
#473=B_SPLINE_CURVE_WITH_KNOTS('',3,(#451,#452,#453,#454,#455,#456,#457,#458,#459,#460,#461,#462,#463,#464,#465,#466,#467,#468,#469,#470,#471,#472),.UNSPECIFIED.,.F.,.F.,(4,3,3,3,3,3,3,4),(0.,0.000162039,0.000324077,0.000486116,0.000648155,0.000810193,0.000972232,0.001296309),.UNSPECIFIED.);
#474=EDGE_CURVE('',#429,#450,#473,.T.);
#475=ORIENTED_EDGE('',*,*,#474,.T.);
#476=CARTESIAN_POINT('',(-7.7,0.,2.599754794));
#477=DIRECTION('',(-0.,-0.,-1.));
#478=DIRECTION('',(1.,0.,-0.));
#479=AXIS2_PLACEMENT_3D('',#476,#477,#478);
#480=CIRCLE('',#479,0.625);
#481=EDGE_CURVE('',#450,#427,#480,.T.);
#482=ORIENTED_EDGE('',*,*,#481,.T.);
#483=EDGE_LOOP('',(#448,#475,#482));
#484=FACE_BOUND('',#483,.T.);
#485=ADVANCED_FACE('',(#484),#425,.T.);
#486=CARTESIAN_POINT('',(-8.0875382,0.699894362,0.028994431));
#487=CARTESIAN_POINT('',(-8.091718676,0.697579593,0.029321025));
#488=CARTESIAN_POINT('',(-8.095876661,0.69522834,0.029646753));
#489=CARTESIAN_POINT('',(-8.100011867,0.692840877,0.029971592));
#490=CARTESIAN_POINT('',(-8.100040668,0.692824249,0.029973854));
#491=CARTESIAN_POINT('',(-8.100069468,0.692807619,0.029976117));
#492=CARTESIAN_POINT('',(-8.100098267,0.692790987,0.029978379));
#493=CARTESIAN_POINT('',(-8.222385699,0.622167971,0.039585616));
#494=CARTESIAN_POINT('',(-8.322233507,0.52230742,0.049531398));
#495=CARTESIAN_POINT('',(-8.392840877,0.400011867,0.059138259));
#496=CARTESIAN_POINT('',(-8.392857505,0.399983066,0.059140521));
#497=CARTESIAN_POINT('',(-8.392874132,0.399954264,0.059142784));
#498=CARTESIAN_POINT('',(-8.392890757,0.39992546,0.059145046));
#499=CARTESIAN_POINT('',(-8.46348327,0.277620418,0.068752282));
#500=CARTESIAN_POINT('',(-8.500023734,0.14121474,0.078698064));
#501=CARTESIAN_POINT('',(-8.500023734,0.,0.088304926));
#502=CARTESIAN_POINT('',(-8.500023734,-0.000033257,0.088307188));
#503=CARTESIAN_POINT('',(-8.500023732,-0.000066513,0.088309451));
#504=CARTESIAN_POINT('',(-8.500023728,-0.00009977,0.088311713));
#505=CARTESIAN_POINT('',(-8.500006117,-0.1413153,0.097918949));
#506=CARTESIAN_POINT('',(-8.463448247,-0.277716314,0.107864731));
#507=CARTESIAN_POINT('',(-8.392840877,-0.400011867,0.117471592));
#508=CARTESIAN_POINT('',(-8.392824249,-0.400040668,0.117473854));
#509=CARTESIAN_POINT('',(-8.392807619,-0.400069468,0.117476117));
#510=CARTESIAN_POINT('',(-8.392790987,-0.400098267,0.117478379));
#511=CARTESIAN_POINT('',(-8.322167971,-0.522385699,0.127085616));
#512=CARTESIAN_POINT('',(-8.22230742,-0.622233507,0.137031398));
#513=CARTESIAN_POINT('',(-8.100011867,-0.692840877,0.146638259));
#514=CARTESIAN_POINT('',(-8.099983066,-0.692857505,0.146640521));
#515=CARTESIAN_POINT('',(-8.099954264,-0.692874132,0.146642784));
#516=CARTESIAN_POINT('',(-8.09992546,-0.692890757,0.146645046));
#517=CARTESIAN_POINT('',(-7.977620418,-0.76348327,0.156252282));
#518=CARTESIAN_POINT('',(-7.84121474,-0.800023734,0.166198064));
#519=CARTESIAN_POINT('',(-7.7,-0.800023734,0.175804926));
#520=CARTESIAN_POINT('',(-7.699966743,-0.800023734,0.175807188));
#521=CARTESIAN_POINT('',(-7.699933487,-0.800023732,0.175809451));
#522=CARTESIAN_POINT('',(-7.69990023,-0.800023728,0.175811713));
#523=CARTESIAN_POINT('',(-7.5586847,-0.800006117,0.185418949));
#524=CARTESIAN_POINT('',(-7.422283686,-0.763448247,0.195364731));
#525=CARTESIAN_POINT('',(-7.299988133,-0.692840877,0.204971592));
#526=CARTESIAN_POINT('',(-7.299959332,-0.692824249,0.204973854));
#527=CARTESIAN_POINT('',(-7.299930532,-0.692807619,0.204976117));
#528=CARTESIAN_POINT('',(-7.299901733,-0.692790987,0.204978379));
#529=CARTESIAN_POINT('',(-7.177614301,-0.622167971,0.214585616));
#530=CARTESIAN_POINT('',(-7.077766493,-0.52230742,0.224531398));
#531=CARTESIAN_POINT('',(-7.007159123,-0.400011867,0.234138259));
#532=CARTESIAN_POINT('',(-7.007142495,-0.399983066,0.234140521));
#533=CARTESIAN_POINT('',(-7.007125868,-0.399954264,0.234142784));
#534=CARTESIAN_POINT('',(-7.007109243,-0.39992546,0.234145046));
#535=CARTESIAN_POINT('',(-6.93651673,-0.277620418,0.243752282));
#536=CARTESIAN_POINT('',(-6.899976266,-0.14121474,0.253698064));
#537=CARTESIAN_POINT('',(-6.899976266,0.,0.263304926));
#538=CARTESIAN_POINT('',(-6.899976266,0.000033257,0.263307188));
#539=CARTESIAN_POINT('',(-6.899976268,0.000066513,0.263309451));
#540=CARTESIAN_POINT('',(-6.899976272,0.00009977,0.263311713));
#541=CARTESIAN_POINT('',(-6.899993883,0.1413153,0.272918949));
#542=CARTESIAN_POINT('',(-6.936551753,0.277716314,0.282864731));
#543=CARTESIAN_POINT('',(-7.007159123,0.400011867,0.292471592));
#544=CARTESIAN_POINT('',(-7.007175751,0.400040668,0.292473854));
#545=CARTESIAN_POINT('',(-7.007192381,0.400069468,0.292476117));
#546=CARTESIAN_POINT('',(-7.007209013,0.400098267,0.292478379));
#547=CARTESIAN_POINT('',(-7.077832029,0.522385699,0.302085616));
#548=CARTESIAN_POINT('',(-7.17769258,0.622233507,0.312031398));
#549=CARTESIAN_POINT('',(-7.299988133,0.692840877,0.321638259));
#550=CARTESIAN_POINT('',(-7.300016934,0.692857505,0.321640521));
#551=CARTESIAN_POINT('',(-7.300045736,0.692874132,0.321642784));
#552=CARTESIAN_POINT('',(-7.30007454,0.692890757,0.321645046));
#553=CARTESIAN_POINT('',(-7.422379582,0.76348327,0.331252282));
#554=CARTESIAN_POINT('',(-7.55878526,0.800023734,0.341198064));
#555=CARTESIAN_POINT('',(-7.7,0.800023734,0.350804926));
#556=CARTESIAN_POINT('',(-7.700033257,0.800023734,0.350807188));
#557=CARTESIAN_POINT('',(-7.700066513,0.800023732,0.350809451));
#558=CARTESIAN_POINT('',(-7.70009977,0.800023728,0.350811713));
#559=CARTESIAN_POINT('',(-7.8413153,0.800006117,0.360418949));
#560=CARTESIAN_POINT('',(-7.977716314,0.763448247,0.370364731));
#561=CARTESIAN_POINT('',(-8.100011867,0.692840877,0.379971592));
#562=CARTESIAN_POINT('',(-8.100040668,0.692824249,0.379973854));
#563=CARTESIAN_POINT('',(-8.100069468,0.692807619,0.379976117));
#564=CARTESIAN_POINT('',(-8.100098267,0.692790987,0.379978379));
#565=CARTESIAN_POINT('',(-8.222385699,0.622167971,0.389585616));
#566=CARTESIAN_POINT('',(-8.322233507,0.52230742,0.399531398));
#567=CARTESIAN_POINT('',(-8.392840877,0.400011867,0.409138259));
#568=CARTESIAN_POINT('',(-8.392857505,0.399983066,0.409140521));
#569=CARTESIAN_POINT('',(-8.392874132,0.399954264,0.409142784));
#570=CARTESIAN_POINT('',(-8.392890757,0.39992546,0.409145046));
#571=CARTESIAN_POINT('',(-8.46348327,0.277620418,0.418752282));
#572=CARTESIAN_POINT('',(-8.500023734,0.14121474,0.428698064));
#573=CARTESIAN_POINT('',(-8.500023734,0.,0.438304926));
#574=CARTESIAN_POINT('',(-8.500023734,-0.000033257,0.438307188));
#575=CARTESIAN_POINT('',(-8.500023732,-0.000066513,0.438309451));
#576=CARTESIAN_POINT('',(-8.500023728,-0.00009977,0.438311713));
#577=CARTESIAN_POINT('',(-8.500006117,-0.1413153,0.447918949));
#578=CARTESIAN_POINT('',(-8.463448247,-0.277716314,0.457864731));
#579=CARTESIAN_POINT('',(-8.392840877,-0.400011867,0.467471592));
#580=CARTESIAN_POINT('',(-8.392824249,-0.400040668,0.467473854));
#581=CARTESIAN_POINT('',(-8.392807619,-0.400069468,0.467476117));
#582=CARTESIAN_POINT('',(-8.392790987,-0.400098267,0.467478379));
#583=CARTESIAN_POINT('',(-8.322167971,-0.522385699,0.477085616));
#584=CARTESIAN_POINT('',(-8.22230742,-0.622233507,0.487031398));
#585=CARTESIAN_POINT('',(-8.100011867,-0.692840877,0.496638259));
#586=CARTESIAN_POINT('',(-8.099983066,-0.692857505,0.496640521));
#587=CARTESIAN_POINT('',(-8.099954264,-0.692874132,0.496642784));
#588=CARTESIAN_POINT('',(-8.09992546,-0.692890757,0.496645046));
#589=CARTESIAN_POINT('',(-7.977620418,-0.76348327,0.506252282));
#590=CARTESIAN_POINT('',(-7.84121474,-0.800023734,0.516198064));
#591=CARTESIAN_POINT('',(-7.7,-0.800023734,0.525804926));
#592=CARTESIAN_POINT('',(-7.699966743,-0.800023734,0.525807188));
#593=CARTESIAN_POINT('',(-7.699933487,-0.800023732,0.525809451));
#594=CARTESIAN_POINT('',(-7.69990023,-0.800023728,0.525811713));
#595=CARTESIAN_POINT('',(-7.5586847,-0.800006117,0.535418949));
#596=CARTESIAN_POINT('',(-7.422283686,-0.763448247,0.545364731));
#597=CARTESIAN_POINT('',(-7.299988133,-0.692840877,0.554971592));
#598=CARTESIAN_POINT('',(-7.299959332,-0.692824249,0.554973854));
#599=CARTESIAN_POINT('',(-7.299930532,-0.692807619,0.554976117));
#600=CARTESIAN_POINT('',(-7.299901733,-0.692790987,0.554978379));
#601=CARTESIAN_POINT('',(-7.177614301,-0.622167971,0.564585616));
#602=CARTESIAN_POINT('',(-7.077766493,-0.52230742,0.574531398));
#603=CARTESIAN_POINT('',(-7.007159123,-0.400011867,0.584138259));
#604=CARTESIAN_POINT('',(-7.007142495,-0.399983066,0.584140521));
#605=CARTESIAN_POINT('',(-7.007125868,-0.399954264,0.584142784));
#606=CARTESIAN_POINT('',(-7.007109243,-0.39992546,0.584145046));
#607=CARTESIAN_POINT('',(-6.93651673,-0.277620418,0.593752282));
#608=CARTESIAN_POINT('',(-6.899976266,-0.14121474,0.603698064));
#609=CARTESIAN_POINT('',(-6.899976266,0.,0.613304926));
#610=CARTESIAN_POINT('',(-6.899976266,0.000033257,0.613307188));
#611=CARTESIAN_POINT('',(-6.899976268,0.000066513,0.613309451));
#612=CARTESIAN_POINT('',(-6.899976272,0.00009977,0.613311713));
#613=CARTESIAN_POINT('',(-6.899993883,0.1413153,0.622918949));
#614=CARTESIAN_POINT('',(-6.936551753,0.277716314,0.632864731));
#615=CARTESIAN_POINT('',(-7.007159123,0.400011867,0.642471592));
#616=CARTESIAN_POINT('',(-7.007175751,0.400040668,0.642473854));
#617=CARTESIAN_POINT('',(-7.007192381,0.400069468,0.642476117));
#618=CARTESIAN_POINT('',(-7.007209013,0.400098267,0.642478379));
#619=CARTESIAN_POINT('',(-7.077832029,0.522385699,0.652085616));
#620=CARTESIAN_POINT('',(-7.17769258,0.622233507,0.662031398));
#621=CARTESIAN_POINT('',(-7.299988133,0.692840877,0.671638259));
#622=CARTESIAN_POINT('',(-7.300016934,0.692857505,0.671640521));
#623=CARTESIAN_POINT('',(-7.300045736,0.692874132,0.671642784));
#624=CARTESIAN_POINT('',(-7.30007454,0.692890757,0.671645046));
#625=CARTESIAN_POINT('',(-7.422379582,0.76348327,0.681252282));
#626=CARTESIAN_POINT('',(-7.55878526,0.800023734,0.691198064));
#627=CARTESIAN_POINT('',(-7.7,0.800023734,0.700804926));
#628=CARTESIAN_POINT('',(-7.700033257,0.800023734,0.700807188));
#629=CARTESIAN_POINT('',(-7.700066513,0.800023732,0.700809451));
#630=CARTESIAN_POINT('',(-7.70009977,0.800023728,0.700811713));
#631=CARTESIAN_POINT('',(-7.8413153,0.800006117,0.710418949));
#632=CARTESIAN_POINT('',(-7.977716314,0.763448247,0.720364731));
#633=CARTESIAN_POINT('',(-8.100011867,0.692840877,0.729971592));
#634=CARTESIAN_POINT('',(-8.100040668,0.692824249,0.729973854));
#635=CARTESIAN_POINT('',(-8.100069468,0.692807619,0.729976117));
#636=CARTESIAN_POINT('',(-8.100098267,0.692790987,0.729978379));
#637=CARTESIAN_POINT('',(-8.222385699,0.622167971,0.739585616));
#638=CARTESIAN_POINT('',(-8.322233507,0.52230742,0.749531398));
#639=CARTESIAN_POINT('',(-8.392840877,0.400011867,0.759138259));
#640=CARTESIAN_POINT('',(-8.392857505,0.399983066,0.759140521));
#641=CARTESIAN_POINT('',(-8.392874132,0.399954264,0.759142784));
#642=CARTESIAN_POINT('',(-8.392890757,0.39992546,0.759145046));
#643=CARTESIAN_POINT('',(-8.46348327,0.277620418,0.768752282));
#644=CARTESIAN_POINT('',(-8.500023734,0.14121474,0.778698064));
#645=CARTESIAN_POINT('',(-8.500023734,0.,0.788304926));
#646=CARTESIAN_POINT('',(-8.500023734,-0.000033257,0.788307188));
#647=CARTESIAN_POINT('',(-8.500023732,-0.000066513,0.788309451));
#648=CARTESIAN_POINT('',(-8.500023728,-0.00009977,0.788311713));
#649=CARTESIAN_POINT('',(-8.500006117,-0.1413153,0.797918949));
#650=CARTESIAN_POINT('',(-8.463448247,-0.277716314,0.807864731));
#651=CARTESIAN_POINT('',(-8.392840877,-0.400011867,0.817471592));
#652=CARTESIAN_POINT('',(-8.392824249,-0.400040668,0.817473854));
#653=CARTESIAN_POINT('',(-8.392807619,-0.400069468,0.817476117));
#654=CARTESIAN_POINT('',(-8.392790987,-0.400098267,0.817478379));
#655=CARTESIAN_POINT('',(-8.322167971,-0.522385699,0.827085616));
#656=CARTESIAN_POINT('',(-8.22230742,-0.622233507,0.837031398));
#657=CARTESIAN_POINT('',(-8.100011867,-0.692840877,0.846638259));
#658=CARTESIAN_POINT('',(-8.099983066,-0.692857505,0.846640521));
#659=CARTESIAN_POINT('',(-8.099954264,-0.692874132,0.846642784));
#660=CARTESIAN_POINT('',(-8.09992546,-0.692890757,0.846645046));
#661=CARTESIAN_POINT('',(-7.977620418,-0.76348327,0.856252282));
#662=CARTESIAN_POINT('',(-7.84121474,-0.800023734,0.866198064));
#663=CARTESIAN_POINT('',(-7.7,-0.800023734,0.875804926));
#664=CARTESIAN_POINT('',(-7.699966743,-0.800023734,0.875807188));
#665=CARTESIAN_POINT('',(-7.699933487,-0.800023732,0.875809451));
#666=CARTESIAN_POINT('',(-7.69990023,-0.800023728,0.875811713));
#667=CARTESIAN_POINT('',(-7.5586847,-0.800006117,0.885418949));
#668=CARTESIAN_POINT('',(-7.422283686,-0.763448247,0.895364731));
#669=CARTESIAN_POINT('',(-7.299988133,-0.692840877,0.904971592));
#670=CARTESIAN_POINT('',(-7.299959332,-0.692824249,0.904973854));
#671=CARTESIAN_POINT('',(-7.299930532,-0.692807619,0.904976117));
#672=CARTESIAN_POINT('',(-7.299901733,-0.692790987,0.904978379));
#673=CARTESIAN_POINT('',(-7.177614301,-0.622167971,0.914585616));
#674=CARTESIAN_POINT('',(-7.077766493,-0.52230742,0.924531398));
#675=CARTESIAN_POINT('',(-7.007159123,-0.400011867,0.934138259));
#676=CARTESIAN_POINT('',(-7.007142495,-0.399983066,0.934140521));
#677=CARTESIAN_POINT('',(-7.007125868,-0.399954264,0.934142784));
#678=CARTESIAN_POINT('',(-7.007109243,-0.39992546,0.934145046));
#679=CARTESIAN_POINT('',(-6.93651673,-0.277620418,0.943752282));
#680=CARTESIAN_POINT('',(-6.899976266,-0.14121474,0.953698064));
#681=CARTESIAN_POINT('',(-6.899976266,0.,0.963304926));
#682=CARTESIAN_POINT('',(-6.899976266,0.000033257,0.963307188));
#683=CARTESIAN_POINT('',(-6.899976268,0.000066513,0.963309451));
#684=CARTESIAN_POINT('',(-6.899976272,0.00009977,0.963311713));
#685=CARTESIAN_POINT('',(-6.899993883,0.1413153,0.972918949));
#686=CARTESIAN_POINT('',(-6.936551753,0.277716314,0.982864731));
#687=CARTESIAN_POINT('',(-7.007159123,0.400011867,0.992471592));
#688=CARTESIAN_POINT('',(-7.007175751,0.400040668,0.992473854));
#689=CARTESIAN_POINT('',(-7.007192381,0.400069468,0.992476117));
#690=CARTESIAN_POINT('',(-7.007209013,0.400098267,0.992478379));
#691=CARTESIAN_POINT('',(-7.077832029,0.522385699,1.002085616));
#692=CARTESIAN_POINT('',(-7.17769258,0.622233507,1.012031398));
#693=CARTESIAN_POINT('',(-7.299988133,0.692840877,1.021638259));
#694=CARTESIAN_POINT('',(-7.300016934,0.692857505,1.021640521));
#695=CARTESIAN_POINT('',(-7.300045736,0.692874132,1.021642784));
#696=CARTESIAN_POINT('',(-7.30007454,0.692890757,1.021645046));
#697=CARTESIAN_POINT('',(-7.422379582,0.76348327,1.031252282));
#698=CARTESIAN_POINT('',(-7.55878526,0.800023734,1.041198064));
#699=CARTESIAN_POINT('',(-7.7,0.800023734,1.050804926));
#700=CARTESIAN_POINT('',(-7.700033257,0.800023734,1.050807188));
#701=CARTESIAN_POINT('',(-7.700066513,0.800023732,1.050809451));
#702=CARTESIAN_POINT('',(-7.70009977,0.800023728,1.050811713));
#703=CARTESIAN_POINT('',(-7.8413153,0.800006117,1.060418949));
#704=CARTESIAN_POINT('',(-7.977716314,0.763448247,1.070364731));
#705=CARTESIAN_POINT('',(-8.100011867,0.692840877,1.079971592));
#706=CARTESIAN_POINT('',(-8.100040668,0.692824249,1.079973854));
#707=CARTESIAN_POINT('',(-8.100069468,0.692807619,1.079976117));
#708=CARTESIAN_POINT('',(-8.100098267,0.692790987,1.079978379));
#709=CARTESIAN_POINT('',(-8.222385699,0.622167971,1.089585616));
#710=CARTESIAN_POINT('',(-8.322233507,0.52230742,1.099531398));
#711=CARTESIAN_POINT('',(-8.392840877,0.400011867,1.109138259));
#712=CARTESIAN_POINT('',(-8.392857505,0.399983066,1.109140521));
#713=CARTESIAN_POINT('',(-8.392874132,0.399954264,1.109142784));
#714=CARTESIAN_POINT('',(-8.392890757,0.39992546,1.109145046));
#715=CARTESIAN_POINT('',(-8.46348327,0.277620418,1.118752282));
#716=CARTESIAN_POINT('',(-8.500023734,0.14121474,1.128698064));
#717=CARTESIAN_POINT('',(-8.500023734,0.,1.138304926));
#718=CARTESIAN_POINT('',(-8.500023734,-0.000033257,1.138307188));
#719=CARTESIAN_POINT('',(-8.500023732,-0.000066513,1.138309451));
#720=CARTESIAN_POINT('',(-8.500023728,-0.00009977,1.138311713));
#721=CARTESIAN_POINT('',(-8.500006117,-0.1413153,1.147918949));
#722=CARTESIAN_POINT('',(-8.463448247,-0.277716314,1.157864731));
#723=CARTESIAN_POINT('',(-8.392840877,-0.400011867,1.167471592));
#724=CARTESIAN_POINT('',(-8.392824249,-0.400040668,1.167473854));
#725=CARTESIAN_POINT('',(-8.392807619,-0.400069468,1.167476117));
#726=CARTESIAN_POINT('',(-8.392790987,-0.400098267,1.167478379));
#727=CARTESIAN_POINT('',(-8.322167971,-0.522385699,1.177085616));
#728=CARTESIAN_POINT('',(-8.22230742,-0.622233507,1.187031398));
#729=CARTESIAN_POINT('',(-8.100011867,-0.692840877,1.196638259));
#730=CARTESIAN_POINT('',(-8.099983066,-0.692857505,1.196640521));
#731=CARTESIAN_POINT('',(-8.099954264,-0.692874132,1.196642784));
#732=CARTESIAN_POINT('',(-8.09992546,-0.692890757,1.196645046));
#733=CARTESIAN_POINT('',(-7.977620418,-0.76348327,1.206252282));
#734=CARTESIAN_POINT('',(-7.84121474,-0.800023734,1.216198064));
#735=CARTESIAN_POINT('',(-7.7,-0.800023734,1.225804926));
#736=CARTESIAN_POINT('',(-7.699966743,-0.800023734,1.225807188));
#737=CARTESIAN_POINT('',(-7.699933487,-0.800023732,1.225809451));
#738=CARTESIAN_POINT('',(-7.69990023,-0.800023728,1.225811713));
#739=CARTESIAN_POINT('',(-7.5586847,-0.800006117,1.235418949));
#740=CARTESIAN_POINT('',(-7.422283686,-0.763448247,1.245364731));
#741=CARTESIAN_POINT('',(-7.299988133,-0.692840877,1.254971592));
#742=CARTESIAN_POINT('',(-7.299959332,-0.692824249,1.254973854));
#743=CARTESIAN_POINT('',(-7.299930532,-0.692807619,1.254976117));
#744=CARTESIAN_POINT('',(-7.299901733,-0.692790987,1.254978379));
#745=CARTESIAN_POINT('',(-7.177614301,-0.622167971,1.264585616));
#746=CARTESIAN_POINT('',(-7.077766493,-0.52230742,1.274531398));
#747=CARTESIAN_POINT('',(-7.007159123,-0.400011867,1.284138259));
#748=CARTESIAN_POINT('',(-7.007142495,-0.399983066,1.284140521));
#749=CARTESIAN_POINT('',(-7.007125868,-0.399954264,1.284142784));
#750=CARTESIAN_POINT('',(-7.007109243,-0.39992546,1.284145046));
#751=CARTESIAN_POINT('',(-6.93651673,-0.277620418,1.293752282));
#752=CARTESIAN_POINT('',(-6.899976266,-0.14121474,1.303698064));
#753=CARTESIAN_POINT('',(-6.899976266,0.,1.313304926));
#754=CARTESIAN_POINT('',(-6.899976266,0.000033257,1.313307188));
#755=CARTESIAN_POINT('',(-6.899976268,0.000066513,1.313309451));
#756=CARTESIAN_POINT('',(-6.899976272,0.00009977,1.313311713));
#757=CARTESIAN_POINT('',(-6.899993883,0.1413153,1.322918949));
#758=CARTESIAN_POINT('',(-6.936551753,0.277716314,1.332864731));
#759=CARTESIAN_POINT('',(-7.007159123,0.400011867,1.342471592));
#760=CARTESIAN_POINT('',(-7.007175751,0.400040668,1.342473854));
#761=CARTESIAN_POINT('',(-7.007192381,0.400069468,1.342476117));
#762=CARTESIAN_POINT('',(-7.007209013,0.400098267,1.342478379));
#763=CARTESIAN_POINT('',(-7.077832029,0.522385699,1.352085616));
#764=CARTESIAN_POINT('',(-7.17769258,0.622233507,1.362031398));
#765=CARTESIAN_POINT('',(-7.299988133,0.692840877,1.371638259));
#766=CARTESIAN_POINT('',(-7.300016934,0.692857505,1.371640521));
#767=CARTESIAN_POINT('',(-7.300045736,0.692874132,1.371642784));
#768=CARTESIAN_POINT('',(-7.30007454,0.692890757,1.371645046));
#769=CARTESIAN_POINT('',(-7.422379582,0.76348327,1.381252282));
#770=CARTESIAN_POINT('',(-7.55878526,0.800023734,1.391198064));
#771=CARTESIAN_POINT('',(-7.7,0.800023734,1.400804926));
#772=CARTESIAN_POINT('',(-7.700033257,0.800023734,1.400807188));
#773=CARTESIAN_POINT('',(-7.700066513,0.800023732,1.400809451));
#774=CARTESIAN_POINT('',(-7.70009977,0.800023728,1.400811713));
#775=CARTESIAN_POINT('',(-7.8413153,0.800006117,1.410418949));
#776=CARTESIAN_POINT('',(-7.977716314,0.763448247,1.420364731));
#777=CARTESIAN_POINT('',(-8.100011867,0.692840877,1.429971592));
#778=CARTESIAN_POINT('',(-8.100040668,0.692824249,1.429973854));
#779=CARTESIAN_POINT('',(-8.100069468,0.692807619,1.429976117));
#780=CARTESIAN_POINT('',(-8.100098267,0.692790987,1.429978379));
#781=CARTESIAN_POINT('',(-8.222385699,0.622167971,1.439585616));
#782=CARTESIAN_POINT('',(-8.322233507,0.52230742,1.449531398));
#783=CARTESIAN_POINT('',(-8.392840877,0.400011867,1.459138259));
#784=CARTESIAN_POINT('',(-8.392857505,0.399983066,1.459140521));
#785=CARTESIAN_POINT('',(-8.392874132,0.399954264,1.459142784));
#786=CARTESIAN_POINT('',(-8.392890757,0.39992546,1.459145046));
#787=CARTESIAN_POINT('',(-8.46348327,0.277620418,1.468752282));
#788=CARTESIAN_POINT('',(-8.500023734,0.14121474,1.478698064));
#789=CARTESIAN_POINT('',(-8.500023734,0.,1.488304926));
#790=CARTESIAN_POINT('',(-8.500023734,-0.000033257,1.488307188));
#791=CARTESIAN_POINT('',(-8.500023732,-0.000066513,1.488309451));
#792=CARTESIAN_POINT('',(-8.500023728,-0.00009977,1.488311713));
#793=CARTESIAN_POINT('',(-8.500006117,-0.1413153,1.497918949));
#794=CARTESIAN_POINT('',(-8.463448247,-0.277716314,1.507864731));
#795=CARTESIAN_POINT('',(-8.392840877,-0.400011867,1.517471592));
#796=CARTESIAN_POINT('',(-8.392824249,-0.400040668,1.517473854));
#797=CARTESIAN_POINT('',(-8.392807619,-0.400069468,1.517476117));
#798=CARTESIAN_POINT('',(-8.392790987,-0.400098267,1.517478379));
#799=CARTESIAN_POINT('',(-8.322167971,-0.522385699,1.527085616));
#800=CARTESIAN_POINT('',(-8.22230742,-0.622233507,1.537031398));
#801=CARTESIAN_POINT('',(-8.100011867,-0.692840877,1.546638259));
#802=CARTESIAN_POINT('',(-8.099983066,-0.692857505,1.546640521));
#803=CARTESIAN_POINT('',(-8.099954264,-0.692874132,1.546642784));
#804=CARTESIAN_POINT('',(-8.09992546,-0.692890757,1.546645046));
#805=CARTESIAN_POINT('',(-7.977620418,-0.76348327,1.556252282));
#806=CARTESIAN_POINT('',(-7.84121474,-0.800023734,1.566198064));
#807=CARTESIAN_POINT('',(-7.7,-0.800023734,1.575804926));
#808=CARTESIAN_POINT('',(-7.699966743,-0.800023734,1.575807188));
#809=CARTESIAN_POINT('',(-7.699933487,-0.800023732,1.575809451));
#810=CARTESIAN_POINT('',(-7.69990023,-0.800023728,1.575811713));
#811=CARTESIAN_POINT('',(-7.5586847,-0.800006117,1.585418949));
#812=CARTESIAN_POINT('',(-7.422283686,-0.763448247,1.595364731));
#813=CARTESIAN_POINT('',(-7.299988133,-0.692840877,1.604971592));
#814=CARTESIAN_POINT('',(-7.299959332,-0.692824249,1.604973854));
#815=CARTESIAN_POINT('',(-7.299930532,-0.692807619,1.604976117));
#816=CARTESIAN_POINT('',(-7.299901733,-0.692790987,1.604978379));
#817=CARTESIAN_POINT('',(-7.177614301,-0.622167971,1.614585616));
#818=CARTESIAN_POINT('',(-7.077766493,-0.52230742,1.624531398));
#819=CARTESIAN_POINT('',(-7.007159123,-0.400011867,1.634138259));
#820=CARTESIAN_POINT('',(-7.007142495,-0.399983066,1.634140521));
#821=CARTESIAN_POINT('',(-7.007125868,-0.399954264,1.634142784));
#822=CARTESIAN_POINT('',(-7.007109243,-0.39992546,1.634145046));
#823=CARTESIAN_POINT('',(-6.93651673,-0.277620418,1.643752282));
#824=CARTESIAN_POINT('',(-6.899976266,-0.14121474,1.653698064));
#825=CARTESIAN_POINT('',(-6.899976266,0.,1.663304926));
#826=CARTESIAN_POINT('',(-6.899976266,0.000033257,1.663307188));
#827=CARTESIAN_POINT('',(-6.899976268,0.000066513,1.663309451));
#828=CARTESIAN_POINT('',(-6.899976272,0.00009977,1.663311713));
#829=CARTESIAN_POINT('',(-6.899993883,0.1413153,1.672918949));
#830=CARTESIAN_POINT('',(-6.936551753,0.277716314,1.682864731));
#831=CARTESIAN_POINT('',(-7.007159123,0.400011867,1.692471592));
#832=CARTESIAN_POINT('',(-7.007175751,0.400040668,1.692473854));
#833=CARTESIAN_POINT('',(-7.007192381,0.400069468,1.692476117));
#834=CARTESIAN_POINT('',(-7.007209013,0.400098267,1.692478379));
#835=CARTESIAN_POINT('',(-7.077832029,0.522385699,1.702085616));
#836=CARTESIAN_POINT('',(-7.17769258,0.622233507,1.712031398));
#837=CARTESIAN_POINT('',(-7.299988133,0.692840877,1.721638259));
#838=CARTESIAN_POINT('',(-7.300016934,0.692857505,1.721640521));
#839=CARTESIAN_POINT('',(-7.300045736,0.692874132,1.721642784));
#840=CARTESIAN_POINT('',(-7.30007454,0.692890757,1.721645046));
#841=CARTESIAN_POINT('',(-7.422379582,0.76348327,1.731252282));
#842=CARTESIAN_POINT('',(-7.55878526,0.800023734,1.741198064));
#843=CARTESIAN_POINT('',(-7.7,0.800023734,1.750804926));
#844=CARTESIAN_POINT('',(-7.700033257,0.800023734,1.750807188));
#845=CARTESIAN_POINT('',(-7.700066513,0.800023732,1.750809451));
#846=CARTESIAN_POINT('',(-7.70009977,0.800023728,1.750811713));
#847=CARTESIAN_POINT('',(-7.8413153,0.800006117,1.760418949));
#848=CARTESIAN_POINT('',(-7.977716314,0.763448247,1.770364731));
#849=CARTESIAN_POINT('',(-8.100011867,0.692840877,1.779971592));
#850=CARTESIAN_POINT('',(-8.100040668,0.692824249,1.779973854));
#851=CARTESIAN_POINT('',(-8.100069468,0.692807619,1.779976117));
#852=CARTESIAN_POINT('',(-8.100098267,0.692790987,1.779978379));
#853=CARTESIAN_POINT('',(-8.222385699,0.622167971,1.789585616));
#854=CARTESIAN_POINT('',(-8.322233507,0.52230742,1.799531398));
#855=CARTESIAN_POINT('',(-8.392840877,0.400011867,1.809138259));
#856=CARTESIAN_POINT('',(-8.392857505,0.399983066,1.809140521));
#857=CARTESIAN_POINT('',(-8.392874132,0.399954264,1.809142784));
#858=CARTESIAN_POINT('',(-8.392890757,0.39992546,1.809145046));
#859=CARTESIAN_POINT('',(-8.46348327,0.277620418,1.818752282));
#860=CARTESIAN_POINT('',(-8.500023734,0.14121474,1.828698064));
#861=CARTESIAN_POINT('',(-8.500023734,0.,1.838304926));
#862=CARTESIAN_POINT('',(-8.500023734,-0.000033257,1.838307188));
#863=CARTESIAN_POINT('',(-8.500023732,-0.000066513,1.838309451));
#864=CARTESIAN_POINT('',(-8.500023728,-0.00009977,1.838311713));
#865=CARTESIAN_POINT('',(-8.500006117,-0.1413153,1.847918949));
#866=CARTESIAN_POINT('',(-8.463448247,-0.277716314,1.857864731));
#867=CARTESIAN_POINT('',(-8.392840877,-0.400011867,1.867471592));
#868=CARTESIAN_POINT('',(-8.392824249,-0.400040668,1.867473854));
#869=CARTESIAN_POINT('',(-8.392807619,-0.400069468,1.867476117));
#870=CARTESIAN_POINT('',(-8.392790987,-0.400098267,1.867478379));
#871=CARTESIAN_POINT('',(-8.322167971,-0.522385699,1.877085616));
#872=CARTESIAN_POINT('',(-8.22230742,-0.622233507,1.887031398));
#873=CARTESIAN_POINT('',(-8.100011867,-0.692840877,1.896638259));
#874=CARTESIAN_POINT('',(-8.099983066,-0.692857505,1.896640521));
#875=CARTESIAN_POINT('',(-8.099954264,-0.692874132,1.896642784));
#876=CARTESIAN_POINT('',(-8.09992546,-0.692890757,1.896645046));
#877=CARTESIAN_POINT('',(-7.977620418,-0.76348327,1.906252282));
#878=CARTESIAN_POINT('',(-7.84121474,-0.800023734,1.916198064));
#879=CARTESIAN_POINT('',(-7.7,-0.800023734,1.925804926));
#880=CARTESIAN_POINT('',(-7.699966743,-0.800023734,1.925807188));
#881=CARTESIAN_POINT('',(-7.699933487,-0.800023732,1.925809451));
#882=CARTESIAN_POINT('',(-7.69990023,-0.800023728,1.925811713));
#883=CARTESIAN_POINT('',(-7.5586847,-0.800006117,1.935418949));
#884=CARTESIAN_POINT('',(-7.422283686,-0.763448247,1.945364731));
#885=CARTESIAN_POINT('',(-7.299988133,-0.692840877,1.954971592));
#886=CARTESIAN_POINT('',(-7.299959332,-0.692824249,1.954973854));
#887=CARTESIAN_POINT('',(-7.299930532,-0.692807619,1.954976117));
#888=CARTESIAN_POINT('',(-7.299901733,-0.692790987,1.954978379));
#889=CARTESIAN_POINT('',(-7.177614301,-0.622167971,1.964585616));
#890=CARTESIAN_POINT('',(-7.077766493,-0.52230742,1.974531398));
#891=CARTESIAN_POINT('',(-7.007159123,-0.400011867,1.984138259));
#892=CARTESIAN_POINT('',(-7.007142495,-0.399983066,1.984140521));
#893=CARTESIAN_POINT('',(-7.007125868,-0.399954264,1.984142784));
#894=CARTESIAN_POINT('',(-7.007109243,-0.39992546,1.984145046));
#895=CARTESIAN_POINT('',(-6.93651673,-0.277620418,1.993752282));
#896=CARTESIAN_POINT('',(-6.899976266,-0.14121474,2.003698064));
#897=CARTESIAN_POINT('',(-6.899976266,0.,2.013304926));
#898=CARTESIAN_POINT('',(-6.899976266,0.000033257,2.013307188));
#899=CARTESIAN_POINT('',(-6.899976268,0.000066513,2.013309451));
#900=CARTESIAN_POINT('',(-6.899976272,0.00009977,2.013311713));
#901=CARTESIAN_POINT('',(-6.899993883,0.1413153,2.022918949));
#902=CARTESIAN_POINT('',(-6.936551753,0.277716314,2.032864731));
#903=CARTESIAN_POINT('',(-7.007159123,0.400011867,2.042471592));
#904=CARTESIAN_POINT('',(-7.007175751,0.400040668,2.042473854));
#905=CARTESIAN_POINT('',(-7.007192381,0.400069468,2.042476117));
#906=CARTESIAN_POINT('',(-7.007209013,0.400098267,2.042478379));
#907=CARTESIAN_POINT('',(-7.077832029,0.522385699,2.052085616));
#908=CARTESIAN_POINT('',(-7.17769258,0.622233507,2.062031398));
#909=CARTESIAN_POINT('',(-7.299988133,0.692840877,2.071638259));
#910=CARTESIAN_POINT('',(-7.300016934,0.692857505,2.071640521));
#911=CARTESIAN_POINT('',(-7.300045736,0.692874132,2.071642784));
#912=CARTESIAN_POINT('',(-7.30007454,0.692890757,2.071645046));
#913=CARTESIAN_POINT('',(-7.422379582,0.76348327,2.081252282));
#914=CARTESIAN_POINT('',(-7.55878526,0.800023734,2.091198064));
#915=CARTESIAN_POINT('',(-7.7,0.800023734,2.100804926));
#916=CARTESIAN_POINT('',(-7.700033257,0.800023734,2.100807188));
#917=CARTESIAN_POINT('',(-7.700066513,0.800023732,2.100809451));
#918=CARTESIAN_POINT('',(-7.70009977,0.800023728,2.100811713));
#919=CARTESIAN_POINT('',(-7.8413153,0.800006117,2.110418949));
#920=CARTESIAN_POINT('',(-7.977716314,0.763448247,2.120364731));
#921=CARTESIAN_POINT('',(-8.100011867,0.692840877,2.129971592));
#922=CARTESIAN_POINT('',(-8.100040668,0.692824249,2.129973854));
#923=CARTESIAN_POINT('',(-8.100069468,0.692807619,2.129976117));
#924=CARTESIAN_POINT('',(-8.100098267,0.692790987,2.129978379));
#925=CARTESIAN_POINT('',(-8.222385699,0.622167971,2.139585616));
#926=CARTESIAN_POINT('',(-8.322233507,0.52230742,2.149531398));
#927=CARTESIAN_POINT('',(-8.392840877,0.400011867,2.159138259));
#928=CARTESIAN_POINT('',(-8.392857505,0.399983066,2.159140521));
#929=CARTESIAN_POINT('',(-8.392874132,0.399954264,2.159142784));
#930=CARTESIAN_POINT('',(-8.392890757,0.39992546,2.159145046));
#931=CARTESIAN_POINT('',(-8.46348327,0.277620418,2.168752282));
#932=CARTESIAN_POINT('',(-8.500023734,0.14121474,2.178698064));
#933=CARTESIAN_POINT('',(-8.500023734,0.,2.188304926));
#934=CARTESIAN_POINT('',(-8.500023734,-0.000033257,2.188307188));
#935=CARTESIAN_POINT('',(-8.500023732,-0.000066513,2.188309451));
#936=CARTESIAN_POINT('',(-8.500023728,-0.00009977,2.188311713));
#937=CARTESIAN_POINT('',(-8.500006117,-0.1413153,2.197918949));
#938=CARTESIAN_POINT('',(-8.463448247,-0.277716314,2.207864731));
#939=CARTESIAN_POINT('',(-8.392840877,-0.400011867,2.217471592));
#940=CARTESIAN_POINT('',(-8.392824249,-0.400040668,2.217473854));
#941=CARTESIAN_POINT('',(-8.392807619,-0.400069468,2.217476117));
#942=CARTESIAN_POINT('',(-8.392790987,-0.400098267,2.217478379));
#943=CARTESIAN_POINT('',(-8.322167971,-0.522385699,2.227085616));
#944=CARTESIAN_POINT('',(-8.22230742,-0.622233507,2.237031398));
#945=CARTESIAN_POINT('',(-8.100011867,-0.692840877,2.246638259));
#946=CARTESIAN_POINT('',(-8.099983066,-0.692857505,2.246640521));
#947=CARTESIAN_POINT('',(-8.099954264,-0.692874132,2.246642784));
#948=CARTESIAN_POINT('',(-8.09992546,-0.692890757,2.246645046));
#949=CARTESIAN_POINT('',(-7.977620418,-0.76348327,2.256252282));
#950=CARTESIAN_POINT('',(-7.84121474,-0.800023734,2.266198064));
#951=CARTESIAN_POINT('',(-7.7,-0.800023734,2.275804926));
#952=CARTESIAN_POINT('',(-7.699966743,-0.800023734,2.275807188));
#953=CARTESIAN_POINT('',(-7.699933487,-0.800023732,2.275809451));
#954=CARTESIAN_POINT('',(-7.69990023,-0.800023728,2.275811713));
#955=CARTESIAN_POINT('',(-7.5586847,-0.800006117,2.285418949));
#956=CARTESIAN_POINT('',(-7.422283686,-0.763448247,2.295364731));
#957=CARTESIAN_POINT('',(-7.299988133,-0.692840877,2.304971592));
#958=CARTESIAN_POINT('',(-7.299959332,-0.692824249,2.304973854));
#959=CARTESIAN_POINT('',(-7.299930532,-0.692807619,2.304976117));
#960=CARTESIAN_POINT('',(-7.299901733,-0.692790987,2.304978379));
#961=CARTESIAN_POINT('',(-7.177614301,-0.622167971,2.314585616));
#962=CARTESIAN_POINT('',(-7.077766493,-0.52230742,2.324531398));
#963=CARTESIAN_POINT('',(-7.007159123,-0.400011867,2.334138259));
#964=CARTESIAN_POINT('',(-7.007142495,-0.399983066,2.334140521));
#965=CARTESIAN_POINT('',(-7.007125868,-0.399954264,2.334142784));
#966=CARTESIAN_POINT('',(-7.007109243,-0.39992546,2.334145046));
#967=CARTESIAN_POINT('',(-6.93651673,-0.277620418,2.343752282));
#968=CARTESIAN_POINT('',(-6.899976266,-0.14121474,2.353698064));
#969=CARTESIAN_POINT('',(-6.899976266,0.,2.363304926));
#970=CARTESIAN_POINT('',(-6.899976266,0.000033257,2.363307188));
#971=CARTESIAN_POINT('',(-6.899976268,0.000066513,2.363309451));
#972=CARTESIAN_POINT('',(-6.899976272,0.00009977,2.363311713));
#973=CARTESIAN_POINT('',(-6.899993883,0.1413153,2.372918949));
#974=CARTESIAN_POINT('',(-6.936551753,0.277716314,2.382864731));
#975=CARTESIAN_POINT('',(-7.007159123,0.400011867,2.392471592));
#976=CARTESIAN_POINT('',(-7.007175751,0.400040668,2.392473854));
#977=CARTESIAN_POINT('',(-7.007192381,0.400069468,2.392476117));
#978=CARTESIAN_POINT('',(-7.007209013,0.400098267,2.392478379));
#979=CARTESIAN_POINT('',(-7.077832029,0.522385699,2.402085616));
#980=CARTESIAN_POINT('',(-7.17769258,0.622233507,2.412031398));
#981=CARTESIAN_POINT('',(-7.299988133,0.692840877,2.421638259));
#982=CARTESIAN_POINT('',(-7.300016934,0.692857505,2.421640521));
#983=CARTESIAN_POINT('',(-7.300045736,0.692874132,2.421642784));
#984=CARTESIAN_POINT('',(-7.30007454,0.692890757,2.421645046));
#985=CARTESIAN_POINT('',(-7.422379582,0.76348327,2.431252282));
#986=CARTESIAN_POINT('',(-7.55878526,0.800023734,2.441198064));
#987=CARTESIAN_POINT('',(-7.7,0.800023734,2.450804926));
#988=CARTESIAN_POINT('',(-7.700033257,0.800023734,2.450807188));
#989=CARTESIAN_POINT('',(-7.700066513,0.800023732,2.450809451));
#990=CARTESIAN_POINT('',(-7.70009977,0.800023728,2.450811713));
#991=CARTESIAN_POINT('',(-7.8413153,0.800006117,2.460418949));
#992=CARTESIAN_POINT('',(-7.977716314,0.763448247,2.470364731));
#993=CARTESIAN_POINT('',(-8.100011867,0.692840877,2.479971592));
#994=CARTESIAN_POINT('',(-8.100040668,0.692824249,2.479973854));
#995=CARTESIAN_POINT('',(-8.100069468,0.692807619,2.479976117));
#996=CARTESIAN_POINT('',(-8.100098267,0.692790987,2.479978379));
#997=CARTESIAN_POINT('',(-8.222385699,0.622167971,2.489585616));
#998=CARTESIAN_POINT('',(-8.322233507,0.52230742,2.499531398));
#999=CARTESIAN_POINT('',(-8.392840877,0.400011867,2.509138259));
#1000=CARTESIAN_POINT('',(-8.392857505,0.399983066,2.509140521));
#1001=CARTESIAN_POINT('',(-8.392874132,0.399954264,2.509142784));
#1002=CARTESIAN_POINT('',(-8.392890757,0.39992546,2.509145046));
#1003=CARTESIAN_POINT('',(-8.46348327,0.277620418,2.518752282));
#1004=CARTESIAN_POINT('',(-8.500023734,0.14121474,2.528698064));
#1005=CARTESIAN_POINT('',(-8.500023734,0.,2.538304926));
#1006=CARTESIAN_POINT('',(-8.500023734,-0.000033257,2.538307188));
#1007=CARTESIAN_POINT('',(-8.500023732,-0.000066513,2.538309451));
#1008=CARTESIAN_POINT('',(-8.500023728,-0.00009977,2.538311713));
#1009=CARTESIAN_POINT('',(-8.500006117,-0.1413153,2.547918949));
#1010=CARTESIAN_POINT('',(-8.463448247,-0.277716314,2.557864731));
#1011=CARTESIAN_POINT('',(-8.392840877,-0.400011867,2.567471592));
#1012=CARTESIAN_POINT('',(-8.392824249,-0.400040668,2.567473854));
#1013=CARTESIAN_POINT('',(-8.392807619,-0.400069468,2.567476117));
#1014=CARTESIAN_POINT('',(-8.392790987,-0.400098267,2.567478379));
#1015=CARTESIAN_POINT('',(-8.322167971,-0.522385699,2.577085616));
#1016=CARTESIAN_POINT('',(-8.22230742,-0.622233507,2.587031398));
#1017=CARTESIAN_POINT('',(-8.100011867,-0.692840877,2.596638259));
#1018=CARTESIAN_POINT('',(-8.099983066,-0.692857505,2.596640521));
#1019=CARTESIAN_POINT('',(-8.099954264,-0.692874132,2.596642784));
#1020=CARTESIAN_POINT('',(-8.09992546,-0.692890757,2.596645046));
#1021=CARTESIAN_POINT('',(-8.086833949,-0.700446968,2.597673403));
#1022=CARTESIAN_POINT('',(-8.073519041,-0.707637619,2.598710294));
#1023=CARTESIAN_POINT('',(-8.059990145,-0.714454386,2.599754928));
#1024=CARTESIAN_POINT('',(-8.002755237,0.546776249,0.130044431));
#1025=CARTESIAN_POINT('',(-8.006021137,0.544967889,0.130371025));
#1026=CARTESIAN_POINT('',(-8.009269466,0.543131027,0.130696753));
#1027=CARTESIAN_POINT('',(-8.0125,0.541265877,0.131021592));
#1028=CARTESIAN_POINT('',(-8.0125225,0.541252887,0.131023854));
#1029=CARTESIAN_POINT('',(-8.012545,0.541239895,0.131026117));
#1030=CARTESIAN_POINT('',(-8.012567498,0.541226901,0.131028379));
#1031=CARTESIAN_POINT('',(-8.10810172,0.486054307,0.140635616));
#1032=CARTESIAN_POINT('',(-8.186105506,0.408040566,0.150581398));
#1033=CARTESIAN_POINT('',(-8.241265877,0.3125,0.160188259));
#1034=CARTESIAN_POINT('',(-8.241278867,0.3124775,0.160190521));
#1035=CARTESIAN_POINT('',(-8.241291857,0.312454999,0.160192784));
#1036=CARTESIAN_POINT('',(-8.241304844,0.312432497,0.160195046));
#1037=CARTESIAN_POINT('',(-8.29645361,0.216884517,0.169802282));
#1038=CARTESIAN_POINT('',(-8.325,0.110320743,0.179748064));
#1039=CARTESIAN_POINT('',(-8.325,0.,0.189354926));
#1040=CARTESIAN_POINT('',(-8.325,-0.000025981,0.189357188));
#1041=CARTESIAN_POINT('',(-8.324999998,-0.000051962,0.189359451));
#1042=CARTESIAN_POINT('',(-8.324999995,-0.000077943,0.189361713));
#1043=CARTESIAN_POINT('',(-8.324986237,-0.110399303,0.198968949));
#1044=CARTESIAN_POINT('',(-8.296426249,-0.216959434,0.208914731));
#1045=CARTESIAN_POINT('',(-8.241265877,-0.3125,0.218521592));
#1046=CARTESIAN_POINT('',(-8.241252887,-0.3125225,0.218523854));
#1047=CARTESIAN_POINT('',(-8.241239895,-0.312545,0.218526117));
#1048=CARTESIAN_POINT('',(-8.241226901,-0.312567498,0.218528379));
#1049=CARTESIAN_POINT('',(-8.186054307,-0.40810172,0.228135616));
#1050=CARTESIAN_POINT('',(-8.108040566,-0.486105506,0.238081398));
#1051=CARTESIAN_POINT('',(-8.0125,-0.541265877,0.247688259));
#1052=CARTESIAN_POINT('',(-8.0124775,-0.541278867,0.247690521));
#1053=CARTESIAN_POINT('',(-8.012454999,-0.541291857,0.247692784));
#1054=CARTESIAN_POINT('',(-8.012432497,-0.541304844,0.247695046));
#1055=CARTESIAN_POINT('',(-7.916884517,-0.59645361,0.257302282));
#1056=CARTESIAN_POINT('',(-7.810320743,-0.625,0.267248064));
#1057=CARTESIAN_POINT('',(-7.7,-0.625,0.276854926));
#1058=CARTESIAN_POINT('',(-7.699974019,-0.625,0.276857188));
#1059=CARTESIAN_POINT('',(-7.699948038,-0.624999998,0.276859451));
#1060=CARTESIAN_POINT('',(-7.699922057,-0.624999995,0.276861713));
#1061=CARTESIAN_POINT('',(-7.589600697,-0.624986237,0.286468949));
#1062=CARTESIAN_POINT('',(-7.483040566,-0.596426249,0.296414731));
#1063=CARTESIAN_POINT('',(-7.3875,-0.541265877,0.306021592));
#1064=CARTESIAN_POINT('',(-7.3874775,-0.541252887,0.306023854));
#1065=CARTESIAN_POINT('',(-7.387455,-0.541239895,0.306026117));
#1066=CARTESIAN_POINT('',(-7.387432502,-0.541226901,0.306028379));
#1067=CARTESIAN_POINT('',(-7.29189828,-0.486054307,0.315635616));
#1068=CARTESIAN_POINT('',(-7.213894494,-0.408040566,0.325581398));
#1069=CARTESIAN_POINT('',(-7.158734123,-0.3125,0.335188259));
#1070=CARTESIAN_POINT('',(-7.158721133,-0.3124775,0.335190521));
#1071=CARTESIAN_POINT('',(-7.158708143,-0.312454999,0.335192784));
#1072=CARTESIAN_POINT('',(-7.158695156,-0.312432497,0.335195046));
#1073=CARTESIAN_POINT('',(-7.10354639,-0.216884517,0.344802282));
#1074=CARTESIAN_POINT('',(-7.075,-0.110320743,0.354748064));
#1075=CARTESIAN_POINT('',(-7.075,0.,0.364354926));
#1076=CARTESIAN_POINT('',(-7.075,0.000025981,0.364357188));
#1077=CARTESIAN_POINT('',(-7.075000002,0.000051962,0.364359451));
#1078=CARTESIAN_POINT('',(-7.075000005,0.000077943,0.364361713));
#1079=CARTESIAN_POINT('',(-7.075013763,0.110399303,0.373968949));
#1080=CARTESIAN_POINT('',(-7.103573751,0.216959434,0.383914731));
#1081=CARTESIAN_POINT('',(-7.158734123,0.3125,0.393521592));
#1082=CARTESIAN_POINT('',(-7.158747113,0.3125225,0.393523854));
#1083=CARTESIAN_POINT('',(-7.158760105,0.312545,0.393526117));
#1084=CARTESIAN_POINT('',(-7.158773099,0.312567498,0.393528379));
#1085=CARTESIAN_POINT('',(-7.213945693,0.40810172,0.403135616));
#1086=CARTESIAN_POINT('',(-7.291959434,0.486105506,0.413081398));
#1087=CARTESIAN_POINT('',(-7.3875,0.541265877,0.422688259));
#1088=CARTESIAN_POINT('',(-7.3875225,0.541278867,0.422690521));
#1089=CARTESIAN_POINT('',(-7.387545001,0.541291857,0.422692784));
#1090=CARTESIAN_POINT('',(-7.387567503,0.541304844,0.422695046));
#1091=CARTESIAN_POINT('',(-7.483115483,0.59645361,0.432302282));
#1092=CARTESIAN_POINT('',(-7.589679257,0.625,0.442248064));
#1093=CARTESIAN_POINT('',(-7.7,0.625,0.451854926));
#1094=CARTESIAN_POINT('',(-7.700025981,0.625,0.451857188));
#1095=CARTESIAN_POINT('',(-7.700051962,0.624999998,0.451859451));
#1096=CARTESIAN_POINT('',(-7.700077943,0.624999995,0.451861713));
#1097=CARTESIAN_POINT('',(-7.810399303,0.624986237,0.461468949));
#1098=CARTESIAN_POINT('',(-7.916959434,0.596426249,0.471414731));
#1099=CARTESIAN_POINT('',(-8.0125,0.541265877,0.481021592));
#1100=CARTESIAN_POINT('',(-8.0125225,0.541252887,0.481023854));
#1101=CARTESIAN_POINT('',(-8.012545,0.541239895,0.481026117));
#1102=CARTESIAN_POINT('',(-8.012567498,0.541226901,0.481028379));
#1103=CARTESIAN_POINT('',(-8.10810172,0.486054307,0.490635616));
#1104=CARTESIAN_POINT('',(-8.186105506,0.408040566,0.500581398));
#1105=CARTESIAN_POINT('',(-8.241265877,0.3125,0.510188259));
#1106=CARTESIAN_POINT('',(-8.241278867,0.3124775,0.510190521));
#1107=CARTESIAN_POINT('',(-8.241291857,0.312454999,0.510192784));
#1108=CARTESIAN_POINT('',(-8.241304844,0.312432497,0.510195046));
#1109=CARTESIAN_POINT('',(-8.29645361,0.216884517,0.519802282));
#1110=CARTESIAN_POINT('',(-8.325,0.110320743,0.529748064));
#1111=CARTESIAN_POINT('',(-8.325,0.,0.539354926));
#1112=CARTESIAN_POINT('',(-8.325,-0.000025981,0.539357188));
#1113=CARTESIAN_POINT('',(-8.324999998,-0.000051962,0.539359451));
#1114=CARTESIAN_POINT('',(-8.324999995,-0.000077943,0.539361713));
#1115=CARTESIAN_POINT('',(-8.324986237,-0.110399303,0.548968949));
#1116=CARTESIAN_POINT('',(-8.296426249,-0.216959434,0.558914731));
#1117=CARTESIAN_POINT('',(-8.241265877,-0.3125,0.568521592));
#1118=CARTESIAN_POINT('',(-8.241252887,-0.3125225,0.568523854));
#1119=CARTESIAN_POINT('',(-8.241239895,-0.312545,0.568526117));
#1120=CARTESIAN_POINT('',(-8.241226901,-0.312567498,0.568528379));
#1121=CARTESIAN_POINT('',(-8.186054307,-0.40810172,0.578135616));
#1122=CARTESIAN_POINT('',(-8.108040566,-0.486105506,0.588081398));
#1123=CARTESIAN_POINT('',(-8.0125,-0.541265877,0.597688259));
#1124=CARTESIAN_POINT('',(-8.0124775,-0.541278867,0.597690521));
#1125=CARTESIAN_POINT('',(-8.012454999,-0.541291857,0.597692784));
#1126=CARTESIAN_POINT('',(-8.012432497,-0.541304844,0.597695046));
#1127=CARTESIAN_POINT('',(-7.916884517,-0.59645361,0.607302282));
#1128=CARTESIAN_POINT('',(-7.810320743,-0.625,0.617248064));
#1129=CARTESIAN_POINT('',(-7.7,-0.625,0.626854926));
#1130=CARTESIAN_POINT('',(-7.699974019,-0.625,0.626857188));
#1131=CARTESIAN_POINT('',(-7.699948038,-0.624999998,0.626859451));
#1132=CARTESIAN_POINT('',(-7.699922057,-0.624999995,0.626861713));
#1133=CARTESIAN_POINT('',(-7.589600697,-0.624986237,0.636468949));
#1134=CARTESIAN_POINT('',(-7.483040566,-0.596426249,0.646414731));
#1135=CARTESIAN_POINT('',(-7.3875,-0.541265877,0.656021592));
#1136=CARTESIAN_POINT('',(-7.3874775,-0.541252887,0.656023854));
#1137=CARTESIAN_POINT('',(-7.387455,-0.541239895,0.656026117));
#1138=CARTESIAN_POINT('',(-7.387432502,-0.541226901,0.656028379));
#1139=CARTESIAN_POINT('',(-7.29189828,-0.486054307,0.665635616));
#1140=CARTESIAN_POINT('',(-7.213894494,-0.408040566,0.675581398));
#1141=CARTESIAN_POINT('',(-7.158734123,-0.3125,0.685188259));
#1142=CARTESIAN_POINT('',(-7.158721133,-0.3124775,0.685190521));
#1143=CARTESIAN_POINT('',(-7.158708143,-0.312454999,0.685192784));
#1144=CARTESIAN_POINT('',(-7.158695156,-0.312432497,0.685195046));
#1145=CARTESIAN_POINT('',(-7.10354639,-0.216884517,0.694802282));
#1146=CARTESIAN_POINT('',(-7.075,-0.110320743,0.704748064));
#1147=CARTESIAN_POINT('',(-7.075,0.,0.714354926));
#1148=CARTESIAN_POINT('',(-7.075,0.000025981,0.714357188));
#1149=CARTESIAN_POINT('',(-7.075000002,0.000051962,0.714359451));
#1150=CARTESIAN_POINT('',(-7.075000005,0.000077943,0.714361713));
#1151=CARTESIAN_POINT('',(-7.075013763,0.110399303,0.723968949));
#1152=CARTESIAN_POINT('',(-7.103573751,0.216959434,0.733914731));
#1153=CARTESIAN_POINT('',(-7.158734123,0.3125,0.743521592));
#1154=CARTESIAN_POINT('',(-7.158747113,0.3125225,0.743523854));
#1155=CARTESIAN_POINT('',(-7.158760105,0.312545,0.743526117));
#1156=CARTESIAN_POINT('',(-7.158773099,0.312567498,0.743528379));
#1157=CARTESIAN_POINT('',(-7.213945693,0.40810172,0.753135616));
#1158=CARTESIAN_POINT('',(-7.291959434,0.486105506,0.763081398));
#1159=CARTESIAN_POINT('',(-7.3875,0.541265877,0.772688259));
#1160=CARTESIAN_POINT('',(-7.3875225,0.541278867,0.772690521));
#1161=CARTESIAN_POINT('',(-7.387545001,0.541291857,0.772692784));
#1162=CARTESIAN_POINT('',(-7.387567503,0.541304844,0.772695046));
#1163=CARTESIAN_POINT('',(-7.483115483,0.59645361,0.782302282));
#1164=CARTESIAN_POINT('',(-7.589679257,0.625,0.792248064));
#1165=CARTESIAN_POINT('',(-7.7,0.625,0.801854926));
#1166=CARTESIAN_POINT('',(-7.700025981,0.625,0.801857188));
#1167=CARTESIAN_POINT('',(-7.700051962,0.624999998,0.801859451));
#1168=CARTESIAN_POINT('',(-7.700077943,0.624999995,0.801861713));
#1169=CARTESIAN_POINT('',(-7.810399303,0.624986237,0.811468949));
#1170=CARTESIAN_POINT('',(-7.916959434,0.596426249,0.821414731));
#1171=CARTESIAN_POINT('',(-8.0125,0.541265877,0.831021592));
#1172=CARTESIAN_POINT('',(-8.0125225,0.541252887,0.831023854));
#1173=CARTESIAN_POINT('',(-8.012545,0.541239895,0.831026117));
#1174=CARTESIAN_POINT('',(-8.012567498,0.541226901,0.831028379));
#1175=CARTESIAN_POINT('',(-8.10810172,0.486054307,0.840635616));
#1176=CARTESIAN_POINT('',(-8.186105506,0.408040566,0.850581398));
#1177=CARTESIAN_POINT('',(-8.241265877,0.3125,0.860188259));
#1178=CARTESIAN_POINT('',(-8.241278867,0.3124775,0.860190521));
#1179=CARTESIAN_POINT('',(-8.241291857,0.312454999,0.860192784));
#1180=CARTESIAN_POINT('',(-8.241304844,0.312432497,0.860195046));
#1181=CARTESIAN_POINT('',(-8.29645361,0.216884517,0.869802282));
#1182=CARTESIAN_POINT('',(-8.325,0.110320743,0.879748064));
#1183=CARTESIAN_POINT('',(-8.325,0.,0.889354926));
#1184=CARTESIAN_POINT('',(-8.325,-0.000025981,0.889357188));
#1185=CARTESIAN_POINT('',(-8.324999998,-0.000051962,0.889359451));
#1186=CARTESIAN_POINT('',(-8.324999995,-0.000077943,0.889361713));
#1187=CARTESIAN_POINT('',(-8.324986237,-0.110399303,0.898968949));
#1188=CARTESIAN_POINT('',(-8.296426249,-0.216959434,0.908914731));
#1189=CARTESIAN_POINT('',(-8.241265877,-0.3125,0.918521592));
#1190=CARTESIAN_POINT('',(-8.241252887,-0.3125225,0.918523854));
#1191=CARTESIAN_POINT('',(-8.241239895,-0.312545,0.918526117));
#1192=CARTESIAN_POINT('',(-8.241226901,-0.312567498,0.918528379));
#1193=CARTESIAN_POINT('',(-8.186054307,-0.40810172,0.928135616));
#1194=CARTESIAN_POINT('',(-8.108040566,-0.486105506,0.938081398));
#1195=CARTESIAN_POINT('',(-8.0125,-0.541265877,0.947688259));
#1196=CARTESIAN_POINT('',(-8.0124775,-0.541278867,0.947690521));
#1197=CARTESIAN_POINT('',(-8.012454999,-0.541291857,0.947692784));
#1198=CARTESIAN_POINT('',(-8.012432497,-0.541304844,0.947695046));
#1199=CARTESIAN_POINT('',(-7.916884517,-0.59645361,0.957302282));
#1200=CARTESIAN_POINT('',(-7.810320743,-0.625,0.967248064));
#1201=CARTESIAN_POINT('',(-7.7,-0.625,0.976854926));
#1202=CARTESIAN_POINT('',(-7.699974019,-0.625,0.976857188));
#1203=CARTESIAN_POINT('',(-7.699948038,-0.624999998,0.976859451));
#1204=CARTESIAN_POINT('',(-7.699922057,-0.624999995,0.976861713));
#1205=CARTESIAN_POINT('',(-7.589600697,-0.624986237,0.986468949));
#1206=CARTESIAN_POINT('',(-7.483040566,-0.596426249,0.996414731));
#1207=CARTESIAN_POINT('',(-7.3875,-0.541265877,1.006021592));
#1208=CARTESIAN_POINT('',(-7.3874775,-0.541252887,1.006023854));
#1209=CARTESIAN_POINT('',(-7.387455,-0.541239895,1.006026117));
#1210=CARTESIAN_POINT('',(-7.387432502,-0.541226901,1.006028379));
#1211=CARTESIAN_POINT('',(-7.29189828,-0.486054307,1.015635616));
#1212=CARTESIAN_POINT('',(-7.213894494,-0.408040566,1.025581398));
#1213=CARTESIAN_POINT('',(-7.158734123,-0.3125,1.035188259));
#1214=CARTESIAN_POINT('',(-7.158721133,-0.3124775,1.035190521));
#1215=CARTESIAN_POINT('',(-7.158708143,-0.312454999,1.035192784));
#1216=CARTESIAN_POINT('',(-7.158695156,-0.312432497,1.035195046));
#1217=CARTESIAN_POINT('',(-7.10354639,-0.216884517,1.044802282));
#1218=CARTESIAN_POINT('',(-7.075,-0.110320743,1.054748064));
#1219=CARTESIAN_POINT('',(-7.075,0.,1.064354926));
#1220=CARTESIAN_POINT('',(-7.075,0.000025981,1.064357188));
#1221=CARTESIAN_POINT('',(-7.075000002,0.000051962,1.064359451));
#1222=CARTESIAN_POINT('',(-7.075000005,0.000077943,1.064361713));
#1223=CARTESIAN_POINT('',(-7.075013763,0.110399303,1.073968949));
#1224=CARTESIAN_POINT('',(-7.103573751,0.216959434,1.083914731));
#1225=CARTESIAN_POINT('',(-7.158734123,0.3125,1.093521592));
#1226=CARTESIAN_POINT('',(-7.158747113,0.3125225,1.093523854));
#1227=CARTESIAN_POINT('',(-7.158760105,0.312545,1.093526117));
#1228=CARTESIAN_POINT('',(-7.158773099,0.312567498,1.093528379));
#1229=CARTESIAN_POINT('',(-7.213945693,0.40810172,1.103135616));
#1230=CARTESIAN_POINT('',(-7.291959434,0.486105506,1.113081398));
#1231=CARTESIAN_POINT('',(-7.3875,0.541265877,1.122688259));
#1232=CARTESIAN_POINT('',(-7.3875225,0.541278867,1.122690521));
#1233=CARTESIAN_POINT('',(-7.387545001,0.541291857,1.122692784));
#1234=CARTESIAN_POINT('',(-7.387567503,0.541304844,1.122695046));
#1235=CARTESIAN_POINT('',(-7.483115483,0.59645361,1.132302282));
#1236=CARTESIAN_POINT('',(-7.589679257,0.625,1.142248064));
#1237=CARTESIAN_POINT('',(-7.7,0.625,1.151854926));
#1238=CARTESIAN_POINT('',(-7.700025981,0.625,1.151857188));
#1239=CARTESIAN_POINT('',(-7.700051962,0.624999998,1.151859451));
#1240=CARTESIAN_POINT('',(-7.700077943,0.624999995,1.151861713));
#1241=CARTESIAN_POINT('',(-7.810399303,0.624986237,1.161468949));
#1242=CARTESIAN_POINT('',(-7.916959434,0.596426249,1.171414731));
#1243=CARTESIAN_POINT('',(-8.0125,0.541265877,1.181021592));
#1244=CARTESIAN_POINT('',(-8.0125225,0.541252887,1.181023854));
#1245=CARTESIAN_POINT('',(-8.012545,0.541239895,1.181026117));
#1246=CARTESIAN_POINT('',(-8.012567498,0.541226901,1.181028379));
#1247=CARTESIAN_POINT('',(-8.10810172,0.486054307,1.190635616));
#1248=CARTESIAN_POINT('',(-8.186105506,0.408040566,1.200581398));
#1249=CARTESIAN_POINT('',(-8.241265877,0.3125,1.210188259));
#1250=CARTESIAN_POINT('',(-8.241278867,0.3124775,1.210190521));
#1251=CARTESIAN_POINT('',(-8.241291857,0.312454999,1.210192784));
#1252=CARTESIAN_POINT('',(-8.241304844,0.312432497,1.210195046));
#1253=CARTESIAN_POINT('',(-8.29645361,0.216884517,1.219802282));
#1254=CARTESIAN_POINT('',(-8.325,0.110320743,1.229748064));
#1255=CARTESIAN_POINT('',(-8.325,0.,1.239354926));
#1256=CARTESIAN_POINT('',(-8.325,-0.000025981,1.239357188));
#1257=CARTESIAN_POINT('',(-8.324999998,-0.000051962,1.239359451));
#1258=CARTESIAN_POINT('',(-8.324999995,-0.000077943,1.239361713));
#1259=CARTESIAN_POINT('',(-8.324986237,-0.110399303,1.248968949));
#1260=CARTESIAN_POINT('',(-8.296426249,-0.216959434,1.258914731));
#1261=CARTESIAN_POINT('',(-8.241265877,-0.3125,1.268521592));
#1262=CARTESIAN_POINT('',(-8.241252887,-0.3125225,1.268523854));
#1263=CARTESIAN_POINT('',(-8.241239895,-0.312545,1.268526117));
#1264=CARTESIAN_POINT('',(-8.241226901,-0.312567498,1.268528379));
#1265=CARTESIAN_POINT('',(-8.186054307,-0.40810172,1.278135616));
#1266=CARTESIAN_POINT('',(-8.108040566,-0.486105506,1.288081398));
#1267=CARTESIAN_POINT('',(-8.0125,-0.541265877,1.297688259));
#1268=CARTESIAN_POINT('',(-8.0124775,-0.541278867,1.297690521));
#1269=CARTESIAN_POINT('',(-8.012454999,-0.541291857,1.297692784));
#1270=CARTESIAN_POINT('',(-8.012432497,-0.541304844,1.297695046));
#1271=CARTESIAN_POINT('',(-7.916884517,-0.59645361,1.307302282));
#1272=CARTESIAN_POINT('',(-7.810320743,-0.625,1.317248064));
#1273=CARTESIAN_POINT('',(-7.7,-0.625,1.326854926));
#1274=CARTESIAN_POINT('',(-7.699974019,-0.625,1.326857188));
#1275=CARTESIAN_POINT('',(-7.699948038,-0.624999998,1.326859451));
#1276=CARTESIAN_POINT('',(-7.699922057,-0.624999995,1.326861713));
#1277=CARTESIAN_POINT('',(-7.589600697,-0.624986237,1.336468949));
#1278=CARTESIAN_POINT('',(-7.483040566,-0.596426249,1.346414731));
#1279=CARTESIAN_POINT('',(-7.3875,-0.541265877,1.356021592));
#1280=CARTESIAN_POINT('',(-7.3874775,-0.541252887,1.356023854));
#1281=CARTESIAN_POINT('',(-7.387455,-0.541239895,1.356026117));
#1282=CARTESIAN_POINT('',(-7.387432502,-0.541226901,1.356028379));
#1283=CARTESIAN_POINT('',(-7.29189828,-0.486054307,1.365635616));
#1284=CARTESIAN_POINT('',(-7.213894494,-0.408040566,1.375581398));
#1285=CARTESIAN_POINT('',(-7.158734123,-0.3125,1.385188259));
#1286=CARTESIAN_POINT('',(-7.158721133,-0.3124775,1.385190521));
#1287=CARTESIAN_POINT('',(-7.158708143,-0.312454999,1.385192784));
#1288=CARTESIAN_POINT('',(-7.158695156,-0.312432497,1.385195046));
#1289=CARTESIAN_POINT('',(-7.10354639,-0.216884517,1.394802282));
#1290=CARTESIAN_POINT('',(-7.075,-0.110320743,1.404748064));
#1291=CARTESIAN_POINT('',(-7.075,0.,1.414354926));
#1292=CARTESIAN_POINT('',(-7.075,0.000025981,1.414357188));
#1293=CARTESIAN_POINT('',(-7.075000002,0.000051962,1.414359451));
#1294=CARTESIAN_POINT('',(-7.075000005,0.000077943,1.414361713));
#1295=CARTESIAN_POINT('',(-7.075013763,0.110399303,1.423968949));
#1296=CARTESIAN_POINT('',(-7.103573751,0.216959434,1.433914731));
#1297=CARTESIAN_POINT('',(-7.158734123,0.3125,1.443521592));
#1298=CARTESIAN_POINT('',(-7.158747113,0.3125225,1.443523854));
#1299=CARTESIAN_POINT('',(-7.158760105,0.312545,1.443526117));
#1300=CARTESIAN_POINT('',(-7.158773099,0.312567498,1.443528379));
#1301=CARTESIAN_POINT('',(-7.213945693,0.40810172,1.453135616));
#1302=CARTESIAN_POINT('',(-7.291959434,0.486105506,1.463081398));
#1303=CARTESIAN_POINT('',(-7.3875,0.541265877,1.472688259));
#1304=CARTESIAN_POINT('',(-7.3875225,0.541278867,1.472690521));
#1305=CARTESIAN_POINT('',(-7.387545001,0.541291857,1.472692784));
#1306=CARTESIAN_POINT('',(-7.387567503,0.541304844,1.472695046));
#1307=CARTESIAN_POINT('',(-7.483115483,0.59645361,1.482302282));
#1308=CARTESIAN_POINT('',(-7.589679257,0.625,1.492248064));
#1309=CARTESIAN_POINT('',(-7.7,0.625,1.501854926));
#1310=CARTESIAN_POINT('',(-7.700025981,0.625,1.501857188));
#1311=CARTESIAN_POINT('',(-7.700051962,0.624999998,1.501859451));
#1312=CARTESIAN_POINT('',(-7.700077943,0.624999995,1.501861713));
#1313=CARTESIAN_POINT('',(-7.810399303,0.624986237,1.511468949));
#1314=CARTESIAN_POINT('',(-7.916959434,0.596426249,1.521414731));
#1315=CARTESIAN_POINT('',(-8.0125,0.541265877,1.531021592));
#1316=CARTESIAN_POINT('',(-8.0125225,0.541252887,1.531023854));
#1317=CARTESIAN_POINT('',(-8.012545,0.541239895,1.531026117));
#1318=CARTESIAN_POINT('',(-8.012567498,0.541226901,1.531028379));
#1319=CARTESIAN_POINT('',(-8.10810172,0.486054307,1.540635616));
#1320=CARTESIAN_POINT('',(-8.186105506,0.408040566,1.550581398));
#1321=CARTESIAN_POINT('',(-8.241265877,0.3125,1.560188259));
#1322=CARTESIAN_POINT('',(-8.241278867,0.3124775,1.560190521));
#1323=CARTESIAN_POINT('',(-8.241291857,0.312454999,1.560192784));
#1324=CARTESIAN_POINT('',(-8.241304844,0.312432497,1.560195046));
#1325=CARTESIAN_POINT('',(-8.29645361,0.216884517,1.569802282));
#1326=CARTESIAN_POINT('',(-8.325,0.110320743,1.579748064));
#1327=CARTESIAN_POINT('',(-8.325,0.,1.589354926));
#1328=CARTESIAN_POINT('',(-8.325,-0.000025981,1.589357188));
#1329=CARTESIAN_POINT('',(-8.324999998,-0.000051962,1.589359451));
#1330=CARTESIAN_POINT('',(-8.324999995,-0.000077943,1.589361713));
#1331=CARTESIAN_POINT('',(-8.324986237,-0.110399303,1.598968949));
#1332=CARTESIAN_POINT('',(-8.296426249,-0.216959434,1.608914731));
#1333=CARTESIAN_POINT('',(-8.241265877,-0.3125,1.618521592));
#1334=CARTESIAN_POINT('',(-8.241252887,-0.3125225,1.618523854));
#1335=CARTESIAN_POINT('',(-8.241239895,-0.312545,1.618526117));
#1336=CARTESIAN_POINT('',(-8.241226901,-0.312567498,1.618528379));
#1337=CARTESIAN_POINT('',(-8.186054307,-0.40810172,1.628135616));
#1338=CARTESIAN_POINT('',(-8.108040566,-0.486105506,1.638081398));
#1339=CARTESIAN_POINT('',(-8.0125,-0.541265877,1.647688259));
#1340=CARTESIAN_POINT('',(-8.0124775,-0.541278867,1.647690521));
#1341=CARTESIAN_POINT('',(-8.012454999,-0.541291857,1.647692784));
#1342=CARTESIAN_POINT('',(-8.012432497,-0.541304844,1.647695046));
#1343=CARTESIAN_POINT('',(-7.916884517,-0.59645361,1.657302282));
#1344=CARTESIAN_POINT('',(-7.810320743,-0.625,1.667248064));
#1345=CARTESIAN_POINT('',(-7.7,-0.625,1.676854926));
#1346=CARTESIAN_POINT('',(-7.699974019,-0.625,1.676857188));
#1347=CARTESIAN_POINT('',(-7.699948038,-0.624999998,1.676859451));
#1348=CARTESIAN_POINT('',(-7.699922057,-0.624999995,1.676861713));
#1349=CARTESIAN_POINT('',(-7.589600697,-0.624986237,1.686468949));
#1350=CARTESIAN_POINT('',(-7.483040566,-0.596426249,1.696414731));
#1351=CARTESIAN_POINT('',(-7.3875,-0.541265877,1.706021592));
#1352=CARTESIAN_POINT('',(-7.3874775,-0.541252887,1.706023854));
#1353=CARTESIAN_POINT('',(-7.387455,-0.541239895,1.706026117));
#1354=CARTESIAN_POINT('',(-7.387432502,-0.541226901,1.706028379));
#1355=CARTESIAN_POINT('',(-7.29189828,-0.486054307,1.715635616));
#1356=CARTESIAN_POINT('',(-7.213894494,-0.408040566,1.725581398));
#1357=CARTESIAN_POINT('',(-7.158734123,-0.3125,1.735188259));
#1358=CARTESIAN_POINT('',(-7.158721133,-0.3124775,1.735190521));
#1359=CARTESIAN_POINT('',(-7.158708143,-0.312454999,1.735192784));
#1360=CARTESIAN_POINT('',(-7.158695156,-0.312432497,1.735195046));
#1361=CARTESIAN_POINT('',(-7.10354639,-0.216884517,1.744802282));
#1362=CARTESIAN_POINT('',(-7.075,-0.110320743,1.754748064));
#1363=CARTESIAN_POINT('',(-7.075,0.,1.764354926));
#1364=CARTESIAN_POINT('',(-7.075,0.000025981,1.764357188));
#1365=CARTESIAN_POINT('',(-7.075000002,0.000051962,1.764359451));
#1366=CARTESIAN_POINT('',(-7.075000005,0.000077943,1.764361713));
#1367=CARTESIAN_POINT('',(-7.075013763,0.110399303,1.773968949));
#1368=CARTESIAN_POINT('',(-7.103573751,0.216959434,1.783914731));
#1369=CARTESIAN_POINT('',(-7.158734123,0.3125,1.793521592));
#1370=CARTESIAN_POINT('',(-7.158747113,0.3125225,1.793523854));
#1371=CARTESIAN_POINT('',(-7.158760105,0.312545,1.793526117));
#1372=CARTESIAN_POINT('',(-7.158773099,0.312567498,1.793528379));
#1373=CARTESIAN_POINT('',(-7.213945693,0.40810172,1.803135616));
#1374=CARTESIAN_POINT('',(-7.291959434,0.486105506,1.813081398));
#1375=CARTESIAN_POINT('',(-7.3875,0.541265877,1.822688259));
#1376=CARTESIAN_POINT('',(-7.3875225,0.541278867,1.822690521));
#1377=CARTESIAN_POINT('',(-7.387545001,0.541291857,1.822692784));
#1378=CARTESIAN_POINT('',(-7.387567503,0.541304844,1.822695046));
#1379=CARTESIAN_POINT('',(-7.483115483,0.59645361,1.832302282));
#1380=CARTESIAN_POINT('',(-7.589679257,0.625,1.842248064));
#1381=CARTESIAN_POINT('',(-7.7,0.625,1.851854926));
#1382=CARTESIAN_POINT('',(-7.700025981,0.625,1.851857188));
#1383=CARTESIAN_POINT('',(-7.700051962,0.624999998,1.851859451));
#1384=CARTESIAN_POINT('',(-7.700077943,0.624999995,1.851861713));
#1385=CARTESIAN_POINT('',(-7.810399303,0.624986237,1.861468949));
#1386=CARTESIAN_POINT('',(-7.916959434,0.596426249,1.871414731));
#1387=CARTESIAN_POINT('',(-8.0125,0.541265877,1.881021592));
#1388=CARTESIAN_POINT('',(-8.0125225,0.541252887,1.881023854));
#1389=CARTESIAN_POINT('',(-8.012545,0.541239895,1.881026117));
#1390=CARTESIAN_POINT('',(-8.012567498,0.541226901,1.881028379));
#1391=CARTESIAN_POINT('',(-8.10810172,0.486054307,1.890635616));
#1392=CARTESIAN_POINT('',(-8.186105506,0.408040566,1.900581398));
#1393=CARTESIAN_POINT('',(-8.241265877,0.3125,1.910188259));
#1394=CARTESIAN_POINT('',(-8.241278867,0.3124775,1.910190521));
#1395=CARTESIAN_POINT('',(-8.241291857,0.312454999,1.910192784));
#1396=CARTESIAN_POINT('',(-8.241304844,0.312432497,1.910195046));
#1397=CARTESIAN_POINT('',(-8.29645361,0.216884517,1.919802282));
#1398=CARTESIAN_POINT('',(-8.325,0.110320743,1.929748064));
#1399=CARTESIAN_POINT('',(-8.325,0.,1.939354926));
#1400=CARTESIAN_POINT('',(-8.325,-0.000025981,1.939357188));
#1401=CARTESIAN_POINT('',(-8.324999998,-0.000051962,1.939359451));
#1402=CARTESIAN_POINT('',(-8.324999995,-0.000077943,1.939361713));
#1403=CARTESIAN_POINT('',(-8.324986237,-0.110399303,1.948968949));
#1404=CARTESIAN_POINT('',(-8.296426249,-0.216959434,1.958914731));
#1405=CARTESIAN_POINT('',(-8.241265877,-0.3125,1.968521592));
#1406=CARTESIAN_POINT('',(-8.241252887,-0.3125225,1.968523854));
#1407=CARTESIAN_POINT('',(-8.241239895,-0.312545,1.968526117));
#1408=CARTESIAN_POINT('',(-8.241226901,-0.312567498,1.968528379));
#1409=CARTESIAN_POINT('',(-8.186054307,-0.40810172,1.978135616));
#1410=CARTESIAN_POINT('',(-8.108040566,-0.486105506,1.988081398));
#1411=CARTESIAN_POINT('',(-8.0125,-0.541265877,1.997688259));
#1412=CARTESIAN_POINT('',(-8.0124775,-0.541278867,1.997690521));
#1413=CARTESIAN_POINT('',(-8.012454999,-0.541291857,1.997692784));
#1414=CARTESIAN_POINT('',(-8.012432497,-0.541304844,1.997695046));
#1415=CARTESIAN_POINT('',(-7.916884517,-0.59645361,2.007302282));
#1416=CARTESIAN_POINT('',(-7.810320743,-0.625,2.017248064));
#1417=CARTESIAN_POINT('',(-7.7,-0.625,2.026854926));
#1418=CARTESIAN_POINT('',(-7.699974019,-0.625,2.026857188));
#1419=CARTESIAN_POINT('',(-7.699948038,-0.624999998,2.026859451));
#1420=CARTESIAN_POINT('',(-7.699922057,-0.624999995,2.026861713));
#1421=CARTESIAN_POINT('',(-7.589600697,-0.624986237,2.036468949));
#1422=CARTESIAN_POINT('',(-7.483040566,-0.596426249,2.046414731));
#1423=CARTESIAN_POINT('',(-7.3875,-0.541265877,2.056021592));
#1424=CARTESIAN_POINT('',(-7.3874775,-0.541252887,2.056023854));
#1425=CARTESIAN_POINT('',(-7.387455,-0.541239895,2.056026117));
#1426=CARTESIAN_POINT('',(-7.387432502,-0.541226901,2.056028379));
#1427=CARTESIAN_POINT('',(-7.29189828,-0.486054307,2.065635616));
#1428=CARTESIAN_POINT('',(-7.213894494,-0.408040566,2.075581398));
#1429=CARTESIAN_POINT('',(-7.158734123,-0.3125,2.085188259));
#1430=CARTESIAN_POINT('',(-7.158721133,-0.3124775,2.085190521));
#1431=CARTESIAN_POINT('',(-7.158708143,-0.312454999,2.085192784));
#1432=CARTESIAN_POINT('',(-7.158695156,-0.312432497,2.085195046));
#1433=CARTESIAN_POINT('',(-7.10354639,-0.216884517,2.094802282));
#1434=CARTESIAN_POINT('',(-7.075,-0.110320743,2.104748064));
#1435=CARTESIAN_POINT('',(-7.075,0.,2.114354926));
#1436=CARTESIAN_POINT('',(-7.075,0.000025981,2.114357188));
#1437=CARTESIAN_POINT('',(-7.075000002,0.000051962,2.114359451));
#1438=CARTESIAN_POINT('',(-7.075000005,0.000077943,2.114361713));
#1439=CARTESIAN_POINT('',(-7.075013763,0.110399303,2.123968949));
#1440=CARTESIAN_POINT('',(-7.103573751,0.216959434,2.133914731));
#1441=CARTESIAN_POINT('',(-7.158734123,0.3125,2.143521592));
#1442=CARTESIAN_POINT('',(-7.158747113,0.3125225,2.143523854));
#1443=CARTESIAN_POINT('',(-7.158760105,0.312545,2.143526117));
#1444=CARTESIAN_POINT('',(-7.158773099,0.312567498,2.143528379));
#1445=CARTESIAN_POINT('',(-7.213945693,0.40810172,2.153135616));
#1446=CARTESIAN_POINT('',(-7.291959434,0.486105506,2.163081398));
#1447=CARTESIAN_POINT('',(-7.3875,0.541265877,2.172688259));
#1448=CARTESIAN_POINT('',(-7.3875225,0.541278867,2.172690521));
#1449=CARTESIAN_POINT('',(-7.387545001,0.541291857,2.172692784));
#1450=CARTESIAN_POINT('',(-7.387567503,0.541304844,2.172695046));
#1451=CARTESIAN_POINT('',(-7.483115483,0.59645361,2.182302282));
#1452=CARTESIAN_POINT('',(-7.589679257,0.625,2.192248064));
#1453=CARTESIAN_POINT('',(-7.7,0.625,2.201854926));
#1454=CARTESIAN_POINT('',(-7.700025981,0.625,2.201857188));
#1455=CARTESIAN_POINT('',(-7.700051962,0.624999998,2.201859451));
#1456=CARTESIAN_POINT('',(-7.700077943,0.624999995,2.201861713));
#1457=CARTESIAN_POINT('',(-7.810399303,0.624986237,2.211468949));
#1458=CARTESIAN_POINT('',(-7.916959434,0.596426249,2.221414731));
#1459=CARTESIAN_POINT('',(-8.0125,0.541265877,2.231021592));
#1460=CARTESIAN_POINT('',(-8.0125225,0.541252887,2.231023854));
#1461=CARTESIAN_POINT('',(-8.012545,0.541239895,2.231026117));
#1462=CARTESIAN_POINT('',(-8.012567498,0.541226901,2.231028379));
#1463=CARTESIAN_POINT('',(-8.10810172,0.486054307,2.240635616));
#1464=CARTESIAN_POINT('',(-8.186105506,0.408040566,2.250581398));
#1465=CARTESIAN_POINT('',(-8.241265877,0.3125,2.260188259));
#1466=CARTESIAN_POINT('',(-8.241278867,0.3124775,2.260190521));
#1467=CARTESIAN_POINT('',(-8.241291857,0.312454999,2.260192784));
#1468=CARTESIAN_POINT('',(-8.241304844,0.312432497,2.260195046));
#1469=CARTESIAN_POINT('',(-8.29645361,0.216884517,2.269802282));
#1470=CARTESIAN_POINT('',(-8.325,0.110320743,2.279748064));
#1471=CARTESIAN_POINT('',(-8.325,0.,2.289354926));
#1472=CARTESIAN_POINT('',(-8.325,-0.000025981,2.289357188));
#1473=CARTESIAN_POINT('',(-8.324999998,-0.000051962,2.289359451));
#1474=CARTESIAN_POINT('',(-8.324999995,-0.000077943,2.289361713));
#1475=CARTESIAN_POINT('',(-8.324986237,-0.110399303,2.298968949));
#1476=CARTESIAN_POINT('',(-8.296426249,-0.216959434,2.308914731));
#1477=CARTESIAN_POINT('',(-8.241265877,-0.3125,2.318521592));
#1478=CARTESIAN_POINT('',(-8.241252887,-0.3125225,2.318523854));
#1479=CARTESIAN_POINT('',(-8.241239895,-0.312545,2.318526117));
#1480=CARTESIAN_POINT('',(-8.241226901,-0.312567498,2.318528379));
#1481=CARTESIAN_POINT('',(-8.186054307,-0.40810172,2.328135616));
#1482=CARTESIAN_POINT('',(-8.108040566,-0.486105506,2.338081398));
#1483=CARTESIAN_POINT('',(-8.0125,-0.541265877,2.347688259));
#1484=CARTESIAN_POINT('',(-8.0124775,-0.541278867,2.347690521));
#1485=CARTESIAN_POINT('',(-8.012454999,-0.541291857,2.347692784));
#1486=CARTESIAN_POINT('',(-8.012432497,-0.541304844,2.347695046));
#1487=CARTESIAN_POINT('',(-7.916884517,-0.59645361,2.357302282));
#1488=CARTESIAN_POINT('',(-7.810320743,-0.625,2.367248064));
#1489=CARTESIAN_POINT('',(-7.7,-0.625,2.376854926));
#1490=CARTESIAN_POINT('',(-7.699974019,-0.625,2.376857188));
#1491=CARTESIAN_POINT('',(-7.699948038,-0.624999998,2.376859451));
#1492=CARTESIAN_POINT('',(-7.699922057,-0.624999995,2.376861713));
#1493=CARTESIAN_POINT('',(-7.589600697,-0.624986237,2.386468949));
#1494=CARTESIAN_POINT('',(-7.483040566,-0.596426249,2.396414731));
#1495=CARTESIAN_POINT('',(-7.3875,-0.541265877,2.406021592));
#1496=CARTESIAN_POINT('',(-7.3874775,-0.541252887,2.406023854));
#1497=CARTESIAN_POINT('',(-7.387455,-0.541239895,2.406026117));
#1498=CARTESIAN_POINT('',(-7.387432502,-0.541226901,2.406028379));
#1499=CARTESIAN_POINT('',(-7.29189828,-0.486054307,2.415635616));
#1500=CARTESIAN_POINT('',(-7.213894494,-0.408040566,2.425581398));
#1501=CARTESIAN_POINT('',(-7.158734123,-0.3125,2.435188259));
#1502=CARTESIAN_POINT('',(-7.158721133,-0.3124775,2.435190521));
#1503=CARTESIAN_POINT('',(-7.158708143,-0.312454999,2.435192784));
#1504=CARTESIAN_POINT('',(-7.158695156,-0.312432497,2.435195046));
#1505=CARTESIAN_POINT('',(-7.10354639,-0.216884517,2.444802282));
#1506=CARTESIAN_POINT('',(-7.075,-0.110320743,2.454748064));
#1507=CARTESIAN_POINT('',(-7.075,0.,2.464354926));
#1508=CARTESIAN_POINT('',(-7.075,0.000025981,2.464357188));
#1509=CARTESIAN_POINT('',(-7.075000002,0.000051962,2.464359451));
#1510=CARTESIAN_POINT('',(-7.075000005,0.000077943,2.464361713));
#1511=CARTESIAN_POINT('',(-7.075013763,0.110399303,2.473968949));
#1512=CARTESIAN_POINT('',(-7.103573751,0.216959434,2.483914731));
#1513=CARTESIAN_POINT('',(-7.158734123,0.3125,2.493521592));
#1514=CARTESIAN_POINT('',(-7.158747113,0.3125225,2.493523854));
#1515=CARTESIAN_POINT('',(-7.158760105,0.312545,2.493526117));
#1516=CARTESIAN_POINT('',(-7.158773099,0.312567498,2.493528379));
#1517=CARTESIAN_POINT('',(-7.213945693,0.40810172,2.503135616));
#1518=CARTESIAN_POINT('',(-7.291959434,0.486105506,2.513081398));
#1519=CARTESIAN_POINT('',(-7.3875,0.541265877,2.522688259));
#1520=CARTESIAN_POINT('',(-7.3875225,0.541278867,2.522690521));
#1521=CARTESIAN_POINT('',(-7.387545001,0.541291857,2.522692784));
#1522=CARTESIAN_POINT('',(-7.387567503,0.541304844,2.522695046));
#1523=CARTESIAN_POINT('',(-7.483115483,0.59645361,2.532302282));
#1524=CARTESIAN_POINT('',(-7.589679257,0.625,2.542248064));
#1525=CARTESIAN_POINT('',(-7.7,0.625,2.551854926));
#1526=CARTESIAN_POINT('',(-7.700025981,0.625,2.551857188));
#1527=CARTESIAN_POINT('',(-7.700051962,0.624999998,2.551859451));
#1528=CARTESIAN_POINT('',(-7.700077943,0.624999995,2.551861713));
#1529=CARTESIAN_POINT('',(-7.810399303,0.624986237,2.561468949));
#1530=CARTESIAN_POINT('',(-7.916959434,0.596426249,2.571414731));
#1531=CARTESIAN_POINT('',(-8.0125,0.541265877,2.581021592));
#1532=CARTESIAN_POINT('',(-8.0125225,0.541252887,2.581023854));
#1533=CARTESIAN_POINT('',(-8.012545,0.541239895,2.581026117));
#1534=CARTESIAN_POINT('',(-8.012567498,0.541226901,2.581028379));
#1535=CARTESIAN_POINT('',(-8.10810172,0.486054307,2.590635616));
#1536=CARTESIAN_POINT('',(-8.186105506,0.408040566,2.600581398));
#1537=CARTESIAN_POINT('',(-8.241265877,0.3125,2.610188259));
#1538=CARTESIAN_POINT('',(-8.241278867,0.3124775,2.610190521));
#1539=CARTESIAN_POINT('',(-8.241291857,0.312454999,2.610192784));
#1540=CARTESIAN_POINT('',(-8.241304844,0.312432497,2.610195046));
#1541=CARTESIAN_POINT('',(-8.29645361,0.216884517,2.619802282));
#1542=CARTESIAN_POINT('',(-8.325,0.110320743,2.629748064));
#1543=CARTESIAN_POINT('',(-8.325,0.,2.639354926));
#1544=CARTESIAN_POINT('',(-8.325,-0.000025981,2.639357188));
#1545=CARTESIAN_POINT('',(-8.324999998,-0.000051962,2.639359451));
#1546=CARTESIAN_POINT('',(-8.324999995,-0.000077943,2.639361713));
#1547=CARTESIAN_POINT('',(-8.324986237,-0.110399303,2.648968949));
#1548=CARTESIAN_POINT('',(-8.296426249,-0.216959434,2.658914731));
#1549=CARTESIAN_POINT('',(-8.241265877,-0.3125,2.668521592));
#1550=CARTESIAN_POINT('',(-8.241252887,-0.3125225,2.668523854));
#1551=CARTESIAN_POINT('',(-8.241239895,-0.312545,2.668526117));
#1552=CARTESIAN_POINT('',(-8.241226901,-0.312567498,2.668528379));
#1553=CARTESIAN_POINT('',(-8.186054307,-0.40810172,2.678135616));
#1554=CARTESIAN_POINT('',(-8.108040566,-0.486105506,2.688081398));
#1555=CARTESIAN_POINT('',(-8.0125,-0.541265877,2.697688259));
#1556=CARTESIAN_POINT('',(-8.0124775,-0.541278867,2.697690521));
#1557=CARTESIAN_POINT('',(-8.012454999,-0.541291857,2.697692784));
#1558=CARTESIAN_POINT('',(-8.012432497,-0.541304844,2.697695046));
#1559=CARTESIAN_POINT('',(-8.002205057,-0.54720796,2.698723403));
#1560=CARTESIAN_POINT('',(-7.991803094,-0.55282549,2.699760294));
#1561=CARTESIAN_POINT('',(-7.981233958,-0.558150931,2.700804927));
#1562=(BOUNDED_SURFACE()
B_SPLINE_SURFACE(1,3,((#486,#487,#488,#489,#490,#491,#492,#493,#494,#495,#496,#497,#498,#499,#500,#501,#502,#503,#504,#505,#506,#507,#508,#509,#510,#511,
#512,#513,#514,#515,#516,#517,#518,#519,#520,#521,#522,#523,#524,#525,#526,#527,#528,#529,#530,#531,#532,#533,#534,#535,#536,
#537,#538,#539,#540,#541,#542,#543,#544,#545,#546,#547,#548,#549,#550,#551,#552,#553,#554,#555,#556,#557,#558,#559,#560,#561,
#562,#563,#564,#565,#566,#567,#568,#569,#570,#571,#572,#573,#574,#575,#576,#577,#578,#579,#580,#581,#582,#583,#584,#585,#586,
#587,#588,#589,#590,#591,#592,#593,#594,#595,#596,#597,#598,#599,#600,#601,#602,#603,#604,#605,#606,#607,#608,#609,#610,#611,
#612,#613,#614,#615,#616,#617,#618,#619,#620,#621,#622,#623,#624,#625,#626,#627,#628,#629,#630,#631,#632,#633,#634,#635,#636,
#637,#638,#639,#640,#641,#642,#643,#644,#645,#646,#647,#648,#649,#650,#651,#652,#653,#654,#655,#656,#657,#658,#659,#660,#661,
#662,#663,#664,#665,#666,#667,#668,#669,#670,#671,#672,#673,#674,#675,#676,#677,#678,#679,#680,#681,#682,#683,#684,#685,#686,
#687,#688,#689,#690,#691,#692,#693,#694,#695,#696,#697,#698,#699,#700,#701,#702,#703,#704,#705,#706,#707,#708,#709,#710,#711,
#712,#713,#714,#715,#716,#717,#718,#719,#720,#721,#722,#723,#724,#725,#726,#727,#728,#729,#730,#731,#732,#733,#734,#735,#736,
#737,#738,#739,#740,#741,#742,#743,#744,#745,#746,#747,#748,#749,#750,#751,#752,#753,#754,#755,#756,#757,#758,#759,#760,#761,
#762,#763,#764,#765,#766,#767,#768,#769,#770,#771,#772,#773,#774,#775,#776,#777,#778,#779,#780,#781,#782,#783,#784,#785,#786,
#787,#788,#789,#790,#791,#792,#793,#794,#795,#796,#797,#798,#799,#800,#801,#802,#803,#804,#805,#806,#807,#808,#809,#810,#811,
#812,#813,#814,#815,#816,#817,#818,#819,#820,#821,#822,#823,#824,#825,#826,#827,#828,#829,#830,#831,#832,#833,#834,#835,#836,
#837,#838,#839,#840,#841,#842,#843,#844,#845,#846,#847,#848,#849,#850,#851,#852,#853,#854,#855,#856,#857,#858,#859,#860,#861,
#862,#863,#864,#865,#866,#867,#868,#869,#870,#871,#872,#873,#874,#875,#876,#877,#878,#879,#880,#881,#882,#883,#884,#885,#886,
#887,#888,#889,#890,#891,#892,#893,#894,#895,#896,#897,#898,#899,#900,#901,#902,#903,#904,#905,#906,#907,#908,#909,#910,#911,
#912,#913,#914,#915,#916,#917,#918,#919,#920,#921,#922,#923,#924,#925,#926,#927,#928,#929,#930,#931,#932,#933,#934,#935,#936,
#937,#938,#939,#940,#941,#942,#943,#944,#945,#946,#947,#948,#949,#950,#951,#952,#953,#954,#955,#956,#957,#958,#959,#960,#961,
#962,#963,#964,#965,#966,#967,#968,#969,#970,#971,#972,#973,#974,#975,#976,#977,#978,#979,#980,#981,#982,#983,#984,#985,#986,
#987,#988,#989,#990,#991,#992,#993,#994,#995,#996,#997,#998,#999,#1000,#1001,#1002,#1003,#1004,#1005,#1006,#1007,#1008,#1009,#1010,#1011,
#1012,#1013,#1014,#1015,#1016,#1017,#1018,#1019,#1020,#1021,#1022,#1023),(#1024,#1025,#1026,#1027,#1028,#1029,#1030,#1031,#1032,#1033,#1034,#1035,#1036,#1037,#1038,#1039,#1040,#1041,#1042,#1043,#1044,#1045,#1046,#1047,#1048,#1049,
#1050,#1051,#1052,#1053,#1054,#1055,#1056,#1057,#1058,#1059,#1060,#1061,#1062,#1063,#1064,#1065,#1066,#1067,#1068,#1069,#1070,#1071,#1072,#1073,#1074,
#1075,#1076,#1077,#1078,#1079,#1080,#1081,#1082,#1083,#1084,#1085,#1086,#1087,#1088,#1089,#1090,#1091,#1092,#1093,#1094,#1095,#1096,#1097,#1098,#1099,
#1100,#1101,#1102,#1103,#1104,#1105,#1106,#1107,#1108,#1109,#1110,#1111,#1112,#1113,#1114,#1115,#1116,#1117,#1118,#1119,#1120,#1121,#1122,#1123,#1124,
#1125,#1126,#1127,#1128,#1129,#1130,#1131,#1132,#1133,#1134,#1135,#1136,#1137,#1138,#1139,#1140,#1141,#1142,#1143,#1144,#1145,#1146,#1147,#1148,#1149,
#1150,#1151,#1152,#1153,#1154,#1155,#1156,#1157,#1158,#1159,#1160,#1161,#1162,#1163,#1164,#1165,#1166,#1167,#1168,#1169,#1170,#1171,#1172,#1173,#1174,
#1175,#1176,#1177,#1178,#1179,#1180,#1181,#1182,#1183,#1184,#1185,#1186,#1187,#1188,#1189,#1190,#1191,#1192,#1193,#1194,#1195,#1196,#1197,#1198,#1199,
#1200,#1201,#1202,#1203,#1204,#1205,#1206,#1207,#1208,#1209,#1210,#1211,#1212,#1213,#1214,#1215,#1216,#1217,#1218,#1219,#1220,#1221,#1222,#1223,#1224,
#1225,#1226,#1227,#1228,#1229,#1230,#1231,#1232,#1233,#1234,#1235,#1236,#1237,#1238,#1239,#1240,#1241,#1242,#1243,#1244,#1245,#1246,#1247,#1248,#1249,
#1250,#1251,#1252,#1253,#1254,#1255,#1256,#1257,#1258,#1259,#1260,#1261,#1262,#1263,#1264,#1265,#1266,#1267,#1268,#1269,#1270,#1271,#1272,#1273,#1274,
#1275,#1276,#1277,#1278,#1279,#1280,#1281,#1282,#1283,#1284,#1285,#1286,#1287,#1288,#1289,#1290,#1291,#1292,#1293,#1294,#1295,#1296,#1297,#1298,#1299,
#1300,#1301,#1302,#1303,#1304,#1305,#1306,#1307,#1308,#1309,#1310,#1311,#1312,#1313,#1314,#1315,#1316,#1317,#1318,#1319,#1320,#1321,#1322,#1323,#1324,
#1325,#1326,#1327,#1328,#1329,#1330,#1331,#1332,#1333,#1334,#1335,#1336,#1337,#1338,#1339,#1340,#1341,#1342,#1343,#1344,#1345,#1346,#1347,#1348,#1349,
#1350,#1351,#1352,#1353,#1354,#1355,#1356,#1357,#1358,#1359,#1360,#1361,#1362,#1363,#1364,#1365,#1366,#1367,#1368,#1369,#1370,#1371,#1372,#1373,#1374,
#1375,#1376,#1377,#1378,#1379,#1380,#1381,#1382,#1383,#1384,#1385,#1386,#1387,#1388,#1389,#1390,#1391,#1392,#1393,#1394,#1395,#1396,#1397,#1398,#1399,
#1400,#1401,#1402,#1403,#1404,#1405,#1406,#1407,#1408,#1409,#1410,#1411,#1412,#1413,#1414,#1415,#1416,#1417,#1418,#1419,#1420,#1421,#1422,#1423,#1424,
#1425,#1426,#1427,#1428,#1429,#1430,#1431,#1432,#1433,#1434,#1435,#1436,#1437,#1438,#1439,#1440,#1441,#1442,#1443,#1444,#1445,#1446,#1447,#1448,#1449,
#1450,#1451,#1452,#1453,#1454,#1455,#1456,#1457,#1458,#1459,#1460,#1461,#1462,#1463,#1464,#1465,#1466,#1467,#1468,#1469,#1470,#1471,#1472,#1473,#1474,
#1475,#1476,#1477,#1478,#1479,#1480,#1481,#1482,#1483,#1484,#1485,#1486,#1487,#1488,#1489,#1490,#1491,#1492,#1493,#1494,#1495,#1496,#1497,#1498,#1499,
#1500,#1501,#1502,#1503,#1504,#1505,#1506,#1507,#1508,#1509,#1510,#1511,#1512,#1513,#1514,#1515,#1516,#1517,#1518,#1519,#1520,#1521,#1522,#1523,#1524,
#1525,#1526,#1527,#1528,#1529,#1530,#1531,#1532,#1533,#1534,#1535,#1536,#1537,#1538,#1539,#1540,#1541,#1542,#1543,#1544,#1545,#1546,#1547,#1548,#1549,
#1550,#1551,#1552,#1553,#1554,#1555,#1556,#1557,#1558,#1559,#1560,#1561)),.UNSPECIFIED.,.F.,.F.,.U.)
B_SPLINE_SURFACE_WITH_KNOTS((2,2),(4,3,3,3,3,3,3,3,3,3,3,3,3,3,3,3,3,3,3,3,3,3,3,3,3,3,
3,3,3,3,3,3,3,3,3,3,3,3,3,3,3,3,3,3,3,3,3,3,3,3,3,
3,3,3,3,3,3,3,3,3,3,3,3,3,3,3,3,3,3,3,3,3,3,3,3,3,
3,3,3,3,3,3,3,3,3,3,3,3,3,3,3,3,3,3,3,3,3,3,3,3,3,
3,3,3,3,3,3,3,3,3,3,3,3,3,3,3,3,3,3,3,3,3,3,3,3,3,
3,3,3,3,3,3,3,3,3,3,3,3,3,3,3,3,3,3,3,3,3,3,3,3,3,
3,3,3,3,3,3,3,3,3,3,3,3,3,3,3,3,3,3,3,3,3,3,3,3,3,
3,3,3,4),(0.,0.999999999),(0.560025169,0.560185185,0.5601863,0.564814815,0.56481593,0.569444444,0.569445559,0.574074074,0.574075189,0.578703704,0.578704819,0.583333333,0.583334448,0.587962963,0.587964078,0.592592593,0.592593708,0.597222222,0.597223337,0.601851852,0.601852967,0.606481481,0.606482596,0.611111111,0.611112226,0.615740741,
0.615741856,0.62037037,0.620371485,0.625,0.625001115,0.62962963,0.629630745,0.634259259,0.634260374,0.638888889,0.638890004,0.643518519,0.643519634,0.648148148,0.648149263,0.652777778,0.652778893,0.657407407,0.657408522,0.662037037,0.662038152,0.666666667,0.666667782,0.671296296,0.671297411,
0.675925926,0.675927041,0.680555556,0.680556671,0.685185185,0.6851863,0.689814815,0.68981593,0.694444444,0.694445559,0.699074074,0.699075189,0.703703704,0.703704819,0.708333333,0.708334448,0.712962963,0.712964078,0.717592593,0.717593708,0.722222222,0.722223337,0.726851852,0.726852967,0.731481481,
0.731482596,0.736111111,0.736112226,0.740740741,0.740741856,0.74537037,0.745371485,0.75,0.750001115,0.75462963,0.754630745,0.759259259,0.759260374,0.763888889,0.763890004,0.768518519,0.768519634,0.773148148,0.773149263,0.777777778,0.777778893,0.782407407,0.782408522,0.787037037,0.787038152,
0.791666667,0.791667782,0.796296296,0.796297411,0.800925926,0.800927041,0.805555556,0.805556671,0.810185185,0.8101863,0.814814815,0.81481593,0.819444444,0.819445559,0.824074074,0.824075189,0.828703704,0.828704819,0.833333333,0.833334448,0.837962963,0.837964078,0.842592593,0.842593708,0.847222222,
0.847223337,0.851851852,0.851852967,0.856481481,0.856482596,0.861111111,0.861112226,0.865740741,0.865741856,0.87037037,0.870371485,0.875,0.875001115,0.87962963,0.879630745,0.884259259,0.884260374,0.888888889,0.888890004,0.893518519,0.893519634,0.898148148,0.898149263,0.902777778,0.902778893,
0.907407407,0.907408522,0.912037037,0.912038152,0.916666667,0.916667782,0.921296296,0.921297411,0.925925926,0.925927041,0.930555556,0.930556671,0.935185185,0.9351863,0.939814815,0.93981593,0.944444444,0.944445559,0.949074074,0.949075189,0.953703704,0.953704819,0.958333333,0.958334448,0.962962963,
0.962964078,0.967592593,0.967593708,0.968099394),.UNSPECIFIED.)
GEOMETRIC_REPRESENTATION_ITEM()
RATIONAL_B_SPLINE_SURFACE(((0.997725967,0.998456841,0.999214852,1.,0.999994527,0.999989056,0.999983586,0.977283885,0.977289357,1.,0.999994527,0.999989056,0.999983586,0.977283885,0.977289357,1.,0.999994527,0.999989056,0.999983586,0.977283885,0.977289357,1.,0.999994527,0.999989056,0.999983586,0.977283885,
0.977289357,1.,0.999994527,0.999989056,0.999983586,0.977283885,0.977289357,1.,0.999994527,0.999989056,0.999983586,0.977283885,0.977289357,1.,0.999994527,0.999989056,0.999983586,0.977283885,0.977289357,1.,0.999994527,0.999989056,0.999983586,0.977283885,0.977289357,
1.,0.999994527,0.999989056,0.999983586,0.977283885,0.977289357,1.,0.999994527,0.999989056,0.999983586,0.977283885,0.977289357,1.,0.999994527,0.999989056,0.999983586,0.977283885,0.977289357,1.,0.999994527,0.999989056,0.999983586,0.977283885,0.977289357,1.,
0.999994527,0.999989056,0.999983586,0.977283885,0.977289357,1.,0.999994527,0.999989056,0.999983586,0.977283885,0.977289357,1.,0.999994527,0.999989056,0.999983586,0.977283885,0.977289357,1.,0.999994527,0.999989056,0.999983586,0.977283885,0.977289357,1.,0.999994527,
0.999989056,0.999983586,0.977283885,0.977289357,1.,0.999994527,0.999989056,0.999983586,0.977283885,0.977289357,1.,0.999994527,0.999989056,0.999983586,0.977283885,0.977289357,1.,0.999994527,0.999989056,0.999983586,0.977283885,0.977289357,1.,0.999994527,0.999989056,
0.999983586,0.977283885,0.977289357,1.,0.999994527,0.999989056,0.999983586,0.977283885,0.977289357,1.,0.999994527,0.999989056,0.999983586,0.977283885,0.977289357,1.,0.999994527,0.999989056,0.999983586,0.977283885,0.977289357,1.,0.999994527,0.999989056,0.999983586,
0.977283885,0.977289357,1.,0.999994527,0.999989056,0.999983586,0.977283885,0.977289357,1.,0.999994527,0.999989056,0.999983586,0.977283885,0.977289357,1.,0.999994527,0.999989056,0.999983586,0.977283885,0.977289357,1.,0.999994527,0.999989056,0.999983586,0.977283885,
0.977289357,1.,0.999994527,0.999989056,0.999983586,0.977283885,0.977289357,1.,0.999994527,0.999989056,0.999983586,0.977283885,0.977289357,1.,0.999994527,0.999989056,0.999983586,0.977283885,0.977289357,1.,0.999994527,0.999989056,0.999983586,0.977283885,0.977289357,
1.,0.999994527,0.999989056,0.999983586,0.977283885,0.977289357,1.,0.999994527,0.999989056,0.999983586,0.977283885,0.977289357,1.,0.999994527,0.999989056,0.999983586,0.977283885,0.977289357,1.,0.999994527,0.999989056,0.999983586,0.977283885,0.977289357,1.,
0.999994527,0.999989056,0.999983586,0.977283885,0.977289357,1.,0.999994527,0.999989056,0.999983586,0.977283885,0.977289357,1.,0.999994527,0.999989056,0.999983586,0.977283885,0.977289357,1.,0.999994527,0.999989056,0.999983586,0.977283885,0.977289357,1.,0.999994527,
0.999989056,0.999983586,0.977283885,0.977289357,1.,0.999994527,0.999989056,0.999983586,0.977283885,0.977289357,1.,0.999994527,0.999989056,0.999983586,0.977283885,0.977289357,1.,0.999994527,0.999989056,0.999983586,0.977283885,0.977289357,1.,0.999994527,0.999989056,
0.999983586,0.977283885,0.977289357,1.,0.999994527,0.999989056,0.999983586,0.977283885,0.977289357,1.,0.999994527,0.999989056,0.999983586,0.977283885,0.977289357,1.,0.999994527,0.999989056,0.999983586,0.977283885,0.977289357,1.,0.999994527,0.999989056,0.999983586,
0.977283885,0.977289357,1.,0.999994527,0.999989056,0.999983586,0.977283885,0.977289357,1.,0.999994527,0.999989056,0.999983586,0.977283885,0.977289357,1.,0.999994527,0.999989056,0.999983586,0.977283885,0.977289357,1.,0.999994527,0.999989056,0.999983586,0.977283885,
0.977289357,1.,0.999994527,0.999989056,0.999983586,0.977283885,0.977289357,1.,0.999994527,0.999989056,0.999983586,0.977283885,0.977289357,1.,0.999994527,0.999989056,0.999983586,0.977283885,0.977289357,1.,0.999994527,0.999989056,0.999983586,0.977283885,0.977289357,
1.,0.999994527,0.999989056,0.999983586,0.977283885,0.977289357,1.,0.999994527,0.999989056,0.999983586,0.977283885,0.977289357,1.,0.999994527,0.999989056,0.999983586,0.977283885,0.977289357,1.,0.999994527,0.999989056,0.999983586,0.977283885,0.977289357,1.,
0.999994527,0.999989056,0.999983586,0.977283885,0.977289357,1.,0.999994527,0.999989056,0.999983586,0.977283885,0.977289357,1.,0.999994527,0.999989056,0.999983586,0.977283885,0.977289357,1.,0.999994527,0.999989056,0.999983586,0.977283885,0.977289357,1.,0.999994527,
0.999989056,0.999983586,0.977283885,0.977289357,1.,0.999994527,0.999989056,0.999983586,0.977283885,0.977289357,1.,0.999994527,0.999989056,0.999983586,0.977283885,0.977289357,1.,0.999994527,0.999989056,0.999983586,0.977283885,0.977289357,1.,0.999994527,0.999989056,
0.999983586,0.977283885,0.977289357,1.,0.999994527,0.999989056,0.999983586,0.977283885,0.977289357,1.,0.999994527,0.999989056,0.999983586,0.977283885,0.977289357,1.,0.999994527,0.999989056,0.999983586,0.977283885,0.977289357,1.,0.999994527,0.999989056,0.999983586,
0.977283885,0.977289357,1.,0.999994527,0.999989056,0.999983586,0.977283885,0.977289357,1.,0.999994527,0.999989056,0.999983586,0.977283885,0.977289357,1.,0.999994527,0.999989056,0.999983586,0.977283885,0.977289357,1.,0.999994527,0.999989056,0.999983586,0.977283885,
0.977289357,1.,0.999994527,0.999989056,0.999983586,0.977283885,0.977289357,1.,0.999994527,0.999989056,0.999983586,0.977283885,0.977289357,1.,0.999994527,0.999989056,0.999983586,0.977283885,0.977289357,1.,0.999994527,0.999989056,0.999983586,0.977283885,0.977289357,
1.,0.999994527,0.999989056,0.999983586,0.977283885,0.977289357,1.,0.999994527,0.999989056,0.999983586,0.977283885,0.977289357,1.,0.999994527,0.999989056,0.999983586,0.977283885,0.977289357,1.,0.999994527,0.999989056,0.999983586,0.977283885,0.977289357,1.,
0.999994527,0.999989056,0.999983586,0.977283885,0.977289357,1.,0.999994527,0.999989056,0.999983586,0.997503543,0.99529452,0.993356519),(0.997725967,0.998456841,0.999214852,1.,0.999994527,0.999989056,0.999983586,0.977283885,0.977289357,1.,0.999994527,0.999989056,0.999983586,0.977283885,0.977289357,1.,0.999994527,0.999989056,0.999983586,0.977283885,0.977289357,1.,0.999994527,0.999989056,0.999983586,0.977283885,
0.977289357,1.,0.999994527,0.999989056,0.999983586,0.977283885,0.977289357,1.,0.999994527,0.999989056,0.999983586,0.977283885,0.977289357,1.,0.999994527,0.999989056,0.999983586,0.977283885,0.977289357,1.,0.999994527,0.999989056,0.999983586,0.977283885,0.977289357,
1.,0.999994527,0.999989056,0.999983586,0.977283885,0.977289357,1.,0.999994527,0.999989056,0.999983586,0.977283885,0.977289357,1.,0.999994527,0.999989056,0.999983586,0.977283885,0.977289357,1.,0.999994527,0.999989056,0.999983586,0.977283885,0.977289357,1.,
0.999994527,0.999989056,0.999983586,0.977283885,0.977289357,1.,0.999994527,0.999989056,0.999983586,0.977283885,0.977289357,1.,0.999994527,0.999989056,0.999983586,0.977283885,0.977289357,1.,0.999994527,0.999989056,0.999983586,0.977283885,0.977289357,1.,0.999994527,
0.999989056,0.999983586,0.977283885,0.977289357,1.,0.999994527,0.999989056,0.999983586,0.977283885,0.977289357,1.,0.999994527,0.999989056,0.999983586,0.977283885,0.977289357,1.,0.999994527,0.999989056,0.999983586,0.977283885,0.977289357,1.,0.999994527,0.999989056,
0.999983586,0.977283885,0.977289357,1.,0.999994527,0.999989056,0.999983586,0.977283885,0.977289357,1.,0.999994527,0.999989056,0.999983586,0.977283885,0.977289357,1.,0.999994527,0.999989056,0.999983586,0.977283885,0.977289357,1.,0.999994527,0.999989056,0.999983586,
0.977283885,0.977289357,1.,0.999994527,0.999989056,0.999983586,0.977283885,0.977289357,1.,0.999994527,0.999989056,0.999983586,0.977283885,0.977289357,1.,0.999994527,0.999989056,0.999983586,0.977283885,0.977289357,1.,0.999994527,0.999989056,0.999983586,0.977283885,
0.977289357,1.,0.999994527,0.999989056,0.999983586,0.977283885,0.977289357,1.,0.999994527,0.999989056,0.999983586,0.977283885,0.977289357,1.,0.999994527,0.999989056,0.999983586,0.977283885,0.977289357,1.,0.999994527,0.999989056,0.999983586,0.977283885,0.977289357,
1.,0.999994527,0.999989056,0.999983586,0.977283885,0.977289357,1.,0.999994527,0.999989056,0.999983586,0.977283885,0.977289357,1.,0.999994527,0.999989056,0.999983586,0.977283885,0.977289357,1.,0.999994527,0.999989056,0.999983586,0.977283885,0.977289357,1.,
0.999994527,0.999989056,0.999983586,0.977283885,0.977289357,1.,0.999994527,0.999989056,0.999983586,0.977283885,0.977289357,1.,0.999994527,0.999989056,0.999983586,0.977283885,0.977289357,1.,0.999994527,0.999989056,0.999983586,0.977283885,0.977289357,1.,0.999994527,
0.999989056,0.999983586,0.977283885,0.977289357,1.,0.999994527,0.999989056,0.999983586,0.977283885,0.977289357,1.,0.999994527,0.999989056,0.999983586,0.977283885,0.977289357,1.,0.999994527,0.999989056,0.999983586,0.977283885,0.977289357,1.,0.999994527,0.999989056,
0.999983586,0.977283885,0.977289357,1.,0.999994527,0.999989056,0.999983586,0.977283885,0.977289357,1.,0.999994527,0.999989056,0.999983586,0.977283885,0.977289357,1.,0.999994527,0.999989056,0.999983586,0.977283885,0.977289357,1.,0.999994527,0.999989056,0.999983586,
0.977283885,0.977289357,1.,0.999994527,0.999989056,0.999983586,0.977283885,0.977289357,1.,0.999994527,0.999989056,0.999983586,0.977283885,0.977289357,1.,0.999994527,0.999989056,0.999983586,0.977283885,0.977289357,1.,0.999994527,0.999989056,0.999983586,0.977283885,
0.977289357,1.,0.999994527,0.999989056,0.999983586,0.977283885,0.977289357,1.,0.999994527,0.999989056,0.999983586,0.977283885,0.977289357,1.,0.999994527,0.999989056,0.999983586,0.977283885,0.977289357,1.,0.999994527,0.999989056,0.999983586,0.977283885,0.977289357,
1.,0.999994527,0.999989056,0.999983586,0.977283885,0.977289357,1.,0.999994527,0.999989056,0.999983586,0.977283885,0.977289357,1.,0.999994527,0.999989056,0.999983586,0.977283885,0.977289357,1.,0.999994527,0.999989056,0.999983586,0.977283885,0.977289357,1.,
0.999994527,0.999989056,0.999983586,0.977283885,0.977289357,1.,0.999994527,0.999989056,0.999983586,0.977283885,0.977289357,1.,0.999994527,0.999989056,0.999983586,0.977283885,0.977289357,1.,0.999994527,0.999989056,0.999983586,0.977283885,0.977289357,1.,0.999994527,
0.999989056,0.999983586,0.977283885,0.977289357,1.,0.999994527,0.999989056,0.999983586,0.977283885,0.977289357,1.,0.999994527,0.999989056,0.999983586,0.977283885,0.977289357,1.,0.999994527,0.999989056,0.999983586,0.977283885,0.977289357,1.,0.999994527,0.999989056,
0.999983586,0.977283885,0.977289357,1.,0.999994527,0.999989056,0.999983586,0.977283885,0.977289357,1.,0.999994527,0.999989056,0.999983586,0.977283885,0.977289357,1.,0.999994527,0.999989056,0.999983586,0.977283885,0.977289357,1.,0.999994527,0.999989056,0.999983586,
0.977283885,0.977289357,1.,0.999994527,0.999989056,0.999983586,0.977283885,0.977289357,1.,0.999994527,0.999989056,0.999983586,0.977283885,0.977289357,1.,0.999994527,0.999989056,0.999983586,0.977283885,0.977289357,1.,0.999994527,0.999989056,0.999983586,0.977283885,
0.977289357,1.,0.999994527,0.999989056,0.999983586,0.977283885,0.977289357,1.,0.999994527,0.999989056,0.999983586,0.977283885,0.977289357,1.,0.999994527,0.999989056,0.999983586,0.977283885,0.977289357,1.,0.999994527,0.999989056,0.999983586,0.977283885,0.977289357,
1.,0.999994527,0.999989056,0.999983586,0.977283885,0.977289357,1.,0.999994527,0.999989056,0.999983586,0.977283885,0.977289357,1.,0.999994527,0.999989056,0.999983586,0.977283885,0.977289357,1.,0.999994527,0.999989056,0.999983586,0.977283885,0.977289357,1.,
0.999994527,0.999989056,0.999983586,0.977283885,0.977289357,1.,0.999994527,0.999989056,0.999983586,0.997503543,0.99529452,0.993356519)))
REPRESENTATION_ITEM('')
SURFACE()
);
#1563=CARTESIAN_POINT('',(-7.075,0.,2.464354926));
#1564=VERTEX_POINT('',#1563);
#1565=CARTESIAN_POINT('',(-7.075,0.,2.464354926));
#1566=CARTESIAN_POINT('',(-7.075,0.062548519,2.469801725));
#1567=CARTESIAN_POINT('',(-7.084609498,0.126352832,2.475582125));
#1568=CARTESIAN_POINT('',(-7.103644193,0.187042113,2.481311127));
#1569=CARTESIAN_POINT('',(-7.122678889,0.247731393,2.487040129));
#1570=CARTESIAN_POINT('',(-7.150589457,0.304561996,2.492496477));
#1571=CARTESIAN_POINT('',(-7.186588507,0.356417786,2.498096954));
#1572=CARTESIAN_POINT('',(-7.222587557,0.408273577,2.503697432));
#1573=CARTESIAN_POINT('',(-7.267109797,0.455245031,2.50952998));
#1574=CARTESIAN_POINT('',(-7.31721133,0.494062581,2.515198398));
#1575=CARTESIAN_POINT('',(-7.367312862,0.532880131,2.520866816));
#1576=CARTESIAN_POINT('',(-7.42237513,0.56354275,2.526244995));
#1577=CARTESIAN_POINT('',(-7.481873128,0.585701005,2.531943215));
#1578=CARTESIAN_POINT('',(-7.541371126,0.60785926,2.537641434));
#1579=CARTESIAN_POINT('',(-7.604717694,0.620892135,2.54346168));
#1580=CARTESIAN_POINT('',(-7.667567483,0.624157938,2.54901097));
#1581=CARTESIAN_POINT('',(-7.730417271,0.627423741,2.554560261));
#1582=CARTESIAN_POINT('',(-7.793772629,0.621192863,2.560109614));
#1583=CARTESIAN_POINT('',(-7.855405033,0.605371188,2.565845787));
#1584=CARTESIAN_POINT('',(-7.978669842,0.57372784,2.577318132));
#1585=CARTESIAN_POINT('',(-8.090282006,0.504439096,2.588327654));
#1586=CARTESIAN_POINT('',(-8.173290566,0.408192406,2.599754793));
#1587=B_SPLINE_CURVE_WITH_KNOTS('',3,(#1565,#1566,#1567,#1568,#1569,#1570,#1571,#1572,#1573,#1574,#1575,#1576,#1577,#1578,#1579,#1580,#1581,#1582,#1583,#1584,#1585,#1586),.UNSPECIFIED.,.F.,.F.,(4,3,3,3,3,3,3,4),(0.930555556,0.933240766,0.935925976,0.938611186,0.941296395,0.943981605,0.946666815,0.952037235),.UNSPECIFIED.);
#1588=EDGE_CURVE('',#1564,#427,#1587,.T.);
#1589=ORIENTED_EDGE('',*,*,#1588,.F.);
#1590=CARTESIAN_POINT('',(-7.075,0.,2.114354926));
#1591=VERTEX_POINT('',#1590);
#1592=CARTESIAN_POINT('',(-7.075,0.,2.114354926));
#1593=CARTESIAN_POINT('',(-7.075,0.080880946,2.121398134));
#1594=CARTESIAN_POINT('',(-7.091314754,0.163827314,2.129001449));
#1595=CARTESIAN_POINT('',(-7.122709493,0.239500879,2.136323634));
#1596=CARTESIAN_POINT('',(-7.154104233,0.315174443,2.143645819));
#1597=CARTESIAN_POINT('',(-7.19987552,0.383758996,2.150686876));
#1598=CARTESIAN_POINT('',(-7.258058262,0.441941738,2.158104926));
#1599=CARTESIAN_POINT('',(-7.316241004,0.50012448,2.165522976));
#1600=CARTESIAN_POINT('',(-7.384825557,0.545895767,2.172564032));
#1601=CARTESIAN_POINT('',(-7.460499121,0.577290507,2.179886217));
#1602=CARTESIAN_POINT('',(-7.536172686,0.608685246,2.187208402));
#1603=CARTESIAN_POINT('',(-7.619119054,0.625,2.194811717));
#1604=CARTESIAN_POINT('',(-7.7,0.625,2.201854926));
#1605=CARTESIAN_POINT('',(-7.780880946,0.625,2.208898135));
#1606=CARTESIAN_POINT('',(-7.863827314,0.608685246,2.216501449));
#1607=CARTESIAN_POINT('',(-7.939500879,0.577290507,2.223823634));
#1608=CARTESIAN_POINT('',(-8.015174443,0.545895767,2.231145819));
#1609=CARTESIAN_POINT('',(-8.083758996,0.50012448,2.238186876));
#1610=CARTESIAN_POINT('',(-8.141941738,0.441941738,2.245604926));
#1611=CARTESIAN_POINT('',(-8.20012448,0.383758996,2.253022976));
#1612=CARTESIAN_POINT('',(-8.245895767,0.315174443,2.260064032));
#1613=CARTESIAN_POINT('',(-8.277290507,0.239500879,2.267386217));
#1614=CARTESIAN_POINT('',(-8.308685246,0.163827314,2.274708402));
#1615=CARTESIAN_POINT('',(-8.325,0.080880946,2.282311717));
#1616=CARTESIAN_POINT('',(-8.325,0.,2.289354926));
#1617=CARTESIAN_POINT('',(-8.325,-0.080880946,2.296398135));
#1618=CARTESIAN_POINT('',(-8.308685239,-0.16382735,2.304001452));
#1619=CARTESIAN_POINT('',(-8.277290486,-0.239500928,2.311323639));
#1620=CARTESIAN_POINT('',(-8.245895734,-0.315174505,2.318645825));
#1621=CARTESIAN_POINT('',(-8.200124446,-0.383759037,2.325686881));
#1622=CARTESIAN_POINT('',(-8.141941713,-0.441941763,2.333104929));
#1623=CARTESIAN_POINT('',(-8.08375898,-0.500124489,2.340522977));
#1624=CARTESIAN_POINT('',(-8.015174443,-0.545895767,2.347564032));
#1625=CARTESIAN_POINT('',(-7.939500879,-0.577290507,2.354886217));
#1626=CARTESIAN_POINT('',(-7.863827314,-0.608685246,2.362208402));
#1627=CARTESIAN_POINT('',(-7.780880946,-0.625,2.369811717));
#1628=CARTESIAN_POINT('',(-7.7,-0.625,2.376854926));
#1629=CARTESIAN_POINT('',(-7.619119054,-0.625,2.383898135));
#1630=CARTESIAN_POINT('',(-7.53617265,-0.608685239,2.391501452));
#1631=CARTESIAN_POINT('',(-7.460499072,-0.577290486,2.398823639));
#1632=CARTESIAN_POINT('',(-7.384825495,-0.545895734,2.406145825));
#1633=CARTESIAN_POINT('',(-7.316240963,-0.500124446,2.413186881));
#1634=CARTESIAN_POINT('',(-7.258058237,-0.441941713,2.420604929));
#1635=CARTESIAN_POINT('',(-7.199875511,-0.38375898,2.428022977));
#1636=CARTESIAN_POINT('',(-7.154104233,-0.315174443,2.435064032));
#1637=CARTESIAN_POINT('',(-7.122709493,-0.239500879,2.442386217));
#1638=CARTESIAN_POINT('',(-7.091314754,-0.163827314,2.449708402));
#1639=CARTESIAN_POINT('',(-7.075,-0.080880946,2.457311717));
#1640=CARTESIAN_POINT('',(-7.075,-0.,2.464354926));
#1641=B_SPLINE_CURVE_WITH_KNOTS('',3,(#1592,#1593,#1594,#1595,#1596,#1597,#1598,#1599,#1600,#1601,#1602,#1603,#1604,#1605,#1606,#1607,#1608,#1609,#1610,#1611,#1612,#1613,#1614,#1615,#1616,#1617,
#1618,#1619,#1620,#1621,#1622,#1623,#1624,#1625,#1626,#1627,#1628,#1629,#1630,#1631,#1632,#1633,#1634,#1635,#1636,#1637,#1638,#1639,#1640),.UNSPECIFIED.,.F.,.F.,(4,3,3,3,3,3,3,3,3,3,3,3,3,3,3,3,4),(0.875,0.878472222,0.881944444,0.885416667,0.888888889,0.892361111,0.895833333,0.899305556,0.902777778,0.90625,0.909722222,0.913194445,0.916666667,0.920138889,0.923611111,0.927083334,0.930555556),.UNSPECIFIED.);
#1642=EDGE_CURVE('',#1591,#1564,#1641,.T.);
#1643=ORIENTED_EDGE('',*,*,#1642,.F.);
#1644=CARTESIAN_POINT('',(-7.075,0.,1.764354926));
#1645=VERTEX_POINT('',#1644);
#1646=CARTESIAN_POINT('',(-7.075,0.,1.764354926));
#1647=CARTESIAN_POINT('',(-7.075,0.080880946,1.771398134));
#1648=CARTESIAN_POINT('',(-7.091314754,0.163827314,1.779001449));
#1649=CARTESIAN_POINT('',(-7.122709493,0.239500879,1.786323634));
#1650=CARTESIAN_POINT('',(-7.154104233,0.315174443,1.793645819));
#1651=CARTESIAN_POINT('',(-7.199875511,0.38375898,1.800686874));
#1652=CARTESIAN_POINT('',(-7.258058237,0.441941713,1.808104923));
#1653=CARTESIAN_POINT('',(-7.316240963,0.500124446,1.815522971));
#1654=CARTESIAN_POINT('',(-7.384825495,0.545895734,1.822564026));
#1655=CARTESIAN_POINT('',(-7.460499072,0.577290486,1.829886213));
#1656=CARTESIAN_POINT('',(-7.53617265,0.608685239,1.837208399));
#1657=CARTESIAN_POINT('',(-7.619119054,0.625,1.844811718));
#1658=CARTESIAN_POINT('',(-7.7,0.625,1.851854926));
#1659=CARTESIAN_POINT('',(-7.780880946,0.625,1.858898134));
#1660=CARTESIAN_POINT('',(-7.863827314,0.608685246,1.866501449));
#1661=CARTESIAN_POINT('',(-7.939500879,0.577290507,1.873823634));
#1662=CARTESIAN_POINT('',(-8.015174443,0.545895767,1.881145819));
#1663=CARTESIAN_POINT('',(-8.08375898,0.500124489,1.888186874));
#1664=CARTESIAN_POINT('',(-8.141941713,0.441941763,1.895604923));
#1665=CARTESIAN_POINT('',(-8.200124446,0.383759037,1.903022971));
#1666=CARTESIAN_POINT('',(-8.245895734,0.315174505,1.910064026));
#1667=CARTESIAN_POINT('',(-8.277290486,0.239500928,1.917386213));
#1668=CARTESIAN_POINT('',(-8.308685239,0.16382735,1.924708399));
#1669=CARTESIAN_POINT('',(-8.325,0.080880946,1.932311718));
#1670=CARTESIAN_POINT('',(-8.325,-0.,1.939354926));
#1671=CARTESIAN_POINT('',(-8.325,-0.080880946,1.946398134));
#1672=CARTESIAN_POINT('',(-8.308685246,-0.163827314,1.954001449));
#1673=CARTESIAN_POINT('',(-8.277290507,-0.239500879,1.961323634));
#1674=CARTESIAN_POINT('',(-8.245895767,-0.315174443,1.968645819));
#1675=CARTESIAN_POINT('',(-8.20012448,-0.383758996,1.975686876));
#1676=CARTESIAN_POINT('',(-8.141941738,-0.441941738,1.983104926));
#1677=CARTESIAN_POINT('',(-8.083758996,-0.50012448,1.990522976));
#1678=CARTESIAN_POINT('',(-8.015174443,-0.545895767,1.997564032));
#1679=CARTESIAN_POINT('',(-7.939500879,-0.577290507,2.004886217));
#1680=CARTESIAN_POINT('',(-7.863827314,-0.608685246,2.012208402));
#1681=CARTESIAN_POINT('',(-7.780880946,-0.625,2.019811717));
#1682=CARTESIAN_POINT('',(-7.7,-0.625,2.026854926));
#1683=CARTESIAN_POINT('',(-7.619119054,-0.625,2.033898135));
#1684=CARTESIAN_POINT('',(-7.536172686,-0.608685246,2.041501449));
#1685=CARTESIAN_POINT('',(-7.460499121,-0.577290507,2.048823634));
#1686=CARTESIAN_POINT('',(-7.384825557,-0.545895767,2.056145819));
#1687=CARTESIAN_POINT('',(-7.316241004,-0.50012448,2.063186876));
#1688=CARTESIAN_POINT('',(-7.258058262,-0.441941738,2.070604926));
#1689=CARTESIAN_POINT('',(-7.19987552,-0.383758996,2.078022976));
#1690=CARTESIAN_POINT('',(-7.154104233,-0.315174443,2.085064032));
#1691=CARTESIAN_POINT('',(-7.122709493,-0.239500879,2.092386217));
#1692=CARTESIAN_POINT('',(-7.091314754,-0.163827314,2.099708402));
#1693=CARTESIAN_POINT('',(-7.075,-0.080880946,2.107311717));
#1694=CARTESIAN_POINT('',(-7.075,-0.,2.114354926));
#1695=B_SPLINE_CURVE_WITH_KNOTS('',3,(#1646,#1647,#1648,#1649,#1650,#1651,#1652,#1653,#1654,#1655,#1656,#1657,#1658,#1659,#1660,#1661,#1662,#1663,#1664,#1665,#1666,#1667,#1668,#1669,#1670,#1671,
#1672,#1673,#1674,#1675,#1676,#1677,#1678,#1679,#1680,#1681,#1682,#1683,#1684,#1685,#1686,#1687,#1688,#1689,#1690,#1691,#1692,#1693,#1694),.UNSPECIFIED.,.F.,.F.,(4,3,3,3,3,3,3,3,3,3,3,3,3,3,3,3,4),(0.819444444,0.822916666,0.826388889,0.829861111,0.833333333,0.836805555,0.840277778,0.84375,0.847222222,0.850694444,0.854166667,0.857638889,0.861111111,0.864583333,0.868055556,0.871527778,0.875),.UNSPECIFIED.);
#1696=EDGE_CURVE('',#1645,#1591,#1695,.T.);
#1697=ORIENTED_EDGE('',*,*,#1696,.F.);
#1698=CARTESIAN_POINT('',(-7.075,0.,1.414354926));
#1699=VERTEX_POINT('',#1698);
#1700=CARTESIAN_POINT('',(-7.075,0.,1.414354926));
#1701=CARTESIAN_POINT('',(-7.075,0.080880944,1.421398134));
#1702=CARTESIAN_POINT('',(-7.091314753,0.163827311,1.429001449));
#1703=CARTESIAN_POINT('',(-7.122709492,0.239500874,1.436323633));
#1704=CARTESIAN_POINT('',(-7.15410423,0.315174438,1.443645818));
#1705=CARTESIAN_POINT('',(-7.199875515,0.38375899,1.450686875));
#1706=CARTESIAN_POINT('',(-7.258058255,0.441941732,1.458104925));
#1707=CARTESIAN_POINT('',(-7.316240996,0.500124474,1.465522975));
#1708=CARTESIAN_POINT('',(-7.384825547,0.545895761,1.472564031));
#1709=CARTESIAN_POINT('',(-7.460499109,0.577290502,1.479886216));
#1710=CARTESIAN_POINT('',(-7.536172671,0.608685242,1.487208401));
#1711=CARTESIAN_POINT('',(-7.619119038,0.624999998,1.494811716));
#1712=CARTESIAN_POINT('',(-7.699999983,0.625,1.501854924));
#1713=CARTESIAN_POINT('',(-7.780880927,0.625000002,1.508898133));
#1714=CARTESIAN_POINT('',(-7.86382733,0.608685244,1.51650145));
#1715=CARTESIAN_POINT('',(-7.939500907,0.577290495,1.523823637));
#1716=CARTESIAN_POINT('',(-8.015174485,0.545895745,1.531145823));
#1717=CARTESIAN_POINT('',(-8.083759017,0.500124461,1.538186879));
#1718=CARTESIAN_POINT('',(-8.141941745,0.441941732,1.545604927));
#1719=CARTESIAN_POINT('',(-8.200124472,0.383759003,1.553022975));
#1720=CARTESIAN_POINT('',(-8.245895752,0.315174468,1.56006403));
#1721=CARTESIAN_POINT('',(-8.277290495,0.239500907,1.567386215));
#1722=CARTESIAN_POINT('',(-8.308685238,0.163827346,1.574708399));
#1723=CARTESIAN_POINT('',(-8.324999995,0.08088098,1.582311714));
#1724=CARTESIAN_POINT('',(-8.325,0.000000035,1.589354923));
#1725=CARTESIAN_POINT('',(-8.325000005,-0.08088091,1.596398132));
#1726=CARTESIAN_POINT('',(-8.308685249,-0.163827312,1.604001449));
#1727=CARTESIAN_POINT('',(-8.277290502,-0.239500891,1.611323635));
#1728=CARTESIAN_POINT('',(-8.245895754,-0.315174469,1.618645821));
#1729=CARTESIAN_POINT('',(-8.200124472,-0.383759003,1.625686877));
#1730=CARTESIAN_POINT('',(-8.141941745,-0.441941732,1.633104925));
#1731=CARTESIAN_POINT('',(-8.083759017,-0.500124461,1.640522973));
#1732=CARTESIAN_POINT('',(-8.015174484,-0.545895743,1.647564028));
#1733=CARTESIAN_POINT('',(-7.939500924,-0.577290488,1.654886213));
#1734=CARTESIAN_POINT('',(-7.863827363,-0.608685233,1.662208398));
#1735=CARTESIAN_POINT('',(-7.780880997,-0.624999993,1.669811712));
#1736=CARTESIAN_POINT('',(-7.700000052,-0.625,1.676854921));
#1737=CARTESIAN_POINT('',(-7.619119107,-0.625000007,1.683898131));
#1738=CARTESIAN_POINT('',(-7.536172705,-0.608685254,1.691501447));
#1739=CARTESIAN_POINT('',(-7.460499126,-0.577290508,1.698823633));
#1740=CARTESIAN_POINT('',(-7.384825546,-0.545895763,1.70614582));
#1741=CARTESIAN_POINT('',(-7.316241011,-0.500124483,1.713186875));
#1742=CARTESIAN_POINT('',(-7.258058281,-0.441941757,1.720604923));
#1743=CARTESIAN_POINT('',(-7.19987555,-0.383759031,1.728022971));
#1744=CARTESIAN_POINT('',(-7.154104263,-0.3151745,1.735064027));
#1745=CARTESIAN_POINT('',(-7.122709512,-0.239500924,1.742386213));
#1746=CARTESIAN_POINT('',(-7.09131476,-0.163827347,1.749708399));
#1747=CARTESIAN_POINT('',(-7.075,-0.080880962,1.757311716));
#1748=CARTESIAN_POINT('',(-7.075,-0.,1.764354926));
#1749=B_SPLINE_CURVE_WITH_KNOTS('',3,(#1700,#1701,#1702,#1703,#1704,#1705,#1706,#1707,#1708,#1709,#1710,#1711,#1712,#1713,#1714,#1715,#1716,#1717,#1718,#1719,#1720,#1721,#1722,#1723,#1724,#1725,
#1726,#1727,#1728,#1729,#1730,#1731,#1732,#1733,#1734,#1735,#1736,#1737,#1738,#1739,#1740,#1741,#1742,#1743,#1744,#1745,#1746,#1747,#1748),.UNSPECIFIED.,.F.,.F.,(4,3,3,3,3,3,3,3,3,3,3,3,3,3,3,3,4),(0.763888889,0.767361111,0.770833333,0.774305556,0.777777778,0.78125,0.784722222,0.788194444,0.791666667,0.795138889,0.798611111,0.802083333,0.805555555,0.809027777,0.8125,0.815972222,0.819444444),.UNSPECIFIED.);
#1750=EDGE_CURVE('',#1699,#1645,#1749,.T.);
#1751=ORIENTED_EDGE('',*,*,#1750,.F.);
#1752=CARTESIAN_POINT('',(-7.075,0.,1.064354926));
#1753=VERTEX_POINT('',#1752);
#1754=CARTESIAN_POINT('',(-7.075,0.,1.064354926));
#1755=CARTESIAN_POINT('',(-7.075,0.080880946,1.071398134));
#1756=CARTESIAN_POINT('',(-7.091314754,0.163827314,1.079001449));
#1757=CARTESIAN_POINT('',(-7.122709493,0.239500879,1.086323634));
#1758=CARTESIAN_POINT('',(-7.154104233,0.315174443,1.093645819));
#1759=CARTESIAN_POINT('',(-7.199875511,0.38375898,1.100686874));
#1760=CARTESIAN_POINT('',(-7.258058237,0.441941713,1.108104923));
#1761=CARTESIAN_POINT('',(-7.316240963,0.500124446,1.115522971));
#1762=CARTESIAN_POINT('',(-7.384825495,0.545895734,1.122564026));
#1763=CARTESIAN_POINT('',(-7.460499072,0.577290486,1.129886213));
#1764=CARTESIAN_POINT('',(-7.53617265,0.608685239,1.137208399));
#1765=CARTESIAN_POINT('',(-7.619119054,0.625,1.144811718));
#1766=CARTESIAN_POINT('',(-7.7,0.625,1.151854926));
#1767=CARTESIAN_POINT('',(-7.780880946,0.625,1.158898134));
#1768=CARTESIAN_POINT('',(-7.863827314,0.608685246,1.166501449));
#1769=CARTESIAN_POINT('',(-7.939500879,0.577290507,1.173823634));
#1770=CARTESIAN_POINT('',(-8.015174443,0.545895767,1.181145819));
#1771=CARTESIAN_POINT('',(-8.083758996,0.50012448,1.188186876));
#1772=CARTESIAN_POINT('',(-8.141941738,0.441941738,1.195604926));
#1773=CARTESIAN_POINT('',(-8.20012448,0.383758996,1.203022976));
#1774=CARTESIAN_POINT('',(-8.245895767,0.315174443,1.210064032));
#1775=CARTESIAN_POINT('',(-8.277290507,0.239500879,1.217386217));
#1776=CARTESIAN_POINT('',(-8.308685246,0.163827314,1.224708402));
#1777=CARTESIAN_POINT('',(-8.325,0.080880946,1.232311717));
#1778=CARTESIAN_POINT('',(-8.325,0.,1.239354926));
#1779=CARTESIAN_POINT('',(-8.325,-0.080880946,1.246398135));
#1780=CARTESIAN_POINT('',(-8.308685246,-0.163827314,1.254001449));
#1781=CARTESIAN_POINT('',(-8.277290507,-0.239500879,1.261323634));
#1782=CARTESIAN_POINT('',(-8.245895767,-0.315174443,1.268645819));
#1783=CARTESIAN_POINT('',(-8.20012448,-0.383758996,1.275686876));
#1784=CARTESIAN_POINT('',(-8.141941738,-0.441941738,1.283104926));
#1785=CARTESIAN_POINT('',(-8.083758996,-0.50012448,1.290522976));
#1786=CARTESIAN_POINT('',(-8.015174443,-0.545895767,1.297564032));
#1787=CARTESIAN_POINT('',(-7.939500879,-0.577290507,1.304886217));
#1788=CARTESIAN_POINT('',(-7.863827314,-0.608685246,1.312208402));
#1789=CARTESIAN_POINT('',(-7.780880946,-0.625,1.319811717));
#1790=CARTESIAN_POINT('',(-7.7,-0.625,1.326854926));
#1791=CARTESIAN_POINT('',(-7.619119054,-0.625,1.333898135));
#1792=CARTESIAN_POINT('',(-7.536172686,-0.608685246,1.341501449));
#1793=CARTESIAN_POINT('',(-7.460499121,-0.577290507,1.348823634));
#1794=CARTESIAN_POINT('',(-7.384825557,-0.545895767,1.356145819));
#1795=CARTESIAN_POINT('',(-7.316241004,-0.50012448,1.363186876));
#1796=CARTESIAN_POINT('',(-7.258058262,-0.441941738,1.370604926));
#1797=CARTESIAN_POINT('',(-7.19987552,-0.383758996,1.378022976));
#1798=CARTESIAN_POINT('',(-7.154104233,-0.315174443,1.385064032));
#1799=CARTESIAN_POINT('',(-7.122709493,-0.239500879,1.392386217));
#1800=CARTESIAN_POINT('',(-7.091314754,-0.163827314,1.399708402));
#1801=CARTESIAN_POINT('',(-7.075,-0.080880946,1.407311717));
#1802=CARTESIAN_POINT('',(-7.075,-0.,1.414354926));
#1803=B_SPLINE_CURVE_WITH_KNOTS('',3,(#1754,#1755,#1756,#1757,#1758,#1759,#1760,#1761,#1762,#1763,#1764,#1765,#1766,#1767,#1768,#1769,#1770,#1771,#1772,#1773,#1774,#1775,#1776,#1777,#1778,#1779,
#1780,#1781,#1782,#1783,#1784,#1785,#1786,#1787,#1788,#1789,#1790,#1791,#1792,#1793,#1794,#1795,#1796,#1797,#1798,#1799,#1800,#1801,#1802),.UNSPECIFIED.,.F.,.F.,(4,3,3,3,3,3,3,3,3,3,3,3,3,3,3,3,4),(0.708333333,0.711805555,0.715277778,0.71875,0.722222222,0.725694444,0.729166667,0.732638889,0.736111111,0.739583333,0.743055556,0.746527778,0.75,0.753472222,0.756944444,0.760416667,0.763888889),.UNSPECIFIED.);
#1804=EDGE_CURVE('',#1753,#1699,#1803,.T.);
#1805=ORIENTED_EDGE('',*,*,#1804,.F.);
#1806=CARTESIAN_POINT('',(-7.075,0.,0.714354926));
#1807=VERTEX_POINT('',#1806);
#1808=CARTESIAN_POINT('',(-7.075,0.,0.714354926));
#1809=CARTESIAN_POINT('',(-7.075,0.080880962,0.721398136));
#1810=CARTESIAN_POINT('',(-7.09131476,0.163827347,0.729001452));
#1811=CARTESIAN_POINT('',(-7.122709512,0.239500924,0.736323638));
#1812=CARTESIAN_POINT('',(-7.154104263,0.3151745,0.743645824));
#1813=CARTESIAN_POINT('',(-7.19987555,0.383759031,0.75068688));
#1814=CARTESIAN_POINT('',(-7.258058281,0.441941757,0.758104928));
#1815=CARTESIAN_POINT('',(-7.316241011,0.500124483,0.765522976));
#1816=CARTESIAN_POINT('',(-7.384825547,0.545895761,0.772564031));
#1817=CARTESIAN_POINT('',(-7.460499109,0.577290502,0.779886216));
#1818=CARTESIAN_POINT('',(-7.536172671,0.608685242,0.787208401));
#1819=CARTESIAN_POINT('',(-7.619119038,0.624999998,0.794811716));
#1820=CARTESIAN_POINT('',(-7.699999983,0.625,0.801854924));
#1821=CARTESIAN_POINT('',(-7.780880927,0.625000002,0.808898133));
#1822=CARTESIAN_POINT('',(-7.86382733,0.608685244,0.81650145));
#1823=CARTESIAN_POINT('',(-7.939500907,0.577290495,0.823823637));
#1824=CARTESIAN_POINT('',(-8.015174485,0.545895745,0.831145823));
#1825=CARTESIAN_POINT('',(-8.083759017,0.500124461,0.838186879));
#1826=CARTESIAN_POINT('',(-8.141941745,0.441941732,0.845604927));
#1827=CARTESIAN_POINT('',(-8.200124472,0.383759003,0.853022975));
#1828=CARTESIAN_POINT('',(-8.245895752,0.315174468,0.86006403));
#1829=CARTESIAN_POINT('',(-8.277290495,0.239500907,0.867386215));
#1830=CARTESIAN_POINT('',(-8.308685238,0.163827346,0.874708399));
#1831=CARTESIAN_POINT('',(-8.324999995,0.08088098,0.882311714));
#1832=CARTESIAN_POINT('',(-8.325,0.000000035,0.889354923));
#1833=CARTESIAN_POINT('',(-8.325000005,-0.08088091,0.896398132));
#1834=CARTESIAN_POINT('',(-8.308685249,-0.163827312,0.904001449));
#1835=CARTESIAN_POINT('',(-8.277290502,-0.239500891,0.911323635));
#1836=CARTESIAN_POINT('',(-8.245895754,-0.315174469,0.918645821));
#1837=CARTESIAN_POINT('',(-8.200124472,-0.383759003,0.925686877));
#1838=CARTESIAN_POINT('',(-8.141941745,-0.441941732,0.933104925));
#1839=CARTESIAN_POINT('',(-8.083759017,-0.500124461,0.940522973));
#1840=CARTESIAN_POINT('',(-8.015174485,-0.545895745,0.947564028));
#1841=CARTESIAN_POINT('',(-7.939500907,-0.577290495,0.954886215));
#1842=CARTESIAN_POINT('',(-7.86382733,-0.608685244,0.962208401));
#1843=CARTESIAN_POINT('',(-7.780880927,-0.625000002,0.969811719));
#1844=CARTESIAN_POINT('',(-7.699999983,-0.625,0.976854928));
#1845=CARTESIAN_POINT('',(-7.619119038,-0.624999998,0.983898136));
#1846=CARTESIAN_POINT('',(-7.536172671,-0.608685242,0.99150145));
#1847=CARTESIAN_POINT('',(-7.460499109,-0.577290502,0.998823635));
#1848=CARTESIAN_POINT('',(-7.384825547,-0.545895761,1.00614582));
#1849=CARTESIAN_POINT('',(-7.316241011,-0.500124483,1.013186875));
#1850=CARTESIAN_POINT('',(-7.258058281,-0.441941757,1.020604923));
#1851=CARTESIAN_POINT('',(-7.19987555,-0.383759031,1.028022971));
#1852=CARTESIAN_POINT('',(-7.154104263,-0.3151745,1.035064027));
#1853=CARTESIAN_POINT('',(-7.122709512,-0.239500924,1.042386213));
#1854=CARTESIAN_POINT('',(-7.09131476,-0.163827347,1.049708399));
#1855=CARTESIAN_POINT('',(-7.075,-0.080880962,1.057311716));
#1856=CARTESIAN_POINT('',(-7.075,-0.,1.064354926));
#1857=B_SPLINE_CURVE_WITH_KNOTS('',3,(#1808,#1809,#1810,#1811,#1812,#1813,#1814,#1815,#1816,#1817,#1818,#1819,#1820,#1821,#1822,#1823,#1824,#1825,#1826,#1827,#1828,#1829,#1830,#1831,#1832,#1833,
#1834,#1835,#1836,#1837,#1838,#1839,#1840,#1841,#1842,#1843,#1844,#1845,#1846,#1847,#1848,#1849,#1850,#1851,#1852,#1853,#1854,#1855,#1856),.UNSPECIFIED.,.F.,.F.,(4,3,3,3,3,3,3,3,3,3,3,3,3,3,3,3,4),(0.652777778,0.65625,0.659722222,0.663194445,0.666666667,0.670138889,0.673611111,0.677083333,0.680555556,0.684027778,0.6875,0.690972222,0.694444444,0.697916666,0.701388889,0.704861111,0.708333333),.UNSPECIFIED.);
#1858=EDGE_CURVE('',#1807,#1753,#1857,.T.);
#1859=ORIENTED_EDGE('',*,*,#1858,.F.);
#1860=CARTESIAN_POINT('',(-7.075,0.,0.364354926));
#1861=VERTEX_POINT('',#1860);
#1862=CARTESIAN_POINT('',(-7.075,0.,0.364354926));
#1863=CARTESIAN_POINT('',(-7.075,0.080880946,0.371398134));
#1864=CARTESIAN_POINT('',(-7.091314754,0.163827314,0.379001449));
#1865=CARTESIAN_POINT('',(-7.122709493,0.239500879,0.386323634));
#1866=CARTESIAN_POINT('',(-7.154104233,0.315174443,0.393645819));
#1867=CARTESIAN_POINT('',(-7.19987552,0.383758996,0.400686876));
#1868=CARTESIAN_POINT('',(-7.258058262,0.441941738,0.408104926));
#1869=CARTESIAN_POINT('',(-7.316241004,0.50012448,0.415522976));
#1870=CARTESIAN_POINT('',(-7.384825557,0.545895767,0.422564032));
#1871=CARTESIAN_POINT('',(-7.460499121,0.577290507,0.429886217));
#1872=CARTESIAN_POINT('',(-7.536172686,0.608685246,0.437208402));
#1873=CARTESIAN_POINT('',(-7.619119054,0.625,0.444811717));
#1874=CARTESIAN_POINT('',(-7.7,0.625,0.451854926));
#1875=CARTESIAN_POINT('',(-7.780880946,0.625,0.458898135));
#1876=CARTESIAN_POINT('',(-7.863827314,0.608685246,0.466501449));
#1877=CARTESIAN_POINT('',(-7.939500879,0.577290507,0.473823634));
#1878=CARTESIAN_POINT('',(-8.015174443,0.545895767,0.481145819));
#1879=CARTESIAN_POINT('',(-8.083758996,0.50012448,0.488186876));
#1880=CARTESIAN_POINT('',(-8.141941738,0.441941738,0.495604926));
#1881=CARTESIAN_POINT('',(-8.20012448,0.383758996,0.503022976));
#1882=CARTESIAN_POINT('',(-8.245895767,0.315174443,0.510064032));
#1883=CARTESIAN_POINT('',(-8.277290507,0.239500879,0.517386217));
#1884=CARTESIAN_POINT('',(-8.308685246,0.163827314,0.524708402));
#1885=CARTESIAN_POINT('',(-8.325,0.080880946,0.532311717));
#1886=CARTESIAN_POINT('',(-8.325,0.,0.539354926));
#1887=CARTESIAN_POINT('',(-8.325,-0.080880946,0.546398135));
#1888=CARTESIAN_POINT('',(-8.308685246,-0.163827314,0.554001449));
#1889=CARTESIAN_POINT('',(-8.277290507,-0.239500879,0.561323634));
#1890=CARTESIAN_POINT('',(-8.245895767,-0.315174443,0.568645819));
#1891=CARTESIAN_POINT('',(-8.20012448,-0.383758996,0.575686876));
#1892=CARTESIAN_POINT('',(-8.141941738,-0.441941738,0.583104926));
#1893=CARTESIAN_POINT('',(-8.083758996,-0.50012448,0.590522976));
#1894=CARTESIAN_POINT('',(-8.015174443,-0.545895767,0.597564032));
#1895=CARTESIAN_POINT('',(-7.939500879,-0.577290507,0.604886217));
#1896=CARTESIAN_POINT('',(-7.863827314,-0.608685246,0.612208402));
#1897=CARTESIAN_POINT('',(-7.780880946,-0.625,0.619811717));
#1898=CARTESIAN_POINT('',(-7.7,-0.625,0.626854926));
#1899=CARTESIAN_POINT('',(-7.619119054,-0.625,0.633898135));
#1900=CARTESIAN_POINT('',(-7.536172686,-0.608685246,0.641501449));
#1901=CARTESIAN_POINT('',(-7.460499121,-0.577290507,0.648823634));
#1902=CARTESIAN_POINT('',(-7.384825557,-0.545895767,0.656145819));
#1903=CARTESIAN_POINT('',(-7.316241004,-0.50012448,0.663186876));
#1904=CARTESIAN_POINT('',(-7.258058262,-0.441941738,0.670604926));
#1905=CARTESIAN_POINT('',(-7.19987552,-0.383758996,0.678022976));
#1906=CARTESIAN_POINT('',(-7.154104233,-0.315174443,0.685064032));
#1907=CARTESIAN_POINT('',(-7.122709493,-0.239500879,0.692386217));
#1908=CARTESIAN_POINT('',(-7.091314754,-0.163827314,0.699708402));
#1909=CARTESIAN_POINT('',(-7.075,-0.080880946,0.707311717));
#1910=CARTESIAN_POINT('',(-7.075,-0.,0.714354926));
#1911=B_SPLINE_CURVE_WITH_KNOTS('',3,(#1862,#1863,#1864,#1865,#1866,#1867,#1868,#1869,#1870,#1871,#1872,#1873,#1874,#1875,#1876,#1877,#1878,#1879,#1880,#1881,#1882,#1883,#1884,#1885,#1886,#1887,
#1888,#1889,#1890,#1891,#1892,#1893,#1894,#1895,#1896,#1897,#1898,#1899,#1900,#1901,#1902,#1903,#1904,#1905,#1906,#1907,#1908,#1909,#1910),.UNSPECIFIED.,.F.,.F.,(4,3,3,3,3,3,3,3,3,3,3,3,3,3,3,3,4),(0.597222222,0.600694444,0.604166667,0.607638889,0.611111111,0.614583333,0.618055556,0.621527778,0.625,0.628472222,0.631944444,0.635416667,0.638888889,0.642361111,0.645833333,0.649305556,0.652777778),.UNSPECIFIED.);
#1912=EDGE_CURVE('',#1861,#1807,#1911,.T.);
#1913=ORIENTED_EDGE('',*,*,#1912,.F.);
#1914=CARTESIAN_POINT('',(-8.002755097,0.546776319,0.130044422));
#1915=VERTEX_POINT('',#1914);
#1916=CARTESIAN_POINT('',(-8.002755061,0.546776346,0.130044414));
#1917=CARTESIAN_POINT('',(-8.097718612,0.49419416,0.139540867));
#1918=CARTESIAN_POINT('',(-8.180573871,0.414066835,0.149844423));
#1919=CARTESIAN_POINT('',(-8.23630232,0.320943643,0.15933357));
#1920=CARTESIAN_POINT('',(-8.292030769,0.227820451,0.168822716));
#1921=CARTESIAN_POINT('',(-8.32348653,0.116878464,0.179141529));
#1922=CARTESIAN_POINT('',(-8.324943632,0.008393878,0.188622655));
#1923=CARTESIAN_POINT('',(-8.326400733,-0.100090709,0.19810378));
#1924=CARTESIAN_POINT('',(-8.297906357,-0.211890042,0.208438599));
#1925=CARTESIAN_POINT('',(-8.244728978,-0.306423466,0.217911629));
#1926=CARTESIAN_POINT('',(-8.191551599,-0.40095689,0.227384659));
#1927=CARTESIAN_POINT('',(-8.110749124,-0.483392058,0.237735633));
#1928=CARTESIAN_POINT('',(-8.017332418,-0.538446967,0.2472005));
#1929=CARTESIAN_POINT('',(-7.923915712,-0.593501877,0.256665367));
#1930=CARTESIAN_POINT('',(-7.812594783,-0.624258287,0.267032633));
#1931=CARTESIAN_POINT('',(-7.704195222,-0.62498592,0.276489271));
#1932=CARTESIAN_POINT('',(-7.59579566,-0.625713553,0.285945908));
#1933=CARTESIAN_POINT('',(-7.48401816,-0.596423544,0.296329595));
#1934=CARTESIAN_POINT('',(-7.389924918,-0.54265868,0.305777928));
#1935=CARTESIAN_POINT('',(-7.295831675,-0.488893817,0.31522626));
#1936=CARTESIAN_POINT('',(-7.213813773,-0.407412941,0.325626517));
#1937=CARTESIAN_POINT('',(-7.159434504,-0.313709969,0.335066478));
#1938=CARTESIAN_POINT('',(-7.105055235,-0.220006997,0.344506439));
#1939=CARTESIAN_POINT('',(-7.075,-0.108307219,0.354923405));
#1940=CARTESIAN_POINT('',(-7.075,-0.,0.364354926));
#1941=B_SPLINE_CURVE_WITH_KNOTS('',3,(#1916,#1917,#1918,#1919,#1920,#1921,#1922,#1923,#1924,#1925,#1926,#1927,#1928,#1929,#1930,#1931,#1932,#1933,#1934,#1935,#1936,#1937,#1938,#1939,#1940),.UNSPECIFIED.,.F.,.F.,(4,3,3,3,3,3,3,3,4),(0.560025164,0.564674796,0.569324428,0.573974061,0.578623693,0.583273325,0.587922958,0.59257259,0.597222222),.UNSPECIFIED.);
#1942=EDGE_CURVE('',#1915,#1861,#1941,.T.);
#1943=ORIENTED_EDGE('',*,*,#1942,.F.);
#1944=CARTESIAN_POINT('',(-8.285526545,-0.545157446,0.130044483));
#1945=VERTEX_POINT('',#1944);
#1946=CARTESIAN_POINT('',(-8.002755132,0.546776292,0.130044429));
#1947=CARTESIAN_POINT('',(-8.054212378,0.527683143,0.130044429));
#1948=CARTESIAN_POINT('',(-8.10213731,0.502392721,0.130044429));
#1949=CARTESIAN_POINT('',(-8.146729648,0.471255426,0.130044429));
#1950=CARTESIAN_POINT('',(-8.191321986,0.44011813,0.130044429));
#1951=CARTESIAN_POINT('',(-8.232182469,0.403051364,0.130044429));
#1952=CARTESIAN_POINT('',(-8.267399936,0.361952794,0.130044429));
#1953=CARTESIAN_POINT('',(-8.302617403,0.320854225,0.130044429));
#1954=CARTESIAN_POINT('',(-8.333195241,0.274779323,0.130044429));
#1955=CARTESIAN_POINT('',(-8.357789938,0.226429046,0.130044429));
#1956=CARTESIAN_POINT('',(-8.382384634,0.178078769,0.130044429));
#1957=CARTESIAN_POINT('',(-8.401243404,0.127133057,0.130044429));
#1958=CARTESIAN_POINT('',(-8.414076302,0.073902134,0.130044429));
#1959=CARTESIAN_POINT('',(-8.4269092,0.02067121,0.130044429));
#1960=CARTESIAN_POINT('',(-8.433240888,-0.03308784,0.130044429));
#1961=CARTESIAN_POINT('',(-8.43386697,-0.087310385,0.130044429));
#1962=CARTESIAN_POINT('',(-8.434493052,-0.141532931,0.130044429));
#1963=CARTESIAN_POINT('',(-8.429088132,-0.196477594,0.130044429));
#1964=CARTESIAN_POINT('',(-8.417976964,-0.249398466,0.130044429));
#1965=CARTESIAN_POINT('',(-8.395754629,-0.355240212,0.130044429));
#1966=CARTESIAN_POINT('',(-8.349928,-0.456531598,0.130044429));
#1967=CARTESIAN_POINT('',(-8.285526174,-0.545158113,0.130044429));
#1968=B_SPLINE_CURVE_WITH_KNOTS('',3,(#1946,#1947,#1948,#1949,#1950,#1951,#1952,#1953,#1954,#1955,#1956,#1957,#1958,#1959,#1960,#1961,#1962,#1963,#1964,#1965,#1966,#1967),.UNSPECIFIED.,.F.,.F.,(4,3,3,3,3,3,3,4),(0.,0.00016248,0.00032496,0.00048744,0.00064992,0.0008124,0.00097488,0.00129984),.UNSPECIFIED.);
#1969=EDGE_CURVE('',#1915,#1945,#1968,.T.);
#1970=ORIENTED_EDGE('',*,*,#1969,.T.);
#1971=CARTESIAN_POINT('',(-8.285526025,-0.545158004,0.130044536));
#1972=CARTESIAN_POINT('',(-8.158432992,-0.681660821,0.143171692));
#1973=CARTESIAN_POINT('',(-7.986758418,-0.76967091,0.155743414));
#1974=CARTESIAN_POINT('',(-7.802264806,-0.793460703,0.1687282));
#1975=CARTESIAN_POINT('',(-7.617771194,-0.817250496,0.181712985));
#1976=CARTESIAN_POINT('',(-7.428631738,-0.775139346,0.194466353));
#1977=CARTESIAN_POINT('',(-7.271854867,-0.675817816,0.207220446));
#1978=CARTESIAN_POINT('',(-7.115077996,-0.576496286,0.21997454));
#1979=CARTESIAN_POINT('',(-6.995974267,-0.422701937,0.232798534));
#1980=CARTESIAN_POINT('',(-6.93890966,-0.246534926,0.245823413));
#1981=CARTESIAN_POINT('',(-6.881845053,-0.070367914,0.258848292));
#1982=CARTESIAN_POINT('',(-6.888406683,0.124720521,0.271578778));
#1983=CARTESIAN_POINT('',(-6.956909193,0.296401815,0.284506997));
#1984=CARTESIAN_POINT('',(-6.991160448,0.382242461,0.290971106));
#1985=CARTESIAN_POINT('',(-7.040377814,0.462021902,0.297214129));
#1986=CARTESIAN_POINT('',(-7.101680137,0.531085038,0.303706528));
#1987=CARTESIAN_POINT('',(-7.132331299,0.565616605,0.306952728));
#1988=CARTESIAN_POINT('',(-7.165699364,0.597232358,0.310189022));
#1989=CARTESIAN_POINT('',(-7.201772416,0.625945085,0.313415453));
#1990=CARTESIAN_POINT('',(-7.237845468,0.654657813,0.316641884));
#1991=CARTESIAN_POINT('',(-7.276990231,0.680610023,0.319850756));
#1992=CARTESIAN_POINT('',(-7.317519332,0.702670985,0.323010099));
#1993=CARTESIAN_POINT('',(-7.358048433,0.724731947,0.326169441));
#1994=CARTESIAN_POINT('',(-7.400166818,0.743146329,0.32937043));
#1995=CARTESIAN_POINT('',(-7.443873518,0.757916354,0.332613041));
#1996=CARTESIAN_POINT('',(-7.487580218,0.772686379,0.335855652));
#1997=CARTESIAN_POINT('',(-7.533206142,0.78380084,0.339162192));
#1998=CARTESIAN_POINT('',(-7.578782069,0.790787069,0.342390079));
#1999=CARTESIAN_POINT('',(-7.624357996,0.797773298,0.345617966));
#2000=CARTESIAN_POINT('',(-7.670231099,0.800802044,0.348765556));
#2001=CARTESIAN_POINT('',(-7.716396348,0.799855696,0.351923435));
#2002=CARTESIAN_POINT('',(-7.762561596,0.798909349,0.355081315));
#2003=CARTESIAN_POINT('',(-7.809238823,0.793869108,0.358348651));
#2004=CARTESIAN_POINT('',(-7.85445128,0.784973106,0.361586623));
#2005=CARTESIAN_POINT('',(-7.944876195,0.767181102,0.368062568));
#2006=CARTESIAN_POINT('',(-8.032780846,0.733335647,0.374606682));
#2007=CARTESIAN_POINT('',(-8.111763319,0.685921966,0.380901405));
#2008=CARTESIAN_POINT('',(-8.190745793,0.638508285,0.387196127));
#2009=CARTESIAN_POINT('',(-8.262001366,0.576774393,0.393819206));
#2010=CARTESIAN_POINT('',(-8.320163419,0.505406083,0.400270017));
#2011=CARTESIAN_POINT('',(-8.378325472,0.434037774,0.406720827));
#2012=CARTESIAN_POINT('',(-8.424443857,0.351693408,0.41300145));
#2013=CARTESIAN_POINT('',(-8.454910562,0.264854712,0.419464467));
#2014=CARTESIAN_POINT('',(-8.485377266,0.178016017,0.425927483));
#2015=CARTESIAN_POINT('',(-8.500813395,0.084862553,0.432517319));
#2016=CARTESIAN_POINT('',(-8.499991842,-0.007143408,0.438791475));
#2017=CARTESIAN_POINT('',(-8.499170288,-0.099149369,0.44506563));
#2018=CARTESIAN_POINT('',(-8.482054799,-0.192060398,0.451698374));
#2019=CARTESIAN_POINT('',(-8.450062084,-0.278289138,0.458147712));
#2020=CARTESIAN_POINT('',(-8.41806937,-0.364517879,0.46459705));
#2021=CARTESIAN_POINT('',(-8.370398997,-0.44615975,0.470887467));
#2022=CARTESIAN_POINT('',(-8.311045981,-0.516392084,0.477341017));
#2023=CARTESIAN_POINT('',(-8.251692964,-0.586624418,0.483794566));
#2024=CARTESIAN_POINT('',(-8.179135281,-0.647242466,0.490424284));
#2025=CARTESIAN_POINT('',(-8.099464922,-0.693156368,0.496681219));
#2026=CARTESIAN_POINT('',(-8.019794563,-0.73907027,0.502938153));
#2027=CARTESIAN_POINT('',(-7.930949307,-0.771461045,0.509572749));
#2028=CARTESIAN_POINT('',(-7.840443559,-0.787599887,0.516024058));
#2029=CARTESIAN_POINT('',(-7.749937811,-0.803738729,0.522475368));
#2030=CARTESIAN_POINT('',(-7.655341969,-0.804049319,0.528769638));
#2031=CARTESIAN_POINT('',(-7.564732597,-0.788505361,0.535217153));
#2032=CARTESIAN_POINT('',(-7.474123225,-0.772961403,0.541664667));
#2033=CARTESIAN_POINT('',(-7.385065038,-0.741153759,0.548303119));
#2034=CARTESIAN_POINT('',(-7.305097157,-0.695765563,0.554570711));
#2035=CARTESIAN_POINT('',(-7.225129276,-0.650377367,0.560838303));
#2036=CARTESIAN_POINT('',(-7.152169721,-0.590232707,0.56744322));
#2037=CARTESIAN_POINT('',(-7.092359052,-0.520394517,0.573899932));
#2038=CARTESIAN_POINT('',(-7.032548383,-0.450556328,0.580356643));
#2039=CARTESIAN_POINT('',(-6.984338958,-0.369222595,0.586648838));
#2040=CARTESIAN_POINT('',(-6.951782148,-0.283210207,0.59309374));
#2041=CARTESIAN_POINT('',(-6.919225338,-0.197197818,0.599538643));
#2042=CARTESIAN_POINT('',(-6.90149828,-0.104391052,0.606175442));
#2043=CARTESIAN_POINT('',(-6.900072358,-0.01239929,0.612459649));
#2044=CARTESIAN_POINT('',(-6.898646436,0.079592472,0.618743856));
#2045=CARTESIAN_POINT('',(-6.913472685,0.172859793,0.625310626));
#2046=CARTESIAN_POINT('',(-6.943365706,0.259889437,0.631776175));
#2047=CARTESIAN_POINT('',(-6.973258726,0.34691908,0.638241724));
#2048=CARTESIAN_POINT('',(-7.018842705,0.429578104,0.644525896));
#2049=CARTESIAN_POINT('',(-7.076529011,0.501320159,0.650971627));
#2050=CARTESIAN_POINT('',(-7.134215317,0.573062214,0.657417358));
#2051=CARTESIAN_POINT('',(-7.205077613,0.635274799,0.664044691));
#2052=CARTESIAN_POINT('',(-7.283737375,0.68320085,0.670348858));
#2053=CARTESIAN_POINT('',(-7.362397138,0.731126901,0.676653026));
#2054=CARTESIAN_POINT('',(-7.450098237,0.765557363,0.683175794));
#2055=CARTESIAN_POINT('',(-7.540392411,0.783940937,0.689653629));
#2056=CARTESIAN_POINT('',(-7.630686584,0.80232451,0.696131463));
#2057=CARTESIAN_POINT('',(-7.724786772,0.804937895,0.702401596));
#2058=CARTESIAN_POINT('',(-7.8160153,0.791567069,0.708851618));
#2059=CARTESIAN_POINT('',(-7.861629565,0.784881656,0.71207663));
#2060=CARTESIAN_POINT('',(-7.907325868,0.774069151,0.715382454));
#2061=CARTESIAN_POINT('',(-7.951135586,0.759584684,0.718626868));
#2062=CARTESIAN_POINT('',(-7.994945305,0.745100217,0.721871281));
#2063=CARTESIAN_POINT('',(-8.037183125,0.726962234,0.725075357));
#2064=CARTESIAN_POINT('',(-8.077849619,0.705172064,0.72823911));
#2065=CARTESIAN_POINT('',(-8.118516113,0.683381894,0.731402863));
#2066=CARTESIAN_POINT('',(-8.157833104,0.65768771,0.73460186));
#2067=CARTESIAN_POINT('',(-8.194099456,0.629208791,0.737826274));
#2068=CARTESIAN_POINT('',(-8.230365808,0.600729873,0.741050687));
#2069=CARTESIAN_POINT('',(-8.263939701,0.569333949,0.744286284));
#2070=CARTESIAN_POINT('',(-8.294811898,0.535011011,0.747533102));
#2071=CARTESIAN_POINT('',(-8.325684094,0.500688073,0.750779919));
#2072=CARTESIAN_POINT('',(-8.353928762,0.463183769,0.754054319));
#2073=CARTESIAN_POINT('',(-8.378360445,0.424105036,0.757217235));
#2074=CARTESIAN_POINT('',(-8.402792127,0.385026304,0.760380151));
#2075=CARTESIAN_POINT('',(-8.423718677,0.344086653,0.76350572));
#2076=CARTESIAN_POINT('',(-8.441123089,0.30128815,0.766734567));
#2077=CARTESIAN_POINT('',(-8.475931914,0.215691142,0.773192262));
#2078=CARTESIAN_POINT('',(-8.495717874,0.124201201,0.779777008));
#2079=CARTESIAN_POINT('',(-8.499392213,0.031781517,0.786131313));
#2080=CARTESIAN_POINT('',(-8.50674089,-0.153057852,0.798839921));
#2081=CARTESIAN_POINT('',(-8.448007978,-0.338938313,0.811682629));
#2082=CARTESIAN_POINT('',(-8.335389252,-0.486125986,0.824621386));
#2083=CARTESIAN_POINT('',(-8.222770526,-0.633313658,0.837560143));
#2084=CARTESIAN_POINT('',(-8.05945211,-0.738479726,0.850229468));
#2085=CARTESIAN_POINT('',(-7.878390569,-0.779881262,0.863301817));
#2086=CARTESIAN_POINT('',(-7.697329028,-0.821282799,0.876374167));
#2087=CARTESIAN_POINT('',(-7.5052911,-0.797999221,0.889087907));
#2088=CARTESIAN_POINT('',(-7.339099561,-0.713994991,0.901925225));
#2089=CARTESIAN_POINT('',(-7.172908021,-0.629990762,0.914762543));
#2090=CARTESIAN_POINT('',(-7.04049448,-0.489673034,0.927431034));
#2091=CARTESIAN_POINT('',(-6.966234844,-0.31878939,0.94040983));
#2092=CARTESIAN_POINT('',(-6.891975208,-0.147905746,0.953388626));
#2093=CARTESIAN_POINT('',(-6.879911019,0.044981271,0.965999247));
#2094=CARTESIAN_POINT('',(-6.931806745,0.223421347,0.979084541));
#2095=CARTESIAN_POINT('',(-6.983702472,0.401861424,0.992169835));
#2096=CARTESIAN_POINT('',(-7.098066378,0.558656256,1.004899647));
#2097=CARTESIAN_POINT('',(-7.251635696,0.662576354,1.017723014));
#2098=CARTESIAN_POINT('',(-7.405205013,0.766496452,1.030546381));
#2099=CARTESIAN_POINT('',(-7.594040465,0.814281845,1.043336576));
#2100=CARTESIAN_POINT('',(-7.778206469,0.796192014,1.056195171));
#2101=CARTESIAN_POINT('',(-7.962372472,0.778102183,1.069053766));
#2102=CARTESIAN_POINT('',(-8.138767911,0.694010731,1.081843442));
#2103=CARTESIAN_POINT('',(-8.268688717,0.562699848,1.094853181));
#2104=CARTESIAN_POINT('',(-8.301168918,0.529872127,1.098105615));
#2105=CARTESIAN_POINT('',(-8.330560059,0.494527244,1.101329568));
#2106=CARTESIAN_POINT('',(-8.35687526,0.45667589,1.104525161));
#2107=CARTESIAN_POINT('',(-8.38319046,0.418824535,1.107720754));
#2108=CARTESIAN_POINT('',(-8.406556107,0.378082202,1.110880147));
#2109=CARTESIAN_POINT('',(-8.425949897,0.336206368,1.114082489));
#2110=CARTESIAN_POINT('',(-8.445343686,0.294330534,1.117284831));
#2111=CARTESIAN_POINT('',(-8.460992259,0.251110248,1.120510366));
#2112=CARTESIAN_POINT('',(-8.472901102,0.20654748,1.12375906));
#2113=CARTESIAN_POINT('',(-8.484809945,0.161984713,1.127007754));
#2114=CARTESIAN_POINT('',(-8.492953538,0.115733977,1.130302645));
#2115=CARTESIAN_POINT('',(-8.496973606,0.069792898,1.133501304));
#2116=CARTESIAN_POINT('',(-8.500993675,0.023851819,1.136699964));
#2117=CARTESIAN_POINT('',(-8.501050463,-0.022123979,1.139791308));
#2118=CARTESIAN_POINT('',(-8.497118371,-0.068119591,1.142992073));
#2119=CARTESIAN_POINT('',(-8.493186279,-0.114115203,1.146192839));
#2120=CARTESIAN_POINT('',(-8.485138229,-0.160370949,1.149486329));
#2121=CARTESIAN_POINT('',(-8.473334588,-0.204918495,1.15273207));
#2122=CARTESIAN_POINT('',(-8.449727306,-0.294013587,1.159223551));
#2123=CARTESIAN_POINT('',(-8.410267067,-0.379533626,1.165583893));
#2124=CARTESIAN_POINT('',(-8.35783931,-0.455286083,1.171967464));
#2125=CARTESIAN_POINT('',(-8.305411553,-0.53103854,1.178351036));
#2126=CARTESIAN_POINT('',(-8.239212361,-0.598135955,1.184989411));
#2127=CARTESIAN_POINT('',(-8.164219862,-0.651565726,1.191385037));
#2128=CARTESIAN_POINT('',(-8.089227363,-0.704995496,1.197780662));
#2129=CARTESIAN_POINT('',(-8.004089768,-0.745672552,1.204126903));
#2130=CARTESIAN_POINT('',(-7.915457151,-0.770464921,1.210608525));
#2131=CARTESIAN_POINT('',(-7.826824534,-0.795257289,1.217090147));
#2132=CARTESIAN_POINT('',(-7.732867224,-0.804626293,1.223485065));
#2133=CARTESIAN_POINT('',(-7.641107348,-0.797853138,1.229850969));
#2134=CARTESIAN_POINT('',(-7.549347473,-0.791079984,1.236216873));
#2135=CARTESIAN_POINT('',(-7.45775121,-0.767993463,1.242869017));
#2136=CARTESIAN_POINT('',(-7.37376544,-0.730485446,1.249266302));
#2137=CARTESIAN_POINT('',(-7.28977967,-0.692977429,1.255663586));
#2138=CARTESIAN_POINT('',(-7.211413627,-0.640122493,1.262008213));
#2139=CARTESIAN_POINT('',(-7.145158075,-0.576357897,1.268483397));
#2140=CARTESIAN_POINT('',(-7.078902523,-0.512593301,1.274958582));
#2141=CARTESIAN_POINT('',(-7.023111292,-0.436250167,1.281382176));
#2142=CARTESIAN_POINT('',(-6.982450449,-0.353780463,1.287733794));
#2143=CARTESIAN_POINT('',(-6.941789605,-0.271310759,1.294085412));
#2144=CARTESIAN_POINT('',(-6.915214844,-0.180562053,1.300743482));
#2145=CARTESIAN_POINT('',(-6.904964371,-0.089198227,1.30714583));
#2146=CARTESIAN_POINT('',(-6.894713898,0.002165599,1.313548178));
#2147=CARTESIAN_POINT('',(-6.900524151,0.096578882,1.31988519));
#2148=CARTESIAN_POINT('',(-6.921896129,0.185990162,1.326357435));
#2149=CARTESIAN_POINT('',(-6.943268106,0.275401442,1.33282968));
#2150=CARTESIAN_POINT('',(-6.980776837,0.362228545,1.339276046));
#2151=CARTESIAN_POINT('',(-7.031238918,0.439086085,1.345616759));
#2152=CARTESIAN_POINT('',(-7.081700999,0.515943624,1.351957471));
#2153=CARTESIAN_POINT('',(-7.146438707,0.584860985,1.358613698));
#2154=CARTESIAN_POINT('',(-7.219998497,0.64002854,1.365024517));
#2155=CARTESIAN_POINT('',(-7.293558288,0.695196095,1.371435336));
#2156=CARTESIAN_POINT('',(-7.37784459,0.738045098,1.377758857));
#2157=CARTESIAN_POINT('',(-7.465775418,0.764968509,1.384231582));
#2158=CARTESIAN_POINT('',(-7.553706246,0.79189192,1.390704307));
#2159=CARTESIAN_POINT('',(-7.647486729,0.803581293,1.397167591));
#2160=CARTESIAN_POINT('',(-7.739367472,0.799054552,1.403500768));
#2161=CARTESIAN_POINT('',(-7.831248215,0.794527812,1.409833946));
#2162=CARTESIAN_POINT('',(-7.923368244,0.773699747,1.416480553));
#2163=CARTESIAN_POINT('',(-8.008277253,0.738243259,1.422903249));
#2164=CARTESIAN_POINT('',(-8.093186262,0.702786772,1.429325945));
#2165=CARTESIAN_POINT('',(-8.172735671,0.651944298,1.435630061));
#2166=CARTESIAN_POINT('',(-8.240588305,0.589747623,1.442106716));
#2167=CARTESIAN_POINT('',(-8.30844094,0.527550949,1.448583371));
#2168=CARTESIAN_POINT('',(-8.365965537,0.452795639,1.455057468));
#2169=CARTESIAN_POINT('',(-8.408690562,0.371208389,1.461386682));
#2170=CARTESIAN_POINT('',(-8.451415587,0.289621138,1.467715897));
#2171=CARTESIAN_POINT('',(-8.480115023,0.199869072,1.474344893));
#2172=CARTESIAN_POINT('',(-8.492620478,0.108585233,1.480782904));
#2173=CARTESIAN_POINT('',(-8.505125933,0.017301393,1.487220915));
#2174=CARTESIAN_POINT('',(-8.501647669,-0.076794163,1.493499643));
#2175=CARTESIAN_POINT('',(-8.482409945,-0.16695105,1.499983707));
#2176=CARTESIAN_POINT('',(-8.472791082,-0.212029494,1.503225739));
#2177=CARTESIAN_POINT('',(-8.45904915,-0.25692854,1.506530725));
#2178=CARTESIAN_POINT('',(-8.441759294,-0.299718408,1.509756897));
#2179=CARTESIAN_POINT('',(-8.424469439,-0.342508276,1.512983069));
#2180=CARTESIAN_POINT('',(-8.403634907,-0.383488892,1.516111163));
#2181=CARTESIAN_POINT('',(-8.379265103,-0.422654581,1.519275328));
#2182=CARTESIAN_POINT('',(-8.354895298,-0.46182027,1.522439493));
#2183=CARTESIAN_POINT('',(-8.32671677,-0.499390509,1.525713883));
#2184=CARTESIAN_POINT('',(-8.295949072,-0.53374402,1.528957019));
#2185=CARTESIAN_POINT('',(-8.265181373,-0.568097532,1.532200155));
#2186=CARTESIAN_POINT('',(-8.231680488,-0.599570102,1.535435933));
#2187=CARTESIAN_POINT('',(-8.195439359,-0.628154293,1.538664333));
#2188=CARTESIAN_POINT('',(-8.159198231,-0.656738484,1.541892733));
#2189=CARTESIAN_POINT('',(-8.119939301,-0.68250539,1.545094191));
#2190=CARTESIAN_POINT('',(-8.079356983,-0.704362303,1.548253434));
#2191=CARTESIAN_POINT('',(-8.038774664,-0.726219217,1.551412677));
#2192=CARTESIAN_POINT('',(-7.996575663,-0.744455864,1.55461591));
#2193=CARTESIAN_POINT('',(-7.952749657,-0.759049132,1.557863416));
#2194=CARTESIAN_POINT('',(-7.777445634,-0.817422207,1.570853437));
#2195=CARTESIAN_POINT('',(-7.582176328,-0.812660124,1.583590145));
#2196=CARTESIAN_POINT('',(-7.409695506,-0.745493981,1.596548389));
#2197=CARTESIAN_POINT('',(-7.237214685,-0.678327838,1.609506632));
#2198=CARTESIAN_POINT('',(-7.090477973,-0.550390554,1.622389185));
#2199=CARTESIAN_POINT('',(-7.000469711,-0.388194989,1.635064102));
#2200=CARTESIAN_POINT('',(-6.910461449,-0.225999423,1.647739018));
#2201=CARTESIAN_POINT('',(-6.879386195,-0.034557964,1.660578613));
#2202=CARTESIAN_POINT('',(-6.913809389,0.148129328,1.673634346));
#2203=CARTESIAN_POINT('',(-6.948232582,0.33081662,1.686690079));
#2204=CARTESIAN_POINT('',(-7.046164379,0.497279338,1.699258183));
#2205=CARTESIAN_POINT('',(-7.189720056,0.616159358,1.712327883));
#2206=CARTESIAN_POINT('',(-7.333275732,0.735039378,1.725397583));
#2207=CARTESIAN_POINT('',(-7.514838607,0.80025374,1.738204175));
#2208=CARTESIAN_POINT('',(-7.70099113,0.80002312,1.750872364));
#2209=CARTESIAN_POINT('',(-7.887143652,0.7997925,1.763540553));
#2210=CARTESIAN_POINT('',(-8.06907099,0.733687754,1.776396452));
#2211=CARTESIAN_POINT('',(-8.211780147,0.614913861,1.789418709));
#2212=CARTESIAN_POINT('',(-8.354489305,0.496139967,1.802440966));
#2213=CARTESIAN_POINT('',(-8.452680232,0.328404443,1.815100522));
#2214=CARTESIAN_POINT('',(-8.486540479,0.14626022,1.828109039));
#2215=CARTESIAN_POINT('',(-8.503470602,0.055188109,1.834613297));
#2216=CARTESIAN_POINT('',(-8.504453979,-0.038156508,1.840819962));
#2217=CARTESIAN_POINT('',(-8.48947649,-0.129479135,1.847305674));
#2218=CARTESIAN_POINT('',(-8.474499001,-0.220801762,1.853791385));
#2219=CARTESIAN_POINT('',(-8.443683289,-0.309069237,1.860357963));
#2220=CARTESIAN_POINT('',(-8.398626534,-0.389819112,1.866672713));
#2221=CARTESIAN_POINT('',(-8.35356978,-0.470568986,1.872987462));
#2222=CARTESIAN_POINT('',(-8.294515447,-0.543252522,1.879501954));
#2223=CARTESIAN_POINT('',(-8.224788401,-0.603850238,1.885992326));
#2224=CARTESIAN_POINT('',(-8.189924877,-0.634149096,1.889237513));
#2225=CARTESIAN_POINT('',(-8.152751697,-0.661194901,1.892435717));
#2226=CARTESIAN_POINT('',(-8.113282916,-0.68500745,1.895587224));
#2227=CARTESIAN_POINT('',(-8.073814134,-0.708819998,1.898738731));
#2228=CARTESIAN_POINT('',(-8.031654934,-0.729502041,1.901956874));
#2229=CARTESIAN_POINT('',(-7.988608271,-0.74615229,1.905188857));
#2230=CARTESIAN_POINT('',(-7.945561609,-0.76280254,1.908420839));
#2231=CARTESIAN_POINT('',(-7.90142126,-0.775625173,1.911657453));
#2232=CARTESIAN_POINT('',(-7.856189754,-0.784629043,1.914898688));
#2233=CARTESIAN_POINT('',(-7.810958247,-0.793632914,1.918139923));
#2234=CARTESIAN_POINT('',(-7.764276672,-0.798770419,1.921409327));
#2235=CARTESIAN_POINT('',(-7.718161581,-0.799817562,1.924565632));
#2236=CARTESIAN_POINT('',(-7.672046489,-0.800864704,1.927721938));
#2237=CARTESIAN_POINT('',(-7.62616795,-0.797945379,1.930865617));
#2238=CARTESIAN_POINT('',(-7.580533241,-0.791053518,1.934095783));
#2239=CARTESIAN_POINT('',(-7.534898533,-0.784161657,1.937325948));
#2240=CARTESIAN_POINT('',(-7.489256019,-0.77314254,1.940631879));
#2241=CARTESIAN_POINT('',(-7.445557651,-0.758483399,1.943871902));
#2242=CARTESIAN_POINT('',(-7.358160915,-0.729165116,1.950351948));
#2243=CARTESIAN_POINT('',(-7.275385636,-0.684272632,1.956623546));
#2244=CARTESIAN_POINT('',(-7.203172323,-0.627056803,1.963069316));
#2245=CARTESIAN_POINT('',(-7.13095901,-0.569840974,1.969515085));
#2246=CARTESIAN_POINT('',(-7.068291153,-0.499463069,1.976140968));
#2247=CARTESIAN_POINT('',(-7.019808964,-0.421162831,1.982454927));
#2248=CARTESIAN_POINT('',(-6.971326776,-0.342862592,1.988768886));
#2249=CARTESIAN_POINT('',(-6.936239941,-0.255304776,1.995275464));
#2250=CARTESIAN_POINT('',(-6.917228228,-0.165246263,2.001748717));
#2251=CARTESIAN_POINT('',(-6.898216514,-0.075187749,2.008221969));
#2252=CARTESIAN_POINT('',(-6.894930575,0.019167428,2.014516913));
#2253=CARTESIAN_POINT('',(-6.907616413,0.110300616,2.020947964));
#2254=CARTESIAN_POINT('',(-6.92030225,0.201433803,2.027379014));
#2255=CARTESIAN_POINT('',(-6.949240687,0.291341339,2.034022945));
#2256=CARTESIAN_POINT('',(-6.992109974,0.37273274,2.040341463));
#2257=CARTESIAN_POINT('',(-7.03497926,0.454124142,2.046659981));
#2258=CARTESIAN_POINT('',(-7.092754071,0.528910959,2.053153724));
#2259=CARTESIAN_POINT('',(-7.160675649,0.590903732,2.059623658));
#2260=CARTESIAN_POINT('',(-7.228597227,0.652896504,2.066093592));
#2261=CARTESIAN_POINT('',(-7.30837606,0.703649634,2.07240592));
#2262=CARTESIAN_POINT('',(-7.393297418,0.738898843,2.078825678));
#2263=CARTESIAN_POINT('',(-7.478218775,0.774148052,2.085245436));
#2264=CARTESIAN_POINT('',(-7.570489348,0.794807201,2.091899205));
#2265=CARTESIAN_POINT('',(-7.66233041,0.799136394,2.098226083));
#2266=CARTESIAN_POINT('',(-7.754171473,0.803465588,2.10455296));
#2267=CARTESIAN_POINT('',(-7.84800081,0.791571085,2.111027524));
#2268=CARTESIAN_POINT('',(-7.935845015,0.764470473,2.117497586));
#2269=CARTESIAN_POINT('',(-8.02368922,0.73736986,2.123967648));
#2270=CARTESIAN_POINT('',(-8.107920985,0.694327484,2.130291443));
#2271=CARTESIAN_POINT('',(-8.181353985,0.639011984,2.136703316));
#2272=CARTESIAN_POINT('',(-8.254786985,0.583696485,2.143115188));
#2273=CARTESIAN_POINT('',(-8.319383885,0.514641927,2.149771236));
#2274=CARTESIAN_POINT('',(-8.369687157,0.437672351,2.156109618));
#2275=CARTESIAN_POINT('',(-8.419990428,0.360702776,2.162448001));
#2276=CARTESIAN_POINT('',(-8.457305934,0.273827298,2.168897724));
#2277=CARTESIAN_POINT('',(-8.478494803,0.184346999,2.175371327));
#2278=CARTESIAN_POINT('',(-8.499683672,0.094866701,2.18184493));
#2279=CARTESIAN_POINT('',(-8.505293761,0.000508386,2.188174275));
#2280=CARTESIAN_POINT('',(-8.494845565,-0.0908763,2.194581646));
#2281=CARTESIAN_POINT('',(-8.48439737,-0.182260986,2.200989017));
#2282=CARTESIAN_POINT('',(-8.457663181,-0.272856153,2.207639547));
#2283=CARTESIAN_POINT('',(-8.416800579,-0.355295516,2.213992779));
#2284=CARTESIAN_POINT('',(-8.375937978,-0.43773488,2.220346011));
#2285=CARTESIAN_POINT('',(-8.320070015,-0.513850129,2.226765015));
#2286=CARTESIAN_POINT('',(-8.253621418,-0.577530357,2.233245628));
#2287=CARTESIAN_POINT('',(-8.18717282,-0.641210585,2.23972624));
#2288=CARTESIAN_POINT('',(-8.108840911,-0.693805235,2.246055197));
#2289=CARTESIAN_POINT('',(-8.024685672,-0.731175211,2.252461494));
#2290=CARTESIAN_POINT('',(-7.940530434,-0.768545187,2.258867791));
#2291=CARTESIAN_POINT('',(-7.849088902,-0.791389885,2.265505001));
#2292=CARTESIAN_POINT('',(-7.757197156,-0.797976479,2.271876476));
#2293=CARTESIAN_POINT('',(-7.665305409,-0.804563072,2.27824795));
#2294=CARTESIAN_POINT('',(-7.571611849,-0.795022494,2.284630358));
#2295=CARTESIAN_POINT('',(-7.482900846,-0.770003854,2.291121437));
#2296=CARTESIAN_POINT('',(-7.438545344,-0.757494534,2.294366976));
#2297=CARTESIAN_POINT('',(-7.394630864,-0.740886016,2.297657235));
#2298=CARTESIAN_POINT('',(-7.353034506,-0.720869562,2.300851915));
#2299=CARTESIAN_POINT('',(-7.311438149,-0.700853108,2.304046594));
#2300=CARTESIAN_POINT('',(-7.271891461,-0.677406154,2.307139522));
#2301=CARTESIAN_POINT('',(-7.234386584,-0.650570619,2.310343773));
#2302=CARTESIAN_POINT('',(-7.196881706,-0.623735084,2.313548025));
#2303=CARTESIAN_POINT('',(-7.161209812,-0.593190337,2.316845715));
#2304=CARTESIAN_POINT('',(-7.128910414,-0.560263029,2.320094105));
#2305=CARTESIAN_POINT('',(-7.096611015,-0.527335721,2.323342495));
#2306=CARTESIAN_POINT('',(-7.067364804,-0.491874486,2.326565025));
#2307=CARTESIAN_POINT('',(-7.041182929,-0.453870071,2.3297616));
#2308=CARTESIAN_POINT('',(-6.936455429,-0.301852414,2.342547902));
#2309=CARTESIAN_POINT('',(-6.886633333,-0.112624758,2.355399823));
#2310=CARTESIAN_POINT('',(-6.903180213,0.071527665,2.368229368));
#2311=CARTESIAN_POINT('',(-6.919727093,0.255680089,2.381058913));
#2312=CARTESIAN_POINT('',(-7.001986263,0.432578663,2.393835846));
#2313=CARTESIAN_POINT('',(-7.132555871,0.563954906,2.406881157));
#2314=CARTESIAN_POINT('',(-7.263125479,0.695331149,2.419926468));
#2315=CARTESIAN_POINT('',(-7.438799141,0.778634852,2.4326455));
#2316=CARTESIAN_POINT('',(-7.623584856,0.796365934,2.445539715));
#2317=CARTESIAN_POINT('',(-7.808370571,0.814097016,2.45843393));
#2318=CARTESIAN_POINT('',(-7.996017233,0.766210583,2.471138617));
#2319=CARTESIAN_POINT('',(-8.149884595,0.661545037,2.484013911));
#2320=CARTESIAN_POINT('',(-8.303751956,0.556879491,2.496889206));
#2321=CARTESIAN_POINT('',(-8.417069432,0.400756245,2.509529271));
#2322=CARTESIAN_POINT('',(-8.468715538,0.221617682,2.522657534));
#2323=CARTESIAN_POINT('',(-8.520361644,0.042479118,2.535785798));
#2324=CARTESIAN_POINT('',(-8.507499282,-0.15012296,2.548381545));
#2325=CARTESIAN_POINT('',(-8.433014645,-0.320511326,2.561330845));
#2326=CARTESIAN_POINT('',(-8.395772326,-0.405705509,2.567805495));
#2327=CARTESIAN_POINT('',(-8.344485486,-0.482988693,2.574012139));
#2328=CARTESIAN_POINT('',(-8.280639389,-0.550359774,2.580546955));
#2329=CARTESIAN_POINT('',(-8.216793292,-0.617730855,2.58708177));
#2330=CARTESIAN_POINT('',(-8.143275139,-0.672489893,2.593324038));
#2331=CARTESIAN_POINT('',(-8.059988411,-0.71445526,2.599755062));
#2332=B_SPLINE_CURVE_WITH_KNOTS('',3,(#1971,#1972,#1973,#1974,#1975,#1976,#1977,#1978,#1979,#1980,#1981,#1982,#1983,#1984,#1985,#1986,#1987,#1988,#1989,#1990,#1991,#1992,#1993,#1994,#1995,#1996,
#1997,#1998,#1999,#2000,#2001,#2002,#2003,#2004,#2005,#2006,#2007,#2008,#2009,#2010,#2011,#2012,#2013,#2014,#2015,#2016,#2017,#2018,#2019,#2020,#2021,
#2022,#2023,#2024,#2025,#2026,#2027,#2028,#2029,#2030,#2031,#2032,#2033,#2034,#2035,#2036,#2037,#2038,#2039,#2040,#2041,#2042,#2043,#2044,#2045,#2046,
#2047,#2048,#2049,#2050,#2051,#2052,#2053,#2054,#2055,#2056,#2057,#2058,#2059,#2060,#2061,#2062,#2063,#2064,#2065,#2066,#2067,#2068,#2069,#2070,#2071,
#2072,#2073,#2074,#2075,#2076,#2077,#2078,#2079,#2080,#2081,#2082,#2083,#2084,#2085,#2086,#2087,#2088,#2089,#2090,#2091,#2092,#2093,#2094,#2095,#2096,
#2097,#2098,#2099,#2100,#2101,#2102,#2103,#2104,#2105,#2106,#2107,#2108,#2109,#2110,#2111,#2112,#2113,#2114,#2115,#2116,#2117,#2118,#2119,#2120,#2121,
#2122,#2123,#2124,#2125,#2126,#2127,#2128,#2129,#2130,#2131,#2132,#2133,#2134,#2135,#2136,#2137,#2138,#2139,#2140,#2141,#2142,#2143,#2144,#2145,#2146,
#2147,#2148,#2149,#2150,#2151,#2152,#2153,#2154,#2155,#2156,#2157,#2158,#2159,#2160,#2161,#2162,#2163,#2164,#2165,#2166,#2167,#2168,#2169,#2170,#2171,
#2172,#2173,#2174,#2175,#2176,#2177,#2178,#2179,#2180,#2181,#2182,#2183,#2184,#2185,#2186,#2187,#2188,#2189,#2190,#2191,#2192,#2193,#2194,#2195,#2196,
#2197,#2198,#2199,#2200,#2201,#2202,#2203,#2204,#2205,#2206,#2207,#2208,#2209,#2210,#2211,#2212,#2213,#2214,#2215,#2216,#2217,#2218,#2219,#2220,#2221,
#2222,#2223,#2224,#2225,#2226,#2227,#2228,#2229,#2230,#2231,#2232,#2233,#2234,#2235,#2236,#2237,#2238,#2239,#2240,#2241,#2242,#2243,#2244,#2245,#2246,
#2247,#2248,#2249,#2250,#2251,#2252,#2253,#2254,#2255,#2256,#2257,#2258,#2259,#2260,#2261,#2262,#2263,#2264,#2265,#2266,#2267,#2268,#2269,#2270,#2271,
#2272,#2273,#2274,#2275,#2276,#2277,#2278,#2279,#2280,#2281,#2282,#2283,#2284,#2285,#2286,#2287,#2288,#2289,#2290,#2291,#2292,#2293,#2294,#2295,#2296,
#2297,#2298,#2299,#2300,#2301,#2302,#2303,#2304,#2305,#2306,#2307,#2308,#2309,#2310,#2311,#2312,#2313,#2314,#2315,#2316,#2317,#2318,#2319,#2320,#2321,
#2322,#2323,#2324,#2325,#2326,#2327,#2328,#2329,#2330,#2331),.UNSPECIFIED.,.F.,.F.,(4,3,3,3,3,3,3,3,3,3,3,3,3,3,3,3,3,3,3,3,3,3,3,3,3,3,
3,3,3,3,3,3,3,3,3,3,3,3,3,3,3,3,3,3,3,3,3,3,3,3,3,
3,3,3,3,3,3,3,3,3,3,3,3,3,3,3,3,3,3,3,3,3,3,3,3,3,
3,3,3,3,3,3,3,3,3,3,3,3,3,3,3,3,3,3,3,3,3,3,3,3,3,
3,3,3,3,3,3,3,3,3,3,3,3,3,3,3,3,3,3,3,4),(0.,0.000552951,0.001105902,0.001658853,0.002211804,0.00248828,0.002626518,0.002764755,0.002902993,0.003041231,0.003179469,0.003317707,0.003594182,0.003870658,0.004147133,0.004423609,0.004700084,0.00497656,0.005253035,0.005529511,0.005805987,0.006082462,0.006358938,0.006635413,0.006911889,0.007188364,
0.00746484,0.007741315,0.008017791,0.008294266,0.008432504,0.008570742,0.00870898,0.008847218,0.008985455,0.009123693,0.009400169,0.00995312,0.010506071,0.011059022,0.011611973,0.012164924,0.012717875,0.013270826,0.013823777,0.013962015,0.014100253,0.014238491,0.014376729,0.014514966,0.014653204,
0.01492968,0.015206155,0.015482631,0.015759106,0.016035582,0.016312057,0.016588533,0.016865009,0.017141484,0.01741796,0.017694435,0.017970911,0.018247386,0.018523862,0.018800337,0.019076813,0.019353288,0.019629764,0.019768002,0.01990624,0.020044477,0.020182715,0.020320953,0.020459191,0.021012142,
0.021565093,0.022118044,0.022670995,0.023223946,0.023776897,0.024329848,0.024606324,0.024882799,0.025159275,0.025297513,0.025435751,0.025573988,0.025712226,0.025850464,0.025988702,0.026265177,0.026541653,0.026818128,0.027094604,0.027371079,0.027647555,0.027924031,0.028200506,0.028476982,0.028753457,
0.029029933,0.029306408,0.029582884,0.029859359,0.030135835,0.03041231,0.030688786,0.030965262,0.031103499,0.031241737,0.031379975,0.031518213,0.032071164,0.032624115,0.033177066,0.033730017,0.034282968,0.034835919,0.035112395,0.03538887),.UNSPECIFIED.);
#2333=EDGE_CURVE('',#1945,#429,#2332,.T.);
#2334=ORIENTED_EDGE('',*,*,#2333,.T.);
#2335=ORIENTED_EDGE('',*,*,#447,.F.);
#2336=EDGE_LOOP('',(#1589,#1643,#1697,#1751,#1805,#1859,#1913,#1943,#1970,#2334,#2335));
#2337=FACE_BOUND('',#2336,.T.);
#2338=ADVANCED_FACE('',(#2337),#1562,.F.);
#2339=CARTESIAN_POINT('',(-8.157429042,-0.42589162,0.028994483));
#2340=CARTESIAN_POINT('',(-8.114920217,-0.471548238,0.034614841));
#2341=CARTESIAN_POINT('',(-8.066219382,-0.510250978,0.040186631));
#2342=CARTESIAN_POINT('',(-8.0125,-0.541265877,0.045588259));
#2343=CARTESIAN_POINT('',(-8.0124775,-0.541278867,0.045590521));
#2344=CARTESIAN_POINT('',(-8.012454999,-0.541291857,0.045592784));
#2345=CARTESIAN_POINT('',(-8.012432497,-0.541304844,0.045595046));
#2346=CARTESIAN_POINT('',(-7.916884517,-0.59645361,0.055202282));
#2347=CARTESIAN_POINT('',(-7.810320743,-0.625,0.065148064));
#2348=CARTESIAN_POINT('',(-7.7,-0.625,0.074754926));
#2349=CARTESIAN_POINT('',(-7.699974019,-0.625,0.074757188));
#2350=CARTESIAN_POINT('',(-7.699948038,-0.624999998,0.074759451));
#2351=CARTESIAN_POINT('',(-7.699922057,-0.624999995,0.074761713));
#2352=CARTESIAN_POINT('',(-7.589600697,-0.624986237,0.084368949));
#2353=CARTESIAN_POINT('',(-7.483040566,-0.596426249,0.094314731));
#2354=CARTESIAN_POINT('',(-7.3875,-0.541265877,0.103921592));
#2355=CARTESIAN_POINT('',(-7.3874775,-0.541252887,0.103923854));
#2356=CARTESIAN_POINT('',(-7.387455,-0.541239895,0.103926117));
#2357=CARTESIAN_POINT('',(-7.387432502,-0.541226901,0.103928379));
#2358=CARTESIAN_POINT('',(-7.29189828,-0.486054307,0.113535616));
#2359=CARTESIAN_POINT('',(-7.213894494,-0.408040566,0.123481398));
#2360=CARTESIAN_POINT('',(-7.158734123,-0.3125,0.133088259));
#2361=CARTESIAN_POINT('',(-7.158721133,-0.3124775,0.133090521));
#2362=CARTESIAN_POINT('',(-7.158708143,-0.312454999,0.133092784));
#2363=CARTESIAN_POINT('',(-7.158695156,-0.312432497,0.133095046));
#2364=CARTESIAN_POINT('',(-7.10354639,-0.216884517,0.142702282));
#2365=CARTESIAN_POINT('',(-7.075,-0.110320743,0.152648064));
#2366=CARTESIAN_POINT('',(-7.075,0.,0.162254926));
#2367=CARTESIAN_POINT('',(-7.075,0.000025981,0.162257188));
#2368=CARTESIAN_POINT('',(-7.075000002,0.000051962,0.162259451));
#2369=CARTESIAN_POINT('',(-7.075000005,0.000077943,0.162261713));
#2370=CARTESIAN_POINT('',(-7.075013763,0.110399303,0.171868949));
#2371=CARTESIAN_POINT('',(-7.103573751,0.216959434,0.181814731));
#2372=CARTESIAN_POINT('',(-7.158734123,0.3125,0.191421592));
#2373=CARTESIAN_POINT('',(-7.158747113,0.3125225,0.191423854));
#2374=CARTESIAN_POINT('',(-7.158760105,0.312545,0.191426117));
#2375=CARTESIAN_POINT('',(-7.158773099,0.312567498,0.191428379));
#2376=CARTESIAN_POINT('',(-7.213945693,0.40810172,0.201035616));
#2377=CARTESIAN_POINT('',(-7.291959434,0.486105506,0.210981398));
#2378=CARTESIAN_POINT('',(-7.3875,0.541265877,0.220588259));
#2379=CARTESIAN_POINT('',(-7.3875225,0.541278867,0.220590521));
#2380=CARTESIAN_POINT('',(-7.387545001,0.541291857,0.220592784));
#2381=CARTESIAN_POINT('',(-7.387567503,0.541304844,0.220595046));
#2382=CARTESIAN_POINT('',(-7.483115483,0.59645361,0.230202282));
#2383=CARTESIAN_POINT('',(-7.589679257,0.625,0.240148064));
#2384=CARTESIAN_POINT('',(-7.7,0.625,0.249754926));
#2385=CARTESIAN_POINT('',(-7.700025981,0.625,0.249757188));
#2386=CARTESIAN_POINT('',(-7.700051962,0.624999998,0.249759451));
#2387=CARTESIAN_POINT('',(-7.700077943,0.624999995,0.249761713));
#2388=CARTESIAN_POINT('',(-7.810399303,0.624986237,0.259368949));
#2389=CARTESIAN_POINT('',(-7.916959434,0.596426249,0.269314731));
#2390=CARTESIAN_POINT('',(-8.0125,0.541265877,0.278921592));
#2391=CARTESIAN_POINT('',(-8.0125225,0.541252887,0.278923854));
#2392=CARTESIAN_POINT('',(-8.012545,0.541239895,0.278926117));
#2393=CARTESIAN_POINT('',(-8.012567498,0.541226901,0.278928379));
#2394=CARTESIAN_POINT('',(-8.10810172,0.486054307,0.288535616));
#2395=CARTESIAN_POINT('',(-8.186105506,0.408040566,0.298481398));
#2396=CARTESIAN_POINT('',(-8.241265877,0.3125,0.308088259));
#2397=CARTESIAN_POINT('',(-8.241278867,0.3124775,0.308090521));
#2398=CARTESIAN_POINT('',(-8.241291857,0.312454999,0.308092784));
#2399=CARTESIAN_POINT('',(-8.241304844,0.312432497,0.308095046));
#2400=CARTESIAN_POINT('',(-8.29645361,0.216884517,0.317702282));
#2401=CARTESIAN_POINT('',(-8.325,0.110320743,0.327648064));
#2402=CARTESIAN_POINT('',(-8.325,0.,0.337254926));
#2403=CARTESIAN_POINT('',(-8.325,-0.000025981,0.337257188));
#2404=CARTESIAN_POINT('',(-8.324999998,-0.000051962,0.337259451));
#2405=CARTESIAN_POINT('',(-8.324999995,-0.000077943,0.337261713));
#2406=CARTESIAN_POINT('',(-8.324986237,-0.110399303,0.346868949));
#2407=CARTESIAN_POINT('',(-8.296426249,-0.216959434,0.356814731));
#2408=CARTESIAN_POINT('',(-8.241265877,-0.3125,0.366421592));
#2409=CARTESIAN_POINT('',(-8.241252887,-0.3125225,0.366423854));
#2410=CARTESIAN_POINT('',(-8.241239895,-0.312545,0.366426117));
#2411=CARTESIAN_POINT('',(-8.241226901,-0.312567498,0.366428379));
#2412=CARTESIAN_POINT('',(-8.186054307,-0.40810172,0.376035616));
#2413=CARTESIAN_POINT('',(-8.108040566,-0.486105506,0.385981398));
#2414=CARTESIAN_POINT('',(-8.0125,-0.541265877,0.395588259));
#2415=CARTESIAN_POINT('',(-8.0124775,-0.541278867,0.395590521));
#2416=CARTESIAN_POINT('',(-8.012454999,-0.541291857,0.395592784));
#2417=CARTESIAN_POINT('',(-8.012432497,-0.541304844,0.395595046));
#2418=CARTESIAN_POINT('',(-7.916884517,-0.59645361,0.405202282));
#2419=CARTESIAN_POINT('',(-7.810320743,-0.625,0.415148064));
#2420=CARTESIAN_POINT('',(-7.7,-0.625,0.424754926));
#2421=CARTESIAN_POINT('',(-7.699974019,-0.625,0.424757188));
#2422=CARTESIAN_POINT('',(-7.699948038,-0.624999998,0.424759451));
#2423=CARTESIAN_POINT('',(-7.699922057,-0.624999995,0.424761713));
#2424=CARTESIAN_POINT('',(-7.589600697,-0.624986237,0.434368949));
#2425=CARTESIAN_POINT('',(-7.483040566,-0.596426249,0.444314731));
#2426=CARTESIAN_POINT('',(-7.3875,-0.541265877,0.453921592));
#2427=CARTESIAN_POINT('',(-7.3874775,-0.541252887,0.453923854));
#2428=CARTESIAN_POINT('',(-7.387455,-0.541239895,0.453926117));
#2429=CARTESIAN_POINT('',(-7.387432502,-0.541226901,0.453928379));
#2430=CARTESIAN_POINT('',(-7.29189828,-0.486054307,0.463535616));
#2431=CARTESIAN_POINT('',(-7.213894494,-0.408040566,0.473481398));
#2432=CARTESIAN_POINT('',(-7.158734123,-0.3125,0.483088259));
#2433=CARTESIAN_POINT('',(-7.158721133,-0.3124775,0.483090521));
#2434=CARTESIAN_POINT('',(-7.158708143,-0.312454999,0.483092784));
#2435=CARTESIAN_POINT('',(-7.158695156,-0.312432497,0.483095046));
#2436=CARTESIAN_POINT('',(-7.10354639,-0.216884517,0.492702282));
#2437=CARTESIAN_POINT('',(-7.075,-0.110320743,0.502648064));
#2438=CARTESIAN_POINT('',(-7.075,0.,0.512254926));
#2439=CARTESIAN_POINT('',(-7.075,0.000025981,0.512257188));
#2440=CARTESIAN_POINT('',(-7.075000002,0.000051962,0.512259451));
#2441=CARTESIAN_POINT('',(-7.075000005,0.000077943,0.512261713));
#2442=CARTESIAN_POINT('',(-7.075013763,0.110399303,0.521868949));
#2443=CARTESIAN_POINT('',(-7.103573751,0.216959434,0.531814731));
#2444=CARTESIAN_POINT('',(-7.158734123,0.3125,0.541421592));
#2445=CARTESIAN_POINT('',(-7.158747113,0.3125225,0.541423854));
#2446=CARTESIAN_POINT('',(-7.158760105,0.312545,0.541426117));
#2447=CARTESIAN_POINT('',(-7.158773099,0.312567498,0.541428379));
#2448=CARTESIAN_POINT('',(-7.213945693,0.40810172,0.551035616));
#2449=CARTESIAN_POINT('',(-7.291959434,0.486105506,0.560981398));
#2450=CARTESIAN_POINT('',(-7.3875,0.541265877,0.570588259));
#2451=CARTESIAN_POINT('',(-7.3875225,0.541278867,0.570590521));
#2452=CARTESIAN_POINT('',(-7.387545001,0.541291857,0.570592784));
#2453=CARTESIAN_POINT('',(-7.387567503,0.541304844,0.570595046));
#2454=CARTESIAN_POINT('',(-7.483115483,0.59645361,0.580202282));
#2455=CARTESIAN_POINT('',(-7.589679257,0.625,0.590148064));
#2456=CARTESIAN_POINT('',(-7.7,0.625,0.599754926));
#2457=CARTESIAN_POINT('',(-7.700025981,0.625,0.599757188));
#2458=CARTESIAN_POINT('',(-7.700051962,0.624999998,0.599759451));
#2459=CARTESIAN_POINT('',(-7.700077943,0.624999995,0.599761713));
#2460=CARTESIAN_POINT('',(-7.810399303,0.624986237,0.609368949));
#2461=CARTESIAN_POINT('',(-7.916959434,0.596426249,0.619314731));
#2462=CARTESIAN_POINT('',(-8.0125,0.541265877,0.628921592));
#2463=CARTESIAN_POINT('',(-8.0125225,0.541252887,0.628923854));
#2464=CARTESIAN_POINT('',(-8.012545,0.541239895,0.628926117));
#2465=CARTESIAN_POINT('',(-8.012567498,0.541226901,0.628928379));
#2466=CARTESIAN_POINT('',(-8.10810172,0.486054307,0.638535616));
#2467=CARTESIAN_POINT('',(-8.186105506,0.408040566,0.648481398));
#2468=CARTESIAN_POINT('',(-8.241265877,0.3125,0.658088259));
#2469=CARTESIAN_POINT('',(-8.241278867,0.3124775,0.658090521));
#2470=CARTESIAN_POINT('',(-8.241291857,0.312454999,0.658092784));
#2471=CARTESIAN_POINT('',(-8.241304844,0.312432497,0.658095046));
#2472=CARTESIAN_POINT('',(-8.29645361,0.216884517,0.667702282));
#2473=CARTESIAN_POINT('',(-8.325,0.110320743,0.677648064));
#2474=CARTESIAN_POINT('',(-8.325,0.,0.687254926));
#2475=CARTESIAN_POINT('',(-8.325,-0.000025981,0.687257188));
#2476=CARTESIAN_POINT('',(-8.324999998,-0.000051962,0.687259451));
#2477=CARTESIAN_POINT('',(-8.324999995,-0.000077943,0.687261713));
#2478=CARTESIAN_POINT('',(-8.324986237,-0.110399303,0.696868949));
#2479=CARTESIAN_POINT('',(-8.296426249,-0.216959434,0.706814731));
#2480=CARTESIAN_POINT('',(-8.241265877,-0.3125,0.716421592));
#2481=CARTESIAN_POINT('',(-8.241252887,-0.3125225,0.716423854));
#2482=CARTESIAN_POINT('',(-8.241239895,-0.312545,0.716426117));
#2483=CARTESIAN_POINT('',(-8.241226901,-0.312567498,0.716428379));
#2484=CARTESIAN_POINT('',(-8.186054307,-0.40810172,0.726035616));
#2485=CARTESIAN_POINT('',(-8.108040566,-0.486105506,0.735981398));
#2486=CARTESIAN_POINT('',(-8.0125,-0.541265877,0.745588259));
#2487=CARTESIAN_POINT('',(-8.0124775,-0.541278867,0.745590521));
#2488=CARTESIAN_POINT('',(-8.012454999,-0.541291857,0.745592784));
#2489=CARTESIAN_POINT('',(-8.012432497,-0.541304844,0.745595046));
#2490=CARTESIAN_POINT('',(-7.916884517,-0.59645361,0.755202282));
#2491=CARTESIAN_POINT('',(-7.810320743,-0.625,0.765148064));
#2492=CARTESIAN_POINT('',(-7.7,-0.625,0.774754926));
#2493=CARTESIAN_POINT('',(-7.699974019,-0.625,0.774757188));
#2494=CARTESIAN_POINT('',(-7.699948038,-0.624999998,0.774759451));
#2495=CARTESIAN_POINT('',(-7.699922057,-0.624999995,0.774761713));
#2496=CARTESIAN_POINT('',(-7.589600697,-0.624986237,0.784368949));
#2497=CARTESIAN_POINT('',(-7.483040566,-0.596426249,0.794314731));
#2498=CARTESIAN_POINT('',(-7.3875,-0.541265877,0.803921592));
#2499=CARTESIAN_POINT('',(-7.3874775,-0.541252887,0.803923854));
#2500=CARTESIAN_POINT('',(-7.387455,-0.541239895,0.803926117));
#2501=CARTESIAN_POINT('',(-7.387432502,-0.541226901,0.803928379));
#2502=CARTESIAN_POINT('',(-7.29189828,-0.486054307,0.813535616));
#2503=CARTESIAN_POINT('',(-7.213894494,-0.408040566,0.823481398));
#2504=CARTESIAN_POINT('',(-7.158734123,-0.3125,0.833088259));
#2505=CARTESIAN_POINT('',(-7.158721133,-0.3124775,0.833090521));
#2506=CARTESIAN_POINT('',(-7.158708143,-0.312454999,0.833092784));
#2507=CARTESIAN_POINT('',(-7.158695156,-0.312432497,0.833095046));
#2508=CARTESIAN_POINT('',(-7.10354639,-0.216884517,0.842702282));
#2509=CARTESIAN_POINT('',(-7.075,-0.110320743,0.852648064));
#2510=CARTESIAN_POINT('',(-7.075,0.,0.862254926));
#2511=CARTESIAN_POINT('',(-7.075,0.000025981,0.862257188));
#2512=CARTESIAN_POINT('',(-7.075000002,0.000051962,0.862259451));
#2513=CARTESIAN_POINT('',(-7.075000005,0.000077943,0.862261713));
#2514=CARTESIAN_POINT('',(-7.075013763,0.110399303,0.871868949));
#2515=CARTESIAN_POINT('',(-7.103573751,0.216959434,0.881814731));
#2516=CARTESIAN_POINT('',(-7.158734123,0.3125,0.891421592));
#2517=CARTESIAN_POINT('',(-7.158747113,0.3125225,0.891423854));
#2518=CARTESIAN_POINT('',(-7.158760105,0.312545,0.891426117));
#2519=CARTESIAN_POINT('',(-7.158773099,0.312567498,0.891428379));
#2520=CARTESIAN_POINT('',(-7.213945693,0.40810172,0.901035616));
#2521=CARTESIAN_POINT('',(-7.291959434,0.486105506,0.910981398));
#2522=CARTESIAN_POINT('',(-7.3875,0.541265877,0.920588259));
#2523=CARTESIAN_POINT('',(-7.3875225,0.541278867,0.920590521));
#2524=CARTESIAN_POINT('',(-7.387545001,0.541291857,0.920592784));
#2525=CARTESIAN_POINT('',(-7.387567503,0.541304844,0.920595046));
#2526=CARTESIAN_POINT('',(-7.483115483,0.59645361,0.930202282));
#2527=CARTESIAN_POINT('',(-7.589679257,0.625,0.940148064));
#2528=CARTESIAN_POINT('',(-7.7,0.625,0.949754926));
#2529=CARTESIAN_POINT('',(-7.700025981,0.625,0.949757188));
#2530=CARTESIAN_POINT('',(-7.700051962,0.624999998,0.949759451));
#2531=CARTESIAN_POINT('',(-7.700077943,0.624999995,0.949761713));
#2532=CARTESIAN_POINT('',(-7.810399303,0.624986237,0.959368949));
#2533=CARTESIAN_POINT('',(-7.916959434,0.596426249,0.969314731));
#2534=CARTESIAN_POINT('',(-8.0125,0.541265877,0.978921592));
#2535=CARTESIAN_POINT('',(-8.0125225,0.541252887,0.978923854));
#2536=CARTESIAN_POINT('',(-8.012545,0.541239895,0.978926117));
#2537=CARTESIAN_POINT('',(-8.012567498,0.541226901,0.978928379));
#2538=CARTESIAN_POINT('',(-8.10810172,0.486054307,0.988535616));
#2539=CARTESIAN_POINT('',(-8.186105506,0.408040566,0.998481398));
#2540=CARTESIAN_POINT('',(-8.241265877,0.3125,1.008088259));
#2541=CARTESIAN_POINT('',(-8.241278867,0.3124775,1.008090521));
#2542=CARTESIAN_POINT('',(-8.241291857,0.312454999,1.008092784));
#2543=CARTESIAN_POINT('',(-8.241304844,0.312432497,1.008095046));
#2544=CARTESIAN_POINT('',(-8.29645361,0.216884517,1.017702282));
#2545=CARTESIAN_POINT('',(-8.325,0.110320743,1.027648064));
#2546=CARTESIAN_POINT('',(-8.325,0.,1.037254926));
#2547=CARTESIAN_POINT('',(-8.325,-0.000025981,1.037257188));
#2548=CARTESIAN_POINT('',(-8.324999998,-0.000051962,1.037259451));
#2549=CARTESIAN_POINT('',(-8.324999995,-0.000077943,1.037261713));
#2550=CARTESIAN_POINT('',(-8.324986237,-0.110399303,1.046868949));
#2551=CARTESIAN_POINT('',(-8.296426249,-0.216959434,1.056814731));
#2552=CARTESIAN_POINT('',(-8.241265877,-0.3125,1.066421592));
#2553=CARTESIAN_POINT('',(-8.241252887,-0.3125225,1.066423854));
#2554=CARTESIAN_POINT('',(-8.241239895,-0.312545,1.066426117));
#2555=CARTESIAN_POINT('',(-8.241226901,-0.312567498,1.066428379));
#2556=CARTESIAN_POINT('',(-8.186054307,-0.40810172,1.076035616));
#2557=CARTESIAN_POINT('',(-8.108040566,-0.486105506,1.085981398));
#2558=CARTESIAN_POINT('',(-8.0125,-0.541265877,1.095588259));
#2559=CARTESIAN_POINT('',(-8.0124775,-0.541278867,1.095590521));
#2560=CARTESIAN_POINT('',(-8.012454999,-0.541291857,1.095592784));
#2561=CARTESIAN_POINT('',(-8.012432497,-0.541304844,1.095595046));
#2562=CARTESIAN_POINT('',(-7.916884517,-0.59645361,1.105202282));
#2563=CARTESIAN_POINT('',(-7.810320743,-0.625,1.115148064));
#2564=CARTESIAN_POINT('',(-7.7,-0.625,1.124754926));
#2565=CARTESIAN_POINT('',(-7.699974019,-0.625,1.124757188));
#2566=CARTESIAN_POINT('',(-7.699948038,-0.624999998,1.124759451));
#2567=CARTESIAN_POINT('',(-7.699922057,-0.624999995,1.124761713));
#2568=CARTESIAN_POINT('',(-7.589600697,-0.624986237,1.134368949));
#2569=CARTESIAN_POINT('',(-7.483040566,-0.596426249,1.144314731));
#2570=CARTESIAN_POINT('',(-7.3875,-0.541265877,1.153921592));
#2571=CARTESIAN_POINT('',(-7.3874775,-0.541252887,1.153923854));
#2572=CARTESIAN_POINT('',(-7.387455,-0.541239895,1.153926117));
#2573=CARTESIAN_POINT('',(-7.387432502,-0.541226901,1.153928379));
#2574=CARTESIAN_POINT('',(-7.29189828,-0.486054307,1.163535616));
#2575=CARTESIAN_POINT('',(-7.213894494,-0.408040566,1.173481398));
#2576=CARTESIAN_POINT('',(-7.158734123,-0.3125,1.183088259));
#2577=CARTESIAN_POINT('',(-7.158721133,-0.3124775,1.183090521));
#2578=CARTESIAN_POINT('',(-7.158708143,-0.312454999,1.183092784));
#2579=CARTESIAN_POINT('',(-7.158695156,-0.312432497,1.183095046));
#2580=CARTESIAN_POINT('',(-7.10354639,-0.216884517,1.192702282));
#2581=CARTESIAN_POINT('',(-7.075,-0.110320743,1.202648064));
#2582=CARTESIAN_POINT('',(-7.075,0.,1.212254926));
#2583=CARTESIAN_POINT('',(-7.075,0.000025981,1.212257188));
#2584=CARTESIAN_POINT('',(-7.075000002,0.000051962,1.212259451));
#2585=CARTESIAN_POINT('',(-7.075000005,0.000077943,1.212261713));
#2586=CARTESIAN_POINT('',(-7.075013763,0.110399303,1.221868949));
#2587=CARTESIAN_POINT('',(-7.103573751,0.216959434,1.231814731));
#2588=CARTESIAN_POINT('',(-7.158734123,0.3125,1.241421592));
#2589=CARTESIAN_POINT('',(-7.158747113,0.3125225,1.241423854));
#2590=CARTESIAN_POINT('',(-7.158760105,0.312545,1.241426117));
#2591=CARTESIAN_POINT('',(-7.158773099,0.312567498,1.241428379));
#2592=CARTESIAN_POINT('',(-7.213945693,0.40810172,1.251035616));
#2593=CARTESIAN_POINT('',(-7.291959434,0.486105506,1.260981398));
#2594=CARTESIAN_POINT('',(-7.3875,0.541265877,1.270588259));
#2595=CARTESIAN_POINT('',(-7.3875225,0.541278867,1.270590521));
#2596=CARTESIAN_POINT('',(-7.387545001,0.541291857,1.270592784));
#2597=CARTESIAN_POINT('',(-7.387567503,0.541304844,1.270595046));
#2598=CARTESIAN_POINT('',(-7.483115483,0.59645361,1.280202282));
#2599=CARTESIAN_POINT('',(-7.589679257,0.625,1.290148064));
#2600=CARTESIAN_POINT('',(-7.7,0.625,1.299754926));
#2601=CARTESIAN_POINT('',(-7.700025981,0.625,1.299757188));
#2602=CARTESIAN_POINT('',(-7.700051962,0.624999998,1.299759451));
#2603=CARTESIAN_POINT('',(-7.700077943,0.624999995,1.299761713));
#2604=CARTESIAN_POINT('',(-7.810399303,0.624986237,1.309368949));
#2605=CARTESIAN_POINT('',(-7.916959434,0.596426249,1.319314731));
#2606=CARTESIAN_POINT('',(-8.0125,0.541265877,1.328921592));
#2607=CARTESIAN_POINT('',(-8.0125225,0.541252887,1.328923854));
#2608=CARTESIAN_POINT('',(-8.012545,0.541239895,1.328926117));
#2609=CARTESIAN_POINT('',(-8.012567498,0.541226901,1.328928379));
#2610=CARTESIAN_POINT('',(-8.10810172,0.486054307,1.338535616));
#2611=CARTESIAN_POINT('',(-8.186105506,0.408040566,1.348481398));
#2612=CARTESIAN_POINT('',(-8.241265877,0.3125,1.358088259));
#2613=CARTESIAN_POINT('',(-8.241278867,0.3124775,1.358090521));
#2614=CARTESIAN_POINT('',(-8.241291857,0.312454999,1.358092784));
#2615=CARTESIAN_POINT('',(-8.241304844,0.312432497,1.358095046));
#2616=CARTESIAN_POINT('',(-8.29645361,0.216884517,1.367702282));
#2617=CARTESIAN_POINT('',(-8.325,0.110320743,1.377648064));
#2618=CARTESIAN_POINT('',(-8.325,0.,1.387254926));
#2619=CARTESIAN_POINT('',(-8.325,-0.000025981,1.387257188));
#2620=CARTESIAN_POINT('',(-8.324999998,-0.000051962,1.387259451));
#2621=CARTESIAN_POINT('',(-8.324999995,-0.000077943,1.387261713));
#2622=CARTESIAN_POINT('',(-8.324986237,-0.110399303,1.396868949));
#2623=CARTESIAN_POINT('',(-8.296426249,-0.216959434,1.406814731));
#2624=CARTESIAN_POINT('',(-8.241265877,-0.3125,1.416421592));
#2625=CARTESIAN_POINT('',(-8.241252887,-0.3125225,1.416423854));
#2626=CARTESIAN_POINT('',(-8.241239895,-0.312545,1.416426117));
#2627=CARTESIAN_POINT('',(-8.241226901,-0.312567498,1.416428379));
#2628=CARTESIAN_POINT('',(-8.186054307,-0.40810172,1.426035616));
#2629=CARTESIAN_POINT('',(-8.108040566,-0.486105506,1.435981398));
#2630=CARTESIAN_POINT('',(-8.0125,-0.541265877,1.445588259));
#2631=CARTESIAN_POINT('',(-8.0124775,-0.541278867,1.445590521));
#2632=CARTESIAN_POINT('',(-8.012454999,-0.541291857,1.445592784));
#2633=CARTESIAN_POINT('',(-8.012432497,-0.541304844,1.445595046));
#2634=CARTESIAN_POINT('',(-7.916884517,-0.59645361,1.455202282));
#2635=CARTESIAN_POINT('',(-7.810320743,-0.625,1.465148064));
#2636=CARTESIAN_POINT('',(-7.7,-0.625,1.474754926));
#2637=CARTESIAN_POINT('',(-7.699974019,-0.625,1.474757188));
#2638=CARTESIAN_POINT('',(-7.699948038,-0.624999998,1.474759451));
#2639=CARTESIAN_POINT('',(-7.699922057,-0.624999995,1.474761713));
#2640=CARTESIAN_POINT('',(-7.589600697,-0.624986237,1.484368949));
#2641=CARTESIAN_POINT('',(-7.483040566,-0.596426249,1.494314731));
#2642=CARTESIAN_POINT('',(-7.3875,-0.541265877,1.503921592));
#2643=CARTESIAN_POINT('',(-7.3874775,-0.541252887,1.503923854));
#2644=CARTESIAN_POINT('',(-7.387455,-0.541239895,1.503926117));
#2645=CARTESIAN_POINT('',(-7.387432502,-0.541226901,1.503928379));
#2646=CARTESIAN_POINT('',(-7.29189828,-0.486054307,1.513535616));
#2647=CARTESIAN_POINT('',(-7.213894494,-0.408040566,1.523481398));
#2648=CARTESIAN_POINT('',(-7.158734123,-0.3125,1.533088259));
#2649=CARTESIAN_POINT('',(-7.158721133,-0.3124775,1.533090521));
#2650=CARTESIAN_POINT('',(-7.158708143,-0.312454999,1.533092784));
#2651=CARTESIAN_POINT('',(-7.158695156,-0.312432497,1.533095046));
#2652=CARTESIAN_POINT('',(-7.10354639,-0.216884517,1.542702282));
#2653=CARTESIAN_POINT('',(-7.075,-0.110320743,1.552648064));
#2654=CARTESIAN_POINT('',(-7.075,0.,1.562254926));
#2655=CARTESIAN_POINT('',(-7.075,0.000025981,1.562257188));
#2656=CARTESIAN_POINT('',(-7.075000002,0.000051962,1.562259451));
#2657=CARTESIAN_POINT('',(-7.075000005,0.000077943,1.562261713));
#2658=CARTESIAN_POINT('',(-7.075013763,0.110399303,1.571868949));
#2659=CARTESIAN_POINT('',(-7.103573751,0.216959434,1.581814731));
#2660=CARTESIAN_POINT('',(-7.158734123,0.3125,1.591421592));
#2661=CARTESIAN_POINT('',(-7.158747113,0.3125225,1.591423854));
#2662=CARTESIAN_POINT('',(-7.158760105,0.312545,1.591426117));
#2663=CARTESIAN_POINT('',(-7.158773099,0.312567498,1.591428379));
#2664=CARTESIAN_POINT('',(-7.213945693,0.40810172,1.601035616));
#2665=CARTESIAN_POINT('',(-7.291959434,0.486105506,1.610981398));
#2666=CARTESIAN_POINT('',(-7.3875,0.541265877,1.620588259));
#2667=CARTESIAN_POINT('',(-7.3875225,0.541278867,1.620590521));
#2668=CARTESIAN_POINT('',(-7.387545001,0.541291857,1.620592784));
#2669=CARTESIAN_POINT('',(-7.387567503,0.541304844,1.620595046));
#2670=CARTESIAN_POINT('',(-7.483115483,0.59645361,1.630202282));
#2671=CARTESIAN_POINT('',(-7.589679257,0.625,1.640148064));
#2672=CARTESIAN_POINT('',(-7.7,0.625,1.649754926));
#2673=CARTESIAN_POINT('',(-7.700025981,0.625,1.649757188));
#2674=CARTESIAN_POINT('',(-7.700051962,0.624999998,1.649759451));
#2675=CARTESIAN_POINT('',(-7.700077943,0.624999995,1.649761713));
#2676=CARTESIAN_POINT('',(-7.810399303,0.624986237,1.659368949));
#2677=CARTESIAN_POINT('',(-7.916959434,0.596426249,1.669314731));
#2678=CARTESIAN_POINT('',(-8.0125,0.541265877,1.678921592));
#2679=CARTESIAN_POINT('',(-8.0125225,0.541252887,1.678923854));
#2680=CARTESIAN_POINT('',(-8.012545,0.541239895,1.678926117));
#2681=CARTESIAN_POINT('',(-8.012567498,0.541226901,1.678928379));
#2682=CARTESIAN_POINT('',(-8.10810172,0.486054307,1.688535616));
#2683=CARTESIAN_POINT('',(-8.186105506,0.408040566,1.698481398));
#2684=CARTESIAN_POINT('',(-8.241265877,0.3125,1.708088259));
#2685=CARTESIAN_POINT('',(-8.241278867,0.3124775,1.708090521));
#2686=CARTESIAN_POINT('',(-8.241291857,0.312454999,1.708092784));
#2687=CARTESIAN_POINT('',(-8.241304844,0.312432497,1.708095046));
#2688=CARTESIAN_POINT('',(-8.29645361,0.216884517,1.717702282));
#2689=CARTESIAN_POINT('',(-8.325,0.110320743,1.727648064));
#2690=CARTESIAN_POINT('',(-8.325,0.,1.737254926));
#2691=CARTESIAN_POINT('',(-8.325,-0.000025981,1.737257188));
#2692=CARTESIAN_POINT('',(-8.324999998,-0.000051962,1.737259451));
#2693=CARTESIAN_POINT('',(-8.324999995,-0.000077943,1.737261713));
#2694=CARTESIAN_POINT('',(-8.324986237,-0.110399303,1.746868949));
#2695=CARTESIAN_POINT('',(-8.296426249,-0.216959434,1.756814731));
#2696=CARTESIAN_POINT('',(-8.241265877,-0.3125,1.766421592));
#2697=CARTESIAN_POINT('',(-8.241252887,-0.3125225,1.766423854));
#2698=CARTESIAN_POINT('',(-8.241239895,-0.312545,1.766426117));
#2699=CARTESIAN_POINT('',(-8.241226901,-0.312567498,1.766428379));
#2700=CARTESIAN_POINT('',(-8.186054307,-0.40810172,1.776035616));
#2701=CARTESIAN_POINT('',(-8.108040566,-0.486105506,1.785981398));
#2702=CARTESIAN_POINT('',(-8.0125,-0.541265877,1.795588259));
#2703=CARTESIAN_POINT('',(-8.0124775,-0.541278867,1.795590521));
#2704=CARTESIAN_POINT('',(-8.012454999,-0.541291857,1.795592784));
#2705=CARTESIAN_POINT('',(-8.012432497,-0.541304844,1.795595046));
#2706=CARTESIAN_POINT('',(-7.916884517,-0.59645361,1.805202282));
#2707=CARTESIAN_POINT('',(-7.810320743,-0.625,1.815148064));
#2708=CARTESIAN_POINT('',(-7.7,-0.625,1.824754926));
#2709=CARTESIAN_POINT('',(-7.699974019,-0.625,1.824757188));
#2710=CARTESIAN_POINT('',(-7.699948038,-0.624999998,1.824759451));
#2711=CARTESIAN_POINT('',(-7.699922057,-0.624999995,1.824761713));
#2712=CARTESIAN_POINT('',(-7.589600697,-0.624986237,1.834368949));
#2713=CARTESIAN_POINT('',(-7.483040566,-0.596426249,1.844314731));
#2714=CARTESIAN_POINT('',(-7.3875,-0.541265877,1.853921592));
#2715=CARTESIAN_POINT('',(-7.3874775,-0.541252887,1.853923854));
#2716=CARTESIAN_POINT('',(-7.387455,-0.541239895,1.853926117));
#2717=CARTESIAN_POINT('',(-7.387432502,-0.541226901,1.853928379));
#2718=CARTESIAN_POINT('',(-7.29189828,-0.486054307,1.863535616));
#2719=CARTESIAN_POINT('',(-7.213894494,-0.408040566,1.873481398));
#2720=CARTESIAN_POINT('',(-7.158734123,-0.3125,1.883088259));
#2721=CARTESIAN_POINT('',(-7.158721133,-0.3124775,1.883090521));
#2722=CARTESIAN_POINT('',(-7.158708143,-0.312454999,1.883092784));
#2723=CARTESIAN_POINT('',(-7.158695156,-0.312432497,1.883095046));
#2724=CARTESIAN_POINT('',(-7.10354639,-0.216884517,1.892702282));
#2725=CARTESIAN_POINT('',(-7.075,-0.110320743,1.902648064));
#2726=CARTESIAN_POINT('',(-7.075,0.,1.912254926));
#2727=CARTESIAN_POINT('',(-7.075,0.000025981,1.912257188));
#2728=CARTESIAN_POINT('',(-7.075000002,0.000051962,1.912259451));
#2729=CARTESIAN_POINT('',(-7.075000005,0.000077943,1.912261713));
#2730=CARTESIAN_POINT('',(-7.075013763,0.110399303,1.921868949));
#2731=CARTESIAN_POINT('',(-7.103573751,0.216959434,1.931814731));
#2732=CARTESIAN_POINT('',(-7.158734123,0.3125,1.941421592));
#2733=CARTESIAN_POINT('',(-7.158747113,0.3125225,1.941423854));
#2734=CARTESIAN_POINT('',(-7.158760105,0.312545,1.941426117));
#2735=CARTESIAN_POINT('',(-7.158773099,0.312567498,1.941428379));
#2736=CARTESIAN_POINT('',(-7.213945693,0.40810172,1.951035616));
#2737=CARTESIAN_POINT('',(-7.291959434,0.486105506,1.960981398));
#2738=CARTESIAN_POINT('',(-7.3875,0.541265877,1.970588259));
#2739=CARTESIAN_POINT('',(-7.3875225,0.541278867,1.970590521));
#2740=CARTESIAN_POINT('',(-7.387545001,0.541291857,1.970592784));
#2741=CARTESIAN_POINT('',(-7.387567503,0.541304844,1.970595046));
#2742=CARTESIAN_POINT('',(-7.483115483,0.59645361,1.980202282));
#2743=CARTESIAN_POINT('',(-7.589679257,0.625,1.990148064));
#2744=CARTESIAN_POINT('',(-7.7,0.625,1.999754926));
#2745=CARTESIAN_POINT('',(-7.700025981,0.625,1.999757188));
#2746=CARTESIAN_POINT('',(-7.700051962,0.624999998,1.999759451));
#2747=CARTESIAN_POINT('',(-7.700077943,0.624999995,1.999761713));
#2748=CARTESIAN_POINT('',(-7.810399303,0.624986237,2.009368949));
#2749=CARTESIAN_POINT('',(-7.916959434,0.596426249,2.019314731));
#2750=CARTESIAN_POINT('',(-8.0125,0.541265877,2.028921592));
#2751=CARTESIAN_POINT('',(-8.0125225,0.541252887,2.028923854));
#2752=CARTESIAN_POINT('',(-8.012545,0.541239895,2.028926117));
#2753=CARTESIAN_POINT('',(-8.012567498,0.541226901,2.028928379));
#2754=CARTESIAN_POINT('',(-8.10810172,0.486054307,2.038535616));
#2755=CARTESIAN_POINT('',(-8.186105506,0.408040566,2.048481398));
#2756=CARTESIAN_POINT('',(-8.241265877,0.3125,2.058088259));
#2757=CARTESIAN_POINT('',(-8.241278867,0.3124775,2.058090521));
#2758=CARTESIAN_POINT('',(-8.241291857,0.312454999,2.058092784));
#2759=CARTESIAN_POINT('',(-8.241304844,0.312432497,2.058095046));
#2760=CARTESIAN_POINT('',(-8.29645361,0.216884517,2.067702282));
#2761=CARTESIAN_POINT('',(-8.325,0.110320743,2.077648064));
#2762=CARTESIAN_POINT('',(-8.325,0.,2.087254926));
#2763=CARTESIAN_POINT('',(-8.325,-0.000025981,2.087257188));
#2764=CARTESIAN_POINT('',(-8.324999998,-0.000051962,2.087259451));
#2765=CARTESIAN_POINT('',(-8.324999995,-0.000077943,2.087261713));
#2766=CARTESIAN_POINT('',(-8.324986237,-0.110399303,2.096868949));
#2767=CARTESIAN_POINT('',(-8.296426249,-0.216959434,2.106814731));
#2768=CARTESIAN_POINT('',(-8.241265877,-0.3125,2.116421592));
#2769=CARTESIAN_POINT('',(-8.241252887,-0.3125225,2.116423854));
#2770=CARTESIAN_POINT('',(-8.241239895,-0.312545,2.116426117));
#2771=CARTESIAN_POINT('',(-8.241226901,-0.312567498,2.116428379));
#2772=CARTESIAN_POINT('',(-8.186054307,-0.40810172,2.126035616));
#2773=CARTESIAN_POINT('',(-8.108040566,-0.486105506,2.135981398));
#2774=CARTESIAN_POINT('',(-8.0125,-0.541265877,2.145588259));
#2775=CARTESIAN_POINT('',(-8.0124775,-0.541278867,2.145590521));
#2776=CARTESIAN_POINT('',(-8.012454999,-0.541291857,2.145592784));
#2777=CARTESIAN_POINT('',(-8.012432497,-0.541304844,2.145595046));
#2778=CARTESIAN_POINT('',(-7.916884517,-0.59645361,2.155202282));
#2779=CARTESIAN_POINT('',(-7.810320743,-0.625,2.165148064));
#2780=CARTESIAN_POINT('',(-7.7,-0.625,2.174754926));
#2781=CARTESIAN_POINT('',(-7.699974019,-0.625,2.174757188));
#2782=CARTESIAN_POINT('',(-7.699948038,-0.624999998,2.174759451));
#2783=CARTESIAN_POINT('',(-7.699922057,-0.624999995,2.174761713));
#2784=CARTESIAN_POINT('',(-7.589600697,-0.624986237,2.184368949));
#2785=CARTESIAN_POINT('',(-7.483040566,-0.596426249,2.194314731));
#2786=CARTESIAN_POINT('',(-7.3875,-0.541265877,2.203921592));
#2787=CARTESIAN_POINT('',(-7.3874775,-0.541252887,2.203923854));
#2788=CARTESIAN_POINT('',(-7.387455,-0.541239895,2.203926117));
#2789=CARTESIAN_POINT('',(-7.387432502,-0.541226901,2.203928379));
#2790=CARTESIAN_POINT('',(-7.29189828,-0.486054307,2.213535616));
#2791=CARTESIAN_POINT('',(-7.213894494,-0.408040566,2.223481398));
#2792=CARTESIAN_POINT('',(-7.158734123,-0.3125,2.233088259));
#2793=CARTESIAN_POINT('',(-7.158721133,-0.3124775,2.233090521));
#2794=CARTESIAN_POINT('',(-7.158708143,-0.312454999,2.233092784));
#2795=CARTESIAN_POINT('',(-7.158695156,-0.312432497,2.233095046));
#2796=CARTESIAN_POINT('',(-7.10354639,-0.216884517,2.242702282));
#2797=CARTESIAN_POINT('',(-7.075,-0.110320743,2.252648064));
#2798=CARTESIAN_POINT('',(-7.075,0.,2.262254926));
#2799=CARTESIAN_POINT('',(-7.075,0.000025981,2.262257188));
#2800=CARTESIAN_POINT('',(-7.075000002,0.000051962,2.262259451));
#2801=CARTESIAN_POINT('',(-7.075000005,0.000077943,2.262261713));
#2802=CARTESIAN_POINT('',(-7.075013763,0.110399303,2.271868949));
#2803=CARTESIAN_POINT('',(-7.103573751,0.216959434,2.281814731));
#2804=CARTESIAN_POINT('',(-7.158734123,0.3125,2.291421592));
#2805=CARTESIAN_POINT('',(-7.158747113,0.3125225,2.291423854));
#2806=CARTESIAN_POINT('',(-7.158760105,0.312545,2.291426117));
#2807=CARTESIAN_POINT('',(-7.158773099,0.312567498,2.291428379));
#2808=CARTESIAN_POINT('',(-7.213945693,0.40810172,2.301035616));
#2809=CARTESIAN_POINT('',(-7.291959434,0.486105506,2.310981398));
#2810=CARTESIAN_POINT('',(-7.3875,0.541265877,2.320588259));
#2811=CARTESIAN_POINT('',(-7.3875225,0.541278867,2.320590521));
#2812=CARTESIAN_POINT('',(-7.387545001,0.541291857,2.320592784));
#2813=CARTESIAN_POINT('',(-7.387567503,0.541304844,2.320595046));
#2814=CARTESIAN_POINT('',(-7.483115483,0.59645361,2.330202282));
#2815=CARTESIAN_POINT('',(-7.589679257,0.625,2.340148064));
#2816=CARTESIAN_POINT('',(-7.7,0.625,2.349754926));
#2817=CARTESIAN_POINT('',(-7.700025981,0.625,2.349757188));
#2818=CARTESIAN_POINT('',(-7.700051962,0.624999998,2.349759451));
#2819=CARTESIAN_POINT('',(-7.700077943,0.624999995,2.349761713));
#2820=CARTESIAN_POINT('',(-7.810399303,0.624986237,2.359368949));
#2821=CARTESIAN_POINT('',(-7.916959434,0.596426249,2.369314731));
#2822=CARTESIAN_POINT('',(-8.0125,0.541265877,2.378921592));
#2823=CARTESIAN_POINT('',(-8.0125225,0.541252887,2.378923854));
#2824=CARTESIAN_POINT('',(-8.012545,0.541239895,2.378926117));
#2825=CARTESIAN_POINT('',(-8.012567498,0.541226901,2.378928379));
#2826=CARTESIAN_POINT('',(-8.10810172,0.486054307,2.388535616));
#2827=CARTESIAN_POINT('',(-8.186105506,0.408040566,2.398481398));
#2828=CARTESIAN_POINT('',(-8.241265877,0.3125,2.408088259));
#2829=CARTESIAN_POINT('',(-8.241278867,0.3124775,2.408090521));
#2830=CARTESIAN_POINT('',(-8.241291857,0.312454999,2.408092784));
#2831=CARTESIAN_POINT('',(-8.241304844,0.312432497,2.408095046));
#2832=CARTESIAN_POINT('',(-8.29645361,0.216884517,2.417702282));
#2833=CARTESIAN_POINT('',(-8.325,0.110320743,2.427648064));
#2834=CARTESIAN_POINT('',(-8.325,0.,2.437254926));
#2835=CARTESIAN_POINT('',(-8.325,-0.000025981,2.437257188));
#2836=CARTESIAN_POINT('',(-8.324999998,-0.000051962,2.437259451));
#2837=CARTESIAN_POINT('',(-8.324999995,-0.000077943,2.437261713));
#2838=CARTESIAN_POINT('',(-8.324986237,-0.110399303,2.446868949));
#2839=CARTESIAN_POINT('',(-8.296426249,-0.216959434,2.456814731));
#2840=CARTESIAN_POINT('',(-8.241265877,-0.3125,2.466421592));
#2841=CARTESIAN_POINT('',(-8.241252887,-0.3125225,2.466423854));
#2842=CARTESIAN_POINT('',(-8.241239895,-0.312545,2.466426117));
#2843=CARTESIAN_POINT('',(-8.241226901,-0.312567498,2.466428379));
#2844=CARTESIAN_POINT('',(-8.186054307,-0.40810172,2.476035616));
#2845=CARTESIAN_POINT('',(-8.108040566,-0.486105506,2.485981398));
#2846=CARTESIAN_POINT('',(-8.0125,-0.541265877,2.495588259));
#2847=CARTESIAN_POINT('',(-8.0124775,-0.541278867,2.495590521));
#2848=CARTESIAN_POINT('',(-8.012454999,-0.541291857,2.495592784));
#2849=CARTESIAN_POINT('',(-8.012432497,-0.541304844,2.495595046));
#2850=CARTESIAN_POINT('',(-7.916884517,-0.59645361,2.505202282));
#2851=CARTESIAN_POINT('',(-7.810320743,-0.625,2.515148064));
#2852=CARTESIAN_POINT('',(-7.7,-0.625,2.524754926));
#2853=CARTESIAN_POINT('',(-7.699974019,-0.625,2.524757188));
#2854=CARTESIAN_POINT('',(-7.699948038,-0.624999998,2.524759451));
#2855=CARTESIAN_POINT('',(-7.699922057,-0.624999995,2.524761713));
#2856=CARTESIAN_POINT('',(-7.589600697,-0.624986237,2.534368949));
#2857=CARTESIAN_POINT('',(-7.483040566,-0.596426249,2.544314731));
#2858=CARTESIAN_POINT('',(-7.3875,-0.541265877,2.553921592));
#2859=CARTESIAN_POINT('',(-7.3874775,-0.541252887,2.553923854));
#2860=CARTESIAN_POINT('',(-7.387455,-0.541239895,2.553926117));
#2861=CARTESIAN_POINT('',(-7.387432502,-0.541226901,2.553928379));
#2862=CARTESIAN_POINT('',(-7.29189828,-0.486054307,2.563535616));
#2863=CARTESIAN_POINT('',(-7.213894494,-0.408040566,2.573481398));
#2864=CARTESIAN_POINT('',(-7.158734123,-0.3125,2.583088259));
#2865=CARTESIAN_POINT('',(-7.158721133,-0.3124775,2.583090521));
#2866=CARTESIAN_POINT('',(-7.158708143,-0.312454999,2.583092784));
#2867=CARTESIAN_POINT('',(-7.158695156,-0.312432497,2.583095046));
#2868=CARTESIAN_POINT('',(-7.127564227,-0.258496615,2.588518235));
#2869=CARTESIAN_POINT('',(-7.104690316,-0.200383807,2.594112492));
#2870=CARTESIAN_POINT('',(-7.090728569,-0.1393317,2.599754756));
#2871=CARTESIAN_POINT('',(-8.285526544,-0.545157446,0.130044483));
#2872=CARTESIAN_POINT('',(-8.231113635,-0.60359965,0.135664841));
#2873=CARTESIAN_POINT('',(-8.168774716,-0.653140628,0.141236631));
#2874=CARTESIAN_POINT('',(-8.100011867,-0.692840877,0.146638259));
#2875=CARTESIAN_POINT('',(-8.099983066,-0.692857505,0.146640521));
#2876=CARTESIAN_POINT('',(-8.099954264,-0.692874132,0.146642784));
#2877=CARTESIAN_POINT('',(-8.09992546,-0.692890757,0.146645046));
#2878=CARTESIAN_POINT('',(-7.977620418,-0.76348327,0.156252282));
#2879=CARTESIAN_POINT('',(-7.84121474,-0.800023734,0.166198064));
#2880=CARTESIAN_POINT('',(-7.7,-0.800023734,0.175804926));
#2881=CARTESIAN_POINT('',(-7.699966743,-0.800023734,0.175807188));
#2882=CARTESIAN_POINT('',(-7.699933487,-0.800023732,0.175809451));
#2883=CARTESIAN_POINT('',(-7.69990023,-0.800023728,0.175811713));
#2884=CARTESIAN_POINT('',(-7.5586847,-0.800006117,0.185418949));
#2885=CARTESIAN_POINT('',(-7.422283686,-0.763448247,0.195364731));
#2886=CARTESIAN_POINT('',(-7.299988133,-0.692840877,0.204971592));
#2887=CARTESIAN_POINT('',(-7.299959332,-0.692824249,0.204973854));
#2888=CARTESIAN_POINT('',(-7.299930532,-0.692807619,0.204976117));
#2889=CARTESIAN_POINT('',(-7.299901733,-0.692790987,0.204978379));
#2890=CARTESIAN_POINT('',(-7.177614301,-0.622167971,0.214585616));
#2891=CARTESIAN_POINT('',(-7.077766493,-0.52230742,0.224531398));
#2892=CARTESIAN_POINT('',(-7.007159123,-0.400011867,0.234138259));
#2893=CARTESIAN_POINT('',(-7.007142495,-0.399983066,0.234140521));
#2894=CARTESIAN_POINT('',(-7.007125868,-0.399954264,0.234142784));
#2895=CARTESIAN_POINT('',(-7.007109243,-0.39992546,0.234145046));
#2896=CARTESIAN_POINT('',(-6.93651673,-0.277620418,0.243752282));
#2897=CARTESIAN_POINT('',(-6.899976266,-0.14121474,0.253698064));
#2898=CARTESIAN_POINT('',(-6.899976266,0.,0.263304926));
#2899=CARTESIAN_POINT('',(-6.899976266,0.000033257,0.263307188));
#2900=CARTESIAN_POINT('',(-6.899976268,0.000066513,0.263309451));
#2901=CARTESIAN_POINT('',(-6.899976272,0.00009977,0.263311713));
#2902=CARTESIAN_POINT('',(-6.899993883,0.1413153,0.272918949));
#2903=CARTESIAN_POINT('',(-6.936551753,0.277716314,0.282864731));
#2904=CARTESIAN_POINT('',(-7.007159123,0.400011867,0.292471592));
#2905=CARTESIAN_POINT('',(-7.007175751,0.400040668,0.292473854));
#2906=CARTESIAN_POINT('',(-7.007192381,0.400069468,0.292476117));
#2907=CARTESIAN_POINT('',(-7.007209013,0.400098267,0.292478379));
#2908=CARTESIAN_POINT('',(-7.077832029,0.522385699,0.302085616));
#2909=CARTESIAN_POINT('',(-7.17769258,0.622233507,0.312031398));
#2910=CARTESIAN_POINT('',(-7.299988133,0.692840877,0.321638259));
#2911=CARTESIAN_POINT('',(-7.300016934,0.692857505,0.321640521));
#2912=CARTESIAN_POINT('',(-7.300045736,0.692874132,0.321642784));
#2913=CARTESIAN_POINT('',(-7.30007454,0.692890757,0.321645046));
#2914=CARTESIAN_POINT('',(-7.422379582,0.76348327,0.331252282));
#2915=CARTESIAN_POINT('',(-7.55878526,0.800023734,0.341198064));
#2916=CARTESIAN_POINT('',(-7.7,0.800023734,0.350804926));
#2917=CARTESIAN_POINT('',(-7.700033257,0.800023734,0.350807188));
#2918=CARTESIAN_POINT('',(-7.700066513,0.800023732,0.350809451));
#2919=CARTESIAN_POINT('',(-7.70009977,0.800023728,0.350811713));
#2920=CARTESIAN_POINT('',(-7.8413153,0.800006117,0.360418949));
#2921=CARTESIAN_POINT('',(-7.977716314,0.763448247,0.370364731));
#2922=CARTESIAN_POINT('',(-8.100011867,0.692840877,0.379971592));
#2923=CARTESIAN_POINT('',(-8.100040668,0.692824249,0.379973854));
#2924=CARTESIAN_POINT('',(-8.100069468,0.692807619,0.379976117));
#2925=CARTESIAN_POINT('',(-8.100098267,0.692790987,0.379978379));
#2926=CARTESIAN_POINT('',(-8.222385699,0.622167971,0.389585616));
#2927=CARTESIAN_POINT('',(-8.322233507,0.52230742,0.399531398));
#2928=CARTESIAN_POINT('',(-8.392840877,0.400011867,0.409138259));
#2929=CARTESIAN_POINT('',(-8.392857505,0.399983066,0.409140521));
#2930=CARTESIAN_POINT('',(-8.392874132,0.399954264,0.409142784));
#2931=CARTESIAN_POINT('',(-8.392890757,0.39992546,0.409145046));
#2932=CARTESIAN_POINT('',(-8.46348327,0.277620418,0.418752282));
#2933=CARTESIAN_POINT('',(-8.500023734,0.14121474,0.428698064));
#2934=CARTESIAN_POINT('',(-8.500023734,0.,0.438304926));
#2935=CARTESIAN_POINT('',(-8.500023734,-0.000033257,0.438307188));
#2936=CARTESIAN_POINT('',(-8.500023732,-0.000066513,0.438309451));
#2937=CARTESIAN_POINT('',(-8.500023728,-0.00009977,0.438311713));
#2938=CARTESIAN_POINT('',(-8.500006117,-0.1413153,0.447918949));
#2939=CARTESIAN_POINT('',(-8.463448247,-0.277716314,0.457864731));
#2940=CARTESIAN_POINT('',(-8.392840877,-0.400011867,0.467471592));
#2941=CARTESIAN_POINT('',(-8.392824249,-0.400040668,0.467473854));
#2942=CARTESIAN_POINT('',(-8.392807619,-0.400069468,0.467476117));
#2943=CARTESIAN_POINT('',(-8.392790987,-0.400098267,0.467478379));
#2944=CARTESIAN_POINT('',(-8.322167971,-0.522385699,0.477085616));
#2945=CARTESIAN_POINT('',(-8.22230742,-0.622233507,0.487031398));
#2946=CARTESIAN_POINT('',(-8.100011867,-0.692840877,0.496638259));
#2947=CARTESIAN_POINT('',(-8.099983066,-0.692857505,0.496640521));
#2948=CARTESIAN_POINT('',(-8.099954264,-0.692874132,0.496642784));
#2949=CARTESIAN_POINT('',(-8.09992546,-0.692890757,0.496645046));
#2950=CARTESIAN_POINT('',(-7.977620418,-0.76348327,0.506252282));
#2951=CARTESIAN_POINT('',(-7.84121474,-0.800023734,0.516198064));
#2952=CARTESIAN_POINT('',(-7.7,-0.800023734,0.525804926));
#2953=CARTESIAN_POINT('',(-7.699966743,-0.800023734,0.525807188));
#2954=CARTESIAN_POINT('',(-7.699933487,-0.800023732,0.525809451));
#2955=CARTESIAN_POINT('',(-7.69990023,-0.800023728,0.525811713));
#2956=CARTESIAN_POINT('',(-7.5586847,-0.800006117,0.535418949));
#2957=CARTESIAN_POINT('',(-7.422283686,-0.763448247,0.545364731));
#2958=CARTESIAN_POINT('',(-7.299988133,-0.692840877,0.554971592));
#2959=CARTESIAN_POINT('',(-7.299959332,-0.692824249,0.554973854));
#2960=CARTESIAN_POINT('',(-7.299930532,-0.692807619,0.554976117));
#2961=CARTESIAN_POINT('',(-7.299901733,-0.692790987,0.554978379));
#2962=CARTESIAN_POINT('',(-7.177614301,-0.622167971,0.564585616));
#2963=CARTESIAN_POINT('',(-7.077766493,-0.52230742,0.574531398));
#2964=CARTESIAN_POINT('',(-7.007159123,-0.400011867,0.584138259));
#2965=CARTESIAN_POINT('',(-7.007142495,-0.399983066,0.584140521));
#2966=CARTESIAN_POINT('',(-7.007125868,-0.399954264,0.584142784));
#2967=CARTESIAN_POINT('',(-7.007109243,-0.39992546,0.584145046));
#2968=CARTESIAN_POINT('',(-6.93651673,-0.277620418,0.593752282));
#2969=CARTESIAN_POINT('',(-6.899976266,-0.14121474,0.603698064));
#2970=CARTESIAN_POINT('',(-6.899976266,0.,0.613304926));
#2971=CARTESIAN_POINT('',(-6.899976266,0.000033257,0.613307188));
#2972=CARTESIAN_POINT('',(-6.899976268,0.000066513,0.613309451));
#2973=CARTESIAN_POINT('',(-6.899976272,0.00009977,0.613311713));
#2974=CARTESIAN_POINT('',(-6.899993883,0.1413153,0.622918949));
#2975=CARTESIAN_POINT('',(-6.936551753,0.277716314,0.632864731));
#2976=CARTESIAN_POINT('',(-7.007159123,0.400011867,0.642471592));
#2977=CARTESIAN_POINT('',(-7.007175751,0.400040668,0.642473854));
#2978=CARTESIAN_POINT('',(-7.007192381,0.400069468,0.642476117));
#2979=CARTESIAN_POINT('',(-7.007209013,0.400098267,0.642478379));
#2980=CARTESIAN_POINT('',(-7.077832029,0.522385699,0.652085616));
#2981=CARTESIAN_POINT('',(-7.17769258,0.622233507,0.662031398));
#2982=CARTESIAN_POINT('',(-7.299988133,0.692840877,0.671638259));
#2983=CARTESIAN_POINT('',(-7.300016934,0.692857505,0.671640521));
#2984=CARTESIAN_POINT('',(-7.300045736,0.692874132,0.671642784));
#2985=CARTESIAN_POINT('',(-7.30007454,0.692890757,0.671645046));
#2986=CARTESIAN_POINT('',(-7.422379582,0.76348327,0.681252282));
#2987=CARTESIAN_POINT('',(-7.55878526,0.800023734,0.691198064));
#2988=CARTESIAN_POINT('',(-7.7,0.800023734,0.700804926));
#2989=CARTESIAN_POINT('',(-7.700033257,0.800023734,0.700807188));
#2990=CARTESIAN_POINT('',(-7.700066513,0.800023732,0.700809451));
#2991=CARTESIAN_POINT('',(-7.70009977,0.800023728,0.700811713));
#2992=CARTESIAN_POINT('',(-7.8413153,0.800006117,0.710418949));
#2993=CARTESIAN_POINT('',(-7.977716314,0.763448247,0.720364731));
#2994=CARTESIAN_POINT('',(-8.100011867,0.692840877,0.729971592));
#2995=CARTESIAN_POINT('',(-8.100040668,0.692824249,0.729973854));
#2996=CARTESIAN_POINT('',(-8.100069468,0.692807619,0.729976117));
#2997=CARTESIAN_POINT('',(-8.100098267,0.692790987,0.729978379));
#2998=CARTESIAN_POINT('',(-8.222385699,0.622167971,0.739585616));
#2999=CARTESIAN_POINT('',(-8.322233507,0.52230742,0.749531398));
#3000=CARTESIAN_POINT('',(-8.392840877,0.400011867,0.759138259));
#3001=CARTESIAN_POINT('',(-8.392857505,0.399983066,0.759140521));
#3002=CARTESIAN_POINT('',(-8.392874132,0.399954264,0.759142784));
#3003=CARTESIAN_POINT('',(-8.392890757,0.39992546,0.759145046));
#3004=CARTESIAN_POINT('',(-8.46348327,0.277620418,0.768752282));
#3005=CARTESIAN_POINT('',(-8.500023734,0.14121474,0.778698064));
#3006=CARTESIAN_POINT('',(-8.500023734,0.,0.788304926));
#3007=CARTESIAN_POINT('',(-8.500023734,-0.000033257,0.788307188));
#3008=CARTESIAN_POINT('',(-8.500023732,-0.000066513,0.788309451));
#3009=CARTESIAN_POINT('',(-8.500023728,-0.00009977,0.788311713));
#3010=CARTESIAN_POINT('',(-8.500006117,-0.1413153,0.797918949));
#3011=CARTESIAN_POINT('',(-8.463448247,-0.277716314,0.807864731));
#3012=CARTESIAN_POINT('',(-8.392840877,-0.400011867,0.817471592));
#3013=CARTESIAN_POINT('',(-8.392824249,-0.400040668,0.817473854));
#3014=CARTESIAN_POINT('',(-8.392807619,-0.400069468,0.817476117));
#3015=CARTESIAN_POINT('',(-8.392790987,-0.400098267,0.817478379));
#3016=CARTESIAN_POINT('',(-8.322167971,-0.522385699,0.827085616));
#3017=CARTESIAN_POINT('',(-8.22230742,-0.622233507,0.837031398));
#3018=CARTESIAN_POINT('',(-8.100011867,-0.692840877,0.846638259));
#3019=CARTESIAN_POINT('',(-8.099983066,-0.692857505,0.846640521));
#3020=CARTESIAN_POINT('',(-8.099954264,-0.692874132,0.846642784));
#3021=CARTESIAN_POINT('',(-8.09992546,-0.692890757,0.846645046));
#3022=CARTESIAN_POINT('',(-7.977620418,-0.76348327,0.856252282));
#3023=CARTESIAN_POINT('',(-7.84121474,-0.800023734,0.866198064));
#3024=CARTESIAN_POINT('',(-7.7,-0.800023734,0.875804926));
#3025=CARTESIAN_POINT('',(-7.699966743,-0.800023734,0.875807188));
#3026=CARTESIAN_POINT('',(-7.699933487,-0.800023732,0.875809451));
#3027=CARTESIAN_POINT('',(-7.69990023,-0.800023728,0.875811713));
#3028=CARTESIAN_POINT('',(-7.5586847,-0.800006117,0.885418949));
#3029=CARTESIAN_POINT('',(-7.422283686,-0.763448247,0.895364731));
#3030=CARTESIAN_POINT('',(-7.299988133,-0.692840877,0.904971592));
#3031=CARTESIAN_POINT('',(-7.299959332,-0.692824249,0.904973854));
#3032=CARTESIAN_POINT('',(-7.299930532,-0.692807619,0.904976117));
#3033=CARTESIAN_POINT('',(-7.299901733,-0.692790987,0.904978379));
#3034=CARTESIAN_POINT('',(-7.177614301,-0.622167971,0.914585616));
#3035=CARTESIAN_POINT('',(-7.077766493,-0.52230742,0.924531398));
#3036=CARTESIAN_POINT('',(-7.007159123,-0.400011867,0.934138259));
#3037=CARTESIAN_POINT('',(-7.007142495,-0.399983066,0.934140521));
#3038=CARTESIAN_POINT('',(-7.007125868,-0.399954264,0.934142784));
#3039=CARTESIAN_POINT('',(-7.007109243,-0.39992546,0.934145046));
#3040=CARTESIAN_POINT('',(-6.93651673,-0.277620418,0.943752282));
#3041=CARTESIAN_POINT('',(-6.899976266,-0.14121474,0.953698064));
#3042=CARTESIAN_POINT('',(-6.899976266,0.,0.963304926));
#3043=CARTESIAN_POINT('',(-6.899976266,0.000033257,0.963307188));
#3044=CARTESIAN_POINT('',(-6.899976268,0.000066513,0.963309451));
#3045=CARTESIAN_POINT('',(-6.899976272,0.00009977,0.963311713));
#3046=CARTESIAN_POINT('',(-6.899993883,0.1413153,0.972918949));
#3047=CARTESIAN_POINT('',(-6.936551753,0.277716314,0.982864731));
#3048=CARTESIAN_POINT('',(-7.007159123,0.400011867,0.992471592));
#3049=CARTESIAN_POINT('',(-7.007175751,0.400040668,0.992473854));
#3050=CARTESIAN_POINT('',(-7.007192381,0.400069468,0.992476117));
#3051=CARTESIAN_POINT('',(-7.007209013,0.400098267,0.992478379));
#3052=CARTESIAN_POINT('',(-7.077832029,0.522385699,1.002085616));
#3053=CARTESIAN_POINT('',(-7.17769258,0.622233507,1.012031398));
#3054=CARTESIAN_POINT('',(-7.299988133,0.692840877,1.021638259));
#3055=CARTESIAN_POINT('',(-7.300016934,0.692857505,1.021640521));
#3056=CARTESIAN_POINT('',(-7.300045736,0.692874132,1.021642784));
#3057=CARTESIAN_POINT('',(-7.30007454,0.692890757,1.021645046));
#3058=CARTESIAN_POINT('',(-7.422379582,0.76348327,1.031252282));
#3059=CARTESIAN_POINT('',(-7.55878526,0.800023734,1.041198064));
#3060=CARTESIAN_POINT('',(-7.7,0.800023734,1.050804926));
#3061=CARTESIAN_POINT('',(-7.700033257,0.800023734,1.050807188));
#3062=CARTESIAN_POINT('',(-7.700066513,0.800023732,1.050809451));
#3063=CARTESIAN_POINT('',(-7.70009977,0.800023728,1.050811713));
#3064=CARTESIAN_POINT('',(-7.8413153,0.800006117,1.060418949));
#3065=CARTESIAN_POINT('',(-7.977716314,0.763448247,1.070364731));
#3066=CARTESIAN_POINT('',(-8.100011867,0.692840877,1.079971592));
#3067=CARTESIAN_POINT('',(-8.100040668,0.692824249,1.079973854));
#3068=CARTESIAN_POINT('',(-8.100069468,0.692807619,1.079976117));
#3069=CARTESIAN_POINT('',(-8.100098267,0.692790987,1.079978379));
#3070=CARTESIAN_POINT('',(-8.222385699,0.622167971,1.089585616));
#3071=CARTESIAN_POINT('',(-8.322233507,0.52230742,1.099531398));
#3072=CARTESIAN_POINT('',(-8.392840877,0.400011867,1.109138259));
#3073=CARTESIAN_POINT('',(-8.392857505,0.399983066,1.109140521));
#3074=CARTESIAN_POINT('',(-8.392874132,0.399954264,1.109142784));
#3075=CARTESIAN_POINT('',(-8.392890757,0.39992546,1.109145046));
#3076=CARTESIAN_POINT('',(-8.46348327,0.277620418,1.118752282));
#3077=CARTESIAN_POINT('',(-8.500023734,0.14121474,1.128698064));
#3078=CARTESIAN_POINT('',(-8.500023734,0.,1.138304926));
#3079=CARTESIAN_POINT('',(-8.500023734,-0.000033257,1.138307188));
#3080=CARTESIAN_POINT('',(-8.500023732,-0.000066513,1.138309451));
#3081=CARTESIAN_POINT('',(-8.500023728,-0.00009977,1.138311713));
#3082=CARTESIAN_POINT('',(-8.500006117,-0.1413153,1.147918949));
#3083=CARTESIAN_POINT('',(-8.463448247,-0.277716314,1.157864731));
#3084=CARTESIAN_POINT('',(-8.392840877,-0.400011867,1.167471592));
#3085=CARTESIAN_POINT('',(-8.392824249,-0.400040668,1.167473854));
#3086=CARTESIAN_POINT('',(-8.392807619,-0.400069468,1.167476117));
#3087=CARTESIAN_POINT('',(-8.392790987,-0.400098267,1.167478379));
#3088=CARTESIAN_POINT('',(-8.322167971,-0.522385699,1.177085616));
#3089=CARTESIAN_POINT('',(-8.22230742,-0.622233507,1.187031398));
#3090=CARTESIAN_POINT('',(-8.100011867,-0.692840877,1.196638259));
#3091=CARTESIAN_POINT('',(-8.099983066,-0.692857505,1.196640521));
#3092=CARTESIAN_POINT('',(-8.099954264,-0.692874132,1.196642784));
#3093=CARTESIAN_POINT('',(-8.09992546,-0.692890757,1.196645046));
#3094=CARTESIAN_POINT('',(-7.977620418,-0.76348327,1.206252282));
#3095=CARTESIAN_POINT('',(-7.84121474,-0.800023734,1.216198064));
#3096=CARTESIAN_POINT('',(-7.7,-0.800023734,1.225804926));
#3097=CARTESIAN_POINT('',(-7.699966743,-0.800023734,1.225807188));
#3098=CARTESIAN_POINT('',(-7.699933487,-0.800023732,1.225809451));
#3099=CARTESIAN_POINT('',(-7.69990023,-0.800023728,1.225811713));
#3100=CARTESIAN_POINT('',(-7.5586847,-0.800006117,1.235418949));
#3101=CARTESIAN_POINT('',(-7.422283686,-0.763448247,1.245364731));
#3102=CARTESIAN_POINT('',(-7.299988133,-0.692840877,1.254971592));
#3103=CARTESIAN_POINT('',(-7.299959332,-0.692824249,1.254973854));
#3104=CARTESIAN_POINT('',(-7.299930532,-0.692807619,1.254976117));
#3105=CARTESIAN_POINT('',(-7.299901733,-0.692790987,1.254978379));
#3106=CARTESIAN_POINT('',(-7.177614301,-0.622167971,1.264585616));
#3107=CARTESIAN_POINT('',(-7.077766493,-0.52230742,1.274531398));
#3108=CARTESIAN_POINT('',(-7.007159123,-0.400011867,1.284138259));
#3109=CARTESIAN_POINT('',(-7.007142495,-0.399983066,1.284140521));
#3110=CARTESIAN_POINT('',(-7.007125868,-0.399954264,1.284142784));
#3111=CARTESIAN_POINT('',(-7.007109243,-0.39992546,1.284145046));
#3112=CARTESIAN_POINT('',(-6.93651673,-0.277620418,1.293752282));
#3113=CARTESIAN_POINT('',(-6.899976266,-0.14121474,1.303698064));
#3114=CARTESIAN_POINT('',(-6.899976266,0.,1.313304926));
#3115=CARTESIAN_POINT('',(-6.899976266,0.000033257,1.313307188));
#3116=CARTESIAN_POINT('',(-6.899976268,0.000066513,1.313309451));
#3117=CARTESIAN_POINT('',(-6.899976272,0.00009977,1.313311713));
#3118=CARTESIAN_POINT('',(-6.899993883,0.1413153,1.322918949));
#3119=CARTESIAN_POINT('',(-6.936551753,0.277716314,1.332864731));
#3120=CARTESIAN_POINT('',(-7.007159123,0.400011867,1.342471592));
#3121=CARTESIAN_POINT('',(-7.007175751,0.400040668,1.342473854));
#3122=CARTESIAN_POINT('',(-7.007192381,0.400069468,1.342476117));
#3123=CARTESIAN_POINT('',(-7.007209013,0.400098267,1.342478379));
#3124=CARTESIAN_POINT('',(-7.077832029,0.522385699,1.352085616));
#3125=CARTESIAN_POINT('',(-7.17769258,0.622233507,1.362031398));
#3126=CARTESIAN_POINT('',(-7.299988133,0.692840877,1.371638259));
#3127=CARTESIAN_POINT('',(-7.300016934,0.692857505,1.371640521));
#3128=CARTESIAN_POINT('',(-7.300045736,0.692874132,1.371642784));
#3129=CARTESIAN_POINT('',(-7.30007454,0.692890757,1.371645046));
#3130=CARTESIAN_POINT('',(-7.422379582,0.76348327,1.381252282));
#3131=CARTESIAN_POINT('',(-7.55878526,0.800023734,1.391198064));
#3132=CARTESIAN_POINT('',(-7.7,0.800023734,1.400804926));
#3133=CARTESIAN_POINT('',(-7.700033257,0.800023734,1.400807188));
#3134=CARTESIAN_POINT('',(-7.700066513,0.800023732,1.400809451));
#3135=CARTESIAN_POINT('',(-7.70009977,0.800023728,1.400811713));
#3136=CARTESIAN_POINT('',(-7.8413153,0.800006117,1.410418949));
#3137=CARTESIAN_POINT('',(-7.977716314,0.763448247,1.420364731));
#3138=CARTESIAN_POINT('',(-8.100011867,0.692840877,1.429971592));
#3139=CARTESIAN_POINT('',(-8.100040668,0.692824249,1.429973854));
#3140=CARTESIAN_POINT('',(-8.100069468,0.692807619,1.429976117));
#3141=CARTESIAN_POINT('',(-8.100098267,0.692790987,1.429978379));
#3142=CARTESIAN_POINT('',(-8.222385699,0.622167971,1.439585616));
#3143=CARTESIAN_POINT('',(-8.322233507,0.52230742,1.449531398));
#3144=CARTESIAN_POINT('',(-8.392840877,0.400011867,1.459138259));
#3145=CARTESIAN_POINT('',(-8.392857505,0.399983066,1.459140521));
#3146=CARTESIAN_POINT('',(-8.392874132,0.399954264,1.459142784));
#3147=CARTESIAN_POINT('',(-8.392890757,0.39992546,1.459145046));
#3148=CARTESIAN_POINT('',(-8.46348327,0.277620418,1.468752282));
#3149=CARTESIAN_POINT('',(-8.500023734,0.14121474,1.478698064));
#3150=CARTESIAN_POINT('',(-8.500023734,0.,1.488304926));
#3151=CARTESIAN_POINT('',(-8.500023734,-0.000033257,1.488307188));
#3152=CARTESIAN_POINT('',(-8.500023732,-0.000066513,1.488309451));
#3153=CARTESIAN_POINT('',(-8.500023728,-0.00009977,1.488311713));
#3154=CARTESIAN_POINT('',(-8.500006117,-0.1413153,1.497918949));
#3155=CARTESIAN_POINT('',(-8.463448247,-0.277716314,1.507864731));
#3156=CARTESIAN_POINT('',(-8.392840877,-0.400011867,1.517471592));
#3157=CARTESIAN_POINT('',(-8.392824249,-0.400040668,1.517473854));
#3158=CARTESIAN_POINT('',(-8.392807619,-0.400069468,1.517476117));
#3159=CARTESIAN_POINT('',(-8.392790987,-0.400098267,1.517478379));
#3160=CARTESIAN_POINT('',(-8.322167971,-0.522385699,1.527085616));
#3161=CARTESIAN_POINT('',(-8.22230742,-0.622233507,1.537031398));
#3162=CARTESIAN_POINT('',(-8.100011867,-0.692840877,1.546638259));
#3163=CARTESIAN_POINT('',(-8.099983066,-0.692857505,1.546640521));
#3164=CARTESIAN_POINT('',(-8.099954264,-0.692874132,1.546642784));
#3165=CARTESIAN_POINT('',(-8.09992546,-0.692890757,1.546645046));
#3166=CARTESIAN_POINT('',(-7.977620418,-0.76348327,1.556252282));
#3167=CARTESIAN_POINT('',(-7.84121474,-0.800023734,1.566198064));
#3168=CARTESIAN_POINT('',(-7.7,-0.800023734,1.575804926));
#3169=CARTESIAN_POINT('',(-7.699966743,-0.800023734,1.575807188));
#3170=CARTESIAN_POINT('',(-7.699933487,-0.800023732,1.575809451));
#3171=CARTESIAN_POINT('',(-7.69990023,-0.800023728,1.575811713));
#3172=CARTESIAN_POINT('',(-7.5586847,-0.800006117,1.585418949));
#3173=CARTESIAN_POINT('',(-7.422283686,-0.763448247,1.595364731));
#3174=CARTESIAN_POINT('',(-7.299988133,-0.692840877,1.604971592));
#3175=CARTESIAN_POINT('',(-7.299959332,-0.692824249,1.604973854));
#3176=CARTESIAN_POINT('',(-7.299930532,-0.692807619,1.604976117));
#3177=CARTESIAN_POINT('',(-7.299901733,-0.692790987,1.604978379));
#3178=CARTESIAN_POINT('',(-7.177614301,-0.622167971,1.614585616));
#3179=CARTESIAN_POINT('',(-7.077766493,-0.52230742,1.624531398));
#3180=CARTESIAN_POINT('',(-7.007159123,-0.400011867,1.634138259));
#3181=CARTESIAN_POINT('',(-7.007142495,-0.399983066,1.634140521));
#3182=CARTESIAN_POINT('',(-7.007125868,-0.399954264,1.634142784));
#3183=CARTESIAN_POINT('',(-7.007109243,-0.39992546,1.634145046));
#3184=CARTESIAN_POINT('',(-6.93651673,-0.277620418,1.643752282));
#3185=CARTESIAN_POINT('',(-6.899976266,-0.14121474,1.653698064));
#3186=CARTESIAN_POINT('',(-6.899976266,0.,1.663304926));
#3187=CARTESIAN_POINT('',(-6.899976266,0.000033257,1.663307188));
#3188=CARTESIAN_POINT('',(-6.899976268,0.000066513,1.663309451));
#3189=CARTESIAN_POINT('',(-6.899976272,0.00009977,1.663311713));
#3190=CARTESIAN_POINT('',(-6.899993883,0.1413153,1.672918949));
#3191=CARTESIAN_POINT('',(-6.936551753,0.277716314,1.682864731));
#3192=CARTESIAN_POINT('',(-7.007159123,0.400011867,1.692471592));
#3193=CARTESIAN_POINT('',(-7.007175751,0.400040668,1.692473854));
#3194=CARTESIAN_POINT('',(-7.007192381,0.400069468,1.692476117));
#3195=CARTESIAN_POINT('',(-7.007209013,0.400098267,1.692478379));
#3196=CARTESIAN_POINT('',(-7.077832029,0.522385699,1.702085616));
#3197=CARTESIAN_POINT('',(-7.17769258,0.622233507,1.712031398));
#3198=CARTESIAN_POINT('',(-7.299988133,0.692840877,1.721638259));
#3199=CARTESIAN_POINT('',(-7.300016934,0.692857505,1.721640521));
#3200=CARTESIAN_POINT('',(-7.300045736,0.692874132,1.721642784));
#3201=CARTESIAN_POINT('',(-7.30007454,0.692890757,1.721645046));
#3202=CARTESIAN_POINT('',(-7.422379582,0.76348327,1.731252282));
#3203=CARTESIAN_POINT('',(-7.55878526,0.800023734,1.741198064));
#3204=CARTESIAN_POINT('',(-7.7,0.800023734,1.750804926));
#3205=CARTESIAN_POINT('',(-7.700033257,0.800023734,1.750807188));
#3206=CARTESIAN_POINT('',(-7.700066513,0.800023732,1.750809451));
#3207=CARTESIAN_POINT('',(-7.70009977,0.800023728,1.750811713));
#3208=CARTESIAN_POINT('',(-7.8413153,0.800006117,1.760418949));
#3209=CARTESIAN_POINT('',(-7.977716314,0.763448247,1.770364731));
#3210=CARTESIAN_POINT('',(-8.100011867,0.692840877,1.779971592));
#3211=CARTESIAN_POINT('',(-8.100040668,0.692824249,1.779973854));
#3212=CARTESIAN_POINT('',(-8.100069468,0.692807619,1.779976117));
#3213=CARTESIAN_POINT('',(-8.100098267,0.692790987,1.779978379));
#3214=CARTESIAN_POINT('',(-8.222385699,0.622167971,1.789585616));
#3215=CARTESIAN_POINT('',(-8.322233507,0.52230742,1.799531398));
#3216=CARTESIAN_POINT('',(-8.392840877,0.400011867,1.809138259));
#3217=CARTESIAN_POINT('',(-8.392857505,0.399983066,1.809140521));
#3218=CARTESIAN_POINT('',(-8.392874132,0.399954264,1.809142784));
#3219=CARTESIAN_POINT('',(-8.392890757,0.39992546,1.809145046));
#3220=CARTESIAN_POINT('',(-8.46348327,0.277620418,1.818752282));
#3221=CARTESIAN_POINT('',(-8.500023734,0.14121474,1.828698064));
#3222=CARTESIAN_POINT('',(-8.500023734,0.,1.838304926));
#3223=CARTESIAN_POINT('',(-8.500023734,-0.000033257,1.838307188));
#3224=CARTESIAN_POINT('',(-8.500023732,-0.000066513,1.838309451));
#3225=CARTESIAN_POINT('',(-8.500023728,-0.00009977,1.838311713));
#3226=CARTESIAN_POINT('',(-8.500006117,-0.1413153,1.847918949));
#3227=CARTESIAN_POINT('',(-8.463448247,-0.277716314,1.857864731));
#3228=CARTESIAN_POINT('',(-8.392840877,-0.400011867,1.867471592));
#3229=CARTESIAN_POINT('',(-8.392824249,-0.400040668,1.867473854));
#3230=CARTESIAN_POINT('',(-8.392807619,-0.400069468,1.867476117));
#3231=CARTESIAN_POINT('',(-8.392790987,-0.400098267,1.867478379));
#3232=CARTESIAN_POINT('',(-8.322167971,-0.522385699,1.877085616));
#3233=CARTESIAN_POINT('',(-8.22230742,-0.622233507,1.887031398));
#3234=CARTESIAN_POINT('',(-8.100011867,-0.692840877,1.896638259));
#3235=CARTESIAN_POINT('',(-8.099983066,-0.692857505,1.896640521));
#3236=CARTESIAN_POINT('',(-8.099954264,-0.692874132,1.896642784));
#3237=CARTESIAN_POINT('',(-8.09992546,-0.692890757,1.896645046));
#3238=CARTESIAN_POINT('',(-7.977620418,-0.76348327,1.906252282));
#3239=CARTESIAN_POINT('',(-7.84121474,-0.800023734,1.916198064));
#3240=CARTESIAN_POINT('',(-7.7,-0.800023734,1.925804926));
#3241=CARTESIAN_POINT('',(-7.699966743,-0.800023734,1.925807188));
#3242=CARTESIAN_POINT('',(-7.699933487,-0.800023732,1.925809451));
#3243=CARTESIAN_POINT('',(-7.69990023,-0.800023728,1.925811713));
#3244=CARTESIAN_POINT('',(-7.5586847,-0.800006117,1.935418949));
#3245=CARTESIAN_POINT('',(-7.422283686,-0.763448247,1.945364731));
#3246=CARTESIAN_POINT('',(-7.299988133,-0.692840877,1.954971592));
#3247=CARTESIAN_POINT('',(-7.299959332,-0.692824249,1.954973854));
#3248=CARTESIAN_POINT('',(-7.299930532,-0.692807619,1.954976117));
#3249=CARTESIAN_POINT('',(-7.299901733,-0.692790987,1.954978379));
#3250=CARTESIAN_POINT('',(-7.177614301,-0.622167971,1.964585616));
#3251=CARTESIAN_POINT('',(-7.077766493,-0.52230742,1.974531398));
#3252=CARTESIAN_POINT('',(-7.007159123,-0.400011867,1.984138259));
#3253=CARTESIAN_POINT('',(-7.007142495,-0.399983066,1.984140521));
#3254=CARTESIAN_POINT('',(-7.007125868,-0.399954264,1.984142784));
#3255=CARTESIAN_POINT('',(-7.007109243,-0.39992546,1.984145046));
#3256=CARTESIAN_POINT('',(-6.93651673,-0.277620418,1.993752282));
#3257=CARTESIAN_POINT('',(-6.899976266,-0.14121474,2.003698064));
#3258=CARTESIAN_POINT('',(-6.899976266,0.,2.013304926));
#3259=CARTESIAN_POINT('',(-6.899976266,0.000033257,2.013307188));
#3260=CARTESIAN_POINT('',(-6.899976268,0.000066513,2.013309451));
#3261=CARTESIAN_POINT('',(-6.899976272,0.00009977,2.013311713));
#3262=CARTESIAN_POINT('',(-6.899993883,0.1413153,2.022918949));
#3263=CARTESIAN_POINT('',(-6.936551753,0.277716314,2.032864731));
#3264=CARTESIAN_POINT('',(-7.007159123,0.400011867,2.042471592));
#3265=CARTESIAN_POINT('',(-7.007175751,0.400040668,2.042473854));
#3266=CARTESIAN_POINT('',(-7.007192381,0.400069468,2.042476117));
#3267=CARTESIAN_POINT('',(-7.007209013,0.400098267,2.042478379));
#3268=CARTESIAN_POINT('',(-7.077832029,0.522385699,2.052085616));
#3269=CARTESIAN_POINT('',(-7.17769258,0.622233507,2.062031398));
#3270=CARTESIAN_POINT('',(-7.299988133,0.692840877,2.071638259));
#3271=CARTESIAN_POINT('',(-7.300016934,0.692857505,2.071640521));
#3272=CARTESIAN_POINT('',(-7.300045736,0.692874132,2.071642784));
#3273=CARTESIAN_POINT('',(-7.30007454,0.692890757,2.071645046));
#3274=CARTESIAN_POINT('',(-7.422379582,0.76348327,2.081252282));
#3275=CARTESIAN_POINT('',(-7.55878526,0.800023734,2.091198064));
#3276=CARTESIAN_POINT('',(-7.7,0.800023734,2.100804926));
#3277=CARTESIAN_POINT('',(-7.700033257,0.800023734,2.100807188));
#3278=CARTESIAN_POINT('',(-7.700066513,0.800023732,2.100809451));
#3279=CARTESIAN_POINT('',(-7.70009977,0.800023728,2.100811713));
#3280=CARTESIAN_POINT('',(-7.8413153,0.800006117,2.110418949));
#3281=CARTESIAN_POINT('',(-7.977716314,0.763448247,2.120364731));
#3282=CARTESIAN_POINT('',(-8.100011867,0.692840877,2.129971592));
#3283=CARTESIAN_POINT('',(-8.100040668,0.692824249,2.129973854));
#3284=CARTESIAN_POINT('',(-8.100069468,0.692807619,2.129976117));
#3285=CARTESIAN_POINT('',(-8.100098267,0.692790987,2.129978379));
#3286=CARTESIAN_POINT('',(-8.222385699,0.622167971,2.139585616));
#3287=CARTESIAN_POINT('',(-8.322233507,0.52230742,2.149531398));
#3288=CARTESIAN_POINT('',(-8.392840877,0.400011867,2.159138259));
#3289=CARTESIAN_POINT('',(-8.392857505,0.399983066,2.159140521));
#3290=CARTESIAN_POINT('',(-8.392874132,0.399954264,2.159142784));
#3291=CARTESIAN_POINT('',(-8.392890757,0.39992546,2.159145046));
#3292=CARTESIAN_POINT('',(-8.46348327,0.277620418,2.168752282));
#3293=CARTESIAN_POINT('',(-8.500023734,0.14121474,2.178698064));
#3294=CARTESIAN_POINT('',(-8.500023734,0.,2.188304926));
#3295=CARTESIAN_POINT('',(-8.500023734,-0.000033257,2.188307188));
#3296=CARTESIAN_POINT('',(-8.500023732,-0.000066513,2.188309451));
#3297=CARTESIAN_POINT('',(-8.500023728,-0.00009977,2.188311713));
#3298=CARTESIAN_POINT('',(-8.500006117,-0.1413153,2.197918949));
#3299=CARTESIAN_POINT('',(-8.463448247,-0.277716314,2.207864731));
#3300=CARTESIAN_POINT('',(-8.392840877,-0.400011867,2.217471592));
#3301=CARTESIAN_POINT('',(-8.392824249,-0.400040668,2.217473854));
#3302=CARTESIAN_POINT('',(-8.392807619,-0.400069468,2.217476117));
#3303=CARTESIAN_POINT('',(-8.392790987,-0.400098267,2.217478379));
#3304=CARTESIAN_POINT('',(-8.322167971,-0.522385699,2.227085616));
#3305=CARTESIAN_POINT('',(-8.22230742,-0.622233507,2.237031398));
#3306=CARTESIAN_POINT('',(-8.100011867,-0.692840877,2.246638259));
#3307=CARTESIAN_POINT('',(-8.099983066,-0.692857505,2.246640521));
#3308=CARTESIAN_POINT('',(-8.099954264,-0.692874132,2.246642784));
#3309=CARTESIAN_POINT('',(-8.09992546,-0.692890757,2.246645046));
#3310=CARTESIAN_POINT('',(-7.977620418,-0.76348327,2.256252282));
#3311=CARTESIAN_POINT('',(-7.84121474,-0.800023734,2.266198064));
#3312=CARTESIAN_POINT('',(-7.7,-0.800023734,2.275804926));
#3313=CARTESIAN_POINT('',(-7.699966743,-0.800023734,2.275807188));
#3314=CARTESIAN_POINT('',(-7.699933487,-0.800023732,2.275809451));
#3315=CARTESIAN_POINT('',(-7.69990023,-0.800023728,2.275811713));
#3316=CARTESIAN_POINT('',(-7.5586847,-0.800006117,2.285418949));
#3317=CARTESIAN_POINT('',(-7.422283686,-0.763448247,2.295364731));
#3318=CARTESIAN_POINT('',(-7.299988133,-0.692840877,2.304971592));
#3319=CARTESIAN_POINT('',(-7.299959332,-0.692824249,2.304973854));
#3320=CARTESIAN_POINT('',(-7.299930532,-0.692807619,2.304976117));
#3321=CARTESIAN_POINT('',(-7.299901733,-0.692790987,2.304978379));
#3322=CARTESIAN_POINT('',(-7.177614301,-0.622167971,2.314585616));
#3323=CARTESIAN_POINT('',(-7.077766493,-0.52230742,2.324531398));
#3324=CARTESIAN_POINT('',(-7.007159123,-0.400011867,2.334138259));
#3325=CARTESIAN_POINT('',(-7.007142495,-0.399983066,2.334140521));
#3326=CARTESIAN_POINT('',(-7.007125868,-0.399954264,2.334142784));
#3327=CARTESIAN_POINT('',(-7.007109243,-0.39992546,2.334145046));
#3328=CARTESIAN_POINT('',(-6.93651673,-0.277620418,2.343752282));
#3329=CARTESIAN_POINT('',(-6.899976266,-0.14121474,2.353698064));
#3330=CARTESIAN_POINT('',(-6.899976266,0.,2.363304926));
#3331=CARTESIAN_POINT('',(-6.899976266,0.000033257,2.363307188));
#3332=CARTESIAN_POINT('',(-6.899976268,0.000066513,2.363309451));
#3333=CARTESIAN_POINT('',(-6.899976272,0.00009977,2.363311713));
#3334=CARTESIAN_POINT('',(-6.899993883,0.1413153,2.372918949));
#3335=CARTESIAN_POINT('',(-6.936551753,0.277716314,2.382864731));
#3336=CARTESIAN_POINT('',(-7.007159123,0.400011867,2.392471592));
#3337=CARTESIAN_POINT('',(-7.007175751,0.400040668,2.392473854));
#3338=CARTESIAN_POINT('',(-7.007192381,0.400069468,2.392476117));
#3339=CARTESIAN_POINT('',(-7.007209013,0.400098267,2.392478379));
#3340=CARTESIAN_POINT('',(-7.077832029,0.522385699,2.402085616));
#3341=CARTESIAN_POINT('',(-7.17769258,0.622233507,2.412031398));
#3342=CARTESIAN_POINT('',(-7.299988133,0.692840877,2.421638259));
#3343=CARTESIAN_POINT('',(-7.300016934,0.692857505,2.421640521));
#3344=CARTESIAN_POINT('',(-7.300045736,0.692874132,2.421642784));
#3345=CARTESIAN_POINT('',(-7.30007454,0.692890757,2.421645046));
#3346=CARTESIAN_POINT('',(-7.422379582,0.76348327,2.431252282));
#3347=CARTESIAN_POINT('',(-7.55878526,0.800023734,2.441198064));
#3348=CARTESIAN_POINT('',(-7.7,0.800023734,2.450804926));
#3349=CARTESIAN_POINT('',(-7.700033257,0.800023734,2.450807188));
#3350=CARTESIAN_POINT('',(-7.700066513,0.800023732,2.450809451));
#3351=CARTESIAN_POINT('',(-7.70009977,0.800023728,2.450811713));
#3352=CARTESIAN_POINT('',(-7.8413153,0.800006117,2.460418949));
#3353=CARTESIAN_POINT('',(-7.977716314,0.763448247,2.470364731));
#3354=CARTESIAN_POINT('',(-8.100011867,0.692840877,2.479971592));
#3355=CARTESIAN_POINT('',(-8.100040668,0.692824249,2.479973854));
#3356=CARTESIAN_POINT('',(-8.100069468,0.692807619,2.479976117));
#3357=CARTESIAN_POINT('',(-8.100098267,0.692790987,2.479978379));
#3358=CARTESIAN_POINT('',(-8.222385699,0.622167971,2.489585616));
#3359=CARTESIAN_POINT('',(-8.322233507,0.52230742,2.499531398));
#3360=CARTESIAN_POINT('',(-8.392840877,0.400011867,2.509138259));
#3361=CARTESIAN_POINT('',(-8.392857505,0.399983066,2.509140521));
#3362=CARTESIAN_POINT('',(-8.392874132,0.399954264,2.509142784));
#3363=CARTESIAN_POINT('',(-8.392890757,0.39992546,2.509145046));
#3364=CARTESIAN_POINT('',(-8.46348327,0.277620418,2.518752282));
#3365=CARTESIAN_POINT('',(-8.500023734,0.14121474,2.528698064));
#3366=CARTESIAN_POINT('',(-8.500023734,0.,2.538304926));
#3367=CARTESIAN_POINT('',(-8.500023734,-0.000033257,2.538307188));
#3368=CARTESIAN_POINT('',(-8.500023732,-0.000066513,2.538309451));
#3369=CARTESIAN_POINT('',(-8.500023728,-0.00009977,2.538311713));
#3370=CARTESIAN_POINT('',(-8.500006117,-0.1413153,2.547918949));
#3371=CARTESIAN_POINT('',(-8.463448247,-0.277716314,2.557864731));
#3372=CARTESIAN_POINT('',(-8.392840877,-0.400011867,2.567471592));
#3373=CARTESIAN_POINT('',(-8.392824249,-0.400040668,2.567473854));
#3374=CARTESIAN_POINT('',(-8.392807619,-0.400069468,2.567476117));
#3375=CARTESIAN_POINT('',(-8.392790987,-0.400098267,2.567478379));
#3376=CARTESIAN_POINT('',(-8.322167971,-0.522385699,2.577085616));
#3377=CARTESIAN_POINT('',(-8.22230742,-0.622233507,2.587031398));
#3378=CARTESIAN_POINT('',(-8.100011867,-0.692840877,2.596638259));
#3379=CARTESIAN_POINT('',(-8.099983066,-0.692857505,2.596640521));
#3380=CARTESIAN_POINT('',(-8.099954264,-0.692874132,2.596642784));
#3381=CARTESIAN_POINT('',(-8.09992546,-0.692890757,2.596645046));
#3382=CARTESIAN_POINT('',(-7.977620418,-0.76348327,2.606252282));
#3383=CARTESIAN_POINT('',(-7.84121474,-0.800023734,2.616198064));
#3384=CARTESIAN_POINT('',(-7.7,-0.800023734,2.625804926));
#3385=CARTESIAN_POINT('',(-7.699966743,-0.800023734,2.625807188));
#3386=CARTESIAN_POINT('',(-7.699933487,-0.800023732,2.625809451));
#3387=CARTESIAN_POINT('',(-7.69990023,-0.800023728,2.625811713));
#3388=CARTESIAN_POINT('',(-7.5586847,-0.800006117,2.635418949));
#3389=CARTESIAN_POINT('',(-7.422283686,-0.763448247,2.645364731));
#3390=CARTESIAN_POINT('',(-7.299988133,-0.692840877,2.654971592));
#3391=CARTESIAN_POINT('',(-7.299959332,-0.692824249,2.654973854));
#3392=CARTESIAN_POINT('',(-7.299930532,-0.692807619,2.654976117));
#3393=CARTESIAN_POINT('',(-7.299901733,-0.692790987,2.654978379));
#3394=CARTESIAN_POINT('',(-7.177614301,-0.622167971,2.664585616));
#3395=CARTESIAN_POINT('',(-7.077766493,-0.52230742,2.674531398));
#3396=CARTESIAN_POINT('',(-7.007159123,-0.400011867,2.684138259));
#3397=CARTESIAN_POINT('',(-7.007142495,-0.399983066,2.684140521));
#3398=CARTESIAN_POINT('',(-7.007125868,-0.399954264,2.684142784));
#3399=CARTESIAN_POINT('',(-7.007109243,-0.39992546,2.684145046));
#3400=CARTESIAN_POINT('',(-6.967260473,-0.330885483,2.689568235));
#3401=CARTESIAN_POINT('',(-6.937980997,-0.256498882,2.695162492));
#3402=CARTESIAN_POINT('',(-6.920109431,-0.178349868,2.700804756));
#3403=(BOUNDED_SURFACE()
B_SPLINE_SURFACE(1,3,((#2339,#2340,#2341,#2342,#2343,#2344,#2345,#2346,#2347,#2348,#2349,#2350,#2351,#2352,#2353,#2354,#2355,#2356,#2357,#2358,#2359,#2360,#2361,#2362,#2363,#2364,
#2365,#2366,#2367,#2368,#2369,#2370,#2371,#2372,#2373,#2374,#2375,#2376,#2377,#2378,#2379,#2380,#2381,#2382,#2383,#2384,#2385,#2386,#2387,#2388,#2389,
#2390,#2391,#2392,#2393,#2394,#2395,#2396,#2397,#2398,#2399,#2400,#2401,#2402,#2403,#2404,#2405,#2406,#2407,#2408,#2409,#2410,#2411,#2412,#2413,#2414,
#2415,#2416,#2417,#2418,#2419,#2420,#2421,#2422,#2423,#2424,#2425,#2426,#2427,#2428,#2429,#2430,#2431,#2432,#2433,#2434,#2435,#2436,#2437,#2438,#2439,
#2440,#2441,#2442,#2443,#2444,#2445,#2446,#2447,#2448,#2449,#2450,#2451,#2452,#2453,#2454,#2455,#2456,#2457,#2458,#2459,#2460,#2461,#2462,#2463,#2464,
#2465,#2466,#2467,#2468,#2469,#2470,#2471,#2472,#2473,#2474,#2475,#2476,#2477,#2478,#2479,#2480,#2481,#2482,#2483,#2484,#2485,#2486,#2487,#2488,#2489,
#2490,#2491,#2492,#2493,#2494,#2495,#2496,#2497,#2498,#2499,#2500,#2501,#2502,#2503,#2504,#2505,#2506,#2507,#2508,#2509,#2510,#2511,#2512,#2513,#2514,
#2515,#2516,#2517,#2518,#2519,#2520,#2521,#2522,#2523,#2524,#2525,#2526,#2527,#2528,#2529,#2530,#2531,#2532,#2533,#2534,#2535,#2536,#2537,#2538,#2539,
#2540,#2541,#2542,#2543,#2544,#2545,#2546,#2547,#2548,#2549,#2550,#2551,#2552,#2553,#2554,#2555,#2556,#2557,#2558,#2559,#2560,#2561,#2562,#2563,#2564,
#2565,#2566,#2567,#2568,#2569,#2570,#2571,#2572,#2573,#2574,#2575,#2576,#2577,#2578,#2579,#2580,#2581,#2582,#2583,#2584,#2585,#2586,#2587,#2588,#2589,
#2590,#2591,#2592,#2593,#2594,#2595,#2596,#2597,#2598,#2599,#2600,#2601,#2602,#2603,#2604,#2605,#2606,#2607,#2608,#2609,#2610,#2611,#2612,#2613,#2614,
#2615,#2616,#2617,#2618,#2619,#2620,#2621,#2622,#2623,#2624,#2625,#2626,#2627,#2628,#2629,#2630,#2631,#2632,#2633,#2634,#2635,#2636,#2637,#2638,#2639,
#2640,#2641,#2642,#2643,#2644,#2645,#2646,#2647,#2648,#2649,#2650,#2651,#2652,#2653,#2654,#2655,#2656,#2657,#2658,#2659,#2660,#2661,#2662,#2663,#2664,
#2665,#2666,#2667,#2668,#2669,#2670,#2671,#2672,#2673,#2674,#2675,#2676,#2677,#2678,#2679,#2680,#2681,#2682,#2683,#2684,#2685,#2686,#2687,#2688,#2689,
#2690,#2691,#2692,#2693,#2694,#2695,#2696,#2697,#2698,#2699,#2700,#2701,#2702,#2703,#2704,#2705,#2706,#2707,#2708,#2709,#2710,#2711,#2712,#2713,#2714,
#2715,#2716,#2717,#2718,#2719,#2720,#2721,#2722,#2723,#2724,#2725,#2726,#2727,#2728,#2729,#2730,#2731,#2732,#2733,#2734,#2735,#2736,#2737,#2738,#2739,
#2740,#2741,#2742,#2743,#2744,#2745,#2746,#2747,#2748,#2749,#2750,#2751,#2752,#2753,#2754,#2755,#2756,#2757,#2758,#2759,#2760,#2761,#2762,#2763,#2764,
#2765,#2766,#2767,#2768,#2769,#2770,#2771,#2772,#2773,#2774,#2775,#2776,#2777,#2778,#2779,#2780,#2781,#2782,#2783,#2784,#2785,#2786,#2787,#2788,#2789,
#2790,#2791,#2792,#2793,#2794,#2795,#2796,#2797,#2798,#2799,#2800,#2801,#2802,#2803,#2804,#2805,#2806,#2807,#2808,#2809,#2810,#2811,#2812,#2813,#2814,
#2815,#2816,#2817,#2818,#2819,#2820,#2821,#2822,#2823,#2824,#2825,#2826,#2827,#2828,#2829,#2830,#2831,#2832,#2833,#2834,#2835,#2836,#2837,#2838,#2839,
#2840,#2841,#2842,#2843,#2844,#2845,#2846,#2847,#2848,#2849,#2850,#2851,#2852,#2853,#2854,#2855,#2856,#2857,#2858,#2859,#2860,#2861,#2862,#2863,#2864,
#2865,#2866,#2867,#2868,#2869,#2870),(#2871,#2872,#2873,#2874,#2875,#2876,#2877,#2878,#2879,#2880,#2881,#2882,#2883,#2884,#2885,#2886,#2887,#2888,#2889,#2890,#2891,#2892,#2893,#2894,#2895,#2896,
#2897,#2898,#2899,#2900,#2901,#2902,#2903,#2904,#2905,#2906,#2907,#2908,#2909,#2910,#2911,#2912,#2913,#2914,#2915,#2916,#2917,#2918,#2919,#2920,#2921,
#2922,#2923,#2924,#2925,#2926,#2927,#2928,#2929,#2930,#2931,#2932,#2933,#2934,#2935,#2936,#2937,#2938,#2939,#2940,#2941,#2942,#2943,#2944,#2945,#2946,
#2947,#2948,#2949,#2950,#2951,#2952,#2953,#2954,#2955,#2956,#2957,#2958,#2959,#2960,#2961,#2962,#2963,#2964,#2965,#2966,#2967,#2968,#2969,#2970,#2971,
#2972,#2973,#2974,#2975,#2976,#2977,#2978,#2979,#2980,#2981,#2982,#2983,#2984,#2985,#2986,#2987,#2988,#2989,#2990,#2991,#2992,#2993,#2994,#2995,#2996,
#2997,#2998,#2999,#3000,#3001,#3002,#3003,#3004,#3005,#3006,#3007,#3008,#3009,#3010,#3011,#3012,#3013,#3014,#3015,#3016,#3017,#3018,#3019,#3020,#3021,
#3022,#3023,#3024,#3025,#3026,#3027,#3028,#3029,#3030,#3031,#3032,#3033,#3034,#3035,#3036,#3037,#3038,#3039,#3040,#3041,#3042,#3043,#3044,#3045,#3046,
#3047,#3048,#3049,#3050,#3051,#3052,#3053,#3054,#3055,#3056,#3057,#3058,#3059,#3060,#3061,#3062,#3063,#3064,#3065,#3066,#3067,#3068,#3069,#3070,#3071,
#3072,#3073,#3074,#3075,#3076,#3077,#3078,#3079,#3080,#3081,#3082,#3083,#3084,#3085,#3086,#3087,#3088,#3089,#3090,#3091,#3092,#3093,#3094,#3095,#3096,
#3097,#3098,#3099,#3100,#3101,#3102,#3103,#3104,#3105,#3106,#3107,#3108,#3109,#3110,#3111,#3112,#3113,#3114,#3115,#3116,#3117,#3118,#3119,#3120,#3121,
#3122,#3123,#3124,#3125,#3126,#3127,#3128,#3129,#3130,#3131,#3132,#3133,#3134,#3135,#3136,#3137,#3138,#3139,#3140,#3141,#3142,#3143,#3144,#3145,#3146,
#3147,#3148,#3149,#3150,#3151,#3152,#3153,#3154,#3155,#3156,#3157,#3158,#3159,#3160,#3161,#3162,#3163,#3164,#3165,#3166,#3167,#3168,#3169,#3170,#3171,
#3172,#3173,#3174,#3175,#3176,#3177,#3178,#3179,#3180,#3181,#3182,#3183,#3184,#3185,#3186,#3187,#3188,#3189,#3190,#3191,#3192,#3193,#3194,#3195,#3196,
#3197,#3198,#3199,#3200,#3201,#3202,#3203,#3204,#3205,#3206,#3207,#3208,#3209,#3210,#3211,#3212,#3213,#3214,#3215,#3216,#3217,#3218,#3219,#3220,#3221,
#3222,#3223,#3224,#3225,#3226,#3227,#3228,#3229,#3230,#3231,#3232,#3233,#3234,#3235,#3236,#3237,#3238,#3239,#3240,#3241,#3242,#3243,#3244,#3245,#3246,
#3247,#3248,#3249,#3250,#3251,#3252,#3253,#3254,#3255,#3256,#3257,#3258,#3259,#3260,#3261,#3262,#3263,#3264,#3265,#3266,#3267,#3268,#3269,#3270,#3271,
#3272,#3273,#3274,#3275,#3276,#3277,#3278,#3279,#3280,#3281,#3282,#3283,#3284,#3285,#3286,#3287,#3288,#3289,#3290,#3291,#3292,#3293,#3294,#3295,#3296,
#3297,#3298,#3299,#3300,#3301,#3302,#3303,#3304,#3305,#3306,#3307,#3308,#3309,#3310,#3311,#3312,#3313,#3314,#3315,#3316,#3317,#3318,#3319,#3320,#3321,
#3322,#3323,#3324,#3325,#3326,#3327,#3328,#3329,#3330,#3331,#3332,#3333,#3334,#3335,#3336,#3337,#3338,#3339,#3340,#3341,#3342,#3343,#3344,#3345,#3346,
#3347,#3348,#3349,#3350,#3351,#3352,#3353,#3354,#3355,#3356,#3357,#3358,#3359,#3360,#3361,#3362,#3363,#3364,#3365,#3366,#3367,#3368,#3369,#3370,#3371,
#3372,#3373,#3374,#3375,#3376,#3377,#3378,#3379,#3380,#3381,#3382,#3383,#3384,#3385,#3386,#3387,#3388,#3389,#3390,#3391,#3392,#3393,#3394,#3395,#3396,
#3397,#3398,#3399,#3400,#3401,#3402)),.UNSPECIFIED.,.F.,.F.,.U.)
B_SPLINE_SURFACE_WITH_KNOTS((2,2),(4,3,3,3,3,3,3,3,3,3,3,3,3,3,3,3,3,3,3,3,3,3,3,3,3,3,
3,3,3,3,3,3,3,3,3,3,3,3,3,3,3,3,3,3,3,3,3,3,3,3,3,
3,3,3,3,3,3,3,3,3,3,3,3,3,3,3,3,3,3,3,3,3,3,3,3,3,
3,3,3,3,3,3,3,3,3,3,3,3,3,3,3,3,3,3,3,3,3,3,3,3,3,
3,3,3,3,3,3,3,3,3,3,3,3,3,3,3,3,3,3,3,3,3,3,3,3,3,
3,3,3,3,3,3,3,3,3,3,3,3,3,3,3,3,3,3,3,3,3,3,3,3,3,
3,3,3,3,3,3,3,3,3,3,3,3,3,3,3,3,3,3,3,3,3,3,3,3,3,
3,4),(0.,1.),(0.576075108,0.578703704,0.578704819,0.583333333,0.583334448,0.587962963,0.587964078,0.592592593,0.592593708,0.597222222,0.597223337,0.601851852,0.601852967,0.606481481,0.606482596,0.611111111,0.611112226,0.615740741,0.615741856,0.62037037,0.620371485,0.625,0.625001115,0.62962963,0.629630745,0.634259259,
0.634260374,0.638888889,0.638890004,0.643518519,0.643519634,0.648148148,0.648149263,0.652777778,0.652778893,0.657407407,0.657408522,0.662037037,0.662038152,0.666666667,0.666667782,0.671296296,0.671297411,0.675925926,0.675927041,0.680555556,0.680556671,0.685185185,0.6851863,0.689814815,0.68981593,
0.694444444,0.694445559,0.699074074,0.699075189,0.703703704,0.703704819,0.708333333,0.708334448,0.712962963,0.712964078,0.717592593,0.717593708,0.722222222,0.722223337,0.726851852,0.726852967,0.731481481,0.731482596,0.736111111,0.736112226,0.740740741,0.740741856,0.74537037,0.745371485,0.75,
0.750001115,0.75462963,0.754630745,0.759259259,0.759260374,0.763888889,0.763890004,0.768518519,0.768519634,0.773148148,0.773149263,0.777777778,0.777778893,0.782407407,0.782408522,0.787037037,0.787038152,0.791666667,0.791667782,0.796296296,0.796297411,0.800925926,0.800927041,0.805555556,0.805556671,
0.810185185,0.8101863,0.814814815,0.81481593,0.819444444,0.819445559,0.824074074,0.824075189,0.828703704,0.828704819,0.833333333,0.833334448,0.837962963,0.837964078,0.842592593,0.842593708,0.847222222,0.847223337,0.851851852,0.851852967,0.856481481,0.856482596,0.861111111,0.861112226,0.865740741,
0.865741856,0.87037037,0.870371485,0.875,0.875001115,0.87962963,0.879630745,0.884259259,0.884260374,0.888888889,0.888890004,0.893518519,0.893519634,0.898148148,0.898149263,0.902777778,0.902778893,0.907407407,0.907408522,0.912037037,0.912038152,0.916666667,0.916667782,0.921296296,0.921297411,
0.925925926,0.925927041,0.930555556,0.930556671,0.935185185,0.9351863,0.939814815,0.93981593,0.944444444,0.944445559,0.949074074,0.949075189,0.953703704,0.953704819,0.958333333,0.958334448,0.962962963,0.962964078,0.967592593,0.967593708,0.972222222,0.972223337,0.976851852,0.976852967,0.981481481,
0.981482596,0.984121435),.UNSPECIFIED.)
GEOMETRIC_REPRESENTATION_ITEM()
RATIONAL_B_SPLINE_SURFACE(((0.983275965,0.981527641,0.987102319,1.,0.999994527,0.999989056,0.999983586,0.977283885,0.977289357,1.,0.999994527,0.999989056,0.999983586,0.977283885,0.977289357,1.,0.999994527,0.999989056,0.999983586,0.977283885,0.977289357,1.,0.999994527,0.999989056,0.999983586,0.977283885,
0.977289357,1.,0.999994527,0.999989056,0.999983586,0.977283885,0.977289357,1.,0.999994527,0.999989056,0.999983586,0.977283885,0.977289357,1.,0.999994527,0.999989056,0.999983586,0.977283885,0.977289357,1.,0.999994527,0.999989056,0.999983586,0.977283885,0.977289357,
1.,0.999994527,0.999989056,0.999983586,0.977283885,0.977289357,1.,0.999994527,0.999989056,0.999983586,0.977283885,0.977289357,1.,0.999994527,0.999989056,0.999983586,0.977283885,0.977289357,1.,0.999994527,0.999989056,0.999983586,0.977283885,0.977289357,1.,
0.999994527,0.999989056,0.999983586,0.977283885,0.977289357,1.,0.999994527,0.999989056,0.999983586,0.977283885,0.977289357,1.,0.999994527,0.999989056,0.999983586,0.977283885,0.977289357,1.,0.999994527,0.999989056,0.999983586,0.977283885,0.977289357,1.,0.999994527,
0.999989056,0.999983586,0.977283885,0.977289357,1.,0.999994527,0.999989056,0.999983586,0.977283885,0.977289357,1.,0.999994527,0.999989056,0.999983586,0.977283885,0.977289357,1.,0.999994527,0.999989056,0.999983586,0.977283885,0.977289357,1.,0.999994527,0.999989056,
0.999983586,0.977283885,0.977289357,1.,0.999994527,0.999989056,0.999983586,0.977283885,0.977289357,1.,0.999994527,0.999989056,0.999983586,0.977283885,0.977289357,1.,0.999994527,0.999989056,0.999983586,0.977283885,0.977289357,1.,0.999994527,0.999989056,0.999983586,
0.977283885,0.977289357,1.,0.999994527,0.999989056,0.999983586,0.977283885,0.977289357,1.,0.999994527,0.999989056,0.999983586,0.977283885,0.977289357,1.,0.999994527,0.999989056,0.999983586,0.977283885,0.977289357,1.,0.999994527,0.999989056,0.999983586,0.977283885,
0.977289357,1.,0.999994527,0.999989056,0.999983586,0.977283885,0.977289357,1.,0.999994527,0.999989056,0.999983586,0.977283885,0.977289357,1.,0.999994527,0.999989056,0.999983586,0.977283885,0.977289357,1.,0.999994527,0.999989056,0.999983586,0.977283885,0.977289357,
1.,0.999994527,0.999989056,0.999983586,0.977283885,0.977289357,1.,0.999994527,0.999989056,0.999983586,0.977283885,0.977289357,1.,0.999994527,0.999989056,0.999983586,0.977283885,0.977289357,1.,0.999994527,0.999989056,0.999983586,0.977283885,0.977289357,1.,
0.999994527,0.999989056,0.999983586,0.977283885,0.977289357,1.,0.999994527,0.999989056,0.999983586,0.977283885,0.977289357,1.,0.999994527,0.999989056,0.999983586,0.977283885,0.977289357,1.,0.999994527,0.999989056,0.999983586,0.977283885,0.977289357,1.,0.999994527,
0.999989056,0.999983586,0.977283885,0.977289357,1.,0.999994527,0.999989056,0.999983586,0.977283885,0.977289357,1.,0.999994527,0.999989056,0.999983586,0.977283885,0.977289357,1.,0.999994527,0.999989056,0.999983586,0.977283885,0.977289357,1.,0.999994527,0.999989056,
0.999983586,0.977283885,0.977289357,1.,0.999994527,0.999989056,0.999983586,0.977283885,0.977289357,1.,0.999994527,0.999989056,0.999983586,0.977283885,0.977289357,1.,0.999994527,0.999989056,0.999983586,0.977283885,0.977289357,1.,0.999994527,0.999989056,0.999983586,
0.977283885,0.977289357,1.,0.999994527,0.999989056,0.999983586,0.977283885,0.977289357,1.,0.999994527,0.999989056,0.999983586,0.977283885,0.977289357,1.,0.999994527,0.999989056,0.999983586,0.977283885,0.977289357,1.,0.999994527,0.999989056,0.999983586,0.977283885,
0.977289357,1.,0.999994527,0.999989056,0.999983586,0.977283885,0.977289357,1.,0.999994527,0.999989056,0.999983586,0.977283885,0.977289357,1.,0.999994527,0.999989056,0.999983586,0.977283885,0.977289357,1.,0.999994527,0.999989056,0.999983586,0.977283885,0.977289357,
1.,0.999994527,0.999989056,0.999983586,0.977283885,0.977289357,1.,0.999994527,0.999989056,0.999983586,0.977283885,0.977289357,1.,0.999994527,0.999989056,0.999983586,0.977283885,0.977289357,1.,0.999994527,0.999989056,0.999983586,0.977283885,0.977289357,1.,
0.999994527,0.999989056,0.999983586,0.977283885,0.977289357,1.,0.999994527,0.999989056,0.999983586,0.977283885,0.977289357,1.,0.999994527,0.999989056,0.999983586,0.977283885,0.977289357,1.,0.999994527,0.999989056,0.999983586,0.977283885,0.977289357,1.,0.999994527,
0.999989056,0.999983586,0.977283885,0.977289357,1.,0.999994527,0.999989056,0.999983586,0.977283885,0.977289357,1.,0.999994527,0.999989056,0.999983586,0.977283885,0.977289357,1.,0.999994527,0.999989056,0.999983586,0.977283885,0.977289357,1.,0.999994527,0.999989056,
0.999983586,0.977283885,0.977289357,1.,0.999994527,0.999989056,0.999983586,0.977283885,0.977289357,1.,0.999994527,0.999989056,0.999983586,0.977283885,0.977289357,1.,0.999994527,0.999989056,0.999983586,0.977283885,0.977289357,1.,0.999994527,0.999989056,0.999983586,
0.977283885,0.977289357,1.,0.999994527,0.999989056,0.999983586,0.977283885,0.977289357,1.,0.999994527,0.999989056,0.999983586,0.977283885,0.977289357,1.,0.999994527,0.999989056,0.999983586,0.977283885,0.977289357,1.,0.999994527,0.999989056,0.999983586,0.977283885,
0.977289357,1.,0.999994527,0.999989056,0.999983586,0.977283885,0.977289357,1.,0.999994527,0.999989056,0.999983586,0.977283885,0.977289357,1.,0.999994527,0.999989056,0.999983586,0.977283885,0.977289357,1.,0.999994527,0.999989056,0.999983586,0.977283885,0.977289357,
1.,0.999994527,0.999989056,0.999983586,0.977283885,0.977289357,1.,0.999994527,0.999989056,0.999983586,0.977283885,0.977289357,1.,0.999994527,0.999989056,0.999983586,0.977283885,0.977289357,1.,0.999994527,0.999989056,0.999983586,0.977283885,0.977289357,1.,
0.999994527,0.999989056,0.999983586,0.987041888,0.981480372,0.983299037),(0.983275965,0.981527641,0.987102319,1.,0.999994527,0.999989056,0.999983586,0.977283885,0.977289357,1.,0.999994527,0.999989056,0.999983586,0.977283885,0.977289357,1.,0.999994527,0.999989056,0.999983586,0.977283885,0.977289357,1.,0.999994527,0.999989056,0.999983586,0.977283885,
0.977289357,1.,0.999994527,0.999989056,0.999983586,0.977283885,0.977289357,1.,0.999994527,0.999989056,0.999983586,0.977283885,0.977289357,1.,0.999994527,0.999989056,0.999983586,0.977283885,0.977289357,1.,0.999994527,0.999989056,0.999983586,0.977283885,0.977289357,
1.,0.999994527,0.999989056,0.999983586,0.977283885,0.977289357,1.,0.999994527,0.999989056,0.999983586,0.977283885,0.977289357,1.,0.999994527,0.999989056,0.999983586,0.977283885,0.977289357,1.,0.999994527,0.999989056,0.999983586,0.977283885,0.977289357,1.,
0.999994527,0.999989056,0.999983586,0.977283885,0.977289357,1.,0.999994527,0.999989056,0.999983586,0.977283885,0.977289357,1.,0.999994527,0.999989056,0.999983586,0.977283885,0.977289357,1.,0.999994527,0.999989056,0.999983586,0.977283885,0.977289357,1.,0.999994527,
0.999989056,0.999983586,0.977283885,0.977289357,1.,0.999994527,0.999989056,0.999983586,0.977283885,0.977289357,1.,0.999994527,0.999989056,0.999983586,0.977283885,0.977289357,1.,0.999994527,0.999989056,0.999983586,0.977283885,0.977289357,1.,0.999994527,0.999989056,
0.999983586,0.977283885,0.977289357,1.,0.999994527,0.999989056,0.999983586,0.977283885,0.977289357,1.,0.999994527,0.999989056,0.999983586,0.977283885,0.977289357,1.,0.999994527,0.999989056,0.999983586,0.977283885,0.977289357,1.,0.999994527,0.999989056,0.999983586,
0.977283885,0.977289357,1.,0.999994527,0.999989056,0.999983586,0.977283885,0.977289357,1.,0.999994527,0.999989056,0.999983586,0.977283885,0.977289357,1.,0.999994527,0.999989056,0.999983586,0.977283885,0.977289357,1.,0.999994527,0.999989056,0.999983586,0.977283885,
0.977289357,1.,0.999994527,0.999989056,0.999983586,0.977283885,0.977289357,1.,0.999994527,0.999989056,0.999983586,0.977283885,0.977289357,1.,0.999994527,0.999989056,0.999983586,0.977283885,0.977289357,1.,0.999994527,0.999989056,0.999983586,0.977283885,0.977289357,
1.,0.999994527,0.999989056,0.999983586,0.977283885,0.977289357,1.,0.999994527,0.999989056,0.999983586,0.977283885,0.977289357,1.,0.999994527,0.999989056,0.999983586,0.977283885,0.977289357,1.,0.999994527,0.999989056,0.999983586,0.977283885,0.977289357,1.,
0.999994527,0.999989056,0.999983586,0.977283885,0.977289357,1.,0.999994527,0.999989056,0.999983586,0.977283885,0.977289357,1.,0.999994527,0.999989056,0.999983586,0.977283885,0.977289357,1.,0.999994527,0.999989056,0.999983586,0.977283885,0.977289357,1.,0.999994527,
0.999989056,0.999983586,0.977283885,0.977289357,1.,0.999994527,0.999989056,0.999983586,0.977283885,0.977289357,1.,0.999994527,0.999989056,0.999983586,0.977283885,0.977289357,1.,0.999994527,0.999989056,0.999983586,0.977283885,0.977289357,1.,0.999994527,0.999989056,
0.999983586,0.977283885,0.977289357,1.,0.999994527,0.999989056,0.999983586,0.977283885,0.977289357,1.,0.999994527,0.999989056,0.999983586,0.977283885,0.977289357,1.,0.999994527,0.999989056,0.999983586,0.977283885,0.977289357,1.,0.999994527,0.999989056,0.999983586,
0.977283885,0.977289357,1.,0.999994527,0.999989056,0.999983586,0.977283885,0.977289357,1.,0.999994527,0.999989056,0.999983586,0.977283885,0.977289357,1.,0.999994527,0.999989056,0.999983586,0.977283885,0.977289357,1.,0.999994527,0.999989056,0.999983586,0.977283885,
0.977289357,1.,0.999994527,0.999989056,0.999983586,0.977283885,0.977289357,1.,0.999994527,0.999989056,0.999983586,0.977283885,0.977289357,1.,0.999994527,0.999989056,0.999983586,0.977283885,0.977289357,1.,0.999994527,0.999989056,0.999983586,0.977283885,0.977289357,
1.,0.999994527,0.999989056,0.999983586,0.977283885,0.977289357,1.,0.999994527,0.999989056,0.999983586,0.977283885,0.977289357,1.,0.999994527,0.999989056,0.999983586,0.977283885,0.977289357,1.,0.999994527,0.999989056,0.999983586,0.977283885,0.977289357,1.,
0.999994527,0.999989056,0.999983586,0.977283885,0.977289357,1.,0.999994527,0.999989056,0.999983586,0.977283885,0.977289357,1.,0.999994527,0.999989056,0.999983586,0.977283885,0.977289357,1.,0.999994527,0.999989056,0.999983586,0.977283885,0.977289357,1.,0.999994527,
0.999989056,0.999983586,0.977283885,0.977289357,1.,0.999994527,0.999989056,0.999983586,0.977283885,0.977289357,1.,0.999994527,0.999989056,0.999983586,0.977283885,0.977289357,1.,0.999994527,0.999989056,0.999983586,0.977283885,0.977289357,1.,0.999994527,0.999989056,
0.999983586,0.977283885,0.977289357,1.,0.999994527,0.999989056,0.999983586,0.977283885,0.977289357,1.,0.999994527,0.999989056,0.999983586,0.977283885,0.977289357,1.,0.999994527,0.999989056,0.999983586,0.977283885,0.977289357,1.,0.999994527,0.999989056,0.999983586,
0.977283885,0.977289357,1.,0.999994527,0.999989056,0.999983586,0.977283885,0.977289357,1.,0.999994527,0.999989056,0.999983586,0.977283885,0.977289357,1.,0.999994527,0.999989056,0.999983586,0.977283885,0.977289357,1.,0.999994527,0.999989056,0.999983586,0.977283885,
0.977289357,1.,0.999994527,0.999989056,0.999983586,0.977283885,0.977289357,1.,0.999994527,0.999989056,0.999983586,0.977283885,0.977289357,1.,0.999994527,0.999989056,0.999983586,0.977283885,0.977289357,1.,0.999994527,0.999989056,0.999983586,0.977283885,0.977289357,
1.,0.999994527,0.999989056,0.999983586,0.977283885,0.977289357,1.,0.999994527,0.999989056,0.999983586,0.977283885,0.977289357,1.,0.999994527,0.999989056,0.999983586,0.977283885,0.977289357,1.,0.999994527,0.999989056,0.999983586,0.977283885,0.977289357,1.,
0.999994527,0.999989056,0.999983586,0.987041888,0.981480372,0.983299037)))
REPRESENTATION_ITEM('')
SURFACE()
);
#3404=ORIENTED_EDGE('',*,*,#2333,.F.);
#3405=CARTESIAN_POINT('',(-7.176917951,-0.342067494,0.130044214));
#3406=VERTEX_POINT('',#3405);
#3407=CARTESIAN_POINT('',(-8.285525906,-0.545157863,0.130044429));
#3408=CARTESIAN_POINT('',(-8.243600395,-0.580454878,0.130044429));
#3409=CARTESIAN_POINT('',(-8.198780304,-0.610822214,0.130044429));
#3410=CARTESIAN_POINT('',(-8.151180164,-0.636454928,0.130044429));
#3411=CARTESIAN_POINT('',(-8.103580025,-0.662087643,0.130044429));
#3412=CARTESIAN_POINT('',(-8.052535296,-0.683206184,0.130044429));
#3413=CARTESIAN_POINT('',(-8.000429568,-0.698187613,0.130044429));
#3414=CARTESIAN_POINT('',(-7.94832384,-0.713169042,0.130044429));
#3415=CARTESIAN_POINT('',(-7.895156477,-0.722336903,0.130044429));
#3416=CARTESIAN_POINT('',(-7.840918496,-0.725642011,0.130044429));
#3417=CARTESIAN_POINT('',(-7.786680516,-0.728947119,0.130044429));
#3418=CARTESIAN_POINT('',(-7.731642744,-0.726277991,0.130044429));
#3419=CARTESIAN_POINT('',(-7.678339273,-0.717581623,0.130044429));
#3420=CARTESIAN_POINT('',(-7.625035802,-0.708885254,0.130044429));
#3421=CARTESIAN_POINT('',(-7.572211512,-0.693771151,0.130044429));
#3422=CARTESIAN_POINT('',(-7.521973291,-0.67264408,0.130044429));
#3423=CARTESIAN_POINT('',(-7.471735069,-0.651517009,0.130044429));
#3424=CARTESIAN_POINT('',(-7.424723192,-0.624827596,0.130044429));
#3425=CARTESIAN_POINT('',(-7.380917004,-0.592611454,0.130044429));
#3426=CARTESIAN_POINT('',(-7.293304628,-0.528179169,0.130044429));
#3427=CARTESIAN_POINT('',(-7.222447757,-0.442008721,0.130044429));
#3428=CARTESIAN_POINT('',(-7.17691712,-0.342066553,0.130044429));
#3429=B_SPLINE_CURVE_WITH_KNOTS('',3,(#3407,#3408,#3409,#3410,#3411,#3412,#3413,#3414,#3415,#3416,#3417,#3418,#3419,#3420,#3421,#3422,#3423,#3424,#3425,#3426,#3427,#3428),.UNSPECIFIED.,.F.,.F.,(4,3,3,3,3,3,3,4),(0.,0.000162078,0.000324157,0.000486235,0.000648313,0.000810391,0.00097247,0.001296626),.UNSPECIFIED.);
#3430=EDGE_CURVE('',#1945,#3406,#3429,.T.);
#3431=ORIENTED_EDGE('',*,*,#3430,.T.);
#3432=CARTESIAN_POINT('',(-7.075,0.,0.162254926));
#3433=VERTEX_POINT('',#3432);
#3434=CARTESIAN_POINT('',(-7.176917951,-0.342067494,0.130044214));
#3435=CARTESIAN_POINT('',(-7.144043439,-0.291796516,0.135344567));
#3436=CARTESIAN_POINT('',(-7.118447754,-0.236870597,0.140614174));
#3437=CARTESIAN_POINT('',(-7.101090063,-0.178694955,0.146085189));
#3438=CARTESIAN_POINT('',(-7.083732372,-0.120519313,0.151556205));
#3439=CARTESIAN_POINT('',(-7.075,-0.059687437,0.157057273));
#3440=CARTESIAN_POINT('',(-7.075,-0.,0.162254926));
#3441=B_SPLINE_CURVE_WITH_KNOTS('',3,(#3434,#3435,#3436,#3437,#3438,#3439,#3440),.UNSPECIFIED.,.F.,.F.,(4,3,4),(0.592097455,0.594659838,0.597222222),.UNSPECIFIED.);
#3442=EDGE_CURVE('',#3406,#3433,#3441,.T.);
#3443=ORIENTED_EDGE('',*,*,#3442,.T.);
#3444=CARTESIAN_POINT('',(-7.075,0.,0.512254926));
#3445=VERTEX_POINT('',#3444);
#3446=CARTESIAN_POINT('',(-7.075,0.,0.162254926));
#3447=CARTESIAN_POINT('',(-7.075,0.080880946,0.169298134));
#3448=CARTESIAN_POINT('',(-7.091314754,0.163827314,0.176901449));
#3449=CARTESIAN_POINT('',(-7.122709493,0.239500879,0.184223634));
#3450=CARTESIAN_POINT('',(-7.154104233,0.315174443,0.191545819));
#3451=CARTESIAN_POINT('',(-7.19987552,0.383758996,0.198586876));
#3452=CARTESIAN_POINT('',(-7.258058262,0.441941738,0.206004926));
#3453=CARTESIAN_POINT('',(-7.316241004,0.50012448,0.213422976));
#3454=CARTESIAN_POINT('',(-7.384825557,0.545895767,0.220464032));
#3455=CARTESIAN_POINT('',(-7.460499121,0.577290507,0.227786217));
#3456=CARTESIAN_POINT('',(-7.536172686,0.608685246,0.235108402));
#3457=CARTESIAN_POINT('',(-7.619119054,0.625,0.242711718));
#3458=CARTESIAN_POINT('',(-7.7,0.625,0.249754926));
#3459=CARTESIAN_POINT('',(-7.780880946,0.625,0.256798134));
#3460=CARTESIAN_POINT('',(-7.863827314,0.608685246,0.264401449));
#3461=CARTESIAN_POINT('',(-7.939500879,0.577290507,0.271723634));
#3462=CARTESIAN_POINT('',(-8.015174443,0.545895767,0.279045819));
#3463=CARTESIAN_POINT('',(-8.083758996,0.50012448,0.286086876));
#3464=CARTESIAN_POINT('',(-8.141941738,0.441941738,0.293504926));
#3465=CARTESIAN_POINT('',(-8.20012448,0.383758996,0.300922976));
#3466=CARTESIAN_POINT('',(-8.245895767,0.315174443,0.307964032));
#3467=CARTESIAN_POINT('',(-8.277290507,0.239500879,0.315286217));
#3468=CARTESIAN_POINT('',(-8.308685246,0.163827314,0.322608402));
#3469=CARTESIAN_POINT('',(-8.325,0.080880946,0.330211718));
#3470=CARTESIAN_POINT('',(-8.325,0.,0.337254926));
#3471=CARTESIAN_POINT('',(-8.325,-0.080880946,0.344298134));
#3472=CARTESIAN_POINT('',(-8.308685246,-0.163827314,0.351901449));
#3473=CARTESIAN_POINT('',(-8.277290507,-0.239500879,0.359223634));
#3474=CARTESIAN_POINT('',(-8.245895767,-0.315174443,0.366545819));
#3475=CARTESIAN_POINT('',(-8.20012448,-0.383758996,0.373586876));
#3476=CARTESIAN_POINT('',(-8.141941738,-0.441941738,0.381004926));
#3477=CARTESIAN_POINT('',(-8.083758996,-0.50012448,0.388422976));
#3478=CARTESIAN_POINT('',(-8.015174443,-0.545895767,0.395464032));
#3479=CARTESIAN_POINT('',(-7.939500879,-0.577290507,0.402786217));
#3480=CARTESIAN_POINT('',(-7.863827314,-0.608685246,0.410108402));
#3481=CARTESIAN_POINT('',(-7.780880946,-0.625,0.417711718));
#3482=CARTESIAN_POINT('',(-7.7,-0.625,0.424754926));
#3483=CARTESIAN_POINT('',(-7.619119054,-0.625,0.431798134));
#3484=CARTESIAN_POINT('',(-7.536172686,-0.608685246,0.439401449));
#3485=CARTESIAN_POINT('',(-7.460499121,-0.577290507,0.446723634));
#3486=CARTESIAN_POINT('',(-7.384825557,-0.545895767,0.454045819));
#3487=CARTESIAN_POINT('',(-7.316241004,-0.50012448,0.461086876));
#3488=CARTESIAN_POINT('',(-7.258058262,-0.441941738,0.468504926));
#3489=CARTESIAN_POINT('',(-7.19987552,-0.383758996,0.475922976));
#3490=CARTESIAN_POINT('',(-7.154104233,-0.315174443,0.482964032));
#3491=CARTESIAN_POINT('',(-7.122709493,-0.239500879,0.490286217));
#3492=CARTESIAN_POINT('',(-7.091314754,-0.163827314,0.497608402));
#3493=CARTESIAN_POINT('',(-7.075,-0.080880946,0.505211717));
#3494=CARTESIAN_POINT('',(-7.075,-0.,0.512254926));
#3495=B_SPLINE_CURVE_WITH_KNOTS('',3,(#3446,#3447,#3448,#3449,#3450,#3451,#3452,#3453,#3454,#3455,#3456,#3457,#3458,#3459,#3460,#3461,#3462,#3463,#3464,#3465,#3466,#3467,#3468,#3469,#3470,#3471,
#3472,#3473,#3474,#3475,#3476,#3477,#3478,#3479,#3480,#3481,#3482,#3483,#3484,#3485,#3486,#3487,#3488,#3489,#3490,#3491,#3492,#3493,#3494),.UNSPECIFIED.,.F.,.F.,(4,3,3,3,3,3,3,3,3,3,3,3,3,3,3,3,4),(0.597222222,0.600694444,0.604166667,0.607638889,0.611111111,0.614583333,0.618055556,0.621527778,0.625,0.628472222,0.631944444,0.635416667,0.638888889,0.642361111,0.645833333,0.649305556,0.652777778),.UNSPECIFIED.);
#3496=EDGE_CURVE('',#3433,#3445,#3495,.T.);
#3497=ORIENTED_EDGE('',*,*,#3496,.T.);
#3498=CARTESIAN_POINT('',(-7.075,0.,0.862254926));
#3499=VERTEX_POINT('',#3498);
#3500=CARTESIAN_POINT('',(-7.075,0.,0.512254926));
#3501=CARTESIAN_POINT('',(-7.075,0.080880962,0.519298136));
#3502=CARTESIAN_POINT('',(-7.09131476,0.163827347,0.526901452));
#3503=CARTESIAN_POINT('',(-7.122709512,0.239500924,0.534223638));
#3504=CARTESIAN_POINT('',(-7.154104263,0.3151745,0.541545824));
#3505=CARTESIAN_POINT('',(-7.19987555,0.383759031,0.54858688));
#3506=CARTESIAN_POINT('',(-7.258058281,0.441941757,0.556004928));
#3507=CARTESIAN_POINT('',(-7.316241011,0.500124483,0.563422976));
#3508=CARTESIAN_POINT('',(-7.384825547,0.545895761,0.570464031));
#3509=CARTESIAN_POINT('',(-7.460499109,0.577290502,0.577786216));
#3510=CARTESIAN_POINT('',(-7.536172671,0.608685242,0.585108401));
#3511=CARTESIAN_POINT('',(-7.619119038,0.624999998,0.592711716));
#3512=CARTESIAN_POINT('',(-7.699999983,0.625,0.599754924));
#3513=CARTESIAN_POINT('',(-7.780880927,0.625000002,0.606798133));
#3514=CARTESIAN_POINT('',(-7.86382733,0.608685244,0.61440145));
#3515=CARTESIAN_POINT('',(-7.939500907,0.577290495,0.621723637));
#3516=CARTESIAN_POINT('',(-8.015174485,0.545895745,0.629045823));
#3517=CARTESIAN_POINT('',(-8.083759017,0.500124461,0.636086879));
#3518=CARTESIAN_POINT('',(-8.141941745,0.441941732,0.643504927));
#3519=CARTESIAN_POINT('',(-8.200124472,0.383759003,0.650922975));
#3520=CARTESIAN_POINT('',(-8.245895752,0.315174468,0.65796403));
#3521=CARTESIAN_POINT('',(-8.277290495,0.239500907,0.665286215));
#3522=CARTESIAN_POINT('',(-8.308685238,0.163827346,0.672608399));
#3523=CARTESIAN_POINT('',(-8.324999995,0.08088098,0.680211714));
#3524=CARTESIAN_POINT('',(-8.325,0.000000035,0.687254923));
#3525=CARTESIAN_POINT('',(-8.325000005,-0.08088091,0.694298132));
#3526=CARTESIAN_POINT('',(-8.308685249,-0.163827312,0.701901449));
#3527=CARTESIAN_POINT('',(-8.277290502,-0.239500891,0.709223635));
#3528=CARTESIAN_POINT('',(-8.245895754,-0.315174469,0.716545821));
#3529=CARTESIAN_POINT('',(-8.200124472,-0.383759003,0.723586877));
#3530=CARTESIAN_POINT('',(-8.141941745,-0.441941732,0.731004925));
#3531=CARTESIAN_POINT('',(-8.083759017,-0.500124461,0.738422973));
#3532=CARTESIAN_POINT('',(-8.015174485,-0.545895745,0.745464028));
#3533=CARTESIAN_POINT('',(-7.939500907,-0.577290495,0.752786215));
#3534=CARTESIAN_POINT('',(-7.86382733,-0.608685244,0.760108401));
#3535=CARTESIAN_POINT('',(-7.780880927,-0.625000002,0.767711719));
#3536=CARTESIAN_POINT('',(-7.699999983,-0.625,0.774754928));
#3537=CARTESIAN_POINT('',(-7.619119038,-0.624999998,0.781798136));
#3538=CARTESIAN_POINT('',(-7.536172671,-0.608685242,0.78940145));
#3539=CARTESIAN_POINT('',(-7.460499109,-0.577290502,0.796723635));
#3540=CARTESIAN_POINT('',(-7.384825547,-0.545895761,0.80404582));
#3541=CARTESIAN_POINT('',(-7.316241011,-0.500124483,0.811086875));
#3542=CARTESIAN_POINT('',(-7.258058281,-0.441941757,0.818504923));
#3543=CARTESIAN_POINT('',(-7.19987555,-0.383759031,0.825922971));
#3544=CARTESIAN_POINT('',(-7.154104263,-0.3151745,0.832964027));
#3545=CARTESIAN_POINT('',(-7.122709512,-0.239500924,0.840286213));
#3546=CARTESIAN_POINT('',(-7.09131476,-0.163827347,0.847608399));
#3547=CARTESIAN_POINT('',(-7.075,-0.080880962,0.855211716));
#3548=CARTESIAN_POINT('',(-7.075,-0.,0.862254926));
#3549=B_SPLINE_CURVE_WITH_KNOTS('',3,(#3500,#3501,#3502,#3503,#3504,#3505,#3506,#3507,#3508,#3509,#3510,#3511,#3512,#3513,#3514,#3515,#3516,#3517,#3518,#3519,#3520,#3521,#3522,#3523,#3524,#3525,
#3526,#3527,#3528,#3529,#3530,#3531,#3532,#3533,#3534,#3535,#3536,#3537,#3538,#3539,#3540,#3541,#3542,#3543,#3544,#3545,#3546,#3547,#3548),.UNSPECIFIED.,.F.,.F.,(4,3,3,3,3,3,3,3,3,3,3,3,3,3,3,3,4),(0.652777778,0.65625,0.659722222,0.663194445,0.666666667,0.670138889,0.673611111,0.677083333,0.680555556,0.684027778,0.6875,0.690972222,0.694444444,0.697916666,0.701388889,0.704861111,0.708333333),.UNSPECIFIED.);
#3550=EDGE_CURVE('',#3445,#3499,#3549,.T.);
#3551=ORIENTED_EDGE('',*,*,#3550,.T.);
#3552=CARTESIAN_POINT('',(-7.075,0.,1.212254926));
#3553=VERTEX_POINT('',#3552);
#3554=CARTESIAN_POINT('',(-7.075,0.,0.862254926));
#3555=CARTESIAN_POINT('',(-7.075,0.080880946,0.869298134));
#3556=CARTESIAN_POINT('',(-7.091314754,0.163827314,0.876901449));
#3557=CARTESIAN_POINT('',(-7.122709493,0.239500879,0.884223634));
#3558=CARTESIAN_POINT('',(-7.154104233,0.315174443,0.891545819));
#3559=CARTESIAN_POINT('',(-7.199875511,0.38375898,0.898586874));
#3560=CARTESIAN_POINT('',(-7.258058237,0.441941713,0.906004923));
#3561=CARTESIAN_POINT('',(-7.316240963,0.500124446,0.913422971));
#3562=CARTESIAN_POINT('',(-7.384825495,0.545895734,0.920464026));
#3563=CARTESIAN_POINT('',(-7.460499072,0.577290486,0.927786213));
#3564=CARTESIAN_POINT('',(-7.53617265,0.608685239,0.935108399));
#3565=CARTESIAN_POINT('',(-7.619119054,0.625,0.942711718));
#3566=CARTESIAN_POINT('',(-7.7,0.625,0.949754926));
#3567=CARTESIAN_POINT('',(-7.780880946,0.625,0.956798134));
#3568=CARTESIAN_POINT('',(-7.863827314,0.608685246,0.964401449));
#3569=CARTESIAN_POINT('',(-7.939500879,0.577290507,0.971723634));
#3570=CARTESIAN_POINT('',(-8.015174443,0.545895767,0.979045819));
#3571=CARTESIAN_POINT('',(-8.083758996,0.50012448,0.986086876));
#3572=CARTESIAN_POINT('',(-8.141941738,0.441941738,0.993504926));
#3573=CARTESIAN_POINT('',(-8.20012448,0.383758996,1.000922976));
#3574=CARTESIAN_POINT('',(-8.245895767,0.315174443,1.007964032));
#3575=CARTESIAN_POINT('',(-8.277290507,0.239500879,1.015286217));
#3576=CARTESIAN_POINT('',(-8.308685246,0.163827314,1.022608402));
#3577=CARTESIAN_POINT('',(-8.325,0.080880946,1.030211717));
#3578=CARTESIAN_POINT('',(-8.325,0.,1.037254926));
#3579=CARTESIAN_POINT('',(-8.325,-0.080880946,1.044298135));
#3580=CARTESIAN_POINT('',(-8.308685246,-0.163827314,1.051901449));
#3581=CARTESIAN_POINT('',(-8.277290507,-0.239500879,1.059223634));
#3582=CARTESIAN_POINT('',(-8.245895767,-0.315174443,1.066545819));
#3583=CARTESIAN_POINT('',(-8.20012448,-0.383758996,1.073586876));
#3584=CARTESIAN_POINT('',(-8.141941738,-0.441941738,1.081004926));
#3585=CARTESIAN_POINT('',(-8.083758996,-0.50012448,1.088422976));
#3586=CARTESIAN_POINT('',(-8.015174443,-0.545895767,1.095464032));
#3587=CARTESIAN_POINT('',(-7.939500879,-0.577290507,1.102786217));
#3588=CARTESIAN_POINT('',(-7.863827314,-0.608685246,1.110108402));
#3589=CARTESIAN_POINT('',(-7.780880946,-0.625,1.117711717));
#3590=CARTESIAN_POINT('',(-7.7,-0.625,1.124754926));
#3591=CARTESIAN_POINT('',(-7.619119054,-0.625,1.131798135));
#3592=CARTESIAN_POINT('',(-7.536172686,-0.608685246,1.139401449));
#3593=CARTESIAN_POINT('',(-7.460499121,-0.577290507,1.146723634));
#3594=CARTESIAN_POINT('',(-7.384825557,-0.545895767,1.154045819));
#3595=CARTESIAN_POINT('',(-7.316241004,-0.50012448,1.161086876));
#3596=CARTESIAN_POINT('',(-7.258058262,-0.441941738,1.168504926));
#3597=CARTESIAN_POINT('',(-7.19987552,-0.383758996,1.175922976));
#3598=CARTESIAN_POINT('',(-7.154104233,-0.315174443,1.182964032));
#3599=CARTESIAN_POINT('',(-7.122709493,-0.239500879,1.190286217));
#3600=CARTESIAN_POINT('',(-7.091314754,-0.163827314,1.197608402));
#3601=CARTESIAN_POINT('',(-7.075,-0.080880946,1.205211717));
#3602=CARTESIAN_POINT('',(-7.075,-0.,1.212254926));
#3603=B_SPLINE_CURVE_WITH_KNOTS('',3,(#3554,#3555,#3556,#3557,#3558,#3559,#3560,#3561,#3562,#3563,#3564,#3565,#3566,#3567,#3568,#3569,#3570,#3571,#3572,#3573,#3574,#3575,#3576,#3577,#3578,#3579,
#3580,#3581,#3582,#3583,#3584,#3585,#3586,#3587,#3588,#3589,#3590,#3591,#3592,#3593,#3594,#3595,#3596,#3597,#3598,#3599,#3600,#3601,#3602),.UNSPECIFIED.,.F.,.F.,(4,3,3,3,3,3,3,3,3,3,3,3,3,3,3,3,4),(0.708333333,0.711805555,0.715277778,0.71875,0.722222222,0.725694444,0.729166667,0.732638889,0.736111111,0.739583333,0.743055556,0.746527778,0.75,0.753472222,0.756944444,0.760416667,0.763888889),.UNSPECIFIED.);
#3604=EDGE_CURVE('',#3499,#3553,#3603,.T.);
#3605=ORIENTED_EDGE('',*,*,#3604,.T.);
#3606=CARTESIAN_POINT('',(-7.075,0.,1.562254926));
#3607=VERTEX_POINT('',#3606);
#3608=CARTESIAN_POINT('',(-7.075,0.,1.212254926));
#3609=CARTESIAN_POINT('',(-7.075,0.080880944,1.219298134));
#3610=CARTESIAN_POINT('',(-7.091314753,0.163827311,1.226901449));
#3611=CARTESIAN_POINT('',(-7.122709492,0.239500874,1.234223633));
#3612=CARTESIAN_POINT('',(-7.15410423,0.315174438,1.241545818));
#3613=CARTESIAN_POINT('',(-7.199875515,0.38375899,1.248586875));
#3614=CARTESIAN_POINT('',(-7.258058255,0.441941732,1.256004925));
#3615=CARTESIAN_POINT('',(-7.316240996,0.500124474,1.263422975));
#3616=CARTESIAN_POINT('',(-7.384825547,0.545895761,1.270464031));
#3617=CARTESIAN_POINT('',(-7.460499109,0.577290502,1.277786216));
#3618=CARTESIAN_POINT('',(-7.536172671,0.608685242,1.285108401));
#3619=CARTESIAN_POINT('',(-7.619119038,0.624999998,1.292711716));
#3620=CARTESIAN_POINT('',(-7.699999983,0.625,1.299754924));
#3621=CARTESIAN_POINT('',(-7.780880927,0.625000002,1.306798133));
#3622=CARTESIAN_POINT('',(-7.86382733,0.608685244,1.31440145));
#3623=CARTESIAN_POINT('',(-7.939500907,0.577290495,1.321723637));
#3624=CARTESIAN_POINT('',(-8.015174485,0.545895745,1.329045823));
#3625=CARTESIAN_POINT('',(-8.083759017,0.500124461,1.336086879));
#3626=CARTESIAN_POINT('',(-8.141941745,0.441941732,1.343504927));
#3627=CARTESIAN_POINT('',(-8.200124472,0.383759003,1.350922975));
#3628=CARTESIAN_POINT('',(-8.245895752,0.315174468,1.35796403));
#3629=CARTESIAN_POINT('',(-8.277290495,0.239500907,1.365286215));
#3630=CARTESIAN_POINT('',(-8.308685238,0.163827346,1.372608399));
#3631=CARTESIAN_POINT('',(-8.324999995,0.08088098,1.380211714));
#3632=CARTESIAN_POINT('',(-8.325,0.000000035,1.387254923));
#3633=CARTESIAN_POINT('',(-8.325000005,-0.08088091,1.394298132));
#3634=CARTESIAN_POINT('',(-8.308685249,-0.163827312,1.401901449));
#3635=CARTESIAN_POINT('',(-8.277290502,-0.239500891,1.409223635));
#3636=CARTESIAN_POINT('',(-8.245895754,-0.315174469,1.416545821));
#3637=CARTESIAN_POINT('',(-8.200124472,-0.383759003,1.423586877));
#3638=CARTESIAN_POINT('',(-8.141941745,-0.441941732,1.431004925));
#3639=CARTESIAN_POINT('',(-8.083759017,-0.500124461,1.438422973));
#3640=CARTESIAN_POINT('',(-8.015174484,-0.545895743,1.445464028));
#3641=CARTESIAN_POINT('',(-7.939500924,-0.577290488,1.452786213));
#3642=CARTESIAN_POINT('',(-7.863827363,-0.608685233,1.460108398));
#3643=CARTESIAN_POINT('',(-7.780880997,-0.624999993,1.467711712));
#3644=CARTESIAN_POINT('',(-7.700000052,-0.625,1.474754921));
#3645=CARTESIAN_POINT('',(-7.619119107,-0.625000007,1.481798131));
#3646=CARTESIAN_POINT('',(-7.536172705,-0.608685254,1.489401447));
#3647=CARTESIAN_POINT('',(-7.460499126,-0.577290508,1.496723633));
#3648=CARTESIAN_POINT('',(-7.384825546,-0.545895763,1.50404582));
#3649=CARTESIAN_POINT('',(-7.316241011,-0.500124483,1.511086875));
#3650=CARTESIAN_POINT('',(-7.258058281,-0.441941757,1.518504923));
#3651=CARTESIAN_POINT('',(-7.19987555,-0.383759031,1.525922971));
#3652=CARTESIAN_POINT('',(-7.154104263,-0.3151745,1.532964027));
#3653=CARTESIAN_POINT('',(-7.122709512,-0.239500924,1.540286213));
#3654=CARTESIAN_POINT('',(-7.09131476,-0.163827347,1.547608399));
#3655=CARTESIAN_POINT('',(-7.075,-0.080880962,1.555211716));
#3656=CARTESIAN_POINT('',(-7.075,-0.,1.562254926));
#3657=B_SPLINE_CURVE_WITH_KNOTS('',3,(#3608,#3609,#3610,#3611,#3612,#3613,#3614,#3615,#3616,#3617,#3618,#3619,#3620,#3621,#3622,#3623,#3624,#3625,#3626,#3627,#3628,#3629,#3630,#3631,#3632,#3633,
#3634,#3635,#3636,#3637,#3638,#3639,#3640,#3641,#3642,#3643,#3644,#3645,#3646,#3647,#3648,#3649,#3650,#3651,#3652,#3653,#3654,#3655,#3656),.UNSPECIFIED.,.F.,.F.,(4,3,3,3,3,3,3,3,3,3,3,3,3,3,3,3,4),(0.763888889,0.767361111,0.770833333,0.774305556,0.777777778,0.78125,0.784722222,0.788194444,0.791666667,0.795138889,0.798611111,0.802083333,0.805555555,0.809027777,0.8125,0.815972222,0.819444444),.UNSPECIFIED.);
#3658=EDGE_CURVE('',#3553,#3607,#3657,.T.);
#3659=ORIENTED_EDGE('',*,*,#3658,.T.);
#3660=CARTESIAN_POINT('',(-7.075,0.,1.912254926));
#3661=VERTEX_POINT('',#3660);
#3662=CARTESIAN_POINT('',(-7.075,0.,1.562254926));
#3663=CARTESIAN_POINT('',(-7.075,0.080880946,1.569298134));
#3664=CARTESIAN_POINT('',(-7.091314754,0.163827314,1.576901449));
#3665=CARTESIAN_POINT('',(-7.122709493,0.239500879,1.584223634));
#3666=CARTESIAN_POINT('',(-7.154104233,0.315174443,1.591545819));
#3667=CARTESIAN_POINT('',(-7.199875511,0.38375898,1.598586874));
#3668=CARTESIAN_POINT('',(-7.258058237,0.441941713,1.606004923));
#3669=CARTESIAN_POINT('',(-7.316240963,0.500124446,1.613422971));
#3670=CARTESIAN_POINT('',(-7.384825495,0.545895734,1.620464026));
#3671=CARTESIAN_POINT('',(-7.460499072,0.577290486,1.627786213));
#3672=CARTESIAN_POINT('',(-7.53617265,0.608685239,1.635108399));
#3673=CARTESIAN_POINT('',(-7.619119054,0.625,1.642711718));
#3674=CARTESIAN_POINT('',(-7.7,0.625,1.649754926));
#3675=CARTESIAN_POINT('',(-7.780880946,0.625,1.656798134));
#3676=CARTESIAN_POINT('',(-7.863827314,0.608685246,1.664401449));
#3677=CARTESIAN_POINT('',(-7.939500879,0.577290507,1.671723634));
#3678=CARTESIAN_POINT('',(-8.015174443,0.545895767,1.679045819));
#3679=CARTESIAN_POINT('',(-8.08375898,0.500124489,1.686086874));
#3680=CARTESIAN_POINT('',(-8.141941713,0.441941763,1.693504923));
#3681=CARTESIAN_POINT('',(-8.200124446,0.383759037,1.700922971));
#3682=CARTESIAN_POINT('',(-8.245895734,0.315174505,1.707964026));
#3683=CARTESIAN_POINT('',(-8.277290486,0.239500928,1.715286213));
#3684=CARTESIAN_POINT('',(-8.308685239,0.16382735,1.722608399));
#3685=CARTESIAN_POINT('',(-8.325,0.080880963,1.730211716));
#3686=CARTESIAN_POINT('',(-8.325,0.,1.737254926));
#3687=CARTESIAN_POINT('',(-8.325,-0.080880963,1.744298136));
#3688=CARTESIAN_POINT('',(-8.308685246,-0.163827314,1.751901449));
#3689=CARTESIAN_POINT('',(-8.277290507,-0.239500879,1.759223634));
#3690=CARTESIAN_POINT('',(-8.245895767,-0.315174443,1.766545819));
#3691=CARTESIAN_POINT('',(-8.20012448,-0.383758996,1.773586876));
#3692=CARTESIAN_POINT('',(-8.141941738,-0.441941738,1.781004926));
#3693=CARTESIAN_POINT('',(-8.083758996,-0.50012448,1.788422976));
#3694=CARTESIAN_POINT('',(-8.015174443,-0.545895767,1.795464032));
#3695=CARTESIAN_POINT('',(-7.939500879,-0.577290507,1.802786217));
#3696=CARTESIAN_POINT('',(-7.863827314,-0.608685246,1.810108402));
#3697=CARTESIAN_POINT('',(-7.780880946,-0.625,1.817711717));
#3698=CARTESIAN_POINT('',(-7.7,-0.625,1.824754926));
#3699=CARTESIAN_POINT('',(-7.619119054,-0.625,1.831798135));
#3700=CARTESIAN_POINT('',(-7.536172686,-0.608685246,1.839401449));
#3701=CARTESIAN_POINT('',(-7.460499121,-0.577290507,1.846723634));
#3702=CARTESIAN_POINT('',(-7.384825557,-0.545895767,1.854045819));
#3703=CARTESIAN_POINT('',(-7.316241004,-0.50012448,1.861086876));
#3704=CARTESIAN_POINT('',(-7.258058262,-0.441941738,1.868504926));
#3705=CARTESIAN_POINT('',(-7.19987552,-0.383758996,1.875922976));
#3706=CARTESIAN_POINT('',(-7.154104233,-0.315174443,1.882964032));
#3707=CARTESIAN_POINT('',(-7.122709493,-0.239500879,1.890286217));
#3708=CARTESIAN_POINT('',(-7.091314754,-0.163827314,1.897608402));
#3709=CARTESIAN_POINT('',(-7.075,-0.080880946,1.905211717));
#3710=CARTESIAN_POINT('',(-7.075,-0.,1.912254926));
#3711=B_SPLINE_CURVE_WITH_KNOTS('',3,(#3662,#3663,#3664,#3665,#3666,#3667,#3668,#3669,#3670,#3671,#3672,#3673,#3674,#3675,#3676,#3677,#3678,#3679,#3680,#3681,#3682,#3683,#3684,#3685,#3686,#3687,
#3688,#3689,#3690,#3691,#3692,#3693,#3694,#3695,#3696,#3697,#3698,#3699,#3700,#3701,#3702,#3703,#3704,#3705,#3706,#3707,#3708,#3709,#3710),.UNSPECIFIED.,.F.,.F.,(4,3,3,3,3,3,3,3,3,3,3,3,3,3,3,3,4),(0.819444444,0.822916666,0.826388889,0.829861111,0.833333333,0.836805555,0.840277778,0.84375,0.847222222,0.850694444,0.854166667,0.857638889,0.861111111,0.864583333,0.868055556,0.871527778,0.875),.UNSPECIFIED.);
#3712=EDGE_CURVE('',#3607,#3661,#3711,.T.);
#3713=ORIENTED_EDGE('',*,*,#3712,.T.);
#3714=CARTESIAN_POINT('',(-7.075,-0.,2.262254926));
#3715=VERTEX_POINT('',#3714);
#3716=CARTESIAN_POINT('',(-7.075,0.,1.912254926));
#3717=CARTESIAN_POINT('',(-7.075,0.080880946,1.919298134));
#3718=CARTESIAN_POINT('',(-7.091314754,0.163827314,1.926901449));
#3719=CARTESIAN_POINT('',(-7.122709493,0.239500879,1.934223634));
#3720=CARTESIAN_POINT('',(-7.154104233,0.315174443,1.941545819));
#3721=CARTESIAN_POINT('',(-7.19987552,0.383758996,1.948586876));
#3722=CARTESIAN_POINT('',(-7.258058262,0.441941738,1.956004926));
#3723=CARTESIAN_POINT('',(-7.316241004,0.50012448,1.963422976));
#3724=CARTESIAN_POINT('',(-7.384825557,0.545895767,1.970464032));
#3725=CARTESIAN_POINT('',(-7.460499121,0.577290507,1.977786217));
#3726=CARTESIAN_POINT('',(-7.536172686,0.608685246,1.985108402));
#3727=CARTESIAN_POINT('',(-7.619119054,0.625,1.992711718));
#3728=CARTESIAN_POINT('',(-7.7,0.625,1.999754926));
#3729=CARTESIAN_POINT('',(-7.780880946,0.625,2.006798134));
#3730=CARTESIAN_POINT('',(-7.863827314,0.608685246,2.014401449));
#3731=CARTESIAN_POINT('',(-7.939500879,0.577290507,2.021723634));
#3732=CARTESIAN_POINT('',(-8.015174443,0.545895767,2.029045819));
#3733=CARTESIAN_POINT('',(-8.083758996,0.50012448,2.036086876));
#3734=CARTESIAN_POINT('',(-8.141941738,0.441941738,2.043504926));
#3735=CARTESIAN_POINT('',(-8.20012448,0.383758996,2.050922976));
#3736=CARTESIAN_POINT('',(-8.245895767,0.315174443,2.057964032));
#3737=CARTESIAN_POINT('',(-8.277290507,0.239500879,2.065286217));
#3738=CARTESIAN_POINT('',(-8.308685246,0.163827314,2.072608402));
#3739=CARTESIAN_POINT('',(-8.325,0.080880946,2.080211717));
#3740=CARTESIAN_POINT('',(-8.325,0.,2.087254926));
#3741=CARTESIAN_POINT('',(-8.325,-0.080880946,2.094298135));
#3742=CARTESIAN_POINT('',(-8.308685239,-0.16382735,2.101901452));
#3743=CARTESIAN_POINT('',(-8.277290486,-0.239500928,2.109223639));
#3744=CARTESIAN_POINT('',(-8.245895734,-0.315174505,2.116545825));
#3745=CARTESIAN_POINT('',(-8.200124446,-0.383759037,2.123586881));
#3746=CARTESIAN_POINT('',(-8.141941713,-0.441941763,2.131004929));
#3747=CARTESIAN_POINT('',(-8.08375898,-0.500124489,2.138422977));
#3748=CARTESIAN_POINT('',(-8.015174443,-0.545895767,2.145464032));
#3749=CARTESIAN_POINT('',(-7.939500879,-0.577290507,2.152786217));
#3750=CARTESIAN_POINT('',(-7.863827314,-0.608685246,2.160108402));
#3751=CARTESIAN_POINT('',(-7.780880963,-0.625,2.167711716));
#3752=CARTESIAN_POINT('',(-7.7,-0.625,2.174754926));
#3753=CARTESIAN_POINT('',(-7.619119037,-0.625,2.181798136));
#3754=CARTESIAN_POINT('',(-7.53617265,-0.608685239,2.189401452));
#3755=CARTESIAN_POINT('',(-7.460499072,-0.577290486,2.196723639));
#3756=CARTESIAN_POINT('',(-7.384825495,-0.545895734,2.204045825));
#3757=CARTESIAN_POINT('',(-7.316240963,-0.500124446,2.211086881));
#3758=CARTESIAN_POINT('',(-7.258058237,-0.441941713,2.218504929));
#3759=CARTESIAN_POINT('',(-7.199875511,-0.38375898,2.225922977));
#3760=CARTESIAN_POINT('',(-7.154104233,-0.315174443,2.232964032));
#3761=CARTESIAN_POINT('',(-7.122709493,-0.239500879,2.240286217));
#3762=CARTESIAN_POINT('',(-7.091314754,-0.163827314,2.247608402));
#3763=CARTESIAN_POINT('',(-7.075,-0.080880946,2.255211717));
#3764=CARTESIAN_POINT('',(-7.075,-0.,2.262254926));
#3765=B_SPLINE_CURVE_WITH_KNOTS('',3,(#3716,#3717,#3718,#3719,#3720,#3721,#3722,#3723,#3724,#3725,#3726,#3727,#3728,#3729,#3730,#3731,#3732,#3733,#3734,#3735,#3736,#3737,#3738,#3739,#3740,#3741,
#3742,#3743,#3744,#3745,#3746,#3747,#3748,#3749,#3750,#3751,#3752,#3753,#3754,#3755,#3756,#3757,#3758,#3759,#3760,#3761,#3762,#3763,#3764),.UNSPECIFIED.,.F.,.F.,(4,3,3,3,3,3,3,3,3,3,3,3,3,3,3,3,4),(0.875,0.878472222,0.881944444,0.885416667,0.888888889,0.892361111,0.895833333,0.899305556,0.902777778,0.90625,0.909722222,0.913194445,0.916666667,0.920138889,0.923611111,0.927083334,0.930555556),.UNSPECIFIED.);
#3766=EDGE_CURVE('',#3661,#3715,#3765,.T.);
#3767=ORIENTED_EDGE('',*,*,#3766,.T.);
#3768=CARTESIAN_POINT('',(-7.075,-0.000000001,2.262254926));
#3769=CARTESIAN_POINT('',(-7.075,0.079647962,2.269190762));
#3770=CARTESIAN_POINT('',(-7.090112739,0.157766096,2.276333037));
#3771=CARTESIAN_POINT('',(-7.119354346,0.231248034,2.283427227));
#3772=CARTESIAN_POINT('',(-7.148595952,0.304729973,2.290521416));
#3773=CARTESIAN_POINT('',(-7.191839391,0.372291525,2.297343564));
#3774=CARTESIAN_POINT('',(-7.245964406,0.429507485,2.304441311));
#3775=CARTESIAN_POINT('',(-7.300089421,0.486723445,2.311539059));
#3776=CARTESIAN_POINT('',(-7.365548961,0.533799207,2.318502508));
#3777=CARTESIAN_POINT('',(-7.43681827,0.566886565,2.325480769));
#3778=CARTESIAN_POINT('',(-7.50808758,0.599973923,2.332459029));
#3779=CARTESIAN_POINT('',(-7.58648795,0.61959965,2.339744153));
#3780=CARTESIAN_POINT('',(-7.664873163,0.624012104,2.346672988));
#3781=CARTESIAN_POINT('',(-7.743258377,0.628424557,2.353601824));
#3782=CARTESIAN_POINT('',(-7.823398217,0.617711961,2.360670643));
#3783=CARTESIAN_POINT('',(-7.897906717,0.592838875,2.367739303));
#3784=CARTESIAN_POINT('',(-7.972415216,0.567965788,2.374807964));
#3785=CARTESIAN_POINT('',(-8.042788045,0.52850683,2.381665752));
#3786=CARTESIAN_POINT('',(-8.102967431,0.477747056,2.388737885));
#3787=CARTESIAN_POINT('',(-8.163146817,0.426987282,2.395810019));
#3788=CARTESIAN_POINT('',(-8.213711194,0.364655992,2.40290351));
#3789=CARTESIAN_POINT('',(-8.251016531,0.294967427,2.409842532));
#3790=CARTESIAN_POINT('',(-8.288321867,0.225278862,2.416781553));
#3791=CARTESIAN_POINT('',(-8.312103135,0.149268279,2.423953502));
#3792=CARTESIAN_POINT('',(-8.321033636,0.070300976,2.431040483));
#3793=CARTESIAN_POINT('',(-8.329964137,-0.008666327,2.438127464));
#3794=CARTESIAN_POINT('',(-8.323828099,-0.087921434,2.444930276));
#3795=CARTESIAN_POINT('',(-8.302985313,-0.164419365,2.452086442));
#3796=CARTESIAN_POINT('',(-8.282142528,-0.240917295,2.459242608));
#3797=CARTESIAN_POINT('',(-8.24689844,-0.312655441,2.466072436));
#3798=CARTESIAN_POINT('',(-8.199464117,-0.375713449,2.473116086));
#3799=CARTESIAN_POINT('',(-8.152029795,-0.438771456,2.480159737));
#3800=CARTESIAN_POINT('',(-8.092425718,-0.492762523,2.487401182));
#3801=CARTESIAN_POINT('',(-8.025254016,-0.53369919,2.494292858));
#3802=CARTESIAN_POINT('',(-7.958082314,-0.574635856,2.501184534));
#3803=CARTESIAN_POINT('',(-7.882446795,-0.602912281,2.508351861));
#3804=CARTESIAN_POINT('',(-7.805045915,-0.616109045,2.515399947));
#3805=CARTESIAN_POINT('',(-7.727645034,-0.62930581,2.522448033));
#3806=CARTESIAN_POINT('',(-7.646773744,-0.627658828,2.529327892));
#3807=CARTESIAN_POINT('',(-7.569982451,-0.611326784,2.53639605));
#3808=CARTESIAN_POINT('',(-7.493191159,-0.59499474,2.543464208));
#3809=CARTESIAN_POINT('',(-7.41872907,-0.563665555,2.550519591));
#3810=CARTESIAN_POINT('',(-7.353308576,-0.52002892,2.55745504));
#3811=CARTESIAN_POINT('',(-7.287888081,-0.476392285,2.564390489));
#3812=CARTESIAN_POINT('',(-7.230488016,-0.420005672,2.571660846));
#3813=CARTESIAN_POINT('',(-7.185674668,-0.355097807,2.578655339));
#3814=CARTESIAN_POINT('',(-7.14086132,-0.290189942,2.585649831));
#3815=CARTESIAN_POINT('',(-7.108479427,-0.216953399,2.592581182));
#3816=CARTESIAN_POINT('',(-7.090728366,-0.139330815,2.599754838));
#3817=B_SPLINE_CURVE_WITH_KNOTS('',3,(#3768,#3769,#3770,#3771,#3772,#3773,#3774,#3775,#3776,#3777,#3778,#3779,#3780,#3781,#3782,#3783,#3784,#3785,#3786,#3787,#3788,#3789,#3790,#3791,#3792,#3793,
#3794,#3795,#3796,#3797,#3798,#3799,#3800,#3801,#3802,#3803,#3804,#3805,#3806,#3807,#3808,#3809,#3810,#3811,#3812,#3813,#3814,#3815,#3816),.UNSPECIFIED.,.F.,.F.,(4,3,3,3,3,3,3,3,3,3,3,3,3,3,3,3,4),(0.,0.000236579,0.000473158,0.000709738,0.000946317,0.001182896,0.001419475,0.001656054,0.001892634,0.002129213,0.002365792,0.002602371,0.00283895,0.00307553,0.003312109,0.003548688,0.003785267),.UNSPECIFIED.);
#3818=EDGE_CURVE('',#3715,#450,#3817,.T.);
#3819=ORIENTED_EDGE('',*,*,#3818,.T.);
#3820=ORIENTED_EDGE('',*,*,#474,.F.);
#3821=EDGE_LOOP('',(#3404,#3431,#3443,#3497,#3551,#3605,#3659,#3713,#3767,#3819,#3820));
#3822=FACE_BOUND('',#3821,.T.);
#3823=ADVANCED_FACE('',(#3822),#3403,.F.);
#3824=CARTESIAN_POINT('',(-7.7,0.,-0.1));
#3825=DIRECTION('',(0.,0.,1.));
#3826=DIRECTION('',(1.,0.,-0.));
#3827=AXIS2_PLACEMENT_3D('',#3824,#3825,#3826);
#3828=CYLINDRICAL_SURFACE('',#3827,0.625);
#3829=CARTESIAN_POINT('',(-7.075,0.,2.262254926));
#3830=DIRECTION('',(-0.,-0.,-1.));
#3831=VECTOR('',#3830,0.1479);
#3832=LINE('',#3829,#3831);
#3833=EDGE_CURVE('',#3715,#1591,#3832,.T.);
#3834=ORIENTED_EDGE('',*,*,#3833,.T.);
#3835=ORIENTED_EDGE('',*,*,#1642,.T.);
#3836=CARTESIAN_POINT('',(-7.075,0.,2.6));
#3837=DIRECTION('',(-0.,-0.,-1.));
#3838=VECTOR('',#3837,0.135645074);
#3839=LINE('',#3836,#3838);
#3840=EDGE_CURVE('',#410,#1564,#3839,.T.);
#3841=ORIENTED_EDGE('',*,*,#3840,.F.);
#3842=ORIENTED_EDGE('',*,*,#416,.F.);
#3843=ORIENTED_EDGE('',*,*,#3840,.T.);
#3844=ORIENTED_EDGE('',*,*,#1588,.T.);
#3845=ORIENTED_EDGE('',*,*,#481,.F.);
#3846=ORIENTED_EDGE('',*,*,#3818,.F.);
#3847=EDGE_LOOP('',(#3834,#3835,#3841,#3842,#3843,#3844,#3845,#3846));
#3848=FACE_BOUND('',#3847,.T.);
#3849=ADVANCED_FACE('',(#3848),#3828,.T.);
#3850=CARTESIAN_POINT('',(-120.2,319.5,0.130044429));
#3851=DIRECTION('',(0.,0.,1.));
#3852=DIRECTION('',(1.,0.,0.));
#3853=AXIS2_PLACEMENT_3D('',#3850,#3851,#3852);
#3854=PLANE('',#3853);
#3855=CARTESIAN_POINT('',(-7.075,-0.,0.130044429));
#3856=VERTEX_POINT('',#3855);
#3857=CARTESIAN_POINT('',(-7.7,0.,0.130044429));
#3858=DIRECTION('',(0.,0.,1.));
#3859=DIRECTION('',(1.,0.,-0.));
#3860=AXIS2_PLACEMENT_3D('',#3857,#3858,#3859);
#3861=CIRCLE('',#3860,0.625);
#3862=EDGE_CURVE('',#3856,#1915,#3861,.T.);
#3863=ORIENTED_EDGE('',*,*,#3862,.F.);
#3864=CARTESIAN_POINT('',(-7.7,0.,0.130044429));
#3865=DIRECTION('',(0.,0.,1.));
#3866=DIRECTION('',(1.,0.,-0.));
#3867=AXIS2_PLACEMENT_3D('',#3864,#3865,#3866);
#3868=CIRCLE('',#3867,0.625);
#3869=EDGE_CURVE('',#3406,#3856,#3868,.T.);
#3870=ORIENTED_EDGE('',*,*,#3869,.F.);
#3871=ORIENTED_EDGE('',*,*,#3430,.F.);
#3872=ORIENTED_EDGE('',*,*,#1969,.F.);
#3873=EDGE_LOOP('',(#3863,#3870,#3871,#3872));
#3874=FACE_BOUND('',#3873,.T.);
#3875=ADVANCED_FACE('',(#3874),#3854,.F.);
#3876=CARTESIAN_POINT('',(-7.7,0.,-0.1));
#3877=DIRECTION('',(0.,0.,1.));
#3878=DIRECTION('',(1.,0.,-0.));
#3879=AXIS2_PLACEMENT_3D('',#3876,#3877,#3878);
#3880=CYLINDRICAL_SURFACE('',#3879,0.625);
#3881=CARTESIAN_POINT('',(-7.075,0.,1.912254926));
#3882=DIRECTION('',(-0.,-0.,-1.));
#3883=VECTOR('',#3882,0.1479);
#3884=LINE('',#3881,#3883);
#3885=EDGE_CURVE('',#3661,#1645,#3884,.T.);
#3886=ORIENTED_EDGE('',*,*,#3885,.T.);
#3887=ORIENTED_EDGE('',*,*,#1696,.T.);
#3888=ORIENTED_EDGE('',*,*,#3833,.F.);
#3889=ORIENTED_EDGE('',*,*,#3766,.F.);
#3890=EDGE_LOOP('',(#3886,#3887,#3888,#3889));
#3891=FACE_BOUND('',#3890,.T.);
#3892=ADVANCED_FACE('',(#3891),#3880,.T.);
#3893=CARTESIAN_POINT('',(-7.7,0.,-0.1));
#3894=DIRECTION('',(0.,0.,1.));
#3895=DIRECTION('',(1.,0.,-0.));
#3896=AXIS2_PLACEMENT_3D('',#3893,#3894,#3895);
#3897=CYLINDRICAL_SURFACE('',#3896,0.625);
#3898=CARTESIAN_POINT('',(-7.075,0.,1.562254926));
#3899=DIRECTION('',(-0.,-0.,-1.));
#3900=VECTOR('',#3899,0.1479);
#3901=LINE('',#3898,#3900);
#3902=EDGE_CURVE('',#3607,#1699,#3901,.T.);
#3903=ORIENTED_EDGE('',*,*,#3902,.T.);
#3904=ORIENTED_EDGE('',*,*,#1750,.T.);
#3905=ORIENTED_EDGE('',*,*,#3885,.F.);
#3906=ORIENTED_EDGE('',*,*,#3712,.F.);
#3907=EDGE_LOOP('',(#3903,#3904,#3905,#3906));
#3908=FACE_BOUND('',#3907,.T.);
#3909=ADVANCED_FACE('',(#3908),#3897,.T.);
#3910=CARTESIAN_POINT('',(-7.7,0.,-0.1));
#3911=DIRECTION('',(0.,0.,1.));
#3912=DIRECTION('',(1.,0.,-0.));
#3913=AXIS2_PLACEMENT_3D('',#3910,#3911,#3912);
#3914=CYLINDRICAL_SURFACE('',#3913,0.625);
#3915=CARTESIAN_POINT('',(-7.075,0.,1.212254926));
#3916=DIRECTION('',(-0.,-0.,-1.));
#3917=VECTOR('',#3916,0.1479);
#3918=LINE('',#3915,#3917);
#3919=EDGE_CURVE('',#3553,#1753,#3918,.T.);
#3920=ORIENTED_EDGE('',*,*,#3919,.T.);
#3921=ORIENTED_EDGE('',*,*,#1804,.T.);
#3922=ORIENTED_EDGE('',*,*,#3902,.F.);
#3923=ORIENTED_EDGE('',*,*,#3658,.F.);
#3924=EDGE_LOOP('',(#3920,#3921,#3922,#3923));
#3925=FACE_BOUND('',#3924,.T.);
#3926=ADVANCED_FACE('',(#3925),#3914,.T.);
#3927=CARTESIAN_POINT('',(-7.7,0.,-0.1));
#3928=DIRECTION('',(0.,0.,1.));
#3929=DIRECTION('',(1.,0.,-0.));
#3930=AXIS2_PLACEMENT_3D('',#3927,#3928,#3929);
#3931=CYLINDRICAL_SURFACE('',#3930,0.625);
#3932=CARTESIAN_POINT('',(-7.075,0.,0.862254926));
#3933=DIRECTION('',(-0.,-0.,-1.));
#3934=VECTOR('',#3933,0.1479);
#3935=LINE('',#3932,#3934);
#3936=EDGE_CURVE('',#3499,#1807,#3935,.T.);
#3937=ORIENTED_EDGE('',*,*,#3936,.T.);
#3938=ORIENTED_EDGE('',*,*,#1858,.T.);
#3939=ORIENTED_EDGE('',*,*,#3919,.F.);
#3940=ORIENTED_EDGE('',*,*,#3604,.F.);
#3941=EDGE_LOOP('',(#3937,#3938,#3939,#3940));
#3942=FACE_BOUND('',#3941,.T.);
#3943=ADVANCED_FACE('',(#3942),#3931,.T.);
#3944=CARTESIAN_POINT('',(-7.7,0.,-0.1));
#3945=DIRECTION('',(0.,0.,1.));
#3946=DIRECTION('',(1.,0.,-0.));
#3947=AXIS2_PLACEMENT_3D('',#3944,#3945,#3946);
#3948=CYLINDRICAL_SURFACE('',#3947,0.625);
#3949=CARTESIAN_POINT('',(-7.075,0.,0.512254926));
#3950=DIRECTION('',(-0.,-0.,-1.));
#3951=VECTOR('',#3950,0.1479);
#3952=LINE('',#3949,#3951);
#3953=EDGE_CURVE('',#3445,#1861,#3952,.T.);
#3954=ORIENTED_EDGE('',*,*,#3953,.T.);
#3955=ORIENTED_EDGE('',*,*,#1912,.T.);
#3956=ORIENTED_EDGE('',*,*,#3936,.F.);
#3957=ORIENTED_EDGE('',*,*,#3550,.F.);
#3958=EDGE_LOOP('',(#3954,#3955,#3956,#3957));
#3959=FACE_BOUND('',#3958,.T.);
#3960=ADVANCED_FACE('',(#3959),#3948,.T.);
#3961=CARTESIAN_POINT('',(-7.7,0.,-0.1));
#3962=DIRECTION('',(0.,0.,1.));
#3963=DIRECTION('',(1.,0.,-0.));
#3964=AXIS2_PLACEMENT_3D('',#3961,#3962,#3963);
#3965=CYLINDRICAL_SURFACE('',#3964,0.625);
#3966=ORIENTED_EDGE('',*,*,#3953,.F.);
#3967=ORIENTED_EDGE('',*,*,#3496,.F.);
#3968=CARTESIAN_POINT('',(-7.075,0.,0.162254926));
#3969=DIRECTION('',(-0.,-0.,-1.));
#3970=VECTOR('',#3969,0.032210497);
#3971=LINE('',#3968,#3970);
#3972=EDGE_CURVE('',#3433,#3856,#3971,.T.);
#3973=ORIENTED_EDGE('',*,*,#3972,.T.);
#3974=ORIENTED_EDGE('',*,*,#3862,.T.);
#3975=ORIENTED_EDGE('',*,*,#1942,.T.);
#3976=EDGE_LOOP('',(#3966,#3967,#3973,#3974,#3975));
#3977=FACE_BOUND('',#3976,.T.);
#3978=ADVANCED_FACE('',(#3977),#3965,.T.);
#3979=CARTESIAN_POINT('',(-7.7,0.,-0.1));
#3980=DIRECTION('',(0.,0.,1.));
#3981=DIRECTION('',(1.,0.,-0.));
#3982=AXIS2_PLACEMENT_3D('',#3979,#3980,#3981);
#3983=CYLINDRICAL_SURFACE('',#3982,0.625);
#3984=ORIENTED_EDGE('',*,*,#3972,.F.);
#3985=ORIENTED_EDGE('',*,*,#3442,.F.);
#3986=ORIENTED_EDGE('',*,*,#3869,.T.);
#3987=EDGE_LOOP('',(#3984,#3985,#3986));
#3988=FACE_BOUND('',#3987,.T.);
#3989=ADVANCED_FACE('',(#3988),#3983,.T.);
#3990=CLOSED_SHELL('',(#59,#110,#152,#164,#195,#219,#243,#260,#272,#290,#310,#344,#374,#400,#420,#485,#2338,#3823,#3849,#3875,#3892,#3909,#3926,#3943,#3960,#3978,
#3989));
#3991=MANIFOLD_SOLID_BREP('Y\X2\87BA7D72\X0\',#3990);
#3992=COLOUR_RGB('',0.749019623,0.737254918,0.725490212);
#3993=FILL_AREA_STYLE_COLOUR('',#3992);
#3994=FILL_AREA_STYLE('',(#3993));
#3995=SURFACE_STYLE_FILL_AREA(#3994);
#3996=SURFACE_SIDE_STYLE('',(#3995));
#3997=SURFACE_STYLE_USAGE(.BOTH.,#3996);
#3998=PRESENTATION_STYLE_ASSIGNMENT((#3997));
#26=STYLED_ITEM('',(#3998),#3991);
#16=SHAPE_REPRESENTATION('Y\X2\87BA7D72\X0\',(#15),#10);
#17=ADVANCED_BREP_SHAPE_REPRESENTATION('Y\X2\87BA7D72\X0\',(#3991),#10);
#4006=SHAPE_REPRESENTATION_RELATIONSHIP('','',#16,#17);
#4007=CARTESIAN_POINT('',(0.,0.,0.));
#4008=DIRECTION('',(0.,0.,1.));
#4009=DIRECTION('',(1.,0.,0.));
#4010=AXIS2_PLACEMENT_3D('',#4007,#4008,#4009);
#4012=MAPPED_ITEM('',#4011,#4010);
#4011=REPRESENTATION_MAP(#4010,#16);
#4013=APPLICATION_CONTEXT('Managed model based 3d engineering');
#4014=APPLICATION_PROTOCOL_DEFINITION('international standard','ap242_managed_model_based_3d_engineering',2014,#4013);
#4015=PRODUCT_CONTEXT('',#4013,'mechanical');
#4016=PRODUCT_DEFINITION_CONTEXT('part definition',#4013,'design');
#24=PRODUCT('Y\X2\87BA7D72\X0\','Y\X2\87BA7D72\X0\','',(#4015));
#4017=PRODUCT_RELATED_PRODUCT_CATEGORY('part','',(#24));
#4018=PRODUCT_DEFINITION_FORMATION_WITH_SPECIFIED_SOURCE('','',#24,.NOT_KNOWN.);
#25=PRODUCT_DEFINITION('design','',#4018,#4016);
#23=PRODUCT_DEFINITION_SHAPE('','',#25);
#4019=SHAPE_DEFINITION_REPRESENTATION(#23,#16);
#11=DRAUGHTING_MODEL('',(#4012),#10);
#4020=DESCRIPTIVE_REPRESENTATION_ITEM('KEY','C:\\Users\\Nalani\\AppData\\Local\\Packages\\Shapr3D.Shapr3D_j403pzjkqtqbj\\TempState\\a1998077-9a92-421e-9a45-963b4a4fb612.tmp');
#4021=PROPERTY_DEFINITION('KEY','',#25);
#4022=REPRESENTATION('',(#4020),#10);
#4023=PROPERTY_DEFINITION_REPRESENTATION(#4021,#4022);
#4024=GENERAL_PROPERTY('','KEY','');
#4025=GENERAL_PROPERTY_ASSOCIATION('','',#4024,#4021);
#1=MECHANICAL_DESIGN_GEOMETRIC_PRESENTATION_REPRESENTATION('',(#26),#10);
ENDSEC;
END-ISO-10303-21;
