ISO-10303-21;
HEADER;

/* File generated by Shapr3D Version 26.123.11423.0 */

FILE_DESCRIPTION(('HOOPS Exchange Step'),'2;1');

FILE_NAME('C:\\Users\\Nalani\\AppData\\Local\\Packages\\Shapr3D.Shapr3D_j403pzjkqtqbj\\TempState\\export\\temp_export',
'2026-08-03T16:12:13+08:00',
('Nalani'),
('Shapr3D Limited'),
'HOOPS Exchange 2026.3',
'Shapr3D',
'Authorized');

FILE_SCHEMA( ('AP242_MANAGED_MODEL_BASED_3D_ENGINEERING_MIM_LF {1 0 10303 442 1 1 4}') );

ENDSEC;

DATA;
#3=(NAMED_UNIT(*)PLANE_ANGLE_UNIT()SI_UNIT($,.RADIAN.));
#4=PLANE_ANGLE_MEASURE_WITH_UNIT(PLANE_ANGLE_MEASURE(0.0174532925),#3);
#5=(CONVERSION_BASED_UNIT('DEGREE',#4)NAMED_UNIT(#6)PLANE_ANGLE_UNIT());
#6=DIMENSIONAL_EXPONENTS(0.,0.,0.,0.,0.,0.,0.);
#7=(NAMED_UNIT(*)SI_UNIT($,.STERADIAN.)SOLID_ANGLE_UNIT());
#8=(LENGTH_UNIT()NAMED_UNIT(*)SI_UNIT(.MILLI.,.METRE.));
#9=UNCERTAINTY_MEASURE_WITH_UNIT(LENGTH_MEASURE(1.000000E-05),#8,'DISTANCE_ACCURACY_VALUE','Maximum Tolerance applied to model');
#10=(GEOMETRIC_REPRESENTATION_CONTEXT(3)GLOBAL_UNCERTAINTY_ASSIGNED_CONTEXT((#9))GLOBAL_UNIT_ASSIGNED_CONTEXT((#8,#5,#7))REPRESENTATION_CONTEXT('','\X2\4E3B52D5593E81C2\X0\'));
#12=CARTESIAN_POINT('',(0.,0.,0.));
#13=DIRECTION('',(0.,0.,1.));
#14=DIRECTION('',(1.,0.,0.));
#15=AXIS2_PLACEMENT_3D('',#12,#13,#14);
#27=CARTESIAN_POINT('',(-6.364289821,-2.999843911,1.595531867));
#28=CARTESIAN_POINT('',(-6.361975075,-3.000170487,1.591351443));
#29=CARTESIAN_POINT('',(-6.359623848,-3.000496199,1.587193509));
#30=CARTESIAN_POINT('',(-6.357236414,-3.00082102,1.583058352));
#31=CARTESIAN_POINT('',(-6.357219785,-3.000823283,1.58302955));
#32=CARTESIAN_POINT('',(-6.357203154,-3.000825545,1.583000748));
#33=CARTESIAN_POINT('',(-6.357186522,-3.000827808,1.582971948));
#34=CARTESIAN_POINT('',(-6.286560635,-3.010435044,1.460679546));
#35=CARTESIAN_POINT('',(-6.186696025,-3.020380826,1.360827678));
#36=CARTESIAN_POINT('',(-6.064395501,-3.029987687,1.290217438));
#37=CARTESIAN_POINT('',(-6.064366699,-3.029989949,1.290200809));
#38=CARTESIAN_POINT('',(-6.064337895,-3.029992212,1.290184182));
#39=CARTESIAN_POINT('',(-6.064309091,-3.029994474,1.290167556));
#40=CARTESIAN_POINT('',(-5.941999077,-3.03960171,1.219572174));
#41=CARTESIAN_POINT('',(-5.805587854,-3.049547492,1.183030225));
#42=CARTESIAN_POINT('',(-5.664367374,-3.059154353,1.183030225));
#43=CARTESIAN_POINT('',(-5.664334116,-3.059156616,1.183030225));
#44=CARTESIAN_POINT('',(-5.664300858,-3.059158878,1.183030227));
#45=CARTESIAN_POINT('',(-5.6642676,-3.059161141,1.183030231));
#46=CARTESIAN_POINT('',(-5.52304633,-3.068768377,1.183047842));
#47=CARTESIAN_POINT('',(-5.386639771,-3.078714159,1.219607198));
#48=CARTESIAN_POINT('',(-5.264339247,-3.08832102,1.290217439));
#49=CARTESIAN_POINT('',(-5.264310445,-3.088323283,1.290234068));
#50=CARTESIAN_POINT('',(-5.264281643,-3.088325545,1.290250698));
#51=CARTESIAN_POINT('',(-5.264252843,-3.088327808,1.290267331));
#52=CARTESIAN_POINT('',(-5.141960441,-3.097935043,1.360893218));
#53=CARTESIAN_POINT('',(-5.042108574,-3.107880826,1.460757828));
#54=CARTESIAN_POINT('',(-4.971498334,-3.117487687,1.583058352));
#55=CARTESIAN_POINT('',(-4.971481705,-3.117489949,1.583087154));
#56=CARTESIAN_POINT('',(-4.971465078,-3.117492212,1.583115957));
#57=CARTESIAN_POINT('',(-4.971448452,-3.117494474,1.583144762));
#58=CARTESIAN_POINT('',(-4.900853069,-3.12710171,1.705454775));
#59=CARTESIAN_POINT('',(-4.86431112,-3.137047492,1.841865998));
#60=CARTESIAN_POINT('',(-4.86431112,-3.146654354,1.983086479));
#61=CARTESIAN_POINT('',(-4.86431112,-3.146656617,1.983119737));
#62=CARTESIAN_POINT('',(-4.864311122,-3.146658879,1.983152995));
#63=CARTESIAN_POINT('',(-4.864311126,-3.146661142,1.983186253));
#64=CARTESIAN_POINT('',(-4.864328738,-3.156268377,2.124407523));
#65=CARTESIAN_POINT('',(-4.900888093,-3.16621416,2.260814082));
#66=CARTESIAN_POINT('',(-4.971498334,-3.175821021,2.383114606));
#67=CARTESIAN_POINT('',(-4.971514963,-3.175823283,2.383143408));
#68=CARTESIAN_POINT('',(-4.971531594,-3.175825546,2.38317221));
#69=CARTESIAN_POINT('',(-4.971548226,-3.175827808,2.38320101));
#70=CARTESIAN_POINT('',(-5.042174113,-3.185435044,2.505493412));
#71=CARTESIAN_POINT('',(-5.142038723,-3.195380826,2.605345279));
#72=CARTESIAN_POINT('',(-5.264339247,-3.204987687,2.675955519));
#73=CARTESIAN_POINT('',(-5.264368049,-3.204989949,2.675972148));
#74=CARTESIAN_POINT('',(-5.264396853,-3.204992212,2.675988775));
#75=CARTESIAN_POINT('',(-5.264425657,-3.204994474,2.676005401));
#76=CARTESIAN_POINT('',(-5.386735671,-3.21460171,2.746600784));
#77=CARTESIAN_POINT('',(-5.523146894,-3.224547492,2.783142733));
#78=CARTESIAN_POINT('',(-5.664367374,-3.234154354,2.783142733));
#79=CARTESIAN_POINT('',(-5.664400632,-3.234156616,2.783142733));
#80=CARTESIAN_POINT('',(-5.66443389,-3.234158879,2.783142731));
#81=CARTESIAN_POINT('',(-5.664467148,-3.234161141,2.783142727));
#82=CARTESIAN_POINT('',(-5.805688418,-3.243768377,2.783125115));
#83=CARTESIAN_POINT('',(-5.942094977,-3.253714159,2.74656576));
#84=CARTESIAN_POINT('',(-6.064395501,-3.263321021,2.675955519));
#85=CARTESIAN_POINT('',(-6.064424303,-3.263323283,2.67593889));
#86=CARTESIAN_POINT('',(-6.064453104,-3.263325546,2.67592226));
#87=CARTESIAN_POINT('',(-6.064481905,-3.263327808,2.675905627));
#88=CARTESIAN_POINT('',(-6.186774307,-3.272935044,2.60527974));
#89=CARTESIAN_POINT('',(-6.286626174,-3.282880826,2.50541513));
#90=CARTESIAN_POINT('',(-6.357236414,-3.292487687,2.383114606));
#91=CARTESIAN_POINT('',(-6.357253043,-3.292489949,2.383085804));
#92=CARTESIAN_POINT('',(-6.35726967,-3.292492212,2.383057));
#93=CARTESIAN_POINT('',(-6.357286296,-3.292494474,2.383028196));
#94=CARTESIAN_POINT('',(-6.427881679,-3.30210171,2.260718182));
#95=CARTESIAN_POINT('',(-6.464423628,-3.312047493,2.124306959));
#96=CARTESIAN_POINT('',(-6.464423628,-3.321654353,1.983086479));
#97=CARTESIAN_POINT('',(-6.464423628,-3.321656616,1.983053221));
#98=CARTESIAN_POINT('',(-6.464423626,-3.321658878,1.983019963));
#99=CARTESIAN_POINT('',(-6.464423622,-3.321661141,1.982986705));
#100=CARTESIAN_POINT('',(-6.46440601,-3.331268377,1.841765434));
#101=CARTESIAN_POINT('',(-6.427846655,-3.341214159,1.705358875));
#102=CARTESIAN_POINT('',(-6.357236414,-3.35082102,1.583058352));
#103=CARTESIAN_POINT('',(-6.357219785,-3.350823283,1.58302955));
#104=CARTESIAN_POINT('',(-6.357203154,-3.350825545,1.583000748));
#105=CARTESIAN_POINT('',(-6.357186522,-3.350827808,1.582971948));
#106=CARTESIAN_POINT('',(-6.286560635,-3.360435044,1.460679546));
#107=CARTESIAN_POINT('',(-6.186696025,-3.370380826,1.360827679));
#108=CARTESIAN_POINT('',(-6.064395501,-3.379987687,1.290217438));
#109=CARTESIAN_POINT('',(-6.064366699,-3.379989949,1.290200809));
#110=CARTESIAN_POINT('',(-6.064337895,-3.379992212,1.290184182));
#111=CARTESIAN_POINT('',(-6.064309091,-3.379994474,1.290167557));
#112=CARTESIAN_POINT('',(-5.941999077,-3.38960171,1.219572174));
#113=CARTESIAN_POINT('',(-5.805587854,-3.399547493,1.183030225));
#114=CARTESIAN_POINT('',(-5.664367374,-3.409154353,1.183030225));
#115=CARTESIAN_POINT('',(-5.664334116,-3.409156616,1.183030225));
#116=CARTESIAN_POINT('',(-5.664300858,-3.409158878,1.183030227));
#117=CARTESIAN_POINT('',(-5.6642676,-3.409161141,1.183030231));
#118=CARTESIAN_POINT('',(-5.52304633,-3.418768377,1.183047843));
#119=CARTESIAN_POINT('',(-5.386639771,-3.428714159,1.219607198));
#120=CARTESIAN_POINT('',(-5.264339247,-3.43832102,1.290217438));
#121=CARTESIAN_POINT('',(-5.264310445,-3.438323283,1.290234067));
#122=CARTESIAN_POINT('',(-5.264281643,-3.438325545,1.290250698));
#123=CARTESIAN_POINT('',(-5.264252843,-3.438327808,1.29026733));
#124=CARTESIAN_POINT('',(-5.141960441,-3.447935043,1.360893218));
#125=CARTESIAN_POINT('',(-5.042108574,-3.457880826,1.460757828));
#126=CARTESIAN_POINT('',(-4.971498334,-3.467487687,1.583058352));
#127=CARTESIAN_POINT('',(-4.971481705,-3.467489949,1.583087154));
#128=CARTESIAN_POINT('',(-4.971465078,-3.467492212,1.583115957));
#129=CARTESIAN_POINT('',(-4.971448452,-3.467494474,1.583144762));
#130=CARTESIAN_POINT('',(-4.900853069,-3.47710171,1.705454775));
#131=CARTESIAN_POINT('',(-4.86431112,-3.487047492,1.841865998));
#132=CARTESIAN_POINT('',(-4.86431112,-3.496654353,1.983086479));
#133=CARTESIAN_POINT('',(-4.86431112,-3.496656616,1.983119737));
#134=CARTESIAN_POINT('',(-4.864311122,-3.496658878,1.983152995));
#135=CARTESIAN_POINT('',(-4.864311126,-3.496661141,1.983186253));
#136=CARTESIAN_POINT('',(-4.864328738,-3.506268377,2.124407523));
#137=CARTESIAN_POINT('',(-4.900888093,-3.51621416,2.260814082));
#138=CARTESIAN_POINT('',(-4.971498334,-3.525821021,2.383114605));
#139=CARTESIAN_POINT('',(-4.971514963,-3.525823283,2.383143408));
#140=CARTESIAN_POINT('',(-4.971531594,-3.525825546,2.383172209));
#141=CARTESIAN_POINT('',(-4.971548226,-3.525827808,2.383201009));
#142=CARTESIAN_POINT('',(-5.042174113,-3.535435044,2.505493412));
#143=CARTESIAN_POINT('',(-5.142038723,-3.545380826,2.605345279));
#144=CARTESIAN_POINT('',(-5.264339247,-3.554987687,2.675955519));
#145=CARTESIAN_POINT('',(-5.264368049,-3.554989949,2.675972148));
#146=CARTESIAN_POINT('',(-5.264396853,-3.554992212,2.675988776));
#147=CARTESIAN_POINT('',(-5.264425657,-3.554994474,2.676005401));
#148=CARTESIAN_POINT('',(-5.386735671,-3.56460171,2.746600784));
#149=CARTESIAN_POINT('',(-5.523146894,-3.574547493,2.783142733));
#150=CARTESIAN_POINT('',(-5.664367374,-3.584154354,2.783142733));
#151=CARTESIAN_POINT('',(-5.664400632,-3.584156616,2.783142733));
#152=CARTESIAN_POINT('',(-5.66443389,-3.584158879,2.783142731));
#153=CARTESIAN_POINT('',(-5.664467148,-3.584161141,2.783142727));
#154=CARTESIAN_POINT('',(-5.805688418,-3.593768377,2.783125115));
#155=CARTESIAN_POINT('',(-5.942094977,-3.603714159,2.74656576));
#156=CARTESIAN_POINT('',(-6.064395501,-3.613321021,2.67595552));
#157=CARTESIAN_POINT('',(-6.064424303,-3.613323283,2.675938891));
#158=CARTESIAN_POINT('',(-6.064453104,-3.613325546,2.67592226));
#159=CARTESIAN_POINT('',(-6.064481905,-3.613327808,2.675905627));
#160=CARTESIAN_POINT('',(-6.186774307,-3.622935044,2.605279739));
#161=CARTESIAN_POINT('',(-6.286626174,-3.632880826,2.505415129));
#162=CARTESIAN_POINT('',(-6.357236414,-3.642487687,2.383114606));
#163=CARTESIAN_POINT('',(-6.357253043,-3.642489949,2.383085804));
#164=CARTESIAN_POINT('',(-6.35726967,-3.642492212,2.383057));
#165=CARTESIAN_POINT('',(-6.357286296,-3.642494474,2.383028196));
#166=CARTESIAN_POINT('',(-6.427881679,-3.65210171,2.260718182));
#167=CARTESIAN_POINT('',(-6.464423628,-3.662047493,2.124306959));
#168=CARTESIAN_POINT('',(-6.464423628,-3.671654353,1.983086479));
#169=CARTESIAN_POINT('',(-6.464423628,-3.671656616,1.983053221));
#170=CARTESIAN_POINT('',(-6.464423626,-3.671658878,1.983019963));
#171=CARTESIAN_POINT('',(-6.464423622,-3.671661141,1.982986705));
#172=CARTESIAN_POINT('',(-6.46440601,-3.681268377,1.841765434));
#173=CARTESIAN_POINT('',(-6.427846655,-3.691214159,1.705358875));
#174=CARTESIAN_POINT('',(-6.357236414,-3.70082102,1.583058351));
#175=CARTESIAN_POINT('',(-6.357219785,-3.700823283,1.583029549));
#176=CARTESIAN_POINT('',(-6.357203154,-3.700825545,1.583000748));
#177=CARTESIAN_POINT('',(-6.357186522,-3.700827808,1.582971947));
#178=CARTESIAN_POINT('',(-6.286560635,-3.710435044,1.460679546));
#179=CARTESIAN_POINT('',(-6.186696025,-3.720380826,1.360827679));
#180=CARTESIAN_POINT('',(-6.064395501,-3.729987687,1.290217439));
#181=CARTESIAN_POINT('',(-6.064366699,-3.729989949,1.29020081));
#182=CARTESIAN_POINT('',(-6.064337895,-3.729992212,1.290184182));
#183=CARTESIAN_POINT('',(-6.064309091,-3.729994474,1.290167557));
#184=CARTESIAN_POINT('',(-5.941999077,-3.73960171,1.219572173));
#185=CARTESIAN_POINT('',(-5.805587854,-3.749547493,1.183030225));
#186=CARTESIAN_POINT('',(-5.664367374,-3.759154353,1.183030225));
#187=CARTESIAN_POINT('',(-5.664334116,-3.759156616,1.183030225));
#188=CARTESIAN_POINT('',(-5.664300858,-3.759158878,1.183030227));
#189=CARTESIAN_POINT('',(-5.6642676,-3.759161141,1.183030231));
#190=CARTESIAN_POINT('',(-5.52304633,-3.768768377,1.183047843));
#191=CARTESIAN_POINT('',(-5.386639771,-3.778714159,1.219607198));
#192=CARTESIAN_POINT('',(-5.264339247,-3.78832102,1.290217438));
#193=CARTESIAN_POINT('',(-5.264310445,-3.788323283,1.290234067));
#194=CARTESIAN_POINT('',(-5.264281643,-3.788325545,1.290250698));
#195=CARTESIAN_POINT('',(-5.264252843,-3.788327808,1.290267331));
#196=CARTESIAN_POINT('',(-5.141960441,-3.797935044,1.360893218));
#197=CARTESIAN_POINT('',(-5.042108574,-3.807880826,1.460757828));
#198=CARTESIAN_POINT('',(-4.971498334,-3.817487687,1.583058352));
#199=CARTESIAN_POINT('',(-4.971481705,-3.817489949,1.583087154));
#200=CARTESIAN_POINT('',(-4.971465078,-3.817492212,1.583115958));
#201=CARTESIAN_POINT('',(-4.971448452,-3.817494474,1.583144762));
#202=CARTESIAN_POINT('',(-4.900853069,-3.82710171,1.705454775));
#203=CARTESIAN_POINT('',(-4.86431112,-3.837047492,1.841865998));
#204=CARTESIAN_POINT('',(-4.86431112,-3.846654353,1.983086478));
#205=CARTESIAN_POINT('',(-4.86431112,-3.846656616,1.983119736));
#206=CARTESIAN_POINT('',(-4.864311122,-3.846658878,1.983152994));
#207=CARTESIAN_POINT('',(-4.864311126,-3.846661141,1.983186253));
#208=CARTESIAN_POINT('',(-4.864328738,-3.856268377,2.124407523));
#209=CARTESIAN_POINT('',(-4.900888093,-3.86621416,2.260814082));
#210=CARTESIAN_POINT('',(-4.971498334,-3.875821021,2.383114606));
#211=CARTESIAN_POINT('',(-4.971514963,-3.875823283,2.383143408));
#212=CARTESIAN_POINT('',(-4.971531594,-3.875825546,2.383172209));
#213=CARTESIAN_POINT('',(-4.971548226,-3.875827808,2.38320101));
#214=CARTESIAN_POINT('',(-5.042174113,-3.885435044,2.505493411));
#215=CARTESIAN_POINT('',(-5.142038723,-3.895380826,2.605345279));
#216=CARTESIAN_POINT('',(-5.264339247,-3.904987687,2.67595552));
#217=CARTESIAN_POINT('',(-5.264368049,-3.90498995,2.675972149));
#218=CARTESIAN_POINT('',(-5.264396853,-3.904992212,2.675988776));
#219=CARTESIAN_POINT('',(-5.264425657,-3.904994475,2.676005401));
#220=CARTESIAN_POINT('',(-5.386735671,-3.91460171,2.746600784));
#221=CARTESIAN_POINT('',(-5.523146894,-3.924547493,2.783142733));
#222=CARTESIAN_POINT('',(-5.664367374,-3.934154354,2.783142733));
#223=CARTESIAN_POINT('',(-5.664400632,-3.934156616,2.783142733));
#224=CARTESIAN_POINT('',(-5.66443389,-3.934158879,2.78314273));
#225=CARTESIAN_POINT('',(-5.664467148,-3.934161142,2.783142726));
#226=CARTESIAN_POINT('',(-5.805688418,-3.943768377,2.783125115));
#227=CARTESIAN_POINT('',(-5.942094977,-3.953714159,2.74656576));
#228=CARTESIAN_POINT('',(-6.064395501,-3.96332102,2.675955519));
#229=CARTESIAN_POINT('',(-6.064424303,-3.963323282,2.67593889));
#230=CARTESIAN_POINT('',(-6.064453104,-3.963325545,2.675922259));
#231=CARTESIAN_POINT('',(-6.064481905,-3.963327807,2.675905626));
#232=CARTESIAN_POINT('',(-6.186774307,-3.972935043,2.605279739));
#233=CARTESIAN_POINT('',(-6.286626174,-3.982880826,2.50541513));
#234=CARTESIAN_POINT('',(-6.357236414,-3.992487687,2.383114606));
#235=CARTESIAN_POINT('',(-6.357253043,-3.992489949,2.383085804));
#236=CARTESIAN_POINT('',(-6.35726967,-3.992492212,2.383057001));
#237=CARTESIAN_POINT('',(-6.357286296,-3.992494475,2.383028196));
#238=CARTESIAN_POINT('',(-6.427881679,-4.002101711,2.260718183));
#239=CARTESIAN_POINT('',(-6.464423628,-4.012047493,2.124306959));
#240=CARTESIAN_POINT('',(-6.464423628,-4.021654353,1.983086478));
#241=CARTESIAN_POINT('',(-6.464423628,-4.021656616,1.98305322));
#242=CARTESIAN_POINT('',(-6.464423626,-4.021658878,1.983019962));
#243=CARTESIAN_POINT('',(-6.464423622,-4.021661141,1.982986704));
#244=CARTESIAN_POINT('',(-6.46440601,-4.031268377,1.841765434));
#245=CARTESIAN_POINT('',(-6.427846655,-4.041214159,1.705358875));
#246=CARTESIAN_POINT('',(-6.357236414,-4.05082102,1.583058352));
#247=CARTESIAN_POINT('',(-6.357219785,-4.050823283,1.583029549));
#248=CARTESIAN_POINT('',(-6.357203154,-4.050825545,1.583000748));
#249=CARTESIAN_POINT('',(-6.357186522,-4.050827808,1.582971948));
#250=CARTESIAN_POINT('',(-6.333109825,-4.05410296,1.541281894));
#251=CARTESIAN_POINT('',(-6.305314844,-4.057452364,1.501819105));
#252=CARTESIAN_POINT('',(-6.273973699,-4.060849428,1.464945437));
#253=CARTESIAN_POINT('',(-6.364261371,-2.999862686,1.59554762));
#254=CARTESIAN_POINT('',(-6.36194672,-3.000189263,1.591367366));
#255=CARTESIAN_POINT('',(-6.359595588,-3.000514974,1.587209601));
#256=CARTESIAN_POINT('',(-6.357208251,-3.000839796,1.583074612));
#257=CARTESIAN_POINT('',(-6.357191623,-3.000842058,1.583045811));
#258=CARTESIAN_POINT('',(-6.357174992,-3.000844321,1.583017011));
#259=CARTESIAN_POINT('',(-6.35715836,-3.000846583,1.582988211));
#260=CARTESIAN_POINT('',(-6.286535345,-3.010453819,1.46070078));
#261=CARTESIAN_POINT('',(-6.186674794,-3.020399601,1.360852971));
#262=CARTESIAN_POINT('',(-6.064379241,-3.030006462,1.290245601));
#263=CARTESIAN_POINT('',(-6.06435044,-3.030008724,1.290228973));
#264=CARTESIAN_POINT('',(-6.064321638,-3.030010987,1.290212346));
#265=CARTESIAN_POINT('',(-6.064292834,-3.03001325,1.290195722));
#266=CARTESIAN_POINT('',(-5.941987792,-3.039620486,1.219603208));
#267=CARTESIAN_POINT('',(-5.805582114,-3.049566268,1.183062745));
#268=CARTESIAN_POINT('',(-5.664367374,-3.059173129,1.183062745));
#269=CARTESIAN_POINT('',(-5.664334117,-3.059175391,1.183062745));
#270=CARTESIAN_POINT('',(-5.664300861,-3.059177654,1.183062747));
#271=CARTESIAN_POINT('',(-5.664267604,-3.059179916,1.183062751));
#272=CARTESIAN_POINT('',(-5.523052074,-3.068787152,1.183080362));
#273=CARTESIAN_POINT('',(-5.38665106,-3.078732935,1.219638231));
#274=CARTESIAN_POINT('',(-5.264355507,-3.088339796,1.290245602));
#275=CARTESIAN_POINT('',(-5.264326706,-3.088342058,1.29026223));
#276=CARTESIAN_POINT('',(-5.264297906,-3.088344321,1.29027886));
#277=CARTESIAN_POINT('',(-5.264269106,-3.088346583,1.290295492));
#278=CARTESIAN_POINT('',(-5.141981675,-3.097953819,1.360918508));
#279=CARTESIAN_POINT('',(-5.042133867,-3.107899601,1.460779059));
#280=CARTESIAN_POINT('',(-4.971526497,-3.117506462,1.583074612));
#281=CARTESIAN_POINT('',(-4.971509869,-3.117508725,1.583103413));
#282=CARTESIAN_POINT('',(-4.971493242,-3.117510987,1.583132215));
#283=CARTESIAN_POINT('',(-4.971476617,-3.11751325,1.583161018));
#284=CARTESIAN_POINT('',(-4.900884104,-3.127120485,1.70546606));
#285=CARTESIAN_POINT('',(-4.86434364,-3.137066268,1.841871738));
#286=CARTESIAN_POINT('',(-4.86434364,-3.14667313,1.983086479));
#287=CARTESIAN_POINT('',(-4.86434364,-3.146675392,1.983119735));
#288=CARTESIAN_POINT('',(-4.864343642,-3.146677654,1.983152992));
#289=CARTESIAN_POINT('',(-4.864343646,-3.146679917,1.983186249));
#290=CARTESIAN_POINT('',(-4.864361257,-3.156287153,2.124401779));
#291=CARTESIAN_POINT('',(-4.900919127,-3.166232935,2.260802794));
#292=CARTESIAN_POINT('',(-4.971526497,-3.175839796,2.383098346));
#293=CARTESIAN_POINT('',(-4.971543125,-3.175842058,2.383127147));
#294=CARTESIAN_POINT('',(-4.971559755,-3.175844321,2.383155947));
#295=CARTESIAN_POINT('',(-4.971576387,-3.175846584,2.383184747));
#296=CARTESIAN_POINT('',(-5.042199403,-3.185453819,2.505472177));
#297=CARTESIAN_POINT('',(-5.142059954,-3.195399601,2.605319986));
#298=CARTESIAN_POINT('',(-5.264355507,-3.205006462,2.675927356));
#299=CARTESIAN_POINT('',(-5.264384308,-3.205008725,2.675943984));
#300=CARTESIAN_POINT('',(-5.26441311,-3.205010987,2.675960611));
#301=CARTESIAN_POINT('',(-5.264441914,-3.20501325,2.675977236));
#302=CARTESIAN_POINT('',(-5.386746956,-3.214620486,2.746569749));
#303=CARTESIAN_POINT('',(-5.523152634,-3.224566268,2.783110213));
#304=CARTESIAN_POINT('',(-5.664367374,-3.234173129,2.783110213));
#305=CARTESIAN_POINT('',(-5.664400631,-3.234175392,2.783110213));
#306=CARTESIAN_POINT('',(-5.664433887,-3.234177654,2.783110211));
#307=CARTESIAN_POINT('',(-5.664467144,-3.234179917,2.783110207));
#308=CARTESIAN_POINT('',(-5.805682674,-3.243787152,2.783092596));
#309=CARTESIAN_POINT('',(-5.942083688,-3.253732935,2.746534726));
#310=CARTESIAN_POINT('',(-6.064379241,-3.263339796,2.675927356));
#311=CARTESIAN_POINT('',(-6.064408042,-3.263342058,2.675910728));
#312=CARTESIAN_POINT('',(-6.064436842,-3.263344321,2.675894098));
#313=CARTESIAN_POINT('',(-6.064465641,-3.263346584,2.675877466));
#314=CARTESIAN_POINT('',(-6.186753072,-3.272953819,2.605254449));
#315=CARTESIAN_POINT('',(-6.286600881,-3.282899601,2.505393899));
#316=CARTESIAN_POINT('',(-6.357208251,-3.292506462,2.383098346));
#317=CARTESIAN_POINT('',(-6.357224879,-3.292508725,2.383069545));
#318=CARTESIAN_POINT('',(-6.357241506,-3.292510987,2.383040743));
#319=CARTESIAN_POINT('',(-6.357258131,-3.29251325,2.383011939));
#320=CARTESIAN_POINT('',(-6.427850644,-3.302120486,2.260706897));
#321=CARTESIAN_POINT('',(-6.464391108,-3.312066268,2.124301219));
#322=CARTESIAN_POINT('',(-6.464391108,-3.321673129,1.983086479));
#323=CARTESIAN_POINT('',(-6.464391108,-3.321675391,1.983053222));
#324=CARTESIAN_POINT('',(-6.464391106,-3.321677654,1.983019966));
#325=CARTESIAN_POINT('',(-6.464391102,-3.321679916,1.982986709));
#326=CARTESIAN_POINT('',(-6.464373491,-3.331287152,1.841771178));
#327=CARTESIAN_POINT('',(-6.427815621,-3.341232935,1.705370164));
#328=CARTESIAN_POINT('',(-6.357208251,-3.350839796,1.583074612));
#329=CARTESIAN_POINT('',(-6.357191623,-3.350842058,1.583045811));
#330=CARTESIAN_POINT('',(-6.357174992,-3.350844321,1.583017011));
#331=CARTESIAN_POINT('',(-6.35715836,-3.350846583,1.582988212));
#332=CARTESIAN_POINT('',(-6.286535345,-3.360453819,1.460700781));
#333=CARTESIAN_POINT('',(-6.186674794,-3.370399601,1.360852972));
#334=CARTESIAN_POINT('',(-6.064379241,-3.380006462,1.290245602));
#335=CARTESIAN_POINT('',(-6.06435044,-3.380008725,1.290228973));
#336=CARTESIAN_POINT('',(-6.064321638,-3.380010987,1.290212347));
#337=CARTESIAN_POINT('',(-6.064292834,-3.38001325,1.290195722));
#338=CARTESIAN_POINT('',(-5.941987792,-3.389620486,1.219603209));
#339=CARTESIAN_POINT('',(-5.805582114,-3.399566268,1.183062745));
#340=CARTESIAN_POINT('',(-5.664367374,-3.409173129,1.183062745));
#341=CARTESIAN_POINT('',(-5.664334117,-3.409175391,1.183062745));
#342=CARTESIAN_POINT('',(-5.664300861,-3.409177654,1.183062747));
#343=CARTESIAN_POINT('',(-5.664267604,-3.409179916,1.183062751));
#344=CARTESIAN_POINT('',(-5.523052074,-3.418787152,1.183080362));
#345=CARTESIAN_POINT('',(-5.38665106,-3.428732935,1.219638231));
#346=CARTESIAN_POINT('',(-5.264355507,-3.438339796,1.290245601));
#347=CARTESIAN_POINT('',(-5.264326706,-3.438342058,1.290262229));
#348=CARTESIAN_POINT('',(-5.264297906,-3.438344321,1.290278859));
#349=CARTESIAN_POINT('',(-5.264269106,-3.438346583,1.290295491));
#350=CARTESIAN_POINT('',(-5.141981675,-3.447953819,1.360918508));
#351=CARTESIAN_POINT('',(-5.042133867,-3.457899601,1.460779059));
#352=CARTESIAN_POINT('',(-4.971526497,-3.467506462,1.583074612));
#353=CARTESIAN_POINT('',(-4.971509869,-3.467508725,1.583103413));
#354=CARTESIAN_POINT('',(-4.971493242,-3.467510987,1.583132215));
#355=CARTESIAN_POINT('',(-4.971476617,-3.46751325,1.583161018));
#356=CARTESIAN_POINT('',(-4.900884104,-3.477120485,1.70546606));
#357=CARTESIAN_POINT('',(-4.86434364,-3.487066268,1.841871739));
#358=CARTESIAN_POINT('',(-4.86434364,-3.496673129,1.983086479));
#359=CARTESIAN_POINT('',(-4.86434364,-3.496675391,1.983119736));
#360=CARTESIAN_POINT('',(-4.864343642,-3.496677654,1.983152992));
#361=CARTESIAN_POINT('',(-4.864343646,-3.496679916,1.983186249));
#362=CARTESIAN_POINT('',(-4.864361257,-3.506287152,2.124401779));
#363=CARTESIAN_POINT('',(-4.900919127,-3.516232935,2.260802793));
#364=CARTESIAN_POINT('',(-4.971526497,-3.525839796,2.383098345));
#365=CARTESIAN_POINT('',(-4.971543125,-3.525842059,2.383127146));
#366=CARTESIAN_POINT('',(-4.971559755,-3.525844321,2.383155947));
#367=CARTESIAN_POINT('',(-4.971576387,-3.525846584,2.383184746));
#368=CARTESIAN_POINT('',(-5.042199403,-3.535453819,2.505472177));
#369=CARTESIAN_POINT('',(-5.142059954,-3.545399602,2.605319986));
#370=CARTESIAN_POINT('',(-5.264355507,-3.555006462,2.675927356));
#371=CARTESIAN_POINT('',(-5.264384308,-3.555008725,2.675943984));
#372=CARTESIAN_POINT('',(-5.26441311,-3.555010987,2.675960611));
#373=CARTESIAN_POINT('',(-5.264441914,-3.55501325,2.675977236));
#374=CARTESIAN_POINT('',(-5.386746956,-3.564620486,2.746569749));
#375=CARTESIAN_POINT('',(-5.523152634,-3.574566268,2.783110213));
#376=CARTESIAN_POINT('',(-5.664367374,-3.584173129,2.783110213));
#377=CARTESIAN_POINT('',(-5.664400631,-3.584175392,2.783110213));
#378=CARTESIAN_POINT('',(-5.664433887,-3.584177654,2.783110211));
#379=CARTESIAN_POINT('',(-5.664467144,-3.584179917,2.783110207));
#380=CARTESIAN_POINT('',(-5.805682674,-3.593787152,2.783092596));
#381=CARTESIAN_POINT('',(-5.942083688,-3.603732935,2.746534727));
#382=CARTESIAN_POINT('',(-6.064379241,-3.613339796,2.675927357));
#383=CARTESIAN_POINT('',(-6.064408042,-3.613342059,2.675910728));
#384=CARTESIAN_POINT('',(-6.064436842,-3.613344321,2.675894098));
#385=CARTESIAN_POINT('',(-6.064465641,-3.613346584,2.675877466));
#386=CARTESIAN_POINT('',(-6.186753072,-3.622953819,2.605254449));
#387=CARTESIAN_POINT('',(-6.286600881,-3.632899601,2.505393898));
#388=CARTESIAN_POINT('',(-6.357208251,-3.642506462,2.383098346));
#389=CARTESIAN_POINT('',(-6.357224879,-3.642508725,2.383069545));
#390=CARTESIAN_POINT('',(-6.357241506,-3.642510987,2.383040743));
#391=CARTESIAN_POINT('',(-6.357258131,-3.64251325,2.383011939));
#392=CARTESIAN_POINT('',(-6.427850644,-3.652120486,2.260706898));
#393=CARTESIAN_POINT('',(-6.464391108,-3.662066268,2.124301219));
#394=CARTESIAN_POINT('',(-6.464391108,-3.671673129,1.983086479));
#395=CARTESIAN_POINT('',(-6.464391108,-3.671675391,1.983053223));
#396=CARTESIAN_POINT('',(-6.464391106,-3.671677654,1.983019966));
#397=CARTESIAN_POINT('',(-6.464391102,-3.671679916,1.982986709));
#398=CARTESIAN_POINT('',(-6.464373491,-3.681287152,1.841771179));
#399=CARTESIAN_POINT('',(-6.427815621,-3.691232935,1.705370164));
#400=CARTESIAN_POINT('',(-6.357208251,-3.700839796,1.583074611));
#401=CARTESIAN_POINT('',(-6.357191623,-3.700842058,1.58304581));
#402=CARTESIAN_POINT('',(-6.357174992,-3.700844321,1.58301701));
#403=CARTESIAN_POINT('',(-6.35715836,-3.700846583,1.582988211));
#404=CARTESIAN_POINT('',(-6.286535345,-3.710453819,1.460700781));
#405=CARTESIAN_POINT('',(-6.186674794,-3.720399601,1.360852972));
#406=CARTESIAN_POINT('',(-6.064379241,-3.730006462,1.290245602));
#407=CARTESIAN_POINT('',(-6.06435044,-3.730008725,1.290228974));
#408=CARTESIAN_POINT('',(-6.064321638,-3.730010987,1.290212347));
#409=CARTESIAN_POINT('',(-6.064292834,-3.73001325,1.290195722));
#410=CARTESIAN_POINT('',(-5.941987792,-3.739620486,1.219603208));
#411=CARTESIAN_POINT('',(-5.805582114,-3.749566268,1.183062745));
#412=CARTESIAN_POINT('',(-5.664367374,-3.759173129,1.183062745));
#413=CARTESIAN_POINT('',(-5.664334117,-3.759175391,1.183062745));
#414=CARTESIAN_POINT('',(-5.664300861,-3.759177654,1.183062747));
#415=CARTESIAN_POINT('',(-5.664267604,-3.759179916,1.183062751));
#416=CARTESIAN_POINT('',(-5.523052074,-3.768787153,1.183080362));
#417=CARTESIAN_POINT('',(-5.38665106,-3.778732935,1.219638231));
#418=CARTESIAN_POINT('',(-5.264355507,-3.788339796,1.290245601));
#419=CARTESIAN_POINT('',(-5.264326706,-3.788342058,1.29026223));
#420=CARTESIAN_POINT('',(-5.264297906,-3.788344321,1.29027886));
#421=CARTESIAN_POINT('',(-5.264269106,-3.788346583,1.290295492));
#422=CARTESIAN_POINT('',(-5.141981675,-3.797953819,1.360918508));
#423=CARTESIAN_POINT('',(-5.042133867,-3.807899601,1.46077906));
#424=CARTESIAN_POINT('',(-4.971526497,-3.817506462,1.583074612));
#425=CARTESIAN_POINT('',(-4.971509869,-3.817508725,1.583103413));
#426=CARTESIAN_POINT('',(-4.971493242,-3.817510987,1.583132215));
#427=CARTESIAN_POINT('',(-4.971476617,-3.81751325,1.583161019));
#428=CARTESIAN_POINT('',(-4.900884104,-3.827120485,1.70546606));
#429=CARTESIAN_POINT('',(-4.86434364,-3.837066268,1.841871738));
#430=CARTESIAN_POINT('',(-4.86434364,-3.846673129,1.983086478));
#431=CARTESIAN_POINT('',(-4.86434364,-3.846675391,1.983119735));
#432=CARTESIAN_POINT('',(-4.864343642,-3.846677654,1.983152992));
#433=CARTESIAN_POINT('',(-4.864343646,-3.846679916,1.983186249));
#434=CARTESIAN_POINT('',(-4.864361257,-3.856287153,2.124401779));
#435=CARTESIAN_POINT('',(-4.900919127,-3.866232935,2.260802793));
#436=CARTESIAN_POINT('',(-4.971526497,-3.875839796,2.383098346));
#437=CARTESIAN_POINT('',(-4.971543125,-3.875842059,2.383127147));
#438=CARTESIAN_POINT('',(-4.971559755,-3.875844321,2.383155947));
#439=CARTESIAN_POINT('',(-4.971576387,-3.875846584,2.383184746));
#440=CARTESIAN_POINT('',(-5.042199403,-3.885453819,2.505472177));
#441=CARTESIAN_POINT('',(-5.142059954,-3.895399602,2.605319986));
#442=CARTESIAN_POINT('',(-5.264355507,-3.905006462,2.675927356));
#443=CARTESIAN_POINT('',(-5.264384308,-3.905008725,2.675943985));
#444=CARTESIAN_POINT('',(-5.26441311,-3.905010987,2.675960611));
#445=CARTESIAN_POINT('',(-5.264441914,-3.90501325,2.675977236));
#446=CARTESIAN_POINT('',(-5.386746956,-3.914620486,2.746569749));
#447=CARTESIAN_POINT('',(-5.523152634,-3.924566268,2.783110213));
#448=CARTESIAN_POINT('',(-5.664367374,-3.934173129,2.783110213));
#449=CARTESIAN_POINT('',(-5.664400631,-3.934175392,2.783110213));
#450=CARTESIAN_POINT('',(-5.664433887,-3.934177654,2.78311021));
#451=CARTESIAN_POINT('',(-5.664467144,-3.934179917,2.783110206));
#452=CARTESIAN_POINT('',(-5.805682674,-3.943787152,2.783092596));
#453=CARTESIAN_POINT('',(-5.942083688,-3.953732934,2.746534726));
#454=CARTESIAN_POINT('',(-6.064379241,-3.963339795,2.675927356));
#455=CARTESIAN_POINT('',(-6.064408042,-3.963342058,2.675910727));
#456=CARTESIAN_POINT('',(-6.064436842,-3.96334432,2.675894097));
#457=CARTESIAN_POINT('',(-6.064465641,-3.963346583,2.675877465));
#458=CARTESIAN_POINT('',(-6.186753072,-3.972953819,2.605254449));
#459=CARTESIAN_POINT('',(-6.286600881,-3.982899601,2.505393898));
#460=CARTESIAN_POINT('',(-6.357208251,-3.992506462,2.383098346));
#461=CARTESIAN_POINT('',(-6.357224879,-3.992508725,2.383069545));
#462=CARTESIAN_POINT('',(-6.357241506,-3.992510987,2.383040743));
#463=CARTESIAN_POINT('',(-6.357258131,-3.99251325,2.38301194));
#464=CARTESIAN_POINT('',(-6.427850644,-4.002120486,2.260706898));
#465=CARTESIAN_POINT('',(-6.464391108,-4.012066268,2.124301219));
#466=CARTESIAN_POINT('',(-6.464391108,-4.021673129,1.983086478));
#467=CARTESIAN_POINT('',(-6.464391108,-4.021675391,1.983053222));
#468=CARTESIAN_POINT('',(-6.464391106,-4.021677654,1.983019965));
#469=CARTESIAN_POINT('',(-6.464391102,-4.021679916,1.982986708));
#470=CARTESIAN_POINT('',(-6.464373491,-4.031287152,1.841771179));
#471=CARTESIAN_POINT('',(-6.427815621,-4.041232935,1.705370164));
#472=CARTESIAN_POINT('',(-6.357208251,-4.050839796,1.583074612));
#473=CARTESIAN_POINT('',(-6.357191623,-4.050842058,1.58304581));
#474=CARTESIAN_POINT('',(-6.357174992,-4.050844321,1.58301701));
#475=CARTESIAN_POINT('',(-6.35715836,-4.050846583,1.582988211));
#476=CARTESIAN_POINT('',(-6.333082643,-4.054121735,1.541299852));
#477=CARTESIAN_POINT('',(-6.305288791,-4.057471139,1.501838667));
#478=CARTESIAN_POINT('',(-6.27394892,-4.060868203,1.464966498));
#479=CARTESIAN_POINT('',(-6.211143338,-3.100912687,1.680330727));
#480=CARTESIAN_POINT('',(-6.20933507,-3.101239263,1.677065));
#481=CARTESIAN_POINT('',(-6.207498303,-3.101564974,1.673816843));
#482=CARTESIAN_POINT('',(-6.205633251,-3.101889795,1.670586479));
#483=CARTESIAN_POINT('',(-6.20562026,-3.101892058,1.670563979));
#484=CARTESIAN_POINT('',(-6.205607268,-3.10189432,1.670541479));
#485=CARTESIAN_POINT('',(-6.205594275,-3.101896583,1.67051898));
#486=CARTESIAN_POINT('',(-6.150421681,-3.111503819,1.574984759));
#487=CARTESIAN_POINT('',(-6.07240794,-3.121449602,1.496980973));
#488=CARTESIAN_POINT('',(-5.976867374,-3.131056463,1.441820601));
#489=CARTESIAN_POINT('',(-5.976844874,-3.131058725,1.441807611));
#490=CARTESIAN_POINT('',(-5.976822373,-3.131060988,1.441794622));
#491=CARTESIAN_POINT('',(-5.976799871,-3.13106325,1.441781634));
#492=CARTESIAN_POINT('',(-5.881251891,-3.140670486,1.386632869));
#493=CARTESIAN_POINT('',(-5.774688117,-3.150616268,1.358086479));
#494=CARTESIAN_POINT('',(-5.664367374,-3.160223129,1.358086479));
#495=CARTESIAN_POINT('',(-5.664341393,-3.160225392,1.358086479));
#496=CARTESIAN_POINT('',(-5.664315412,-3.160227654,1.35808648));
#497=CARTESIAN_POINT('',(-5.664289431,-3.160229917,1.358086484));
#498=CARTESIAN_POINT('',(-5.553968071,-3.169837152,1.358100242));
#499=CARTESIAN_POINT('',(-5.44740794,-3.179782934,1.38666023));
#500=CARTESIAN_POINT('',(-5.351867374,-3.189389795,1.441820602));
#501=CARTESIAN_POINT('',(-5.351844874,-3.189392058,1.441833592));
#502=CARTESIAN_POINT('',(-5.351822374,-3.18939432,1.441846584));
#503=CARTESIAN_POINT('',(-5.351799876,-3.189396583,1.441859577));
#504=CARTESIAN_POINT('',(-5.256265654,-3.199003819,1.497032172));
#505=CARTESIAN_POINT('',(-5.178261868,-3.208949601,1.575045912));
#506=CARTESIAN_POINT('',(-5.123101497,-3.218556463,1.670586478));
#507=CARTESIAN_POINT('',(-5.123088506,-3.218558725,1.670608979));
#508=CARTESIAN_POINT('',(-5.123075517,-3.218560988,1.67063148));
#509=CARTESIAN_POINT('',(-5.12306253,-3.21856325,1.670653982));
#510=CARTESIAN_POINT('',(-5.067913764,-3.228170486,1.766201961));
#511=CARTESIAN_POINT('',(-5.039367374,-3.238116268,1.872765736));
#512=CARTESIAN_POINT('',(-5.039367374,-3.247723129,1.983086478));
#513=CARTESIAN_POINT('',(-5.039367374,-3.247725391,1.983112459));
#514=CARTESIAN_POINT('',(-5.039367376,-3.247727654,1.98313844));
#515=CARTESIAN_POINT('',(-5.039367379,-3.247729916,1.983164422));
#516=CARTESIAN_POINT('',(-5.039381137,-3.257337153,2.093485781));
#517=CARTESIAN_POINT('',(-5.067941125,-3.267282935,2.200045912));
#518=CARTESIAN_POINT('',(-5.123101497,-3.276889796,2.295586478));
#519=CARTESIAN_POINT('',(-5.123114487,-3.276892058,2.295608979));
#520=CARTESIAN_POINT('',(-5.123127479,-3.276894321,2.295631478));
#521=CARTESIAN_POINT('',(-5.123140473,-3.276896583,2.295653977));
#522=CARTESIAN_POINT('',(-5.178313067,-3.286503819,2.391188198));
#523=CARTESIAN_POINT('',(-5.256326808,-3.296449601,2.469191984));
#524=CARTESIAN_POINT('',(-5.351867374,-3.306056462,2.524352356));
#525=CARTESIAN_POINT('',(-5.351889874,-3.306058724,2.524365347));
#526=CARTESIAN_POINT('',(-5.351912375,-3.306060987,2.524378336));
#527=CARTESIAN_POINT('',(-5.351934877,-3.306063249,2.524391324));
#528=CARTESIAN_POINT('',(-5.447482856,-3.315670485,2.579540089));
#529=CARTESIAN_POINT('',(-5.554046631,-3.325616268,2.608086479));
#530=CARTESIAN_POINT('',(-5.664367374,-3.335223129,2.608086479));
#531=CARTESIAN_POINT('',(-5.664393355,-3.335225392,2.608086479));
#532=CARTESIAN_POINT('',(-5.664419336,-3.335227654,2.608086477));
#533=CARTESIAN_POINT('',(-5.664445317,-3.335229917,2.608086474));
#534=CARTESIAN_POINT('',(-5.774766677,-3.344837152,2.608072716));
#535=CARTESIAN_POINT('',(-5.881326808,-3.354782935,2.579512728));
#536=CARTESIAN_POINT('',(-5.976867374,-3.364389796,2.524352357));
#537=CARTESIAN_POINT('',(-5.976889874,-3.364392058,2.524339366));
#538=CARTESIAN_POINT('',(-5.976912374,-3.364394321,2.524326374));
#539=CARTESIAN_POINT('',(-5.976934872,-3.364396583,2.524313381));
#540=CARTESIAN_POINT('',(-6.072469093,-3.374003819,2.469140786));
#541=CARTESIAN_POINT('',(-6.15047288,-3.383949601,2.391127045));
#542=CARTESIAN_POINT('',(-6.205633251,-3.393556462,2.295586479));
#543=CARTESIAN_POINT('',(-6.205646241,-3.393558724,2.295563979));
#544=CARTESIAN_POINT('',(-6.205659231,-3.393560987,2.295541478));
#545=CARTESIAN_POINT('',(-6.205672218,-3.393563249,2.295518976));
#546=CARTESIAN_POINT('',(-6.260820984,-3.403170486,2.199970996));
#547=CARTESIAN_POINT('',(-6.289367374,-3.413116268,2.093407222));
#548=CARTESIAN_POINT('',(-6.289367374,-3.422723129,1.983086479));
#549=CARTESIAN_POINT('',(-6.289367374,-3.422725391,1.983060498));
#550=CARTESIAN_POINT('',(-6.289367372,-3.422727654,1.983034517));
#551=CARTESIAN_POINT('',(-6.289367369,-3.422729916,1.983008535));
#552=CARTESIAN_POINT('',(-6.289353611,-3.432337152,1.872687176));
#553=CARTESIAN_POINT('',(-6.260793623,-3.442282935,1.766127045));
#554=CARTESIAN_POINT('',(-6.205633251,-3.451889796,1.670586479));
#555=CARTESIAN_POINT('',(-6.20562026,-3.451892058,1.670563979));
#556=CARTESIAN_POINT('',(-6.205607268,-3.45189432,1.670541479));
#557=CARTESIAN_POINT('',(-6.205594275,-3.451896583,1.670518981));
#558=CARTESIAN_POINT('',(-6.150421681,-3.461503819,1.574984759));
#559=CARTESIAN_POINT('',(-6.07240794,-3.471449602,1.496980973));
#560=CARTESIAN_POINT('',(-5.976867374,-3.481056463,1.441820602));
#561=CARTESIAN_POINT('',(-5.976844874,-3.481058725,1.441807611));
#562=CARTESIAN_POINT('',(-5.976822373,-3.481060988,1.441794622));
#563=CARTESIAN_POINT('',(-5.976799871,-3.48106325,1.441781634));
#564=CARTESIAN_POINT('',(-5.881251891,-3.490670486,1.386632869));
#565=CARTESIAN_POINT('',(-5.774688117,-3.500616268,1.358086479));
#566=CARTESIAN_POINT('',(-5.664367374,-3.510223129,1.358086479));
#567=CARTESIAN_POINT('',(-5.664341393,-3.510225392,1.358086479));
#568=CARTESIAN_POINT('',(-5.664315412,-3.510227654,1.358086481));
#569=CARTESIAN_POINT('',(-5.664289431,-3.510229917,1.358086484));
#570=CARTESIAN_POINT('',(-5.553968071,-3.519837152,1.358100242));
#571=CARTESIAN_POINT('',(-5.44740794,-3.529782934,1.38666023));
#572=CARTESIAN_POINT('',(-5.351867374,-3.539389796,1.441820601));
#573=CARTESIAN_POINT('',(-5.351844874,-3.539392058,1.441833591));
#574=CARTESIAN_POINT('',(-5.351822374,-3.53939432,1.441846583));
#575=CARTESIAN_POINT('',(-5.351799876,-3.539396583,1.441859577));
#576=CARTESIAN_POINT('',(-5.256265654,-3.549003819,1.497032172));
#577=CARTESIAN_POINT('',(-5.178261868,-3.558949601,1.575045913));
#578=CARTESIAN_POINT('',(-5.123101497,-3.568556462,1.670586479));
#579=CARTESIAN_POINT('',(-5.123088506,-3.568558724,1.670608979));
#580=CARTESIAN_POINT('',(-5.123075517,-3.568560987,1.67063148));
#581=CARTESIAN_POINT('',(-5.12306253,-3.568563249,1.670653982));
#582=CARTESIAN_POINT('',(-5.067913764,-3.578170486,1.766201961));
#583=CARTESIAN_POINT('',(-5.039367374,-3.588116268,1.872765736));
#584=CARTESIAN_POINT('',(-5.039367374,-3.597723129,1.983086479));
#585=CARTESIAN_POINT('',(-5.039367374,-3.597725391,1.98311246));
#586=CARTESIAN_POINT('',(-5.039367376,-3.597727654,1.983138441));
#587=CARTESIAN_POINT('',(-5.039367379,-3.597729916,1.983164422));
#588=CARTESIAN_POINT('',(-5.039381137,-3.607337152,2.093485781));
#589=CARTESIAN_POINT('',(-5.067941125,-3.617282934,2.200045913));
#590=CARTESIAN_POINT('',(-5.123101497,-3.626889796,2.295586479));
#591=CARTESIAN_POINT('',(-5.123114487,-3.626892058,2.295608979));
#592=CARTESIAN_POINT('',(-5.123127479,-3.626894321,2.295631478));
#593=CARTESIAN_POINT('',(-5.123140473,-3.626896583,2.295653977));
#594=CARTESIAN_POINT('',(-5.178313067,-3.636503819,2.391188198));
#595=CARTESIAN_POINT('',(-5.256326808,-3.646449601,2.469191985));
#596=CARTESIAN_POINT('',(-5.351867374,-3.656056462,2.524352356));
#597=CARTESIAN_POINT('',(-5.351889874,-3.656058724,2.524365347));
#598=CARTESIAN_POINT('',(-5.351912375,-3.656060987,2.524378336));
#599=CARTESIAN_POINT('',(-5.351934877,-3.65606325,2.524391324));
#600=CARTESIAN_POINT('',(-5.447482856,-3.665670485,2.579540088));
#601=CARTESIAN_POINT('',(-5.554046631,-3.675616268,2.608086479));
#602=CARTESIAN_POINT('',(-5.664367374,-3.685223128,2.608086479));
#603=CARTESIAN_POINT('',(-5.664393355,-3.685225391,2.608086479));
#604=CARTESIAN_POINT('',(-5.664419336,-3.685227653,2.608086478));
#605=CARTESIAN_POINT('',(-5.664445317,-3.685229916,2.608086474));
#606=CARTESIAN_POINT('',(-5.774766677,-3.694837152,2.608072716));
#607=CARTESIAN_POINT('',(-5.881326808,-3.704782935,2.579512728));
#608=CARTESIAN_POINT('',(-5.976867374,-3.714389796,2.524352356));
#609=CARTESIAN_POINT('',(-5.976889874,-3.714392058,2.524339365));
#610=CARTESIAN_POINT('',(-5.976912374,-3.714394321,2.524326373));
#611=CARTESIAN_POINT('',(-5.976934872,-3.714396583,2.52431338));
#612=CARTESIAN_POINT('',(-6.072469093,-3.724003819,2.469140786));
#613=CARTESIAN_POINT('',(-6.15047288,-3.733949601,2.391127045));
#614=CARTESIAN_POINT('',(-6.205633251,-3.743556462,2.295586478));
#615=CARTESIAN_POINT('',(-6.205646241,-3.743558725,2.295563978));
#616=CARTESIAN_POINT('',(-6.205659231,-3.743560987,2.295541477));
#617=CARTESIAN_POINT('',(-6.205672218,-3.74356325,2.295518975));
#618=CARTESIAN_POINT('',(-6.260820984,-3.753170486,2.199970996));
#619=CARTESIAN_POINT('',(-6.289367374,-3.763116268,2.093407222));
#620=CARTESIAN_POINT('',(-6.289367374,-3.772723129,1.983086479));
#621=CARTESIAN_POINT('',(-6.289367374,-3.772725391,1.983060498));
#622=CARTESIAN_POINT('',(-6.289367372,-3.772727654,1.983034517));
#623=CARTESIAN_POINT('',(-6.289367369,-3.772729916,1.983008536));
#624=CARTESIAN_POINT('',(-6.289353611,-3.782337152,1.872687176));
#625=CARTESIAN_POINT('',(-6.260793623,-3.792282935,1.766127044));
#626=CARTESIAN_POINT('',(-6.205633251,-3.801889796,1.670586478));
#627=CARTESIAN_POINT('',(-6.20562026,-3.801892058,1.670563978));
#628=CARTESIAN_POINT('',(-6.205607268,-3.801894321,1.670541479));
#629=CARTESIAN_POINT('',(-6.205594275,-3.801896583,1.67051898));
#630=CARTESIAN_POINT('',(-6.150421681,-3.811503819,1.574984759));
#631=CARTESIAN_POINT('',(-6.07240794,-3.821449601,1.496980973));
#632=CARTESIAN_POINT('',(-5.976867374,-3.831056462,1.441820602));
#633=CARTESIAN_POINT('',(-5.976844874,-3.831058724,1.441807611));
#634=CARTESIAN_POINT('',(-5.976822373,-3.831060987,1.441794622));
#635=CARTESIAN_POINT('',(-5.976799871,-3.831063249,1.441781634));
#636=CARTESIAN_POINT('',(-5.881251891,-3.840670485,1.386632869));
#637=CARTESIAN_POINT('',(-5.774688117,-3.850616268,1.358086478));
#638=CARTESIAN_POINT('',(-5.664367374,-3.860223129,1.358086478));
#639=CARTESIAN_POINT('',(-5.664341393,-3.860225392,1.358086478));
#640=CARTESIAN_POINT('',(-5.664315412,-3.860227654,1.35808648));
#641=CARTESIAN_POINT('',(-5.664289431,-3.860229917,1.358086483));
#642=CARTESIAN_POINT('',(-5.553968071,-3.869837152,1.358100241));
#643=CARTESIAN_POINT('',(-5.44740794,-3.879782934,1.386660229));
#644=CARTESIAN_POINT('',(-5.351867374,-3.889389796,1.441820601));
#645=CARTESIAN_POINT('',(-5.351844874,-3.889392058,1.441833592));
#646=CARTESIAN_POINT('',(-5.351822374,-3.889394321,1.441846584));
#647=CARTESIAN_POINT('',(-5.351799876,-3.889396583,1.441859577));
#648=CARTESIAN_POINT('',(-5.256265654,-3.899003819,1.497032172));
#649=CARTESIAN_POINT('',(-5.178261868,-3.908949601,1.575045913));
#650=CARTESIAN_POINT('',(-5.123101497,-3.918556462,1.670586479));
#651=CARTESIAN_POINT('',(-5.123088506,-3.918558724,1.670608979));
#652=CARTESIAN_POINT('',(-5.123075517,-3.918560987,1.67063148));
#653=CARTESIAN_POINT('',(-5.12306253,-3.918563249,1.670653982));
#654=CARTESIAN_POINT('',(-5.067913764,-3.928170486,1.766201961));
#655=CARTESIAN_POINT('',(-5.039367374,-3.938116268,1.872765736));
#656=CARTESIAN_POINT('',(-5.039367374,-3.947723129,1.983086479));
#657=CARTESIAN_POINT('',(-5.039367374,-3.947725391,1.98311246));
#658=CARTESIAN_POINT('',(-5.039367376,-3.947727654,1.983138441));
#659=CARTESIAN_POINT('',(-5.039367379,-3.947729916,1.983164422));
#660=CARTESIAN_POINT('',(-5.039381137,-3.957337152,2.093485782));
#661=CARTESIAN_POINT('',(-5.067941125,-3.967282934,2.200045913));
#662=CARTESIAN_POINT('',(-5.123101497,-3.976889796,2.295586479));
#663=CARTESIAN_POINT('',(-5.123114487,-3.976892058,2.295608979));
#664=CARTESIAN_POINT('',(-5.123127479,-3.976894321,2.295631479));
#665=CARTESIAN_POINT('',(-5.123140473,-3.976896583,2.295653977));
#666=CARTESIAN_POINT('',(-5.178313067,-3.986503819,2.391188198));
#667=CARTESIAN_POINT('',(-5.256326808,-3.996449601,2.469191985));
#668=CARTESIAN_POINT('',(-5.351867374,-4.006056462,2.524352357));
#669=CARTESIAN_POINT('',(-5.351889874,-4.006058725,2.524365347));
#670=CARTESIAN_POINT('',(-5.351912375,-4.006060987,2.524378336));
#671=CARTESIAN_POINT('',(-5.351934877,-4.00606325,2.524391324));
#672=CARTESIAN_POINT('',(-5.447482856,-4.015670485,2.579540089));
#673=CARTESIAN_POINT('',(-5.554046631,-4.025616268,2.608086479));
#674=CARTESIAN_POINT('',(-5.664367374,-4.035223128,2.608086478));
#675=CARTESIAN_POINT('',(-5.664393355,-4.035225391,2.608086478));
#676=CARTESIAN_POINT('',(-5.664419336,-4.035227653,2.608086477));
#677=CARTESIAN_POINT('',(-5.664445317,-4.035229916,2.608086474));
#678=CARTESIAN_POINT('',(-5.774766677,-4.044837152,2.608072716));
#679=CARTESIAN_POINT('',(-5.881326808,-4.054782935,2.579512728));
#680=CARTESIAN_POINT('',(-5.976867374,-4.064389796,2.524352356));
#681=CARTESIAN_POINT('',(-5.976889874,-4.064392058,2.524339366));
#682=CARTESIAN_POINT('',(-5.976912374,-4.064394321,2.524326374));
#683=CARTESIAN_POINT('',(-5.976934872,-4.064396583,2.52431338));
#684=CARTESIAN_POINT('',(-6.072469093,-4.074003819,2.469140786));
#685=CARTESIAN_POINT('',(-6.15047288,-4.083949601,2.391127045));
#686=CARTESIAN_POINT('',(-6.205633251,-4.093556462,2.295586479));
#687=CARTESIAN_POINT('',(-6.205646241,-4.093558725,2.295563978));
#688=CARTESIAN_POINT('',(-6.205659231,-4.093560987,2.295541477));
#689=CARTESIAN_POINT('',(-6.205672218,-4.09356325,2.295518975));
#690=CARTESIAN_POINT('',(-6.260820984,-4.103170486,2.199970997));
#691=CARTESIAN_POINT('',(-6.289367374,-4.113116268,2.093407222));
#692=CARTESIAN_POINT('',(-6.289367374,-4.122723129,1.983086479));
#693=CARTESIAN_POINT('',(-6.289367374,-4.122725391,1.983060498));
#694=CARTESIAN_POINT('',(-6.289367372,-4.122727654,1.983034517));
#695=CARTESIAN_POINT('',(-6.289367369,-4.122729916,1.983008536));
#696=CARTESIAN_POINT('',(-6.289353611,-4.132337152,1.872687176));
#697=CARTESIAN_POINT('',(-6.260793623,-4.142282935,1.766127045));
#698=CARTESIAN_POINT('',(-6.205633251,-4.151889796,1.670586478));
#699=CARTESIAN_POINT('',(-6.20562026,-4.151892058,1.670563978));
#700=CARTESIAN_POINT('',(-6.205607268,-4.151894321,1.670541479));
#701=CARTESIAN_POINT('',(-6.205594275,-4.151896583,1.67051898));
#702=CARTESIAN_POINT('',(-6.186785679,-4.155171735,1.637950916));
#703=CARTESIAN_POINT('',(-6.165072376,-4.158521139,1.60712278));
#704=CARTESIAN_POINT('',(-6.140588828,-4.161918203,1.578317253));
#705=CARTESIAN_POINT('',(-6.211059955,-3.100967715,1.680376897));
#706=CARTESIAN_POINT('',(-6.209251963,-3.101294291,1.677111668));
#707=CARTESIAN_POINT('',(-6.207415476,-3.101620002,1.673864006));
#708=CARTESIAN_POINT('',(-6.205550708,-3.101944824,1.670634135));
#709=CARTESIAN_POINT('',(-6.20553772,-3.101947086,1.670611638));
#710=CARTESIAN_POINT('',(-6.20552473,-3.101949349,1.670589142));
#711=CARTESIAN_POINT('',(-6.205511738,-3.101951611,1.670566647));
#712=CARTESIAN_POINT('',(-6.150347558,-3.111558848,1.575046994));
#713=CARTESIAN_POINT('',(-6.072345714,-3.12150463,1.497055103));
#714=CARTESIAN_POINT('',(-5.976819718,-3.131111491,1.441903144));
#715=CARTESIAN_POINT('',(-5.976797221,-3.131113754,1.441890155));
#716=CARTESIAN_POINT('',(-5.976774723,-3.131116016,1.441877168));
#717=CARTESIAN_POINT('',(-5.976752225,-3.131118279,1.441864183));
#718=CARTESIAN_POINT('',(-5.881218817,-3.140725515,1.386723828));
#719=CARTESIAN_POINT('',(-5.774671293,-3.150671297,1.358181791));
#720=CARTESIAN_POINT('',(-5.664367374,-3.160278158,1.358181791));
#721=CARTESIAN_POINT('',(-5.664341397,-3.16028042,1.358181791));
#722=CARTESIAN_POINT('',(-5.66431542,-3.160282682,1.358181793));
#723=CARTESIAN_POINT('',(-5.664289443,-3.160284945,1.358181796));
#724=CARTESIAN_POINT('',(-5.553984907,-3.169892181,1.358195552));
#725=CARTESIAN_POINT('',(-5.447441026,-3.179837963,1.386751185));
#726=CARTESIAN_POINT('',(-5.35191503,-3.189444824,1.441903144));
#727=CARTESIAN_POINT('',(-5.351892533,-3.189447086,1.441916133));
#728=CARTESIAN_POINT('',(-5.351870037,-3.189449349,1.441929123));
#729=CARTESIAN_POINT('',(-5.351847542,-3.189451611,1.441942114));
#730=CARTESIAN_POINT('',(-5.25632789,-3.199058847,1.497106295));
#731=CARTESIAN_POINT('',(-5.178335999,-3.20900463,1.575108138));
#732=CARTESIAN_POINT('',(-5.12318404,-3.218611491,1.670634135));
#733=CARTESIAN_POINT('',(-5.123171051,-3.218613754,1.670656631));
#734=CARTESIAN_POINT('',(-5.123158064,-3.218616016,1.670679129));
#735=CARTESIAN_POINT('',(-5.123145078,-3.218618279,1.670701627));
#736=CARTESIAN_POINT('',(-5.068004723,-3.228225514,1.766235036));
#737=CARTESIAN_POINT('',(-5.039462686,-3.238171296,1.872782559));
#738=CARTESIAN_POINT('',(-5.039462686,-3.247778157,1.983086478));
#739=CARTESIAN_POINT('',(-5.039462686,-3.24778042,1.983112455));
#740=CARTESIAN_POINT('',(-5.039462688,-3.247782682,1.983138433));
#741=CARTESIAN_POINT('',(-5.039462691,-3.247784945,1.98316441));
#742=CARTESIAN_POINT('',(-5.039476447,-3.257392181,2.093468945));
#743=CARTESIAN_POINT('',(-5.06803208,-3.267337963,2.200012826));
#744=CARTESIAN_POINT('',(-5.12318404,-3.276944824,2.295538822));
#745=CARTESIAN_POINT('',(-5.123197028,-3.276947087,2.295561319));
#746=CARTESIAN_POINT('',(-5.123210018,-3.276949349,2.295583815));
#747=CARTESIAN_POINT('',(-5.123223009,-3.276951612,2.29560631));
#748=CARTESIAN_POINT('',(-5.17838719,-3.286558847,2.391125963));
#749=CARTESIAN_POINT('',(-5.256389034,-3.296504629,2.469117854));
#750=CARTESIAN_POINT('',(-5.35191503,-3.30611149,2.524269814));
#751=CARTESIAN_POINT('',(-5.351937527,-3.306113753,2.524282802));
#752=CARTESIAN_POINT('',(-5.351960024,-3.306116015,2.524295789));
#753=CARTESIAN_POINT('',(-5.351982523,-3.306118278,2.524308775));
#754=CARTESIAN_POINT('',(-5.447515931,-3.315725514,2.57944913));
#755=CARTESIAN_POINT('',(-5.554063455,-3.325671296,2.607991167));
#756=CARTESIAN_POINT('',(-5.664367374,-3.335278158,2.607991167));
#757=CARTESIAN_POINT('',(-5.664393351,-3.33528042,2.607991167));
#758=CARTESIAN_POINT('',(-5.664419328,-3.335282683,2.607991165));
#759=CARTESIAN_POINT('',(-5.664445305,-3.335284945,2.607991162));
#760=CARTESIAN_POINT('',(-5.774749841,-3.344892181,2.607977406));
#761=CARTESIAN_POINT('',(-5.881293722,-3.354837963,2.579421773));
#762=CARTESIAN_POINT('',(-5.976819718,-3.364444824,2.524269814));
#763=CARTESIAN_POINT('',(-5.976842215,-3.364447087,2.524256825));
#764=CARTESIAN_POINT('',(-5.976864711,-3.364449349,2.524243835));
#765=CARTESIAN_POINT('',(-5.976887206,-3.364451612,2.524230844));
#766=CARTESIAN_POINT('',(-6.072406858,-3.374058847,2.469066663));
#767=CARTESIAN_POINT('',(-6.150398749,-3.38400463,2.391064819));
#768=CARTESIAN_POINT('',(-6.205550708,-3.39361149,2.295538823));
#769=CARTESIAN_POINT('',(-6.205563697,-3.393613753,2.295516326));
#770=CARTESIAN_POINT('',(-6.205576684,-3.393616015,2.295493829));
#771=CARTESIAN_POINT('',(-6.20558967,-3.393618278,2.29547133));
#772=CARTESIAN_POINT('',(-6.260730025,-3.403225514,2.199937922));
#773=CARTESIAN_POINT('',(-6.289272062,-3.413171296,2.093390398));
#774=CARTESIAN_POINT('',(-6.289272062,-3.422778157,1.983086479));
#775=CARTESIAN_POINT('',(-6.289272062,-3.42278042,1.983060502));
#776=CARTESIAN_POINT('',(-6.28927206,-3.422782682,1.983034524));
#777=CARTESIAN_POINT('',(-6.289272057,-3.422784945,1.983008547));
#778=CARTESIAN_POINT('',(-6.289258301,-3.432392181,1.872704011));
#779=CARTESIAN_POINT('',(-6.260702668,-3.442337963,1.766160131));
#780=CARTESIAN_POINT('',(-6.205550708,-3.451944824,1.670634135));
#781=CARTESIAN_POINT('',(-6.20553772,-3.451947086,1.670611638));
#782=CARTESIAN_POINT('',(-6.20552473,-3.451949349,1.670589142));
#783=CARTESIAN_POINT('',(-6.205511738,-3.451951611,1.670566647));
#784=CARTESIAN_POINT('',(-6.150347558,-3.461558848,1.575046995));
#785=CARTESIAN_POINT('',(-6.072345714,-3.47150463,1.497055104));
#786=CARTESIAN_POINT('',(-5.976819718,-3.481111491,1.441903144));
#787=CARTESIAN_POINT('',(-5.976797221,-3.481113754,1.441890156));
#788=CARTESIAN_POINT('',(-5.976774723,-3.481116016,1.441877169));
#789=CARTESIAN_POINT('',(-5.976752225,-3.481118279,1.441864183));
#790=CARTESIAN_POINT('',(-5.881218817,-3.490725514,1.386723827));
#791=CARTESIAN_POINT('',(-5.774671293,-3.500671296,1.358181791));
#792=CARTESIAN_POINT('',(-5.664367374,-3.510278158,1.358181791));
#793=CARTESIAN_POINT('',(-5.664341397,-3.51028042,1.358181791));
#794=CARTESIAN_POINT('',(-5.66431542,-3.510282683,1.358181793));
#795=CARTESIAN_POINT('',(-5.664289443,-3.510284945,1.358181796));
#796=CARTESIAN_POINT('',(-5.553984907,-3.519892181,1.358195552));
#797=CARTESIAN_POINT('',(-5.447441026,-3.529837963,1.386751184));
#798=CARTESIAN_POINT('',(-5.35191503,-3.539444824,1.441903144));
#799=CARTESIAN_POINT('',(-5.351892533,-3.539447086,1.441916132));
#800=CARTESIAN_POINT('',(-5.351870037,-3.539449349,1.441929122));
#801=CARTESIAN_POINT('',(-5.351847542,-3.539451611,1.441942113));
#802=CARTESIAN_POINT('',(-5.25632789,-3.549058847,1.497106295));
#803=CARTESIAN_POINT('',(-5.178335999,-3.55900463,1.575108139));
#804=CARTESIAN_POINT('',(-5.12318404,-3.56861149,1.670634135));
#805=CARTESIAN_POINT('',(-5.123171051,-3.568613753,1.670656632));
#806=CARTESIAN_POINT('',(-5.123158064,-3.568616015,1.670679129));
#807=CARTESIAN_POINT('',(-5.123145078,-3.568618278,1.670701628));
#808=CARTESIAN_POINT('',(-5.068004723,-3.578225514,1.766235036));
#809=CARTESIAN_POINT('',(-5.039462686,-3.588171296,1.87278256));
#810=CARTESIAN_POINT('',(-5.039462686,-3.597778157,1.983086479));
#811=CARTESIAN_POINT('',(-5.039462686,-3.59778042,1.983112456));
#812=CARTESIAN_POINT('',(-5.039462688,-3.597782682,1.983138433));
#813=CARTESIAN_POINT('',(-5.039462691,-3.597784945,1.98316441));
#814=CARTESIAN_POINT('',(-5.039476447,-3.60739218,2.093468946));
#815=CARTESIAN_POINT('',(-5.06803208,-3.617337963,2.200012826));
#816=CARTESIAN_POINT('',(-5.12318404,-3.626944824,2.295538823));
#817=CARTESIAN_POINT('',(-5.123197028,-3.626947087,2.295561319));
#818=CARTESIAN_POINT('',(-5.123210018,-3.626949349,2.295583815));
#819=CARTESIAN_POINT('',(-5.123223009,-3.626951612,2.295606311));
#820=CARTESIAN_POINT('',(-5.17838719,-3.636558847,2.391125963));
#821=CARTESIAN_POINT('',(-5.256389034,-3.646504629,2.469117854));
#822=CARTESIAN_POINT('',(-5.35191503,-3.65611149,2.524269814));
#823=CARTESIAN_POINT('',(-5.351937527,-3.656113753,2.524282802));
#824=CARTESIAN_POINT('',(-5.351960024,-3.656116015,2.524295789));
#825=CARTESIAN_POINT('',(-5.351982523,-3.656118278,2.524308775));
#826=CARTESIAN_POINT('',(-5.447515931,-3.665725514,2.57944913));
#827=CARTESIAN_POINT('',(-5.554063455,-3.675671296,2.607991167));
#828=CARTESIAN_POINT('',(-5.664367374,-3.685278157,2.607991167));
#829=CARTESIAN_POINT('',(-5.664393351,-3.685280419,2.607991167));
#830=CARTESIAN_POINT('',(-5.664419328,-3.685282682,2.607991166));
#831=CARTESIAN_POINT('',(-5.664445305,-3.685284944,2.607991162));
#832=CARTESIAN_POINT('',(-5.774749841,-3.694892181,2.607977406));
#833=CARTESIAN_POINT('',(-5.881293722,-3.704837963,2.579421773));
#834=CARTESIAN_POINT('',(-5.976819718,-3.714444824,2.524269813));
#835=CARTESIAN_POINT('',(-5.976842215,-3.714447087,2.524256825));
#836=CARTESIAN_POINT('',(-5.976864711,-3.714449349,2.524243835));
#837=CARTESIAN_POINT('',(-5.976887206,-3.714451612,2.524230843));
#838=CARTESIAN_POINT('',(-6.072406858,-3.724058847,2.469066663));
#839=CARTESIAN_POINT('',(-6.150398749,-3.73400463,2.391064819));
#840=CARTESIAN_POINT('',(-6.205550708,-3.74361149,2.295538822));
#841=CARTESIAN_POINT('',(-6.205563697,-3.743613753,2.295516326));
#842=CARTESIAN_POINT('',(-6.205576684,-3.743616015,2.295493828));
#843=CARTESIAN_POINT('',(-6.20558967,-3.743618278,2.295471329));
#844=CARTESIAN_POINT('',(-6.260730025,-3.753225514,2.199937922));
#845=CARTESIAN_POINT('',(-6.289272062,-3.763171297,2.093390398));
#846=CARTESIAN_POINT('',(-6.289272062,-3.772778157,1.983086479));
#847=CARTESIAN_POINT('',(-6.289272062,-3.77278042,1.983060502));
#848=CARTESIAN_POINT('',(-6.28927206,-3.772782682,1.983034525));
#849=CARTESIAN_POINT('',(-6.289272057,-3.772784945,1.983008548));
#850=CARTESIAN_POINT('',(-6.289258301,-3.782392181,1.872704012));
#851=CARTESIAN_POINT('',(-6.260702668,-3.792337963,1.766160131));
#852=CARTESIAN_POINT('',(-6.205550708,-3.801944824,1.670634134));
#853=CARTESIAN_POINT('',(-6.20553772,-3.801947086,1.670611637));
#854=CARTESIAN_POINT('',(-6.20552473,-3.801949349,1.670589141));
#855=CARTESIAN_POINT('',(-6.205511738,-3.801951612,1.670566646));
#856=CARTESIAN_POINT('',(-6.150347558,-3.811558847,1.575046994));
#857=CARTESIAN_POINT('',(-6.072345714,-3.821504629,1.497055104));
#858=CARTESIAN_POINT('',(-5.976819718,-3.83111149,1.441903144));
#859=CARTESIAN_POINT('',(-5.976797221,-3.831113753,1.441890156));
#860=CARTESIAN_POINT('',(-5.976774723,-3.831116015,1.441877169));
#861=CARTESIAN_POINT('',(-5.976752225,-3.831118278,1.441864183));
#862=CARTESIAN_POINT('',(-5.881218817,-3.840725514,1.386723828));
#863=CARTESIAN_POINT('',(-5.774671293,-3.850671296,1.35818179));
#864=CARTESIAN_POINT('',(-5.664367374,-3.860278158,1.35818179));
#865=CARTESIAN_POINT('',(-5.664341397,-3.86028042,1.35818179));
#866=CARTESIAN_POINT('',(-5.66431542,-3.860282683,1.358181792));
#867=CARTESIAN_POINT('',(-5.664289443,-3.860284945,1.358181795));
#868=CARTESIAN_POINT('',(-5.553984907,-3.869892181,1.358195551));
#869=CARTESIAN_POINT('',(-5.447441026,-3.879837963,1.386751184));
#870=CARTESIAN_POINT('',(-5.35191503,-3.889444824,1.441903144));
#871=CARTESIAN_POINT('',(-5.351892533,-3.889447086,1.441916132));
#872=CARTESIAN_POINT('',(-5.351870037,-3.889449349,1.441929122));
#873=CARTESIAN_POINT('',(-5.351847542,-3.889451612,1.441942114));
#874=CARTESIAN_POINT('',(-5.25632789,-3.899058847,1.497106295));
#875=CARTESIAN_POINT('',(-5.178335999,-3.90900463,1.575108139));
#876=CARTESIAN_POINT('',(-5.12318404,-3.91861149,1.670634135));
#877=CARTESIAN_POINT('',(-5.123171051,-3.918613753,1.670656632));
#878=CARTESIAN_POINT('',(-5.123158064,-3.918616015,1.670679129));
#879=CARTESIAN_POINT('',(-5.123145078,-3.918618278,1.670701628));
#880=CARTESIAN_POINT('',(-5.068004723,-3.928225514,1.766235036));
#881=CARTESIAN_POINT('',(-5.039462686,-3.938171296,1.87278256));
#882=CARTESIAN_POINT('',(-5.039462686,-3.947778157,1.983086479));
#883=CARTESIAN_POINT('',(-5.039462686,-3.94778042,1.983112456));
#884=CARTESIAN_POINT('',(-5.039462688,-3.947782682,1.983138433));
#885=CARTESIAN_POINT('',(-5.039462691,-3.947784945,1.98316441));
#886=CARTESIAN_POINT('',(-5.039476447,-3.95739218,2.093468946));
#887=CARTESIAN_POINT('',(-5.06803208,-3.967337963,2.200012827));
#888=CARTESIAN_POINT('',(-5.12318404,-3.976944824,2.295538823));
#889=CARTESIAN_POINT('',(-5.123197028,-3.976947087,2.29556132));
#890=CARTESIAN_POINT('',(-5.123210018,-3.976949349,2.295583816));
#891=CARTESIAN_POINT('',(-5.123223009,-3.976951612,2.295606311));
#892=CARTESIAN_POINT('',(-5.17838719,-3.986558847,2.391125963));
#893=CARTESIAN_POINT('',(-5.256389034,-3.996504629,2.469117854));
#894=CARTESIAN_POINT('',(-5.35191503,-4.006111491,2.524269814));
#895=CARTESIAN_POINT('',(-5.351937527,-4.006113753,2.524282803));
#896=CARTESIAN_POINT('',(-5.351960024,-4.006116015,2.52429579));
#897=CARTESIAN_POINT('',(-5.351982523,-4.006118278,2.524308775));
#898=CARTESIAN_POINT('',(-5.447515931,-4.015725514,2.57944913));
#899=CARTESIAN_POINT('',(-5.554063455,-4.025671296,2.607991167));
#900=CARTESIAN_POINT('',(-5.664367374,-4.035278157,2.607991166));
#901=CARTESIAN_POINT('',(-5.664393351,-4.035280419,2.607991166));
#902=CARTESIAN_POINT('',(-5.664419328,-4.035282682,2.607991165));
#903=CARTESIAN_POINT('',(-5.664445305,-4.035284944,2.607991162));
#904=CARTESIAN_POINT('',(-5.774749841,-4.044892181,2.607977406));
#905=CARTESIAN_POINT('',(-5.881293722,-4.054837963,2.579421773));
#906=CARTESIAN_POINT('',(-5.976819718,-4.064444824,2.524269813));
#907=CARTESIAN_POINT('',(-5.976842215,-4.064447087,2.524256825));
#908=CARTESIAN_POINT('',(-5.976864711,-4.064449349,2.524243835));
#909=CARTESIAN_POINT('',(-5.976887206,-4.064451612,2.524230844));
#910=CARTESIAN_POINT('',(-6.072406858,-4.074058848,2.469066663));
#911=CARTESIAN_POINT('',(-6.150398749,-4.08400463,2.391064819));
#912=CARTESIAN_POINT('',(-6.205550708,-4.093611491,2.295538823));
#913=CARTESIAN_POINT('',(-6.205563697,-4.093613753,2.295516326));
#914=CARTESIAN_POINT('',(-6.205576684,-4.093616015,2.295493828));
#915=CARTESIAN_POINT('',(-6.20558967,-4.093618278,2.29547133));
#916=CARTESIAN_POINT('',(-6.260730025,-4.103225514,2.199937922));
#917=CARTESIAN_POINT('',(-6.289272062,-4.113171297,2.093390398));
#918=CARTESIAN_POINT('',(-6.289272062,-4.122778157,1.983086479));
#919=CARTESIAN_POINT('',(-6.289272062,-4.12278042,1.983060502));
#920=CARTESIAN_POINT('',(-6.28927206,-4.122782682,1.983034525));
#921=CARTESIAN_POINT('',(-6.289272057,-4.122784945,1.983008548));
#922=CARTESIAN_POINT('',(-6.289258301,-4.132392181,1.872704012));
#923=CARTESIAN_POINT('',(-6.260702668,-4.142337963,1.766160131));
#924=CARTESIAN_POINT('',(-6.205550708,-4.151944824,1.670634134));
#925=CARTESIAN_POINT('',(-6.20553772,-4.151947087,1.670611638));
#926=CARTESIAN_POINT('',(-6.20552473,-4.151949349,1.670589142));
#927=CARTESIAN_POINT('',(-6.205511738,-4.151951612,1.670566646));
#928=CARTESIAN_POINT('',(-6.18670601,-4.155226763,1.638003549));
#929=CARTESIAN_POINT('',(-6.164996019,-4.158576167,1.607180114));
#930=CARTESIAN_POINT('',(-6.140516205,-4.161973231,1.57837898));
#931=(BOUNDED_SURFACE()
B_SPLINE_SURFACE(1,3,((#27,#28,#29,#30,#31,#32,#33,#34,#35,#36,#37,#38,#39,#40,#41,#42,#43,#44,#45,#46,#47,#48,#49,#50,#51,#52,
#53,#54,#55,#56,#57,#58,#59,#60,#61,#62,#63,#64,#65,#66,#67,#68,#69,#70,#71,#72,#73,#74,#75,#76,#77,
#78,#79,#80,#81,#82,#83,#84,#85,#86,#87,#88,#89,#90,#91,#92,#93,#94,#95,#96,#97,#98,#99,#100,#101,#102,
#103,#104,#105,#106,#107,#108,#109,#110,#111,#112,#113,#114,#115,#116,#117,#118,#119,#120,#121,#122,#123,#124,#125,#126,#127,
#128,#129,#130,#131,#132,#133,#134,#135,#136,#137,#138,#139,#140,#141,#142,#143,#144,#145,#146,#147,#148,#149,#150,#151,#152,
#153,#154,#155,#156,#157,#158,#159,#160,#161,#162,#163,#164,#165,#166,#167,#168,#169,#170,#171,#172,#173,#174,#175,#176,#177,
#178,#179,#180,#181,#182,#183,#184,#185,#186,#187,#188,#189,#190,#191,#192,#193,#194,#195,#196,#197,#198,#199,#200,#201,#202,
#203,#204,#205,#206,#207,#208,#209,#210,#211,#212,#213,#214,#215,#216,#217,#218,#219,#220,#221,#222,#223,#224,#225,#226,#227,
#228,#229,#230,#231,#232,#233,#234,#235,#236,#237,#238,#239,#240,#241,#242,#243,#244,#245,#246,#247,#248,#249,#250,#251,#252),(#253,#254,#255,#256,#257,#258,#259,#260,#261,#262,#263,#264,#265,#266,#267,#268,#269,#270,#271,#272,#273,#274,#275,#276,#277,#278,
#279,#280,#281,#282,#283,#284,#285,#286,#287,#288,#289,#290,#291,#292,#293,#294,#295,#296,#297,#298,#299,#300,#301,#302,#303,
#304,#305,#306,#307,#308,#309,#310,#311,#312,#313,#314,#315,#316,#317,#318,#319,#320,#321,#322,#323,#324,#325,#326,#327,#328,
#329,#330,#331,#332,#333,#334,#335,#336,#337,#338,#339,#340,#341,#342,#343,#344,#345,#346,#347,#348,#349,#350,#351,#352,#353,
#354,#355,#356,#357,#358,#359,#360,#361,#362,#363,#364,#365,#366,#367,#368,#369,#370,#371,#372,#373,#374,#375,#376,#377,#378,
#379,#380,#381,#382,#383,#384,#385,#386,#387,#388,#389,#390,#391,#392,#393,#394,#395,#396,#397,#398,#399,#400,#401,#402,#403,
#404,#405,#406,#407,#408,#409,#410,#411,#412,#413,#414,#415,#416,#417,#418,#419,#420,#421,#422,#423,#424,#425,#426,#427,#428,
#429,#430,#431,#432,#433,#434,#435,#436,#437,#438,#439,#440,#441,#442,#443,#444,#445,#446,#447,#448,#449,#450,#451,#452,#453,
#454,#455,#456,#457,#458,#459,#460,#461,#462,#463,#464,#465,#466,#467,#468,#469,#470,#471,#472,#473,#474,#475,#476,#477,#478),(#479,#480,#481,#482,#483,#484,#485,#486,#487,#488,#489,#490,#491,#492,#493,#494,#495,#496,#497,#498,#499,#500,#501,#502,#503,#504,
#505,#506,#507,#508,#509,#510,#511,#512,#513,#514,#515,#516,#517,#518,#519,#520,#521,#522,#523,#524,#525,#526,#527,#528,#529,
#530,#531,#532,#533,#534,#535,#536,#537,#538,#539,#540,#541,#542,#543,#544,#545,#546,#547,#548,#549,#550,#551,#552,#553,#554,
#555,#556,#557,#558,#559,#560,#561,#562,#563,#564,#565,#566,#567,#568,#569,#570,#571,#572,#573,#574,#575,#576,#577,#578,#579,
#580,#581,#582,#583,#584,#585,#586,#587,#588,#589,#590,#591,#592,#593,#594,#595,#596,#597,#598,#599,#600,#601,#602,#603,#604,
#605,#606,#607,#608,#609,#610,#611,#612,#613,#614,#615,#616,#617,#618,#619,#620,#621,#622,#623,#624,#625,#626,#627,#628,#629,
#630,#631,#632,#633,#634,#635,#636,#637,#638,#639,#640,#641,#642,#643,#644,#645,#646,#647,#648,#649,#650,#651,#652,#653,#654,
#655,#656,#657,#658,#659,#660,#661,#662,#663,#664,#665,#666,#667,#668,#669,#670,#671,#672,#673,#674,#675,#676,#677,#678,#679,
#680,#681,#682,#683,#684,#685,#686,#687,#688,#689,#690,#691,#692,#693,#694,#695,#696,#697,#698,#699,#700,#701,#702,#703,#704),(#705,#706,#707,#708,#709,#710,#711,#712,#713,#714,#715,#716,#717,#718,#719,#720,#721,#722,#723,#724,#725,#726,#727,#728,#729,#730,
#731,#732,#733,#734,#735,#736,#737,#738,#739,#740,#741,#742,#743,#744,#745,#746,#747,#748,#749,#750,#751,#752,#753,#754,#755,
#756,#757,#758,#759,#760,#761,#762,#763,#764,#765,#766,#767,#768,#769,#770,#771,#772,#773,#774,#775,#776,#777,#778,#779,#780,
#781,#782,#783,#784,#785,#786,#787,#788,#789,#790,#791,#792,#793,#794,#795,#796,#797,#798,#799,#800,#801,#802,#803,#804,#805,
#806,#807,#808,#809,#810,#811,#812,#813,#814,#815,#816,#817,#818,#819,#820,#821,#822,#823,#824,#825,#826,#827,#828,#829,#830,
#831,#832,#833,#834,#835,#836,#837,#838,#839,#840,#841,#842,#843,#844,#845,#846,#847,#848,#849,#850,#851,#852,#853,#854,#855,
#856,#857,#858,#859,#860,#861,#862,#863,#864,#865,#866,#867,#868,#869,#870,#871,#872,#873,#874,#875,#876,#877,#878,#879,#880,
#881,#882,#883,#884,#885,#886,#887,#888,#889,#890,#891,#892,#893,#894,#895,#896,#897,#898,#899,#900,#901,#902,#903,#904,#905,
#906,#907,#908,#909,#910,#911,#912,#913,#914,#915,#916,#917,#918,#919,#920,#921,#922,#923,#924,#925,#926,#927,#928,#929,#930)),.UNSPECIFIED.,.F.,.F.,.U.)
B_SPLINE_SURFACE_WITH_KNOTS((2,1,1,2),(4,3,3,3,3,3,3,3,3,3,3,3,3,3,3,3,3,3,3,3,3,3,3,3,3,3,
3,3,3,3,3,3,3,3,3,3,3,3,3,3,3,3,3,3,3,3,3,3,3,3,3,
3,3,3,3,3,3,3,3,3,3,3,3,3,3,3,3,3,3,3,3,3,3,3,3,4),(-0.000185803,0.,0.999999999,1.000544566),(0.671136289,0.671296296,0.671297411,0.675925926,0.675927041,0.680555556,0.680556671,0.685185185,0.6851863,0.689814815,0.68981593,0.694444444,0.694445559,0.699074074,0.699075189,0.703703704,0.703704819,0.708333333,0.708334448,0.712962963,0.712964078,0.717592593,0.717593708,0.722222222,0.722223337,0.726851852,
0.726852967,0.731481481,0.731482596,0.736111111,0.736112226,0.740740741,0.740741856,0.74537037,0.745371485,0.75,0.750001115,0.75462963,0.754630745,0.759259259,0.759260374,0.763888889,0.763890004,0.768518519,0.768519634,0.773148148,0.773149263,0.777777778,0.777778893,0.782407407,0.782408522,
0.787037037,0.787038152,0.791666667,0.791667782,0.796296296,0.796297411,0.800925926,0.800927041,0.805555556,0.805556671,0.810185185,0.8101863,0.814814815,0.81481593,0.819444444,0.819445559,0.824074074,0.824075189,0.828703704,0.828704819,0.833333333,0.833334448,0.837962963,0.837964078,0.839565927),.UNSPECIFIED.)
GEOMETRIC_REPRESENTATION_ITEM()
RATIONAL_B_SPLINE_SURFACE(((0.997726083,0.998456921,0.999214893,1.,0.999994527,0.999989056,0.999983586,0.977283885,0.977289357,1.,0.999994527,0.999989056,0.999983586,0.977283885,0.977289357,1.,0.999994527,0.999989056,0.999983586,0.977283885,0.977289357,1.,0.999994527,0.999989056,0.999983586,0.977283885,
0.977289357,1.,0.999994527,0.999989056,0.999983586,0.977283885,0.977289357,1.,0.999994527,0.999989056,0.999983586,0.977283885,0.977289357,1.,0.999994527,0.999989056,0.999983586,0.977283885,0.977289357,1.,0.999994527,0.999989056,0.999983586,0.977283885,0.977289357,
1.,0.999994527,0.999989056,0.999983586,0.977283885,0.977289357,1.,0.999994527,0.999989056,0.999983586,0.977283885,0.977289357,1.,0.999994527,0.999989056,0.999983586,0.977283885,0.977289357,1.,0.999994527,0.999989056,0.999983586,0.977283885,0.977289357,1.,
0.999994527,0.999989056,0.999983586,0.977283885,0.977289357,1.,0.999994527,0.999989056,0.999983586,0.977283885,0.977289357,1.,0.999994527,0.999989056,0.999983586,0.977283885,0.977289357,1.,0.999994527,0.999989056,0.999983586,0.977283885,0.977289357,1.,0.999994527,
0.999989056,0.999983586,0.977283885,0.977289357,1.,0.999994527,0.999989056,0.999983586,0.977283885,0.977289357,1.,0.999994527,0.999989056,0.999983586,0.977283885,0.977289357,1.,0.999994527,0.999989056,0.999983586,0.977283885,0.977289357,1.,0.999994527,0.999989056,
0.999983586,0.977283885,0.977289357,1.,0.999994527,0.999989056,0.999983586,0.977283885,0.977289357,1.,0.999994527,0.999989056,0.999983586,0.977283885,0.977289357,1.,0.999994527,0.999989056,0.999983586,0.977283885,0.977289357,1.,0.999994527,0.999989056,0.999983586,
0.977283885,0.977289357,1.,0.999994527,0.999989056,0.999983586,0.977283885,0.977289357,1.,0.999994527,0.999989056,0.999983586,0.977283885,0.977289357,1.,0.999994527,0.999989056,0.999983586,0.977283885,0.977289357,1.,0.999994527,0.999989056,0.999983586,0.977283885,
0.977289357,1.,0.999994527,0.999989056,0.999983586,0.977283885,0.977289357,1.,0.999994527,0.999989056,0.999983586,0.977283885,0.977289357,1.,0.999994527,0.999989056,0.999983586,0.977283885,0.977289357,1.,0.999994527,0.999989056,0.999983586,0.977283885,0.977289357,
1.,0.999994527,0.999989056,0.999983586,0.977283885,0.977289357,1.,0.999994527,0.999989056,0.999983586,0.977283885,0.977289357,1.,0.999994527,0.999989056,0.999983586,0.977283885,0.977289357,1.,0.999994527,0.999989056,0.999983586,0.992127614,0.986991113,0.984574082),(0.997726083,0.998456921,0.999214893,1.,0.999994527,0.999989056,0.999983586,0.977283885,0.977289357,1.,0.999994527,0.999989056,0.999983586,0.977283885,0.977289357,1.,0.999994527,0.999989056,0.999983586,0.977283885,0.977289357,1.,0.999994527,0.999989056,0.999983586,0.977283885,
0.977289357,1.,0.999994527,0.999989056,0.999983586,0.977283885,0.977289357,1.,0.999994527,0.999989056,0.999983586,0.977283885,0.977289357,1.,0.999994527,0.999989056,0.999983586,0.977283885,0.977289357,1.,0.999994527,0.999989056,0.999983586,0.977283885,0.977289357,
1.,0.999994527,0.999989056,0.999983586,0.977283885,0.977289357,1.,0.999994527,0.999989056,0.999983586,0.977283885,0.977289357,1.,0.999994527,0.999989056,0.999983586,0.977283885,0.977289357,1.,0.999994527,0.999989056,0.999983586,0.977283885,0.977289357,1.,
0.999994527,0.999989056,0.999983586,0.977283885,0.977289357,1.,0.999994527,0.999989056,0.999983586,0.977283885,0.977289357,1.,0.999994527,0.999989056,0.999983586,0.977283885,0.977289357,1.,0.999994527,0.999989056,0.999983586,0.977283885,0.977289357,1.,0.999994527,
0.999989056,0.999983586,0.977283885,0.977289357,1.,0.999994527,0.999989056,0.999983586,0.977283885,0.977289357,1.,0.999994527,0.999989056,0.999983586,0.977283885,0.977289357,1.,0.999994527,0.999989056,0.999983586,0.977283885,0.977289357,1.,0.999994527,0.999989056,
0.999983586,0.977283885,0.977289357,1.,0.999994527,0.999989056,0.999983586,0.977283885,0.977289357,1.,0.999994527,0.999989056,0.999983586,0.977283885,0.977289357,1.,0.999994527,0.999989056,0.999983586,0.977283885,0.977289357,1.,0.999994527,0.999989056,0.999983586,
0.977283885,0.977289357,1.,0.999994527,0.999989056,0.999983586,0.977283885,0.977289357,1.,0.999994527,0.999989056,0.999983586,0.977283885,0.977289357,1.,0.999994527,0.999989056,0.999983586,0.977283885,0.977289357,1.,0.999994527,0.999989056,0.999983586,0.977283885,
0.977289357,1.,0.999994527,0.999989056,0.999983586,0.977283885,0.977289357,1.,0.999994527,0.999989056,0.999983586,0.977283885,0.977289357,1.,0.999994527,0.999989056,0.999983586,0.977283885,0.977289357,1.,0.999994527,0.999989056,0.999983586,0.977283885,0.977289357,
1.,0.999994527,0.999989056,0.999983586,0.977283885,0.977289357,1.,0.999994527,0.999989056,0.999983586,0.977283885,0.977289357,1.,0.999994527,0.999989056,0.999983586,0.977283885,0.977289357,1.,0.999994527,0.999989056,0.999983586,0.992127614,0.986991113,0.984574082),(0.997726083,0.998456921,0.999214893,1.,0.999994527,0.999989056,0.999983586,0.977283885,0.977289357,1.,0.999994527,0.999989056,0.999983586,0.977283885,0.977289357,1.,0.999994527,0.999989056,0.999983586,0.977283885,0.977289357,1.,0.999994527,0.999989056,0.999983586,0.977283885,
0.977289357,1.,0.999994527,0.999989056,0.999983586,0.977283885,0.977289357,1.,0.999994527,0.999989056,0.999983586,0.977283885,0.977289357,1.,0.999994527,0.999989056,0.999983586,0.977283885,0.977289357,1.,0.999994527,0.999989056,0.999983586,0.977283885,0.977289357,
1.,0.999994527,0.999989056,0.999983586,0.977283885,0.977289357,1.,0.999994527,0.999989056,0.999983586,0.977283885,0.977289357,1.,0.999994527,0.999989056,0.999983586,0.977283885,0.977289357,1.,0.999994527,0.999989056,0.999983586,0.977283885,0.977289357,1.,
0.999994527,0.999989056,0.999983586,0.977283885,0.977289357,1.,0.999994527,0.999989056,0.999983586,0.977283885,0.977289357,1.,0.999994527,0.999989056,0.999983586,0.977283885,0.977289357,1.,0.999994527,0.999989056,0.999983586,0.977283885,0.977289357,1.,0.999994527,
0.999989056,0.999983586,0.977283885,0.977289357,1.,0.999994527,0.999989056,0.999983586,0.977283885,0.977289357,1.,0.999994527,0.999989056,0.999983586,0.977283885,0.977289357,1.,0.999994527,0.999989056,0.999983586,0.977283885,0.977289357,1.,0.999994527,0.999989056,
0.999983586,0.977283885,0.977289357,1.,0.999994527,0.999989056,0.999983586,0.977283885,0.977289357,1.,0.999994527,0.999989056,0.999983586,0.977283885,0.977289357,1.,0.999994527,0.999989056,0.999983586,0.977283885,0.977289357,1.,0.999994527,0.999989056,0.999983586,
0.977283885,0.977289357,1.,0.999994527,0.999989056,0.999983586,0.977283885,0.977289357,1.,0.999994527,0.999989056,0.999983586,0.977283885,0.977289357,1.,0.999994527,0.999989056,0.999983586,0.977283885,0.977289357,1.,0.999994527,0.999989056,0.999983586,0.977283885,
0.977289357,1.,0.999994527,0.999989056,0.999983586,0.977283885,0.977289357,1.,0.999994527,0.999989056,0.999983586,0.977283885,0.977289357,1.,0.999994527,0.999989056,0.999983586,0.977283885,0.977289357,1.,0.999994527,0.999989056,0.999983586,0.977283885,0.977289357,
1.,0.999994527,0.999989056,0.999983586,0.977283885,0.977289357,1.,0.999994527,0.999989056,0.999983586,0.977283885,0.977289357,1.,0.999994527,0.999989056,0.999983586,0.977283885,0.977289357,1.,0.999994527,0.999989056,0.999983586,0.992127614,0.986991113,0.984574082),(0.997726083,0.998456921,0.999214893,1.,0.999994527,0.999989056,0.999983586,0.977283885,0.977289357,1.,0.999994527,0.999989056,0.999983586,0.977283885,0.977289357,1.,0.999994527,0.999989056,0.999983586,0.977283885,0.977289357,1.,0.999994527,0.999989056,0.999983586,0.977283885,
0.977289357,1.,0.999994527,0.999989056,0.999983586,0.977283885,0.977289357,1.,0.999994527,0.999989056,0.999983586,0.977283885,0.977289357,1.,0.999994527,0.999989056,0.999983586,0.977283885,0.977289357,1.,0.999994527,0.999989056,0.999983586,0.977283885,0.977289357,
1.,0.999994527,0.999989056,0.999983586,0.977283885,0.977289357,1.,0.999994527,0.999989056,0.999983586,0.977283885,0.977289357,1.,0.999994527,0.999989056,0.999983586,0.977283885,0.977289357,1.,0.999994527,0.999989056,0.999983586,0.977283885,0.977289357,1.,
0.999994527,0.999989056,0.999983586,0.977283885,0.977289357,1.,0.999994527,0.999989056,0.999983586,0.977283885,0.977289357,1.,0.999994527,0.999989056,0.999983586,0.977283885,0.977289357,1.,0.999994527,0.999989056,0.999983586,0.977283885,0.977289357,1.,0.999994527,
0.999989056,0.999983586,0.977283885,0.977289357,1.,0.999994527,0.999989056,0.999983586,0.977283885,0.977289357,1.,0.999994527,0.999989056,0.999983586,0.977283885,0.977289357,1.,0.999994527,0.999989056,0.999983586,0.977283885,0.977289357,1.,0.999994527,0.999989056,
0.999983586,0.977283885,0.977289357,1.,0.999994527,0.999989056,0.999983586,0.977283885,0.977289357,1.,0.999994527,0.999989056,0.999983586,0.977283885,0.977289357,1.,0.999994527,0.999989056,0.999983586,0.977283885,0.977289357,1.,0.999994527,0.999989056,0.999983586,
0.977283885,0.977289357,1.,0.999994527,0.999989056,0.999983586,0.977283885,0.977289357,1.,0.999994527,0.999989056,0.999983586,0.977283885,0.977289357,1.,0.999994527,0.999989056,0.999983586,0.977283885,0.977289357,1.,0.999994527,0.999989056,0.999983586,0.977283885,
0.977289357,1.,0.999994527,0.999989056,0.999983586,0.977283885,0.977289357,1.,0.999994527,0.999989056,0.999983586,0.977283885,0.977289357,1.,0.999994527,0.999989056,0.999983586,0.977283885,0.977289357,1.,0.999994527,0.999989056,0.999983586,0.977283885,0.977289357,
1.,0.999994527,0.999989056,0.999983586,0.977283885,0.977289357,1.,0.999994527,0.999989056,0.999983586,0.977283885,0.977289357,1.,0.999994527,0.999989056,0.999983586,0.977283885,0.977289357,1.,0.999994527,0.999989056,0.999983586,0.992127614,0.986991113,0.984574082)))
REPRESENTATION_ITEM('')
SURFACE()
);
#932=CARTESIAN_POINT('',(-5.664367374,-3.685223129,2.608086478));
#933=VERTEX_POINT('',#932);
#934=CARTESIAN_POINT('',(-5.664367375,-4.035214154,2.608089728));
#935=VERTEX_POINT('',#934);
#936=CARTESIAN_POINT('',(-5.664367374,-3.685223129,2.608086478));
#937=CARTESIAN_POINT('',(-5.752666773,-3.692912346,2.608086479));
#938=CARTESIAN_POINT('',(-5.840036748,-3.700972253,2.589268758));
#939=CARTESIAN_POINT('',(-5.920233846,-3.708782335,2.553312208));
#940=CARTESIAN_POINT('',(-5.960332394,-3.712687377,2.535333934));
#941=CARTESIAN_POINT('',(-5.998097709,-3.716435476,2.513362555));
#942=CARTESIAN_POINT('',(-6.033511782,-3.720354773,2.487425096));
#943=CARTESIAN_POINT('',(-6.068925856,-3.724274069,2.461487638));
#944=CARTESIAN_POINT('',(-6.101917073,-3.728279906,2.43151062));
#945=CARTESIAN_POINT('',(-6.130984499,-3.732212319,2.39889107));
#946=CARTESIAN_POINT('',(-6.189119352,-3.740077144,2.333651968));
#947=CARTESIAN_POINT('',(-6.233730006,-3.747719676,2.255306567));
#948=CARTESIAN_POINT('',(-6.260159753,-3.755598153,2.171915609));
#949=CARTESIAN_POINT('',(-6.273374627,-3.759537392,2.13022013));
#950=CARTESIAN_POINT('',(-6.282315884,-3.763558173,2.086443149));
#951=CARTESIAN_POINT('',(-6.286503539,-3.767452091,2.042849278));
#952=CARTESIAN_POINT('',(-6.290691194,-3.771346009,1.999255407));
#953=CARTESIAN_POINT('',(-6.290324773,-3.775095938,1.95554458));
#954=CARTESIAN_POINT('',(-6.285282163,-3.779031089,1.911743339));
#955=CARTESIAN_POINT('',(-6.275196943,-3.786901389,1.824140856));
#956=CARTESIAN_POINT('',(-6.246596834,-3.794890611,1.739417715));
#957=CARTESIAN_POINT('',(-6.201649027,-3.80257736,1.663785013));
#958=CARTESIAN_POINT('',(-6.15670122,-3.810264108,1.588152311));
#959=CARTESIAN_POINT('',(-6.095949833,-3.818320807,1.522519822));
#960=CARTESIAN_POINT('',(-6.023892578,-3.826144639,1.471846194));
#961=CARTESIAN_POINT('',(-5.951835323,-3.83396847,1.421172567));
#962=CARTESIAN_POINT('',(-5.869996411,-3.841657938,1.386275628));
#963=CARTESIAN_POINT('',(-5.783089246,-3.849619165,1.369465978));
#964=CARTESIAN_POINT('',(-5.696182082,-3.857580392,1.352656328));
#965=CARTESIAN_POINT('',(-5.606939278,-3.865142188,1.354578722));
#966=CARTESIAN_POINT('',(-5.521539478,-3.873046654,1.374625146));
#967=CARTESIAN_POINT('',(-5.436139677,-3.880951119,1.394671571));
#968=CARTESIAN_POINT('',(-5.354783109,-3.888652113,1.43316448));
#969=CARTESIAN_POINT('',(-5.285323315,-3.896457436,1.486145232));
#970=CARTESIAN_POINT('',(-5.215863522,-3.90426276,1.539125984));
#971=CARTESIAN_POINT('',(-5.157199961,-3.912265604,1.607481839));
#972=CARTESIAN_POINT('',(-5.11534299,-3.91994278,1.684427433));
#973=CARTESIAN_POINT('',(-5.094414504,-3.923781368,1.72290023));
#974=CARTESIAN_POINT('',(-5.077332991,-3.927777275,1.764188789));
#975=CARTESIAN_POINT('',(-5.064939086,-3.931717571,1.806138043));
#976=CARTESIAN_POINT('',(-5.05254518,-3.935657866,1.848087298));
#977=CARTESIAN_POINT('',(-5.044591968,-3.939592078,1.891084398));
#978=CARTESIAN_POINT('',(-5.041207575,-3.943506772,1.935160803));
#979=CARTESIAN_POINT('',(-5.034438787,-3.95133616,2.023313613));
#980=CARTESIAN_POINT('',(-5.046501339,-3.959100506,2.111827464));
#981=CARTESIAN_POINT('',(-5.0761912,-3.966987983,2.194448225));
#982=CARTESIAN_POINT('',(-5.10588106,-3.97487546,2.277068985));
#983=CARTESIAN_POINT('',(-5.153403559,-3.982507185,2.353442797));
#984=CARTESIAN_POINT('',(-5.213968084,-3.990384309,2.416405624));
#985=CARTESIAN_POINT('',(-5.274532609,-3.998261432,2.479368452));
#986=CARTESIAN_POINT('',(-5.349199132,-4.005952497,2.529854711));
#987=CARTESIAN_POINT('',(-5.430362681,-4.013784994,2.562626644));
#988=CARTESIAN_POINT('',(-5.470944455,-4.017701242,2.57901261));
#989=CARTESIAN_POINT('',(-5.513913605,-4.021729373,2.591283766));
#990=CARTESIAN_POINT('',(-5.557027231,-4.025659137,2.598799962));
#991=CARTESIAN_POINT('',(-5.600140857,-4.0295889,2.606316157));
#992=CARTESIAN_POINT('',(-5.643759807,-4.033400163,2.609305074));
#993=CARTESIAN_POINT('',(-5.68788058,-4.037281011,2.607644025));
#994=CARTESIAN_POINT('',(-5.776122127,-4.045042705,2.604321927));
#995=CARTESIAN_POINT('',(-5.862730826,-4.053099645,2.582252561));
#996=CARTESIAN_POINT('',(-5.941500042,-4.060868203,2.54328509));
#997=B_SPLINE_CURVE_WITH_KNOTS('',3,(#936,#937,#938,#939,#940,#941,#942,#943,#944,#945,#946,#947,#948,#949,#950,#951,#952,#953,#954,#955,#956,#957,#958,#959,#960,#961,
#962,#963,#964,#965,#966,#967,#968,#969,#970,#971,#972,#973,#974,#975,#976,#977,#978,#979,#980,#981,#982,#983,#984,#985,#986,
#987,#988,#989,#990,#991,#992,#993,#994,#995,#996),.UNSPECIFIED.,.F.,.F.,(4,3,3,3,3,3,3,3,3,3,3,3,3,3,3,3,3,3,3,3,4),(0.013166234,0.013398245,0.013514251,0.013630256,0.013862267,0.013978273,0.014094278,0.014326289,0.0145583,0.014790311,0.015022322,0.015254332,0.015486343,0.015602349,0.015718354,0.015950365,0.016182376,0.016414387,0.016530392,0.016646398,0.016878409),.UNSPECIFIED.);
#998=EDGE_CURVE('',#933,#935,#997,.T.);
#999=ORIENTED_EDGE('',*,*,#998,.T.);
#1000=CARTESIAN_POINT('',(-5.941500042,-4.060868203,2.54328509));
#1001=VERTEX_POINT('',#1000);
#1002=CARTESIAN_POINT('',(-5.664367374,-3.685223129,2.608086478));
#1003=CARTESIAN_POINT('',(-5.752666773,-3.692912346,2.608086479));
#1004=CARTESIAN_POINT('',(-5.840036748,-3.700972253,2.589268758));
#1005=CARTESIAN_POINT('',(-5.920233846,-3.708782335,2.553312208));
#1006=CARTESIAN_POINT('',(-5.960332394,-3.712687377,2.535333934));
#1007=CARTESIAN_POINT('',(-5.998097709,-3.716435476,2.513362555));
#1008=CARTESIAN_POINT('',(-6.033511782,-3.720354773,2.487425096));
#1009=CARTESIAN_POINT('',(-6.068925856,-3.724274069,2.461487638));
#1010=CARTESIAN_POINT('',(-6.101917073,-3.728279906,2.43151062));
#1011=CARTESIAN_POINT('',(-6.130984499,-3.732212319,2.39889107));
#1012=CARTESIAN_POINT('',(-6.189119352,-3.740077144,2.333651968));
#1013=CARTESIAN_POINT('',(-6.233730006,-3.747719676,2.255306567));
#1014=CARTESIAN_POINT('',(-6.260159753,-3.755598153,2.171915609));
#1015=CARTESIAN_POINT('',(-6.273374627,-3.759537392,2.13022013));
#1016=CARTESIAN_POINT('',(-6.282315884,-3.763558173,2.086443149));
#1017=CARTESIAN_POINT('',(-6.286503539,-3.767452091,2.042849278));
#1018=CARTESIAN_POINT('',(-6.290691194,-3.771346009,1.999255407));
#1019=CARTESIAN_POINT('',(-6.290324773,-3.775095938,1.95554458));
#1020=CARTESIAN_POINT('',(-6.285282163,-3.779031089,1.911743339));
#1021=CARTESIAN_POINT('',(-6.275196943,-3.786901389,1.824140856));
#1022=CARTESIAN_POINT('',(-6.246596834,-3.794890611,1.739417715));
#1023=CARTESIAN_POINT('',(-6.201649027,-3.80257736,1.663785013));
#1024=CARTESIAN_POINT('',(-6.15670122,-3.810264108,1.588152311));
#1025=CARTESIAN_POINT('',(-6.095949833,-3.818320807,1.522519822));
#1026=CARTESIAN_POINT('',(-6.023892578,-3.826144639,1.471846194));
#1027=CARTESIAN_POINT('',(-5.951835323,-3.83396847,1.421172567));
#1028=CARTESIAN_POINT('',(-5.869996411,-3.841657938,1.386275628));
#1029=CARTESIAN_POINT('',(-5.783089246,-3.849619165,1.369465978));
#1030=CARTESIAN_POINT('',(-5.696182082,-3.857580392,1.352656328));
#1031=CARTESIAN_POINT('',(-5.606939278,-3.865142188,1.354578722));
#1032=CARTESIAN_POINT('',(-5.521539478,-3.873046654,1.374625146));
#1033=CARTESIAN_POINT('',(-5.436139677,-3.880951119,1.394671571));
#1034=CARTESIAN_POINT('',(-5.354783109,-3.888652113,1.43316448));
#1035=CARTESIAN_POINT('',(-5.285323315,-3.896457436,1.486145232));
#1036=CARTESIAN_POINT('',(-5.215863522,-3.90426276,1.539125984));
#1037=CARTESIAN_POINT('',(-5.157199961,-3.912265604,1.607481839));
#1038=CARTESIAN_POINT('',(-5.11534299,-3.91994278,1.684427433));
#1039=CARTESIAN_POINT('',(-5.094414504,-3.923781368,1.72290023));
#1040=CARTESIAN_POINT('',(-5.077332991,-3.927777275,1.764188789));
#1041=CARTESIAN_POINT('',(-5.064939086,-3.931717571,1.806138043));
#1042=CARTESIAN_POINT('',(-5.05254518,-3.935657866,1.848087298));
#1043=CARTESIAN_POINT('',(-5.044591968,-3.939592078,1.891084398));
#1044=CARTESIAN_POINT('',(-5.041207575,-3.943506772,1.935160803));
#1045=CARTESIAN_POINT('',(-5.034438787,-3.95133616,2.023313613));
#1046=CARTESIAN_POINT('',(-5.046501339,-3.959100506,2.111827464));
#1047=CARTESIAN_POINT('',(-5.0761912,-3.966987983,2.194448225));
#1048=CARTESIAN_POINT('',(-5.10588106,-3.97487546,2.277068985));
#1049=CARTESIAN_POINT('',(-5.153403559,-3.982507185,2.353442797));
#1050=CARTESIAN_POINT('',(-5.213968084,-3.990384309,2.416405624));
#1051=CARTESIAN_POINT('',(-5.274532609,-3.998261432,2.479368452));
#1052=CARTESIAN_POINT('',(-5.349199132,-4.005952497,2.529854711));
#1053=CARTESIAN_POINT('',(-5.430362681,-4.013784994,2.562626644));
#1054=CARTESIAN_POINT('',(-5.470944455,-4.017701242,2.57901261));
#1055=CARTESIAN_POINT('',(-5.513913605,-4.021729373,2.591283766));
#1056=CARTESIAN_POINT('',(-5.557027231,-4.025659137,2.598799962));
#1057=CARTESIAN_POINT('',(-5.600140857,-4.0295889,2.606316157));
#1058=CARTESIAN_POINT('',(-5.643759807,-4.033400163,2.609305074));
#1059=CARTESIAN_POINT('',(-5.68788058,-4.037281011,2.607644025));
#1060=CARTESIAN_POINT('',(-5.776122127,-4.045042705,2.604321927));
#1061=CARTESIAN_POINT('',(-5.862730826,-4.053099645,2.582252561));
#1062=CARTESIAN_POINT('',(-5.941500042,-4.060868203,2.54328509));
#1063=B_SPLINE_CURVE_WITH_KNOTS('',3,(#1002,#1003,#1004,#1005,#1006,#1007,#1008,#1009,#1010,#1011,#1012,#1013,#1014,#1015,#1016,#1017,#1018,#1019,#1020,#1021,#1022,#1023,#1024,#1025,#1026,#1027,
#1028,#1029,#1030,#1031,#1032,#1033,#1034,#1035,#1036,#1037,#1038,#1039,#1040,#1041,#1042,#1043,#1044,#1045,#1046,#1047,#1048,#1049,#1050,#1051,#1052,
#1053,#1054,#1055,#1056,#1057,#1058,#1059,#1060,#1061,#1062),.UNSPECIFIED.,.F.,.F.,(4,3,3,3,3,3,3,3,3,3,3,3,3,3,3,3,3,3,3,3,4),(0.013166234,0.013398245,0.013514251,0.013630256,0.013862267,0.013978273,0.014094278,0.014326289,0.0145583,0.014790311,0.015022322,0.015254332,0.015486343,0.015602349,0.015718354,0.015950365,0.016182376,0.016414387,0.016530392,0.016646398,0.016878409),.UNSPECIFIED.);
#1064=EDGE_CURVE('',#935,#1001,#1063,.T.);
#1065=ORIENTED_EDGE('',*,*,#1064,.T.);
#1066=CARTESIAN_POINT('',(-6.27394892,-4.060868203,1.464966498));
#1067=VERTEX_POINT('',#1066);
#1068=CARTESIAN_POINT('',(-5.941500042,-4.060868203,2.54328509));
#1069=CARTESIAN_POINT('',(-6.046031674,-4.060868203,2.510091987));
#1070=CARTESIAN_POINT('',(-6.140261632,-4.060868203,2.44958707));
#1071=CARTESIAN_POINT('',(-6.214623398,-4.060868203,2.370645331));
#1072=CARTESIAN_POINT('',(-6.288985164,-4.060868203,2.291703593));
#1073=CARTESIAN_POINT('',(-6.344078676,-4.060868203,2.19380708));
#1074=CARTESIAN_POINT('',(-6.374487401,-4.060868203,2.088922981));
#1075=CARTESIAN_POINT('',(-6.389691764,-4.060868203,2.036480931));
#1076=CARTESIAN_POINT('',(-6.398491872,-4.060868203,1.9830499));
#1077=CARTESIAN_POINT('',(-6.401503041,-4.060868203,1.928724906));
#1078=CARTESIAN_POINT('',(-6.404514209,-4.060868203,1.874399912));
#1079=CARTESIAN_POINT('',(-6.401543594,-4.060868203,1.819354016));
#1080=CARTESIAN_POINT('',(-6.392806632,-4.060868203,1.765924038));
#1081=CARTESIAN_POINT('',(-6.384069671,-4.060868203,1.71249406));
#1082=CARTESIAN_POINT('',(-6.36940207,-4.060868203,1.659506422));
#1083=CARTESIAN_POINT('',(-6.349234645,-4.060868203,1.60888683));
#1084=CARTESIAN_POINT('',(-6.32906722,-4.060868203,1.558267237));
#1085=CARTESIAN_POINT('',(-6.303897877,-4.060868203,1.510333584));
#1086=CARTESIAN_POINT('',(-6.27394892,-4.060868203,1.464966498));
#1087=B_SPLINE_CURVE_WITH_KNOTS('',3,(#1068,#1069,#1070,#1071,#1072,#1073,#1074,#1075,#1076,#1077,#1078,#1079,#1080,#1081,#1082,#1083,#1084,#1085,#1086),.UNSPECIFIED.,.F.,.F.,(4,3,3,3,3,3,4),(0.002297619,0.002630058,0.002962498,0.003128717,0.003294937,0.003461157,0.003627377),.UNSPECIFIED.);
#1088=EDGE_CURVE('',#1001,#1067,#1087,.T.);
#1089=ORIENTED_EDGE('',*,*,#1088,.T.);
#1090=CARTESIAN_POINT('',(-5.11920986,-3.100912693,1.397559998));
#1091=VERTEX_POINT('',#1090);
#1092=CARTESIAN_POINT('',(-5.119209369,-3.10091274,1.397560455));
#1093=CARTESIAN_POINT('',(-5.06615315,-3.106015171,1.446958887));
#1094=CARTESIAN_POINT('',(-5.020893824,-3.111026047,1.502317125));
#1095=CARTESIAN_POINT('',(-4.98321938,-3.115947954,1.563473103));
#1096=CARTESIAN_POINT('',(-4.945544936,-3.12086986,1.624629081));
#1097=CARTESIAN_POINT('',(-4.916051119,-3.12587839,1.691271984));
#1098=CARTESIAN_POINT('',(-4.896097439,-3.130912857,1.759928919));
#1099=CARTESIAN_POINT('',(-4.85619008,-3.140981789,1.897242788));
#1100=CARTESIAN_POINT('',(-4.854042569,-3.150823489,2.046854285));
#1101=CARTESIAN_POINT('',(-4.890476556,-3.160946539,2.185894212));
#1102=CARTESIAN_POINT('',(-4.926910542,-3.171069588,2.324934139));
#1103=CARTESIAN_POINT('',(-5.001278108,-3.180810522,2.453157443));
#1104=CARTESIAN_POINT('',(-5.103680074,-3.190920435,2.553759527));
#1105=CARTESIAN_POINT('',(-5.206082041,-3.201030347,2.654361612));
#1106=CARTESIAN_POINT('',(-5.337072666,-3.210884114,2.726983974));
#1107=CARTESIAN_POINT('',(-5.476119834,-3.220957151,2.760647305));
#1108=CARTESIAN_POINT('',(-5.545643418,-3.22599367,2.777478971));
#1109=CARTESIAN_POINT('',(-5.617952422,-3.230981158,2.784994857));
#1110=CARTESIAN_POINT('',(-5.689842361,-3.235913592,2.782704513));
#1111=CARTESIAN_POINT('',(-5.761732301,-3.240846026,2.780414169));
#1112=CARTESIAN_POINT('',(-5.832236792,-3.245857064,2.768641042));
#1113=CARTESIAN_POINT('',(-5.901330414,-3.250948153,2.747211138));
#1114=CARTESIAN_POINT('',(-5.970424036,-3.256039242,2.725781233));
#1115=CARTESIAN_POINT('',(-6.03553424,-3.260932472,2.695420717));
#1116=CARTESIAN_POINT('',(-6.095942263,-3.265868277,2.656719235));
#1117=CARTESIAN_POINT('',(-6.156350286,-3.270804082,2.618017754));
#1118=CARTESIAN_POINT('',(-6.211962042,-3.275930246,2.57069765));
#1119=CARTESIAN_POINT('',(-6.259708618,-3.280957005,2.517508389));
#1120=CARTESIAN_POINT('',(-6.307455194,-3.285983764,2.464319129));
#1121=CARTESIAN_POINT('',(-6.348644401,-3.29094817,2.40370957));
#1122=CARTESIAN_POINT('',(-6.380538101,-3.295887539,2.339649887));
#1123=CARTESIAN_POINT('',(-6.412431801,-3.300826908,2.275590205));
#1124=CARTESIAN_POINT('',(-6.435824228,-3.305928103,2.206874177));
#1125=CARTESIAN_POINT('',(-6.449596019,-3.310984831,2.136233316));
#1126=CARTESIAN_POINT('',(-6.477139601,-3.321098288,1.994951594));
#1127=CARTESIAN_POINT('',(-6.465699086,-3.330894192,1.847192242));
#1128=CARTESIAN_POINT('',(-6.417157765,-3.340958197,1.712264394));
#1129=CARTESIAN_POINT('',(-6.368616445,-3.351022202,1.577336546));
#1130=CARTESIAN_POINT('',(-6.28211535,-3.360959944,1.454957944));
#1131=CARTESIAN_POINT('',(-6.171375923,-3.370993205,1.364232452));
#1132=CARTESIAN_POINT('',(-6.11600621,-3.376009836,1.318869706));
#1133=CARTESIAN_POINT('',(-6.054301743,-3.380863845,1.280820381));
#1134=CARTESIAN_POINT('',(-5.988445044,-3.385875976,1.251641581));
#1135=CARTESIAN_POINT('',(-5.922588345,-3.390888107,1.222462781));
#1136=CARTESIAN_POINT('',(-5.853964814,-3.395920339,1.20250723));
#1137=CARTESIAN_POINT('',(-5.782554692,-3.400972815,1.191840795));
#1138=CARTESIAN_POINT('',(-5.71114457,-3.406025292,1.181174359));
#1139=CARTESIAN_POINT('',(-5.639008926,-3.410847175,1.180259856));
#1140=CARTESIAN_POINT('',(-5.567868623,-3.415844431,1.188903902));
#1141=CARTESIAN_POINT('',(-5.496728319,-3.420841686,1.197547947));
#1142=CARTESIAN_POINT('',(-5.425977557,-3.425992484,1.216068966));
#1143=CARTESIAN_POINT('',(-5.359888408,-3.430984351,1.243268572));
#1144=CARTESIAN_POINT('',(-5.293799258,-3.435976218,1.270468179));
#1145=CARTESIAN_POINT('',(-5.230430661,-3.440872113,1.307168927));
#1146=CARTESIAN_POINT('',(-5.173861199,-3.445875824,1.351072501));
#1147=CARTESIAN_POINT('',(-5.117291738,-3.450879535,1.394976075));
#1148=CARTESIAN_POINT('',(-5.066561062,-3.455975278,1.446566426));
#1149=CARTESIAN_POINT('',(-5.023414469,-3.461000261,1.504319988));
#1150=CARTESIAN_POINT('',(-4.980267876,-3.466025243,1.562073551));
#1151=CARTESIAN_POINT('',(-4.945548304,-3.470802034,1.624556581));
#1152=CARTESIAN_POINT('',(-4.919279636,-3.475851436,1.691740914));
#1153=CARTESIAN_POINT('',(-4.893010968,-3.480900839,1.758925247));
#1154=CARTESIAN_POINT('',(-4.876030189,-3.485988398,1.829159148));
#1155=CARTESIAN_POINT('',(-4.868627339,-3.490970396,1.900407751));
#1156=CARTESIAN_POINT('',(-4.85382164,-3.500934391,2.042904956));
#1157=CARTESIAN_POINT('',(-4.878585276,-3.511058395,2.190724696));
#1158=CARTESIAN_POINT('',(-4.939037081,-3.520997657,2.3206275));
#1159=CARTESIAN_POINT('',(-4.969262984,-3.525967288,2.385578902));
#1160=CARTESIAN_POINT('',(-5.008201037,-3.530820374,2.446432329));
#1161=CARTESIAN_POINT('',(-5.054944623,-3.535885413,2.501393228));
#1162=CARTESIAN_POINT('',(-5.101688209,-3.540950452,2.556354127));
#1163=CARTESIAN_POINT('',(-5.154870643,-3.545976383,2.6040909));
#1164=CARTESIAN_POINT('',(-5.214472955,-3.550963321,2.644624828));
#1165=CARTESIAN_POINT('',(-5.274075268,-3.555950259,2.685158756));
#1166=CARTESIAN_POINT('',(-5.338893108,-3.560833437,2.717409915));
#1167=CARTESIAN_POINT('',(-5.40667628,-3.565865133,2.740472295));
#1168=CARTESIAN_POINT('',(-5.474459452,-3.570896828,2.763534676));
#1169=CARTESIAN_POINT('',(-5.546320476,-3.576041471,2.777574488));
#1170=CARTESIAN_POINT('',(-5.617670938,-3.5809715,2.781746243));
#1171=CARTESIAN_POINT('',(-5.689021399,-3.585901529,2.785917997));
#1172=CARTESIAN_POINT('',(-5.761946872,-3.590861525,2.780364701));
#1173=CARTESIAN_POINT('',(-5.832023773,-3.595902645,2.765345584));
#1174=CARTESIAN_POINT('',(-5.902100674,-3.600943766,2.750326467));
#1175=CARTESIAN_POINT('',(-5.969954543,-3.606003925,2.725966462));
#1176=CARTESIAN_POINT('',(-6.034006651,-3.610969684,2.692596719));
#1177=CARTESIAN_POINT('',(-6.098058759,-3.615935444,2.659226975));
#1178=CARTESIAN_POINT('',(-6.156434404,-3.620810184,2.617979329));
#1179=CARTESIAN_POINT('',(-6.209172142,-3.625878779,2.568941189));
#1180=CARTESIAN_POINT('',(-6.26190988,-3.630947374,2.519903049));
#1181=CARTESIAN_POINT('',(-6.307847714,-3.636028679,2.463809785));
#1182=CARTESIAN_POINT('',(-6.345407766,-3.640933899,2.402874472));
#1183=CARTESIAN_POINT('',(-6.42052787,-3.650744339,2.281003847));
#1184=CARTESIAN_POINT('',(-6.462411015,-3.661155931,2.137152023));
#1185=CARTESIAN_POINT('',(-6.464320227,-3.670947365,1.993735752));
#1186=CARTESIAN_POINT('',(-6.46622944,-3.680738798,1.850319481));
#1187=CARTESIAN_POINT('',(-6.428890829,-3.69110155,1.706933109));
#1188=CARTESIAN_POINT('',(-6.356790688,-3.700896566,1.582352241));
#1189=CARTESIAN_POINT('',(-6.284690546,-3.710691582,1.457771373));
#1190=CARTESIAN_POINT('',(-6.177960292,-3.72113116,1.353243478));
#1191=CARTESIAN_POINT('',(-6.052986747,-3.730899138,1.283791865));
#1192=CARTESIAN_POINT('',(-5.990499975,-3.735783127,1.249066058));
#1193=CARTESIAN_POINT('',(-5.922514856,-3.740893227,1.22245618));
#1194=CARTESIAN_POINT('',(-5.85278869,-3.745944562,1.205567738));
#1195=CARTESIAN_POINT('',(-5.783062524,-3.750995897,1.188679297));
#1196=CARTESIAN_POINT('',(-5.711650497,-3.7559223,1.181189305));
#1197=CARTESIAN_POINT('',(-5.639320266,-3.760884237,1.183454928));
#1198=CARTESIAN_POINT('',(-5.566990034,-3.765846173,1.185720551));
#1199=CARTESIAN_POINT('',(-5.49649505,-3.770857853,1.197564268));
#1200=CARTESIAN_POINT('',(-5.427806774,-3.775918502,1.218837126));
#1201=CARTESIAN_POINT('',(-5.359118499,-3.780979151,1.240109985));
#1202=CARTESIAN_POINT('',(-5.293187588,-3.785934911,1.270788315));
#1203=CARTESIAN_POINT('',(-5.232941315,-3.790856117,1.309358389));
#1204=CARTESIAN_POINT('',(-5.11244877,-3.800698527,1.386498538));
#1205=CARTESIAN_POINT('',(-5.012309962,-3.810963722,1.497828389));
#1206=CARTESIAN_POINT('',(-4.948284377,-3.820873956,1.626346916));
#1207=CARTESIAN_POINT('',(-4.884258792,-3.83078419,1.754865442));
#1208=CARTESIAN_POINT('',(-4.855740287,-3.840884525,1.900302962));
#1209=CARTESIAN_POINT('',(-4.8666367,-3.850832727,2.043615497));
#1210=CARTESIAN_POINT('',(-4.877533113,-3.860780929,2.186928033));
#1211=CARTESIAN_POINT('',(-4.928323156,-3.870927176,2.327657722));
#1212=CARTESIAN_POINT('',(-5.010803303,-3.880853173,2.444488668));
#1213=CARTESIAN_POINT('',(-5.052043377,-3.885816172,2.502904141));
#1214=CARTESIAN_POINT('',(-5.101633447,-3.89094387,2.556275769));
#1215=CARTESIAN_POINT('',(-5.157192291,-3.895978116,2.601804044));
#1216=CARTESIAN_POINT('',(-5.212751134,-3.901012362,2.647332319));
#1217=CARTESIAN_POINT('',(-5.273587862,-3.905798873,2.684929125));
#1218=CARTESIAN_POINT('',(-5.339835649,-3.910841416,2.714330032));
#1219=CARTESIAN_POINT('',(-5.406083436,-3.91588396,2.743730939));
#1220=CARTESIAN_POINT('',(-5.474799406,-3.920921817,2.763636822));
#1221=CARTESIAN_POINT('',(-5.545818018,-3.925947199,2.774278001));
#1222=CARTESIAN_POINT('',(-5.616836629,-3.93097258,2.78491918));
#1223=CARTESIAN_POINT('',(-5.68973603,-3.935848145,2.785898013));
#1224=CARTESIAN_POINT('',(-5.760713579,-3.940833715,2.777287577));
#1225=CARTESIAN_POINT('',(-5.831691128,-3.945819286,2.76867714));
#1226=CARTESIAN_POINT('',(-5.902601985,-3.950980957,2.750157113));
#1227=CARTESIAN_POINT('',(-5.968743538,-3.955976586,2.722946686));
#1228=CARTESIAN_POINT('',(-6.03488509,-3.960972214,2.695736259));
#1229=CARTESIAN_POINT('',(-6.097581317,-3.965808343,2.659561784));
#1230=CARTESIAN_POINT('',(-6.154852416,-3.970873954,2.615116857));
#1231=CARTESIAN_POINT('',(-6.212123514,-3.975939565,2.57067193));
#1232=CARTESIAN_POINT('',(-6.262160161,-3.980975226,2.519594052));
#1233=CARTESIAN_POINT('',(-6.305161345,-3.985981753,2.462065667));
#1234=CARTESIAN_POINT('',(-6.348162528,-3.99098828,2.404537281));
#1235=CARTESIAN_POINT('',(-6.383525546,-3.995863489,2.340803887));
#1236=CARTESIAN_POINT('',(-6.409543548,-4.000868442,2.274205776));
#1237=CARTESIAN_POINT('',(-6.461579551,-4.010878347,2.141009553));
#1238=CARTESIAN_POINT('',(-6.477149433,-4.020820187,1.992205596));
#1239=CARTESIAN_POINT('',(-6.453321084,-4.030897581,1.850459112));
#1240=CARTESIAN_POINT('',(-6.429492734,-4.040974975,1.708712627));
#1241=CARTESIAN_POINT('',(-6.366918186,-4.050790863,1.574347243));
#1242=CARTESIAN_POINT('',(-6.27394892,-4.060868203,1.464966498));
#1243=B_SPLINE_CURVE_WITH_KNOTS('',3,(#1092,#1093,#1094,#1095,#1096,#1097,#1098,#1099,#1100,#1101,#1102,#1103,#1104,#1105,#1106,#1107,#1108,#1109,#1110,#1111,#1112,#1113,#1114,#1115,#1116,#1117,
#1118,#1119,#1120,#1121,#1122,#1123,#1124,#1125,#1126,#1127,#1128,#1129,#1130,#1131,#1132,#1133,#1134,#1135,#1136,#1137,#1138,#1139,#1140,#1141,#1142,
#1143,#1144,#1145,#1146,#1147,#1148,#1149,#1150,#1151,#1152,#1153,#1154,#1155,#1156,#1157,#1158,#1159,#1160,#1161,#1162,#1163,#1164,#1165,#1166,#1167,
#1168,#1169,#1170,#1171,#1172,#1173,#1174,#1175,#1176,#1177,#1178,#1179,#1180,#1181,#1182,#1183,#1184,#1185,#1186,#1187,#1188,#1189,#1190,#1191,#1192,
#1193,#1194,#1195,#1196,#1197,#1198,#1199,#1200,#1201,#1202,#1203,#1204,#1205,#1206,#1207,#1208,#1209,#1210,#1211,#1212,#1213,#1214,#1215,#1216,#1217,
#1218,#1219,#1220,#1221,#1222,#1223,#1224,#1225,#1226,#1227,#1228,#1229,#1230,#1231,#1232,#1233,#1234,#1235,#1236,#1237,#1238,#1239,#1240,#1241,#1242),.UNSPECIFIED.,.F.,.F.,(4,3,3,3,3,3,3,3,3,3,3,3,3,3,3,3,3,3,3,3,3,3,3,3,3,3,
3,3,3,3,3,3,3,3,3,3,3,3,3,3,3,3,3,3,3,3,3,3,3,3,4),(0.,0.000214921,0.000429843,0.000859686,0.001289528,0.001719371,0.001934293,0.002149214,0.002364136,0.002579057,0.002793978,0.0030089,0.003438743,0.003868585,0.004083507,0.004298428,0.00451335,0.004728271,0.004943192,0.005158114,0.005373035,0.005587957,0.0060178,0.006232721,0.006447642,0.006662564,
0.006877485,0.007092407,0.007307328,0.007522249,0.007737171,0.008167014,0.008596857,0.009026699,0.009241621,0.009456542,0.009671464,0.009886385,0.010316228,0.010746071,0.011175913,0.011390835,0.011605756,0.011820678,0.012035599,0.012250521,0.012465442,0.012680363,0.012895285,0.013325128,0.01375497),.UNSPECIFIED.);
#1244=EDGE_CURVE('',#1091,#1067,#1243,.T.);
#1245=ORIENTED_EDGE('',*,*,#1244,.F.);
#1246=CARTESIAN_POINT('',(-6.211143336,-3.100912645,1.680330724));
#1247=VERTEX_POINT('',#1246);
#1248=CARTESIAN_POINT('',(-6.211143586,-3.100912645,1.680331192));
#1249=CARTESIAN_POINT('',(-6.19205041,-3.100912645,1.628873969));
#1250=CARTESIAN_POINT('',(-6.166759996,-3.100912645,1.580949042));
#1251=CARTESIAN_POINT('',(-6.135622694,-3.100912645,1.536356719));
#1252=CARTESIAN_POINT('',(-6.104485393,-3.100912645,1.491764395));
#1253=CARTESIAN_POINT('',(-6.067418624,-3.100912645,1.450903927));
#1254=CARTESIAN_POINT('',(-6.026320056,-3.100912645,1.415686475));
#1255=CARTESIAN_POINT('',(-5.985221487,-3.100912645,1.380469023));
#1256=CARTESIAN_POINT('',(-5.939146589,-3.100912645,1.349891198));
#1257=CARTESIAN_POINT('',(-5.890796315,-3.100912645,1.325296512));
#1258=CARTESIAN_POINT('',(-5.842446041,-3.100912645,1.300701826));
#1259=CARTESIAN_POINT('',(-5.791500343,-3.100912645,1.28184307));
#1260=CARTESIAN_POINT('',(-5.738269423,-3.100912645,1.26901018));
#1261=CARTESIAN_POINT('',(-5.685038502,-3.100912645,1.256177289));
#1262=CARTESIAN_POINT('',(-5.631279459,-3.100912645,1.249845609));
#1263=CARTESIAN_POINT('',(-5.577056924,-3.100912645,1.249219531));
#1264=CARTESIAN_POINT('',(-5.522834389,-3.100912645,1.248593454));
#1265=CARTESIAN_POINT('',(-5.467889733,-3.100912645,1.253998376));
#1266=CARTESIAN_POINT('',(-5.414968869,-3.100912645,1.265109545));
#1267=CARTESIAN_POINT('',(-5.30912714,-3.100912645,1.287331883));
#1268=CARTESIAN_POINT('',(-5.207106251,-3.100912645,1.333688628));
#1269=CARTESIAN_POINT('',(-5.119209274,-3.100912645,1.397560323));
#1270=B_SPLINE_CURVE_WITH_KNOTS('',3,(#1248,#1249,#1250,#1251,#1252,#1253,#1254,#1255,#1256,#1257,#1258,#1259,#1260,#1261,#1262,#1263,#1264,#1265,#1266,#1267,#1268,#1269),.UNSPECIFIED.,.F.,.F.,(4,3,3,3,3,3,3,4),(0.,0.00016248,0.00032496,0.00048744,0.00064992,0.0008124,0.00097488,0.00129984),.UNSPECIFIED.);
#1271=EDGE_CURVE('',#1247,#1091,#1270,.T.);
#1272=ORIENTED_EDGE('',*,*,#1271,.F.);
#1273=CARTESIAN_POINT('',(-5.664367374,-3.335223129,2.608086478));
#1274=VERTEX_POINT('',#1273);
#1275=CARTESIAN_POINT('',(-6.211143338,-3.100912687,1.680330727));
#1276=CARTESIAN_POINT('',(-6.158561055,-3.110409134,1.585367284));
#1277=CARTESIAN_POINT('',(-6.078433637,-3.120712694,1.502512126));
#1278=CARTESIAN_POINT('',(-5.985310424,-3.130201834,1.446783804));
#1279=CARTESIAN_POINT('',(-5.892187211,-3.139690974,1.391055482));
#1280=CARTESIAN_POINT('',(-5.781245248,-3.150009787,1.359599849));
#1281=CARTESIAN_POINT('',(-5.672760728,-3.159490904,1.358142839));
#1282=CARTESIAN_POINT('',(-5.564276208,-3.168972021,1.35668583));
#1283=CARTESIAN_POINT('',(-5.452476844,-3.179306849,1.385180297));
#1284=CARTESIAN_POINT('',(-5.357943479,-3.188779876,1.438357741));
#1285=CARTESIAN_POINT('',(-5.263410115,-3.198252902,1.491535185));
#1286=CARTESIAN_POINT('',(-5.180975036,-3.208603875,1.572337696));
#1287=CARTESIAN_POINT('',(-5.125920206,-3.218068738,1.6657544));
#1288=CARTESIAN_POINT('',(-5.070865377,-3.227533601,1.759171105));
#1289=CARTESIAN_POINT('',(-5.040109033,-3.237900867,1.87049203));
#1290=CARTESIAN_POINT('',(-5.039381452,-3.247357499,1.978891552));
#1291=CARTESIAN_POINT('',(-5.038653871,-3.256814131,2.087291075));
#1292=CARTESIAN_POINT('',(-5.067943917,-3.26719782,2.199068539));
#1293=CARTESIAN_POINT('',(-5.121708792,-3.276646148,2.293161732));
#1294=CARTESIAN_POINT('',(-5.175473666,-3.286094477,2.387254925));
#1295=CARTESIAN_POINT('',(-5.25695454,-3.296494733,2.469272787));
#1296=CARTESIAN_POINT('',(-5.35065749,-3.30593469,2.523652024));
#1297=CARTESIAN_POINT('',(-5.444360441,-3.315374647,2.57803126));
#1298=CARTESIAN_POINT('',(-5.556060188,-3.325791611,2.608086478));
#1299=CARTESIAN_POINT('',(-5.664367374,-3.335223129,2.608086478));
#1300=B_SPLINE_CURVE_WITH_KNOTS('',3,(#1275,#1276,#1277,#1278,#1279,#1280,#1281,#1282,#1283,#1284,#1285,#1286,#1287,#1288,#1289,#1290,#1291,#1292,#1293,#1294,#1295,#1296,#1297,#1298,#1299),.UNSPECIFIED.,.F.,.F.,(4,3,3,3,3,3,3,3,4),(0.671136286,0.675785917,0.680435548,0.685085179,0.68973481,0.69438444,0.699034071,0.703683702,0.708333333),.UNSPECIFIED.);
#1301=EDGE_CURVE('',#1247,#1274,#1300,.T.);
#1302=ORIENTED_EDGE('',*,*,#1301,.T.);
#1303=CARTESIAN_POINT('',(-5.664367374,-3.335223129,2.608086478));
#1304=CARTESIAN_POINT('',(-5.745248319,-3.342266338,2.608086478));
#1305=CARTESIAN_POINT('',(-5.828194688,-3.349869652,2.591771724));
#1306=CARTESIAN_POINT('',(-5.903868252,-3.357191837,2.560376985));
#1307=CARTESIAN_POINT('',(-5.979541816,-3.364514022,2.528982246));
#1308=CARTESIAN_POINT('',(-6.048126354,-3.371555078,2.483210968));
#1309=CARTESIAN_POINT('',(-6.106309087,-3.378973126,2.425028242));
#1310=CARTESIAN_POINT('',(-6.164491819,-3.386391174,2.366845516));
#1311=CARTESIAN_POINT('',(-6.210263107,-3.393432229,2.298260984));
#1312=CARTESIAN_POINT('',(-6.24165786,-3.400754416,2.222587406));
#1313=CARTESIAN_POINT('',(-6.273052613,-3.408076603,2.146913829));
#1314=CARTESIAN_POINT('',(-6.289367374,-3.41567992,2.063967424));
#1315=CARTESIAN_POINT('',(-6.289367374,-3.422723129,1.983086479));
#1316=CARTESIAN_POINT('',(-6.289367374,-3.429766338,1.902205533));
#1317=CARTESIAN_POINT('',(-6.27305262,-3.437369652,1.819259164));
#1318=CARTESIAN_POINT('',(-6.241657881,-3.444691837,1.7435856));
#1319=CARTESIAN_POINT('',(-6.210263141,-3.452014022,1.667912036));
#1320=CARTESIAN_POINT('',(-6.164491854,-3.45905508,1.599327482));
#1321=CARTESIAN_POINT('',(-6.106309112,-3.466473129,1.54114474));
#1322=CARTESIAN_POINT('',(-6.048126371,-3.473891179,1.482961998));
#1323=CARTESIAN_POINT('',(-5.979541817,-3.480932236,1.437190711));
#1324=CARTESIAN_POINT('',(-5.903868253,-3.488254421,1.405795971));
#1325=CARTESIAN_POINT('',(-5.828194688,-3.495576606,1.374401232));
#1326=CARTESIAN_POINT('',(-5.74524832,-3.503179921,1.358086478));
#1327=CARTESIAN_POINT('',(-5.664367374,-3.510223129,1.358086478));
#1328=CARTESIAN_POINT('',(-5.583486428,-3.517266338,1.358086478));
#1329=CARTESIAN_POINT('',(-5.500540059,-3.524869652,1.374401232));
#1330=CARTESIAN_POINT('',(-5.424866495,-3.532191837,1.405795971));
#1331=CARTESIAN_POINT('',(-5.349192931,-3.539514022,1.437190711));
#1332=CARTESIAN_POINT('',(-5.280608377,-3.546555079,1.482961998));
#1333=CARTESIAN_POINT('',(-5.222425635,-3.553973129,1.54114474));
#1334=CARTESIAN_POINT('',(-5.164242893,-3.561391179,1.599327482));
#1335=CARTESIAN_POINT('',(-5.118471606,-3.568432236,1.667912036));
#1336=CARTESIAN_POINT('',(-5.087076867,-3.575754421,1.7435856));
#1337=CARTESIAN_POINT('',(-5.055682127,-3.583076606,1.819259164));
#1338=CARTESIAN_POINT('',(-5.039367374,-3.59067992,1.902205533));
#1339=CARTESIAN_POINT('',(-5.039367374,-3.597723129,1.983086479));
#1340=CARTESIAN_POINT('',(-5.039367374,-3.604766337,2.063967424));
#1341=CARTESIAN_POINT('',(-5.055682128,-3.612369652,2.146913793));
#1342=CARTESIAN_POINT('',(-5.087076867,-3.619691837,2.222587357));
#1343=CARTESIAN_POINT('',(-5.118471607,-3.627014022,2.298260921));
#1344=CARTESIAN_POINT('',(-5.164242894,-3.634055079,2.366845475));
#1345=CARTESIAN_POINT('',(-5.222425636,-3.641473129,2.425028217));
#1346=CARTESIAN_POINT('',(-5.280608378,-3.648891178,2.483210959));
#1347=CARTESIAN_POINT('',(-5.349192932,-3.655932235,2.528982246));
#1348=CARTESIAN_POINT('',(-5.424866496,-3.663254421,2.560376985));
#1349=CARTESIAN_POINT('',(-5.50054006,-3.670576606,2.591771724));
#1350=CARTESIAN_POINT('',(-5.583486428,-3.678179921,2.608086478));
#1351=CARTESIAN_POINT('',(-5.664367374,-3.685223129,2.608086478));
#1352=B_SPLINE_CURVE_WITH_KNOTS('',3,(#1303,#1304,#1305,#1306,#1307,#1308,#1309,#1310,#1311,#1312,#1313,#1314,#1315,#1316,#1317,#1318,#1319,#1320,#1321,#1322,#1323,#1324,#1325,#1326,#1327,#1328,
#1329,#1330,#1331,#1332,#1333,#1334,#1335,#1336,#1337,#1338,#1339,#1340,#1341,#1342,#1343,#1344,#1345,#1346,#1347,#1348,#1349,#1350,#1351),.UNSPECIFIED.,.F.,.F.,(4,3,3,3,3,3,3,3,3,3,3,3,3,3,3,3,4),(0.708333333,0.711805555,0.715277778,0.71875,0.722222222,0.725694444,0.729166667,0.732638889,0.736111111,0.739583333,0.743055556,0.746527778,0.75,0.753472222,0.756944444,0.760416667,0.763888889),.UNSPECIFIED.);
#1353=EDGE_CURVE('',#1274,#933,#1352,.T.);
#1354=ORIENTED_EDGE('',*,*,#1353,.T.);
#1355=EDGE_LOOP('',(#999,#1065,#1089,#1245,#1272,#1302,#1354));
#1356=FACE_BOUND('',#1355,.T.);
#1357=ADVANCED_FACE('',(#1356),#931,.T.);
#1358=CARTESIAN_POINT('',(-5.23847578,-2.999862626,1.525657571));
#1359=CARTESIAN_POINT('',(-5.192819193,-3.005482982,1.568166376));
#1360=CARTESIAN_POINT('',(-5.154116478,-3.01105477,1.616867185));
#1361=CARTESIAN_POINT('',(-5.123101597,-3.016456396,1.670586536));
#1362=CARTESIAN_POINT('',(-5.123088606,-3.016458658,1.670609036));
#1363=CARTESIAN_POINT('',(-5.123075617,-3.016460921,1.670631537));
#1364=CARTESIAN_POINT('',(-5.12306263,-3.016463183,1.670654039));
#1365=CARTESIAN_POINT('',(-5.067913874,-3.026070419,1.766202001));
#1366=CARTESIAN_POINT('',(-5.039367489,-3.036016201,1.872765756));
#1367=CARTESIAN_POINT('',(-5.039367489,-3.045623063,1.983086478));
#1368=CARTESIAN_POINT('',(-5.039367489,-3.045625325,1.983112459));
#1369=CARTESIAN_POINT('',(-5.039367491,-3.045627588,1.98313844));
#1370=CARTESIAN_POINT('',(-5.039367494,-3.04562985,1.983164421));
#1371=CARTESIAN_POINT('',(-5.039381252,-3.055237086,2.093485761));
#1372=CARTESIAN_POINT('',(-5.067941235,-3.065182868,2.200045873));
#1373=CARTESIAN_POINT('',(-5.123101597,-3.074789729,2.295586421));
#1374=CARTESIAN_POINT('',(-5.123114587,-3.074791991,2.295608922));
#1375=CARTESIAN_POINT('',(-5.123127579,-3.074794254,2.295631421));
#1376=CARTESIAN_POINT('',(-5.123140573,-3.074796516,2.29565392));
#1377=CARTESIAN_POINT('',(-5.178313157,-3.084403752,2.391188123));
#1378=CARTESIAN_POINT('',(-5.256326883,-3.094349535,2.469191894));
#1379=CARTESIAN_POINT('',(-5.351867432,-3.103956396,2.524352256));
#1380=CARTESIAN_POINT('',(-5.351889932,-3.103958658,2.524365246));
#1381=CARTESIAN_POINT('',(-5.351912433,-3.103960921,2.524378236));
#1382=CARTESIAN_POINT('',(-5.351934935,-3.103963183,2.524391223));
#1383=CARTESIAN_POINT('',(-5.447482896,-3.113570419,2.579539978));
#1384=CARTESIAN_POINT('',(-5.554046652,-3.123516202,2.608086363));
#1385=CARTESIAN_POINT('',(-5.664367374,-3.133123062,2.608086363));
#1386=CARTESIAN_POINT('',(-5.664393355,-3.133125325,2.608086363));
#1387=CARTESIAN_POINT('',(-5.664419336,-3.133127587,2.608086362));
#1388=CARTESIAN_POINT('',(-5.664445317,-3.13312985,2.608086358));
#1389=CARTESIAN_POINT('',(-5.774766656,-3.142737085,2.6080726));
#1390=CARTESIAN_POINT('',(-5.881326768,-3.152682867,2.579512617));
#1391=CARTESIAN_POINT('',(-5.976867316,-3.162289729,2.524352256));
#1392=CARTESIAN_POINT('',(-5.976889816,-3.162291991,2.524339266));
#1393=CARTESIAN_POINT('',(-5.976912316,-3.162294254,2.524326274));
#1394=CARTESIAN_POINT('',(-5.976934814,-3.162296516,2.524313281));
#1395=CARTESIAN_POINT('',(-6.072469018,-3.171903752,2.469140696));
#1396=CARTESIAN_POINT('',(-6.15047279,-3.181849534,2.391126969));
#1397=CARTESIAN_POINT('',(-6.205633151,-3.191456396,2.295586421));
#1398=CARTESIAN_POINT('',(-6.205646141,-3.191458658,2.295563921));
#1399=CARTESIAN_POINT('',(-6.205659131,-3.191460921,2.29554142));
#1400=CARTESIAN_POINT('',(-6.205672118,-3.191463183,2.295518918));
#1401=CARTESIAN_POINT('',(-6.260820873,-3.201070419,2.199970956));
#1402=CARTESIAN_POINT('',(-6.289367258,-3.211016201,2.093407201));
#1403=CARTESIAN_POINT('',(-6.289367258,-3.220623063,1.983086478));
#1404=CARTESIAN_POINT('',(-6.289367258,-3.220625325,1.983060497));
#1405=CARTESIAN_POINT('',(-6.289367257,-3.220627588,1.983034516));
#1406=CARTESIAN_POINT('',(-6.289367254,-3.22062985,1.983008535));
#1407=CARTESIAN_POINT('',(-6.289353496,-3.230237086,1.872687196));
#1408=CARTESIAN_POINT('',(-6.260793512,-3.240182868,1.766127085));
#1409=CARTESIAN_POINT('',(-6.205633151,-3.249789729,1.670586536));
#1410=CARTESIAN_POINT('',(-6.20562016,-3.249791992,1.670564036));
#1411=CARTESIAN_POINT('',(-6.205607168,-3.249794254,1.670541537));
#1412=CARTESIAN_POINT('',(-6.205594175,-3.249796517,1.670519038));
#1413=CARTESIAN_POINT('',(-6.150421591,-3.259403753,1.574984834));
#1414=CARTESIAN_POINT('',(-6.072407865,-3.269349535,1.496981062));
#1415=CARTESIAN_POINT('',(-5.976867316,-3.278956396,1.441820701));
#1416=CARTESIAN_POINT('',(-5.976844816,-3.278958658,1.441807711));
#1417=CARTESIAN_POINT('',(-5.976822315,-3.278960921,1.441794722));
#1418=CARTESIAN_POINT('',(-5.976799813,-3.278963183,1.441781734));
#1419=CARTESIAN_POINT('',(-5.881251851,-3.288570419,1.386632979));
#1420=CARTESIAN_POINT('',(-5.774688096,-3.298516201,1.358086594));
#1421=CARTESIAN_POINT('',(-5.664367374,-3.308123062,1.358086594));
#1422=CARTESIAN_POINT('',(-5.664341393,-3.308125325,1.358086594));
#1423=CARTESIAN_POINT('',(-5.664315412,-3.308127587,1.358086596));
#1424=CARTESIAN_POINT('',(-5.664289431,-3.30812985,1.358086599));
#1425=CARTESIAN_POINT('',(-5.553968092,-3.317737086,1.358100357));
#1426=CARTESIAN_POINT('',(-5.44740798,-3.327682868,1.38666034));
#1427=CARTESIAN_POINT('',(-5.351867432,-3.337289729,1.441820702));
#1428=CARTESIAN_POINT('',(-5.351844931,-3.337291992,1.441833692));
#1429=CARTESIAN_POINT('',(-5.351822432,-3.337294254,1.441846684));
#1430=CARTESIAN_POINT('',(-5.351799933,-3.337296517,1.441859677));
#1431=CARTESIAN_POINT('',(-5.25626573,-3.346903752,1.497032262));
#1432=CARTESIAN_POINT('',(-5.178261958,-3.356849534,1.575045988));
#1433=CARTESIAN_POINT('',(-5.123101597,-3.366456396,1.670586536));
#1434=CARTESIAN_POINT('',(-5.123088606,-3.366458658,1.670609036));
#1435=CARTESIAN_POINT('',(-5.123075617,-3.366460921,1.670631537));
#1436=CARTESIAN_POINT('',(-5.12306263,-3.366463183,1.670654039));
#1437=CARTESIAN_POINT('',(-5.067913874,-3.376070419,1.766202001));
#1438=CARTESIAN_POINT('',(-5.039367489,-3.386016201,1.872765756));
#1439=CARTESIAN_POINT('',(-5.039367489,-3.395623063,1.983086478));
#1440=CARTESIAN_POINT('',(-5.039367489,-3.395625325,1.983112459));
#1441=CARTESIAN_POINT('',(-5.039367491,-3.395627588,1.98313844));
#1442=CARTESIAN_POINT('',(-5.039367494,-3.39562985,1.983164422));
#1443=CARTESIAN_POINT('',(-5.039381252,-3.405237086,2.093485761));
#1444=CARTESIAN_POINT('',(-5.067941235,-3.415182868,2.200045872));
#1445=CARTESIAN_POINT('',(-5.123101597,-3.424789729,2.295586421));
#1446=CARTESIAN_POINT('',(-5.123114587,-3.424791991,2.295608921));
#1447=CARTESIAN_POINT('',(-5.123127579,-3.424794254,2.29563142));
#1448=CARTESIAN_POINT('',(-5.123140573,-3.424796516,2.295653919));
#1449=CARTESIAN_POINT('',(-5.178313157,-3.434403752,2.391188122));
#1450=CARTESIAN_POINT('',(-5.256326883,-3.444349535,2.469191895));
#1451=CARTESIAN_POINT('',(-5.351867432,-3.453956396,2.524352256));
#1452=CARTESIAN_POINT('',(-5.351889932,-3.453958658,2.524365247));
#1453=CARTESIAN_POINT('',(-5.351912433,-3.453960921,2.524378236));
#1454=CARTESIAN_POINT('',(-5.351934935,-3.453963183,2.524391224));
#1455=CARTESIAN_POINT('',(-5.447482896,-3.463570419,2.579539979));
#1456=CARTESIAN_POINT('',(-5.554046652,-3.473516202,2.608086364));
#1457=CARTESIAN_POINT('',(-5.664367374,-3.483123062,2.608086364));
#1458=CARTESIAN_POINT('',(-5.664393355,-3.483125325,2.608086364));
#1459=CARTESIAN_POINT('',(-5.664419336,-3.483127587,2.608086362));
#1460=CARTESIAN_POINT('',(-5.664445317,-3.48312985,2.608086359));
#1461=CARTESIAN_POINT('',(-5.774766656,-3.492737085,2.608072601));
#1462=CARTESIAN_POINT('',(-5.881326768,-3.502682868,2.579512617));
#1463=CARTESIAN_POINT('',(-5.976867316,-3.512289729,2.524352256));
#1464=CARTESIAN_POINT('',(-5.976889816,-3.512291991,2.524339265));
#1465=CARTESIAN_POINT('',(-5.976912316,-3.512294254,2.524326273));
#1466=CARTESIAN_POINT('',(-5.976934814,-3.512296516,2.52431328));
#1467=CARTESIAN_POINT('',(-6.072469018,-3.521903752,2.469140696));
#1468=CARTESIAN_POINT('',(-6.15047279,-3.531849534,2.391126969));
#1469=CARTESIAN_POINT('',(-6.205633151,-3.541456396,2.295586421));
#1470=CARTESIAN_POINT('',(-6.205646141,-3.541458658,2.295563921));
#1471=CARTESIAN_POINT('',(-6.205659131,-3.541460921,2.29554142));
#1472=CARTESIAN_POINT('',(-6.205672118,-3.541463183,2.295518918));
#1473=CARTESIAN_POINT('',(-6.260820873,-3.551070419,2.199970956));
#1474=CARTESIAN_POINT('',(-6.289367258,-3.561016201,2.093407201));
#1475=CARTESIAN_POINT('',(-6.289367258,-3.570623063,1.983086479));
#1476=CARTESIAN_POINT('',(-6.289367258,-3.570625325,1.983060498));
#1477=CARTESIAN_POINT('',(-6.289367257,-3.570627588,1.983034517));
#1478=CARTESIAN_POINT('',(-6.289367254,-3.57062985,1.983008535));
#1479=CARTESIAN_POINT('',(-6.289353496,-3.580237086,1.872687196));
#1480=CARTESIAN_POINT('',(-6.260793512,-3.590182868,1.766127085));
#1481=CARTESIAN_POINT('',(-6.205633151,-3.59978973,1.670586537));
#1482=CARTESIAN_POINT('',(-6.20562016,-3.599791992,1.670564037));
#1483=CARTESIAN_POINT('',(-6.205607168,-3.599794254,1.670541537));
#1484=CARTESIAN_POINT('',(-6.205594175,-3.599796517,1.670519038));
#1485=CARTESIAN_POINT('',(-6.150421591,-3.609403753,1.574984835));
#1486=CARTESIAN_POINT('',(-6.072407865,-3.619349535,1.496981063));
#1487=CARTESIAN_POINT('',(-5.976867316,-3.628956396,1.441820702));
#1488=CARTESIAN_POINT('',(-5.976844816,-3.628958658,1.441807711));
#1489=CARTESIAN_POINT('',(-5.976822315,-3.628960921,1.441794722));
#1490=CARTESIAN_POINT('',(-5.976799813,-3.628963183,1.441781734));
#1491=CARTESIAN_POINT('',(-5.881251851,-3.638570419,1.386632979));
#1492=CARTESIAN_POINT('',(-5.774688096,-3.648516201,1.358086594));
#1493=CARTESIAN_POINT('',(-5.664367374,-3.658123062,1.358086595));
#1494=CARTESIAN_POINT('',(-5.664341393,-3.658125325,1.358086595));
#1495=CARTESIAN_POINT('',(-5.664315412,-3.658127587,1.358086596));
#1496=CARTESIAN_POINT('',(-5.664289431,-3.65812985,1.358086599));
#1497=CARTESIAN_POINT('',(-5.553968092,-3.667737086,1.358100357));
#1498=CARTESIAN_POINT('',(-5.44740798,-3.677682868,1.38666034));
#1499=CARTESIAN_POINT('',(-5.351867432,-3.68728973,1.441820701));
#1500=CARTESIAN_POINT('',(-5.351844931,-3.687291992,1.441833691));
#1501=CARTESIAN_POINT('',(-5.351822432,-3.687294254,1.441846683));
#1502=CARTESIAN_POINT('',(-5.351799933,-3.687296517,1.441859677));
#1503=CARTESIAN_POINT('',(-5.25626573,-3.696903752,1.497032261));
#1504=CARTESIAN_POINT('',(-5.178261958,-3.706849534,1.575045988));
#1505=CARTESIAN_POINT('',(-5.123101597,-3.716456396,1.670586536));
#1506=CARTESIAN_POINT('',(-5.123088606,-3.716458658,1.670609037));
#1507=CARTESIAN_POINT('',(-5.123075617,-3.716460921,1.670631538));
#1508=CARTESIAN_POINT('',(-5.12306263,-3.716463183,1.67065404));
#1509=CARTESIAN_POINT('',(-5.067913874,-3.726070419,1.766202001));
#1510=CARTESIAN_POINT('',(-5.039367489,-3.736016201,1.872765756));
#1511=CARTESIAN_POINT('',(-5.039367489,-3.745623063,1.983086479));
#1512=CARTESIAN_POINT('',(-5.039367489,-3.745625325,1.98311246));
#1513=CARTESIAN_POINT('',(-5.039367491,-3.745627588,1.983138441));
#1514=CARTESIAN_POINT('',(-5.039367494,-3.74562985,1.983164422));
#1515=CARTESIAN_POINT('',(-5.039381252,-3.755237086,2.093485761));
#1516=CARTESIAN_POINT('',(-5.067941235,-3.765182868,2.200045873));
#1517=CARTESIAN_POINT('',(-5.123101597,-3.774789729,2.295586421));
#1518=CARTESIAN_POINT('',(-5.123114587,-3.774791991,2.295608921));
#1519=CARTESIAN_POINT('',(-5.123127579,-3.774794254,2.295631421));
#1520=CARTESIAN_POINT('',(-5.123140573,-3.774796516,2.295653919));
#1521=CARTESIAN_POINT('',(-5.178313157,-3.784403752,2.391188123));
#1522=CARTESIAN_POINT('',(-5.256326883,-3.794349535,2.469191895));
#1523=CARTESIAN_POINT('',(-5.351867432,-3.803956396,2.524352256));
#1524=CARTESIAN_POINT('',(-5.351889932,-3.803958658,2.524365247));
#1525=CARTESIAN_POINT('',(-5.351912433,-3.803960921,2.524378236));
#1526=CARTESIAN_POINT('',(-5.351934935,-3.803963184,2.524391224));
#1527=CARTESIAN_POINT('',(-5.447482896,-3.813570419,2.579539978));
#1528=CARTESIAN_POINT('',(-5.554046652,-3.823516201,2.608086363));
#1529=CARTESIAN_POINT('',(-5.664367374,-3.833123062,2.608086363));
#1530=CARTESIAN_POINT('',(-5.664393355,-3.833125325,2.608086363));
#1531=CARTESIAN_POINT('',(-5.664419336,-3.833127587,2.608086361));
#1532=CARTESIAN_POINT('',(-5.664445317,-3.83312985,2.608086358));
#1533=CARTESIAN_POINT('',(-5.774766656,-3.842737085,2.6080726));
#1534=CARTESIAN_POINT('',(-5.881326768,-3.852682868,2.579512618));
#1535=CARTESIAN_POINT('',(-5.976867316,-3.862289729,2.524352256));
#1536=CARTESIAN_POINT('',(-5.976889816,-3.862291991,2.524339265));
#1537=CARTESIAN_POINT('',(-5.976912316,-3.862294254,2.524326273));
#1538=CARTESIAN_POINT('',(-5.976934814,-3.862296516,2.52431328));
#1539=CARTESIAN_POINT('',(-6.072469018,-3.871903752,2.469140696));
#1540=CARTESIAN_POINT('',(-6.15047279,-3.881849535,2.391126969));
#1541=CARTESIAN_POINT('',(-6.205633151,-3.891456396,2.295586421));
#1542=CARTESIAN_POINT('',(-6.205646141,-3.891458658,2.29556392));
#1543=CARTESIAN_POINT('',(-6.205659131,-3.891460921,2.295541419));
#1544=CARTESIAN_POINT('',(-6.205672118,-3.891463184,2.295518917));
#1545=CARTESIAN_POINT('',(-6.260820873,-3.901070419,2.199970956));
#1546=CARTESIAN_POINT('',(-6.289367258,-3.911016201,2.093407202));
#1547=CARTESIAN_POINT('',(-6.289367258,-3.920623063,1.983086479));
#1548=CARTESIAN_POINT('',(-6.289367258,-3.920625325,1.983060498));
#1549=CARTESIAN_POINT('',(-6.289367257,-3.920627588,1.983034517));
#1550=CARTESIAN_POINT('',(-6.289367254,-3.92062985,1.983008536));
#1551=CARTESIAN_POINT('',(-6.289353496,-3.930237086,1.872687196));
#1552=CARTESIAN_POINT('',(-6.260793512,-3.940182868,1.766127085));
#1553=CARTESIAN_POINT('',(-6.205633151,-3.94978973,1.670586537));
#1554=CARTESIAN_POINT('',(-6.20562016,-3.949791992,1.670564037));
#1555=CARTESIAN_POINT('',(-6.205607168,-3.949794255,1.670541537));
#1556=CARTESIAN_POINT('',(-6.205594175,-3.949796517,1.670519039));
#1557=CARTESIAN_POINT('',(-6.150421591,-3.959403753,1.574984835));
#1558=CARTESIAN_POINT('',(-6.072407865,-3.969349535,1.496981063));
#1559=CARTESIAN_POINT('',(-5.976867316,-3.978956396,1.441820702));
#1560=CARTESIAN_POINT('',(-5.976844816,-3.978958658,1.441807711));
#1561=CARTESIAN_POINT('',(-5.976822315,-3.978960921,1.441794722));
#1562=CARTESIAN_POINT('',(-5.976799813,-3.978963183,1.441781734));
#1563=CARTESIAN_POINT('',(-5.881251851,-3.988570419,1.386632979));
#1564=CARTESIAN_POINT('',(-5.774688096,-3.998516201,1.358086594));
#1565=CARTESIAN_POINT('',(-5.664367374,-4.008123062,1.358086594));
#1566=CARTESIAN_POINT('',(-5.664341393,-4.008125325,1.358086594));
#1567=CARTESIAN_POINT('',(-5.664315412,-4.008127587,1.358086595));
#1568=CARTESIAN_POINT('',(-5.664289431,-4.00812985,1.358086599));
#1569=CARTESIAN_POINT('',(-5.553968092,-4.017737086,1.358100357));
#1570=CARTESIAN_POINT('',(-5.44740798,-4.027682868,1.38666034));
#1571=CARTESIAN_POINT('',(-5.351867432,-4.03728973,1.441820701));
#1572=CARTESIAN_POINT('',(-5.351844931,-4.037291992,1.441833692));
#1573=CARTESIAN_POINT('',(-5.351822432,-4.037294255,1.441846684));
#1574=CARTESIAN_POINT('',(-5.351799933,-4.037296517,1.441859677));
#1575=CARTESIAN_POINT('',(-5.275241764,-4.04499546,1.486073288));
#1576=CARTESIAN_POINT('',(-5.209475795,-4.052969702,1.545397667));
#1577=CARTESIAN_POINT('',(-5.157552847,-4.060866424,1.617349017));
#1578=CARTESIAN_POINT('',(-5.238475701,-2.999862693,1.525657486));
#1579=CARTESIAN_POINT('',(-5.192819106,-3.005483048,1.568166299));
#1580=CARTESIAN_POINT('',(-5.154116384,-3.011054836,1.616867117));
#1581=CARTESIAN_POINT('',(-5.123101497,-3.016456462,1.670586478));
#1582=CARTESIAN_POINT('',(-5.123088506,-3.016458725,1.670608978));
#1583=CARTESIAN_POINT('',(-5.123075517,-3.016460987,1.67063148));
#1584=CARTESIAN_POINT('',(-5.12306253,-3.01646325,1.670653981));
#1585=CARTESIAN_POINT('',(-5.067913764,-3.026070485,1.766201961));
#1586=CARTESIAN_POINT('',(-5.039367374,-3.036016268,1.872765735));
#1587=CARTESIAN_POINT('',(-5.039367374,-3.045623129,1.983086478));
#1588=CARTESIAN_POINT('',(-5.039367374,-3.045625392,1.983112459));
#1589=CARTESIAN_POINT('',(-5.039367376,-3.045627654,1.98313844));
#1590=CARTESIAN_POINT('',(-5.039367379,-3.045629917,1.983164421));
#1591=CARTESIAN_POINT('',(-5.039381137,-3.055237152,2.093485782));
#1592=CARTESIAN_POINT('',(-5.067941125,-3.065182934,2.200045913));
#1593=CARTESIAN_POINT('',(-5.123101497,-3.074789795,2.295586479));
#1594=CARTESIAN_POINT('',(-5.123114487,-3.074792058,2.295608979));
#1595=CARTESIAN_POINT('',(-5.123127479,-3.07479432,2.295631479));
#1596=CARTESIAN_POINT('',(-5.123140473,-3.074796583,2.295653977));
#1597=CARTESIAN_POINT('',(-5.178313067,-3.084403819,2.391188198));
#1598=CARTESIAN_POINT('',(-5.256326808,-3.094349601,2.469191984));
#1599=CARTESIAN_POINT('',(-5.351867374,-3.103956463,2.524352356));
#1600=CARTESIAN_POINT('',(-5.351889874,-3.103958725,2.524365346));
#1601=CARTESIAN_POINT('',(-5.351912375,-3.103960988,2.524378336));
#1602=CARTESIAN_POINT('',(-5.351934877,-3.10396325,2.524391323));
#1603=CARTESIAN_POINT('',(-5.447482856,-3.113570486,2.579540089));
#1604=CARTESIAN_POINT('',(-5.554046631,-3.123516268,2.608086479));
#1605=CARTESIAN_POINT('',(-5.664367374,-3.133123129,2.608086479));
#1606=CARTESIAN_POINT('',(-5.664393355,-3.133125391,2.608086479));
#1607=CARTESIAN_POINT('',(-5.664419336,-3.133127654,2.608086477));
#1608=CARTESIAN_POINT('',(-5.664445317,-3.133129916,2.608086474));
#1609=CARTESIAN_POINT('',(-5.774766677,-3.142737152,2.608072716));
#1610=CARTESIAN_POINT('',(-5.881326808,-3.152682934,2.579512728));
#1611=CARTESIAN_POINT('',(-5.976867374,-3.162289795,2.524352356));
#1612=CARTESIAN_POINT('',(-5.976889874,-3.162292058,2.524339366));
#1613=CARTESIAN_POINT('',(-5.976912374,-3.16229432,2.524326374));
#1614=CARTESIAN_POINT('',(-5.976934872,-3.162296583,2.524313381));
#1615=CARTESIAN_POINT('',(-6.072469093,-3.171903819,2.469140785));
#1616=CARTESIAN_POINT('',(-6.15047288,-3.181849601,2.391127044));
#1617=CARTESIAN_POINT('',(-6.205633251,-3.191456463,2.295586479));
#1618=CARTESIAN_POINT('',(-6.205646241,-3.191458725,2.295563979));
#1619=CARTESIAN_POINT('',(-6.205659231,-3.191460988,2.295541478));
#1620=CARTESIAN_POINT('',(-6.205672218,-3.19146325,2.295518976));
#1621=CARTESIAN_POINT('',(-6.260820984,-3.201070486,2.199970996));
#1622=CARTESIAN_POINT('',(-6.289367374,-3.211016268,2.093407221));
#1623=CARTESIAN_POINT('',(-6.289367374,-3.220623129,1.983086478));
#1624=CARTESIAN_POINT('',(-6.289367374,-3.220625392,1.983060497));
#1625=CARTESIAN_POINT('',(-6.289367372,-3.220627654,1.983034516));
#1626=CARTESIAN_POINT('',(-6.289367369,-3.220629917,1.983008535));
#1627=CARTESIAN_POINT('',(-6.289353611,-3.230237152,1.872687176));
#1628=CARTESIAN_POINT('',(-6.260793623,-3.240182935,1.766127045));
#1629=CARTESIAN_POINT('',(-6.205633251,-3.249789796,1.670586479));
#1630=CARTESIAN_POINT('',(-6.20562026,-3.249792059,1.670563979));
#1631=CARTESIAN_POINT('',(-6.205607268,-3.249794321,1.670541479));
#1632=CARTESIAN_POINT('',(-6.205594275,-3.249796584,1.67051898));
#1633=CARTESIAN_POINT('',(-6.150421681,-3.259403819,1.574984759));
#1634=CARTESIAN_POINT('',(-6.07240794,-3.269349601,1.496980973));
#1635=CARTESIAN_POINT('',(-5.976867374,-3.278956462,1.441820601));
#1636=CARTESIAN_POINT('',(-5.976844874,-3.278958725,1.441807611));
#1637=CARTESIAN_POINT('',(-5.976822373,-3.278960987,1.441794622));
#1638=CARTESIAN_POINT('',(-5.976799871,-3.27896325,1.441781634));
#1639=CARTESIAN_POINT('',(-5.881251891,-3.288570486,1.386632869));
#1640=CARTESIAN_POINT('',(-5.774688117,-3.298516268,1.358086479));
#1641=CARTESIAN_POINT('',(-5.664367374,-3.308123129,1.358086479));
#1642=CARTESIAN_POINT('',(-5.664341393,-3.308125391,1.358086479));
#1643=CARTESIAN_POINT('',(-5.664315412,-3.308127654,1.35808648));
#1644=CARTESIAN_POINT('',(-5.664289431,-3.308129916,1.358086484));
#1645=CARTESIAN_POINT('',(-5.553968071,-3.317737152,1.358100242));
#1646=CARTESIAN_POINT('',(-5.44740794,-3.327682935,1.38666023));
#1647=CARTESIAN_POINT('',(-5.351867374,-3.337289796,1.441820602));
#1648=CARTESIAN_POINT('',(-5.351844874,-3.337292059,1.441833592));
#1649=CARTESIAN_POINT('',(-5.351822374,-3.337294321,1.441846584));
#1650=CARTESIAN_POINT('',(-5.351799876,-3.337296584,1.441859577));
#1651=CARTESIAN_POINT('',(-5.256265654,-3.346903819,1.497032172));
#1652=CARTESIAN_POINT('',(-5.178261868,-3.356849601,1.575045912));
#1653=CARTESIAN_POINT('',(-5.123101497,-3.366456462,1.670586479));
#1654=CARTESIAN_POINT('',(-5.123088506,-3.366458725,1.670608979));
#1655=CARTESIAN_POINT('',(-5.123075517,-3.366460987,1.67063148));
#1656=CARTESIAN_POINT('',(-5.12306253,-3.36646325,1.670653982));
#1657=CARTESIAN_POINT('',(-5.067913764,-3.376070485,1.766201961));
#1658=CARTESIAN_POINT('',(-5.039367374,-3.386016268,1.872765736));
#1659=CARTESIAN_POINT('',(-5.039367374,-3.395623129,1.983086478));
#1660=CARTESIAN_POINT('',(-5.039367374,-3.395625392,1.983112459));
#1661=CARTESIAN_POINT('',(-5.039367376,-3.395627654,1.983138441));
#1662=CARTESIAN_POINT('',(-5.039367379,-3.395629917,1.983164422));
#1663=CARTESIAN_POINT('',(-5.039381137,-3.405237153,2.093485781));
#1664=CARTESIAN_POINT('',(-5.067941125,-3.415182935,2.200045912));
#1665=CARTESIAN_POINT('',(-5.123101497,-3.424789795,2.295586478));
#1666=CARTESIAN_POINT('',(-5.123114487,-3.424792058,2.295608979));
#1667=CARTESIAN_POINT('',(-5.123127479,-3.42479432,2.295631478));
#1668=CARTESIAN_POINT('',(-5.123140473,-3.424796583,2.295653977));
#1669=CARTESIAN_POINT('',(-5.178313067,-3.434403819,2.391188198));
#1670=CARTESIAN_POINT('',(-5.256326808,-3.444349601,2.469191985));
#1671=CARTESIAN_POINT('',(-5.351867374,-3.453956463,2.524352356));
#1672=CARTESIAN_POINT('',(-5.351889874,-3.453958725,2.524365347));
#1673=CARTESIAN_POINT('',(-5.351912375,-3.453960988,2.524378336));
#1674=CARTESIAN_POINT('',(-5.351934877,-3.45396325,2.524391324));
#1675=CARTESIAN_POINT('',(-5.447482856,-3.463570486,2.579540089));
#1676=CARTESIAN_POINT('',(-5.554046631,-3.473516268,2.608086479));
#1677=CARTESIAN_POINT('',(-5.664367374,-3.483123129,2.608086479));
#1678=CARTESIAN_POINT('',(-5.664393355,-3.483125391,2.608086479));
#1679=CARTESIAN_POINT('',(-5.664419336,-3.483127654,2.608086477));
#1680=CARTESIAN_POINT('',(-5.664445317,-3.483129917,2.608086474));
#1681=CARTESIAN_POINT('',(-5.774766677,-3.492737152,2.608072716));
#1682=CARTESIAN_POINT('',(-5.881326808,-3.502682934,2.579512727));
#1683=CARTESIAN_POINT('',(-5.976867374,-3.512289795,2.524352356));
#1684=CARTESIAN_POINT('',(-5.976889874,-3.512292058,2.524339365));
#1685=CARTESIAN_POINT('',(-5.976912374,-3.51229432,2.524326373));
#1686=CARTESIAN_POINT('',(-5.976934872,-3.512296583,2.52431338));
#1687=CARTESIAN_POINT('',(-6.072469093,-3.521903819,2.469140785));
#1688=CARTESIAN_POINT('',(-6.15047288,-3.531849601,2.391127045));
#1689=CARTESIAN_POINT('',(-6.205633251,-3.541456463,2.295586479));
#1690=CARTESIAN_POINT('',(-6.205646241,-3.541458725,2.295563979));
#1691=CARTESIAN_POINT('',(-6.205659231,-3.541460988,2.295541478));
#1692=CARTESIAN_POINT('',(-6.205672218,-3.54146325,2.295518976));
#1693=CARTESIAN_POINT('',(-6.260820984,-3.551070486,2.199970997));
#1694=CARTESIAN_POINT('',(-6.289367374,-3.561016268,2.093407222));
#1695=CARTESIAN_POINT('',(-6.289367374,-3.570623129,1.983086479));
#1696=CARTESIAN_POINT('',(-6.289367374,-3.570625392,1.983060498));
#1697=CARTESIAN_POINT('',(-6.289367372,-3.570627654,1.983034517));
#1698=CARTESIAN_POINT('',(-6.289367369,-3.570629917,1.983008535));
#1699=CARTESIAN_POINT('',(-6.289353611,-3.580237152,1.872687176));
#1700=CARTESIAN_POINT('',(-6.260793623,-3.590182935,1.766127045));
#1701=CARTESIAN_POINT('',(-6.205633251,-3.599789796,1.670586479));
#1702=CARTESIAN_POINT('',(-6.20562026,-3.599792059,1.670563979));
#1703=CARTESIAN_POINT('',(-6.205607268,-3.599794321,1.670541479));
#1704=CARTESIAN_POINT('',(-6.205594275,-3.599796584,1.670518981));
#1705=CARTESIAN_POINT('',(-6.150421681,-3.609403819,1.574984759));
#1706=CARTESIAN_POINT('',(-6.07240794,-3.619349601,1.496980973));
#1707=CARTESIAN_POINT('',(-5.976867374,-3.628956463,1.441820602));
#1708=CARTESIAN_POINT('',(-5.976844874,-3.628958725,1.441807611));
#1709=CARTESIAN_POINT('',(-5.976822373,-3.628960987,1.441794622));
#1710=CARTESIAN_POINT('',(-5.976799871,-3.62896325,1.441781634));
#1711=CARTESIAN_POINT('',(-5.881251891,-3.638570486,1.386632869));
#1712=CARTESIAN_POINT('',(-5.774688117,-3.648516268,1.358086479));
#1713=CARTESIAN_POINT('',(-5.664367374,-3.658123129,1.358086479));
#1714=CARTESIAN_POINT('',(-5.664341393,-3.658125391,1.358086479));
#1715=CARTESIAN_POINT('',(-5.664315412,-3.658127654,1.358086481));
#1716=CARTESIAN_POINT('',(-5.664289431,-3.658129916,1.358086484));
#1717=CARTESIAN_POINT('',(-5.553968071,-3.667737152,1.358100242));
#1718=CARTESIAN_POINT('',(-5.44740794,-3.677682935,1.38666023));
#1719=CARTESIAN_POINT('',(-5.351867374,-3.687289796,1.441820601));
#1720=CARTESIAN_POINT('',(-5.351844874,-3.687292059,1.441833591));
#1721=CARTESIAN_POINT('',(-5.351822374,-3.687294321,1.441846583));
#1722=CARTESIAN_POINT('',(-5.351799876,-3.687296584,1.441859577));
#1723=CARTESIAN_POINT('',(-5.256265654,-3.696903819,1.497032172));
#1724=CARTESIAN_POINT('',(-5.178261868,-3.706849601,1.575045913));
#1725=CARTESIAN_POINT('',(-5.123101497,-3.716456463,1.670586479));
#1726=CARTESIAN_POINT('',(-5.123088506,-3.716458725,1.670608979));
#1727=CARTESIAN_POINT('',(-5.123075517,-3.716460987,1.67063148));
#1728=CARTESIAN_POINT('',(-5.12306253,-3.71646325,1.670653982));
#1729=CARTESIAN_POINT('',(-5.067913764,-3.726070486,1.766201961));
#1730=CARTESIAN_POINT('',(-5.039367374,-3.736016268,1.872765736));
#1731=CARTESIAN_POINT('',(-5.039367374,-3.745623129,1.983086479));
#1732=CARTESIAN_POINT('',(-5.039367374,-3.745625392,1.98311246));
#1733=CARTESIAN_POINT('',(-5.039367376,-3.745627654,1.983138441));
#1734=CARTESIAN_POINT('',(-5.039367379,-3.745629917,1.983164422));
#1735=CARTESIAN_POINT('',(-5.039381137,-3.755237153,2.093485782));
#1736=CARTESIAN_POINT('',(-5.067941125,-3.765182935,2.200045913));
#1737=CARTESIAN_POINT('',(-5.123101497,-3.774789795,2.295586479));
#1738=CARTESIAN_POINT('',(-5.123114487,-3.774792058,2.295608979));
#1739=CARTESIAN_POINT('',(-5.123127479,-3.77479432,2.295631478));
#1740=CARTESIAN_POINT('',(-5.123140473,-3.774796583,2.295653977));
#1741=CARTESIAN_POINT('',(-5.178313067,-3.784403819,2.391188198));
#1742=CARTESIAN_POINT('',(-5.256326808,-3.794349602,2.469191985));
#1743=CARTESIAN_POINT('',(-5.351867374,-3.803956463,2.524352356));
#1744=CARTESIAN_POINT('',(-5.351889874,-3.803958725,2.524365347));
#1745=CARTESIAN_POINT('',(-5.351912375,-3.803960988,2.524378336));
#1746=CARTESIAN_POINT('',(-5.351934877,-3.80396325,2.524391324));
#1747=CARTESIAN_POINT('',(-5.447482856,-3.813570485,2.579540088));
#1748=CARTESIAN_POINT('',(-5.554046631,-3.823516268,2.608086478));
#1749=CARTESIAN_POINT('',(-5.664367374,-3.833123129,2.608086478));
#1750=CARTESIAN_POINT('',(-5.664393355,-3.833125392,2.608086478));
#1751=CARTESIAN_POINT('',(-5.664419336,-3.833127654,2.608086477));
#1752=CARTESIAN_POINT('',(-5.664445317,-3.833129917,2.608086473));
#1753=CARTESIAN_POINT('',(-5.774766677,-3.842737152,2.608072716));
#1754=CARTESIAN_POINT('',(-5.881326808,-3.852682934,2.579512728));
#1755=CARTESIAN_POINT('',(-5.976867374,-3.862289795,2.524352356));
#1756=CARTESIAN_POINT('',(-5.976889874,-3.862292058,2.524339365));
#1757=CARTESIAN_POINT('',(-5.976912374,-3.86229432,2.524326373));
#1758=CARTESIAN_POINT('',(-5.976934872,-3.862296583,2.52431338));
#1759=CARTESIAN_POINT('',(-6.072469093,-3.871903819,2.469140786));
#1760=CARTESIAN_POINT('',(-6.15047288,-3.881849601,2.391127045));
#1761=CARTESIAN_POINT('',(-6.205633251,-3.891456463,2.295586478));
#1762=CARTESIAN_POINT('',(-6.205646241,-3.891458725,2.295563978));
#1763=CARTESIAN_POINT('',(-6.205659231,-3.891460988,2.295541477));
#1764=CARTESIAN_POINT('',(-6.205672218,-3.89146325,2.295518975));
#1765=CARTESIAN_POINT('',(-6.260820984,-3.901070486,2.199970996));
#1766=CARTESIAN_POINT('',(-6.289367374,-3.911016268,2.093407222));
#1767=CARTESIAN_POINT('',(-6.289367374,-3.920623129,1.983086479));
#1768=CARTESIAN_POINT('',(-6.289367374,-3.920625392,1.983060498));
#1769=CARTESIAN_POINT('',(-6.289367372,-3.920627654,1.983034517));
#1770=CARTESIAN_POINT('',(-6.289367369,-3.920629917,1.983008536));
#1771=CARTESIAN_POINT('',(-6.289353611,-3.930237152,1.872687176));
#1772=CARTESIAN_POINT('',(-6.260793623,-3.940182935,1.766127045));
#1773=CARTESIAN_POINT('',(-6.205633251,-3.949789796,1.670586479));
#1774=CARTESIAN_POINT('',(-6.20562026,-3.949792059,1.670563979));
#1775=CARTESIAN_POINT('',(-6.205607268,-3.949794321,1.67054148));
#1776=CARTESIAN_POINT('',(-6.205594275,-3.949796584,1.670518981));
#1777=CARTESIAN_POINT('',(-6.150421681,-3.959403819,1.57498476));
#1778=CARTESIAN_POINT('',(-6.07240794,-3.969349601,1.496980973));
#1779=CARTESIAN_POINT('',(-5.976867374,-3.978956463,1.441820602));
#1780=CARTESIAN_POINT('',(-5.976844874,-3.978958725,1.441807611));
#1781=CARTESIAN_POINT('',(-5.976822373,-3.978960988,1.441794622));
#1782=CARTESIAN_POINT('',(-5.976799871,-3.97896325,1.441781634));
#1783=CARTESIAN_POINT('',(-5.881251891,-3.988570486,1.386632869));
#1784=CARTESIAN_POINT('',(-5.774688117,-3.998516268,1.358086478));
#1785=CARTESIAN_POINT('',(-5.664367374,-4.008123129,1.358086478));
#1786=CARTESIAN_POINT('',(-5.664341393,-4.008125391,1.358086478));
#1787=CARTESIAN_POINT('',(-5.664315412,-4.008127654,1.35808648));
#1788=CARTESIAN_POINT('',(-5.664289431,-4.008129916,1.358086483));
#1789=CARTESIAN_POINT('',(-5.553968071,-4.017737153,1.358100242));
#1790=CARTESIAN_POINT('',(-5.44740794,-4.027682935,1.38666023));
#1791=CARTESIAN_POINT('',(-5.351867374,-4.037289796,1.441820601));
#1792=CARTESIAN_POINT('',(-5.351844874,-4.037292059,1.441833592));
#1793=CARTESIAN_POINT('',(-5.351822374,-4.037294321,1.441846584));
#1794=CARTESIAN_POINT('',(-5.351799876,-4.037296584,1.441859577));
#1795=CARTESIAN_POINT('',(-5.275241692,-4.044995526,1.486073196));
#1796=CARTESIAN_POINT('',(-5.209475711,-4.052969769,1.545397586));
#1797=CARTESIAN_POINT('',(-5.157552754,-4.060866491,1.617348949));
#1798=CARTESIAN_POINT('',(-5.11920986,-3.100912693,1.397559998));
#1799=CARTESIAN_POINT('',(-5.060767685,-3.106533048,1.451972893));
#1800=CARTESIAN_POINT('',(-5.011226731,-3.112104836,1.51431179));
#1801=CARTESIAN_POINT('',(-4.971526497,-3.117506462,1.583074612));
#1802=CARTESIAN_POINT('',(-4.971509869,-3.117508725,1.583103413));
#1803=CARTESIAN_POINT('',(-4.971493242,-3.117510987,1.583132215));
#1804=CARTESIAN_POINT('',(-4.971476617,-3.11751325,1.583161018));
#1805=CARTESIAN_POINT('',(-4.900884104,-3.127120485,1.70546606));
#1806=CARTESIAN_POINT('',(-4.86434364,-3.137066268,1.841871738));
#1807=CARTESIAN_POINT('',(-4.86434364,-3.14667313,1.983086479));
#1808=CARTESIAN_POINT('',(-4.86434364,-3.146675392,1.983119735));
#1809=CARTESIAN_POINT('',(-4.864343642,-3.146677654,1.983152992));
#1810=CARTESIAN_POINT('',(-4.864343646,-3.146679917,1.983186249));
#1811=CARTESIAN_POINT('',(-4.864361257,-3.156287153,2.124401779));
#1812=CARTESIAN_POINT('',(-4.900919127,-3.166232935,2.260802794));
#1813=CARTESIAN_POINT('',(-4.971526497,-3.175839796,2.383098346));
#1814=CARTESIAN_POINT('',(-4.971543125,-3.175842058,2.383127147));
#1815=CARTESIAN_POINT('',(-4.971559755,-3.175844321,2.383155947));
#1816=CARTESIAN_POINT('',(-4.971576387,-3.175846584,2.383184747));
#1817=CARTESIAN_POINT('',(-5.042199403,-3.185453819,2.505472177));
#1818=CARTESIAN_POINT('',(-5.142059954,-3.195399601,2.605319986));
#1819=CARTESIAN_POINT('',(-5.264355507,-3.205006462,2.675927356));
#1820=CARTESIAN_POINT('',(-5.264384308,-3.205008725,2.675943984));
#1821=CARTESIAN_POINT('',(-5.26441311,-3.205010987,2.675960611));
#1822=CARTESIAN_POINT('',(-5.264441914,-3.20501325,2.675977236));
#1823=CARTESIAN_POINT('',(-5.386746956,-3.214620486,2.746569749));
#1824=CARTESIAN_POINT('',(-5.523152634,-3.224566268,2.783110213));
#1825=CARTESIAN_POINT('',(-5.664367374,-3.234173129,2.783110213));
#1826=CARTESIAN_POINT('',(-5.664400631,-3.234175392,2.783110213));
#1827=CARTESIAN_POINT('',(-5.664433887,-3.234177654,2.783110211));
#1828=CARTESIAN_POINT('',(-5.664467144,-3.234179917,2.783110207));
#1829=CARTESIAN_POINT('',(-5.805682674,-3.243787152,2.783092596));
#1830=CARTESIAN_POINT('',(-5.942083688,-3.253732935,2.746534726));
#1831=CARTESIAN_POINT('',(-6.064379241,-3.263339796,2.675927356));
#1832=CARTESIAN_POINT('',(-6.064408042,-3.263342058,2.675910728));
#1833=CARTESIAN_POINT('',(-6.064436842,-3.263344321,2.675894098));
#1834=CARTESIAN_POINT('',(-6.064465641,-3.263346584,2.675877466));
#1835=CARTESIAN_POINT('',(-6.186753072,-3.272953819,2.605254449));
#1836=CARTESIAN_POINT('',(-6.286600881,-3.282899601,2.505393899));
#1837=CARTESIAN_POINT('',(-6.357208251,-3.292506462,2.383098346));
#1838=CARTESIAN_POINT('',(-6.357224879,-3.292508725,2.383069545));
#1839=CARTESIAN_POINT('',(-6.357241506,-3.292510987,2.383040743));
#1840=CARTESIAN_POINT('',(-6.357258131,-3.29251325,2.383011939));
#1841=CARTESIAN_POINT('',(-6.427850644,-3.302120486,2.260706897));
#1842=CARTESIAN_POINT('',(-6.464391108,-3.312066268,2.124301219));
#1843=CARTESIAN_POINT('',(-6.464391108,-3.321673129,1.983086479));
#1844=CARTESIAN_POINT('',(-6.464391108,-3.321675391,1.983053222));
#1845=CARTESIAN_POINT('',(-6.464391106,-3.321677654,1.983019966));
#1846=CARTESIAN_POINT('',(-6.464391102,-3.321679916,1.982986709));
#1847=CARTESIAN_POINT('',(-6.464373491,-3.331287152,1.841771178));
#1848=CARTESIAN_POINT('',(-6.427815621,-3.341232935,1.705370164));
#1849=CARTESIAN_POINT('',(-6.357208251,-3.350839796,1.583074612));
#1850=CARTESIAN_POINT('',(-6.357191623,-3.350842058,1.583045811));
#1851=CARTESIAN_POINT('',(-6.357174992,-3.350844321,1.583017011));
#1852=CARTESIAN_POINT('',(-6.35715836,-3.350846583,1.582988212));
#1853=CARTESIAN_POINT('',(-6.286535345,-3.360453819,1.460700781));
#1854=CARTESIAN_POINT('',(-6.186674794,-3.370399601,1.360852972));
#1855=CARTESIAN_POINT('',(-6.064379241,-3.380006462,1.290245602));
#1856=CARTESIAN_POINT('',(-6.06435044,-3.380008725,1.290228973));
#1857=CARTESIAN_POINT('',(-6.064321638,-3.380010987,1.290212347));
#1858=CARTESIAN_POINT('',(-6.064292834,-3.38001325,1.290195722));
#1859=CARTESIAN_POINT('',(-5.941987792,-3.389620486,1.219603209));
#1860=CARTESIAN_POINT('',(-5.805582114,-3.399566268,1.183062745));
#1861=CARTESIAN_POINT('',(-5.664367374,-3.409173129,1.183062745));
#1862=CARTESIAN_POINT('',(-5.664334117,-3.409175391,1.183062745));
#1863=CARTESIAN_POINT('',(-5.664300861,-3.409177654,1.183062747));
#1864=CARTESIAN_POINT('',(-5.664267604,-3.409179916,1.183062751));
#1865=CARTESIAN_POINT('',(-5.523052074,-3.418787152,1.183080362));
#1866=CARTESIAN_POINT('',(-5.38665106,-3.428732935,1.219638231));
#1867=CARTESIAN_POINT('',(-5.264355507,-3.438339796,1.290245601));
#1868=CARTESIAN_POINT('',(-5.264326706,-3.438342058,1.290262229));
#1869=CARTESIAN_POINT('',(-5.264297906,-3.438344321,1.290278859));
#1870=CARTESIAN_POINT('',(-5.264269106,-3.438346583,1.290295491));
#1871=CARTESIAN_POINT('',(-5.141981675,-3.447953819,1.360918508));
#1872=CARTESIAN_POINT('',(-5.042133867,-3.457899601,1.460779059));
#1873=CARTESIAN_POINT('',(-4.971526497,-3.467506462,1.583074612));
#1874=CARTESIAN_POINT('',(-4.971509869,-3.467508725,1.583103413));
#1875=CARTESIAN_POINT('',(-4.971493242,-3.467510987,1.583132215));
#1876=CARTESIAN_POINT('',(-4.971476617,-3.46751325,1.583161018));
#1877=CARTESIAN_POINT('',(-4.900884104,-3.477120485,1.70546606));
#1878=CARTESIAN_POINT('',(-4.86434364,-3.487066268,1.841871739));
#1879=CARTESIAN_POINT('',(-4.86434364,-3.496673129,1.983086479));
#1880=CARTESIAN_POINT('',(-4.86434364,-3.496675391,1.983119736));
#1881=CARTESIAN_POINT('',(-4.864343642,-3.496677654,1.983152992));
#1882=CARTESIAN_POINT('',(-4.864343646,-3.496679916,1.983186249));
#1883=CARTESIAN_POINT('',(-4.864361257,-3.506287152,2.124401779));
#1884=CARTESIAN_POINT('',(-4.900919127,-3.516232935,2.260802793));
#1885=CARTESIAN_POINT('',(-4.971526497,-3.525839796,2.383098345));
#1886=CARTESIAN_POINT('',(-4.971543125,-3.525842059,2.383127146));
#1887=CARTESIAN_POINT('',(-4.971559755,-3.525844321,2.383155947));
#1888=CARTESIAN_POINT('',(-4.971576387,-3.525846584,2.383184746));
#1889=CARTESIAN_POINT('',(-5.042199403,-3.535453819,2.505472177));
#1890=CARTESIAN_POINT('',(-5.142059954,-3.545399602,2.605319986));
#1891=CARTESIAN_POINT('',(-5.264355507,-3.555006462,2.675927356));
#1892=CARTESIAN_POINT('',(-5.264384308,-3.555008725,2.675943984));
#1893=CARTESIAN_POINT('',(-5.26441311,-3.555010987,2.675960611));
#1894=CARTESIAN_POINT('',(-5.264441914,-3.55501325,2.675977236));
#1895=CARTESIAN_POINT('',(-5.386746956,-3.564620486,2.746569749));
#1896=CARTESIAN_POINT('',(-5.523152634,-3.574566268,2.783110213));
#1897=CARTESIAN_POINT('',(-5.664367374,-3.584173129,2.783110213));
#1898=CARTESIAN_POINT('',(-5.664400631,-3.584175392,2.783110213));
#1899=CARTESIAN_POINT('',(-5.664433887,-3.584177654,2.783110211));
#1900=CARTESIAN_POINT('',(-5.664467144,-3.584179917,2.783110207));
#1901=CARTESIAN_POINT('',(-5.805682674,-3.593787152,2.783092596));
#1902=CARTESIAN_POINT('',(-5.942083688,-3.603732935,2.746534727));
#1903=CARTESIAN_POINT('',(-6.064379241,-3.613339796,2.675927357));
#1904=CARTESIAN_POINT('',(-6.064408042,-3.613342059,2.675910728));
#1905=CARTESIAN_POINT('',(-6.064436842,-3.613344321,2.675894098));
#1906=CARTESIAN_POINT('',(-6.064465641,-3.613346584,2.675877466));
#1907=CARTESIAN_POINT('',(-6.186753072,-3.622953819,2.605254449));
#1908=CARTESIAN_POINT('',(-6.286600881,-3.632899601,2.505393898));
#1909=CARTESIAN_POINT('',(-6.357208251,-3.642506462,2.383098346));
#1910=CARTESIAN_POINT('',(-6.357224879,-3.642508725,2.383069545));
#1911=CARTESIAN_POINT('',(-6.357241506,-3.642510987,2.383040743));
#1912=CARTESIAN_POINT('',(-6.357258131,-3.64251325,2.383011939));
#1913=CARTESIAN_POINT('',(-6.427850644,-3.652120486,2.260706898));
#1914=CARTESIAN_POINT('',(-6.464391108,-3.662066268,2.124301219));
#1915=CARTESIAN_POINT('',(-6.464391108,-3.671673129,1.983086479));
#1916=CARTESIAN_POINT('',(-6.464391108,-3.671675391,1.983053223));
#1917=CARTESIAN_POINT('',(-6.464391106,-3.671677654,1.983019966));
#1918=CARTESIAN_POINT('',(-6.464391102,-3.671679916,1.982986709));
#1919=CARTESIAN_POINT('',(-6.464373491,-3.681287152,1.841771179));
#1920=CARTESIAN_POINT('',(-6.427815621,-3.691232935,1.705370164));
#1921=CARTESIAN_POINT('',(-6.357208251,-3.700839796,1.583074611));
#1922=CARTESIAN_POINT('',(-6.357191623,-3.700842058,1.58304581));
#1923=CARTESIAN_POINT('',(-6.357174992,-3.700844321,1.58301701));
#1924=CARTESIAN_POINT('',(-6.35715836,-3.700846583,1.582988211));
#1925=CARTESIAN_POINT('',(-6.286535345,-3.710453819,1.460700781));
#1926=CARTESIAN_POINT('',(-6.186674794,-3.720399601,1.360852972));
#1927=CARTESIAN_POINT('',(-6.064379241,-3.730006462,1.290245602));
#1928=CARTESIAN_POINT('',(-6.06435044,-3.730008725,1.290228974));
#1929=CARTESIAN_POINT('',(-6.064321638,-3.730010987,1.290212347));
#1930=CARTESIAN_POINT('',(-6.064292834,-3.73001325,1.290195722));
#1931=CARTESIAN_POINT('',(-5.941987792,-3.739620486,1.219603208));
#1932=CARTESIAN_POINT('',(-5.805582114,-3.749566268,1.183062745));
#1933=CARTESIAN_POINT('',(-5.664367374,-3.759173129,1.183062745));
#1934=CARTESIAN_POINT('',(-5.664334117,-3.759175391,1.183062745));
#1935=CARTESIAN_POINT('',(-5.664300861,-3.759177654,1.183062747));
#1936=CARTESIAN_POINT('',(-5.664267604,-3.759179916,1.183062751));
#1937=CARTESIAN_POINT('',(-5.523052074,-3.768787153,1.183080362));
#1938=CARTESIAN_POINT('',(-5.38665106,-3.778732935,1.219638231));
#1939=CARTESIAN_POINT('',(-5.264355507,-3.788339796,1.290245601));
#1940=CARTESIAN_POINT('',(-5.264326706,-3.788342058,1.29026223));
#1941=CARTESIAN_POINT('',(-5.264297906,-3.788344321,1.29027886));
#1942=CARTESIAN_POINT('',(-5.264269106,-3.788346583,1.290295492));
#1943=CARTESIAN_POINT('',(-5.141981675,-3.797953819,1.360918508));
#1944=CARTESIAN_POINT('',(-5.042133867,-3.807899601,1.46077906));
#1945=CARTESIAN_POINT('',(-4.971526497,-3.817506462,1.583074612));
#1946=CARTESIAN_POINT('',(-4.971509869,-3.817508725,1.583103413));
#1947=CARTESIAN_POINT('',(-4.971493242,-3.817510987,1.583132215));
#1948=CARTESIAN_POINT('',(-4.971476617,-3.81751325,1.583161019));
#1949=CARTESIAN_POINT('',(-4.900884104,-3.827120485,1.70546606));
#1950=CARTESIAN_POINT('',(-4.86434364,-3.837066268,1.841871738));
#1951=CARTESIAN_POINT('',(-4.86434364,-3.846673129,1.983086478));
#1952=CARTESIAN_POINT('',(-4.86434364,-3.846675391,1.983119735));
#1953=CARTESIAN_POINT('',(-4.864343642,-3.846677654,1.983152992));
#1954=CARTESIAN_POINT('',(-4.864343646,-3.846679916,1.983186249));
#1955=CARTESIAN_POINT('',(-4.864361257,-3.856287153,2.124401779));
#1956=CARTESIAN_POINT('',(-4.900919127,-3.866232935,2.260802793));
#1957=CARTESIAN_POINT('',(-4.971526497,-3.875839796,2.383098346));
#1958=CARTESIAN_POINT('',(-4.971543125,-3.875842059,2.383127147));
#1959=CARTESIAN_POINT('',(-4.971559755,-3.875844321,2.383155947));
#1960=CARTESIAN_POINT('',(-4.971576387,-3.875846584,2.383184746));
#1961=CARTESIAN_POINT('',(-5.042199403,-3.885453819,2.505472177));
#1962=CARTESIAN_POINT('',(-5.142059954,-3.895399602,2.605319986));
#1963=CARTESIAN_POINT('',(-5.264355507,-3.905006462,2.675927356));
#1964=CARTESIAN_POINT('',(-5.264384308,-3.905008725,2.675943985));
#1965=CARTESIAN_POINT('',(-5.26441311,-3.905010987,2.675960611));
#1966=CARTESIAN_POINT('',(-5.264441914,-3.90501325,2.675977236));
#1967=CARTESIAN_POINT('',(-5.386746956,-3.914620486,2.746569749));
#1968=CARTESIAN_POINT('',(-5.523152634,-3.924566268,2.783110213));
#1969=CARTESIAN_POINT('',(-5.664367374,-3.934173129,2.783110213));
#1970=CARTESIAN_POINT('',(-5.664400631,-3.934175392,2.783110213));
#1971=CARTESIAN_POINT('',(-5.664433887,-3.934177654,2.78311021));
#1972=CARTESIAN_POINT('',(-5.664467144,-3.934179917,2.783110206));
#1973=CARTESIAN_POINT('',(-5.805682674,-3.943787152,2.783092596));
#1974=CARTESIAN_POINT('',(-5.942083688,-3.953732934,2.746534726));
#1975=CARTESIAN_POINT('',(-6.064379241,-3.963339795,2.675927356));
#1976=CARTESIAN_POINT('',(-6.064408042,-3.963342058,2.675910727));
#1977=CARTESIAN_POINT('',(-6.064436842,-3.96334432,2.675894097));
#1978=CARTESIAN_POINT('',(-6.064465641,-3.963346583,2.675877465));
#1979=CARTESIAN_POINT('',(-6.186753072,-3.972953819,2.605254449));
#1980=CARTESIAN_POINT('',(-6.286600881,-3.982899601,2.505393898));
#1981=CARTESIAN_POINT('',(-6.357208251,-3.992506462,2.383098346));
#1982=CARTESIAN_POINT('',(-6.357224879,-3.992508725,2.383069545));
#1983=CARTESIAN_POINT('',(-6.357241506,-3.992510987,2.383040743));
#1984=CARTESIAN_POINT('',(-6.357258131,-3.99251325,2.38301194));
#1985=CARTESIAN_POINT('',(-6.427850644,-4.002120486,2.260706898));
#1986=CARTESIAN_POINT('',(-6.464391108,-4.012066268,2.124301219));
#1987=CARTESIAN_POINT('',(-6.464391108,-4.021673129,1.983086478));
#1988=CARTESIAN_POINT('',(-6.464391108,-4.021675391,1.983053222));
#1989=CARTESIAN_POINT('',(-6.464391106,-4.021677654,1.983019965));
#1990=CARTESIAN_POINT('',(-6.464391102,-4.021679916,1.982986708));
#1991=CARTESIAN_POINT('',(-6.464373491,-4.031287152,1.841771179));
#1992=CARTESIAN_POINT('',(-6.427815621,-4.041232935,1.705370164));
#1993=CARTESIAN_POINT('',(-6.357208251,-4.050839796,1.583074612));
#1994=CARTESIAN_POINT('',(-6.357191623,-4.050842058,1.58304581));
#1995=CARTESIAN_POINT('',(-6.357174992,-4.050844321,1.58301701));
#1996=CARTESIAN_POINT('',(-6.35715836,-4.050846583,1.582988211));
#1997=CARTESIAN_POINT('',(-6.286535345,-4.060453819,1.46070078));
#1998=CARTESIAN_POINT('',(-6.186674794,-4.070399601,1.360852971));
#1999=CARTESIAN_POINT('',(-6.064379241,-4.080006462,1.290245601));
#2000=CARTESIAN_POINT('',(-6.06435044,-4.080008725,1.290228973));
#2001=CARTESIAN_POINT('',(-6.064321638,-4.080010987,1.290212346));
#2002=CARTESIAN_POINT('',(-6.064292834,-4.08001325,1.290195721));
#2003=CARTESIAN_POINT('',(-5.941987792,-4.089620486,1.219603208));
#2004=CARTESIAN_POINT('',(-5.805582114,-4.099566268,1.183062744));
#2005=CARTESIAN_POINT('',(-5.664367374,-4.109173129,1.183062744));
#2006=CARTESIAN_POINT('',(-5.664334117,-4.109175391,1.183062744));
#2007=CARTESIAN_POINT('',(-5.664300861,-4.109177654,1.183062746));
#2008=CARTESIAN_POINT('',(-5.664267604,-4.109179916,1.183062751));
#2009=CARTESIAN_POINT('',(-5.523052074,-4.118787153,1.183080361));
#2010=CARTESIAN_POINT('',(-5.38665106,-4.128732935,1.219638231));
#2011=CARTESIAN_POINT('',(-5.264355507,-4.138339796,1.290245601));
#2012=CARTESIAN_POINT('',(-5.264326706,-4.138342058,1.29026223));
#2013=CARTESIAN_POINT('',(-5.264297906,-4.138344321,1.29027886));
#2014=CARTESIAN_POINT('',(-5.264269106,-4.138346583,1.290295492));
#2015=CARTESIAN_POINT('',(-5.166271724,-4.146045526,1.346890603));
#2016=CARTESIAN_POINT('',(-5.082088771,-4.154019769,1.422828075));
#2017=CARTESIAN_POINT('',(-5.015625414,-4.16191649,1.514928552));
#2018=(BOUNDED_SURFACE()
B_SPLINE_SURFACE(1,3,((#1358,#1359,#1360,#1361,#1362,#1363,#1364,#1365,#1366,#1367,#1368,#1369,#1370,#1371,#1372,#1373,#1374,#1375,#1376,#1377,#1378,#1379,#1380,#1381,#1382,#1383,
#1384,#1385,#1386,#1387,#1388,#1389,#1390,#1391,#1392,#1393,#1394,#1395,#1396,#1397,#1398,#1399,#1400,#1401,#1402,#1403,#1404,#1405,#1406,#1407,#1408,
#1409,#1410,#1411,#1412,#1413,#1414,#1415,#1416,#1417,#1418,#1419,#1420,#1421,#1422,#1423,#1424,#1425,#1426,#1427,#1428,#1429,#1430,#1431,#1432,#1433,
#1434,#1435,#1436,#1437,#1438,#1439,#1440,#1441,#1442,#1443,#1444,#1445,#1446,#1447,#1448,#1449,#1450,#1451,#1452,#1453,#1454,#1455,#1456,#1457,#1458,
#1459,#1460,#1461,#1462,#1463,#1464,#1465,#1466,#1467,#1468,#1469,#1470,#1471,#1472,#1473,#1474,#1475,#1476,#1477,#1478,#1479,#1480,#1481,#1482,#1483,
#1484,#1485,#1486,#1487,#1488,#1489,#1490,#1491,#1492,#1493,#1494,#1495,#1496,#1497,#1498,#1499,#1500,#1501,#1502,#1503,#1504,#1505,#1506,#1507,#1508,
#1509,#1510,#1511,#1512,#1513,#1514,#1515,#1516,#1517,#1518,#1519,#1520,#1521,#1522,#1523,#1524,#1525,#1526,#1527,#1528,#1529,#1530,#1531,#1532,#1533,
#1534,#1535,#1536,#1537,#1538,#1539,#1540,#1541,#1542,#1543,#1544,#1545,#1546,#1547,#1548,#1549,#1550,#1551,#1552,#1553,#1554,#1555,#1556,#1557,#1558,
#1559,#1560,#1561,#1562,#1563,#1564,#1565,#1566,#1567,#1568,#1569,#1570,#1571,#1572,#1573,#1574,#1575,#1576,#1577),(#1578,#1579,#1580,#1581,#1582,#1583,#1584,#1585,#1586,#1587,#1588,#1589,#1590,#1591,#1592,#1593,#1594,#1595,#1596,#1597,#1598,#1599,#1600,#1601,#1602,#1603,
#1604,#1605,#1606,#1607,#1608,#1609,#1610,#1611,#1612,#1613,#1614,#1615,#1616,#1617,#1618,#1619,#1620,#1621,#1622,#1623,#1624,#1625,#1626,#1627,#1628,
#1629,#1630,#1631,#1632,#1633,#1634,#1635,#1636,#1637,#1638,#1639,#1640,#1641,#1642,#1643,#1644,#1645,#1646,#1647,#1648,#1649,#1650,#1651,#1652,#1653,
#1654,#1655,#1656,#1657,#1658,#1659,#1660,#1661,#1662,#1663,#1664,#1665,#1666,#1667,#1668,#1669,#1670,#1671,#1672,#1673,#1674,#1675,#1676,#1677,#1678,
#1679,#1680,#1681,#1682,#1683,#1684,#1685,#1686,#1687,#1688,#1689,#1690,#1691,#1692,#1693,#1694,#1695,#1696,#1697,#1698,#1699,#1700,#1701,#1702,#1703,
#1704,#1705,#1706,#1707,#1708,#1709,#1710,#1711,#1712,#1713,#1714,#1715,#1716,#1717,#1718,#1719,#1720,#1721,#1722,#1723,#1724,#1725,#1726,#1727,#1728,
#1729,#1730,#1731,#1732,#1733,#1734,#1735,#1736,#1737,#1738,#1739,#1740,#1741,#1742,#1743,#1744,#1745,#1746,#1747,#1748,#1749,#1750,#1751,#1752,#1753,
#1754,#1755,#1756,#1757,#1758,#1759,#1760,#1761,#1762,#1763,#1764,#1765,#1766,#1767,#1768,#1769,#1770,#1771,#1772,#1773,#1774,#1775,#1776,#1777,#1778,
#1779,#1780,#1781,#1782,#1783,#1784,#1785,#1786,#1787,#1788,#1789,#1790,#1791,#1792,#1793,#1794,#1795,#1796,#1797),(#1798,#1799,#1800,#1801,#1802,#1803,#1804,#1805,#1806,#1807,#1808,#1809,#1810,#1811,#1812,#1813,#1814,#1815,#1816,#1817,#1818,#1819,#1820,#1821,#1822,#1823,
#1824,#1825,#1826,#1827,#1828,#1829,#1830,#1831,#1832,#1833,#1834,#1835,#1836,#1837,#1838,#1839,#1840,#1841,#1842,#1843,#1844,#1845,#1846,#1847,#1848,
#1849,#1850,#1851,#1852,#1853,#1854,#1855,#1856,#1857,#1858,#1859,#1860,#1861,#1862,#1863,#1864,#1865,#1866,#1867,#1868,#1869,#1870,#1871,#1872,#1873,
#1874,#1875,#1876,#1877,#1878,#1879,#1880,#1881,#1882,#1883,#1884,#1885,#1886,#1887,#1888,#1889,#1890,#1891,#1892,#1893,#1894,#1895,#1896,#1897,#1898,
#1899,#1900,#1901,#1902,#1903,#1904,#1905,#1906,#1907,#1908,#1909,#1910,#1911,#1912,#1913,#1914,#1915,#1916,#1917,#1918,#1919,#1920,#1921,#1922,#1923,
#1924,#1925,#1926,#1927,#1928,#1929,#1930,#1931,#1932,#1933,#1934,#1935,#1936,#1937,#1938,#1939,#1940,#1941,#1942,#1943,#1944,#1945,#1946,#1947,#1948,
#1949,#1950,#1951,#1952,#1953,#1954,#1955,#1956,#1957,#1958,#1959,#1960,#1961,#1962,#1963,#1964,#1965,#1966,#1967,#1968,#1969,#1970,#1971,#1972,#1973,
#1974,#1975,#1976,#1977,#1978,#1979,#1980,#1981,#1982,#1983,#1984,#1985,#1986,#1987,#1988,#1989,#1990,#1991,#1992,#1993,#1994,#1995,#1996,#1997,#1998,
#1999,#2000,#2001,#2002,#2003,#2004,#2005,#2006,#2007,#2008,#2009,#2010,#2011,#2012,#2013,#2014,#2015,#2016,#2017)),.UNSPECIFIED.,.F.,.F.,.U.)
B_SPLINE_SURFACE_WITH_KNOTS((2,1,2),(4,3,3,3,3,3,3,3,3,3,3,3,3,3,3,3,3,3,3,3,3,3,3,3,3,3,
3,3,3,3,3,3,3,3,3,3,3,3,3,3,3,3,3,3,3,3,3,3,3,3,3,
3,3,3,3,3,3,3,3,3,3,3,3,3,3,3,3,3,3,3,3,3,3,4),(-0.00000066,0.,1.),(0.68718622,0.689814815,0.68981593,0.694444444,0.694445559,0.699074074,0.699075189,0.703703704,0.703704819,0.708333333,0.708334448,0.712962963,0.712964078,0.717592593,0.717593708,0.722222222,0.722223337,0.726851852,0.726852967,0.731481481,0.731482596,0.736111111,0.736112226,0.740740741,0.740741856,0.74537037,
0.745371485,0.75,0.750001115,0.75462963,0.754630745,0.759259259,0.759260374,0.763888889,0.763890004,0.768518519,0.768519634,0.773148148,0.773149263,0.777777778,0.777778893,0.782407407,0.782408522,0.787037037,0.787038152,0.791666667,0.791667782,0.796296296,0.796297411,0.800925926,0.800927041,
0.805555556,0.805556671,0.810185185,0.8101863,0.814814815,0.81481593,0.819444444,0.819445559,0.824074074,0.824075189,0.828703704,0.828704819,0.833333333,0.833334448,0.837962963,0.837964078,0.842592593,0.842593708,0.847222222,0.847223337,0.851851852,0.851852967,0.855578916),.UNSPECIFIED.)
GEOMETRIC_REPRESENTATION_ITEM()
RATIONAL_B_SPLINE_SURFACE(((0.983275963,0.981527645,0.987102324,1.,0.999994527,0.999989056,0.999983586,0.977283885,0.977289357,1.,0.999994527,0.999989056,0.999983586,0.977283885,0.977289357,1.,0.999994527,0.999989056,0.999983586,0.977283885,0.977289357,1.,0.999994527,0.999989056,0.999983586,0.977283885,
0.977289357,1.,0.999994527,0.999989056,0.999983586,0.977283885,0.977289357,1.,0.999994527,0.999989056,0.999983586,0.977283885,0.977289357,1.,0.999994527,0.999989056,0.999983586,0.977283885,0.977289357,1.,0.999994527,0.999989056,0.999983586,0.977283885,0.977289357,
1.,0.999994527,0.999989056,0.999983586,0.977283885,0.977289357,1.,0.999994527,0.999989056,0.999983586,0.977283885,0.977289357,1.,0.999994527,0.999989056,0.999983586,0.977283885,0.977289357,1.,0.999994527,0.999989056,0.999983586,0.977283885,0.977289357,1.,
0.999994527,0.999989056,0.999983586,0.977283885,0.977289357,1.,0.999994527,0.999989056,0.999983586,0.977283885,0.977289357,1.,0.999994527,0.999989056,0.999983586,0.977283885,0.977289357,1.,0.999994527,0.999989056,0.999983586,0.977283885,0.977289357,1.,0.999994527,
0.999989056,0.999983586,0.977283885,0.977289357,1.,0.999994527,0.999989056,0.999983586,0.977283885,0.977289357,1.,0.999994527,0.999989056,0.999983586,0.977283885,0.977289357,1.,0.999994527,0.999989056,0.999983586,0.977283885,0.977289357,1.,0.999994527,0.999989056,
0.999983586,0.977283885,0.977289357,1.,0.999994527,0.999989056,0.999983586,0.977283885,0.977289357,1.,0.999994527,0.999989056,0.999983586,0.977283885,0.977289357,1.,0.999994527,0.999989056,0.999983586,0.977283885,0.977289357,1.,0.999994527,0.999989056,0.999983586,
0.977283885,0.977289357,1.,0.999994527,0.999989056,0.999983586,0.977283885,0.977289357,1.,0.999994527,0.999989056,0.999983586,0.977283885,0.977289357,1.,0.999994527,0.999989056,0.999983586,0.977283885,0.977289357,1.,0.999994527,0.999989056,0.999983586,0.977283885,
0.977289357,1.,0.999994527,0.999989056,0.999983586,0.977283885,0.977289357,1.,0.999994527,0.999989056,0.999983586,0.977283885,0.977289357,1.,0.999994527,0.999989056,0.999983586,0.977283885,0.977289357,1.,0.999994527,0.999989056,0.999983586,0.977283885,0.977289357,
1.,0.999994527,0.999989056,0.999983586,0.977283885,0.977289357,1.,0.999994527,0.999989056,0.999983586,0.977283885,0.977289357,1.,0.999994527,0.999989056,0.999983586,0.981710352,0.978150597,0.98930432),(0.983275963,0.981527645,0.987102324,1.,0.999994527,0.999989056,0.999983586,0.977283885,0.977289357,1.,0.999994527,0.999989056,0.999983586,0.977283885,0.977289357,1.,0.999994527,0.999989056,0.999983586,0.977283885,0.977289357,1.,0.999994527,0.999989056,0.999983586,0.977283885,
0.977289357,1.,0.999994527,0.999989056,0.999983586,0.977283885,0.977289357,1.,0.999994527,0.999989056,0.999983586,0.977283885,0.977289357,1.,0.999994527,0.999989056,0.999983586,0.977283885,0.977289357,1.,0.999994527,0.999989056,0.999983586,0.977283885,0.977289357,
1.,0.999994527,0.999989056,0.999983586,0.977283885,0.977289357,1.,0.999994527,0.999989056,0.999983586,0.977283885,0.977289357,1.,0.999994527,0.999989056,0.999983586,0.977283885,0.977289357,1.,0.999994527,0.999989056,0.999983586,0.977283885,0.977289357,1.,
0.999994527,0.999989056,0.999983586,0.977283885,0.977289357,1.,0.999994527,0.999989056,0.999983586,0.977283885,0.977289357,1.,0.999994527,0.999989056,0.999983586,0.977283885,0.977289357,1.,0.999994527,0.999989056,0.999983586,0.977283885,0.977289357,1.,0.999994527,
0.999989056,0.999983586,0.977283885,0.977289357,1.,0.999994527,0.999989056,0.999983586,0.977283885,0.977289357,1.,0.999994527,0.999989056,0.999983586,0.977283885,0.977289357,1.,0.999994527,0.999989056,0.999983586,0.977283885,0.977289357,1.,0.999994527,0.999989056,
0.999983586,0.977283885,0.977289357,1.,0.999994527,0.999989056,0.999983586,0.977283885,0.977289357,1.,0.999994527,0.999989056,0.999983586,0.977283885,0.977289357,1.,0.999994527,0.999989056,0.999983586,0.977283885,0.977289357,1.,0.999994527,0.999989056,0.999983586,
0.977283885,0.977289357,1.,0.999994527,0.999989056,0.999983586,0.977283885,0.977289357,1.,0.999994527,0.999989056,0.999983586,0.977283885,0.977289357,1.,0.999994527,0.999989056,0.999983586,0.977283885,0.977289357,1.,0.999994527,0.999989056,0.999983586,0.977283885,
0.977289357,1.,0.999994527,0.999989056,0.999983586,0.977283885,0.977289357,1.,0.999994527,0.999989056,0.999983586,0.977283885,0.977289357,1.,0.999994527,0.999989056,0.999983586,0.977283885,0.977289357,1.,0.999994527,0.999989056,0.999983586,0.977283885,0.977289357,
1.,0.999994527,0.999989056,0.999983586,0.977283885,0.977289357,1.,0.999994527,0.999989056,0.999983586,0.977283885,0.977289357,1.,0.999994527,0.999989056,0.999983586,0.981710352,0.978150597,0.98930432),(0.983275963,0.981527645,0.987102324,1.,0.999994527,0.999989056,0.999983586,0.977283885,0.977289357,1.,0.999994527,0.999989056,0.999983586,0.977283885,0.977289357,1.,0.999994527,0.999989056,0.999983586,0.977283885,0.977289357,1.,0.999994527,0.999989056,0.999983586,0.977283885,
0.977289357,1.,0.999994527,0.999989056,0.999983586,0.977283885,0.977289357,1.,0.999994527,0.999989056,0.999983586,0.977283885,0.977289357,1.,0.999994527,0.999989056,0.999983586,0.977283885,0.977289357,1.,0.999994527,0.999989056,0.999983586,0.977283885,0.977289357,
1.,0.999994527,0.999989056,0.999983586,0.977283885,0.977289357,1.,0.999994527,0.999989056,0.999983586,0.977283885,0.977289357,1.,0.999994527,0.999989056,0.999983586,0.977283885,0.977289357,1.,0.999994527,0.999989056,0.999983586,0.977283885,0.977289357,1.,
0.999994527,0.999989056,0.999983586,0.977283885,0.977289357,1.,0.999994527,0.999989056,0.999983586,0.977283885,0.977289357,1.,0.999994527,0.999989056,0.999983586,0.977283885,0.977289357,1.,0.999994527,0.999989056,0.999983586,0.977283885,0.977289357,1.,0.999994527,
0.999989056,0.999983586,0.977283885,0.977289357,1.,0.999994527,0.999989056,0.999983586,0.977283885,0.977289357,1.,0.999994527,0.999989056,0.999983586,0.977283885,0.977289357,1.,0.999994527,0.999989056,0.999983586,0.977283885,0.977289357,1.,0.999994527,0.999989056,
0.999983586,0.977283885,0.977289357,1.,0.999994527,0.999989056,0.999983586,0.977283885,0.977289357,1.,0.999994527,0.999989056,0.999983586,0.977283885,0.977289357,1.,0.999994527,0.999989056,0.999983586,0.977283885,0.977289357,1.,0.999994527,0.999989056,0.999983586,
0.977283885,0.977289357,1.,0.999994527,0.999989056,0.999983586,0.977283885,0.977289357,1.,0.999994527,0.999989056,0.999983586,0.977283885,0.977289357,1.,0.999994527,0.999989056,0.999983586,0.977283885,0.977289357,1.,0.999994527,0.999989056,0.999983586,0.977283885,
0.977289357,1.,0.999994527,0.999989056,0.999983586,0.977283885,0.977289357,1.,0.999994527,0.999989056,0.999983586,0.977283885,0.977289357,1.,0.999994527,0.999989056,0.999983586,0.977283885,0.977289357,1.,0.999994527,0.999989056,0.999983586,0.977283885,0.977289357,
1.,0.999994527,0.999989056,0.999983586,0.977283885,0.977289357,1.,0.999994527,0.999989056,0.999983586,0.977283885,0.977289357,1.,0.999994527,0.999989056,0.999983586,0.981710352,0.978150597,0.98930432)))
REPRESENTATION_ITEM('')
SURFACE()
);
#2019=ORIENTED_EDGE('',*,*,#1244,.T.);
#2020=CARTESIAN_POINT('',(-5.157538183,-4.060868203,1.61736914));
#2021=VERTEX_POINT('',#2020);
#2022=CARTESIAN_POINT('',(-6.27394892,-4.060868203,1.464966498));
#2023=CARTESIAN_POINT('',(-6.233675051,-4.060868203,1.42779728));
#2024=CARTESIAN_POINT('',(-6.19026827,-4.060868203,1.395444927));
#2025=CARTESIAN_POINT('',(-6.143850757,-4.060868203,1.367721587));
#2026=CARTESIAN_POINT('',(-6.097433244,-4.060868203,1.339998247));
#2027=CARTESIAN_POINT('',(-6.047380749,-4.060868203,1.316614321));
#2028=CARTESIAN_POINT('',(-5.996057369,-4.060868203,1.299253926));
#2029=CARTESIAN_POINT('',(-5.944733988,-4.060868203,1.281893531));
#2030=CARTESIAN_POINT('',(-5.892070546,-4.060868203,1.270312082));
#2031=CARTESIAN_POINT('',(-5.838053662,-4.060868203,1.264567284));
#2032=CARTESIAN_POINT('',(-5.784036777,-4.060868203,1.258822487));
#2033=CARTESIAN_POINT('',(-5.728968637,-4.060868203,1.259129617));
#2034=CARTESIAN_POINT('',(-5.675325648,-4.060868203,1.265370895));
#2035=CARTESIAN_POINT('',(-5.621682659,-4.060868203,1.271612172));
#2036=CARTESIAN_POINT('',(-5.568181443,-4.060868203,1.284225015));
#2037=CARTESIAN_POINT('',(-5.517070834,-4.060868203,1.303025781));
#2038=CARTESIAN_POINT('',(-5.465960224,-4.060868203,1.321826547));
#2039=CARTESIAN_POINT('',(-5.417823078,-4.060868203,1.346359246));
#2040=CARTESIAN_POINT('',(-5.372646662,-4.060868203,1.37659933));
#2041=CARTESIAN_POINT('',(-5.28229383,-4.060868203,1.437079499));
#2042=CARTESIAN_POINT('',(-5.207456337,-4.060868203,1.519613389));
#2043=CARTESIAN_POINT('',(-5.15753892,-4.060868203,1.617369594));
#2044=B_SPLINE_CURVE_WITH_KNOTS('',3,(#2022,#2023,#2024,#2025,#2026,#2027,#2028,#2029,#2030,#2031,#2032,#2033,#2034,#2035,#2036,#2037,#2038,#2039,#2040,#2041,#2042,#2043),.UNSPECIFIED.,.F.,.F.,(4,3,3,3,3,3,3,4),(0.,0.00016208,0.000324161,0.000486241,0.000648321,0.000810402,0.000972482,0.001296643),.UNSPECIFIED.);
#2045=EDGE_CURVE('',#1067,#2021,#2044,.T.);
#2046=ORIENTED_EDGE('',*,*,#2045,.T.);
#2047=CARTESIAN_POINT('',(-5.664367374,-3.833123129,2.608086478));
#2048=VERTEX_POINT('',#2047);
#2049=CARTESIAN_POINT('',(-5.664367374,-3.833123129,2.608086478));
#2050=CARTESIAN_POINT('',(-5.769581706,-3.842285318,2.608086478));
#2051=CARTESIAN_POINT('',(-5.878086961,-3.852393771,2.579790139));
#2052=CARTESIAN_POINT('',(-5.97001206,-3.861601795,2.528252807));
#2053=CARTESIAN_POINT('',(-6.061937159,-3.870809818,2.476715475));
#2054=CARTESIAN_POINT('',(-6.14250086,-3.880825515,2.399204504));
#2055=CARTESIAN_POINT('',(-6.197567824,-3.890077113,2.309157452));
#2056=CARTESIAN_POINT('',(-6.252634788,-3.89932871,2.2191104));
#2057=CARTESIAN_POINT('',(-6.284910905,-3.909256346,2.11240911));
#2058=CARTESIAN_POINT('',(-6.288918115,-3.918549257,2.006779763));
#2059=CARTESIAN_POINT('',(-6.292925325,-3.927842168,1.901150415));
#2060=CARTESIAN_POINT('',(-6.268967007,-3.937686427,1.792590004));
#2061=CARTESIAN_POINT('',(-6.220744907,-3.947018386,1.698360222));
#2062=CARTESIAN_POINT('',(-6.196633856,-3.951684365,1.651245331));
#2063=CARTESIAN_POINT('',(-6.166630302,-3.956311329,1.607298888));
#2064=CARTESIAN_POINT('',(-6.131062922,-3.961123552,1.56736991));
#2065=CARTESIAN_POINT('',(-6.095495542,-3.965935775,1.527440931));
#2066=CARTESIAN_POINT('',(-6.054602453,-3.9708003,1.492016167));
#2067=CARTESIAN_POINT('',(-6.010475241,-3.975484674,1.462669007));
#2068=CARTESIAN_POINT('',(-5.966348029,-3.980169048,1.433321846));
#2069=CARTESIAN_POINT('',(-5.918793147,-3.984763459,1.409719631));
#2070=CARTESIAN_POINT('',(-5.868266533,-3.989569756,1.39228183));
#2071=CARTESIAN_POINT('',(-5.81773992,-3.994376054,1.374844028));
#2072=CARTESIAN_POINT('',(-5.764727852,-3.999246658,1.363919207));
#2073=CARTESIAN_POINT('',(-5.711821279,-4.003948297,1.35989058));
#2074=CARTESIAN_POINT('',(-5.658914705,-4.008649935,1.355861954));
#2075=CARTESIAN_POINT('',(-5.605991965,-4.013217696,1.358529416));
#2076=CARTESIAN_POINT('',(-5.553415705,-4.018016935,1.368013534));
#2077=CARTESIAN_POINT('',(-5.500839444,-4.022816174,1.377497651));
#2078=CARTESIAN_POINT('',(-5.449233057,-4.027691644,1.393880248));
#2079=CARTESIAN_POINT('',(-5.401057118,-4.032409414,1.4162596));
#2080=CARTESIAN_POINT('',(-5.35288118,-4.037127185,1.438638953));
#2081=CARTESIAN_POINT('',(-5.30809083,-4.041674202,1.466808471));
#2082=CARTESIAN_POINT('',(-5.266885711,-4.046465253,1.500765706));
#2083=CARTESIAN_POINT('',(-5.225680591,-4.051256305,1.53472294));
#2084=CARTESIAN_POINT('',(-5.188654257,-4.056135429,1.574246945));
#2085=CARTESIAN_POINT('',(-5.157538186,-4.060868203,1.617369137));
#2086=B_SPLINE_CURVE_WITH_KNOTS('',3,(#2049,#2050,#2051,#2052,#2053,#2054,#2055,#2056,#2057,#2058,#2059,#2060,#2061,#2062,#2063,#2064,#2065,#2066,#2067,#2068,#2069,#2070,#2071,#2072,#2073,#2074,
#2075,#2076,#2077,#2078,#2079,#2080,#2081,#2082,#2083,#2084,#2085),.UNSPECIFIED.,.F.,.F.,(4,3,3,3,3,3,3,3,3,3,3,3,4),(0.838865156,0.843382011,0.847898867,0.852415722,0.856932578,0.859191006,0.861449433,0.863707861,0.865966289,0.868224717,0.870483144,0.872741572,0.875),.UNSPECIFIED.);
#2087=EDGE_CURVE('',#2048,#2021,#2086,.T.);
#2088=ORIENTED_EDGE('',*,*,#2087,.F.);
#2089=CARTESIAN_POINT('',(-5.664367374,-3.483123129,2.608086478));
#2090=VERTEX_POINT('',#2089);
#2091=CARTESIAN_POINT('',(-5.664367374,-3.483123129,2.608086478));
#2092=CARTESIAN_POINT('',(-5.745248318,-3.490166337,2.608086478));
#2093=CARTESIAN_POINT('',(-5.828194685,-3.497769652,2.591771725));
#2094=CARTESIAN_POINT('',(-5.903868248,-3.505091837,2.560376987));
#2095=CARTESIAN_POINT('',(-5.979541811,-3.512414021,2.528982248));
#2096=CARTESIAN_POINT('',(-6.048126364,-3.519455078,2.483210963));
#2097=CARTESIAN_POINT('',(-6.106309106,-3.526873128,2.425028223));
#2098=CARTESIAN_POINT('',(-6.164491847,-3.534291178,2.366845483));
#2099=CARTESIAN_POINT('',(-6.210263134,-3.541332235,2.298260932));
#2100=CARTESIAN_POINT('',(-6.241657875,-3.54865442,2.22258737));
#2101=CARTESIAN_POINT('',(-6.273052616,-3.555976605,2.146913808));
#2102=CARTESIAN_POINT('',(-6.289367372,-3.563579919,2.063967441));
#2103=CARTESIAN_POINT('',(-6.289367374,-3.570623128,1.983086496));
#2104=CARTESIAN_POINT('',(-6.289367376,-3.577666337,1.902205551));
#2105=CARTESIAN_POINT('',(-6.273052618,-3.585269654,1.819259149));
#2106=CARTESIAN_POINT('',(-6.241657869,-3.59259184,1.743585571));
#2107=CARTESIAN_POINT('',(-6.21026312,-3.599914027,1.667911994));
#2108=CARTESIAN_POINT('',(-6.164491835,-3.606955082,1.599327462));
#2109=CARTESIAN_POINT('',(-6.106309106,-3.61437313,1.541144734));
#2110=CARTESIAN_POINT('',(-6.048126377,-3.621791178,1.482962006));
#2111=CARTESIAN_POINT('',(-5.979541842,-3.628832233,1.437190726));
#2112=CARTESIAN_POINT('',(-5.903868281,-3.636154418,1.405795983));
#2113=CARTESIAN_POINT('',(-5.82819472,-3.643476603,1.374401241));
#2114=CARTESIAN_POINT('',(-5.745248354,-3.651079917,1.358086483));
#2115=CARTESIAN_POINT('',(-5.664367409,-3.658123126,1.358086478));
#2116=CARTESIAN_POINT('',(-5.583486464,-3.665166334,1.358086474));
#2117=CARTESIAN_POINT('',(-5.500540061,-3.672769652,1.374401229));
#2118=CARTESIAN_POINT('',(-5.424866483,-3.680091839,1.405795976));
#2119=CARTESIAN_POINT('',(-5.349192905,-3.687414026,1.437190724));
#2120=CARTESIAN_POINT('',(-5.280608371,-3.69445508,1.482962006));
#2121=CARTESIAN_POINT('',(-5.222425642,-3.701873128,1.541144734));
#2122=CARTESIAN_POINT('',(-5.164242912,-3.709291176,1.599327461));
#2123=CARTESIAN_POINT('',(-5.11847163,-3.716332232,1.667911995));
#2124=CARTESIAN_POINT('',(-5.087076886,-3.723654416,1.743585555));
#2125=CARTESIAN_POINT('',(-5.055682141,-3.730976601,1.819259115));
#2126=CARTESIAN_POINT('',(-5.039367381,-3.738579916,1.902205481));
#2127=CARTESIAN_POINT('',(-5.039367374,-3.745623125,1.983086426));
#2128=CARTESIAN_POINT('',(-5.039367367,-3.752666334,2.063967371));
#2129=CARTESIAN_POINT('',(-5.05568212,-3.76026965,2.146913774));
#2130=CARTESIAN_POINT('',(-5.087076866,-3.767591837,2.222587353));
#2131=CARTESIAN_POINT('',(-5.118471611,-3.774914023,2.298260933));
#2132=CARTESIAN_POINT('',(-5.164242891,-3.781955079,2.366845467));
#2133=CARTESIAN_POINT('',(-5.222425617,-3.789373127,2.425028198));
#2134=CARTESIAN_POINT('',(-5.280608343,-3.796791175,2.483210929));
#2135=CARTESIAN_POINT('',(-5.349192875,-3.80383223,2.528982215));
#2136=CARTESIAN_POINT('',(-5.424866451,-3.811154416,2.560376966));
#2137=CARTESIAN_POINT('',(-5.500540027,-3.818476603,2.591771718));
#2138=CARTESIAN_POINT('',(-5.583486412,-3.826079919,2.608086478));
#2139=CARTESIAN_POINT('',(-5.664367374,-3.833123129,2.608086478));
#2140=B_SPLINE_CURVE_WITH_KNOTS('',3,(#2091,#2092,#2093,#2094,#2095,#2096,#2097,#2098,#2099,#2100,#2101,#2102,#2103,#2104,#2105,#2106,#2107,#2108,#2109,#2110,#2111,#2112,#2113,#2114,#2115,#2116,
#2117,#2118,#2119,#2120,#2121,#2122,#2123,#2124,#2125,#2126,#2127,#2128,#2129,#2130,#2131,#2132,#2133,#2134,#2135,#2136,#2137,#2138,#2139),.UNSPECIFIED.,.F.,.F.,(4,3,3,3,3,3,3,3,3,3,3,3,3,3,3,3,4),(0.763888889,0.767361111,0.770833333,0.774305556,0.777777778,0.78125,0.784722222,0.788194444,0.791666667,0.795138889,0.798611111,0.802083333,0.805555555,0.809027777,0.8125,0.815972222,0.819444444),.UNSPECIFIED.);
#2141=EDGE_CURVE('',#2090,#2048,#2140,.T.);
#2142=ORIENTED_EDGE('',*,*,#2141,.F.);
#2143=CARTESIAN_POINT('',(-5.664367374,-3.133123129,2.608086478));
#2144=VERTEX_POINT('',#2143);
#2145=CARTESIAN_POINT('',(-5.664367374,-3.133123129,2.608086478));
#2146=CARTESIAN_POINT('',(-5.745248319,-3.140166337,2.608086478));
#2147=CARTESIAN_POINT('',(-5.828194688,-3.147769652,2.591771724));
#2148=CARTESIAN_POINT('',(-5.903868252,-3.155091837,2.560376985));
#2149=CARTESIAN_POINT('',(-5.979541816,-3.162414022,2.528982246));
#2150=CARTESIAN_POINT('',(-6.048126354,-3.169455077,2.483210968));
#2151=CARTESIAN_POINT('',(-6.106309087,-3.176873126,2.425028242));
#2152=CARTESIAN_POINT('',(-6.164491819,-3.184291174,2.366845516));
#2153=CARTESIAN_POINT('',(-6.210263107,-3.19133223,2.298260984));
#2154=CARTESIAN_POINT('',(-6.24165786,-3.198654416,2.222587406));
#2155=CARTESIAN_POINT('',(-6.273052613,-3.205976603,2.146913829));
#2156=CARTESIAN_POINT('',(-6.289367374,-3.213579921,2.063967424));
#2157=CARTESIAN_POINT('',(-6.289367374,-3.220623129,1.983086478));
#2158=CARTESIAN_POINT('',(-6.289367374,-3.227666338,1.902205533));
#2159=CARTESIAN_POINT('',(-6.27305262,-3.235269652,1.819259164));
#2160=CARTESIAN_POINT('',(-6.241657881,-3.242591838,1.7435856));
#2161=CARTESIAN_POINT('',(-6.210263141,-3.249914023,1.667912036));
#2162=CARTESIAN_POINT('',(-6.164491854,-3.25695508,1.599327482));
#2163=CARTESIAN_POINT('',(-6.106309112,-3.264373129,1.54114474));
#2164=CARTESIAN_POINT('',(-6.04812637,-3.271791179,1.482961998));
#2165=CARTESIAN_POINT('',(-5.979541817,-3.278832236,1.437190711));
#2166=CARTESIAN_POINT('',(-5.903868253,-3.286154421,1.405795971));
#2167=CARTESIAN_POINT('',(-5.828194688,-3.293476606,1.374401232));
#2168=CARTESIAN_POINT('',(-5.74524832,-3.30107992,1.358086478));
#2169=CARTESIAN_POINT('',(-5.664367374,-3.308123129,1.358086478));
#2170=CARTESIAN_POINT('',(-5.583486428,-3.315166337,1.358086478));
#2171=CARTESIAN_POINT('',(-5.500540059,-3.322769652,1.374401232));
#2172=CARTESIAN_POINT('',(-5.424866495,-3.330091838,1.405795971));
#2173=CARTESIAN_POINT('',(-5.349192931,-3.337414023,1.437190711));
#2174=CARTESIAN_POINT('',(-5.280608377,-3.344455079,1.482961998));
#2175=CARTESIAN_POINT('',(-5.222425635,-3.351873129,1.54114474));
#2176=CARTESIAN_POINT('',(-5.164242894,-3.359291179,1.599327482));
#2177=CARTESIAN_POINT('',(-5.118471607,-3.366332236,1.667912036));
#2178=CARTESIAN_POINT('',(-5.087076867,-3.373654421,1.7435856));
#2179=CARTESIAN_POINT('',(-5.055682128,-3.380976606,1.819259164));
#2180=CARTESIAN_POINT('',(-5.039367374,-3.38857992,1.902205533));
#2181=CARTESIAN_POINT('',(-5.039367374,-3.395623129,1.983086478));
#2182=CARTESIAN_POINT('',(-5.039367374,-3.402666338,2.063967424));
#2183=CARTESIAN_POINT('',(-5.055682128,-3.410269652,2.146913793));
#2184=CARTESIAN_POINT('',(-5.087076867,-3.417591837,2.222587357));
#2185=CARTESIAN_POINT('',(-5.118471607,-3.424914022,2.298260921));
#2186=CARTESIAN_POINT('',(-5.164242894,-3.431955079,2.366845475));
#2187=CARTESIAN_POINT('',(-5.222425636,-3.439373129,2.425028217));
#2188=CARTESIAN_POINT('',(-5.280608378,-3.446791179,2.483210959));
#2189=CARTESIAN_POINT('',(-5.349192932,-3.453832236,2.528982246));
#2190=CARTESIAN_POINT('',(-5.424866496,-3.461154421,2.560376985));
#2191=CARTESIAN_POINT('',(-5.50054006,-3.468476606,2.591771724));
#2192=CARTESIAN_POINT('',(-5.583486428,-3.476079921,2.608086478));
#2193=CARTESIAN_POINT('',(-5.664367374,-3.483123129,2.608086478));
#2194=B_SPLINE_CURVE_WITH_KNOTS('',3,(#2145,#2146,#2147,#2148,#2149,#2150,#2151,#2152,#2153,#2154,#2155,#2156,#2157,#2158,#2159,#2160,#2161,#2162,#2163,#2164,#2165,#2166,#2167,#2168,#2169,#2170,
#2171,#2172,#2173,#2174,#2175,#2176,#2177,#2178,#2179,#2180,#2181,#2182,#2183,#2184,#2185,#2186,#2187,#2188,#2189,#2190,#2191,#2192,#2193),.UNSPECIFIED.,.F.,.F.,(4,3,3,3,3,3,3,3,3,3,3,3,3,3,3,3,4),(0.708333333,0.711805555,0.715277778,0.71875,0.722222222,0.725694444,0.729166667,0.732638889,0.736111111,0.739583333,0.743055556,0.746527778,0.75,0.753472222,0.756944444,0.760416667,0.763888889),.UNSPECIFIED.);
#2195=EDGE_CURVE('',#2144,#2090,#2194,.T.);
#2196=ORIENTED_EDGE('',*,*,#2195,.F.);
#2197=CARTESIAN_POINT('',(-5.322304572,-3.100912645,2.506171595));
#2198=VERTEX_POINT('',#2197);
#2199=CARTESIAN_POINT('',(-5.32229988,-3.100912418,2.506168527));
#2200=CARTESIAN_POINT('',(-5.372570858,-3.106212769,2.539043039));
#2201=CARTESIAN_POINT('',(-5.427496777,-3.111482378,2.564638724));
#2202=CARTESIAN_POINT('',(-5.485672419,-3.116953393,2.581996416));
#2203=CARTESIAN_POINT('',(-5.543848061,-3.122424409,2.599354107));
#2204=CARTESIAN_POINT('',(-5.604679937,-3.127925476,2.608086478));
#2205=CARTESIAN_POINT('',(-5.664367374,-3.133123129,2.608086478));
#2206=B_SPLINE_CURVE_WITH_KNOTS('',3,(#2199,#2200,#2201,#2202,#2203,#2204,#2205),.UNSPECIFIED.,.F.,.F.,(4,3,4),(0.703208566,0.705770949,0.708333333),.UNSPECIFIED.);
#2207=EDGE_CURVE('',#2198,#2144,#2206,.T.);
#2208=ORIENTED_EDGE('',*,*,#2207,.F.);
#2209=CARTESIAN_POINT('',(-5.119209494,-3.100912645,1.397560559));
#2210=CARTESIAN_POINT('',(-5.083912478,-3.100912645,1.439486071));
#2211=CARTESIAN_POINT('',(-5.053545141,-3.100912645,1.484306163));
#2212=CARTESIAN_POINT('',(-5.027912426,-3.100912645,1.531906304));
#2213=CARTESIAN_POINT('',(-5.00227971,-3.100912645,1.579506445));
#2214=CARTESIAN_POINT('',(-4.981161168,-3.100912645,1.630551175));
#2215=CARTESIAN_POINT('',(-4.966179739,-3.100912645,1.682656905));
#2216=CARTESIAN_POINT('',(-4.951198309,-3.100912645,1.734762634));
#2217=CARTESIAN_POINT('',(-4.942030448,-3.100912645,1.787929999));
#2218=CARTESIAN_POINT('',(-4.93872534,-3.100912645,1.842167982));
#2219=CARTESIAN_POINT('',(-4.935420233,-3.100912645,1.896405964));
#2220=CARTESIAN_POINT('',(-4.93808936,-3.100912645,1.951443738));
#2221=CARTESIAN_POINT('',(-4.946785729,-3.100912645,2.004747211));
#2222=CARTESIAN_POINT('',(-4.955482098,-3.100912645,2.058050683));
#2223=CARTESIAN_POINT('',(-4.970596202,-3.100912645,2.110874974));
#2224=CARTESIAN_POINT('',(-4.991723274,-3.100912645,2.161113197));
#2225=CARTESIAN_POINT('',(-5.012850345,-3.100912645,2.211351421));
#2226=CARTESIAN_POINT('',(-5.039539759,-3.100912645,2.258363299));
#2227=CARTESIAN_POINT('',(-5.071755902,-3.100912645,2.302169488));
#2228=CARTESIAN_POINT('',(-5.136188189,-3.100912645,2.389781867));
#2229=CARTESIAN_POINT('',(-5.223326577,-3.100912645,2.461079986));
#2230=CARTESIAN_POINT('',(-5.322300811,-3.100912645,2.506169379));
#2231=B_SPLINE_CURVE_WITH_KNOTS('',3,(#2209,#2210,#2211,#2212,#2213,#2214,#2215,#2216,#2217,#2218,#2219,#2220,#2221,#2222,#2223,#2224,#2225,#2226,#2227,#2228,#2229,#2230),.UNSPECIFIED.,.F.,.F.,(4,3,3,3,3,3,3,4),(0.,0.000162078,0.000324157,0.000486235,0.000648313,0.000810391,0.00097247,0.001296626),.UNSPECIFIED.);
#2232=EDGE_CURVE('',#1091,#2198,#2231,.T.);
#2233=ORIENTED_EDGE('',*,*,#2232,.F.);
#2234=EDGE_LOOP('',(#2019,#2046,#2088,#2142,#2196,#2208,#2233));
#2235=FACE_BOUND('',#2234,.T.);
#2236=ADVANCED_FACE('',(#2235),#2018,.T.);
#2237=CARTESIAN_POINT('',(-5.664367374,-2.170868203,1.983086478));
#2238=DIRECTION('',(0.,-1.,0.));
#2239=DIRECTION('',(0.,0.,1.));
#2240=AXIS2_PLACEMENT_3D('',#2237,#2238,#2239);
#2241=CYLINDRICAL_SURFACE('',#2240,0.625);
#2242=CARTESIAN_POINT('',(-5.664367374,-4.060868203,2.608086478));
#2243=VERTEX_POINT('',#2242);
#2244=CARTESIAN_POINT('',(-5.664367374,-4.060868203,2.608086478));
#2245=DIRECTION('',(-0.,1.,-0.));
#2246=VECTOR('',#2245,0.02565405);
#2247=LINE('',#2244,#2246);
#2248=EDGE_CURVE('',#2243,#935,#2247,.T.);
#2249=ORIENTED_EDGE('',*,*,#2248,.F.);
#2250=CARTESIAN_POINT('',(-5.664367374,-4.060868203,1.983086478));
#2251=DIRECTION('',(-0.,1.,-0.));
#2252=DIRECTION('',(0.,-0.,-1.));
#2253=AXIS2_PLACEMENT_3D('',#2250,#2251,#2252);
#2254=CIRCLE('',#2253,0.625);
#2255=EDGE_CURVE('',#1001,#2243,#2254,.T.);
#2256=ORIENTED_EDGE('',*,*,#2255,.F.);
#2257=ORIENTED_EDGE('',*,*,#1064,.F.);
#2258=EDGE_LOOP('',(#2249,#2256,#2257));
#2259=FACE_BOUND('',#2258,.T.);
#2260=ADVANCED_FACE('',(#2259),#2241,.F.);
#2261=CARTESIAN_POINT('',(-5.865955483,-4.378258806,-0.11));
#2262=DIRECTION('',(0.,-1.,0.));
#2263=DIRECTION('',(0.,0.,-1.));
#2264=AXIS2_PLACEMENT_3D('',#2261,#2262,#2263);
#2265=PLANE('',#2264);
#2266=CARTESIAN_POINT('',(-4.860058211,-4.378258806,2.078934117));
#2267=VERTEX_POINT('',#2266);
#2268=CARTESIAN_POINT('',(-5.664367374,-4.378258806,2.793086479));
#2269=VERTEX_POINT('',#2268);
#2270=CARTESIAN_POINT('',(-5.664367374,-4.378258806,1.983086479));
#2271=DIRECTION('',(-0.,1.,-0.));
#2272=DIRECTION('',(0.,0.,-1.));
#2273=AXIS2_PLACEMENT_3D('',#2270,#2271,#2272);
#2274=CIRCLE('',#2273,0.81);
#2275=EDGE_CURVE('',#2267,#2269,#2274,.T.);
#2276=ORIENTED_EDGE('',*,*,#2275,.T.);
#2277=CARTESIAN_POINT('',(-5.664367374,-4.378258806,1.983086479));
#2278=DIRECTION('',(-0.,1.,-0.));
#2279=DIRECTION('',(0.,0.,-1.));
#2280=AXIS2_PLACEMENT_3D('',#2277,#2278,#2279);
#2281=CIRCLE('',#2280,0.81);
#2282=EDGE_CURVE('',#2269,#2267,#2281,.T.);
#2283=ORIENTED_EDGE('',*,*,#2282,.T.);
#2284=EDGE_LOOP('',(#2276,#2283));
#2285=FACE_BOUND('',#2284,.T.);
#2286=CARTESIAN_POINT('',(-7.01290672,-4.378258806,0.8));
#2287=VERTEX_POINT('',#2286);
#2288=CARTESIAN_POINT('',(-7.01290672,-4.378258806,3.3));
#2289=VERTEX_POINT('',#2288);
#2290=CARTESIAN_POINT('',(-7.01290672,-4.378258806,0.8));
#2291=DIRECTION('',(0.,0.,1.));
#2292=VECTOR('',#2291,2.5);
#2293=LINE('',#2290,#2292);
#2294=EDGE_CURVE('',#2287,#2289,#2293,.T.);
#2295=ORIENTED_EDGE('',*,*,#2294,.F.);
#2296=CARTESIAN_POINT('',(-4.811846958,-4.378258806,0.8));
#2297=VERTEX_POINT('',#2296);
#2298=CARTESIAN_POINT('',(-7.01290672,-4.378258806,0.8));
#2299=DIRECTION('',(1.,0.,-0.));
#2300=VECTOR('',#2299,2.201059762);
#2301=LINE('',#2298,#2300);
#2302=EDGE_CURVE('',#2287,#2297,#2301,.T.);
#2303=ORIENTED_EDGE('',*,*,#2302,.T.);
#2304=CARTESIAN_POINT('',(-4.339004246,-4.378258806,1.272842712));
#2305=VERTEX_POINT('',#2304);
#2306=CARTESIAN_POINT('',(-4.811846958,-4.378258806,0.8));
#2307=DIRECTION('',(0.707106781,0.,0.707106781));
#2308=VECTOR('',#2307,0.668700576);
#2309=LINE('',#2306,#2308);
#2310=EDGE_CURVE('',#2297,#2305,#2309,.T.);
#2311=ORIENTED_EDGE('',*,*,#2310,.T.);
#2312=CARTESIAN_POINT('',(-4.339004246,-4.378258806,3.3));
#2313=VERTEX_POINT('',#2312);
#2314=CARTESIAN_POINT('',(-4.339004246,-4.378258806,1.272842712));
#2315=DIRECTION('',(0.,0.,1.));
#2316=VECTOR('',#2315,2.027157288);
#2317=LINE('',#2314,#2316);
#2318=EDGE_CURVE('',#2305,#2313,#2317,.T.);
#2319=ORIENTED_EDGE('',*,*,#2318,.T.);
#2320=CARTESIAN_POINT('',(-7.01290672,-4.378258806,3.3));
#2321=DIRECTION('',(1.,0.,-0.));
#2322=VECTOR('',#2321,2.673902474);
#2323=LINE('',#2320,#2322);
#2324=EDGE_CURVE('',#2289,#2313,#2323,.T.);
#2325=ORIENTED_EDGE('',*,*,#2324,.F.);
#2326=EDGE_LOOP('',(#2295,#2303,#2311,#2319,#2325));
#2327=FACE_BOUND('',#2326,.T.);
#2328=ADVANCED_FACE('',(#2285,#2327),#2265,.T.);
#2329=CARTESIAN_POINT('',(-5.289004246,-1.068426767,-0.11));
#2330=DIRECTION('',(0.,1.,0.));
#2331=DIRECTION('',(0.,0.,1.));
#2332=AXIS2_PLACEMENT_3D('',#2329,#2330,#2331);
#2333=PLANE('',#2332);
#2334=CARTESIAN_POINT('',(-4.811846958,-1.068426767,0.8));
#2335=VERTEX_POINT('',#2334);
#2336=CARTESIAN_POINT('',(-5.089004246,-1.068426767,0.8));
#2337=VERTEX_POINT('',#2336);
#2338=CARTESIAN_POINT('',(-4.811846958,-1.068426767,0.8));
#2339=DIRECTION('',(-1.,0.,0.));
#2340=VECTOR('',#2339,0.277157288);
#2341=LINE('',#2338,#2340);
#2342=EDGE_CURVE('',#2335,#2337,#2341,.T.);
#2343=ORIENTED_EDGE('',*,*,#2342,.T.);
#2344=CARTESIAN_POINT('',(-5.089004246,-1.068426767,3.3));
#2345=VERTEX_POINT('',#2344);
#2346=CARTESIAN_POINT('',(-5.089004246,-1.068426767,0.8));
#2347=DIRECTION('',(0.,0.,1.));
#2348=VECTOR('',#2347,2.5);
#2349=LINE('',#2346,#2348);
#2350=EDGE_CURVE('',#2337,#2345,#2349,.T.);
#2351=ORIENTED_EDGE('',*,*,#2350,.T.);
#2352=CARTESIAN_POINT('',(-4.339004246,-1.068426767,3.3));
#2353=VERTEX_POINT('',#2352);
#2354=CARTESIAN_POINT('',(-4.339004246,-1.068426767,3.3));
#2355=DIRECTION('',(-1.,0.,0.));
#2356=VECTOR('',#2355,0.75);
#2357=LINE('',#2354,#2356);
#2358=EDGE_CURVE('',#2353,#2345,#2357,.T.);
#2359=ORIENTED_EDGE('',*,*,#2358,.F.);
#2360=CARTESIAN_POINT('',(-4.339004246,-1.068426767,1.272842712));
#2361=VERTEX_POINT('',#2360);
#2362=CARTESIAN_POINT('',(-4.339004246,-1.068426767,1.272842712));
#2363=DIRECTION('',(0.,0.,1.));
#2364=VECTOR('',#2363,2.027157288);
#2365=LINE('',#2362,#2364);
#2366=EDGE_CURVE('',#2361,#2353,#2365,.T.);
#2367=ORIENTED_EDGE('',*,*,#2366,.F.);
#2368=CARTESIAN_POINT('',(-4.339004246,-1.068426767,1.272842712));
#2369=DIRECTION('',(-0.707106781,0.,-0.707106781));
#2370=VECTOR('',#2369,0.668700576);
#2371=LINE('',#2368,#2370);
#2372=EDGE_CURVE('',#2361,#2335,#2371,.T.);
#2373=ORIENTED_EDGE('',*,*,#2372,.T.);
#2374=EDGE_LOOP('',(#2343,#2351,#2359,#2367,#2373));
#2375=FACE_BOUND('',#2374,.T.);
#2376=ADVANCED_FACE('',(#2375),#2333,.T.);
#2377=CARTESIAN_POINT('',(-4.339004246,-2.993860864,-0.11));
#2378=DIRECTION('',(1.,0.,0.));
#2379=DIRECTION('',(0.,0.,-1.));
#2380=AXIS2_PLACEMENT_3D('',#2377,#2378,#2379);
#2381=PLANE('',#2380);
#2382=ORIENTED_EDGE('',*,*,#2318,.F.);
#2383=CARTESIAN_POINT('',(-4.339004246,-4.378258806,1.272842712));
#2384=DIRECTION('',(0.,1.,0.));
#2385=VECTOR('',#2384,3.309832039);
#2386=LINE('',#2383,#2385);
#2387=EDGE_CURVE('',#2305,#2361,#2386,.T.);
#2388=ORIENTED_EDGE('',*,*,#2387,.T.);
#2389=ORIENTED_EDGE('',*,*,#2366,.T.);
#2390=CARTESIAN_POINT('',(-4.339004246,-4.378258806,3.3));
#2391=DIRECTION('',(-0.,1.,-0.));
#2392=VECTOR('',#2391,3.309832039);
#2393=LINE('',#2390,#2392);
#2394=EDGE_CURVE('',#2313,#2353,#2393,.T.);
#2395=ORIENTED_EDGE('',*,*,#2394,.F.);
#2396=EDGE_LOOP('',(#2382,#2388,#2389,#2395));
#2397=FACE_BOUND('',#2396,.T.);
#2398=ADVANCED_FACE('',(#2397),#2381,.T.);
#2399=CARTESIAN_POINT('',(-7.01290672,-3.803776884,-0.11));
#2400=DIRECTION('',(-1.,0.,0.));
#2401=DIRECTION('',(0.,0.,1.));
#2402=AXIS2_PLACEMENT_3D('',#2399,#2400,#2401);
#2403=PLANE('',#2402);
#2404=CARTESIAN_POINT('',(-7.01290672,-2.278258806,0.8));
#2405=VERTEX_POINT('',#2404);
#2406=CARTESIAN_POINT('',(-7.01290672,-4.378258806,0.8));
#2407=DIRECTION('',(0.,1.,0.));
#2408=VECTOR('',#2407,2.1);
#2409=LINE('',#2406,#2408);
#2410=EDGE_CURVE('',#2287,#2405,#2409,.T.);
#2411=ORIENTED_EDGE('',*,*,#2410,.F.);
#2412=ORIENTED_EDGE('',*,*,#2294,.T.);
#2413=CARTESIAN_POINT('',(-7.01290672,-2.278258806,3.3));
#2414=VERTEX_POINT('',#2413);
#2415=CARTESIAN_POINT('',(-7.01290672,-2.278258806,3.3));
#2416=DIRECTION('',(0.,-1.,0.));
#2417=VECTOR('',#2416,2.1);
#2418=LINE('',#2415,#2417);
#2419=EDGE_CURVE('',#2414,#2289,#2418,.T.);
#2420=ORIENTED_EDGE('',*,*,#2419,.F.);
#2421=CARTESIAN_POINT('',(-7.01290672,-2.278258806,0.8));
#2422=DIRECTION('',(0.,0.,1.));
#2423=VECTOR('',#2422,2.5);
#2424=LINE('',#2421,#2423);
#2425=EDGE_CURVE('',#2405,#2414,#2424,.T.);
#2426=ORIENTED_EDGE('',*,*,#2425,.F.);
#2427=EDGE_LOOP('',(#2411,#2412,#2420,#2426));
#2428=FACE_BOUND('',#2427,.T.);
#2429=ADVANCED_FACE('',(#2428),#2403,.T.);
#2430=CARTESIAN_POINT('',(-7.215955483,-2.278258806,-0.11));
#2431=DIRECTION('',(0.,-1.,0.));
#2432=DIRECTION('',(0.,0.,-1.));
#2433=AXIS2_PLACEMENT_3D('',#2430,#2431,#2432);
#2434=PLANE('',#2433);
#2435=CARTESIAN_POINT('',(-6.249004246,-2.278258806,0.8));
#2436=VERTEX_POINT('',#2435);
#2437=CARTESIAN_POINT('',(-6.249004246,-2.278258806,3.3));
#2438=VERTEX_POINT('',#2437);
#2439=CARTESIAN_POINT('',(-6.249004246,-2.278258806,0.8));
#2440=DIRECTION('',(0.,0.,1.));
#2441=VECTOR('',#2440,2.5);
#2442=LINE('',#2439,#2441);
#2443=EDGE_CURVE('',#2436,#2438,#2442,.T.);
#2444=ORIENTED_EDGE('',*,*,#2443,.F.);
#2445=CARTESIAN_POINT('',(-7.01290672,-2.278258806,0.8));
#2446=DIRECTION('',(1.,0.,-0.));
#2447=VECTOR('',#2446,0.763902474);
#2448=LINE('',#2445,#2447);
#2449=EDGE_CURVE('',#2405,#2436,#2448,.T.);
#2450=ORIENTED_EDGE('',*,*,#2449,.F.);
#2451=ORIENTED_EDGE('',*,*,#2425,.T.);
#2452=CARTESIAN_POINT('',(-7.01290672,-2.278258806,3.3));
#2453=DIRECTION('',(1.,0.,-0.));
#2454=VECTOR('',#2453,0.763902474);
#2455=LINE('',#2452,#2454);
#2456=EDGE_CURVE('',#2414,#2438,#2455,.T.);
#2457=ORIENTED_EDGE('',*,*,#2456,.T.);
#2458=EDGE_LOOP('',(#2444,#2450,#2451,#2457));
#2459=FACE_BOUND('',#2458,.T.);
#2460=ADVANCED_FACE('',(#2459),#2434,.F.);
#2461=CARTESIAN_POINT('',(-6.249004246,-1.568342786,-0.11));
#2462=DIRECTION('',(-1.,0.,0.));
#2463=DIRECTION('',(0.,0.,1.));
#2464=AXIS2_PLACEMENT_3D('',#2461,#2462,#2463);
#2465=PLANE('',#2464);
#2466=CARTESIAN_POINT('',(-6.249004246,-1.068426767,0.8));
#2467=VERTEX_POINT('',#2466);
#2468=CARTESIAN_POINT('',(-6.249004246,-1.068426767,0.8));
#2469=DIRECTION('',(0.,-1.,0.));
#2470=VECTOR('',#2469,1.209832039);
#2471=LINE('',#2468,#2470);
#2472=EDGE_CURVE('',#2467,#2436,#2471,.T.);
#2473=ORIENTED_EDGE('',*,*,#2472,.T.);
#2474=ORIENTED_EDGE('',*,*,#2443,.T.);
#2475=CARTESIAN_POINT('',(-6.249004246,-1.068426767,3.3));
#2476=VERTEX_POINT('',#2475);
#2477=CARTESIAN_POINT('',(-6.249004246,-1.068426767,3.3));
#2478=DIRECTION('',(0.,-1.,0.));
#2479=VECTOR('',#2478,1.209832039);
#2480=LINE('',#2477,#2479);
#2481=EDGE_CURVE('',#2476,#2438,#2480,.T.);
#2482=ORIENTED_EDGE('',*,*,#2481,.F.);
#2483=CARTESIAN_POINT('',(-6.249004246,-1.068426767,0.8));
#2484=DIRECTION('',(0.,0.,1.));
#2485=VECTOR('',#2484,2.5);
#2486=LINE('',#2483,#2485);
#2487=EDGE_CURVE('',#2467,#2476,#2486,.T.);
#2488=ORIENTED_EDGE('',*,*,#2487,.F.);
#2489=EDGE_LOOP('',(#2473,#2474,#2482,#2488));
#2490=FACE_BOUND('',#2489,.T.);
#2491=ADVANCED_FACE('',(#2490),#2465,.T.);
#2492=CARTESIAN_POINT('',(-5.289004246,-1.068426767,-0.11));
#2493=DIRECTION('',(0.,1.,0.));
#2494=DIRECTION('',(0.,0.,1.));
#2495=AXIS2_PLACEMENT_3D('',#2492,#2493,#2494);
#2496=PLANE('',#2495);
#2497=CARTESIAN_POINT('',(-5.689157887,-1.068426767,0.8));
#2498=VERTEX_POINT('',#2497);
#2499=CARTESIAN_POINT('',(-5.689157887,-1.068426767,3.3));
#2500=VERTEX_POINT('',#2499);
#2501=CARTESIAN_POINT('',(-5.689157887,-1.068426767,0.8));
#2502=DIRECTION('',(0.,0.,1.));
#2503=VECTOR('',#2502,2.5);
#2504=LINE('',#2501,#2503);
#2505=EDGE_CURVE('',#2498,#2500,#2504,.T.);
#2506=ORIENTED_EDGE('',*,*,#2505,.F.);
#2507=CARTESIAN_POINT('',(-5.689157887,-1.068426767,0.8));
#2508=DIRECTION('',(-1.,0.,0.));
#2509=VECTOR('',#2508,0.559846359);
#2510=LINE('',#2507,#2509);
#2511=EDGE_CURVE('',#2498,#2467,#2510,.T.);
#2512=ORIENTED_EDGE('',*,*,#2511,.T.);
#2513=ORIENTED_EDGE('',*,*,#2487,.T.);
#2514=CARTESIAN_POINT('',(-5.689157887,-1.068426767,3.3));
#2515=DIRECTION('',(-1.,0.,0.));
#2516=VECTOR('',#2515,0.559846359);
#2517=LINE('',#2514,#2516);
#2518=EDGE_CURVE('',#2500,#2476,#2517,.T.);
#2519=ORIENTED_EDGE('',*,*,#2518,.F.);
#2520=EDGE_LOOP('',(#2506,#2512,#2513,#2519));
#2521=FACE_BOUND('',#2520,.T.);
#2522=ADVANCED_FACE('',(#2521),#2496,.T.);
#2523=CARTESIAN_POINT('',(20.660995754,-6.458426767,0.8));
#2524=DIRECTION('',(0.,0.,-1.));
#2525=DIRECTION('',(1.,0.,0.));
#2526=AXIS2_PLACEMENT_3D('',#2523,#2524,#2525);
#2527=PLANE('',#2526);
#2528=ORIENTED_EDGE('',*,*,#2449,.T.);
#2529=ORIENTED_EDGE('',*,*,#2472,.F.);
#2530=ORIENTED_EDGE('',*,*,#2511,.F.);
#2531=CARTESIAN_POINT('',(-5.689157887,-1.568426767,0.8));
#2532=VERTEX_POINT('',#2531);
#2533=CARTESIAN_POINT('',(-5.689157887,-1.568426767,0.8));
#2534=DIRECTION('',(0.,1.,0.));
#2535=VECTOR('',#2534,0.5);
#2536=LINE('',#2533,#2535);
#2537=EDGE_CURVE('',#2532,#2498,#2536,.T.);
#2538=ORIENTED_EDGE('',*,*,#2537,.F.);
#2539=CARTESIAN_POINT('',(-5.089004246,-1.568426767,0.8));
#2540=VERTEX_POINT('',#2539);
#2541=CARTESIAN_POINT('',(-5.689157887,-1.568426767,0.8));
#2542=DIRECTION('',(1.,0.,-0.));
#2543=VECTOR('',#2542,0.600153641);
#2544=LINE('',#2541,#2543);
#2545=EDGE_CURVE('',#2532,#2540,#2544,.T.);
#2546=ORIENTED_EDGE('',*,*,#2545,.T.);
#2547=CARTESIAN_POINT('',(-5.089004246,-1.568426767,0.8));
#2548=DIRECTION('',(0.,1.,0.));
#2549=VECTOR('',#2548,0.5);
#2550=LINE('',#2547,#2549);
#2551=EDGE_CURVE('',#2540,#2337,#2550,.T.);
#2552=ORIENTED_EDGE('',*,*,#2551,.T.);
#2553=ORIENTED_EDGE('',*,*,#2342,.F.);
#2554=CARTESIAN_POINT('',(-4.811846958,-1.068426767,0.8));
#2555=DIRECTION('',(0.,-1.,0.));
#2556=VECTOR('',#2555,3.309832039);
#2557=LINE('',#2554,#2556);
#2558=EDGE_CURVE('',#2335,#2297,#2557,.T.);
#2559=ORIENTED_EDGE('',*,*,#2558,.T.);
#2560=ORIENTED_EDGE('',*,*,#2302,.F.);
#2561=ORIENTED_EDGE('',*,*,#2410,.T.);
#2562=EDGE_LOOP('',(#2528,#2529,#2530,#2538,#2546,#2552,#2553,#2559,#2560,#2561));
#2563=FACE_BOUND('',#2562,.T.);
#2564=ADVANCED_FACE('',(#2563),#2527,.T.);
#2565=CARTESIAN_POINT('',(20.660995754,-6.458426767,3.3));
#2566=DIRECTION('',(0.,0.,-1.));
#2567=DIRECTION('',(1.,0.,0.));
#2568=AXIS2_PLACEMENT_3D('',#2565,#2566,#2567);
#2569=PLANE('',#2568);
#2570=ORIENTED_EDGE('',*,*,#2481,.T.);
#2571=ORIENTED_EDGE('',*,*,#2456,.F.);
#2572=ORIENTED_EDGE('',*,*,#2419,.T.);
#2573=ORIENTED_EDGE('',*,*,#2324,.T.);
#2574=ORIENTED_EDGE('',*,*,#2394,.T.);
#2575=ORIENTED_EDGE('',*,*,#2358,.T.);
#2576=CARTESIAN_POINT('',(-5.089004246,-1.568426767,3.3));
#2577=VERTEX_POINT('',#2576);
#2578=CARTESIAN_POINT('',(-5.089004246,-1.568426767,3.3));
#2579=DIRECTION('',(0.,1.,0.));
#2580=VECTOR('',#2579,0.5);
#2581=LINE('',#2578,#2580);
#2582=EDGE_CURVE('',#2577,#2345,#2581,.T.);
#2583=ORIENTED_EDGE('',*,*,#2582,.F.);
#2584=CARTESIAN_POINT('',(-5.689157887,-1.568426767,3.3));
#2585=VERTEX_POINT('',#2584);
#2586=CARTESIAN_POINT('',(-5.689157887,-1.568426767,3.3));
#2587=DIRECTION('',(1.,0.,-0.));
#2588=VECTOR('',#2587,0.600153641);
#2589=LINE('',#2586,#2588);
#2590=EDGE_CURVE('',#2585,#2577,#2589,.T.);
#2591=ORIENTED_EDGE('',*,*,#2590,.F.);
#2592=CARTESIAN_POINT('',(-5.689157887,-1.568426767,3.3));
#2593=DIRECTION('',(0.,1.,0.));
#2594=VECTOR('',#2593,0.5);
#2595=LINE('',#2592,#2594);
#2596=EDGE_CURVE('',#2585,#2500,#2595,.T.);
#2597=ORIENTED_EDGE('',*,*,#2596,.T.);
#2598=ORIENTED_EDGE('',*,*,#2518,.T.);
#2599=EDGE_LOOP('',(#2570,#2571,#2572,#2573,#2574,#2575,#2583,#2591,#2597,#2598));
#2600=FACE_BOUND('',#2599,.T.);
#2601=ADVANCED_FACE('',(#2600),#2569,.F.);
#2602=CARTESIAN_POINT('',(-5.689157887,-1.308426767,1.34));
#2603=DIRECTION('',(-1.,0.,0.));
#2604=DIRECTION('',(0.,0.,1.));
#2605=AXIS2_PLACEMENT_3D('',#2602,#2603,#2604);
#2606=PLANE('',#2605);
#2607=ORIENTED_EDGE('',*,*,#2537,.T.);
#2608=ORIENTED_EDGE('',*,*,#2505,.T.);
#2609=ORIENTED_EDGE('',*,*,#2596,.F.);
#2610=CARTESIAN_POINT('',(-5.689157887,-1.568426767,0.8));
#2611=DIRECTION('',(0.,0.,1.));
#2612=VECTOR('',#2611,2.5);
#2613=LINE('',#2610,#2612);
#2614=EDGE_CURVE('',#2532,#2585,#2613,.T.);
#2615=ORIENTED_EDGE('',*,*,#2614,.F.);
#2616=EDGE_LOOP('',(#2607,#2608,#2609,#2615));
#2617=FACE_BOUND('',#2616,.T.);
#2618=ADVANCED_FACE('',(#2617),#2606,.F.);
#2619=CARTESIAN_POINT('',(-5.089004246,-1.308426767,1.34));
#2620=DIRECTION('',(1.,0.,0.));
#2621=DIRECTION('',(0.,0.,-1.));
#2622=AXIS2_PLACEMENT_3D('',#2619,#2620,#2621);
#2623=PLANE('',#2622);
#2624=ORIENTED_EDGE('',*,*,#2350,.F.);
#2625=ORIENTED_EDGE('',*,*,#2551,.F.);
#2626=CARTESIAN_POINT('',(-5.089004246,-1.568426767,0.8));
#2627=DIRECTION('',(0.,0.,1.));
#2628=VECTOR('',#2627,2.5);
#2629=LINE('',#2626,#2628);
#2630=EDGE_CURVE('',#2540,#2577,#2629,.T.);
#2631=ORIENTED_EDGE('',*,*,#2630,.T.);
#2632=ORIENTED_EDGE('',*,*,#2582,.T.);
#2633=EDGE_LOOP('',(#2624,#2625,#2631,#2632));
#2634=FACE_BOUND('',#2633,.T.);
#2635=ADVANCED_FACE('',(#2634),#2623,.F.);
#2636=CARTESIAN_POINT('',(-120.387920994,-1.568426767,-428.81));
#2637=DIRECTION('',(0.,-1.,0.));
#2638=DIRECTION('',(1.,0.,0.));
#2639=AXIS2_PLACEMENT_3D('',#2636,#2637,#2638);
#2640=PLANE('',#2639);
#2641=ORIENTED_EDGE('',*,*,#2630,.F.);
#2642=ORIENTED_EDGE('',*,*,#2545,.F.);
#2643=ORIENTED_EDGE('',*,*,#2614,.T.);
#2644=ORIENTED_EDGE('',*,*,#2590,.T.);
#2645=EDGE_LOOP('',(#2641,#2642,#2643,#2644));
#2646=FACE_BOUND('',#2645,.T.);
#2647=ADVANCED_FACE('',(#2646),#2640,.F.);
#2648=CARTESIAN_POINT('',(-4.080425602,-2.993860864,1.531421356));
#2649=DIRECTION('',(-0.707106781,0.,0.707106781));
#2650=DIRECTION('',(0.,1.,0.));
#2651=AXIS2_PLACEMENT_3D('',#2648,#2649,#2650);
#2652=PLANE('',#2651);
#2653=ORIENTED_EDGE('',*,*,#2310,.F.);
#2654=ORIENTED_EDGE('',*,*,#2558,.F.);
#2655=ORIENTED_EDGE('',*,*,#2372,.F.);
#2656=ORIENTED_EDGE('',*,*,#2387,.F.);
#2657=EDGE_LOOP('',(#2653,#2654,#2655,#2656));
#2658=FACE_BOUND('',#2657,.T.);
#2659=ADVANCED_FACE('',(#2658),#2652,.F.);
#2660=CARTESIAN_POINT('',(-345.064367374,-2.400912645,-110.516913522));
#2661=DIRECTION('',(0.,-1.,0.));
#2662=DIRECTION('',(0.,0.,1.));
#2663=AXIS2_PLACEMENT_3D('',#2660,#2661,#2662);
#2664=PLANE('',#2663);
#2665=CARTESIAN_POINT('',(-5.32229988,-2.400912418,2.506168527));
#2666=VERTEX_POINT('',#2665);
#2667=CARTESIAN_POINT('',(-5.664367374,-2.400912632,2.608086478));
#2668=VERTEX_POINT('',#2667);
#2669=CARTESIAN_POINT('',(-5.664367374,-2.400912632,1.983086478));
#2670=DIRECTION('',(0.,-1.,0.));
#2671=DIRECTION('',(0.,0.,1.));
#2672=AXIS2_PLACEMENT_3D('',#2669,#2670,#2671);
#2673=CIRCLE('',#2672,0.625);
#2674=EDGE_CURVE('',#2666,#2668,#2673,.T.);
#2675=ORIENTED_EDGE('',*,*,#2674,.T.);
#2676=CARTESIAN_POINT('',(-6.211143653,-2.400912632,1.680331305));
#2677=VERTEX_POINT('',#2676);
#2678=CARTESIAN_POINT('',(-5.664367374,-2.400912632,1.983086478));
#2679=DIRECTION('',(0.,-1.,0.));
#2680=DIRECTION('',(0.,0.,1.));
#2681=AXIS2_PLACEMENT_3D('',#2678,#2679,#2680);
#2682=CIRCLE('',#2681,0.625);
#2683=EDGE_CURVE('',#2668,#2677,#2682,.T.);
#2684=ORIENTED_EDGE('',*,*,#2683,.T.);
#2685=CARTESIAN_POINT('',(-5.11920986,-2.400912693,1.397559998));
#2686=VERTEX_POINT('',#2685);
#2687=CARTESIAN_POINT('',(-6.211143586,-2.400912645,1.680331192));
#2688=CARTESIAN_POINT('',(-6.19205041,-2.400912645,1.628873969));
#2689=CARTESIAN_POINT('',(-6.166759996,-2.400912645,1.580949042));
#2690=CARTESIAN_POINT('',(-6.135622694,-2.400912645,1.536356719));
#2691=CARTESIAN_POINT('',(-6.104485393,-2.400912645,1.491764395));
#2692=CARTESIAN_POINT('',(-6.067418624,-2.400912645,1.450903927));
#2693=CARTESIAN_POINT('',(-6.026320056,-2.400912645,1.415686475));
#2694=CARTESIAN_POINT('',(-5.985221487,-2.400912645,1.380469023));
#2695=CARTESIAN_POINT('',(-5.939146589,-2.400912645,1.349891198));
#2696=CARTESIAN_POINT('',(-5.890796315,-2.400912645,1.325296512));
#2697=CARTESIAN_POINT('',(-5.842446041,-2.400912645,1.300701826));
#2698=CARTESIAN_POINT('',(-5.791500343,-2.400912645,1.28184307));
#2699=CARTESIAN_POINT('',(-5.738269423,-2.400912645,1.26901018));
#2700=CARTESIAN_POINT('',(-5.685038502,-2.400912645,1.256177289));
#2701=CARTESIAN_POINT('',(-5.631279459,-2.400912645,1.249845609));
#2702=CARTESIAN_POINT('',(-5.577056924,-2.400912645,1.249219531));
#2703=CARTESIAN_POINT('',(-5.522834389,-2.400912645,1.248593454));
#2704=CARTESIAN_POINT('',(-5.467889733,-2.400912645,1.253998376));
#2705=CARTESIAN_POINT('',(-5.414968869,-2.400912645,1.265109545));
#2706=CARTESIAN_POINT('',(-5.30912714,-2.400912645,1.287331883));
#2707=CARTESIAN_POINT('',(-5.207835774,-2.400912645,1.333158508));
#2708=CARTESIAN_POINT('',(-5.119209274,-2.400912645,1.397560323));
#2709=B_SPLINE_CURVE_WITH_KNOTS('',3,(#2687,#2688,#2689,#2690,#2691,#2692,#2693,#2694,#2695,#2696,#2697,#2698,#2699,#2700,#2701,#2702,#2703,#2704,#2705,#2706,#2707,#2708),.UNSPECIFIED.,.F.,.F.,(4,3,3,3,3,3,3,4),(0.,0.00016248,0.00032496,0.00048744,0.00064992,0.0008124,0.00097488,0.00129984),.UNSPECIFIED.);
#2710=EDGE_CURVE('',#2677,#2686,#2709,.T.);
#2711=ORIENTED_EDGE('',*,*,#2710,.T.);
#2712=CARTESIAN_POINT('',(-5.119209494,-2.400912645,1.397560559));
#2713=CARTESIAN_POINT('',(-5.083912478,-2.400912645,1.439486071));
#2714=CARTESIAN_POINT('',(-5.053545141,-2.400912645,1.484306163));
#2715=CARTESIAN_POINT('',(-5.027912426,-2.400912645,1.531906304));
#2716=CARTESIAN_POINT('',(-5.00227971,-2.400912645,1.579506445));
#2717=CARTESIAN_POINT('',(-4.981161168,-2.400912645,1.630551175));
#2718=CARTESIAN_POINT('',(-4.966179738,-2.400912645,1.682656905));
#2719=CARTESIAN_POINT('',(-4.951198309,-2.400912645,1.734762634));
#2720=CARTESIAN_POINT('',(-4.942030448,-2.400912645,1.78793));
#2721=CARTESIAN_POINT('',(-4.93872534,-2.400912645,1.842167982));
#2722=CARTESIAN_POINT('',(-4.935420233,-2.400912645,1.896405964));
#2723=CARTESIAN_POINT('',(-4.93808936,-2.400912645,1.951443738));
#2724=CARTESIAN_POINT('',(-4.946785729,-2.400912645,2.004747211));
#2725=CARTESIAN_POINT('',(-4.955482098,-2.400912645,2.058050683));
#2726=CARTESIAN_POINT('',(-4.970596202,-2.400912645,2.110874974));
#2727=CARTESIAN_POINT('',(-4.991723274,-2.400912645,2.161113198));
#2728=CARTESIAN_POINT('',(-5.012850345,-2.400912645,2.211351421));
#2729=CARTESIAN_POINT('',(-5.039539759,-2.400912645,2.258363299));
#2730=CARTESIAN_POINT('',(-5.071755902,-2.400912645,2.302169488));
#2731=CARTESIAN_POINT('',(-5.136188189,-2.400912645,2.389781867));
#2732=CARTESIAN_POINT('',(-5.22235864,-2.400912645,2.460638741));
#2733=CARTESIAN_POINT('',(-5.322300811,-2.400912645,2.506169379));
#2734=B_SPLINE_CURVE_WITH_KNOTS('',3,(#2712,#2713,#2714,#2715,#2716,#2717,#2718,#2719,#2720,#2721,#2722,#2723,#2724,#2725,#2726,#2727,#2728,#2729,#2730,#2731,#2732,#2733),.UNSPECIFIED.,.F.,.F.,(4,3,3,3,3,3,3,4),(0.,0.000162078,0.000324157,0.000486235,0.000648313,0.000810391,0.00097247,0.001296626),.UNSPECIFIED.);
#2735=EDGE_CURVE('',#2686,#2666,#2734,.T.);
#2736=ORIENTED_EDGE('',*,*,#2735,.T.);
#2737=EDGE_LOOP('',(#2675,#2684,#2711,#2736));
#2738=FACE_BOUND('',#2737,.T.);
#2739=ADVANCED_FACE('',(#2738),#2664,.T.);
#2740=CARTESIAN_POINT('',(-5.238475701,-2.299862693,1.525657486));
#2741=CARTESIAN_POINT('',(-5.192819106,-2.305483048,1.568166299));
#2742=CARTESIAN_POINT('',(-5.154116384,-2.311054836,1.616867117));
#2743=CARTESIAN_POINT('',(-5.123101497,-2.316456462,1.670586478));
#2744=CARTESIAN_POINT('',(-5.123088506,-2.316458725,1.670608978));
#2745=CARTESIAN_POINT('',(-5.123075517,-2.316460987,1.67063148));
#2746=CARTESIAN_POINT('',(-5.12306253,-2.31646325,1.670653981));
#2747=CARTESIAN_POINT('',(-5.067913764,-2.326070485,1.766201961));
#2748=CARTESIAN_POINT('',(-5.039367374,-2.336016268,1.872765735));
#2749=CARTESIAN_POINT('',(-5.039367374,-2.345623129,1.983086478));
#2750=CARTESIAN_POINT('',(-5.039367374,-2.345625392,1.983112459));
#2751=CARTESIAN_POINT('',(-5.039367376,-2.345627654,1.98313844));
#2752=CARTESIAN_POINT('',(-5.039367379,-2.345629917,1.983164421));
#2753=CARTESIAN_POINT('',(-5.039381137,-2.355237152,2.093485782));
#2754=CARTESIAN_POINT('',(-5.067941125,-2.365182934,2.200045913));
#2755=CARTESIAN_POINT('',(-5.123101497,-2.374789795,2.295586479));
#2756=CARTESIAN_POINT('',(-5.123114487,-2.374792058,2.295608979));
#2757=CARTESIAN_POINT('',(-5.123127479,-2.37479432,2.295631479));
#2758=CARTESIAN_POINT('',(-5.123140473,-2.374796583,2.295653977));
#2759=CARTESIAN_POINT('',(-5.178313067,-2.384403819,2.391188198));
#2760=CARTESIAN_POINT('',(-5.256326808,-2.394349601,2.469191984));
#2761=CARTESIAN_POINT('',(-5.351867374,-2.403956463,2.524352356));
#2762=CARTESIAN_POINT('',(-5.351889874,-2.403958725,2.524365346));
#2763=CARTESIAN_POINT('',(-5.351912375,-2.403960988,2.524378336));
#2764=CARTESIAN_POINT('',(-5.351934877,-2.40396325,2.524391323));
#2765=CARTESIAN_POINT('',(-5.447482856,-2.413570486,2.579540089));
#2766=CARTESIAN_POINT('',(-5.554046631,-2.423516268,2.608086479));
#2767=CARTESIAN_POINT('',(-5.664367374,-2.433123129,2.608086479));
#2768=CARTESIAN_POINT('',(-5.664393355,-2.433125391,2.608086479));
#2769=CARTESIAN_POINT('',(-5.664419336,-2.433127654,2.608086477));
#2770=CARTESIAN_POINT('',(-5.664445317,-2.433129916,2.608086474));
#2771=CARTESIAN_POINT('',(-5.774766677,-2.442737152,2.608072716));
#2772=CARTESIAN_POINT('',(-5.881326808,-2.452682934,2.579512728));
#2773=CARTESIAN_POINT('',(-5.976867374,-2.462289795,2.524352356));
#2774=CARTESIAN_POINT('',(-5.976889874,-2.462292058,2.524339366));
#2775=CARTESIAN_POINT('',(-5.976912374,-2.46229432,2.524326374));
#2776=CARTESIAN_POINT('',(-5.976934872,-2.462296583,2.524313381));
#2777=CARTESIAN_POINT('',(-6.072469093,-2.471903819,2.469140785));
#2778=CARTESIAN_POINT('',(-6.15047288,-2.481849601,2.391127044));
#2779=CARTESIAN_POINT('',(-6.205633251,-2.491456463,2.295586479));
#2780=CARTESIAN_POINT('',(-6.205646241,-2.491458725,2.295563979));
#2781=CARTESIAN_POINT('',(-6.205659231,-2.491460988,2.295541478));
#2782=CARTESIAN_POINT('',(-6.205672218,-2.49146325,2.295518976));
#2783=CARTESIAN_POINT('',(-6.260820984,-2.501070486,2.199970996));
#2784=CARTESIAN_POINT('',(-6.289367374,-2.511016268,2.093407221));
#2785=CARTESIAN_POINT('',(-6.289367374,-2.520623129,1.983086478));
#2786=CARTESIAN_POINT('',(-6.289367374,-2.520625392,1.983060497));
#2787=CARTESIAN_POINT('',(-6.289367372,-2.520627654,1.983034516));
#2788=CARTESIAN_POINT('',(-6.289367369,-2.520629917,1.983008535));
#2789=CARTESIAN_POINT('',(-6.289353611,-2.530237152,1.872687176));
#2790=CARTESIAN_POINT('',(-6.260793623,-2.540182935,1.766127045));
#2791=CARTESIAN_POINT('',(-6.205633251,-2.549789796,1.670586479));
#2792=CARTESIAN_POINT('',(-6.20562026,-2.549792059,1.670563979));
#2793=CARTESIAN_POINT('',(-6.205607268,-2.549794321,1.670541479));
#2794=CARTESIAN_POINT('',(-6.205594275,-2.549796584,1.67051898));
#2795=CARTESIAN_POINT('',(-6.150421681,-2.559403819,1.574984759));
#2796=CARTESIAN_POINT('',(-6.07240794,-2.569349601,1.496980973));
#2797=CARTESIAN_POINT('',(-5.976867374,-2.578956462,1.441820601));
#2798=CARTESIAN_POINT('',(-5.976844874,-2.578958725,1.441807611));
#2799=CARTESIAN_POINT('',(-5.976822373,-2.578960987,1.441794622));
#2800=CARTESIAN_POINT('',(-5.976799871,-2.57896325,1.441781634));
#2801=CARTESIAN_POINT('',(-5.881251891,-2.588570486,1.386632869));
#2802=CARTESIAN_POINT('',(-5.774688117,-2.598516268,1.358086479));
#2803=CARTESIAN_POINT('',(-5.664367374,-2.608123129,1.358086479));
#2804=CARTESIAN_POINT('',(-5.664341393,-2.608125391,1.358086479));
#2805=CARTESIAN_POINT('',(-5.664315412,-2.608127654,1.35808648));
#2806=CARTESIAN_POINT('',(-5.664289431,-2.608129916,1.358086484));
#2807=CARTESIAN_POINT('',(-5.553968071,-2.617737152,1.358100242));
#2808=CARTESIAN_POINT('',(-5.44740794,-2.627682935,1.38666023));
#2809=CARTESIAN_POINT('',(-5.351867374,-2.637289796,1.441820602));
#2810=CARTESIAN_POINT('',(-5.351844874,-2.637292059,1.441833592));
#2811=CARTESIAN_POINT('',(-5.351822374,-2.637294321,1.441846584));
#2812=CARTESIAN_POINT('',(-5.351799876,-2.637296584,1.441859577));
#2813=CARTESIAN_POINT('',(-5.256265654,-2.646903819,1.497032172));
#2814=CARTESIAN_POINT('',(-5.178261868,-2.656849601,1.575045912));
#2815=CARTESIAN_POINT('',(-5.123101497,-2.666456462,1.670586479));
#2816=CARTESIAN_POINT('',(-5.123088506,-2.666458725,1.670608979));
#2817=CARTESIAN_POINT('',(-5.123075517,-2.666460987,1.67063148));
#2818=CARTESIAN_POINT('',(-5.12306253,-2.66646325,1.670653982));
#2819=CARTESIAN_POINT('',(-5.067913764,-2.676070485,1.766201961));
#2820=CARTESIAN_POINT('',(-5.039367374,-2.686016268,1.872765736));
#2821=CARTESIAN_POINT('',(-5.039367374,-2.695623129,1.983086478));
#2822=CARTESIAN_POINT('',(-5.039367374,-2.695625392,1.983112459));
#2823=CARTESIAN_POINT('',(-5.039367376,-2.695627654,1.983138441));
#2824=CARTESIAN_POINT('',(-5.039367379,-2.695629917,1.983164422));
#2825=CARTESIAN_POINT('',(-5.039381137,-2.705237153,2.093485781));
#2826=CARTESIAN_POINT('',(-5.067941125,-2.715182935,2.200045912));
#2827=CARTESIAN_POINT('',(-5.123101497,-2.724789795,2.295586478));
#2828=CARTESIAN_POINT('',(-5.123114487,-2.724792058,2.295608979));
#2829=CARTESIAN_POINT('',(-5.123127479,-2.72479432,2.295631478));
#2830=CARTESIAN_POINT('',(-5.123140473,-2.724796583,2.295653977));
#2831=CARTESIAN_POINT('',(-5.178313067,-2.734403819,2.391188198));
#2832=CARTESIAN_POINT('',(-5.256326808,-2.744349601,2.469191985));
#2833=CARTESIAN_POINT('',(-5.351867374,-2.753956463,2.524352356));
#2834=CARTESIAN_POINT('',(-5.351889874,-2.753958725,2.524365347));
#2835=CARTESIAN_POINT('',(-5.351912375,-2.753960988,2.524378336));
#2836=CARTESIAN_POINT('',(-5.351934877,-2.75396325,2.524391324));
#2837=CARTESIAN_POINT('',(-5.447482856,-2.763570486,2.579540089));
#2838=CARTESIAN_POINT('',(-5.554046631,-2.773516268,2.608086479));
#2839=CARTESIAN_POINT('',(-5.664367374,-2.783123129,2.608086479));
#2840=CARTESIAN_POINT('',(-5.664393355,-2.783125391,2.608086479));
#2841=CARTESIAN_POINT('',(-5.664419336,-2.783127654,2.608086477));
#2842=CARTESIAN_POINT('',(-5.664445317,-2.783129917,2.608086474));
#2843=CARTESIAN_POINT('',(-5.774766677,-2.792737152,2.608072716));
#2844=CARTESIAN_POINT('',(-5.881326808,-2.802682934,2.579512727));
#2845=CARTESIAN_POINT('',(-5.976867374,-2.812289795,2.524352356));
#2846=CARTESIAN_POINT('',(-5.976889874,-2.812292058,2.524339365));
#2847=CARTESIAN_POINT('',(-5.976912374,-2.81229432,2.524326373));
#2848=CARTESIAN_POINT('',(-5.976934872,-2.812296583,2.52431338));
#2849=CARTESIAN_POINT('',(-6.072469093,-2.821903819,2.469140785));
#2850=CARTESIAN_POINT('',(-6.15047288,-2.831849601,2.391127045));
#2851=CARTESIAN_POINT('',(-6.205633251,-2.841456463,2.295586479));
#2852=CARTESIAN_POINT('',(-6.205646241,-2.841458725,2.295563979));
#2853=CARTESIAN_POINT('',(-6.205659231,-2.841460988,2.295541478));
#2854=CARTESIAN_POINT('',(-6.205672218,-2.84146325,2.295518976));
#2855=CARTESIAN_POINT('',(-6.260820984,-2.851070486,2.199970997));
#2856=CARTESIAN_POINT('',(-6.289367374,-2.861016268,2.093407222));
#2857=CARTESIAN_POINT('',(-6.289367374,-2.870623129,1.983086479));
#2858=CARTESIAN_POINT('',(-6.289367374,-2.870625392,1.983060498));
#2859=CARTESIAN_POINT('',(-6.289367372,-2.870627654,1.983034517));
#2860=CARTESIAN_POINT('',(-6.289367369,-2.870629917,1.983008535));
#2861=CARTESIAN_POINT('',(-6.289353611,-2.880237152,1.872687176));
#2862=CARTESIAN_POINT('',(-6.260793623,-2.890182935,1.766127045));
#2863=CARTESIAN_POINT('',(-6.205633251,-2.899789796,1.670586479));
#2864=CARTESIAN_POINT('',(-6.20562026,-2.899792059,1.670563979));
#2865=CARTESIAN_POINT('',(-6.205607268,-2.899794321,1.670541479));
#2866=CARTESIAN_POINT('',(-6.205594275,-2.899796584,1.670518981));
#2867=CARTESIAN_POINT('',(-6.150421681,-2.909403819,1.574984759));
#2868=CARTESIAN_POINT('',(-6.07240794,-2.919349601,1.496980973));
#2869=CARTESIAN_POINT('',(-5.976867374,-2.928956463,1.441820602));
#2870=CARTESIAN_POINT('',(-5.976844874,-2.928958725,1.441807611));
#2871=CARTESIAN_POINT('',(-5.976822373,-2.928960987,1.441794622));
#2872=CARTESIAN_POINT('',(-5.976799871,-2.92896325,1.441781634));
#2873=CARTESIAN_POINT('',(-5.881251891,-2.938570486,1.386632869));
#2874=CARTESIAN_POINT('',(-5.774688117,-2.948516268,1.358086479));
#2875=CARTESIAN_POINT('',(-5.664367374,-2.958123129,1.358086479));
#2876=CARTESIAN_POINT('',(-5.664341393,-2.958125391,1.358086479));
#2877=CARTESIAN_POINT('',(-5.664315412,-2.958127654,1.358086481));
#2878=CARTESIAN_POINT('',(-5.664289431,-2.958129916,1.358086484));
#2879=CARTESIAN_POINT('',(-5.553968071,-2.967737152,1.358100242));
#2880=CARTESIAN_POINT('',(-5.44740794,-2.977682935,1.38666023));
#2881=CARTESIAN_POINT('',(-5.351867374,-2.987289796,1.441820601));
#2882=CARTESIAN_POINT('',(-5.351844874,-2.987292059,1.441833591));
#2883=CARTESIAN_POINT('',(-5.351822374,-2.987294321,1.441846583));
#2884=CARTESIAN_POINT('',(-5.351799876,-2.987296584,1.441859577));
#2885=CARTESIAN_POINT('',(-5.256265654,-2.996903819,1.497032172));
#2886=CARTESIAN_POINT('',(-5.178261868,-3.006849601,1.575045913));
#2887=CARTESIAN_POINT('',(-5.123101497,-3.016456463,1.670586479));
#2888=CARTESIAN_POINT('',(-5.123088506,-3.016458725,1.670608979));
#2889=CARTESIAN_POINT('',(-5.123075517,-3.016460987,1.67063148));
#2890=CARTESIAN_POINT('',(-5.12306253,-3.01646325,1.670653982));
#2891=CARTESIAN_POINT('',(-5.067913764,-3.026070486,1.766201961));
#2892=CARTESIAN_POINT('',(-5.039367374,-3.036016268,1.872765736));
#2893=CARTESIAN_POINT('',(-5.039367374,-3.045623129,1.983086479));
#2894=CARTESIAN_POINT('',(-5.039367374,-3.045625392,1.98311246));
#2895=CARTESIAN_POINT('',(-5.039367376,-3.045627654,1.983138441));
#2896=CARTESIAN_POINT('',(-5.039367379,-3.045629917,1.983164422));
#2897=CARTESIAN_POINT('',(-5.039381137,-3.055237153,2.093485782));
#2898=CARTESIAN_POINT('',(-5.067941125,-3.065182935,2.200045913));
#2899=CARTESIAN_POINT('',(-5.123101497,-3.074789795,2.295586479));
#2900=CARTESIAN_POINT('',(-5.123114487,-3.074792058,2.295608979));
#2901=CARTESIAN_POINT('',(-5.123127479,-3.07479432,2.295631478));
#2902=CARTESIAN_POINT('',(-5.123140473,-3.074796583,2.295653977));
#2903=CARTESIAN_POINT('',(-5.172290211,-3.083355056,2.380759309));
#2904=CARTESIAN_POINT('',(-5.239869856,-3.092221433,2.452264778));
#2905=CARTESIAN_POINT('',(-5.322304537,-3.100912909,2.506171573));
#2906=CARTESIAN_POINT('',(-5.11920986,-2.400912693,1.397559998));
#2907=CARTESIAN_POINT('',(-5.060767685,-2.406533048,1.451972893));
#2908=CARTESIAN_POINT('',(-5.011226731,-2.412104836,1.51431179));
#2909=CARTESIAN_POINT('',(-4.971526497,-2.417506462,1.583074612));
#2910=CARTESIAN_POINT('',(-4.971509869,-2.417508725,1.583103413));
#2911=CARTESIAN_POINT('',(-4.971493242,-2.417510987,1.583132215));
#2912=CARTESIAN_POINT('',(-4.971476617,-2.41751325,1.583161018));
#2913=CARTESIAN_POINT('',(-4.900884104,-2.427120485,1.70546606));
#2914=CARTESIAN_POINT('',(-4.86434364,-2.437066268,1.841871738));
#2915=CARTESIAN_POINT('',(-4.86434364,-2.44667313,1.983086479));
#2916=CARTESIAN_POINT('',(-4.86434364,-2.446675392,1.983119735));
#2917=CARTESIAN_POINT('',(-4.864343642,-2.446677654,1.983152992));
#2918=CARTESIAN_POINT('',(-4.864343646,-2.446679917,1.983186249));
#2919=CARTESIAN_POINT('',(-4.864361257,-2.456287153,2.124401779));
#2920=CARTESIAN_POINT('',(-4.900919127,-2.466232935,2.260802794));
#2921=CARTESIAN_POINT('',(-4.971526497,-2.475839796,2.383098346));
#2922=CARTESIAN_POINT('',(-4.971543125,-2.475842058,2.383127147));
#2923=CARTESIAN_POINT('',(-4.971559755,-2.475844321,2.383155947));
#2924=CARTESIAN_POINT('',(-4.971576387,-2.475846584,2.383184747));
#2925=CARTESIAN_POINT('',(-5.042199403,-2.485453819,2.505472177));
#2926=CARTESIAN_POINT('',(-5.142059954,-2.495399601,2.605319986));
#2927=CARTESIAN_POINT('',(-5.264355507,-2.505006462,2.675927356));
#2928=CARTESIAN_POINT('',(-5.264384308,-2.505008725,2.675943984));
#2929=CARTESIAN_POINT('',(-5.26441311,-2.505010987,2.675960611));
#2930=CARTESIAN_POINT('',(-5.264441914,-2.50501325,2.675977236));
#2931=CARTESIAN_POINT('',(-5.386746956,-2.514620486,2.746569749));
#2932=CARTESIAN_POINT('',(-5.523152634,-2.524566268,2.783110213));
#2933=CARTESIAN_POINT('',(-5.664367374,-2.534173129,2.783110213));
#2934=CARTESIAN_POINT('',(-5.664400631,-2.534175392,2.783110213));
#2935=CARTESIAN_POINT('',(-5.664433887,-2.534177654,2.783110211));
#2936=CARTESIAN_POINT('',(-5.664467144,-2.534179917,2.783110207));
#2937=CARTESIAN_POINT('',(-5.805682674,-2.543787152,2.783092596));
#2938=CARTESIAN_POINT('',(-5.942083688,-2.553732935,2.746534726));
#2939=CARTESIAN_POINT('',(-6.064379241,-2.563339796,2.675927356));
#2940=CARTESIAN_POINT('',(-6.064408042,-2.563342058,2.675910728));
#2941=CARTESIAN_POINT('',(-6.064436842,-2.563344321,2.675894098));
#2942=CARTESIAN_POINT('',(-6.064465641,-2.563346584,2.675877466));
#2943=CARTESIAN_POINT('',(-6.186753072,-2.572953819,2.605254449));
#2944=CARTESIAN_POINT('',(-6.286600881,-2.582899601,2.505393899));
#2945=CARTESIAN_POINT('',(-6.357208251,-2.592506462,2.383098346));
#2946=CARTESIAN_POINT('',(-6.357224879,-2.592508725,2.383069545));
#2947=CARTESIAN_POINT('',(-6.357241506,-2.592510987,2.383040743));
#2948=CARTESIAN_POINT('',(-6.357258131,-2.59251325,2.383011939));
#2949=CARTESIAN_POINT('',(-6.427850644,-2.602120486,2.260706897));
#2950=CARTESIAN_POINT('',(-6.464391108,-2.612066268,2.124301219));
#2951=CARTESIAN_POINT('',(-6.464391108,-2.621673129,1.983086479));
#2952=CARTESIAN_POINT('',(-6.464391108,-2.621675391,1.983053222));
#2953=CARTESIAN_POINT('',(-6.464391106,-2.621677654,1.983019966));
#2954=CARTESIAN_POINT('',(-6.464391102,-2.621679916,1.982986709));
#2955=CARTESIAN_POINT('',(-6.464373491,-2.631287152,1.841771178));
#2956=CARTESIAN_POINT('',(-6.427815621,-2.641232935,1.705370164));
#2957=CARTESIAN_POINT('',(-6.357208251,-2.650839796,1.583074612));
#2958=CARTESIAN_POINT('',(-6.357191623,-2.650842058,1.583045811));
#2959=CARTESIAN_POINT('',(-6.357174992,-2.650844321,1.583017011));
#2960=CARTESIAN_POINT('',(-6.35715836,-2.650846583,1.582988212));
#2961=CARTESIAN_POINT('',(-6.286535345,-2.660453819,1.460700781));
#2962=CARTESIAN_POINT('',(-6.186674794,-2.670399601,1.360852972));
#2963=CARTESIAN_POINT('',(-6.064379241,-2.680006462,1.290245602));
#2964=CARTESIAN_POINT('',(-6.06435044,-2.680008725,1.290228973));
#2965=CARTESIAN_POINT('',(-6.064321638,-2.680010987,1.290212347));
#2966=CARTESIAN_POINT('',(-6.064292834,-2.68001325,1.290195722));
#2967=CARTESIAN_POINT('',(-5.941987792,-2.689620486,1.219603209));
#2968=CARTESIAN_POINT('',(-5.805582114,-2.699566268,1.183062745));
#2969=CARTESIAN_POINT('',(-5.664367374,-2.709173129,1.183062745));
#2970=CARTESIAN_POINT('',(-5.664334117,-2.709175391,1.183062745));
#2971=CARTESIAN_POINT('',(-5.664300861,-2.709177654,1.183062747));
#2972=CARTESIAN_POINT('',(-5.664267604,-2.709179916,1.183062751));
#2973=CARTESIAN_POINT('',(-5.523052074,-2.718787152,1.183080362));
#2974=CARTESIAN_POINT('',(-5.38665106,-2.728732935,1.219638231));
#2975=CARTESIAN_POINT('',(-5.264355507,-2.738339796,1.290245601));
#2976=CARTESIAN_POINT('',(-5.264326706,-2.738342058,1.290262229));
#2977=CARTESIAN_POINT('',(-5.264297906,-2.738344321,1.290278859));
#2978=CARTESIAN_POINT('',(-5.264269106,-2.738346583,1.290295491));
#2979=CARTESIAN_POINT('',(-5.141981675,-2.747953819,1.360918508));
#2980=CARTESIAN_POINT('',(-5.042133867,-2.757899601,1.460779059));
#2981=CARTESIAN_POINT('',(-4.971526497,-2.767506462,1.583074612));
#2982=CARTESIAN_POINT('',(-4.971509869,-2.767508725,1.583103413));
#2983=CARTESIAN_POINT('',(-4.971493242,-2.767510987,1.583132215));
#2984=CARTESIAN_POINT('',(-4.971476617,-2.76751325,1.583161018));
#2985=CARTESIAN_POINT('',(-4.900884104,-2.777120485,1.70546606));
#2986=CARTESIAN_POINT('',(-4.86434364,-2.787066268,1.841871739));
#2987=CARTESIAN_POINT('',(-4.86434364,-2.796673129,1.983086479));
#2988=CARTESIAN_POINT('',(-4.86434364,-2.796675391,1.983119736));
#2989=CARTESIAN_POINT('',(-4.864343642,-2.796677654,1.983152992));
#2990=CARTESIAN_POINT('',(-4.864343646,-2.796679916,1.983186249));
#2991=CARTESIAN_POINT('',(-4.864361257,-2.806287152,2.124401779));
#2992=CARTESIAN_POINT('',(-4.900919127,-2.816232935,2.260802793));
#2993=CARTESIAN_POINT('',(-4.971526497,-2.825839796,2.383098345));
#2994=CARTESIAN_POINT('',(-4.971543125,-2.825842059,2.383127146));
#2995=CARTESIAN_POINT('',(-4.971559755,-2.825844321,2.383155947));
#2996=CARTESIAN_POINT('',(-4.971576387,-2.825846584,2.383184746));
#2997=CARTESIAN_POINT('',(-5.042199403,-2.835453819,2.505472177));
#2998=CARTESIAN_POINT('',(-5.142059954,-2.845399602,2.605319986));
#2999=CARTESIAN_POINT('',(-5.264355507,-2.855006462,2.675927356));
#3000=CARTESIAN_POINT('',(-5.264384308,-2.855008725,2.675943984));
#3001=CARTESIAN_POINT('',(-5.26441311,-2.855010987,2.675960611));
#3002=CARTESIAN_POINT('',(-5.264441914,-2.85501325,2.675977236));
#3003=CARTESIAN_POINT('',(-5.386746956,-2.864620486,2.746569749));
#3004=CARTESIAN_POINT('',(-5.523152634,-2.874566268,2.783110213));
#3005=CARTESIAN_POINT('',(-5.664367374,-2.884173129,2.783110213));
#3006=CARTESIAN_POINT('',(-5.664400631,-2.884175392,2.783110213));
#3007=CARTESIAN_POINT('',(-5.664433887,-2.884177654,2.783110211));
#3008=CARTESIAN_POINT('',(-5.664467144,-2.884179917,2.783110207));
#3009=CARTESIAN_POINT('',(-5.805682674,-2.893787152,2.783092596));
#3010=CARTESIAN_POINT('',(-5.942083688,-2.903732935,2.746534727));
#3011=CARTESIAN_POINT('',(-6.064379241,-2.913339796,2.675927357));
#3012=CARTESIAN_POINT('',(-6.064408042,-2.913342059,2.675910728));
#3013=CARTESIAN_POINT('',(-6.064436842,-2.913344321,2.675894098));
#3014=CARTESIAN_POINT('',(-6.064465641,-2.913346584,2.675877466));
#3015=CARTESIAN_POINT('',(-6.186753072,-2.922953819,2.605254449));
#3016=CARTESIAN_POINT('',(-6.286600881,-2.932899601,2.505393898));
#3017=CARTESIAN_POINT('',(-6.357208251,-2.942506462,2.383098346));
#3018=CARTESIAN_POINT('',(-6.357224879,-2.942508725,2.383069545));
#3019=CARTESIAN_POINT('',(-6.357241506,-2.942510987,2.383040743));
#3020=CARTESIAN_POINT('',(-6.357258131,-2.94251325,2.383011939));
#3021=CARTESIAN_POINT('',(-6.427850644,-2.952120486,2.260706898));
#3022=CARTESIAN_POINT('',(-6.464391108,-2.962066268,2.124301219));
#3023=CARTESIAN_POINT('',(-6.464391108,-2.971673129,1.983086479));
#3024=CARTESIAN_POINT('',(-6.464391108,-2.971675391,1.983053223));
#3025=CARTESIAN_POINT('',(-6.464391106,-2.971677654,1.983019966));
#3026=CARTESIAN_POINT('',(-6.464391102,-2.971679916,1.982986709));
#3027=CARTESIAN_POINT('',(-6.464373491,-2.981287152,1.841771179));
#3028=CARTESIAN_POINT('',(-6.427815621,-2.991232935,1.705370164));
#3029=CARTESIAN_POINT('',(-6.357208251,-3.000839796,1.583074611));
#3030=CARTESIAN_POINT('',(-6.357191623,-3.000842058,1.58304581));
#3031=CARTESIAN_POINT('',(-6.357174992,-3.000844321,1.58301701));
#3032=CARTESIAN_POINT('',(-6.35715836,-3.000846583,1.582988211));
#3033=CARTESIAN_POINT('',(-6.286535345,-3.010453819,1.460700781));
#3034=CARTESIAN_POINT('',(-6.186674794,-3.020399601,1.360852972));
#3035=CARTESIAN_POINT('',(-6.064379241,-3.030006462,1.290245602));
#3036=CARTESIAN_POINT('',(-6.06435044,-3.030008725,1.290228974));
#3037=CARTESIAN_POINT('',(-6.064321638,-3.030010987,1.290212347));
#3038=CARTESIAN_POINT('',(-6.064292834,-3.03001325,1.290195722));
#3039=CARTESIAN_POINT('',(-5.941987792,-3.039620486,1.219603208));
#3040=CARTESIAN_POINT('',(-5.805582114,-3.049566268,1.183062745));
#3041=CARTESIAN_POINT('',(-5.664367374,-3.059173129,1.183062745));
#3042=CARTESIAN_POINT('',(-5.664334117,-3.059175391,1.183062745));
#3043=CARTESIAN_POINT('',(-5.664300861,-3.059177654,1.183062747));
#3044=CARTESIAN_POINT('',(-5.664267604,-3.059179916,1.183062751));
#3045=CARTESIAN_POINT('',(-5.523052074,-3.068787153,1.183080362));
#3046=CARTESIAN_POINT('',(-5.38665106,-3.078732935,1.219638231));
#3047=CARTESIAN_POINT('',(-5.264355507,-3.088339796,1.290245601));
#3048=CARTESIAN_POINT('',(-5.264326706,-3.088342058,1.29026223));
#3049=CARTESIAN_POINT('',(-5.264297906,-3.088344321,1.29027886));
#3050=CARTESIAN_POINT('',(-5.264269106,-3.088346583,1.290295492));
#3051=CARTESIAN_POINT('',(-5.141981675,-3.097953819,1.360918508));
#3052=CARTESIAN_POINT('',(-5.042133867,-3.107899601,1.46077906));
#3053=CARTESIAN_POINT('',(-4.971526497,-3.117506462,1.583074612));
#3054=CARTESIAN_POINT('',(-4.971509869,-3.117508725,1.583103413));
#3055=CARTESIAN_POINT('',(-4.971493242,-3.117510987,1.583132215));
#3056=CARTESIAN_POINT('',(-4.971476617,-3.11751325,1.583161019));
#3057=CARTESIAN_POINT('',(-4.900884104,-3.127120485,1.70546606));
#3058=CARTESIAN_POINT('',(-4.86434364,-3.137066268,1.841871738));
#3059=CARTESIAN_POINT('',(-4.86434364,-3.146673129,1.983086478));
#3060=CARTESIAN_POINT('',(-4.86434364,-3.146675391,1.983119735));
#3061=CARTESIAN_POINT('',(-4.864343642,-3.146677654,1.983152992));
#3062=CARTESIAN_POINT('',(-4.864343646,-3.146679916,1.983186249));
#3063=CARTESIAN_POINT('',(-4.864361257,-3.156287153,2.124401779));
#3064=CARTESIAN_POINT('',(-4.900919127,-3.166232935,2.260802793));
#3065=CARTESIAN_POINT('',(-4.971526497,-3.175839796,2.383098346));
#3066=CARTESIAN_POINT('',(-4.971543125,-3.175842059,2.383127147));
#3067=CARTESIAN_POINT('',(-4.971559755,-3.175844321,2.383155947));
#3068=CARTESIAN_POINT('',(-4.971576387,-3.175846584,2.383184746));
#3069=CARTESIAN_POINT('',(-5.034489919,-3.184405056,2.492122803));
#3070=CARTESIAN_POINT('',(-5.120994431,-3.193271433,2.583652518));
#3071=CARTESIAN_POINT('',(-5.226513953,-3.201962909,2.652655263));
#3072=(BOUNDED_SURFACE()
B_SPLINE_SURFACE(1,3,((#2740,#2741,#2742,#2743,#2744,#2745,#2746,#2747,#2748,#2749,#2750,#2751,#2752,#2753,#2754,#2755,#2756,#2757,#2758,#2759,#2760,#2761,#2762,#2763,#2764,#2765,
#2766,#2767,#2768,#2769,#2770,#2771,#2772,#2773,#2774,#2775,#2776,#2777,#2778,#2779,#2780,#2781,#2782,#2783,#2784,#2785,#2786,#2787,#2788,#2789,#2790,
#2791,#2792,#2793,#2794,#2795,#2796,#2797,#2798,#2799,#2800,#2801,#2802,#2803,#2804,#2805,#2806,#2807,#2808,#2809,#2810,#2811,#2812,#2813,#2814,#2815,
#2816,#2817,#2818,#2819,#2820,#2821,#2822,#2823,#2824,#2825,#2826,#2827,#2828,#2829,#2830,#2831,#2832,#2833,#2834,#2835,#2836,#2837,#2838,#2839,#2840,
#2841,#2842,#2843,#2844,#2845,#2846,#2847,#2848,#2849,#2850,#2851,#2852,#2853,#2854,#2855,#2856,#2857,#2858,#2859,#2860,#2861,#2862,#2863,#2864,#2865,
#2866,#2867,#2868,#2869,#2870,#2871,#2872,#2873,#2874,#2875,#2876,#2877,#2878,#2879,#2880,#2881,#2882,#2883,#2884,#2885,#2886,#2887,#2888,#2889,#2890,
#2891,#2892,#2893,#2894,#2895,#2896,#2897,#2898,#2899,#2900,#2901,#2902,#2903,#2904,#2905),(#2906,#2907,#2908,#2909,#2910,#2911,#2912,#2913,#2914,#2915,#2916,#2917,#2918,#2919,#2920,#2921,#2922,#2923,#2924,#2925,#2926,#2927,#2928,#2929,#2930,#2931,
#2932,#2933,#2934,#2935,#2936,#2937,#2938,#2939,#2940,#2941,#2942,#2943,#2944,#2945,#2946,#2947,#2948,#2949,#2950,#2951,#2952,#2953,#2954,#2955,#2956,
#2957,#2958,#2959,#2960,#2961,#2962,#2963,#2964,#2965,#2966,#2967,#2968,#2969,#2970,#2971,#2972,#2973,#2974,#2975,#2976,#2977,#2978,#2979,#2980,#2981,
#2982,#2983,#2984,#2985,#2986,#2987,#2988,#2989,#2990,#2991,#2992,#2993,#2994,#2995,#2996,#2997,#2998,#2999,#3000,#3001,#3002,#3003,#3004,#3005,#3006,
#3007,#3008,#3009,#3010,#3011,#3012,#3013,#3014,#3015,#3016,#3017,#3018,#3019,#3020,#3021,#3022,#3023,#3024,#3025,#3026,#3027,#3028,#3029,#3030,#3031,
#3032,#3033,#3034,#3035,#3036,#3037,#3038,#3039,#3040,#3041,#3042,#3043,#3044,#3045,#3046,#3047,#3048,#3049,#3050,#3051,#3052,#3053,#3054,#3055,#3056,
#3057,#3058,#3059,#3060,#3061,#3062,#3063,#3064,#3065,#3066,#3067,#3068,#3069,#3070,#3071)),.UNSPECIFIED.,.F.,.F.,.U.)
B_SPLINE_SURFACE_WITH_KNOTS((2,2),(4,3,3,3,3,3,3,3,3,3,3,3,3,3,3,3,3,3,3,3,3,3,3,3,3,3,
3,3,3,3,3,3,3,3,3,3,3,3,3,3,3,3,3,3,3,3,3,3,3,3,3,
3,3,3,3,4),(0.,1.),(0.68718622,0.689814815,0.68981593,0.694444444,0.694445559,0.699074074,0.699075189,0.703703704,0.703704819,0.708333333,0.708334448,0.712962963,0.712964078,0.717592593,0.717593708,0.722222222,0.722223337,0.726851852,0.726852967,0.731481481,0.731482596,0.736111111,0.736112226,0.740740741,0.740741856,0.74537037,
0.745371485,0.75,0.750001115,0.75462963,0.754630745,0.759259259,0.759260374,0.763888889,0.763890004,0.768518519,0.768519634,0.773148148,0.773149263,0.777777778,0.777778893,0.782407407,0.782408522,0.787037037,0.787038152,0.791666667,0.791667782,0.796296296,0.796297411,0.800925926,0.800927041,
0.805555556,0.805556671,0.810185185,0.8101863,0.814319791),.UNSPECIFIED.)
GEOMETRIC_REPRESENTATION_ITEM()
RATIONAL_B_SPLINE_SURFACE(((0.983275963,0.981527645,0.987102324,1.,0.999994527,0.999989056,0.999983586,0.977283885,0.977289357,1.,0.999994527,0.999989056,0.999983586,0.977283885,0.977289357,1.,0.999994527,0.999989056,0.999983586,0.977283885,0.977289357,1.,0.999994527,0.999989056,0.999983586,0.977283885,
0.977289357,1.,0.999994527,0.999989056,0.999983586,0.977283885,0.977289357,1.,0.999994527,0.999989056,0.999983586,0.977283885,0.977289357,1.,0.999994527,0.999989056,0.999983586,0.977283885,0.977289357,1.,0.999994527,0.999989056,0.999983586,0.977283885,0.977289357,
1.,0.999994527,0.999989056,0.999983586,0.977283885,0.977289357,1.,0.999994527,0.999989056,0.999983586,0.977283885,0.977289357,1.,0.999994527,0.999989056,0.999983586,0.977283885,0.977289357,1.,0.999994527,0.999989056,0.999983586,0.977283885,0.977289357,1.,
0.999994527,0.999989056,0.999983586,0.977283885,0.977289357,1.,0.999994527,0.999989056,0.999983586,0.977283885,0.977289357,1.,0.999994527,0.999989056,0.999983586,0.977283885,0.977289357,1.,0.999994527,0.999989056,0.999983586,0.977283885,0.977289357,1.,0.999994527,
0.999989056,0.999983586,0.977283885,0.977289357,1.,0.999994527,0.999989056,0.999983586,0.977283885,0.977289357,1.,0.999994527,0.999989056,0.999983586,0.977283885,0.977289357,1.,0.999994527,0.999989056,0.999983586,0.977283885,0.977289357,1.,0.999994527,0.999989056,
0.999983586,0.977283885,0.977289357,1.,0.999994527,0.999989056,0.999983586,0.977283885,0.977289357,1.,0.999994527,0.999989056,0.999983586,0.977283885,0.977289357,1.,0.999994527,0.999989056,0.999983586,0.977283885,0.977289357,1.,0.999994527,0.999989056,0.999983586,
0.977283885,0.977289357,1.,0.999994527,0.999989056,0.999983586,0.977283885,0.977289357,1.,0.999994527,0.999989056,0.999983586,0.979711639,0.977547899,0.993492367),(0.983275963,0.981527645,0.987102324,1.,0.999994527,0.999989056,0.999983586,0.977283885,0.977289357,1.,0.999994527,0.999989056,0.999983586,0.977283885,0.977289357,1.,0.999994527,0.999989056,0.999983586,0.977283885,0.977289357,1.,0.999994527,0.999989056,0.999983586,0.977283885,
0.977289357,1.,0.999994527,0.999989056,0.999983586,0.977283885,0.977289357,1.,0.999994527,0.999989056,0.999983586,0.977283885,0.977289357,1.,0.999994527,0.999989056,0.999983586,0.977283885,0.977289357,1.,0.999994527,0.999989056,0.999983586,0.977283885,0.977289357,
1.,0.999994527,0.999989056,0.999983586,0.977283885,0.977289357,1.,0.999994527,0.999989056,0.999983586,0.977283885,0.977289357,1.,0.999994527,0.999989056,0.999983586,0.977283885,0.977289357,1.,0.999994527,0.999989056,0.999983586,0.977283885,0.977289357,1.,
0.999994527,0.999989056,0.999983586,0.977283885,0.977289357,1.,0.999994527,0.999989056,0.999983586,0.977283885,0.977289357,1.,0.999994527,0.999989056,0.999983586,0.977283885,0.977289357,1.,0.999994527,0.999989056,0.999983586,0.977283885,0.977289357,1.,0.999994527,
0.999989056,0.999983586,0.977283885,0.977289357,1.,0.999994527,0.999989056,0.999983586,0.977283885,0.977289357,1.,0.999994527,0.999989056,0.999983586,0.977283885,0.977289357,1.,0.999994527,0.999989056,0.999983586,0.977283885,0.977289357,1.,0.999994527,0.999989056,
0.999983586,0.977283885,0.977289357,1.,0.999994527,0.999989056,0.999983586,0.977283885,0.977289357,1.,0.999994527,0.999989056,0.999983586,0.977283885,0.977289357,1.,0.999994527,0.999989056,0.999983586,0.977283885,0.977289357,1.,0.999994527,0.999989056,0.999983586,
0.977283885,0.977289357,1.,0.999994527,0.999989056,0.999983586,0.977283885,0.977289357,1.,0.999994527,0.999989056,0.999983586,0.979711639,0.977547899,0.993492367)))
REPRESENTATION_ITEM('')
SURFACE()
);
#3073=CARTESIAN_POINT('',(-5.664367374,-2.783123129,2.608086478));
#3074=VERTEX_POINT('',#3073);
#3075=CARTESIAN_POINT('',(-5.664367374,-2.783123129,2.608086478));
#3076=CARTESIAN_POINT('',(-5.737787572,-2.789516647,2.608086478));
#3077=CARTESIAN_POINT('',(-5.812926208,-2.796371557,2.594730854));
#3078=CARTESIAN_POINT('',(-5.882751227,-2.803059034,2.568691714));
#3079=CARTESIAN_POINT('',(-5.952576246,-2.80974651,2.542652575));
#3080=CARTESIAN_POINT('',(-6.01653635,-2.816067198,2.504781743));
#3081=CARTESIAN_POINT('',(-6.072978924,-2.822773358,2.456015227));
#3082=CARTESIAN_POINT('',(-6.185864071,-2.836185679,2.358482194));
#3083=CARTESIAN_POINT('',(-6.261449784,-2.849313227,2.220319864));
#3084=CARTESIAN_POINT('',(-6.282866145,-2.86264123,2.072999048));
#3085=CARTESIAN_POINT('',(-6.293574326,-2.869305231,1.99933864));
#3086=CARTESIAN_POINT('',(-6.291121698,-2.875642494,1.924986326));
#3087=CARTESIAN_POINT('',(-6.275466542,-2.882362544,1.852003271));
#3088=CARTESIAN_POINT('',(-6.259811385,-2.889082593,1.779020216));
#3089=CARTESIAN_POINT('',(-6.231027078,-2.895703795,1.709279666));
#3090=CARTESIAN_POINT('',(-6.19134003,-2.902201958,1.647043594));
#3091=CARTESIAN_POINT('',(-6.151652982,-2.908700121,1.584807522));
#3092=CARTESIAN_POINT('',(-6.099829396,-2.915582853,1.528638875));
#3093=CARTESIAN_POINT('',(-6.040464277,-2.922218586,1.483911038));
#3094=CARTESIAN_POINT('',(-5.981099157,-2.928854319,1.439183201));
#3095=CARTESIAN_POINT('',(-5.914617267,-2.935224732,1.405525595));
#3096=CARTESIAN_POINT('',(-5.843057889,-2.941953876,1.384175216));
#3097=CARTESIAN_POINT('',(-5.77149851,-2.94868302,1.362824837));
#3098=CARTESIAN_POINT('',(-5.696850083,-2.955211853,1.354561779));
#3099=CARTESIAN_POINT('',(-5.623029487,-2.961755151,1.359455033));
#3100=CARTESIAN_POINT('',(-5.549208891,-2.968298448,1.364348288));
#3101=CARTESIAN_POINT('',(-5.475033132,-2.975187531,1.382849894));
#3102=CARTESIAN_POINT('',(-5.407390503,-2.981790204,1.413360327));
#3103=CARTESIAN_POINT('',(-5.272105244,-2.994995551,1.474381191));
#3104=CARTESIAN_POINT('',(-5.160152098,-3.008149071,1.585122577));
#3105=CARTESIAN_POINT('',(-5.097637788,-3.021316343,1.719566885));
#3106=CARTESIAN_POINT('',(-5.066380632,-3.027899979,1.786789039));
#3107=CARTESIAN_POINT('',(-5.046999608,-3.034790368,1.860745094));
#3108=CARTESIAN_POINT('',(-5.041252127,-3.041355186,1.934585047));
#3109=CARTESIAN_POINT('',(-5.035504645,-3.047920004,2.008424999));
#3110=CARTESIAN_POINT('',(-5.042902609,-3.054407362,2.083009693));
#3111=CARTESIAN_POINT('',(-5.063424732,-3.061139338,2.154821567));
#3112=CARTESIAN_POINT('',(-5.083946854,-3.067871314,2.22663344));
#3113=CARTESIAN_POINT('',(-5.11688386,-3.074265451,2.293573826));
#3114=CARTESIAN_POINT('',(-5.160887311,-3.080884634,2.353400974));
#3115=CARTESIAN_POINT('',(-5.204890762,-3.087503818,2.413228122));
#3116=CARTESIAN_POINT('',(-5.260452193,-3.094390473,2.465724258));
#3117=CARTESIAN_POINT('',(-5.322304552,-3.100912643,2.506171582));
#3118=B_SPLINE_CURVE_WITH_KNOTS('',3,(#3075,#3076,#3077,#3078,#3079,#3080,#3081,#3082,#3083,#3084,#3085,#3086,#3087,#3088,#3089,#3090,#3091,#3092,#3093,#3094,#3095,#3096,#3097,#3098,#3099,#3100,
#3101,#3102,#3103,#3104,#3105,#3106,#3107,#3108,#3109,#3110,#3111,#3112,#3113,#3114,#3115,#3116,#3117),.UNSPECIFIED.,.F.,.F.,(4,3,3,3,3,3,3,3,3,3,3,3,3,3,4),(0.769013531,0.772165463,0.775317395,0.781621259,0.784773191,0.787925123,0.791077055,0.794228987,0.79738092,0.800532852,0.806836716,0.809988648,0.81314058,0.816292512,0.819444444),.UNSPECIFIED.);
#3119=EDGE_CURVE('',#3074,#2198,#3118,.T.);
#3120=ORIENTED_EDGE('',*,*,#3119,.F.);
#3121=CARTESIAN_POINT('',(-5.664367374,-2.433123129,2.608086478));
#3122=VERTEX_POINT('',#3121);
#3123=CARTESIAN_POINT('',(-5.664367374,-2.433123129,2.608086478));
#3124=CARTESIAN_POINT('',(-5.745248319,-2.440166337,2.608086478));
#3125=CARTESIAN_POINT('',(-5.828194688,-2.447769652,2.591771724));
#3126=CARTESIAN_POINT('',(-5.903868252,-2.455091837,2.560376985));
#3127=CARTESIAN_POINT('',(-5.979541816,-2.462414022,2.528982246));
#3128=CARTESIAN_POINT('',(-6.048126354,-2.469455077,2.483210968));
#3129=CARTESIAN_POINT('',(-6.106309087,-2.476873126,2.425028242));
#3130=CARTESIAN_POINT('',(-6.164491819,-2.484291174,2.366845516));
#3131=CARTESIAN_POINT('',(-6.210263107,-2.49133223,2.298260984));
#3132=CARTESIAN_POINT('',(-6.24165786,-2.498654416,2.222587406));
#3133=CARTESIAN_POINT('',(-6.273052613,-2.505976603,2.146913829));
#3134=CARTESIAN_POINT('',(-6.289367374,-2.513579921,2.063967424));
#3135=CARTESIAN_POINT('',(-6.289367374,-2.520623129,1.983086478));
#3136=CARTESIAN_POINT('',(-6.289367374,-2.527666338,1.902205533));
#3137=CARTESIAN_POINT('',(-6.27305262,-2.535269652,1.819259164));
#3138=CARTESIAN_POINT('',(-6.241657881,-2.542591838,1.7435856));
#3139=CARTESIAN_POINT('',(-6.210263141,-2.549914023,1.667912036));
#3140=CARTESIAN_POINT('',(-6.164491854,-2.55695508,1.599327482));
#3141=CARTESIAN_POINT('',(-6.106309112,-2.564373129,1.54114474));
#3142=CARTESIAN_POINT('',(-6.04812637,-2.571791179,1.482961998));
#3143=CARTESIAN_POINT('',(-5.979541817,-2.578832236,1.437190711));
#3144=CARTESIAN_POINT('',(-5.903868253,-2.586154421,1.405795971));
#3145=CARTESIAN_POINT('',(-5.828194688,-2.593476606,1.374401232));
#3146=CARTESIAN_POINT('',(-5.74524832,-2.60107992,1.358086478));
#3147=CARTESIAN_POINT('',(-5.664367374,-2.608123129,1.358086478));
#3148=CARTESIAN_POINT('',(-5.583486428,-2.615166337,1.358086478));
#3149=CARTESIAN_POINT('',(-5.500540059,-2.622769652,1.374401232));
#3150=CARTESIAN_POINT('',(-5.424866495,-2.630091838,1.405795971));
#3151=CARTESIAN_POINT('',(-5.349192931,-2.637414023,1.437190711));
#3152=CARTESIAN_POINT('',(-5.280608377,-2.644455079,1.482961998));
#3153=CARTESIAN_POINT('',(-5.222425635,-2.651873129,1.54114474));
#3154=CARTESIAN_POINT('',(-5.164242894,-2.659291179,1.599327482));
#3155=CARTESIAN_POINT('',(-5.118471607,-2.666332236,1.667912036));
#3156=CARTESIAN_POINT('',(-5.087076867,-2.673654421,1.7435856));
#3157=CARTESIAN_POINT('',(-5.055682128,-2.680976606,1.819259164));
#3158=CARTESIAN_POINT('',(-5.039367374,-2.68857992,1.902205533));
#3159=CARTESIAN_POINT('',(-5.039367374,-2.695623129,1.983086478));
#3160=CARTESIAN_POINT('',(-5.039367374,-2.702666338,2.063967424));
#3161=CARTESIAN_POINT('',(-5.055682128,-2.710269652,2.146913793));
#3162=CARTESIAN_POINT('',(-5.087076867,-2.717591837,2.222587357));
#3163=CARTESIAN_POINT('',(-5.118471607,-2.724914022,2.298260921));
#3164=CARTESIAN_POINT('',(-5.164242894,-2.731955079,2.366845475));
#3165=CARTESIAN_POINT('',(-5.222425636,-2.739373129,2.425028217));
#3166=CARTESIAN_POINT('',(-5.280608378,-2.746791179,2.483210959));
#3167=CARTESIAN_POINT('',(-5.349192932,-2.753832236,2.528982246));
#3168=CARTESIAN_POINT('',(-5.424866496,-2.761154421,2.560376985));
#3169=CARTESIAN_POINT('',(-5.50054006,-2.768476606,2.591771724));
#3170=CARTESIAN_POINT('',(-5.583486428,-2.776079921,2.608086478));
#3171=CARTESIAN_POINT('',(-5.664367374,-2.783123129,2.608086478));
#3172=B_SPLINE_CURVE_WITH_KNOTS('',3,(#3123,#3124,#3125,#3126,#3127,#3128,#3129,#3130,#3131,#3132,#3133,#3134,#3135,#3136,#3137,#3138,#3139,#3140,#3141,#3142,#3143,#3144,#3145,#3146,#3147,#3148,
#3149,#3150,#3151,#3152,#3153,#3154,#3155,#3156,#3157,#3158,#3159,#3160,#3161,#3162,#3163,#3164,#3165,#3166,#3167,#3168,#3169,#3170,#3171),.UNSPECIFIED.,.F.,.F.,(4,3,3,3,3,3,3,3,3,3,3,3,3,3,3,3,4),(0.708333333,0.711805555,0.715277778,0.71875,0.722222222,0.725694444,0.729166667,0.732638889,0.736111111,0.739583333,0.743055556,0.746527778,0.75,0.753472222,0.756944444,0.760416667,0.763888889),.UNSPECIFIED.);
#3173=EDGE_CURVE('',#3122,#3074,#3172,.T.);
#3174=ORIENTED_EDGE('',*,*,#3173,.F.);
#3175=CARTESIAN_POINT('',(-5.32229988,-2.400912418,2.506168527));
#3176=CARTESIAN_POINT('',(-5.372570858,-2.406212769,2.539043039));
#3177=CARTESIAN_POINT('',(-5.427496777,-2.411482378,2.564638724));
#3178=CARTESIAN_POINT('',(-5.485672419,-2.416953393,2.581996416));
#3179=CARTESIAN_POINT('',(-5.543848061,-2.422424409,2.599354107));
#3180=CARTESIAN_POINT('',(-5.604679937,-2.427925476,2.608086478));
#3181=CARTESIAN_POINT('',(-5.664367374,-2.433123129,2.608086478));
#3182=B_SPLINE_CURVE_WITH_KNOTS('',3,(#3175,#3176,#3177,#3178,#3179,#3180,#3181),.UNSPECIFIED.,.F.,.F.,(4,3,4),(0.703208566,0.705770949,0.708333333),.UNSPECIFIED.);
#3183=EDGE_CURVE('',#2666,#3122,#3182,.T.);
#3184=ORIENTED_EDGE('',*,*,#3183,.F.);
#3185=ORIENTED_EDGE('',*,*,#2735,.F.);
#3186=CARTESIAN_POINT('',(-5.119209369,-2.40091274,1.397560455));
#3187=CARTESIAN_POINT('',(-5.080522183,-2.404633196,1.433580751));
#3188=CARTESIAN_POINT('',(-5.046015091,-2.408304783,1.472796218));
#3189=CARTESIAN_POINT('',(-5.015518266,-2.411929223,1.515077067));
#3190=CARTESIAN_POINT('',(-4.985021442,-2.415553662,1.557357915));
#3191=CARTESIAN_POINT('',(-4.958314957,-2.419119504,1.603245274));
#3192=CARTESIAN_POINT('',(-4.936539424,-2.422762845,1.65096534));
#3193=CARTESIAN_POINT('',(-4.914763892,-2.426406187,1.698685406));
#3194=CARTESIAN_POINT('',(-4.89788066,-2.430068266,1.74799179));
#3195=CARTESIAN_POINT('',(-4.885841915,-2.4337489,1.798868986));
#3196=CARTESIAN_POINT('',(-4.87380317,-2.437429534,1.849746183));
#3197=CARTESIAN_POINT('',(-4.866697486,-2.441151158,1.902547731));
#3198=CARTESIAN_POINT('',(-4.86484656,-2.444734442,1.954723769));
#3199=CARTESIAN_POINT('',(-4.861144708,-2.451901011,2.059075845));
#3200=CARTESIAN_POINT('',(-4.878364547,-2.459305703,2.165020379));
#3201=CARTESIAN_POINT('',(-4.914787452,-2.46661288,2.262671735));
#3202=CARTESIAN_POINT('',(-4.951210357,-2.473920056,2.36032309));
#3203=CARTESIAN_POINT('',(-5.007624345,-2.481054804,2.45171632));
#3204=CARTESIAN_POINT('',(-5.07870741,-2.488398904,2.528100591));
#3205=CARTESIAN_POINT('',(-5.114248943,-2.492070953,2.566292726));
#3206=CARTESIAN_POINT('',(-5.154158242,-2.495813165,2.601525933));
#3207=CARTESIAN_POINT('',(-5.196618049,-2.499451515,2.632123107));
#3208=CARTESIAN_POINT('',(-5.239077856,-2.503089864,2.662720282));
#3209=CARTESIAN_POINT('',(-5.284133184,-2.506588881,2.688925592));
#3210=CARTESIAN_POINT('',(-5.331782842,-2.510227463,2.710702796));
#3211=CARTESIAN_POINT('',(-5.3794325,-2.513866045,2.732480001));
#3212=CARTESIAN_POINT('',(-5.429738143,-2.517602364,2.749706636));
#3213=CARTESIAN_POINT('',(-5.480489611,-2.521273476,2.761692248));
#3214=CARTESIAN_POINT('',(-5.531241078,-2.524944587,2.773677859));
#3215=CARTESIAN_POINT('',(-5.582966682,-2.528591597,2.780705721));
#3216=CARTESIAN_POINT('',(-5.635701661,-2.532213632,2.782596486));
#3217=CARTESIAN_POINT('',(-5.741171619,-2.539457702,2.786378018));
#3218=CARTESIAN_POINT('',(-5.845698429,-2.546760095,2.769341197));
#3219=CARTESIAN_POINT('',(-5.944108888,-2.554124573,2.7326081));
#3220=CARTESIAN_POINT('',(-5.993314118,-2.557806811,2.714241552));
#3221=CARTESIAN_POINT('',(-6.040132205,-2.561366609,2.691301339));
#3222=CARTESIAN_POINT('',(-6.084589439,-2.564947311,2.663859122));
#3223=CARTESIAN_POINT('',(-6.129046672,-2.568528014,2.636416905));
#3224=CARTESIAN_POINT('',(-6.171422544,-2.572247656,2.604103465));
#3225=CARTESIAN_POINT('',(-6.209649083,-2.575924638,2.568497303));
#3226=CARTESIAN_POINT('',(-6.286102161,-2.583278601,2.497284979));
#3227=CARTESIAN_POINT('',(-6.348800078,-2.590507081,2.410235021));
#3228=CARTESIAN_POINT('',(-6.392101159,-2.597747096,2.315413897));
#3229=CARTESIAN_POINT('',(-6.43540224,-2.604987111,2.220592773));
#3230=CARTESIAN_POINT('',(-6.460125792,-2.612548112,2.116075528));
#3231=CARTESIAN_POINT('',(-6.46387431,-2.619707757,2.011837716));
#3232=CARTESIAN_POINT('',(-6.465748569,-2.623287579,1.95971881));
#3233=CARTESIAN_POINT('',(-6.46245213,-2.626908899,1.906643531));
#3234=CARTESIAN_POINT('',(-6.454059493,-2.630580031,1.854929032));
#3235=CARTESIAN_POINT('',(-6.445666857,-2.634251163,1.803214533));
#3236=CARTESIAN_POINT('',(-6.432327802,-2.637921275,1.752840416));
#3237=CARTESIAN_POINT('',(-6.414059432,-2.64159037,1.703802048));
#3238=CARTESIAN_POINT('',(-6.395791061,-2.645259465,1.654763679));
#3239=CARTESIAN_POINT('',(-6.372375822,-2.648895796,1.606941971));
#3240=CARTESIAN_POINT('',(-6.344947709,-2.652472396,1.562553029));
#3241=CARTESIAN_POINT('',(-6.317519595,-2.656048995,1.518164087));
#3242=CARTESIAN_POINT('',(-6.285924601,-2.659690006,1.476648651));
#3243=CARTESIAN_POINT('',(-6.250043048,-2.66339728,1.43808925));
#3244=CARTESIAN_POINT('',(-6.178279943,-2.670811828,1.360970449));
#3245=CARTESIAN_POINT('',(-6.092314972,-2.677946303,1.299005827));
#3246=CARTESIAN_POINT('',(-5.996613945,-2.685253269,1.25531578));
#3247=CARTESIAN_POINT('',(-5.948763432,-2.688906751,1.233470756));
#3248=CARTESIAN_POINT('',(-5.899422735,-2.69257106,1.21659327));
#3249=CARTESIAN_POINT('',(-5.848625646,-2.69624595,1.204570671));
#3250=CARTESIAN_POINT('',(-5.797828558,-2.699920839,1.192548071));
#3251=CARTESIAN_POINT('',(-5.745031214,-2.703642515,1.185423846));
#3252=CARTESIAN_POINT('',(-5.69277312,-2.707231486,1.183567193));
#3253=CARTESIAN_POINT('',(-5.640515025,-2.710820457,1.18171054));
#3254=CARTESIAN_POINT('',(-5.588491706,-2.714369332,1.184948187));
#3255=CARTESIAN_POINT('',(-5.536716231,-2.718044093,1.193312356));
#3256=CARTESIAN_POINT('',(-5.484940757,-2.721718854,1.201676526));
#3257=CARTESIAN_POINT('',(-5.433627318,-2.725457833,1.215287941));
#3258=CARTESIAN_POINT('',(-5.384783723,-2.72911276,1.233505958));
#3259=CARTESIAN_POINT('',(-5.287096534,-2.736422613,1.269941991));
#3260=CARTESIAN_POINT('',(-5.195684122,-2.743560051,1.326395398));
#3261=CARTESIAN_POINT('',(-5.11936249,-2.750898016,1.397417927));
#3262=CARTESIAN_POINT('',(-5.081201675,-2.754566998,1.432929192));
#3263=CARTESIAN_POINT('',(-5.046065882,-2.758297857,1.472707931));
#3264=CARTESIAN_POINT('',(-5.015386997,-2.761944826,1.515259108));
#3265=CARTESIAN_POINT('',(-4.984708112,-2.765591795,1.557810284));
#3266=CARTESIAN_POINT('',(-4.958526815,-2.769091256,1.602886826));
#3267=CARTESIAN_POINT('',(-4.936782693,-2.772722178,1.650432734));
#3268=CARTESIAN_POINT('',(-4.915038572,-2.776353099,1.697978641));
#3269=CARTESIAN_POINT('',(-4.897767063,-2.78009673,1.748379751));
#3270=CARTESIAN_POINT('',(-4.885766898,-2.783771854,1.799186306));
#3271=CARTESIAN_POINT('',(-4.873766733,-2.787446979,1.849992861));
#3272=CARTESIAN_POINT('',(-4.8667616,-2.791090043,1.901666569));
#3273=CARTESIAN_POINT('',(-4.864864337,-2.794700323,1.954227017));
#3274=CARTESIAN_POINT('',(-4.861069809,-2.801920883,2.059347915));
#3275=CARTESIAN_POINT('',(-4.877966846,-2.809225352,2.163945948));
#3276=CARTESIAN_POINT('',(-4.914786597,-2.816612708,2.262669442));
#3277=CARTESIAN_POINT('',(-4.933196472,-2.820306387,2.312031189));
#3278=CARTESIAN_POINT('',(-4.95616702,-2.823868892,2.358882681));
#3279=CARTESIAN_POINT('',(-4.983576812,-2.827444974,2.403279523));
#3280=CARTESIAN_POINT('',(-5.010986603,-2.831021056,2.447676365));
#3281=CARTESIAN_POINT('',(-5.043245274,-2.834736498,2.490022715));
#3282=CARTESIAN_POINT('',(-5.078913377,-2.838420179,2.528321834));
#3283=CARTESIAN_POINT('',(-5.11458148,-2.84210386,2.566620952));
#3284=CARTESIAN_POINT('',(-5.153648662,-2.845766896,2.601106441));
#3285=CARTESIAN_POINT('',(-5.196124732,-2.849409227,2.631767296));
#3286=CARTESIAN_POINT('',(-5.238600801,-2.853051558,2.662428152));
#3287=CARTESIAN_POINT('',(-5.284590489,-2.856624103,2.689151156));
#3288=CARTESIAN_POINT('',(-5.332029785,-2.860246319,2.710815619));
#3289=CARTESIAN_POINT('',(-5.426908377,-2.867490752,2.754144545));
#3290=CARTESIAN_POINT('',(-5.531428348,-2.875051521,2.778845203));
#3291=CARTESIAN_POINT('',(-5.635604712,-2.882206973,2.782593005));
#3292=CARTESIAN_POINT('',(-5.739781076,-2.889362425,2.786340806));
#3293=CARTESIAN_POINT('',(-5.84568867,-2.896760841,2.769264086));
#3294=CARTESIAN_POINT('',(-5.943592171,-2.904085909,2.73280075));
#3295=CARTESIAN_POINT('',(-5.992543922,-2.907748442,2.714569082));
#3296=CARTESIAN_POINT('',(-6.040418561,-2.911388423,2.691149665));
#3297=CARTESIAN_POINT('',(-6.084868408,-2.914969784,2.663686843));
#3298=CARTESIAN_POINT('',(-6.129318254,-2.918551145,2.636224021));
#3299=CARTESIAN_POINT('',(-6.170789394,-2.922189415,2.604639776));
#3300=CARTESIAN_POINT('',(-6.209240796,-2.925885378,2.568877337));
#3301=CARTESIAN_POINT('',(-6.286143601,-2.933277305,2.49735246));
#3302=CARTESIAN_POINT('',(-6.348180125,-2.940408289,2.411521382));
#3303=CARTESIAN_POINT('',(-6.392054464,-2.947739289,2.31551615));
#3304=CARTESIAN_POINT('',(-6.413991634,-2.951404788,2.267513533));
#3305=CARTESIAN_POINT('',(-6.430865569,-2.955073097,2.218113234));
#3306=CARTESIAN_POINT('',(-6.442877047,-2.958744075,2.167370672));
#3307=CARTESIAN_POINT('',(-6.454888525,-2.962415052,2.11662811));
#3308=CARTESIAN_POINT('',(-6.462017706,-2.966129233,2.063942262));
#3309=CARTESIAN_POINT('',(-6.463883689,-2.969725751,2.011575733));
#3310=CARTESIAN_POINT('',(-6.465749671,-2.973322268,1.959209204));
#3311=CARTESIAN_POINT('',(-6.462500283,-2.976870717,1.907191886));
#3312=CARTESIAN_POINT('',(-6.454157412,-2.9805371,1.855533862));
#3313=CARTESIAN_POINT('',(-6.445814542,-2.984203482,1.803875838));
#3314=CARTESIAN_POINT('',(-6.432187397,-2.987953266,1.752407787));
#3315=CARTESIAN_POINT('',(-6.413954936,-2.991611347,1.703521707));
#3316=CARTESIAN_POINT('',(-6.377490015,-2.998927508,1.605749548));
#3317=CARTESIAN_POINT('',(-6.321039689,-3.006061901,1.514384843));
#3318=CARTESIAN_POINT('',(-6.250042275,-3.01339736,1.438088418));
#3319=CARTESIAN_POINT('',(-6.17904486,-3.020732819,1.361791993));
#3320=CARTESIAN_POINT('',(-6.092014412,-3.027967945,1.298940279));
#3321=CARTESIAN_POINT('',(-5.997067226,-3.035218657,1.255522885));
#3322=CARTESIAN_POINT('',(-5.949593633,-3.038844012,1.233814188));
#3323=CARTESIAN_POINT('',(-5.89920739,-3.042587176,1.216512875));
#3324=CARTESIAN_POINT('',(-5.848319568,-3.046268092,1.204498282));
#3325=CARTESIAN_POINT('',(-5.797431747,-3.049949008,1.192483688));
#3326=CARTESIAN_POINT('',(-5.745786217,-3.053589943,1.185490226));
#3327=CARTESIAN_POINT('',(-5.693372295,-3.057190332,1.183588706));
#3328=CARTESIAN_POINT('',(-5.640958372,-3.060790721,1.181687185));
#3329=CARTESIAN_POINT('',(-5.587960845,-3.064406668,1.18501523));
#3330=CARTESIAN_POINT('',(-5.536499459,-3.068059479,1.193347426));
#3331=CARTESIAN_POINT('',(-5.485038073,-3.07171229,1.201679623));
#3332=CARTESIAN_POINT('',(-5.434526458,-3.075390844,1.214968639));
#3333=CARTESIAN_POINT('',(-5.385004681,-3.079096226,1.233423581));
#3334=CARTESIAN_POINT('',(-5.285961126,-3.086506992,1.270333465));
#3335=CARTESIAN_POINT('',(-5.19600709,-3.093528093,1.326076661));
#3336=CARTESIAN_POINT('',(-5.119209855,-3.100912693,1.397559993));
#3337=B_SPLINE_CURVE_WITH_KNOTS('',3,(#3186,#3187,#3188,#3189,#3190,#3191,#3192,#3193,#3194,#3195,#3196,#3197,#3198,#3199,#3200,#3201,#3202,#3203,#3204,#3205,#3206,#3207,#3208,#3209,#3210,#3211,
#3212,#3213,#3214,#3215,#3216,#3217,#3218,#3219,#3220,#3221,#3222,#3223,#3224,#3225,#3226,#3227,#3228,#3229,#3230,#3231,#3232,#3233,#3234,#3235,#3236,
#3237,#3238,#3239,#3240,#3241,#3242,#3243,#3244,#3245,#3246,#3247,#3248,#3249,#3250,#3251,#3252,#3253,#3254,#3255,#3256,#3257,#3258,#3259,#3260,#3261,
#3262,#3263,#3264,#3265,#3266,#3267,#3268,#3269,#3270,#3271,#3272,#3273,#3274,#3275,#3276,#3277,#3278,#3279,#3280,#3281,#3282,#3283,#3284,#3285,#3286,
#3287,#3288,#3289,#3290,#3291,#3292,#3293,#3294,#3295,#3296,#3297,#3298,#3299,#3300,#3301,#3302,#3303,#3304,#3305,#3306,#3307,#3308,#3309,#3310,#3311,
#3312,#3313,#3314,#3315,#3316,#3317,#3318,#3319,#3320,#3321,#3322,#3323,#3324,#3325,#3326,#3327,#3328,#3329,#3330,#3331,#3332,#3333,#3334,#3335,#3336),.UNSPECIFIED.,.F.,.F.,(4,3,3,3,3,3,3,3,3,3,3,3,3,3,3,3,3,3,3,3,3,3,3,3,3,3,
3,3,3,3,3,3,3,3,3,3,3,3,3,3,3,3,3,3,3,3,3,3,3,3,4),(0.,0.000156716,0.000313431,0.000470147,0.000626862,0.000940294,0.001253725,0.001410441,0.001567156,0.001723872,0.001880587,0.002194019,0.002350734,0.00250745,0.002820881,0.003134312,0.003291028,0.003447743,0.003604459,0.003761175,0.004074606,0.004231322,0.004388037,0.004544753,0.004701468,0.0050149,
0.005171615,0.005328331,0.005485046,0.005641762,0.005955193,0.006111909,0.006268624,0.00642534,0.006582056,0.006895487,0.007208918,0.007365634,0.007522349,0.007835781,0.007992496,0.008149212,0.008305927,0.008462643,0.008776074,0.009089505,0.009246221,0.009402937,0.009559652,0.009716368,0.010029799),.UNSPECIFIED.);
#3338=EDGE_CURVE('',#2686,#1091,#3337,.T.);
#3339=ORIENTED_EDGE('',*,*,#3338,.T.);
#3340=ORIENTED_EDGE('',*,*,#2232,.T.);
#3341=EDGE_LOOP('',(#3120,#3174,#3184,#3185,#3339,#3340));
#3342=FACE_BOUND('',#3341,.T.);
#3343=ADVANCED_FACE('',(#3342),#3072,.T.);
#3344=CARTESIAN_POINT('',(-6.364261512,-2.299862666,1.595547875));
#3345=CARTESIAN_POINT('',(-6.361946815,-2.300189249,1.591367535));
#3346=CARTESIAN_POINT('',(-6.359595637,-2.300514967,1.587209685));
#3347=CARTESIAN_POINT('',(-6.357208251,-2.300839796,1.583074612));
#3348=CARTESIAN_POINT('',(-6.357191623,-2.300842058,1.583045811));
#3349=CARTESIAN_POINT('',(-6.357174992,-2.300844321,1.583017011));
#3350=CARTESIAN_POINT('',(-6.35715836,-2.300846583,1.582988211));
#3351=CARTESIAN_POINT('',(-6.286535345,-2.310453819,1.46070078));
#3352=CARTESIAN_POINT('',(-6.186674794,-2.320399601,1.360852971));
#3353=CARTESIAN_POINT('',(-6.064379241,-2.330006462,1.290245601));
#3354=CARTESIAN_POINT('',(-6.06435044,-2.330008724,1.290228973));
#3355=CARTESIAN_POINT('',(-6.064321638,-2.330010987,1.290212346));
#3356=CARTESIAN_POINT('',(-6.064292834,-2.33001325,1.290195722));
#3357=CARTESIAN_POINT('',(-5.941987792,-2.339620486,1.219603208));
#3358=CARTESIAN_POINT('',(-5.805582114,-2.349566268,1.183062745));
#3359=CARTESIAN_POINT('',(-5.664367374,-2.359173129,1.183062745));
#3360=CARTESIAN_POINT('',(-5.664334117,-2.359175391,1.183062745));
#3361=CARTESIAN_POINT('',(-5.664300861,-2.359177654,1.183062747));
#3362=CARTESIAN_POINT('',(-5.664267604,-2.359179916,1.183062751));
#3363=CARTESIAN_POINT('',(-5.523052074,-2.368787152,1.183080362));
#3364=CARTESIAN_POINT('',(-5.38665106,-2.378732935,1.219638231));
#3365=CARTESIAN_POINT('',(-5.264355507,-2.388339796,1.290245602));
#3366=CARTESIAN_POINT('',(-5.264326706,-2.388342058,1.29026223));
#3367=CARTESIAN_POINT('',(-5.264297906,-2.388344321,1.29027886));
#3368=CARTESIAN_POINT('',(-5.264269106,-2.388346583,1.290295492));
#3369=CARTESIAN_POINT('',(-5.141981675,-2.397953819,1.360918508));
#3370=CARTESIAN_POINT('',(-5.042133867,-2.407899601,1.460779059));
#3371=CARTESIAN_POINT('',(-4.971526497,-2.417506462,1.583074612));
#3372=CARTESIAN_POINT('',(-4.971509869,-2.417508725,1.583103413));
#3373=CARTESIAN_POINT('',(-4.971493242,-2.417510987,1.583132215));
#3374=CARTESIAN_POINT('',(-4.971476617,-2.41751325,1.583161018));
#3375=CARTESIAN_POINT('',(-4.900884104,-2.427120485,1.70546606));
#3376=CARTESIAN_POINT('',(-4.86434364,-2.437066268,1.841871738));
#3377=CARTESIAN_POINT('',(-4.86434364,-2.44667313,1.983086479));
#3378=CARTESIAN_POINT('',(-4.86434364,-2.446675392,1.983119735));
#3379=CARTESIAN_POINT('',(-4.864343642,-2.446677654,1.983152992));
#3380=CARTESIAN_POINT('',(-4.864343646,-2.446679917,1.983186249));
#3381=CARTESIAN_POINT('',(-4.864361257,-2.456287153,2.124401779));
#3382=CARTESIAN_POINT('',(-4.900919127,-2.466232935,2.260802794));
#3383=CARTESIAN_POINT('',(-4.971526497,-2.475839796,2.383098346));
#3384=CARTESIAN_POINT('',(-4.971543125,-2.475842058,2.383127147));
#3385=CARTESIAN_POINT('',(-4.971559755,-2.475844321,2.383155947));
#3386=CARTESIAN_POINT('',(-4.971576387,-2.475846584,2.383184747));
#3387=CARTESIAN_POINT('',(-5.042199403,-2.485453819,2.505472177));
#3388=CARTESIAN_POINT('',(-5.142059954,-2.495399601,2.605319986));
#3389=CARTESIAN_POINT('',(-5.264355507,-2.505006462,2.675927356));
#3390=CARTESIAN_POINT('',(-5.264384308,-2.505008725,2.675943984));
#3391=CARTESIAN_POINT('',(-5.26441311,-2.505010987,2.675960611));
#3392=CARTESIAN_POINT('',(-5.264441914,-2.50501325,2.675977236));
#3393=CARTESIAN_POINT('',(-5.386746956,-2.514620486,2.746569749));
#3394=CARTESIAN_POINT('',(-5.523152634,-2.524566268,2.783110213));
#3395=CARTESIAN_POINT('',(-5.664367374,-2.534173129,2.783110213));
#3396=CARTESIAN_POINT('',(-5.664400631,-2.534175392,2.783110213));
#3397=CARTESIAN_POINT('',(-5.664433887,-2.534177654,2.783110211));
#3398=CARTESIAN_POINT('',(-5.664467144,-2.534179917,2.783110207));
#3399=CARTESIAN_POINT('',(-5.805682674,-2.543787152,2.783092596));
#3400=CARTESIAN_POINT('',(-5.942083688,-2.553732935,2.746534726));
#3401=CARTESIAN_POINT('',(-6.064379241,-2.563339796,2.675927356));
#3402=CARTESIAN_POINT('',(-6.064408042,-2.563342058,2.675910728));
#3403=CARTESIAN_POINT('',(-6.064436842,-2.563344321,2.675894098));
#3404=CARTESIAN_POINT('',(-6.064465641,-2.563346584,2.675877466));
#3405=CARTESIAN_POINT('',(-6.186753072,-2.572953819,2.605254449));
#3406=CARTESIAN_POINT('',(-6.286600881,-2.582899601,2.505393899));
#3407=CARTESIAN_POINT('',(-6.357208251,-2.592506462,2.383098346));
#3408=CARTESIAN_POINT('',(-6.357224879,-2.592508725,2.383069545));
#3409=CARTESIAN_POINT('',(-6.357241506,-2.592510987,2.383040743));
#3410=CARTESIAN_POINT('',(-6.357258131,-2.59251325,2.383011939));
#3411=CARTESIAN_POINT('',(-6.427850644,-2.602120486,2.260706897));
#3412=CARTESIAN_POINT('',(-6.464391108,-2.612066268,2.124301219));
#3413=CARTESIAN_POINT('',(-6.464391108,-2.621673129,1.983086479));
#3414=CARTESIAN_POINT('',(-6.464391108,-2.621675391,1.983053222));
#3415=CARTESIAN_POINT('',(-6.464391106,-2.621677654,1.983019966));
#3416=CARTESIAN_POINT('',(-6.464391102,-2.621679916,1.982986709));
#3417=CARTESIAN_POINT('',(-6.464373491,-2.631287152,1.841771178));
#3418=CARTESIAN_POINT('',(-6.427815621,-2.641232935,1.705370164));
#3419=CARTESIAN_POINT('',(-6.357208251,-2.650839796,1.583074612));
#3420=CARTESIAN_POINT('',(-6.357191623,-2.650842058,1.583045811));
#3421=CARTESIAN_POINT('',(-6.357174992,-2.650844321,1.583017011));
#3422=CARTESIAN_POINT('',(-6.35715836,-2.650846583,1.582988212));
#3423=CARTESIAN_POINT('',(-6.286535345,-2.660453819,1.460700781));
#3424=CARTESIAN_POINT('',(-6.186674794,-2.670399601,1.360852972));
#3425=CARTESIAN_POINT('',(-6.064379241,-2.680006462,1.290245602));
#3426=CARTESIAN_POINT('',(-6.06435044,-2.680008725,1.290228973));
#3427=CARTESIAN_POINT('',(-6.064321638,-2.680010987,1.290212347));
#3428=CARTESIAN_POINT('',(-6.064292834,-2.68001325,1.290195722));
#3429=CARTESIAN_POINT('',(-5.941987792,-2.689620486,1.219603209));
#3430=CARTESIAN_POINT('',(-5.805582114,-2.699566268,1.183062745));
#3431=CARTESIAN_POINT('',(-5.664367374,-2.709173129,1.183062745));
#3432=CARTESIAN_POINT('',(-5.664334117,-2.709175391,1.183062745));
#3433=CARTESIAN_POINT('',(-5.664300861,-2.709177654,1.183062747));
#3434=CARTESIAN_POINT('',(-5.664267604,-2.709179916,1.183062751));
#3435=CARTESIAN_POINT('',(-5.523052074,-2.718787152,1.183080362));
#3436=CARTESIAN_POINT('',(-5.38665106,-2.728732935,1.219638231));
#3437=CARTESIAN_POINT('',(-5.264355507,-2.738339796,1.290245601));
#3438=CARTESIAN_POINT('',(-5.264326706,-2.738342058,1.290262229));
#3439=CARTESIAN_POINT('',(-5.264297906,-2.738344321,1.290278859));
#3440=CARTESIAN_POINT('',(-5.264269106,-2.738346583,1.290295491));
#3441=CARTESIAN_POINT('',(-5.141981675,-2.747953819,1.360918508));
#3442=CARTESIAN_POINT('',(-5.042133867,-2.757899601,1.460779059));
#3443=CARTESIAN_POINT('',(-4.971526497,-2.767506462,1.583074612));
#3444=CARTESIAN_POINT('',(-4.971509869,-2.767508725,1.583103413));
#3445=CARTESIAN_POINT('',(-4.971493242,-2.767510987,1.583132215));
#3446=CARTESIAN_POINT('',(-4.971476617,-2.76751325,1.583161018));
#3447=CARTESIAN_POINT('',(-4.900884104,-2.777120485,1.70546606));
#3448=CARTESIAN_POINT('',(-4.86434364,-2.787066268,1.841871739));
#3449=CARTESIAN_POINT('',(-4.86434364,-2.796673129,1.983086479));
#3450=CARTESIAN_POINT('',(-4.86434364,-2.796675391,1.983119736));
#3451=CARTESIAN_POINT('',(-4.864343642,-2.796677654,1.983152992));
#3452=CARTESIAN_POINT('',(-4.864343646,-2.796679916,1.983186249));
#3453=CARTESIAN_POINT('',(-4.864361257,-2.806287152,2.124401779));
#3454=CARTESIAN_POINT('',(-4.900919127,-2.816232935,2.260802793));
#3455=CARTESIAN_POINT('',(-4.971526497,-2.825839796,2.383098345));
#3456=CARTESIAN_POINT('',(-4.971543125,-2.825842059,2.383127146));
#3457=CARTESIAN_POINT('',(-4.971559755,-2.825844321,2.383155947));
#3458=CARTESIAN_POINT('',(-4.971576387,-2.825846584,2.383184746));
#3459=CARTESIAN_POINT('',(-5.042199403,-2.835453819,2.505472177));
#3460=CARTESIAN_POINT('',(-5.142059954,-2.845399602,2.605319986));
#3461=CARTESIAN_POINT('',(-5.264355507,-2.855006462,2.675927356));
#3462=CARTESIAN_POINT('',(-5.264384308,-2.855008725,2.675943984));
#3463=CARTESIAN_POINT('',(-5.26441311,-2.855010987,2.675960611));
#3464=CARTESIAN_POINT('',(-5.264441914,-2.85501325,2.675977236));
#3465=CARTESIAN_POINT('',(-5.386746956,-2.864620486,2.746569749));
#3466=CARTESIAN_POINT('',(-5.523152634,-2.874566268,2.783110213));
#3467=CARTESIAN_POINT('',(-5.664367374,-2.884173129,2.783110213));
#3468=CARTESIAN_POINT('',(-5.664400631,-2.884175392,2.783110213));
#3469=CARTESIAN_POINT('',(-5.664433887,-2.884177654,2.783110211));
#3470=CARTESIAN_POINT('',(-5.664467144,-2.884179917,2.783110207));
#3471=CARTESIAN_POINT('',(-5.805682674,-2.893787152,2.783092596));
#3472=CARTESIAN_POINT('',(-5.942083688,-2.903732935,2.746534727));
#3473=CARTESIAN_POINT('',(-6.064379241,-2.913339796,2.675927357));
#3474=CARTESIAN_POINT('',(-6.064408042,-2.913342059,2.675910728));
#3475=CARTESIAN_POINT('',(-6.064436842,-2.913344321,2.675894098));
#3476=CARTESIAN_POINT('',(-6.064465641,-2.913346584,2.675877466));
#3477=CARTESIAN_POINT('',(-6.186753072,-2.922953819,2.605254449));
#3478=CARTESIAN_POINT('',(-6.286600881,-2.932899601,2.505393898));
#3479=CARTESIAN_POINT('',(-6.357208251,-2.942506462,2.383098346));
#3480=CARTESIAN_POINT('',(-6.357224879,-2.942508725,2.383069545));
#3481=CARTESIAN_POINT('',(-6.357241506,-2.942510987,2.383040743));
#3482=CARTESIAN_POINT('',(-6.357258131,-2.94251325,2.383011939));
#3483=CARTESIAN_POINT('',(-6.427850644,-2.952120486,2.260706898));
#3484=CARTESIAN_POINT('',(-6.464391108,-2.962066268,2.124301219));
#3485=CARTESIAN_POINT('',(-6.464391108,-2.971673129,1.983086479));
#3486=CARTESIAN_POINT('',(-6.464391108,-2.971675391,1.983053223));
#3487=CARTESIAN_POINT('',(-6.464391106,-2.971677654,1.983019966));
#3488=CARTESIAN_POINT('',(-6.464391102,-2.971679916,1.982986709));
#3489=CARTESIAN_POINT('',(-6.464373491,-2.981287152,1.841771179));
#3490=CARTESIAN_POINT('',(-6.427815621,-2.991232935,1.705370164));
#3491=CARTESIAN_POINT('',(-6.357208251,-3.000839796,1.583074611));
#3492=CARTESIAN_POINT('',(-6.357191623,-3.000842058,1.58304581));
#3493=CARTESIAN_POINT('',(-6.357174992,-3.000844321,1.58301701));
#3494=CARTESIAN_POINT('',(-6.35715836,-3.000846583,1.582988211));
#3495=CARTESIAN_POINT('',(-6.286535345,-3.010453819,1.460700781));
#3496=CARTESIAN_POINT('',(-6.186674794,-3.020399601,1.360852972));
#3497=CARTESIAN_POINT('',(-6.064379241,-3.030006462,1.290245602));
#3498=CARTESIAN_POINT('',(-6.06435044,-3.030008725,1.290228974));
#3499=CARTESIAN_POINT('',(-6.064321638,-3.030010987,1.290212347));
#3500=CARTESIAN_POINT('',(-6.064292834,-3.03001325,1.290195722));
#3501=CARTESIAN_POINT('',(-5.941987792,-3.039620486,1.219603208));
#3502=CARTESIAN_POINT('',(-5.805582114,-3.049566268,1.183062745));
#3503=CARTESIAN_POINT('',(-5.664367374,-3.059173129,1.183062745));
#3504=CARTESIAN_POINT('',(-5.664334117,-3.059175391,1.183062745));
#3505=CARTESIAN_POINT('',(-5.664300861,-3.059177654,1.183062747));
#3506=CARTESIAN_POINT('',(-5.664267604,-3.059179916,1.183062751));
#3507=CARTESIAN_POINT('',(-5.523052074,-3.068787153,1.183080362));
#3508=CARTESIAN_POINT('',(-5.38665106,-3.078732935,1.219638231));
#3509=CARTESIAN_POINT('',(-5.264355507,-3.088339796,1.290245601));
#3510=CARTESIAN_POINT('',(-5.264326706,-3.088342058,1.29026223));
#3511=CARTESIAN_POINT('',(-5.264297906,-3.088344321,1.29027886));
#3512=CARTESIAN_POINT('',(-5.264269106,-3.088346583,1.290295492));
#3513=CARTESIAN_POINT('',(-5.212121197,-3.092443466,1.320411773));
#3514=CARTESIAN_POINT('',(-5.16354097,-3.096649444,1.356286333));
#3515=CARTESIAN_POINT('',(-5.119217284,-3.100911979,1.397553086));
#3516=CARTESIAN_POINT('',(-6.211143449,-2.400912667,1.680330926));
#3517=CARTESIAN_POINT('',(-6.209335145,-2.40123925,1.677065132));
#3518=CARTESIAN_POINT('',(-6.207498341,-2.401564967,1.673816908));
#3519=CARTESIAN_POINT('',(-6.205633251,-2.401889795,1.670586479));
#3520=CARTESIAN_POINT('',(-6.20562026,-2.401892058,1.670563979));
#3521=CARTESIAN_POINT('',(-6.205607268,-2.40189432,1.670541479));
#3522=CARTESIAN_POINT('',(-6.205594275,-2.401896583,1.67051898));
#3523=CARTESIAN_POINT('',(-6.150421681,-2.411503819,1.574984759));
#3524=CARTESIAN_POINT('',(-6.07240794,-2.421449602,1.496980973));
#3525=CARTESIAN_POINT('',(-5.976867374,-2.431056463,1.441820601));
#3526=CARTESIAN_POINT('',(-5.976844874,-2.431058725,1.441807611));
#3527=CARTESIAN_POINT('',(-5.976822373,-2.431060988,1.441794622));
#3528=CARTESIAN_POINT('',(-5.976799871,-2.43106325,1.441781634));
#3529=CARTESIAN_POINT('',(-5.881251891,-2.440670486,1.386632869));
#3530=CARTESIAN_POINT('',(-5.774688117,-2.450616268,1.358086479));
#3531=CARTESIAN_POINT('',(-5.664367374,-2.460223129,1.358086479));
#3532=CARTESIAN_POINT('',(-5.664341393,-2.460225392,1.358086479));
#3533=CARTESIAN_POINT('',(-5.664315412,-2.460227654,1.35808648));
#3534=CARTESIAN_POINT('',(-5.664289431,-2.460229917,1.358086484));
#3535=CARTESIAN_POINT('',(-5.553968071,-2.469837152,1.358100242));
#3536=CARTESIAN_POINT('',(-5.44740794,-2.479782934,1.38666023));
#3537=CARTESIAN_POINT('',(-5.351867374,-2.489389795,1.441820602));
#3538=CARTESIAN_POINT('',(-5.351844874,-2.489392058,1.441833592));
#3539=CARTESIAN_POINT('',(-5.351822374,-2.48939432,1.441846584));
#3540=CARTESIAN_POINT('',(-5.351799876,-2.489396583,1.441859577));
#3541=CARTESIAN_POINT('',(-5.256265654,-2.499003819,1.497032172));
#3542=CARTESIAN_POINT('',(-5.178261868,-2.508949601,1.575045912));
#3543=CARTESIAN_POINT('',(-5.123101497,-2.518556463,1.670586478));
#3544=CARTESIAN_POINT('',(-5.123088506,-2.518558725,1.670608979));
#3545=CARTESIAN_POINT('',(-5.123075517,-2.518560988,1.67063148));
#3546=CARTESIAN_POINT('',(-5.12306253,-2.51856325,1.670653982));
#3547=CARTESIAN_POINT('',(-5.067913764,-2.528170486,1.766201961));
#3548=CARTESIAN_POINT('',(-5.039367374,-2.538116268,1.872765736));
#3549=CARTESIAN_POINT('',(-5.039367374,-2.547723129,1.983086478));
#3550=CARTESIAN_POINT('',(-5.039367374,-2.547725391,1.983112459));
#3551=CARTESIAN_POINT('',(-5.039367376,-2.547727654,1.98313844));
#3552=CARTESIAN_POINT('',(-5.039367379,-2.547729916,1.983164422));
#3553=CARTESIAN_POINT('',(-5.039381137,-2.557337153,2.093485781));
#3554=CARTESIAN_POINT('',(-5.067941125,-2.567282935,2.200045912));
#3555=CARTESIAN_POINT('',(-5.123101497,-2.576889796,2.295586478));
#3556=CARTESIAN_POINT('',(-5.123114487,-2.576892058,2.295608979));
#3557=CARTESIAN_POINT('',(-5.123127479,-2.576894321,2.295631478));
#3558=CARTESIAN_POINT('',(-5.123140473,-2.576896583,2.295653977));
#3559=CARTESIAN_POINT('',(-5.178313067,-2.586503819,2.391188198));
#3560=CARTESIAN_POINT('',(-5.256326808,-2.596449601,2.469191984));
#3561=CARTESIAN_POINT('',(-5.351867374,-2.606056462,2.524352356));
#3562=CARTESIAN_POINT('',(-5.351889874,-2.606058724,2.524365347));
#3563=CARTESIAN_POINT('',(-5.351912375,-2.606060987,2.524378336));
#3564=CARTESIAN_POINT('',(-5.351934877,-2.606063249,2.524391324));
#3565=CARTESIAN_POINT('',(-5.447482856,-2.615670485,2.579540089));
#3566=CARTESIAN_POINT('',(-5.554046631,-2.625616268,2.608086479));
#3567=CARTESIAN_POINT('',(-5.664367374,-2.635223129,2.608086479));
#3568=CARTESIAN_POINT('',(-5.664393355,-2.635225392,2.608086479));
#3569=CARTESIAN_POINT('',(-5.664419336,-2.635227654,2.608086477));
#3570=CARTESIAN_POINT('',(-5.664445317,-2.635229917,2.608086474));
#3571=CARTESIAN_POINT('',(-5.774766677,-2.644837152,2.608072716));
#3572=CARTESIAN_POINT('',(-5.881326808,-2.654782935,2.579512728));
#3573=CARTESIAN_POINT('',(-5.976867374,-2.664389796,2.524352357));
#3574=CARTESIAN_POINT('',(-5.976889874,-2.664392058,2.524339366));
#3575=CARTESIAN_POINT('',(-5.976912374,-2.664394321,2.524326374));
#3576=CARTESIAN_POINT('',(-5.976934872,-2.664396583,2.524313381));
#3577=CARTESIAN_POINT('',(-6.072469093,-2.674003819,2.469140786));
#3578=CARTESIAN_POINT('',(-6.15047288,-2.683949601,2.391127045));
#3579=CARTESIAN_POINT('',(-6.205633251,-2.693556462,2.295586479));
#3580=CARTESIAN_POINT('',(-6.205646241,-2.693558724,2.295563979));
#3581=CARTESIAN_POINT('',(-6.205659231,-2.693560987,2.295541478));
#3582=CARTESIAN_POINT('',(-6.205672218,-2.693563249,2.295518976));
#3583=CARTESIAN_POINT('',(-6.260820984,-2.703170486,2.199970996));
#3584=CARTESIAN_POINT('',(-6.289367374,-2.713116268,2.093407222));
#3585=CARTESIAN_POINT('',(-6.289367374,-2.722723129,1.983086479));
#3586=CARTESIAN_POINT('',(-6.289367374,-2.722725391,1.983060498));
#3587=CARTESIAN_POINT('',(-6.289367372,-2.722727654,1.983034517));
#3588=CARTESIAN_POINT('',(-6.289367369,-2.722729916,1.983008535));
#3589=CARTESIAN_POINT('',(-6.289353611,-2.732337152,1.872687176));
#3590=CARTESIAN_POINT('',(-6.260793623,-2.742282935,1.766127045));
#3591=CARTESIAN_POINT('',(-6.205633251,-2.751889796,1.670586479));
#3592=CARTESIAN_POINT('',(-6.20562026,-2.751892058,1.670563979));
#3593=CARTESIAN_POINT('',(-6.205607268,-2.75189432,1.670541479));
#3594=CARTESIAN_POINT('',(-6.205594275,-2.751896583,1.670518981));
#3595=CARTESIAN_POINT('',(-6.150421681,-2.761503819,1.574984759));
#3596=CARTESIAN_POINT('',(-6.07240794,-2.771449602,1.496980973));
#3597=CARTESIAN_POINT('',(-5.976867374,-2.781056463,1.441820602));
#3598=CARTESIAN_POINT('',(-5.976844874,-2.781058725,1.441807611));
#3599=CARTESIAN_POINT('',(-5.976822373,-2.781060988,1.441794622));
#3600=CARTESIAN_POINT('',(-5.976799871,-2.78106325,1.441781634));
#3601=CARTESIAN_POINT('',(-5.881251891,-2.790670486,1.386632869));
#3602=CARTESIAN_POINT('',(-5.774688117,-2.800616268,1.358086479));
#3603=CARTESIAN_POINT('',(-5.664367374,-2.810223129,1.358086479));
#3604=CARTESIAN_POINT('',(-5.664341393,-2.810225392,1.358086479));
#3605=CARTESIAN_POINT('',(-5.664315412,-2.810227654,1.358086481));
#3606=CARTESIAN_POINT('',(-5.664289431,-2.810229917,1.358086484));
#3607=CARTESIAN_POINT('',(-5.553968071,-2.819837152,1.358100242));
#3608=CARTESIAN_POINT('',(-5.44740794,-2.829782934,1.38666023));
#3609=CARTESIAN_POINT('',(-5.351867374,-2.839389796,1.441820601));
#3610=CARTESIAN_POINT('',(-5.351844874,-2.839392058,1.441833591));
#3611=CARTESIAN_POINT('',(-5.351822374,-2.83939432,1.441846583));
#3612=CARTESIAN_POINT('',(-5.351799876,-2.839396583,1.441859577));
#3613=CARTESIAN_POINT('',(-5.256265654,-2.849003819,1.497032172));
#3614=CARTESIAN_POINT('',(-5.178261868,-2.858949601,1.575045913));
#3615=CARTESIAN_POINT('',(-5.123101497,-2.868556462,1.670586479));
#3616=CARTESIAN_POINT('',(-5.123088506,-2.868558724,1.670608979));
#3617=CARTESIAN_POINT('',(-5.123075517,-2.868560987,1.67063148));
#3618=CARTESIAN_POINT('',(-5.12306253,-2.868563249,1.670653982));
#3619=CARTESIAN_POINT('',(-5.067913764,-2.878170486,1.766201961));
#3620=CARTESIAN_POINT('',(-5.039367374,-2.888116268,1.872765736));
#3621=CARTESIAN_POINT('',(-5.039367374,-2.897723129,1.983086479));
#3622=CARTESIAN_POINT('',(-5.039367374,-2.897725391,1.98311246));
#3623=CARTESIAN_POINT('',(-5.039367376,-2.897727654,1.983138441));
#3624=CARTESIAN_POINT('',(-5.039367379,-2.897729916,1.983164422));
#3625=CARTESIAN_POINT('',(-5.039381137,-2.907337152,2.093485781));
#3626=CARTESIAN_POINT('',(-5.067941125,-2.917282934,2.200045913));
#3627=CARTESIAN_POINT('',(-5.123101497,-2.926889796,2.295586479));
#3628=CARTESIAN_POINT('',(-5.123114487,-2.926892058,2.295608979));
#3629=CARTESIAN_POINT('',(-5.123127479,-2.926894321,2.295631478));
#3630=CARTESIAN_POINT('',(-5.123140473,-2.926896583,2.295653977));
#3631=CARTESIAN_POINT('',(-5.178313067,-2.936503819,2.391188198));
#3632=CARTESIAN_POINT('',(-5.256326808,-2.946449601,2.469191985));
#3633=CARTESIAN_POINT('',(-5.351867374,-2.956056462,2.524352356));
#3634=CARTESIAN_POINT('',(-5.351889874,-2.956058724,2.524365347));
#3635=CARTESIAN_POINT('',(-5.351912375,-2.956060987,2.524378336));
#3636=CARTESIAN_POINT('',(-5.351934877,-2.95606325,2.524391324));
#3637=CARTESIAN_POINT('',(-5.447482856,-2.965670485,2.579540088));
#3638=CARTESIAN_POINT('',(-5.554046631,-2.975616268,2.608086479));
#3639=CARTESIAN_POINT('',(-5.664367374,-2.985223128,2.608086479));
#3640=CARTESIAN_POINT('',(-5.664393355,-2.985225391,2.608086479));
#3641=CARTESIAN_POINT('',(-5.664419336,-2.985227653,2.608086478));
#3642=CARTESIAN_POINT('',(-5.664445317,-2.985229916,2.608086474));
#3643=CARTESIAN_POINT('',(-5.774766677,-2.994837152,2.608072716));
#3644=CARTESIAN_POINT('',(-5.881326808,-3.004782935,2.579512728));
#3645=CARTESIAN_POINT('',(-5.976867374,-3.014389796,2.524352356));
#3646=CARTESIAN_POINT('',(-5.976889874,-3.014392058,2.524339365));
#3647=CARTESIAN_POINT('',(-5.976912374,-3.014394321,2.524326373));
#3648=CARTESIAN_POINT('',(-5.976934872,-3.014396583,2.52431338));
#3649=CARTESIAN_POINT('',(-6.072469093,-3.024003819,2.469140786));
#3650=CARTESIAN_POINT('',(-6.15047288,-3.033949601,2.391127045));
#3651=CARTESIAN_POINT('',(-6.205633251,-3.043556462,2.295586478));
#3652=CARTESIAN_POINT('',(-6.205646241,-3.043558725,2.295563978));
#3653=CARTESIAN_POINT('',(-6.205659231,-3.043560987,2.295541477));
#3654=CARTESIAN_POINT('',(-6.205672218,-3.04356325,2.295518975));
#3655=CARTESIAN_POINT('',(-6.260820984,-3.053170486,2.199970996));
#3656=CARTESIAN_POINT('',(-6.289367374,-3.063116268,2.093407222));
#3657=CARTESIAN_POINT('',(-6.289367374,-3.072723129,1.983086479));
#3658=CARTESIAN_POINT('',(-6.289367374,-3.072725391,1.983060498));
#3659=CARTESIAN_POINT('',(-6.289367372,-3.072727654,1.983034517));
#3660=CARTESIAN_POINT('',(-6.289367369,-3.072729916,1.983008536));
#3661=CARTESIAN_POINT('',(-6.289353611,-3.082337152,1.872687176));
#3662=CARTESIAN_POINT('',(-6.260793623,-3.092282935,1.766127044));
#3663=CARTESIAN_POINT('',(-6.205633251,-3.101889796,1.670586478));
#3664=CARTESIAN_POINT('',(-6.20562026,-3.101892058,1.670563978));
#3665=CARTESIAN_POINT('',(-6.205607268,-3.101894321,1.670541479));
#3666=CARTESIAN_POINT('',(-6.205594275,-3.101896583,1.67051898));
#3667=CARTESIAN_POINT('',(-6.150421681,-3.111503819,1.574984759));
#3668=CARTESIAN_POINT('',(-6.07240794,-3.121449601,1.496980973));
#3669=CARTESIAN_POINT('',(-5.976867374,-3.131056462,1.441820602));
#3670=CARTESIAN_POINT('',(-5.976844874,-3.131058724,1.441807611));
#3671=CARTESIAN_POINT('',(-5.976822373,-3.131060987,1.441794622));
#3672=CARTESIAN_POINT('',(-5.976799871,-3.131063249,1.441781634));
#3673=CARTESIAN_POINT('',(-5.881251891,-3.140670485,1.386632869));
#3674=CARTESIAN_POINT('',(-5.774688117,-3.150616268,1.358086478));
#3675=CARTESIAN_POINT('',(-5.664367374,-3.160223129,1.358086478));
#3676=CARTESIAN_POINT('',(-5.664341393,-3.160225392,1.358086478));
#3677=CARTESIAN_POINT('',(-5.664315412,-3.160227654,1.35808648));
#3678=CARTESIAN_POINT('',(-5.664289431,-3.160229917,1.358086483));
#3679=CARTESIAN_POINT('',(-5.553968071,-3.169837152,1.358100241));
#3680=CARTESIAN_POINT('',(-5.44740794,-3.179782934,1.386660229));
#3681=CARTESIAN_POINT('',(-5.351867374,-3.189389796,1.441820601));
#3682=CARTESIAN_POINT('',(-5.351844874,-3.189392058,1.441833592));
#3683=CARTESIAN_POINT('',(-5.351822374,-3.189394321,1.441846584));
#3684=CARTESIAN_POINT('',(-5.351799876,-3.189396583,1.441859577));
#3685=CARTESIAN_POINT('',(-5.31106053,-3.193493466,1.465387224));
#3686=CARTESIAN_POINT('',(-5.273108354,-3.197699444,1.493413392));
#3687=CARTESIAN_POINT('',(-5.238481501,-3.201961979,1.525652086));
#3688=(BOUNDED_SURFACE()
B_SPLINE_SURFACE(1,3,((#3344,#3345,#3346,#3347,#3348,#3349,#3350,#3351,#3352,#3353,#3354,#3355,#3356,#3357,#3358,#3359,#3360,#3361,#3362,#3363,#3364,#3365,#3366,#3367,#3368,#3369,
#3370,#3371,#3372,#3373,#3374,#3375,#3376,#3377,#3378,#3379,#3380,#3381,#3382,#3383,#3384,#3385,#3386,#3387,#3388,#3389,#3390,#3391,#3392,#3393,#3394,
#3395,#3396,#3397,#3398,#3399,#3400,#3401,#3402,#3403,#3404,#3405,#3406,#3407,#3408,#3409,#3410,#3411,#3412,#3413,#3414,#3415,#3416,#3417,#3418,#3419,
#3420,#3421,#3422,#3423,#3424,#3425,#3426,#3427,#3428,#3429,#3430,#3431,#3432,#3433,#3434,#3435,#3436,#3437,#3438,#3439,#3440,#3441,#3442,#3443,#3444,
#3445,#3446,#3447,#3448,#3449,#3450,#3451,#3452,#3453,#3454,#3455,#3456,#3457,#3458,#3459,#3460,#3461,#3462,#3463,#3464,#3465,#3466,#3467,#3468,#3469,
#3470,#3471,#3472,#3473,#3474,#3475,#3476,#3477,#3478,#3479,#3480,#3481,#3482,#3483,#3484,#3485,#3486,#3487,#3488,#3489,#3490,#3491,#3492,#3493,#3494,
#3495,#3496,#3497,#3498,#3499,#3500,#3501,#3502,#3503,#3504,#3505,#3506,#3507,#3508,#3509,#3510,#3511,#3512,#3513,#3514,#3515),(#3516,#3517,#3518,#3519,#3520,#3521,#3522,#3523,#3524,#3525,#3526,#3527,#3528,#3529,#3530,#3531,#3532,#3533,#3534,#3535,#3536,#3537,#3538,#3539,#3540,#3541,
#3542,#3543,#3544,#3545,#3546,#3547,#3548,#3549,#3550,#3551,#3552,#3553,#3554,#3555,#3556,#3557,#3558,#3559,#3560,#3561,#3562,#3563,#3564,#3565,#3566,
#3567,#3568,#3569,#3570,#3571,#3572,#3573,#3574,#3575,#3576,#3577,#3578,#3579,#3580,#3581,#3582,#3583,#3584,#3585,#3586,#3587,#3588,#3589,#3590,#3591,
#3592,#3593,#3594,#3595,#3596,#3597,#3598,#3599,#3600,#3601,#3602,#3603,#3604,#3605,#3606,#3607,#3608,#3609,#3610,#3611,#3612,#3613,#3614,#3615,#3616,
#3617,#3618,#3619,#3620,#3621,#3622,#3623,#3624,#3625,#3626,#3627,#3628,#3629,#3630,#3631,#3632,#3633,#3634,#3635,#3636,#3637,#3638,#3639,#3640,#3641,
#3642,#3643,#3644,#3645,#3646,#3647,#3648,#3649,#3650,#3651,#3652,#3653,#3654,#3655,#3656,#3657,#3658,#3659,#3660,#3661,#3662,#3663,#3664,#3665,#3666,
#3667,#3668,#3669,#3670,#3671,#3672,#3673,#3674,#3675,#3676,#3677,#3678,#3679,#3680,#3681,#3682,#3683,#3684,#3685,#3686,#3687)),.UNSPECIFIED.,.F.,.F.,.U.)
B_SPLINE_SURFACE_WITH_KNOTS((2,2),(4,3,3,3,3,3,3,3,3,3,3,3,3,3,3,3,3,3,3,3,3,3,3,3,3,3,
3,3,3,3,3,3,3,3,3,3,3,3,3,3,3,3,3,3,3,3,3,3,3,3,3,
3,3,3,3,3,3,4),(0.,0.999999999),(0.671136286,0.671296296,0.671297411,0.675925926,0.675927041,0.680555556,0.680556671,0.685185185,0.6851863,0.689814815,0.68981593,0.694444444,0.694445559,0.699074074,0.699075189,0.703703704,0.703704819,0.708333333,0.708334448,0.712962963,0.712964078,0.717592593,0.717593708,0.722222222,0.722223337,0.726851852,
0.726852967,0.731481481,0.731482596,0.736111111,0.736112226,0.740740741,0.740741856,0.74537037,0.745371485,0.75,0.750001115,0.75462963,0.754630745,0.759259259,0.759260374,0.763888889,0.763890004,0.768518519,0.768519634,0.773148148,0.773149263,0.777777778,0.777778893,0.782407407,0.782408522,
0.787037037,0.787038152,0.791666667,0.791667782,0.796296296,0.796297411,0.79829722),.UNSPECIFIED.)
GEOMETRIC_REPRESENTATION_ITEM()
RATIONAL_B_SPLINE_SURFACE(((0.997726039,0.99845689,0.999214877,1.,0.999994527,0.999989056,0.999983586,0.977283885,0.977289357,1.,0.999994527,0.999989056,0.999983586,0.977283885,0.977289357,1.,0.999994527,0.999989056,0.999983586,0.977283885,0.977289357,1.,0.999994527,0.999989056,0.999983586,0.977283885,
0.977289357,1.,0.999994527,0.999989056,0.999983586,0.977283885,0.977289357,1.,0.999994527,0.999989056,0.999983586,0.977283885,0.977289357,1.,0.999994527,0.999989056,0.999983586,0.977283885,0.977289357,1.,0.999994527,0.999989056,0.999983586,0.977283885,0.977289357,
1.,0.999994527,0.999989056,0.999983586,0.977283885,0.977289357,1.,0.999994527,0.999989056,0.999983586,0.977283885,0.977289357,1.,0.999994527,0.999989056,0.999983586,0.977283885,0.977289357,1.,0.999994527,0.999989056,0.999983586,0.977283885,0.977289357,1.,
0.999994527,0.999989056,0.999983586,0.977283885,0.977289357,1.,0.999994527,0.999989056,0.999983586,0.977283885,0.977289357,1.,0.999994527,0.999989056,0.999983586,0.977283885,0.977289357,1.,0.999994527,0.999989056,0.999983586,0.977283885,0.977289357,1.,0.999994527,
0.999989056,0.999983586,0.977283885,0.977289357,1.,0.999994527,0.999989056,0.999983586,0.977283885,0.977289357,1.,0.999994527,0.999989056,0.999983586,0.977283885,0.977289357,1.,0.999994527,0.999989056,0.999983586,0.977283885,0.977289357,1.,0.999994527,0.999989056,
0.999983586,0.977283885,0.977289357,1.,0.999994527,0.999989056,0.999983586,0.977283885,0.977289357,1.,0.999994527,0.999989056,0.999983586,0.977283885,0.977289357,1.,0.999994527,0.999989056,0.999983586,0.977283885,0.977289357,1.,0.999994527,0.999989056,0.999983586,
0.977283885,0.977289357,1.,0.999994527,0.999989056,0.999983586,0.977283885,0.977289357,1.,0.999994527,0.999989056,0.999983586,0.977283885,0.977289357,1.,0.999994527,0.999989056,0.999983586,0.990175894,0.98460676,0.983276185),(0.997726039,0.99845689,0.999214877,1.,0.999994527,0.999989056,0.999983586,0.977283885,0.977289357,1.,0.999994527,0.999989056,0.999983586,0.977283885,0.977289357,1.,0.999994527,0.999989056,0.999983586,0.977283885,0.977289357,1.,0.999994527,0.999989056,0.999983586,0.977283885,
0.977289357,1.,0.999994527,0.999989056,0.999983586,0.977283885,0.977289357,1.,0.999994527,0.999989056,0.999983586,0.977283885,0.977289357,1.,0.999994527,0.999989056,0.999983586,0.977283885,0.977289357,1.,0.999994527,0.999989056,0.999983586,0.977283885,0.977289357,
1.,0.999994527,0.999989056,0.999983586,0.977283885,0.977289357,1.,0.999994527,0.999989056,0.999983586,0.977283885,0.977289357,1.,0.999994527,0.999989056,0.999983586,0.977283885,0.977289357,1.,0.999994527,0.999989056,0.999983586,0.977283885,0.977289357,1.,
0.999994527,0.999989056,0.999983586,0.977283885,0.977289357,1.,0.999994527,0.999989056,0.999983586,0.977283885,0.977289357,1.,0.999994527,0.999989056,0.999983586,0.977283885,0.977289357,1.,0.999994527,0.999989056,0.999983586,0.977283885,0.977289357,1.,0.999994527,
0.999989056,0.999983586,0.977283885,0.977289357,1.,0.999994527,0.999989056,0.999983586,0.977283885,0.977289357,1.,0.999994527,0.999989056,0.999983586,0.977283885,0.977289357,1.,0.999994527,0.999989056,0.999983586,0.977283885,0.977289357,1.,0.999994527,0.999989056,
0.999983586,0.977283885,0.977289357,1.,0.999994527,0.999989056,0.999983586,0.977283885,0.977289357,1.,0.999994527,0.999989056,0.999983586,0.977283885,0.977289357,1.,0.999994527,0.999989056,0.999983586,0.977283885,0.977289357,1.,0.999994527,0.999989056,0.999983586,
0.977283885,0.977289357,1.,0.999994527,0.999989056,0.999983586,0.977283885,0.977289357,1.,0.999994527,0.999989056,0.999983586,0.977283885,0.977289357,1.,0.999994527,0.999989056,0.999983586,0.990175894,0.98460676,0.983276185)))
REPRESENTATION_ITEM('')
SURFACE()
);
#3689=ORIENTED_EDGE('',*,*,#3338,.F.);
#3690=ORIENTED_EDGE('',*,*,#2710,.F.);
#3691=CARTESIAN_POINT('',(-5.664367374,-2.635223129,2.608086478));
#3692=VERTEX_POINT('',#3691);
#3693=CARTESIAN_POINT('',(-6.211143721,-2.400912618,1.680331418));
#3694=CARTESIAN_POINT('',(-6.158561534,-2.410409072,1.585367865));
#3695=CARTESIAN_POINT('',(-6.078434209,-2.420712627,1.502512608));
#3696=CARTESIAN_POINT('',(-5.985311017,-2.430201773,1.446784159));
#3697=CARTESIAN_POINT('',(-5.892187825,-2.43969092,1.391055709));
#3698=CARTESIAN_POINT('',(-5.781245884,-2.450009729,1.35959996));
#3699=CARTESIAN_POINT('',(-5.67276132,-2.459490852,1.358142847));
#3700=CARTESIAN_POINT('',(-5.564276756,-2.468971975,1.356685734));
#3701=CARTESIAN_POINT('',(-5.452477354,-2.4793068,1.385180109));
#3702=CARTESIAN_POINT('',(-5.357943909,-2.488779833,1.438357499));
#3703=CARTESIAN_POINT('',(-5.263410464,-2.498252865,1.49153489));
#3704=CARTESIAN_POINT('',(-5.180975316,-2.508603836,1.572337355));
#3705=CARTESIAN_POINT('',(-5.125920407,-2.518068704,1.66575406));
#3706=CARTESIAN_POINT('',(-5.070865497,-2.527533572,1.759170766));
#3707=CARTESIAN_POINT('',(-5.040109087,-2.537900837,1.870491695));
#3708=CARTESIAN_POINT('',(-5.039381454,-2.547357473,1.978891257));
#3709=CARTESIAN_POINT('',(-5.038653821,-2.55681411,2.087290818));
#3710=CARTESIAN_POINT('',(-5.06794383,-2.567197799,2.199068319));
#3711=CARTESIAN_POINT('',(-5.121708694,-2.576646131,2.293161561));
#3712=CARTESIAN_POINT('',(-5.175473557,-2.586094464,2.387254803));
#3713=CARTESIAN_POINT('',(-5.256954433,-2.596494721,2.469272705));
#3714=CARTESIAN_POINT('',(-5.350657405,-2.605934681,2.523651974));
#3715=CARTESIAN_POINT('',(-5.444360378,-2.615374641,2.578031243));
#3716=CARTESIAN_POINT('',(-5.556060155,-2.625791608,2.608086478));
#3717=CARTESIAN_POINT('',(-5.664367374,-2.635223129,2.608086478));
#3718=B_SPLINE_CURVE_WITH_KNOTS('',3,(#3693,#3694,#3695,#3696,#3697,#3698,#3699,#3700,#3701,#3702,#3703,#3704,#3705,#3706,#3707,#3708,#3709,#3710,#3711,#3712,#3713,#3714,#3715,#3716,#3717),.UNSPECIFIED.,.F.,.F.,(4,3,3,3,3,3,3,3,4),(0.671136275,0.675785907,0.680435539,0.685085172,0.689734804,0.694384436,0.699034069,0.703683701,0.708333333),.UNSPECIFIED.);
#3719=EDGE_CURVE('',#2677,#3692,#3718,.T.);
#3720=ORIENTED_EDGE('',*,*,#3719,.T.);
#3721=CARTESIAN_POINT('',(-5.664367374,-2.985223129,2.608086478));
#3722=VERTEX_POINT('',#3721);
#3723=CARTESIAN_POINT('',(-5.664367374,-2.635223129,2.608086478));
#3724=CARTESIAN_POINT('',(-5.745248319,-2.642266338,2.608086478));
#3725=CARTESIAN_POINT('',(-5.828194688,-2.649869652,2.591771724));
#3726=CARTESIAN_POINT('',(-5.903868252,-2.657191837,2.560376985));
#3727=CARTESIAN_POINT('',(-5.979541816,-2.664514022,2.528982246));
#3728=CARTESIAN_POINT('',(-6.048126354,-2.671555078,2.483210968));
#3729=CARTESIAN_POINT('',(-6.106309087,-2.678973126,2.425028242));
#3730=CARTESIAN_POINT('',(-6.164491819,-2.686391174,2.366845516));
#3731=CARTESIAN_POINT('',(-6.210263107,-2.693432229,2.298260984));
#3732=CARTESIAN_POINT('',(-6.24165786,-2.700754416,2.222587406));
#3733=CARTESIAN_POINT('',(-6.273052613,-2.708076603,2.146913829));
#3734=CARTESIAN_POINT('',(-6.289367374,-2.71567992,2.063967424));
#3735=CARTESIAN_POINT('',(-6.289367374,-2.722723129,1.983086479));
#3736=CARTESIAN_POINT('',(-6.289367374,-2.729766338,1.902205533));
#3737=CARTESIAN_POINT('',(-6.27305262,-2.737369652,1.819259164));
#3738=CARTESIAN_POINT('',(-6.241657881,-2.744691837,1.7435856));
#3739=CARTESIAN_POINT('',(-6.210263141,-2.752014022,1.667912036));
#3740=CARTESIAN_POINT('',(-6.164491854,-2.75905508,1.599327482));
#3741=CARTESIAN_POINT('',(-6.106309112,-2.766473129,1.54114474));
#3742=CARTESIAN_POINT('',(-6.048126371,-2.773891179,1.482961998));
#3743=CARTESIAN_POINT('',(-5.979541817,-2.780932236,1.437190711));
#3744=CARTESIAN_POINT('',(-5.903868253,-2.788254421,1.405795971));
#3745=CARTESIAN_POINT('',(-5.828194688,-2.795576606,1.374401232));
#3746=CARTESIAN_POINT('',(-5.74524832,-2.803179921,1.358086478));
#3747=CARTESIAN_POINT('',(-5.664367374,-2.810223129,1.358086478));
#3748=CARTESIAN_POINT('',(-5.583486428,-2.817266338,1.358086478));
#3749=CARTESIAN_POINT('',(-5.500540059,-2.824869652,1.374401232));
#3750=CARTESIAN_POINT('',(-5.424866495,-2.832191837,1.405795971));
#3751=CARTESIAN_POINT('',(-5.349192931,-2.839514022,1.437190711));
#3752=CARTESIAN_POINT('',(-5.280608377,-2.846555079,1.482961998));
#3753=CARTESIAN_POINT('',(-5.222425635,-2.853973129,1.54114474));
#3754=CARTESIAN_POINT('',(-5.164242893,-2.861391179,1.599327482));
#3755=CARTESIAN_POINT('',(-5.118471606,-2.868432236,1.667912036));
#3756=CARTESIAN_POINT('',(-5.087076867,-2.875754421,1.7435856));
#3757=CARTESIAN_POINT('',(-5.055682127,-2.883076606,1.819259164));
#3758=CARTESIAN_POINT('',(-5.039367374,-2.89067992,1.902205533));
#3759=CARTESIAN_POINT('',(-5.039367374,-2.897723129,1.983086479));
#3760=CARTESIAN_POINT('',(-5.039367374,-2.904766337,2.063967424));
#3761=CARTESIAN_POINT('',(-5.055682128,-2.912369652,2.146913793));
#3762=CARTESIAN_POINT('',(-5.087076867,-2.919691837,2.222587357));
#3763=CARTESIAN_POINT('',(-5.118471607,-2.927014022,2.298260921));
#3764=CARTESIAN_POINT('',(-5.164242894,-2.934055079,2.366845475));
#3765=CARTESIAN_POINT('',(-5.222425636,-2.941473129,2.425028217));
#3766=CARTESIAN_POINT('',(-5.280608378,-2.948891178,2.483210959));
#3767=CARTESIAN_POINT('',(-5.349192932,-2.955932235,2.528982246));
#3768=CARTESIAN_POINT('',(-5.424866496,-2.963254421,2.560376985));
#3769=CARTESIAN_POINT('',(-5.50054006,-2.970576606,2.591771724));
#3770=CARTESIAN_POINT('',(-5.583486428,-2.978179921,2.608086478));
#3771=CARTESIAN_POINT('',(-5.664367374,-2.985223129,2.608086478));
#3772=B_SPLINE_CURVE_WITH_KNOTS('',3,(#3723,#3724,#3725,#3726,#3727,#3728,#3729,#3730,#3731,#3732,#3733,#3734,#3735,#3736,#3737,#3738,#3739,#3740,#3741,#3742,#3743,#3744,#3745,#3746,#3747,#3748,
#3749,#3750,#3751,#3752,#3753,#3754,#3755,#3756,#3757,#3758,#3759,#3760,#3761,#3762,#3763,#3764,#3765,#3766,#3767,#3768,#3769,#3770,#3771),.UNSPECIFIED.,.F.,.F.,(4,3,3,3,3,3,3,3,3,3,3,3,3,3,3,3,4),(0.708333333,0.711805555,0.715277778,0.71875,0.722222222,0.725694444,0.729166667,0.732638889,0.736111111,0.739583333,0.743055556,0.746527778,0.75,0.753472222,0.756944444,0.760416667,0.763888889),.UNSPECIFIED.);
#3773=EDGE_CURVE('',#3692,#3722,#3772,.T.);
#3774=ORIENTED_EDGE('',*,*,#3773,.T.);
#3775=CARTESIAN_POINT('',(-5.664367374,-2.985223129,2.608086478));
#3776=CARTESIAN_POINT('',(-5.771276847,-2.994532933,2.608086478));
#3777=CARTESIAN_POINT('',(-5.881563368,-3.004819564,2.578816301));
#3778=CARTESIAN_POINT('',(-5.974442663,-3.01414615,2.52574504));
#3779=CARTESIAN_POINT('',(-6.067321958,-3.023472737,2.472673779));
#3780=CARTESIAN_POINT('',(-6.148469857,-3.03372566,2.392630338));
#3781=CARTESIAN_POINT('',(-6.202814613,-3.043068742,2.300418435));
#3782=CARTESIAN_POINT('',(-6.257159369,-3.052411824,2.208206531));
#3783=CARTESIAN_POINT('',(-6.28787282,-3.062631616,2.098565378));
#3784=CARTESIAN_POINT('',(-6.289311015,-3.071990901,1.991479669));
#3785=CARTESIAN_POINT('',(-6.29074921,-3.081350185,1.884393959));
#3786=CARTESIAN_POINT('',(-6.263050287,-3.091537444,1.774074518));
#3787=CARTESIAN_POINT('',(-6.211143336,-3.100912645,1.680330724));
#3788=B_SPLINE_CURVE_WITH_KNOTS('',3,(#3775,#3776,#3777,#3778,#3779,#3780,#3781,#3782,#3783,#3784,#3785,#3786,#3787),.UNSPECIFIED.,.F.,.F.,(4,3,3,3,4),(0.763888889,0.768478517,0.773068145,0.777657773,0.782247401),.UNSPECIFIED.);
#3789=EDGE_CURVE('',#3722,#1247,#3788,.T.);
#3790=ORIENTED_EDGE('',*,*,#3789,.T.);
#3791=ORIENTED_EDGE('',*,*,#1271,.T.);
#3792=EDGE_LOOP('',(#3689,#3690,#3720,#3774,#3790,#3791));
#3793=FACE_BOUND('',#3792,.T.);
#3794=ADVANCED_FACE('',(#3793),#3688,.T.);
#3795=CARTESIAN_POINT('',(-5.664367374,-4.170868203,1.983086479));
#3796=DIRECTION('',(0.,-1.,0.));
#3797=DIRECTION('',(0.,0.,1.));
#3798=AXIS2_PLACEMENT_3D('',#3795,#3796,#3797);
#3799=CYLINDRICAL_SURFACE('',#3798,0.81);
#3800=CARTESIAN_POINT('',(-5.664367374,-4.060868203,2.793086479));
#3801=VERTEX_POINT('',#3800);
#3802=CARTESIAN_POINT('',(-5.664367374,-4.378258806,2.793086479));
#3803=DIRECTION('',(-0.,1.,-0.));
#3804=VECTOR('',#3803,0.317390603);
#3805=LINE('',#3802,#3804);
#3806=EDGE_CURVE('',#2269,#3801,#3805,.T.);
#3807=ORIENTED_EDGE('',*,*,#3806,.F.);
#3808=ORIENTED_EDGE('',*,*,#2275,.F.);
#3809=ORIENTED_EDGE('',*,*,#2282,.F.);
#3810=ORIENTED_EDGE('',*,*,#3806,.T.);
#3811=CARTESIAN_POINT('',(-5.168264176,-4.060868203,1.34278841));
#3812=VERTEX_POINT('',#3811);
#3813=CARTESIAN_POINT('',(-5.664367374,-4.060868203,1.983086479));
#3814=DIRECTION('',(0.,-1.,0.));
#3815=DIRECTION('',(0.,-0.,-1.));
#3816=AXIS2_PLACEMENT_3D('',#3813,#3814,#3815);
#3817=CIRCLE('',#3816,0.81);
#3818=EDGE_CURVE('',#3812,#3801,#3817,.T.);
#3819=ORIENTED_EDGE('',*,*,#3818,.F.);
#3820=CARTESIAN_POINT('',(-5.664367374,-4.060868203,1.983086479));
#3821=DIRECTION('',(0.,-1.,0.));
#3822=DIRECTION('',(0.,-0.,-1.));
#3823=AXIS2_PLACEMENT_3D('',#3820,#3821,#3822);
#3824=CIRCLE('',#3823,0.81);
#3825=EDGE_CURVE('',#3801,#3812,#3824,.T.);
#3826=ORIENTED_EDGE('',*,*,#3825,.F.);
#3827=EDGE_LOOP('',(#3807,#3808,#3809,#3810,#3819,#3826));
#3828=FACE_BOUND('',#3827,.T.);
#3829=ADVANCED_FACE('',(#3828),#3799,.F.);
#3830=CARTESIAN_POINT('',(-3.664367374,-4.060868203,2.033086479));
#3831=DIRECTION('',(0.,-1.,0.));
#3832=DIRECTION('',(-1.,0.,0.));
#3833=AXIS2_PLACEMENT_3D('',#3830,#3831,#3832);
#3834=PLANE('',#3833);
#3835=ORIENTED_EDGE('',*,*,#3818,.T.);
#3836=ORIENTED_EDGE('',*,*,#3825,.T.);
#3837=EDGE_LOOP('',(#3835,#3836));
#3838=FACE_BOUND('',#3837,.T.);
#3839=ORIENTED_EDGE('',*,*,#2255,.T.);
#3840=CARTESIAN_POINT('',(-5.664367374,-4.060868203,1.983086478));
#3841=DIRECTION('',(-0.,1.,-0.));
#3842=DIRECTION('',(0.,-0.,-1.));
#3843=AXIS2_PLACEMENT_3D('',#3840,#3841,#3842);
#3844=CIRCLE('',#3843,0.625);
#3845=EDGE_CURVE('',#2243,#2021,#3844,.T.);
#3846=ORIENTED_EDGE('',*,*,#3845,.T.);
#3847=ORIENTED_EDGE('',*,*,#2045,.F.);
#3848=ORIENTED_EDGE('',*,*,#1088,.F.);
#3849=EDGE_LOOP('',(#3839,#3846,#3847,#3848));
#3850=FACE_BOUND('',#3849,.T.);
#3851=ADVANCED_FACE('',(#3838,#3850),#3834,.T.);
#3852=CARTESIAN_POINT('',(-5.664367374,-2.170868203,1.983086478));
#3853=DIRECTION('',(0.,-1.,0.));
#3854=DIRECTION('',(0.,0.,1.));
#3855=AXIS2_PLACEMENT_3D('',#3852,#3853,#3854);
#3856=CYLINDRICAL_SURFACE('',#3855,0.625);
#3857=CARTESIAN_POINT('',(-5.664367374,-3.833123129,2.608086478));
#3858=DIRECTION('',(-0.,1.,-0.));
#3859=VECTOR('',#3858,0.1479);
#3860=LINE('',#3857,#3859);
#3861=EDGE_CURVE('',#2048,#933,#3860,.T.);
#3862=ORIENTED_EDGE('',*,*,#3861,.F.);
#3863=ORIENTED_EDGE('',*,*,#2087,.T.);
#3864=ORIENTED_EDGE('',*,*,#3845,.F.);
#3865=ORIENTED_EDGE('',*,*,#2248,.T.);
#3866=ORIENTED_EDGE('',*,*,#998,.F.);
#3867=EDGE_LOOP('',(#3862,#3863,#3864,#3865,#3866));
#3868=FACE_BOUND('',#3867,.T.);
#3869=ADVANCED_FACE('',(#3868),#3856,.F.);
#3870=CARTESIAN_POINT('',(-5.664367374,-2.170868203,1.983086478));
#3871=DIRECTION('',(0.,-1.,0.));
#3872=DIRECTION('',(0.,0.,1.));
#3873=AXIS2_PLACEMENT_3D('',#3870,#3871,#3872);
#3874=CYLINDRICAL_SURFACE('',#3873,0.625);
#3875=CARTESIAN_POINT('',(-5.664367374,-3.483123129,2.608086478));
#3876=DIRECTION('',(-0.,1.,-0.));
#3877=VECTOR('',#3876,0.1479);
#3878=LINE('',#3875,#3877);
#3879=EDGE_CURVE('',#2090,#1274,#3878,.T.);
#3880=ORIENTED_EDGE('',*,*,#3879,.F.);
#3881=ORIENTED_EDGE('',*,*,#2141,.T.);
#3882=ORIENTED_EDGE('',*,*,#3861,.T.);
#3883=ORIENTED_EDGE('',*,*,#1353,.F.);
#3884=EDGE_LOOP('',(#3880,#3881,#3882,#3883));
#3885=FACE_BOUND('',#3884,.T.);
#3886=ADVANCED_FACE('',(#3885),#3874,.F.);
#3887=CARTESIAN_POINT('',(-5.664367374,-2.170868203,1.983086478));
#3888=DIRECTION('',(0.,-1.,0.));
#3889=DIRECTION('',(0.,0.,1.));
#3890=AXIS2_PLACEMENT_3D('',#3887,#3888,#3889);
#3891=CYLINDRICAL_SURFACE('',#3890,0.625);
#3892=CARTESIAN_POINT('',(-5.664367374,-3.133123129,2.608086478));
#3893=DIRECTION('',(-0.,1.,-0.));
#3894=VECTOR('',#3893,0.1479);
#3895=LINE('',#3892,#3894);
#3896=EDGE_CURVE('',#2144,#3722,#3895,.T.);
#3897=ORIENTED_EDGE('',*,*,#3896,.F.);
#3898=ORIENTED_EDGE('',*,*,#2195,.T.);
#3899=ORIENTED_EDGE('',*,*,#3879,.T.);
#3900=ORIENTED_EDGE('',*,*,#1301,.F.);
#3901=ORIENTED_EDGE('',*,*,#3789,.F.);
#3902=EDGE_LOOP('',(#3897,#3898,#3899,#3900,#3901));
#3903=FACE_BOUND('',#3902,.T.);
#3904=ADVANCED_FACE('',(#3903),#3891,.F.);
#3905=CARTESIAN_POINT('',(-5.664367374,-2.170868203,1.983086478));
#3906=DIRECTION('',(0.,-1.,0.));
#3907=DIRECTION('',(0.,0.,1.));
#3908=AXIS2_PLACEMENT_3D('',#3905,#3906,#3907);
#3909=CYLINDRICAL_SURFACE('',#3908,0.625);
#3910=CARTESIAN_POINT('',(-5.664367374,-2.783123129,2.608086478));
#3911=DIRECTION('',(-0.,1.,-0.));
#3912=VECTOR('',#3911,0.1479);
#3913=LINE('',#3910,#3912);
#3914=EDGE_CURVE('',#3074,#3692,#3913,.T.);
#3915=ORIENTED_EDGE('',*,*,#3914,.F.);
#3916=ORIENTED_EDGE('',*,*,#3119,.T.);
#3917=ORIENTED_EDGE('',*,*,#2207,.T.);
#3918=ORIENTED_EDGE('',*,*,#3896,.T.);
#3919=ORIENTED_EDGE('',*,*,#3773,.F.);
#3920=EDGE_LOOP('',(#3915,#3916,#3917,#3918,#3919));
#3921=FACE_BOUND('',#3920,.T.);
#3922=ADVANCED_FACE('',(#3921),#3909,.F.);
#3923=CARTESIAN_POINT('',(-5.664367374,-2.170868203,1.983086478));
#3924=DIRECTION('',(0.,-1.,0.));
#3925=DIRECTION('',(0.,0.,1.));
#3926=AXIS2_PLACEMENT_3D('',#3923,#3924,#3925);
#3927=CYLINDRICAL_SURFACE('',#3926,0.625);
#3928=ORIENTED_EDGE('',*,*,#3914,.T.);
#3929=ORIENTED_EDGE('',*,*,#3719,.F.);
#3930=ORIENTED_EDGE('',*,*,#2683,.F.);
#3931=CARTESIAN_POINT('',(-5.664367374,-2.433123129,2.608086478));
#3932=DIRECTION('',(-0.,1.,-0.));
#3933=VECTOR('',#3932,0.032210497);
#3934=LINE('',#3931,#3933);
#3935=EDGE_CURVE('',#3122,#2668,#3934,.T.);
#3936=ORIENTED_EDGE('',*,*,#3935,.F.);
#3937=ORIENTED_EDGE('',*,*,#3173,.T.);
#3938=EDGE_LOOP('',(#3928,#3929,#3930,#3936,#3937));
#3939=FACE_BOUND('',#3938,.T.);
#3940=ADVANCED_FACE('',(#3939),#3927,.F.);
#3941=CARTESIAN_POINT('',(-5.664367374,-2.170868203,1.983086478));
#3942=DIRECTION('',(0.,-1.,0.));
#3943=DIRECTION('',(0.,0.,1.));
#3944=AXIS2_PLACEMENT_3D('',#3941,#3942,#3943);
#3945=CYLINDRICAL_SURFACE('',#3944,0.625);
#3946=ORIENTED_EDGE('',*,*,#3935,.T.);
#3947=ORIENTED_EDGE('',*,*,#2674,.F.);
#3948=ORIENTED_EDGE('',*,*,#3183,.T.);
#3949=EDGE_LOOP('',(#3946,#3947,#3948));
#3950=FACE_BOUND('',#3949,.T.);
#3951=ADVANCED_FACE('',(#3950),#3945,.F.);
#3952=CLOSED_SHELL('',(#1357,#2236,#2260,#2328,#2376,#2398,#2429,#2460,#2491,#2522,#2564,#2601,#2618,#2635,#2647,#2659,#2739,#3343,#3794,#3829,#3851,#3869,#3886,#3904,#3922,#3940,
#3951));
#3953=MANIFOLD_SOLID_BREP('\X2\4E3B52D5593E81C2\X0\',#3952);
#3954=COLOUR_RGB('',0.850980401,0.850980401,0.850980401);
#3955=FILL_AREA_STYLE_COLOUR('',#3954);
#3956=FILL_AREA_STYLE('',(#3955));
#3957=SURFACE_STYLE_FILL_AREA(#3956);
#3958=SURFACE_SIDE_STYLE('',(#3957));
#3959=SURFACE_STYLE_USAGE(.BOTH.,#3958);
#3960=PRESENTATION_STYLE_ASSIGNMENT((#3959));
#26=STYLED_ITEM('',(#3960),#3953);
#16=SHAPE_REPRESENTATION('\X2\4E3B52D5593E81C2\X0\',(#15),#10);
#17=ADVANCED_BREP_SHAPE_REPRESENTATION('\X2\4E3B52D5593E81C2\X0\',(#3953),#10);
#3968=SHAPE_REPRESENTATION_RELATIONSHIP('','',#16,#17);
#3969=CARTESIAN_POINT('',(0.,0.,0.));
#3970=DIRECTION('',(0.,0.,1.));
#3971=DIRECTION('',(1.,0.,0.));
#3972=AXIS2_PLACEMENT_3D('',#3969,#3970,#3971);
#3974=MAPPED_ITEM('',#3973,#3972);
#3973=REPRESENTATION_MAP(#3972,#16);
#3975=APPLICATION_CONTEXT('Managed model based 3d engineering');
#3976=APPLICATION_PROTOCOL_DEFINITION('international standard','ap242_managed_model_based_3d_engineering',2014,#3975);
#3977=PRODUCT_CONTEXT('',#3975,'mechanical');
#3978=PRODUCT_DEFINITION_CONTEXT('part definition',#3975,'design');
#24=PRODUCT('\X2\4E3B52D5593E81C2\X0\','\X2\4E3B52D5593E81C2\X0\','',(#3977));
#3979=PRODUCT_RELATED_PRODUCT_CATEGORY('part','',(#24));
#3980=PRODUCT_DEFINITION_FORMATION_WITH_SPECIFIED_SOURCE('','',#24,.NOT_KNOWN.);
#25=PRODUCT_DEFINITION('design','',#3980,#3978);
#23=PRODUCT_DEFINITION_SHAPE('','',#25);
#3981=SHAPE_DEFINITION_REPRESENTATION(#23,#16);
#11=DRAUGHTING_MODEL('',(#3974),#10);
#3982=DESCRIPTIVE_REPRESENTATION_ITEM('KEY','C:\\Users\\Nalani\\AppData\\Local\\Packages\\Shapr3D.Shapr3D_j403pzjkqtqbj\\TempState\\d7661652-fd67-4cba-92c0-d80d031c355e.tmp');
#3983=PROPERTY_DEFINITION('KEY','',#25);
#3984=REPRESENTATION('',(#3982),#10);
#3985=PROPERTY_DEFINITION_REPRESENTATION(#3983,#3984);
#3986=GENERAL_PROPERTY('','KEY','');
#3987=GENERAL_PROPERTY_ASSOCIATION('','',#3986,#3983);
#1=MECHANICAL_DESIGN_GEOMETRIC_PRESENTATION_REPRESENTATION('',(#26),#10);
ENDSEC;
END-ISO-10303-21;
