ISO-10303-21;
HEADER;

/* File generated by Shapr3D Version 26.123.11423.0 */

FILE_DESCRIPTION(('HOOPS Exchange Step'),'2;1');

FILE_NAME('C:\\Users\\Nalani\\AppData\\Local\\Packages\\Shapr3D.Shapr3D_j403pzjkqtqbj\\TempState\\export\\temp_export',
'2026-08-03T16:12:06+08:00',
('Nalani'),
('Shapr3D Limited'),
'HOOPS Exchange 2026.3',
'Shapr3D',
'Authorized');

FILE_SCHEMA( ('AP242_MANAGED_MODEL_BASED_3D_ENGINEERING_MIM_LF {1 0 10303 442 1 1 4}') );

ENDSEC;

DATA;
#3=(NAMED_UNIT(*)PLANE_ANGLE_UNIT()SI_UNIT($,.RADIAN.));
#4=PLANE_ANGLE_MEASURE_WITH_UNIT(PLANE_ANGLE_MEASURE(0.0174532925),#3);
#5=(CONVERSION_BASED_UNIT('DEGREE',#4)NAMED_UNIT(#6)PLANE_ANGLE_UNIT());
#6=DIMENSIONAL_EXPONENTS(0.,0.,0.,0.,0.,0.,0.);
#7=(NAMED_UNIT(*)SI_UNIT($,.STERADIAN.)SOLID_ANGLE_UNIT());
#8=(LENGTH_UNIT()NAMED_UNIT(*)SI_UNIT(.MILLI.,.METRE.));
#9=UNCERTAINTY_MEASURE_WITH_UNIT(LENGTH_MEASURE(1.000000E-05),#8,'DISTANCE_ACCURACY_VALUE','Maximum Tolerance applied to model');
#10=(GEOMETRIC_REPRESENTATION_CONTEXT(3)GLOBAL_UNCERTAINTY_ASSIGNED_CONTEXT((#9))GLOBAL_UNIT_ASSIGNED_CONTEXT((#8,#5,#7))REPRESENTATION_CONTEXT('','\X2\4E3B52D5593E81C2\X0\ (\X2\504F7F6E\X0\)'));
#12=CARTESIAN_POINT('',(0.,0.,0.));
#13=DIRECTION('',(0.,0.,1.));
#14=DIRECTION('',(1.,0.,0.));
#15=AXIS2_PLACEMENT_3D('',#12,#13,#14);
#27=CARTESIAN_POINT('',(-10.984289821,10.720156089,1.595531867));
#28=CARTESIAN_POINT('',(-10.981975075,10.719829513,1.591351443));
#29=CARTESIAN_POINT('',(-10.979623848,10.719503801,1.587193509));
#30=CARTESIAN_POINT('',(-10.977236414,10.71917898,1.583058352));
#31=CARTESIAN_POINT('',(-10.977219785,10.719176717,1.58302955));
#32=CARTESIAN_POINT('',(-10.977203154,10.719174455,1.583000748));
#33=CARTESIAN_POINT('',(-10.977186522,10.719172192,1.582971948));
#34=CARTESIAN_POINT('',(-10.906560635,10.709564956,1.460679546));
#35=CARTESIAN_POINT('',(-10.806696025,10.699619174,1.360827678));
#36=CARTESIAN_POINT('',(-10.684395501,10.690012313,1.290217438));
#37=CARTESIAN_POINT('',(-10.684366699,10.690010051,1.290200809));
#38=CARTESIAN_POINT('',(-10.684337895,10.690007788,1.290184182));
#39=CARTESIAN_POINT('',(-10.684309091,10.690005526,1.290167556));
#40=CARTESIAN_POINT('',(-10.561999077,10.68039829,1.219572174));
#41=CARTESIAN_POINT('',(-10.425587854,10.670452508,1.183030225));
#42=CARTESIAN_POINT('',(-10.284367374,10.660845647,1.183030225));
#43=CARTESIAN_POINT('',(-10.284334116,10.660843384,1.183030225));
#44=CARTESIAN_POINT('',(-10.284300858,10.660841122,1.183030227));
#45=CARTESIAN_POINT('',(-10.2842676,10.660838859,1.183030231));
#46=CARTESIAN_POINT('',(-10.14304633,10.651231623,1.183047842));
#47=CARTESIAN_POINT('',(-10.006639771,10.641285841,1.219607198));
#48=CARTESIAN_POINT('',(-9.884339247,10.63167898,1.290217439));
#49=CARTESIAN_POINT('',(-9.884310445,10.631676717,1.290234068));
#50=CARTESIAN_POINT('',(-9.884281643,10.631674455,1.290250698));
#51=CARTESIAN_POINT('',(-9.884252843,10.631672192,1.290267331));
#52=CARTESIAN_POINT('',(-9.761960441,10.622064957,1.360893218));
#53=CARTESIAN_POINT('',(-9.662108574,10.612119174,1.460757828));
#54=CARTESIAN_POINT('',(-9.591498334,10.602512313,1.583058352));
#55=CARTESIAN_POINT('',(-9.591481705,10.602510051,1.583087154));
#56=CARTESIAN_POINT('',(-9.591465078,10.602507788,1.583115957));
#57=CARTESIAN_POINT('',(-9.591448452,10.602505526,1.583144762));
#58=CARTESIAN_POINT('',(-9.520853069,10.59289829,1.705454775));
#59=CARTESIAN_POINT('',(-9.48431112,10.582952508,1.841865998));
#60=CARTESIAN_POINT('',(-9.48431112,10.573345646,1.983086479));
#61=CARTESIAN_POINT('',(-9.48431112,10.573343383,1.983119737));
#62=CARTESIAN_POINT('',(-9.484311122,10.573341121,1.983152995));
#63=CARTESIAN_POINT('',(-9.484311126,10.573338858,1.983186253));
#64=CARTESIAN_POINT('',(-9.484328738,10.563731623,2.124407523));
#65=CARTESIAN_POINT('',(-9.520888093,10.55378584,2.260814082));
#66=CARTESIAN_POINT('',(-9.591498334,10.544178979,2.383114606));
#67=CARTESIAN_POINT('',(-9.591514963,10.544176717,2.383143408));
#68=CARTESIAN_POINT('',(-9.591531594,10.544174454,2.38317221));
#69=CARTESIAN_POINT('',(-9.591548226,10.544172192,2.38320101));
#70=CARTESIAN_POINT('',(-9.662174113,10.534564956,2.505493412));
#71=CARTESIAN_POINT('',(-9.762038723,10.524619174,2.605345279));
#72=CARTESIAN_POINT('',(-9.884339247,10.515012313,2.675955519));
#73=CARTESIAN_POINT('',(-9.884368049,10.515010051,2.675972148));
#74=CARTESIAN_POINT('',(-9.884396853,10.515007788,2.675988775));
#75=CARTESIAN_POINT('',(-9.884425657,10.515005526,2.676005401));
#76=CARTESIAN_POINT('',(-10.006735671,10.50539829,2.746600784));
#77=CARTESIAN_POINT('',(-10.143146894,10.495452508,2.783142733));
#78=CARTESIAN_POINT('',(-10.284367374,10.485845646,2.783142733));
#79=CARTESIAN_POINT('',(-10.284400632,10.485843384,2.783142733));
#80=CARTESIAN_POINT('',(-10.28443389,10.485841121,2.783142731));
#81=CARTESIAN_POINT('',(-10.284467148,10.485838859,2.783142727));
#82=CARTESIAN_POINT('',(-10.425688418,10.476231623,2.783125115));
#83=CARTESIAN_POINT('',(-10.562094977,10.466285841,2.74656576));
#84=CARTESIAN_POINT('',(-10.684395501,10.456678979,2.675955519));
#85=CARTESIAN_POINT('',(-10.684424303,10.456676717,2.67593889));
#86=CARTESIAN_POINT('',(-10.684453104,10.456674454,2.67592226));
#87=CARTESIAN_POINT('',(-10.684481905,10.456672192,2.675905627));
#88=CARTESIAN_POINT('',(-10.806774307,10.447064956,2.60527974));
#89=CARTESIAN_POINT('',(-10.906626174,10.437119174,2.50541513));
#90=CARTESIAN_POINT('',(-10.977236414,10.427512313,2.383114606));
#91=CARTESIAN_POINT('',(-10.977253043,10.427510051,2.383085804));
#92=CARTESIAN_POINT('',(-10.97726967,10.427507788,2.383057));
#93=CARTESIAN_POINT('',(-10.977286296,10.427505526,2.383028196));
#94=CARTESIAN_POINT('',(-11.047881679,10.41789829,2.260718182));
#95=CARTESIAN_POINT('',(-11.084423628,10.407952507,2.124306959));
#96=CARTESIAN_POINT('',(-11.084423628,10.398345647,1.983086479));
#97=CARTESIAN_POINT('',(-11.084423628,10.398343384,1.983053221));
#98=CARTESIAN_POINT('',(-11.084423626,10.398341122,1.983019963));
#99=CARTESIAN_POINT('',(-11.084423622,10.398338859,1.982986705));
#100=CARTESIAN_POINT('',(-11.08440601,10.388731623,1.841765434));
#101=CARTESIAN_POINT('',(-11.047846655,10.378785841,1.705358875));
#102=CARTESIAN_POINT('',(-10.977236414,10.36917898,1.583058352));
#103=CARTESIAN_POINT('',(-10.977219785,10.369176717,1.58302955));
#104=CARTESIAN_POINT('',(-10.977203154,10.369174455,1.583000748));
#105=CARTESIAN_POINT('',(-10.977186522,10.369172192,1.582971948));
#106=CARTESIAN_POINT('',(-10.906560635,10.359564956,1.460679546));
#107=CARTESIAN_POINT('',(-10.806696025,10.349619174,1.360827679));
#108=CARTESIAN_POINT('',(-10.684395501,10.340012313,1.290217438));
#109=CARTESIAN_POINT('',(-10.684366699,10.340010051,1.290200809));
#110=CARTESIAN_POINT('',(-10.684337895,10.340007788,1.290184182));
#111=CARTESIAN_POINT('',(-10.684309091,10.340005526,1.290167557));
#112=CARTESIAN_POINT('',(-10.561999077,10.33039829,1.219572174));
#113=CARTESIAN_POINT('',(-10.425587854,10.320452507,1.183030225));
#114=CARTESIAN_POINT('',(-10.284367374,10.310845647,1.183030225));
#115=CARTESIAN_POINT('',(-10.284334116,10.310843384,1.183030225));
#116=CARTESIAN_POINT('',(-10.284300858,10.310841122,1.183030227));
#117=CARTESIAN_POINT('',(-10.2842676,10.310838859,1.183030231));
#118=CARTESIAN_POINT('',(-10.14304633,10.301231623,1.183047843));
#119=CARTESIAN_POINT('',(-10.006639771,10.291285841,1.219607198));
#120=CARTESIAN_POINT('',(-9.884339247,10.28167898,1.290217438));
#121=CARTESIAN_POINT('',(-9.884310445,10.281676717,1.290234067));
#122=CARTESIAN_POINT('',(-9.884281643,10.281674455,1.290250698));
#123=CARTESIAN_POINT('',(-9.884252843,10.281672192,1.29026733));
#124=CARTESIAN_POINT('',(-9.761960441,10.272064957,1.360893218));
#125=CARTESIAN_POINT('',(-9.662108574,10.262119174,1.460757828));
#126=CARTESIAN_POINT('',(-9.591498334,10.252512313,1.583058352));
#127=CARTESIAN_POINT('',(-9.591481705,10.252510051,1.583087154));
#128=CARTESIAN_POINT('',(-9.591465078,10.252507788,1.583115957));
#129=CARTESIAN_POINT('',(-9.591448452,10.252505526,1.583144762));
#130=CARTESIAN_POINT('',(-9.520853069,10.24289829,1.705454775));
#131=CARTESIAN_POINT('',(-9.48431112,10.232952508,1.841865998));
#132=CARTESIAN_POINT('',(-9.48431112,10.223345647,1.983086479));
#133=CARTESIAN_POINT('',(-9.48431112,10.223343384,1.983119737));
#134=CARTESIAN_POINT('',(-9.484311122,10.223341122,1.983152995));
#135=CARTESIAN_POINT('',(-9.484311126,10.223338859,1.983186253));
#136=CARTESIAN_POINT('',(-9.484328738,10.213731623,2.124407523));
#137=CARTESIAN_POINT('',(-9.520888093,10.20378584,2.260814082));
#138=CARTESIAN_POINT('',(-9.591498334,10.194178979,2.383114605));
#139=CARTESIAN_POINT('',(-9.591514963,10.194176717,2.383143408));
#140=CARTESIAN_POINT('',(-9.591531594,10.194174454,2.383172209));
#141=CARTESIAN_POINT('',(-9.591548226,10.194172192,2.383201009));
#142=CARTESIAN_POINT('',(-9.662174113,10.184564956,2.505493412));
#143=CARTESIAN_POINT('',(-9.762038723,10.174619174,2.605345279));
#144=CARTESIAN_POINT('',(-9.884339247,10.165012313,2.675955519));
#145=CARTESIAN_POINT('',(-9.884368049,10.165010051,2.675972148));
#146=CARTESIAN_POINT('',(-9.884396853,10.165007788,2.675988776));
#147=CARTESIAN_POINT('',(-9.884425657,10.165005526,2.676005401));
#148=CARTESIAN_POINT('',(-10.006735671,10.15539829,2.746600784));
#149=CARTESIAN_POINT('',(-10.143146894,10.145452507,2.783142733));
#150=CARTESIAN_POINT('',(-10.284367374,10.135845646,2.783142733));
#151=CARTESIAN_POINT('',(-10.284400632,10.135843384,2.783142733));
#152=CARTESIAN_POINT('',(-10.28443389,10.135841121,2.783142731));
#153=CARTESIAN_POINT('',(-10.284467148,10.135838859,2.783142727));
#154=CARTESIAN_POINT('',(-10.425688418,10.126231623,2.783125115));
#155=CARTESIAN_POINT('',(-10.562094977,10.116285841,2.74656576));
#156=CARTESIAN_POINT('',(-10.684395501,10.106678979,2.67595552));
#157=CARTESIAN_POINT('',(-10.684424303,10.106676717,2.675938891));
#158=CARTESIAN_POINT('',(-10.684453104,10.106674454,2.67592226));
#159=CARTESIAN_POINT('',(-10.684481905,10.106672192,2.675905627));
#160=CARTESIAN_POINT('',(-10.806774307,10.097064956,2.605279739));
#161=CARTESIAN_POINT('',(-10.906626174,10.087119174,2.505415129));
#162=CARTESIAN_POINT('',(-10.977236414,10.077512313,2.383114606));
#163=CARTESIAN_POINT('',(-10.977253043,10.077510051,2.383085804));
#164=CARTESIAN_POINT('',(-10.97726967,10.077507788,2.383057));
#165=CARTESIAN_POINT('',(-10.977286296,10.077505526,2.383028196));
#166=CARTESIAN_POINT('',(-11.047881679,10.06789829,2.260718182));
#167=CARTESIAN_POINT('',(-11.084423628,10.057952507,2.124306959));
#168=CARTESIAN_POINT('',(-11.084423628,10.048345647,1.983086479));
#169=CARTESIAN_POINT('',(-11.084423628,10.048343384,1.983053221));
#170=CARTESIAN_POINT('',(-11.084423626,10.048341122,1.983019963));
#171=CARTESIAN_POINT('',(-11.084423622,10.048338859,1.982986705));
#172=CARTESIAN_POINT('',(-11.08440601,10.038731623,1.841765434));
#173=CARTESIAN_POINT('',(-11.047846655,10.028785841,1.705358875));
#174=CARTESIAN_POINT('',(-10.977236414,10.01917898,1.583058351));
#175=CARTESIAN_POINT('',(-10.977219785,10.019176717,1.583029549));
#176=CARTESIAN_POINT('',(-10.977203154,10.019174455,1.583000748));
#177=CARTESIAN_POINT('',(-10.977186522,10.019172192,1.582971947));
#178=CARTESIAN_POINT('',(-10.906560635,10.009564956,1.460679546));
#179=CARTESIAN_POINT('',(-10.806696025,9.999619174,1.360827679));
#180=CARTESIAN_POINT('',(-10.684395501,9.990012313,1.290217439));
#181=CARTESIAN_POINT('',(-10.684366699,9.990010051,1.29020081));
#182=CARTESIAN_POINT('',(-10.684337895,9.990007788,1.290184182));
#183=CARTESIAN_POINT('',(-10.684309091,9.990005526,1.290167557));
#184=CARTESIAN_POINT('',(-10.561999077,9.98039829,1.219572173));
#185=CARTESIAN_POINT('',(-10.425587854,9.970452507,1.183030225));
#186=CARTESIAN_POINT('',(-10.284367374,9.960845647,1.183030225));
#187=CARTESIAN_POINT('',(-10.284334116,9.960843384,1.183030225));
#188=CARTESIAN_POINT('',(-10.284300858,9.960841122,1.183030227));
#189=CARTESIAN_POINT('',(-10.2842676,9.960838859,1.183030231));
#190=CARTESIAN_POINT('',(-10.14304633,9.951231623,1.183047843));
#191=CARTESIAN_POINT('',(-10.006639771,9.941285841,1.219607198));
#192=CARTESIAN_POINT('',(-9.884339247,9.93167898,1.290217438));
#193=CARTESIAN_POINT('',(-9.884310445,9.931676717,1.290234067));
#194=CARTESIAN_POINT('',(-9.884281643,9.931674455,1.290250698));
#195=CARTESIAN_POINT('',(-9.884252843,9.931672192,1.290267331));
#196=CARTESIAN_POINT('',(-9.761960441,9.922064956,1.360893218));
#197=CARTESIAN_POINT('',(-9.662108574,9.912119174,1.460757828));
#198=CARTESIAN_POINT('',(-9.591498334,9.902512313,1.583058352));
#199=CARTESIAN_POINT('',(-9.591481705,9.902510051,1.583087154));
#200=CARTESIAN_POINT('',(-9.591465078,9.902507788,1.583115958));
#201=CARTESIAN_POINT('',(-9.591448452,9.902505526,1.583144762));
#202=CARTESIAN_POINT('',(-9.520853069,9.89289829,1.705454775));
#203=CARTESIAN_POINT('',(-9.48431112,9.882952508,1.841865998));
#204=CARTESIAN_POINT('',(-9.48431112,9.873345647,1.983086478));
#205=CARTESIAN_POINT('',(-9.48431112,9.873343384,1.983119736));
#206=CARTESIAN_POINT('',(-9.484311122,9.873341122,1.983152994));
#207=CARTESIAN_POINT('',(-9.484311126,9.873338859,1.983186253));
#208=CARTESIAN_POINT('',(-9.484328738,9.863731623,2.124407523));
#209=CARTESIAN_POINT('',(-9.520888093,9.85378584,2.260814082));
#210=CARTESIAN_POINT('',(-9.591498334,9.844178979,2.383114606));
#211=CARTESIAN_POINT('',(-9.591514963,9.844176717,2.383143408));
#212=CARTESIAN_POINT('',(-9.591531594,9.844174454,2.383172209));
#213=CARTESIAN_POINT('',(-9.591548226,9.844172192,2.38320101));
#214=CARTESIAN_POINT('',(-9.662174113,9.834564956,2.505493411));
#215=CARTESIAN_POINT('',(-9.762038723,9.824619174,2.605345279));
#216=CARTESIAN_POINT('',(-9.884339247,9.815012313,2.67595552));
#217=CARTESIAN_POINT('',(-9.884368049,9.81501005,2.675972149));
#218=CARTESIAN_POINT('',(-9.884396853,9.815007788,2.675988776));
#219=CARTESIAN_POINT('',(-9.884425657,9.815005525,2.676005401));
#220=CARTESIAN_POINT('',(-10.006735671,9.80539829,2.746600784));
#221=CARTESIAN_POINT('',(-10.143146894,9.795452507,2.783142733));
#222=CARTESIAN_POINT('',(-10.284367374,9.785845646,2.783142733));
#223=CARTESIAN_POINT('',(-10.284400632,9.785843384,2.783142733));
#224=CARTESIAN_POINT('',(-10.28443389,9.785841121,2.78314273));
#225=CARTESIAN_POINT('',(-10.284467148,9.785838858,2.783142726));
#226=CARTESIAN_POINT('',(-10.425688418,9.776231623,2.783125115));
#227=CARTESIAN_POINT('',(-10.562094977,9.766285841,2.74656576));
#228=CARTESIAN_POINT('',(-10.684395501,9.75667898,2.675955519));
#229=CARTESIAN_POINT('',(-10.684424303,9.756676718,2.67593889));
#230=CARTESIAN_POINT('',(-10.684453104,9.756674455,2.675922259));
#231=CARTESIAN_POINT('',(-10.684481905,9.756672193,2.675905626));
#232=CARTESIAN_POINT('',(-10.806774307,9.747064957,2.605279739));
#233=CARTESIAN_POINT('',(-10.906626174,9.737119174,2.50541513));
#234=CARTESIAN_POINT('',(-10.977236414,9.727512313,2.383114606));
#235=CARTESIAN_POINT('',(-10.977253043,9.727510051,2.383085804));
#236=CARTESIAN_POINT('',(-10.97726967,9.727507788,2.383057001));
#237=CARTESIAN_POINT('',(-10.977286296,9.727505525,2.383028196));
#238=CARTESIAN_POINT('',(-11.047881679,9.717898289,2.260718183));
#239=CARTESIAN_POINT('',(-11.084423628,9.707952507,2.124306959));
#240=CARTESIAN_POINT('',(-11.084423628,9.698345647,1.983086478));
#241=CARTESIAN_POINT('',(-11.084423628,9.698343384,1.98305322));
#242=CARTESIAN_POINT('',(-11.084423626,9.698341122,1.983019962));
#243=CARTESIAN_POINT('',(-11.084423622,9.698338859,1.982986704));
#244=CARTESIAN_POINT('',(-11.08440601,9.688731623,1.841765434));
#245=CARTESIAN_POINT('',(-11.047846655,9.678785841,1.705358875));
#246=CARTESIAN_POINT('',(-10.977236414,9.66917898,1.583058352));
#247=CARTESIAN_POINT('',(-10.977219785,9.669176717,1.583029549));
#248=CARTESIAN_POINT('',(-10.977203154,9.669174455,1.583000748));
#249=CARTESIAN_POINT('',(-10.977186522,9.669172192,1.582971948));
#250=CARTESIAN_POINT('',(-10.953109825,9.66589704,1.541281894));
#251=CARTESIAN_POINT('',(-10.925314844,9.662547636,1.501819105));
#252=CARTESIAN_POINT('',(-10.893973699,9.659150572,1.464945437));
#253=CARTESIAN_POINT('',(-10.984261371,10.720137314,1.59554762));
#254=CARTESIAN_POINT('',(-10.98194672,10.719810737,1.591367366));
#255=CARTESIAN_POINT('',(-10.979595588,10.719485026,1.587209601));
#256=CARTESIAN_POINT('',(-10.977208251,10.719160204,1.583074612));
#257=CARTESIAN_POINT('',(-10.977191623,10.719157942,1.583045811));
#258=CARTESIAN_POINT('',(-10.977174992,10.719155679,1.583017011));
#259=CARTESIAN_POINT('',(-10.97715836,10.719153417,1.582988211));
#260=CARTESIAN_POINT('',(-10.906535345,10.709546181,1.46070078));
#261=CARTESIAN_POINT('',(-10.806674794,10.699600399,1.360852971));
#262=CARTESIAN_POINT('',(-10.684379241,10.689993538,1.290245601));
#263=CARTESIAN_POINT('',(-10.68435044,10.689991276,1.290228973));
#264=CARTESIAN_POINT('',(-10.684321638,10.689989013,1.290212346));
#265=CARTESIAN_POINT('',(-10.684292834,10.68998675,1.290195722));
#266=CARTESIAN_POINT('',(-10.561987792,10.680379514,1.219603208));
#267=CARTESIAN_POINT('',(-10.425582114,10.670433732,1.183062745));
#268=CARTESIAN_POINT('',(-10.284367374,10.660826871,1.183062745));
#269=CARTESIAN_POINT('',(-10.284334117,10.660824609,1.183062745));
#270=CARTESIAN_POINT('',(-10.284300861,10.660822346,1.183062747));
#271=CARTESIAN_POINT('',(-10.284267604,10.660820084,1.183062751));
#272=CARTESIAN_POINT('',(-10.143052074,10.651212848,1.183080362));
#273=CARTESIAN_POINT('',(-10.00665106,10.641267065,1.219638231));
#274=CARTESIAN_POINT('',(-9.884355507,10.631660204,1.290245602));
#275=CARTESIAN_POINT('',(-9.884326706,10.631657942,1.29026223));
#276=CARTESIAN_POINT('',(-9.884297906,10.631655679,1.29027886));
#277=CARTESIAN_POINT('',(-9.884269106,10.631653417,1.290295492));
#278=CARTESIAN_POINT('',(-9.761981675,10.622046181,1.360918508));
#279=CARTESIAN_POINT('',(-9.662133867,10.612100399,1.460779059));
#280=CARTESIAN_POINT('',(-9.591526497,10.602493538,1.583074612));
#281=CARTESIAN_POINT('',(-9.591509869,10.602491275,1.583103413));
#282=CARTESIAN_POINT('',(-9.591493242,10.602489013,1.583132215));
#283=CARTESIAN_POINT('',(-9.591476617,10.60248675,1.583161018));
#284=CARTESIAN_POINT('',(-9.520884104,10.592879515,1.70546606));
#285=CARTESIAN_POINT('',(-9.48434364,10.582933732,1.841871738));
#286=CARTESIAN_POINT('',(-9.48434364,10.57332687,1.983086479));
#287=CARTESIAN_POINT('',(-9.48434364,10.573324608,1.983119735));
#288=CARTESIAN_POINT('',(-9.484343642,10.573322346,1.983152992));
#289=CARTESIAN_POINT('',(-9.484343646,10.573320083,1.983186249));
#290=CARTESIAN_POINT('',(-9.484361257,10.563712847,2.124401779));
#291=CARTESIAN_POINT('',(-9.520919127,10.553767065,2.260802794));
#292=CARTESIAN_POINT('',(-9.591526497,10.544160204,2.383098346));
#293=CARTESIAN_POINT('',(-9.591543125,10.544157942,2.383127147));
#294=CARTESIAN_POINT('',(-9.591559755,10.544155679,2.383155947));
#295=CARTESIAN_POINT('',(-9.591576387,10.544153416,2.383184747));
#296=CARTESIAN_POINT('',(-9.662199403,10.534546181,2.505472177));
#297=CARTESIAN_POINT('',(-9.762059954,10.524600399,2.605319986));
#298=CARTESIAN_POINT('',(-9.884355507,10.514993538,2.675927356));
#299=CARTESIAN_POINT('',(-9.884384308,10.514991275,2.675943984));
#300=CARTESIAN_POINT('',(-9.88441311,10.514989013,2.675960611));
#301=CARTESIAN_POINT('',(-9.884441914,10.51498675,2.675977236));
#302=CARTESIAN_POINT('',(-10.006746956,10.505379514,2.746569749));
#303=CARTESIAN_POINT('',(-10.143152634,10.495433732,2.783110213));
#304=CARTESIAN_POINT('',(-10.284367374,10.485826871,2.783110213));
#305=CARTESIAN_POINT('',(-10.284400631,10.485824608,2.783110213));
#306=CARTESIAN_POINT('',(-10.284433887,10.485822346,2.783110211));
#307=CARTESIAN_POINT('',(-10.284467144,10.485820083,2.783110207));
#308=CARTESIAN_POINT('',(-10.425682674,10.476212848,2.783092596));
#309=CARTESIAN_POINT('',(-10.562083688,10.466267065,2.746534726));
#310=CARTESIAN_POINT('',(-10.684379241,10.456660204,2.675927356));
#311=CARTESIAN_POINT('',(-10.684408042,10.456657942,2.675910728));
#312=CARTESIAN_POINT('',(-10.684436842,10.456655679,2.675894098));
#313=CARTESIAN_POINT('',(-10.684465641,10.456653416,2.675877466));
#314=CARTESIAN_POINT('',(-10.806753072,10.447046181,2.605254449));
#315=CARTESIAN_POINT('',(-10.906600881,10.437100399,2.505393899));
#316=CARTESIAN_POINT('',(-10.977208251,10.427493538,2.383098346));
#317=CARTESIAN_POINT('',(-10.977224879,10.427491275,2.383069545));
#318=CARTESIAN_POINT('',(-10.977241506,10.427489013,2.383040743));
#319=CARTESIAN_POINT('',(-10.977258131,10.42748675,2.383011939));
#320=CARTESIAN_POINT('',(-11.047850644,10.417879514,2.260706897));
#321=CARTESIAN_POINT('',(-11.084391108,10.407933732,2.124301219));
#322=CARTESIAN_POINT('',(-11.084391108,10.398326871,1.983086479));
#323=CARTESIAN_POINT('',(-11.084391108,10.398324609,1.983053222));
#324=CARTESIAN_POINT('',(-11.084391106,10.398322346,1.983019966));
#325=CARTESIAN_POINT('',(-11.084391102,10.398320084,1.982986709));
#326=CARTESIAN_POINT('',(-11.084373491,10.388712848,1.841771178));
#327=CARTESIAN_POINT('',(-11.047815621,10.378767065,1.705370164));
#328=CARTESIAN_POINT('',(-10.977208251,10.369160204,1.583074612));
#329=CARTESIAN_POINT('',(-10.977191623,10.369157942,1.583045811));
#330=CARTESIAN_POINT('',(-10.977174992,10.369155679,1.583017011));
#331=CARTESIAN_POINT('',(-10.97715836,10.369153417,1.582988212));
#332=CARTESIAN_POINT('',(-10.906535345,10.359546181,1.460700781));
#333=CARTESIAN_POINT('',(-10.806674794,10.349600399,1.360852972));
#334=CARTESIAN_POINT('',(-10.684379241,10.339993538,1.290245602));
#335=CARTESIAN_POINT('',(-10.68435044,10.339991275,1.290228973));
#336=CARTESIAN_POINT('',(-10.684321638,10.339989013,1.290212347));
#337=CARTESIAN_POINT('',(-10.684292834,10.33998675,1.290195722));
#338=CARTESIAN_POINT('',(-10.561987792,10.330379514,1.219603209));
#339=CARTESIAN_POINT('',(-10.425582114,10.320433732,1.183062745));
#340=CARTESIAN_POINT('',(-10.284367374,10.310826871,1.183062745));
#341=CARTESIAN_POINT('',(-10.284334117,10.310824609,1.183062745));
#342=CARTESIAN_POINT('',(-10.284300861,10.310822346,1.183062747));
#343=CARTESIAN_POINT('',(-10.284267604,10.310820084,1.183062751));
#344=CARTESIAN_POINT('',(-10.143052074,10.301212848,1.183080362));
#345=CARTESIAN_POINT('',(-10.00665106,10.291267065,1.219638231));
#346=CARTESIAN_POINT('',(-9.884355507,10.281660204,1.290245601));
#347=CARTESIAN_POINT('',(-9.884326706,10.281657942,1.290262229));
#348=CARTESIAN_POINT('',(-9.884297906,10.281655679,1.290278859));
#349=CARTESIAN_POINT('',(-9.884269106,10.281653417,1.290295491));
#350=CARTESIAN_POINT('',(-9.761981675,10.272046181,1.360918508));
#351=CARTESIAN_POINT('',(-9.662133867,10.262100399,1.460779059));
#352=CARTESIAN_POINT('',(-9.591526497,10.252493538,1.583074612));
#353=CARTESIAN_POINT('',(-9.591509869,10.252491275,1.583103413));
#354=CARTESIAN_POINT('',(-9.591493242,10.252489013,1.583132215));
#355=CARTESIAN_POINT('',(-9.591476617,10.25248675,1.583161018));
#356=CARTESIAN_POINT('',(-9.520884104,10.242879515,1.70546606));
#357=CARTESIAN_POINT('',(-9.48434364,10.232933732,1.841871739));
#358=CARTESIAN_POINT('',(-9.48434364,10.223326871,1.983086479));
#359=CARTESIAN_POINT('',(-9.48434364,10.223324609,1.983119736));
#360=CARTESIAN_POINT('',(-9.484343642,10.223322346,1.983152992));
#361=CARTESIAN_POINT('',(-9.484343646,10.223320084,1.983186249));
#362=CARTESIAN_POINT('',(-9.484361257,10.213712848,2.124401779));
#363=CARTESIAN_POINT('',(-9.520919127,10.203767065,2.260802793));
#364=CARTESIAN_POINT('',(-9.591526497,10.194160204,2.383098345));
#365=CARTESIAN_POINT('',(-9.591543125,10.194157941,2.383127146));
#366=CARTESIAN_POINT('',(-9.591559755,10.194155679,2.383155947));
#367=CARTESIAN_POINT('',(-9.591576387,10.194153416,2.383184746));
#368=CARTESIAN_POINT('',(-9.662199403,10.184546181,2.505472177));
#369=CARTESIAN_POINT('',(-9.762059954,10.174600398,2.605319986));
#370=CARTESIAN_POINT('',(-9.884355507,10.164993538,2.675927356));
#371=CARTESIAN_POINT('',(-9.884384308,10.164991275,2.675943984));
#372=CARTESIAN_POINT('',(-9.88441311,10.164989013,2.675960611));
#373=CARTESIAN_POINT('',(-9.884441914,10.16498675,2.675977236));
#374=CARTESIAN_POINT('',(-10.006746956,10.155379514,2.746569749));
#375=CARTESIAN_POINT('',(-10.143152634,10.145433732,2.783110213));
#376=CARTESIAN_POINT('',(-10.284367374,10.135826871,2.783110213));
#377=CARTESIAN_POINT('',(-10.284400631,10.135824608,2.783110213));
#378=CARTESIAN_POINT('',(-10.284433887,10.135822346,2.783110211));
#379=CARTESIAN_POINT('',(-10.284467144,10.135820083,2.783110207));
#380=CARTESIAN_POINT('',(-10.425682674,10.126212848,2.783092596));
#381=CARTESIAN_POINT('',(-10.562083688,10.116267065,2.746534727));
#382=CARTESIAN_POINT('',(-10.684379241,10.106660204,2.675927357));
#383=CARTESIAN_POINT('',(-10.684408042,10.106657941,2.675910728));
#384=CARTESIAN_POINT('',(-10.684436842,10.106655679,2.675894098));
#385=CARTESIAN_POINT('',(-10.684465641,10.106653416,2.675877466));
#386=CARTESIAN_POINT('',(-10.806753072,10.097046181,2.605254449));
#387=CARTESIAN_POINT('',(-10.906600881,10.087100399,2.505393898));
#388=CARTESIAN_POINT('',(-10.977208251,10.077493538,2.383098346));
#389=CARTESIAN_POINT('',(-10.977224879,10.077491275,2.383069545));
#390=CARTESIAN_POINT('',(-10.977241506,10.077489013,2.383040743));
#391=CARTESIAN_POINT('',(-10.977258131,10.07748675,2.383011939));
#392=CARTESIAN_POINT('',(-11.047850644,10.067879514,2.260706898));
#393=CARTESIAN_POINT('',(-11.084391108,10.057933732,2.124301219));
#394=CARTESIAN_POINT('',(-11.084391108,10.048326871,1.983086479));
#395=CARTESIAN_POINT('',(-11.084391108,10.048324609,1.983053223));
#396=CARTESIAN_POINT('',(-11.084391106,10.048322346,1.983019966));
#397=CARTESIAN_POINT('',(-11.084391102,10.048320084,1.982986709));
#398=CARTESIAN_POINT('',(-11.084373491,10.038712848,1.841771179));
#399=CARTESIAN_POINT('',(-11.047815621,10.028767065,1.705370164));
#400=CARTESIAN_POINT('',(-10.977208251,10.019160204,1.583074611));
#401=CARTESIAN_POINT('',(-10.977191623,10.019157942,1.58304581));
#402=CARTESIAN_POINT('',(-10.977174992,10.019155679,1.58301701));
#403=CARTESIAN_POINT('',(-10.97715836,10.019153417,1.582988211));
#404=CARTESIAN_POINT('',(-10.906535345,10.009546181,1.460700781));
#405=CARTESIAN_POINT('',(-10.806674794,9.999600399,1.360852972));
#406=CARTESIAN_POINT('',(-10.684379241,9.989993538,1.290245602));
#407=CARTESIAN_POINT('',(-10.68435044,9.989991275,1.290228974));
#408=CARTESIAN_POINT('',(-10.684321638,9.989989013,1.290212347));
#409=CARTESIAN_POINT('',(-10.684292834,9.98998675,1.290195722));
#410=CARTESIAN_POINT('',(-10.561987792,9.980379514,1.219603208));
#411=CARTESIAN_POINT('',(-10.425582114,9.970433732,1.183062745));
#412=CARTESIAN_POINT('',(-10.284367374,9.960826871,1.183062745));
#413=CARTESIAN_POINT('',(-10.284334117,9.960824609,1.183062745));
#414=CARTESIAN_POINT('',(-10.284300861,9.960822346,1.183062747));
#415=CARTESIAN_POINT('',(-10.284267604,9.960820084,1.183062751));
#416=CARTESIAN_POINT('',(-10.143052074,9.951212847,1.183080362));
#417=CARTESIAN_POINT('',(-10.00665106,9.941267065,1.219638231));
#418=CARTESIAN_POINT('',(-9.884355507,9.931660204,1.290245601));
#419=CARTESIAN_POINT('',(-9.884326706,9.931657942,1.29026223));
#420=CARTESIAN_POINT('',(-9.884297906,9.931655679,1.29027886));
#421=CARTESIAN_POINT('',(-9.884269106,9.931653417,1.290295492));
#422=CARTESIAN_POINT('',(-9.761981675,9.922046181,1.360918508));
#423=CARTESIAN_POINT('',(-9.662133867,9.912100399,1.46077906));
#424=CARTESIAN_POINT('',(-9.591526497,9.902493538,1.583074612));
#425=CARTESIAN_POINT('',(-9.591509869,9.902491275,1.583103413));
#426=CARTESIAN_POINT('',(-9.591493242,9.902489013,1.583132215));
#427=CARTESIAN_POINT('',(-9.591476617,9.90248675,1.583161019));
#428=CARTESIAN_POINT('',(-9.520884104,9.892879515,1.70546606));
#429=CARTESIAN_POINT('',(-9.48434364,9.882933732,1.841871738));
#430=CARTESIAN_POINT('',(-9.48434364,9.873326871,1.983086478));
#431=CARTESIAN_POINT('',(-9.48434364,9.873324609,1.983119735));
#432=CARTESIAN_POINT('',(-9.484343642,9.873322346,1.983152992));
#433=CARTESIAN_POINT('',(-9.484343646,9.873320084,1.983186249));
#434=CARTESIAN_POINT('',(-9.484361257,9.863712847,2.124401779));
#435=CARTESIAN_POINT('',(-9.520919127,9.853767065,2.260802793));
#436=CARTESIAN_POINT('',(-9.591526497,9.844160204,2.383098346));
#437=CARTESIAN_POINT('',(-9.591543125,9.844157941,2.383127147));
#438=CARTESIAN_POINT('',(-9.591559755,9.844155679,2.383155947));
#439=CARTESIAN_POINT('',(-9.591576387,9.844153416,2.383184746));
#440=CARTESIAN_POINT('',(-9.662199403,9.834546181,2.505472177));
#441=CARTESIAN_POINT('',(-9.762059954,9.824600398,2.605319986));
#442=CARTESIAN_POINT('',(-9.884355507,9.814993538,2.675927356));
#443=CARTESIAN_POINT('',(-9.884384308,9.814991275,2.675943985));
#444=CARTESIAN_POINT('',(-9.88441311,9.814989013,2.675960611));
#445=CARTESIAN_POINT('',(-9.884441914,9.81498675,2.675977236));
#446=CARTESIAN_POINT('',(-10.006746956,9.805379514,2.746569749));
#447=CARTESIAN_POINT('',(-10.143152634,9.795433732,2.783110213));
#448=CARTESIAN_POINT('',(-10.284367374,9.785826871,2.783110213));
#449=CARTESIAN_POINT('',(-10.284400631,9.785824608,2.783110213));
#450=CARTESIAN_POINT('',(-10.284433887,9.785822346,2.78311021));
#451=CARTESIAN_POINT('',(-10.284467144,9.785820083,2.783110206));
#452=CARTESIAN_POINT('',(-10.425682674,9.776212848,2.783092596));
#453=CARTESIAN_POINT('',(-10.562083688,9.766267066,2.746534726));
#454=CARTESIAN_POINT('',(-10.684379241,9.756660205,2.675927356));
#455=CARTESIAN_POINT('',(-10.684408042,9.756657942,2.675910727));
#456=CARTESIAN_POINT('',(-10.684436842,9.75665568,2.675894097));
#457=CARTESIAN_POINT('',(-10.684465641,9.756653417,2.675877465));
#458=CARTESIAN_POINT('',(-10.806753072,9.747046181,2.605254449));
#459=CARTESIAN_POINT('',(-10.906600881,9.737100399,2.505393898));
#460=CARTESIAN_POINT('',(-10.977208251,9.727493538,2.383098346));
#461=CARTESIAN_POINT('',(-10.977224879,9.727491275,2.383069545));
#462=CARTESIAN_POINT('',(-10.977241506,9.727489013,2.383040743));
#463=CARTESIAN_POINT('',(-10.977258131,9.72748675,2.38301194));
#464=CARTESIAN_POINT('',(-11.047850644,9.717879514,2.260706898));
#465=CARTESIAN_POINT('',(-11.084391108,9.707933732,2.124301219));
#466=CARTESIAN_POINT('',(-11.084391108,9.698326871,1.983086478));
#467=CARTESIAN_POINT('',(-11.084391108,9.698324609,1.983053222));
#468=CARTESIAN_POINT('',(-11.084391106,9.698322346,1.983019965));
#469=CARTESIAN_POINT('',(-11.084391102,9.698320084,1.982986708));
#470=CARTESIAN_POINT('',(-11.084373491,9.688712848,1.841771179));
#471=CARTESIAN_POINT('',(-11.047815621,9.678767065,1.705370164));
#472=CARTESIAN_POINT('',(-10.977208251,9.669160204,1.583074612));
#473=CARTESIAN_POINT('',(-10.977191623,9.669157942,1.58304581));
#474=CARTESIAN_POINT('',(-10.977174992,9.669155679,1.58301701));
#475=CARTESIAN_POINT('',(-10.97715836,9.669153417,1.582988211));
#476=CARTESIAN_POINT('',(-10.953082643,9.665878265,1.541299852));
#477=CARTESIAN_POINT('',(-10.925288791,9.662528861,1.501838667));
#478=CARTESIAN_POINT('',(-10.89394892,9.659131797,1.464966498));
#479=CARTESIAN_POINT('',(-10.831143338,10.619087313,1.680330727));
#480=CARTESIAN_POINT('',(-10.82933507,10.618760737,1.677065));
#481=CARTESIAN_POINT('',(-10.827498303,10.618435026,1.673816843));
#482=CARTESIAN_POINT('',(-10.825633251,10.618110205,1.670586479));
#483=CARTESIAN_POINT('',(-10.82562026,10.618107942,1.670563979));
#484=CARTESIAN_POINT('',(-10.825607268,10.61810568,1.670541479));
#485=CARTESIAN_POINT('',(-10.825594275,10.618103417,1.67051898));
#486=CARTESIAN_POINT('',(-10.770421681,10.608496181,1.574984759));
#487=CARTESIAN_POINT('',(-10.69240794,10.598550398,1.496980973));
#488=CARTESIAN_POINT('',(-10.596867374,10.588943537,1.441820601));
#489=CARTESIAN_POINT('',(-10.596844874,10.588941275,1.441807611));
#490=CARTESIAN_POINT('',(-10.596822373,10.588939012,1.441794622));
#491=CARTESIAN_POINT('',(-10.596799871,10.58893675,1.441781634));
#492=CARTESIAN_POINT('',(-10.501251891,10.579329514,1.386632869));
#493=CARTESIAN_POINT('',(-10.394688117,10.569383732,1.358086479));
#494=CARTESIAN_POINT('',(-10.284367374,10.559776871,1.358086479));
#495=CARTESIAN_POINT('',(-10.284341393,10.559774608,1.358086479));
#496=CARTESIAN_POINT('',(-10.284315412,10.559772346,1.35808648));
#497=CARTESIAN_POINT('',(-10.284289431,10.559770083,1.358086484));
#498=CARTESIAN_POINT('',(-10.173968071,10.550162848,1.358100242));
#499=CARTESIAN_POINT('',(-10.06740794,10.540217066,1.38666023));
#500=CARTESIAN_POINT('',(-9.971867374,10.530610205,1.441820602));
#501=CARTESIAN_POINT('',(-9.971844874,10.530607942,1.441833592));
#502=CARTESIAN_POINT('',(-9.971822374,10.53060568,1.441846584));
#503=CARTESIAN_POINT('',(-9.971799876,10.530603417,1.441859577));
#504=CARTESIAN_POINT('',(-9.876265654,10.520996181,1.497032172));
#505=CARTESIAN_POINT('',(-9.798261868,10.511050399,1.575045912));
#506=CARTESIAN_POINT('',(-9.743101497,10.501443537,1.670586478));
#507=CARTESIAN_POINT('',(-9.743088506,10.501441275,1.670608979));
#508=CARTESIAN_POINT('',(-9.743075517,10.501439012,1.67063148));
#509=CARTESIAN_POINT('',(-9.74306253,10.50143675,1.670653982));
#510=CARTESIAN_POINT('',(-9.687913764,10.491829514,1.766201961));
#511=CARTESIAN_POINT('',(-9.659367374,10.481883732,1.872765736));
#512=CARTESIAN_POINT('',(-9.659367374,10.472276871,1.983086478));
#513=CARTESIAN_POINT('',(-9.659367374,10.472274609,1.983112459));
#514=CARTESIAN_POINT('',(-9.659367376,10.472272346,1.98313844));
#515=CARTESIAN_POINT('',(-9.659367379,10.472270084,1.983164422));
#516=CARTESIAN_POINT('',(-9.659381137,10.462662847,2.093485781));
#517=CARTESIAN_POINT('',(-9.687941125,10.452717065,2.200045912));
#518=CARTESIAN_POINT('',(-9.743101497,10.443110204,2.295586478));
#519=CARTESIAN_POINT('',(-9.743114487,10.443107942,2.295608979));
#520=CARTESIAN_POINT('',(-9.743127479,10.443105679,2.295631478));
#521=CARTESIAN_POINT('',(-9.743140473,10.443103417,2.295653977));
#522=CARTESIAN_POINT('',(-9.798313067,10.433496181,2.391188198));
#523=CARTESIAN_POINT('',(-9.876326808,10.423550399,2.469191984));
#524=CARTESIAN_POINT('',(-9.971867374,10.413943538,2.524352356));
#525=CARTESIAN_POINT('',(-9.971889874,10.413941276,2.524365347));
#526=CARTESIAN_POINT('',(-9.971912375,10.413939013,2.524378336));
#527=CARTESIAN_POINT('',(-9.971934877,10.413936751,2.524391324));
#528=CARTESIAN_POINT('',(-10.067482856,10.404329515,2.579540089));
#529=CARTESIAN_POINT('',(-10.174046631,10.394383732,2.608086479));
#530=CARTESIAN_POINT('',(-10.284367374,10.384776871,2.608086479));
#531=CARTESIAN_POINT('',(-10.284393355,10.384774608,2.608086479));
#532=CARTESIAN_POINT('',(-10.284419336,10.384772346,2.608086477));
#533=CARTESIAN_POINT('',(-10.284445317,10.384770083,2.608086474));
#534=CARTESIAN_POINT('',(-10.394766677,10.375162848,2.608072716));
#535=CARTESIAN_POINT('',(-10.501326808,10.365217065,2.579512728));
#536=CARTESIAN_POINT('',(-10.596867374,10.355610204,2.524352357));
#537=CARTESIAN_POINT('',(-10.596889874,10.355607942,2.524339366));
#538=CARTESIAN_POINT('',(-10.596912374,10.355605679,2.524326374));
#539=CARTESIAN_POINT('',(-10.596934872,10.355603417,2.524313381));
#540=CARTESIAN_POINT('',(-10.692469093,10.345996181,2.469140786));
#541=CARTESIAN_POINT('',(-10.77047288,10.336050399,2.391127045));
#542=CARTESIAN_POINT('',(-10.825633251,10.326443538,2.295586479));
#543=CARTESIAN_POINT('',(-10.825646241,10.326441276,2.295563979));
#544=CARTESIAN_POINT('',(-10.825659231,10.326439013,2.295541478));
#545=CARTESIAN_POINT('',(-10.825672218,10.326436751,2.295518976));
#546=CARTESIAN_POINT('',(-10.880820984,10.316829514,2.199970996));
#547=CARTESIAN_POINT('',(-10.909367374,10.306883732,2.093407222));
#548=CARTESIAN_POINT('',(-10.909367374,10.297276871,1.983086479));
#549=CARTESIAN_POINT('',(-10.909367374,10.297274609,1.983060498));
#550=CARTESIAN_POINT('',(-10.909367372,10.297272346,1.983034517));
#551=CARTESIAN_POINT('',(-10.909367369,10.297270084,1.983008535));
#552=CARTESIAN_POINT('',(-10.909353611,10.287662848,1.872687176));
#553=CARTESIAN_POINT('',(-10.880793623,10.277717065,1.766127045));
#554=CARTESIAN_POINT('',(-10.825633251,10.268110204,1.670586479));
#555=CARTESIAN_POINT('',(-10.82562026,10.268107942,1.670563979));
#556=CARTESIAN_POINT('',(-10.825607268,10.26810568,1.670541479));
#557=CARTESIAN_POINT('',(-10.825594275,10.268103417,1.670518981));
#558=CARTESIAN_POINT('',(-10.770421681,10.258496181,1.574984759));
#559=CARTESIAN_POINT('',(-10.69240794,10.248550398,1.496980973));
#560=CARTESIAN_POINT('',(-10.596867374,10.238943537,1.441820602));
#561=CARTESIAN_POINT('',(-10.596844874,10.238941275,1.441807611));
#562=CARTESIAN_POINT('',(-10.596822373,10.238939012,1.441794622));
#563=CARTESIAN_POINT('',(-10.596799871,10.23893675,1.441781634));
#564=CARTESIAN_POINT('',(-10.501251891,10.229329514,1.386632869));
#565=CARTESIAN_POINT('',(-10.394688117,10.219383732,1.358086479));
#566=CARTESIAN_POINT('',(-10.284367374,10.209776871,1.358086479));
#567=CARTESIAN_POINT('',(-10.284341393,10.209774608,1.358086479));
#568=CARTESIAN_POINT('',(-10.284315412,10.209772346,1.358086481));
#569=CARTESIAN_POINT('',(-10.284289431,10.209770083,1.358086484));
#570=CARTESIAN_POINT('',(-10.173968071,10.200162848,1.358100242));
#571=CARTESIAN_POINT('',(-10.06740794,10.190217066,1.38666023));
#572=CARTESIAN_POINT('',(-9.971867374,10.180610204,1.441820601));
#573=CARTESIAN_POINT('',(-9.971844874,10.180607942,1.441833591));
#574=CARTESIAN_POINT('',(-9.971822374,10.18060568,1.441846583));
#575=CARTESIAN_POINT('',(-9.971799876,10.180603417,1.441859577));
#576=CARTESIAN_POINT('',(-9.876265654,10.170996181,1.497032172));
#577=CARTESIAN_POINT('',(-9.798261868,10.161050399,1.575045913));
#578=CARTESIAN_POINT('',(-9.743101497,10.151443538,1.670586479));
#579=CARTESIAN_POINT('',(-9.743088506,10.151441276,1.670608979));
#580=CARTESIAN_POINT('',(-9.743075517,10.151439013,1.67063148));
#581=CARTESIAN_POINT('',(-9.74306253,10.151436751,1.670653982));
#582=CARTESIAN_POINT('',(-9.687913764,10.141829514,1.766201961));
#583=CARTESIAN_POINT('',(-9.659367374,10.131883732,1.872765736));
#584=CARTESIAN_POINT('',(-9.659367374,10.122276871,1.983086479));
#585=CARTESIAN_POINT('',(-9.659367374,10.122274609,1.98311246));
#586=CARTESIAN_POINT('',(-9.659367376,10.122272346,1.983138441));
#587=CARTESIAN_POINT('',(-9.659367379,10.122270084,1.983164422));
#588=CARTESIAN_POINT('',(-9.659381137,10.112662848,2.093485781));
#589=CARTESIAN_POINT('',(-9.687941125,10.102717066,2.200045913));
#590=CARTESIAN_POINT('',(-9.743101497,10.093110204,2.295586479));
#591=CARTESIAN_POINT('',(-9.743114487,10.093107942,2.295608979));
#592=CARTESIAN_POINT('',(-9.743127479,10.093105679,2.295631478));
#593=CARTESIAN_POINT('',(-9.743140473,10.093103417,2.295653977));
#594=CARTESIAN_POINT('',(-9.798313067,10.083496181,2.391188198));
#595=CARTESIAN_POINT('',(-9.876326808,10.073550399,2.469191985));
#596=CARTESIAN_POINT('',(-9.971867374,10.063943538,2.524352356));
#597=CARTESIAN_POINT('',(-9.971889874,10.063941276,2.524365347));
#598=CARTESIAN_POINT('',(-9.971912375,10.063939013,2.524378336));
#599=CARTESIAN_POINT('',(-9.971934877,10.06393675,2.524391324));
#600=CARTESIAN_POINT('',(-10.067482856,10.054329515,2.579540088));
#601=CARTESIAN_POINT('',(-10.174046631,10.044383732,2.608086479));
#602=CARTESIAN_POINT('',(-10.284367374,10.034776872,2.608086479));
#603=CARTESIAN_POINT('',(-10.284393355,10.034774609,2.608086479));
#604=CARTESIAN_POINT('',(-10.284419336,10.034772347,2.608086478));
#605=CARTESIAN_POINT('',(-10.284445317,10.034770084,2.608086474));
#606=CARTESIAN_POINT('',(-10.394766677,10.025162848,2.608072716));
#607=CARTESIAN_POINT('',(-10.501326808,10.015217065,2.579512728));
#608=CARTESIAN_POINT('',(-10.596867374,10.005610204,2.524352356));
#609=CARTESIAN_POINT('',(-10.596889874,10.005607942,2.524339365));
#610=CARTESIAN_POINT('',(-10.596912374,10.005605679,2.524326373));
#611=CARTESIAN_POINT('',(-10.596934872,10.005603417,2.52431338));
#612=CARTESIAN_POINT('',(-10.692469093,9.995996181,2.469140786));
#613=CARTESIAN_POINT('',(-10.77047288,9.986050399,2.391127045));
#614=CARTESIAN_POINT('',(-10.825633251,9.976443538,2.295586478));
#615=CARTESIAN_POINT('',(-10.825646241,9.976441275,2.295563978));
#616=CARTESIAN_POINT('',(-10.825659231,9.976439013,2.295541477));
#617=CARTESIAN_POINT('',(-10.825672218,9.97643675,2.295518975));
#618=CARTESIAN_POINT('',(-10.880820984,9.966829514,2.199970996));
#619=CARTESIAN_POINT('',(-10.909367374,9.956883732,2.093407222));
#620=CARTESIAN_POINT('',(-10.909367374,9.947276871,1.983086479));
#621=CARTESIAN_POINT('',(-10.909367374,9.947274609,1.983060498));
#622=CARTESIAN_POINT('',(-10.909367372,9.947272346,1.983034517));
#623=CARTESIAN_POINT('',(-10.909367369,9.947270084,1.983008536));
#624=CARTESIAN_POINT('',(-10.909353611,9.937662848,1.872687176));
#625=CARTESIAN_POINT('',(-10.880793623,9.927717065,1.766127044));
#626=CARTESIAN_POINT('',(-10.825633251,9.918110204,1.670586478));
#627=CARTESIAN_POINT('',(-10.82562026,9.918107942,1.670563978));
#628=CARTESIAN_POINT('',(-10.825607268,9.918105679,1.670541479));
#629=CARTESIAN_POINT('',(-10.825594275,9.918103417,1.67051898));
#630=CARTESIAN_POINT('',(-10.770421681,9.908496181,1.574984759));
#631=CARTESIAN_POINT('',(-10.69240794,9.898550399,1.496980973));
#632=CARTESIAN_POINT('',(-10.596867374,9.888943538,1.441820602));
#633=CARTESIAN_POINT('',(-10.596844874,9.888941276,1.441807611));
#634=CARTESIAN_POINT('',(-10.596822373,9.888939013,1.441794622));
#635=CARTESIAN_POINT('',(-10.596799871,9.888936751,1.441781634));
#636=CARTESIAN_POINT('',(-10.501251891,9.879329515,1.386632869));
#637=CARTESIAN_POINT('',(-10.394688117,9.869383732,1.358086478));
#638=CARTESIAN_POINT('',(-10.284367374,9.859776871,1.358086478));
#639=CARTESIAN_POINT('',(-10.284341393,9.859774608,1.358086478));
#640=CARTESIAN_POINT('',(-10.284315412,9.859772346,1.35808648));
#641=CARTESIAN_POINT('',(-10.284289431,9.859770083,1.358086483));
#642=CARTESIAN_POINT('',(-10.173968071,9.850162848,1.358100241));
#643=CARTESIAN_POINT('',(-10.06740794,9.840217066,1.386660229));
#644=CARTESIAN_POINT('',(-9.971867374,9.830610204,1.441820601));
#645=CARTESIAN_POINT('',(-9.971844874,9.830607942,1.441833592));
#646=CARTESIAN_POINT('',(-9.971822374,9.830605679,1.441846584));
#647=CARTESIAN_POINT('',(-9.971799876,9.830603417,1.441859577));
#648=CARTESIAN_POINT('',(-9.876265654,9.820996181,1.497032172));
#649=CARTESIAN_POINT('',(-9.798261868,9.811050399,1.575045913));
#650=CARTESIAN_POINT('',(-9.743101497,9.801443538,1.670586479));
#651=CARTESIAN_POINT('',(-9.743088506,9.801441276,1.670608979));
#652=CARTESIAN_POINT('',(-9.743075517,9.801439013,1.67063148));
#653=CARTESIAN_POINT('',(-9.74306253,9.801436751,1.670653982));
#654=CARTESIAN_POINT('',(-9.687913764,9.791829514,1.766201961));
#655=CARTESIAN_POINT('',(-9.659367374,9.781883732,1.872765736));
#656=CARTESIAN_POINT('',(-9.659367374,9.772276871,1.983086479));
#657=CARTESIAN_POINT('',(-9.659367374,9.772274609,1.98311246));
#658=CARTESIAN_POINT('',(-9.659367376,9.772272346,1.983138441));
#659=CARTESIAN_POINT('',(-9.659367379,9.772270084,1.983164422));
#660=CARTESIAN_POINT('',(-9.659381137,9.762662848,2.093485782));
#661=CARTESIAN_POINT('',(-9.687941125,9.752717066,2.200045913));
#662=CARTESIAN_POINT('',(-9.743101497,9.743110204,2.295586479));
#663=CARTESIAN_POINT('',(-9.743114487,9.743107942,2.295608979));
#664=CARTESIAN_POINT('',(-9.743127479,9.743105679,2.295631479));
#665=CARTESIAN_POINT('',(-9.743140473,9.743103417,2.295653977));
#666=CARTESIAN_POINT('',(-9.798313067,9.733496181,2.391188198));
#667=CARTESIAN_POINT('',(-9.876326808,9.723550399,2.469191985));
#668=CARTESIAN_POINT('',(-9.971867374,9.713943538,2.524352357));
#669=CARTESIAN_POINT('',(-9.971889874,9.713941275,2.524365347));
#670=CARTESIAN_POINT('',(-9.971912375,9.713939013,2.524378336));
#671=CARTESIAN_POINT('',(-9.971934877,9.71393675,2.524391324));
#672=CARTESIAN_POINT('',(-10.067482856,9.704329515,2.579540089));
#673=CARTESIAN_POINT('',(-10.174046631,9.694383732,2.608086479));
#674=CARTESIAN_POINT('',(-10.284367374,9.684776872,2.608086478));
#675=CARTESIAN_POINT('',(-10.284393355,9.684774609,2.608086478));
#676=CARTESIAN_POINT('',(-10.284419336,9.684772347,2.608086477));
#677=CARTESIAN_POINT('',(-10.284445317,9.684770084,2.608086474));
#678=CARTESIAN_POINT('',(-10.394766677,9.675162848,2.608072716));
#679=CARTESIAN_POINT('',(-10.501326808,9.665217065,2.579512728));
#680=CARTESIAN_POINT('',(-10.596867374,9.655610204,2.524352356));
#681=CARTESIAN_POINT('',(-10.596889874,9.655607942,2.524339366));
#682=CARTESIAN_POINT('',(-10.596912374,9.655605679,2.524326374));
#683=CARTESIAN_POINT('',(-10.596934872,9.655603417,2.52431338));
#684=CARTESIAN_POINT('',(-10.692469093,9.645996181,2.469140786));
#685=CARTESIAN_POINT('',(-10.77047288,9.636050399,2.391127045));
#686=CARTESIAN_POINT('',(-10.825633251,9.626443538,2.295586479));
#687=CARTESIAN_POINT('',(-10.825646241,9.626441275,2.295563978));
#688=CARTESIAN_POINT('',(-10.825659231,9.626439013,2.295541477));
#689=CARTESIAN_POINT('',(-10.825672218,9.62643675,2.295518975));
#690=CARTESIAN_POINT('',(-10.880820984,9.616829514,2.199970997));
#691=CARTESIAN_POINT('',(-10.909367374,9.606883732,2.093407222));
#692=CARTESIAN_POINT('',(-10.909367374,9.597276871,1.983086479));
#693=CARTESIAN_POINT('',(-10.909367374,9.597274609,1.983060498));
#694=CARTESIAN_POINT('',(-10.909367372,9.597272346,1.983034517));
#695=CARTESIAN_POINT('',(-10.909367369,9.597270084,1.983008536));
#696=CARTESIAN_POINT('',(-10.909353611,9.587662848,1.872687176));
#697=CARTESIAN_POINT('',(-10.880793623,9.577717065,1.766127045));
#698=CARTESIAN_POINT('',(-10.825633251,9.568110204,1.670586478));
#699=CARTESIAN_POINT('',(-10.82562026,9.568107942,1.670563978));
#700=CARTESIAN_POINT('',(-10.825607268,9.568105679,1.670541479));
#701=CARTESIAN_POINT('',(-10.825594275,9.568103417,1.67051898));
#702=CARTESIAN_POINT('',(-10.806785679,9.564828265,1.637950916));
#703=CARTESIAN_POINT('',(-10.785072376,9.561478861,1.60712278));
#704=CARTESIAN_POINT('',(-10.760588828,9.558081797,1.578317253));
#705=CARTESIAN_POINT('',(-10.831059955,10.619032285,1.680376897));
#706=CARTESIAN_POINT('',(-10.829251963,10.618705709,1.677111668));
#707=CARTESIAN_POINT('',(-10.827415476,10.618379998,1.673864006));
#708=CARTESIAN_POINT('',(-10.825550708,10.618055176,1.670634135));
#709=CARTESIAN_POINT('',(-10.82553772,10.618052914,1.670611638));
#710=CARTESIAN_POINT('',(-10.82552473,10.618050651,1.670589142));
#711=CARTESIAN_POINT('',(-10.825511738,10.618048389,1.670566647));
#712=CARTESIAN_POINT('',(-10.770347558,10.608441152,1.575046994));
#713=CARTESIAN_POINT('',(-10.692345714,10.59849537,1.497055103));
#714=CARTESIAN_POINT('',(-10.596819718,10.588888509,1.441903144));
#715=CARTESIAN_POINT('',(-10.596797221,10.588886246,1.441890155));
#716=CARTESIAN_POINT('',(-10.596774723,10.588883984,1.441877168));
#717=CARTESIAN_POINT('',(-10.596752225,10.588881721,1.441864183));
#718=CARTESIAN_POINT('',(-10.501218817,10.579274485,1.386723828));
#719=CARTESIAN_POINT('',(-10.394671293,10.569328703,1.358181791));
#720=CARTESIAN_POINT('',(-10.284367374,10.559721842,1.358181791));
#721=CARTESIAN_POINT('',(-10.284341397,10.55971958,1.358181791));
#722=CARTESIAN_POINT('',(-10.28431542,10.559717318,1.358181793));
#723=CARTESIAN_POINT('',(-10.284289443,10.559715055,1.358181796));
#724=CARTESIAN_POINT('',(-10.173984907,10.550107819,1.358195552));
#725=CARTESIAN_POINT('',(-10.067441026,10.540162037,1.386751185));
#726=CARTESIAN_POINT('',(-9.97191503,10.530555176,1.441903144));
#727=CARTESIAN_POINT('',(-9.971892533,10.530552914,1.441916133));
#728=CARTESIAN_POINT('',(-9.971870037,10.530550651,1.441929123));
#729=CARTESIAN_POINT('',(-9.971847542,10.530548389,1.441942114));
#730=CARTESIAN_POINT('',(-9.87632789,10.520941153,1.497106295));
#731=CARTESIAN_POINT('',(-9.798335999,10.51099537,1.575108138));
#732=CARTESIAN_POINT('',(-9.74318404,10.501388509,1.670634135));
#733=CARTESIAN_POINT('',(-9.743171051,10.501386246,1.670656631));
#734=CARTESIAN_POINT('',(-9.743158064,10.501383984,1.670679129));
#735=CARTESIAN_POINT('',(-9.743145078,10.501381721,1.670701627));
#736=CARTESIAN_POINT('',(-9.688004723,10.491774486,1.766235036));
#737=CARTESIAN_POINT('',(-9.659462686,10.481828704,1.872782559));
#738=CARTESIAN_POINT('',(-9.659462686,10.472221843,1.983086478));
#739=CARTESIAN_POINT('',(-9.659462686,10.47221958,1.983112455));
#740=CARTESIAN_POINT('',(-9.659462688,10.472217318,1.983138433));
#741=CARTESIAN_POINT('',(-9.659462691,10.472215055,1.98316441));
#742=CARTESIAN_POINT('',(-9.659476447,10.462607819,2.093468945));
#743=CARTESIAN_POINT('',(-9.68803208,10.452662037,2.200012826));
#744=CARTESIAN_POINT('',(-9.74318404,10.443055176,2.295538822));
#745=CARTESIAN_POINT('',(-9.743197028,10.443052913,2.295561319));
#746=CARTESIAN_POINT('',(-9.743210018,10.443050651,2.295583815));
#747=CARTESIAN_POINT('',(-9.743223009,10.443048388,2.29560631));
#748=CARTESIAN_POINT('',(-9.79838719,10.433441153,2.391125963));
#749=CARTESIAN_POINT('',(-9.876389034,10.423495371,2.469117854));
#750=CARTESIAN_POINT('',(-9.97191503,10.41388851,2.524269814));
#751=CARTESIAN_POINT('',(-9.971937527,10.413886247,2.524282802));
#752=CARTESIAN_POINT('',(-9.971960024,10.413883985,2.524295789));
#753=CARTESIAN_POINT('',(-9.971982523,10.413881722,2.524308775));
#754=CARTESIAN_POINT('',(-10.067515931,10.404274486,2.57944913));
#755=CARTESIAN_POINT('',(-10.174063455,10.394328704,2.607991167));
#756=CARTESIAN_POINT('',(-10.284367374,10.384721842,2.607991167));
#757=CARTESIAN_POINT('',(-10.284393351,10.38471958,2.607991167));
#758=CARTESIAN_POINT('',(-10.284419328,10.384717317,2.607991165));
#759=CARTESIAN_POINT('',(-10.284445305,10.384715055,2.607991162));
#760=CARTESIAN_POINT('',(-10.394749841,10.375107819,2.607977406));
#761=CARTESIAN_POINT('',(-10.501293722,10.365162037,2.579421773));
#762=CARTESIAN_POINT('',(-10.596819718,10.355555176,2.524269814));
#763=CARTESIAN_POINT('',(-10.596842215,10.355552913,2.524256825));
#764=CARTESIAN_POINT('',(-10.596864711,10.355550651,2.524243835));
#765=CARTESIAN_POINT('',(-10.596887206,10.355548388,2.524230844));
#766=CARTESIAN_POINT('',(-10.692406858,10.345941153,2.469066663));
#767=CARTESIAN_POINT('',(-10.770398749,10.33599537,2.391064819));
#768=CARTESIAN_POINT('',(-10.825550708,10.32638851,2.295538823));
#769=CARTESIAN_POINT('',(-10.825563697,10.326386247,2.295516326));
#770=CARTESIAN_POINT('',(-10.825576684,10.326383985,2.295493829));
#771=CARTESIAN_POINT('',(-10.82558967,10.326381722,2.29547133));
#772=CARTESIAN_POINT('',(-10.880730025,10.316774486,2.199937922));
#773=CARTESIAN_POINT('',(-10.909272062,10.306828704,2.093390398));
#774=CARTESIAN_POINT('',(-10.909272062,10.297221843,1.983086479));
#775=CARTESIAN_POINT('',(-10.909272062,10.29721958,1.983060502));
#776=CARTESIAN_POINT('',(-10.90927206,10.297217318,1.983034524));
#777=CARTESIAN_POINT('',(-10.909272057,10.297215055,1.983008547));
#778=CARTESIAN_POINT('',(-10.909258301,10.287607819,1.872704011));
#779=CARTESIAN_POINT('',(-10.880702668,10.277662037,1.766160131));
#780=CARTESIAN_POINT('',(-10.825550708,10.268055176,1.670634135));
#781=CARTESIAN_POINT('',(-10.82553772,10.268052914,1.670611638));
#782=CARTESIAN_POINT('',(-10.82552473,10.268050651,1.670589142));
#783=CARTESIAN_POINT('',(-10.825511738,10.268048389,1.670566647));
#784=CARTESIAN_POINT('',(-10.770347558,10.258441152,1.575046995));
#785=CARTESIAN_POINT('',(-10.692345714,10.24849537,1.497055104));
#786=CARTESIAN_POINT('',(-10.596819718,10.238888509,1.441903144));
#787=CARTESIAN_POINT('',(-10.596797221,10.238886246,1.441890156));
#788=CARTESIAN_POINT('',(-10.596774723,10.238883984,1.441877169));
#789=CARTESIAN_POINT('',(-10.596752225,10.238881721,1.441864183));
#790=CARTESIAN_POINT('',(-10.501218817,10.229274486,1.386723827));
#791=CARTESIAN_POINT('',(-10.394671293,10.219328704,1.358181791));
#792=CARTESIAN_POINT('',(-10.284367374,10.209721842,1.358181791));
#793=CARTESIAN_POINT('',(-10.284341397,10.20971958,1.358181791));
#794=CARTESIAN_POINT('',(-10.28431542,10.209717317,1.358181793));
#795=CARTESIAN_POINT('',(-10.284289443,10.209715055,1.358181796));
#796=CARTESIAN_POINT('',(-10.173984907,10.200107819,1.358195552));
#797=CARTESIAN_POINT('',(-10.067441026,10.190162037,1.386751184));
#798=CARTESIAN_POINT('',(-9.97191503,10.180555176,1.441903144));
#799=CARTESIAN_POINT('',(-9.971892533,10.180552914,1.441916132));
#800=CARTESIAN_POINT('',(-9.971870037,10.180550651,1.441929122));
#801=CARTESIAN_POINT('',(-9.971847542,10.180548389,1.441942113));
#802=CARTESIAN_POINT('',(-9.87632789,10.170941153,1.497106295));
#803=CARTESIAN_POINT('',(-9.798335999,10.16099537,1.575108139));
#804=CARTESIAN_POINT('',(-9.74318404,10.15138851,1.670634135));
#805=CARTESIAN_POINT('',(-9.743171051,10.151386247,1.670656632));
#806=CARTESIAN_POINT('',(-9.743158064,10.151383985,1.670679129));
#807=CARTESIAN_POINT('',(-9.743145078,10.151381722,1.670701628));
#808=CARTESIAN_POINT('',(-9.688004723,10.141774486,1.766235036));
#809=CARTESIAN_POINT('',(-9.659462686,10.131828704,1.87278256));
#810=CARTESIAN_POINT('',(-9.659462686,10.122221843,1.983086479));
#811=CARTESIAN_POINT('',(-9.659462686,10.12221958,1.983112456));
#812=CARTESIAN_POINT('',(-9.659462688,10.122217318,1.983138433));
#813=CARTESIAN_POINT('',(-9.659462691,10.122215055,1.98316441));
#814=CARTESIAN_POINT('',(-9.659476447,10.11260782,2.093468946));
#815=CARTESIAN_POINT('',(-9.68803208,10.102662037,2.200012826));
#816=CARTESIAN_POINT('',(-9.74318404,10.093055176,2.295538823));
#817=CARTESIAN_POINT('',(-9.743197028,10.093052913,2.295561319));
#818=CARTESIAN_POINT('',(-9.743210018,10.093050651,2.295583815));
#819=CARTESIAN_POINT('',(-9.743223009,10.093048388,2.295606311));
#820=CARTESIAN_POINT('',(-9.79838719,10.083441153,2.391125963));
#821=CARTESIAN_POINT('',(-9.876389034,10.073495371,2.469117854));
#822=CARTESIAN_POINT('',(-9.97191503,10.06388851,2.524269814));
#823=CARTESIAN_POINT('',(-9.971937527,10.063886247,2.524282802));
#824=CARTESIAN_POINT('',(-9.971960024,10.063883985,2.524295789));
#825=CARTESIAN_POINT('',(-9.971982523,10.063881722,2.524308775));
#826=CARTESIAN_POINT('',(-10.067515931,10.054274486,2.57944913));
#827=CARTESIAN_POINT('',(-10.174063455,10.044328704,2.607991167));
#828=CARTESIAN_POINT('',(-10.284367374,10.034721843,2.607991167));
#829=CARTESIAN_POINT('',(-10.284393351,10.034719581,2.607991167));
#830=CARTESIAN_POINT('',(-10.284419328,10.034717318,2.607991166));
#831=CARTESIAN_POINT('',(-10.284445305,10.034715056,2.607991162));
#832=CARTESIAN_POINT('',(-10.394749841,10.025107819,2.607977406));
#833=CARTESIAN_POINT('',(-10.501293722,10.015162037,2.579421773));
#834=CARTESIAN_POINT('',(-10.596819718,10.005555176,2.524269813));
#835=CARTESIAN_POINT('',(-10.596842215,10.005552913,2.524256825));
#836=CARTESIAN_POINT('',(-10.596864711,10.005550651,2.524243835));
#837=CARTESIAN_POINT('',(-10.596887206,10.005548388,2.524230843));
#838=CARTESIAN_POINT('',(-10.692406858,9.995941153,2.469066663));
#839=CARTESIAN_POINT('',(-10.770398749,9.98599537,2.391064819));
#840=CARTESIAN_POINT('',(-10.825550708,9.97638851,2.295538822));
#841=CARTESIAN_POINT('',(-10.825563697,9.976386247,2.295516326));
#842=CARTESIAN_POINT('',(-10.825576684,9.976383985,2.295493828));
#843=CARTESIAN_POINT('',(-10.82558967,9.976381722,2.295471329));
#844=CARTESIAN_POINT('',(-10.880730025,9.966774486,2.199937922));
#845=CARTESIAN_POINT('',(-10.909272062,9.956828703,2.093390398));
#846=CARTESIAN_POINT('',(-10.909272062,9.947221843,1.983086479));
#847=CARTESIAN_POINT('',(-10.909272062,9.94721958,1.983060502));
#848=CARTESIAN_POINT('',(-10.90927206,9.947217318,1.983034525));
#849=CARTESIAN_POINT('',(-10.909272057,9.947215055,1.983008548));
#850=CARTESIAN_POINT('',(-10.909258301,9.937607819,1.872704012));
#851=CARTESIAN_POINT('',(-10.880702668,9.927662037,1.766160131));
#852=CARTESIAN_POINT('',(-10.825550708,9.918055176,1.670634134));
#853=CARTESIAN_POINT('',(-10.82553772,9.918052914,1.670611637));
#854=CARTESIAN_POINT('',(-10.82552473,9.918050651,1.670589141));
#855=CARTESIAN_POINT('',(-10.825511738,9.918048388,1.670566646));
#856=CARTESIAN_POINT('',(-10.770347558,9.908441153,1.575046994));
#857=CARTESIAN_POINT('',(-10.692345714,9.898495371,1.497055104));
#858=CARTESIAN_POINT('',(-10.596819718,9.88888851,1.441903144));
#859=CARTESIAN_POINT('',(-10.596797221,9.888886247,1.441890156));
#860=CARTESIAN_POINT('',(-10.596774723,9.888883985,1.441877169));
#861=CARTESIAN_POINT('',(-10.596752225,9.888881722,1.441864183));
#862=CARTESIAN_POINT('',(-10.501218817,9.879274486,1.386723828));
#863=CARTESIAN_POINT('',(-10.394671293,9.869328704,1.35818179));
#864=CARTESIAN_POINT('',(-10.284367374,9.859721842,1.35818179));
#865=CARTESIAN_POINT('',(-10.284341397,9.85971958,1.35818179));
#866=CARTESIAN_POINT('',(-10.28431542,9.859717317,1.358181792));
#867=CARTESIAN_POINT('',(-10.284289443,9.859715055,1.358181795));
#868=CARTESIAN_POINT('',(-10.173984907,9.850107819,1.358195551));
#869=CARTESIAN_POINT('',(-10.067441026,9.840162037,1.386751184));
#870=CARTESIAN_POINT('',(-9.97191503,9.830555176,1.441903144));
#871=CARTESIAN_POINT('',(-9.971892533,9.830552914,1.441916132));
#872=CARTESIAN_POINT('',(-9.971870037,9.830550651,1.441929122));
#873=CARTESIAN_POINT('',(-9.971847542,9.830548388,1.441942114));
#874=CARTESIAN_POINT('',(-9.87632789,9.820941153,1.497106295));
#875=CARTESIAN_POINT('',(-9.798335999,9.81099537,1.575108139));
#876=CARTESIAN_POINT('',(-9.74318404,9.80138851,1.670634135));
#877=CARTESIAN_POINT('',(-9.743171051,9.801386247,1.670656632));
#878=CARTESIAN_POINT('',(-9.743158064,9.801383985,1.670679129));
#879=CARTESIAN_POINT('',(-9.743145078,9.801381722,1.670701628));
#880=CARTESIAN_POINT('',(-9.688004723,9.791774486,1.766235036));
#881=CARTESIAN_POINT('',(-9.659462686,9.781828704,1.87278256));
#882=CARTESIAN_POINT('',(-9.659462686,9.772221843,1.983086479));
#883=CARTESIAN_POINT('',(-9.659462686,9.77221958,1.983112456));
#884=CARTESIAN_POINT('',(-9.659462688,9.772217318,1.983138433));
#885=CARTESIAN_POINT('',(-9.659462691,9.772215055,1.98316441));
#886=CARTESIAN_POINT('',(-9.659476447,9.76260782,2.093468946));
#887=CARTESIAN_POINT('',(-9.68803208,9.752662037,2.200012827));
#888=CARTESIAN_POINT('',(-9.74318404,9.743055176,2.295538823));
#889=CARTESIAN_POINT('',(-9.743197028,9.743052913,2.29556132));
#890=CARTESIAN_POINT('',(-9.743210018,9.743050651,2.295583816));
#891=CARTESIAN_POINT('',(-9.743223009,9.743048388,2.295606311));
#892=CARTESIAN_POINT('',(-9.79838719,9.733441153,2.391125963));
#893=CARTESIAN_POINT('',(-9.876389034,9.723495371,2.469117854));
#894=CARTESIAN_POINT('',(-9.97191503,9.713888509,2.524269814));
#895=CARTESIAN_POINT('',(-9.971937527,9.713886247,2.524282803));
#896=CARTESIAN_POINT('',(-9.971960024,9.713883985,2.52429579));
#897=CARTESIAN_POINT('',(-9.971982523,9.713881722,2.524308775));
#898=CARTESIAN_POINT('',(-10.067515931,9.704274486,2.57944913));
#899=CARTESIAN_POINT('',(-10.174063455,9.694328704,2.607991167));
#900=CARTESIAN_POINT('',(-10.284367374,9.684721843,2.607991166));
#901=CARTESIAN_POINT('',(-10.284393351,9.684719581,2.607991166));
#902=CARTESIAN_POINT('',(-10.284419328,9.684717318,2.607991165));
#903=CARTESIAN_POINT('',(-10.284445305,9.684715056,2.607991162));
#904=CARTESIAN_POINT('',(-10.394749841,9.675107819,2.607977406));
#905=CARTESIAN_POINT('',(-10.501293722,9.665162037,2.579421773));
#906=CARTESIAN_POINT('',(-10.596819718,9.655555176,2.524269813));
#907=CARTESIAN_POINT('',(-10.596842215,9.655552913,2.524256825));
#908=CARTESIAN_POINT('',(-10.596864711,9.655550651,2.524243835));
#909=CARTESIAN_POINT('',(-10.596887206,9.655548388,2.524230844));
#910=CARTESIAN_POINT('',(-10.692406858,9.645941152,2.469066663));
#911=CARTESIAN_POINT('',(-10.770398749,9.63599537,2.391064819));
#912=CARTESIAN_POINT('',(-10.825550708,9.626388509,2.295538823));
#913=CARTESIAN_POINT('',(-10.825563697,9.626386247,2.295516326));
#914=CARTESIAN_POINT('',(-10.825576684,9.626383985,2.295493828));
#915=CARTESIAN_POINT('',(-10.82558967,9.626381722,2.29547133));
#916=CARTESIAN_POINT('',(-10.880730025,9.616774486,2.199937922));
#917=CARTESIAN_POINT('',(-10.909272062,9.606828703,2.093390398));
#918=CARTESIAN_POINT('',(-10.909272062,9.597221843,1.983086479));
#919=CARTESIAN_POINT('',(-10.909272062,9.59721958,1.983060502));
#920=CARTESIAN_POINT('',(-10.90927206,9.597217318,1.983034525));
#921=CARTESIAN_POINT('',(-10.909272057,9.597215055,1.983008548));
#922=CARTESIAN_POINT('',(-10.909258301,9.587607819,1.872704012));
#923=CARTESIAN_POINT('',(-10.880702668,9.577662037,1.766160131));
#924=CARTESIAN_POINT('',(-10.825550708,9.568055176,1.670634134));
#925=CARTESIAN_POINT('',(-10.82553772,9.568052913,1.670611638));
#926=CARTESIAN_POINT('',(-10.82552473,9.568050651,1.670589142));
#927=CARTESIAN_POINT('',(-10.825511738,9.568048388,1.670566646));
#928=CARTESIAN_POINT('',(-10.80670601,9.564773237,1.638003549));
#929=CARTESIAN_POINT('',(-10.784996019,9.561423833,1.607180114));
#930=CARTESIAN_POINT('',(-10.760516205,9.558026769,1.57837898));
#931=(BOUNDED_SURFACE()
B_SPLINE_SURFACE(1,3,((#27,#28,#29,#30,#31,#32,#33,#34,#35,#36,#37,#38,#39,#40,#41,#42,#43,#44,#45,#46,#47,#48,#49,#50,#51,#52,
#53,#54,#55,#56,#57,#58,#59,#60,#61,#62,#63,#64,#65,#66,#67,#68,#69,#70,#71,#72,#73,#74,#75,#76,#77,
#78,#79,#80,#81,#82,#83,#84,#85,#86,#87,#88,#89,#90,#91,#92,#93,#94,#95,#96,#97,#98,#99,#100,#101,#102,
#103,#104,#105,#106,#107,#108,#109,#110,#111,#112,#113,#114,#115,#116,#117,#118,#119,#120,#121,#122,#123,#124,#125,#126,#127,
#128,#129,#130,#131,#132,#133,#134,#135,#136,#137,#138,#139,#140,#141,#142,#143,#144,#145,#146,#147,#148,#149,#150,#151,#152,
#153,#154,#155,#156,#157,#158,#159,#160,#161,#162,#163,#164,#165,#166,#167,#168,#169,#170,#171,#172,#173,#174,#175,#176,#177,
#178,#179,#180,#181,#182,#183,#184,#185,#186,#187,#188,#189,#190,#191,#192,#193,#194,#195,#196,#197,#198,#199,#200,#201,#202,
#203,#204,#205,#206,#207,#208,#209,#210,#211,#212,#213,#214,#215,#216,#217,#218,#219,#220,#221,#222,#223,#224,#225,#226,#227,
#228,#229,#230,#231,#232,#233,#234,#235,#236,#237,#238,#239,#240,#241,#242,#243,#244,#245,#246,#247,#248,#249,#250,#251,#252),(#253,#254,#255,#256,#257,#258,#259,#260,#261,#262,#263,#264,#265,#266,#267,#268,#269,#270,#271,#272,#273,#274,#275,#276,#277,#278,
#279,#280,#281,#282,#283,#284,#285,#286,#287,#288,#289,#290,#291,#292,#293,#294,#295,#296,#297,#298,#299,#300,#301,#302,#303,
#304,#305,#306,#307,#308,#309,#310,#311,#312,#313,#314,#315,#316,#317,#318,#319,#320,#321,#322,#323,#324,#325,#326,#327,#328,
#329,#330,#331,#332,#333,#334,#335,#336,#337,#338,#339,#340,#341,#342,#343,#344,#345,#346,#347,#348,#349,#350,#351,#352,#353,
#354,#355,#356,#357,#358,#359,#360,#361,#362,#363,#364,#365,#366,#367,#368,#369,#370,#371,#372,#373,#374,#375,#376,#377,#378,
#379,#380,#381,#382,#383,#384,#385,#386,#387,#388,#389,#390,#391,#392,#393,#394,#395,#396,#397,#398,#399,#400,#401,#402,#403,
#404,#405,#406,#407,#408,#409,#410,#411,#412,#413,#414,#415,#416,#417,#418,#419,#420,#421,#422,#423,#424,#425,#426,#427,#428,
#429,#430,#431,#432,#433,#434,#435,#436,#437,#438,#439,#440,#441,#442,#443,#444,#445,#446,#447,#448,#449,#450,#451,#452,#453,
#454,#455,#456,#457,#458,#459,#460,#461,#462,#463,#464,#465,#466,#467,#468,#469,#470,#471,#472,#473,#474,#475,#476,#477,#478),(#479,#480,#481,#482,#483,#484,#485,#486,#487,#488,#489,#490,#491,#492,#493,#494,#495,#496,#497,#498,#499,#500,#501,#502,#503,#504,
#505,#506,#507,#508,#509,#510,#511,#512,#513,#514,#515,#516,#517,#518,#519,#520,#521,#522,#523,#524,#525,#526,#527,#528,#529,
#530,#531,#532,#533,#534,#535,#536,#537,#538,#539,#540,#541,#542,#543,#544,#545,#546,#547,#548,#549,#550,#551,#552,#553,#554,
#555,#556,#557,#558,#559,#560,#561,#562,#563,#564,#565,#566,#567,#568,#569,#570,#571,#572,#573,#574,#575,#576,#577,#578,#579,
#580,#581,#582,#583,#584,#585,#586,#587,#588,#589,#590,#591,#592,#593,#594,#595,#596,#597,#598,#599,#600,#601,#602,#603,#604,
#605,#606,#607,#608,#609,#610,#611,#612,#613,#614,#615,#616,#617,#618,#619,#620,#621,#622,#623,#624,#625,#626,#627,#628,#629,
#630,#631,#632,#633,#634,#635,#636,#637,#638,#639,#640,#641,#642,#643,#644,#645,#646,#647,#648,#649,#650,#651,#652,#653,#654,
#655,#656,#657,#658,#659,#660,#661,#662,#663,#664,#665,#666,#667,#668,#669,#670,#671,#672,#673,#674,#675,#676,#677,#678,#679,
#680,#681,#682,#683,#684,#685,#686,#687,#688,#689,#690,#691,#692,#693,#694,#695,#696,#697,#698,#699,#700,#701,#702,#703,#704),(#705,#706,#707,#708,#709,#710,#711,#712,#713,#714,#715,#716,#717,#718,#719,#720,#721,#722,#723,#724,#725,#726,#727,#728,#729,#730,
#731,#732,#733,#734,#735,#736,#737,#738,#739,#740,#741,#742,#743,#744,#745,#746,#747,#748,#749,#750,#751,#752,#753,#754,#755,
#756,#757,#758,#759,#760,#761,#762,#763,#764,#765,#766,#767,#768,#769,#770,#771,#772,#773,#774,#775,#776,#777,#778,#779,#780,
#781,#782,#783,#784,#785,#786,#787,#788,#789,#790,#791,#792,#793,#794,#795,#796,#797,#798,#799,#800,#801,#802,#803,#804,#805,
#806,#807,#808,#809,#810,#811,#812,#813,#814,#815,#816,#817,#818,#819,#820,#821,#822,#823,#824,#825,#826,#827,#828,#829,#830,
#831,#832,#833,#834,#835,#836,#837,#838,#839,#840,#841,#842,#843,#844,#845,#846,#847,#848,#849,#850,#851,#852,#853,#854,#855,
#856,#857,#858,#859,#860,#861,#862,#863,#864,#865,#866,#867,#868,#869,#870,#871,#872,#873,#874,#875,#876,#877,#878,#879,#880,
#881,#882,#883,#884,#885,#886,#887,#888,#889,#890,#891,#892,#893,#894,#895,#896,#897,#898,#899,#900,#901,#902,#903,#904,#905,
#906,#907,#908,#909,#910,#911,#912,#913,#914,#915,#916,#917,#918,#919,#920,#921,#922,#923,#924,#925,#926,#927,#928,#929,#930)),.UNSPECIFIED.,.F.,.F.,.U.)
B_SPLINE_SURFACE_WITH_KNOTS((2,1,1,2),(4,3,3,3,3,3,3,3,3,3,3,3,3,3,3,3,3,3,3,3,3,3,3,3,3,3,
3,3,3,3,3,3,3,3,3,3,3,3,3,3,3,3,3,3,3,3,3,3,3,3,3,
3,3,3,3,3,3,3,3,3,3,3,3,3,3,3,3,3,3,3,3,3,3,3,3,4),(-0.000185803,0.,0.999999999,1.000544566),(0.671136289,0.671296296,0.671297411,0.675925926,0.675927041,0.680555556,0.680556671,0.685185185,0.6851863,0.689814815,0.68981593,0.694444444,0.694445559,0.699074074,0.699075189,0.703703704,0.703704819,0.708333333,0.708334448,0.712962963,0.712964078,0.717592593,0.717593708,0.722222222,0.722223337,0.726851852,
0.726852967,0.731481481,0.731482596,0.736111111,0.736112226,0.740740741,0.740741856,0.74537037,0.745371485,0.75,0.750001115,0.75462963,0.754630745,0.759259259,0.759260374,0.763888889,0.763890004,0.768518519,0.768519634,0.773148148,0.773149263,0.777777778,0.777778893,0.782407407,0.782408522,
0.787037037,0.787038152,0.791666667,0.791667782,0.796296296,0.796297411,0.800925926,0.800927041,0.805555556,0.805556671,0.810185185,0.8101863,0.814814815,0.81481593,0.819444444,0.819445559,0.824074074,0.824075189,0.828703704,0.828704819,0.833333333,0.833334448,0.837962963,0.837964078,0.839565927),.UNSPECIFIED.)
GEOMETRIC_REPRESENTATION_ITEM()
RATIONAL_B_SPLINE_SURFACE(((0.997726083,0.998456921,0.999214893,1.,0.999994527,0.999989056,0.999983586,0.977283885,0.977289357,1.,0.999994527,0.999989056,0.999983586,0.977283885,0.977289357,1.,0.999994527,0.999989056,0.999983586,0.977283885,0.977289357,1.,0.999994527,0.999989056,0.999983586,0.977283885,
0.977289357,1.,0.999994527,0.999989056,0.999983586,0.977283885,0.977289357,1.,0.999994527,0.999989056,0.999983586,0.977283885,0.977289357,1.,0.999994527,0.999989056,0.999983586,0.977283885,0.977289357,1.,0.999994527,0.999989056,0.999983586,0.977283885,0.977289357,
1.,0.999994527,0.999989056,0.999983586,0.977283885,0.977289357,1.,0.999994527,0.999989056,0.999983586,0.977283885,0.977289357,1.,0.999994527,0.999989056,0.999983586,0.977283885,0.977289357,1.,0.999994527,0.999989056,0.999983586,0.977283885,0.977289357,1.,
0.999994527,0.999989056,0.999983586,0.977283885,0.977289357,1.,0.999994527,0.999989056,0.999983586,0.977283885,0.977289357,1.,0.999994527,0.999989056,0.999983586,0.977283885,0.977289357,1.,0.999994527,0.999989056,0.999983586,0.977283885,0.977289357,1.,0.999994527,
0.999989056,0.999983586,0.977283885,0.977289357,1.,0.999994527,0.999989056,0.999983586,0.977283885,0.977289357,1.,0.999994527,0.999989056,0.999983586,0.977283885,0.977289357,1.,0.999994527,0.999989056,0.999983586,0.977283885,0.977289357,1.,0.999994527,0.999989056,
0.999983586,0.977283885,0.977289357,1.,0.999994527,0.999989056,0.999983586,0.977283885,0.977289357,1.,0.999994527,0.999989056,0.999983586,0.977283885,0.977289357,1.,0.999994527,0.999989056,0.999983586,0.977283885,0.977289357,1.,0.999994527,0.999989056,0.999983586,
0.977283885,0.977289357,1.,0.999994527,0.999989056,0.999983586,0.977283885,0.977289357,1.,0.999994527,0.999989056,0.999983586,0.977283885,0.977289357,1.,0.999994527,0.999989056,0.999983586,0.977283885,0.977289357,1.,0.999994527,0.999989056,0.999983586,0.977283885,
0.977289357,1.,0.999994527,0.999989056,0.999983586,0.977283885,0.977289357,1.,0.999994527,0.999989056,0.999983586,0.977283885,0.977289357,1.,0.999994527,0.999989056,0.999983586,0.977283885,0.977289357,1.,0.999994527,0.999989056,0.999983586,0.977283885,0.977289357,
1.,0.999994527,0.999989056,0.999983586,0.977283885,0.977289357,1.,0.999994527,0.999989056,0.999983586,0.977283885,0.977289357,1.,0.999994527,0.999989056,0.999983586,0.977283885,0.977289357,1.,0.999994527,0.999989056,0.999983586,0.992127614,0.986991113,0.984574082),(0.997726083,0.998456921,0.999214893,1.,0.999994527,0.999989056,0.999983586,0.977283885,0.977289357,1.,0.999994527,0.999989056,0.999983586,0.977283885,0.977289357,1.,0.999994527,0.999989056,0.999983586,0.977283885,0.977289357,1.,0.999994527,0.999989056,0.999983586,0.977283885,
0.977289357,1.,0.999994527,0.999989056,0.999983586,0.977283885,0.977289357,1.,0.999994527,0.999989056,0.999983586,0.977283885,0.977289357,1.,0.999994527,0.999989056,0.999983586,0.977283885,0.977289357,1.,0.999994527,0.999989056,0.999983586,0.977283885,0.977289357,
1.,0.999994527,0.999989056,0.999983586,0.977283885,0.977289357,1.,0.999994527,0.999989056,0.999983586,0.977283885,0.977289357,1.,0.999994527,0.999989056,0.999983586,0.977283885,0.977289357,1.,0.999994527,0.999989056,0.999983586,0.977283885,0.977289357,1.,
0.999994527,0.999989056,0.999983586,0.977283885,0.977289357,1.,0.999994527,0.999989056,0.999983586,0.977283885,0.977289357,1.,0.999994527,0.999989056,0.999983586,0.977283885,0.977289357,1.,0.999994527,0.999989056,0.999983586,0.977283885,0.977289357,1.,0.999994527,
0.999989056,0.999983586,0.977283885,0.977289357,1.,0.999994527,0.999989056,0.999983586,0.977283885,0.977289357,1.,0.999994527,0.999989056,0.999983586,0.977283885,0.977289357,1.,0.999994527,0.999989056,0.999983586,0.977283885,0.977289357,1.,0.999994527,0.999989056,
0.999983586,0.977283885,0.977289357,1.,0.999994527,0.999989056,0.999983586,0.977283885,0.977289357,1.,0.999994527,0.999989056,0.999983586,0.977283885,0.977289357,1.,0.999994527,0.999989056,0.999983586,0.977283885,0.977289357,1.,0.999994527,0.999989056,0.999983586,
0.977283885,0.977289357,1.,0.999994527,0.999989056,0.999983586,0.977283885,0.977289357,1.,0.999994527,0.999989056,0.999983586,0.977283885,0.977289357,1.,0.999994527,0.999989056,0.999983586,0.977283885,0.977289357,1.,0.999994527,0.999989056,0.999983586,0.977283885,
0.977289357,1.,0.999994527,0.999989056,0.999983586,0.977283885,0.977289357,1.,0.999994527,0.999989056,0.999983586,0.977283885,0.977289357,1.,0.999994527,0.999989056,0.999983586,0.977283885,0.977289357,1.,0.999994527,0.999989056,0.999983586,0.977283885,0.977289357,
1.,0.999994527,0.999989056,0.999983586,0.977283885,0.977289357,1.,0.999994527,0.999989056,0.999983586,0.977283885,0.977289357,1.,0.999994527,0.999989056,0.999983586,0.977283885,0.977289357,1.,0.999994527,0.999989056,0.999983586,0.992127614,0.986991113,0.984574082),(0.997726083,0.998456921,0.999214893,1.,0.999994527,0.999989056,0.999983586,0.977283885,0.977289357,1.,0.999994527,0.999989056,0.999983586,0.977283885,0.977289357,1.,0.999994527,0.999989056,0.999983586,0.977283885,0.977289357,1.,0.999994527,0.999989056,0.999983586,0.977283885,
0.977289357,1.,0.999994527,0.999989056,0.999983586,0.977283885,0.977289357,1.,0.999994527,0.999989056,0.999983586,0.977283885,0.977289357,1.,0.999994527,0.999989056,0.999983586,0.977283885,0.977289357,1.,0.999994527,0.999989056,0.999983586,0.977283885,0.977289357,
1.,0.999994527,0.999989056,0.999983586,0.977283885,0.977289357,1.,0.999994527,0.999989056,0.999983586,0.977283885,0.977289357,1.,0.999994527,0.999989056,0.999983586,0.977283885,0.977289357,1.,0.999994527,0.999989056,0.999983586,0.977283885,0.977289357,1.,
0.999994527,0.999989056,0.999983586,0.977283885,0.977289357,1.,0.999994527,0.999989056,0.999983586,0.977283885,0.977289357,1.,0.999994527,0.999989056,0.999983586,0.977283885,0.977289357,1.,0.999994527,0.999989056,0.999983586,0.977283885,0.977289357,1.,0.999994527,
0.999989056,0.999983586,0.977283885,0.977289357,1.,0.999994527,0.999989056,0.999983586,0.977283885,0.977289357,1.,0.999994527,0.999989056,0.999983586,0.977283885,0.977289357,1.,0.999994527,0.999989056,0.999983586,0.977283885,0.977289357,1.,0.999994527,0.999989056,
0.999983586,0.977283885,0.977289357,1.,0.999994527,0.999989056,0.999983586,0.977283885,0.977289357,1.,0.999994527,0.999989056,0.999983586,0.977283885,0.977289357,1.,0.999994527,0.999989056,0.999983586,0.977283885,0.977289357,1.,0.999994527,0.999989056,0.999983586,
0.977283885,0.977289357,1.,0.999994527,0.999989056,0.999983586,0.977283885,0.977289357,1.,0.999994527,0.999989056,0.999983586,0.977283885,0.977289357,1.,0.999994527,0.999989056,0.999983586,0.977283885,0.977289357,1.,0.999994527,0.999989056,0.999983586,0.977283885,
0.977289357,1.,0.999994527,0.999989056,0.999983586,0.977283885,0.977289357,1.,0.999994527,0.999989056,0.999983586,0.977283885,0.977289357,1.,0.999994527,0.999989056,0.999983586,0.977283885,0.977289357,1.,0.999994527,0.999989056,0.999983586,0.977283885,0.977289357,
1.,0.999994527,0.999989056,0.999983586,0.977283885,0.977289357,1.,0.999994527,0.999989056,0.999983586,0.977283885,0.977289357,1.,0.999994527,0.999989056,0.999983586,0.977283885,0.977289357,1.,0.999994527,0.999989056,0.999983586,0.992127614,0.986991113,0.984574082),(0.997726083,0.998456921,0.999214893,1.,0.999994527,0.999989056,0.999983586,0.977283885,0.977289357,1.,0.999994527,0.999989056,0.999983586,0.977283885,0.977289357,1.,0.999994527,0.999989056,0.999983586,0.977283885,0.977289357,1.,0.999994527,0.999989056,0.999983586,0.977283885,
0.977289357,1.,0.999994527,0.999989056,0.999983586,0.977283885,0.977289357,1.,0.999994527,0.999989056,0.999983586,0.977283885,0.977289357,1.,0.999994527,0.999989056,0.999983586,0.977283885,0.977289357,1.,0.999994527,0.999989056,0.999983586,0.977283885,0.977289357,
1.,0.999994527,0.999989056,0.999983586,0.977283885,0.977289357,1.,0.999994527,0.999989056,0.999983586,0.977283885,0.977289357,1.,0.999994527,0.999989056,0.999983586,0.977283885,0.977289357,1.,0.999994527,0.999989056,0.999983586,0.977283885,0.977289357,1.,
0.999994527,0.999989056,0.999983586,0.977283885,0.977289357,1.,0.999994527,0.999989056,0.999983586,0.977283885,0.977289357,1.,0.999994527,0.999989056,0.999983586,0.977283885,0.977289357,1.,0.999994527,0.999989056,0.999983586,0.977283885,0.977289357,1.,0.999994527,
0.999989056,0.999983586,0.977283885,0.977289357,1.,0.999994527,0.999989056,0.999983586,0.977283885,0.977289357,1.,0.999994527,0.999989056,0.999983586,0.977283885,0.977289357,1.,0.999994527,0.999989056,0.999983586,0.977283885,0.977289357,1.,0.999994527,0.999989056,
0.999983586,0.977283885,0.977289357,1.,0.999994527,0.999989056,0.999983586,0.977283885,0.977289357,1.,0.999994527,0.999989056,0.999983586,0.977283885,0.977289357,1.,0.999994527,0.999989056,0.999983586,0.977283885,0.977289357,1.,0.999994527,0.999989056,0.999983586,
0.977283885,0.977289357,1.,0.999994527,0.999989056,0.999983586,0.977283885,0.977289357,1.,0.999994527,0.999989056,0.999983586,0.977283885,0.977289357,1.,0.999994527,0.999989056,0.999983586,0.977283885,0.977289357,1.,0.999994527,0.999989056,0.999983586,0.977283885,
0.977289357,1.,0.999994527,0.999989056,0.999983586,0.977283885,0.977289357,1.,0.999994527,0.999989056,0.999983586,0.977283885,0.977289357,1.,0.999994527,0.999989056,0.999983586,0.977283885,0.977289357,1.,0.999994527,0.999989056,0.999983586,0.977283885,0.977289357,
1.,0.999994527,0.999989056,0.999983586,0.977283885,0.977289357,1.,0.999994527,0.999989056,0.999983586,0.977283885,0.977289357,1.,0.999994527,0.999989056,0.999983586,0.977283885,0.977289357,1.,0.999994527,0.999989056,0.999983586,0.992127614,0.986991113,0.984574082)))
REPRESENTATION_ITEM('')
SURFACE()
);
#932=CARTESIAN_POINT('',(-10.284367374,10.034776871,2.608086478));
#933=VERTEX_POINT('',#932);
#934=CARTESIAN_POINT('',(-10.284367375,9.684785846,2.608089728));
#935=VERTEX_POINT('',#934);
#936=CARTESIAN_POINT('',(-10.284367374,10.034776871,2.608086478));
#937=CARTESIAN_POINT('',(-10.372666773,10.027087654,2.608086479));
#938=CARTESIAN_POINT('',(-10.460036748,10.019027747,2.589268758));
#939=CARTESIAN_POINT('',(-10.540233846,10.011217665,2.553312208));
#940=CARTESIAN_POINT('',(-10.580332394,10.007312623,2.535333934));
#941=CARTESIAN_POINT('',(-10.618097709,10.003564524,2.513362555));
#942=CARTESIAN_POINT('',(-10.653511782,9.999645227,2.487425096));
#943=CARTESIAN_POINT('',(-10.688925856,9.995725931,2.461487638));
#944=CARTESIAN_POINT('',(-10.721917073,9.991720094,2.43151062));
#945=CARTESIAN_POINT('',(-10.750984499,9.987787681,2.39889107));
#946=CARTESIAN_POINT('',(-10.809119352,9.979922856,2.333651968));
#947=CARTESIAN_POINT('',(-10.853730006,9.972280324,2.255306567));
#948=CARTESIAN_POINT('',(-10.880159753,9.964401847,2.171915609));
#949=CARTESIAN_POINT('',(-10.893374627,9.960462608,2.13022013));
#950=CARTESIAN_POINT('',(-10.902315884,9.956441827,2.086443149));
#951=CARTESIAN_POINT('',(-10.906503539,9.952547909,2.042849278));
#952=CARTESIAN_POINT('',(-10.910691194,9.948653991,1.999255407));
#953=CARTESIAN_POINT('',(-10.910324773,9.944904062,1.95554458));
#954=CARTESIAN_POINT('',(-10.905282163,9.940968911,1.911743339));
#955=CARTESIAN_POINT('',(-10.895196943,9.933098611,1.824140856));
#956=CARTESIAN_POINT('',(-10.866596834,9.925109389,1.739417715));
#957=CARTESIAN_POINT('',(-10.821649027,9.91742264,1.663785013));
#958=CARTESIAN_POINT('',(-10.77670122,9.909735892,1.588152311));
#959=CARTESIAN_POINT('',(-10.715949833,9.901679193,1.522519822));
#960=CARTESIAN_POINT('',(-10.643892578,9.893855361,1.471846194));
#961=CARTESIAN_POINT('',(-10.571835323,9.88603153,1.421172567));
#962=CARTESIAN_POINT('',(-10.489996411,9.878342062,1.386275628));
#963=CARTESIAN_POINT('',(-10.403089246,9.870380835,1.369465978));
#964=CARTESIAN_POINT('',(-10.316182082,9.862419608,1.352656328));
#965=CARTESIAN_POINT('',(-10.226939278,9.854857812,1.354578722));
#966=CARTESIAN_POINT('',(-10.141539478,9.846953346,1.374625146));
#967=CARTESIAN_POINT('',(-10.056139677,9.839048881,1.394671571));
#968=CARTESIAN_POINT('',(-9.974783109,9.831347887,1.43316448));
#969=CARTESIAN_POINT('',(-9.905323315,9.823542564,1.486145232));
#970=CARTESIAN_POINT('',(-9.835863522,9.81573724,1.539125984));
#971=CARTESIAN_POINT('',(-9.777199961,9.807734396,1.607481839));
#972=CARTESIAN_POINT('',(-9.73534299,9.80005722,1.684427433));
#973=CARTESIAN_POINT('',(-9.714414504,9.796218632,1.72290023));
#974=CARTESIAN_POINT('',(-9.697332991,9.792222725,1.764188789));
#975=CARTESIAN_POINT('',(-9.684939086,9.788282429,1.806138043));
#976=CARTESIAN_POINT('',(-9.67254518,9.784342134,1.848087298));
#977=CARTESIAN_POINT('',(-9.664591968,9.780407922,1.891084398));
#978=CARTESIAN_POINT('',(-9.661207575,9.776493228,1.935160803));
#979=CARTESIAN_POINT('',(-9.654438787,9.76866384,2.023313613));
#980=CARTESIAN_POINT('',(-9.666501339,9.760899494,2.111827464));
#981=CARTESIAN_POINT('',(-9.6961912,9.753012017,2.194448225));
#982=CARTESIAN_POINT('',(-9.72588106,9.74512454,2.277068985));
#983=CARTESIAN_POINT('',(-9.773403559,9.737492815,2.353442797));
#984=CARTESIAN_POINT('',(-9.833968084,9.729615691,2.416405624));
#985=CARTESIAN_POINT('',(-9.894532609,9.721738568,2.479368452));
#986=CARTESIAN_POINT('',(-9.969199132,9.714047503,2.529854711));
#987=CARTESIAN_POINT('',(-10.050362681,9.706215006,2.562626644));
#988=CARTESIAN_POINT('',(-10.090944455,9.702298758,2.57901261));
#989=CARTESIAN_POINT('',(-10.133913605,9.698270627,2.591283766));
#990=CARTESIAN_POINT('',(-10.177027231,9.694340863,2.598799962));
#991=CARTESIAN_POINT('',(-10.220140857,9.6904111,2.606316157));
#992=CARTESIAN_POINT('',(-10.263759807,9.686599837,2.609305074));
#993=CARTESIAN_POINT('',(-10.30788058,9.682718989,2.607644025));
#994=CARTESIAN_POINT('',(-10.396122127,9.674957295,2.604321927));
#995=CARTESIAN_POINT('',(-10.482730826,9.666900355,2.582252561));
#996=CARTESIAN_POINT('',(-10.561500042,9.659131797,2.54328509));
#997=B_SPLINE_CURVE_WITH_KNOTS('',3,(#936,#937,#938,#939,#940,#941,#942,#943,#944,#945,#946,#947,#948,#949,#950,#951,#952,#953,#954,#955,#956,#957,#958,#959,#960,#961,
#962,#963,#964,#965,#966,#967,#968,#969,#970,#971,#972,#973,#974,#975,#976,#977,#978,#979,#980,#981,#982,#983,#984,#985,#986,
#987,#988,#989,#990,#991,#992,#993,#994,#995,#996),.UNSPECIFIED.,.F.,.F.,(4,3,3,3,3,3,3,3,3,3,3,3,3,3,3,3,3,3,3,3,4),(0.013166234,0.013398245,0.013514251,0.013630256,0.013862267,0.013978273,0.014094278,0.014326289,0.0145583,0.014790311,0.015022322,0.015254332,0.015486343,0.015602349,0.015718354,0.015950365,0.016182376,0.016414387,0.016530392,0.016646398,0.016878409),.UNSPECIFIED.);
#998=EDGE_CURVE('',#933,#935,#997,.T.);
#999=ORIENTED_EDGE('',*,*,#998,.T.);
#1000=CARTESIAN_POINT('',(-10.561500042,9.659131797,2.54328509));
#1001=VERTEX_POINT('',#1000);
#1002=CARTESIAN_POINT('',(-10.284367374,10.034776871,2.608086478));
#1003=CARTESIAN_POINT('',(-10.372666773,10.027087654,2.608086479));
#1004=CARTESIAN_POINT('',(-10.460036748,10.019027747,2.589268758));
#1005=CARTESIAN_POINT('',(-10.540233846,10.011217665,2.553312208));
#1006=CARTESIAN_POINT('',(-10.580332394,10.007312623,2.535333934));
#1007=CARTESIAN_POINT('',(-10.618097709,10.003564524,2.513362555));
#1008=CARTESIAN_POINT('',(-10.653511782,9.999645227,2.487425096));
#1009=CARTESIAN_POINT('',(-10.688925856,9.995725931,2.461487638));
#1010=CARTESIAN_POINT('',(-10.721917073,9.991720094,2.43151062));
#1011=CARTESIAN_POINT('',(-10.750984499,9.987787681,2.39889107));
#1012=CARTESIAN_POINT('',(-10.809119352,9.979922856,2.333651968));
#1013=CARTESIAN_POINT('',(-10.853730006,9.972280324,2.255306567));
#1014=CARTESIAN_POINT('',(-10.880159753,9.964401847,2.171915609));
#1015=CARTESIAN_POINT('',(-10.893374627,9.960462608,2.13022013));
#1016=CARTESIAN_POINT('',(-10.902315884,9.956441827,2.086443149));
#1017=CARTESIAN_POINT('',(-10.906503539,9.952547909,2.042849278));
#1018=CARTESIAN_POINT('',(-10.910691194,9.948653991,1.999255407));
#1019=CARTESIAN_POINT('',(-10.910324773,9.944904062,1.95554458));
#1020=CARTESIAN_POINT('',(-10.905282163,9.940968911,1.911743339));
#1021=CARTESIAN_POINT('',(-10.895196943,9.933098611,1.824140856));
#1022=CARTESIAN_POINT('',(-10.866596834,9.925109389,1.739417715));
#1023=CARTESIAN_POINT('',(-10.821649027,9.91742264,1.663785013));
#1024=CARTESIAN_POINT('',(-10.77670122,9.909735892,1.588152311));
#1025=CARTESIAN_POINT('',(-10.715949833,9.901679193,1.522519822));
#1026=CARTESIAN_POINT('',(-10.643892578,9.893855361,1.471846194));
#1027=CARTESIAN_POINT('',(-10.571835323,9.88603153,1.421172567));
#1028=CARTESIAN_POINT('',(-10.489996411,9.878342062,1.386275628));
#1029=CARTESIAN_POINT('',(-10.403089246,9.870380835,1.369465978));
#1030=CARTESIAN_POINT('',(-10.316182082,9.862419608,1.352656328));
#1031=CARTESIAN_POINT('',(-10.226939278,9.854857812,1.354578722));
#1032=CARTESIAN_POINT('',(-10.141539478,9.846953346,1.374625146));
#1033=CARTESIAN_POINT('',(-10.056139677,9.839048881,1.394671571));
#1034=CARTESIAN_POINT('',(-9.974783109,9.831347887,1.43316448));
#1035=CARTESIAN_POINT('',(-9.905323315,9.823542564,1.486145232));
#1036=CARTESIAN_POINT('',(-9.835863522,9.81573724,1.539125984));
#1037=CARTESIAN_POINT('',(-9.777199961,9.807734396,1.607481839));
#1038=CARTESIAN_POINT('',(-9.73534299,9.80005722,1.684427433));
#1039=CARTESIAN_POINT('',(-9.714414504,9.796218632,1.72290023));
#1040=CARTESIAN_POINT('',(-9.697332991,9.792222725,1.764188789));
#1041=CARTESIAN_POINT('',(-9.684939086,9.788282429,1.806138043));
#1042=CARTESIAN_POINT('',(-9.67254518,9.784342134,1.848087298));
#1043=CARTESIAN_POINT('',(-9.664591968,9.780407922,1.891084398));
#1044=CARTESIAN_POINT('',(-9.661207575,9.776493228,1.935160803));
#1045=CARTESIAN_POINT('',(-9.654438787,9.76866384,2.023313613));
#1046=CARTESIAN_POINT('',(-9.666501339,9.760899494,2.111827464));
#1047=CARTESIAN_POINT('',(-9.6961912,9.753012017,2.194448225));
#1048=CARTESIAN_POINT('',(-9.72588106,9.74512454,2.277068985));
#1049=CARTESIAN_POINT('',(-9.773403559,9.737492815,2.353442797));
#1050=CARTESIAN_POINT('',(-9.833968084,9.729615691,2.416405624));
#1051=CARTESIAN_POINT('',(-9.894532609,9.721738568,2.479368452));
#1052=CARTESIAN_POINT('',(-9.969199132,9.714047503,2.529854711));
#1053=CARTESIAN_POINT('',(-10.050362681,9.706215006,2.562626644));
#1054=CARTESIAN_POINT('',(-10.090944455,9.702298758,2.57901261));
#1055=CARTESIAN_POINT('',(-10.133913605,9.698270627,2.591283766));
#1056=CARTESIAN_POINT('',(-10.177027231,9.694340863,2.598799962));
#1057=CARTESIAN_POINT('',(-10.220140857,9.6904111,2.606316157));
#1058=CARTESIAN_POINT('',(-10.263759807,9.686599837,2.609305074));
#1059=CARTESIAN_POINT('',(-10.30788058,9.682718989,2.607644025));
#1060=CARTESIAN_POINT('',(-10.396122127,9.674957295,2.604321927));
#1061=CARTESIAN_POINT('',(-10.482730826,9.666900355,2.582252561));
#1062=CARTESIAN_POINT('',(-10.561500042,9.659131797,2.54328509));
#1063=B_SPLINE_CURVE_WITH_KNOTS('',3,(#1002,#1003,#1004,#1005,#1006,#1007,#1008,#1009,#1010,#1011,#1012,#1013,#1014,#1015,#1016,#1017,#1018,#1019,#1020,#1021,#1022,#1023,#1024,#1025,#1026,#1027,
#1028,#1029,#1030,#1031,#1032,#1033,#1034,#1035,#1036,#1037,#1038,#1039,#1040,#1041,#1042,#1043,#1044,#1045,#1046,#1047,#1048,#1049,#1050,#1051,#1052,
#1053,#1054,#1055,#1056,#1057,#1058,#1059,#1060,#1061,#1062),.UNSPECIFIED.,.F.,.F.,(4,3,3,3,3,3,3,3,3,3,3,3,3,3,3,3,3,3,3,3,4),(0.013166234,0.013398245,0.013514251,0.013630256,0.013862267,0.013978273,0.014094278,0.014326289,0.0145583,0.014790311,0.015022322,0.015254332,0.015486343,0.015602349,0.015718354,0.015950365,0.016182376,0.016414387,0.016530392,0.016646398,0.016878409),.UNSPECIFIED.);
#1064=EDGE_CURVE('',#935,#1001,#1063,.T.);
#1065=ORIENTED_EDGE('',*,*,#1064,.T.);
#1066=CARTESIAN_POINT('',(-10.89394892,9.659131797,1.464966498));
#1067=VERTEX_POINT('',#1066);
#1068=CARTESIAN_POINT('',(-10.561500042,9.659131797,2.54328509));
#1069=CARTESIAN_POINT('',(-10.666031674,9.659131797,2.510091987));
#1070=CARTESIAN_POINT('',(-10.760261632,9.659131797,2.44958707));
#1071=CARTESIAN_POINT('',(-10.834623398,9.659131797,2.370645331));
#1072=CARTESIAN_POINT('',(-10.908985164,9.659131797,2.291703593));
#1073=CARTESIAN_POINT('',(-10.964078676,9.659131797,2.19380708));
#1074=CARTESIAN_POINT('',(-10.994487401,9.659131797,2.088922981));
#1075=CARTESIAN_POINT('',(-11.009691764,9.659131797,2.036480931));
#1076=CARTESIAN_POINT('',(-11.018491872,9.659131797,1.9830499));
#1077=CARTESIAN_POINT('',(-11.021503041,9.659131797,1.928724906));
#1078=CARTESIAN_POINT('',(-11.024514209,9.659131797,1.874399912));
#1079=CARTESIAN_POINT('',(-11.021543594,9.659131797,1.819354016));
#1080=CARTESIAN_POINT('',(-11.012806632,9.659131797,1.765924038));
#1081=CARTESIAN_POINT('',(-11.004069671,9.659131797,1.71249406));
#1082=CARTESIAN_POINT('',(-10.98940207,9.659131797,1.659506422));
#1083=CARTESIAN_POINT('',(-10.969234645,9.659131797,1.60888683));
#1084=CARTESIAN_POINT('',(-10.94906722,9.659131797,1.558267237));
#1085=CARTESIAN_POINT('',(-10.923897877,9.659131797,1.510333584));
#1086=CARTESIAN_POINT('',(-10.89394892,9.659131797,1.464966498));
#1087=B_SPLINE_CURVE_WITH_KNOTS('',3,(#1068,#1069,#1070,#1071,#1072,#1073,#1074,#1075,#1076,#1077,#1078,#1079,#1080,#1081,#1082,#1083,#1084,#1085,#1086),.UNSPECIFIED.,.F.,.F.,(4,3,3,3,3,3,4),(0.002297619,0.002630058,0.002962498,0.003128717,0.003294937,0.003461157,0.003627377),.UNSPECIFIED.);
#1088=EDGE_CURVE('',#1001,#1067,#1087,.T.);
#1089=ORIENTED_EDGE('',*,*,#1088,.T.);
#1090=CARTESIAN_POINT('',(-9.73920986,10.619087307,1.397559998));
#1091=VERTEX_POINT('',#1090);
#1092=CARTESIAN_POINT('',(-9.739209369,10.61908726,1.397560455));
#1093=CARTESIAN_POINT('',(-9.68615315,10.613984829,1.446958887));
#1094=CARTESIAN_POINT('',(-9.640893824,10.608973953,1.502317125));
#1095=CARTESIAN_POINT('',(-9.60321938,10.604052046,1.563473103));
#1096=CARTESIAN_POINT('',(-9.565544936,10.59913014,1.624629081));
#1097=CARTESIAN_POINT('',(-9.536051119,10.59412161,1.691271984));
#1098=CARTESIAN_POINT('',(-9.516097439,10.589087143,1.759928919));
#1099=CARTESIAN_POINT('',(-9.47619008,10.579018211,1.897242788));
#1100=CARTESIAN_POINT('',(-9.474042569,10.569176511,2.046854285));
#1101=CARTESIAN_POINT('',(-9.510476556,10.559053461,2.185894212));
#1102=CARTESIAN_POINT('',(-9.546910542,10.548930412,2.324934139));
#1103=CARTESIAN_POINT('',(-9.621278108,10.539189478,2.453157443));
#1104=CARTESIAN_POINT('',(-9.723680074,10.529079565,2.553759527));
#1105=CARTESIAN_POINT('',(-9.826082041,10.518969653,2.654361612));
#1106=CARTESIAN_POINT('',(-9.957072666,10.509115886,2.726983974));
#1107=CARTESIAN_POINT('',(-10.096119834,10.499042849,2.760647305));
#1108=CARTESIAN_POINT('',(-10.165643418,10.49400633,2.777478971));
#1109=CARTESIAN_POINT('',(-10.237952422,10.489018842,2.784994857));
#1110=CARTESIAN_POINT('',(-10.309842361,10.484086408,2.782704513));
#1111=CARTESIAN_POINT('',(-10.381732301,10.479153974,2.780414169));
#1112=CARTESIAN_POINT('',(-10.452236792,10.474142936,2.768641042));
#1113=CARTESIAN_POINT('',(-10.521330414,10.469051847,2.747211138));
#1114=CARTESIAN_POINT('',(-10.590424036,10.463960758,2.725781233));
#1115=CARTESIAN_POINT('',(-10.65553424,10.459067528,2.695420717));
#1116=CARTESIAN_POINT('',(-10.715942263,10.454131723,2.656719235));
#1117=CARTESIAN_POINT('',(-10.776350286,10.449195918,2.618017754));
#1118=CARTESIAN_POINT('',(-10.831962042,10.444069754,2.57069765));
#1119=CARTESIAN_POINT('',(-10.879708618,10.439042995,2.517508389));
#1120=CARTESIAN_POINT('',(-10.927455194,10.434016236,2.464319129));
#1121=CARTESIAN_POINT('',(-10.968644401,10.42905183,2.40370957));
#1122=CARTESIAN_POINT('',(-11.000538101,10.424112461,2.339649887));
#1123=CARTESIAN_POINT('',(-11.032431801,10.419173092,2.275590205));
#1124=CARTESIAN_POINT('',(-11.055824228,10.414071897,2.206874177));
#1125=CARTESIAN_POINT('',(-11.069596019,10.409015169,2.136233316));
#1126=CARTESIAN_POINT('',(-11.097139601,10.398901712,1.994951594));
#1127=CARTESIAN_POINT('',(-11.085699086,10.389105808,1.847192242));
#1128=CARTESIAN_POINT('',(-11.037157765,10.379041803,1.712264394));
#1129=CARTESIAN_POINT('',(-10.988616445,10.368977798,1.577336546));
#1130=CARTESIAN_POINT('',(-10.90211535,10.359040056,1.454957944));
#1131=CARTESIAN_POINT('',(-10.791375923,10.349006795,1.364232452));
#1132=CARTESIAN_POINT('',(-10.73600621,10.343990164,1.318869706));
#1133=CARTESIAN_POINT('',(-10.674301743,10.339136155,1.280820381));
#1134=CARTESIAN_POINT('',(-10.608445044,10.334124024,1.251641581));
#1135=CARTESIAN_POINT('',(-10.542588345,10.329111893,1.222462781));
#1136=CARTESIAN_POINT('',(-10.473964814,10.324079661,1.20250723));
#1137=CARTESIAN_POINT('',(-10.402554692,10.319027185,1.191840795));
#1138=CARTESIAN_POINT('',(-10.33114457,10.313974708,1.181174359));
#1139=CARTESIAN_POINT('',(-10.259008926,10.309152825,1.180259856));
#1140=CARTESIAN_POINT('',(-10.187868623,10.304155569,1.188903902));
#1141=CARTESIAN_POINT('',(-10.116728319,10.299158314,1.197547947));
#1142=CARTESIAN_POINT('',(-10.045977557,10.294007516,1.216068966));
#1143=CARTESIAN_POINT('',(-9.979888408,10.289015649,1.243268572));
#1144=CARTESIAN_POINT('',(-9.913799258,10.284023782,1.270468179));
#1145=CARTESIAN_POINT('',(-9.850430661,10.279127887,1.307168927));
#1146=CARTESIAN_POINT('',(-9.793861199,10.274124176,1.351072501));
#1147=CARTESIAN_POINT('',(-9.737291738,10.269120465,1.394976075));
#1148=CARTESIAN_POINT('',(-9.686561062,10.264024722,1.446566426));
#1149=CARTESIAN_POINT('',(-9.643414469,10.258999739,1.504319988));
#1150=CARTESIAN_POINT('',(-9.600267876,10.253974757,1.562073551));
#1151=CARTESIAN_POINT('',(-9.565548304,10.249197966,1.624556581));
#1152=CARTESIAN_POINT('',(-9.539279636,10.244148564,1.691740914));
#1153=CARTESIAN_POINT('',(-9.513010968,10.239099161,1.758925247));
#1154=CARTESIAN_POINT('',(-9.496030189,10.234011602,1.829159148));
#1155=CARTESIAN_POINT('',(-9.488627339,10.229029604,1.900407751));
#1156=CARTESIAN_POINT('',(-9.47382164,10.219065609,2.042904956));
#1157=CARTESIAN_POINT('',(-9.498585276,10.208941605,2.190724696));
#1158=CARTESIAN_POINT('',(-9.559037081,10.199002343,2.3206275));
#1159=CARTESIAN_POINT('',(-9.589262984,10.194032712,2.385578902));
#1160=CARTESIAN_POINT('',(-9.628201037,10.189179626,2.446432329));
#1161=CARTESIAN_POINT('',(-9.674944623,10.184114587,2.501393228));
#1162=CARTESIAN_POINT('',(-9.721688209,10.179049548,2.556354127));
#1163=CARTESIAN_POINT('',(-9.774870643,10.174023617,2.6040909));
#1164=CARTESIAN_POINT('',(-9.834472955,10.169036679,2.644624828));
#1165=CARTESIAN_POINT('',(-9.894075268,10.164049741,2.685158756));
#1166=CARTESIAN_POINT('',(-9.958893108,10.159166563,2.717409915));
#1167=CARTESIAN_POINT('',(-10.02667628,10.154134867,2.740472295));
#1168=CARTESIAN_POINT('',(-10.094459452,10.149103172,2.763534676));
#1169=CARTESIAN_POINT('',(-10.166320476,10.143958529,2.777574488));
#1170=CARTESIAN_POINT('',(-10.237670938,10.1390285,2.781746243));
#1171=CARTESIAN_POINT('',(-10.309021399,10.134098471,2.785917997));
#1172=CARTESIAN_POINT('',(-10.381946872,10.129138475,2.780364701));
#1173=CARTESIAN_POINT('',(-10.452023773,10.124097355,2.765345584));
#1174=CARTESIAN_POINT('',(-10.522100674,10.119056234,2.750326467));
#1175=CARTESIAN_POINT('',(-10.589954543,10.113996075,2.725966462));
#1176=CARTESIAN_POINT('',(-10.654006651,10.109030316,2.692596719));
#1177=CARTESIAN_POINT('',(-10.718058759,10.104064556,2.659226975));
#1178=CARTESIAN_POINT('',(-10.776434404,10.099189816,2.617979329));
#1179=CARTESIAN_POINT('',(-10.829172142,10.094121221,2.568941189));
#1180=CARTESIAN_POINT('',(-10.88190988,10.089052626,2.519903049));
#1181=CARTESIAN_POINT('',(-10.927847714,10.083971321,2.463809785));
#1182=CARTESIAN_POINT('',(-10.965407766,10.079066101,2.402874472));
#1183=CARTESIAN_POINT('',(-11.04052787,10.069255661,2.281003847));
#1184=CARTESIAN_POINT('',(-11.082411015,10.058844069,2.137152023));
#1185=CARTESIAN_POINT('',(-11.084320227,10.049052635,1.993735752));
#1186=CARTESIAN_POINT('',(-11.08622944,10.039261202,1.850319481));
#1187=CARTESIAN_POINT('',(-11.048890829,10.02889845,1.706933109));
#1188=CARTESIAN_POINT('',(-10.976790688,10.019103434,1.582352241));
#1189=CARTESIAN_POINT('',(-10.904690546,10.009308418,1.457771373));
#1190=CARTESIAN_POINT('',(-10.797960292,9.99886884,1.353243478));
#1191=CARTESIAN_POINT('',(-10.672986747,9.989100862,1.283791865));
#1192=CARTESIAN_POINT('',(-10.610499975,9.984216873,1.249066058));
#1193=CARTESIAN_POINT('',(-10.542514856,9.979106773,1.22245618));
#1194=CARTESIAN_POINT('',(-10.47278869,9.974055438,1.205567738));
#1195=CARTESIAN_POINT('',(-10.403062524,9.969004103,1.188679297));
#1196=CARTESIAN_POINT('',(-10.331650497,9.9640777,1.181189305));
#1197=CARTESIAN_POINT('',(-10.259320266,9.959115763,1.183454928));
#1198=CARTESIAN_POINT('',(-10.186990034,9.954153827,1.185720551));
#1199=CARTESIAN_POINT('',(-10.11649505,9.949142147,1.197564268));
#1200=CARTESIAN_POINT('',(-10.047806774,9.944081498,1.218837126));
#1201=CARTESIAN_POINT('',(-9.979118499,9.939020849,1.240109985));
#1202=CARTESIAN_POINT('',(-9.913187588,9.934065089,1.270788315));
#1203=CARTESIAN_POINT('',(-9.852941315,9.929143883,1.309358389));
#1204=CARTESIAN_POINT('',(-9.73244877,9.919301473,1.386498538));
#1205=CARTESIAN_POINT('',(-9.632309962,9.909036278,1.497828389));
#1206=CARTESIAN_POINT('',(-9.568284377,9.899126044,1.626346916));
#1207=CARTESIAN_POINT('',(-9.504258792,9.88921581,1.754865442));
#1208=CARTESIAN_POINT('',(-9.475740287,9.879115475,1.900302962));
#1209=CARTESIAN_POINT('',(-9.4866367,9.869167273,2.043615497));
#1210=CARTESIAN_POINT('',(-9.497533113,9.859219071,2.186928033));
#1211=CARTESIAN_POINT('',(-9.548323156,9.849072824,2.327657722));
#1212=CARTESIAN_POINT('',(-9.630803303,9.839146827,2.444488668));
#1213=CARTESIAN_POINT('',(-9.672043377,9.834183828,2.502904141));
#1214=CARTESIAN_POINT('',(-9.721633447,9.82905613,2.556275769));
#1215=CARTESIAN_POINT('',(-9.777192291,9.824021884,2.601804044));
#1216=CARTESIAN_POINT('',(-9.832751134,9.818987638,2.647332319));
#1217=CARTESIAN_POINT('',(-9.893587862,9.814201127,2.684929125));
#1218=CARTESIAN_POINT('',(-9.959835649,9.809158584,2.714330032));
#1219=CARTESIAN_POINT('',(-10.026083436,9.80411604,2.743730939));
#1220=CARTESIAN_POINT('',(-10.094799406,9.799078183,2.763636822));
#1221=CARTESIAN_POINT('',(-10.165818018,9.794052801,2.774278001));
#1222=CARTESIAN_POINT('',(-10.236836629,9.78902742,2.78491918));
#1223=CARTESIAN_POINT('',(-10.30973603,9.784151855,2.785898013));
#1224=CARTESIAN_POINT('',(-10.380713579,9.779166285,2.777287577));
#1225=CARTESIAN_POINT('',(-10.451691128,9.774180714,2.76867714));
#1226=CARTESIAN_POINT('',(-10.522601985,9.769019043,2.750157113));
#1227=CARTESIAN_POINT('',(-10.588743538,9.764023414,2.722946686));
#1228=CARTESIAN_POINT('',(-10.65488509,9.759027786,2.695736259));
#1229=CARTESIAN_POINT('',(-10.717581317,9.754191657,2.659561784));
#1230=CARTESIAN_POINT('',(-10.774852416,9.749126046,2.615116857));
#1231=CARTESIAN_POINT('',(-10.832123514,9.744060435,2.57067193));
#1232=CARTESIAN_POINT('',(-10.882160161,9.739024774,2.519594052));
#1233=CARTESIAN_POINT('',(-10.925161345,9.734018247,2.462065667));
#1234=CARTESIAN_POINT('',(-10.968162528,9.72901172,2.404537281));
#1235=CARTESIAN_POINT('',(-11.003525546,9.724136511,2.340803887));
#1236=CARTESIAN_POINT('',(-11.029543548,9.719131558,2.274205776));
#1237=CARTESIAN_POINT('',(-11.081579551,9.709121653,2.141009553));
#1238=CARTESIAN_POINT('',(-11.097149433,9.699179813,1.992205596));
#1239=CARTESIAN_POINT('',(-11.073321084,9.689102419,1.850459112));
#1240=CARTESIAN_POINT('',(-11.049492734,9.679025025,1.708712627));
#1241=CARTESIAN_POINT('',(-10.986918186,9.669209137,1.574347243));
#1242=CARTESIAN_POINT('',(-10.89394892,9.659131797,1.464966498));
#1243=B_SPLINE_CURVE_WITH_KNOTS('',3,(#1092,#1093,#1094,#1095,#1096,#1097,#1098,#1099,#1100,#1101,#1102,#1103,#1104,#1105,#1106,#1107,#1108,#1109,#1110,#1111,#1112,#1113,#1114,#1115,#1116,#1117,
#1118,#1119,#1120,#1121,#1122,#1123,#1124,#1125,#1126,#1127,#1128,#1129,#1130,#1131,#1132,#1133,#1134,#1135,#1136,#1137,#1138,#1139,#1140,#1141,#1142,
#1143,#1144,#1145,#1146,#1147,#1148,#1149,#1150,#1151,#1152,#1153,#1154,#1155,#1156,#1157,#1158,#1159,#1160,#1161,#1162,#1163,#1164,#1165,#1166,#1167,
#1168,#1169,#1170,#1171,#1172,#1173,#1174,#1175,#1176,#1177,#1178,#1179,#1180,#1181,#1182,#1183,#1184,#1185,#1186,#1187,#1188,#1189,#1190,#1191,#1192,
#1193,#1194,#1195,#1196,#1197,#1198,#1199,#1200,#1201,#1202,#1203,#1204,#1205,#1206,#1207,#1208,#1209,#1210,#1211,#1212,#1213,#1214,#1215,#1216,#1217,
#1218,#1219,#1220,#1221,#1222,#1223,#1224,#1225,#1226,#1227,#1228,#1229,#1230,#1231,#1232,#1233,#1234,#1235,#1236,#1237,#1238,#1239,#1240,#1241,#1242),.UNSPECIFIED.,.F.,.F.,(4,3,3,3,3,3,3,3,3,3,3,3,3,3,3,3,3,3,3,3,3,3,3,3,3,3,
3,3,3,3,3,3,3,3,3,3,3,3,3,3,3,3,3,3,3,3,3,3,3,3,4),(0.,0.000214921,0.000429843,0.000859686,0.001289528,0.001719371,0.001934293,0.002149214,0.002364136,0.002579057,0.002793978,0.0030089,0.003438743,0.003868585,0.004083507,0.004298428,0.00451335,0.004728271,0.004943192,0.005158114,0.005373035,0.005587957,0.0060178,0.006232721,0.006447642,0.006662564,
0.006877485,0.007092407,0.007307328,0.007522249,0.007737171,0.008167014,0.008596857,0.009026699,0.009241621,0.009456542,0.009671464,0.009886385,0.010316228,0.010746071,0.011175913,0.011390835,0.011605756,0.011820678,0.012035599,0.012250521,0.012465442,0.012680363,0.012895285,0.013325128,0.01375497),.UNSPECIFIED.);
#1244=EDGE_CURVE('',#1091,#1067,#1243,.T.);
#1245=ORIENTED_EDGE('',*,*,#1244,.F.);
#1246=CARTESIAN_POINT('',(-10.831143336,10.619087355,1.680330724));
#1247=VERTEX_POINT('',#1246);
#1248=CARTESIAN_POINT('',(-10.831143586,10.619087355,1.680331192));
#1249=CARTESIAN_POINT('',(-10.81205041,10.619087355,1.628873969));
#1250=CARTESIAN_POINT('',(-10.786759996,10.619087355,1.580949042));
#1251=CARTESIAN_POINT('',(-10.755622694,10.619087355,1.536356719));
#1252=CARTESIAN_POINT('',(-10.724485393,10.619087355,1.491764395));
#1253=CARTESIAN_POINT('',(-10.687418624,10.619087355,1.450903927));
#1254=CARTESIAN_POINT('',(-10.646320056,10.619087355,1.415686475));
#1255=CARTESIAN_POINT('',(-10.605221487,10.619087355,1.380469023));
#1256=CARTESIAN_POINT('',(-10.559146589,10.619087355,1.349891198));
#1257=CARTESIAN_POINT('',(-10.510796315,10.619087355,1.325296512));
#1258=CARTESIAN_POINT('',(-10.462446041,10.619087355,1.300701826));
#1259=CARTESIAN_POINT('',(-10.411500343,10.619087355,1.28184307));
#1260=CARTESIAN_POINT('',(-10.358269423,10.619087355,1.26901018));
#1261=CARTESIAN_POINT('',(-10.305038502,10.619087355,1.256177289));
#1262=CARTESIAN_POINT('',(-10.251279459,10.619087355,1.249845609));
#1263=CARTESIAN_POINT('',(-10.197056924,10.619087355,1.249219531));
#1264=CARTESIAN_POINT('',(-10.142834389,10.619087355,1.248593454));
#1265=CARTESIAN_POINT('',(-10.087889733,10.619087355,1.253998376));
#1266=CARTESIAN_POINT('',(-10.034968869,10.619087355,1.265109545));
#1267=CARTESIAN_POINT('',(-9.92912714,10.619087355,1.287331883));
#1268=CARTESIAN_POINT('',(-9.827106251,10.619087355,1.333688628));
#1269=CARTESIAN_POINT('',(-9.739209274,10.619087355,1.397560323));
#1270=B_SPLINE_CURVE_WITH_KNOTS('',3,(#1248,#1249,#1250,#1251,#1252,#1253,#1254,#1255,#1256,#1257,#1258,#1259,#1260,#1261,#1262,#1263,#1264,#1265,#1266,#1267,#1268,#1269),.UNSPECIFIED.,.F.,.F.,(4,3,3,3,3,3,3,4),(0.,0.00016248,0.00032496,0.00048744,0.00064992,0.0008124,0.00097488,0.00129984),.UNSPECIFIED.);
#1271=EDGE_CURVE('',#1247,#1091,#1270,.T.);
#1272=ORIENTED_EDGE('',*,*,#1271,.F.);
#1273=CARTESIAN_POINT('',(-10.284367374,10.384776871,2.608086478));
#1274=VERTEX_POINT('',#1273);
#1275=CARTESIAN_POINT('',(-10.831143338,10.619087313,1.680330727));
#1276=CARTESIAN_POINT('',(-10.778561055,10.609590866,1.585367284));
#1277=CARTESIAN_POINT('',(-10.698433637,10.599287306,1.502512126));
#1278=CARTESIAN_POINT('',(-10.605310424,10.589798166,1.446783804));
#1279=CARTESIAN_POINT('',(-10.512187211,10.580309026,1.391055482));
#1280=CARTESIAN_POINT('',(-10.401245248,10.569990213,1.359599849));
#1281=CARTESIAN_POINT('',(-10.292760728,10.560509096,1.358142839));
#1282=CARTESIAN_POINT('',(-10.184276208,10.551027979,1.35668583));
#1283=CARTESIAN_POINT('',(-10.072476844,10.540693151,1.385180297));
#1284=CARTESIAN_POINT('',(-9.977943479,10.531220124,1.438357741));
#1285=CARTESIAN_POINT('',(-9.883410115,10.521747098,1.491535185));
#1286=CARTESIAN_POINT('',(-9.800975036,10.511396125,1.572337696));
#1287=CARTESIAN_POINT('',(-9.745920206,10.501931262,1.6657544));
#1288=CARTESIAN_POINT('',(-9.690865377,10.492466399,1.759171105));
#1289=CARTESIAN_POINT('',(-9.660109033,10.482099133,1.87049203));
#1290=CARTESIAN_POINT('',(-9.659381452,10.472642501,1.978891552));
#1291=CARTESIAN_POINT('',(-9.658653871,10.463185869,2.087291075));
#1292=CARTESIAN_POINT('',(-9.687943917,10.45280218,2.199068539));
#1293=CARTESIAN_POINT('',(-9.741708792,10.443353852,2.293161732));
#1294=CARTESIAN_POINT('',(-9.795473666,10.433905523,2.387254925));
#1295=CARTESIAN_POINT('',(-9.87695454,10.423505267,2.469272787));
#1296=CARTESIAN_POINT('',(-9.97065749,10.41406531,2.523652024));
#1297=CARTESIAN_POINT('',(-10.064360441,10.404625353,2.57803126));
#1298=CARTESIAN_POINT('',(-10.176060188,10.394208389,2.608086478));
#1299=CARTESIAN_POINT('',(-10.284367374,10.384776871,2.608086478));
#1300=B_SPLINE_CURVE_WITH_KNOTS('',3,(#1275,#1276,#1277,#1278,#1279,#1280,#1281,#1282,#1283,#1284,#1285,#1286,#1287,#1288,#1289,#1290,#1291,#1292,#1293,#1294,#1295,#1296,#1297,#1298,#1299),.UNSPECIFIED.,.F.,.F.,(4,3,3,3,3,3,3,3,4),(0.671136286,0.675785917,0.680435548,0.685085179,0.68973481,0.69438444,0.699034071,0.703683702,0.708333333),.UNSPECIFIED.);
#1301=EDGE_CURVE('',#1247,#1274,#1300,.T.);
#1302=ORIENTED_EDGE('',*,*,#1301,.T.);
#1303=CARTESIAN_POINT('',(-10.284367374,10.384776871,2.608086478));
#1304=CARTESIAN_POINT('',(-10.365248319,10.377733662,2.608086478));
#1305=CARTESIAN_POINT('',(-10.448194688,10.370130348,2.591771724));
#1306=CARTESIAN_POINT('',(-10.523868252,10.362808163,2.560376985));
#1307=CARTESIAN_POINT('',(-10.599541816,10.355485978,2.528982246));
#1308=CARTESIAN_POINT('',(-10.668126354,10.348444922,2.483210968));
#1309=CARTESIAN_POINT('',(-10.726309087,10.341026874,2.425028242));
#1310=CARTESIAN_POINT('',(-10.784491819,10.333608826,2.366845516));
#1311=CARTESIAN_POINT('',(-10.830263107,10.326567771,2.298260984));
#1312=CARTESIAN_POINT('',(-10.86165786,10.319245584,2.222587406));
#1313=CARTESIAN_POINT('',(-10.893052613,10.311923397,2.146913829));
#1314=CARTESIAN_POINT('',(-10.909367374,10.30432008,2.063967424));
#1315=CARTESIAN_POINT('',(-10.909367374,10.297276871,1.983086479));
#1316=CARTESIAN_POINT('',(-10.909367374,10.290233662,1.902205533));
#1317=CARTESIAN_POINT('',(-10.89305262,10.282630348,1.819259164));
#1318=CARTESIAN_POINT('',(-10.861657881,10.275308163,1.7435856));
#1319=CARTESIAN_POINT('',(-10.830263141,10.267985978,1.667912036));
#1320=CARTESIAN_POINT('',(-10.784491854,10.26094492,1.599327482));
#1321=CARTESIAN_POINT('',(-10.726309112,10.253526871,1.54114474));
#1322=CARTESIAN_POINT('',(-10.668126371,10.246108821,1.482961998));
#1323=CARTESIAN_POINT('',(-10.599541817,10.239067764,1.437190711));
#1324=CARTESIAN_POINT('',(-10.523868253,10.231745579,1.405795971));
#1325=CARTESIAN_POINT('',(-10.448194688,10.224423394,1.374401232));
#1326=CARTESIAN_POINT('',(-10.36524832,10.216820079,1.358086478));
#1327=CARTESIAN_POINT('',(-10.284367374,10.209776871,1.358086478));
#1328=CARTESIAN_POINT('',(-10.203486428,10.202733662,1.358086478));
#1329=CARTESIAN_POINT('',(-10.120540059,10.195130348,1.374401232));
#1330=CARTESIAN_POINT('',(-10.044866495,10.187808163,1.405795971));
#1331=CARTESIAN_POINT('',(-9.969192931,10.180485978,1.437190711));
#1332=CARTESIAN_POINT('',(-9.900608377,10.173444921,1.482961998));
#1333=CARTESIAN_POINT('',(-9.842425635,10.166026871,1.54114474));
#1334=CARTESIAN_POINT('',(-9.784242893,10.158608821,1.599327482));
#1335=CARTESIAN_POINT('',(-9.738471606,10.151567764,1.667912036));
#1336=CARTESIAN_POINT('',(-9.707076867,10.144245579,1.7435856));
#1337=CARTESIAN_POINT('',(-9.675682127,10.136923394,1.819259164));
#1338=CARTESIAN_POINT('',(-9.659367374,10.12932008,1.902205533));
#1339=CARTESIAN_POINT('',(-9.659367374,10.122276871,1.983086479));
#1340=CARTESIAN_POINT('',(-9.659367374,10.115233663,2.063967424));
#1341=CARTESIAN_POINT('',(-9.675682128,10.107630348,2.146913793));
#1342=CARTESIAN_POINT('',(-9.707076867,10.100308163,2.222587357));
#1343=CARTESIAN_POINT('',(-9.738471607,10.092985978,2.298260921));
#1344=CARTESIAN_POINT('',(-9.784242894,10.085944921,2.366845475));
#1345=CARTESIAN_POINT('',(-9.842425636,10.078526871,2.425028217));
#1346=CARTESIAN_POINT('',(-9.900608378,10.071108822,2.483210959));
#1347=CARTESIAN_POINT('',(-9.969192932,10.064067765,2.528982246));
#1348=CARTESIAN_POINT('',(-10.044866496,10.056745579,2.560376985));
#1349=CARTESIAN_POINT('',(-10.12054006,10.049423394,2.591771724));
#1350=CARTESIAN_POINT('',(-10.203486428,10.041820079,2.608086478));
#1351=CARTESIAN_POINT('',(-10.284367374,10.034776871,2.608086478));
#1352=B_SPLINE_CURVE_WITH_KNOTS('',3,(#1303,#1304,#1305,#1306,#1307,#1308,#1309,#1310,#1311,#1312,#1313,#1314,#1315,#1316,#1317,#1318,#1319,#1320,#1321,#1322,#1323,#1324,#1325,#1326,#1327,#1328,
#1329,#1330,#1331,#1332,#1333,#1334,#1335,#1336,#1337,#1338,#1339,#1340,#1341,#1342,#1343,#1344,#1345,#1346,#1347,#1348,#1349,#1350,#1351),.UNSPECIFIED.,.F.,.F.,(4,3,3,3,3,3,3,3,3,3,3,3,3,3,3,3,4),(0.708333333,0.711805555,0.715277778,0.71875,0.722222222,0.725694444,0.729166667,0.732638889,0.736111111,0.739583333,0.743055556,0.746527778,0.75,0.753472222,0.756944444,0.760416667,0.763888889),.UNSPECIFIED.);
#1353=EDGE_CURVE('',#1274,#933,#1352,.T.);
#1354=ORIENTED_EDGE('',*,*,#1353,.T.);
#1355=EDGE_LOOP('',(#999,#1065,#1089,#1245,#1272,#1302,#1354));
#1356=FACE_BOUND('',#1355,.T.);
#1357=ADVANCED_FACE('',(#1356),#931,.T.);
#1358=CARTESIAN_POINT('',(-9.85847578,10.720137374,1.525657571));
#1359=CARTESIAN_POINT('',(-9.812819193,10.714517018,1.568166376));
#1360=CARTESIAN_POINT('',(-9.774116478,10.70894523,1.616867185));
#1361=CARTESIAN_POINT('',(-9.743101597,10.703543604,1.670586536));
#1362=CARTESIAN_POINT('',(-9.743088606,10.703541342,1.670609036));
#1363=CARTESIAN_POINT('',(-9.743075617,10.703539079,1.670631537));
#1364=CARTESIAN_POINT('',(-9.74306263,10.703536817,1.670654039));
#1365=CARTESIAN_POINT('',(-9.687913874,10.693929581,1.766202001));
#1366=CARTESIAN_POINT('',(-9.659367489,10.683983799,1.872765756));
#1367=CARTESIAN_POINT('',(-9.659367489,10.674376937,1.983086478));
#1368=CARTESIAN_POINT('',(-9.659367489,10.674374675,1.983112459));
#1369=CARTESIAN_POINT('',(-9.659367491,10.674372412,1.98313844));
#1370=CARTESIAN_POINT('',(-9.659367494,10.67437015,1.983164421));
#1371=CARTESIAN_POINT('',(-9.659381252,10.664762914,2.093485761));
#1372=CARTESIAN_POINT('',(-9.687941235,10.654817132,2.200045873));
#1373=CARTESIAN_POINT('',(-9.743101597,10.645210271,2.295586421));
#1374=CARTESIAN_POINT('',(-9.743114587,10.645208009,2.295608922));
#1375=CARTESIAN_POINT('',(-9.743127579,10.645205746,2.295631421));
#1376=CARTESIAN_POINT('',(-9.743140573,10.645203484,2.29565392));
#1377=CARTESIAN_POINT('',(-9.798313157,10.635596248,2.391188123));
#1378=CARTESIAN_POINT('',(-9.876326883,10.625650465,2.469191894));
#1379=CARTESIAN_POINT('',(-9.971867432,10.616043604,2.524352256));
#1380=CARTESIAN_POINT('',(-9.971889932,10.616041342,2.524365246));
#1381=CARTESIAN_POINT('',(-9.971912433,10.616039079,2.524378236));
#1382=CARTESIAN_POINT('',(-9.971934935,10.616036817,2.524391223));
#1383=CARTESIAN_POINT('',(-10.067482896,10.606429581,2.579539978));
#1384=CARTESIAN_POINT('',(-10.174046652,10.596483798,2.608086363));
#1385=CARTESIAN_POINT('',(-10.284367374,10.586876938,2.608086363));
#1386=CARTESIAN_POINT('',(-10.284393355,10.586874675,2.608086363));
#1387=CARTESIAN_POINT('',(-10.284419336,10.586872413,2.608086362));
#1388=CARTESIAN_POINT('',(-10.284445317,10.58687015,2.608086358));
#1389=CARTESIAN_POINT('',(-10.394766656,10.577262915,2.6080726));
#1390=CARTESIAN_POINT('',(-10.501326768,10.567317133,2.579512617));
#1391=CARTESIAN_POINT('',(-10.596867316,10.557710271,2.524352256));
#1392=CARTESIAN_POINT('',(-10.596889816,10.557708009,2.524339266));
#1393=CARTESIAN_POINT('',(-10.596912316,10.557705746,2.524326274));
#1394=CARTESIAN_POINT('',(-10.596934814,10.557703484,2.524313281));
#1395=CARTESIAN_POINT('',(-10.692469018,10.548096248,2.469140696));
#1396=CARTESIAN_POINT('',(-10.77047279,10.538150466,2.391126969));
#1397=CARTESIAN_POINT('',(-10.825633151,10.528543604,2.295586421));
#1398=CARTESIAN_POINT('',(-10.825646141,10.528541342,2.295563921));
#1399=CARTESIAN_POINT('',(-10.825659131,10.528539079,2.29554142));
#1400=CARTESIAN_POINT('',(-10.825672118,10.528536817,2.295518918));
#1401=CARTESIAN_POINT('',(-10.880820873,10.518929581,2.199970956));
#1402=CARTESIAN_POINT('',(-10.909367258,10.508983799,2.093407201));
#1403=CARTESIAN_POINT('',(-10.909367258,10.499376937,1.983086478));
#1404=CARTESIAN_POINT('',(-10.909367258,10.499374675,1.983060497));
#1405=CARTESIAN_POINT('',(-10.909367257,10.499372412,1.983034516));
#1406=CARTESIAN_POINT('',(-10.909367254,10.49937015,1.983008535));
#1407=CARTESIAN_POINT('',(-10.909353496,10.489762914,1.872687196));
#1408=CARTESIAN_POINT('',(-10.880793512,10.479817132,1.766127085));
#1409=CARTESIAN_POINT('',(-10.825633151,10.470210271,1.670586536));
#1410=CARTESIAN_POINT('',(-10.82562016,10.470208008,1.670564036));
#1411=CARTESIAN_POINT('',(-10.825607168,10.470205746,1.670541537));
#1412=CARTESIAN_POINT('',(-10.825594175,10.470203483,1.670519038));
#1413=CARTESIAN_POINT('',(-10.770421591,10.460596247,1.574984834));
#1414=CARTESIAN_POINT('',(-10.692407865,10.450650465,1.496981062));
#1415=CARTESIAN_POINT('',(-10.596867316,10.441043604,1.441820701));
#1416=CARTESIAN_POINT('',(-10.596844816,10.441041342,1.441807711));
#1417=CARTESIAN_POINT('',(-10.596822315,10.441039079,1.441794722));
#1418=CARTESIAN_POINT('',(-10.596799813,10.441036817,1.441781734));
#1419=CARTESIAN_POINT('',(-10.501251851,10.431429581,1.386632979));
#1420=CARTESIAN_POINT('',(-10.394688096,10.421483799,1.358086594));
#1421=CARTESIAN_POINT('',(-10.284367374,10.411876938,1.358086594));
#1422=CARTESIAN_POINT('',(-10.284341393,10.411874675,1.358086594));
#1423=CARTESIAN_POINT('',(-10.284315412,10.411872413,1.358086596));
#1424=CARTESIAN_POINT('',(-10.284289431,10.41187015,1.358086599));
#1425=CARTESIAN_POINT('',(-10.173968092,10.402262914,1.358100357));
#1426=CARTESIAN_POINT('',(-10.06740798,10.392317132,1.38666034));
#1427=CARTESIAN_POINT('',(-9.971867432,10.382710271,1.441820702));
#1428=CARTESIAN_POINT('',(-9.971844931,10.382708008,1.441833692));
#1429=CARTESIAN_POINT('',(-9.971822432,10.382705746,1.441846684));
#1430=CARTESIAN_POINT('',(-9.971799933,10.382703483,1.441859677));
#1431=CARTESIAN_POINT('',(-9.87626573,10.373096248,1.497032262));
#1432=CARTESIAN_POINT('',(-9.798261958,10.363150466,1.575045988));
#1433=CARTESIAN_POINT('',(-9.743101597,10.353543604,1.670586536));
#1434=CARTESIAN_POINT('',(-9.743088606,10.353541342,1.670609036));
#1435=CARTESIAN_POINT('',(-9.743075617,10.353539079,1.670631537));
#1436=CARTESIAN_POINT('',(-9.74306263,10.353536817,1.670654039));
#1437=CARTESIAN_POINT('',(-9.687913874,10.343929581,1.766202001));
#1438=CARTESIAN_POINT('',(-9.659367489,10.333983799,1.872765756));
#1439=CARTESIAN_POINT('',(-9.659367489,10.324376937,1.983086478));
#1440=CARTESIAN_POINT('',(-9.659367489,10.324374675,1.983112459));
#1441=CARTESIAN_POINT('',(-9.659367491,10.324372412,1.98313844));
#1442=CARTESIAN_POINT('',(-9.659367494,10.32437015,1.983164422));
#1443=CARTESIAN_POINT('',(-9.659381252,10.314762914,2.093485761));
#1444=CARTESIAN_POINT('',(-9.687941235,10.304817132,2.200045872));
#1445=CARTESIAN_POINT('',(-9.743101597,10.295210271,2.295586421));
#1446=CARTESIAN_POINT('',(-9.743114587,10.295208009,2.295608921));
#1447=CARTESIAN_POINT('',(-9.743127579,10.295205746,2.29563142));
#1448=CARTESIAN_POINT('',(-9.743140573,10.295203484,2.295653919));
#1449=CARTESIAN_POINT('',(-9.798313157,10.285596248,2.391188122));
#1450=CARTESIAN_POINT('',(-9.876326883,10.275650465,2.469191895));
#1451=CARTESIAN_POINT('',(-9.971867432,10.266043604,2.524352256));
#1452=CARTESIAN_POINT('',(-9.971889932,10.266041342,2.524365247));
#1453=CARTESIAN_POINT('',(-9.971912433,10.266039079,2.524378236));
#1454=CARTESIAN_POINT('',(-9.971934935,10.266036817,2.524391224));
#1455=CARTESIAN_POINT('',(-10.067482896,10.256429581,2.579539979));
#1456=CARTESIAN_POINT('',(-10.174046652,10.246483798,2.608086364));
#1457=CARTESIAN_POINT('',(-10.284367374,10.236876938,2.608086364));
#1458=CARTESIAN_POINT('',(-10.284393355,10.236874675,2.608086364));
#1459=CARTESIAN_POINT('',(-10.284419336,10.236872413,2.608086362));
#1460=CARTESIAN_POINT('',(-10.284445317,10.23687015,2.608086359));
#1461=CARTESIAN_POINT('',(-10.394766656,10.227262915,2.608072601));
#1462=CARTESIAN_POINT('',(-10.501326768,10.217317132,2.579512617));
#1463=CARTESIAN_POINT('',(-10.596867316,10.207710271,2.524352256));
#1464=CARTESIAN_POINT('',(-10.596889816,10.207708009,2.524339265));
#1465=CARTESIAN_POINT('',(-10.596912316,10.207705746,2.524326273));
#1466=CARTESIAN_POINT('',(-10.596934814,10.207703484,2.52431328));
#1467=CARTESIAN_POINT('',(-10.692469018,10.198096248,2.469140696));
#1468=CARTESIAN_POINT('',(-10.77047279,10.188150466,2.391126969));
#1469=CARTESIAN_POINT('',(-10.825633151,10.178543604,2.295586421));
#1470=CARTESIAN_POINT('',(-10.825646141,10.178541342,2.295563921));
#1471=CARTESIAN_POINT('',(-10.825659131,10.178539079,2.29554142));
#1472=CARTESIAN_POINT('',(-10.825672118,10.178536817,2.295518918));
#1473=CARTESIAN_POINT('',(-10.880820873,10.168929581,2.199970956));
#1474=CARTESIAN_POINT('',(-10.909367258,10.158983799,2.093407201));
#1475=CARTESIAN_POINT('',(-10.909367258,10.149376937,1.983086479));
#1476=CARTESIAN_POINT('',(-10.909367258,10.149374675,1.983060498));
#1477=CARTESIAN_POINT('',(-10.909367257,10.149372412,1.983034517));
#1478=CARTESIAN_POINT('',(-10.909367254,10.14937015,1.983008535));
#1479=CARTESIAN_POINT('',(-10.909353496,10.139762914,1.872687196));
#1480=CARTESIAN_POINT('',(-10.880793512,10.129817132,1.766127085));
#1481=CARTESIAN_POINT('',(-10.825633151,10.12021027,1.670586537));
#1482=CARTESIAN_POINT('',(-10.82562016,10.120208008,1.670564037));
#1483=CARTESIAN_POINT('',(-10.825607168,10.120205746,1.670541537));
#1484=CARTESIAN_POINT('',(-10.825594175,10.120203483,1.670519038));
#1485=CARTESIAN_POINT('',(-10.770421591,10.110596247,1.574984835));
#1486=CARTESIAN_POINT('',(-10.692407865,10.100650465,1.496981063));
#1487=CARTESIAN_POINT('',(-10.596867316,10.091043604,1.441820702));
#1488=CARTESIAN_POINT('',(-10.596844816,10.091041342,1.441807711));
#1489=CARTESIAN_POINT('',(-10.596822315,10.091039079,1.441794722));
#1490=CARTESIAN_POINT('',(-10.596799813,10.091036817,1.441781734));
#1491=CARTESIAN_POINT('',(-10.501251851,10.081429581,1.386632979));
#1492=CARTESIAN_POINT('',(-10.394688096,10.071483799,1.358086594));
#1493=CARTESIAN_POINT('',(-10.284367374,10.061876938,1.358086595));
#1494=CARTESIAN_POINT('',(-10.284341393,10.061874675,1.358086595));
#1495=CARTESIAN_POINT('',(-10.284315412,10.061872413,1.358086596));
#1496=CARTESIAN_POINT('',(-10.284289431,10.06187015,1.358086599));
#1497=CARTESIAN_POINT('',(-10.173968092,10.052262914,1.358100357));
#1498=CARTESIAN_POINT('',(-10.06740798,10.042317132,1.38666034));
#1499=CARTESIAN_POINT('',(-9.971867432,10.03271027,1.441820701));
#1500=CARTESIAN_POINT('',(-9.971844931,10.032708008,1.441833691));
#1501=CARTESIAN_POINT('',(-9.971822432,10.032705746,1.441846683));
#1502=CARTESIAN_POINT('',(-9.971799933,10.032703483,1.441859677));
#1503=CARTESIAN_POINT('',(-9.87626573,10.023096248,1.497032261));
#1504=CARTESIAN_POINT('',(-9.798261958,10.013150466,1.575045988));
#1505=CARTESIAN_POINT('',(-9.743101597,10.003543604,1.670586536));
#1506=CARTESIAN_POINT('',(-9.743088606,10.003541342,1.670609037));
#1507=CARTESIAN_POINT('',(-9.743075617,10.003539079,1.670631538));
#1508=CARTESIAN_POINT('',(-9.74306263,10.003536817,1.67065404));
#1509=CARTESIAN_POINT('',(-9.687913874,9.993929581,1.766202001));
#1510=CARTESIAN_POINT('',(-9.659367489,9.983983799,1.872765756));
#1511=CARTESIAN_POINT('',(-9.659367489,9.974376937,1.983086479));
#1512=CARTESIAN_POINT('',(-9.659367489,9.974374675,1.98311246));
#1513=CARTESIAN_POINT('',(-9.659367491,9.974372412,1.983138441));
#1514=CARTESIAN_POINT('',(-9.659367494,9.97437015,1.983164422));
#1515=CARTESIAN_POINT('',(-9.659381252,9.964762914,2.093485761));
#1516=CARTESIAN_POINT('',(-9.687941235,9.954817132,2.200045873));
#1517=CARTESIAN_POINT('',(-9.743101597,9.945210271,2.295586421));
#1518=CARTESIAN_POINT('',(-9.743114587,9.945208009,2.295608921));
#1519=CARTESIAN_POINT('',(-9.743127579,9.945205746,2.295631421));
#1520=CARTESIAN_POINT('',(-9.743140573,9.945203484,2.295653919));
#1521=CARTESIAN_POINT('',(-9.798313157,9.935596248,2.391188123));
#1522=CARTESIAN_POINT('',(-9.876326883,9.925650465,2.469191895));
#1523=CARTESIAN_POINT('',(-9.971867432,9.916043604,2.524352256));
#1524=CARTESIAN_POINT('',(-9.971889932,9.916041342,2.524365247));
#1525=CARTESIAN_POINT('',(-9.971912433,9.916039079,2.524378236));
#1526=CARTESIAN_POINT('',(-9.971934935,9.916036816,2.524391224));
#1527=CARTESIAN_POINT('',(-10.067482896,9.906429581,2.579539978));
#1528=CARTESIAN_POINT('',(-10.174046652,9.896483799,2.608086363));
#1529=CARTESIAN_POINT('',(-10.284367374,9.886876938,2.608086363));
#1530=CARTESIAN_POINT('',(-10.284393355,9.886874675,2.608086363));
#1531=CARTESIAN_POINT('',(-10.284419336,9.886872413,2.608086361));
#1532=CARTESIAN_POINT('',(-10.284445317,9.88687015,2.608086358));
#1533=CARTESIAN_POINT('',(-10.394766656,9.877262915,2.6080726));
#1534=CARTESIAN_POINT('',(-10.501326768,9.867317132,2.579512618));
#1535=CARTESIAN_POINT('',(-10.596867316,9.857710271,2.524352256));
#1536=CARTESIAN_POINT('',(-10.596889816,9.857708009,2.524339265));
#1537=CARTESIAN_POINT('',(-10.596912316,9.857705746,2.524326273));
#1538=CARTESIAN_POINT('',(-10.596934814,9.857703484,2.52431328));
#1539=CARTESIAN_POINT('',(-10.692469018,9.848096248,2.469140696));
#1540=CARTESIAN_POINT('',(-10.77047279,9.838150465,2.391126969));
#1541=CARTESIAN_POINT('',(-10.825633151,9.828543604,2.295586421));
#1542=CARTESIAN_POINT('',(-10.825646141,9.828541342,2.29556392));
#1543=CARTESIAN_POINT('',(-10.825659131,9.828539079,2.295541419));
#1544=CARTESIAN_POINT('',(-10.825672118,9.828536816,2.295518917));
#1545=CARTESIAN_POINT('',(-10.880820873,9.818929581,2.199970956));
#1546=CARTESIAN_POINT('',(-10.909367258,9.808983799,2.093407202));
#1547=CARTESIAN_POINT('',(-10.909367258,9.799376937,1.983086479));
#1548=CARTESIAN_POINT('',(-10.909367258,9.799374675,1.983060498));
#1549=CARTESIAN_POINT('',(-10.909367257,9.799372412,1.983034517));
#1550=CARTESIAN_POINT('',(-10.909367254,9.79937015,1.983008536));
#1551=CARTESIAN_POINT('',(-10.909353496,9.789762914,1.872687196));
#1552=CARTESIAN_POINT('',(-10.880793512,9.779817132,1.766127085));
#1553=CARTESIAN_POINT('',(-10.825633151,9.77021027,1.670586537));
#1554=CARTESIAN_POINT('',(-10.82562016,9.770208008,1.670564037));
#1555=CARTESIAN_POINT('',(-10.825607168,9.770205745,1.670541537));
#1556=CARTESIAN_POINT('',(-10.825594175,9.770203483,1.670519039));
#1557=CARTESIAN_POINT('',(-10.770421591,9.760596247,1.574984835));
#1558=CARTESIAN_POINT('',(-10.692407865,9.750650465,1.496981063));
#1559=CARTESIAN_POINT('',(-10.596867316,9.741043604,1.441820702));
#1560=CARTESIAN_POINT('',(-10.596844816,9.741041342,1.441807711));
#1561=CARTESIAN_POINT('',(-10.596822315,9.741039079,1.441794722));
#1562=CARTESIAN_POINT('',(-10.596799813,9.741036817,1.441781734));
#1563=CARTESIAN_POINT('',(-10.501251851,9.731429581,1.386632979));
#1564=CARTESIAN_POINT('',(-10.394688096,9.721483799,1.358086594));
#1565=CARTESIAN_POINT('',(-10.284367374,9.711876938,1.358086594));
#1566=CARTESIAN_POINT('',(-10.284341393,9.711874675,1.358086594));
#1567=CARTESIAN_POINT('',(-10.284315412,9.711872413,1.358086595));
#1568=CARTESIAN_POINT('',(-10.284289431,9.71187015,1.358086599));
#1569=CARTESIAN_POINT('',(-10.173968092,9.702262914,1.358100357));
#1570=CARTESIAN_POINT('',(-10.06740798,9.692317132,1.38666034));
#1571=CARTESIAN_POINT('',(-9.971867432,9.68271027,1.441820701));
#1572=CARTESIAN_POINT('',(-9.971844931,9.682708008,1.441833692));
#1573=CARTESIAN_POINT('',(-9.971822432,9.682705745,1.441846684));
#1574=CARTESIAN_POINT('',(-9.971799933,9.682703483,1.441859677));
#1575=CARTESIAN_POINT('',(-9.895241764,9.67500454,1.486073288));
#1576=CARTESIAN_POINT('',(-9.829475795,9.667030298,1.545397667));
#1577=CARTESIAN_POINT('',(-9.777552847,9.659133576,1.617349017));
#1578=CARTESIAN_POINT('',(-9.858475701,10.720137307,1.525657486));
#1579=CARTESIAN_POINT('',(-9.812819106,10.714516952,1.568166299));
#1580=CARTESIAN_POINT('',(-9.774116384,10.708945164,1.616867117));
#1581=CARTESIAN_POINT('',(-9.743101497,10.703543538,1.670586478));
#1582=CARTESIAN_POINT('',(-9.743088506,10.703541275,1.670608978));
#1583=CARTESIAN_POINT('',(-9.743075517,10.703539013,1.67063148));
#1584=CARTESIAN_POINT('',(-9.74306253,10.70353675,1.670653981));
#1585=CARTESIAN_POINT('',(-9.687913764,10.693929515,1.766201961));
#1586=CARTESIAN_POINT('',(-9.659367374,10.683983732,1.872765735));
#1587=CARTESIAN_POINT('',(-9.659367374,10.674376871,1.983086478));
#1588=CARTESIAN_POINT('',(-9.659367374,10.674374608,1.983112459));
#1589=CARTESIAN_POINT('',(-9.659367376,10.674372346,1.98313844));
#1590=CARTESIAN_POINT('',(-9.659367379,10.674370083,1.983164421));
#1591=CARTESIAN_POINT('',(-9.659381137,10.664762848,2.093485782));
#1592=CARTESIAN_POINT('',(-9.687941125,10.654817066,2.200045913));
#1593=CARTESIAN_POINT('',(-9.743101497,10.645210205,2.295586479));
#1594=CARTESIAN_POINT('',(-9.743114487,10.645207942,2.295608979));
#1595=CARTESIAN_POINT('',(-9.743127479,10.64520568,2.295631479));
#1596=CARTESIAN_POINT('',(-9.743140473,10.645203417,2.295653977));
#1597=CARTESIAN_POINT('',(-9.798313067,10.635596181,2.391188198));
#1598=CARTESIAN_POINT('',(-9.876326808,10.625650399,2.469191984));
#1599=CARTESIAN_POINT('',(-9.971867374,10.616043537,2.524352356));
#1600=CARTESIAN_POINT('',(-9.971889874,10.616041275,2.524365346));
#1601=CARTESIAN_POINT('',(-9.971912375,10.616039012,2.524378336));
#1602=CARTESIAN_POINT('',(-9.971934877,10.61603675,2.524391323));
#1603=CARTESIAN_POINT('',(-10.067482856,10.606429514,2.579540089));
#1604=CARTESIAN_POINT('',(-10.174046631,10.596483732,2.608086479));
#1605=CARTESIAN_POINT('',(-10.284367374,10.586876871,2.608086479));
#1606=CARTESIAN_POINT('',(-10.284393355,10.586874609,2.608086479));
#1607=CARTESIAN_POINT('',(-10.284419336,10.586872346,2.608086477));
#1608=CARTESIAN_POINT('',(-10.284445317,10.586870084,2.608086474));
#1609=CARTESIAN_POINT('',(-10.394766677,10.577262848,2.608072716));
#1610=CARTESIAN_POINT('',(-10.501326808,10.567317066,2.579512728));
#1611=CARTESIAN_POINT('',(-10.596867374,10.557710205,2.524352356));
#1612=CARTESIAN_POINT('',(-10.596889874,10.557707942,2.524339366));
#1613=CARTESIAN_POINT('',(-10.596912374,10.55770568,2.524326374));
#1614=CARTESIAN_POINT('',(-10.596934872,10.557703417,2.524313381));
#1615=CARTESIAN_POINT('',(-10.692469093,10.548096181,2.469140785));
#1616=CARTESIAN_POINT('',(-10.77047288,10.538150399,2.391127044));
#1617=CARTESIAN_POINT('',(-10.825633251,10.528543537,2.295586479));
#1618=CARTESIAN_POINT('',(-10.825646241,10.528541275,2.295563979));
#1619=CARTESIAN_POINT('',(-10.825659231,10.528539012,2.295541478));
#1620=CARTESIAN_POINT('',(-10.825672218,10.52853675,2.295518976));
#1621=CARTESIAN_POINT('',(-10.880820984,10.518929514,2.199970996));
#1622=CARTESIAN_POINT('',(-10.909367374,10.508983732,2.093407221));
#1623=CARTESIAN_POINT('',(-10.909367374,10.499376871,1.983086478));
#1624=CARTESIAN_POINT('',(-10.909367374,10.499374608,1.983060497));
#1625=CARTESIAN_POINT('',(-10.909367372,10.499372346,1.983034516));
#1626=CARTESIAN_POINT('',(-10.909367369,10.499370083,1.983008535));
#1627=CARTESIAN_POINT('',(-10.909353611,10.489762848,1.872687176));
#1628=CARTESIAN_POINT('',(-10.880793623,10.479817065,1.766127045));
#1629=CARTESIAN_POINT('',(-10.825633251,10.470210204,1.670586479));
#1630=CARTESIAN_POINT('',(-10.82562026,10.470207941,1.670563979));
#1631=CARTESIAN_POINT('',(-10.825607268,10.470205679,1.670541479));
#1632=CARTESIAN_POINT('',(-10.825594275,10.470203416,1.67051898));
#1633=CARTESIAN_POINT('',(-10.770421681,10.460596181,1.574984759));
#1634=CARTESIAN_POINT('',(-10.69240794,10.450650399,1.496980973));
#1635=CARTESIAN_POINT('',(-10.596867374,10.441043538,1.441820601));
#1636=CARTESIAN_POINT('',(-10.596844874,10.441041275,1.441807611));
#1637=CARTESIAN_POINT('',(-10.596822373,10.441039013,1.441794622));
#1638=CARTESIAN_POINT('',(-10.596799871,10.44103675,1.441781634));
#1639=CARTESIAN_POINT('',(-10.501251891,10.431429514,1.386632869));
#1640=CARTESIAN_POINT('',(-10.394688117,10.421483732,1.358086479));
#1641=CARTESIAN_POINT('',(-10.284367374,10.411876871,1.358086479));
#1642=CARTESIAN_POINT('',(-10.284341393,10.411874609,1.358086479));
#1643=CARTESIAN_POINT('',(-10.284315412,10.411872346,1.35808648));
#1644=CARTESIAN_POINT('',(-10.284289431,10.411870084,1.358086484));
#1645=CARTESIAN_POINT('',(-10.173968071,10.402262848,1.358100242));
#1646=CARTESIAN_POINT('',(-10.06740794,10.392317065,1.38666023));
#1647=CARTESIAN_POINT('',(-9.971867374,10.382710204,1.441820602));
#1648=CARTESIAN_POINT('',(-9.971844874,10.382707941,1.441833592));
#1649=CARTESIAN_POINT('',(-9.971822374,10.382705679,1.441846584));
#1650=CARTESIAN_POINT('',(-9.971799876,10.382703416,1.441859577));
#1651=CARTESIAN_POINT('',(-9.876265654,10.373096181,1.497032172));
#1652=CARTESIAN_POINT('',(-9.798261868,10.363150399,1.575045912));
#1653=CARTESIAN_POINT('',(-9.743101497,10.353543538,1.670586479));
#1654=CARTESIAN_POINT('',(-9.743088506,10.353541275,1.670608979));
#1655=CARTESIAN_POINT('',(-9.743075517,10.353539013,1.67063148));
#1656=CARTESIAN_POINT('',(-9.74306253,10.35353675,1.670653982));
#1657=CARTESIAN_POINT('',(-9.687913764,10.343929515,1.766201961));
#1658=CARTESIAN_POINT('',(-9.659367374,10.333983732,1.872765736));
#1659=CARTESIAN_POINT('',(-9.659367374,10.324376871,1.983086478));
#1660=CARTESIAN_POINT('',(-9.659367374,10.324374608,1.983112459));
#1661=CARTESIAN_POINT('',(-9.659367376,10.324372346,1.983138441));
#1662=CARTESIAN_POINT('',(-9.659367379,10.324370083,1.983164422));
#1663=CARTESIAN_POINT('',(-9.659381137,10.314762847,2.093485781));
#1664=CARTESIAN_POINT('',(-9.687941125,10.304817065,2.200045912));
#1665=CARTESIAN_POINT('',(-9.743101497,10.295210205,2.295586478));
#1666=CARTESIAN_POINT('',(-9.743114487,10.295207942,2.295608979));
#1667=CARTESIAN_POINT('',(-9.743127479,10.29520568,2.295631478));
#1668=CARTESIAN_POINT('',(-9.743140473,10.295203417,2.295653977));
#1669=CARTESIAN_POINT('',(-9.798313067,10.285596181,2.391188198));
#1670=CARTESIAN_POINT('',(-9.876326808,10.275650399,2.469191985));
#1671=CARTESIAN_POINT('',(-9.971867374,10.266043537,2.524352356));
#1672=CARTESIAN_POINT('',(-9.971889874,10.266041275,2.524365347));
#1673=CARTESIAN_POINT('',(-9.971912375,10.266039012,2.524378336));
#1674=CARTESIAN_POINT('',(-9.971934877,10.26603675,2.524391324));
#1675=CARTESIAN_POINT('',(-10.067482856,10.256429514,2.579540089));
#1676=CARTESIAN_POINT('',(-10.174046631,10.246483732,2.608086479));
#1677=CARTESIAN_POINT('',(-10.284367374,10.236876871,2.608086479));
#1678=CARTESIAN_POINT('',(-10.284393355,10.236874609,2.608086479));
#1679=CARTESIAN_POINT('',(-10.284419336,10.236872346,2.608086477));
#1680=CARTESIAN_POINT('',(-10.284445317,10.236870083,2.608086474));
#1681=CARTESIAN_POINT('',(-10.394766677,10.227262848,2.608072716));
#1682=CARTESIAN_POINT('',(-10.501326808,10.217317066,2.579512727));
#1683=CARTESIAN_POINT('',(-10.596867374,10.207710205,2.524352356));
#1684=CARTESIAN_POINT('',(-10.596889874,10.207707942,2.524339365));
#1685=CARTESIAN_POINT('',(-10.596912374,10.20770568,2.524326373));
#1686=CARTESIAN_POINT('',(-10.596934872,10.207703417,2.52431338));
#1687=CARTESIAN_POINT('',(-10.692469093,10.198096181,2.469140785));
#1688=CARTESIAN_POINT('',(-10.77047288,10.188150399,2.391127045));
#1689=CARTESIAN_POINT('',(-10.825633251,10.178543537,2.295586479));
#1690=CARTESIAN_POINT('',(-10.825646241,10.178541275,2.295563979));
#1691=CARTESIAN_POINT('',(-10.825659231,10.178539012,2.295541478));
#1692=CARTESIAN_POINT('',(-10.825672218,10.17853675,2.295518976));
#1693=CARTESIAN_POINT('',(-10.880820984,10.168929514,2.199970997));
#1694=CARTESIAN_POINT('',(-10.909367374,10.158983732,2.093407222));
#1695=CARTESIAN_POINT('',(-10.909367374,10.149376871,1.983086479));
#1696=CARTESIAN_POINT('',(-10.909367374,10.149374608,1.983060498));
#1697=CARTESIAN_POINT('',(-10.909367372,10.149372346,1.983034517));
#1698=CARTESIAN_POINT('',(-10.909367369,10.149370083,1.983008535));
#1699=CARTESIAN_POINT('',(-10.909353611,10.139762848,1.872687176));
#1700=CARTESIAN_POINT('',(-10.880793623,10.129817065,1.766127045));
#1701=CARTESIAN_POINT('',(-10.825633251,10.120210204,1.670586479));
#1702=CARTESIAN_POINT('',(-10.82562026,10.120207941,1.670563979));
#1703=CARTESIAN_POINT('',(-10.825607268,10.120205679,1.670541479));
#1704=CARTESIAN_POINT('',(-10.825594275,10.120203416,1.670518981));
#1705=CARTESIAN_POINT('',(-10.770421681,10.110596181,1.574984759));
#1706=CARTESIAN_POINT('',(-10.69240794,10.100650399,1.496980973));
#1707=CARTESIAN_POINT('',(-10.596867374,10.091043537,1.441820602));
#1708=CARTESIAN_POINT('',(-10.596844874,10.091041275,1.441807611));
#1709=CARTESIAN_POINT('',(-10.596822373,10.091039013,1.441794622));
#1710=CARTESIAN_POINT('',(-10.596799871,10.09103675,1.441781634));
#1711=CARTESIAN_POINT('',(-10.501251891,10.081429514,1.386632869));
#1712=CARTESIAN_POINT('',(-10.394688117,10.071483732,1.358086479));
#1713=CARTESIAN_POINT('',(-10.284367374,10.061876871,1.358086479));
#1714=CARTESIAN_POINT('',(-10.284341393,10.061874609,1.358086479));
#1715=CARTESIAN_POINT('',(-10.284315412,10.061872346,1.358086481));
#1716=CARTESIAN_POINT('',(-10.284289431,10.061870084,1.358086484));
#1717=CARTESIAN_POINT('',(-10.173968071,10.052262848,1.358100242));
#1718=CARTESIAN_POINT('',(-10.06740794,10.042317065,1.38666023));
#1719=CARTESIAN_POINT('',(-9.971867374,10.032710204,1.441820601));
#1720=CARTESIAN_POINT('',(-9.971844874,10.032707941,1.441833591));
#1721=CARTESIAN_POINT('',(-9.971822374,10.032705679,1.441846583));
#1722=CARTESIAN_POINT('',(-9.971799876,10.032703416,1.441859577));
#1723=CARTESIAN_POINT('',(-9.876265654,10.023096181,1.497032172));
#1724=CARTESIAN_POINT('',(-9.798261868,10.013150399,1.575045913));
#1725=CARTESIAN_POINT('',(-9.743101497,10.003543537,1.670586479));
#1726=CARTESIAN_POINT('',(-9.743088506,10.003541275,1.670608979));
#1727=CARTESIAN_POINT('',(-9.743075517,10.003539013,1.67063148));
#1728=CARTESIAN_POINT('',(-9.74306253,10.00353675,1.670653982));
#1729=CARTESIAN_POINT('',(-9.687913764,9.993929514,1.766201961));
#1730=CARTESIAN_POINT('',(-9.659367374,9.983983732,1.872765736));
#1731=CARTESIAN_POINT('',(-9.659367374,9.974376871,1.983086479));
#1732=CARTESIAN_POINT('',(-9.659367374,9.974374608,1.98311246));
#1733=CARTESIAN_POINT('',(-9.659367376,9.974372346,1.983138441));
#1734=CARTESIAN_POINT('',(-9.659367379,9.974370083,1.983164422));
#1735=CARTESIAN_POINT('',(-9.659381137,9.964762847,2.093485782));
#1736=CARTESIAN_POINT('',(-9.687941125,9.954817065,2.200045913));
#1737=CARTESIAN_POINT('',(-9.743101497,9.945210205,2.295586479));
#1738=CARTESIAN_POINT('',(-9.743114487,9.945207942,2.295608979));
#1739=CARTESIAN_POINT('',(-9.743127479,9.94520568,2.295631478));
#1740=CARTESIAN_POINT('',(-9.743140473,9.945203417,2.295653977));
#1741=CARTESIAN_POINT('',(-9.798313067,9.935596181,2.391188198));
#1742=CARTESIAN_POINT('',(-9.876326808,9.925650398,2.469191985));
#1743=CARTESIAN_POINT('',(-9.971867374,9.916043537,2.524352356));
#1744=CARTESIAN_POINT('',(-9.971889874,9.916041275,2.524365347));
#1745=CARTESIAN_POINT('',(-9.971912375,9.916039012,2.524378336));
#1746=CARTESIAN_POINT('',(-9.971934877,9.91603675,2.524391324));
#1747=CARTESIAN_POINT('',(-10.067482856,9.906429515,2.579540088));
#1748=CARTESIAN_POINT('',(-10.174046631,9.896483732,2.608086478));
#1749=CARTESIAN_POINT('',(-10.284367374,9.886876871,2.608086478));
#1750=CARTESIAN_POINT('',(-10.284393355,9.886874608,2.608086478));
#1751=CARTESIAN_POINT('',(-10.284419336,9.886872346,2.608086477));
#1752=CARTESIAN_POINT('',(-10.284445317,9.886870083,2.608086473));
#1753=CARTESIAN_POINT('',(-10.394766677,9.877262848,2.608072716));
#1754=CARTESIAN_POINT('',(-10.501326808,9.867317066,2.579512728));
#1755=CARTESIAN_POINT('',(-10.596867374,9.857710205,2.524352356));
#1756=CARTESIAN_POINT('',(-10.596889874,9.857707942,2.524339365));
#1757=CARTESIAN_POINT('',(-10.596912374,9.85770568,2.524326373));
#1758=CARTESIAN_POINT('',(-10.596934872,9.857703417,2.52431338));
#1759=CARTESIAN_POINT('',(-10.692469093,9.848096181,2.469140786));
#1760=CARTESIAN_POINT('',(-10.77047288,9.838150399,2.391127045));
#1761=CARTESIAN_POINT('',(-10.825633251,9.828543537,2.295586478));
#1762=CARTESIAN_POINT('',(-10.825646241,9.828541275,2.295563978));
#1763=CARTESIAN_POINT('',(-10.825659231,9.828539012,2.295541477));
#1764=CARTESIAN_POINT('',(-10.825672218,9.82853675,2.295518975));
#1765=CARTESIAN_POINT('',(-10.880820984,9.818929514,2.199970996));
#1766=CARTESIAN_POINT('',(-10.909367374,9.808983732,2.093407222));
#1767=CARTESIAN_POINT('',(-10.909367374,9.799376871,1.983086479));
#1768=CARTESIAN_POINT('',(-10.909367374,9.799374608,1.983060498));
#1769=CARTESIAN_POINT('',(-10.909367372,9.799372346,1.983034517));
#1770=CARTESIAN_POINT('',(-10.909367369,9.799370083,1.983008536));
#1771=CARTESIAN_POINT('',(-10.909353611,9.789762848,1.872687176));
#1772=CARTESIAN_POINT('',(-10.880793623,9.779817065,1.766127045));
#1773=CARTESIAN_POINT('',(-10.825633251,9.770210204,1.670586479));
#1774=CARTESIAN_POINT('',(-10.82562026,9.770207941,1.670563979));
#1775=CARTESIAN_POINT('',(-10.825607268,9.770205679,1.67054148));
#1776=CARTESIAN_POINT('',(-10.825594275,9.770203416,1.670518981));
#1777=CARTESIAN_POINT('',(-10.770421681,9.760596181,1.57498476));
#1778=CARTESIAN_POINT('',(-10.69240794,9.750650399,1.496980973));
#1779=CARTESIAN_POINT('',(-10.596867374,9.741043537,1.441820602));
#1780=CARTESIAN_POINT('',(-10.596844874,9.741041275,1.441807611));
#1781=CARTESIAN_POINT('',(-10.596822373,9.741039012,1.441794622));
#1782=CARTESIAN_POINT('',(-10.596799871,9.74103675,1.441781634));
#1783=CARTESIAN_POINT('',(-10.501251891,9.731429514,1.386632869));
#1784=CARTESIAN_POINT('',(-10.394688117,9.721483732,1.358086478));
#1785=CARTESIAN_POINT('',(-10.284367374,9.711876871,1.358086478));
#1786=CARTESIAN_POINT('',(-10.284341393,9.711874609,1.358086478));
#1787=CARTESIAN_POINT('',(-10.284315412,9.711872346,1.35808648));
#1788=CARTESIAN_POINT('',(-10.284289431,9.711870084,1.358086483));
#1789=CARTESIAN_POINT('',(-10.173968071,9.702262847,1.358100242));
#1790=CARTESIAN_POINT('',(-10.06740794,9.692317065,1.38666023));
#1791=CARTESIAN_POINT('',(-9.971867374,9.682710204,1.441820601));
#1792=CARTESIAN_POINT('',(-9.971844874,9.682707941,1.441833592));
#1793=CARTESIAN_POINT('',(-9.971822374,9.682705679,1.441846584));
#1794=CARTESIAN_POINT('',(-9.971799876,9.682703416,1.441859577));
#1795=CARTESIAN_POINT('',(-9.895241692,9.675004474,1.486073196));
#1796=CARTESIAN_POINT('',(-9.829475711,9.667030231,1.545397586));
#1797=CARTESIAN_POINT('',(-9.777552754,9.659133509,1.617348949));
#1798=CARTESIAN_POINT('',(-9.73920986,10.619087307,1.397559998));
#1799=CARTESIAN_POINT('',(-9.680767685,10.613466952,1.451972893));
#1800=CARTESIAN_POINT('',(-9.631226731,10.607895164,1.51431179));
#1801=CARTESIAN_POINT('',(-9.591526497,10.602493538,1.583074612));
#1802=CARTESIAN_POINT('',(-9.591509869,10.602491275,1.583103413));
#1803=CARTESIAN_POINT('',(-9.591493242,10.602489013,1.583132215));
#1804=CARTESIAN_POINT('',(-9.591476617,10.60248675,1.583161018));
#1805=CARTESIAN_POINT('',(-9.520884104,10.592879515,1.70546606));
#1806=CARTESIAN_POINT('',(-9.48434364,10.582933732,1.841871738));
#1807=CARTESIAN_POINT('',(-9.48434364,10.57332687,1.983086479));
#1808=CARTESIAN_POINT('',(-9.48434364,10.573324608,1.983119735));
#1809=CARTESIAN_POINT('',(-9.484343642,10.573322346,1.983152992));
#1810=CARTESIAN_POINT('',(-9.484343646,10.573320083,1.983186249));
#1811=CARTESIAN_POINT('',(-9.484361257,10.563712847,2.124401779));
#1812=CARTESIAN_POINT('',(-9.520919127,10.553767065,2.260802794));
#1813=CARTESIAN_POINT('',(-9.591526497,10.544160204,2.383098346));
#1814=CARTESIAN_POINT('',(-9.591543125,10.544157942,2.383127147));
#1815=CARTESIAN_POINT('',(-9.591559755,10.544155679,2.383155947));
#1816=CARTESIAN_POINT('',(-9.591576387,10.544153416,2.383184747));
#1817=CARTESIAN_POINT('',(-9.662199403,10.534546181,2.505472177));
#1818=CARTESIAN_POINT('',(-9.762059954,10.524600399,2.605319986));
#1819=CARTESIAN_POINT('',(-9.884355507,10.514993538,2.675927356));
#1820=CARTESIAN_POINT('',(-9.884384308,10.514991275,2.675943984));
#1821=CARTESIAN_POINT('',(-9.88441311,10.514989013,2.675960611));
#1822=CARTESIAN_POINT('',(-9.884441914,10.51498675,2.675977236));
#1823=CARTESIAN_POINT('',(-10.006746956,10.505379514,2.746569749));
#1824=CARTESIAN_POINT('',(-10.143152634,10.495433732,2.783110213));
#1825=CARTESIAN_POINT('',(-10.284367374,10.485826871,2.783110213));
#1826=CARTESIAN_POINT('',(-10.284400631,10.485824608,2.783110213));
#1827=CARTESIAN_POINT('',(-10.284433887,10.485822346,2.783110211));
#1828=CARTESIAN_POINT('',(-10.284467144,10.485820083,2.783110207));
#1829=CARTESIAN_POINT('',(-10.425682674,10.476212848,2.783092596));
#1830=CARTESIAN_POINT('',(-10.562083688,10.466267065,2.746534726));
#1831=CARTESIAN_POINT('',(-10.684379241,10.456660204,2.675927356));
#1832=CARTESIAN_POINT('',(-10.684408042,10.456657942,2.675910728));
#1833=CARTESIAN_POINT('',(-10.684436842,10.456655679,2.675894098));
#1834=CARTESIAN_POINT('',(-10.684465641,10.456653416,2.675877466));
#1835=CARTESIAN_POINT('',(-10.806753072,10.447046181,2.605254449));
#1836=CARTESIAN_POINT('',(-10.906600881,10.437100399,2.505393899));
#1837=CARTESIAN_POINT('',(-10.977208251,10.427493538,2.383098346));
#1838=CARTESIAN_POINT('',(-10.977224879,10.427491275,2.383069545));
#1839=CARTESIAN_POINT('',(-10.977241506,10.427489013,2.383040743));
#1840=CARTESIAN_POINT('',(-10.977258131,10.42748675,2.383011939));
#1841=CARTESIAN_POINT('',(-11.047850644,10.417879514,2.260706897));
#1842=CARTESIAN_POINT('',(-11.084391108,10.407933732,2.124301219));
#1843=CARTESIAN_POINT('',(-11.084391108,10.398326871,1.983086479));
#1844=CARTESIAN_POINT('',(-11.084391108,10.398324609,1.983053222));
#1845=CARTESIAN_POINT('',(-11.084391106,10.398322346,1.983019966));
#1846=CARTESIAN_POINT('',(-11.084391102,10.398320084,1.982986709));
#1847=CARTESIAN_POINT('',(-11.084373491,10.388712848,1.841771178));
#1848=CARTESIAN_POINT('',(-11.047815621,10.378767065,1.705370164));
#1849=CARTESIAN_POINT('',(-10.977208251,10.369160204,1.583074612));
#1850=CARTESIAN_POINT('',(-10.977191623,10.369157942,1.583045811));
#1851=CARTESIAN_POINT('',(-10.977174992,10.369155679,1.583017011));
#1852=CARTESIAN_POINT('',(-10.97715836,10.369153417,1.582988212));
#1853=CARTESIAN_POINT('',(-10.906535345,10.359546181,1.460700781));
#1854=CARTESIAN_POINT('',(-10.806674794,10.349600399,1.360852972));
#1855=CARTESIAN_POINT('',(-10.684379241,10.339993538,1.290245602));
#1856=CARTESIAN_POINT('',(-10.68435044,10.339991275,1.290228973));
#1857=CARTESIAN_POINT('',(-10.684321638,10.339989013,1.290212347));
#1858=CARTESIAN_POINT('',(-10.684292834,10.33998675,1.290195722));
#1859=CARTESIAN_POINT('',(-10.561987792,10.330379514,1.219603209));
#1860=CARTESIAN_POINT('',(-10.425582114,10.320433732,1.183062745));
#1861=CARTESIAN_POINT('',(-10.284367374,10.310826871,1.183062745));
#1862=CARTESIAN_POINT('',(-10.284334117,10.310824609,1.183062745));
#1863=CARTESIAN_POINT('',(-10.284300861,10.310822346,1.183062747));
#1864=CARTESIAN_POINT('',(-10.284267604,10.310820084,1.183062751));
#1865=CARTESIAN_POINT('',(-10.143052074,10.301212848,1.183080362));
#1866=CARTESIAN_POINT('',(-10.00665106,10.291267065,1.219638231));
#1867=CARTESIAN_POINT('',(-9.884355507,10.281660204,1.290245601));
#1868=CARTESIAN_POINT('',(-9.884326706,10.281657942,1.290262229));
#1869=CARTESIAN_POINT('',(-9.884297906,10.281655679,1.290278859));
#1870=CARTESIAN_POINT('',(-9.884269106,10.281653417,1.290295491));
#1871=CARTESIAN_POINT('',(-9.761981675,10.272046181,1.360918508));
#1872=CARTESIAN_POINT('',(-9.662133867,10.262100399,1.460779059));
#1873=CARTESIAN_POINT('',(-9.591526497,10.252493538,1.583074612));
#1874=CARTESIAN_POINT('',(-9.591509869,10.252491275,1.583103413));
#1875=CARTESIAN_POINT('',(-9.591493242,10.252489013,1.583132215));
#1876=CARTESIAN_POINT('',(-9.591476617,10.25248675,1.583161018));
#1877=CARTESIAN_POINT('',(-9.520884104,10.242879515,1.70546606));
#1878=CARTESIAN_POINT('',(-9.48434364,10.232933732,1.841871739));
#1879=CARTESIAN_POINT('',(-9.48434364,10.223326871,1.983086479));
#1880=CARTESIAN_POINT('',(-9.48434364,10.223324609,1.983119736));
#1881=CARTESIAN_POINT('',(-9.484343642,10.223322346,1.983152992));
#1882=CARTESIAN_POINT('',(-9.484343646,10.223320084,1.983186249));
#1883=CARTESIAN_POINT('',(-9.484361257,10.213712848,2.124401779));
#1884=CARTESIAN_POINT('',(-9.520919127,10.203767065,2.260802793));
#1885=CARTESIAN_POINT('',(-9.591526497,10.194160204,2.383098345));
#1886=CARTESIAN_POINT('',(-9.591543125,10.194157941,2.383127146));
#1887=CARTESIAN_POINT('',(-9.591559755,10.194155679,2.383155947));
#1888=CARTESIAN_POINT('',(-9.591576387,10.194153416,2.383184746));
#1889=CARTESIAN_POINT('',(-9.662199403,10.184546181,2.505472177));
#1890=CARTESIAN_POINT('',(-9.762059954,10.174600398,2.605319986));
#1891=CARTESIAN_POINT('',(-9.884355507,10.164993538,2.675927356));
#1892=CARTESIAN_POINT('',(-9.884384308,10.164991275,2.675943984));
#1893=CARTESIAN_POINT('',(-9.88441311,10.164989013,2.675960611));
#1894=CARTESIAN_POINT('',(-9.884441914,10.16498675,2.675977236));
#1895=CARTESIAN_POINT('',(-10.006746956,10.155379514,2.746569749));
#1896=CARTESIAN_POINT('',(-10.143152634,10.145433732,2.783110213));
#1897=CARTESIAN_POINT('',(-10.284367374,10.135826871,2.783110213));
#1898=CARTESIAN_POINT('',(-10.284400631,10.135824608,2.783110213));
#1899=CARTESIAN_POINT('',(-10.284433887,10.135822346,2.783110211));
#1900=CARTESIAN_POINT('',(-10.284467144,10.135820083,2.783110207));
#1901=CARTESIAN_POINT('',(-10.425682674,10.126212848,2.783092596));
#1902=CARTESIAN_POINT('',(-10.562083688,10.116267065,2.746534727));
#1903=CARTESIAN_POINT('',(-10.684379241,10.106660204,2.675927357));
#1904=CARTESIAN_POINT('',(-10.684408042,10.106657941,2.675910728));
#1905=CARTESIAN_POINT('',(-10.684436842,10.106655679,2.675894098));
#1906=CARTESIAN_POINT('',(-10.684465641,10.106653416,2.675877466));
#1907=CARTESIAN_POINT('',(-10.806753072,10.097046181,2.605254449));
#1908=CARTESIAN_POINT('',(-10.906600881,10.087100399,2.505393898));
#1909=CARTESIAN_POINT('',(-10.977208251,10.077493538,2.383098346));
#1910=CARTESIAN_POINT('',(-10.977224879,10.077491275,2.383069545));
#1911=CARTESIAN_POINT('',(-10.977241506,10.077489013,2.383040743));
#1912=CARTESIAN_POINT('',(-10.977258131,10.07748675,2.383011939));
#1913=CARTESIAN_POINT('',(-11.047850644,10.067879514,2.260706898));
#1914=CARTESIAN_POINT('',(-11.084391108,10.057933732,2.124301219));
#1915=CARTESIAN_POINT('',(-11.084391108,10.048326871,1.983086479));
#1916=CARTESIAN_POINT('',(-11.084391108,10.048324609,1.983053223));
#1917=CARTESIAN_POINT('',(-11.084391106,10.048322346,1.983019966));
#1918=CARTESIAN_POINT('',(-11.084391102,10.048320084,1.982986709));
#1919=CARTESIAN_POINT('',(-11.084373491,10.038712848,1.841771179));
#1920=CARTESIAN_POINT('',(-11.047815621,10.028767065,1.705370164));
#1921=CARTESIAN_POINT('',(-10.977208251,10.019160204,1.583074611));
#1922=CARTESIAN_POINT('',(-10.977191623,10.019157942,1.58304581));
#1923=CARTESIAN_POINT('',(-10.977174992,10.019155679,1.58301701));
#1924=CARTESIAN_POINT('',(-10.97715836,10.019153417,1.582988211));
#1925=CARTESIAN_POINT('',(-10.906535345,10.009546181,1.460700781));
#1926=CARTESIAN_POINT('',(-10.806674794,9.999600399,1.360852972));
#1927=CARTESIAN_POINT('',(-10.684379241,9.989993538,1.290245602));
#1928=CARTESIAN_POINT('',(-10.68435044,9.989991275,1.290228974));
#1929=CARTESIAN_POINT('',(-10.684321638,9.989989013,1.290212347));
#1930=CARTESIAN_POINT('',(-10.684292834,9.98998675,1.290195722));
#1931=CARTESIAN_POINT('',(-10.561987792,9.980379514,1.219603208));
#1932=CARTESIAN_POINT('',(-10.425582114,9.970433732,1.183062745));
#1933=CARTESIAN_POINT('',(-10.284367374,9.960826871,1.183062745));
#1934=CARTESIAN_POINT('',(-10.284334117,9.960824609,1.183062745));
#1935=CARTESIAN_POINT('',(-10.284300861,9.960822346,1.183062747));
#1936=CARTESIAN_POINT('',(-10.284267604,9.960820084,1.183062751));
#1937=CARTESIAN_POINT('',(-10.143052074,9.951212847,1.183080362));
#1938=CARTESIAN_POINT('',(-10.00665106,9.941267065,1.219638231));
#1939=CARTESIAN_POINT('',(-9.884355507,9.931660204,1.290245601));
#1940=CARTESIAN_POINT('',(-9.884326706,9.931657942,1.29026223));
#1941=CARTESIAN_POINT('',(-9.884297906,9.931655679,1.29027886));
#1942=CARTESIAN_POINT('',(-9.884269106,9.931653417,1.290295492));
#1943=CARTESIAN_POINT('',(-9.761981675,9.922046181,1.360918508));
#1944=CARTESIAN_POINT('',(-9.662133867,9.912100399,1.46077906));
#1945=CARTESIAN_POINT('',(-9.591526497,9.902493538,1.583074612));
#1946=CARTESIAN_POINT('',(-9.591509869,9.902491275,1.583103413));
#1947=CARTESIAN_POINT('',(-9.591493242,9.902489013,1.583132215));
#1948=CARTESIAN_POINT('',(-9.591476617,9.90248675,1.583161019));
#1949=CARTESIAN_POINT('',(-9.520884104,9.892879515,1.70546606));
#1950=CARTESIAN_POINT('',(-9.48434364,9.882933732,1.841871738));
#1951=CARTESIAN_POINT('',(-9.48434364,9.873326871,1.983086478));
#1952=CARTESIAN_POINT('',(-9.48434364,9.873324609,1.983119735));
#1953=CARTESIAN_POINT('',(-9.484343642,9.873322346,1.983152992));
#1954=CARTESIAN_POINT('',(-9.484343646,9.873320084,1.983186249));
#1955=CARTESIAN_POINT('',(-9.484361257,9.863712847,2.124401779));
#1956=CARTESIAN_POINT('',(-9.520919127,9.853767065,2.260802793));
#1957=CARTESIAN_POINT('',(-9.591526497,9.844160204,2.383098346));
#1958=CARTESIAN_POINT('',(-9.591543125,9.844157941,2.383127147));
#1959=CARTESIAN_POINT('',(-9.591559755,9.844155679,2.383155947));
#1960=CARTESIAN_POINT('',(-9.591576387,9.844153416,2.383184746));
#1961=CARTESIAN_POINT('',(-9.662199403,9.834546181,2.505472177));
#1962=CARTESIAN_POINT('',(-9.762059954,9.824600398,2.605319986));
#1963=CARTESIAN_POINT('',(-9.884355507,9.814993538,2.675927356));
#1964=CARTESIAN_POINT('',(-9.884384308,9.814991275,2.675943985));
#1965=CARTESIAN_POINT('',(-9.88441311,9.814989013,2.675960611));
#1966=CARTESIAN_POINT('',(-9.884441914,9.81498675,2.675977236));
#1967=CARTESIAN_POINT('',(-10.006746956,9.805379514,2.746569749));
#1968=CARTESIAN_POINT('',(-10.143152634,9.795433732,2.783110213));
#1969=CARTESIAN_POINT('',(-10.284367374,9.785826871,2.783110213));
#1970=CARTESIAN_POINT('',(-10.284400631,9.785824608,2.783110213));
#1971=CARTESIAN_POINT('',(-10.284433887,9.785822346,2.78311021));
#1972=CARTESIAN_POINT('',(-10.284467144,9.785820083,2.783110206));
#1973=CARTESIAN_POINT('',(-10.425682674,9.776212848,2.783092596));
#1974=CARTESIAN_POINT('',(-10.562083688,9.766267066,2.746534726));
#1975=CARTESIAN_POINT('',(-10.684379241,9.756660205,2.675927356));
#1976=CARTESIAN_POINT('',(-10.684408042,9.756657942,2.675910727));
#1977=CARTESIAN_POINT('',(-10.684436842,9.75665568,2.675894097));
#1978=CARTESIAN_POINT('',(-10.684465641,9.756653417,2.675877465));
#1979=CARTESIAN_POINT('',(-10.806753072,9.747046181,2.605254449));
#1980=CARTESIAN_POINT('',(-10.906600881,9.737100399,2.505393898));
#1981=CARTESIAN_POINT('',(-10.977208251,9.727493538,2.383098346));
#1982=CARTESIAN_POINT('',(-10.977224879,9.727491275,2.383069545));
#1983=CARTESIAN_POINT('',(-10.977241506,9.727489013,2.383040743));
#1984=CARTESIAN_POINT('',(-10.977258131,9.72748675,2.38301194));
#1985=CARTESIAN_POINT('',(-11.047850644,9.717879514,2.260706898));
#1986=CARTESIAN_POINT('',(-11.084391108,9.707933732,2.124301219));
#1987=CARTESIAN_POINT('',(-11.084391108,9.698326871,1.983086478));
#1988=CARTESIAN_POINT('',(-11.084391108,9.698324609,1.983053222));
#1989=CARTESIAN_POINT('',(-11.084391106,9.698322346,1.983019965));
#1990=CARTESIAN_POINT('',(-11.084391102,9.698320084,1.982986708));
#1991=CARTESIAN_POINT('',(-11.084373491,9.688712848,1.841771179));
#1992=CARTESIAN_POINT('',(-11.047815621,9.678767065,1.705370164));
#1993=CARTESIAN_POINT('',(-10.977208251,9.669160204,1.583074612));
#1994=CARTESIAN_POINT('',(-10.977191623,9.669157942,1.58304581));
#1995=CARTESIAN_POINT('',(-10.977174992,9.669155679,1.58301701));
#1996=CARTESIAN_POINT('',(-10.97715836,9.669153417,1.582988211));
#1997=CARTESIAN_POINT('',(-10.906535345,9.659546181,1.46070078));
#1998=CARTESIAN_POINT('',(-10.806674794,9.649600399,1.360852971));
#1999=CARTESIAN_POINT('',(-10.684379241,9.639993538,1.290245601));
#2000=CARTESIAN_POINT('',(-10.68435044,9.639991275,1.290228973));
#2001=CARTESIAN_POINT('',(-10.684321638,9.639989013,1.290212346));
#2002=CARTESIAN_POINT('',(-10.684292834,9.63998675,1.290195721));
#2003=CARTESIAN_POINT('',(-10.561987792,9.630379514,1.219603208));
#2004=CARTESIAN_POINT('',(-10.425582114,9.620433732,1.183062744));
#2005=CARTESIAN_POINT('',(-10.284367374,9.610826871,1.183062744));
#2006=CARTESIAN_POINT('',(-10.284334117,9.610824609,1.183062744));
#2007=CARTESIAN_POINT('',(-10.284300861,9.610822346,1.183062746));
#2008=CARTESIAN_POINT('',(-10.284267604,9.610820084,1.183062751));
#2009=CARTESIAN_POINT('',(-10.143052074,9.601212847,1.183080361));
#2010=CARTESIAN_POINT('',(-10.00665106,9.591267065,1.219638231));
#2011=CARTESIAN_POINT('',(-9.884355507,9.581660204,1.290245601));
#2012=CARTESIAN_POINT('',(-9.884326706,9.581657942,1.29026223));
#2013=CARTESIAN_POINT('',(-9.884297906,9.581655679,1.29027886));
#2014=CARTESIAN_POINT('',(-9.884269106,9.581653417,1.290295492));
#2015=CARTESIAN_POINT('',(-9.786271724,9.573954474,1.346890603));
#2016=CARTESIAN_POINT('',(-9.702088771,9.565980231,1.422828075));
#2017=CARTESIAN_POINT('',(-9.635625414,9.55808351,1.514928552));
#2018=(BOUNDED_SURFACE()
B_SPLINE_SURFACE(1,3,((#1358,#1359,#1360,#1361,#1362,#1363,#1364,#1365,#1366,#1367,#1368,#1369,#1370,#1371,#1372,#1373,#1374,#1375,#1376,#1377,#1378,#1379,#1380,#1381,#1382,#1383,
#1384,#1385,#1386,#1387,#1388,#1389,#1390,#1391,#1392,#1393,#1394,#1395,#1396,#1397,#1398,#1399,#1400,#1401,#1402,#1403,#1404,#1405,#1406,#1407,#1408,
#1409,#1410,#1411,#1412,#1413,#1414,#1415,#1416,#1417,#1418,#1419,#1420,#1421,#1422,#1423,#1424,#1425,#1426,#1427,#1428,#1429,#1430,#1431,#1432,#1433,
#1434,#1435,#1436,#1437,#1438,#1439,#1440,#1441,#1442,#1443,#1444,#1445,#1446,#1447,#1448,#1449,#1450,#1451,#1452,#1453,#1454,#1455,#1456,#1457,#1458,
#1459,#1460,#1461,#1462,#1463,#1464,#1465,#1466,#1467,#1468,#1469,#1470,#1471,#1472,#1473,#1474,#1475,#1476,#1477,#1478,#1479,#1480,#1481,#1482,#1483,
#1484,#1485,#1486,#1487,#1488,#1489,#1490,#1491,#1492,#1493,#1494,#1495,#1496,#1497,#1498,#1499,#1500,#1501,#1502,#1503,#1504,#1505,#1506,#1507,#1508,
#1509,#1510,#1511,#1512,#1513,#1514,#1515,#1516,#1517,#1518,#1519,#1520,#1521,#1522,#1523,#1524,#1525,#1526,#1527,#1528,#1529,#1530,#1531,#1532,#1533,
#1534,#1535,#1536,#1537,#1538,#1539,#1540,#1541,#1542,#1543,#1544,#1545,#1546,#1547,#1548,#1549,#1550,#1551,#1552,#1553,#1554,#1555,#1556,#1557,#1558,
#1559,#1560,#1561,#1562,#1563,#1564,#1565,#1566,#1567,#1568,#1569,#1570,#1571,#1572,#1573,#1574,#1575,#1576,#1577),(#1578,#1579,#1580,#1581,#1582,#1583,#1584,#1585,#1586,#1587,#1588,#1589,#1590,#1591,#1592,#1593,#1594,#1595,#1596,#1597,#1598,#1599,#1600,#1601,#1602,#1603,
#1604,#1605,#1606,#1607,#1608,#1609,#1610,#1611,#1612,#1613,#1614,#1615,#1616,#1617,#1618,#1619,#1620,#1621,#1622,#1623,#1624,#1625,#1626,#1627,#1628,
#1629,#1630,#1631,#1632,#1633,#1634,#1635,#1636,#1637,#1638,#1639,#1640,#1641,#1642,#1643,#1644,#1645,#1646,#1647,#1648,#1649,#1650,#1651,#1652,#1653,
#1654,#1655,#1656,#1657,#1658,#1659,#1660,#1661,#1662,#1663,#1664,#1665,#1666,#1667,#1668,#1669,#1670,#1671,#1672,#1673,#1674,#1675,#1676,#1677,#1678,
#1679,#1680,#1681,#1682,#1683,#1684,#1685,#1686,#1687,#1688,#1689,#1690,#1691,#1692,#1693,#1694,#1695,#1696,#1697,#1698,#1699,#1700,#1701,#1702,#1703,
#1704,#1705,#1706,#1707,#1708,#1709,#1710,#1711,#1712,#1713,#1714,#1715,#1716,#1717,#1718,#1719,#1720,#1721,#1722,#1723,#1724,#1725,#1726,#1727,#1728,
#1729,#1730,#1731,#1732,#1733,#1734,#1735,#1736,#1737,#1738,#1739,#1740,#1741,#1742,#1743,#1744,#1745,#1746,#1747,#1748,#1749,#1750,#1751,#1752,#1753,
#1754,#1755,#1756,#1757,#1758,#1759,#1760,#1761,#1762,#1763,#1764,#1765,#1766,#1767,#1768,#1769,#1770,#1771,#1772,#1773,#1774,#1775,#1776,#1777,#1778,
#1779,#1780,#1781,#1782,#1783,#1784,#1785,#1786,#1787,#1788,#1789,#1790,#1791,#1792,#1793,#1794,#1795,#1796,#1797),(#1798,#1799,#1800,#1801,#1802,#1803,#1804,#1805,#1806,#1807,#1808,#1809,#1810,#1811,#1812,#1813,#1814,#1815,#1816,#1817,#1818,#1819,#1820,#1821,#1822,#1823,
#1824,#1825,#1826,#1827,#1828,#1829,#1830,#1831,#1832,#1833,#1834,#1835,#1836,#1837,#1838,#1839,#1840,#1841,#1842,#1843,#1844,#1845,#1846,#1847,#1848,
#1849,#1850,#1851,#1852,#1853,#1854,#1855,#1856,#1857,#1858,#1859,#1860,#1861,#1862,#1863,#1864,#1865,#1866,#1867,#1868,#1869,#1870,#1871,#1872,#1873,
#1874,#1875,#1876,#1877,#1878,#1879,#1880,#1881,#1882,#1883,#1884,#1885,#1886,#1887,#1888,#1889,#1890,#1891,#1892,#1893,#1894,#1895,#1896,#1897,#1898,
#1899,#1900,#1901,#1902,#1903,#1904,#1905,#1906,#1907,#1908,#1909,#1910,#1911,#1912,#1913,#1914,#1915,#1916,#1917,#1918,#1919,#1920,#1921,#1922,#1923,
#1924,#1925,#1926,#1927,#1928,#1929,#1930,#1931,#1932,#1933,#1934,#1935,#1936,#1937,#1938,#1939,#1940,#1941,#1942,#1943,#1944,#1945,#1946,#1947,#1948,
#1949,#1950,#1951,#1952,#1953,#1954,#1955,#1956,#1957,#1958,#1959,#1960,#1961,#1962,#1963,#1964,#1965,#1966,#1967,#1968,#1969,#1970,#1971,#1972,#1973,
#1974,#1975,#1976,#1977,#1978,#1979,#1980,#1981,#1982,#1983,#1984,#1985,#1986,#1987,#1988,#1989,#1990,#1991,#1992,#1993,#1994,#1995,#1996,#1997,#1998,
#1999,#2000,#2001,#2002,#2003,#2004,#2005,#2006,#2007,#2008,#2009,#2010,#2011,#2012,#2013,#2014,#2015,#2016,#2017)),.UNSPECIFIED.,.F.,.F.,.U.)
B_SPLINE_SURFACE_WITH_KNOTS((2,1,2),(4,3,3,3,3,3,3,3,3,3,3,3,3,3,3,3,3,3,3,3,3,3,3,3,3,3,
3,3,3,3,3,3,3,3,3,3,3,3,3,3,3,3,3,3,3,3,3,3,3,3,3,
3,3,3,3,3,3,3,3,3,3,3,3,3,3,3,3,3,3,3,3,3,3,4),(-0.00000066,0.,1.),(0.68718622,0.689814815,0.68981593,0.694444444,0.694445559,0.699074074,0.699075189,0.703703704,0.703704819,0.708333333,0.708334448,0.712962963,0.712964078,0.717592593,0.717593708,0.722222222,0.722223337,0.726851852,0.726852967,0.731481481,0.731482596,0.736111111,0.736112226,0.740740741,0.740741856,0.74537037,
0.745371485,0.75,0.750001115,0.75462963,0.754630745,0.759259259,0.759260374,0.763888889,0.763890004,0.768518519,0.768519634,0.773148148,0.773149263,0.777777778,0.777778893,0.782407407,0.782408522,0.787037037,0.787038152,0.791666667,0.791667782,0.796296296,0.796297411,0.800925926,0.800927041,
0.805555556,0.805556671,0.810185185,0.8101863,0.814814815,0.81481593,0.819444444,0.819445559,0.824074074,0.824075189,0.828703704,0.828704819,0.833333333,0.833334448,0.837962963,0.837964078,0.842592593,0.842593708,0.847222222,0.847223337,0.851851852,0.851852967,0.855578916),.UNSPECIFIED.)
GEOMETRIC_REPRESENTATION_ITEM()
RATIONAL_B_SPLINE_SURFACE(((0.983275963,0.981527645,0.987102324,1.,0.999994527,0.999989056,0.999983586,0.977283885,0.977289357,1.,0.999994527,0.999989056,0.999983586,0.977283885,0.977289357,1.,0.999994527,0.999989056,0.999983586,0.977283885,0.977289357,1.,0.999994527,0.999989056,0.999983586,0.977283885,
0.977289357,1.,0.999994527,0.999989056,0.999983586,0.977283885,0.977289357,1.,0.999994527,0.999989056,0.999983586,0.977283885,0.977289357,1.,0.999994527,0.999989056,0.999983586,0.977283885,0.977289357,1.,0.999994527,0.999989056,0.999983586,0.977283885,0.977289357,
1.,0.999994527,0.999989056,0.999983586,0.977283885,0.977289357,1.,0.999994527,0.999989056,0.999983586,0.977283885,0.977289357,1.,0.999994527,0.999989056,0.999983586,0.977283885,0.977289357,1.,0.999994527,0.999989056,0.999983586,0.977283885,0.977289357,1.,
0.999994527,0.999989056,0.999983586,0.977283885,0.977289357,1.,0.999994527,0.999989056,0.999983586,0.977283885,0.977289357,1.,0.999994527,0.999989056,0.999983586,0.977283885,0.977289357,1.,0.999994527,0.999989056,0.999983586,0.977283885,0.977289357,1.,0.999994527,
0.999989056,0.999983586,0.977283885,0.977289357,1.,0.999994527,0.999989056,0.999983586,0.977283885,0.977289357,1.,0.999994527,0.999989056,0.999983586,0.977283885,0.977289357,1.,0.999994527,0.999989056,0.999983586,0.977283885,0.977289357,1.,0.999994527,0.999989056,
0.999983586,0.977283885,0.977289357,1.,0.999994527,0.999989056,0.999983586,0.977283885,0.977289357,1.,0.999994527,0.999989056,0.999983586,0.977283885,0.977289357,1.,0.999994527,0.999989056,0.999983586,0.977283885,0.977289357,1.,0.999994527,0.999989056,0.999983586,
0.977283885,0.977289357,1.,0.999994527,0.999989056,0.999983586,0.977283885,0.977289357,1.,0.999994527,0.999989056,0.999983586,0.977283885,0.977289357,1.,0.999994527,0.999989056,0.999983586,0.977283885,0.977289357,1.,0.999994527,0.999989056,0.999983586,0.977283885,
0.977289357,1.,0.999994527,0.999989056,0.999983586,0.977283885,0.977289357,1.,0.999994527,0.999989056,0.999983586,0.977283885,0.977289357,1.,0.999994527,0.999989056,0.999983586,0.977283885,0.977289357,1.,0.999994527,0.999989056,0.999983586,0.977283885,0.977289357,
1.,0.999994527,0.999989056,0.999983586,0.977283885,0.977289357,1.,0.999994527,0.999989056,0.999983586,0.977283885,0.977289357,1.,0.999994527,0.999989056,0.999983586,0.981710352,0.978150597,0.98930432),(0.983275963,0.981527645,0.987102324,1.,0.999994527,0.999989056,0.999983586,0.977283885,0.977289357,1.,0.999994527,0.999989056,0.999983586,0.977283885,0.977289357,1.,0.999994527,0.999989056,0.999983586,0.977283885,0.977289357,1.,0.999994527,0.999989056,0.999983586,0.977283885,
0.977289357,1.,0.999994527,0.999989056,0.999983586,0.977283885,0.977289357,1.,0.999994527,0.999989056,0.999983586,0.977283885,0.977289357,1.,0.999994527,0.999989056,0.999983586,0.977283885,0.977289357,1.,0.999994527,0.999989056,0.999983586,0.977283885,0.977289357,
1.,0.999994527,0.999989056,0.999983586,0.977283885,0.977289357,1.,0.999994527,0.999989056,0.999983586,0.977283885,0.977289357,1.,0.999994527,0.999989056,0.999983586,0.977283885,0.977289357,1.,0.999994527,0.999989056,0.999983586,0.977283885,0.977289357,1.,
0.999994527,0.999989056,0.999983586,0.977283885,0.977289357,1.,0.999994527,0.999989056,0.999983586,0.977283885,0.977289357,1.,0.999994527,0.999989056,0.999983586,0.977283885,0.977289357,1.,0.999994527,0.999989056,0.999983586,0.977283885,0.977289357,1.,0.999994527,
0.999989056,0.999983586,0.977283885,0.977289357,1.,0.999994527,0.999989056,0.999983586,0.977283885,0.977289357,1.,0.999994527,0.999989056,0.999983586,0.977283885,0.977289357,1.,0.999994527,0.999989056,0.999983586,0.977283885,0.977289357,1.,0.999994527,0.999989056,
0.999983586,0.977283885,0.977289357,1.,0.999994527,0.999989056,0.999983586,0.977283885,0.977289357,1.,0.999994527,0.999989056,0.999983586,0.977283885,0.977289357,1.,0.999994527,0.999989056,0.999983586,0.977283885,0.977289357,1.,0.999994527,0.999989056,0.999983586,
0.977283885,0.977289357,1.,0.999994527,0.999989056,0.999983586,0.977283885,0.977289357,1.,0.999994527,0.999989056,0.999983586,0.977283885,0.977289357,1.,0.999994527,0.999989056,0.999983586,0.977283885,0.977289357,1.,0.999994527,0.999989056,0.999983586,0.977283885,
0.977289357,1.,0.999994527,0.999989056,0.999983586,0.977283885,0.977289357,1.,0.999994527,0.999989056,0.999983586,0.977283885,0.977289357,1.,0.999994527,0.999989056,0.999983586,0.977283885,0.977289357,1.,0.999994527,0.999989056,0.999983586,0.977283885,0.977289357,
1.,0.999994527,0.999989056,0.999983586,0.977283885,0.977289357,1.,0.999994527,0.999989056,0.999983586,0.977283885,0.977289357,1.,0.999994527,0.999989056,0.999983586,0.981710352,0.978150597,0.98930432),(0.983275963,0.981527645,0.987102324,1.,0.999994527,0.999989056,0.999983586,0.977283885,0.977289357,1.,0.999994527,0.999989056,0.999983586,0.977283885,0.977289357,1.,0.999994527,0.999989056,0.999983586,0.977283885,0.977289357,1.,0.999994527,0.999989056,0.999983586,0.977283885,
0.977289357,1.,0.999994527,0.999989056,0.999983586,0.977283885,0.977289357,1.,0.999994527,0.999989056,0.999983586,0.977283885,0.977289357,1.,0.999994527,0.999989056,0.999983586,0.977283885,0.977289357,1.,0.999994527,0.999989056,0.999983586,0.977283885,0.977289357,
1.,0.999994527,0.999989056,0.999983586,0.977283885,0.977289357,1.,0.999994527,0.999989056,0.999983586,0.977283885,0.977289357,1.,0.999994527,0.999989056,0.999983586,0.977283885,0.977289357,1.,0.999994527,0.999989056,0.999983586,0.977283885,0.977289357,1.,
0.999994527,0.999989056,0.999983586,0.977283885,0.977289357,1.,0.999994527,0.999989056,0.999983586,0.977283885,0.977289357,1.,0.999994527,0.999989056,0.999983586,0.977283885,0.977289357,1.,0.999994527,0.999989056,0.999983586,0.977283885,0.977289357,1.,0.999994527,
0.999989056,0.999983586,0.977283885,0.977289357,1.,0.999994527,0.999989056,0.999983586,0.977283885,0.977289357,1.,0.999994527,0.999989056,0.999983586,0.977283885,0.977289357,1.,0.999994527,0.999989056,0.999983586,0.977283885,0.977289357,1.,0.999994527,0.999989056,
0.999983586,0.977283885,0.977289357,1.,0.999994527,0.999989056,0.999983586,0.977283885,0.977289357,1.,0.999994527,0.999989056,0.999983586,0.977283885,0.977289357,1.,0.999994527,0.999989056,0.999983586,0.977283885,0.977289357,1.,0.999994527,0.999989056,0.999983586,
0.977283885,0.977289357,1.,0.999994527,0.999989056,0.999983586,0.977283885,0.977289357,1.,0.999994527,0.999989056,0.999983586,0.977283885,0.977289357,1.,0.999994527,0.999989056,0.999983586,0.977283885,0.977289357,1.,0.999994527,0.999989056,0.999983586,0.977283885,
0.977289357,1.,0.999994527,0.999989056,0.999983586,0.977283885,0.977289357,1.,0.999994527,0.999989056,0.999983586,0.977283885,0.977289357,1.,0.999994527,0.999989056,0.999983586,0.977283885,0.977289357,1.,0.999994527,0.999989056,0.999983586,0.977283885,0.977289357,
1.,0.999994527,0.999989056,0.999983586,0.977283885,0.977289357,1.,0.999994527,0.999989056,0.999983586,0.977283885,0.977289357,1.,0.999994527,0.999989056,0.999983586,0.981710352,0.978150597,0.98930432)))
REPRESENTATION_ITEM('')
SURFACE()
);
#2019=ORIENTED_EDGE('',*,*,#1244,.T.);
#2020=CARTESIAN_POINT('',(-9.777538183,9.659131797,1.61736914));
#2021=VERTEX_POINT('',#2020);
#2022=CARTESIAN_POINT('',(-10.89394892,9.659131797,1.464966498));
#2023=CARTESIAN_POINT('',(-10.853675051,9.659131797,1.42779728));
#2024=CARTESIAN_POINT('',(-10.81026827,9.659131797,1.395444927));
#2025=CARTESIAN_POINT('',(-10.763850757,9.659131797,1.367721587));
#2026=CARTESIAN_POINT('',(-10.717433244,9.659131797,1.339998247));
#2027=CARTESIAN_POINT('',(-10.667380749,9.659131797,1.316614321));
#2028=CARTESIAN_POINT('',(-10.616057369,9.659131797,1.299253926));
#2029=CARTESIAN_POINT('',(-10.564733988,9.659131797,1.281893531));
#2030=CARTESIAN_POINT('',(-10.512070546,9.659131797,1.270312082));
#2031=CARTESIAN_POINT('',(-10.458053662,9.659131797,1.264567284));
#2032=CARTESIAN_POINT('',(-10.404036777,9.659131797,1.258822487));
#2033=CARTESIAN_POINT('',(-10.348968637,9.659131797,1.259129617));
#2034=CARTESIAN_POINT('',(-10.295325648,9.659131797,1.265370895));
#2035=CARTESIAN_POINT('',(-10.241682659,9.659131797,1.271612172));
#2036=CARTESIAN_POINT('',(-10.188181443,9.659131797,1.284225015));
#2037=CARTESIAN_POINT('',(-10.137070834,9.659131797,1.303025781));
#2038=CARTESIAN_POINT('',(-10.085960224,9.659131797,1.321826547));
#2039=CARTESIAN_POINT('',(-10.037823078,9.659131797,1.346359246));
#2040=CARTESIAN_POINT('',(-9.992646662,9.659131797,1.37659933));
#2041=CARTESIAN_POINT('',(-9.90229383,9.659131797,1.437079499));
#2042=CARTESIAN_POINT('',(-9.827456337,9.659131797,1.519613389));
#2043=CARTESIAN_POINT('',(-9.77753892,9.659131797,1.617369594));
#2044=B_SPLINE_CURVE_WITH_KNOTS('',3,(#2022,#2023,#2024,#2025,#2026,#2027,#2028,#2029,#2030,#2031,#2032,#2033,#2034,#2035,#2036,#2037,#2038,#2039,#2040,#2041,#2042,#2043),.UNSPECIFIED.,.F.,.F.,(4,3,3,3,3,3,3,4),(0.,0.00016208,0.000324161,0.000486241,0.000648321,0.000810402,0.000972482,0.001296643),.UNSPECIFIED.);
#2045=EDGE_CURVE('',#1067,#2021,#2044,.T.);
#2046=ORIENTED_EDGE('',*,*,#2045,.T.);
#2047=CARTESIAN_POINT('',(-10.284367374,9.886876871,2.608086478));
#2048=VERTEX_POINT('',#2047);
#2049=CARTESIAN_POINT('',(-10.284367374,9.886876871,2.608086478));
#2050=CARTESIAN_POINT('',(-10.389581706,9.877714682,2.608086478));
#2051=CARTESIAN_POINT('',(-10.498086961,9.867606229,2.579790139));
#2052=CARTESIAN_POINT('',(-10.59001206,9.858398205,2.528252807));
#2053=CARTESIAN_POINT('',(-10.681937159,9.849190182,2.476715475));
#2054=CARTESIAN_POINT('',(-10.76250086,9.839174485,2.399204504));
#2055=CARTESIAN_POINT('',(-10.817567824,9.829922887,2.309157452));
#2056=CARTESIAN_POINT('',(-10.872634788,9.82067129,2.2191104));
#2057=CARTESIAN_POINT('',(-10.904910905,9.810743654,2.11240911));
#2058=CARTESIAN_POINT('',(-10.908918115,9.801450743,2.006779763));
#2059=CARTESIAN_POINT('',(-10.912925325,9.792157832,1.901150415));
#2060=CARTESIAN_POINT('',(-10.888967007,9.782313573,1.792590004));
#2061=CARTESIAN_POINT('',(-10.840744907,9.772981614,1.698360222));
#2062=CARTESIAN_POINT('',(-10.816633856,9.768315635,1.651245331));
#2063=CARTESIAN_POINT('',(-10.786630302,9.763688671,1.607298888));
#2064=CARTESIAN_POINT('',(-10.751062922,9.758876448,1.56736991));
#2065=CARTESIAN_POINT('',(-10.715495542,9.754064225,1.527440931));
#2066=CARTESIAN_POINT('',(-10.674602453,9.7491997,1.492016167));
#2067=CARTESIAN_POINT('',(-10.630475241,9.744515326,1.462669007));
#2068=CARTESIAN_POINT('',(-10.586348029,9.739830952,1.433321846));
#2069=CARTESIAN_POINT('',(-10.538793147,9.735236541,1.409719631));
#2070=CARTESIAN_POINT('',(-10.488266533,9.730430244,1.39228183));
#2071=CARTESIAN_POINT('',(-10.43773992,9.725623946,1.374844028));
#2072=CARTESIAN_POINT('',(-10.384727852,9.720753342,1.363919207));
#2073=CARTESIAN_POINT('',(-10.331821279,9.716051703,1.35989058));
#2074=CARTESIAN_POINT('',(-10.278914705,9.711350065,1.355861954));
#2075=CARTESIAN_POINT('',(-10.225991965,9.706782304,1.358529416));
#2076=CARTESIAN_POINT('',(-10.173415705,9.701983065,1.368013534));
#2077=CARTESIAN_POINT('',(-10.120839444,9.697183826,1.377497651));
#2078=CARTESIAN_POINT('',(-10.069233057,9.692308356,1.393880248));
#2079=CARTESIAN_POINT('',(-10.021057118,9.687590586,1.4162596));
#2080=CARTESIAN_POINT('',(-9.97288118,9.682872815,1.438638953));
#2081=CARTESIAN_POINT('',(-9.92809083,9.678325798,1.466808471));
#2082=CARTESIAN_POINT('',(-9.886885711,9.673534747,1.500765706));
#2083=CARTESIAN_POINT('',(-9.845680591,9.668743695,1.53472294));
#2084=CARTESIAN_POINT('',(-9.808654257,9.663864571,1.574246945));
#2085=CARTESIAN_POINT('',(-9.777538186,9.659131797,1.617369137));
#2086=B_SPLINE_CURVE_WITH_KNOTS('',3,(#2049,#2050,#2051,#2052,#2053,#2054,#2055,#2056,#2057,#2058,#2059,#2060,#2061,#2062,#2063,#2064,#2065,#2066,#2067,#2068,#2069,#2070,#2071,#2072,#2073,#2074,
#2075,#2076,#2077,#2078,#2079,#2080,#2081,#2082,#2083,#2084,#2085),.UNSPECIFIED.,.F.,.F.,(4,3,3,3,3,3,3,3,3,3,3,3,4),(0.838865156,0.843382011,0.847898867,0.852415722,0.856932578,0.859191006,0.861449433,0.863707861,0.865966289,0.868224717,0.870483144,0.872741572,0.875),.UNSPECIFIED.);
#2087=EDGE_CURVE('',#2048,#2021,#2086,.T.);
#2088=ORIENTED_EDGE('',*,*,#2087,.F.);
#2089=CARTESIAN_POINT('',(-10.284367374,10.236876871,2.608086478));
#2090=VERTEX_POINT('',#2089);
#2091=CARTESIAN_POINT('',(-10.284367374,10.236876871,2.608086478));
#2092=CARTESIAN_POINT('',(-10.365248318,10.229833663,2.608086478));
#2093=CARTESIAN_POINT('',(-10.448194685,10.222230348,2.591771725));
#2094=CARTESIAN_POINT('',(-10.523868248,10.214908163,2.560376987));
#2095=CARTESIAN_POINT('',(-10.599541811,10.207585979,2.528982248));
#2096=CARTESIAN_POINT('',(-10.668126364,10.200544922,2.483210963));
#2097=CARTESIAN_POINT('',(-10.726309106,10.193126872,2.425028223));
#2098=CARTESIAN_POINT('',(-10.784491847,10.185708822,2.366845483));
#2099=CARTESIAN_POINT('',(-10.830263134,10.178667765,2.298260932));
#2100=CARTESIAN_POINT('',(-10.861657875,10.17134558,2.22258737));
#2101=CARTESIAN_POINT('',(-10.893052616,10.164023395,2.146913808));
#2102=CARTESIAN_POINT('',(-10.909367372,10.156420081,2.063967441));
#2103=CARTESIAN_POINT('',(-10.909367374,10.149376872,1.983086496));
#2104=CARTESIAN_POINT('',(-10.909367376,10.142333663,1.902205551));
#2105=CARTESIAN_POINT('',(-10.893052618,10.134730346,1.819259149));
#2106=CARTESIAN_POINT('',(-10.861657869,10.12740816,1.743585571));
#2107=CARTESIAN_POINT('',(-10.83026312,10.120085973,1.667911994));
#2108=CARTESIAN_POINT('',(-10.784491835,10.113044918,1.599327462));
#2109=CARTESIAN_POINT('',(-10.726309106,10.10562687,1.541144734));
#2110=CARTESIAN_POINT('',(-10.668126377,10.098208822,1.482962006));
#2111=CARTESIAN_POINT('',(-10.599541842,10.091167767,1.437190726));
#2112=CARTESIAN_POINT('',(-10.523868281,10.083845582,1.405795983));
#2113=CARTESIAN_POINT('',(-10.44819472,10.076523397,1.374401241));
#2114=CARTESIAN_POINT('',(-10.365248354,10.068920083,1.358086483));
#2115=CARTESIAN_POINT('',(-10.284367409,10.061876874,1.358086478));
#2116=CARTESIAN_POINT('',(-10.203486464,10.054833666,1.358086474));
#2117=CARTESIAN_POINT('',(-10.120540061,10.047230348,1.374401229));
#2118=CARTESIAN_POINT('',(-10.044866483,10.039908161,1.405795976));
#2119=CARTESIAN_POINT('',(-9.969192905,10.032585974,1.437190724));
#2120=CARTESIAN_POINT('',(-9.900608371,10.02554492,1.482962006));
#2121=CARTESIAN_POINT('',(-9.842425642,10.018126872,1.541144734));
#2122=CARTESIAN_POINT('',(-9.784242912,10.010708824,1.599327461));
#2123=CARTESIAN_POINT('',(-9.73847163,10.003667768,1.667911995));
#2124=CARTESIAN_POINT('',(-9.707076886,9.996345584,1.743585555));
#2125=CARTESIAN_POINT('',(-9.675682141,9.989023399,1.819259115));
#2126=CARTESIAN_POINT('',(-9.659367381,9.981420084,1.902205481));
#2127=CARTESIAN_POINT('',(-9.659367374,9.974376875,1.983086426));
#2128=CARTESIAN_POINT('',(-9.659367367,9.967333666,2.063967371));
#2129=CARTESIAN_POINT('',(-9.67568212,9.95973035,2.146913774));
#2130=CARTESIAN_POINT('',(-9.707076866,9.952408163,2.222587353));
#2131=CARTESIAN_POINT('',(-9.738471611,9.945085977,2.298260933));
#2132=CARTESIAN_POINT('',(-9.784242891,9.938044921,2.366845467));
#2133=CARTESIAN_POINT('',(-9.842425617,9.930626873,2.425028198));
#2134=CARTESIAN_POINT('',(-9.900608343,9.923208825,2.483210929));
#2135=CARTESIAN_POINT('',(-9.969192875,9.91616777,2.528982215));
#2136=CARTESIAN_POINT('',(-10.044866451,9.908845584,2.560376966));
#2137=CARTESIAN_POINT('',(-10.120540027,9.901523397,2.591771718));
#2138=CARTESIAN_POINT('',(-10.203486412,9.893920081,2.608086478));
#2139=CARTESIAN_POINT('',(-10.284367374,9.886876871,2.608086478));
#2140=B_SPLINE_CURVE_WITH_KNOTS('',3,(#2091,#2092,#2093,#2094,#2095,#2096,#2097,#2098,#2099,#2100,#2101,#2102,#2103,#2104,#2105,#2106,#2107,#2108,#2109,#2110,#2111,#2112,#2113,#2114,#2115,#2116,
#2117,#2118,#2119,#2120,#2121,#2122,#2123,#2124,#2125,#2126,#2127,#2128,#2129,#2130,#2131,#2132,#2133,#2134,#2135,#2136,#2137,#2138,#2139),.UNSPECIFIED.,.F.,.F.,(4,3,3,3,3,3,3,3,3,3,3,3,3,3,3,3,4),(0.763888889,0.767361111,0.770833333,0.774305556,0.777777778,0.78125,0.784722222,0.788194444,0.791666667,0.795138889,0.798611111,0.802083333,0.805555555,0.809027777,0.8125,0.815972222,0.819444444),.UNSPECIFIED.);
#2141=EDGE_CURVE('',#2090,#2048,#2140,.T.);
#2142=ORIENTED_EDGE('',*,*,#2141,.F.);
#2143=CARTESIAN_POINT('',(-10.284367374,10.586876871,2.608086478));
#2144=VERTEX_POINT('',#2143);
#2145=CARTESIAN_POINT('',(-10.284367374,10.586876871,2.608086478));
#2146=CARTESIAN_POINT('',(-10.365248319,10.579833663,2.608086478));
#2147=CARTESIAN_POINT('',(-10.448194688,10.572230348,2.591771724));
#2148=CARTESIAN_POINT('',(-10.523868252,10.564908163,2.560376985));
#2149=CARTESIAN_POINT('',(-10.599541816,10.557585978,2.528982246));
#2150=CARTESIAN_POINT('',(-10.668126354,10.550544923,2.483210968));
#2151=CARTESIAN_POINT('',(-10.726309087,10.543126874,2.425028242));
#2152=CARTESIAN_POINT('',(-10.784491819,10.535708826,2.366845516));
#2153=CARTESIAN_POINT('',(-10.830263107,10.52866777,2.298260984));
#2154=CARTESIAN_POINT('',(-10.86165786,10.521345584,2.222587406));
#2155=CARTESIAN_POINT('',(-10.893052613,10.514023397,2.146913829));
#2156=CARTESIAN_POINT('',(-10.909367374,10.506420079,2.063967424));
#2157=CARTESIAN_POINT('',(-10.909367374,10.499376871,1.983086478));
#2158=CARTESIAN_POINT('',(-10.909367374,10.492333662,1.902205533));
#2159=CARTESIAN_POINT('',(-10.89305262,10.484730348,1.819259164));
#2160=CARTESIAN_POINT('',(-10.861657881,10.477408162,1.7435856));
#2161=CARTESIAN_POINT('',(-10.830263141,10.470085977,1.667912036));
#2162=CARTESIAN_POINT('',(-10.784491854,10.46304492,1.599327482));
#2163=CARTESIAN_POINT('',(-10.726309112,10.455626871,1.54114474));
#2164=CARTESIAN_POINT('',(-10.66812637,10.448208821,1.482961998));
#2165=CARTESIAN_POINT('',(-10.599541817,10.441167764,1.437190711));
#2166=CARTESIAN_POINT('',(-10.523868253,10.433845579,1.405795971));
#2167=CARTESIAN_POINT('',(-10.448194688,10.426523394,1.374401232));
#2168=CARTESIAN_POINT('',(-10.36524832,10.41892008,1.358086478));
#2169=CARTESIAN_POINT('',(-10.284367374,10.411876871,1.358086478));
#2170=CARTESIAN_POINT('',(-10.203486428,10.404833663,1.358086478));
#2171=CARTESIAN_POINT('',(-10.120540059,10.397230348,1.374401232));
#2172=CARTESIAN_POINT('',(-10.044866495,10.389908162,1.405795971));
#2173=CARTESIAN_POINT('',(-9.969192931,10.382585977,1.437190711));
#2174=CARTESIAN_POINT('',(-9.900608377,10.375544921,1.482961998));
#2175=CARTESIAN_POINT('',(-9.842425635,10.368126871,1.54114474));
#2176=CARTESIAN_POINT('',(-9.784242894,10.360708821,1.599327482));
#2177=CARTESIAN_POINT('',(-9.738471607,10.353667764,1.667912036));
#2178=CARTESIAN_POINT('',(-9.707076867,10.346345579,1.7435856));
#2179=CARTESIAN_POINT('',(-9.675682128,10.339023394,1.819259164));
#2180=CARTESIAN_POINT('',(-9.659367374,10.33142008,1.902205533));
#2181=CARTESIAN_POINT('',(-9.659367374,10.324376871,1.983086478));
#2182=CARTESIAN_POINT('',(-9.659367374,10.317333662,2.063967424));
#2183=CARTESIAN_POINT('',(-9.675682128,10.309730348,2.146913793));
#2184=CARTESIAN_POINT('',(-9.707076867,10.302408163,2.222587357));
#2185=CARTESIAN_POINT('',(-9.738471607,10.295085978,2.298260921));
#2186=CARTESIAN_POINT('',(-9.784242894,10.288044921,2.366845475));
#2187=CARTESIAN_POINT('',(-9.842425636,10.280626871,2.425028217));
#2188=CARTESIAN_POINT('',(-9.900608378,10.273208821,2.483210959));
#2189=CARTESIAN_POINT('',(-9.969192932,10.266167764,2.528982246));
#2190=CARTESIAN_POINT('',(-10.044866496,10.258845579,2.560376985));
#2191=CARTESIAN_POINT('',(-10.12054006,10.251523394,2.591771724));
#2192=CARTESIAN_POINT('',(-10.203486428,10.243920079,2.608086478));
#2193=CARTESIAN_POINT('',(-10.284367374,10.236876871,2.608086478));
#2194=B_SPLINE_CURVE_WITH_KNOTS('',3,(#2145,#2146,#2147,#2148,#2149,#2150,#2151,#2152,#2153,#2154,#2155,#2156,#2157,#2158,#2159,#2160,#2161,#2162,#2163,#2164,#2165,#2166,#2167,#2168,#2169,#2170,
#2171,#2172,#2173,#2174,#2175,#2176,#2177,#2178,#2179,#2180,#2181,#2182,#2183,#2184,#2185,#2186,#2187,#2188,#2189,#2190,#2191,#2192,#2193),.UNSPECIFIED.,.F.,.F.,(4,3,3,3,3,3,3,3,3,3,3,3,3,3,3,3,4),(0.708333333,0.711805555,0.715277778,0.71875,0.722222222,0.725694444,0.729166667,0.732638889,0.736111111,0.739583333,0.743055556,0.746527778,0.75,0.753472222,0.756944444,0.760416667,0.763888889),.UNSPECIFIED.);
#2195=EDGE_CURVE('',#2144,#2090,#2194,.T.);
#2196=ORIENTED_EDGE('',*,*,#2195,.F.);
#2197=CARTESIAN_POINT('',(-9.942304572,10.619087355,2.506171595));
#2198=VERTEX_POINT('',#2197);
#2199=CARTESIAN_POINT('',(-9.94229988,10.619087582,2.506168527));
#2200=CARTESIAN_POINT('',(-9.992570858,10.613787231,2.539043039));
#2201=CARTESIAN_POINT('',(-10.047496777,10.608517622,2.564638724));
#2202=CARTESIAN_POINT('',(-10.105672419,10.603046607,2.581996416));
#2203=CARTESIAN_POINT('',(-10.163848061,10.597575591,2.599354107));
#2204=CARTESIAN_POINT('',(-10.224679937,10.592074524,2.608086478));
#2205=CARTESIAN_POINT('',(-10.284367374,10.586876871,2.608086478));
#2206=B_SPLINE_CURVE_WITH_KNOTS('',3,(#2199,#2200,#2201,#2202,#2203,#2204,#2205),.UNSPECIFIED.,.F.,.F.,(4,3,4),(0.703208566,0.705770949,0.708333333),.UNSPECIFIED.);
#2207=EDGE_CURVE('',#2198,#2144,#2206,.T.);
#2208=ORIENTED_EDGE('',*,*,#2207,.F.);
#2209=CARTESIAN_POINT('',(-9.739209494,10.619087355,1.397560559));
#2210=CARTESIAN_POINT('',(-9.703912478,10.619087355,1.439486071));
#2211=CARTESIAN_POINT('',(-9.673545141,10.619087355,1.484306163));
#2212=CARTESIAN_POINT('',(-9.647912426,10.619087355,1.531906304));
#2213=CARTESIAN_POINT('',(-9.62227971,10.619087355,1.579506445));
#2214=CARTESIAN_POINT('',(-9.601161168,10.619087355,1.630551175));
#2215=CARTESIAN_POINT('',(-9.586179739,10.619087355,1.682656905));
#2216=CARTESIAN_POINT('',(-9.571198309,10.619087355,1.734762634));
#2217=CARTESIAN_POINT('',(-9.562030448,10.619087355,1.787929999));
#2218=CARTESIAN_POINT('',(-9.55872534,10.619087355,1.842167982));
#2219=CARTESIAN_POINT('',(-9.555420233,10.619087355,1.896405964));
#2220=CARTESIAN_POINT('',(-9.55808936,10.619087355,1.951443738));
#2221=CARTESIAN_POINT('',(-9.566785729,10.619087355,2.004747211));
#2222=CARTESIAN_POINT('',(-9.575482098,10.619087355,2.058050683));
#2223=CARTESIAN_POINT('',(-9.590596202,10.619087355,2.110874974));
#2224=CARTESIAN_POINT('',(-9.611723274,10.619087355,2.161113197));
#2225=CARTESIAN_POINT('',(-9.632850345,10.619087355,2.211351421));
#2226=CARTESIAN_POINT('',(-9.659539759,10.619087355,2.258363299));
#2227=CARTESIAN_POINT('',(-9.691755902,10.619087355,2.302169488));
#2228=CARTESIAN_POINT('',(-9.756188189,10.619087355,2.389781867));
#2229=CARTESIAN_POINT('',(-9.843326577,10.619087355,2.461079986));
#2230=CARTESIAN_POINT('',(-9.942300811,10.619087355,2.506169379));
#2231=B_SPLINE_CURVE_WITH_KNOTS('',3,(#2209,#2210,#2211,#2212,#2213,#2214,#2215,#2216,#2217,#2218,#2219,#2220,#2221,#2222,#2223,#2224,#2225,#2226,#2227,#2228,#2229,#2230),.UNSPECIFIED.,.F.,.F.,(4,3,3,3,3,3,3,4),(0.,0.000162078,0.000324157,0.000486235,0.000648313,0.000810391,0.00097247,0.001296626),.UNSPECIFIED.);
#2232=EDGE_CURVE('',#1091,#2198,#2231,.T.);
#2233=ORIENTED_EDGE('',*,*,#2232,.F.);
#2234=EDGE_LOOP('',(#2019,#2046,#2088,#2142,#2196,#2208,#2233));
#2235=FACE_BOUND('',#2234,.T.);
#2236=ADVANCED_FACE('',(#2235),#2018,.T.);
#2237=CARTESIAN_POINT('',(-10.284367374,11.549131797,1.983086478));
#2238=DIRECTION('',(0.,-1.,0.));
#2239=DIRECTION('',(0.,0.,1.));
#2240=AXIS2_PLACEMENT_3D('',#2237,#2238,#2239);
#2241=CYLINDRICAL_SURFACE('',#2240,0.625);
#2242=CARTESIAN_POINT('',(-10.284367374,9.659131797,2.608086478));
#2243=VERTEX_POINT('',#2242);
#2244=CARTESIAN_POINT('',(-10.284367374,9.659131797,2.608086478));
#2245=DIRECTION('',(-0.,1.,-0.));
#2246=VECTOR('',#2245,0.02565405);
#2247=LINE('',#2244,#2246);
#2248=EDGE_CURVE('',#2243,#935,#2247,.T.);
#2249=ORIENTED_EDGE('',*,*,#2248,.F.);
#2250=CARTESIAN_POINT('',(-10.284367374,9.659131797,1.983086478));
#2251=DIRECTION('',(-0.,1.,-0.));
#2252=DIRECTION('',(0.,-0.,-1.));
#2253=AXIS2_PLACEMENT_3D('',#2250,#2251,#2252);
#2254=CIRCLE('',#2253,0.625);
#2255=EDGE_CURVE('',#1001,#2243,#2254,.T.);
#2256=ORIENTED_EDGE('',*,*,#2255,.F.);
#2257=ORIENTED_EDGE('',*,*,#1064,.F.);
#2258=EDGE_LOOP('',(#2249,#2256,#2257));
#2259=FACE_BOUND('',#2258,.T.);
#2260=ADVANCED_FACE('',(#2259),#2241,.F.);
#2261=CARTESIAN_POINT('',(-10.485955483,9.341741194,-0.11));
#2262=DIRECTION('',(0.,-1.,0.));
#2263=DIRECTION('',(0.,0.,-1.));
#2264=AXIS2_PLACEMENT_3D('',#2261,#2262,#2263);
#2265=PLANE('',#2264);
#2266=CARTESIAN_POINT('',(-9.480058211,9.341741194,2.078934117));
#2267=VERTEX_POINT('',#2266);
#2268=CARTESIAN_POINT('',(-10.284367374,9.341741194,2.793086479));
#2269=VERTEX_POINT('',#2268);
#2270=CARTESIAN_POINT('',(-10.284367374,9.341741194,1.983086479));
#2271=DIRECTION('',(-0.,1.,-0.));
#2272=DIRECTION('',(0.,0.,-1.));
#2273=AXIS2_PLACEMENT_3D('',#2270,#2271,#2272);
#2274=CIRCLE('',#2273,0.81);
#2275=EDGE_CURVE('',#2267,#2269,#2274,.T.);
#2276=ORIENTED_EDGE('',*,*,#2275,.T.);
#2277=CARTESIAN_POINT('',(-10.284367374,9.341741194,1.983086479));
#2278=DIRECTION('',(-0.,1.,-0.));
#2279=DIRECTION('',(0.,0.,-1.));
#2280=AXIS2_PLACEMENT_3D('',#2277,#2278,#2279);
#2281=CIRCLE('',#2280,0.81);
#2282=EDGE_CURVE('',#2269,#2267,#2281,.T.);
#2283=ORIENTED_EDGE('',*,*,#2282,.T.);
#2284=EDGE_LOOP('',(#2276,#2283));
#2285=FACE_BOUND('',#2284,.T.);
#2286=CARTESIAN_POINT('',(-11.63290672,9.341741194,0.8));
#2287=VERTEX_POINT('',#2286);
#2288=CARTESIAN_POINT('',(-11.63290672,9.341741194,3.3));
#2289=VERTEX_POINT('',#2288);
#2290=CARTESIAN_POINT('',(-11.63290672,9.341741194,0.8));
#2291=DIRECTION('',(0.,0.,1.));
#2292=VECTOR('',#2291,2.5);
#2293=LINE('',#2290,#2292);
#2294=EDGE_CURVE('',#2287,#2289,#2293,.T.);
#2295=ORIENTED_EDGE('',*,*,#2294,.F.);
#2296=CARTESIAN_POINT('',(-9.431846958,9.341741194,0.8));
#2297=VERTEX_POINT('',#2296);
#2298=CARTESIAN_POINT('',(-11.63290672,9.341741194,0.8));
#2299=DIRECTION('',(1.,0.,-0.));
#2300=VECTOR('',#2299,2.201059762);
#2301=LINE('',#2298,#2300);
#2302=EDGE_CURVE('',#2287,#2297,#2301,.T.);
#2303=ORIENTED_EDGE('',*,*,#2302,.T.);
#2304=CARTESIAN_POINT('',(-8.959004246,9.341741194,1.272842712));
#2305=VERTEX_POINT('',#2304);
#2306=CARTESIAN_POINT('',(-9.431846958,9.341741194,0.8));
#2307=DIRECTION('',(0.707106781,0.,0.707106781));
#2308=VECTOR('',#2307,0.668700576);
#2309=LINE('',#2306,#2308);
#2310=EDGE_CURVE('',#2297,#2305,#2309,.T.);
#2311=ORIENTED_EDGE('',*,*,#2310,.T.);
#2312=CARTESIAN_POINT('',(-8.959004246,9.341741194,3.3));
#2313=VERTEX_POINT('',#2312);
#2314=CARTESIAN_POINT('',(-8.959004246,9.341741194,1.272842712));
#2315=DIRECTION('',(0.,0.,1.));
#2316=VECTOR('',#2315,2.027157288);
#2317=LINE('',#2314,#2316);
#2318=EDGE_CURVE('',#2305,#2313,#2317,.T.);
#2319=ORIENTED_EDGE('',*,*,#2318,.T.);
#2320=CARTESIAN_POINT('',(-11.63290672,9.341741194,3.3));
#2321=DIRECTION('',(1.,0.,-0.));
#2322=VECTOR('',#2321,2.673902474);
#2323=LINE('',#2320,#2322);
#2324=EDGE_CURVE('',#2289,#2313,#2323,.T.);
#2325=ORIENTED_EDGE('',*,*,#2324,.F.);
#2326=EDGE_LOOP('',(#2295,#2303,#2311,#2319,#2325));
#2327=FACE_BOUND('',#2326,.T.);
#2328=ADVANCED_FACE('',(#2285,#2327),#2265,.T.);
#2329=CARTESIAN_POINT('',(-9.909004246,12.911573233,-0.11));
#2330=DIRECTION('',(0.,1.,0.));
#2331=DIRECTION('',(0.,0.,1.));
#2332=AXIS2_PLACEMENT_3D('',#2329,#2330,#2331);
#2333=PLANE('',#2332);
#2334=CARTESIAN_POINT('',(-9.431846958,12.911573233,0.8));
#2335=VERTEX_POINT('',#2334);
#2336=CARTESIAN_POINT('',(-9.709004246,12.911573233,0.8));
#2337=VERTEX_POINT('',#2336);
#2338=CARTESIAN_POINT('',(-9.431846958,12.911573233,0.8));
#2339=DIRECTION('',(-1.,0.,0.));
#2340=VECTOR('',#2339,0.277157288);
#2341=LINE('',#2338,#2340);
#2342=EDGE_CURVE('',#2335,#2337,#2341,.T.);
#2343=ORIENTED_EDGE('',*,*,#2342,.T.);
#2344=CARTESIAN_POINT('',(-9.709004246,12.911573233,3.3));
#2345=VERTEX_POINT('',#2344);
#2346=CARTESIAN_POINT('',(-9.709004246,12.911573233,0.8));
#2347=DIRECTION('',(0.,0.,1.));
#2348=VECTOR('',#2347,2.5);
#2349=LINE('',#2346,#2348);
#2350=EDGE_CURVE('',#2337,#2345,#2349,.T.);
#2351=ORIENTED_EDGE('',*,*,#2350,.T.);
#2352=CARTESIAN_POINT('',(-8.959004246,12.911573233,3.3));
#2353=VERTEX_POINT('',#2352);
#2354=CARTESIAN_POINT('',(-8.959004246,12.911573233,3.3));
#2355=DIRECTION('',(-1.,-0.,0.));
#2356=VECTOR('',#2355,0.75);
#2357=LINE('',#2354,#2356);
#2358=EDGE_CURVE('',#2353,#2345,#2357,.T.);
#2359=ORIENTED_EDGE('',*,*,#2358,.F.);
#2360=CARTESIAN_POINT('',(-8.959004246,12.911573233,1.272842712));
#2361=VERTEX_POINT('',#2360);
#2362=CARTESIAN_POINT('',(-8.959004246,12.911573233,1.272842712));
#2363=DIRECTION('',(-0.,-0.,1.));
#2364=VECTOR('',#2363,2.027157288);
#2365=LINE('',#2362,#2364);
#2366=EDGE_CURVE('',#2361,#2353,#2365,.T.);
#2367=ORIENTED_EDGE('',*,*,#2366,.F.);
#2368=CARTESIAN_POINT('',(-8.959004246,12.911573233,1.272842712));
#2369=DIRECTION('',(-0.707106781,0.,-0.707106781));
#2370=VECTOR('',#2369,0.668700576);
#2371=LINE('',#2368,#2370);
#2372=EDGE_CURVE('',#2361,#2335,#2371,.T.);
#2373=ORIENTED_EDGE('',*,*,#2372,.T.);
#2374=EDGE_LOOP('',(#2343,#2351,#2359,#2367,#2373));
#2375=FACE_BOUND('',#2374,.T.);
#2376=ADVANCED_FACE('',(#2375),#2333,.T.);
#2377=CARTESIAN_POINT('',(-8.959004246,10.726139136,-0.11));
#2378=DIRECTION('',(1.,0.,0.));
#2379=DIRECTION('',(0.,0.,-1.));
#2380=AXIS2_PLACEMENT_3D('',#2377,#2378,#2379);
#2381=PLANE('',#2380);
#2382=ORIENTED_EDGE('',*,*,#2318,.F.);
#2383=CARTESIAN_POINT('',(-8.959004246,9.341741194,1.272842712));
#2384=DIRECTION('',(0.,1.,0.));
#2385=VECTOR('',#2384,3.569832039);
#2386=LINE('',#2383,#2385);
#2387=EDGE_CURVE('',#2305,#2361,#2386,.T.);
#2388=ORIENTED_EDGE('',*,*,#2387,.T.);
#2389=ORIENTED_EDGE('',*,*,#2366,.T.);
#2390=CARTESIAN_POINT('',(-8.959004246,9.341741194,3.3));
#2391=DIRECTION('',(-0.,1.,-0.));
#2392=VECTOR('',#2391,3.569832039);
#2393=LINE('',#2390,#2392);
#2394=EDGE_CURVE('',#2313,#2353,#2393,.T.);
#2395=ORIENTED_EDGE('',*,*,#2394,.F.);
#2396=EDGE_LOOP('',(#2382,#2388,#2389,#2395));
#2397=FACE_BOUND('',#2396,.T.);
#2398=ADVANCED_FACE('',(#2397),#2381,.T.);
#2399=CARTESIAN_POINT('',(-11.63290672,9.916223116,-0.11));
#2400=DIRECTION('',(-1.,0.,0.));
#2401=DIRECTION('',(0.,0.,1.));
#2402=AXIS2_PLACEMENT_3D('',#2399,#2400,#2401);
#2403=PLANE('',#2402);
#2404=CARTESIAN_POINT('',(-11.63290672,11.441741194,0.8));
#2405=VERTEX_POINT('',#2404);
#2406=CARTESIAN_POINT('',(-11.63290672,9.341741194,0.8));
#2407=DIRECTION('',(0.,1.,0.));
#2408=VECTOR('',#2407,2.1);
#2409=LINE('',#2406,#2408);
#2410=EDGE_CURVE('',#2287,#2405,#2409,.T.);
#2411=ORIENTED_EDGE('',*,*,#2410,.F.);
#2412=ORIENTED_EDGE('',*,*,#2294,.T.);
#2413=CARTESIAN_POINT('',(-11.63290672,11.441741194,3.3));
#2414=VERTEX_POINT('',#2413);
#2415=CARTESIAN_POINT('',(-11.63290672,11.441741194,3.3));
#2416=DIRECTION('',(0.,-1.,0.));
#2417=VECTOR('',#2416,2.1);
#2418=LINE('',#2415,#2417);
#2419=EDGE_CURVE('',#2414,#2289,#2418,.T.);
#2420=ORIENTED_EDGE('',*,*,#2419,.F.);
#2421=CARTESIAN_POINT('',(-11.63290672,11.441741194,0.8));
#2422=DIRECTION('',(0.,0.,1.));
#2423=VECTOR('',#2422,2.5);
#2424=LINE('',#2421,#2423);
#2425=EDGE_CURVE('',#2405,#2414,#2424,.T.);
#2426=ORIENTED_EDGE('',*,*,#2425,.F.);
#2427=EDGE_LOOP('',(#2411,#2412,#2420,#2426));
#2428=FACE_BOUND('',#2427,.T.);
#2429=ADVANCED_FACE('',(#2428),#2403,.T.);
#2430=CARTESIAN_POINT('',(-11.835955483,11.441741194,-0.11));
#2431=DIRECTION('',(0.,-1.,0.));
#2432=DIRECTION('',(0.,0.,-1.));
#2433=AXIS2_PLACEMENT_3D('',#2430,#2431,#2432);
#2434=PLANE('',#2433);
#2435=CARTESIAN_POINT('',(-10.869004246,11.441741194,0.8));
#2436=VERTEX_POINT('',#2435);
#2437=CARTESIAN_POINT('',(-10.869004246,11.441741194,3.3));
#2438=VERTEX_POINT('',#2437);
#2439=CARTESIAN_POINT('',(-10.869004246,11.441741194,0.8));
#2440=DIRECTION('',(0.,0.,1.));
#2441=VECTOR('',#2440,2.5);
#2442=LINE('',#2439,#2441);
#2443=EDGE_CURVE('',#2436,#2438,#2442,.T.);
#2444=ORIENTED_EDGE('',*,*,#2443,.F.);
#2445=CARTESIAN_POINT('',(-11.63290672,11.441741194,0.8));
#2446=DIRECTION('',(1.,0.,-0.));
#2447=VECTOR('',#2446,0.763902474);
#2448=LINE('',#2445,#2447);
#2449=EDGE_CURVE('',#2405,#2436,#2448,.T.);
#2450=ORIENTED_EDGE('',*,*,#2449,.F.);
#2451=ORIENTED_EDGE('',*,*,#2425,.T.);
#2452=CARTESIAN_POINT('',(-11.63290672,11.441741194,3.3));
#2453=DIRECTION('',(1.,0.,-0.));
#2454=VECTOR('',#2453,0.763902474);
#2455=LINE('',#2452,#2454);
#2456=EDGE_CURVE('',#2414,#2438,#2455,.T.);
#2457=ORIENTED_EDGE('',*,*,#2456,.T.);
#2458=EDGE_LOOP('',(#2444,#2450,#2451,#2457));
#2459=FACE_BOUND('',#2458,.T.);
#2460=ADVANCED_FACE('',(#2459),#2434,.F.);
#2461=CARTESIAN_POINT('',(-10.869004246,12.151657214,-0.11));
#2462=DIRECTION('',(-1.,0.,0.));
#2463=DIRECTION('',(0.,0.,1.));
#2464=AXIS2_PLACEMENT_3D('',#2461,#2462,#2463);
#2465=PLANE('',#2464);
#2466=CARTESIAN_POINT('',(-10.869004246,12.911573233,0.8));
#2467=VERTEX_POINT('',#2466);
#2468=CARTESIAN_POINT('',(-10.869004246,12.911573233,0.8));
#2469=DIRECTION('',(0.,-1.,0.));
#2470=VECTOR('',#2469,1.469832039);
#2471=LINE('',#2468,#2470);
#2472=EDGE_CURVE('',#2467,#2436,#2471,.T.);
#2473=ORIENTED_EDGE('',*,*,#2472,.T.);
#2474=ORIENTED_EDGE('',*,*,#2443,.T.);
#2475=CARTESIAN_POINT('',(-10.869004246,12.911573233,3.3));
#2476=VERTEX_POINT('',#2475);
#2477=CARTESIAN_POINT('',(-10.869004246,12.911573233,3.3));
#2478=DIRECTION('',(0.,-1.,0.));
#2479=VECTOR('',#2478,1.469832039);
#2480=LINE('',#2477,#2479);
#2481=EDGE_CURVE('',#2476,#2438,#2480,.T.);
#2482=ORIENTED_EDGE('',*,*,#2481,.F.);
#2483=CARTESIAN_POINT('',(-10.869004246,12.911573233,0.8));
#2484=DIRECTION('',(0.,0.,1.));
#2485=VECTOR('',#2484,2.5);
#2486=LINE('',#2483,#2485);
#2487=EDGE_CURVE('',#2467,#2476,#2486,.T.);
#2488=ORIENTED_EDGE('',*,*,#2487,.F.);
#2489=EDGE_LOOP('',(#2473,#2474,#2482,#2488));
#2490=FACE_BOUND('',#2489,.T.);
#2491=ADVANCED_FACE('',(#2490),#2465,.T.);
#2492=CARTESIAN_POINT('',(-9.909004246,12.911573233,-0.11));
#2493=DIRECTION('',(0.,1.,0.));
#2494=DIRECTION('',(0.,0.,1.));
#2495=AXIS2_PLACEMENT_3D('',#2492,#2493,#2494);
#2496=PLANE('',#2495);
#2497=CARTESIAN_POINT('',(-10.309157887,12.911573233,0.8));
#2498=VERTEX_POINT('',#2497);
#2499=CARTESIAN_POINT('',(-10.309157887,12.911573233,3.3));
#2500=VERTEX_POINT('',#2499);
#2501=CARTESIAN_POINT('',(-10.309157887,12.911573233,0.8));
#2502=DIRECTION('',(0.,0.,1.));
#2503=VECTOR('',#2502,2.5);
#2504=LINE('',#2501,#2503);
#2505=EDGE_CURVE('',#2498,#2500,#2504,.T.);
#2506=ORIENTED_EDGE('',*,*,#2505,.F.);
#2507=CARTESIAN_POINT('',(-10.309157887,12.911573233,0.8));
#2508=DIRECTION('',(-1.,0.,0.));
#2509=VECTOR('',#2508,0.559846359);
#2510=LINE('',#2507,#2509);
#2511=EDGE_CURVE('',#2498,#2467,#2510,.T.);
#2512=ORIENTED_EDGE('',*,*,#2511,.T.);
#2513=ORIENTED_EDGE('',*,*,#2487,.T.);
#2514=CARTESIAN_POINT('',(-10.309157887,12.911573233,3.3));
#2515=DIRECTION('',(-1.,-0.,0.));
#2516=VECTOR('',#2515,0.559846359);
#2517=LINE('',#2514,#2516);
#2518=EDGE_CURVE('',#2500,#2476,#2517,.T.);
#2519=ORIENTED_EDGE('',*,*,#2518,.F.);
#2520=EDGE_LOOP('',(#2506,#2512,#2513,#2519));
#2521=FACE_BOUND('',#2520,.T.);
#2522=ADVANCED_FACE('',(#2521),#2496,.T.);
#2523=CARTESIAN_POINT('',(16.040995754,7.261573233,0.8));
#2524=DIRECTION('',(0.,0.,-1.));
#2525=DIRECTION('',(1.,0.,0.));
#2526=AXIS2_PLACEMENT_3D('',#2523,#2524,#2525);
#2527=PLANE('',#2526);
#2528=ORIENTED_EDGE('',*,*,#2449,.T.);
#2529=ORIENTED_EDGE('',*,*,#2472,.F.);
#2530=ORIENTED_EDGE('',*,*,#2511,.F.);
#2531=CARTESIAN_POINT('',(-10.309157887,12.411573233,0.8));
#2532=VERTEX_POINT('',#2531);
#2533=CARTESIAN_POINT('',(-10.309157887,12.411573233,0.8));
#2534=DIRECTION('',(0.,1.,0.));
#2535=VECTOR('',#2534,0.5);
#2536=LINE('',#2533,#2535);
#2537=EDGE_CURVE('',#2532,#2498,#2536,.T.);
#2538=ORIENTED_EDGE('',*,*,#2537,.F.);
#2539=CARTESIAN_POINT('',(-9.709004246,12.411573233,0.8));
#2540=VERTEX_POINT('',#2539);
#2541=CARTESIAN_POINT('',(-10.309157887,12.411573233,0.8));
#2542=DIRECTION('',(1.,0.,-0.));
#2543=VECTOR('',#2542,0.600153641);
#2544=LINE('',#2541,#2543);
#2545=EDGE_CURVE('',#2532,#2540,#2544,.T.);
#2546=ORIENTED_EDGE('',*,*,#2545,.T.);
#2547=CARTESIAN_POINT('',(-9.709004246,12.411573233,0.8));
#2548=DIRECTION('',(0.,1.,0.));
#2549=VECTOR('',#2548,0.5);
#2550=LINE('',#2547,#2549);
#2551=EDGE_CURVE('',#2540,#2337,#2550,.T.);
#2552=ORIENTED_EDGE('',*,*,#2551,.T.);
#2553=ORIENTED_EDGE('',*,*,#2342,.F.);
#2554=CARTESIAN_POINT('',(-9.431846958,12.911573233,0.8));
#2555=DIRECTION('',(0.,-1.,0.));
#2556=VECTOR('',#2555,3.569832039);
#2557=LINE('',#2554,#2556);
#2558=EDGE_CURVE('',#2335,#2297,#2557,.T.);
#2559=ORIENTED_EDGE('',*,*,#2558,.T.);
#2560=ORIENTED_EDGE('',*,*,#2302,.F.);
#2561=ORIENTED_EDGE('',*,*,#2410,.T.);
#2562=EDGE_LOOP('',(#2528,#2529,#2530,#2538,#2546,#2552,#2553,#2559,#2560,#2561));
#2563=FACE_BOUND('',#2562,.T.);
#2564=ADVANCED_FACE('',(#2563),#2527,.T.);
#2565=CARTESIAN_POINT('',(16.040995754,7.261573233,3.3));
#2566=DIRECTION('',(0.,0.,-1.));
#2567=DIRECTION('',(1.,0.,0.));
#2568=AXIS2_PLACEMENT_3D('',#2565,#2566,#2567);
#2569=PLANE('',#2568);
#2570=ORIENTED_EDGE('',*,*,#2481,.T.);
#2571=ORIENTED_EDGE('',*,*,#2456,.F.);
#2572=ORIENTED_EDGE('',*,*,#2419,.T.);
#2573=ORIENTED_EDGE('',*,*,#2324,.T.);
#2574=ORIENTED_EDGE('',*,*,#2394,.T.);
#2575=ORIENTED_EDGE('',*,*,#2358,.T.);
#2576=CARTESIAN_POINT('',(-9.709004246,12.411573233,3.3));
#2577=VERTEX_POINT('',#2576);
#2578=CARTESIAN_POINT('',(-9.709004246,12.411573233,3.3));
#2579=DIRECTION('',(0.,1.,0.));
#2580=VECTOR('',#2579,0.5);
#2581=LINE('',#2578,#2580);
#2582=EDGE_CURVE('',#2577,#2345,#2581,.T.);
#2583=ORIENTED_EDGE('',*,*,#2582,.F.);
#2584=CARTESIAN_POINT('',(-10.309157887,12.411573233,3.3));
#2585=VERTEX_POINT('',#2584);
#2586=CARTESIAN_POINT('',(-10.309157887,12.411573233,3.3));
#2587=DIRECTION('',(1.,0.,-0.));
#2588=VECTOR('',#2587,0.600153641);
#2589=LINE('',#2586,#2588);
#2590=EDGE_CURVE('',#2585,#2577,#2589,.T.);
#2591=ORIENTED_EDGE('',*,*,#2590,.F.);
#2592=CARTESIAN_POINT('',(-10.309157887,12.411573233,3.3));
#2593=DIRECTION('',(0.,1.,0.));
#2594=VECTOR('',#2593,0.5);
#2595=LINE('',#2592,#2594);
#2596=EDGE_CURVE('',#2585,#2500,#2595,.T.);
#2597=ORIENTED_EDGE('',*,*,#2596,.T.);
#2598=ORIENTED_EDGE('',*,*,#2518,.T.);
#2599=EDGE_LOOP('',(#2570,#2571,#2572,#2573,#2574,#2575,#2583,#2591,#2597,#2598));
#2600=FACE_BOUND('',#2599,.T.);
#2601=ADVANCED_FACE('',(#2600),#2569,.F.);
#2602=CARTESIAN_POINT('',(-10.309157887,12.411573233,1.34));
#2603=DIRECTION('',(-1.,0.,0.));
#2604=DIRECTION('',(0.,0.,1.));
#2605=AXIS2_PLACEMENT_3D('',#2602,#2603,#2604);
#2606=PLANE('',#2605);
#2607=ORIENTED_EDGE('',*,*,#2537,.T.);
#2608=ORIENTED_EDGE('',*,*,#2505,.T.);
#2609=ORIENTED_EDGE('',*,*,#2596,.F.);
#2610=CARTESIAN_POINT('',(-10.309157887,12.411573233,0.8));
#2611=DIRECTION('',(0.,0.,1.));
#2612=VECTOR('',#2611,2.5);
#2613=LINE('',#2610,#2612);
#2614=EDGE_CURVE('',#2532,#2585,#2613,.T.);
#2615=ORIENTED_EDGE('',*,*,#2614,.F.);
#2616=EDGE_LOOP('',(#2607,#2608,#2609,#2615));
#2617=FACE_BOUND('',#2616,.T.);
#2618=ADVANCED_FACE('',(#2617),#2606,.F.);
#2619=CARTESIAN_POINT('',(-9.709004246,12.411573233,1.34));
#2620=DIRECTION('',(1.,0.,0.));
#2621=DIRECTION('',(0.,0.,-1.));
#2622=AXIS2_PLACEMENT_3D('',#2619,#2620,#2621);
#2623=PLANE('',#2622);
#2624=ORIENTED_EDGE('',*,*,#2350,.F.);
#2625=ORIENTED_EDGE('',*,*,#2551,.F.);
#2626=CARTESIAN_POINT('',(-9.709004246,12.411573233,0.8));
#2627=DIRECTION('',(0.,0.,1.));
#2628=VECTOR('',#2627,2.5);
#2629=LINE('',#2626,#2628);
#2630=EDGE_CURVE('',#2540,#2577,#2629,.T.);
#2631=ORIENTED_EDGE('',*,*,#2630,.T.);
#2632=ORIENTED_EDGE('',*,*,#2582,.T.);
#2633=EDGE_LOOP('',(#2624,#2625,#2631,#2632));
#2634=FACE_BOUND('',#2633,.T.);
#2635=ADVANCED_FACE('',(#2634),#2623,.F.);
#2636=CARTESIAN_POINT('',(-125.007920994,12.411573233,-428.81));
#2637=DIRECTION('',(0.,-1.,0.));
#2638=DIRECTION('',(1.,0.,0.));
#2639=AXIS2_PLACEMENT_3D('',#2636,#2637,#2638);
#2640=PLANE('',#2639);
#2641=ORIENTED_EDGE('',*,*,#2630,.F.);
#2642=ORIENTED_EDGE('',*,*,#2545,.F.);
#2643=ORIENTED_EDGE('',*,*,#2614,.T.);
#2644=ORIENTED_EDGE('',*,*,#2590,.T.);
#2645=EDGE_LOOP('',(#2641,#2642,#2643,#2644));
#2646=FACE_BOUND('',#2645,.T.);
#2647=ADVANCED_FACE('',(#2646),#2640,.F.);
#2648=CARTESIAN_POINT('',(-8.700425602,10.726139136,1.531421356));
#2649=DIRECTION('',(-0.707106781,0.,0.707106781));
#2650=DIRECTION('',(0.,1.,0.));
#2651=AXIS2_PLACEMENT_3D('',#2648,#2649,#2650);
#2652=PLANE('',#2651);
#2653=ORIENTED_EDGE('',*,*,#2310,.F.);
#2654=ORIENTED_EDGE('',*,*,#2558,.F.);
#2655=ORIENTED_EDGE('',*,*,#2372,.F.);
#2656=ORIENTED_EDGE('',*,*,#2387,.F.);
#2657=EDGE_LOOP('',(#2653,#2654,#2655,#2656));
#2658=FACE_BOUND('',#2657,.T.);
#2659=ADVANCED_FACE('',(#2658),#2652,.F.);
#2660=CARTESIAN_POINT('',(-349.684367374,11.319087355,-110.516913522));
#2661=DIRECTION('',(0.,-1.,0.));
#2662=DIRECTION('',(0.,0.,1.));
#2663=AXIS2_PLACEMENT_3D('',#2660,#2661,#2662);
#2664=PLANE('',#2663);
#2665=CARTESIAN_POINT('',(-9.94229988,11.319087582,2.506168527));
#2666=VERTEX_POINT('',#2665);
#2667=CARTESIAN_POINT('',(-10.284367374,11.319087368,2.608086478));
#2668=VERTEX_POINT('',#2667);
#2669=CARTESIAN_POINT('',(-10.284367374,11.319087368,1.983086478));
#2670=DIRECTION('',(0.,-1.,0.));
#2671=DIRECTION('',(0.,0.,1.));
#2672=AXIS2_PLACEMENT_3D('',#2669,#2670,#2671);
#2673=CIRCLE('',#2672,0.625);
#2674=EDGE_CURVE('',#2666,#2668,#2673,.T.);
#2675=ORIENTED_EDGE('',*,*,#2674,.T.);
#2676=CARTESIAN_POINT('',(-10.831143653,11.319087368,1.680331305));
#2677=VERTEX_POINT('',#2676);
#2678=CARTESIAN_POINT('',(-10.284367374,11.319087368,1.983086478));
#2679=DIRECTION('',(0.,-1.,0.));
#2680=DIRECTION('',(0.,0.,1.));
#2681=AXIS2_PLACEMENT_3D('',#2678,#2679,#2680);
#2682=CIRCLE('',#2681,0.625);
#2683=EDGE_CURVE('',#2668,#2677,#2682,.T.);
#2684=ORIENTED_EDGE('',*,*,#2683,.T.);
#2685=CARTESIAN_POINT('',(-9.73920986,11.319087307,1.397559998));
#2686=VERTEX_POINT('',#2685);
#2687=CARTESIAN_POINT('',(-10.831143586,11.319087355,1.680331192));
#2688=CARTESIAN_POINT('',(-10.81205041,11.319087355,1.628873969));
#2689=CARTESIAN_POINT('',(-10.786759996,11.319087355,1.580949042));
#2690=CARTESIAN_POINT('',(-10.755622694,11.319087355,1.536356719));
#2691=CARTESIAN_POINT('',(-10.724485393,11.319087355,1.491764395));
#2692=CARTESIAN_POINT('',(-10.687418624,11.319087355,1.450903927));
#2693=CARTESIAN_POINT('',(-10.646320056,11.319087355,1.415686475));
#2694=CARTESIAN_POINT('',(-10.605221487,11.319087355,1.380469023));
#2695=CARTESIAN_POINT('',(-10.559146589,11.319087355,1.349891198));
#2696=CARTESIAN_POINT('',(-10.510796315,11.319087355,1.325296512));
#2697=CARTESIAN_POINT('',(-10.462446041,11.319087355,1.300701826));
#2698=CARTESIAN_POINT('',(-10.411500343,11.319087355,1.28184307));
#2699=CARTESIAN_POINT('',(-10.358269423,11.319087355,1.26901018));
#2700=CARTESIAN_POINT('',(-10.305038502,11.319087355,1.256177289));
#2701=CARTESIAN_POINT('',(-10.251279459,11.319087355,1.249845609));
#2702=CARTESIAN_POINT('',(-10.197056924,11.319087355,1.249219531));
#2703=CARTESIAN_POINT('',(-10.142834389,11.319087355,1.248593454));
#2704=CARTESIAN_POINT('',(-10.087889733,11.319087355,1.253998376));
#2705=CARTESIAN_POINT('',(-10.034968869,11.319087355,1.265109545));
#2706=CARTESIAN_POINT('',(-9.92912714,11.319087355,1.287331883));
#2707=CARTESIAN_POINT('',(-9.827835774,11.319087355,1.333158508));
#2708=CARTESIAN_POINT('',(-9.739209274,11.319087355,1.397560323));
#2709=B_SPLINE_CURVE_WITH_KNOTS('',3,(#2687,#2688,#2689,#2690,#2691,#2692,#2693,#2694,#2695,#2696,#2697,#2698,#2699,#2700,#2701,#2702,#2703,#2704,#2705,#2706,#2707,#2708),.UNSPECIFIED.,.F.,.F.,(4,3,3,3,3,3,3,4),(0.,0.00016248,0.00032496,0.00048744,0.00064992,0.0008124,0.00097488,0.00129984),.UNSPECIFIED.);
#2710=EDGE_CURVE('',#2677,#2686,#2709,.T.);
#2711=ORIENTED_EDGE('',*,*,#2710,.T.);
#2712=CARTESIAN_POINT('',(-9.739209494,11.319087355,1.397560559));
#2713=CARTESIAN_POINT('',(-9.703912478,11.319087355,1.439486071));
#2714=CARTESIAN_POINT('',(-9.673545141,11.319087355,1.484306163));
#2715=CARTESIAN_POINT('',(-9.647912426,11.319087355,1.531906304));
#2716=CARTESIAN_POINT('',(-9.62227971,11.319087355,1.579506445));
#2717=CARTESIAN_POINT('',(-9.601161168,11.319087355,1.630551175));
#2718=CARTESIAN_POINT('',(-9.586179738,11.319087355,1.682656905));
#2719=CARTESIAN_POINT('',(-9.571198309,11.319087355,1.734762634));
#2720=CARTESIAN_POINT('',(-9.562030448,11.319087355,1.78793));
#2721=CARTESIAN_POINT('',(-9.55872534,11.319087355,1.842167982));
#2722=CARTESIAN_POINT('',(-9.555420233,11.319087355,1.896405964));
#2723=CARTESIAN_POINT('',(-9.55808936,11.319087355,1.951443738));
#2724=CARTESIAN_POINT('',(-9.566785729,11.319087355,2.004747211));
#2725=CARTESIAN_POINT('',(-9.575482098,11.319087355,2.058050683));
#2726=CARTESIAN_POINT('',(-9.590596202,11.319087355,2.110874974));
#2727=CARTESIAN_POINT('',(-9.611723274,11.319087355,2.161113198));
#2728=CARTESIAN_POINT('',(-9.632850345,11.319087355,2.211351421));
#2729=CARTESIAN_POINT('',(-9.659539759,11.319087355,2.258363299));
#2730=CARTESIAN_POINT('',(-9.691755902,11.319087355,2.302169488));
#2731=CARTESIAN_POINT('',(-9.756188189,11.319087355,2.389781867));
#2732=CARTESIAN_POINT('',(-9.84235864,11.319087355,2.460638741));
#2733=CARTESIAN_POINT('',(-9.942300811,11.319087355,2.506169379));
#2734=B_SPLINE_CURVE_WITH_KNOTS('',3,(#2712,#2713,#2714,#2715,#2716,#2717,#2718,#2719,#2720,#2721,#2722,#2723,#2724,#2725,#2726,#2727,#2728,#2729,#2730,#2731,#2732,#2733),.UNSPECIFIED.,.F.,.F.,(4,3,3,3,3,3,3,4),(0.,0.000162078,0.000324157,0.000486235,0.000648313,0.000810391,0.00097247,0.001296626),.UNSPECIFIED.);
#2735=EDGE_CURVE('',#2686,#2666,#2734,.T.);
#2736=ORIENTED_EDGE('',*,*,#2735,.T.);
#2737=EDGE_LOOP('',(#2675,#2684,#2711,#2736));
#2738=FACE_BOUND('',#2737,.T.);
#2739=ADVANCED_FACE('',(#2738),#2664,.T.);
#2740=CARTESIAN_POINT('',(-9.858475701,11.420137307,1.525657486));
#2741=CARTESIAN_POINT('',(-9.812819106,11.414516952,1.568166299));
#2742=CARTESIAN_POINT('',(-9.774116384,11.408945164,1.616867117));
#2743=CARTESIAN_POINT('',(-9.743101497,11.403543538,1.670586478));
#2744=CARTESIAN_POINT('',(-9.743088506,11.403541275,1.670608978));
#2745=CARTESIAN_POINT('',(-9.743075517,11.403539013,1.67063148));
#2746=CARTESIAN_POINT('',(-9.74306253,11.40353675,1.670653981));
#2747=CARTESIAN_POINT('',(-9.687913764,11.393929515,1.766201961));
#2748=CARTESIAN_POINT('',(-9.659367374,11.383983732,1.872765735));
#2749=CARTESIAN_POINT('',(-9.659367374,11.374376871,1.983086478));
#2750=CARTESIAN_POINT('',(-9.659367374,11.374374608,1.983112459));
#2751=CARTESIAN_POINT('',(-9.659367376,11.374372346,1.98313844));
#2752=CARTESIAN_POINT('',(-9.659367379,11.374370083,1.983164421));
#2753=CARTESIAN_POINT('',(-9.659381137,11.364762848,2.093485782));
#2754=CARTESIAN_POINT('',(-9.687941125,11.354817066,2.200045913));
#2755=CARTESIAN_POINT('',(-9.743101497,11.345210205,2.295586479));
#2756=CARTESIAN_POINT('',(-9.743114487,11.345207942,2.295608979));
#2757=CARTESIAN_POINT('',(-9.743127479,11.34520568,2.295631479));
#2758=CARTESIAN_POINT('',(-9.743140473,11.345203417,2.295653977));
#2759=CARTESIAN_POINT('',(-9.798313067,11.335596181,2.391188198));
#2760=CARTESIAN_POINT('',(-9.876326808,11.325650399,2.469191984));
#2761=CARTESIAN_POINT('',(-9.971867374,11.316043537,2.524352356));
#2762=CARTESIAN_POINT('',(-9.971889874,11.316041275,2.524365346));
#2763=CARTESIAN_POINT('',(-9.971912375,11.316039012,2.524378336));
#2764=CARTESIAN_POINT('',(-9.971934877,11.31603675,2.524391323));
#2765=CARTESIAN_POINT('',(-10.067482856,11.306429514,2.579540089));
#2766=CARTESIAN_POINT('',(-10.174046631,11.296483732,2.608086479));
#2767=CARTESIAN_POINT('',(-10.284367374,11.286876871,2.608086479));
#2768=CARTESIAN_POINT('',(-10.284393355,11.286874609,2.608086479));
#2769=CARTESIAN_POINT('',(-10.284419336,11.286872346,2.608086477));
#2770=CARTESIAN_POINT('',(-10.284445317,11.286870084,2.608086474));
#2771=CARTESIAN_POINT('',(-10.394766677,11.277262848,2.608072716));
#2772=CARTESIAN_POINT('',(-10.501326808,11.267317066,2.579512728));
#2773=CARTESIAN_POINT('',(-10.596867374,11.257710205,2.524352356));
#2774=CARTESIAN_POINT('',(-10.596889874,11.257707942,2.524339366));
#2775=CARTESIAN_POINT('',(-10.596912374,11.25770568,2.524326374));
#2776=CARTESIAN_POINT('',(-10.596934872,11.257703417,2.524313381));
#2777=CARTESIAN_POINT('',(-10.692469093,11.248096181,2.469140785));
#2778=CARTESIAN_POINT('',(-10.77047288,11.238150399,2.391127044));
#2779=CARTESIAN_POINT('',(-10.825633251,11.228543537,2.295586479));
#2780=CARTESIAN_POINT('',(-10.825646241,11.228541275,2.295563979));
#2781=CARTESIAN_POINT('',(-10.825659231,11.228539012,2.295541478));
#2782=CARTESIAN_POINT('',(-10.825672218,11.22853675,2.295518976));
#2783=CARTESIAN_POINT('',(-10.880820984,11.218929514,2.199970996));
#2784=CARTESIAN_POINT('',(-10.909367374,11.208983732,2.093407221));
#2785=CARTESIAN_POINT('',(-10.909367374,11.199376871,1.983086478));
#2786=CARTESIAN_POINT('',(-10.909367374,11.199374608,1.983060497));
#2787=CARTESIAN_POINT('',(-10.909367372,11.199372346,1.983034516));
#2788=CARTESIAN_POINT('',(-10.909367369,11.199370083,1.983008535));
#2789=CARTESIAN_POINT('',(-10.909353611,11.189762848,1.872687176));
#2790=CARTESIAN_POINT('',(-10.880793623,11.179817065,1.766127045));
#2791=CARTESIAN_POINT('',(-10.825633251,11.170210204,1.670586479));
#2792=CARTESIAN_POINT('',(-10.82562026,11.170207941,1.670563979));
#2793=CARTESIAN_POINT('',(-10.825607268,11.170205679,1.670541479));
#2794=CARTESIAN_POINT('',(-10.825594275,11.170203416,1.67051898));
#2795=CARTESIAN_POINT('',(-10.770421681,11.160596181,1.574984759));
#2796=CARTESIAN_POINT('',(-10.69240794,11.150650399,1.496980973));
#2797=CARTESIAN_POINT('',(-10.596867374,11.141043538,1.441820601));
#2798=CARTESIAN_POINT('',(-10.596844874,11.141041275,1.441807611));
#2799=CARTESIAN_POINT('',(-10.596822373,11.141039013,1.441794622));
#2800=CARTESIAN_POINT('',(-10.596799871,11.14103675,1.441781634));
#2801=CARTESIAN_POINT('',(-10.501251891,11.131429514,1.386632869));
#2802=CARTESIAN_POINT('',(-10.394688117,11.121483732,1.358086479));
#2803=CARTESIAN_POINT('',(-10.284367374,11.111876871,1.358086479));
#2804=CARTESIAN_POINT('',(-10.284341393,11.111874609,1.358086479));
#2805=CARTESIAN_POINT('',(-10.284315412,11.111872346,1.35808648));
#2806=CARTESIAN_POINT('',(-10.284289431,11.111870084,1.358086484));
#2807=CARTESIAN_POINT('',(-10.173968071,11.102262848,1.358100242));
#2808=CARTESIAN_POINT('',(-10.06740794,11.092317065,1.38666023));
#2809=CARTESIAN_POINT('',(-9.971867374,11.082710204,1.441820602));
#2810=CARTESIAN_POINT('',(-9.971844874,11.082707941,1.441833592));
#2811=CARTESIAN_POINT('',(-9.971822374,11.082705679,1.441846584));
#2812=CARTESIAN_POINT('',(-9.971799876,11.082703416,1.441859577));
#2813=CARTESIAN_POINT('',(-9.876265654,11.073096181,1.497032172));
#2814=CARTESIAN_POINT('',(-9.798261868,11.063150399,1.575045912));
#2815=CARTESIAN_POINT('',(-9.743101497,11.053543538,1.670586479));
#2816=CARTESIAN_POINT('',(-9.743088506,11.053541275,1.670608979));
#2817=CARTESIAN_POINT('',(-9.743075517,11.053539013,1.67063148));
#2818=CARTESIAN_POINT('',(-9.74306253,11.05353675,1.670653982));
#2819=CARTESIAN_POINT('',(-9.687913764,11.043929515,1.766201961));
#2820=CARTESIAN_POINT('',(-9.659367374,11.033983732,1.872765736));
#2821=CARTESIAN_POINT('',(-9.659367374,11.024376871,1.983086478));
#2822=CARTESIAN_POINT('',(-9.659367374,11.024374608,1.983112459));
#2823=CARTESIAN_POINT('',(-9.659367376,11.024372346,1.983138441));
#2824=CARTESIAN_POINT('',(-9.659367379,11.024370083,1.983164422));
#2825=CARTESIAN_POINT('',(-9.659381137,11.014762847,2.093485781));
#2826=CARTESIAN_POINT('',(-9.687941125,11.004817065,2.200045912));
#2827=CARTESIAN_POINT('',(-9.743101497,10.995210205,2.295586478));
#2828=CARTESIAN_POINT('',(-9.743114487,10.995207942,2.295608979));
#2829=CARTESIAN_POINT('',(-9.743127479,10.99520568,2.295631478));
#2830=CARTESIAN_POINT('',(-9.743140473,10.995203417,2.295653977));
#2831=CARTESIAN_POINT('',(-9.798313067,10.985596181,2.391188198));
#2832=CARTESIAN_POINT('',(-9.876326808,10.975650399,2.469191985));
#2833=CARTESIAN_POINT('',(-9.971867374,10.966043537,2.524352356));
#2834=CARTESIAN_POINT('',(-9.971889874,10.966041275,2.524365347));
#2835=CARTESIAN_POINT('',(-9.971912375,10.966039012,2.524378336));
#2836=CARTESIAN_POINT('',(-9.971934877,10.96603675,2.524391324));
#2837=CARTESIAN_POINT('',(-10.067482856,10.956429514,2.579540089));
#2838=CARTESIAN_POINT('',(-10.174046631,10.946483732,2.608086479));
#2839=CARTESIAN_POINT('',(-10.284367374,10.936876871,2.608086479));
#2840=CARTESIAN_POINT('',(-10.284393355,10.936874609,2.608086479));
#2841=CARTESIAN_POINT('',(-10.284419336,10.936872346,2.608086477));
#2842=CARTESIAN_POINT('',(-10.284445317,10.936870083,2.608086474));
#2843=CARTESIAN_POINT('',(-10.394766677,10.927262848,2.608072716));
#2844=CARTESIAN_POINT('',(-10.501326808,10.917317066,2.579512727));
#2845=CARTESIAN_POINT('',(-10.596867374,10.907710205,2.524352356));
#2846=CARTESIAN_POINT('',(-10.596889874,10.907707942,2.524339365));
#2847=CARTESIAN_POINT('',(-10.596912374,10.90770568,2.524326373));
#2848=CARTESIAN_POINT('',(-10.596934872,10.907703417,2.52431338));
#2849=CARTESIAN_POINT('',(-10.692469093,10.898096181,2.469140785));
#2850=CARTESIAN_POINT('',(-10.77047288,10.888150399,2.391127045));
#2851=CARTESIAN_POINT('',(-10.825633251,10.878543537,2.295586479));
#2852=CARTESIAN_POINT('',(-10.825646241,10.878541275,2.295563979));
#2853=CARTESIAN_POINT('',(-10.825659231,10.878539012,2.295541478));
#2854=CARTESIAN_POINT('',(-10.825672218,10.87853675,2.295518976));
#2855=CARTESIAN_POINT('',(-10.880820984,10.868929514,2.199970997));
#2856=CARTESIAN_POINT('',(-10.909367374,10.858983732,2.093407222));
#2857=CARTESIAN_POINT('',(-10.909367374,10.849376871,1.983086479));
#2858=CARTESIAN_POINT('',(-10.909367374,10.849374608,1.983060498));
#2859=CARTESIAN_POINT('',(-10.909367372,10.849372346,1.983034517));
#2860=CARTESIAN_POINT('',(-10.909367369,10.849370083,1.983008535));
#2861=CARTESIAN_POINT('',(-10.909353611,10.839762848,1.872687176));
#2862=CARTESIAN_POINT('',(-10.880793623,10.829817065,1.766127045));
#2863=CARTESIAN_POINT('',(-10.825633251,10.820210204,1.670586479));
#2864=CARTESIAN_POINT('',(-10.82562026,10.820207941,1.670563979));
#2865=CARTESIAN_POINT('',(-10.825607268,10.820205679,1.670541479));
#2866=CARTESIAN_POINT('',(-10.825594275,10.820203416,1.670518981));
#2867=CARTESIAN_POINT('',(-10.770421681,10.810596181,1.574984759));
#2868=CARTESIAN_POINT('',(-10.69240794,10.800650399,1.496980973));
#2869=CARTESIAN_POINT('',(-10.596867374,10.791043537,1.441820602));
#2870=CARTESIAN_POINT('',(-10.596844874,10.791041275,1.441807611));
#2871=CARTESIAN_POINT('',(-10.596822373,10.791039013,1.441794622));
#2872=CARTESIAN_POINT('',(-10.596799871,10.79103675,1.441781634));
#2873=CARTESIAN_POINT('',(-10.501251891,10.781429514,1.386632869));
#2874=CARTESIAN_POINT('',(-10.394688117,10.771483732,1.358086479));
#2875=CARTESIAN_POINT('',(-10.284367374,10.761876871,1.358086479));
#2876=CARTESIAN_POINT('',(-10.284341393,10.761874609,1.358086479));
#2877=CARTESIAN_POINT('',(-10.284315412,10.761872346,1.358086481));
#2878=CARTESIAN_POINT('',(-10.284289431,10.761870084,1.358086484));
#2879=CARTESIAN_POINT('',(-10.173968071,10.752262848,1.358100242));
#2880=CARTESIAN_POINT('',(-10.06740794,10.742317065,1.38666023));
#2881=CARTESIAN_POINT('',(-9.971867374,10.732710204,1.441820601));
#2882=CARTESIAN_POINT('',(-9.971844874,10.732707941,1.441833591));
#2883=CARTESIAN_POINT('',(-9.971822374,10.732705679,1.441846583));
#2884=CARTESIAN_POINT('',(-9.971799876,10.732703416,1.441859577));
#2885=CARTESIAN_POINT('',(-9.876265654,10.723096181,1.497032172));
#2886=CARTESIAN_POINT('',(-9.798261868,10.713150399,1.575045913));
#2887=CARTESIAN_POINT('',(-9.743101497,10.703543537,1.670586479));
#2888=CARTESIAN_POINT('',(-9.743088506,10.703541275,1.670608979));
#2889=CARTESIAN_POINT('',(-9.743075517,10.703539013,1.67063148));
#2890=CARTESIAN_POINT('',(-9.74306253,10.70353675,1.670653982));
#2891=CARTESIAN_POINT('',(-9.687913764,10.693929514,1.766201961));
#2892=CARTESIAN_POINT('',(-9.659367374,10.683983732,1.872765736));
#2893=CARTESIAN_POINT('',(-9.659367374,10.674376871,1.983086479));
#2894=CARTESIAN_POINT('',(-9.659367374,10.674374608,1.98311246));
#2895=CARTESIAN_POINT('',(-9.659367376,10.674372346,1.983138441));
#2896=CARTESIAN_POINT('',(-9.659367379,10.674370083,1.983164422));
#2897=CARTESIAN_POINT('',(-9.659381137,10.664762847,2.093485782));
#2898=CARTESIAN_POINT('',(-9.687941125,10.654817065,2.200045913));
#2899=CARTESIAN_POINT('',(-9.743101497,10.645210205,2.295586479));
#2900=CARTESIAN_POINT('',(-9.743114487,10.645207942,2.295608979));
#2901=CARTESIAN_POINT('',(-9.743127479,10.64520568,2.295631478));
#2902=CARTESIAN_POINT('',(-9.743140473,10.645203417,2.295653977));
#2903=CARTESIAN_POINT('',(-9.792290211,10.636644944,2.380759309));
#2904=CARTESIAN_POINT('',(-9.859869856,10.627778567,2.452264778));
#2905=CARTESIAN_POINT('',(-9.942304537,10.619087091,2.506171573));
#2906=CARTESIAN_POINT('',(-9.73920986,11.319087307,1.397559998));
#2907=CARTESIAN_POINT('',(-9.680767685,11.313466952,1.451972893));
#2908=CARTESIAN_POINT('',(-9.631226731,11.307895164,1.51431179));
#2909=CARTESIAN_POINT('',(-9.591526497,11.302493538,1.583074612));
#2910=CARTESIAN_POINT('',(-9.591509869,11.302491275,1.583103413));
#2911=CARTESIAN_POINT('',(-9.591493242,11.302489013,1.583132215));
#2912=CARTESIAN_POINT('',(-9.591476617,11.30248675,1.583161018));
#2913=CARTESIAN_POINT('',(-9.520884104,11.292879515,1.70546606));
#2914=CARTESIAN_POINT('',(-9.48434364,11.282933732,1.841871738));
#2915=CARTESIAN_POINT('',(-9.48434364,11.27332687,1.983086479));
#2916=CARTESIAN_POINT('',(-9.48434364,11.273324608,1.983119735));
#2917=CARTESIAN_POINT('',(-9.484343642,11.273322346,1.983152992));
#2918=CARTESIAN_POINT('',(-9.484343646,11.273320083,1.983186249));
#2919=CARTESIAN_POINT('',(-9.484361257,11.263712847,2.124401779));
#2920=CARTESIAN_POINT('',(-9.520919127,11.253767065,2.260802794));
#2921=CARTESIAN_POINT('',(-9.591526497,11.244160204,2.383098346));
#2922=CARTESIAN_POINT('',(-9.591543125,11.244157942,2.383127147));
#2923=CARTESIAN_POINT('',(-9.591559755,11.244155679,2.383155947));
#2924=CARTESIAN_POINT('',(-9.591576387,11.244153416,2.383184747));
#2925=CARTESIAN_POINT('',(-9.662199403,11.234546181,2.505472177));
#2926=CARTESIAN_POINT('',(-9.762059954,11.224600399,2.605319986));
#2927=CARTESIAN_POINT('',(-9.884355507,11.214993538,2.675927356));
#2928=CARTESIAN_POINT('',(-9.884384308,11.214991275,2.675943984));
#2929=CARTESIAN_POINT('',(-9.88441311,11.214989013,2.675960611));
#2930=CARTESIAN_POINT('',(-9.884441914,11.21498675,2.675977236));
#2931=CARTESIAN_POINT('',(-10.006746956,11.205379514,2.746569749));
#2932=CARTESIAN_POINT('',(-10.143152634,11.195433732,2.783110213));
#2933=CARTESIAN_POINT('',(-10.284367374,11.185826871,2.783110213));
#2934=CARTESIAN_POINT('',(-10.284400631,11.185824608,2.783110213));
#2935=CARTESIAN_POINT('',(-10.284433887,11.185822346,2.783110211));
#2936=CARTESIAN_POINT('',(-10.284467144,11.185820083,2.783110207));
#2937=CARTESIAN_POINT('',(-10.425682674,11.176212848,2.783092596));
#2938=CARTESIAN_POINT('',(-10.562083688,11.166267065,2.746534726));
#2939=CARTESIAN_POINT('',(-10.684379241,11.156660204,2.675927356));
#2940=CARTESIAN_POINT('',(-10.684408042,11.156657942,2.675910728));
#2941=CARTESIAN_POINT('',(-10.684436842,11.156655679,2.675894098));
#2942=CARTESIAN_POINT('',(-10.684465641,11.156653416,2.675877466));
#2943=CARTESIAN_POINT('',(-10.806753072,11.147046181,2.605254449));
#2944=CARTESIAN_POINT('',(-10.906600881,11.137100399,2.505393899));
#2945=CARTESIAN_POINT('',(-10.977208251,11.127493538,2.383098346));
#2946=CARTESIAN_POINT('',(-10.977224879,11.127491275,2.383069545));
#2947=CARTESIAN_POINT('',(-10.977241506,11.127489013,2.383040743));
#2948=CARTESIAN_POINT('',(-10.977258131,11.12748675,2.383011939));
#2949=CARTESIAN_POINT('',(-11.047850644,11.117879514,2.260706897));
#2950=CARTESIAN_POINT('',(-11.084391108,11.107933732,2.124301219));
#2951=CARTESIAN_POINT('',(-11.084391108,11.098326871,1.983086479));
#2952=CARTESIAN_POINT('',(-11.084391108,11.098324609,1.983053222));
#2953=CARTESIAN_POINT('',(-11.084391106,11.098322346,1.983019966));
#2954=CARTESIAN_POINT('',(-11.084391102,11.098320084,1.982986709));
#2955=CARTESIAN_POINT('',(-11.084373491,11.088712848,1.841771178));
#2956=CARTESIAN_POINT('',(-11.047815621,11.078767065,1.705370164));
#2957=CARTESIAN_POINT('',(-10.977208251,11.069160204,1.583074612));
#2958=CARTESIAN_POINT('',(-10.977191623,11.069157942,1.583045811));
#2959=CARTESIAN_POINT('',(-10.977174992,11.069155679,1.583017011));
#2960=CARTESIAN_POINT('',(-10.97715836,11.069153417,1.582988212));
#2961=CARTESIAN_POINT('',(-10.906535345,11.059546181,1.460700781));
#2962=CARTESIAN_POINT('',(-10.806674794,11.049600399,1.360852972));
#2963=CARTESIAN_POINT('',(-10.684379241,11.039993538,1.290245602));
#2964=CARTESIAN_POINT('',(-10.68435044,11.039991275,1.290228973));
#2965=CARTESIAN_POINT('',(-10.684321638,11.039989013,1.290212347));
#2966=CARTESIAN_POINT('',(-10.684292834,11.03998675,1.290195722));
#2967=CARTESIAN_POINT('',(-10.561987792,11.030379514,1.219603209));
#2968=CARTESIAN_POINT('',(-10.425582114,11.020433732,1.183062745));
#2969=CARTESIAN_POINT('',(-10.284367374,11.010826871,1.183062745));
#2970=CARTESIAN_POINT('',(-10.284334117,11.010824609,1.183062745));
#2971=CARTESIAN_POINT('',(-10.284300861,11.010822346,1.183062747));
#2972=CARTESIAN_POINT('',(-10.284267604,11.010820084,1.183062751));
#2973=CARTESIAN_POINT('',(-10.143052074,11.001212848,1.183080362));
#2974=CARTESIAN_POINT('',(-10.00665106,10.991267065,1.219638231));
#2975=CARTESIAN_POINT('',(-9.884355507,10.981660204,1.290245601));
#2976=CARTESIAN_POINT('',(-9.884326706,10.981657942,1.290262229));
#2977=CARTESIAN_POINT('',(-9.884297906,10.981655679,1.290278859));
#2978=CARTESIAN_POINT('',(-9.884269106,10.981653417,1.290295491));
#2979=CARTESIAN_POINT('',(-9.761981675,10.972046181,1.360918508));
#2980=CARTESIAN_POINT('',(-9.662133867,10.962100399,1.460779059));
#2981=CARTESIAN_POINT('',(-9.591526497,10.952493538,1.583074612));
#2982=CARTESIAN_POINT('',(-9.591509869,10.952491275,1.583103413));
#2983=CARTESIAN_POINT('',(-9.591493242,10.952489013,1.583132215));
#2984=CARTESIAN_POINT('',(-9.591476617,10.95248675,1.583161018));
#2985=CARTESIAN_POINT('',(-9.520884104,10.942879515,1.70546606));
#2986=CARTESIAN_POINT('',(-9.48434364,10.932933732,1.841871739));
#2987=CARTESIAN_POINT('',(-9.48434364,10.923326871,1.983086479));
#2988=CARTESIAN_POINT('',(-9.48434364,10.923324609,1.983119736));
#2989=CARTESIAN_POINT('',(-9.484343642,10.923322346,1.983152992));
#2990=CARTESIAN_POINT('',(-9.484343646,10.923320084,1.983186249));
#2991=CARTESIAN_POINT('',(-9.484361257,10.913712848,2.124401779));
#2992=CARTESIAN_POINT('',(-9.520919127,10.903767065,2.260802793));
#2993=CARTESIAN_POINT('',(-9.591526497,10.894160204,2.383098345));
#2994=CARTESIAN_POINT('',(-9.591543125,10.894157941,2.383127146));
#2995=CARTESIAN_POINT('',(-9.591559755,10.894155679,2.383155947));
#2996=CARTESIAN_POINT('',(-9.591576387,10.894153416,2.383184746));
#2997=CARTESIAN_POINT('',(-9.662199403,10.884546181,2.505472177));
#2998=CARTESIAN_POINT('',(-9.762059954,10.874600398,2.605319986));
#2999=CARTESIAN_POINT('',(-9.884355507,10.864993538,2.675927356));
#3000=CARTESIAN_POINT('',(-9.884384308,10.864991275,2.675943984));
#3001=CARTESIAN_POINT('',(-9.88441311,10.864989013,2.675960611));
#3002=CARTESIAN_POINT('',(-9.884441914,10.86498675,2.675977236));
#3003=CARTESIAN_POINT('',(-10.006746956,10.855379514,2.746569749));
#3004=CARTESIAN_POINT('',(-10.143152634,10.845433732,2.783110213));
#3005=CARTESIAN_POINT('',(-10.284367374,10.835826871,2.783110213));
#3006=CARTESIAN_POINT('',(-10.284400631,10.835824608,2.783110213));
#3007=CARTESIAN_POINT('',(-10.284433887,10.835822346,2.783110211));
#3008=CARTESIAN_POINT('',(-10.284467144,10.835820083,2.783110207));
#3009=CARTESIAN_POINT('',(-10.425682674,10.826212848,2.783092596));
#3010=CARTESIAN_POINT('',(-10.562083688,10.816267065,2.746534727));
#3011=CARTESIAN_POINT('',(-10.684379241,10.806660204,2.675927357));
#3012=CARTESIAN_POINT('',(-10.684408042,10.806657941,2.675910728));
#3013=CARTESIAN_POINT('',(-10.684436842,10.806655679,2.675894098));
#3014=CARTESIAN_POINT('',(-10.684465641,10.806653416,2.675877466));
#3015=CARTESIAN_POINT('',(-10.806753072,10.797046181,2.605254449));
#3016=CARTESIAN_POINT('',(-10.906600881,10.787100399,2.505393898));
#3017=CARTESIAN_POINT('',(-10.977208251,10.777493538,2.383098346));
#3018=CARTESIAN_POINT('',(-10.977224879,10.777491275,2.383069545));
#3019=CARTESIAN_POINT('',(-10.977241506,10.777489013,2.383040743));
#3020=CARTESIAN_POINT('',(-10.977258131,10.77748675,2.383011939));
#3021=CARTESIAN_POINT('',(-11.047850644,10.767879514,2.260706898));
#3022=CARTESIAN_POINT('',(-11.084391108,10.757933732,2.124301219));
#3023=CARTESIAN_POINT('',(-11.084391108,10.748326871,1.983086479));
#3024=CARTESIAN_POINT('',(-11.084391108,10.748324609,1.983053223));
#3025=CARTESIAN_POINT('',(-11.084391106,10.748322346,1.983019966));
#3026=CARTESIAN_POINT('',(-11.084391102,10.748320084,1.982986709));
#3027=CARTESIAN_POINT('',(-11.084373491,10.738712848,1.841771179));
#3028=CARTESIAN_POINT('',(-11.047815621,10.728767065,1.705370164));
#3029=CARTESIAN_POINT('',(-10.977208251,10.719160204,1.583074611));
#3030=CARTESIAN_POINT('',(-10.977191623,10.719157942,1.58304581));
#3031=CARTESIAN_POINT('',(-10.977174992,10.719155679,1.58301701));
#3032=CARTESIAN_POINT('',(-10.97715836,10.719153417,1.582988211));
#3033=CARTESIAN_POINT('',(-10.906535345,10.709546181,1.460700781));
#3034=CARTESIAN_POINT('',(-10.806674794,10.699600399,1.360852972));
#3035=CARTESIAN_POINT('',(-10.684379241,10.689993538,1.290245602));
#3036=CARTESIAN_POINT('',(-10.68435044,10.689991275,1.290228974));
#3037=CARTESIAN_POINT('',(-10.684321638,10.689989013,1.290212347));
#3038=CARTESIAN_POINT('',(-10.684292834,10.68998675,1.290195722));
#3039=CARTESIAN_POINT('',(-10.561987792,10.680379514,1.219603208));
#3040=CARTESIAN_POINT('',(-10.425582114,10.670433732,1.183062745));
#3041=CARTESIAN_POINT('',(-10.284367374,10.660826871,1.183062745));
#3042=CARTESIAN_POINT('',(-10.284334117,10.660824609,1.183062745));
#3043=CARTESIAN_POINT('',(-10.284300861,10.660822346,1.183062747));
#3044=CARTESIAN_POINT('',(-10.284267604,10.660820084,1.183062751));
#3045=CARTESIAN_POINT('',(-10.143052074,10.651212847,1.183080362));
#3046=CARTESIAN_POINT('',(-10.00665106,10.641267065,1.219638231));
#3047=CARTESIAN_POINT('',(-9.884355507,10.631660204,1.290245601));
#3048=CARTESIAN_POINT('',(-9.884326706,10.631657942,1.29026223));
#3049=CARTESIAN_POINT('',(-9.884297906,10.631655679,1.29027886));
#3050=CARTESIAN_POINT('',(-9.884269106,10.631653417,1.290295492));
#3051=CARTESIAN_POINT('',(-9.761981675,10.622046181,1.360918508));
#3052=CARTESIAN_POINT('',(-9.662133867,10.612100399,1.46077906));
#3053=CARTESIAN_POINT('',(-9.591526497,10.602493538,1.583074612));
#3054=CARTESIAN_POINT('',(-9.591509869,10.602491275,1.583103413));
#3055=CARTESIAN_POINT('',(-9.591493242,10.602489013,1.583132215));
#3056=CARTESIAN_POINT('',(-9.591476617,10.60248675,1.583161019));
#3057=CARTESIAN_POINT('',(-9.520884104,10.592879515,1.70546606));
#3058=CARTESIAN_POINT('',(-9.48434364,10.582933732,1.841871738));
#3059=CARTESIAN_POINT('',(-9.48434364,10.573326871,1.983086478));
#3060=CARTESIAN_POINT('',(-9.48434364,10.573324609,1.983119735));
#3061=CARTESIAN_POINT('',(-9.484343642,10.573322346,1.983152992));
#3062=CARTESIAN_POINT('',(-9.484343646,10.573320084,1.983186249));
#3063=CARTESIAN_POINT('',(-9.484361257,10.563712847,2.124401779));
#3064=CARTESIAN_POINT('',(-9.520919127,10.553767065,2.260802793));
#3065=CARTESIAN_POINT('',(-9.591526497,10.544160204,2.383098346));
#3066=CARTESIAN_POINT('',(-9.591543125,10.544157941,2.383127147));
#3067=CARTESIAN_POINT('',(-9.591559755,10.544155679,2.383155947));
#3068=CARTESIAN_POINT('',(-9.591576387,10.544153416,2.383184746));
#3069=CARTESIAN_POINT('',(-9.654489919,10.535594944,2.492122803));
#3070=CARTESIAN_POINT('',(-9.740994431,10.526728567,2.583652518));
#3071=CARTESIAN_POINT('',(-9.846513953,10.518037091,2.652655263));
#3072=(BOUNDED_SURFACE()
B_SPLINE_SURFACE(1,3,((#2740,#2741,#2742,#2743,#2744,#2745,#2746,#2747,#2748,#2749,#2750,#2751,#2752,#2753,#2754,#2755,#2756,#2757,#2758,#2759,#2760,#2761,#2762,#2763,#2764,#2765,
#2766,#2767,#2768,#2769,#2770,#2771,#2772,#2773,#2774,#2775,#2776,#2777,#2778,#2779,#2780,#2781,#2782,#2783,#2784,#2785,#2786,#2787,#2788,#2789,#2790,
#2791,#2792,#2793,#2794,#2795,#2796,#2797,#2798,#2799,#2800,#2801,#2802,#2803,#2804,#2805,#2806,#2807,#2808,#2809,#2810,#2811,#2812,#2813,#2814,#2815,
#2816,#2817,#2818,#2819,#2820,#2821,#2822,#2823,#2824,#2825,#2826,#2827,#2828,#2829,#2830,#2831,#2832,#2833,#2834,#2835,#2836,#2837,#2838,#2839,#2840,
#2841,#2842,#2843,#2844,#2845,#2846,#2847,#2848,#2849,#2850,#2851,#2852,#2853,#2854,#2855,#2856,#2857,#2858,#2859,#2860,#2861,#2862,#2863,#2864,#2865,
#2866,#2867,#2868,#2869,#2870,#2871,#2872,#2873,#2874,#2875,#2876,#2877,#2878,#2879,#2880,#2881,#2882,#2883,#2884,#2885,#2886,#2887,#2888,#2889,#2890,
#2891,#2892,#2893,#2894,#2895,#2896,#2897,#2898,#2899,#2900,#2901,#2902,#2903,#2904,#2905),(#2906,#2907,#2908,#2909,#2910,#2911,#2912,#2913,#2914,#2915,#2916,#2917,#2918,#2919,#2920,#2921,#2922,#2923,#2924,#2925,#2926,#2927,#2928,#2929,#2930,#2931,
#2932,#2933,#2934,#2935,#2936,#2937,#2938,#2939,#2940,#2941,#2942,#2943,#2944,#2945,#2946,#2947,#2948,#2949,#2950,#2951,#2952,#2953,#2954,#2955,#2956,
#2957,#2958,#2959,#2960,#2961,#2962,#2963,#2964,#2965,#2966,#2967,#2968,#2969,#2970,#2971,#2972,#2973,#2974,#2975,#2976,#2977,#2978,#2979,#2980,#2981,
#2982,#2983,#2984,#2985,#2986,#2987,#2988,#2989,#2990,#2991,#2992,#2993,#2994,#2995,#2996,#2997,#2998,#2999,#3000,#3001,#3002,#3003,#3004,#3005,#3006,
#3007,#3008,#3009,#3010,#3011,#3012,#3013,#3014,#3015,#3016,#3017,#3018,#3019,#3020,#3021,#3022,#3023,#3024,#3025,#3026,#3027,#3028,#3029,#3030,#3031,
#3032,#3033,#3034,#3035,#3036,#3037,#3038,#3039,#3040,#3041,#3042,#3043,#3044,#3045,#3046,#3047,#3048,#3049,#3050,#3051,#3052,#3053,#3054,#3055,#3056,
#3057,#3058,#3059,#3060,#3061,#3062,#3063,#3064,#3065,#3066,#3067,#3068,#3069,#3070,#3071)),.UNSPECIFIED.,.F.,.F.,.U.)
B_SPLINE_SURFACE_WITH_KNOTS((2,2),(4,3,3,3,3,3,3,3,3,3,3,3,3,3,3,3,3,3,3,3,3,3,3,3,3,3,
3,3,3,3,3,3,3,3,3,3,3,3,3,3,3,3,3,3,3,3,3,3,3,3,3,
3,3,3,3,4),(0.,1.),(0.68718622,0.689814815,0.68981593,0.694444444,0.694445559,0.699074074,0.699075189,0.703703704,0.703704819,0.708333333,0.708334448,0.712962963,0.712964078,0.717592593,0.717593708,0.722222222,0.722223337,0.726851852,0.726852967,0.731481481,0.731482596,0.736111111,0.736112226,0.740740741,0.740741856,0.74537037,
0.745371485,0.75,0.750001115,0.75462963,0.754630745,0.759259259,0.759260374,0.763888889,0.763890004,0.768518519,0.768519634,0.773148148,0.773149263,0.777777778,0.777778893,0.782407407,0.782408522,0.787037037,0.787038152,0.791666667,0.791667782,0.796296296,0.796297411,0.800925926,0.800927041,
0.805555556,0.805556671,0.810185185,0.8101863,0.814319791),.UNSPECIFIED.)
GEOMETRIC_REPRESENTATION_ITEM()
RATIONAL_B_SPLINE_SURFACE(((0.983275963,0.981527645,0.987102324,1.,0.999994527,0.999989056,0.999983586,0.977283885,0.977289357,1.,0.999994527,0.999989056,0.999983586,0.977283885,0.977289357,1.,0.999994527,0.999989056,0.999983586,0.977283885,0.977289357,1.,0.999994527,0.999989056,0.999983586,0.977283885,
0.977289357,1.,0.999994527,0.999989056,0.999983586,0.977283885,0.977289357,1.,0.999994527,0.999989056,0.999983586,0.977283885,0.977289357,1.,0.999994527,0.999989056,0.999983586,0.977283885,0.977289357,1.,0.999994527,0.999989056,0.999983586,0.977283885,0.977289357,
1.,0.999994527,0.999989056,0.999983586,0.977283885,0.977289357,1.,0.999994527,0.999989056,0.999983586,0.977283885,0.977289357,1.,0.999994527,0.999989056,0.999983586,0.977283885,0.977289357,1.,0.999994527,0.999989056,0.999983586,0.977283885,0.977289357,1.,
0.999994527,0.999989056,0.999983586,0.977283885,0.977289357,1.,0.999994527,0.999989056,0.999983586,0.977283885,0.977289357,1.,0.999994527,0.999989056,0.999983586,0.977283885,0.977289357,1.,0.999994527,0.999989056,0.999983586,0.977283885,0.977289357,1.,0.999994527,
0.999989056,0.999983586,0.977283885,0.977289357,1.,0.999994527,0.999989056,0.999983586,0.977283885,0.977289357,1.,0.999994527,0.999989056,0.999983586,0.977283885,0.977289357,1.,0.999994527,0.999989056,0.999983586,0.977283885,0.977289357,1.,0.999994527,0.999989056,
0.999983586,0.977283885,0.977289357,1.,0.999994527,0.999989056,0.999983586,0.977283885,0.977289357,1.,0.999994527,0.999989056,0.999983586,0.977283885,0.977289357,1.,0.999994527,0.999989056,0.999983586,0.977283885,0.977289357,1.,0.999994527,0.999989056,0.999983586,
0.977283885,0.977289357,1.,0.999994527,0.999989056,0.999983586,0.977283885,0.977289357,1.,0.999994527,0.999989056,0.999983586,0.979711639,0.977547899,0.993492367),(0.983275963,0.981527645,0.987102324,1.,0.999994527,0.999989056,0.999983586,0.977283885,0.977289357,1.,0.999994527,0.999989056,0.999983586,0.977283885,0.977289357,1.,0.999994527,0.999989056,0.999983586,0.977283885,0.977289357,1.,0.999994527,0.999989056,0.999983586,0.977283885,
0.977289357,1.,0.999994527,0.999989056,0.999983586,0.977283885,0.977289357,1.,0.999994527,0.999989056,0.999983586,0.977283885,0.977289357,1.,0.999994527,0.999989056,0.999983586,0.977283885,0.977289357,1.,0.999994527,0.999989056,0.999983586,0.977283885,0.977289357,
1.,0.999994527,0.999989056,0.999983586,0.977283885,0.977289357,1.,0.999994527,0.999989056,0.999983586,0.977283885,0.977289357,1.,0.999994527,0.999989056,0.999983586,0.977283885,0.977289357,1.,0.999994527,0.999989056,0.999983586,0.977283885,0.977289357,1.,
0.999994527,0.999989056,0.999983586,0.977283885,0.977289357,1.,0.999994527,0.999989056,0.999983586,0.977283885,0.977289357,1.,0.999994527,0.999989056,0.999983586,0.977283885,0.977289357,1.,0.999994527,0.999989056,0.999983586,0.977283885,0.977289357,1.,0.999994527,
0.999989056,0.999983586,0.977283885,0.977289357,1.,0.999994527,0.999989056,0.999983586,0.977283885,0.977289357,1.,0.999994527,0.999989056,0.999983586,0.977283885,0.977289357,1.,0.999994527,0.999989056,0.999983586,0.977283885,0.977289357,1.,0.999994527,0.999989056,
0.999983586,0.977283885,0.977289357,1.,0.999994527,0.999989056,0.999983586,0.977283885,0.977289357,1.,0.999994527,0.999989056,0.999983586,0.977283885,0.977289357,1.,0.999994527,0.999989056,0.999983586,0.977283885,0.977289357,1.,0.999994527,0.999989056,0.999983586,
0.977283885,0.977289357,1.,0.999994527,0.999989056,0.999983586,0.977283885,0.977289357,1.,0.999994527,0.999989056,0.999983586,0.979711639,0.977547899,0.993492367)))
REPRESENTATION_ITEM('')
SURFACE()
);
#3073=CARTESIAN_POINT('',(-10.284367374,10.936876871,2.608086478));
#3074=VERTEX_POINT('',#3073);
#3075=CARTESIAN_POINT('',(-10.284367374,10.936876871,2.608086478));
#3076=CARTESIAN_POINT('',(-10.357787572,10.930483353,2.608086478));
#3077=CARTESIAN_POINT('',(-10.432926208,10.923628443,2.594730854));
#3078=CARTESIAN_POINT('',(-10.502751227,10.916940966,2.568691714));
#3079=CARTESIAN_POINT('',(-10.572576246,10.91025349,2.542652575));
#3080=CARTESIAN_POINT('',(-10.63653635,10.903932802,2.504781743));
#3081=CARTESIAN_POINT('',(-10.692978924,10.897226642,2.456015227));
#3082=CARTESIAN_POINT('',(-10.805864071,10.883814321,2.358482194));
#3083=CARTESIAN_POINT('',(-10.881449784,10.870686773,2.220319864));
#3084=CARTESIAN_POINT('',(-10.902866145,10.85735877,2.072999048));
#3085=CARTESIAN_POINT('',(-10.913574326,10.850694769,1.99933864));
#3086=CARTESIAN_POINT('',(-10.911121698,10.844357506,1.924986326));
#3087=CARTESIAN_POINT('',(-10.895466542,10.837637456,1.852003271));
#3088=CARTESIAN_POINT('',(-10.879811385,10.830917407,1.779020216));
#3089=CARTESIAN_POINT('',(-10.851027078,10.824296205,1.709279666));
#3090=CARTESIAN_POINT('',(-10.81134003,10.817798042,1.647043594));
#3091=CARTESIAN_POINT('',(-10.771652982,10.811299879,1.584807522));
#3092=CARTESIAN_POINT('',(-10.719829396,10.804417147,1.528638875));
#3093=CARTESIAN_POINT('',(-10.660464277,10.797781414,1.483911038));
#3094=CARTESIAN_POINT('',(-10.601099157,10.791145681,1.439183201));
#3095=CARTESIAN_POINT('',(-10.534617267,10.784775268,1.405525595));
#3096=CARTESIAN_POINT('',(-10.463057889,10.778046124,1.384175216));
#3097=CARTESIAN_POINT('',(-10.39149851,10.77131698,1.362824837));
#3098=CARTESIAN_POINT('',(-10.316850083,10.764788147,1.354561779));
#3099=CARTESIAN_POINT('',(-10.243029487,10.758244849,1.359455033));
#3100=CARTESIAN_POINT('',(-10.169208891,10.751701552,1.364348288));
#3101=CARTESIAN_POINT('',(-10.095033132,10.744812469,1.382849894));
#3102=CARTESIAN_POINT('',(-10.027390503,10.738209796,1.413360327));
#3103=CARTESIAN_POINT('',(-9.892105244,10.725004449,1.474381191));
#3104=CARTESIAN_POINT('',(-9.780152098,10.711850929,1.585122577));
#3105=CARTESIAN_POINT('',(-9.717637788,10.698683657,1.719566885));
#3106=CARTESIAN_POINT('',(-9.686380632,10.692100021,1.786789039));
#3107=CARTESIAN_POINT('',(-9.666999608,10.685209632,1.860745094));
#3108=CARTESIAN_POINT('',(-9.661252127,10.678644814,1.934585047));
#3109=CARTESIAN_POINT('',(-9.655504645,10.672079996,2.008424999));
#3110=CARTESIAN_POINT('',(-9.662902609,10.665592638,2.083009693));
#3111=CARTESIAN_POINT('',(-9.683424732,10.658860662,2.154821567));
#3112=CARTESIAN_POINT('',(-9.703946854,10.652128686,2.22663344));
#3113=CARTESIAN_POINT('',(-9.73688386,10.645734549,2.293573826));
#3114=CARTESIAN_POINT('',(-9.780887311,10.639115366,2.353400974));
#3115=CARTESIAN_POINT('',(-9.824890762,10.632496182,2.413228122));
#3116=CARTESIAN_POINT('',(-9.880452193,10.625609527,2.465724258));
#3117=CARTESIAN_POINT('',(-9.942304552,10.619087357,2.506171582));
#3118=B_SPLINE_CURVE_WITH_KNOTS('',3,(#3075,#3076,#3077,#3078,#3079,#3080,#3081,#3082,#3083,#3084,#3085,#3086,#3087,#3088,#3089,#3090,#3091,#3092,#3093,#3094,#3095,#3096,#3097,#3098,#3099,#3100,
#3101,#3102,#3103,#3104,#3105,#3106,#3107,#3108,#3109,#3110,#3111,#3112,#3113,#3114,#3115,#3116,#3117),.UNSPECIFIED.,.F.,.F.,(4,3,3,3,3,3,3,3,3,3,3,3,3,3,4),(0.769013531,0.772165463,0.775317395,0.781621259,0.784773191,0.787925123,0.791077055,0.794228987,0.79738092,0.800532852,0.806836716,0.809988648,0.81314058,0.816292512,0.819444444),.UNSPECIFIED.);
#3119=EDGE_CURVE('',#3074,#2198,#3118,.T.);
#3120=ORIENTED_EDGE('',*,*,#3119,.F.);
#3121=CARTESIAN_POINT('',(-10.284367374,11.286876871,2.608086478));
#3122=VERTEX_POINT('',#3121);
#3123=CARTESIAN_POINT('',(-10.284367374,11.286876871,2.608086478));
#3124=CARTESIAN_POINT('',(-10.365248319,11.279833663,2.608086478));
#3125=CARTESIAN_POINT('',(-10.448194688,11.272230348,2.591771724));
#3126=CARTESIAN_POINT('',(-10.523868252,11.264908163,2.560376985));
#3127=CARTESIAN_POINT('',(-10.599541816,11.257585978,2.528982246));
#3128=CARTESIAN_POINT('',(-10.668126354,11.250544923,2.483210968));
#3129=CARTESIAN_POINT('',(-10.726309087,11.243126874,2.425028242));
#3130=CARTESIAN_POINT('',(-10.784491819,11.235708826,2.366845516));
#3131=CARTESIAN_POINT('',(-10.830263107,11.22866777,2.298260984));
#3132=CARTESIAN_POINT('',(-10.86165786,11.221345584,2.222587406));
#3133=CARTESIAN_POINT('',(-10.893052613,11.214023397,2.146913829));
#3134=CARTESIAN_POINT('',(-10.909367374,11.206420079,2.063967424));
#3135=CARTESIAN_POINT('',(-10.909367374,11.199376871,1.983086478));
#3136=CARTESIAN_POINT('',(-10.909367374,11.192333662,1.902205533));
#3137=CARTESIAN_POINT('',(-10.89305262,11.184730348,1.819259164));
#3138=CARTESIAN_POINT('',(-10.861657881,11.177408162,1.7435856));
#3139=CARTESIAN_POINT('',(-10.830263141,11.170085977,1.667912036));
#3140=CARTESIAN_POINT('',(-10.784491854,11.16304492,1.599327482));
#3141=CARTESIAN_POINT('',(-10.726309112,11.155626871,1.54114474));
#3142=CARTESIAN_POINT('',(-10.66812637,11.148208821,1.482961998));
#3143=CARTESIAN_POINT('',(-10.599541817,11.141167764,1.437190711));
#3144=CARTESIAN_POINT('',(-10.523868253,11.133845579,1.405795971));
#3145=CARTESIAN_POINT('',(-10.448194688,11.126523394,1.374401232));
#3146=CARTESIAN_POINT('',(-10.36524832,11.11892008,1.358086478));
#3147=CARTESIAN_POINT('',(-10.284367374,11.111876871,1.358086478));
#3148=CARTESIAN_POINT('',(-10.203486428,11.104833663,1.358086478));
#3149=CARTESIAN_POINT('',(-10.120540059,11.097230348,1.374401232));
#3150=CARTESIAN_POINT('',(-10.044866495,11.089908162,1.405795971));
#3151=CARTESIAN_POINT('',(-9.969192931,11.082585977,1.437190711));
#3152=CARTESIAN_POINT('',(-9.900608377,11.075544921,1.482961998));
#3153=CARTESIAN_POINT('',(-9.842425635,11.068126871,1.54114474));
#3154=CARTESIAN_POINT('',(-9.784242894,11.060708821,1.599327482));
#3155=CARTESIAN_POINT('',(-9.738471607,11.053667764,1.667912036));
#3156=CARTESIAN_POINT('',(-9.707076867,11.046345579,1.7435856));
#3157=CARTESIAN_POINT('',(-9.675682128,11.039023394,1.819259164));
#3158=CARTESIAN_POINT('',(-9.659367374,11.03142008,1.902205533));
#3159=CARTESIAN_POINT('',(-9.659367374,11.024376871,1.983086478));
#3160=CARTESIAN_POINT('',(-9.659367374,11.017333662,2.063967424));
#3161=CARTESIAN_POINT('',(-9.675682128,11.009730348,2.146913793));
#3162=CARTESIAN_POINT('',(-9.707076867,11.002408163,2.222587357));
#3163=CARTESIAN_POINT('',(-9.738471607,10.995085978,2.298260921));
#3164=CARTESIAN_POINT('',(-9.784242894,10.988044921,2.366845475));
#3165=CARTESIAN_POINT('',(-9.842425636,10.980626871,2.425028217));
#3166=CARTESIAN_POINT('',(-9.900608378,10.973208821,2.483210959));
#3167=CARTESIAN_POINT('',(-9.969192932,10.966167764,2.528982246));
#3168=CARTESIAN_POINT('',(-10.044866496,10.958845579,2.560376985));
#3169=CARTESIAN_POINT('',(-10.12054006,10.951523394,2.591771724));
#3170=CARTESIAN_POINT('',(-10.203486428,10.943920079,2.608086478));
#3171=CARTESIAN_POINT('',(-10.284367374,10.936876871,2.608086478));
#3172=B_SPLINE_CURVE_WITH_KNOTS('',3,(#3123,#3124,#3125,#3126,#3127,#3128,#3129,#3130,#3131,#3132,#3133,#3134,#3135,#3136,#3137,#3138,#3139,#3140,#3141,#3142,#3143,#3144,#3145,#3146,#3147,#3148,
#3149,#3150,#3151,#3152,#3153,#3154,#3155,#3156,#3157,#3158,#3159,#3160,#3161,#3162,#3163,#3164,#3165,#3166,#3167,#3168,#3169,#3170,#3171),.UNSPECIFIED.,.F.,.F.,(4,3,3,3,3,3,3,3,3,3,3,3,3,3,3,3,4),(0.708333333,0.711805555,0.715277778,0.71875,0.722222222,0.725694444,0.729166667,0.732638889,0.736111111,0.739583333,0.743055556,0.746527778,0.75,0.753472222,0.756944444,0.760416667,0.763888889),.UNSPECIFIED.);
#3173=EDGE_CURVE('',#3122,#3074,#3172,.T.);
#3174=ORIENTED_EDGE('',*,*,#3173,.F.);
#3175=CARTESIAN_POINT('',(-9.94229988,11.319087582,2.506168527));
#3176=CARTESIAN_POINT('',(-9.992570858,11.313787231,2.539043039));
#3177=CARTESIAN_POINT('',(-10.047496777,11.308517622,2.564638724));
#3178=CARTESIAN_POINT('',(-10.105672419,11.303046607,2.581996416));
#3179=CARTESIAN_POINT('',(-10.163848061,11.297575591,2.599354107));
#3180=CARTESIAN_POINT('',(-10.224679937,11.292074524,2.608086478));
#3181=CARTESIAN_POINT('',(-10.284367374,11.286876871,2.608086478));
#3182=B_SPLINE_CURVE_WITH_KNOTS('',3,(#3175,#3176,#3177,#3178,#3179,#3180,#3181),.UNSPECIFIED.,.F.,.F.,(4,3,4),(0.703208566,0.705770949,0.708333333),.UNSPECIFIED.);
#3183=EDGE_CURVE('',#2666,#3122,#3182,.T.);
#3184=ORIENTED_EDGE('',*,*,#3183,.F.);
#3185=ORIENTED_EDGE('',*,*,#2735,.F.);
#3186=CARTESIAN_POINT('',(-9.739209369,11.31908726,1.397560455));
#3187=CARTESIAN_POINT('',(-9.700522183,11.315366804,1.433580751));
#3188=CARTESIAN_POINT('',(-9.666015091,11.311695217,1.472796218));
#3189=CARTESIAN_POINT('',(-9.635518266,11.308070777,1.515077067));
#3190=CARTESIAN_POINT('',(-9.605021442,11.304446338,1.557357915));
#3191=CARTESIAN_POINT('',(-9.578314957,11.300880496,1.603245274));
#3192=CARTESIAN_POINT('',(-9.556539424,11.297237155,1.65096534));
#3193=CARTESIAN_POINT('',(-9.534763892,11.293593813,1.698685406));
#3194=CARTESIAN_POINT('',(-9.51788066,11.289931734,1.74799179));
#3195=CARTESIAN_POINT('',(-9.505841915,11.2862511,1.798868986));
#3196=CARTESIAN_POINT('',(-9.49380317,11.282570466,1.849746183));
#3197=CARTESIAN_POINT('',(-9.486697486,11.278848842,1.902547731));
#3198=CARTESIAN_POINT('',(-9.48484656,11.275265558,1.954723769));
#3199=CARTESIAN_POINT('',(-9.481144708,11.268098989,2.059075845));
#3200=CARTESIAN_POINT('',(-9.498364547,11.260694297,2.165020379));
#3201=CARTESIAN_POINT('',(-9.534787452,11.25338712,2.262671735));
#3202=CARTESIAN_POINT('',(-9.571210357,11.246079944,2.36032309));
#3203=CARTESIAN_POINT('',(-9.627624345,11.238945196,2.45171632));
#3204=CARTESIAN_POINT('',(-9.69870741,11.231601096,2.528100591));
#3205=CARTESIAN_POINT('',(-9.734248943,11.227929047,2.566292726));
#3206=CARTESIAN_POINT('',(-9.774158242,11.224186835,2.601525933));
#3207=CARTESIAN_POINT('',(-9.816618049,11.220548485,2.632123107));
#3208=CARTESIAN_POINT('',(-9.859077856,11.216910136,2.662720282));
#3209=CARTESIAN_POINT('',(-9.904133184,11.213411119,2.688925592));
#3210=CARTESIAN_POINT('',(-9.951782842,11.209772537,2.710702796));
#3211=CARTESIAN_POINT('',(-9.9994325,11.206133955,2.732480001));
#3212=CARTESIAN_POINT('',(-10.049738143,11.202397636,2.749706636));
#3213=CARTESIAN_POINT('',(-10.100489611,11.198726524,2.761692248));
#3214=CARTESIAN_POINT('',(-10.151241078,11.195055413,2.773677859));
#3215=CARTESIAN_POINT('',(-10.202966682,11.191408403,2.780705721));
#3216=CARTESIAN_POINT('',(-10.255701661,11.187786368,2.782596486));
#3217=CARTESIAN_POINT('',(-10.361171619,11.180542298,2.786378018));
#3218=CARTESIAN_POINT('',(-10.465698429,11.173239905,2.769341197));
#3219=CARTESIAN_POINT('',(-10.564108888,11.165875427,2.7326081));
#3220=CARTESIAN_POINT('',(-10.613314118,11.162193189,2.714241552));
#3221=CARTESIAN_POINT('',(-10.660132205,11.158633391,2.691301339));
#3222=CARTESIAN_POINT('',(-10.704589439,11.155052689,2.663859122));
#3223=CARTESIAN_POINT('',(-10.749046672,11.151471986,2.636416905));
#3224=CARTESIAN_POINT('',(-10.791422544,11.147752344,2.604103465));
#3225=CARTESIAN_POINT('',(-10.829649083,11.144075362,2.568497303));
#3226=CARTESIAN_POINT('',(-10.906102161,11.136721399,2.497284979));
#3227=CARTESIAN_POINT('',(-10.968800078,11.129492919,2.410235021));
#3228=CARTESIAN_POINT('',(-11.012101159,11.122252904,2.315413897));
#3229=CARTESIAN_POINT('',(-11.05540224,11.115012889,2.220592773));
#3230=CARTESIAN_POINT('',(-11.080125792,11.107451888,2.116075528));
#3231=CARTESIAN_POINT('',(-11.08387431,11.100292243,2.011837716));
#3232=CARTESIAN_POINT('',(-11.085748569,11.096712421,1.95971881));
#3233=CARTESIAN_POINT('',(-11.08245213,11.093091101,1.906643531));
#3234=CARTESIAN_POINT('',(-11.074059493,11.089419969,1.854929032));
#3235=CARTESIAN_POINT('',(-11.065666857,11.085748837,1.803214533));
#3236=CARTESIAN_POINT('',(-11.052327802,11.082078725,1.752840416));
#3237=CARTESIAN_POINT('',(-11.034059432,11.07840963,1.703802048));
#3238=CARTESIAN_POINT('',(-11.015791061,11.074740535,1.654763679));
#3239=CARTESIAN_POINT('',(-10.992375822,11.071104204,1.606941971));
#3240=CARTESIAN_POINT('',(-10.964947709,11.067527604,1.562553029));
#3241=CARTESIAN_POINT('',(-10.937519595,11.063951005,1.518164087));
#3242=CARTESIAN_POINT('',(-10.905924601,11.060309994,1.476648651));
#3243=CARTESIAN_POINT('',(-10.870043048,11.05660272,1.43808925));
#3244=CARTESIAN_POINT('',(-10.798279943,11.049188172,1.360970449));
#3245=CARTESIAN_POINT('',(-10.712314972,11.042053697,1.299005827));
#3246=CARTESIAN_POINT('',(-10.616613945,11.034746731,1.25531578));
#3247=CARTESIAN_POINT('',(-10.568763432,11.031093249,1.233470756));
#3248=CARTESIAN_POINT('',(-10.519422735,11.02742894,1.21659327));
#3249=CARTESIAN_POINT('',(-10.468625646,11.02375405,1.204570671));
#3250=CARTESIAN_POINT('',(-10.417828558,11.020079161,1.192548071));
#3251=CARTESIAN_POINT('',(-10.365031214,11.016357485,1.185423846));
#3252=CARTESIAN_POINT('',(-10.31277312,11.012768514,1.183567193));
#3253=CARTESIAN_POINT('',(-10.260515025,11.009179543,1.18171054));
#3254=CARTESIAN_POINT('',(-10.208491706,11.005630668,1.184948187));
#3255=CARTESIAN_POINT('',(-10.156716231,11.001955907,1.193312356));
#3256=CARTESIAN_POINT('',(-10.104940757,10.998281146,1.201676526));
#3257=CARTESIAN_POINT('',(-10.053627318,10.994542167,1.215287941));
#3258=CARTESIAN_POINT('',(-10.004783723,10.99088724,1.233505958));
#3259=CARTESIAN_POINT('',(-9.907096534,10.983577387,1.269941991));
#3260=CARTESIAN_POINT('',(-9.815684122,10.976439949,1.326395398));
#3261=CARTESIAN_POINT('',(-9.73936249,10.969101984,1.397417927));
#3262=CARTESIAN_POINT('',(-9.701201675,10.965433002,1.432929192));
#3263=CARTESIAN_POINT('',(-9.666065882,10.961702143,1.472707931));
#3264=CARTESIAN_POINT('',(-9.635386997,10.958055174,1.515259108));
#3265=CARTESIAN_POINT('',(-9.604708112,10.954408205,1.557810284));
#3266=CARTESIAN_POINT('',(-9.578526815,10.950908744,1.602886826));
#3267=CARTESIAN_POINT('',(-9.556782693,10.947277822,1.650432734));
#3268=CARTESIAN_POINT('',(-9.535038572,10.943646901,1.697978641));
#3269=CARTESIAN_POINT('',(-9.517767063,10.93990327,1.748379751));
#3270=CARTESIAN_POINT('',(-9.505766898,10.936228146,1.799186306));
#3271=CARTESIAN_POINT('',(-9.493766733,10.932553021,1.849992861));
#3272=CARTESIAN_POINT('',(-9.4867616,10.928909957,1.901666569));
#3273=CARTESIAN_POINT('',(-9.484864337,10.925299677,1.954227017));
#3274=CARTESIAN_POINT('',(-9.481069809,10.918079117,2.059347915));
#3275=CARTESIAN_POINT('',(-9.497966846,10.910774648,2.163945948));
#3276=CARTESIAN_POINT('',(-9.534786597,10.903387292,2.262669442));
#3277=CARTESIAN_POINT('',(-9.553196472,10.899693613,2.312031189));
#3278=CARTESIAN_POINT('',(-9.57616702,10.896131108,2.358882681));
#3279=CARTESIAN_POINT('',(-9.603576812,10.892555026,2.403279523));
#3280=CARTESIAN_POINT('',(-9.630986603,10.888978944,2.447676365));
#3281=CARTESIAN_POINT('',(-9.663245274,10.885263502,2.490022715));
#3282=CARTESIAN_POINT('',(-9.698913377,10.881579821,2.528321834));
#3283=CARTESIAN_POINT('',(-9.73458148,10.87789614,2.566620952));
#3284=CARTESIAN_POINT('',(-9.773648662,10.874233104,2.601106441));
#3285=CARTESIAN_POINT('',(-9.816124732,10.870590773,2.631767296));
#3286=CARTESIAN_POINT('',(-9.858600801,10.866948442,2.662428152));
#3287=CARTESIAN_POINT('',(-9.904590489,10.863375897,2.689151156));
#3288=CARTESIAN_POINT('',(-9.952029785,10.859753681,2.710815619));
#3289=CARTESIAN_POINT('',(-10.046908377,10.852509248,2.754144545));
#3290=CARTESIAN_POINT('',(-10.151428348,10.844948479,2.778845203));
#3291=CARTESIAN_POINT('',(-10.255604712,10.837793027,2.782593005));
#3292=CARTESIAN_POINT('',(-10.359781076,10.830637575,2.786340806));
#3293=CARTESIAN_POINT('',(-10.46568867,10.823239159,2.769264086));
#3294=CARTESIAN_POINT('',(-10.563592171,10.815914091,2.73280075));
#3295=CARTESIAN_POINT('',(-10.612543922,10.812251558,2.714569082));
#3296=CARTESIAN_POINT('',(-10.660418561,10.808611577,2.691149665));
#3297=CARTESIAN_POINT('',(-10.704868408,10.805030216,2.663686843));
#3298=CARTESIAN_POINT('',(-10.749318254,10.801448855,2.636224021));
#3299=CARTESIAN_POINT('',(-10.790789394,10.797810585,2.604639776));
#3300=CARTESIAN_POINT('',(-10.829240796,10.794114622,2.568877337));
#3301=CARTESIAN_POINT('',(-10.906143601,10.786722695,2.49735246));
#3302=CARTESIAN_POINT('',(-10.968180125,10.779591711,2.411521382));
#3303=CARTESIAN_POINT('',(-11.012054464,10.772260711,2.31551615));
#3304=CARTESIAN_POINT('',(-11.033991634,10.768595212,2.267513533));
#3305=CARTESIAN_POINT('',(-11.050865569,10.764926903,2.218113234));
#3306=CARTESIAN_POINT('',(-11.062877047,10.761255925,2.167370672));
#3307=CARTESIAN_POINT('',(-11.074888525,10.757584948,2.11662811));
#3308=CARTESIAN_POINT('',(-11.082017706,10.753870767,2.063942262));
#3309=CARTESIAN_POINT('',(-11.083883689,10.750274249,2.011575733));
#3310=CARTESIAN_POINT('',(-11.085749671,10.746677732,1.959209204));
#3311=CARTESIAN_POINT('',(-11.082500283,10.743129283,1.907191886));
#3312=CARTESIAN_POINT('',(-11.074157412,10.7394629,1.855533862));
#3313=CARTESIAN_POINT('',(-11.065814542,10.735796518,1.803875838));
#3314=CARTESIAN_POINT('',(-11.052187397,10.732046734,1.752407787));
#3315=CARTESIAN_POINT('',(-11.033954936,10.728388653,1.703521707));
#3316=CARTESIAN_POINT('',(-10.997490015,10.721072492,1.605749548));
#3317=CARTESIAN_POINT('',(-10.941039689,10.713938099,1.514384843));
#3318=CARTESIAN_POINT('',(-10.870042275,10.70660264,1.438088418));
#3319=CARTESIAN_POINT('',(-10.79904486,10.699267181,1.361791993));
#3320=CARTESIAN_POINT('',(-10.712014412,10.692032055,1.298940279));
#3321=CARTESIAN_POINT('',(-10.617067226,10.684781343,1.255522885));
#3322=CARTESIAN_POINT('',(-10.569593633,10.681155988,1.233814188));
#3323=CARTESIAN_POINT('',(-10.51920739,10.677412824,1.216512875));
#3324=CARTESIAN_POINT('',(-10.468319568,10.673731908,1.204498282));
#3325=CARTESIAN_POINT('',(-10.417431747,10.670050992,1.192483688));
#3326=CARTESIAN_POINT('',(-10.365786217,10.666410057,1.185490226));
#3327=CARTESIAN_POINT('',(-10.313372295,10.662809668,1.183588706));
#3328=CARTESIAN_POINT('',(-10.260958372,10.659209279,1.181687185));
#3329=CARTESIAN_POINT('',(-10.207960845,10.655593332,1.18501523));
#3330=CARTESIAN_POINT('',(-10.156499459,10.651940521,1.193347426));
#3331=CARTESIAN_POINT('',(-10.105038073,10.64828771,1.201679623));
#3332=CARTESIAN_POINT('',(-10.054526458,10.644609156,1.214968639));
#3333=CARTESIAN_POINT('',(-10.005004681,10.640903774,1.233423581));
#3334=CARTESIAN_POINT('',(-9.905961126,10.633493008,1.270333465));
#3335=CARTESIAN_POINT('',(-9.81600709,10.626471907,1.326076661));
#3336=CARTESIAN_POINT('',(-9.739209855,10.619087307,1.397559993));
#3337=B_SPLINE_CURVE_WITH_KNOTS('',3,(#3186,#3187,#3188,#3189,#3190,#3191,#3192,#3193,#3194,#3195,#3196,#3197,#3198,#3199,#3200,#3201,#3202,#3203,#3204,#3205,#3206,#3207,#3208,#3209,#3210,#3211,
#3212,#3213,#3214,#3215,#3216,#3217,#3218,#3219,#3220,#3221,#3222,#3223,#3224,#3225,#3226,#3227,#3228,#3229,#3230,#3231,#3232,#3233,#3234,#3235,#3236,
#3237,#3238,#3239,#3240,#3241,#3242,#3243,#3244,#3245,#3246,#3247,#3248,#3249,#3250,#3251,#3252,#3253,#3254,#3255,#3256,#3257,#3258,#3259,#3260,#3261,
#3262,#3263,#3264,#3265,#3266,#3267,#3268,#3269,#3270,#3271,#3272,#3273,#3274,#3275,#3276,#3277,#3278,#3279,#3280,#3281,#3282,#3283,#3284,#3285,#3286,
#3287,#3288,#3289,#3290,#3291,#3292,#3293,#3294,#3295,#3296,#3297,#3298,#3299,#3300,#3301,#3302,#3303,#3304,#3305,#3306,#3307,#3308,#3309,#3310,#3311,
#3312,#3313,#3314,#3315,#3316,#3317,#3318,#3319,#3320,#3321,#3322,#3323,#3324,#3325,#3326,#3327,#3328,#3329,#3330,#3331,#3332,#3333,#3334,#3335,#3336),.UNSPECIFIED.,.F.,.F.,(4,3,3,3,3,3,3,3,3,3,3,3,3,3,3,3,3,3,3,3,3,3,3,3,3,3,
3,3,3,3,3,3,3,3,3,3,3,3,3,3,3,3,3,3,3,3,3,3,3,3,4),(0.,0.000156716,0.000313431,0.000470147,0.000626862,0.000940294,0.001253725,0.001410441,0.001567156,0.001723872,0.001880587,0.002194019,0.002350734,0.00250745,0.002820881,0.003134312,0.003291028,0.003447743,0.003604459,0.003761175,0.004074606,0.004231322,0.004388037,0.004544753,0.004701468,0.0050149,
0.005171615,0.005328331,0.005485046,0.005641762,0.005955193,0.006111909,0.006268624,0.00642534,0.006582056,0.006895487,0.007208918,0.007365634,0.007522349,0.007835781,0.007992496,0.008149212,0.008305927,0.008462643,0.008776074,0.009089505,0.009246221,0.009402937,0.009559652,0.009716368,0.010029799),.UNSPECIFIED.);
#3338=EDGE_CURVE('',#2686,#1091,#3337,.T.);
#3339=ORIENTED_EDGE('',*,*,#3338,.T.);
#3340=ORIENTED_EDGE('',*,*,#2232,.T.);
#3341=EDGE_LOOP('',(#3120,#3174,#3184,#3185,#3339,#3340));
#3342=FACE_BOUND('',#3341,.T.);
#3343=ADVANCED_FACE('',(#3342),#3072,.T.);
#3344=CARTESIAN_POINT('',(-10.984261537,11.420137337,1.59554792));
#3345=CARTESIAN_POINT('',(-10.981946832,11.419810753,1.591367565));
#3346=CARTESIAN_POINT('',(-10.979595645,11.419485034,1.587209699));
#3347=CARTESIAN_POINT('',(-10.977208251,11.419160204,1.583074612));
#3348=CARTESIAN_POINT('',(-10.977191623,11.419157942,1.583045811));
#3349=CARTESIAN_POINT('',(-10.977174992,11.419155679,1.583017011));
#3350=CARTESIAN_POINT('',(-10.97715836,11.419153417,1.582988211));
#3351=CARTESIAN_POINT('',(-10.906535345,11.409546181,1.46070078));
#3352=CARTESIAN_POINT('',(-10.806674794,11.399600399,1.360852971));
#3353=CARTESIAN_POINT('',(-10.684379241,11.389993538,1.290245601));
#3354=CARTESIAN_POINT('',(-10.68435044,11.389991276,1.290228973));
#3355=CARTESIAN_POINT('',(-10.684321638,11.389989013,1.290212346));
#3356=CARTESIAN_POINT('',(-10.684292834,11.38998675,1.290195722));
#3357=CARTESIAN_POINT('',(-10.561987792,11.380379514,1.219603208));
#3358=CARTESIAN_POINT('',(-10.425582114,11.370433732,1.183062745));
#3359=CARTESIAN_POINT('',(-10.284367374,11.360826871,1.183062745));
#3360=CARTESIAN_POINT('',(-10.284334117,11.360824609,1.183062745));
#3361=CARTESIAN_POINT('',(-10.284300861,11.360822346,1.183062747));
#3362=CARTESIAN_POINT('',(-10.284267604,11.360820084,1.183062751));
#3363=CARTESIAN_POINT('',(-10.143052074,11.351212848,1.183080362));
#3364=CARTESIAN_POINT('',(-10.00665106,11.341267065,1.219638231));
#3365=CARTESIAN_POINT('',(-9.884355507,11.331660204,1.290245602));
#3366=CARTESIAN_POINT('',(-9.884326706,11.331657942,1.29026223));
#3367=CARTESIAN_POINT('',(-9.884297906,11.331655679,1.29027886));
#3368=CARTESIAN_POINT('',(-9.884269106,11.331653417,1.290295492));
#3369=CARTESIAN_POINT('',(-9.761981675,11.322046181,1.360918508));
#3370=CARTESIAN_POINT('',(-9.662133867,11.312100399,1.460779059));
#3371=CARTESIAN_POINT('',(-9.591526497,11.302493538,1.583074612));
#3372=CARTESIAN_POINT('',(-9.591509869,11.302491275,1.583103413));
#3373=CARTESIAN_POINT('',(-9.591493242,11.302489013,1.583132215));
#3374=CARTESIAN_POINT('',(-9.591476617,11.30248675,1.583161018));
#3375=CARTESIAN_POINT('',(-9.520884104,11.292879515,1.70546606));
#3376=CARTESIAN_POINT('',(-9.48434364,11.282933732,1.841871738));
#3377=CARTESIAN_POINT('',(-9.48434364,11.27332687,1.983086479));
#3378=CARTESIAN_POINT('',(-9.48434364,11.273324608,1.983119735));
#3379=CARTESIAN_POINT('',(-9.484343642,11.273322346,1.983152992));
#3380=CARTESIAN_POINT('',(-9.484343646,11.273320083,1.983186249));
#3381=CARTESIAN_POINT('',(-9.484361257,11.263712847,2.124401779));
#3382=CARTESIAN_POINT('',(-9.520919127,11.253767065,2.260802794));
#3383=CARTESIAN_POINT('',(-9.591526497,11.244160204,2.383098346));
#3384=CARTESIAN_POINT('',(-9.591543125,11.244157942,2.383127147));
#3385=CARTESIAN_POINT('',(-9.591559755,11.244155679,2.383155947));
#3386=CARTESIAN_POINT('',(-9.591576387,11.244153416,2.383184747));
#3387=CARTESIAN_POINT('',(-9.662199403,11.234546181,2.505472177));
#3388=CARTESIAN_POINT('',(-9.762059954,11.224600399,2.605319986));
#3389=CARTESIAN_POINT('',(-9.884355507,11.214993538,2.675927356));
#3390=CARTESIAN_POINT('',(-9.884384308,11.214991275,2.675943984));
#3391=CARTESIAN_POINT('',(-9.88441311,11.214989013,2.675960611));
#3392=CARTESIAN_POINT('',(-9.884441914,11.21498675,2.675977236));
#3393=CARTESIAN_POINT('',(-10.006746956,11.205379514,2.746569749));
#3394=CARTESIAN_POINT('',(-10.143152634,11.195433732,2.783110213));
#3395=CARTESIAN_POINT('',(-10.284367374,11.185826871,2.783110213));
#3396=CARTESIAN_POINT('',(-10.284400631,11.185824608,2.783110213));
#3397=CARTESIAN_POINT('',(-10.284433887,11.185822346,2.783110211));
#3398=CARTESIAN_POINT('',(-10.284467144,11.185820083,2.783110207));
#3399=CARTESIAN_POINT('',(-10.425682674,11.176212848,2.783092596));
#3400=CARTESIAN_POINT('',(-10.562083688,11.166267065,2.746534726));
#3401=CARTESIAN_POINT('',(-10.684379241,11.156660204,2.675927356));
#3402=CARTESIAN_POINT('',(-10.684408042,11.156657942,2.675910728));
#3403=CARTESIAN_POINT('',(-10.684436842,11.156655679,2.675894098));
#3404=CARTESIAN_POINT('',(-10.684465641,11.156653416,2.675877466));
#3405=CARTESIAN_POINT('',(-10.806753072,11.147046181,2.605254449));
#3406=CARTESIAN_POINT('',(-10.906600881,11.137100399,2.505393899));
#3407=CARTESIAN_POINT('',(-10.977208251,11.127493538,2.383098346));
#3408=CARTESIAN_POINT('',(-10.977224879,11.127491275,2.383069545));
#3409=CARTESIAN_POINT('',(-10.977241506,11.127489013,2.383040743));
#3410=CARTESIAN_POINT('',(-10.977258131,11.12748675,2.383011939));
#3411=CARTESIAN_POINT('',(-11.047850644,11.117879514,2.260706897));
#3412=CARTESIAN_POINT('',(-11.084391108,11.107933732,2.124301219));
#3413=CARTESIAN_POINT('',(-11.084391108,11.098326871,1.983086479));
#3414=CARTESIAN_POINT('',(-11.084391108,11.098324609,1.983053222));
#3415=CARTESIAN_POINT('',(-11.084391106,11.098322346,1.983019966));
#3416=CARTESIAN_POINT('',(-11.084391102,11.098320084,1.982986709));
#3417=CARTESIAN_POINT('',(-11.084373491,11.088712848,1.841771178));
#3418=CARTESIAN_POINT('',(-11.047815621,11.078767065,1.705370164));
#3419=CARTESIAN_POINT('',(-10.977208251,11.069160204,1.583074612));
#3420=CARTESIAN_POINT('',(-10.977191623,11.069157942,1.583045811));
#3421=CARTESIAN_POINT('',(-10.977174992,11.069155679,1.583017011));
#3422=CARTESIAN_POINT('',(-10.97715836,11.069153417,1.582988212));
#3423=CARTESIAN_POINT('',(-10.906535345,11.059546181,1.460700781));
#3424=CARTESIAN_POINT('',(-10.806674794,11.049600399,1.360852972));
#3425=CARTESIAN_POINT('',(-10.684379241,11.039993538,1.290245602));
#3426=CARTESIAN_POINT('',(-10.68435044,11.039991275,1.290228973));
#3427=CARTESIAN_POINT('',(-10.684321638,11.039989013,1.290212347));
#3428=CARTESIAN_POINT('',(-10.684292834,11.03998675,1.290195722));
#3429=CARTESIAN_POINT('',(-10.561987792,11.030379514,1.219603209));
#3430=CARTESIAN_POINT('',(-10.425582114,11.020433732,1.183062745));
#3431=CARTESIAN_POINT('',(-10.284367374,11.010826871,1.183062745));
#3432=CARTESIAN_POINT('',(-10.284334117,11.010824609,1.183062745));
#3433=CARTESIAN_POINT('',(-10.284300861,11.010822346,1.183062747));
#3434=CARTESIAN_POINT('',(-10.284267604,11.010820084,1.183062751));
#3435=CARTESIAN_POINT('',(-10.143052074,11.001212848,1.183080362));
#3436=CARTESIAN_POINT('',(-10.00665106,10.991267065,1.219638231));
#3437=CARTESIAN_POINT('',(-9.884355507,10.981660204,1.290245601));
#3438=CARTESIAN_POINT('',(-9.884326706,10.981657942,1.290262229));
#3439=CARTESIAN_POINT('',(-9.884297906,10.981655679,1.290278859));
#3440=CARTESIAN_POINT('',(-9.884269106,10.981653417,1.290295491));
#3441=CARTESIAN_POINT('',(-9.761981675,10.972046181,1.360918508));
#3442=CARTESIAN_POINT('',(-9.662133867,10.962100399,1.460779059));
#3443=CARTESIAN_POINT('',(-9.591526497,10.952493538,1.583074612));
#3444=CARTESIAN_POINT('',(-9.591509869,10.952491275,1.583103413));
#3445=CARTESIAN_POINT('',(-9.591493242,10.952489013,1.583132215));
#3446=CARTESIAN_POINT('',(-9.591476617,10.95248675,1.583161018));
#3447=CARTESIAN_POINT('',(-9.520884104,10.942879515,1.70546606));
#3448=CARTESIAN_POINT('',(-9.48434364,10.932933732,1.841871739));
#3449=CARTESIAN_POINT('',(-9.48434364,10.923326871,1.983086479));
#3450=CARTESIAN_POINT('',(-9.48434364,10.923324609,1.983119736));
#3451=CARTESIAN_POINT('',(-9.484343642,10.923322346,1.983152992));
#3452=CARTESIAN_POINT('',(-9.484343646,10.923320084,1.983186249));
#3453=CARTESIAN_POINT('',(-9.484361257,10.913712848,2.124401779));
#3454=CARTESIAN_POINT('',(-9.520919127,10.903767065,2.260802793));
#3455=CARTESIAN_POINT('',(-9.591526497,10.894160204,2.383098345));
#3456=CARTESIAN_POINT('',(-9.591543125,10.894157941,2.383127146));
#3457=CARTESIAN_POINT('',(-9.591559755,10.894155679,2.383155947));
#3458=CARTESIAN_POINT('',(-9.591576387,10.894153416,2.383184746));
#3459=CARTESIAN_POINT('',(-9.662199403,10.884546181,2.505472177));
#3460=CARTESIAN_POINT('',(-9.762059954,10.874600398,2.605319986));
#3461=CARTESIAN_POINT('',(-9.884355507,10.864993538,2.675927356));
#3462=CARTESIAN_POINT('',(-9.884384308,10.864991275,2.675943984));
#3463=CARTESIAN_POINT('',(-9.88441311,10.864989013,2.675960611));
#3464=CARTESIAN_POINT('',(-9.884441914,10.86498675,2.675977236));
#3465=CARTESIAN_POINT('',(-10.006746956,10.855379514,2.746569749));
#3466=CARTESIAN_POINT('',(-10.143152634,10.845433732,2.783110213));
#3467=CARTESIAN_POINT('',(-10.284367374,10.835826871,2.783110213));
#3468=CARTESIAN_POINT('',(-10.284400631,10.835824608,2.783110213));
#3469=CARTESIAN_POINT('',(-10.284433887,10.835822346,2.783110211));
#3470=CARTESIAN_POINT('',(-10.284467144,10.835820083,2.783110207));
#3471=CARTESIAN_POINT('',(-10.425682674,10.826212848,2.783092596));
#3472=CARTESIAN_POINT('',(-10.562083688,10.816267065,2.746534727));
#3473=CARTESIAN_POINT('',(-10.684379241,10.806660204,2.675927357));
#3474=CARTESIAN_POINT('',(-10.684408042,10.806657941,2.675910728));
#3475=CARTESIAN_POINT('',(-10.684436842,10.806655679,2.675894098));
#3476=CARTESIAN_POINT('',(-10.684465641,10.806653416,2.675877466));
#3477=CARTESIAN_POINT('',(-10.806753072,10.797046181,2.605254449));
#3478=CARTESIAN_POINT('',(-10.906600881,10.787100399,2.505393898));
#3479=CARTESIAN_POINT('',(-10.977208251,10.777493538,2.383098346));
#3480=CARTESIAN_POINT('',(-10.977224879,10.777491275,2.383069545));
#3481=CARTESIAN_POINT('',(-10.977241506,10.777489013,2.383040743));
#3482=CARTESIAN_POINT('',(-10.977258131,10.77748675,2.383011939));
#3483=CARTESIAN_POINT('',(-11.047850644,10.767879514,2.260706898));
#3484=CARTESIAN_POINT('',(-11.084391108,10.757933732,2.124301219));
#3485=CARTESIAN_POINT('',(-11.084391108,10.748326871,1.983086479));
#3486=CARTESIAN_POINT('',(-11.084391108,10.748324609,1.983053223));
#3487=CARTESIAN_POINT('',(-11.084391106,10.748322346,1.983019966));
#3488=CARTESIAN_POINT('',(-11.084391102,10.748320084,1.982986709));
#3489=CARTESIAN_POINT('',(-11.084373491,10.738712848,1.841771179));
#3490=CARTESIAN_POINT('',(-11.047815621,10.728767065,1.705370164));
#3491=CARTESIAN_POINT('',(-10.977208251,10.719160204,1.583074611));
#3492=CARTESIAN_POINT('',(-10.977191623,10.719157942,1.58304581));
#3493=CARTESIAN_POINT('',(-10.977174992,10.719155679,1.58301701));
#3494=CARTESIAN_POINT('',(-10.97715836,10.719153417,1.582988211));
#3495=CARTESIAN_POINT('',(-10.906535345,10.709546181,1.460700781));
#3496=CARTESIAN_POINT('',(-10.806674794,10.699600399,1.360852972));
#3497=CARTESIAN_POINT('',(-10.684379241,10.689993538,1.290245602));
#3498=CARTESIAN_POINT('',(-10.68435044,10.689991275,1.290228974));
#3499=CARTESIAN_POINT('',(-10.684321638,10.689989013,1.290212347));
#3500=CARTESIAN_POINT('',(-10.684292834,10.68998675,1.290195722));
#3501=CARTESIAN_POINT('',(-10.561987792,10.680379514,1.219603208));
#3502=CARTESIAN_POINT('',(-10.425582114,10.670433732,1.183062745));
#3503=CARTESIAN_POINT('',(-10.284367374,10.660826871,1.183062745));
#3504=CARTESIAN_POINT('',(-10.284334117,10.660824609,1.183062745));
#3505=CARTESIAN_POINT('',(-10.284300861,10.660822346,1.183062747));
#3506=CARTESIAN_POINT('',(-10.284267604,10.660820084,1.183062751));
#3507=CARTESIAN_POINT('',(-10.143052074,10.651212847,1.183080362));
#3508=CARTESIAN_POINT('',(-10.00665106,10.641267065,1.219638231));
#3509=CARTESIAN_POINT('',(-9.884355507,10.631660204,1.290245601));
#3510=CARTESIAN_POINT('',(-9.884326706,10.631657942,1.29026223));
#3511=CARTESIAN_POINT('',(-9.884297906,10.631655679,1.29027886));
#3512=CARTESIAN_POINT('',(-9.884269106,10.631653417,1.290295492));
#3513=CARTESIAN_POINT('',(-9.832121197,10.627556534,1.320411773));
#3514=CARTESIAN_POINT('',(-9.78354097,10.623350556,1.356286333));
#3515=CARTESIAN_POINT('',(-9.739217284,10.619088021,1.397553086));
#3516=CARTESIAN_POINT('',(-10.831143468,11.319087337,1.680330961));
#3517=CARTESIAN_POINT('',(-10.829335158,11.318760753,1.677065155));
#3518=CARTESIAN_POINT('',(-10.827498347,11.318435034,1.67381692));
#3519=CARTESIAN_POINT('',(-10.825633251,11.318110205,1.670586479));
#3520=CARTESIAN_POINT('',(-10.82562026,11.318107942,1.670563979));
#3521=CARTESIAN_POINT('',(-10.825607268,11.31810568,1.670541479));
#3522=CARTESIAN_POINT('',(-10.825594275,11.318103417,1.67051898));
#3523=CARTESIAN_POINT('',(-10.770421681,11.308496181,1.574984759));
#3524=CARTESIAN_POINT('',(-10.69240794,11.298550398,1.496980973));
#3525=CARTESIAN_POINT('',(-10.596867374,11.288943537,1.441820601));
#3526=CARTESIAN_POINT('',(-10.596844874,11.288941275,1.441807611));
#3527=CARTESIAN_POINT('',(-10.596822373,11.288939012,1.441794622));
#3528=CARTESIAN_POINT('',(-10.596799871,11.28893675,1.441781634));
#3529=CARTESIAN_POINT('',(-10.501251891,11.279329514,1.386632869));
#3530=CARTESIAN_POINT('',(-10.394688117,11.269383732,1.358086479));
#3531=CARTESIAN_POINT('',(-10.284367374,11.259776871,1.358086479));
#3532=CARTESIAN_POINT('',(-10.284341393,11.259774608,1.358086479));
#3533=CARTESIAN_POINT('',(-10.284315412,11.259772346,1.35808648));
#3534=CARTESIAN_POINT('',(-10.284289431,11.259770083,1.358086484));
#3535=CARTESIAN_POINT('',(-10.173968071,11.250162848,1.358100242));
#3536=CARTESIAN_POINT('',(-10.06740794,11.240217066,1.38666023));
#3537=CARTESIAN_POINT('',(-9.971867374,11.230610205,1.441820602));
#3538=CARTESIAN_POINT('',(-9.971844874,11.230607942,1.441833592));
#3539=CARTESIAN_POINT('',(-9.971822374,11.23060568,1.441846584));
#3540=CARTESIAN_POINT('',(-9.971799876,11.230603417,1.441859577));
#3541=CARTESIAN_POINT('',(-9.876265654,11.220996181,1.497032172));
#3542=CARTESIAN_POINT('',(-9.798261868,11.211050399,1.575045912));
#3543=CARTESIAN_POINT('',(-9.743101497,11.201443537,1.670586478));
#3544=CARTESIAN_POINT('',(-9.743088506,11.201441275,1.670608979));
#3545=CARTESIAN_POINT('',(-9.743075517,11.201439012,1.67063148));
#3546=CARTESIAN_POINT('',(-9.74306253,11.20143675,1.670653982));
#3547=CARTESIAN_POINT('',(-9.687913764,11.191829514,1.766201961));
#3548=CARTESIAN_POINT('',(-9.659367374,11.181883732,1.872765736));
#3549=CARTESIAN_POINT('',(-9.659367374,11.172276871,1.983086478));
#3550=CARTESIAN_POINT('',(-9.659367374,11.172274609,1.983112459));
#3551=CARTESIAN_POINT('',(-9.659367376,11.172272346,1.98313844));
#3552=CARTESIAN_POINT('',(-9.659367379,11.172270084,1.983164422));
#3553=CARTESIAN_POINT('',(-9.659381137,11.162662847,2.093485781));
#3554=CARTESIAN_POINT('',(-9.687941125,11.152717065,2.200045912));
#3555=CARTESIAN_POINT('',(-9.743101497,11.143110204,2.295586478));
#3556=CARTESIAN_POINT('',(-9.743114487,11.143107942,2.295608979));
#3557=CARTESIAN_POINT('',(-9.743127479,11.143105679,2.295631478));
#3558=CARTESIAN_POINT('',(-9.743140473,11.143103417,2.295653977));
#3559=CARTESIAN_POINT('',(-9.798313067,11.133496181,2.391188198));
#3560=CARTESIAN_POINT('',(-9.876326808,11.123550399,2.469191984));
#3561=CARTESIAN_POINT('',(-9.971867374,11.113943538,2.524352356));
#3562=CARTESIAN_POINT('',(-9.971889874,11.113941276,2.524365347));
#3563=CARTESIAN_POINT('',(-9.971912375,11.113939013,2.524378336));
#3564=CARTESIAN_POINT('',(-9.971934877,11.113936751,2.524391324));
#3565=CARTESIAN_POINT('',(-10.067482856,11.104329515,2.579540089));
#3566=CARTESIAN_POINT('',(-10.174046631,11.094383732,2.608086479));
#3567=CARTESIAN_POINT('',(-10.284367374,11.084776871,2.608086479));
#3568=CARTESIAN_POINT('',(-10.284393355,11.084774608,2.608086479));
#3569=CARTESIAN_POINT('',(-10.284419336,11.084772346,2.608086477));
#3570=CARTESIAN_POINT('',(-10.284445317,11.084770083,2.608086474));
#3571=CARTESIAN_POINT('',(-10.394766677,11.075162848,2.608072716));
#3572=CARTESIAN_POINT('',(-10.501326808,11.065217065,2.579512728));
#3573=CARTESIAN_POINT('',(-10.596867374,11.055610204,2.524352357));
#3574=CARTESIAN_POINT('',(-10.596889874,11.055607942,2.524339366));
#3575=CARTESIAN_POINT('',(-10.596912374,11.055605679,2.524326374));
#3576=CARTESIAN_POINT('',(-10.596934872,11.055603417,2.524313381));
#3577=CARTESIAN_POINT('',(-10.692469093,11.045996181,2.469140786));
#3578=CARTESIAN_POINT('',(-10.77047288,11.036050399,2.391127045));
#3579=CARTESIAN_POINT('',(-10.825633251,11.026443538,2.295586479));
#3580=CARTESIAN_POINT('',(-10.825646241,11.026441276,2.295563979));
#3581=CARTESIAN_POINT('',(-10.825659231,11.026439013,2.295541478));
#3582=CARTESIAN_POINT('',(-10.825672218,11.026436751,2.295518976));
#3583=CARTESIAN_POINT('',(-10.880820984,11.016829514,2.199970996));
#3584=CARTESIAN_POINT('',(-10.909367374,11.006883732,2.093407222));
#3585=CARTESIAN_POINT('',(-10.909367374,10.997276871,1.983086479));
#3586=CARTESIAN_POINT('',(-10.909367374,10.997274609,1.983060498));
#3587=CARTESIAN_POINT('',(-10.909367372,10.997272346,1.983034517));
#3588=CARTESIAN_POINT('',(-10.909367369,10.997270084,1.983008535));
#3589=CARTESIAN_POINT('',(-10.909353611,10.987662848,1.872687176));
#3590=CARTESIAN_POINT('',(-10.880793623,10.977717065,1.766127045));
#3591=CARTESIAN_POINT('',(-10.825633251,10.968110204,1.670586479));
#3592=CARTESIAN_POINT('',(-10.82562026,10.968107942,1.670563979));
#3593=CARTESIAN_POINT('',(-10.825607268,10.96810568,1.670541479));
#3594=CARTESIAN_POINT('',(-10.825594275,10.968103417,1.670518981));
#3595=CARTESIAN_POINT('',(-10.770421681,10.958496181,1.574984759));
#3596=CARTESIAN_POINT('',(-10.69240794,10.948550398,1.496980973));
#3597=CARTESIAN_POINT('',(-10.596867374,10.938943537,1.441820602));
#3598=CARTESIAN_POINT('',(-10.596844874,10.938941275,1.441807611));
#3599=CARTESIAN_POINT('',(-10.596822373,10.938939012,1.441794622));
#3600=CARTESIAN_POINT('',(-10.596799871,10.93893675,1.441781634));
#3601=CARTESIAN_POINT('',(-10.501251891,10.929329514,1.386632869));
#3602=CARTESIAN_POINT('',(-10.394688117,10.919383732,1.358086479));
#3603=CARTESIAN_POINT('',(-10.284367374,10.909776871,1.358086479));
#3604=CARTESIAN_POINT('',(-10.284341393,10.909774608,1.358086479));
#3605=CARTESIAN_POINT('',(-10.284315412,10.909772346,1.358086481));
#3606=CARTESIAN_POINT('',(-10.284289431,10.909770083,1.358086484));
#3607=CARTESIAN_POINT('',(-10.173968071,10.900162848,1.358100242));
#3608=CARTESIAN_POINT('',(-10.06740794,10.890217066,1.38666023));
#3609=CARTESIAN_POINT('',(-9.971867374,10.880610204,1.441820601));
#3610=CARTESIAN_POINT('',(-9.971844874,10.880607942,1.441833591));
#3611=CARTESIAN_POINT('',(-9.971822374,10.88060568,1.441846583));
#3612=CARTESIAN_POINT('',(-9.971799876,10.880603417,1.441859577));
#3613=CARTESIAN_POINT('',(-9.876265654,10.870996181,1.497032172));
#3614=CARTESIAN_POINT('',(-9.798261868,10.861050399,1.575045913));
#3615=CARTESIAN_POINT('',(-9.743101497,10.851443538,1.670586479));
#3616=CARTESIAN_POINT('',(-9.743088506,10.851441276,1.670608979));
#3617=CARTESIAN_POINT('',(-9.743075517,10.851439013,1.67063148));
#3618=CARTESIAN_POINT('',(-9.74306253,10.851436751,1.670653982));
#3619=CARTESIAN_POINT('',(-9.687913764,10.841829514,1.766201961));
#3620=CARTESIAN_POINT('',(-9.659367374,10.831883732,1.872765736));
#3621=CARTESIAN_POINT('',(-9.659367374,10.822276871,1.983086479));
#3622=CARTESIAN_POINT('',(-9.659367374,10.822274609,1.98311246));
#3623=CARTESIAN_POINT('',(-9.659367376,10.822272346,1.983138441));
#3624=CARTESIAN_POINT('',(-9.659367379,10.822270084,1.983164422));
#3625=CARTESIAN_POINT('',(-9.659381137,10.812662848,2.093485781));
#3626=CARTESIAN_POINT('',(-9.687941125,10.802717066,2.200045913));
#3627=CARTESIAN_POINT('',(-9.743101497,10.793110204,2.295586479));
#3628=CARTESIAN_POINT('',(-9.743114487,10.793107942,2.295608979));
#3629=CARTESIAN_POINT('',(-9.743127479,10.793105679,2.295631478));
#3630=CARTESIAN_POINT('',(-9.743140473,10.793103417,2.295653977));
#3631=CARTESIAN_POINT('',(-9.798313067,10.783496181,2.391188198));
#3632=CARTESIAN_POINT('',(-9.876326808,10.773550399,2.469191985));
#3633=CARTESIAN_POINT('',(-9.971867374,10.763943538,2.524352356));
#3634=CARTESIAN_POINT('',(-9.971889874,10.763941276,2.524365347));
#3635=CARTESIAN_POINT('',(-9.971912375,10.763939013,2.524378336));
#3636=CARTESIAN_POINT('',(-9.971934877,10.76393675,2.524391324));
#3637=CARTESIAN_POINT('',(-10.067482856,10.754329515,2.579540088));
#3638=CARTESIAN_POINT('',(-10.174046631,10.744383732,2.608086479));
#3639=CARTESIAN_POINT('',(-10.284367374,10.734776872,2.608086479));
#3640=CARTESIAN_POINT('',(-10.284393355,10.734774609,2.608086479));
#3641=CARTESIAN_POINT('',(-10.284419336,10.734772347,2.608086478));
#3642=CARTESIAN_POINT('',(-10.284445317,10.734770084,2.608086474));
#3643=CARTESIAN_POINT('',(-10.394766677,10.725162848,2.608072716));
#3644=CARTESIAN_POINT('',(-10.501326808,10.715217065,2.579512728));
#3645=CARTESIAN_POINT('',(-10.596867374,10.705610204,2.524352356));
#3646=CARTESIAN_POINT('',(-10.596889874,10.705607942,2.524339365));
#3647=CARTESIAN_POINT('',(-10.596912374,10.705605679,2.524326373));
#3648=CARTESIAN_POINT('',(-10.596934872,10.705603417,2.52431338));
#3649=CARTESIAN_POINT('',(-10.692469093,10.695996181,2.469140786));
#3650=CARTESIAN_POINT('',(-10.77047288,10.686050399,2.391127045));
#3651=CARTESIAN_POINT('',(-10.825633251,10.676443538,2.295586478));
#3652=CARTESIAN_POINT('',(-10.825646241,10.676441275,2.295563978));
#3653=CARTESIAN_POINT('',(-10.825659231,10.676439013,2.295541477));
#3654=CARTESIAN_POINT('',(-10.825672218,10.67643675,2.295518975));
#3655=CARTESIAN_POINT('',(-10.880820984,10.666829514,2.199970996));
#3656=CARTESIAN_POINT('',(-10.909367374,10.656883732,2.093407222));
#3657=CARTESIAN_POINT('',(-10.909367374,10.647276871,1.983086479));
#3658=CARTESIAN_POINT('',(-10.909367374,10.647274609,1.983060498));
#3659=CARTESIAN_POINT('',(-10.909367372,10.647272346,1.983034517));
#3660=CARTESIAN_POINT('',(-10.909367369,10.647270084,1.983008536));
#3661=CARTESIAN_POINT('',(-10.909353611,10.637662848,1.872687176));
#3662=CARTESIAN_POINT('',(-10.880793623,10.627717065,1.766127044));
#3663=CARTESIAN_POINT('',(-10.825633251,10.618110204,1.670586478));
#3664=CARTESIAN_POINT('',(-10.82562026,10.618107942,1.670563978));
#3665=CARTESIAN_POINT('',(-10.825607268,10.618105679,1.670541479));
#3666=CARTESIAN_POINT('',(-10.825594275,10.618103417,1.67051898));
#3667=CARTESIAN_POINT('',(-10.770421681,10.608496181,1.574984759));
#3668=CARTESIAN_POINT('',(-10.69240794,10.598550399,1.496980973));
#3669=CARTESIAN_POINT('',(-10.596867374,10.588943538,1.441820602));
#3670=CARTESIAN_POINT('',(-10.596844874,10.588941276,1.441807611));
#3671=CARTESIAN_POINT('',(-10.596822373,10.588939013,1.441794622));
#3672=CARTESIAN_POINT('',(-10.596799871,10.588936751,1.441781634));
#3673=CARTESIAN_POINT('',(-10.501251891,10.579329515,1.386632869));
#3674=CARTESIAN_POINT('',(-10.394688117,10.569383732,1.358086478));
#3675=CARTESIAN_POINT('',(-10.284367374,10.559776871,1.358086478));
#3676=CARTESIAN_POINT('',(-10.284341393,10.559774608,1.358086478));
#3677=CARTESIAN_POINT('',(-10.284315412,10.559772346,1.35808648));
#3678=CARTESIAN_POINT('',(-10.284289431,10.559770083,1.358086483));
#3679=CARTESIAN_POINT('',(-10.173968071,10.550162848,1.358100241));
#3680=CARTESIAN_POINT('',(-10.06740794,10.540217066,1.386660229));
#3681=CARTESIAN_POINT('',(-9.971867374,10.530610204,1.441820601));
#3682=CARTESIAN_POINT('',(-9.971844874,10.530607942,1.441833592));
#3683=CARTESIAN_POINT('',(-9.971822374,10.530605679,1.441846584));
#3684=CARTESIAN_POINT('',(-9.971799876,10.530603417,1.441859577));
#3685=CARTESIAN_POINT('',(-9.93106053,10.526506534,1.465387224));
#3686=CARTESIAN_POINT('',(-9.893108354,10.522300556,1.493413392));
#3687=CARTESIAN_POINT('',(-9.858481501,10.518038021,1.525652086));
#3688=(BOUNDED_SURFACE()
B_SPLINE_SURFACE(1,3,((#3344,#3345,#3346,#3347,#3348,#3349,#3350,#3351,#3352,#3353,#3354,#3355,#3356,#3357,#3358,#3359,#3360,#3361,#3362,#3363,#3364,#3365,#3366,#3367,#3368,#3369,
#3370,#3371,#3372,#3373,#3374,#3375,#3376,#3377,#3378,#3379,#3380,#3381,#3382,#3383,#3384,#3385,#3386,#3387,#3388,#3389,#3390,#3391,#3392,#3393,#3394,
#3395,#3396,#3397,#3398,#3399,#3400,#3401,#3402,#3403,#3404,#3405,#3406,#3407,#3408,#3409,#3410,#3411,#3412,#3413,#3414,#3415,#3416,#3417,#3418,#3419,
#3420,#3421,#3422,#3423,#3424,#3425,#3426,#3427,#3428,#3429,#3430,#3431,#3432,#3433,#3434,#3435,#3436,#3437,#3438,#3439,#3440,#3441,#3442,#3443,#3444,
#3445,#3446,#3447,#3448,#3449,#3450,#3451,#3452,#3453,#3454,#3455,#3456,#3457,#3458,#3459,#3460,#3461,#3462,#3463,#3464,#3465,#3466,#3467,#3468,#3469,
#3470,#3471,#3472,#3473,#3474,#3475,#3476,#3477,#3478,#3479,#3480,#3481,#3482,#3483,#3484,#3485,#3486,#3487,#3488,#3489,#3490,#3491,#3492,#3493,#3494,
#3495,#3496,#3497,#3498,#3499,#3500,#3501,#3502,#3503,#3504,#3505,#3506,#3507,#3508,#3509,#3510,#3511,#3512,#3513,#3514,#3515),(#3516,#3517,#3518,#3519,#3520,#3521,#3522,#3523,#3524,#3525,#3526,#3527,#3528,#3529,#3530,#3531,#3532,#3533,#3534,#3535,#3536,#3537,#3538,#3539,#3540,#3541,
#3542,#3543,#3544,#3545,#3546,#3547,#3548,#3549,#3550,#3551,#3552,#3553,#3554,#3555,#3556,#3557,#3558,#3559,#3560,#3561,#3562,#3563,#3564,#3565,#3566,
#3567,#3568,#3569,#3570,#3571,#3572,#3573,#3574,#3575,#3576,#3577,#3578,#3579,#3580,#3581,#3582,#3583,#3584,#3585,#3586,#3587,#3588,#3589,#3590,#3591,
#3592,#3593,#3594,#3595,#3596,#3597,#3598,#3599,#3600,#3601,#3602,#3603,#3604,#3605,#3606,#3607,#3608,#3609,#3610,#3611,#3612,#3613,#3614,#3615,#3616,
#3617,#3618,#3619,#3620,#3621,#3622,#3623,#3624,#3625,#3626,#3627,#3628,#3629,#3630,#3631,#3632,#3633,#3634,#3635,#3636,#3637,#3638,#3639,#3640,#3641,
#3642,#3643,#3644,#3645,#3646,#3647,#3648,#3649,#3650,#3651,#3652,#3653,#3654,#3655,#3656,#3657,#3658,#3659,#3660,#3661,#3662,#3663,#3664,#3665,#3666,
#3667,#3668,#3669,#3670,#3671,#3672,#3673,#3674,#3675,#3676,#3677,#3678,#3679,#3680,#3681,#3682,#3683,#3684,#3685,#3686,#3687)),.UNSPECIFIED.,.F.,.F.,.U.)
B_SPLINE_SURFACE_WITH_KNOTS((2,2),(4,3,3,3,3,3,3,3,3,3,3,3,3,3,3,3,3,3,3,3,3,3,3,3,3,3,
3,3,3,3,3,3,3,3,3,3,3,3,3,3,3,3,3,3,3,3,3,3,3,3,3,
3,3,3,3,3,3,4),(0.,0.999999999),(0.671136285,0.671296296,0.671297411,0.675925926,0.675927041,0.680555556,0.680556671,0.685185185,0.6851863,0.689814815,0.68981593,0.694444444,0.694445559,0.699074074,0.699075189,0.703703704,0.703704819,0.708333333,0.708334448,0.712962963,0.712964078,0.717592593,0.717593708,0.722222222,0.722223337,0.726851852,
0.726852967,0.731481481,0.731482596,0.736111111,0.736112226,0.740740741,0.740741856,0.74537037,0.745371485,0.75,0.750001115,0.75462963,0.754630745,0.759259259,0.759260374,0.763888889,0.763890004,0.768518519,0.768519634,0.773148148,0.773149263,0.777777778,0.777778893,0.782407407,0.782408522,
0.787037037,0.787038152,0.791666667,0.791667782,0.796296296,0.796297411,0.79829722),.UNSPECIFIED.)
GEOMETRIC_REPRESENTATION_ITEM()
RATIONAL_B_SPLINE_SURFACE(((0.997726031,0.998456884,0.999214874,1.,0.999994527,0.999989056,0.999983586,0.977283885,0.977289357,1.,0.999994527,0.999989056,0.999983586,0.977283885,0.977289357,1.,0.999994527,0.999989056,0.999983586,0.977283885,0.977289357,1.,0.999994527,0.999989056,0.999983586,0.977283885,
0.977289357,1.,0.999994527,0.999989056,0.999983586,0.977283885,0.977289357,1.,0.999994527,0.999989056,0.999983586,0.977283885,0.977289357,1.,0.999994527,0.999989056,0.999983586,0.977283885,0.977289357,1.,0.999994527,0.999989056,0.999983586,0.977283885,0.977289357,
1.,0.999994527,0.999989056,0.999983586,0.977283885,0.977289357,1.,0.999994527,0.999989056,0.999983586,0.977283885,0.977289357,1.,0.999994527,0.999989056,0.999983586,0.977283885,0.977289357,1.,0.999994527,0.999989056,0.999983586,0.977283885,0.977289357,1.,
0.999994527,0.999989056,0.999983586,0.977283885,0.977289357,1.,0.999994527,0.999989056,0.999983586,0.977283885,0.977289357,1.,0.999994527,0.999989056,0.999983586,0.977283885,0.977289357,1.,0.999994527,0.999989056,0.999983586,0.977283885,0.977289357,1.,0.999994527,
0.999989056,0.999983586,0.977283885,0.977289357,1.,0.999994527,0.999989056,0.999983586,0.977283885,0.977289357,1.,0.999994527,0.999989056,0.999983586,0.977283885,0.977289357,1.,0.999994527,0.999989056,0.999983586,0.977283885,0.977289357,1.,0.999994527,0.999989056,
0.999983586,0.977283885,0.977289357,1.,0.999994527,0.999989056,0.999983586,0.977283885,0.977289357,1.,0.999994527,0.999989056,0.999983586,0.977283885,0.977289357,1.,0.999994527,0.999989056,0.999983586,0.977283885,0.977289357,1.,0.999994527,0.999989056,0.999983586,
0.977283885,0.977289357,1.,0.999994527,0.999989056,0.999983586,0.977283885,0.977289357,1.,0.999994527,0.999989056,0.999983586,0.977283885,0.977289357,1.,0.999994527,0.999989056,0.999983586,0.990175894,0.98460676,0.983276185),(0.997726031,0.998456884,0.999214874,1.,0.999994527,0.999989056,0.999983586,0.977283885,0.977289357,1.,0.999994527,0.999989056,0.999983586,0.977283885,0.977289357,1.,0.999994527,0.999989056,0.999983586,0.977283885,0.977289357,1.,0.999994527,0.999989056,0.999983586,0.977283885,
0.977289357,1.,0.999994527,0.999989056,0.999983586,0.977283885,0.977289357,1.,0.999994527,0.999989056,0.999983586,0.977283885,0.977289357,1.,0.999994527,0.999989056,0.999983586,0.977283885,0.977289357,1.,0.999994527,0.999989056,0.999983586,0.977283885,0.977289357,
1.,0.999994527,0.999989056,0.999983586,0.977283885,0.977289357,1.,0.999994527,0.999989056,0.999983586,0.977283885,0.977289357,1.,0.999994527,0.999989056,0.999983586,0.977283885,0.977289357,1.,0.999994527,0.999989056,0.999983586,0.977283885,0.977289357,1.,
0.999994527,0.999989056,0.999983586,0.977283885,0.977289357,1.,0.999994527,0.999989056,0.999983586,0.977283885,0.977289357,1.,0.999994527,0.999989056,0.999983586,0.977283885,0.977289357,1.,0.999994527,0.999989056,0.999983586,0.977283885,0.977289357,1.,0.999994527,
0.999989056,0.999983586,0.977283885,0.977289357,1.,0.999994527,0.999989056,0.999983586,0.977283885,0.977289357,1.,0.999994527,0.999989056,0.999983586,0.977283885,0.977289357,1.,0.999994527,0.999989056,0.999983586,0.977283885,0.977289357,1.,0.999994527,0.999989056,
0.999983586,0.977283885,0.977289357,1.,0.999994527,0.999989056,0.999983586,0.977283885,0.977289357,1.,0.999994527,0.999989056,0.999983586,0.977283885,0.977289357,1.,0.999994527,0.999989056,0.999983586,0.977283885,0.977289357,1.,0.999994527,0.999989056,0.999983586,
0.977283885,0.977289357,1.,0.999994527,0.999989056,0.999983586,0.977283885,0.977289357,1.,0.999994527,0.999989056,0.999983586,0.977283885,0.977289357,1.,0.999994527,0.999989056,0.999983586,0.990175894,0.98460676,0.983276185)))
REPRESENTATION_ITEM('')
SURFACE()
);
#3689=ORIENTED_EDGE('',*,*,#3338,.F.);
#3690=ORIENTED_EDGE('',*,*,#2710,.F.);
#3691=CARTESIAN_POINT('',(-10.284367374,11.084776871,2.608086478));
#3692=VERTEX_POINT('',#3691);
#3693=CARTESIAN_POINT('',(-10.831143721,11.319087382,1.680331418));
#3694=CARTESIAN_POINT('',(-10.778561534,11.309590928,1.585367865));
#3695=CARTESIAN_POINT('',(-10.698434209,11.299287373,1.502512608));
#3696=CARTESIAN_POINT('',(-10.605311017,11.289798227,1.446784159));
#3697=CARTESIAN_POINT('',(-10.512187825,11.28030908,1.391055709));
#3698=CARTESIAN_POINT('',(-10.401245884,11.269990271,1.35959996));
#3699=CARTESIAN_POINT('',(-10.29276132,11.260509148,1.358142847));
#3700=CARTESIAN_POINT('',(-10.184276756,11.251028025,1.356685734));
#3701=CARTESIAN_POINT('',(-10.072477354,11.2406932,1.385180109));
#3702=CARTESIAN_POINT('',(-9.977943909,11.231220167,1.438357499));
#3703=CARTESIAN_POINT('',(-9.883410464,11.221747135,1.49153489));
#3704=CARTESIAN_POINT('',(-9.800975316,11.211396164,1.572337355));
#3705=CARTESIAN_POINT('',(-9.745920407,11.201931296,1.66575406));
#3706=CARTESIAN_POINT('',(-9.690865497,11.192466428,1.759170766));
#3707=CARTESIAN_POINT('',(-9.660109087,11.182099163,1.870491695));
#3708=CARTESIAN_POINT('',(-9.659381454,11.172642527,1.978891257));
#3709=CARTESIAN_POINT('',(-9.658653821,11.16318589,2.087290818));
#3710=CARTESIAN_POINT('',(-9.68794383,11.152802201,2.199068319));
#3711=CARTESIAN_POINT('',(-9.741708694,11.143353869,2.293161561));
#3712=CARTESIAN_POINT('',(-9.795473557,11.133905536,2.387254803));
#3713=CARTESIAN_POINT('',(-9.876954433,11.123505279,2.469272705));
#3714=CARTESIAN_POINT('',(-9.970657405,11.114065319,2.523651974));
#3715=CARTESIAN_POINT('',(-10.064360378,11.104625359,2.578031243));
#3716=CARTESIAN_POINT('',(-10.176060155,11.094208392,2.608086478));
#3717=CARTESIAN_POINT('',(-10.284367374,11.084776871,2.608086478));
#3718=B_SPLINE_CURVE_WITH_KNOTS('',3,(#3693,#3694,#3695,#3696,#3697,#3698,#3699,#3700,#3701,#3702,#3703,#3704,#3705,#3706,#3707,#3708,#3709,#3710,#3711,#3712,#3713,#3714,#3715,#3716,#3717),.UNSPECIFIED.,.F.,.F.,(4,3,3,3,3,3,3,3,4),(0.671136275,0.675785907,0.680435539,0.685085172,0.689734804,0.694384436,0.699034069,0.703683701,0.708333333),.UNSPECIFIED.);
#3719=EDGE_CURVE('',#2677,#3692,#3718,.T.);
#3720=ORIENTED_EDGE('',*,*,#3719,.T.);
#3721=CARTESIAN_POINT('',(-10.284367374,10.734776871,2.608086478));
#3722=VERTEX_POINT('',#3721);
#3723=CARTESIAN_POINT('',(-10.284367374,11.084776871,2.608086478));
#3724=CARTESIAN_POINT('',(-10.365248319,11.077733662,2.608086478));
#3725=CARTESIAN_POINT('',(-10.448194688,11.070130348,2.591771724));
#3726=CARTESIAN_POINT('',(-10.523868252,11.062808163,2.560376985));
#3727=CARTESIAN_POINT('',(-10.599541816,11.055485978,2.528982246));
#3728=CARTESIAN_POINT('',(-10.668126354,11.048444922,2.483210968));
#3729=CARTESIAN_POINT('',(-10.726309087,11.041026874,2.425028242));
#3730=CARTESIAN_POINT('',(-10.784491819,11.033608826,2.366845516));
#3731=CARTESIAN_POINT('',(-10.830263107,11.026567771,2.298260984));
#3732=CARTESIAN_POINT('',(-10.86165786,11.019245584,2.222587406));
#3733=CARTESIAN_POINT('',(-10.893052613,11.011923397,2.146913829));
#3734=CARTESIAN_POINT('',(-10.909367374,11.00432008,2.063967424));
#3735=CARTESIAN_POINT('',(-10.909367374,10.997276871,1.983086479));
#3736=CARTESIAN_POINT('',(-10.909367374,10.990233662,1.902205533));
#3737=CARTESIAN_POINT('',(-10.89305262,10.982630348,1.819259164));
#3738=CARTESIAN_POINT('',(-10.861657881,10.975308163,1.7435856));
#3739=CARTESIAN_POINT('',(-10.830263141,10.967985978,1.667912036));
#3740=CARTESIAN_POINT('',(-10.784491854,10.96094492,1.599327482));
#3741=CARTESIAN_POINT('',(-10.726309112,10.953526871,1.54114474));
#3742=CARTESIAN_POINT('',(-10.668126371,10.946108821,1.482961998));
#3743=CARTESIAN_POINT('',(-10.599541817,10.939067764,1.437190711));
#3744=CARTESIAN_POINT('',(-10.523868253,10.931745579,1.405795971));
#3745=CARTESIAN_POINT('',(-10.448194688,10.924423394,1.374401232));
#3746=CARTESIAN_POINT('',(-10.36524832,10.916820079,1.358086478));
#3747=CARTESIAN_POINT('',(-10.284367374,10.909776871,1.358086478));
#3748=CARTESIAN_POINT('',(-10.203486428,10.902733662,1.358086478));
#3749=CARTESIAN_POINT('',(-10.120540059,10.895130348,1.374401232));
#3750=CARTESIAN_POINT('',(-10.044866495,10.887808163,1.405795971));
#3751=CARTESIAN_POINT('',(-9.969192931,10.880485978,1.437190711));
#3752=CARTESIAN_POINT('',(-9.900608377,10.873444921,1.482961998));
#3753=CARTESIAN_POINT('',(-9.842425635,10.866026871,1.54114474));
#3754=CARTESIAN_POINT('',(-9.784242893,10.858608821,1.599327482));
#3755=CARTESIAN_POINT('',(-9.738471606,10.851567764,1.667912036));
#3756=CARTESIAN_POINT('',(-9.707076867,10.844245579,1.7435856));
#3757=CARTESIAN_POINT('',(-9.675682127,10.836923394,1.819259164));
#3758=CARTESIAN_POINT('',(-9.659367374,10.82932008,1.902205533));
#3759=CARTESIAN_POINT('',(-9.659367374,10.822276871,1.983086479));
#3760=CARTESIAN_POINT('',(-9.659367374,10.815233663,2.063967424));
#3761=CARTESIAN_POINT('',(-9.675682128,10.807630348,2.146913793));
#3762=CARTESIAN_POINT('',(-9.707076867,10.800308163,2.222587357));
#3763=CARTESIAN_POINT('',(-9.738471607,10.792985978,2.298260921));
#3764=CARTESIAN_POINT('',(-9.784242894,10.785944921,2.366845475));
#3765=CARTESIAN_POINT('',(-9.842425636,10.778526871,2.425028217));
#3766=CARTESIAN_POINT('',(-9.900608378,10.771108822,2.483210959));
#3767=CARTESIAN_POINT('',(-9.969192932,10.764067765,2.528982246));
#3768=CARTESIAN_POINT('',(-10.044866496,10.756745579,2.560376985));
#3769=CARTESIAN_POINT('',(-10.12054006,10.749423394,2.591771724));
#3770=CARTESIAN_POINT('',(-10.203486428,10.741820079,2.608086478));
#3771=CARTESIAN_POINT('',(-10.284367374,10.734776871,2.608086478));
#3772=B_SPLINE_CURVE_WITH_KNOTS('',3,(#3723,#3724,#3725,#3726,#3727,#3728,#3729,#3730,#3731,#3732,#3733,#3734,#3735,#3736,#3737,#3738,#3739,#3740,#3741,#3742,#3743,#3744,#3745,#3746,#3747,#3748,
#3749,#3750,#3751,#3752,#3753,#3754,#3755,#3756,#3757,#3758,#3759,#3760,#3761,#3762,#3763,#3764,#3765,#3766,#3767,#3768,#3769,#3770,#3771),.UNSPECIFIED.,.F.,.F.,(4,3,3,3,3,3,3,3,3,3,3,3,3,3,3,3,4),(0.708333333,0.711805555,0.715277778,0.71875,0.722222222,0.725694444,0.729166667,0.732638889,0.736111111,0.739583333,0.743055556,0.746527778,0.75,0.753472222,0.756944444,0.760416667,0.763888889),.UNSPECIFIED.);
#3773=EDGE_CURVE('',#3692,#3722,#3772,.T.);
#3774=ORIENTED_EDGE('',*,*,#3773,.T.);
#3775=CARTESIAN_POINT('',(-10.284367374,10.734776871,2.608086478));
#3776=CARTESIAN_POINT('',(-10.391276847,10.725467067,2.608086478));
#3777=CARTESIAN_POINT('',(-10.501563368,10.715180436,2.578816301));
#3778=CARTESIAN_POINT('',(-10.594442663,10.70585385,2.52574504));
#3779=CARTESIAN_POINT('',(-10.687321958,10.696527263,2.472673779));
#3780=CARTESIAN_POINT('',(-10.768469857,10.68627434,2.392630338));
#3781=CARTESIAN_POINT('',(-10.822814613,10.676931258,2.300418435));
#3782=CARTESIAN_POINT('',(-10.877159369,10.667588176,2.208206531));
#3783=CARTESIAN_POINT('',(-10.90787282,10.657368384,2.098565378));
#3784=CARTESIAN_POINT('',(-10.909311015,10.648009099,1.991479669));
#3785=CARTESIAN_POINT('',(-10.91074921,10.638649815,1.884393959));
#3786=CARTESIAN_POINT('',(-10.883050287,10.628462556,1.774074518));
#3787=CARTESIAN_POINT('',(-10.831143336,10.619087355,1.680330724));
#3788=B_SPLINE_CURVE_WITH_KNOTS('',3,(#3775,#3776,#3777,#3778,#3779,#3780,#3781,#3782,#3783,#3784,#3785,#3786,#3787),.UNSPECIFIED.,.F.,.F.,(4,3,3,3,4),(0.763888889,0.768478517,0.773068145,0.777657773,0.782247401),.UNSPECIFIED.);
#3789=EDGE_CURVE('',#3722,#1247,#3788,.T.);
#3790=ORIENTED_EDGE('',*,*,#3789,.T.);
#3791=ORIENTED_EDGE('',*,*,#1271,.T.);
#3792=EDGE_LOOP('',(#3689,#3690,#3720,#3774,#3790,#3791));
#3793=FACE_BOUND('',#3792,.T.);
#3794=ADVANCED_FACE('',(#3793),#3688,.T.);
#3795=CARTESIAN_POINT('',(-10.284367374,9.549131797,1.983086479));
#3796=DIRECTION('',(0.,-1.,0.));
#3797=DIRECTION('',(0.,0.,1.));
#3798=AXIS2_PLACEMENT_3D('',#3795,#3796,#3797);
#3799=CYLINDRICAL_SURFACE('',#3798,0.81);
#3800=CARTESIAN_POINT('',(-10.284367374,9.659131797,2.793086479));
#3801=VERTEX_POINT('',#3800);
#3802=CARTESIAN_POINT('',(-10.284367374,9.341741194,2.793086479));
#3803=DIRECTION('',(-0.,1.,-0.));
#3804=VECTOR('',#3803,0.317390603);
#3805=LINE('',#3802,#3804);
#3806=EDGE_CURVE('',#2269,#3801,#3805,.T.);
#3807=ORIENTED_EDGE('',*,*,#3806,.F.);
#3808=ORIENTED_EDGE('',*,*,#2275,.F.);
#3809=ORIENTED_EDGE('',*,*,#2282,.F.);
#3810=ORIENTED_EDGE('',*,*,#3806,.T.);
#3811=CARTESIAN_POINT('',(-9.788264176,9.659131797,1.34278841));
#3812=VERTEX_POINT('',#3811);
#3813=CARTESIAN_POINT('',(-10.284367374,9.659131797,1.983086479));
#3814=DIRECTION('',(0.,-1.,0.));
#3815=DIRECTION('',(0.,-0.,-1.));
#3816=AXIS2_PLACEMENT_3D('',#3813,#3814,#3815);
#3817=CIRCLE('',#3816,0.81);
#3818=EDGE_CURVE('',#3812,#3801,#3817,.T.);
#3819=ORIENTED_EDGE('',*,*,#3818,.F.);
#3820=CARTESIAN_POINT('',(-10.284367374,9.659131797,1.983086479));
#3821=DIRECTION('',(0.,-1.,0.));
#3822=DIRECTION('',(0.,-0.,-1.));
#3823=AXIS2_PLACEMENT_3D('',#3820,#3821,#3822);
#3824=CIRCLE('',#3823,0.81);
#3825=EDGE_CURVE('',#3801,#3812,#3824,.T.);
#3826=ORIENTED_EDGE('',*,*,#3825,.F.);
#3827=EDGE_LOOP('',(#3807,#3808,#3809,#3810,#3819,#3826));
#3828=FACE_BOUND('',#3827,.T.);
#3829=ADVANCED_FACE('',(#3828),#3799,.F.);
#3830=CARTESIAN_POINT('',(-8.284367374,9.659131797,2.033086479));
#3831=DIRECTION('',(0.,-1.,0.));
#3832=DIRECTION('',(-1.,0.,0.));
#3833=AXIS2_PLACEMENT_3D('',#3830,#3831,#3832);
#3834=PLANE('',#3833);
#3835=ORIENTED_EDGE('',*,*,#3818,.T.);
#3836=ORIENTED_EDGE('',*,*,#3825,.T.);
#3837=EDGE_LOOP('',(#3835,#3836));
#3838=FACE_BOUND('',#3837,.T.);
#3839=ORIENTED_EDGE('',*,*,#2255,.T.);
#3840=CARTESIAN_POINT('',(-10.284367374,9.659131797,1.983086478));
#3841=DIRECTION('',(-0.,1.,-0.));
#3842=DIRECTION('',(0.,-0.,-1.));
#3843=AXIS2_PLACEMENT_3D('',#3840,#3841,#3842);
#3844=CIRCLE('',#3843,0.625);
#3845=EDGE_CURVE('',#2243,#2021,#3844,.T.);
#3846=ORIENTED_EDGE('',*,*,#3845,.T.);
#3847=ORIENTED_EDGE('',*,*,#2045,.F.);
#3848=ORIENTED_EDGE('',*,*,#1088,.F.);
#3849=EDGE_LOOP('',(#3839,#3846,#3847,#3848));
#3850=FACE_BOUND('',#3849,.T.);
#3851=ADVANCED_FACE('',(#3838,#3850),#3834,.T.);
#3852=CARTESIAN_POINT('',(-10.284367374,11.549131797,1.983086478));
#3853=DIRECTION('',(0.,-1.,0.));
#3854=DIRECTION('',(0.,0.,1.));
#3855=AXIS2_PLACEMENT_3D('',#3852,#3853,#3854);
#3856=CYLINDRICAL_SURFACE('',#3855,0.625);
#3857=CARTESIAN_POINT('',(-10.284367374,9.886876871,2.608086478));
#3858=DIRECTION('',(-0.,1.,-0.));
#3859=VECTOR('',#3858,0.1479);
#3860=LINE('',#3857,#3859);
#3861=EDGE_CURVE('',#2048,#933,#3860,.T.);
#3862=ORIENTED_EDGE('',*,*,#3861,.F.);
#3863=ORIENTED_EDGE('',*,*,#2087,.T.);
#3864=ORIENTED_EDGE('',*,*,#3845,.F.);
#3865=ORIENTED_EDGE('',*,*,#2248,.T.);
#3866=ORIENTED_EDGE('',*,*,#998,.F.);
#3867=EDGE_LOOP('',(#3862,#3863,#3864,#3865,#3866));
#3868=FACE_BOUND('',#3867,.T.);
#3869=ADVANCED_FACE('',(#3868),#3856,.F.);
#3870=CARTESIAN_POINT('',(-10.284367374,11.549131797,1.983086478));
#3871=DIRECTION('',(0.,-1.,0.));
#3872=DIRECTION('',(0.,0.,1.));
#3873=AXIS2_PLACEMENT_3D('',#3870,#3871,#3872);
#3874=CYLINDRICAL_SURFACE('',#3873,0.625);
#3875=CARTESIAN_POINT('',(-10.284367374,10.236876871,2.608086478));
#3876=DIRECTION('',(-0.,1.,-0.));
#3877=VECTOR('',#3876,0.1479);
#3878=LINE('',#3875,#3877);
#3879=EDGE_CURVE('',#2090,#1274,#3878,.T.);
#3880=ORIENTED_EDGE('',*,*,#3879,.F.);
#3881=ORIENTED_EDGE('',*,*,#2141,.T.);
#3882=ORIENTED_EDGE('',*,*,#3861,.T.);
#3883=ORIENTED_EDGE('',*,*,#1353,.F.);
#3884=EDGE_LOOP('',(#3880,#3881,#3882,#3883));
#3885=FACE_BOUND('',#3884,.T.);
#3886=ADVANCED_FACE('',(#3885),#3874,.F.);
#3887=CARTESIAN_POINT('',(-10.284367374,11.549131797,1.983086478));
#3888=DIRECTION('',(0.,-1.,0.));
#3889=DIRECTION('',(0.,0.,1.));
#3890=AXIS2_PLACEMENT_3D('',#3887,#3888,#3889);
#3891=CYLINDRICAL_SURFACE('',#3890,0.625);
#3892=CARTESIAN_POINT('',(-10.284367374,10.586876871,2.608086478));
#3893=DIRECTION('',(-0.,1.,-0.));
#3894=VECTOR('',#3893,0.1479);
#3895=LINE('',#3892,#3894);
#3896=EDGE_CURVE('',#2144,#3722,#3895,.T.);
#3897=ORIENTED_EDGE('',*,*,#3896,.F.);
#3898=ORIENTED_EDGE('',*,*,#2195,.T.);
#3899=ORIENTED_EDGE('',*,*,#3879,.T.);
#3900=ORIENTED_EDGE('',*,*,#1301,.F.);
#3901=ORIENTED_EDGE('',*,*,#3789,.F.);
#3902=EDGE_LOOP('',(#3897,#3898,#3899,#3900,#3901));
#3903=FACE_BOUND('',#3902,.T.);
#3904=ADVANCED_FACE('',(#3903),#3891,.F.);
#3905=CARTESIAN_POINT('',(-10.284367374,11.549131797,1.983086478));
#3906=DIRECTION('',(0.,-1.,0.));
#3907=DIRECTION('',(0.,0.,1.));
#3908=AXIS2_PLACEMENT_3D('',#3905,#3906,#3907);
#3909=CYLINDRICAL_SURFACE('',#3908,0.625);
#3910=CARTESIAN_POINT('',(-10.284367374,10.936876871,2.608086478));
#3911=DIRECTION('',(-0.,1.,-0.));
#3912=VECTOR('',#3911,0.1479);
#3913=LINE('',#3910,#3912);
#3914=EDGE_CURVE('',#3074,#3692,#3913,.T.);
#3915=ORIENTED_EDGE('',*,*,#3914,.F.);
#3916=ORIENTED_EDGE('',*,*,#3119,.T.);
#3917=ORIENTED_EDGE('',*,*,#2207,.T.);
#3918=ORIENTED_EDGE('',*,*,#3896,.T.);
#3919=ORIENTED_EDGE('',*,*,#3773,.F.);
#3920=EDGE_LOOP('',(#3915,#3916,#3917,#3918,#3919));
#3921=FACE_BOUND('',#3920,.T.);
#3922=ADVANCED_FACE('',(#3921),#3909,.F.);
#3923=CARTESIAN_POINT('',(-10.284367374,11.549131797,1.983086478));
#3924=DIRECTION('',(0.,-1.,0.));
#3925=DIRECTION('',(0.,0.,1.));
#3926=AXIS2_PLACEMENT_3D('',#3923,#3924,#3925);
#3927=CYLINDRICAL_SURFACE('',#3926,0.625);
#3928=ORIENTED_EDGE('',*,*,#3914,.T.);
#3929=ORIENTED_EDGE('',*,*,#3719,.F.);
#3930=ORIENTED_EDGE('',*,*,#2683,.F.);
#3931=CARTESIAN_POINT('',(-10.284367374,11.286876871,2.608086478));
#3932=DIRECTION('',(-0.,1.,-0.));
#3933=VECTOR('',#3932,0.032210497);
#3934=LINE('',#3931,#3933);
#3935=EDGE_CURVE('',#3122,#2668,#3934,.T.);
#3936=ORIENTED_EDGE('',*,*,#3935,.F.);
#3937=ORIENTED_EDGE('',*,*,#3173,.T.);
#3938=EDGE_LOOP('',(#3928,#3929,#3930,#3936,#3937));
#3939=FACE_BOUND('',#3938,.T.);
#3940=ADVANCED_FACE('',(#3939),#3927,.F.);
#3941=CARTESIAN_POINT('',(-10.284367374,11.549131797,1.983086478));
#3942=DIRECTION('',(0.,-1.,0.));
#3943=DIRECTION('',(0.,0.,1.));
#3944=AXIS2_PLACEMENT_3D('',#3941,#3942,#3943);
#3945=CYLINDRICAL_SURFACE('',#3944,0.625);
#3946=ORIENTED_EDGE('',*,*,#3935,.T.);
#3947=ORIENTED_EDGE('',*,*,#2674,.F.);
#3948=ORIENTED_EDGE('',*,*,#3183,.T.);
#3949=EDGE_LOOP('',(#3946,#3947,#3948));
#3950=FACE_BOUND('',#3949,.T.);
#3951=ADVANCED_FACE('',(#3950),#3945,.F.);
#3952=CLOSED_SHELL('',(#1357,#2236,#2260,#2328,#2376,#2398,#2429,#2460,#2491,#2522,#2564,#2601,#2618,#2635,#2647,#2659,#2739,#3343,#3794,#3829,#3851,#3869,#3886,#3904,#3922,#3940,
#3951));
#3953=MANIFOLD_SOLID_BREP('\X2\4E3B52D5593E81C2\X0\ (\X2\504F7F6E\X0\)',#3952);
#3954=COLOUR_RGB('',0.850980401,0.850980401,0.850980401);
#3955=FILL_AREA_STYLE_COLOUR('',#3954);
#3956=FILL_AREA_STYLE('',(#3955));
#3957=SURFACE_STYLE_FILL_AREA(#3956);
#3958=SURFACE_SIDE_STYLE('',(#3957));
#3959=SURFACE_STYLE_USAGE(.BOTH.,#3958);
#3960=PRESENTATION_STYLE_ASSIGNMENT((#3959));
#26=STYLED_ITEM('',(#3960),#3953);
#16=SHAPE_REPRESENTATION('\X2\4E3B52D5593E81C2\X0\ (\X2\504F7F6E\X0\)',(#15),#10);
#17=ADVANCED_BREP_SHAPE_REPRESENTATION('\X2\4E3B52D5593E81C2\X0\ (\X2\504F7F6E\X0\)',(#3953),#10);
#3968=SHAPE_REPRESENTATION_RELATIONSHIP('','',#16,#17);
#3969=CARTESIAN_POINT('',(0.,0.,0.));
#3970=DIRECTION('',(0.,0.,1.));
#3971=DIRECTION('',(1.,0.,0.));
#3972=AXIS2_PLACEMENT_3D('',#3969,#3970,#3971);
#3974=MAPPED_ITEM('',#3973,#3972);
#3973=REPRESENTATION_MAP(#3972,#16);
#3975=APPLICATION_CONTEXT('Managed model based 3d engineering');
#3976=APPLICATION_PROTOCOL_DEFINITION('international standard','ap242_managed_model_based_3d_engineering',2014,#3975);
#3977=PRODUCT_CONTEXT('',#3975,'mechanical');
#3978=PRODUCT_DEFINITION_CONTEXT('part definition',#3975,'design');
#24=PRODUCT('\X2\4E3B52D5593E81C2\X0\ (\X2\504F7F6E\X0\)','\X2\4E3B52D5593E81C2\X0\ (\X2\504F7F6E\X0\)','',(#3977));
#3979=PRODUCT_RELATED_PRODUCT_CATEGORY('part','',(#24));
#3980=PRODUCT_DEFINITION_FORMATION_WITH_SPECIFIED_SOURCE('','',#24,.NOT_KNOWN.);
#25=PRODUCT_DEFINITION('design','',#3980,#3978);
#23=PRODUCT_DEFINITION_SHAPE('','',#25);
#3981=SHAPE_DEFINITION_REPRESENTATION(#23,#16);
#11=DRAUGHTING_MODEL('',(#3974),#10);
#3982=DESCRIPTIVE_REPRESENTATION_ITEM('KEY','C:\\Users\\Nalani\\AppData\\Local\\Packages\\Shapr3D.Shapr3D_j403pzjkqtqbj\\TempState\\2b340910-845e-47a6-96b2-004bcdda203f.tmp');
#3983=PROPERTY_DEFINITION('KEY','',#25);
#3984=REPRESENTATION('',(#3982),#10);
#3985=PROPERTY_DEFINITION_REPRESENTATION(#3983,#3984);
#3986=GENERAL_PROPERTY('','KEY','');
#3987=GENERAL_PROPERTY_ASSOCIATION('','',#3986,#3983);
#1=MECHANICAL_DESIGN_GEOMETRIC_PRESENTATION_REPRESENTATION('',(#26),#10);
ENDSEC;
END-ISO-10303-21;
