ISO-10303-21;
HEADER;

/* File generated by Shapr3D Version 26.123.11423.0 */

FILE_DESCRIPTION(('HOOPS Exchange Step'),'2;1');

FILE_NAME('C:\\Users\\Nalani\\AppData\\Local\\Packages\\Shapr3D.Shapr3D_j403pzjkqtqbj\\TempState\\export\\temp_export',
'2026-08-03T16:12:12+08:00',
('Nalani'),
('Shapr3D Limited'),
'HOOPS Exchange 2026.3',
'Shapr3D',
'Authorized');

FILE_SCHEMA( ('AP242_MANAGED_MODEL_BASED_3D_ENGINEERING_MIM_LF {1 0 10303 442 1 1 4}') );

ENDSEC;

DATA;
#3=(NAMED_UNIT(*)PLANE_ANGLE_UNIT()SI_UNIT($,.RADIAN.));
#4=PLANE_ANGLE_MEASURE_WITH_UNIT(PLANE_ANGLE_MEASURE(0.0174532925),#3);
#5=(CONVERSION_BASED_UNIT('DEGREE',#4)NAMED_UNIT(#6)PLANE_ANGLE_UNIT());
#6=DIMENSIONAL_EXPONENTS(0.,0.,0.,0.,0.,0.,0.);
#7=(NAMED_UNIT(*)SI_UNIT($,.STERADIAN.)SOLID_ANGLE_UNIT());
#8=(LENGTH_UNIT()NAMED_UNIT(*)SI_UNIT(.MILLI.,.METRE.));
#9=UNCERTAINTY_MEASURE_WITH_UNIT(LENGTH_MEASURE(1.000000E-05),#8,'DISTANCE_ACCURACY_VALUE','Maximum Tolerance applied to model');
#10=(GEOMETRIC_REPRESENTATION_CONTEXT(3)GLOBAL_UNCERTAINTY_ASSIGNED_CONTEXT((#9))GLOBAL_UNIT_ASSIGNED_CONTEXT((#8,#5,#7))REPRESENTATION_CONTEXT('','\X2\5F487C27\X0\'));
#12=CARTESIAN_POINT('',(0.,0.,0.));
#13=DIRECTION('',(0.,0.,1.));
#14=DIRECTION('',(1.,0.,0.));
#15=AXIS2_PLACEMENT_3D('',#12,#13,#14);
#27=CARTESIAN_POINT('',(-6.350006408,6.259980125,1.837268579));
#28=CARTESIAN_POINT('',(-6.370025395,6.256506495,1.903412805));
#29=CARTESIAN_POINT('',(-6.380019875,6.253095355,1.971507256));
#30=CARTESIAN_POINT('',(-6.380019875,6.249818318,2.040044429));
#31=CARTESIAN_POINT('',(-6.380019875,6.249816726,2.040077725));
#32=CARTESIAN_POINT('',(-6.380019873,6.249815134,2.04011102));
#33=CARTESIAN_POINT('',(-6.380019868,6.249813542,2.040144316));
#34=CARTESIAN_POINT('',(-6.379998601,6.242687127,2.189181895));
#35=CARTESIAN_POINT('',(-6.333933181,6.235194347,2.330921109));
#36=CARTESIAN_POINT('',(-6.246331771,6.228068318,2.451494106));
#37=CARTESIAN_POINT('',(-6.2463122,6.228066726,2.451521043));
#38=CARTESIAN_POINT('',(-6.246292628,6.228065134,2.451547978));
#39=CARTESIAN_POINT('',(-6.246273053,6.228063542,2.451574912));
#40=CARTESIAN_POINT('',(-6.158653757,6.220937127,2.572136346));
#41=CARTESIAN_POINT('',(-6.03807383,6.213444347,2.659729204));
#42=CARTESIAN_POINT('',(-5.896331771,6.206318318,2.70578399));
#43=CARTESIAN_POINT('',(-5.896300105,6.206316726,2.705794279));
#44=CARTESIAN_POINT('',(-5.896268438,6.206315134,2.705804566));
#45=CARTESIAN_POINT('',(-5.896236771,6.206313542,2.70581485));
#46=CARTESIAN_POINT('',(-5.754487038,6.199187127,2.751849769));
#47=CARTESIAN_POINT('',(-5.605450038,6.191694347,2.751838777));
#48=CARTESIAN_POINT('',(-5.463707979,6.184568318,2.70578399));
#49=CARTESIAN_POINT('',(-5.463676313,6.184566726,2.705773701));
#50=CARTESIAN_POINT('',(-5.463644648,6.184565134,2.70576341));
#51=CARTESIAN_POINT('',(-5.463612983,6.184563542,2.705753116));
#52=CARTESIAN_POINT('',(-5.321876394,6.177437127,2.659677746));
#53=CARTESIAN_POINT('',(-5.201309389,6.169944347,2.572067103));
#54=CARTESIAN_POINT('',(-5.113707979,6.162818318,2.451494106));
#55=CARTESIAN_POINT('',(-5.113688408,6.162816726,2.451467169));
#56=CARTESIAN_POINT('',(-5.11366884,6.162815134,2.451440231));
#57=CARTESIAN_POINT('',(-5.113649273,6.162813542,2.451413292));
#58=CARTESIAN_POINT('',(-5.026064387,6.155687127,2.330826856));
#59=CARTESIAN_POINT('',(-4.980019875,6.148194347,2.189080849));
#60=CARTESIAN_POINT('',(-4.980019875,6.141068318,2.040044429));
#61=CARTESIAN_POINT('',(-4.980019875,6.141066726,2.040011133));
#62=CARTESIAN_POINT('',(-4.980019877,6.141065134,2.039977838));
#63=CARTESIAN_POINT('',(-4.980019882,6.141063542,2.039944542));
#64=CARTESIAN_POINT('',(-4.980041149,6.133937127,1.890906963));
#65=CARTESIAN_POINT('',(-5.026106569,6.126444347,1.749167749));
#66=CARTESIAN_POINT('',(-5.113707979,6.119318318,1.628594752));
#67=CARTESIAN_POINT('',(-5.11372755,6.119316726,1.628567815));
#68=CARTESIAN_POINT('',(-5.113747122,6.119315134,1.62854088));
#69=CARTESIAN_POINT('',(-5.113766697,6.119313542,1.628513946));
#70=CARTESIAN_POINT('',(-5.201385993,6.112187127,1.507952512));
#71=CARTESIAN_POINT('',(-5.32196592,6.104694347,1.420359654));
#72=CARTESIAN_POINT('',(-5.463707979,6.097568318,1.374304868));
#73=CARTESIAN_POINT('',(-5.463739645,6.097566726,1.374294579));
#74=CARTESIAN_POINT('',(-5.463771312,6.097565134,1.374284292));
#75=CARTESIAN_POINT('',(-5.463802979,6.097563542,1.374274008));
#76=CARTESIAN_POINT('',(-5.605552712,6.090437127,1.328239089));
#77=CARTESIAN_POINT('',(-5.754589712,6.082944347,1.328250081));
#78=CARTESIAN_POINT('',(-5.896331771,6.075818318,1.374304868));
#79=CARTESIAN_POINT('',(-5.896363437,6.075816726,1.374315157));
#80=CARTESIAN_POINT('',(-5.896395102,6.075815134,1.374325448));
#81=CARTESIAN_POINT('',(-5.896426767,6.075813542,1.374335742));
#82=CARTESIAN_POINT('',(-6.038163356,6.068687127,1.420411112));
#83=CARTESIAN_POINT('',(-6.158730361,6.061194347,1.508021755));
#84=CARTESIAN_POINT('',(-6.246331771,6.054068318,1.628594752));
#85=CARTESIAN_POINT('',(-6.246351342,6.054066726,1.628621689));
#86=CARTESIAN_POINT('',(-6.24637091,6.054065134,1.628648627));
#87=CARTESIAN_POINT('',(-6.246390477,6.054063542,1.628675566));
#88=CARTESIAN_POINT('',(-6.333975363,6.046937127,1.749262002));
#89=CARTESIAN_POINT('',(-6.380019875,6.039444347,1.891008009));
#90=CARTESIAN_POINT('',(-6.380019875,6.032318318,2.040044429));
#91=CARTESIAN_POINT('',(-6.380019875,6.032316726,2.040077725));
#92=CARTESIAN_POINT('',(-6.380019873,6.032315134,2.04011102));
#93=CARTESIAN_POINT('',(-6.380019868,6.032313542,2.040144316));
#94=CARTESIAN_POINT('',(-6.379998601,6.025187127,2.189181895));
#95=CARTESIAN_POINT('',(-6.333933181,6.017694347,2.330921109));
#96=CARTESIAN_POINT('',(-6.246331771,6.010568318,2.451494106));
#97=CARTESIAN_POINT('',(-6.2463122,6.010566726,2.451521043));
#98=CARTESIAN_POINT('',(-6.246292628,6.010565134,2.451547978));
#99=CARTESIAN_POINT('',(-6.246273053,6.010563542,2.451574912));
#100=CARTESIAN_POINT('',(-6.158653757,6.003437127,2.572136346));
#101=CARTESIAN_POINT('',(-6.03807383,5.995944347,2.659729204));
#102=CARTESIAN_POINT('',(-5.896331771,5.988818318,2.70578399));
#103=CARTESIAN_POINT('',(-5.896300105,5.988816726,2.705794279));
#104=CARTESIAN_POINT('',(-5.896268438,5.988815134,2.705804566));
#105=CARTESIAN_POINT('',(-5.896236771,5.988813542,2.70581485));
#106=CARTESIAN_POINT('',(-5.754487038,5.981687127,2.751849769));
#107=CARTESIAN_POINT('',(-5.605450038,5.974194347,2.751838777));
#108=CARTESIAN_POINT('',(-5.463707979,5.967068318,2.70578399));
#109=CARTESIAN_POINT('',(-5.463676313,5.967066726,2.705773701));
#110=CARTESIAN_POINT('',(-5.463644648,5.967065134,2.70576341));
#111=CARTESIAN_POINT('',(-5.463612983,5.967063542,2.705753116));
#112=CARTESIAN_POINT('',(-5.321876394,5.959937127,2.659677746));
#113=CARTESIAN_POINT('',(-5.201309389,5.952444347,2.572067103));
#114=CARTESIAN_POINT('',(-5.113707979,5.945318318,2.451494106));
#115=CARTESIAN_POINT('',(-5.113688408,5.945316726,2.451467169));
#116=CARTESIAN_POINT('',(-5.11366884,5.945315134,2.451440231));
#117=CARTESIAN_POINT('',(-5.113649273,5.945313542,2.451413292));
#118=CARTESIAN_POINT('',(-5.026064387,5.938187127,2.330826856));
#119=CARTESIAN_POINT('',(-4.980019875,5.930694347,2.189080849));
#120=CARTESIAN_POINT('',(-4.980019875,5.923568318,2.040044429));
#121=CARTESIAN_POINT('',(-4.980019875,5.923566726,2.040011133));
#122=CARTESIAN_POINT('',(-4.980019877,5.923565134,2.039977838));
#123=CARTESIAN_POINT('',(-4.980019882,5.923563542,2.039944542));
#124=CARTESIAN_POINT('',(-4.980041149,5.916437127,1.890906963));
#125=CARTESIAN_POINT('',(-5.026106569,5.908944347,1.749167749));
#126=CARTESIAN_POINT('',(-5.113707979,5.901818318,1.628594752));
#127=CARTESIAN_POINT('',(-5.11372755,5.901816726,1.628567815));
#128=CARTESIAN_POINT('',(-5.113747122,5.901815134,1.62854088));
#129=CARTESIAN_POINT('',(-5.113766697,5.901813542,1.628513946));
#130=CARTESIAN_POINT('',(-5.201385993,5.894687127,1.507952512));
#131=CARTESIAN_POINT('',(-5.32196592,5.887194347,1.420359654));
#132=CARTESIAN_POINT('',(-5.463707979,5.880068318,1.374304868));
#133=CARTESIAN_POINT('',(-5.463739645,5.880066726,1.374294579));
#134=CARTESIAN_POINT('',(-5.463771312,5.880065134,1.374284292));
#135=CARTESIAN_POINT('',(-5.463802979,5.880063542,1.374274008));
#136=CARTESIAN_POINT('',(-5.605552712,5.872937127,1.328239089));
#137=CARTESIAN_POINT('',(-5.754589712,5.865444347,1.328250081));
#138=CARTESIAN_POINT('',(-5.896331771,5.858318318,1.374304868));
#139=CARTESIAN_POINT('',(-5.896363437,5.858316726,1.374315157));
#140=CARTESIAN_POINT('',(-5.896395102,5.858315134,1.374325448));
#141=CARTESIAN_POINT('',(-5.896426767,5.858313542,1.374335742));
#142=CARTESIAN_POINT('',(-6.038163356,5.851187127,1.420411112));
#143=CARTESIAN_POINT('',(-6.158730361,5.843694347,1.508021755));
#144=CARTESIAN_POINT('',(-6.246331771,5.836568318,1.628594752));
#145=CARTESIAN_POINT('',(-6.246351342,5.836566726,1.628621689));
#146=CARTESIAN_POINT('',(-6.24637091,5.836565134,1.628648627));
#147=CARTESIAN_POINT('',(-6.246390477,5.836563542,1.628675566));
#148=CARTESIAN_POINT('',(-6.333975363,5.829437127,1.749262002));
#149=CARTESIAN_POINT('',(-6.380019875,5.821944347,1.891008009));
#150=CARTESIAN_POINT('',(-6.380019875,5.814818318,2.040044429));
#151=CARTESIAN_POINT('',(-6.380019875,5.814816726,2.040077725));
#152=CARTESIAN_POINT('',(-6.380019873,5.814815134,2.04011102));
#153=CARTESIAN_POINT('',(-6.380019868,5.814813542,2.040144316));
#154=CARTESIAN_POINT('',(-6.379998601,5.807687127,2.189181895));
#155=CARTESIAN_POINT('',(-6.333933181,5.800194347,2.330921109));
#156=CARTESIAN_POINT('',(-6.246331771,5.793068318,2.451494106));
#157=CARTESIAN_POINT('',(-6.2463122,5.793066726,2.451521043));
#158=CARTESIAN_POINT('',(-6.246292628,5.793065134,2.451547978));
#159=CARTESIAN_POINT('',(-6.246273053,5.793063542,2.451574912));
#160=CARTESIAN_POINT('',(-6.158653757,5.785937127,2.572136346));
#161=CARTESIAN_POINT('',(-6.03807383,5.778444347,2.659729204));
#162=CARTESIAN_POINT('',(-5.896331771,5.771318318,2.70578399));
#163=CARTESIAN_POINT('',(-5.896300105,5.771316726,2.705794279));
#164=CARTESIAN_POINT('',(-5.896268438,5.771315134,2.705804566));
#165=CARTESIAN_POINT('',(-5.896236771,5.771313542,2.70581485));
#166=CARTESIAN_POINT('',(-5.754487038,5.764187127,2.751849769));
#167=CARTESIAN_POINT('',(-5.605450038,5.756694347,2.751838777));
#168=CARTESIAN_POINT('',(-5.463707979,5.749568318,2.70578399));
#169=CARTESIAN_POINT('',(-5.463676313,5.749566726,2.705773701));
#170=CARTESIAN_POINT('',(-5.463644648,5.749565134,2.70576341));
#171=CARTESIAN_POINT('',(-5.463612983,5.749563542,2.705753116));
#172=CARTESIAN_POINT('',(-5.321876394,5.742437127,2.659677746));
#173=CARTESIAN_POINT('',(-5.201309389,5.734944347,2.572067103));
#174=CARTESIAN_POINT('',(-5.113707979,5.727818318,2.451494106));
#175=CARTESIAN_POINT('',(-5.113688408,5.727816726,2.451467169));
#176=CARTESIAN_POINT('',(-5.11366884,5.727815134,2.451440231));
#177=CARTESIAN_POINT('',(-5.113649273,5.727813542,2.451413292));
#178=CARTESIAN_POINT('',(-5.026064387,5.720687127,2.330826856));
#179=CARTESIAN_POINT('',(-4.980019875,5.713194347,2.189080849));
#180=CARTESIAN_POINT('',(-4.980019875,5.706068318,2.040044429));
#181=CARTESIAN_POINT('',(-4.980019875,5.706066726,2.040011133));
#182=CARTESIAN_POINT('',(-4.980019877,5.706065134,2.039977838));
#183=CARTESIAN_POINT('',(-4.980019882,5.706063542,2.039944542));
#184=CARTESIAN_POINT('',(-4.980041149,5.698937127,1.890906963));
#185=CARTESIAN_POINT('',(-5.026106569,5.691444347,1.749167749));
#186=CARTESIAN_POINT('',(-5.113707979,5.684318318,1.628594752));
#187=CARTESIAN_POINT('',(-5.11372755,5.684316726,1.628567815));
#188=CARTESIAN_POINT('',(-5.113747122,5.684315134,1.62854088));
#189=CARTESIAN_POINT('',(-5.113766697,5.684313542,1.628513946));
#190=CARTESIAN_POINT('',(-5.201385993,5.677187127,1.507952512));
#191=CARTESIAN_POINT('',(-5.32196592,5.669694347,1.420359654));
#192=CARTESIAN_POINT('',(-5.463707979,5.662568318,1.374304868));
#193=CARTESIAN_POINT('',(-5.463739645,5.662566726,1.374294579));
#194=CARTESIAN_POINT('',(-5.463771312,5.662565134,1.374284292));
#195=CARTESIAN_POINT('',(-5.463802979,5.662563542,1.374274008));
#196=CARTESIAN_POINT('',(-5.605552712,5.655437127,1.328239089));
#197=CARTESIAN_POINT('',(-5.754589712,5.647944347,1.328250081));
#198=CARTESIAN_POINT('',(-5.896331771,5.640818318,1.374304868));
#199=CARTESIAN_POINT('',(-5.896363437,5.640816726,1.374315157));
#200=CARTESIAN_POINT('',(-5.896395102,5.640815134,1.374325448));
#201=CARTESIAN_POINT('',(-5.896426767,5.640813542,1.374335742));
#202=CARTESIAN_POINT('',(-6.038163356,5.633687127,1.420411112));
#203=CARTESIAN_POINT('',(-6.158730361,5.626194347,1.508021755));
#204=CARTESIAN_POINT('',(-6.246331771,5.619068318,1.628594752));
#205=CARTESIAN_POINT('',(-6.246351342,5.619066726,1.628621689));
#206=CARTESIAN_POINT('',(-6.24637091,5.619065134,1.628648627));
#207=CARTESIAN_POINT('',(-6.246390477,5.619063542,1.628675566));
#208=CARTESIAN_POINT('',(-6.333975363,5.611937127,1.749262002));
#209=CARTESIAN_POINT('',(-6.380019875,5.604444347,1.891008009));
#210=CARTESIAN_POINT('',(-6.380019875,5.597318318,2.040044429));
#211=CARTESIAN_POINT('',(-6.380019875,5.597316726,2.040077725));
#212=CARTESIAN_POINT('',(-6.380019873,5.597315134,2.04011102));
#213=CARTESIAN_POINT('',(-6.380019868,5.597313542,2.040144316));
#214=CARTESIAN_POINT('',(-6.379998601,5.590187127,2.189181895));
#215=CARTESIAN_POINT('',(-6.333933181,5.582694347,2.330921109));
#216=CARTESIAN_POINT('',(-6.246331771,5.575568318,2.451494106));
#217=CARTESIAN_POINT('',(-6.2463122,5.575566726,2.451521043));
#218=CARTESIAN_POINT('',(-6.246292628,5.575565134,2.451547978));
#219=CARTESIAN_POINT('',(-6.246273053,5.575563542,2.451574912));
#220=CARTESIAN_POINT('',(-6.158653757,5.568437127,2.572136346));
#221=CARTESIAN_POINT('',(-6.03807383,5.560944347,2.659729204));
#222=CARTESIAN_POINT('',(-5.896331771,5.553818318,2.70578399));
#223=CARTESIAN_POINT('',(-5.896300105,5.553816726,2.705794279));
#224=CARTESIAN_POINT('',(-5.896268438,5.553815134,2.705804566));
#225=CARTESIAN_POINT('',(-5.896236771,5.553813542,2.70581485));
#226=CARTESIAN_POINT('',(-5.754487038,5.546687127,2.751849769));
#227=CARTESIAN_POINT('',(-5.605450038,5.539194347,2.751838777));
#228=CARTESIAN_POINT('',(-5.463707979,5.532068318,2.70578399));
#229=CARTESIAN_POINT('',(-5.463676313,5.532066726,2.705773701));
#230=CARTESIAN_POINT('',(-5.463644648,5.532065134,2.70576341));
#231=CARTESIAN_POINT('',(-5.463612983,5.532063542,2.705753116));
#232=CARTESIAN_POINT('',(-5.321876394,5.524937127,2.659677746));
#233=CARTESIAN_POINT('',(-5.201309389,5.517444347,2.572067103));
#234=CARTESIAN_POINT('',(-5.113707979,5.510318318,2.451494106));
#235=CARTESIAN_POINT('',(-5.113688408,5.510316726,2.451467169));
#236=CARTESIAN_POINT('',(-5.11366884,5.510315134,2.451440231));
#237=CARTESIAN_POINT('',(-5.113649273,5.510313542,2.451413292));
#238=CARTESIAN_POINT('',(-5.026064387,5.503187127,2.330826856));
#239=CARTESIAN_POINT('',(-4.980019875,5.495694347,2.189080849));
#240=CARTESIAN_POINT('',(-4.980019875,5.488568318,2.040044429));
#241=CARTESIAN_POINT('',(-4.980019875,5.488566726,2.040011133));
#242=CARTESIAN_POINT('',(-4.980019877,5.488565134,2.039977838));
#243=CARTESIAN_POINT('',(-4.980019882,5.488563542,2.039944542));
#244=CARTESIAN_POINT('',(-4.980041149,5.481437127,1.890906963));
#245=CARTESIAN_POINT('',(-5.026106569,5.473944347,1.749167749));
#246=CARTESIAN_POINT('',(-5.113707979,5.466818318,1.628594752));
#247=CARTESIAN_POINT('',(-5.11372755,5.466816726,1.628567815));
#248=CARTESIAN_POINT('',(-5.113747122,5.466815134,1.62854088));
#249=CARTESIAN_POINT('',(-5.113766697,5.466813542,1.628513946));
#250=CARTESIAN_POINT('',(-5.201385993,5.459687127,1.507952512));
#251=CARTESIAN_POINT('',(-5.32196592,5.452194347,1.420359654));
#252=CARTESIAN_POINT('',(-5.463707979,5.445068318,1.374304868));
#253=CARTESIAN_POINT('',(-5.463739645,5.445066726,1.374294579));
#254=CARTESIAN_POINT('',(-5.463771312,5.445065134,1.374284292));
#255=CARTESIAN_POINT('',(-5.463802979,5.445063542,1.374274008));
#256=CARTESIAN_POINT('',(-5.605552712,5.437937127,1.328239089));
#257=CARTESIAN_POINT('',(-5.754589712,5.430444347,1.328250081));
#258=CARTESIAN_POINT('',(-5.896331771,5.423318318,1.374304868));
#259=CARTESIAN_POINT('',(-5.896363437,5.423316726,1.374315157));
#260=CARTESIAN_POINT('',(-5.896395102,5.423315134,1.374325448));
#261=CARTESIAN_POINT('',(-5.896426767,5.423313542,1.374335742));
#262=CARTESIAN_POINT('',(-6.038163356,5.416187127,1.420411112));
#263=CARTESIAN_POINT('',(-6.158730361,5.408694347,1.508021755));
#264=CARTESIAN_POINT('',(-6.246331771,5.401568318,1.628594752));
#265=CARTESIAN_POINT('',(-6.246351342,5.401566726,1.628621689));
#266=CARTESIAN_POINT('',(-6.24637091,5.401565134,1.628648627));
#267=CARTESIAN_POINT('',(-6.246390477,5.401563542,1.628675566));
#268=CARTESIAN_POINT('',(-6.333975363,5.394437127,1.749262002));
#269=CARTESIAN_POINT('',(-6.380019875,5.386944347,1.891008009));
#270=CARTESIAN_POINT('',(-6.380019875,5.379818318,2.040044429));
#271=CARTESIAN_POINT('',(-6.380019875,5.379816726,2.040077725));
#272=CARTESIAN_POINT('',(-6.380019873,5.379815134,2.04011102));
#273=CARTESIAN_POINT('',(-6.380019868,5.379813542,2.040144316));
#274=CARTESIAN_POINT('',(-6.379998601,5.372687127,2.189181895));
#275=CARTESIAN_POINT('',(-6.333933181,5.365194347,2.330921109));
#276=CARTESIAN_POINT('',(-6.246331771,5.358068318,2.451494106));
#277=CARTESIAN_POINT('',(-6.2463122,5.358066726,2.451521043));
#278=CARTESIAN_POINT('',(-6.246292628,5.358065134,2.451547978));
#279=CARTESIAN_POINT('',(-6.246273053,5.358063542,2.451574912));
#280=CARTESIAN_POINT('',(-6.158653757,5.350937127,2.572136346));
#281=CARTESIAN_POINT('',(-6.03807383,5.343444347,2.659729204));
#282=CARTESIAN_POINT('',(-5.896331771,5.336318318,2.70578399));
#283=CARTESIAN_POINT('',(-5.896300105,5.336316726,2.705794279));
#284=CARTESIAN_POINT('',(-5.896268438,5.336315134,2.705804566));
#285=CARTESIAN_POINT('',(-5.896236771,5.336313542,2.70581485));
#286=CARTESIAN_POINT('',(-5.754487038,5.329187127,2.751849769));
#287=CARTESIAN_POINT('',(-5.605450038,5.321694347,2.751838777));
#288=CARTESIAN_POINT('',(-5.463707979,5.314568318,2.70578399));
#289=CARTESIAN_POINT('',(-5.463676313,5.314566726,2.705773701));
#290=CARTESIAN_POINT('',(-5.463644648,5.314565134,2.70576341));
#291=CARTESIAN_POINT('',(-5.463612983,5.314563542,2.705753116));
#292=CARTESIAN_POINT('',(-5.321876394,5.307437127,2.659677746));
#293=CARTESIAN_POINT('',(-5.201309389,5.299944347,2.572067103));
#294=CARTESIAN_POINT('',(-5.113707979,5.292818318,2.451494106));
#295=CARTESIAN_POINT('',(-5.113688408,5.292816726,2.451467169));
#296=CARTESIAN_POINT('',(-5.11366884,5.292815134,2.451440231));
#297=CARTESIAN_POINT('',(-5.113649273,5.292813542,2.451413292));
#298=CARTESIAN_POINT('',(-5.026064387,5.285687127,2.330826856));
#299=CARTESIAN_POINT('',(-4.980019875,5.278194347,2.189080849));
#300=CARTESIAN_POINT('',(-4.980019875,5.271068318,2.040044429));
#301=CARTESIAN_POINT('',(-4.980019875,5.271066726,2.040011133));
#302=CARTESIAN_POINT('',(-4.980019877,5.271065134,2.039977838));
#303=CARTESIAN_POINT('',(-4.980019882,5.271063542,2.039944542));
#304=CARTESIAN_POINT('',(-4.980041149,5.263937127,1.890906963));
#305=CARTESIAN_POINT('',(-5.026106569,5.256444347,1.749167749));
#306=CARTESIAN_POINT('',(-5.113707979,5.249318318,1.628594752));
#307=CARTESIAN_POINT('',(-5.11372755,5.249316726,1.628567815));
#308=CARTESIAN_POINT('',(-5.113747122,5.249315134,1.62854088));
#309=CARTESIAN_POINT('',(-5.113766697,5.249313542,1.628513946));
#310=CARTESIAN_POINT('',(-5.201385993,5.242187127,1.507952512));
#311=CARTESIAN_POINT('',(-5.32196592,5.234694347,1.420359654));
#312=CARTESIAN_POINT('',(-5.463707979,5.227568318,1.374304868));
#313=CARTESIAN_POINT('',(-5.463739645,5.227566726,1.374294579));
#314=CARTESIAN_POINT('',(-5.463771312,5.227565134,1.374284292));
#315=CARTESIAN_POINT('',(-5.463802979,5.227563542,1.374274008));
#316=CARTESIAN_POINT('',(-5.605552712,5.220437127,1.328239089));
#317=CARTESIAN_POINT('',(-5.754589712,5.212944347,1.328250081));
#318=CARTESIAN_POINT('',(-5.896331771,5.205818318,1.374304868));
#319=CARTESIAN_POINT('',(-5.896363437,5.205816726,1.374315157));
#320=CARTESIAN_POINT('',(-5.896395102,5.205815134,1.374325448));
#321=CARTESIAN_POINT('',(-5.896426767,5.205813542,1.374335742));
#322=CARTESIAN_POINT('',(-6.038163356,5.198687127,1.420411112));
#323=CARTESIAN_POINT('',(-6.158730361,5.191194347,1.508021755));
#324=CARTESIAN_POINT('',(-6.246331771,5.184068318,1.628594752));
#325=CARTESIAN_POINT('',(-6.246351342,5.184066726,1.628621689));
#326=CARTESIAN_POINT('',(-6.24637091,5.184065134,1.628648627));
#327=CARTESIAN_POINT('',(-6.246390477,5.184063542,1.628675566));
#328=CARTESIAN_POINT('',(-6.333975363,5.176937127,1.749262002));
#329=CARTESIAN_POINT('',(-6.380019875,5.169444347,1.891008009));
#330=CARTESIAN_POINT('',(-6.380019875,5.162318318,2.040044429));
#331=CARTESIAN_POINT('',(-6.380019875,5.162316726,2.040077725));
#332=CARTESIAN_POINT('',(-6.380019873,5.162315134,2.04011102));
#333=CARTESIAN_POINT('',(-6.380019868,5.162313542,2.040144316));
#334=CARTESIAN_POINT('',(-6.379998601,5.155187127,2.189181895));
#335=CARTESIAN_POINT('',(-6.333933181,5.147694347,2.330921109));
#336=CARTESIAN_POINT('',(-6.246331771,5.140568318,2.451494106));
#337=CARTESIAN_POINT('',(-6.2463122,5.140566726,2.451521043));
#338=CARTESIAN_POINT('',(-6.246292628,5.140565134,2.451547978));
#339=CARTESIAN_POINT('',(-6.246273053,5.140563542,2.451574912));
#340=CARTESIAN_POINT('',(-6.158653757,5.133437127,2.572136346));
#341=CARTESIAN_POINT('',(-6.03807383,5.125944347,2.659729204));
#342=CARTESIAN_POINT('',(-5.896331771,5.118818318,2.70578399));
#343=CARTESIAN_POINT('',(-5.896300105,5.118816726,2.705794279));
#344=CARTESIAN_POINT('',(-5.896268438,5.118815134,2.705804566));
#345=CARTESIAN_POINT('',(-5.896236771,5.118813542,2.70581485));
#346=CARTESIAN_POINT('',(-5.754487038,5.111687127,2.751849769));
#347=CARTESIAN_POINT('',(-5.605450038,5.104194347,2.751838777));
#348=CARTESIAN_POINT('',(-5.463707979,5.097068318,2.70578399));
#349=CARTESIAN_POINT('',(-5.463676313,5.097066726,2.705773701));
#350=CARTESIAN_POINT('',(-5.463644648,5.097065134,2.70576341));
#351=CARTESIAN_POINT('',(-5.463612983,5.097063542,2.705753116));
#352=CARTESIAN_POINT('',(-5.321876394,5.089937127,2.659677746));
#353=CARTESIAN_POINT('',(-5.201309389,5.082444347,2.572067103));
#354=CARTESIAN_POINT('',(-5.113707979,5.075318318,2.451494106));
#355=CARTESIAN_POINT('',(-5.113688408,5.075316726,2.451467169));
#356=CARTESIAN_POINT('',(-5.11366884,5.075315134,2.451440231));
#357=CARTESIAN_POINT('',(-5.113649273,5.075313542,2.451413292));
#358=CARTESIAN_POINT('',(-5.026064387,5.068187127,2.330826856));
#359=CARTESIAN_POINT('',(-4.980019875,5.060694347,2.189080849));
#360=CARTESIAN_POINT('',(-4.980019875,5.053568318,2.040044429));
#361=CARTESIAN_POINT('',(-4.980019875,5.053566726,2.040011133));
#362=CARTESIAN_POINT('',(-4.980019877,5.053565134,2.039977838));
#363=CARTESIAN_POINT('',(-4.980019882,5.053563542,2.039944542));
#364=CARTESIAN_POINT('',(-4.980041149,5.046437127,1.890906963));
#365=CARTESIAN_POINT('',(-5.026106569,5.038944347,1.749167749));
#366=CARTESIAN_POINT('',(-5.113707979,5.031818318,1.628594752));
#367=CARTESIAN_POINT('',(-5.11372755,5.031816726,1.628567815));
#368=CARTESIAN_POINT('',(-5.113747122,5.031815134,1.62854088));
#369=CARTESIAN_POINT('',(-5.113766697,5.031813542,1.628513946));
#370=CARTESIAN_POINT('',(-5.201385993,5.024687127,1.507952512));
#371=CARTESIAN_POINT('',(-5.32196592,5.017194347,1.420359654));
#372=CARTESIAN_POINT('',(-5.463707979,5.010068318,1.374304868));
#373=CARTESIAN_POINT('',(-5.463739645,5.010066726,1.374294579));
#374=CARTESIAN_POINT('',(-5.463771312,5.010065134,1.374284292));
#375=CARTESIAN_POINT('',(-5.463802979,5.010063542,1.374274008));
#376=CARTESIAN_POINT('',(-5.605552712,5.002937127,1.328239089));
#377=CARTESIAN_POINT('',(-5.754589712,4.995444347,1.328250081));
#378=CARTESIAN_POINT('',(-5.896331771,4.988318318,1.374304868));
#379=CARTESIAN_POINT('',(-5.896363437,4.988316726,1.374315157));
#380=CARTESIAN_POINT('',(-5.896395102,4.988315134,1.374325448));
#381=CARTESIAN_POINT('',(-5.896426767,4.988313542,1.374335742));
#382=CARTESIAN_POINT('',(-6.038163356,4.981187127,1.420411112));
#383=CARTESIAN_POINT('',(-6.158730361,4.973694347,1.508021755));
#384=CARTESIAN_POINT('',(-6.246331771,4.966568318,1.628594752));
#385=CARTESIAN_POINT('',(-6.246351342,4.966566726,1.628621689));
#386=CARTESIAN_POINT('',(-6.24637091,4.966565134,1.628648627));
#387=CARTESIAN_POINT('',(-6.246390477,4.966563542,1.628675566));
#388=CARTESIAN_POINT('',(-6.333975363,4.959437127,1.749262002));
#389=CARTESIAN_POINT('',(-6.380019875,4.951944347,1.891008009));
#390=CARTESIAN_POINT('',(-6.380019875,4.944818318,2.040044429));
#391=CARTESIAN_POINT('',(-6.380019875,4.944816726,2.040077725));
#392=CARTESIAN_POINT('',(-6.380019873,4.944815134,2.04011102));
#393=CARTESIAN_POINT('',(-6.380019868,4.944813542,2.040144316));
#394=CARTESIAN_POINT('',(-6.379998601,4.937687127,2.189181895));
#395=CARTESIAN_POINT('',(-6.333933181,4.930194347,2.330921109));
#396=CARTESIAN_POINT('',(-6.246331771,4.923068318,2.451494106));
#397=CARTESIAN_POINT('',(-6.2463122,4.923066726,2.451521043));
#398=CARTESIAN_POINT('',(-6.246292628,4.923065134,2.451547978));
#399=CARTESIAN_POINT('',(-6.246273053,4.923063542,2.451574912));
#400=CARTESIAN_POINT('',(-6.158653757,4.915937127,2.572136346));
#401=CARTESIAN_POINT('',(-6.03807383,4.908444347,2.659729204));
#402=CARTESIAN_POINT('',(-5.896331771,4.901318318,2.70578399));
#403=CARTESIAN_POINT('',(-5.896300105,4.901316726,2.705794279));
#404=CARTESIAN_POINT('',(-5.896268438,4.901315134,2.705804566));
#405=CARTESIAN_POINT('',(-5.896236771,4.901313542,2.70581485));
#406=CARTESIAN_POINT('',(-5.754487038,4.894187127,2.751849769));
#407=CARTESIAN_POINT('',(-5.605450038,4.886694347,2.751838777));
#408=CARTESIAN_POINT('',(-5.463707979,4.879568318,2.70578399));
#409=CARTESIAN_POINT('',(-5.463676313,4.879566726,2.705773701));
#410=CARTESIAN_POINT('',(-5.463644648,4.879565134,2.70576341));
#411=CARTESIAN_POINT('',(-5.463612983,4.879563542,2.705753116));
#412=CARTESIAN_POINT('',(-5.321876394,4.872437127,2.659677746));
#413=CARTESIAN_POINT('',(-5.201309389,4.864944347,2.572067103));
#414=CARTESIAN_POINT('',(-5.113707979,4.857818318,2.451494106));
#415=CARTESIAN_POINT('',(-5.113688408,4.857816726,2.451467169));
#416=CARTESIAN_POINT('',(-5.11366884,4.857815134,2.451440231));
#417=CARTESIAN_POINT('',(-5.113649273,4.857813542,2.451413292));
#418=CARTESIAN_POINT('',(-5.026064387,4.850687127,2.330826856));
#419=CARTESIAN_POINT('',(-4.980019875,4.843194347,2.189080849));
#420=CARTESIAN_POINT('',(-4.980019875,4.836068318,2.040044429));
#421=CARTESIAN_POINT('',(-4.980019875,4.836066726,2.040011133));
#422=CARTESIAN_POINT('',(-4.980019877,4.836065134,2.039977838));
#423=CARTESIAN_POINT('',(-4.980019882,4.836063542,2.039944542));
#424=CARTESIAN_POINT('',(-4.980041149,4.828937127,1.890906963));
#425=CARTESIAN_POINT('',(-5.026106569,4.821444347,1.749167749));
#426=CARTESIAN_POINT('',(-5.113707979,4.814318318,1.628594752));
#427=CARTESIAN_POINT('',(-5.11372755,4.814316726,1.628567815));
#428=CARTESIAN_POINT('',(-5.113747122,4.814315134,1.62854088));
#429=CARTESIAN_POINT('',(-5.113766697,4.814313542,1.628513946));
#430=CARTESIAN_POINT('',(-5.201385993,4.807187127,1.507952512));
#431=CARTESIAN_POINT('',(-5.32196592,4.799694347,1.420359654));
#432=CARTESIAN_POINT('',(-5.463707979,4.792568318,1.374304868));
#433=CARTESIAN_POINT('',(-5.463739645,4.792566726,1.374294579));
#434=CARTESIAN_POINT('',(-5.463771312,4.792565134,1.374284292));
#435=CARTESIAN_POINT('',(-5.463802979,4.792563542,1.374274008));
#436=CARTESIAN_POINT('',(-5.605552712,4.785437127,1.328239089));
#437=CARTESIAN_POINT('',(-5.754589712,4.777944347,1.328250081));
#438=CARTESIAN_POINT('',(-5.896331771,4.770818318,1.374304868));
#439=CARTESIAN_POINT('',(-5.896363437,4.770816726,1.374315157));
#440=CARTESIAN_POINT('',(-5.896395102,4.770815134,1.374325448));
#441=CARTESIAN_POINT('',(-5.896426767,4.770813542,1.374335742));
#442=CARTESIAN_POINT('',(-6.038163356,4.763687127,1.420411112));
#443=CARTESIAN_POINT('',(-6.158730361,4.756194347,1.508021755));
#444=CARTESIAN_POINT('',(-6.246331771,4.749068318,1.628594752));
#445=CARTESIAN_POINT('',(-6.246351342,4.749066726,1.628621689));
#446=CARTESIAN_POINT('',(-6.24637091,4.749065134,1.628648627));
#447=CARTESIAN_POINT('',(-6.246390477,4.749063542,1.628675566));
#448=CARTESIAN_POINT('',(-6.333975363,4.741937127,1.749262002));
#449=CARTESIAN_POINT('',(-6.380019875,4.734444347,1.891008009));
#450=CARTESIAN_POINT('',(-6.380019875,4.727318318,2.040044429));
#451=CARTESIAN_POINT('',(-6.380019875,4.727316726,2.040077725));
#452=CARTESIAN_POINT('',(-6.380019873,4.727315134,2.04011102));
#453=CARTESIAN_POINT('',(-6.380019868,4.727313542,2.040144316));
#454=CARTESIAN_POINT('',(-6.379998601,4.720187127,2.189181895));
#455=CARTESIAN_POINT('',(-6.333933181,4.712694347,2.330921109));
#456=CARTESIAN_POINT('',(-6.246331771,4.705568318,2.451494106));
#457=CARTESIAN_POINT('',(-6.2463122,4.705566726,2.451521043));
#458=CARTESIAN_POINT('',(-6.246292628,4.705565134,2.451547978));
#459=CARTESIAN_POINT('',(-6.246273053,4.705563542,2.451574912));
#460=CARTESIAN_POINT('',(-6.158653757,4.698437127,2.572136346));
#461=CARTESIAN_POINT('',(-6.03807383,4.690944347,2.659729204));
#462=CARTESIAN_POINT('',(-5.896331771,4.683818318,2.70578399));
#463=CARTESIAN_POINT('',(-5.896300105,4.683816726,2.705794279));
#464=CARTESIAN_POINT('',(-5.896268438,4.683815134,2.705804566));
#465=CARTESIAN_POINT('',(-5.896236771,4.683813542,2.70581485));
#466=CARTESIAN_POINT('',(-5.754487038,4.676687127,2.751849769));
#467=CARTESIAN_POINT('',(-5.605450038,4.669194347,2.751838777));
#468=CARTESIAN_POINT('',(-5.463707979,4.662068318,2.70578399));
#469=CARTESIAN_POINT('',(-5.463676313,4.662066726,2.705773701));
#470=CARTESIAN_POINT('',(-5.463644648,4.662065134,2.70576341));
#471=CARTESIAN_POINT('',(-5.463612983,4.662063542,2.705753116));
#472=CARTESIAN_POINT('',(-5.321876394,4.654937127,2.659677746));
#473=CARTESIAN_POINT('',(-5.201309389,4.647444347,2.572067103));
#474=CARTESIAN_POINT('',(-5.113707979,4.640318318,2.451494106));
#475=CARTESIAN_POINT('',(-5.113688408,4.640316726,2.451467169));
#476=CARTESIAN_POINT('',(-5.11366884,4.640315134,2.451440231));
#477=CARTESIAN_POINT('',(-5.113649273,4.640313542,2.451413292));
#478=CARTESIAN_POINT('',(-5.026064387,4.633187127,2.330826856));
#479=CARTESIAN_POINT('',(-4.980019875,4.625694347,2.189080849));
#480=CARTESIAN_POINT('',(-4.980019875,4.618568318,2.040044429));
#481=CARTESIAN_POINT('',(-4.980019875,4.618566726,2.040011133));
#482=CARTESIAN_POINT('',(-4.980019877,4.618565134,2.039977838));
#483=CARTESIAN_POINT('',(-4.980019882,4.618563542,2.039944542));
#484=CARTESIAN_POINT('',(-4.980041149,4.611437127,1.890906963));
#485=CARTESIAN_POINT('',(-5.026106569,4.603944347,1.749167749));
#486=CARTESIAN_POINT('',(-5.113707979,4.596818318,1.628594752));
#487=CARTESIAN_POINT('',(-5.11372755,4.596816726,1.628567815));
#488=CARTESIAN_POINT('',(-5.113747122,4.596815134,1.62854088));
#489=CARTESIAN_POINT('',(-5.113766697,4.596813542,1.628513946));
#490=CARTESIAN_POINT('',(-5.201385993,4.589687127,1.507952512));
#491=CARTESIAN_POINT('',(-5.32196592,4.582194347,1.420359654));
#492=CARTESIAN_POINT('',(-5.463707979,4.575068318,1.374304868));
#493=CARTESIAN_POINT('',(-5.463739645,4.575066726,1.374294579));
#494=CARTESIAN_POINT('',(-5.463771312,4.575065134,1.374284292));
#495=CARTESIAN_POINT('',(-5.463802979,4.575063542,1.374274008));
#496=CARTESIAN_POINT('',(-5.605552712,4.567937127,1.328239089));
#497=CARTESIAN_POINT('',(-5.754589712,4.560444347,1.328250081));
#498=CARTESIAN_POINT('',(-5.896331771,4.553318318,1.374304868));
#499=CARTESIAN_POINT('',(-5.896363437,4.553316726,1.374315157));
#500=CARTESIAN_POINT('',(-5.896395102,4.553315134,1.374325448));
#501=CARTESIAN_POINT('',(-5.896426767,4.553313542,1.374335742));
#502=CARTESIAN_POINT('',(-6.038163356,4.546187127,1.420411112));
#503=CARTESIAN_POINT('',(-6.158730361,4.538694347,1.508021755));
#504=CARTESIAN_POINT('',(-6.246331771,4.531568318,1.628594752));
#505=CARTESIAN_POINT('',(-6.246351342,4.531566726,1.628621689));
#506=CARTESIAN_POINT('',(-6.24637091,4.531565134,1.628648627));
#507=CARTESIAN_POINT('',(-6.246390477,4.531563542,1.628675566));
#508=CARTESIAN_POINT('',(-6.333975363,4.524437127,1.749262002));
#509=CARTESIAN_POINT('',(-6.380019875,4.516944347,1.891008009));
#510=CARTESIAN_POINT('',(-6.380019875,4.509818318,2.040044429));
#511=CARTESIAN_POINT('',(-6.380019875,4.509816726,2.040077725));
#512=CARTESIAN_POINT('',(-6.380019873,4.509815134,2.04011102));
#513=CARTESIAN_POINT('',(-6.380019868,4.509813542,2.040144316));
#514=CARTESIAN_POINT('',(-6.379998601,4.502687127,2.189181895));
#515=CARTESIAN_POINT('',(-6.333933181,4.495194347,2.330921109));
#516=CARTESIAN_POINT('',(-6.246331771,4.488068318,2.451494106));
#517=CARTESIAN_POINT('',(-6.2463122,4.488066726,2.451521043));
#518=CARTESIAN_POINT('',(-6.246292628,4.488065134,2.451547978));
#519=CARTESIAN_POINT('',(-6.246273053,4.488063542,2.451574912));
#520=CARTESIAN_POINT('',(-6.158653757,4.480937127,2.572136346));
#521=CARTESIAN_POINT('',(-6.03807383,4.473444347,2.659729204));
#522=CARTESIAN_POINT('',(-5.896331771,4.466318318,2.70578399));
#523=CARTESIAN_POINT('',(-5.896300105,4.466316726,2.705794279));
#524=CARTESIAN_POINT('',(-5.896268438,4.466315134,2.705804566));
#525=CARTESIAN_POINT('',(-5.896236771,4.466313542,2.70581485));
#526=CARTESIAN_POINT('',(-5.754487038,4.459187127,2.751849769));
#527=CARTESIAN_POINT('',(-5.605450038,4.451694347,2.751838777));
#528=CARTESIAN_POINT('',(-5.463707979,4.444568318,2.70578399));
#529=CARTESIAN_POINT('',(-5.463676313,4.444566726,2.705773701));
#530=CARTESIAN_POINT('',(-5.463644648,4.444565134,2.70576341));
#531=CARTESIAN_POINT('',(-5.463612983,4.444563542,2.705753116));
#532=CARTESIAN_POINT('',(-5.321876394,4.437437127,2.659677746));
#533=CARTESIAN_POINT('',(-5.201309389,4.429944347,2.572067103));
#534=CARTESIAN_POINT('',(-5.113707979,4.422818318,2.451494106));
#535=CARTESIAN_POINT('',(-5.113688408,4.422816726,2.451467169));
#536=CARTESIAN_POINT('',(-5.11366884,4.422815134,2.451440231));
#537=CARTESIAN_POINT('',(-5.113649273,4.422813542,2.451413292));
#538=CARTESIAN_POINT('',(-5.026064387,4.415687127,2.330826856));
#539=CARTESIAN_POINT('',(-4.980019875,4.408194347,2.189080849));
#540=CARTESIAN_POINT('',(-4.980019875,4.401068318,2.040044429));
#541=CARTESIAN_POINT('',(-4.980019875,4.401066726,2.040011133));
#542=CARTESIAN_POINT('',(-4.980019877,4.401065134,2.039977838));
#543=CARTESIAN_POINT('',(-4.980019882,4.401063542,2.039944542));
#544=CARTESIAN_POINT('',(-4.980041149,4.393937127,1.890906963));
#545=CARTESIAN_POINT('',(-5.026106569,4.386444347,1.749167749));
#546=CARTESIAN_POINT('',(-5.113707979,4.379318318,1.628594752));
#547=CARTESIAN_POINT('',(-5.11372755,4.379316726,1.628567815));
#548=CARTESIAN_POINT('',(-5.113747122,4.379315134,1.62854088));
#549=CARTESIAN_POINT('',(-5.113766697,4.379313542,1.628513946));
#550=CARTESIAN_POINT('',(-5.201385993,4.372187127,1.507952512));
#551=CARTESIAN_POINT('',(-5.32196592,4.364694347,1.420359654));
#552=CARTESIAN_POINT('',(-5.463707979,4.357568318,1.374304868));
#553=CARTESIAN_POINT('',(-5.463739645,4.357566726,1.374294579));
#554=CARTESIAN_POINT('',(-5.463771312,4.357565134,1.374284292));
#555=CARTESIAN_POINT('',(-5.463802979,4.357563542,1.374274008));
#556=CARTESIAN_POINT('',(-5.605552712,4.350437127,1.328239089));
#557=CARTESIAN_POINT('',(-5.754589712,4.342944347,1.328250081));
#558=CARTESIAN_POINT('',(-5.896331771,4.335818318,1.374304868));
#559=CARTESIAN_POINT('',(-5.896363437,4.335816726,1.374315157));
#560=CARTESIAN_POINT('',(-5.896395102,4.335815134,1.374325448));
#561=CARTESIAN_POINT('',(-5.896426767,4.335813542,1.374335742));
#562=CARTESIAN_POINT('',(-6.038163356,4.328687127,1.420411112));
#563=CARTESIAN_POINT('',(-6.158730361,4.321194347,1.508021755));
#564=CARTESIAN_POINT('',(-6.246331771,4.314068318,1.628594752));
#565=CARTESIAN_POINT('',(-6.246351342,4.314066726,1.628621689));
#566=CARTESIAN_POINT('',(-6.24637091,4.314065134,1.628648627));
#567=CARTESIAN_POINT('',(-6.246390477,4.314063542,1.628675566));
#568=CARTESIAN_POINT('',(-6.333975363,4.306937127,1.749262002));
#569=CARTESIAN_POINT('',(-6.380019875,4.299444347,1.891008009));
#570=CARTESIAN_POINT('',(-6.380019875,4.292318318,2.040044429));
#571=CARTESIAN_POINT('',(-6.380019875,4.292316726,2.040077725));
#572=CARTESIAN_POINT('',(-6.380019873,4.292315134,2.04011102));
#573=CARTESIAN_POINT('',(-6.380019868,4.292313542,2.040144316));
#574=CARTESIAN_POINT('',(-6.379998601,4.285187127,2.189181895));
#575=CARTESIAN_POINT('',(-6.333933181,4.277694347,2.330921109));
#576=CARTESIAN_POINT('',(-6.246331771,4.270568318,2.451494106));
#577=CARTESIAN_POINT('',(-6.2463122,4.270566726,2.451521043));
#578=CARTESIAN_POINT('',(-6.246292628,4.270565134,2.451547978));
#579=CARTESIAN_POINT('',(-6.246273053,4.270563542,2.451574912));
#580=CARTESIAN_POINT('',(-6.158653757,4.263437127,2.572136346));
#581=CARTESIAN_POINT('',(-6.03807383,4.255944347,2.659729204));
#582=CARTESIAN_POINT('',(-5.896331771,4.248818318,2.70578399));
#583=CARTESIAN_POINT('',(-5.896300105,4.248816726,2.705794279));
#584=CARTESIAN_POINT('',(-5.896268438,4.248815134,2.705804566));
#585=CARTESIAN_POINT('',(-5.896236771,4.248813542,2.70581485));
#586=CARTESIAN_POINT('',(-5.754487038,4.241687127,2.751849769));
#587=CARTESIAN_POINT('',(-5.605450038,4.234194347,2.751838777));
#588=CARTESIAN_POINT('',(-5.463707979,4.227068318,2.70578399));
#589=CARTESIAN_POINT('',(-5.463676313,4.227066726,2.705773701));
#590=CARTESIAN_POINT('',(-5.463644648,4.227065134,2.70576341));
#591=CARTESIAN_POINT('',(-5.463612983,4.227063542,2.705753116));
#592=CARTESIAN_POINT('',(-5.321876394,4.219937127,2.659677746));
#593=CARTESIAN_POINT('',(-5.201309389,4.212444347,2.572067103));
#594=CARTESIAN_POINT('',(-5.113707979,4.205318318,2.451494106));
#595=CARTESIAN_POINT('',(-5.113688408,4.205316726,2.451467169));
#596=CARTESIAN_POINT('',(-5.11366884,4.205315134,2.451440231));
#597=CARTESIAN_POINT('',(-5.113649273,4.205313542,2.451413292));
#598=CARTESIAN_POINT('',(-5.026064387,4.198187127,2.330826856));
#599=CARTESIAN_POINT('',(-4.980019875,4.190694347,2.189080849));
#600=CARTESIAN_POINT('',(-4.980019875,4.183568318,2.040044429));
#601=CARTESIAN_POINT('',(-4.980019875,4.183566726,2.040011133));
#602=CARTESIAN_POINT('',(-4.980019877,4.183565134,2.039977838));
#603=CARTESIAN_POINT('',(-4.980019882,4.183563542,2.039944542));
#604=CARTESIAN_POINT('',(-4.980041149,4.176437127,1.890906963));
#605=CARTESIAN_POINT('',(-5.026106569,4.168944347,1.749167749));
#606=CARTESIAN_POINT('',(-5.113707979,4.161818318,1.628594752));
#607=CARTESIAN_POINT('',(-5.11372755,4.161816726,1.628567815));
#608=CARTESIAN_POINT('',(-5.113747122,4.161815134,1.62854088));
#609=CARTESIAN_POINT('',(-5.113766697,4.161813542,1.628513946));
#610=CARTESIAN_POINT('',(-5.201385993,4.154687127,1.507952512));
#611=CARTESIAN_POINT('',(-5.32196592,4.147194347,1.420359654));
#612=CARTESIAN_POINT('',(-5.463707979,4.140068318,1.374304868));
#613=CARTESIAN_POINT('',(-5.463739645,4.140066726,1.374294579));
#614=CARTESIAN_POINT('',(-5.463771312,4.140065134,1.374284292));
#615=CARTESIAN_POINT('',(-5.463802979,4.140063542,1.374274008));
#616=CARTESIAN_POINT('',(-5.605552712,4.132937127,1.328239089));
#617=CARTESIAN_POINT('',(-5.754589712,4.125444347,1.328250081));
#618=CARTESIAN_POINT('',(-5.896331771,4.118318318,1.374304868));
#619=CARTESIAN_POINT('',(-5.896363437,4.118316726,1.374315157));
#620=CARTESIAN_POINT('',(-5.896395102,4.118315134,1.374325448));
#621=CARTESIAN_POINT('',(-5.896426767,4.118313542,1.374335742));
#622=CARTESIAN_POINT('',(-6.038163356,4.111187127,1.420411112));
#623=CARTESIAN_POINT('',(-6.158730361,4.103694347,1.508021755));
#624=CARTESIAN_POINT('',(-6.246331771,4.096568318,1.628594752));
#625=CARTESIAN_POINT('',(-6.246351342,4.096566726,1.628621689));
#626=CARTESIAN_POINT('',(-6.24637091,4.096565134,1.628648627));
#627=CARTESIAN_POINT('',(-6.246390477,4.096563542,1.628675566));
#628=CARTESIAN_POINT('',(-6.333975363,4.089437127,1.749262002));
#629=CARTESIAN_POINT('',(-6.380019875,4.081944347,1.891008009));
#630=CARTESIAN_POINT('',(-6.380019875,4.074818318,2.040044429));
#631=CARTESIAN_POINT('',(-6.380019875,4.074816726,2.040077725));
#632=CARTESIAN_POINT('',(-6.380019873,4.074815134,2.04011102));
#633=CARTESIAN_POINT('',(-6.380019868,4.074813542,2.040144316));
#634=CARTESIAN_POINT('',(-6.379998601,4.067687127,2.189181895));
#635=CARTESIAN_POINT('',(-6.333933181,4.060194347,2.330921109));
#636=CARTESIAN_POINT('',(-6.246331771,4.053068318,2.451494106));
#637=CARTESIAN_POINT('',(-6.2463122,4.053066726,2.451521043));
#638=CARTESIAN_POINT('',(-6.246292628,4.053065134,2.451547978));
#639=CARTESIAN_POINT('',(-6.246273053,4.053063542,2.451574912));
#640=CARTESIAN_POINT('',(-6.158653757,4.045937127,2.572136346));
#641=CARTESIAN_POINT('',(-6.03807383,4.038444347,2.659729204));
#642=CARTESIAN_POINT('',(-5.896331771,4.031318318,2.70578399));
#643=CARTESIAN_POINT('',(-5.896300105,4.031316726,2.705794279));
#644=CARTESIAN_POINT('',(-5.896268438,4.031315134,2.705804566));
#645=CARTESIAN_POINT('',(-5.896236771,4.031313542,2.70581485));
#646=CARTESIAN_POINT('',(-5.754487038,4.024187127,2.751849769));
#647=CARTESIAN_POINT('',(-5.605450038,4.016694347,2.751838777));
#648=CARTESIAN_POINT('',(-5.463707979,4.009568318,2.70578399));
#649=CARTESIAN_POINT('',(-5.463676313,4.009566726,2.705773701));
#650=CARTESIAN_POINT('',(-5.463644648,4.009565134,2.70576341));
#651=CARTESIAN_POINT('',(-5.463612983,4.009563542,2.705753116));
#652=CARTESIAN_POINT('',(-5.321876394,4.002437127,2.659677746));
#653=CARTESIAN_POINT('',(-5.201309389,3.994944347,2.572067103));
#654=CARTESIAN_POINT('',(-5.113707979,3.987818318,2.451494106));
#655=CARTESIAN_POINT('',(-5.113688408,3.987816726,2.451467169));
#656=CARTESIAN_POINT('',(-5.11366884,3.987815134,2.451440231));
#657=CARTESIAN_POINT('',(-5.113649273,3.987813542,2.451413292));
#658=CARTESIAN_POINT('',(-5.026064387,3.980687127,2.330826856));
#659=CARTESIAN_POINT('',(-4.980019875,3.973194347,2.189080849));
#660=CARTESIAN_POINT('',(-4.980019875,3.966068318,2.040044429));
#661=CARTESIAN_POINT('',(-4.980019875,3.966066726,2.040011133));
#662=CARTESIAN_POINT('',(-4.980019877,3.966065134,2.039977838));
#663=CARTESIAN_POINT('',(-4.980019882,3.966063542,2.039944542));
#664=CARTESIAN_POINT('',(-4.980041149,3.958937127,1.890906963));
#665=CARTESIAN_POINT('',(-5.026106569,3.951444347,1.749167749));
#666=CARTESIAN_POINT('',(-5.113707979,3.944318318,1.628594752));
#667=CARTESIAN_POINT('',(-5.11372755,3.944316726,1.628567815));
#668=CARTESIAN_POINT('',(-5.113747122,3.944315134,1.62854088));
#669=CARTESIAN_POINT('',(-5.113766697,3.944313542,1.628513946));
#670=CARTESIAN_POINT('',(-5.201385993,3.937187127,1.507952512));
#671=CARTESIAN_POINT('',(-5.32196592,3.929694347,1.420359654));
#672=CARTESIAN_POINT('',(-5.463707979,3.922568318,1.374304868));
#673=CARTESIAN_POINT('',(-5.463739645,3.922566726,1.374294579));
#674=CARTESIAN_POINT('',(-5.463771312,3.922565134,1.374284292));
#675=CARTESIAN_POINT('',(-5.463802979,3.922563542,1.374274008));
#676=CARTESIAN_POINT('',(-5.605552712,3.915437127,1.328239089));
#677=CARTESIAN_POINT('',(-5.754589712,3.907944347,1.328250081));
#678=CARTESIAN_POINT('',(-5.896331771,3.900818318,1.374304868));
#679=CARTESIAN_POINT('',(-5.896363437,3.900816726,1.374315157));
#680=CARTESIAN_POINT('',(-5.896395102,3.900815134,1.374325448));
#681=CARTESIAN_POINT('',(-5.896426767,3.900813542,1.374335742));
#682=CARTESIAN_POINT('',(-6.038163356,3.893687127,1.420411112));
#683=CARTESIAN_POINT('',(-6.158730361,3.886194347,1.508021755));
#684=CARTESIAN_POINT('',(-6.246331771,3.879068318,1.628594752));
#685=CARTESIAN_POINT('',(-6.246351342,3.879066726,1.628621689));
#686=CARTESIAN_POINT('',(-6.24637091,3.879065134,1.628648627));
#687=CARTESIAN_POINT('',(-6.246390477,3.879063542,1.628675566));
#688=CARTESIAN_POINT('',(-6.333975363,3.871937127,1.749262002));
#689=CARTESIAN_POINT('',(-6.380019875,3.864444347,1.891008009));
#690=CARTESIAN_POINT('',(-6.380019875,3.857318318,2.040044429));
#691=CARTESIAN_POINT('',(-6.380019875,3.857316726,2.040077725));
#692=CARTESIAN_POINT('',(-6.380019873,3.857315134,2.04011102));
#693=CARTESIAN_POINT('',(-6.380019868,3.857313542,2.040144316));
#694=CARTESIAN_POINT('',(-6.379998601,3.850187127,2.189181895));
#695=CARTESIAN_POINT('',(-6.333933181,3.842694347,2.330921109));
#696=CARTESIAN_POINT('',(-6.246331771,3.835568318,2.451494106));
#697=CARTESIAN_POINT('',(-6.2463122,3.835566726,2.451521043));
#698=CARTESIAN_POINT('',(-6.246292628,3.835565134,2.451547978));
#699=CARTESIAN_POINT('',(-6.246273053,3.835563542,2.451574912));
#700=CARTESIAN_POINT('',(-6.158653757,3.828437127,2.572136346));
#701=CARTESIAN_POINT('',(-6.03807383,3.820944347,2.659729204));
#702=CARTESIAN_POINT('',(-5.896331771,3.813818318,2.70578399));
#703=CARTESIAN_POINT('',(-5.896300105,3.813816726,2.705794279));
#704=CARTESIAN_POINT('',(-5.896268438,3.813815134,2.705804566));
#705=CARTESIAN_POINT('',(-5.896236771,3.813813542,2.70581485));
#706=CARTESIAN_POINT('',(-5.754487038,3.806687127,2.751849769));
#707=CARTESIAN_POINT('',(-5.605450038,3.799194347,2.751838777));
#708=CARTESIAN_POINT('',(-5.463707979,3.792068318,2.70578399));
#709=CARTESIAN_POINT('',(-5.463676313,3.792066726,2.705773701));
#710=CARTESIAN_POINT('',(-5.463644648,3.792065134,2.70576341));
#711=CARTESIAN_POINT('',(-5.463612983,3.792063542,2.705753116));
#712=CARTESIAN_POINT('',(-5.321876394,3.784937127,2.659677746));
#713=CARTESIAN_POINT('',(-5.201309389,3.777444347,2.572067103));
#714=CARTESIAN_POINT('',(-5.113707979,3.770318318,2.451494106));
#715=CARTESIAN_POINT('',(-5.113688408,3.770316726,2.451467169));
#716=CARTESIAN_POINT('',(-5.11366884,3.770315134,2.451440231));
#717=CARTESIAN_POINT('',(-5.113649273,3.770313542,2.451413292));
#718=CARTESIAN_POINT('',(-5.026064387,3.763187127,2.330826856));
#719=CARTESIAN_POINT('',(-4.980019875,3.755694347,2.189080849));
#720=CARTESIAN_POINT('',(-4.980019875,3.748568318,2.040044429));
#721=CARTESIAN_POINT('',(-4.980019875,3.748566726,2.040011133));
#722=CARTESIAN_POINT('',(-4.980019877,3.748565134,2.039977838));
#723=CARTESIAN_POINT('',(-4.980019882,3.748563542,2.039944542));
#724=CARTESIAN_POINT('',(-4.980041149,3.741437127,1.890906963));
#725=CARTESIAN_POINT('',(-5.026106569,3.733944347,1.749167749));
#726=CARTESIAN_POINT('',(-5.113707979,3.726818318,1.628594752));
#727=CARTESIAN_POINT('',(-5.11372755,3.726816726,1.628567815));
#728=CARTESIAN_POINT('',(-5.113747122,3.726815134,1.62854088));
#729=CARTESIAN_POINT('',(-5.113766697,3.726813542,1.628513946));
#730=CARTESIAN_POINT('',(-5.201385993,3.719687127,1.507952512));
#731=CARTESIAN_POINT('',(-5.32196592,3.712194347,1.420359654));
#732=CARTESIAN_POINT('',(-5.463707979,3.705068318,1.374304868));
#733=CARTESIAN_POINT('',(-5.463739645,3.705066726,1.374294579));
#734=CARTESIAN_POINT('',(-5.463771312,3.705065134,1.374284292));
#735=CARTESIAN_POINT('',(-5.463802979,3.705063542,1.374274008));
#736=CARTESIAN_POINT('',(-5.605552712,3.697937127,1.328239089));
#737=CARTESIAN_POINT('',(-5.754589712,3.690444347,1.328250081));
#738=CARTESIAN_POINT('',(-5.896331771,3.683318318,1.374304868));
#739=CARTESIAN_POINT('',(-5.896363437,3.683316726,1.374315157));
#740=CARTESIAN_POINT('',(-5.896395102,3.683315134,1.374325448));
#741=CARTESIAN_POINT('',(-5.896426767,3.683313542,1.374335742));
#742=CARTESIAN_POINT('',(-6.038163356,3.676187127,1.420411112));
#743=CARTESIAN_POINT('',(-6.158730361,3.668694347,1.508021755));
#744=CARTESIAN_POINT('',(-6.246331771,3.661568318,1.628594752));
#745=CARTESIAN_POINT('',(-6.246351342,3.661566726,1.628621689));
#746=CARTESIAN_POINT('',(-6.24637091,3.661565134,1.628648627));
#747=CARTESIAN_POINT('',(-6.246390477,3.661563542,1.628675566));
#748=CARTESIAN_POINT('',(-6.333975363,3.654437127,1.749262002));
#749=CARTESIAN_POINT('',(-6.380019875,3.646944347,1.891008009));
#750=CARTESIAN_POINT('',(-6.380019875,3.639818318,2.040044429));
#751=CARTESIAN_POINT('',(-6.380019875,3.639816726,2.040077725));
#752=CARTESIAN_POINT('',(-6.380019873,3.639815134,2.04011102));
#753=CARTESIAN_POINT('',(-6.380019868,3.639813542,2.040144316));
#754=CARTESIAN_POINT('',(-6.379998601,3.632687127,2.189181895));
#755=CARTESIAN_POINT('',(-6.333933181,3.625194347,2.330921109));
#756=CARTESIAN_POINT('',(-6.246331771,3.618068318,2.451494106));
#757=CARTESIAN_POINT('',(-6.2463122,3.618066726,2.451521043));
#758=CARTESIAN_POINT('',(-6.246292628,3.618065134,2.451547978));
#759=CARTESIAN_POINT('',(-6.246273053,3.618063542,2.451574912));
#760=CARTESIAN_POINT('',(-6.158653757,3.610937127,2.572136346));
#761=CARTESIAN_POINT('',(-6.03807383,3.603444347,2.659729204));
#762=CARTESIAN_POINT('',(-5.896331771,3.596318318,2.70578399));
#763=CARTESIAN_POINT('',(-5.896300105,3.596316726,2.705794279));
#764=CARTESIAN_POINT('',(-5.896268438,3.596315134,2.705804566));
#765=CARTESIAN_POINT('',(-5.896236771,3.596313542,2.70581485));
#766=CARTESIAN_POINT('',(-5.754487038,3.589187127,2.751849769));
#767=CARTESIAN_POINT('',(-5.605450038,3.581694347,2.751838777));
#768=CARTESIAN_POINT('',(-5.463707979,3.574568318,2.70578399));
#769=CARTESIAN_POINT('',(-5.463676313,3.574566726,2.705773701));
#770=CARTESIAN_POINT('',(-5.463644648,3.574565134,2.70576341));
#771=CARTESIAN_POINT('',(-5.463612983,3.574563542,2.705753116));
#772=CARTESIAN_POINT('',(-5.370266232,3.569870134,2.675408192));
#773=CARTESIAN_POINT('',(-5.284879603,3.564944694,2.626255139));
#774=CARTESIAN_POINT('',(-5.211418266,3.560000583,2.560056479));
#775=CARTESIAN_POINT('',(-5.21131145,3.559993394,2.559960224));
#776=CARTESIAN_POINT('',(-5.211204635,3.559986205,2.559863968));
#777=CARTESIAN_POINT('',(-5.211097819,3.559979016,2.559767713));
#778=CARTESIAN_POINT('',(-6.350038333,6.259980125,1.837258917));
#779=CARTESIAN_POINT('',(-6.370058274,6.256506495,1.903406295));
#780=CARTESIAN_POINT('',(-6.380053231,6.253095355,1.97150399));
#781=CARTESIAN_POINT('',(-6.380053231,6.249818318,2.040044429));
#782=CARTESIAN_POINT('',(-6.380053231,6.249816726,2.040077726));
#783=CARTESIAN_POINT('',(-6.380053228,6.249815134,2.040111023));
#784=CARTESIAN_POINT('',(-6.380053223,6.249813542,2.040144321));
#785=CARTESIAN_POINT('',(-6.380031955,6.242687127,2.189189002));
#786=CARTESIAN_POINT('',(-6.33396434,6.235194347,2.330934969));
#787=CARTESIAN_POINT('',(-6.246358756,6.228068318,2.451513712));
#788=CARTESIAN_POINT('',(-6.246339185,6.228066726,2.45154065));
#789=CARTESIAN_POINT('',(-6.246319611,6.228065134,2.451567587));
#790=CARTESIAN_POINT('',(-6.246300036,6.228063542,2.451594522));
#791=CARTESIAN_POINT('',(-6.158676564,6.220937127,2.572161701));
#792=CARTESIAN_POINT('',(-6.038090891,6.213444347,2.659758732));
#793=CARTESIAN_POINT('',(-5.896342078,6.206318318,2.705815713));
#794=CARTESIAN_POINT('',(-5.896310411,6.206316726,2.705826002));
#795=CARTESIAN_POINT('',(-5.896278743,6.206315134,2.70583629));
#796=CARTESIAN_POINT('',(-5.896247074,6.206313542,2.705846575));
#797=CARTESIAN_POINT('',(-5.754490586,6.199187127,2.751883687));
#798=CARTESIAN_POINT('',(-5.605446484,6.191694347,2.751872695));
#799=CARTESIAN_POINT('',(-5.463697672,6.184568318,2.705815713));
#800=CARTESIAN_POINT('',(-5.463666004,6.184566726,2.705805424));
#801=CARTESIAN_POINT('',(-5.463634337,6.184565134,2.705795132));
#802=CARTESIAN_POINT('',(-5.463602671,6.184563542,2.705784838));
#803=CARTESIAN_POINT('',(-5.321859328,6.177437127,2.659707272));
#804=CARTESIAN_POINT('',(-5.201286578,6.169944347,2.572092454));
#805=CARTESIAN_POINT('',(-5.113680994,6.162818318,2.451513712));
#806=CARTESIAN_POINT('',(-5.113661422,6.162816726,2.451486774));
#807=CARTESIAN_POINT('',(-5.113641852,6.162815134,2.451459835));
#808=CARTESIAN_POINT('',(-5.113622285,6.162813542,2.451432894));
#809=CARTESIAN_POINT('',(-5.026033225,6.155687127,2.330840712));
#810=CARTESIAN_POINT('',(-4.979986519,6.148194347,2.189087951));
#811=CARTESIAN_POINT('',(-4.979986519,6.141068318,2.040044429));
#812=CARTESIAN_POINT('',(-4.979986519,6.141066726,2.040011132));
#813=CARTESIAN_POINT('',(-4.979986522,6.141065134,2.039977835));
#814=CARTESIAN_POINT('',(-4.979986527,6.141063542,2.039944537));
#815=CARTESIAN_POINT('',(-4.980007795,6.133937127,1.890899856));
#816=CARTESIAN_POINT('',(-5.02607541,6.126444347,1.749153889));
#817=CARTESIAN_POINT('',(-5.113680994,6.119318318,1.628575146));
#818=CARTESIAN_POINT('',(-5.113700565,6.119316726,1.628548208));
#819=CARTESIAN_POINT('',(-5.113720139,6.119315134,1.628521271));
#820=CARTESIAN_POINT('',(-5.113739714,6.119313542,1.628494336));
#821=CARTESIAN_POINT('',(-5.201363186,6.112187127,1.507927157));
#822=CARTESIAN_POINT('',(-5.321948859,6.104694347,1.420330126));
#823=CARTESIAN_POINT('',(-5.463697672,6.097568318,1.374273145));
#824=CARTESIAN_POINT('',(-5.463729339,6.097566726,1.374262856));
#825=CARTESIAN_POINT('',(-5.463761007,6.097565134,1.374252568));
#826=CARTESIAN_POINT('',(-5.463792676,6.097563542,1.374242283));
#827=CARTESIAN_POINT('',(-5.605549164,6.090437127,1.328205171));
#828=CARTESIAN_POINT('',(-5.754593266,6.082944347,1.328216163));
#829=CARTESIAN_POINT('',(-5.896342078,6.075818318,1.374273145));
#830=CARTESIAN_POINT('',(-5.896373746,6.075816726,1.374283434));
#831=CARTESIAN_POINT('',(-5.896405413,6.075815134,1.374293726));
#832=CARTESIAN_POINT('',(-5.896437079,6.075813542,1.37430402));
#833=CARTESIAN_POINT('',(-6.038180422,6.068687127,1.420381586));
#834=CARTESIAN_POINT('',(-6.158753172,6.061194347,1.507996404));
#835=CARTESIAN_POINT('',(-6.246358756,6.054068318,1.628575146));
#836=CARTESIAN_POINT('',(-6.246378328,6.054066726,1.628602084));
#837=CARTESIAN_POINT('',(-6.246397898,6.054065134,1.628629023));
#838=CARTESIAN_POINT('',(-6.246417465,6.054063542,1.628655964));
#839=CARTESIAN_POINT('',(-6.334006525,6.046937127,1.749248146));
#840=CARTESIAN_POINT('',(-6.380053231,6.039444347,1.891000907));
#841=CARTESIAN_POINT('',(-6.380053231,6.032318318,2.040044429));
#842=CARTESIAN_POINT('',(-6.380053231,6.032316726,2.040077726));
#843=CARTESIAN_POINT('',(-6.380053228,6.032315134,2.040111023));
#844=CARTESIAN_POINT('',(-6.380053223,6.032313542,2.040144321));
#845=CARTESIAN_POINT('',(-6.380031955,6.025187127,2.189189002));
#846=CARTESIAN_POINT('',(-6.33396434,6.017694347,2.330934969));
#847=CARTESIAN_POINT('',(-6.246358756,6.010568318,2.451513712));
#848=CARTESIAN_POINT('',(-6.246339185,6.010566726,2.45154065));
#849=CARTESIAN_POINT('',(-6.246319611,6.010565134,2.451567587));
#850=CARTESIAN_POINT('',(-6.246300036,6.010563542,2.451594522));
#851=CARTESIAN_POINT('',(-6.158676564,6.003437127,2.572161701));
#852=CARTESIAN_POINT('',(-6.038090891,5.995944347,2.659758732));
#853=CARTESIAN_POINT('',(-5.896342078,5.988818318,2.705815713));
#854=CARTESIAN_POINT('',(-5.896310411,5.988816726,2.705826002));
#855=CARTESIAN_POINT('',(-5.896278743,5.988815134,2.70583629));
#856=CARTESIAN_POINT('',(-5.896247074,5.988813542,2.705846575));
#857=CARTESIAN_POINT('',(-5.754490586,5.981687127,2.751883687));
#858=CARTESIAN_POINT('',(-5.605446484,5.974194347,2.751872695));
#859=CARTESIAN_POINT('',(-5.463697672,5.967068318,2.705815713));
#860=CARTESIAN_POINT('',(-5.463666004,5.967066726,2.705805424));
#861=CARTESIAN_POINT('',(-5.463634337,5.967065134,2.705795132));
#862=CARTESIAN_POINT('',(-5.463602671,5.967063542,2.705784838));
#863=CARTESIAN_POINT('',(-5.321859328,5.959937127,2.659707272));
#864=CARTESIAN_POINT('',(-5.201286578,5.952444347,2.572092454));
#865=CARTESIAN_POINT('',(-5.113680994,5.945318318,2.451513712));
#866=CARTESIAN_POINT('',(-5.113661422,5.945316726,2.451486774));
#867=CARTESIAN_POINT('',(-5.113641852,5.945315134,2.451459835));
#868=CARTESIAN_POINT('',(-5.113622285,5.945313542,2.451432894));
#869=CARTESIAN_POINT('',(-5.026033225,5.938187127,2.330840712));
#870=CARTESIAN_POINT('',(-4.979986519,5.930694347,2.189087951));
#871=CARTESIAN_POINT('',(-4.979986519,5.923568318,2.040044429));
#872=CARTESIAN_POINT('',(-4.979986519,5.923566726,2.040011132));
#873=CARTESIAN_POINT('',(-4.979986522,5.923565134,2.039977835));
#874=CARTESIAN_POINT('',(-4.979986527,5.923563542,2.039944537));
#875=CARTESIAN_POINT('',(-4.980007795,5.916437127,1.890899856));
#876=CARTESIAN_POINT('',(-5.02607541,5.908944347,1.749153889));
#877=CARTESIAN_POINT('',(-5.113680994,5.901818318,1.628575146));
#878=CARTESIAN_POINT('',(-5.113700565,5.901816726,1.628548208));
#879=CARTESIAN_POINT('',(-5.113720139,5.901815134,1.628521271));
#880=CARTESIAN_POINT('',(-5.113739714,5.901813542,1.628494336));
#881=CARTESIAN_POINT('',(-5.201363186,5.894687127,1.507927157));
#882=CARTESIAN_POINT('',(-5.321948859,5.887194347,1.420330126));
#883=CARTESIAN_POINT('',(-5.463697672,5.880068318,1.374273145));
#884=CARTESIAN_POINT('',(-5.463729339,5.880066726,1.374262856));
#885=CARTESIAN_POINT('',(-5.463761007,5.880065134,1.374252568));
#886=CARTESIAN_POINT('',(-5.463792676,5.880063542,1.374242283));
#887=CARTESIAN_POINT('',(-5.605549164,5.872937127,1.328205171));
#888=CARTESIAN_POINT('',(-5.754593266,5.865444347,1.328216163));
#889=CARTESIAN_POINT('',(-5.896342078,5.858318318,1.374273145));
#890=CARTESIAN_POINT('',(-5.896373746,5.858316726,1.374283434));
#891=CARTESIAN_POINT('',(-5.896405413,5.858315134,1.374293726));
#892=CARTESIAN_POINT('',(-5.896437079,5.858313542,1.37430402));
#893=CARTESIAN_POINT('',(-6.038180422,5.851187127,1.420381586));
#894=CARTESIAN_POINT('',(-6.158753172,5.843694347,1.507996404));
#895=CARTESIAN_POINT('',(-6.246358756,5.836568318,1.628575146));
#896=CARTESIAN_POINT('',(-6.246378328,5.836566726,1.628602084));
#897=CARTESIAN_POINT('',(-6.246397898,5.836565134,1.628629023));
#898=CARTESIAN_POINT('',(-6.246417465,5.836563542,1.628655964));
#899=CARTESIAN_POINT('',(-6.334006525,5.829437127,1.749248146));
#900=CARTESIAN_POINT('',(-6.380053231,5.821944347,1.891000907));
#901=CARTESIAN_POINT('',(-6.380053231,5.814818318,2.040044429));
#902=CARTESIAN_POINT('',(-6.380053231,5.814816726,2.040077726));
#903=CARTESIAN_POINT('',(-6.380053228,5.814815134,2.040111023));
#904=CARTESIAN_POINT('',(-6.380053223,5.814813542,2.040144321));
#905=CARTESIAN_POINT('',(-6.380031955,5.807687127,2.189189002));
#906=CARTESIAN_POINT('',(-6.33396434,5.800194347,2.330934969));
#907=CARTESIAN_POINT('',(-6.246358756,5.793068318,2.451513712));
#908=CARTESIAN_POINT('',(-6.246339185,5.793066726,2.45154065));
#909=CARTESIAN_POINT('',(-6.246319611,5.793065134,2.451567587));
#910=CARTESIAN_POINT('',(-6.246300036,5.793063542,2.451594522));
#911=CARTESIAN_POINT('',(-6.158676564,5.785937127,2.572161701));
#912=CARTESIAN_POINT('',(-6.038090891,5.778444347,2.659758732));
#913=CARTESIAN_POINT('',(-5.896342078,5.771318318,2.705815713));
#914=CARTESIAN_POINT('',(-5.896310411,5.771316726,2.705826002));
#915=CARTESIAN_POINT('',(-5.896278743,5.771315134,2.70583629));
#916=CARTESIAN_POINT('',(-5.896247074,5.771313542,2.705846575));
#917=CARTESIAN_POINT('',(-5.754490586,5.764187127,2.751883687));
#918=CARTESIAN_POINT('',(-5.605446484,5.756694347,2.751872695));
#919=CARTESIAN_POINT('',(-5.463697672,5.749568318,2.705815713));
#920=CARTESIAN_POINT('',(-5.463666004,5.749566726,2.705805424));
#921=CARTESIAN_POINT('',(-5.463634337,5.749565134,2.705795132));
#922=CARTESIAN_POINT('',(-5.463602671,5.749563542,2.705784838));
#923=CARTESIAN_POINT('',(-5.321859328,5.742437127,2.659707272));
#924=CARTESIAN_POINT('',(-5.201286578,5.734944347,2.572092454));
#925=CARTESIAN_POINT('',(-5.113680994,5.727818318,2.451513712));
#926=CARTESIAN_POINT('',(-5.113661422,5.727816726,2.451486774));
#927=CARTESIAN_POINT('',(-5.113641852,5.727815134,2.451459835));
#928=CARTESIAN_POINT('',(-5.113622285,5.727813542,2.451432894));
#929=CARTESIAN_POINT('',(-5.026033225,5.720687127,2.330840712));
#930=CARTESIAN_POINT('',(-4.979986519,5.713194347,2.189087951));
#931=CARTESIAN_POINT('',(-4.979986519,5.706068318,2.040044429));
#932=CARTESIAN_POINT('',(-4.979986519,5.706066726,2.040011132));
#933=CARTESIAN_POINT('',(-4.979986522,5.706065134,2.039977835));
#934=CARTESIAN_POINT('',(-4.979986527,5.706063542,2.039944537));
#935=CARTESIAN_POINT('',(-4.980007795,5.698937127,1.890899856));
#936=CARTESIAN_POINT('',(-5.02607541,5.691444347,1.749153889));
#937=CARTESIAN_POINT('',(-5.113680994,5.684318318,1.628575146));
#938=CARTESIAN_POINT('',(-5.113700565,5.684316726,1.628548208));
#939=CARTESIAN_POINT('',(-5.113720139,5.684315134,1.628521271));
#940=CARTESIAN_POINT('',(-5.113739714,5.684313542,1.628494336));
#941=CARTESIAN_POINT('',(-5.201363186,5.677187127,1.507927157));
#942=CARTESIAN_POINT('',(-5.321948859,5.669694347,1.420330126));
#943=CARTESIAN_POINT('',(-5.463697672,5.662568318,1.374273145));
#944=CARTESIAN_POINT('',(-5.463729339,5.662566726,1.374262856));
#945=CARTESIAN_POINT('',(-5.463761007,5.662565134,1.374252568));
#946=CARTESIAN_POINT('',(-5.463792676,5.662563542,1.374242283));
#947=CARTESIAN_POINT('',(-5.605549164,5.655437127,1.328205171));
#948=CARTESIAN_POINT('',(-5.754593266,5.647944347,1.328216163));
#949=CARTESIAN_POINT('',(-5.896342078,5.640818318,1.374273145));
#950=CARTESIAN_POINT('',(-5.896373746,5.640816726,1.374283434));
#951=CARTESIAN_POINT('',(-5.896405413,5.640815134,1.374293726));
#952=CARTESIAN_POINT('',(-5.896437079,5.640813542,1.37430402));
#953=CARTESIAN_POINT('',(-6.038180422,5.633687127,1.420381586));
#954=CARTESIAN_POINT('',(-6.158753172,5.626194347,1.507996404));
#955=CARTESIAN_POINT('',(-6.246358756,5.619068318,1.628575146));
#956=CARTESIAN_POINT('',(-6.246378328,5.619066726,1.628602084));
#957=CARTESIAN_POINT('',(-6.246397898,5.619065134,1.628629023));
#958=CARTESIAN_POINT('',(-6.246417465,5.619063542,1.628655964));
#959=CARTESIAN_POINT('',(-6.334006525,5.611937127,1.749248146));
#960=CARTESIAN_POINT('',(-6.380053231,5.604444347,1.891000907));
#961=CARTESIAN_POINT('',(-6.380053231,5.597318318,2.040044429));
#962=CARTESIAN_POINT('',(-6.380053231,5.597316726,2.040077726));
#963=CARTESIAN_POINT('',(-6.380053228,5.597315134,2.040111023));
#964=CARTESIAN_POINT('',(-6.380053223,5.597313542,2.040144321));
#965=CARTESIAN_POINT('',(-6.380031955,5.590187127,2.189189002));
#966=CARTESIAN_POINT('',(-6.33396434,5.582694347,2.330934969));
#967=CARTESIAN_POINT('',(-6.246358756,5.575568318,2.451513712));
#968=CARTESIAN_POINT('',(-6.246339185,5.575566726,2.45154065));
#969=CARTESIAN_POINT('',(-6.246319611,5.575565134,2.451567587));
#970=CARTESIAN_POINT('',(-6.246300036,5.575563542,2.451594522));
#971=CARTESIAN_POINT('',(-6.158676564,5.568437127,2.572161701));
#972=CARTESIAN_POINT('',(-6.038090891,5.560944347,2.659758732));
#973=CARTESIAN_POINT('',(-5.896342078,5.553818318,2.705815713));
#974=CARTESIAN_POINT('',(-5.896310411,5.553816726,2.705826002));
#975=CARTESIAN_POINT('',(-5.896278743,5.553815134,2.70583629));
#976=CARTESIAN_POINT('',(-5.896247074,5.553813542,2.705846575));
#977=CARTESIAN_POINT('',(-5.754490586,5.546687127,2.751883687));
#978=CARTESIAN_POINT('',(-5.605446484,5.539194347,2.751872695));
#979=CARTESIAN_POINT('',(-5.463697672,5.532068318,2.705815713));
#980=CARTESIAN_POINT('',(-5.463666004,5.532066726,2.705805424));
#981=CARTESIAN_POINT('',(-5.463634337,5.532065134,2.705795132));
#982=CARTESIAN_POINT('',(-5.463602671,5.532063542,2.705784838));
#983=CARTESIAN_POINT('',(-5.321859328,5.524937127,2.659707272));
#984=CARTESIAN_POINT('',(-5.201286578,5.517444347,2.572092454));
#985=CARTESIAN_POINT('',(-5.113680994,5.510318318,2.451513712));
#986=CARTESIAN_POINT('',(-5.113661422,5.510316726,2.451486774));
#987=CARTESIAN_POINT('',(-5.113641852,5.510315134,2.451459835));
#988=CARTESIAN_POINT('',(-5.113622285,5.510313542,2.451432894));
#989=CARTESIAN_POINT('',(-5.026033225,5.503187127,2.330840712));
#990=CARTESIAN_POINT('',(-4.979986519,5.495694347,2.189087951));
#991=CARTESIAN_POINT('',(-4.979986519,5.488568318,2.040044429));
#992=CARTESIAN_POINT('',(-4.979986519,5.488566726,2.040011132));
#993=CARTESIAN_POINT('',(-4.979986522,5.488565134,2.039977835));
#994=CARTESIAN_POINT('',(-4.979986527,5.488563542,2.039944537));
#995=CARTESIAN_POINT('',(-4.980007795,5.481437127,1.890899856));
#996=CARTESIAN_POINT('',(-5.02607541,5.473944347,1.749153889));
#997=CARTESIAN_POINT('',(-5.113680994,5.466818318,1.628575146));
#998=CARTESIAN_POINT('',(-5.113700565,5.466816726,1.628548208));
#999=CARTESIAN_POINT('',(-5.113720139,5.466815134,1.628521271));
#1000=CARTESIAN_POINT('',(-5.113739714,5.466813542,1.628494336));
#1001=CARTESIAN_POINT('',(-5.201363186,5.459687127,1.507927157));
#1002=CARTESIAN_POINT('',(-5.321948859,5.452194347,1.420330126));
#1003=CARTESIAN_POINT('',(-5.463697672,5.445068318,1.374273145));
#1004=CARTESIAN_POINT('',(-5.463729339,5.445066726,1.374262856));
#1005=CARTESIAN_POINT('',(-5.463761007,5.445065134,1.374252568));
#1006=CARTESIAN_POINT('',(-5.463792676,5.445063542,1.374242283));
#1007=CARTESIAN_POINT('',(-5.605549164,5.437937127,1.328205171));
#1008=CARTESIAN_POINT('',(-5.754593266,5.430444347,1.328216163));
#1009=CARTESIAN_POINT('',(-5.896342078,5.423318318,1.374273145));
#1010=CARTESIAN_POINT('',(-5.896373746,5.423316726,1.374283434));
#1011=CARTESIAN_POINT('',(-5.896405413,5.423315134,1.374293726));
#1012=CARTESIAN_POINT('',(-5.896437079,5.423313542,1.37430402));
#1013=CARTESIAN_POINT('',(-6.038180422,5.416187127,1.420381586));
#1014=CARTESIAN_POINT('',(-6.158753172,5.408694347,1.507996404));
#1015=CARTESIAN_POINT('',(-6.246358756,5.401568318,1.628575146));
#1016=CARTESIAN_POINT('',(-6.246378328,5.401566726,1.628602084));
#1017=CARTESIAN_POINT('',(-6.246397898,5.401565134,1.628629023));
#1018=CARTESIAN_POINT('',(-6.246417465,5.401563542,1.628655964));
#1019=CARTESIAN_POINT('',(-6.334006525,5.394437127,1.749248146));
#1020=CARTESIAN_POINT('',(-6.380053231,5.386944347,1.891000907));
#1021=CARTESIAN_POINT('',(-6.380053231,5.379818318,2.040044429));
#1022=CARTESIAN_POINT('',(-6.380053231,5.379816726,2.040077726));
#1023=CARTESIAN_POINT('',(-6.380053228,5.379815134,2.040111023));
#1024=CARTESIAN_POINT('',(-6.380053223,5.379813542,2.040144321));
#1025=CARTESIAN_POINT('',(-6.380031955,5.372687127,2.189189002));
#1026=CARTESIAN_POINT('',(-6.33396434,5.365194347,2.330934969));
#1027=CARTESIAN_POINT('',(-6.246358756,5.358068318,2.451513712));
#1028=CARTESIAN_POINT('',(-6.246339185,5.358066726,2.45154065));
#1029=CARTESIAN_POINT('',(-6.246319611,5.358065134,2.451567587));
#1030=CARTESIAN_POINT('',(-6.246300036,5.358063542,2.451594522));
#1031=CARTESIAN_POINT('',(-6.158676564,5.350937127,2.572161701));
#1032=CARTESIAN_POINT('',(-6.038090891,5.343444347,2.659758732));
#1033=CARTESIAN_POINT('',(-5.896342078,5.336318318,2.705815713));
#1034=CARTESIAN_POINT('',(-5.896310411,5.336316726,2.705826002));
#1035=CARTESIAN_POINT('',(-5.896278743,5.336315134,2.70583629));
#1036=CARTESIAN_POINT('',(-5.896247074,5.336313542,2.705846575));
#1037=CARTESIAN_POINT('',(-5.754490586,5.329187127,2.751883687));
#1038=CARTESIAN_POINT('',(-5.605446484,5.321694347,2.751872695));
#1039=CARTESIAN_POINT('',(-5.463697672,5.314568318,2.705815713));
#1040=CARTESIAN_POINT('',(-5.463666004,5.314566726,2.705805424));
#1041=CARTESIAN_POINT('',(-5.463634337,5.314565134,2.705795132));
#1042=CARTESIAN_POINT('',(-5.463602671,5.314563542,2.705784838));
#1043=CARTESIAN_POINT('',(-5.321859328,5.307437127,2.659707272));
#1044=CARTESIAN_POINT('',(-5.201286578,5.299944347,2.572092454));
#1045=CARTESIAN_POINT('',(-5.113680994,5.292818318,2.451513712));
#1046=CARTESIAN_POINT('',(-5.113661422,5.292816726,2.451486774));
#1047=CARTESIAN_POINT('',(-5.113641852,5.292815134,2.451459835));
#1048=CARTESIAN_POINT('',(-5.113622285,5.292813542,2.451432894));
#1049=CARTESIAN_POINT('',(-5.026033225,5.285687127,2.330840712));
#1050=CARTESIAN_POINT('',(-4.979986519,5.278194347,2.189087951));
#1051=CARTESIAN_POINT('',(-4.979986519,5.271068318,2.040044429));
#1052=CARTESIAN_POINT('',(-4.979986519,5.271066726,2.040011132));
#1053=CARTESIAN_POINT('',(-4.979986522,5.271065134,2.039977835));
#1054=CARTESIAN_POINT('',(-4.979986527,5.271063542,2.039944537));
#1055=CARTESIAN_POINT('',(-4.980007795,5.263937127,1.890899856));
#1056=CARTESIAN_POINT('',(-5.02607541,5.256444347,1.749153889));
#1057=CARTESIAN_POINT('',(-5.113680994,5.249318318,1.628575146));
#1058=CARTESIAN_POINT('',(-5.113700565,5.249316726,1.628548208));
#1059=CARTESIAN_POINT('',(-5.113720139,5.249315134,1.628521271));
#1060=CARTESIAN_POINT('',(-5.113739714,5.249313542,1.628494336));
#1061=CARTESIAN_POINT('',(-5.201363186,5.242187127,1.507927157));
#1062=CARTESIAN_POINT('',(-5.321948859,5.234694347,1.420330126));
#1063=CARTESIAN_POINT('',(-5.463697672,5.227568318,1.374273145));
#1064=CARTESIAN_POINT('',(-5.463729339,5.227566726,1.374262856));
#1065=CARTESIAN_POINT('',(-5.463761007,5.227565134,1.374252568));
#1066=CARTESIAN_POINT('',(-5.463792676,5.227563542,1.374242283));
#1067=CARTESIAN_POINT('',(-5.605549164,5.220437127,1.328205171));
#1068=CARTESIAN_POINT('',(-5.754593266,5.212944347,1.328216163));
#1069=CARTESIAN_POINT('',(-5.896342078,5.205818318,1.374273145));
#1070=CARTESIAN_POINT('',(-5.896373746,5.205816726,1.374283434));
#1071=CARTESIAN_POINT('',(-5.896405413,5.205815134,1.374293726));
#1072=CARTESIAN_POINT('',(-5.896437079,5.205813542,1.37430402));
#1073=CARTESIAN_POINT('',(-6.038180422,5.198687127,1.420381586));
#1074=CARTESIAN_POINT('',(-6.158753172,5.191194347,1.507996404));
#1075=CARTESIAN_POINT('',(-6.246358756,5.184068318,1.628575146));
#1076=CARTESIAN_POINT('',(-6.246378328,5.184066726,1.628602084));
#1077=CARTESIAN_POINT('',(-6.246397898,5.184065134,1.628629023));
#1078=CARTESIAN_POINT('',(-6.246417465,5.184063542,1.628655964));
#1079=CARTESIAN_POINT('',(-6.334006525,5.176937127,1.749248146));
#1080=CARTESIAN_POINT('',(-6.380053231,5.169444347,1.891000907));
#1081=CARTESIAN_POINT('',(-6.380053231,5.162318318,2.040044429));
#1082=CARTESIAN_POINT('',(-6.380053231,5.162316726,2.040077726));
#1083=CARTESIAN_POINT('',(-6.380053228,5.162315134,2.040111023));
#1084=CARTESIAN_POINT('',(-6.380053223,5.162313542,2.040144321));
#1085=CARTESIAN_POINT('',(-6.380031955,5.155187127,2.189189002));
#1086=CARTESIAN_POINT('',(-6.33396434,5.147694347,2.330934969));
#1087=CARTESIAN_POINT('',(-6.246358756,5.140568318,2.451513712));
#1088=CARTESIAN_POINT('',(-6.246339185,5.140566726,2.45154065));
#1089=CARTESIAN_POINT('',(-6.246319611,5.140565134,2.451567587));
#1090=CARTESIAN_POINT('',(-6.246300036,5.140563542,2.451594522));
#1091=CARTESIAN_POINT('',(-6.158676564,5.133437127,2.572161701));
#1092=CARTESIAN_POINT('',(-6.038090891,5.125944347,2.659758732));
#1093=CARTESIAN_POINT('',(-5.896342078,5.118818318,2.705815713));
#1094=CARTESIAN_POINT('',(-5.896310411,5.118816726,2.705826002));
#1095=CARTESIAN_POINT('',(-5.896278743,5.118815134,2.70583629));
#1096=CARTESIAN_POINT('',(-5.896247074,5.118813542,2.705846575));
#1097=CARTESIAN_POINT('',(-5.754490586,5.111687127,2.751883687));
#1098=CARTESIAN_POINT('',(-5.605446484,5.104194347,2.751872695));
#1099=CARTESIAN_POINT('',(-5.463697672,5.097068318,2.705815713));
#1100=CARTESIAN_POINT('',(-5.463666004,5.097066726,2.705805424));
#1101=CARTESIAN_POINT('',(-5.463634337,5.097065134,2.705795132));
#1102=CARTESIAN_POINT('',(-5.463602671,5.097063542,2.705784838));
#1103=CARTESIAN_POINT('',(-5.321859328,5.089937127,2.659707272));
#1104=CARTESIAN_POINT('',(-5.201286578,5.082444347,2.572092454));
#1105=CARTESIAN_POINT('',(-5.113680994,5.075318318,2.451513712));
#1106=CARTESIAN_POINT('',(-5.113661422,5.075316726,2.451486774));
#1107=CARTESIAN_POINT('',(-5.113641852,5.075315134,2.451459835));
#1108=CARTESIAN_POINT('',(-5.113622285,5.075313542,2.451432894));
#1109=CARTESIAN_POINT('',(-5.026033225,5.068187127,2.330840712));
#1110=CARTESIAN_POINT('',(-4.979986519,5.060694347,2.189087951));
#1111=CARTESIAN_POINT('',(-4.979986519,5.053568318,2.040044429));
#1112=CARTESIAN_POINT('',(-4.979986519,5.053566726,2.040011132));
#1113=CARTESIAN_POINT('',(-4.979986522,5.053565134,2.039977835));
#1114=CARTESIAN_POINT('',(-4.979986527,5.053563542,2.039944537));
#1115=CARTESIAN_POINT('',(-4.980007795,5.046437127,1.890899856));
#1116=CARTESIAN_POINT('',(-5.02607541,5.038944347,1.749153889));
#1117=CARTESIAN_POINT('',(-5.113680994,5.031818318,1.628575146));
#1118=CARTESIAN_POINT('',(-5.113700565,5.031816726,1.628548208));
#1119=CARTESIAN_POINT('',(-5.113720139,5.031815134,1.628521271));
#1120=CARTESIAN_POINT('',(-5.113739714,5.031813542,1.628494336));
#1121=CARTESIAN_POINT('',(-5.201363186,5.024687127,1.507927157));
#1122=CARTESIAN_POINT('',(-5.321948859,5.017194347,1.420330126));
#1123=CARTESIAN_POINT('',(-5.463697672,5.010068318,1.374273145));
#1124=CARTESIAN_POINT('',(-5.463729339,5.010066726,1.374262856));
#1125=CARTESIAN_POINT('',(-5.463761007,5.010065134,1.374252568));
#1126=CARTESIAN_POINT('',(-5.463792676,5.010063542,1.374242283));
#1127=CARTESIAN_POINT('',(-5.605549164,5.002937127,1.328205171));
#1128=CARTESIAN_POINT('',(-5.754593266,4.995444347,1.328216163));
#1129=CARTESIAN_POINT('',(-5.896342078,4.988318318,1.374273145));
#1130=CARTESIAN_POINT('',(-5.896373746,4.988316726,1.374283434));
#1131=CARTESIAN_POINT('',(-5.896405413,4.988315134,1.374293726));
#1132=CARTESIAN_POINT('',(-5.896437079,4.988313542,1.37430402));
#1133=CARTESIAN_POINT('',(-6.038180422,4.981187127,1.420381586));
#1134=CARTESIAN_POINT('',(-6.158753172,4.973694347,1.507996404));
#1135=CARTESIAN_POINT('',(-6.246358756,4.966568318,1.628575146));
#1136=CARTESIAN_POINT('',(-6.246378328,4.966566726,1.628602084));
#1137=CARTESIAN_POINT('',(-6.246397898,4.966565134,1.628629023));
#1138=CARTESIAN_POINT('',(-6.246417465,4.966563542,1.628655964));
#1139=CARTESIAN_POINT('',(-6.334006525,4.959437127,1.749248146));
#1140=CARTESIAN_POINT('',(-6.380053231,4.951944347,1.891000907));
#1141=CARTESIAN_POINT('',(-6.380053231,4.944818318,2.040044429));
#1142=CARTESIAN_POINT('',(-6.380053231,4.944816726,2.040077726));
#1143=CARTESIAN_POINT('',(-6.380053228,4.944815134,2.040111023));
#1144=CARTESIAN_POINT('',(-6.380053223,4.944813542,2.040144321));
#1145=CARTESIAN_POINT('',(-6.380031955,4.937687127,2.189189002));
#1146=CARTESIAN_POINT('',(-6.33396434,4.930194347,2.330934969));
#1147=CARTESIAN_POINT('',(-6.246358756,4.923068318,2.451513712));
#1148=CARTESIAN_POINT('',(-6.246339185,4.923066726,2.45154065));
#1149=CARTESIAN_POINT('',(-6.246319611,4.923065134,2.451567587));
#1150=CARTESIAN_POINT('',(-6.246300036,4.923063542,2.451594522));
#1151=CARTESIAN_POINT('',(-6.158676564,4.915937127,2.572161701));
#1152=CARTESIAN_POINT('',(-6.038090891,4.908444347,2.659758732));
#1153=CARTESIAN_POINT('',(-5.896342078,4.901318318,2.705815713));
#1154=CARTESIAN_POINT('',(-5.896310411,4.901316726,2.705826002));
#1155=CARTESIAN_POINT('',(-5.896278743,4.901315134,2.70583629));
#1156=CARTESIAN_POINT('',(-5.896247074,4.901313542,2.705846575));
#1157=CARTESIAN_POINT('',(-5.754490586,4.894187127,2.751883687));
#1158=CARTESIAN_POINT('',(-5.605446484,4.886694347,2.751872695));
#1159=CARTESIAN_POINT('',(-5.463697672,4.879568318,2.705815713));
#1160=CARTESIAN_POINT('',(-5.463666004,4.879566726,2.705805424));
#1161=CARTESIAN_POINT('',(-5.463634337,4.879565134,2.705795132));
#1162=CARTESIAN_POINT('',(-5.463602671,4.879563542,2.705784838));
#1163=CARTESIAN_POINT('',(-5.321859328,4.872437127,2.659707272));
#1164=CARTESIAN_POINT('',(-5.201286578,4.864944347,2.572092454));
#1165=CARTESIAN_POINT('',(-5.113680994,4.857818318,2.451513712));
#1166=CARTESIAN_POINT('',(-5.113661422,4.857816726,2.451486774));
#1167=CARTESIAN_POINT('',(-5.113641852,4.857815134,2.451459835));
#1168=CARTESIAN_POINT('',(-5.113622285,4.857813542,2.451432894));
#1169=CARTESIAN_POINT('',(-5.026033225,4.850687127,2.330840712));
#1170=CARTESIAN_POINT('',(-4.979986519,4.843194347,2.189087951));
#1171=CARTESIAN_POINT('',(-4.979986519,4.836068318,2.040044429));
#1172=CARTESIAN_POINT('',(-4.979986519,4.836066726,2.040011132));
#1173=CARTESIAN_POINT('',(-4.979986522,4.836065134,2.039977835));
#1174=CARTESIAN_POINT('',(-4.979986527,4.836063542,2.039944537));
#1175=CARTESIAN_POINT('',(-4.980007795,4.828937127,1.890899856));
#1176=CARTESIAN_POINT('',(-5.02607541,4.821444347,1.749153889));
#1177=CARTESIAN_POINT('',(-5.113680994,4.814318318,1.628575146));
#1178=CARTESIAN_POINT('',(-5.113700565,4.814316726,1.628548208));
#1179=CARTESIAN_POINT('',(-5.113720139,4.814315134,1.628521271));
#1180=CARTESIAN_POINT('',(-5.113739714,4.814313542,1.628494336));
#1181=CARTESIAN_POINT('',(-5.201363186,4.807187127,1.507927157));
#1182=CARTESIAN_POINT('',(-5.321948859,4.799694347,1.420330126));
#1183=CARTESIAN_POINT('',(-5.463697672,4.792568318,1.374273145));
#1184=CARTESIAN_POINT('',(-5.463729339,4.792566726,1.374262856));
#1185=CARTESIAN_POINT('',(-5.463761007,4.792565134,1.374252568));
#1186=CARTESIAN_POINT('',(-5.463792676,4.792563542,1.374242283));
#1187=CARTESIAN_POINT('',(-5.605549164,4.785437127,1.328205171));
#1188=CARTESIAN_POINT('',(-5.754593266,4.777944347,1.328216163));
#1189=CARTESIAN_POINT('',(-5.896342078,4.770818318,1.374273145));
#1190=CARTESIAN_POINT('',(-5.896373746,4.770816726,1.374283434));
#1191=CARTESIAN_POINT('',(-5.896405413,4.770815134,1.374293726));
#1192=CARTESIAN_POINT('',(-5.896437079,4.770813542,1.37430402));
#1193=CARTESIAN_POINT('',(-6.038180422,4.763687127,1.420381586));
#1194=CARTESIAN_POINT('',(-6.158753172,4.756194347,1.507996404));
#1195=CARTESIAN_POINT('',(-6.246358756,4.749068318,1.628575146));
#1196=CARTESIAN_POINT('',(-6.246378328,4.749066726,1.628602084));
#1197=CARTESIAN_POINT('',(-6.246397898,4.749065134,1.628629023));
#1198=CARTESIAN_POINT('',(-6.246417465,4.749063542,1.628655964));
#1199=CARTESIAN_POINT('',(-6.334006525,4.741937127,1.749248146));
#1200=CARTESIAN_POINT('',(-6.380053231,4.734444347,1.891000907));
#1201=CARTESIAN_POINT('',(-6.380053231,4.727318318,2.040044429));
#1202=CARTESIAN_POINT('',(-6.380053231,4.727316726,2.040077726));
#1203=CARTESIAN_POINT('',(-6.380053228,4.727315134,2.040111023));
#1204=CARTESIAN_POINT('',(-6.380053223,4.727313542,2.040144321));
#1205=CARTESIAN_POINT('',(-6.380031955,4.720187127,2.189189002));
#1206=CARTESIAN_POINT('',(-6.33396434,4.712694347,2.330934969));
#1207=CARTESIAN_POINT('',(-6.246358756,4.705568318,2.451513712));
#1208=CARTESIAN_POINT('',(-6.246339185,4.705566726,2.45154065));
#1209=CARTESIAN_POINT('',(-6.246319611,4.705565134,2.451567587));
#1210=CARTESIAN_POINT('',(-6.246300036,4.705563542,2.451594522));
#1211=CARTESIAN_POINT('',(-6.158676564,4.698437127,2.572161701));
#1212=CARTESIAN_POINT('',(-6.038090891,4.690944347,2.659758732));
#1213=CARTESIAN_POINT('',(-5.896342078,4.683818318,2.705815713));
#1214=CARTESIAN_POINT('',(-5.896310411,4.683816726,2.705826002));
#1215=CARTESIAN_POINT('',(-5.896278743,4.683815134,2.70583629));
#1216=CARTESIAN_POINT('',(-5.896247074,4.683813542,2.705846575));
#1217=CARTESIAN_POINT('',(-5.754490586,4.676687127,2.751883687));
#1218=CARTESIAN_POINT('',(-5.605446484,4.669194347,2.751872695));
#1219=CARTESIAN_POINT('',(-5.463697672,4.662068318,2.705815713));
#1220=CARTESIAN_POINT('',(-5.463666004,4.662066726,2.705805424));
#1221=CARTESIAN_POINT('',(-5.463634337,4.662065134,2.705795132));
#1222=CARTESIAN_POINT('',(-5.463602671,4.662063542,2.705784838));
#1223=CARTESIAN_POINT('',(-5.321859328,4.654937127,2.659707272));
#1224=CARTESIAN_POINT('',(-5.201286578,4.647444347,2.572092454));
#1225=CARTESIAN_POINT('',(-5.113680994,4.640318318,2.451513712));
#1226=CARTESIAN_POINT('',(-5.113661422,4.640316726,2.451486774));
#1227=CARTESIAN_POINT('',(-5.113641852,4.640315134,2.451459835));
#1228=CARTESIAN_POINT('',(-5.113622285,4.640313542,2.451432894));
#1229=CARTESIAN_POINT('',(-5.026033225,4.633187127,2.330840712));
#1230=CARTESIAN_POINT('',(-4.979986519,4.625694347,2.189087951));
#1231=CARTESIAN_POINT('',(-4.979986519,4.618568318,2.040044429));
#1232=CARTESIAN_POINT('',(-4.979986519,4.618566726,2.040011132));
#1233=CARTESIAN_POINT('',(-4.979986522,4.618565134,2.039977835));
#1234=CARTESIAN_POINT('',(-4.979986527,4.618563542,2.039944537));
#1235=CARTESIAN_POINT('',(-4.980007795,4.611437127,1.890899856));
#1236=CARTESIAN_POINT('',(-5.02607541,4.603944347,1.749153889));
#1237=CARTESIAN_POINT('',(-5.113680994,4.596818318,1.628575146));
#1238=CARTESIAN_POINT('',(-5.113700565,4.596816726,1.628548208));
#1239=CARTESIAN_POINT('',(-5.113720139,4.596815134,1.628521271));
#1240=CARTESIAN_POINT('',(-5.113739714,4.596813542,1.628494336));
#1241=CARTESIAN_POINT('',(-5.201363186,4.589687127,1.507927157));
#1242=CARTESIAN_POINT('',(-5.321948859,4.582194347,1.420330126));
#1243=CARTESIAN_POINT('',(-5.463697672,4.575068318,1.374273145));
#1244=CARTESIAN_POINT('',(-5.463729339,4.575066726,1.374262856));
#1245=CARTESIAN_POINT('',(-5.463761007,4.575065134,1.374252568));
#1246=CARTESIAN_POINT('',(-5.463792676,4.575063542,1.374242283));
#1247=CARTESIAN_POINT('',(-5.605549164,4.567937127,1.328205171));
#1248=CARTESIAN_POINT('',(-5.754593266,4.560444347,1.328216163));
#1249=CARTESIAN_POINT('',(-5.896342078,4.553318318,1.374273145));
#1250=CARTESIAN_POINT('',(-5.896373746,4.553316726,1.374283434));
#1251=CARTESIAN_POINT('',(-5.896405413,4.553315134,1.374293726));
#1252=CARTESIAN_POINT('',(-5.896437079,4.553313542,1.37430402));
#1253=CARTESIAN_POINT('',(-6.038180422,4.546187127,1.420381586));
#1254=CARTESIAN_POINT('',(-6.158753172,4.538694347,1.507996404));
#1255=CARTESIAN_POINT('',(-6.246358756,4.531568318,1.628575146));
#1256=CARTESIAN_POINT('',(-6.246378328,4.531566726,1.628602084));
#1257=CARTESIAN_POINT('',(-6.246397898,4.531565134,1.628629023));
#1258=CARTESIAN_POINT('',(-6.246417465,4.531563542,1.628655964));
#1259=CARTESIAN_POINT('',(-6.334006525,4.524437127,1.749248146));
#1260=CARTESIAN_POINT('',(-6.380053231,4.516944347,1.891000907));
#1261=CARTESIAN_POINT('',(-6.380053231,4.509818318,2.040044429));
#1262=CARTESIAN_POINT('',(-6.380053231,4.509816726,2.040077726));
#1263=CARTESIAN_POINT('',(-6.380053228,4.509815134,2.040111023));
#1264=CARTESIAN_POINT('',(-6.380053223,4.509813542,2.040144321));
#1265=CARTESIAN_POINT('',(-6.380031955,4.502687127,2.189189002));
#1266=CARTESIAN_POINT('',(-6.33396434,4.495194347,2.330934969));
#1267=CARTESIAN_POINT('',(-6.246358756,4.488068318,2.451513712));
#1268=CARTESIAN_POINT('',(-6.246339185,4.488066726,2.45154065));
#1269=CARTESIAN_POINT('',(-6.246319611,4.488065134,2.451567587));
#1270=CARTESIAN_POINT('',(-6.246300036,4.488063542,2.451594522));
#1271=CARTESIAN_POINT('',(-6.158676564,4.480937127,2.572161701));
#1272=CARTESIAN_POINT('',(-6.038090891,4.473444347,2.659758732));
#1273=CARTESIAN_POINT('',(-5.896342078,4.466318318,2.705815713));
#1274=CARTESIAN_POINT('',(-5.896310411,4.466316726,2.705826002));
#1275=CARTESIAN_POINT('',(-5.896278743,4.466315134,2.70583629));
#1276=CARTESIAN_POINT('',(-5.896247074,4.466313542,2.705846575));
#1277=CARTESIAN_POINT('',(-5.754490586,4.459187127,2.751883687));
#1278=CARTESIAN_POINT('',(-5.605446484,4.451694347,2.751872695));
#1279=CARTESIAN_POINT('',(-5.463697672,4.444568318,2.705815713));
#1280=CARTESIAN_POINT('',(-5.463666004,4.444566726,2.705805424));
#1281=CARTESIAN_POINT('',(-5.463634337,4.444565134,2.705795132));
#1282=CARTESIAN_POINT('',(-5.463602671,4.444563542,2.705784838));
#1283=CARTESIAN_POINT('',(-5.321859328,4.437437127,2.659707272));
#1284=CARTESIAN_POINT('',(-5.201286578,4.429944347,2.572092454));
#1285=CARTESIAN_POINT('',(-5.113680994,4.422818318,2.451513712));
#1286=CARTESIAN_POINT('',(-5.113661422,4.422816726,2.451486774));
#1287=CARTESIAN_POINT('',(-5.113641852,4.422815134,2.451459835));
#1288=CARTESIAN_POINT('',(-5.113622285,4.422813542,2.451432894));
#1289=CARTESIAN_POINT('',(-5.026033225,4.415687127,2.330840712));
#1290=CARTESIAN_POINT('',(-4.979986519,4.408194347,2.189087951));
#1291=CARTESIAN_POINT('',(-4.979986519,4.401068318,2.040044429));
#1292=CARTESIAN_POINT('',(-4.979986519,4.401066726,2.040011132));
#1293=CARTESIAN_POINT('',(-4.979986522,4.401065134,2.039977835));
#1294=CARTESIAN_POINT('',(-4.979986527,4.401063542,2.039944537));
#1295=CARTESIAN_POINT('',(-4.980007795,4.393937127,1.890899856));
#1296=CARTESIAN_POINT('',(-5.02607541,4.386444347,1.749153889));
#1297=CARTESIAN_POINT('',(-5.113680994,4.379318318,1.628575146));
#1298=CARTESIAN_POINT('',(-5.113700565,4.379316726,1.628548208));
#1299=CARTESIAN_POINT('',(-5.113720139,4.379315134,1.628521271));
#1300=CARTESIAN_POINT('',(-5.113739714,4.379313542,1.628494336));
#1301=CARTESIAN_POINT('',(-5.201363186,4.372187127,1.507927157));
#1302=CARTESIAN_POINT('',(-5.321948859,4.364694347,1.420330126));
#1303=CARTESIAN_POINT('',(-5.463697672,4.357568318,1.374273145));
#1304=CARTESIAN_POINT('',(-5.463729339,4.357566726,1.374262856));
#1305=CARTESIAN_POINT('',(-5.463761007,4.357565134,1.374252568));
#1306=CARTESIAN_POINT('',(-5.463792676,4.357563542,1.374242283));
#1307=CARTESIAN_POINT('',(-5.605549164,4.350437127,1.328205171));
#1308=CARTESIAN_POINT('',(-5.754593266,4.342944347,1.328216163));
#1309=CARTESIAN_POINT('',(-5.896342078,4.335818318,1.374273145));
#1310=CARTESIAN_POINT('',(-5.896373746,4.335816726,1.374283434));
#1311=CARTESIAN_POINT('',(-5.896405413,4.335815134,1.374293726));
#1312=CARTESIAN_POINT('',(-5.896437079,4.335813542,1.37430402));
#1313=CARTESIAN_POINT('',(-6.038180422,4.328687127,1.420381586));
#1314=CARTESIAN_POINT('',(-6.158753172,4.321194347,1.507996404));
#1315=CARTESIAN_POINT('',(-6.246358756,4.314068318,1.628575146));
#1316=CARTESIAN_POINT('',(-6.246378328,4.314066726,1.628602084));
#1317=CARTESIAN_POINT('',(-6.246397898,4.314065134,1.628629023));
#1318=CARTESIAN_POINT('',(-6.246417465,4.314063542,1.628655964));
#1319=CARTESIAN_POINT('',(-6.334006525,4.306937127,1.749248146));
#1320=CARTESIAN_POINT('',(-6.380053231,4.299444347,1.891000907));
#1321=CARTESIAN_POINT('',(-6.380053231,4.292318318,2.040044429));
#1322=CARTESIAN_POINT('',(-6.380053231,4.292316726,2.040077726));
#1323=CARTESIAN_POINT('',(-6.380053228,4.292315134,2.040111023));
#1324=CARTESIAN_POINT('',(-6.380053223,4.292313542,2.040144321));
#1325=CARTESIAN_POINT('',(-6.380031955,4.285187127,2.189189002));
#1326=CARTESIAN_POINT('',(-6.33396434,4.277694347,2.330934969));
#1327=CARTESIAN_POINT('',(-6.246358756,4.270568318,2.451513712));
#1328=CARTESIAN_POINT('',(-6.246339185,4.270566726,2.45154065));
#1329=CARTESIAN_POINT('',(-6.246319611,4.270565134,2.451567587));
#1330=CARTESIAN_POINT('',(-6.246300036,4.270563542,2.451594522));
#1331=CARTESIAN_POINT('',(-6.158676564,4.263437127,2.572161701));
#1332=CARTESIAN_POINT('',(-6.038090891,4.255944347,2.659758732));
#1333=CARTESIAN_POINT('',(-5.896342078,4.248818318,2.705815713));
#1334=CARTESIAN_POINT('',(-5.896310411,4.248816726,2.705826002));
#1335=CARTESIAN_POINT('',(-5.896278743,4.248815134,2.70583629));
#1336=CARTESIAN_POINT('',(-5.896247074,4.248813542,2.705846575));
#1337=CARTESIAN_POINT('',(-5.754490586,4.241687127,2.751883687));
#1338=CARTESIAN_POINT('',(-5.605446484,4.234194347,2.751872695));
#1339=CARTESIAN_POINT('',(-5.463697672,4.227068318,2.705815713));
#1340=CARTESIAN_POINT('',(-5.463666004,4.227066726,2.705805424));
#1341=CARTESIAN_POINT('',(-5.463634337,4.227065134,2.705795132));
#1342=CARTESIAN_POINT('',(-5.463602671,4.227063542,2.705784838));
#1343=CARTESIAN_POINT('',(-5.321859328,4.219937127,2.659707272));
#1344=CARTESIAN_POINT('',(-5.201286578,4.212444347,2.572092454));
#1345=CARTESIAN_POINT('',(-5.113680994,4.205318318,2.451513712));
#1346=CARTESIAN_POINT('',(-5.113661422,4.205316726,2.451486774));
#1347=CARTESIAN_POINT('',(-5.113641852,4.205315134,2.451459835));
#1348=CARTESIAN_POINT('',(-5.113622285,4.205313542,2.451432894));
#1349=CARTESIAN_POINT('',(-5.026033225,4.198187127,2.330840712));
#1350=CARTESIAN_POINT('',(-4.979986519,4.190694347,2.189087951));
#1351=CARTESIAN_POINT('',(-4.979986519,4.183568318,2.040044429));
#1352=CARTESIAN_POINT('',(-4.979986519,4.183566726,2.040011132));
#1353=CARTESIAN_POINT('',(-4.979986522,4.183565134,2.039977835));
#1354=CARTESIAN_POINT('',(-4.979986527,4.183563542,2.039944537));
#1355=CARTESIAN_POINT('',(-4.980007795,4.176437127,1.890899856));
#1356=CARTESIAN_POINT('',(-5.02607541,4.168944347,1.749153889));
#1357=CARTESIAN_POINT('',(-5.113680994,4.161818318,1.628575146));
#1358=CARTESIAN_POINT('',(-5.113700565,4.161816726,1.628548208));
#1359=CARTESIAN_POINT('',(-5.113720139,4.161815134,1.628521271));
#1360=CARTESIAN_POINT('',(-5.113739714,4.161813542,1.628494336));
#1361=CARTESIAN_POINT('',(-5.201363186,4.154687127,1.507927157));
#1362=CARTESIAN_POINT('',(-5.321948859,4.147194347,1.420330126));
#1363=CARTESIAN_POINT('',(-5.463697672,4.140068318,1.374273145));
#1364=CARTESIAN_POINT('',(-5.463729339,4.140066726,1.374262856));
#1365=CARTESIAN_POINT('',(-5.463761007,4.140065134,1.374252568));
#1366=CARTESIAN_POINT('',(-5.463792676,4.140063542,1.374242283));
#1367=CARTESIAN_POINT('',(-5.605549164,4.132937127,1.328205171));
#1368=CARTESIAN_POINT('',(-5.754593266,4.125444347,1.328216163));
#1369=CARTESIAN_POINT('',(-5.896342078,4.118318318,1.374273145));
#1370=CARTESIAN_POINT('',(-5.896373746,4.118316726,1.374283434));
#1371=CARTESIAN_POINT('',(-5.896405413,4.118315134,1.374293726));
#1372=CARTESIAN_POINT('',(-5.896437079,4.118313542,1.37430402));
#1373=CARTESIAN_POINT('',(-6.038180422,4.111187127,1.420381586));
#1374=CARTESIAN_POINT('',(-6.158753172,4.103694347,1.507996404));
#1375=CARTESIAN_POINT('',(-6.246358756,4.096568318,1.628575146));
#1376=CARTESIAN_POINT('',(-6.246378328,4.096566726,1.628602084));
#1377=CARTESIAN_POINT('',(-6.246397898,4.096565134,1.628629023));
#1378=CARTESIAN_POINT('',(-6.246417465,4.096563542,1.628655964));
#1379=CARTESIAN_POINT('',(-6.334006525,4.089437127,1.749248146));
#1380=CARTESIAN_POINT('',(-6.380053231,4.081944347,1.891000907));
#1381=CARTESIAN_POINT('',(-6.380053231,4.074818318,2.040044429));
#1382=CARTESIAN_POINT('',(-6.380053231,4.074816726,2.040077726));
#1383=CARTESIAN_POINT('',(-6.380053228,4.074815134,2.040111023));
#1384=CARTESIAN_POINT('',(-6.380053223,4.074813542,2.040144321));
#1385=CARTESIAN_POINT('',(-6.380031955,4.067687127,2.189189002));
#1386=CARTESIAN_POINT('',(-6.33396434,4.060194347,2.330934969));
#1387=CARTESIAN_POINT('',(-6.246358756,4.053068318,2.451513712));
#1388=CARTESIAN_POINT('',(-6.246339185,4.053066726,2.45154065));
#1389=CARTESIAN_POINT('',(-6.246319611,4.053065134,2.451567587));
#1390=CARTESIAN_POINT('',(-6.246300036,4.053063542,2.451594522));
#1391=CARTESIAN_POINT('',(-6.158676564,4.045937127,2.572161701));
#1392=CARTESIAN_POINT('',(-6.038090891,4.038444347,2.659758732));
#1393=CARTESIAN_POINT('',(-5.896342078,4.031318318,2.705815713));
#1394=CARTESIAN_POINT('',(-5.896310411,4.031316726,2.705826002));
#1395=CARTESIAN_POINT('',(-5.896278743,4.031315134,2.70583629));
#1396=CARTESIAN_POINT('',(-5.896247074,4.031313542,2.705846575));
#1397=CARTESIAN_POINT('',(-5.754490586,4.024187127,2.751883687));
#1398=CARTESIAN_POINT('',(-5.605446484,4.016694347,2.751872695));
#1399=CARTESIAN_POINT('',(-5.463697672,4.009568318,2.705815713));
#1400=CARTESIAN_POINT('',(-5.463666004,4.009566726,2.705805424));
#1401=CARTESIAN_POINT('',(-5.463634337,4.009565134,2.705795132));
#1402=CARTESIAN_POINT('',(-5.463602671,4.009563542,2.705784838));
#1403=CARTESIAN_POINT('',(-5.321859328,4.002437127,2.659707272));
#1404=CARTESIAN_POINT('',(-5.201286578,3.994944347,2.572092454));
#1405=CARTESIAN_POINT('',(-5.113680994,3.987818318,2.451513712));
#1406=CARTESIAN_POINT('',(-5.113661422,3.987816726,2.451486774));
#1407=CARTESIAN_POINT('',(-5.113641852,3.987815134,2.451459835));
#1408=CARTESIAN_POINT('',(-5.113622285,3.987813542,2.451432894));
#1409=CARTESIAN_POINT('',(-5.026033225,3.980687127,2.330840712));
#1410=CARTESIAN_POINT('',(-4.979986519,3.973194347,2.189087951));
#1411=CARTESIAN_POINT('',(-4.979986519,3.966068318,2.040044429));
#1412=CARTESIAN_POINT('',(-4.979986519,3.966066726,2.040011132));
#1413=CARTESIAN_POINT('',(-4.979986522,3.966065134,2.039977835));
#1414=CARTESIAN_POINT('',(-4.979986527,3.966063542,2.039944537));
#1415=CARTESIAN_POINT('',(-4.980007795,3.958937127,1.890899856));
#1416=CARTESIAN_POINT('',(-5.02607541,3.951444347,1.749153889));
#1417=CARTESIAN_POINT('',(-5.113680994,3.944318318,1.628575146));
#1418=CARTESIAN_POINT('',(-5.113700565,3.944316726,1.628548208));
#1419=CARTESIAN_POINT('',(-5.113720139,3.944315134,1.628521271));
#1420=CARTESIAN_POINT('',(-5.113739714,3.944313542,1.628494336));
#1421=CARTESIAN_POINT('',(-5.201363186,3.937187127,1.507927157));
#1422=CARTESIAN_POINT('',(-5.321948859,3.929694347,1.420330126));
#1423=CARTESIAN_POINT('',(-5.463697672,3.922568318,1.374273145));
#1424=CARTESIAN_POINT('',(-5.463729339,3.922566726,1.374262856));
#1425=CARTESIAN_POINT('',(-5.463761007,3.922565134,1.374252568));
#1426=CARTESIAN_POINT('',(-5.463792676,3.922563542,1.374242283));
#1427=CARTESIAN_POINT('',(-5.605549164,3.915437127,1.328205171));
#1428=CARTESIAN_POINT('',(-5.754593266,3.907944347,1.328216163));
#1429=CARTESIAN_POINT('',(-5.896342078,3.900818318,1.374273145));
#1430=CARTESIAN_POINT('',(-5.896373746,3.900816726,1.374283434));
#1431=CARTESIAN_POINT('',(-5.896405413,3.900815134,1.374293726));
#1432=CARTESIAN_POINT('',(-5.896437079,3.900813542,1.37430402));
#1433=CARTESIAN_POINT('',(-6.038180422,3.893687127,1.420381586));
#1434=CARTESIAN_POINT('',(-6.158753172,3.886194347,1.507996404));
#1435=CARTESIAN_POINT('',(-6.246358756,3.879068318,1.628575146));
#1436=CARTESIAN_POINT('',(-6.246378328,3.879066726,1.628602084));
#1437=CARTESIAN_POINT('',(-6.246397898,3.879065134,1.628629023));
#1438=CARTESIAN_POINT('',(-6.246417465,3.879063542,1.628655964));
#1439=CARTESIAN_POINT('',(-6.334006525,3.871937127,1.749248146));
#1440=CARTESIAN_POINT('',(-6.380053231,3.864444347,1.891000907));
#1441=CARTESIAN_POINT('',(-6.380053231,3.857318318,2.040044429));
#1442=CARTESIAN_POINT('',(-6.380053231,3.857316726,2.040077726));
#1443=CARTESIAN_POINT('',(-6.380053228,3.857315134,2.040111023));
#1444=CARTESIAN_POINT('',(-6.380053223,3.857313542,2.040144321));
#1445=CARTESIAN_POINT('',(-6.380031955,3.850187127,2.189189002));
#1446=CARTESIAN_POINT('',(-6.33396434,3.842694347,2.330934969));
#1447=CARTESIAN_POINT('',(-6.246358756,3.835568318,2.451513712));
#1448=CARTESIAN_POINT('',(-6.246339185,3.835566726,2.45154065));
#1449=CARTESIAN_POINT('',(-6.246319611,3.835565134,2.451567587));
#1450=CARTESIAN_POINT('',(-6.246300036,3.835563542,2.451594522));
#1451=CARTESIAN_POINT('',(-6.158676564,3.828437127,2.572161701));
#1452=CARTESIAN_POINT('',(-6.038090891,3.820944347,2.659758732));
#1453=CARTESIAN_POINT('',(-5.896342078,3.813818318,2.705815713));
#1454=CARTESIAN_POINT('',(-5.896310411,3.813816726,2.705826002));
#1455=CARTESIAN_POINT('',(-5.896278743,3.813815134,2.70583629));
#1456=CARTESIAN_POINT('',(-5.896247074,3.813813542,2.705846575));
#1457=CARTESIAN_POINT('',(-5.754490586,3.806687127,2.751883687));
#1458=CARTESIAN_POINT('',(-5.605446484,3.799194347,2.751872695));
#1459=CARTESIAN_POINT('',(-5.463697672,3.792068318,2.705815713));
#1460=CARTESIAN_POINT('',(-5.463666004,3.792066726,2.705805424));
#1461=CARTESIAN_POINT('',(-5.463634337,3.792065134,2.705795132));
#1462=CARTESIAN_POINT('',(-5.463602671,3.792063542,2.705784838));
#1463=CARTESIAN_POINT('',(-5.321859328,3.784937127,2.659707272));
#1464=CARTESIAN_POINT('',(-5.201286578,3.777444347,2.572092454));
#1465=CARTESIAN_POINT('',(-5.113680994,3.770318318,2.451513712));
#1466=CARTESIAN_POINT('',(-5.113661422,3.770316726,2.451486774));
#1467=CARTESIAN_POINT('',(-5.113641852,3.770315134,2.451459835));
#1468=CARTESIAN_POINT('',(-5.113622285,3.770313542,2.451432894));
#1469=CARTESIAN_POINT('',(-5.026033225,3.763187127,2.330840712));
#1470=CARTESIAN_POINT('',(-4.979986519,3.755694347,2.189087951));
#1471=CARTESIAN_POINT('',(-4.979986519,3.748568318,2.040044429));
#1472=CARTESIAN_POINT('',(-4.979986519,3.748566726,2.040011132));
#1473=CARTESIAN_POINT('',(-4.979986522,3.748565134,2.039977835));
#1474=CARTESIAN_POINT('',(-4.979986527,3.748563542,2.039944537));
#1475=CARTESIAN_POINT('',(-4.980007795,3.741437127,1.890899856));
#1476=CARTESIAN_POINT('',(-5.02607541,3.733944347,1.749153889));
#1477=CARTESIAN_POINT('',(-5.113680994,3.726818318,1.628575146));
#1478=CARTESIAN_POINT('',(-5.113700565,3.726816726,1.628548208));
#1479=CARTESIAN_POINT('',(-5.113720139,3.726815134,1.628521271));
#1480=CARTESIAN_POINT('',(-5.113739714,3.726813542,1.628494336));
#1481=CARTESIAN_POINT('',(-5.201363186,3.719687127,1.507927157));
#1482=CARTESIAN_POINT('',(-5.321948859,3.712194347,1.420330126));
#1483=CARTESIAN_POINT('',(-5.463697672,3.705068318,1.374273145));
#1484=CARTESIAN_POINT('',(-5.463729339,3.705066726,1.374262856));
#1485=CARTESIAN_POINT('',(-5.463761007,3.705065134,1.374252568));
#1486=CARTESIAN_POINT('',(-5.463792676,3.705063542,1.374242283));
#1487=CARTESIAN_POINT('',(-5.605549164,3.697937127,1.328205171));
#1488=CARTESIAN_POINT('',(-5.754593266,3.690444347,1.328216163));
#1489=CARTESIAN_POINT('',(-5.896342078,3.683318318,1.374273145));
#1490=CARTESIAN_POINT('',(-5.896373746,3.683316726,1.374283434));
#1491=CARTESIAN_POINT('',(-5.896405413,3.683315134,1.374293726));
#1492=CARTESIAN_POINT('',(-5.896437079,3.683313542,1.37430402));
#1493=CARTESIAN_POINT('',(-6.038180422,3.676187127,1.420381586));
#1494=CARTESIAN_POINT('',(-6.158753172,3.668694347,1.507996404));
#1495=CARTESIAN_POINT('',(-6.246358756,3.661568318,1.628575146));
#1496=CARTESIAN_POINT('',(-6.246378328,3.661566726,1.628602084));
#1497=CARTESIAN_POINT('',(-6.246397898,3.661565134,1.628629023));
#1498=CARTESIAN_POINT('',(-6.246417465,3.661563542,1.628655964));
#1499=CARTESIAN_POINT('',(-6.334006525,3.654437127,1.749248146));
#1500=CARTESIAN_POINT('',(-6.380053231,3.646944347,1.891000907));
#1501=CARTESIAN_POINT('',(-6.380053231,3.639818318,2.040044429));
#1502=CARTESIAN_POINT('',(-6.380053231,3.639816726,2.040077726));
#1503=CARTESIAN_POINT('',(-6.380053228,3.639815134,2.040111023));
#1504=CARTESIAN_POINT('',(-6.380053223,3.639813542,2.040144321));
#1505=CARTESIAN_POINT('',(-6.380031955,3.632687127,2.189189002));
#1506=CARTESIAN_POINT('',(-6.33396434,3.625194347,2.330934969));
#1507=CARTESIAN_POINT('',(-6.246358756,3.618068318,2.451513712));
#1508=CARTESIAN_POINT('',(-6.246339185,3.618066726,2.45154065));
#1509=CARTESIAN_POINT('',(-6.246319611,3.618065134,2.451567587));
#1510=CARTESIAN_POINT('',(-6.246300036,3.618063542,2.451594522));
#1511=CARTESIAN_POINT('',(-6.158676564,3.610937127,2.572161701));
#1512=CARTESIAN_POINT('',(-6.038090891,3.603444347,2.659758732));
#1513=CARTESIAN_POINT('',(-5.896342078,3.596318318,2.705815713));
#1514=CARTESIAN_POINT('',(-5.896310411,3.596316726,2.705826002));
#1515=CARTESIAN_POINT('',(-5.896278743,3.596315134,2.70583629));
#1516=CARTESIAN_POINT('',(-5.896247074,3.596313542,2.705846575));
#1517=CARTESIAN_POINT('',(-5.754490586,3.589187127,2.751883687));
#1518=CARTESIAN_POINT('',(-5.605446484,3.581694347,2.751872695));
#1519=CARTESIAN_POINT('',(-5.463697672,3.574568318,2.705815713));
#1520=CARTESIAN_POINT('',(-5.463666004,3.574566726,2.705805424));
#1521=CARTESIAN_POINT('',(-5.463634337,3.574565134,2.705795132));
#1522=CARTESIAN_POINT('',(-5.463602671,3.574563542,2.705784838));
#1523=CARTESIAN_POINT('',(-5.370251472,3.569870134,2.675438467));
#1524=CARTESIAN_POINT('',(-5.284860774,3.564944694,2.626283072));
#1525=CARTESIAN_POINT('',(-5.211395937,3.560000583,2.560081258));
#1526=CARTESIAN_POINT('',(-5.211289116,3.559993394,2.559984998));
#1527=CARTESIAN_POINT('',(-5.211182296,3.559986205,2.559888738));
#1528=CARTESIAN_POINT('',(-5.211075475,3.559979016,2.559792478));
#1529=CARTESIAN_POINT('',(-6.350070269,6.259980158,1.837249251));
#1530=CARTESIAN_POINT('',(-6.370091165,6.256506528,1.903399782));
#1531=CARTESIAN_POINT('',(-6.380086597,6.253095388,1.971500723));
#1532=CARTESIAN_POINT('',(-6.380086597,6.249818351,2.040044429));
#1533=CARTESIAN_POINT('',(-6.380086597,6.249816759,2.040077728));
#1534=CARTESIAN_POINT('',(-6.380086595,6.249815167,2.040111027));
#1535=CARTESIAN_POINT('',(-6.38008659,6.249813575,2.040144326));
#1536=CARTESIAN_POINT('',(-6.380065321,6.24268716,2.18919611));
#1537=CARTESIAN_POINT('',(-6.33399551,6.235194381,2.330948834));
#1538=CARTESIAN_POINT('',(-6.24638575,6.228068351,2.451533324));
#1539=CARTESIAN_POINT('',(-6.246366178,6.228066759,2.451560264));
#1540=CARTESIAN_POINT('',(-6.246346603,6.228065167,2.451587202));
#1541=CARTESIAN_POINT('',(-6.246327027,6.228063575,2.451614138));
#1542=CARTESIAN_POINT('',(-6.158699379,6.22093716,2.572187064));
#1543=CARTESIAN_POINT('',(-6.038107959,6.213444381,2.65978827));
#1544=CARTESIAN_POINT('',(-5.896352389,6.206318351,2.705847447));
#1545=CARTESIAN_POINT('',(-5.89632072,6.206316759,2.705857737));
#1546=CARTESIAN_POINT('',(-5.896289051,6.206315167,2.705868024));
#1547=CARTESIAN_POINT('',(-5.89625738,6.206313575,2.70587831));
#1548=CARTESIAN_POINT('',(-5.754494136,6.19918716,2.751917616));
#1549=CARTESIAN_POINT('',(-5.60544293,6.191694381,2.751906623));
#1550=CARTESIAN_POINT('',(-5.463687361,6.184568351,2.705847447));
#1551=CARTESIAN_POINT('',(-5.463655692,6.184566759,2.705837157));
#1552=CARTESIAN_POINT('',(-5.463624023,6.184565167,2.705826865));
#1553=CARTESIAN_POINT('',(-5.463592356,6.184563575,2.70581657));
#1554=CARTESIAN_POINT('',(-5.321842257,6.17743716,2.659736808));
#1555=CARTESIAN_POINT('',(-5.20126376,6.169944381,2.572117814));
#1556=CARTESIAN_POINT('',(-5.113654,6.162818351,2.451533324));
#1557=CARTESIAN_POINT('',(-5.113634427,6.162816759,2.451506385));
#1558=CARTESIAN_POINT('',(-5.113614856,6.162815167,2.451479444));
#1559=CARTESIAN_POINT('',(-5.113595288,6.162813575,2.451452502));
#1560=CARTESIAN_POINT('',(-5.026002053,6.15568716,2.330854573));
#1561=CARTESIAN_POINT('',(-4.979953153,6.148194381,2.189095055));
#1562=CARTESIAN_POINT('',(-4.979953153,6.141068351,2.040044429));
#1563=CARTESIAN_POINT('',(-4.979953153,6.141066759,2.04001113));
#1564=CARTESIAN_POINT('',(-4.979953155,6.141065167,2.039977831));
#1565=CARTESIAN_POINT('',(-4.97995316,6.141063575,2.039944532));
#1566=CARTESIAN_POINT('',(-4.979974429,6.13393716,1.890892748));
#1567=CARTESIAN_POINT('',(-5.02604424,6.126444381,1.749140024));
#1568=CARTESIAN_POINT('',(-5.113654,6.119318351,1.628555534));
#1569=CARTESIAN_POINT('',(-5.113673572,6.119316759,1.628528594));
#1570=CARTESIAN_POINT('',(-5.113693147,6.119315167,1.628501656));
#1571=CARTESIAN_POINT('',(-5.113712723,6.119313575,1.62847472));
#1572=CARTESIAN_POINT('',(-5.201340371,6.11218716,1.507901794));
#1573=CARTESIAN_POINT('',(-5.321931791,6.104694381,1.420300588));
#1574=CARTESIAN_POINT('',(-5.463687361,6.097568351,1.374241411));
#1575=CARTESIAN_POINT('',(-5.46371903,6.097566759,1.374231121));
#1576=CARTESIAN_POINT('',(-5.463750699,6.097565167,1.374220834));
#1577=CARTESIAN_POINT('',(-5.46378237,6.097563575,1.374210548));
#1578=CARTESIAN_POINT('',(-5.605545614,6.09043716,1.328171242));
#1579=CARTESIAN_POINT('',(-5.75459682,6.082944381,1.328182235));
#1580=CARTESIAN_POINT('',(-5.896352389,6.075818351,1.374241411));
#1581=CARTESIAN_POINT('',(-5.896384058,6.075816759,1.374251701));
#1582=CARTESIAN_POINT('',(-5.896415727,6.075815167,1.374261993));
#1583=CARTESIAN_POINT('',(-5.896447394,6.075813575,1.374272288));
#1584=CARTESIAN_POINT('',(-6.038197493,6.06868716,1.42035205));
#1585=CARTESIAN_POINT('',(-6.15877599,6.061194381,1.507971044));
#1586=CARTESIAN_POINT('',(-6.24638575,6.054068351,1.628555534));
#1587=CARTESIAN_POINT('',(-6.246405323,6.054066759,1.628582473));
#1588=CARTESIAN_POINT('',(-6.246424894,6.054065167,1.628609414));
#1589=CARTESIAN_POINT('',(-6.246444462,6.054063575,1.628636356));
#1590=CARTESIAN_POINT('',(-6.334037697,6.04693716,1.749234285));
#1591=CARTESIAN_POINT('',(-6.380086597,6.039444381,1.890993803));
#1592=CARTESIAN_POINT('',(-6.380086597,6.032318351,2.040044429));
#1593=CARTESIAN_POINT('',(-6.380086597,6.032316759,2.040077728));
#1594=CARTESIAN_POINT('',(-6.380086595,6.032315167,2.040111027));
#1595=CARTESIAN_POINT('',(-6.38008659,6.032313575,2.040144326));
#1596=CARTESIAN_POINT('',(-6.380065321,6.02518716,2.18919611));
#1597=CARTESIAN_POINT('',(-6.33399551,6.017694381,2.330948834));
#1598=CARTESIAN_POINT('',(-6.24638575,6.010568351,2.451533324));
#1599=CARTESIAN_POINT('',(-6.246366178,6.010566759,2.451560264));
#1600=CARTESIAN_POINT('',(-6.246346603,6.010565167,2.451587202));
#1601=CARTESIAN_POINT('',(-6.246327027,6.010563575,2.451614138));
#1602=CARTESIAN_POINT('',(-6.158699379,6.00343716,2.572187064));
#1603=CARTESIAN_POINT('',(-6.038107959,5.995944381,2.65978827));
#1604=CARTESIAN_POINT('',(-5.896352389,5.988818351,2.705847447));
#1605=CARTESIAN_POINT('',(-5.89632072,5.988816759,2.705857737));
#1606=CARTESIAN_POINT('',(-5.896289051,5.988815167,2.705868024));
#1607=CARTESIAN_POINT('',(-5.89625738,5.988813575,2.70587831));
#1608=CARTESIAN_POINT('',(-5.754494136,5.98168716,2.751917616));
#1609=CARTESIAN_POINT('',(-5.60544293,5.974194381,2.751906623));
#1610=CARTESIAN_POINT('',(-5.463687361,5.967068351,2.705847447));
#1611=CARTESIAN_POINT('',(-5.463655692,5.967066759,2.705837157));
#1612=CARTESIAN_POINT('',(-5.463624023,5.967065167,2.705826865));
#1613=CARTESIAN_POINT('',(-5.463592356,5.967063575,2.70581657));
#1614=CARTESIAN_POINT('',(-5.321842257,5.95993716,2.659736808));
#1615=CARTESIAN_POINT('',(-5.20126376,5.952444381,2.572117814));
#1616=CARTESIAN_POINT('',(-5.113654,5.945318351,2.451533324));
#1617=CARTESIAN_POINT('',(-5.113634427,5.945316759,2.451506385));
#1618=CARTESIAN_POINT('',(-5.113614856,5.945315167,2.451479444));
#1619=CARTESIAN_POINT('',(-5.113595288,5.945313575,2.451452502));
#1620=CARTESIAN_POINT('',(-5.026002053,5.93818716,2.330854573));
#1621=CARTESIAN_POINT('',(-4.979953153,5.930694381,2.189095055));
#1622=CARTESIAN_POINT('',(-4.979953153,5.923568351,2.040044429));
#1623=CARTESIAN_POINT('',(-4.979953153,5.923566759,2.04001113));
#1624=CARTESIAN_POINT('',(-4.979953155,5.923565167,2.039977831));
#1625=CARTESIAN_POINT('',(-4.97995316,5.923563575,2.039944532));
#1626=CARTESIAN_POINT('',(-4.979974429,5.91643716,1.890892748));
#1627=CARTESIAN_POINT('',(-5.02604424,5.908944381,1.749140024));
#1628=CARTESIAN_POINT('',(-5.113654,5.901818351,1.628555534));
#1629=CARTESIAN_POINT('',(-5.113673572,5.901816759,1.628528594));
#1630=CARTESIAN_POINT('',(-5.113693147,5.901815167,1.628501656));
#1631=CARTESIAN_POINT('',(-5.113712723,5.901813575,1.62847472));
#1632=CARTESIAN_POINT('',(-5.201340371,5.89468716,1.507901794));
#1633=CARTESIAN_POINT('',(-5.321931791,5.887194381,1.420300588));
#1634=CARTESIAN_POINT('',(-5.463687361,5.880068351,1.374241411));
#1635=CARTESIAN_POINT('',(-5.46371903,5.880066759,1.374231121));
#1636=CARTESIAN_POINT('',(-5.463750699,5.880065167,1.374220834));
#1637=CARTESIAN_POINT('',(-5.46378237,5.880063575,1.374210548));
#1638=CARTESIAN_POINT('',(-5.605545614,5.87293716,1.328171242));
#1639=CARTESIAN_POINT('',(-5.75459682,5.865444381,1.328182235));
#1640=CARTESIAN_POINT('',(-5.896352389,5.858318351,1.374241411));
#1641=CARTESIAN_POINT('',(-5.896384058,5.858316759,1.374251701));
#1642=CARTESIAN_POINT('',(-5.896415727,5.858315167,1.374261993));
#1643=CARTESIAN_POINT('',(-5.896447394,5.858313575,1.374272288));
#1644=CARTESIAN_POINT('',(-6.038197493,5.85118716,1.42035205));
#1645=CARTESIAN_POINT('',(-6.15877599,5.843694381,1.507971044));
#1646=CARTESIAN_POINT('',(-6.24638575,5.836568351,1.628555534));
#1647=CARTESIAN_POINT('',(-6.246405323,5.836566759,1.628582473));
#1648=CARTESIAN_POINT('',(-6.246424894,5.836565167,1.628609414));
#1649=CARTESIAN_POINT('',(-6.246444462,5.836563575,1.628636356));
#1650=CARTESIAN_POINT('',(-6.334037697,5.82943716,1.749234285));
#1651=CARTESIAN_POINT('',(-6.380086597,5.821944381,1.890993803));
#1652=CARTESIAN_POINT('',(-6.380086597,5.814818351,2.040044429));
#1653=CARTESIAN_POINT('',(-6.380086597,5.814816759,2.040077728));
#1654=CARTESIAN_POINT('',(-6.380086595,5.814815167,2.040111027));
#1655=CARTESIAN_POINT('',(-6.38008659,5.814813575,2.040144326));
#1656=CARTESIAN_POINT('',(-6.380065321,5.80768716,2.18919611));
#1657=CARTESIAN_POINT('',(-6.33399551,5.800194381,2.330948834));
#1658=CARTESIAN_POINT('',(-6.24638575,5.793068351,2.451533324));
#1659=CARTESIAN_POINT('',(-6.246366178,5.793066759,2.451560264));
#1660=CARTESIAN_POINT('',(-6.246346603,5.793065167,2.451587202));
#1661=CARTESIAN_POINT('',(-6.246327027,5.793063575,2.451614138));
#1662=CARTESIAN_POINT('',(-6.158699379,5.78593716,2.572187064));
#1663=CARTESIAN_POINT('',(-6.038107959,5.778444381,2.65978827));
#1664=CARTESIAN_POINT('',(-5.896352389,5.771318351,2.705847447));
#1665=CARTESIAN_POINT('',(-5.89632072,5.771316759,2.705857737));
#1666=CARTESIAN_POINT('',(-5.896289051,5.771315167,2.705868024));
#1667=CARTESIAN_POINT('',(-5.89625738,5.771313575,2.70587831));
#1668=CARTESIAN_POINT('',(-5.754494136,5.76418716,2.751917616));
#1669=CARTESIAN_POINT('',(-5.60544293,5.756694381,2.751906623));
#1670=CARTESIAN_POINT('',(-5.463687361,5.749568351,2.705847447));
#1671=CARTESIAN_POINT('',(-5.463655692,5.749566759,2.705837157));
#1672=CARTESIAN_POINT('',(-5.463624023,5.749565167,2.705826865));
#1673=CARTESIAN_POINT('',(-5.463592356,5.749563575,2.70581657));
#1674=CARTESIAN_POINT('',(-5.321842257,5.74243716,2.659736808));
#1675=CARTESIAN_POINT('',(-5.20126376,5.734944381,2.572117814));
#1676=CARTESIAN_POINT('',(-5.113654,5.727818351,2.451533324));
#1677=CARTESIAN_POINT('',(-5.113634427,5.727816759,2.451506385));
#1678=CARTESIAN_POINT('',(-5.113614856,5.727815167,2.451479444));
#1679=CARTESIAN_POINT('',(-5.113595288,5.727813575,2.451452502));
#1680=CARTESIAN_POINT('',(-5.026002053,5.72068716,2.330854573));
#1681=CARTESIAN_POINT('',(-4.979953153,5.713194381,2.189095055));
#1682=CARTESIAN_POINT('',(-4.979953153,5.706068351,2.040044429));
#1683=CARTESIAN_POINT('',(-4.979953153,5.706066759,2.04001113));
#1684=CARTESIAN_POINT('',(-4.979953155,5.706065167,2.039977831));
#1685=CARTESIAN_POINT('',(-4.97995316,5.706063575,2.039944532));
#1686=CARTESIAN_POINT('',(-4.979974429,5.69893716,1.890892748));
#1687=CARTESIAN_POINT('',(-5.02604424,5.691444381,1.749140024));
#1688=CARTESIAN_POINT('',(-5.113654,5.684318351,1.628555534));
#1689=CARTESIAN_POINT('',(-5.113673572,5.684316759,1.628528594));
#1690=CARTESIAN_POINT('',(-5.113693147,5.684315167,1.628501656));
#1691=CARTESIAN_POINT('',(-5.113712723,5.684313575,1.62847472));
#1692=CARTESIAN_POINT('',(-5.201340371,5.67718716,1.507901794));
#1693=CARTESIAN_POINT('',(-5.321931791,5.669694381,1.420300588));
#1694=CARTESIAN_POINT('',(-5.463687361,5.662568351,1.374241411));
#1695=CARTESIAN_POINT('',(-5.46371903,5.662566759,1.374231121));
#1696=CARTESIAN_POINT('',(-5.463750699,5.662565167,1.374220834));
#1697=CARTESIAN_POINT('',(-5.46378237,5.662563575,1.374210548));
#1698=CARTESIAN_POINT('',(-5.605545614,5.65543716,1.328171242));
#1699=CARTESIAN_POINT('',(-5.75459682,5.647944381,1.328182235));
#1700=CARTESIAN_POINT('',(-5.896352389,5.640818351,1.374241411));
#1701=CARTESIAN_POINT('',(-5.896384058,5.640816759,1.374251701));
#1702=CARTESIAN_POINT('',(-5.896415727,5.640815167,1.374261993));
#1703=CARTESIAN_POINT('',(-5.896447394,5.640813575,1.374272288));
#1704=CARTESIAN_POINT('',(-6.038197493,5.63368716,1.42035205));
#1705=CARTESIAN_POINT('',(-6.15877599,5.626194381,1.507971044));
#1706=CARTESIAN_POINT('',(-6.24638575,5.619068351,1.628555534));
#1707=CARTESIAN_POINT('',(-6.246405323,5.619066759,1.628582473));
#1708=CARTESIAN_POINT('',(-6.246424894,5.619065167,1.628609414));
#1709=CARTESIAN_POINT('',(-6.246444462,5.619063575,1.628636356));
#1710=CARTESIAN_POINT('',(-6.334037697,5.61193716,1.749234285));
#1711=CARTESIAN_POINT('',(-6.380086597,5.604444381,1.890993803));
#1712=CARTESIAN_POINT('',(-6.380086597,5.597318351,2.040044429));
#1713=CARTESIAN_POINT('',(-6.380086597,5.597316759,2.040077728));
#1714=CARTESIAN_POINT('',(-6.380086595,5.597315167,2.040111027));
#1715=CARTESIAN_POINT('',(-6.38008659,5.597313575,2.040144326));
#1716=CARTESIAN_POINT('',(-6.380065321,5.59018716,2.18919611));
#1717=CARTESIAN_POINT('',(-6.33399551,5.582694381,2.330948834));
#1718=CARTESIAN_POINT('',(-6.24638575,5.575568351,2.451533324));
#1719=CARTESIAN_POINT('',(-6.246366178,5.575566759,2.451560264));
#1720=CARTESIAN_POINT('',(-6.246346603,5.575565167,2.451587202));
#1721=CARTESIAN_POINT('',(-6.246327027,5.575563575,2.451614138));
#1722=CARTESIAN_POINT('',(-6.158699379,5.56843716,2.572187064));
#1723=CARTESIAN_POINT('',(-6.038107959,5.560944381,2.65978827));
#1724=CARTESIAN_POINT('',(-5.896352389,5.553818351,2.705847447));
#1725=CARTESIAN_POINT('',(-5.89632072,5.553816759,2.705857737));
#1726=CARTESIAN_POINT('',(-5.896289051,5.553815167,2.705868024));
#1727=CARTESIAN_POINT('',(-5.89625738,5.553813575,2.70587831));
#1728=CARTESIAN_POINT('',(-5.754494136,5.54668716,2.751917616));
#1729=CARTESIAN_POINT('',(-5.60544293,5.539194381,2.751906623));
#1730=CARTESIAN_POINT('',(-5.463687361,5.532068351,2.705847447));
#1731=CARTESIAN_POINT('',(-5.463655692,5.532066759,2.705837157));
#1732=CARTESIAN_POINT('',(-5.463624023,5.532065167,2.705826865));
#1733=CARTESIAN_POINT('',(-5.463592356,5.532063575,2.70581657));
#1734=CARTESIAN_POINT('',(-5.321842257,5.52493716,2.659736808));
#1735=CARTESIAN_POINT('',(-5.20126376,5.517444381,2.572117814));
#1736=CARTESIAN_POINT('',(-5.113654,5.510318351,2.451533324));
#1737=CARTESIAN_POINT('',(-5.113634427,5.510316759,2.451506385));
#1738=CARTESIAN_POINT('',(-5.113614856,5.510315167,2.451479444));
#1739=CARTESIAN_POINT('',(-5.113595288,5.510313575,2.451452502));
#1740=CARTESIAN_POINT('',(-5.026002053,5.50318716,2.330854573));
#1741=CARTESIAN_POINT('',(-4.979953153,5.495694381,2.189095055));
#1742=CARTESIAN_POINT('',(-4.979953153,5.488568351,2.040044429));
#1743=CARTESIAN_POINT('',(-4.979953153,5.488566759,2.04001113));
#1744=CARTESIAN_POINT('',(-4.979953155,5.488565167,2.039977831));
#1745=CARTESIAN_POINT('',(-4.97995316,5.488563575,2.039944532));
#1746=CARTESIAN_POINT('',(-4.979974429,5.48143716,1.890892748));
#1747=CARTESIAN_POINT('',(-5.02604424,5.473944381,1.749140024));
#1748=CARTESIAN_POINT('',(-5.113654,5.466818351,1.628555534));
#1749=CARTESIAN_POINT('',(-5.113673572,5.466816759,1.628528594));
#1750=CARTESIAN_POINT('',(-5.113693147,5.466815167,1.628501656));
#1751=CARTESIAN_POINT('',(-5.113712723,5.466813575,1.62847472));
#1752=CARTESIAN_POINT('',(-5.201340371,5.45968716,1.507901794));
#1753=CARTESIAN_POINT('',(-5.321931791,5.452194381,1.420300588));
#1754=CARTESIAN_POINT('',(-5.463687361,5.445068351,1.374241411));
#1755=CARTESIAN_POINT('',(-5.46371903,5.445066759,1.374231121));
#1756=CARTESIAN_POINT('',(-5.463750699,5.445065167,1.374220834));
#1757=CARTESIAN_POINT('',(-5.46378237,5.445063575,1.374210548));
#1758=CARTESIAN_POINT('',(-5.605545614,5.43793716,1.328171242));
#1759=CARTESIAN_POINT('',(-5.75459682,5.430444381,1.328182235));
#1760=CARTESIAN_POINT('',(-5.896352389,5.423318351,1.374241411));
#1761=CARTESIAN_POINT('',(-5.896384058,5.423316759,1.374251701));
#1762=CARTESIAN_POINT('',(-5.896415727,5.423315167,1.374261993));
#1763=CARTESIAN_POINT('',(-5.896447394,5.423313575,1.374272288));
#1764=CARTESIAN_POINT('',(-6.038197493,5.41618716,1.42035205));
#1765=CARTESIAN_POINT('',(-6.15877599,5.408694381,1.507971044));
#1766=CARTESIAN_POINT('',(-6.24638575,5.401568351,1.628555534));
#1767=CARTESIAN_POINT('',(-6.246405323,5.401566759,1.628582473));
#1768=CARTESIAN_POINT('',(-6.246424894,5.401565167,1.628609414));
#1769=CARTESIAN_POINT('',(-6.246444462,5.401563575,1.628636356));
#1770=CARTESIAN_POINT('',(-6.334037697,5.39443716,1.749234285));
#1771=CARTESIAN_POINT('',(-6.380086597,5.386944381,1.890993803));
#1772=CARTESIAN_POINT('',(-6.380086597,5.379818351,2.040044429));
#1773=CARTESIAN_POINT('',(-6.380086597,5.379816759,2.040077728));
#1774=CARTESIAN_POINT('',(-6.380086595,5.379815167,2.040111027));
#1775=CARTESIAN_POINT('',(-6.38008659,5.379813575,2.040144326));
#1776=CARTESIAN_POINT('',(-6.380065321,5.37268716,2.18919611));
#1777=CARTESIAN_POINT('',(-6.33399551,5.365194381,2.330948834));
#1778=CARTESIAN_POINT('',(-6.24638575,5.358068351,2.451533324));
#1779=CARTESIAN_POINT('',(-6.246366178,5.358066759,2.451560264));
#1780=CARTESIAN_POINT('',(-6.246346603,5.358065167,2.451587202));
#1781=CARTESIAN_POINT('',(-6.246327027,5.358063575,2.451614138));
#1782=CARTESIAN_POINT('',(-6.158699379,5.35093716,2.572187064));
#1783=CARTESIAN_POINT('',(-6.038107959,5.343444381,2.65978827));
#1784=CARTESIAN_POINT('',(-5.896352389,5.336318351,2.705847447));
#1785=CARTESIAN_POINT('',(-5.89632072,5.336316759,2.705857737));
#1786=CARTESIAN_POINT('',(-5.896289051,5.336315167,2.705868024));
#1787=CARTESIAN_POINT('',(-5.89625738,5.336313575,2.70587831));
#1788=CARTESIAN_POINT('',(-5.754494136,5.32918716,2.751917616));
#1789=CARTESIAN_POINT('',(-5.60544293,5.321694381,2.751906623));
#1790=CARTESIAN_POINT('',(-5.463687361,5.314568351,2.705847447));
#1791=CARTESIAN_POINT('',(-5.463655692,5.314566759,2.705837157));
#1792=CARTESIAN_POINT('',(-5.463624023,5.314565167,2.705826865));
#1793=CARTESIAN_POINT('',(-5.463592356,5.314563575,2.70581657));
#1794=CARTESIAN_POINT('',(-5.321842257,5.30743716,2.659736808));
#1795=CARTESIAN_POINT('',(-5.20126376,5.299944381,2.572117814));
#1796=CARTESIAN_POINT('',(-5.113654,5.292818351,2.451533324));
#1797=CARTESIAN_POINT('',(-5.113634427,5.292816759,2.451506385));
#1798=CARTESIAN_POINT('',(-5.113614856,5.292815167,2.451479444));
#1799=CARTESIAN_POINT('',(-5.113595288,5.292813575,2.451452502));
#1800=CARTESIAN_POINT('',(-5.026002053,5.28568716,2.330854573));
#1801=CARTESIAN_POINT('',(-4.979953153,5.278194381,2.189095055));
#1802=CARTESIAN_POINT('',(-4.979953153,5.271068351,2.040044429));
#1803=CARTESIAN_POINT('',(-4.979953153,5.271066759,2.04001113));
#1804=CARTESIAN_POINT('',(-4.979953155,5.271065167,2.039977831));
#1805=CARTESIAN_POINT('',(-4.97995316,5.271063575,2.039944532));
#1806=CARTESIAN_POINT('',(-4.979974429,5.26393716,1.890892748));
#1807=CARTESIAN_POINT('',(-5.02604424,5.256444381,1.749140024));
#1808=CARTESIAN_POINT('',(-5.113654,5.249318351,1.628555534));
#1809=CARTESIAN_POINT('',(-5.113673572,5.249316759,1.628528594));
#1810=CARTESIAN_POINT('',(-5.113693147,5.249315167,1.628501656));
#1811=CARTESIAN_POINT('',(-5.113712723,5.249313575,1.62847472));
#1812=CARTESIAN_POINT('',(-5.201340371,5.24218716,1.507901794));
#1813=CARTESIAN_POINT('',(-5.321931791,5.234694381,1.420300588));
#1814=CARTESIAN_POINT('',(-5.463687361,5.227568351,1.374241411));
#1815=CARTESIAN_POINT('',(-5.46371903,5.227566759,1.374231121));
#1816=CARTESIAN_POINT('',(-5.463750699,5.227565167,1.374220834));
#1817=CARTESIAN_POINT('',(-5.46378237,5.227563575,1.374210548));
#1818=CARTESIAN_POINT('',(-5.605545614,5.22043716,1.328171242));
#1819=CARTESIAN_POINT('',(-5.75459682,5.212944381,1.328182235));
#1820=CARTESIAN_POINT('',(-5.896352389,5.205818351,1.374241411));
#1821=CARTESIAN_POINT('',(-5.896384058,5.205816759,1.374251701));
#1822=CARTESIAN_POINT('',(-5.896415727,5.205815167,1.374261993));
#1823=CARTESIAN_POINT('',(-5.896447394,5.205813575,1.374272288));
#1824=CARTESIAN_POINT('',(-6.038197493,5.19868716,1.42035205));
#1825=CARTESIAN_POINT('',(-6.15877599,5.191194381,1.507971044));
#1826=CARTESIAN_POINT('',(-6.24638575,5.184068351,1.628555534));
#1827=CARTESIAN_POINT('',(-6.246405323,5.184066759,1.628582473));
#1828=CARTESIAN_POINT('',(-6.246424894,5.184065167,1.628609414));
#1829=CARTESIAN_POINT('',(-6.246444462,5.184063575,1.628636356));
#1830=CARTESIAN_POINT('',(-6.334037697,5.17693716,1.749234285));
#1831=CARTESIAN_POINT('',(-6.380086597,5.169444381,1.890993803));
#1832=CARTESIAN_POINT('',(-6.380086597,5.162318351,2.040044429));
#1833=CARTESIAN_POINT('',(-6.380086597,5.162316759,2.040077728));
#1834=CARTESIAN_POINT('',(-6.380086595,5.162315167,2.040111027));
#1835=CARTESIAN_POINT('',(-6.38008659,5.162313575,2.040144326));
#1836=CARTESIAN_POINT('',(-6.380065321,5.15518716,2.18919611));
#1837=CARTESIAN_POINT('',(-6.33399551,5.147694381,2.330948834));
#1838=CARTESIAN_POINT('',(-6.24638575,5.140568351,2.451533324));
#1839=CARTESIAN_POINT('',(-6.246366178,5.140566759,2.451560264));
#1840=CARTESIAN_POINT('',(-6.246346603,5.140565167,2.451587202));
#1841=CARTESIAN_POINT('',(-6.246327027,5.140563575,2.451614138));
#1842=CARTESIAN_POINT('',(-6.158699379,5.13343716,2.572187064));
#1843=CARTESIAN_POINT('',(-6.038107959,5.125944381,2.65978827));
#1844=CARTESIAN_POINT('',(-5.896352389,5.118818351,2.705847447));
#1845=CARTESIAN_POINT('',(-5.89632072,5.118816759,2.705857737));
#1846=CARTESIAN_POINT('',(-5.896289051,5.118815167,2.705868024));
#1847=CARTESIAN_POINT('',(-5.89625738,5.118813575,2.70587831));
#1848=CARTESIAN_POINT('',(-5.754494136,5.11168716,2.751917616));
#1849=CARTESIAN_POINT('',(-5.60544293,5.104194381,2.751906623));
#1850=CARTESIAN_POINT('',(-5.463687361,5.097068351,2.705847447));
#1851=CARTESIAN_POINT('',(-5.463655692,5.097066759,2.705837157));
#1852=CARTESIAN_POINT('',(-5.463624023,5.097065167,2.705826865));
#1853=CARTESIAN_POINT('',(-5.463592356,5.097063575,2.70581657));
#1854=CARTESIAN_POINT('',(-5.321842257,5.08993716,2.659736808));
#1855=CARTESIAN_POINT('',(-5.20126376,5.082444381,2.572117814));
#1856=CARTESIAN_POINT('',(-5.113654,5.075318351,2.451533324));
#1857=CARTESIAN_POINT('',(-5.113634427,5.075316759,2.451506385));
#1858=CARTESIAN_POINT('',(-5.113614856,5.075315167,2.451479444));
#1859=CARTESIAN_POINT('',(-5.113595288,5.075313575,2.451452502));
#1860=CARTESIAN_POINT('',(-5.026002053,5.06818716,2.330854573));
#1861=CARTESIAN_POINT('',(-4.979953153,5.060694381,2.189095055));
#1862=CARTESIAN_POINT('',(-4.979953153,5.053568351,2.040044429));
#1863=CARTESIAN_POINT('',(-4.979953153,5.053566759,2.04001113));
#1864=CARTESIAN_POINT('',(-4.979953155,5.053565167,2.039977831));
#1865=CARTESIAN_POINT('',(-4.97995316,5.053563575,2.039944532));
#1866=CARTESIAN_POINT('',(-4.979974429,5.04643716,1.890892748));
#1867=CARTESIAN_POINT('',(-5.02604424,5.038944381,1.749140024));
#1868=CARTESIAN_POINT('',(-5.113654,5.031818351,1.628555534));
#1869=CARTESIAN_POINT('',(-5.113673572,5.031816759,1.628528594));
#1870=CARTESIAN_POINT('',(-5.113693147,5.031815167,1.628501656));
#1871=CARTESIAN_POINT('',(-5.113712723,5.031813575,1.62847472));
#1872=CARTESIAN_POINT('',(-5.201340371,5.02468716,1.507901794));
#1873=CARTESIAN_POINT('',(-5.321931791,5.017194381,1.420300588));
#1874=CARTESIAN_POINT('',(-5.463687361,5.010068351,1.374241411));
#1875=CARTESIAN_POINT('',(-5.46371903,5.010066759,1.374231121));
#1876=CARTESIAN_POINT('',(-5.463750699,5.010065167,1.374220834));
#1877=CARTESIAN_POINT('',(-5.46378237,5.010063575,1.374210548));
#1878=CARTESIAN_POINT('',(-5.605545614,5.00293716,1.328171242));
#1879=CARTESIAN_POINT('',(-5.75459682,4.995444381,1.328182235));
#1880=CARTESIAN_POINT('',(-5.896352389,4.988318351,1.374241411));
#1881=CARTESIAN_POINT('',(-5.896384058,4.988316759,1.374251701));
#1882=CARTESIAN_POINT('',(-5.896415727,4.988315167,1.374261993));
#1883=CARTESIAN_POINT('',(-5.896447394,4.988313575,1.374272288));
#1884=CARTESIAN_POINT('',(-6.038197493,4.98118716,1.42035205));
#1885=CARTESIAN_POINT('',(-6.15877599,4.973694381,1.507971044));
#1886=CARTESIAN_POINT('',(-6.24638575,4.966568351,1.628555534));
#1887=CARTESIAN_POINT('',(-6.246405323,4.966566759,1.628582473));
#1888=CARTESIAN_POINT('',(-6.246424894,4.966565167,1.628609414));
#1889=CARTESIAN_POINT('',(-6.246444462,4.966563575,1.628636356));
#1890=CARTESIAN_POINT('',(-6.334037697,4.95943716,1.749234285));
#1891=CARTESIAN_POINT('',(-6.380086597,4.951944381,1.890993803));
#1892=CARTESIAN_POINT('',(-6.380086597,4.944818351,2.040044429));
#1893=CARTESIAN_POINT('',(-6.380086597,4.944816759,2.040077728));
#1894=CARTESIAN_POINT('',(-6.380086595,4.944815167,2.040111027));
#1895=CARTESIAN_POINT('',(-6.38008659,4.944813575,2.040144326));
#1896=CARTESIAN_POINT('',(-6.380065321,4.93768716,2.18919611));
#1897=CARTESIAN_POINT('',(-6.33399551,4.930194381,2.330948834));
#1898=CARTESIAN_POINT('',(-6.24638575,4.923068351,2.451533324));
#1899=CARTESIAN_POINT('',(-6.246366178,4.923066759,2.451560264));
#1900=CARTESIAN_POINT('',(-6.246346603,4.923065167,2.451587202));
#1901=CARTESIAN_POINT('',(-6.246327027,4.923063575,2.451614138));
#1902=CARTESIAN_POINT('',(-6.158699379,4.91593716,2.572187064));
#1903=CARTESIAN_POINT('',(-6.038107959,4.908444381,2.65978827));
#1904=CARTESIAN_POINT('',(-5.896352389,4.901318351,2.705847447));
#1905=CARTESIAN_POINT('',(-5.89632072,4.901316759,2.705857737));
#1906=CARTESIAN_POINT('',(-5.896289051,4.901315167,2.705868024));
#1907=CARTESIAN_POINT('',(-5.89625738,4.901313575,2.70587831));
#1908=CARTESIAN_POINT('',(-5.754494136,4.89418716,2.751917616));
#1909=CARTESIAN_POINT('',(-5.60544293,4.886694381,2.751906623));
#1910=CARTESIAN_POINT('',(-5.463687361,4.879568351,2.705847447));
#1911=CARTESIAN_POINT('',(-5.463655692,4.879566759,2.705837157));
#1912=CARTESIAN_POINT('',(-5.463624023,4.879565167,2.705826865));
#1913=CARTESIAN_POINT('',(-5.463592356,4.879563575,2.70581657));
#1914=CARTESIAN_POINT('',(-5.321842257,4.87243716,2.659736808));
#1915=CARTESIAN_POINT('',(-5.20126376,4.864944381,2.572117814));
#1916=CARTESIAN_POINT('',(-5.113654,4.857818351,2.451533324));
#1917=CARTESIAN_POINT('',(-5.113634427,4.857816759,2.451506385));
#1918=CARTESIAN_POINT('',(-5.113614856,4.857815167,2.451479444));
#1919=CARTESIAN_POINT('',(-5.113595288,4.857813575,2.451452502));
#1920=CARTESIAN_POINT('',(-5.026002053,4.85068716,2.330854573));
#1921=CARTESIAN_POINT('',(-4.979953153,4.843194381,2.189095055));
#1922=CARTESIAN_POINT('',(-4.979953153,4.836068351,2.040044429));
#1923=CARTESIAN_POINT('',(-4.979953153,4.836066759,2.04001113));
#1924=CARTESIAN_POINT('',(-4.979953155,4.836065167,2.039977831));
#1925=CARTESIAN_POINT('',(-4.97995316,4.836063575,2.039944532));
#1926=CARTESIAN_POINT('',(-4.979974429,4.82893716,1.890892748));
#1927=CARTESIAN_POINT('',(-5.02604424,4.821444381,1.749140024));
#1928=CARTESIAN_POINT('',(-5.113654,4.814318351,1.628555534));
#1929=CARTESIAN_POINT('',(-5.113673572,4.814316759,1.628528594));
#1930=CARTESIAN_POINT('',(-5.113693147,4.814315167,1.628501656));
#1931=CARTESIAN_POINT('',(-5.113712723,4.814313575,1.62847472));
#1932=CARTESIAN_POINT('',(-5.201340371,4.80718716,1.507901794));
#1933=CARTESIAN_POINT('',(-5.321931791,4.799694381,1.420300588));
#1934=CARTESIAN_POINT('',(-5.463687361,4.792568351,1.374241411));
#1935=CARTESIAN_POINT('',(-5.46371903,4.792566759,1.374231121));
#1936=CARTESIAN_POINT('',(-5.463750699,4.792565167,1.374220834));
#1937=CARTESIAN_POINT('',(-5.46378237,4.792563575,1.374210548));
#1938=CARTESIAN_POINT('',(-5.605545614,4.78543716,1.328171242));
#1939=CARTESIAN_POINT('',(-5.75459682,4.777944381,1.328182235));
#1940=CARTESIAN_POINT('',(-5.896352389,4.770818351,1.374241411));
#1941=CARTESIAN_POINT('',(-5.896384058,4.770816759,1.374251701));
#1942=CARTESIAN_POINT('',(-5.896415727,4.770815167,1.374261993));
#1943=CARTESIAN_POINT('',(-5.896447394,4.770813575,1.374272288));
#1944=CARTESIAN_POINT('',(-6.038197493,4.76368716,1.42035205));
#1945=CARTESIAN_POINT('',(-6.15877599,4.756194381,1.507971044));
#1946=CARTESIAN_POINT('',(-6.24638575,4.749068351,1.628555534));
#1947=CARTESIAN_POINT('',(-6.246405323,4.749066759,1.628582473));
#1948=CARTESIAN_POINT('',(-6.246424894,4.749065167,1.628609414));
#1949=CARTESIAN_POINT('',(-6.246444462,4.749063575,1.628636356));
#1950=CARTESIAN_POINT('',(-6.334037697,4.74193716,1.749234285));
#1951=CARTESIAN_POINT('',(-6.380086597,4.734444381,1.890993803));
#1952=CARTESIAN_POINT('',(-6.380086597,4.727318351,2.040044429));
#1953=CARTESIAN_POINT('',(-6.380086597,4.727316759,2.040077728));
#1954=CARTESIAN_POINT('',(-6.380086595,4.727315167,2.040111027));
#1955=CARTESIAN_POINT('',(-6.38008659,4.727313575,2.040144326));
#1956=CARTESIAN_POINT('',(-6.380065321,4.72018716,2.18919611));
#1957=CARTESIAN_POINT('',(-6.33399551,4.712694381,2.330948834));
#1958=CARTESIAN_POINT('',(-6.24638575,4.705568351,2.451533324));
#1959=CARTESIAN_POINT('',(-6.246366178,4.705566759,2.451560264));
#1960=CARTESIAN_POINT('',(-6.246346603,4.705565167,2.451587202));
#1961=CARTESIAN_POINT('',(-6.246327027,4.705563575,2.451614138));
#1962=CARTESIAN_POINT('',(-6.158699379,4.69843716,2.572187064));
#1963=CARTESIAN_POINT('',(-6.038107959,4.690944381,2.65978827));
#1964=CARTESIAN_POINT('',(-5.896352389,4.683818351,2.705847447));
#1965=CARTESIAN_POINT('',(-5.89632072,4.683816759,2.705857737));
#1966=CARTESIAN_POINT('',(-5.896289051,4.683815167,2.705868024));
#1967=CARTESIAN_POINT('',(-5.89625738,4.683813575,2.70587831));
#1968=CARTESIAN_POINT('',(-5.754494136,4.67668716,2.751917616));
#1969=CARTESIAN_POINT('',(-5.60544293,4.669194381,2.751906623));
#1970=CARTESIAN_POINT('',(-5.463687361,4.662068351,2.705847447));
#1971=CARTESIAN_POINT('',(-5.463655692,4.662066759,2.705837157));
#1972=CARTESIAN_POINT('',(-5.463624023,4.662065167,2.705826865));
#1973=CARTESIAN_POINT('',(-5.463592356,4.662063575,2.70581657));
#1974=CARTESIAN_POINT('',(-5.321842257,4.65493716,2.659736808));
#1975=CARTESIAN_POINT('',(-5.20126376,4.647444381,2.572117814));
#1976=CARTESIAN_POINT('',(-5.113654,4.640318351,2.451533324));
#1977=CARTESIAN_POINT('',(-5.113634427,4.640316759,2.451506385));
#1978=CARTESIAN_POINT('',(-5.113614856,4.640315167,2.451479444));
#1979=CARTESIAN_POINT('',(-5.113595288,4.640313575,2.451452502));
#1980=CARTESIAN_POINT('',(-5.026002053,4.63318716,2.330854573));
#1981=CARTESIAN_POINT('',(-4.979953153,4.625694381,2.189095055));
#1982=CARTESIAN_POINT('',(-4.979953153,4.618568351,2.040044429));
#1983=CARTESIAN_POINT('',(-4.979953153,4.618566759,2.04001113));
#1984=CARTESIAN_POINT('',(-4.979953155,4.618565167,2.039977831));
#1985=CARTESIAN_POINT('',(-4.97995316,4.618563575,2.039944532));
#1986=CARTESIAN_POINT('',(-4.979974429,4.61143716,1.890892748));
#1987=CARTESIAN_POINT('',(-5.02604424,4.603944381,1.749140024));
#1988=CARTESIAN_POINT('',(-5.113654,4.596818351,1.628555534));
#1989=CARTESIAN_POINT('',(-5.113673572,4.596816759,1.628528594));
#1990=CARTESIAN_POINT('',(-5.113693147,4.596815167,1.628501656));
#1991=CARTESIAN_POINT('',(-5.113712723,4.596813575,1.62847472));
#1992=CARTESIAN_POINT('',(-5.201340371,4.58968716,1.507901794));
#1993=CARTESIAN_POINT('',(-5.321931791,4.582194381,1.420300588));
#1994=CARTESIAN_POINT('',(-5.463687361,4.575068351,1.374241411));
#1995=CARTESIAN_POINT('',(-5.46371903,4.575066759,1.374231121));
#1996=CARTESIAN_POINT('',(-5.463750699,4.575065167,1.374220834));
#1997=CARTESIAN_POINT('',(-5.46378237,4.575063575,1.374210548));
#1998=CARTESIAN_POINT('',(-5.605545614,4.56793716,1.328171242));
#1999=CARTESIAN_POINT('',(-5.75459682,4.560444381,1.328182235));
#2000=CARTESIAN_POINT('',(-5.896352389,4.553318351,1.374241411));
#2001=CARTESIAN_POINT('',(-5.896384058,4.553316759,1.374251701));
#2002=CARTESIAN_POINT('',(-5.896415727,4.553315167,1.374261993));
#2003=CARTESIAN_POINT('',(-5.896447394,4.553313575,1.374272288));
#2004=CARTESIAN_POINT('',(-6.038197493,4.54618716,1.42035205));
#2005=CARTESIAN_POINT('',(-6.15877599,4.538694381,1.507971044));
#2006=CARTESIAN_POINT('',(-6.24638575,4.531568351,1.628555534));
#2007=CARTESIAN_POINT('',(-6.246405323,4.531566759,1.628582473));
#2008=CARTESIAN_POINT('',(-6.246424894,4.531565167,1.628609414));
#2009=CARTESIAN_POINT('',(-6.246444462,4.531563575,1.628636356));
#2010=CARTESIAN_POINT('',(-6.334037697,4.52443716,1.749234285));
#2011=CARTESIAN_POINT('',(-6.380086597,4.516944381,1.890993803));
#2012=CARTESIAN_POINT('',(-6.380086597,4.509818351,2.040044429));
#2013=CARTESIAN_POINT('',(-6.380086597,4.509816759,2.040077728));
#2014=CARTESIAN_POINT('',(-6.380086595,4.509815167,2.040111027));
#2015=CARTESIAN_POINT('',(-6.38008659,4.509813575,2.040144326));
#2016=CARTESIAN_POINT('',(-6.380065321,4.50268716,2.18919611));
#2017=CARTESIAN_POINT('',(-6.33399551,4.495194381,2.330948834));
#2018=CARTESIAN_POINT('',(-6.24638575,4.488068351,2.451533324));
#2019=CARTESIAN_POINT('',(-6.246366178,4.488066759,2.451560264));
#2020=CARTESIAN_POINT('',(-6.246346603,4.488065167,2.451587202));
#2021=CARTESIAN_POINT('',(-6.246327027,4.488063575,2.451614138));
#2022=CARTESIAN_POINT('',(-6.158699379,4.48093716,2.572187064));
#2023=CARTESIAN_POINT('',(-6.038107959,4.473444381,2.65978827));
#2024=CARTESIAN_POINT('',(-5.896352389,4.466318351,2.705847447));
#2025=CARTESIAN_POINT('',(-5.89632072,4.466316759,2.705857737));
#2026=CARTESIAN_POINT('',(-5.896289051,4.466315167,2.705868024));
#2027=CARTESIAN_POINT('',(-5.89625738,4.466313575,2.70587831));
#2028=CARTESIAN_POINT('',(-5.754494136,4.45918716,2.751917616));
#2029=CARTESIAN_POINT('',(-5.60544293,4.451694381,2.751906623));
#2030=CARTESIAN_POINT('',(-5.463687361,4.444568351,2.705847447));
#2031=CARTESIAN_POINT('',(-5.463655692,4.444566759,2.705837157));
#2032=CARTESIAN_POINT('',(-5.463624023,4.444565167,2.705826865));
#2033=CARTESIAN_POINT('',(-5.463592356,4.444563575,2.70581657));
#2034=CARTESIAN_POINT('',(-5.321842257,4.43743716,2.659736808));
#2035=CARTESIAN_POINT('',(-5.20126376,4.429944381,2.572117814));
#2036=CARTESIAN_POINT('',(-5.113654,4.422818351,2.451533324));
#2037=CARTESIAN_POINT('',(-5.113634427,4.422816759,2.451506385));
#2038=CARTESIAN_POINT('',(-5.113614856,4.422815167,2.451479444));
#2039=CARTESIAN_POINT('',(-5.113595288,4.422813575,2.451452502));
#2040=CARTESIAN_POINT('',(-5.026002053,4.41568716,2.330854573));
#2041=CARTESIAN_POINT('',(-4.979953153,4.408194381,2.189095055));
#2042=CARTESIAN_POINT('',(-4.979953153,4.401068351,2.040044429));
#2043=CARTESIAN_POINT('',(-4.979953153,4.401066759,2.04001113));
#2044=CARTESIAN_POINT('',(-4.979953155,4.401065167,2.039977831));
#2045=CARTESIAN_POINT('',(-4.97995316,4.401063575,2.039944532));
#2046=CARTESIAN_POINT('',(-4.979974429,4.39393716,1.890892748));
#2047=CARTESIAN_POINT('',(-5.02604424,4.386444381,1.749140024));
#2048=CARTESIAN_POINT('',(-5.113654,4.379318351,1.628555534));
#2049=CARTESIAN_POINT('',(-5.113673572,4.379316759,1.628528594));
#2050=CARTESIAN_POINT('',(-5.113693147,4.379315167,1.628501656));
#2051=CARTESIAN_POINT('',(-5.113712723,4.379313575,1.62847472));
#2052=CARTESIAN_POINT('',(-5.201340371,4.37218716,1.507901794));
#2053=CARTESIAN_POINT('',(-5.321931791,4.364694381,1.420300588));
#2054=CARTESIAN_POINT('',(-5.463687361,4.357568351,1.374241411));
#2055=CARTESIAN_POINT('',(-5.46371903,4.357566759,1.374231121));
#2056=CARTESIAN_POINT('',(-5.463750699,4.357565167,1.374220834));
#2057=CARTESIAN_POINT('',(-5.46378237,4.357563575,1.374210548));
#2058=CARTESIAN_POINT('',(-5.605545614,4.35043716,1.328171242));
#2059=CARTESIAN_POINT('',(-5.75459682,4.342944381,1.328182235));
#2060=CARTESIAN_POINT('',(-5.896352389,4.335818351,1.374241411));
#2061=CARTESIAN_POINT('',(-5.896384058,4.335816759,1.374251701));
#2062=CARTESIAN_POINT('',(-5.896415727,4.335815167,1.374261993));
#2063=CARTESIAN_POINT('',(-5.896447394,4.335813575,1.374272288));
#2064=CARTESIAN_POINT('',(-6.038197493,4.32868716,1.42035205));
#2065=CARTESIAN_POINT('',(-6.15877599,4.321194381,1.507971044));
#2066=CARTESIAN_POINT('',(-6.24638575,4.314068351,1.628555534));
#2067=CARTESIAN_POINT('',(-6.246405323,4.314066759,1.628582473));
#2068=CARTESIAN_POINT('',(-6.246424894,4.314065167,1.628609414));
#2069=CARTESIAN_POINT('',(-6.246444462,4.314063575,1.628636356));
#2070=CARTESIAN_POINT('',(-6.334037697,4.30693716,1.749234285));
#2071=CARTESIAN_POINT('',(-6.380086597,4.299444381,1.890993803));
#2072=CARTESIAN_POINT('',(-6.380086597,4.292318351,2.040044429));
#2073=CARTESIAN_POINT('',(-6.380086597,4.292316759,2.040077728));
#2074=CARTESIAN_POINT('',(-6.380086595,4.292315167,2.040111027));
#2075=CARTESIAN_POINT('',(-6.38008659,4.292313575,2.040144326));
#2076=CARTESIAN_POINT('',(-6.380065321,4.28518716,2.18919611));
#2077=CARTESIAN_POINT('',(-6.33399551,4.277694381,2.330948834));
#2078=CARTESIAN_POINT('',(-6.24638575,4.270568351,2.451533324));
#2079=CARTESIAN_POINT('',(-6.246366178,4.270566759,2.451560264));
#2080=CARTESIAN_POINT('',(-6.246346603,4.270565167,2.451587202));
#2081=CARTESIAN_POINT('',(-6.246327027,4.270563575,2.451614138));
#2082=CARTESIAN_POINT('',(-6.158699379,4.26343716,2.572187064));
#2083=CARTESIAN_POINT('',(-6.038107959,4.255944381,2.65978827));
#2084=CARTESIAN_POINT('',(-5.896352389,4.248818351,2.705847447));
#2085=CARTESIAN_POINT('',(-5.89632072,4.248816759,2.705857737));
#2086=CARTESIAN_POINT('',(-5.896289051,4.248815167,2.705868024));
#2087=CARTESIAN_POINT('',(-5.89625738,4.248813575,2.70587831));
#2088=CARTESIAN_POINT('',(-5.754494136,4.24168716,2.751917616));
#2089=CARTESIAN_POINT('',(-5.60544293,4.234194381,2.751906623));
#2090=CARTESIAN_POINT('',(-5.463687361,4.227068351,2.705847447));
#2091=CARTESIAN_POINT('',(-5.463655692,4.227066759,2.705837157));
#2092=CARTESIAN_POINT('',(-5.463624023,4.227065167,2.705826865));
#2093=CARTESIAN_POINT('',(-5.463592356,4.227063575,2.70581657));
#2094=CARTESIAN_POINT('',(-5.321842257,4.21993716,2.659736808));
#2095=CARTESIAN_POINT('',(-5.20126376,4.212444381,2.572117814));
#2096=CARTESIAN_POINT('',(-5.113654,4.205318351,2.451533324));
#2097=CARTESIAN_POINT('',(-5.113634427,4.205316759,2.451506385));
#2098=CARTESIAN_POINT('',(-5.113614856,4.205315167,2.451479444));
#2099=CARTESIAN_POINT('',(-5.113595288,4.205313575,2.451452502));
#2100=CARTESIAN_POINT('',(-5.026002053,4.19818716,2.330854573));
#2101=CARTESIAN_POINT('',(-4.979953153,4.190694381,2.189095055));
#2102=CARTESIAN_POINT('',(-4.979953153,4.183568351,2.040044429));
#2103=CARTESIAN_POINT('',(-4.979953153,4.183566759,2.04001113));
#2104=CARTESIAN_POINT('',(-4.979953155,4.183565167,2.039977831));
#2105=CARTESIAN_POINT('',(-4.97995316,4.183563575,2.039944532));
#2106=CARTESIAN_POINT('',(-4.979974429,4.17643716,1.890892748));
#2107=CARTESIAN_POINT('',(-5.02604424,4.168944381,1.749140024));
#2108=CARTESIAN_POINT('',(-5.113654,4.161818351,1.628555534));
#2109=CARTESIAN_POINT('',(-5.113673572,4.161816759,1.628528594));
#2110=CARTESIAN_POINT('',(-5.113693147,4.161815167,1.628501656));
#2111=CARTESIAN_POINT('',(-5.113712723,4.161813575,1.62847472));
#2112=CARTESIAN_POINT('',(-5.201340371,4.15468716,1.507901794));
#2113=CARTESIAN_POINT('',(-5.321931791,4.147194381,1.420300588));
#2114=CARTESIAN_POINT('',(-5.463687361,4.140068351,1.374241411));
#2115=CARTESIAN_POINT('',(-5.46371903,4.140066759,1.374231121));
#2116=CARTESIAN_POINT('',(-5.463750699,4.140065167,1.374220834));
#2117=CARTESIAN_POINT('',(-5.46378237,4.140063575,1.374210548));
#2118=CARTESIAN_POINT('',(-5.605545614,4.13293716,1.328171242));
#2119=CARTESIAN_POINT('',(-5.75459682,4.125444381,1.328182235));
#2120=CARTESIAN_POINT('',(-5.896352389,4.118318351,1.374241411));
#2121=CARTESIAN_POINT('',(-5.896384058,4.118316759,1.374251701));
#2122=CARTESIAN_POINT('',(-5.896415727,4.118315167,1.374261993));
#2123=CARTESIAN_POINT('',(-5.896447394,4.118313575,1.374272288));
#2124=CARTESIAN_POINT('',(-6.038197493,4.11118716,1.42035205));
#2125=CARTESIAN_POINT('',(-6.15877599,4.103694381,1.507971044));
#2126=CARTESIAN_POINT('',(-6.24638575,4.096568351,1.628555534));
#2127=CARTESIAN_POINT('',(-6.246405323,4.096566759,1.628582473));
#2128=CARTESIAN_POINT('',(-6.246424894,4.096565167,1.628609414));
#2129=CARTESIAN_POINT('',(-6.246444462,4.096563575,1.628636356));
#2130=CARTESIAN_POINT('',(-6.334037697,4.08943716,1.749234285));
#2131=CARTESIAN_POINT('',(-6.380086597,4.081944381,1.890993803));
#2132=CARTESIAN_POINT('',(-6.380086597,4.074818351,2.040044429));
#2133=CARTESIAN_POINT('',(-6.380086597,4.074816759,2.040077728));
#2134=CARTESIAN_POINT('',(-6.380086595,4.074815167,2.040111027));
#2135=CARTESIAN_POINT('',(-6.38008659,4.074813575,2.040144326));
#2136=CARTESIAN_POINT('',(-6.380065321,4.06768716,2.18919611));
#2137=CARTESIAN_POINT('',(-6.33399551,4.060194381,2.330948834));
#2138=CARTESIAN_POINT('',(-6.24638575,4.053068351,2.451533324));
#2139=CARTESIAN_POINT('',(-6.246366178,4.053066759,2.451560264));
#2140=CARTESIAN_POINT('',(-6.246346603,4.053065167,2.451587202));
#2141=CARTESIAN_POINT('',(-6.246327027,4.053063575,2.451614138));
#2142=CARTESIAN_POINT('',(-6.158699379,4.04593716,2.572187064));
#2143=CARTESIAN_POINT('',(-6.038107959,4.038444381,2.65978827));
#2144=CARTESIAN_POINT('',(-5.896352389,4.031318351,2.705847447));
#2145=CARTESIAN_POINT('',(-5.89632072,4.031316759,2.705857737));
#2146=CARTESIAN_POINT('',(-5.896289051,4.031315167,2.705868024));
#2147=CARTESIAN_POINT('',(-5.89625738,4.031313575,2.70587831));
#2148=CARTESIAN_POINT('',(-5.754494136,4.02418716,2.751917616));
#2149=CARTESIAN_POINT('',(-5.60544293,4.016694381,2.751906623));
#2150=CARTESIAN_POINT('',(-5.463687361,4.009568351,2.705847447));
#2151=CARTESIAN_POINT('',(-5.463655692,4.009566759,2.705837157));
#2152=CARTESIAN_POINT('',(-5.463624023,4.009565167,2.705826865));
#2153=CARTESIAN_POINT('',(-5.463592356,4.009563575,2.70581657));
#2154=CARTESIAN_POINT('',(-5.321842257,4.00243716,2.659736808));
#2155=CARTESIAN_POINT('',(-5.20126376,3.994944381,2.572117814));
#2156=CARTESIAN_POINT('',(-5.113654,3.987818351,2.451533324));
#2157=CARTESIAN_POINT('',(-5.113634427,3.987816759,2.451506385));
#2158=CARTESIAN_POINT('',(-5.113614856,3.987815167,2.451479444));
#2159=CARTESIAN_POINT('',(-5.113595288,3.987813575,2.451452502));
#2160=CARTESIAN_POINT('',(-5.026002053,3.98068716,2.330854573));
#2161=CARTESIAN_POINT('',(-4.979953153,3.973194381,2.189095055));
#2162=CARTESIAN_POINT('',(-4.979953153,3.966068351,2.040044429));
#2163=CARTESIAN_POINT('',(-4.979953153,3.966066759,2.04001113));
#2164=CARTESIAN_POINT('',(-4.979953155,3.966065167,2.039977831));
#2165=CARTESIAN_POINT('',(-4.97995316,3.966063575,2.039944532));
#2166=CARTESIAN_POINT('',(-4.979974429,3.95893716,1.890892748));
#2167=CARTESIAN_POINT('',(-5.02604424,3.951444381,1.749140024));
#2168=CARTESIAN_POINT('',(-5.113654,3.944318351,1.628555534));
#2169=CARTESIAN_POINT('',(-5.113673572,3.944316759,1.628528594));
#2170=CARTESIAN_POINT('',(-5.113693147,3.944315167,1.628501656));
#2171=CARTESIAN_POINT('',(-5.113712723,3.944313575,1.62847472));
#2172=CARTESIAN_POINT('',(-5.201340371,3.93718716,1.507901794));
#2173=CARTESIAN_POINT('',(-5.321931791,3.929694381,1.420300588));
#2174=CARTESIAN_POINT('',(-5.463687361,3.922568351,1.374241411));
#2175=CARTESIAN_POINT('',(-5.46371903,3.922566759,1.374231121));
#2176=CARTESIAN_POINT('',(-5.463750699,3.922565167,1.374220834));
#2177=CARTESIAN_POINT('',(-5.46378237,3.922563575,1.374210548));
#2178=CARTESIAN_POINT('',(-5.605545614,3.91543716,1.328171242));
#2179=CARTESIAN_POINT('',(-5.75459682,3.907944381,1.328182235));
#2180=CARTESIAN_POINT('',(-5.896352389,3.900818351,1.374241411));
#2181=CARTESIAN_POINT('',(-5.896384058,3.900816759,1.374251701));
#2182=CARTESIAN_POINT('',(-5.896415727,3.900815167,1.374261993));
#2183=CARTESIAN_POINT('',(-5.896447394,3.900813575,1.374272288));
#2184=CARTESIAN_POINT('',(-6.038197493,3.89368716,1.42035205));
#2185=CARTESIAN_POINT('',(-6.15877599,3.886194381,1.507971044));
#2186=CARTESIAN_POINT('',(-6.24638575,3.879068351,1.628555534));
#2187=CARTESIAN_POINT('',(-6.246405323,3.879066759,1.628582473));
#2188=CARTESIAN_POINT('',(-6.246424894,3.879065167,1.628609414));
#2189=CARTESIAN_POINT('',(-6.246444462,3.879063575,1.628636356));
#2190=CARTESIAN_POINT('',(-6.334037697,3.87193716,1.749234285));
#2191=CARTESIAN_POINT('',(-6.380086597,3.864444381,1.890993803));
#2192=CARTESIAN_POINT('',(-6.380086597,3.857318351,2.040044429));
#2193=CARTESIAN_POINT('',(-6.380086597,3.857316759,2.040077728));
#2194=CARTESIAN_POINT('',(-6.380086595,3.857315167,2.040111027));
#2195=CARTESIAN_POINT('',(-6.38008659,3.857313575,2.040144326));
#2196=CARTESIAN_POINT('',(-6.380065321,3.85018716,2.18919611));
#2197=CARTESIAN_POINT('',(-6.33399551,3.842694381,2.330948834));
#2198=CARTESIAN_POINT('',(-6.24638575,3.835568351,2.451533324));
#2199=CARTESIAN_POINT('',(-6.246366178,3.835566759,2.451560264));
#2200=CARTESIAN_POINT('',(-6.246346603,3.835565167,2.451587202));
#2201=CARTESIAN_POINT('',(-6.246327027,3.835563575,2.451614138));
#2202=CARTESIAN_POINT('',(-6.158699379,3.82843716,2.572187064));
#2203=CARTESIAN_POINT('',(-6.038107959,3.820944381,2.65978827));
#2204=CARTESIAN_POINT('',(-5.896352389,3.813818351,2.705847447));
#2205=CARTESIAN_POINT('',(-5.89632072,3.813816759,2.705857737));
#2206=CARTESIAN_POINT('',(-5.896289051,3.813815167,2.705868024));
#2207=CARTESIAN_POINT('',(-5.89625738,3.813813575,2.70587831));
#2208=CARTESIAN_POINT('',(-5.754494136,3.80668716,2.751917616));
#2209=CARTESIAN_POINT('',(-5.60544293,3.799194381,2.751906623));
#2210=CARTESIAN_POINT('',(-5.463687361,3.792068351,2.705847447));
#2211=CARTESIAN_POINT('',(-5.463655692,3.792066759,2.705837157));
#2212=CARTESIAN_POINT('',(-5.463624023,3.792065167,2.705826865));
#2213=CARTESIAN_POINT('',(-5.463592356,3.792063575,2.70581657));
#2214=CARTESIAN_POINT('',(-5.321842257,3.78493716,2.659736808));
#2215=CARTESIAN_POINT('',(-5.20126376,3.777444381,2.572117814));
#2216=CARTESIAN_POINT('',(-5.113654,3.770318351,2.451533324));
#2217=CARTESIAN_POINT('',(-5.113634427,3.770316759,2.451506385));
#2218=CARTESIAN_POINT('',(-5.113614856,3.770315167,2.451479444));
#2219=CARTESIAN_POINT('',(-5.113595288,3.770313575,2.451452502));
#2220=CARTESIAN_POINT('',(-5.026002053,3.76318716,2.330854573));
#2221=CARTESIAN_POINT('',(-4.979953153,3.755694381,2.189095055));
#2222=CARTESIAN_POINT('',(-4.979953153,3.748568351,2.040044429));
#2223=CARTESIAN_POINT('',(-4.979953153,3.748566759,2.04001113));
#2224=CARTESIAN_POINT('',(-4.979953155,3.748565167,2.039977831));
#2225=CARTESIAN_POINT('',(-4.97995316,3.748563575,2.039944532));
#2226=CARTESIAN_POINT('',(-4.979974429,3.74143716,1.890892748));
#2227=CARTESIAN_POINT('',(-5.02604424,3.733944381,1.749140024));
#2228=CARTESIAN_POINT('',(-5.113654,3.726818351,1.628555534));
#2229=CARTESIAN_POINT('',(-5.113673572,3.726816759,1.628528594));
#2230=CARTESIAN_POINT('',(-5.113693147,3.726815167,1.628501656));
#2231=CARTESIAN_POINT('',(-5.113712723,3.726813575,1.62847472));
#2232=CARTESIAN_POINT('',(-5.201340371,3.71968716,1.507901794));
#2233=CARTESIAN_POINT('',(-5.321931791,3.712194381,1.420300588));
#2234=CARTESIAN_POINT('',(-5.463687361,3.705068351,1.374241411));
#2235=CARTESIAN_POINT('',(-5.46371903,3.705066759,1.374231121));
#2236=CARTESIAN_POINT('',(-5.463750699,3.705065167,1.374220834));
#2237=CARTESIAN_POINT('',(-5.46378237,3.705063575,1.374210548));
#2238=CARTESIAN_POINT('',(-5.605545614,3.69793716,1.328171242));
#2239=CARTESIAN_POINT('',(-5.75459682,3.690444381,1.328182235));
#2240=CARTESIAN_POINT('',(-5.896352389,3.683318351,1.374241411));
#2241=CARTESIAN_POINT('',(-5.896384058,3.683316759,1.374251701));
#2242=CARTESIAN_POINT('',(-5.896415727,3.683315167,1.374261993));
#2243=CARTESIAN_POINT('',(-5.896447394,3.683313575,1.374272288));
#2244=CARTESIAN_POINT('',(-6.038197493,3.67618716,1.42035205));
#2245=CARTESIAN_POINT('',(-6.15877599,3.668694381,1.507971044));
#2246=CARTESIAN_POINT('',(-6.24638575,3.661568351,1.628555534));
#2247=CARTESIAN_POINT('',(-6.246405323,3.661566759,1.628582473));
#2248=CARTESIAN_POINT('',(-6.246424894,3.661565167,1.628609414));
#2249=CARTESIAN_POINT('',(-6.246444462,3.661563575,1.628636356));
#2250=CARTESIAN_POINT('',(-6.334037697,3.65443716,1.749234285));
#2251=CARTESIAN_POINT('',(-6.380086597,3.646944381,1.890993803));
#2252=CARTESIAN_POINT('',(-6.380086597,3.639818351,2.040044429));
#2253=CARTESIAN_POINT('',(-6.380086597,3.639816759,2.040077728));
#2254=CARTESIAN_POINT('',(-6.380086595,3.639815167,2.040111027));
#2255=CARTESIAN_POINT('',(-6.38008659,3.639813575,2.040144326));
#2256=CARTESIAN_POINT('',(-6.380065321,3.63268716,2.18919611));
#2257=CARTESIAN_POINT('',(-6.33399551,3.625194381,2.330948834));
#2258=CARTESIAN_POINT('',(-6.24638575,3.618068351,2.451533324));
#2259=CARTESIAN_POINT('',(-6.246366178,3.618066759,2.451560264));
#2260=CARTESIAN_POINT('',(-6.246346603,3.618065167,2.451587202));
#2261=CARTESIAN_POINT('',(-6.246327027,3.618063575,2.451614138));
#2262=CARTESIAN_POINT('',(-6.158699379,3.61093716,2.572187064));
#2263=CARTESIAN_POINT('',(-6.038107959,3.603444381,2.65978827));
#2264=CARTESIAN_POINT('',(-5.896352389,3.596318351,2.705847447));
#2265=CARTESIAN_POINT('',(-5.89632072,3.596316759,2.705857737));
#2266=CARTESIAN_POINT('',(-5.896289051,3.596315167,2.705868024));
#2267=CARTESIAN_POINT('',(-5.89625738,3.596313575,2.70587831));
#2268=CARTESIAN_POINT('',(-5.754494136,3.58918716,2.751917616));
#2269=CARTESIAN_POINT('',(-5.60544293,3.581694381,2.751906623));
#2270=CARTESIAN_POINT('',(-5.463687361,3.574568351,2.705847447));
#2271=CARTESIAN_POINT('',(-5.463655692,3.574566759,2.705837157));
#2272=CARTESIAN_POINT('',(-5.463624023,3.574565167,2.705826865));
#2273=CARTESIAN_POINT('',(-5.463592356,3.574563575,2.70581657));
#2274=CARTESIAN_POINT('',(-5.370236707,3.569870167,2.675468753));
#2275=CARTESIAN_POINT('',(-5.284841939,3.564944728,2.626311015));
#2276=CARTESIAN_POINT('',(-5.2113736,3.560000616,2.560106045));
#2277=CARTESIAN_POINT('',(-5.211266774,3.559993427,2.560009781));
#2278=CARTESIAN_POINT('',(-5.211159949,3.559986239,2.559913516));
#2279=CARTESIAN_POINT('',(-5.211053123,3.55997905,2.559817252));
#2280=CARTESIAN_POINT('',(-6.350102216,6.259980225,1.837239582));
#2281=CARTESIAN_POINT('',(-6.370124066,6.256506595,1.903393267));
#2282=CARTESIAN_POINT('',(-6.380119975,6.253095455,1.971497455));
#2283=CARTESIAN_POINT('',(-6.380119975,6.249818418,2.040044429));
#2284=CARTESIAN_POINT('',(-6.380119975,6.249816826,2.040077729));
#2285=CARTESIAN_POINT('',(-6.380119973,6.249815234,2.04011103));
#2286=CARTESIAN_POINT('',(-6.380119968,6.249813642,2.04014433));
#2287=CARTESIAN_POINT('',(-6.380098698,6.242687227,2.189203222));
#2288=CARTESIAN_POINT('',(-6.334026691,6.235194447,2.330962704));
#2289=CARTESIAN_POINT('',(-6.246412754,6.228068418,2.451552943));
#2290=CARTESIAN_POINT('',(-6.24639318,6.228066826,2.451579884));
#2291=CARTESIAN_POINT('',(-6.246373605,6.228065234,2.451606823));
#2292=CARTESIAN_POINT('',(-6.246354027,6.228063642,2.451633761));
#2293=CARTESIAN_POINT('',(-6.158722201,6.220937227,2.572212435));
#2294=CARTESIAN_POINT('',(-6.038125031,6.213444447,2.659817819));
#2295=CARTESIAN_POINT('',(-5.896362704,6.206318418,2.705879191));
#2296=CARTESIAN_POINT('',(-5.896331033,6.206316826,2.705889481));
#2297=CARTESIAN_POINT('',(-5.896299362,6.206315234,2.705899769));
#2298=CARTESIAN_POINT('',(-5.89626769,6.206313642,2.705910055));
#2299=CARTESIAN_POINT('',(-5.754497687,6.199187227,2.751951557));
#2300=CARTESIAN_POINT('',(-5.605439374,6.191694447,2.751940564));
#2301=CARTESIAN_POINT('',(-5.463677046,6.184568418,2.705879191));
#2302=CARTESIAN_POINT('',(-5.463645376,6.184566826,2.7058689));
#2303=CARTESIAN_POINT('',(-5.463613706,6.184565234,2.705858608));
#2304=CARTESIAN_POINT('',(-5.463582037,6.184563642,2.705848313));
#2305=CARTESIAN_POINT('',(-5.32182518,6.177437227,2.659766353));
#2306=CARTESIAN_POINT('',(-5.201240933,6.169944447,2.572143182));
#2307=CARTESIAN_POINT('',(-5.113626996,6.162818418,2.451552943));
#2308=CARTESIAN_POINT('',(-5.113607423,6.162816826,2.451526003));
#2309=CARTESIAN_POINT('',(-5.113587851,6.162815234,2.451499061));
#2310=CARTESIAN_POINT('',(-5.113568282,6.162813642,2.451472117));
#2311=CARTESIAN_POINT('',(-5.025970871,6.155687227,2.330868438));
#2312=CARTESIAN_POINT('',(-4.979919775,6.148194447,2.189102161));
#2313=CARTESIAN_POINT('',(-4.979919775,6.141068418,2.040044429));
#2314=CARTESIAN_POINT('',(-4.979919775,6.141066826,2.040011129));
#2315=CARTESIAN_POINT('',(-4.979919777,6.141065234,2.039977828));
#2316=CARTESIAN_POINT('',(-4.979919782,6.141063642,2.039944528));
#2317=CARTESIAN_POINT('',(-4.979941052,6.133937227,1.890885636));
#2318=CARTESIAN_POINT('',(-5.026013059,6.126444447,1.749126154));
#2319=CARTESIAN_POINT('',(-5.113626996,6.119318418,1.628535915));
#2320=CARTESIAN_POINT('',(-5.11364657,6.119316826,1.628508974));
#2321=CARTESIAN_POINT('',(-5.113666145,6.119315234,1.628482035));
#2322=CARTESIAN_POINT('',(-5.113685723,6.119313642,1.628455097));
#2323=CARTESIAN_POINT('',(-5.201317549,6.112187227,1.507876423));
#2324=CARTESIAN_POINT('',(-5.321914719,6.104694447,1.420271039));
#2325=CARTESIAN_POINT('',(-5.463677046,6.097568418,1.374209667));
#2326=CARTESIAN_POINT('',(-5.463708717,6.097566826,1.374199377));
#2327=CARTESIAN_POINT('',(-5.463740388,6.097565234,1.374189089));
#2328=CARTESIAN_POINT('',(-5.46377206,6.097563642,1.374178803));
#2329=CARTESIAN_POINT('',(-5.605542063,6.090437227,1.328137301));
#2330=CARTESIAN_POINT('',(-5.754600376,6.082944447,1.328148294));
#2331=CARTESIAN_POINT('',(-5.896362704,6.075818418,1.374209667));
#2332=CARTESIAN_POINT('',(-5.896394374,6.075816826,1.374219958));
#2333=CARTESIAN_POINT('',(-5.896426044,6.075815234,1.37423025));
#2334=CARTESIAN_POINT('',(-5.896457713,6.075813642,1.374240545));
#2335=CARTESIAN_POINT('',(-6.03821457,6.068687227,1.420322505));
#2336=CARTESIAN_POINT('',(-6.158798817,6.061194447,1.507945676));
#2337=CARTESIAN_POINT('',(-6.246412754,6.054068418,1.628535915));
#2338=CARTESIAN_POINT('',(-6.246432327,6.054066826,1.628562855));
#2339=CARTESIAN_POINT('',(-6.246451899,6.054065234,1.628589797));
#2340=CARTESIAN_POINT('',(-6.246471468,6.054063642,1.628616741));
#2341=CARTESIAN_POINT('',(-6.334068879,6.046937227,1.74922042));
#2342=CARTESIAN_POINT('',(-6.380119975,6.039444447,1.890986697));
#2343=CARTESIAN_POINT('',(-6.380119975,6.032318418,2.040044429));
#2344=CARTESIAN_POINT('',(-6.380119975,6.032316826,2.040077729));
#2345=CARTESIAN_POINT('',(-6.380119973,6.032315234,2.04011103));
#2346=CARTESIAN_POINT('',(-6.380119968,6.032313642,2.04014433));
#2347=CARTESIAN_POINT('',(-6.380098698,6.025187227,2.189203222));
#2348=CARTESIAN_POINT('',(-6.334026691,6.017694447,2.330962704));
#2349=CARTESIAN_POINT('',(-6.246412754,6.010568418,2.451552943));
#2350=CARTESIAN_POINT('',(-6.24639318,6.010566826,2.451579884));
#2351=CARTESIAN_POINT('',(-6.246373605,6.010565234,2.451606823));
#2352=CARTESIAN_POINT('',(-6.246354027,6.010563642,2.451633761));
#2353=CARTESIAN_POINT('',(-6.158722201,6.003437227,2.572212435));
#2354=CARTESIAN_POINT('',(-6.038125031,5.995944447,2.659817819));
#2355=CARTESIAN_POINT('',(-5.896362704,5.988818418,2.705879191));
#2356=CARTESIAN_POINT('',(-5.896331033,5.988816826,2.705889481));
#2357=CARTESIAN_POINT('',(-5.896299362,5.988815234,2.705899769));
#2358=CARTESIAN_POINT('',(-5.89626769,5.988813642,2.705910055));
#2359=CARTESIAN_POINT('',(-5.754497687,5.981687227,2.751951557));
#2360=CARTESIAN_POINT('',(-5.605439374,5.974194447,2.751940564));
#2361=CARTESIAN_POINT('',(-5.463677046,5.967068418,2.705879191));
#2362=CARTESIAN_POINT('',(-5.463645376,5.967066826,2.7058689));
#2363=CARTESIAN_POINT('',(-5.463613706,5.967065234,2.705858608));
#2364=CARTESIAN_POINT('',(-5.463582037,5.967063642,2.705848313));
#2365=CARTESIAN_POINT('',(-5.32182518,5.959937227,2.659766353));
#2366=CARTESIAN_POINT('',(-5.201240933,5.952444447,2.572143182));
#2367=CARTESIAN_POINT('',(-5.113626996,5.945318418,2.451552943));
#2368=CARTESIAN_POINT('',(-5.113607423,5.945316826,2.451526003));
#2369=CARTESIAN_POINT('',(-5.113587851,5.945315234,2.451499061));
#2370=CARTESIAN_POINT('',(-5.113568282,5.945313642,2.451472117));
#2371=CARTESIAN_POINT('',(-5.025970871,5.938187227,2.330868438));
#2372=CARTESIAN_POINT('',(-4.979919775,5.930694447,2.189102161));
#2373=CARTESIAN_POINT('',(-4.979919775,5.923568418,2.040044429));
#2374=CARTESIAN_POINT('',(-4.979919775,5.923566826,2.040011129));
#2375=CARTESIAN_POINT('',(-4.979919777,5.923565234,2.039977828));
#2376=CARTESIAN_POINT('',(-4.979919782,5.923563642,2.039944528));
#2377=CARTESIAN_POINT('',(-4.979941052,5.916437227,1.890885636));
#2378=CARTESIAN_POINT('',(-5.026013059,5.908944447,1.749126154));
#2379=CARTESIAN_POINT('',(-5.113626996,5.901818418,1.628535915));
#2380=CARTESIAN_POINT('',(-5.11364657,5.901816826,1.628508974));
#2381=CARTESIAN_POINT('',(-5.113666145,5.901815234,1.628482035));
#2382=CARTESIAN_POINT('',(-5.113685723,5.901813642,1.628455097));
#2383=CARTESIAN_POINT('',(-5.201317549,5.894687227,1.507876423));
#2384=CARTESIAN_POINT('',(-5.321914719,5.887194447,1.420271039));
#2385=CARTESIAN_POINT('',(-5.463677046,5.880068418,1.374209667));
#2386=CARTESIAN_POINT('',(-5.463708717,5.880066826,1.374199377));
#2387=CARTESIAN_POINT('',(-5.463740388,5.880065234,1.374189089));
#2388=CARTESIAN_POINT('',(-5.46377206,5.880063642,1.374178803));
#2389=CARTESIAN_POINT('',(-5.605542063,5.872937227,1.328137301));
#2390=CARTESIAN_POINT('',(-5.754600376,5.865444447,1.328148294));
#2391=CARTESIAN_POINT('',(-5.896362704,5.858318418,1.374209667));
#2392=CARTESIAN_POINT('',(-5.896394374,5.858316826,1.374219958));
#2393=CARTESIAN_POINT('',(-5.896426044,5.858315234,1.37423025));
#2394=CARTESIAN_POINT('',(-5.896457713,5.858313642,1.374240545));
#2395=CARTESIAN_POINT('',(-6.03821457,5.851187227,1.420322505));
#2396=CARTESIAN_POINT('',(-6.158798817,5.843694447,1.507945676));
#2397=CARTESIAN_POINT('',(-6.246412754,5.836568418,1.628535915));
#2398=CARTESIAN_POINT('',(-6.246432327,5.836566826,1.628562855));
#2399=CARTESIAN_POINT('',(-6.246451899,5.836565234,1.628589797));
#2400=CARTESIAN_POINT('',(-6.246471468,5.836563642,1.628616741));
#2401=CARTESIAN_POINT('',(-6.334068879,5.829437227,1.74922042));
#2402=CARTESIAN_POINT('',(-6.380119975,5.821944447,1.890986697));
#2403=CARTESIAN_POINT('',(-6.380119975,5.814818418,2.040044429));
#2404=CARTESIAN_POINT('',(-6.380119975,5.814816826,2.040077729));
#2405=CARTESIAN_POINT('',(-6.380119973,5.814815234,2.04011103));
#2406=CARTESIAN_POINT('',(-6.380119968,5.814813642,2.04014433));
#2407=CARTESIAN_POINT('',(-6.380098698,5.807687227,2.189203222));
#2408=CARTESIAN_POINT('',(-6.334026691,5.800194447,2.330962704));
#2409=CARTESIAN_POINT('',(-6.246412754,5.793068418,2.451552943));
#2410=CARTESIAN_POINT('',(-6.24639318,5.793066826,2.451579884));
#2411=CARTESIAN_POINT('',(-6.246373605,5.793065234,2.451606823));
#2412=CARTESIAN_POINT('',(-6.246354027,5.793063642,2.451633761));
#2413=CARTESIAN_POINT('',(-6.158722201,5.785937227,2.572212435));
#2414=CARTESIAN_POINT('',(-6.038125031,5.778444447,2.659817819));
#2415=CARTESIAN_POINT('',(-5.896362704,5.771318418,2.705879191));
#2416=CARTESIAN_POINT('',(-5.896331033,5.771316826,2.705889481));
#2417=CARTESIAN_POINT('',(-5.896299362,5.771315234,2.705899769));
#2418=CARTESIAN_POINT('',(-5.89626769,5.771313642,2.705910055));
#2419=CARTESIAN_POINT('',(-5.754497687,5.764187227,2.751951557));
#2420=CARTESIAN_POINT('',(-5.605439374,5.756694447,2.751940564));
#2421=CARTESIAN_POINT('',(-5.463677046,5.749568418,2.705879191));
#2422=CARTESIAN_POINT('',(-5.463645376,5.749566826,2.7058689));
#2423=CARTESIAN_POINT('',(-5.463613706,5.749565234,2.705858608));
#2424=CARTESIAN_POINT('',(-5.463582037,5.749563642,2.705848313));
#2425=CARTESIAN_POINT('',(-5.32182518,5.742437227,2.659766353));
#2426=CARTESIAN_POINT('',(-5.201240933,5.734944447,2.572143182));
#2427=CARTESIAN_POINT('',(-5.113626996,5.727818418,2.451552943));
#2428=CARTESIAN_POINT('',(-5.113607423,5.727816826,2.451526003));
#2429=CARTESIAN_POINT('',(-5.113587851,5.727815234,2.451499061));
#2430=CARTESIAN_POINT('',(-5.113568282,5.727813642,2.451472117));
#2431=CARTESIAN_POINT('',(-5.025970871,5.720687227,2.330868438));
#2432=CARTESIAN_POINT('',(-4.979919775,5.713194447,2.189102161));
#2433=CARTESIAN_POINT('',(-4.979919775,5.706068418,2.040044429));
#2434=CARTESIAN_POINT('',(-4.979919775,5.706066826,2.040011129));
#2435=CARTESIAN_POINT('',(-4.979919777,5.706065234,2.039977828));
#2436=CARTESIAN_POINT('',(-4.979919782,5.706063642,2.039944528));
#2437=CARTESIAN_POINT('',(-4.979941052,5.698937227,1.890885636));
#2438=CARTESIAN_POINT('',(-5.026013059,5.691444447,1.749126154));
#2439=CARTESIAN_POINT('',(-5.113626996,5.684318418,1.628535915));
#2440=CARTESIAN_POINT('',(-5.11364657,5.684316826,1.628508974));
#2441=CARTESIAN_POINT('',(-5.113666145,5.684315234,1.628482035));
#2442=CARTESIAN_POINT('',(-5.113685723,5.684313642,1.628455097));
#2443=CARTESIAN_POINT('',(-5.201317549,5.677187227,1.507876423));
#2444=CARTESIAN_POINT('',(-5.321914719,5.669694447,1.420271039));
#2445=CARTESIAN_POINT('',(-5.463677046,5.662568418,1.374209667));
#2446=CARTESIAN_POINT('',(-5.463708717,5.662566826,1.374199377));
#2447=CARTESIAN_POINT('',(-5.463740388,5.662565234,1.374189089));
#2448=CARTESIAN_POINT('',(-5.46377206,5.662563642,1.374178803));
#2449=CARTESIAN_POINT('',(-5.605542063,5.655437227,1.328137301));
#2450=CARTESIAN_POINT('',(-5.754600376,5.647944447,1.328148294));
#2451=CARTESIAN_POINT('',(-5.896362704,5.640818418,1.374209667));
#2452=CARTESIAN_POINT('',(-5.896394374,5.640816826,1.374219958));
#2453=CARTESIAN_POINT('',(-5.896426044,5.640815234,1.37423025));
#2454=CARTESIAN_POINT('',(-5.896457713,5.640813642,1.374240545));
#2455=CARTESIAN_POINT('',(-6.03821457,5.633687227,1.420322505));
#2456=CARTESIAN_POINT('',(-6.158798817,5.626194447,1.507945676));
#2457=CARTESIAN_POINT('',(-6.246412754,5.619068418,1.628535915));
#2458=CARTESIAN_POINT('',(-6.246432327,5.619066826,1.628562855));
#2459=CARTESIAN_POINT('',(-6.246451899,5.619065234,1.628589797));
#2460=CARTESIAN_POINT('',(-6.246471468,5.619063642,1.628616741));
#2461=CARTESIAN_POINT('',(-6.334068879,5.611937227,1.74922042));
#2462=CARTESIAN_POINT('',(-6.380119975,5.604444447,1.890986697));
#2463=CARTESIAN_POINT('',(-6.380119975,5.597318418,2.040044429));
#2464=CARTESIAN_POINT('',(-6.380119975,5.597316826,2.040077729));
#2465=CARTESIAN_POINT('',(-6.380119973,5.597315234,2.04011103));
#2466=CARTESIAN_POINT('',(-6.380119968,5.597313642,2.04014433));
#2467=CARTESIAN_POINT('',(-6.380098698,5.590187227,2.189203222));
#2468=CARTESIAN_POINT('',(-6.334026691,5.582694447,2.330962704));
#2469=CARTESIAN_POINT('',(-6.246412754,5.575568418,2.451552943));
#2470=CARTESIAN_POINT('',(-6.24639318,5.575566826,2.451579884));
#2471=CARTESIAN_POINT('',(-6.246373605,5.575565234,2.451606823));
#2472=CARTESIAN_POINT('',(-6.246354027,5.575563642,2.451633761));
#2473=CARTESIAN_POINT('',(-6.158722201,5.568437227,2.572212435));
#2474=CARTESIAN_POINT('',(-6.038125031,5.560944447,2.659817819));
#2475=CARTESIAN_POINT('',(-5.896362704,5.553818418,2.705879191));
#2476=CARTESIAN_POINT('',(-5.896331033,5.553816826,2.705889481));
#2477=CARTESIAN_POINT('',(-5.896299362,5.553815234,2.705899769));
#2478=CARTESIAN_POINT('',(-5.89626769,5.553813642,2.705910055));
#2479=CARTESIAN_POINT('',(-5.754497687,5.546687227,2.751951557));
#2480=CARTESIAN_POINT('',(-5.605439374,5.539194447,2.751940564));
#2481=CARTESIAN_POINT('',(-5.463677046,5.532068418,2.705879191));
#2482=CARTESIAN_POINT('',(-5.463645376,5.532066826,2.7058689));
#2483=CARTESIAN_POINT('',(-5.463613706,5.532065234,2.705858608));
#2484=CARTESIAN_POINT('',(-5.463582037,5.532063642,2.705848313));
#2485=CARTESIAN_POINT('',(-5.32182518,5.524937227,2.659766353));
#2486=CARTESIAN_POINT('',(-5.201240933,5.517444447,2.572143182));
#2487=CARTESIAN_POINT('',(-5.113626996,5.510318418,2.451552943));
#2488=CARTESIAN_POINT('',(-5.113607423,5.510316826,2.451526003));
#2489=CARTESIAN_POINT('',(-5.113587851,5.510315234,2.451499061));
#2490=CARTESIAN_POINT('',(-5.113568282,5.510313642,2.451472117));
#2491=CARTESIAN_POINT('',(-5.025970871,5.503187227,2.330868438));
#2492=CARTESIAN_POINT('',(-4.979919775,5.495694447,2.189102161));
#2493=CARTESIAN_POINT('',(-4.979919775,5.488568418,2.040044429));
#2494=CARTESIAN_POINT('',(-4.979919775,5.488566826,2.040011129));
#2495=CARTESIAN_POINT('',(-4.979919777,5.488565234,2.039977828));
#2496=CARTESIAN_POINT('',(-4.979919782,5.488563642,2.039944528));
#2497=CARTESIAN_POINT('',(-4.979941052,5.481437227,1.890885636));
#2498=CARTESIAN_POINT('',(-5.026013059,5.473944447,1.749126154));
#2499=CARTESIAN_POINT('',(-5.113626996,5.466818418,1.628535915));
#2500=CARTESIAN_POINT('',(-5.11364657,5.466816826,1.628508974));
#2501=CARTESIAN_POINT('',(-5.113666145,5.466815234,1.628482035));
#2502=CARTESIAN_POINT('',(-5.113685723,5.466813642,1.628455097));
#2503=CARTESIAN_POINT('',(-5.201317549,5.459687227,1.507876423));
#2504=CARTESIAN_POINT('',(-5.321914719,5.452194447,1.420271039));
#2505=CARTESIAN_POINT('',(-5.463677046,5.445068418,1.374209667));
#2506=CARTESIAN_POINT('',(-5.463708717,5.445066826,1.374199377));
#2507=CARTESIAN_POINT('',(-5.463740388,5.445065234,1.374189089));
#2508=CARTESIAN_POINT('',(-5.46377206,5.445063642,1.374178803));
#2509=CARTESIAN_POINT('',(-5.605542063,5.437937227,1.328137301));
#2510=CARTESIAN_POINT('',(-5.754600376,5.430444447,1.328148294));
#2511=CARTESIAN_POINT('',(-5.896362704,5.423318418,1.374209667));
#2512=CARTESIAN_POINT('',(-5.896394374,5.423316826,1.374219958));
#2513=CARTESIAN_POINT('',(-5.896426044,5.423315234,1.37423025));
#2514=CARTESIAN_POINT('',(-5.896457713,5.423313642,1.374240545));
#2515=CARTESIAN_POINT('',(-6.03821457,5.416187227,1.420322505));
#2516=CARTESIAN_POINT('',(-6.158798817,5.408694447,1.507945676));
#2517=CARTESIAN_POINT('',(-6.246412754,5.401568418,1.628535915));
#2518=CARTESIAN_POINT('',(-6.246432327,5.401566826,1.628562855));
#2519=CARTESIAN_POINT('',(-6.246451899,5.401565234,1.628589797));
#2520=CARTESIAN_POINT('',(-6.246471468,5.401563642,1.628616741));
#2521=CARTESIAN_POINT('',(-6.334068879,5.394437227,1.74922042));
#2522=CARTESIAN_POINT('',(-6.380119975,5.386944447,1.890986697));
#2523=CARTESIAN_POINT('',(-6.380119975,5.379818418,2.040044429));
#2524=CARTESIAN_POINT('',(-6.380119975,5.379816826,2.040077729));
#2525=CARTESIAN_POINT('',(-6.380119973,5.379815234,2.04011103));
#2526=CARTESIAN_POINT('',(-6.380119968,5.379813642,2.04014433));
#2527=CARTESIAN_POINT('',(-6.380098698,5.372687227,2.189203222));
#2528=CARTESIAN_POINT('',(-6.334026691,5.365194447,2.330962704));
#2529=CARTESIAN_POINT('',(-6.246412754,5.358068418,2.451552943));
#2530=CARTESIAN_POINT('',(-6.24639318,5.358066826,2.451579884));
#2531=CARTESIAN_POINT('',(-6.246373605,5.358065234,2.451606823));
#2532=CARTESIAN_POINT('',(-6.246354027,5.358063642,2.451633761));
#2533=CARTESIAN_POINT('',(-6.158722201,5.350937227,2.572212435));
#2534=CARTESIAN_POINT('',(-6.038125031,5.343444447,2.659817819));
#2535=CARTESIAN_POINT('',(-5.896362704,5.336318418,2.705879191));
#2536=CARTESIAN_POINT('',(-5.896331033,5.336316826,2.705889481));
#2537=CARTESIAN_POINT('',(-5.896299362,5.336315234,2.705899769));
#2538=CARTESIAN_POINT('',(-5.89626769,5.336313642,2.705910055));
#2539=CARTESIAN_POINT('',(-5.754497687,5.329187227,2.751951557));
#2540=CARTESIAN_POINT('',(-5.605439374,5.321694447,2.751940564));
#2541=CARTESIAN_POINT('',(-5.463677046,5.314568418,2.705879191));
#2542=CARTESIAN_POINT('',(-5.463645376,5.314566826,2.7058689));
#2543=CARTESIAN_POINT('',(-5.463613706,5.314565234,2.705858608));
#2544=CARTESIAN_POINT('',(-5.463582037,5.314563642,2.705848313));
#2545=CARTESIAN_POINT('',(-5.32182518,5.307437227,2.659766353));
#2546=CARTESIAN_POINT('',(-5.201240933,5.299944447,2.572143182));
#2547=CARTESIAN_POINT('',(-5.113626996,5.292818418,2.451552943));
#2548=CARTESIAN_POINT('',(-5.113607423,5.292816826,2.451526003));
#2549=CARTESIAN_POINT('',(-5.113587851,5.292815234,2.451499061));
#2550=CARTESIAN_POINT('',(-5.113568282,5.292813642,2.451472117));
#2551=CARTESIAN_POINT('',(-5.025970871,5.285687227,2.330868438));
#2552=CARTESIAN_POINT('',(-4.979919775,5.278194447,2.189102161));
#2553=CARTESIAN_POINT('',(-4.979919775,5.271068418,2.040044429));
#2554=CARTESIAN_POINT('',(-4.979919775,5.271066826,2.040011129));
#2555=CARTESIAN_POINT('',(-4.979919777,5.271065234,2.039977828));
#2556=CARTESIAN_POINT('',(-4.979919782,5.271063642,2.039944528));
#2557=CARTESIAN_POINT('',(-4.979941052,5.263937227,1.890885636));
#2558=CARTESIAN_POINT('',(-5.026013059,5.256444447,1.749126154));
#2559=CARTESIAN_POINT('',(-5.113626996,5.249318418,1.628535915));
#2560=CARTESIAN_POINT('',(-5.11364657,5.249316826,1.628508974));
#2561=CARTESIAN_POINT('',(-5.113666145,5.249315234,1.628482035));
#2562=CARTESIAN_POINT('',(-5.113685723,5.249313642,1.628455097));
#2563=CARTESIAN_POINT('',(-5.201317549,5.242187227,1.507876423));
#2564=CARTESIAN_POINT('',(-5.321914719,5.234694447,1.420271039));
#2565=CARTESIAN_POINT('',(-5.463677046,5.227568418,1.374209667));
#2566=CARTESIAN_POINT('',(-5.463708717,5.227566826,1.374199377));
#2567=CARTESIAN_POINT('',(-5.463740388,5.227565234,1.374189089));
#2568=CARTESIAN_POINT('',(-5.46377206,5.227563642,1.374178803));
#2569=CARTESIAN_POINT('',(-5.605542063,5.220437227,1.328137301));
#2570=CARTESIAN_POINT('',(-5.754600376,5.212944447,1.328148294));
#2571=CARTESIAN_POINT('',(-5.896362704,5.205818418,1.374209667));
#2572=CARTESIAN_POINT('',(-5.896394374,5.205816826,1.374219958));
#2573=CARTESIAN_POINT('',(-5.896426044,5.205815234,1.37423025));
#2574=CARTESIAN_POINT('',(-5.896457713,5.205813642,1.374240545));
#2575=CARTESIAN_POINT('',(-6.03821457,5.198687227,1.420322505));
#2576=CARTESIAN_POINT('',(-6.158798817,5.191194447,1.507945676));
#2577=CARTESIAN_POINT('',(-6.246412754,5.184068418,1.628535915));
#2578=CARTESIAN_POINT('',(-6.246432327,5.184066826,1.628562855));
#2579=CARTESIAN_POINT('',(-6.246451899,5.184065234,1.628589797));
#2580=CARTESIAN_POINT('',(-6.246471468,5.184063642,1.628616741));
#2581=CARTESIAN_POINT('',(-6.334068879,5.176937227,1.74922042));
#2582=CARTESIAN_POINT('',(-6.380119975,5.169444447,1.890986697));
#2583=CARTESIAN_POINT('',(-6.380119975,5.162318418,2.040044429));
#2584=CARTESIAN_POINT('',(-6.380119975,5.162316826,2.040077729));
#2585=CARTESIAN_POINT('',(-6.380119973,5.162315234,2.04011103));
#2586=CARTESIAN_POINT('',(-6.380119968,5.162313642,2.04014433));
#2587=CARTESIAN_POINT('',(-6.380098698,5.155187227,2.189203222));
#2588=CARTESIAN_POINT('',(-6.334026691,5.147694447,2.330962704));
#2589=CARTESIAN_POINT('',(-6.246412754,5.140568418,2.451552943));
#2590=CARTESIAN_POINT('',(-6.24639318,5.140566826,2.451579884));
#2591=CARTESIAN_POINT('',(-6.246373605,5.140565234,2.451606823));
#2592=CARTESIAN_POINT('',(-6.246354027,5.140563642,2.451633761));
#2593=CARTESIAN_POINT('',(-6.158722201,5.133437227,2.572212435));
#2594=CARTESIAN_POINT('',(-6.038125031,5.125944447,2.659817819));
#2595=CARTESIAN_POINT('',(-5.896362704,5.118818418,2.705879191));
#2596=CARTESIAN_POINT('',(-5.896331033,5.118816826,2.705889481));
#2597=CARTESIAN_POINT('',(-5.896299362,5.118815234,2.705899769));
#2598=CARTESIAN_POINT('',(-5.89626769,5.118813642,2.705910055));
#2599=CARTESIAN_POINT('',(-5.754497687,5.111687227,2.751951557));
#2600=CARTESIAN_POINT('',(-5.605439374,5.104194447,2.751940564));
#2601=CARTESIAN_POINT('',(-5.463677046,5.097068418,2.705879191));
#2602=CARTESIAN_POINT('',(-5.463645376,5.097066826,2.7058689));
#2603=CARTESIAN_POINT('',(-5.463613706,5.097065234,2.705858608));
#2604=CARTESIAN_POINT('',(-5.463582037,5.097063642,2.705848313));
#2605=CARTESIAN_POINT('',(-5.32182518,5.089937227,2.659766353));
#2606=CARTESIAN_POINT('',(-5.201240933,5.082444447,2.572143182));
#2607=CARTESIAN_POINT('',(-5.113626996,5.075318418,2.451552943));
#2608=CARTESIAN_POINT('',(-5.113607423,5.075316826,2.451526003));
#2609=CARTESIAN_POINT('',(-5.113587851,5.075315234,2.451499061));
#2610=CARTESIAN_POINT('',(-5.113568282,5.075313642,2.451472117));
#2611=CARTESIAN_POINT('',(-5.025970871,5.068187227,2.330868438));
#2612=CARTESIAN_POINT('',(-4.979919775,5.060694447,2.189102161));
#2613=CARTESIAN_POINT('',(-4.979919775,5.053568418,2.040044429));
#2614=CARTESIAN_POINT('',(-4.979919775,5.053566826,2.040011129));
#2615=CARTESIAN_POINT('',(-4.979919777,5.053565234,2.039977828));
#2616=CARTESIAN_POINT('',(-4.979919782,5.053563642,2.039944528));
#2617=CARTESIAN_POINT('',(-4.979941052,5.046437227,1.890885636));
#2618=CARTESIAN_POINT('',(-5.026013059,5.038944447,1.749126154));
#2619=CARTESIAN_POINT('',(-5.113626996,5.031818418,1.628535915));
#2620=CARTESIAN_POINT('',(-5.11364657,5.031816826,1.628508974));
#2621=CARTESIAN_POINT('',(-5.113666145,5.031815234,1.628482035));
#2622=CARTESIAN_POINT('',(-5.113685723,5.031813642,1.628455097));
#2623=CARTESIAN_POINT('',(-5.201317549,5.024687227,1.507876423));
#2624=CARTESIAN_POINT('',(-5.321914719,5.017194447,1.420271039));
#2625=CARTESIAN_POINT('',(-5.463677046,5.010068418,1.374209667));
#2626=CARTESIAN_POINT('',(-5.463708717,5.010066826,1.374199377));
#2627=CARTESIAN_POINT('',(-5.463740388,5.010065234,1.374189089));
#2628=CARTESIAN_POINT('',(-5.46377206,5.010063642,1.374178803));
#2629=CARTESIAN_POINT('',(-5.605542063,5.002937227,1.328137301));
#2630=CARTESIAN_POINT('',(-5.754600376,4.995444447,1.328148294));
#2631=CARTESIAN_POINT('',(-5.896362704,4.988318418,1.374209667));
#2632=CARTESIAN_POINT('',(-5.896394374,4.988316826,1.374219958));
#2633=CARTESIAN_POINT('',(-5.896426044,4.988315234,1.37423025));
#2634=CARTESIAN_POINT('',(-5.896457713,4.988313642,1.374240545));
#2635=CARTESIAN_POINT('',(-6.03821457,4.981187227,1.420322505));
#2636=CARTESIAN_POINT('',(-6.158798817,4.973694447,1.507945676));
#2637=CARTESIAN_POINT('',(-6.246412754,4.966568418,1.628535915));
#2638=CARTESIAN_POINT('',(-6.246432327,4.966566826,1.628562855));
#2639=CARTESIAN_POINT('',(-6.246451899,4.966565234,1.628589797));
#2640=CARTESIAN_POINT('',(-6.246471468,4.966563642,1.628616741));
#2641=CARTESIAN_POINT('',(-6.334068879,4.959437227,1.74922042));
#2642=CARTESIAN_POINT('',(-6.380119975,4.951944447,1.890986697));
#2643=CARTESIAN_POINT('',(-6.380119975,4.944818418,2.040044429));
#2644=CARTESIAN_POINT('',(-6.380119975,4.944816826,2.040077729));
#2645=CARTESIAN_POINT('',(-6.380119973,4.944815234,2.04011103));
#2646=CARTESIAN_POINT('',(-6.380119968,4.944813642,2.04014433));
#2647=CARTESIAN_POINT('',(-6.380098698,4.937687227,2.189203222));
#2648=CARTESIAN_POINT('',(-6.334026691,4.930194447,2.330962704));
#2649=CARTESIAN_POINT('',(-6.246412754,4.923068418,2.451552943));
#2650=CARTESIAN_POINT('',(-6.24639318,4.923066826,2.451579884));
#2651=CARTESIAN_POINT('',(-6.246373605,4.923065234,2.451606823));
#2652=CARTESIAN_POINT('',(-6.246354027,4.923063642,2.451633761));
#2653=CARTESIAN_POINT('',(-6.158722201,4.915937227,2.572212435));
#2654=CARTESIAN_POINT('',(-6.038125031,4.908444447,2.659817819));
#2655=CARTESIAN_POINT('',(-5.896362704,4.901318418,2.705879191));
#2656=CARTESIAN_POINT('',(-5.896331033,4.901316826,2.705889481));
#2657=CARTESIAN_POINT('',(-5.896299362,4.901315234,2.705899769));
#2658=CARTESIAN_POINT('',(-5.89626769,4.901313642,2.705910055));
#2659=CARTESIAN_POINT('',(-5.754497687,4.894187227,2.751951557));
#2660=CARTESIAN_POINT('',(-5.605439374,4.886694447,2.751940564));
#2661=CARTESIAN_POINT('',(-5.463677046,4.879568418,2.705879191));
#2662=CARTESIAN_POINT('',(-5.463645376,4.879566826,2.7058689));
#2663=CARTESIAN_POINT('',(-5.463613706,4.879565234,2.705858608));
#2664=CARTESIAN_POINT('',(-5.463582037,4.879563642,2.705848313));
#2665=CARTESIAN_POINT('',(-5.32182518,4.872437227,2.659766353));
#2666=CARTESIAN_POINT('',(-5.201240933,4.864944447,2.572143182));
#2667=CARTESIAN_POINT('',(-5.113626996,4.857818418,2.451552943));
#2668=CARTESIAN_POINT('',(-5.113607423,4.857816826,2.451526003));
#2669=CARTESIAN_POINT('',(-5.113587851,4.857815234,2.451499061));
#2670=CARTESIAN_POINT('',(-5.113568282,4.857813642,2.451472117));
#2671=CARTESIAN_POINT('',(-5.025970871,4.850687227,2.330868438));
#2672=CARTESIAN_POINT('',(-4.979919775,4.843194447,2.189102161));
#2673=CARTESIAN_POINT('',(-4.979919775,4.836068418,2.040044429));
#2674=CARTESIAN_POINT('',(-4.979919775,4.836066826,2.040011129));
#2675=CARTESIAN_POINT('',(-4.979919777,4.836065234,2.039977828));
#2676=CARTESIAN_POINT('',(-4.979919782,4.836063642,2.039944528));
#2677=CARTESIAN_POINT('',(-4.979941052,4.828937227,1.890885636));
#2678=CARTESIAN_POINT('',(-5.026013059,4.821444447,1.749126154));
#2679=CARTESIAN_POINT('',(-5.113626996,4.814318418,1.628535915));
#2680=CARTESIAN_POINT('',(-5.11364657,4.814316826,1.628508974));
#2681=CARTESIAN_POINT('',(-5.113666145,4.814315234,1.628482035));
#2682=CARTESIAN_POINT('',(-5.113685723,4.814313642,1.628455097));
#2683=CARTESIAN_POINT('',(-5.201317549,4.807187227,1.507876423));
#2684=CARTESIAN_POINT('',(-5.321914719,4.799694447,1.420271039));
#2685=CARTESIAN_POINT('',(-5.463677046,4.792568418,1.374209667));
#2686=CARTESIAN_POINT('',(-5.463708717,4.792566826,1.374199377));
#2687=CARTESIAN_POINT('',(-5.463740388,4.792565234,1.374189089));
#2688=CARTESIAN_POINT('',(-5.46377206,4.792563642,1.374178803));
#2689=CARTESIAN_POINT('',(-5.605542063,4.785437227,1.328137301));
#2690=CARTESIAN_POINT('',(-5.754600376,4.777944447,1.328148294));
#2691=CARTESIAN_POINT('',(-5.896362704,4.770818418,1.374209667));
#2692=CARTESIAN_POINT('',(-5.896394374,4.770816826,1.374219958));
#2693=CARTESIAN_POINT('',(-5.896426044,4.770815234,1.37423025));
#2694=CARTESIAN_POINT('',(-5.896457713,4.770813642,1.374240545));
#2695=CARTESIAN_POINT('',(-6.03821457,4.763687227,1.420322505));
#2696=CARTESIAN_POINT('',(-6.158798817,4.756194447,1.507945676));
#2697=CARTESIAN_POINT('',(-6.246412754,4.749068418,1.628535915));
#2698=CARTESIAN_POINT('',(-6.246432327,4.749066826,1.628562855));
#2699=CARTESIAN_POINT('',(-6.246451899,4.749065234,1.628589797));
#2700=CARTESIAN_POINT('',(-6.246471468,4.749063642,1.628616741));
#2701=CARTESIAN_POINT('',(-6.334068879,4.741937227,1.74922042));
#2702=CARTESIAN_POINT('',(-6.380119975,4.734444447,1.890986697));
#2703=CARTESIAN_POINT('',(-6.380119975,4.727318418,2.040044429));
#2704=CARTESIAN_POINT('',(-6.380119975,4.727316826,2.040077729));
#2705=CARTESIAN_POINT('',(-6.380119973,4.727315234,2.04011103));
#2706=CARTESIAN_POINT('',(-6.380119968,4.727313642,2.04014433));
#2707=CARTESIAN_POINT('',(-6.380098698,4.720187227,2.189203222));
#2708=CARTESIAN_POINT('',(-6.334026691,4.712694447,2.330962704));
#2709=CARTESIAN_POINT('',(-6.246412754,4.705568418,2.451552943));
#2710=CARTESIAN_POINT('',(-6.24639318,4.705566826,2.451579884));
#2711=CARTESIAN_POINT('',(-6.246373605,4.705565234,2.451606823));
#2712=CARTESIAN_POINT('',(-6.246354027,4.705563642,2.451633761));
#2713=CARTESIAN_POINT('',(-6.158722201,4.698437227,2.572212435));
#2714=CARTESIAN_POINT('',(-6.038125031,4.690944447,2.659817819));
#2715=CARTESIAN_POINT('',(-5.896362704,4.683818418,2.705879191));
#2716=CARTESIAN_POINT('',(-5.896331033,4.683816826,2.705889481));
#2717=CARTESIAN_POINT('',(-5.896299362,4.683815234,2.705899769));
#2718=CARTESIAN_POINT('',(-5.89626769,4.683813642,2.705910055));
#2719=CARTESIAN_POINT('',(-5.754497687,4.676687227,2.751951557));
#2720=CARTESIAN_POINT('',(-5.605439374,4.669194447,2.751940564));
#2721=CARTESIAN_POINT('',(-5.463677046,4.662068418,2.705879191));
#2722=CARTESIAN_POINT('',(-5.463645376,4.662066826,2.7058689));
#2723=CARTESIAN_POINT('',(-5.463613706,4.662065234,2.705858608));
#2724=CARTESIAN_POINT('',(-5.463582037,4.662063642,2.705848313));
#2725=CARTESIAN_POINT('',(-5.32182518,4.654937227,2.659766353));
#2726=CARTESIAN_POINT('',(-5.201240933,4.647444447,2.572143182));
#2727=CARTESIAN_POINT('',(-5.113626996,4.640318418,2.451552943));
#2728=CARTESIAN_POINT('',(-5.113607423,4.640316826,2.451526003));
#2729=CARTESIAN_POINT('',(-5.113587851,4.640315234,2.451499061));
#2730=CARTESIAN_POINT('',(-5.113568282,4.640313642,2.451472117));
#2731=CARTESIAN_POINT('',(-5.025970871,4.633187227,2.330868438));
#2732=CARTESIAN_POINT('',(-4.979919775,4.625694447,2.189102161));
#2733=CARTESIAN_POINT('',(-4.979919775,4.618568418,2.040044429));
#2734=CARTESIAN_POINT('',(-4.979919775,4.618566826,2.040011129));
#2735=CARTESIAN_POINT('',(-4.979919777,4.618565234,2.039977828));
#2736=CARTESIAN_POINT('',(-4.979919782,4.618563642,2.039944528));
#2737=CARTESIAN_POINT('',(-4.979941052,4.611437227,1.890885636));
#2738=CARTESIAN_POINT('',(-5.026013059,4.603944447,1.749126154));
#2739=CARTESIAN_POINT('',(-5.113626996,4.596818418,1.628535915));
#2740=CARTESIAN_POINT('',(-5.11364657,4.596816826,1.628508974));
#2741=CARTESIAN_POINT('',(-5.113666145,4.596815234,1.628482035));
#2742=CARTESIAN_POINT('',(-5.113685723,4.596813642,1.628455097));
#2743=CARTESIAN_POINT('',(-5.201317549,4.589687227,1.507876423));
#2744=CARTESIAN_POINT('',(-5.321914719,4.582194447,1.420271039));
#2745=CARTESIAN_POINT('',(-5.463677046,4.575068418,1.374209667));
#2746=CARTESIAN_POINT('',(-5.463708717,4.575066826,1.374199377));
#2747=CARTESIAN_POINT('',(-5.463740388,4.575065234,1.374189089));
#2748=CARTESIAN_POINT('',(-5.46377206,4.575063642,1.374178803));
#2749=CARTESIAN_POINT('',(-5.605542063,4.567937227,1.328137301));
#2750=CARTESIAN_POINT('',(-5.754600376,4.560444447,1.328148294));
#2751=CARTESIAN_POINT('',(-5.896362704,4.553318418,1.374209667));
#2752=CARTESIAN_POINT('',(-5.896394374,4.553316826,1.374219958));
#2753=CARTESIAN_POINT('',(-5.896426044,4.553315234,1.37423025));
#2754=CARTESIAN_POINT('',(-5.896457713,4.553313642,1.374240545));
#2755=CARTESIAN_POINT('',(-6.03821457,4.546187227,1.420322505));
#2756=CARTESIAN_POINT('',(-6.158798817,4.538694447,1.507945676));
#2757=CARTESIAN_POINT('',(-6.246412754,4.531568418,1.628535915));
#2758=CARTESIAN_POINT('',(-6.246432327,4.531566826,1.628562855));
#2759=CARTESIAN_POINT('',(-6.246451899,4.531565234,1.628589797));
#2760=CARTESIAN_POINT('',(-6.246471468,4.531563642,1.628616741));
#2761=CARTESIAN_POINT('',(-6.334068879,4.524437227,1.74922042));
#2762=CARTESIAN_POINT('',(-6.380119975,4.516944447,1.890986697));
#2763=CARTESIAN_POINT('',(-6.380119975,4.509818418,2.040044429));
#2764=CARTESIAN_POINT('',(-6.380119975,4.509816826,2.040077729));
#2765=CARTESIAN_POINT('',(-6.380119973,4.509815234,2.04011103));
#2766=CARTESIAN_POINT('',(-6.380119968,4.509813642,2.04014433));
#2767=CARTESIAN_POINT('',(-6.380098698,4.502687227,2.189203222));
#2768=CARTESIAN_POINT('',(-6.334026691,4.495194447,2.330962704));
#2769=CARTESIAN_POINT('',(-6.246412754,4.488068418,2.451552943));
#2770=CARTESIAN_POINT('',(-6.24639318,4.488066826,2.451579884));
#2771=CARTESIAN_POINT('',(-6.246373605,4.488065234,2.451606823));
#2772=CARTESIAN_POINT('',(-6.246354027,4.488063642,2.451633761));
#2773=CARTESIAN_POINT('',(-6.158722201,4.480937227,2.572212435));
#2774=CARTESIAN_POINT('',(-6.038125031,4.473444447,2.659817819));
#2775=CARTESIAN_POINT('',(-5.896362704,4.466318418,2.705879191));
#2776=CARTESIAN_POINT('',(-5.896331033,4.466316826,2.705889481));
#2777=CARTESIAN_POINT('',(-5.896299362,4.466315234,2.705899769));
#2778=CARTESIAN_POINT('',(-5.89626769,4.466313642,2.705910055));
#2779=CARTESIAN_POINT('',(-5.754497687,4.459187227,2.751951557));
#2780=CARTESIAN_POINT('',(-5.605439374,4.451694447,2.751940564));
#2781=CARTESIAN_POINT('',(-5.463677046,4.444568418,2.705879191));
#2782=CARTESIAN_POINT('',(-5.463645376,4.444566826,2.7058689));
#2783=CARTESIAN_POINT('',(-5.463613706,4.444565234,2.705858608));
#2784=CARTESIAN_POINT('',(-5.463582037,4.444563642,2.705848313));
#2785=CARTESIAN_POINT('',(-5.32182518,4.437437227,2.659766353));
#2786=CARTESIAN_POINT('',(-5.201240933,4.429944447,2.572143182));
#2787=CARTESIAN_POINT('',(-5.113626996,4.422818418,2.451552943));
#2788=CARTESIAN_POINT('',(-5.113607423,4.422816826,2.451526003));
#2789=CARTESIAN_POINT('',(-5.113587851,4.422815234,2.451499061));
#2790=CARTESIAN_POINT('',(-5.113568282,4.422813642,2.451472117));
#2791=CARTESIAN_POINT('',(-5.025970871,4.415687227,2.330868438));
#2792=CARTESIAN_POINT('',(-4.979919775,4.408194447,2.189102161));
#2793=CARTESIAN_POINT('',(-4.979919775,4.401068418,2.040044429));
#2794=CARTESIAN_POINT('',(-4.979919775,4.401066826,2.040011129));
#2795=CARTESIAN_POINT('',(-4.979919777,4.401065234,2.039977828));
#2796=CARTESIAN_POINT('',(-4.979919782,4.401063642,2.039944528));
#2797=CARTESIAN_POINT('',(-4.979941052,4.393937227,1.890885636));
#2798=CARTESIAN_POINT('',(-5.026013059,4.386444447,1.749126154));
#2799=CARTESIAN_POINT('',(-5.113626996,4.379318418,1.628535915));
#2800=CARTESIAN_POINT('',(-5.11364657,4.379316826,1.628508974));
#2801=CARTESIAN_POINT('',(-5.113666145,4.379315234,1.628482035));
#2802=CARTESIAN_POINT('',(-5.113685723,4.379313642,1.628455097));
#2803=CARTESIAN_POINT('',(-5.201317549,4.372187227,1.507876423));
#2804=CARTESIAN_POINT('',(-5.321914719,4.364694447,1.420271039));
#2805=CARTESIAN_POINT('',(-5.463677046,4.357568418,1.374209667));
#2806=CARTESIAN_POINT('',(-5.463708717,4.357566826,1.374199377));
#2807=CARTESIAN_POINT('',(-5.463740388,4.357565234,1.374189089));
#2808=CARTESIAN_POINT('',(-5.46377206,4.357563642,1.374178803));
#2809=CARTESIAN_POINT('',(-5.605542063,4.350437227,1.328137301));
#2810=CARTESIAN_POINT('',(-5.754600376,4.342944447,1.328148294));
#2811=CARTESIAN_POINT('',(-5.896362704,4.335818418,1.374209667));
#2812=CARTESIAN_POINT('',(-5.896394374,4.335816826,1.374219958));
#2813=CARTESIAN_POINT('',(-5.896426044,4.335815234,1.37423025));
#2814=CARTESIAN_POINT('',(-5.896457713,4.335813642,1.374240545));
#2815=CARTESIAN_POINT('',(-6.03821457,4.328687227,1.420322505));
#2816=CARTESIAN_POINT('',(-6.158798817,4.321194447,1.507945676));
#2817=CARTESIAN_POINT('',(-6.246412754,4.314068418,1.628535915));
#2818=CARTESIAN_POINT('',(-6.246432327,4.314066826,1.628562855));
#2819=CARTESIAN_POINT('',(-6.246451899,4.314065234,1.628589797));
#2820=CARTESIAN_POINT('',(-6.246471468,4.314063642,1.628616741));
#2821=CARTESIAN_POINT('',(-6.334068879,4.306937227,1.74922042));
#2822=CARTESIAN_POINT('',(-6.380119975,4.299444447,1.890986697));
#2823=CARTESIAN_POINT('',(-6.380119975,4.292318418,2.040044429));
#2824=CARTESIAN_POINT('',(-6.380119975,4.292316826,2.040077729));
#2825=CARTESIAN_POINT('',(-6.380119973,4.292315234,2.04011103));
#2826=CARTESIAN_POINT('',(-6.380119968,4.292313642,2.04014433));
#2827=CARTESIAN_POINT('',(-6.380098698,4.285187227,2.189203222));
#2828=CARTESIAN_POINT('',(-6.334026691,4.277694447,2.330962704));
#2829=CARTESIAN_POINT('',(-6.246412754,4.270568418,2.451552943));
#2830=CARTESIAN_POINT('',(-6.24639318,4.270566826,2.451579884));
#2831=CARTESIAN_POINT('',(-6.246373605,4.270565234,2.451606823));
#2832=CARTESIAN_POINT('',(-6.246354027,4.270563642,2.451633761));
#2833=CARTESIAN_POINT('',(-6.158722201,4.263437227,2.572212435));
#2834=CARTESIAN_POINT('',(-6.038125031,4.255944447,2.659817819));
#2835=CARTESIAN_POINT('',(-5.896362704,4.248818418,2.705879191));
#2836=CARTESIAN_POINT('',(-5.896331033,4.248816826,2.705889481));
#2837=CARTESIAN_POINT('',(-5.896299362,4.248815234,2.705899769));
#2838=CARTESIAN_POINT('',(-5.89626769,4.248813642,2.705910055));
#2839=CARTESIAN_POINT('',(-5.754497687,4.241687227,2.751951557));
#2840=CARTESIAN_POINT('',(-5.605439374,4.234194447,2.751940564));
#2841=CARTESIAN_POINT('',(-5.463677046,4.227068418,2.705879191));
#2842=CARTESIAN_POINT('',(-5.463645376,4.227066826,2.7058689));
#2843=CARTESIAN_POINT('',(-5.463613706,4.227065234,2.705858608));
#2844=CARTESIAN_POINT('',(-5.463582037,4.227063642,2.705848313));
#2845=CARTESIAN_POINT('',(-5.32182518,4.219937227,2.659766353));
#2846=CARTESIAN_POINT('',(-5.201240933,4.212444447,2.572143182));
#2847=CARTESIAN_POINT('',(-5.113626996,4.205318418,2.451552943));
#2848=CARTESIAN_POINT('',(-5.113607423,4.205316826,2.451526003));
#2849=CARTESIAN_POINT('',(-5.113587851,4.205315234,2.451499061));
#2850=CARTESIAN_POINT('',(-5.113568282,4.205313642,2.451472117));
#2851=CARTESIAN_POINT('',(-5.025970871,4.198187227,2.330868438));
#2852=CARTESIAN_POINT('',(-4.979919775,4.190694447,2.189102161));
#2853=CARTESIAN_POINT('',(-4.979919775,4.183568418,2.040044429));
#2854=CARTESIAN_POINT('',(-4.979919775,4.183566826,2.040011129));
#2855=CARTESIAN_POINT('',(-4.979919777,4.183565234,2.039977828));
#2856=CARTESIAN_POINT('',(-4.979919782,4.183563642,2.039944528));
#2857=CARTESIAN_POINT('',(-4.979941052,4.176437227,1.890885636));
#2858=CARTESIAN_POINT('',(-5.026013059,4.168944447,1.749126154));
#2859=CARTESIAN_POINT('',(-5.113626996,4.161818418,1.628535915));
#2860=CARTESIAN_POINT('',(-5.11364657,4.161816826,1.628508974));
#2861=CARTESIAN_POINT('',(-5.113666145,4.161815234,1.628482035));
#2862=CARTESIAN_POINT('',(-5.113685723,4.161813642,1.628455097));
#2863=CARTESIAN_POINT('',(-5.201317549,4.154687227,1.507876423));
#2864=CARTESIAN_POINT('',(-5.321914719,4.147194447,1.420271039));
#2865=CARTESIAN_POINT('',(-5.463677046,4.140068418,1.374209667));
#2866=CARTESIAN_POINT('',(-5.463708717,4.140066826,1.374199377));
#2867=CARTESIAN_POINT('',(-5.463740388,4.140065234,1.374189089));
#2868=CARTESIAN_POINT('',(-5.46377206,4.140063642,1.374178803));
#2869=CARTESIAN_POINT('',(-5.605542063,4.132937227,1.328137301));
#2870=CARTESIAN_POINT('',(-5.754600376,4.125444447,1.328148294));
#2871=CARTESIAN_POINT('',(-5.896362704,4.118318418,1.374209667));
#2872=CARTESIAN_POINT('',(-5.896394374,4.118316826,1.374219958));
#2873=CARTESIAN_POINT('',(-5.896426044,4.118315234,1.37423025));
#2874=CARTESIAN_POINT('',(-5.896457713,4.118313642,1.374240545));
#2875=CARTESIAN_POINT('',(-6.03821457,4.111187227,1.420322505));
#2876=CARTESIAN_POINT('',(-6.158798817,4.103694447,1.507945676));
#2877=CARTESIAN_POINT('',(-6.246412754,4.096568418,1.628535915));
#2878=CARTESIAN_POINT('',(-6.246432327,4.096566826,1.628562855));
#2879=CARTESIAN_POINT('',(-6.246451899,4.096565234,1.628589797));
#2880=CARTESIAN_POINT('',(-6.246471468,4.096563642,1.628616741));
#2881=CARTESIAN_POINT('',(-6.334068879,4.089437227,1.74922042));
#2882=CARTESIAN_POINT('',(-6.380119975,4.081944447,1.890986697));
#2883=CARTESIAN_POINT('',(-6.380119975,4.074818418,2.040044429));
#2884=CARTESIAN_POINT('',(-6.380119975,4.074816826,2.040077729));
#2885=CARTESIAN_POINT('',(-6.380119973,4.074815234,2.04011103));
#2886=CARTESIAN_POINT('',(-6.380119968,4.074813642,2.04014433));
#2887=CARTESIAN_POINT('',(-6.380098698,4.067687227,2.189203222));
#2888=CARTESIAN_POINT('',(-6.334026691,4.060194447,2.330962704));
#2889=CARTESIAN_POINT('',(-6.246412754,4.053068418,2.451552943));
#2890=CARTESIAN_POINT('',(-6.24639318,4.053066826,2.451579884));
#2891=CARTESIAN_POINT('',(-6.246373605,4.053065234,2.451606823));
#2892=CARTESIAN_POINT('',(-6.246354027,4.053063642,2.451633761));
#2893=CARTESIAN_POINT('',(-6.158722201,4.045937227,2.572212435));
#2894=CARTESIAN_POINT('',(-6.038125031,4.038444447,2.659817819));
#2895=CARTESIAN_POINT('',(-5.896362704,4.031318418,2.705879191));
#2896=CARTESIAN_POINT('',(-5.896331033,4.031316826,2.705889481));
#2897=CARTESIAN_POINT('',(-5.896299362,4.031315234,2.705899769));
#2898=CARTESIAN_POINT('',(-5.89626769,4.031313642,2.705910055));
#2899=CARTESIAN_POINT('',(-5.754497687,4.024187227,2.751951557));
#2900=CARTESIAN_POINT('',(-5.605439374,4.016694447,2.751940564));
#2901=CARTESIAN_POINT('',(-5.463677046,4.009568418,2.705879191));
#2902=CARTESIAN_POINT('',(-5.463645376,4.009566826,2.7058689));
#2903=CARTESIAN_POINT('',(-5.463613706,4.009565234,2.705858608));
#2904=CARTESIAN_POINT('',(-5.463582037,4.009563642,2.705848313));
#2905=CARTESIAN_POINT('',(-5.32182518,4.002437227,2.659766353));
#2906=CARTESIAN_POINT('',(-5.201240933,3.994944447,2.572143182));
#2907=CARTESIAN_POINT('',(-5.113626996,3.987818418,2.451552943));
#2908=CARTESIAN_POINT('',(-5.113607423,3.987816826,2.451526003));
#2909=CARTESIAN_POINT('',(-5.113587851,3.987815234,2.451499061));
#2910=CARTESIAN_POINT('',(-5.113568282,3.987813642,2.451472117));
#2911=CARTESIAN_POINT('',(-5.025970871,3.980687227,2.330868438));
#2912=CARTESIAN_POINT('',(-4.979919775,3.973194447,2.189102161));
#2913=CARTESIAN_POINT('',(-4.979919775,3.966068418,2.040044429));
#2914=CARTESIAN_POINT('',(-4.979919775,3.966066826,2.040011129));
#2915=CARTESIAN_POINT('',(-4.979919777,3.966065234,2.039977828));
#2916=CARTESIAN_POINT('',(-4.979919782,3.966063642,2.039944528));
#2917=CARTESIAN_POINT('',(-4.979941052,3.958937227,1.890885636));
#2918=CARTESIAN_POINT('',(-5.026013059,3.951444447,1.749126154));
#2919=CARTESIAN_POINT('',(-5.113626996,3.944318418,1.628535915));
#2920=CARTESIAN_POINT('',(-5.11364657,3.944316826,1.628508974));
#2921=CARTESIAN_POINT('',(-5.113666145,3.944315234,1.628482035));
#2922=CARTESIAN_POINT('',(-5.113685723,3.944313642,1.628455097));
#2923=CARTESIAN_POINT('',(-5.201317549,3.937187227,1.507876423));
#2924=CARTESIAN_POINT('',(-5.321914719,3.929694447,1.420271039));
#2925=CARTESIAN_POINT('',(-5.463677046,3.922568418,1.374209667));
#2926=CARTESIAN_POINT('',(-5.463708717,3.922566826,1.374199377));
#2927=CARTESIAN_POINT('',(-5.463740388,3.922565234,1.374189089));
#2928=CARTESIAN_POINT('',(-5.46377206,3.922563642,1.374178803));
#2929=CARTESIAN_POINT('',(-5.605542063,3.915437227,1.328137301));
#2930=CARTESIAN_POINT('',(-5.754600376,3.907944447,1.328148294));
#2931=CARTESIAN_POINT('',(-5.896362704,3.900818418,1.374209667));
#2932=CARTESIAN_POINT('',(-5.896394374,3.900816826,1.374219958));
#2933=CARTESIAN_POINT('',(-5.896426044,3.900815234,1.37423025));
#2934=CARTESIAN_POINT('',(-5.896457713,3.900813642,1.374240545));
#2935=CARTESIAN_POINT('',(-6.03821457,3.893687227,1.420322505));
#2936=CARTESIAN_POINT('',(-6.158798817,3.886194447,1.507945676));
#2937=CARTESIAN_POINT('',(-6.246412754,3.879068418,1.628535915));
#2938=CARTESIAN_POINT('',(-6.246432327,3.879066826,1.628562855));
#2939=CARTESIAN_POINT('',(-6.246451899,3.879065234,1.628589797));
#2940=CARTESIAN_POINT('',(-6.246471468,3.879063642,1.628616741));
#2941=CARTESIAN_POINT('',(-6.334068879,3.871937227,1.74922042));
#2942=CARTESIAN_POINT('',(-6.380119975,3.864444447,1.890986697));
#2943=CARTESIAN_POINT('',(-6.380119975,3.857318418,2.040044429));
#2944=CARTESIAN_POINT('',(-6.380119975,3.857316826,2.040077729));
#2945=CARTESIAN_POINT('',(-6.380119973,3.857315234,2.04011103));
#2946=CARTESIAN_POINT('',(-6.380119968,3.857313642,2.04014433));
#2947=CARTESIAN_POINT('',(-6.380098698,3.850187227,2.189203222));
#2948=CARTESIAN_POINT('',(-6.334026691,3.842694447,2.330962704));
#2949=CARTESIAN_POINT('',(-6.246412754,3.835568418,2.451552943));
#2950=CARTESIAN_POINT('',(-6.24639318,3.835566826,2.451579884));
#2951=CARTESIAN_POINT('',(-6.246373605,3.835565234,2.451606823));
#2952=CARTESIAN_POINT('',(-6.246354027,3.835563642,2.451633761));
#2953=CARTESIAN_POINT('',(-6.158722201,3.828437227,2.572212435));
#2954=CARTESIAN_POINT('',(-6.038125031,3.820944447,2.659817819));
#2955=CARTESIAN_POINT('',(-5.896362704,3.813818418,2.705879191));
#2956=CARTESIAN_POINT('',(-5.896331033,3.813816826,2.705889481));
#2957=CARTESIAN_POINT('',(-5.896299362,3.813815234,2.705899769));
#2958=CARTESIAN_POINT('',(-5.89626769,3.813813642,2.705910055));
#2959=CARTESIAN_POINT('',(-5.754497687,3.806687227,2.751951557));
#2960=CARTESIAN_POINT('',(-5.605439374,3.799194447,2.751940564));
#2961=CARTESIAN_POINT('',(-5.463677046,3.792068418,2.705879191));
#2962=CARTESIAN_POINT('',(-5.463645376,3.792066826,2.7058689));
#2963=CARTESIAN_POINT('',(-5.463613706,3.792065234,2.705858608));
#2964=CARTESIAN_POINT('',(-5.463582037,3.792063642,2.705848313));
#2965=CARTESIAN_POINT('',(-5.32182518,3.784937227,2.659766353));
#2966=CARTESIAN_POINT('',(-5.201240933,3.777444447,2.572143182));
#2967=CARTESIAN_POINT('',(-5.113626996,3.770318418,2.451552943));
#2968=CARTESIAN_POINT('',(-5.113607423,3.770316826,2.451526003));
#2969=CARTESIAN_POINT('',(-5.113587851,3.770315234,2.451499061));
#2970=CARTESIAN_POINT('',(-5.113568282,3.770313642,2.451472117));
#2971=CARTESIAN_POINT('',(-5.025970871,3.763187227,2.330868438));
#2972=CARTESIAN_POINT('',(-4.979919775,3.755694447,2.189102161));
#2973=CARTESIAN_POINT('',(-4.979919775,3.748568418,2.040044429));
#2974=CARTESIAN_POINT('',(-4.979919775,3.748566826,2.040011129));
#2975=CARTESIAN_POINT('',(-4.979919777,3.748565234,2.039977828));
#2976=CARTESIAN_POINT('',(-4.979919782,3.748563642,2.039944528));
#2977=CARTESIAN_POINT('',(-4.979941052,3.741437227,1.890885636));
#2978=CARTESIAN_POINT('',(-5.026013059,3.733944447,1.749126154));
#2979=CARTESIAN_POINT('',(-5.113626996,3.726818418,1.628535915));
#2980=CARTESIAN_POINT('',(-5.11364657,3.726816826,1.628508974));
#2981=CARTESIAN_POINT('',(-5.113666145,3.726815234,1.628482035));
#2982=CARTESIAN_POINT('',(-5.113685723,3.726813642,1.628455097));
#2983=CARTESIAN_POINT('',(-5.201317549,3.719687227,1.507876423));
#2984=CARTESIAN_POINT('',(-5.321914719,3.712194447,1.420271039));
#2985=CARTESIAN_POINT('',(-5.463677046,3.705068418,1.374209667));
#2986=CARTESIAN_POINT('',(-5.463708717,3.705066826,1.374199377));
#2987=CARTESIAN_POINT('',(-5.463740388,3.705065234,1.374189089));
#2988=CARTESIAN_POINT('',(-5.46377206,3.705063642,1.374178803));
#2989=CARTESIAN_POINT('',(-5.605542063,3.697937227,1.328137301));
#2990=CARTESIAN_POINT('',(-5.754600376,3.690444447,1.328148294));
#2991=CARTESIAN_POINT('',(-5.896362704,3.683318418,1.374209667));
#2992=CARTESIAN_POINT('',(-5.896394374,3.683316826,1.374219958));
#2993=CARTESIAN_POINT('',(-5.896426044,3.683315234,1.37423025));
#2994=CARTESIAN_POINT('',(-5.896457713,3.683313642,1.374240545));
#2995=CARTESIAN_POINT('',(-6.03821457,3.676187227,1.420322505));
#2996=CARTESIAN_POINT('',(-6.158798817,3.668694447,1.507945676));
#2997=CARTESIAN_POINT('',(-6.246412754,3.661568418,1.628535915));
#2998=CARTESIAN_POINT('',(-6.246432327,3.661566826,1.628562855));
#2999=CARTESIAN_POINT('',(-6.246451899,3.661565234,1.628589797));
#3000=CARTESIAN_POINT('',(-6.246471468,3.661563642,1.628616741));
#3001=CARTESIAN_POINT('',(-6.334068879,3.654437227,1.74922042));
#3002=CARTESIAN_POINT('',(-6.380119975,3.646944447,1.890986697));
#3003=CARTESIAN_POINT('',(-6.380119975,3.639818418,2.040044429));
#3004=CARTESIAN_POINT('',(-6.380119975,3.639816826,2.040077729));
#3005=CARTESIAN_POINT('',(-6.380119973,3.639815234,2.04011103));
#3006=CARTESIAN_POINT('',(-6.380119968,3.639813642,2.04014433));
#3007=CARTESIAN_POINT('',(-6.380098698,3.632687227,2.189203222));
#3008=CARTESIAN_POINT('',(-6.334026691,3.625194447,2.330962704));
#3009=CARTESIAN_POINT('',(-6.246412754,3.618068418,2.451552943));
#3010=CARTESIAN_POINT('',(-6.24639318,3.618066826,2.451579884));
#3011=CARTESIAN_POINT('',(-6.246373605,3.618065234,2.451606823));
#3012=CARTESIAN_POINT('',(-6.246354027,3.618063642,2.451633761));
#3013=CARTESIAN_POINT('',(-6.158722201,3.610937227,2.572212435));
#3014=CARTESIAN_POINT('',(-6.038125031,3.603444447,2.659817819));
#3015=CARTESIAN_POINT('',(-5.896362704,3.596318418,2.705879191));
#3016=CARTESIAN_POINT('',(-5.896331033,3.596316826,2.705889481));
#3017=CARTESIAN_POINT('',(-5.896299362,3.596315234,2.705899769));
#3018=CARTESIAN_POINT('',(-5.89626769,3.596313642,2.705910055));
#3019=CARTESIAN_POINT('',(-5.754497687,3.589187227,2.751951557));
#3020=CARTESIAN_POINT('',(-5.605439374,3.581694447,2.751940564));
#3021=CARTESIAN_POINT('',(-5.463677046,3.574568418,2.705879191));
#3022=CARTESIAN_POINT('',(-5.463645376,3.574566826,2.7058689));
#3023=CARTESIAN_POINT('',(-5.463613706,3.574565234,2.705858608));
#3024=CARTESIAN_POINT('',(-5.463582037,3.574563642,2.705848313));
#3025=CARTESIAN_POINT('',(-5.370221937,3.569870234,2.675499049));
#3026=CARTESIAN_POINT('',(-5.284823098,3.564944795,2.626338967));
#3027=CARTESIAN_POINT('',(-5.211351256,3.560000683,2.560130841));
#3028=CARTESIAN_POINT('',(-5.211244425,3.559993494,2.560034572));
#3029=CARTESIAN_POINT('',(-5.211137594,3.559986305,2.559938303));
#3030=CARTESIAN_POINT('',(-5.211030764,3.559979116,2.559842034));
#3031=CARTESIAN_POINT('',(-6.445718483,6.260180225,1.808300688));
#3032=CARTESIAN_POINT('',(-6.468597317,6.256706595,1.883894061));
#3033=CARTESIAN_POINT('',(-6.480019575,6.253295454,1.961716261));
#3034=CARTESIAN_POINT('',(-6.480019575,6.250018418,2.040044429));
#3035=CARTESIAN_POINT('',(-6.480019575,6.250016826,2.040082481));
#3036=CARTESIAN_POINT('',(-6.480019572,6.250015234,2.040120533));
#3037=CARTESIAN_POINT('',(-6.480019567,6.250013641,2.040158586));
#3038=CARTESIAN_POINT('',(-6.479995262,6.242887226,2.210487184));
#3039=CARTESIAN_POINT('',(-6.427349087,6.235394447,2.372474795));
#3040=CARTESIAN_POINT('',(-6.327233227,6.228268418,2.510272455));
#3041=CARTESIAN_POINT('',(-6.327210861,6.228266826,2.510303239));
#3042=CARTESIAN_POINT('',(-6.327188492,6.228265234,2.510334023));
#3043=CARTESIAN_POINT('',(-6.327166121,6.228263641,2.510364804));
#3044=CARTESIAN_POINT('',(-6.22702982,6.221137226,2.648149249));
#3045=CARTESIAN_POINT('',(-6.089224241,6.213644447,2.748255335));
#3046=CARTESIAN_POINT('',(-5.927233377,6.206518418,2.800889357));
#3047=CARTESIAN_POINT('',(-5.927197188,6.206516826,2.800901115));
#3048=CARTESIAN_POINT('',(-5.927160997,6.206515234,2.800912872));
#3049=CARTESIAN_POINT('',(-5.927124805,6.206513641,2.800924625));
#3050=CARTESIAN_POINT('',(-5.765125172,6.199387226,2.853535941));
#3051=CARTESIAN_POINT('',(-5.594797236,6.191894447,2.853523379));
#3052=CARTESIAN_POINT('',(-5.432806372,6.184768418,2.800889357));
#3053=CARTESIAN_POINT('',(-5.432770182,6.184766826,2.800877598));
#3054=CARTESIAN_POINT('',(-5.432733993,6.184765234,2.800865837));
#3055=CARTESIAN_POINT('',(-5.432697805,6.184763641,2.800854073));
#3056=CARTESIAN_POINT('',(-5.270713193,6.177637226,2.748196526));
#3057=CARTESIAN_POINT('',(-5.132922382,6.170144447,2.648070114));
#3058=CARTESIAN_POINT('',(-5.032806522,6.163018418,2.510272455));
#3059=CARTESIAN_POINT('',(-5.032784155,6.163016826,2.51024167));
#3060=CARTESIAN_POINT('',(-5.032761791,6.163015234,2.510210883));
#3061=CARTESIAN_POINT('',(-5.032739429,6.163013641,2.510180095));
#3062=CARTESIAN_POINT('',(-4.932642454,6.155887226,2.372367078));
#3063=CARTESIAN_POINT('',(-4.880020175,6.148394447,2.210371703));
#3064=CARTESIAN_POINT('',(-4.880020175,6.141268418,2.040044429));
#3065=CARTESIAN_POINT('',(-4.880020175,6.141266826,2.040006377));
#3066=CARTESIAN_POINT('',(-4.880020178,6.141265234,2.039968325));
#3067=CARTESIAN_POINT('',(-4.880020183,6.141263641,2.039930272));
#3068=CARTESIAN_POINT('',(-4.880044488,6.134137226,1.869601674));
#3069=CARTESIAN_POINT('',(-4.932690662,6.126644447,1.707614063));
#3070=CARTESIAN_POINT('',(-5.032806522,6.119518418,1.569816403));
#3071=CARTESIAN_POINT('',(-5.032828888,6.119516826,1.569785619));
#3072=CARTESIAN_POINT('',(-5.032851257,6.119515234,1.569754835));
#3073=CARTESIAN_POINT('',(-5.032873628,6.119513641,1.569724054));
#3074=CARTESIAN_POINT('',(-5.13300993,6.112387226,1.431939609));
#3075=CARTESIAN_POINT('',(-5.270815508,6.104894447,1.331833523));
#3076=CARTESIAN_POINT('',(-5.432806372,6.097768418,1.279199501));
#3077=CARTESIAN_POINT('',(-5.432842561,6.097766826,1.279187743));
#3078=CARTESIAN_POINT('',(-5.432878752,6.097765234,1.279175986));
#3079=CARTESIAN_POINT('',(-5.432914944,6.097763641,1.279164233));
#3080=CARTESIAN_POINT('',(-5.594914578,6.090637226,1.226552917));
#3081=CARTESIAN_POINT('',(-5.765242514,6.083144447,1.226565479));
#3082=CARTESIAN_POINT('',(-5.927233377,6.076018418,1.279199501));
#3083=CARTESIAN_POINT('',(-5.927269567,6.076016826,1.27921126));
#3084=CARTESIAN_POINT('',(-5.927305756,6.076015234,1.279223021));
#3085=CARTESIAN_POINT('',(-5.927341944,6.076013641,1.279234785));
#3086=CARTESIAN_POINT('',(-6.089326557,6.068887226,1.331892332));
#3087=CARTESIAN_POINT('',(-6.227117368,6.061394447,1.432018744));
#3088=CARTESIAN_POINT('',(-6.327233227,6.054268418,1.569816403));
#3089=CARTESIAN_POINT('',(-6.327255594,6.054266826,1.569847188));
#3090=CARTESIAN_POINT('',(-6.327277958,6.054265234,1.569877975));
#3091=CARTESIAN_POINT('',(-6.32730032,6.054263641,1.569908763));
#3092=CARTESIAN_POINT('',(-6.427397295,6.047137226,1.70772178));
#3093=CARTESIAN_POINT('',(-6.480019575,6.039644447,1.869717155));
#3094=CARTESIAN_POINT('',(-6.480019575,6.032518418,2.040044429));
#3095=CARTESIAN_POINT('',(-6.480019575,6.032516826,2.040082481));
#3096=CARTESIAN_POINT('',(-6.480019572,6.032515234,2.040120533));
#3097=CARTESIAN_POINT('',(-6.480019567,6.032513641,2.040158586));
#3098=CARTESIAN_POINT('',(-6.479995262,6.025387226,2.210487184));
#3099=CARTESIAN_POINT('',(-6.427349087,6.017894447,2.372474795));
#3100=CARTESIAN_POINT('',(-6.327233227,6.010768418,2.510272455));
#3101=CARTESIAN_POINT('',(-6.327210861,6.010766826,2.510303239));
#3102=CARTESIAN_POINT('',(-6.327188492,6.010765234,2.510334023));
#3103=CARTESIAN_POINT('',(-6.327166121,6.010763641,2.510364804));
#3104=CARTESIAN_POINT('',(-6.22702982,6.003637226,2.648149249));
#3105=CARTESIAN_POINT('',(-6.089224241,5.996144447,2.748255335));
#3106=CARTESIAN_POINT('',(-5.927233377,5.989018418,2.800889357));
#3107=CARTESIAN_POINT('',(-5.927197188,5.989016826,2.800901115));
#3108=CARTESIAN_POINT('',(-5.927160997,5.989015234,2.800912872));
#3109=CARTESIAN_POINT('',(-5.927124805,5.989013641,2.800924625));
#3110=CARTESIAN_POINT('',(-5.765125172,5.981887226,2.853535941));
#3111=CARTESIAN_POINT('',(-5.594797236,5.974394447,2.853523379));
#3112=CARTESIAN_POINT('',(-5.432806372,5.967268418,2.800889357));
#3113=CARTESIAN_POINT('',(-5.432770182,5.967266826,2.800877598));
#3114=CARTESIAN_POINT('',(-5.432733993,5.967265234,2.800865837));
#3115=CARTESIAN_POINT('',(-5.432697805,5.967263641,2.800854073));
#3116=CARTESIAN_POINT('',(-5.270713193,5.960137226,2.748196526));
#3117=CARTESIAN_POINT('',(-5.132922382,5.952644447,2.648070114));
#3118=CARTESIAN_POINT('',(-5.032806522,5.945518418,2.510272455));
#3119=CARTESIAN_POINT('',(-5.032784155,5.945516826,2.51024167));
#3120=CARTESIAN_POINT('',(-5.032761791,5.945515234,2.510210883));
#3121=CARTESIAN_POINT('',(-5.032739429,5.945513641,2.510180095));
#3122=CARTESIAN_POINT('',(-4.932642454,5.938387226,2.372367078));
#3123=CARTESIAN_POINT('',(-4.880020175,5.930894447,2.210371703));
#3124=CARTESIAN_POINT('',(-4.880020175,5.923768418,2.040044429));
#3125=CARTESIAN_POINT('',(-4.880020175,5.923766826,2.040006377));
#3126=CARTESIAN_POINT('',(-4.880020178,5.923765234,2.039968325));
#3127=CARTESIAN_POINT('',(-4.880020183,5.923763641,2.039930272));
#3128=CARTESIAN_POINT('',(-4.880044488,5.916637226,1.869601674));
#3129=CARTESIAN_POINT('',(-4.932690662,5.909144447,1.707614063));
#3130=CARTESIAN_POINT('',(-5.032806522,5.902018418,1.569816403));
#3131=CARTESIAN_POINT('',(-5.032828888,5.902016826,1.569785619));
#3132=CARTESIAN_POINT('',(-5.032851257,5.902015234,1.569754835));
#3133=CARTESIAN_POINT('',(-5.032873628,5.902013641,1.569724054));
#3134=CARTESIAN_POINT('',(-5.13300993,5.894887226,1.431939609));
#3135=CARTESIAN_POINT('',(-5.270815508,5.887394447,1.331833523));
#3136=CARTESIAN_POINT('',(-5.432806372,5.880268418,1.279199501));
#3137=CARTESIAN_POINT('',(-5.432842561,5.880266826,1.279187743));
#3138=CARTESIAN_POINT('',(-5.432878752,5.880265234,1.279175986));
#3139=CARTESIAN_POINT('',(-5.432914944,5.880263641,1.279164233));
#3140=CARTESIAN_POINT('',(-5.594914578,5.873137226,1.226552917));
#3141=CARTESIAN_POINT('',(-5.765242514,5.865644447,1.226565479));
#3142=CARTESIAN_POINT('',(-5.927233377,5.858518418,1.279199501));
#3143=CARTESIAN_POINT('',(-5.927269567,5.858516826,1.27921126));
#3144=CARTESIAN_POINT('',(-5.927305756,5.858515234,1.279223021));
#3145=CARTESIAN_POINT('',(-5.927341944,5.858513641,1.279234785));
#3146=CARTESIAN_POINT('',(-6.089326557,5.851387226,1.331892332));
#3147=CARTESIAN_POINT('',(-6.227117368,5.843894447,1.432018744));
#3148=CARTESIAN_POINT('',(-6.327233227,5.836768418,1.569816403));
#3149=CARTESIAN_POINT('',(-6.327255594,5.836766826,1.569847188));
#3150=CARTESIAN_POINT('',(-6.327277958,5.836765234,1.569877975));
#3151=CARTESIAN_POINT('',(-6.32730032,5.836763641,1.569908763));
#3152=CARTESIAN_POINT('',(-6.427397295,5.829637226,1.70772178));
#3153=CARTESIAN_POINT('',(-6.480019575,5.822144447,1.869717155));
#3154=CARTESIAN_POINT('',(-6.480019575,5.815018418,2.040044429));
#3155=CARTESIAN_POINT('',(-6.480019575,5.815016826,2.040082481));
#3156=CARTESIAN_POINT('',(-6.480019572,5.815015234,2.040120533));
#3157=CARTESIAN_POINT('',(-6.480019567,5.815013641,2.040158586));
#3158=CARTESIAN_POINT('',(-6.479995262,5.807887226,2.210487184));
#3159=CARTESIAN_POINT('',(-6.427349087,5.800394447,2.372474795));
#3160=CARTESIAN_POINT('',(-6.327233227,5.793268418,2.510272455));
#3161=CARTESIAN_POINT('',(-6.327210861,5.793266826,2.510303239));
#3162=CARTESIAN_POINT('',(-6.327188492,5.793265234,2.510334023));
#3163=CARTESIAN_POINT('',(-6.327166121,5.793263641,2.510364804));
#3164=CARTESIAN_POINT('',(-6.22702982,5.786137226,2.648149249));
#3165=CARTESIAN_POINT('',(-6.089224241,5.778644447,2.748255335));
#3166=CARTESIAN_POINT('',(-5.927233377,5.771518418,2.800889357));
#3167=CARTESIAN_POINT('',(-5.927197188,5.771516826,2.800901115));
#3168=CARTESIAN_POINT('',(-5.927160997,5.771515234,2.800912872));
#3169=CARTESIAN_POINT('',(-5.927124805,5.771513641,2.800924625));
#3170=CARTESIAN_POINT('',(-5.765125172,5.764387226,2.853535941));
#3171=CARTESIAN_POINT('',(-5.594797236,5.756894447,2.853523379));
#3172=CARTESIAN_POINT('',(-5.432806372,5.749768418,2.800889357));
#3173=CARTESIAN_POINT('',(-5.432770182,5.749766826,2.800877598));
#3174=CARTESIAN_POINT('',(-5.432733993,5.749765234,2.800865837));
#3175=CARTESIAN_POINT('',(-5.432697805,5.749763641,2.800854073));
#3176=CARTESIAN_POINT('',(-5.270713193,5.742637226,2.748196526));
#3177=CARTESIAN_POINT('',(-5.132922382,5.735144447,2.648070114));
#3178=CARTESIAN_POINT('',(-5.032806522,5.728018418,2.510272455));
#3179=CARTESIAN_POINT('',(-5.032784155,5.728016826,2.51024167));
#3180=CARTESIAN_POINT('',(-5.032761791,5.728015234,2.510210883));
#3181=CARTESIAN_POINT('',(-5.032739429,5.728013641,2.510180095));
#3182=CARTESIAN_POINT('',(-4.932642454,5.720887226,2.372367078));
#3183=CARTESIAN_POINT('',(-4.880020175,5.713394447,2.210371703));
#3184=CARTESIAN_POINT('',(-4.880020175,5.706268418,2.040044429));
#3185=CARTESIAN_POINT('',(-4.880020175,5.706266826,2.040006377));
#3186=CARTESIAN_POINT('',(-4.880020178,5.706265234,2.039968325));
#3187=CARTESIAN_POINT('',(-4.880020183,5.706263641,2.039930272));
#3188=CARTESIAN_POINT('',(-4.880044488,5.699137226,1.869601674));
#3189=CARTESIAN_POINT('',(-4.932690662,5.691644447,1.707614063));
#3190=CARTESIAN_POINT('',(-5.032806522,5.684518418,1.569816403));
#3191=CARTESIAN_POINT('',(-5.032828888,5.684516826,1.569785619));
#3192=CARTESIAN_POINT('',(-5.032851257,5.684515234,1.569754835));
#3193=CARTESIAN_POINT('',(-5.032873628,5.684513641,1.569724054));
#3194=CARTESIAN_POINT('',(-5.13300993,5.677387226,1.431939609));
#3195=CARTESIAN_POINT('',(-5.270815508,5.669894447,1.331833523));
#3196=CARTESIAN_POINT('',(-5.432806372,5.662768418,1.279199501));
#3197=CARTESIAN_POINT('',(-5.432842561,5.662766826,1.279187743));
#3198=CARTESIAN_POINT('',(-5.432878752,5.662765234,1.279175986));
#3199=CARTESIAN_POINT('',(-5.432914944,5.662763641,1.279164233));
#3200=CARTESIAN_POINT('',(-5.594914578,5.655637226,1.226552917));
#3201=CARTESIAN_POINT('',(-5.765242514,5.648144447,1.226565479));
#3202=CARTESIAN_POINT('',(-5.927233377,5.641018418,1.279199501));
#3203=CARTESIAN_POINT('',(-5.927269567,5.641016826,1.27921126));
#3204=CARTESIAN_POINT('',(-5.927305756,5.641015234,1.279223021));
#3205=CARTESIAN_POINT('',(-5.927341944,5.641013641,1.279234785));
#3206=CARTESIAN_POINT('',(-6.089326557,5.633887226,1.331892332));
#3207=CARTESIAN_POINT('',(-6.227117368,5.626394447,1.432018744));
#3208=CARTESIAN_POINT('',(-6.327233227,5.619268418,1.569816403));
#3209=CARTESIAN_POINT('',(-6.327255594,5.619266826,1.569847188));
#3210=CARTESIAN_POINT('',(-6.327277958,5.619265234,1.569877975));
#3211=CARTESIAN_POINT('',(-6.32730032,5.619263641,1.569908763));
#3212=CARTESIAN_POINT('',(-6.427397295,5.612137226,1.70772178));
#3213=CARTESIAN_POINT('',(-6.480019575,5.604644447,1.869717155));
#3214=CARTESIAN_POINT('',(-6.480019575,5.597518418,2.040044429));
#3215=CARTESIAN_POINT('',(-6.480019575,5.597516826,2.040082481));
#3216=CARTESIAN_POINT('',(-6.480019572,5.597515234,2.040120533));
#3217=CARTESIAN_POINT('',(-6.480019567,5.597513641,2.040158586));
#3218=CARTESIAN_POINT('',(-6.479995262,5.590387226,2.210487184));
#3219=CARTESIAN_POINT('',(-6.427349087,5.582894447,2.372474795));
#3220=CARTESIAN_POINT('',(-6.327233227,5.575768418,2.510272455));
#3221=CARTESIAN_POINT('',(-6.327210861,5.575766826,2.510303239));
#3222=CARTESIAN_POINT('',(-6.327188492,5.575765234,2.510334023));
#3223=CARTESIAN_POINT('',(-6.327166121,5.575763641,2.510364804));
#3224=CARTESIAN_POINT('',(-6.22702982,5.568637226,2.648149249));
#3225=CARTESIAN_POINT('',(-6.089224241,5.561144447,2.748255335));
#3226=CARTESIAN_POINT('',(-5.927233377,5.554018418,2.800889357));
#3227=CARTESIAN_POINT('',(-5.927197188,5.554016826,2.800901115));
#3228=CARTESIAN_POINT('',(-5.927160997,5.554015234,2.800912872));
#3229=CARTESIAN_POINT('',(-5.927124805,5.554013641,2.800924625));
#3230=CARTESIAN_POINT('',(-5.765125172,5.546887226,2.853535941));
#3231=CARTESIAN_POINT('',(-5.594797236,5.539394447,2.853523379));
#3232=CARTESIAN_POINT('',(-5.432806372,5.532268418,2.800889357));
#3233=CARTESIAN_POINT('',(-5.432770182,5.532266826,2.800877598));
#3234=CARTESIAN_POINT('',(-5.432733993,5.532265234,2.800865837));
#3235=CARTESIAN_POINT('',(-5.432697805,5.532263641,2.800854073));
#3236=CARTESIAN_POINT('',(-5.270713193,5.525137226,2.748196526));
#3237=CARTESIAN_POINT('',(-5.132922382,5.517644447,2.648070114));
#3238=CARTESIAN_POINT('',(-5.032806522,5.510518418,2.510272455));
#3239=CARTESIAN_POINT('',(-5.032784155,5.510516826,2.51024167));
#3240=CARTESIAN_POINT('',(-5.032761791,5.510515234,2.510210883));
#3241=CARTESIAN_POINT('',(-5.032739429,5.510513641,2.510180095));
#3242=CARTESIAN_POINT('',(-4.932642454,5.503387226,2.372367078));
#3243=CARTESIAN_POINT('',(-4.880020175,5.495894447,2.210371703));
#3244=CARTESIAN_POINT('',(-4.880020175,5.488768418,2.040044429));
#3245=CARTESIAN_POINT('',(-4.880020175,5.488766826,2.040006377));
#3246=CARTESIAN_POINT('',(-4.880020178,5.488765234,2.039968325));
#3247=CARTESIAN_POINT('',(-4.880020183,5.488763641,2.039930272));
#3248=CARTESIAN_POINT('',(-4.880044488,5.481637226,1.869601674));
#3249=CARTESIAN_POINT('',(-4.932690662,5.474144447,1.707614063));
#3250=CARTESIAN_POINT('',(-5.032806522,5.467018418,1.569816403));
#3251=CARTESIAN_POINT('',(-5.032828888,5.467016826,1.569785619));
#3252=CARTESIAN_POINT('',(-5.032851257,5.467015234,1.569754835));
#3253=CARTESIAN_POINT('',(-5.032873628,5.467013641,1.569724054));
#3254=CARTESIAN_POINT('',(-5.13300993,5.459887226,1.431939609));
#3255=CARTESIAN_POINT('',(-5.270815508,5.452394447,1.331833523));
#3256=CARTESIAN_POINT('',(-5.432806372,5.445268418,1.279199501));
#3257=CARTESIAN_POINT('',(-5.432842561,5.445266826,1.279187743));
#3258=CARTESIAN_POINT('',(-5.432878752,5.445265234,1.279175986));
#3259=CARTESIAN_POINT('',(-5.432914944,5.445263641,1.279164233));
#3260=CARTESIAN_POINT('',(-5.594914578,5.438137226,1.226552917));
#3261=CARTESIAN_POINT('',(-5.765242514,5.430644447,1.226565479));
#3262=CARTESIAN_POINT('',(-5.927233377,5.423518418,1.279199501));
#3263=CARTESIAN_POINT('',(-5.927269567,5.423516826,1.27921126));
#3264=CARTESIAN_POINT('',(-5.927305756,5.423515234,1.279223021));
#3265=CARTESIAN_POINT('',(-5.927341944,5.423513641,1.279234785));
#3266=CARTESIAN_POINT('',(-6.089326557,5.416387226,1.331892332));
#3267=CARTESIAN_POINT('',(-6.227117368,5.408894447,1.432018744));
#3268=CARTESIAN_POINT('',(-6.327233227,5.401768418,1.569816403));
#3269=CARTESIAN_POINT('',(-6.327255594,5.401766826,1.569847188));
#3270=CARTESIAN_POINT('',(-6.327277958,5.401765234,1.569877975));
#3271=CARTESIAN_POINT('',(-6.32730032,5.401763641,1.569908763));
#3272=CARTESIAN_POINT('',(-6.427397295,5.394637226,1.70772178));
#3273=CARTESIAN_POINT('',(-6.480019575,5.387144447,1.869717155));
#3274=CARTESIAN_POINT('',(-6.480019575,5.380018418,2.040044429));
#3275=CARTESIAN_POINT('',(-6.480019575,5.380016826,2.040082481));
#3276=CARTESIAN_POINT('',(-6.480019572,5.380015234,2.040120533));
#3277=CARTESIAN_POINT('',(-6.480019567,5.380013641,2.040158586));
#3278=CARTESIAN_POINT('',(-6.479995262,5.372887226,2.210487184));
#3279=CARTESIAN_POINT('',(-6.427349087,5.365394447,2.372474795));
#3280=CARTESIAN_POINT('',(-6.327233227,5.358268418,2.510272455));
#3281=CARTESIAN_POINT('',(-6.327210861,5.358266826,2.510303239));
#3282=CARTESIAN_POINT('',(-6.327188492,5.358265234,2.510334023));
#3283=CARTESIAN_POINT('',(-6.327166121,5.358263641,2.510364804));
#3284=CARTESIAN_POINT('',(-6.22702982,5.351137226,2.648149249));
#3285=CARTESIAN_POINT('',(-6.089224241,5.343644447,2.748255335));
#3286=CARTESIAN_POINT('',(-5.927233377,5.336518418,2.800889357));
#3287=CARTESIAN_POINT('',(-5.927197188,5.336516826,2.800901115));
#3288=CARTESIAN_POINT('',(-5.927160997,5.336515234,2.800912872));
#3289=CARTESIAN_POINT('',(-5.927124805,5.336513641,2.800924625));
#3290=CARTESIAN_POINT('',(-5.765125172,5.329387226,2.853535941));
#3291=CARTESIAN_POINT('',(-5.594797236,5.321894447,2.853523379));
#3292=CARTESIAN_POINT('',(-5.432806372,5.314768418,2.800889357));
#3293=CARTESIAN_POINT('',(-5.432770182,5.314766826,2.800877598));
#3294=CARTESIAN_POINT('',(-5.432733993,5.314765234,2.800865837));
#3295=CARTESIAN_POINT('',(-5.432697805,5.314763641,2.800854073));
#3296=CARTESIAN_POINT('',(-5.270713193,5.307637226,2.748196526));
#3297=CARTESIAN_POINT('',(-5.132922382,5.300144447,2.648070114));
#3298=CARTESIAN_POINT('',(-5.032806522,5.293018418,2.510272455));
#3299=CARTESIAN_POINT('',(-5.032784155,5.293016826,2.51024167));
#3300=CARTESIAN_POINT('',(-5.032761791,5.293015234,2.510210883));
#3301=CARTESIAN_POINT('',(-5.032739429,5.293013641,2.510180095));
#3302=CARTESIAN_POINT('',(-4.932642454,5.285887226,2.372367078));
#3303=CARTESIAN_POINT('',(-4.880020175,5.278394447,2.210371703));
#3304=CARTESIAN_POINT('',(-4.880020175,5.271268418,2.040044429));
#3305=CARTESIAN_POINT('',(-4.880020175,5.271266826,2.040006377));
#3306=CARTESIAN_POINT('',(-4.880020178,5.271265234,2.039968325));
#3307=CARTESIAN_POINT('',(-4.880020183,5.271263641,2.039930272));
#3308=CARTESIAN_POINT('',(-4.880044488,5.264137226,1.869601674));
#3309=CARTESIAN_POINT('',(-4.932690662,5.256644447,1.707614063));
#3310=CARTESIAN_POINT('',(-5.032806522,5.249518418,1.569816403));
#3311=CARTESIAN_POINT('',(-5.032828888,5.249516826,1.569785619));
#3312=CARTESIAN_POINT('',(-5.032851257,5.249515234,1.569754835));
#3313=CARTESIAN_POINT('',(-5.032873628,5.249513641,1.569724054));
#3314=CARTESIAN_POINT('',(-5.13300993,5.242387226,1.431939609));
#3315=CARTESIAN_POINT('',(-5.270815508,5.234894447,1.331833523));
#3316=CARTESIAN_POINT('',(-5.432806372,5.227768418,1.279199501));
#3317=CARTESIAN_POINT('',(-5.432842561,5.227766826,1.279187743));
#3318=CARTESIAN_POINT('',(-5.432878752,5.227765234,1.279175986));
#3319=CARTESIAN_POINT('',(-5.432914944,5.227763641,1.279164233));
#3320=CARTESIAN_POINT('',(-5.594914578,5.220637226,1.226552917));
#3321=CARTESIAN_POINT('',(-5.765242514,5.213144447,1.226565479));
#3322=CARTESIAN_POINT('',(-5.927233377,5.206018418,1.279199501));
#3323=CARTESIAN_POINT('',(-5.927269567,5.206016826,1.27921126));
#3324=CARTESIAN_POINT('',(-5.927305756,5.206015234,1.279223021));
#3325=CARTESIAN_POINT('',(-5.927341944,5.206013641,1.279234785));
#3326=CARTESIAN_POINT('',(-6.089326557,5.198887226,1.331892332));
#3327=CARTESIAN_POINT('',(-6.227117368,5.191394447,1.432018744));
#3328=CARTESIAN_POINT('',(-6.327233227,5.184268418,1.569816403));
#3329=CARTESIAN_POINT('',(-6.327255594,5.184266826,1.569847188));
#3330=CARTESIAN_POINT('',(-6.327277958,5.184265234,1.569877975));
#3331=CARTESIAN_POINT('',(-6.32730032,5.184263641,1.569908763));
#3332=CARTESIAN_POINT('',(-6.427397295,5.177137226,1.70772178));
#3333=CARTESIAN_POINT('',(-6.480019575,5.169644447,1.869717155));
#3334=CARTESIAN_POINT('',(-6.480019575,5.162518418,2.040044429));
#3335=CARTESIAN_POINT('',(-6.480019575,5.162516826,2.040082481));
#3336=CARTESIAN_POINT('',(-6.480019572,5.162515234,2.040120533));
#3337=CARTESIAN_POINT('',(-6.480019567,5.162513641,2.040158586));
#3338=CARTESIAN_POINT('',(-6.479995262,5.155387226,2.210487184));
#3339=CARTESIAN_POINT('',(-6.427349087,5.147894447,2.372474795));
#3340=CARTESIAN_POINT('',(-6.327233227,5.140768418,2.510272455));
#3341=CARTESIAN_POINT('',(-6.327210861,5.140766826,2.510303239));
#3342=CARTESIAN_POINT('',(-6.327188492,5.140765234,2.510334023));
#3343=CARTESIAN_POINT('',(-6.327166121,5.140763641,2.510364804));
#3344=CARTESIAN_POINT('',(-6.22702982,5.133637226,2.648149249));
#3345=CARTESIAN_POINT('',(-6.089224241,5.126144447,2.748255335));
#3346=CARTESIAN_POINT('',(-5.927233377,5.119018418,2.800889357));
#3347=CARTESIAN_POINT('',(-5.927197188,5.119016826,2.800901115));
#3348=CARTESIAN_POINT('',(-5.927160997,5.119015234,2.800912872));
#3349=CARTESIAN_POINT('',(-5.927124805,5.119013641,2.800924625));
#3350=CARTESIAN_POINT('',(-5.765125172,5.111887226,2.853535941));
#3351=CARTESIAN_POINT('',(-5.594797236,5.104394447,2.853523379));
#3352=CARTESIAN_POINT('',(-5.432806372,5.097268418,2.800889357));
#3353=CARTESIAN_POINT('',(-5.432770182,5.097266826,2.800877598));
#3354=CARTESIAN_POINT('',(-5.432733993,5.097265234,2.800865837));
#3355=CARTESIAN_POINT('',(-5.432697805,5.097263641,2.800854073));
#3356=CARTESIAN_POINT('',(-5.270713193,5.090137226,2.748196526));
#3357=CARTESIAN_POINT('',(-5.132922382,5.082644447,2.648070114));
#3358=CARTESIAN_POINT('',(-5.032806522,5.075518418,2.510272455));
#3359=CARTESIAN_POINT('',(-5.032784155,5.075516826,2.51024167));
#3360=CARTESIAN_POINT('',(-5.032761791,5.075515234,2.510210883));
#3361=CARTESIAN_POINT('',(-5.032739429,5.075513641,2.510180095));
#3362=CARTESIAN_POINT('',(-4.932642454,5.068387226,2.372367078));
#3363=CARTESIAN_POINT('',(-4.880020175,5.060894447,2.210371703));
#3364=CARTESIAN_POINT('',(-4.880020175,5.053768418,2.040044429));
#3365=CARTESIAN_POINT('',(-4.880020175,5.053766826,2.040006377));
#3366=CARTESIAN_POINT('',(-4.880020178,5.053765234,2.039968325));
#3367=CARTESIAN_POINT('',(-4.880020183,5.053763641,2.039930272));
#3368=CARTESIAN_POINT('',(-4.880044488,5.046637226,1.869601674));
#3369=CARTESIAN_POINT('',(-4.932690662,5.039144447,1.707614063));
#3370=CARTESIAN_POINT('',(-5.032806522,5.032018418,1.569816403));
#3371=CARTESIAN_POINT('',(-5.032828888,5.032016826,1.569785619));
#3372=CARTESIAN_POINT('',(-5.032851257,5.032015234,1.569754835));
#3373=CARTESIAN_POINT('',(-5.032873628,5.032013641,1.569724054));
#3374=CARTESIAN_POINT('',(-5.13300993,5.024887226,1.431939609));
#3375=CARTESIAN_POINT('',(-5.270815508,5.017394447,1.331833523));
#3376=CARTESIAN_POINT('',(-5.432806372,5.010268418,1.279199501));
#3377=CARTESIAN_POINT('',(-5.432842561,5.010266826,1.279187743));
#3378=CARTESIAN_POINT('',(-5.432878752,5.010265234,1.279175986));
#3379=CARTESIAN_POINT('',(-5.432914944,5.010263641,1.279164233));
#3380=CARTESIAN_POINT('',(-5.594914578,5.003137226,1.226552917));
#3381=CARTESIAN_POINT('',(-5.765242514,4.995644447,1.226565479));
#3382=CARTESIAN_POINT('',(-5.927233377,4.988518418,1.279199501));
#3383=CARTESIAN_POINT('',(-5.927269567,4.988516826,1.27921126));
#3384=CARTESIAN_POINT('',(-5.927305756,4.988515234,1.279223021));
#3385=CARTESIAN_POINT('',(-5.927341944,4.988513641,1.279234785));
#3386=CARTESIAN_POINT('',(-6.089326557,4.981387226,1.331892332));
#3387=CARTESIAN_POINT('',(-6.227117368,4.973894447,1.432018744));
#3388=CARTESIAN_POINT('',(-6.327233227,4.966768418,1.569816403));
#3389=CARTESIAN_POINT('',(-6.327255594,4.966766826,1.569847188));
#3390=CARTESIAN_POINT('',(-6.327277958,4.966765234,1.569877975));
#3391=CARTESIAN_POINT('',(-6.32730032,4.966763641,1.569908763));
#3392=CARTESIAN_POINT('',(-6.427397295,4.959637226,1.70772178));
#3393=CARTESIAN_POINT('',(-6.480019575,4.952144447,1.869717155));
#3394=CARTESIAN_POINT('',(-6.480019575,4.945018418,2.040044429));
#3395=CARTESIAN_POINT('',(-6.480019575,4.945016826,2.040082481));
#3396=CARTESIAN_POINT('',(-6.480019572,4.945015234,2.040120533));
#3397=CARTESIAN_POINT('',(-6.480019567,4.945013641,2.040158586));
#3398=CARTESIAN_POINT('',(-6.479995262,4.937887226,2.210487184));
#3399=CARTESIAN_POINT('',(-6.427349087,4.930394447,2.372474795));
#3400=CARTESIAN_POINT('',(-6.327233227,4.923268418,2.510272455));
#3401=CARTESIAN_POINT('',(-6.327210861,4.923266826,2.510303239));
#3402=CARTESIAN_POINT('',(-6.327188492,4.923265234,2.510334023));
#3403=CARTESIAN_POINT('',(-6.327166121,4.923263641,2.510364804));
#3404=CARTESIAN_POINT('',(-6.22702982,4.916137226,2.648149249));
#3405=CARTESIAN_POINT('',(-6.089224241,4.908644447,2.748255335));
#3406=CARTESIAN_POINT('',(-5.927233377,4.901518418,2.800889357));
#3407=CARTESIAN_POINT('',(-5.927197188,4.901516826,2.800901115));
#3408=CARTESIAN_POINT('',(-5.927160997,4.901515234,2.800912872));
#3409=CARTESIAN_POINT('',(-5.927124805,4.901513641,2.800924625));
#3410=CARTESIAN_POINT('',(-5.765125172,4.894387226,2.853535941));
#3411=CARTESIAN_POINT('',(-5.594797236,4.886894447,2.853523379));
#3412=CARTESIAN_POINT('',(-5.432806372,4.879768418,2.800889357));
#3413=CARTESIAN_POINT('',(-5.432770182,4.879766826,2.800877598));
#3414=CARTESIAN_POINT('',(-5.432733993,4.879765234,2.800865837));
#3415=CARTESIAN_POINT('',(-5.432697805,4.879763641,2.800854073));
#3416=CARTESIAN_POINT('',(-5.270713193,4.872637226,2.748196526));
#3417=CARTESIAN_POINT('',(-5.132922382,4.865144447,2.648070114));
#3418=CARTESIAN_POINT('',(-5.032806522,4.858018418,2.510272455));
#3419=CARTESIAN_POINT('',(-5.032784155,4.858016826,2.51024167));
#3420=CARTESIAN_POINT('',(-5.032761791,4.858015234,2.510210883));
#3421=CARTESIAN_POINT('',(-5.032739429,4.858013641,2.510180095));
#3422=CARTESIAN_POINT('',(-4.932642454,4.850887226,2.372367078));
#3423=CARTESIAN_POINT('',(-4.880020175,4.843394447,2.210371703));
#3424=CARTESIAN_POINT('',(-4.880020175,4.836268418,2.040044429));
#3425=CARTESIAN_POINT('',(-4.880020175,4.836266826,2.040006377));
#3426=CARTESIAN_POINT('',(-4.880020178,4.836265234,2.039968325));
#3427=CARTESIAN_POINT('',(-4.880020183,4.836263641,2.039930272));
#3428=CARTESIAN_POINT('',(-4.880044488,4.829137226,1.869601674));
#3429=CARTESIAN_POINT('',(-4.932690662,4.821644447,1.707614063));
#3430=CARTESIAN_POINT('',(-5.032806522,4.814518418,1.569816403));
#3431=CARTESIAN_POINT('',(-5.032828888,4.814516826,1.569785619));
#3432=CARTESIAN_POINT('',(-5.032851257,4.814515234,1.569754835));
#3433=CARTESIAN_POINT('',(-5.032873628,4.814513641,1.569724054));
#3434=CARTESIAN_POINT('',(-5.13300993,4.807387226,1.431939609));
#3435=CARTESIAN_POINT('',(-5.270815508,4.799894447,1.331833523));
#3436=CARTESIAN_POINT('',(-5.432806372,4.792768418,1.279199501));
#3437=CARTESIAN_POINT('',(-5.432842561,4.792766826,1.279187743));
#3438=CARTESIAN_POINT('',(-5.432878752,4.792765234,1.279175986));
#3439=CARTESIAN_POINT('',(-5.432914944,4.792763641,1.279164233));
#3440=CARTESIAN_POINT('',(-5.594914578,4.785637226,1.226552917));
#3441=CARTESIAN_POINT('',(-5.765242514,4.778144447,1.226565479));
#3442=CARTESIAN_POINT('',(-5.927233377,4.771018418,1.279199501));
#3443=CARTESIAN_POINT('',(-5.927269567,4.771016826,1.27921126));
#3444=CARTESIAN_POINT('',(-5.927305756,4.771015234,1.279223021));
#3445=CARTESIAN_POINT('',(-5.927341944,4.771013641,1.279234785));
#3446=CARTESIAN_POINT('',(-6.089326557,4.763887226,1.331892332));
#3447=CARTESIAN_POINT('',(-6.227117368,4.756394447,1.432018744));
#3448=CARTESIAN_POINT('',(-6.327233227,4.749268418,1.569816403));
#3449=CARTESIAN_POINT('',(-6.327255594,4.749266826,1.569847188));
#3450=CARTESIAN_POINT('',(-6.327277958,4.749265234,1.569877975));
#3451=CARTESIAN_POINT('',(-6.32730032,4.749263641,1.569908763));
#3452=CARTESIAN_POINT('',(-6.427397295,4.742137226,1.70772178));
#3453=CARTESIAN_POINT('',(-6.480019575,4.734644447,1.869717155));
#3454=CARTESIAN_POINT('',(-6.480019575,4.727518418,2.040044429));
#3455=CARTESIAN_POINT('',(-6.480019575,4.727516826,2.040082481));
#3456=CARTESIAN_POINT('',(-6.480019572,4.727515234,2.040120533));
#3457=CARTESIAN_POINT('',(-6.480019567,4.727513641,2.040158586));
#3458=CARTESIAN_POINT('',(-6.479995262,4.720387226,2.210487184));
#3459=CARTESIAN_POINT('',(-6.427349087,4.712894447,2.372474795));
#3460=CARTESIAN_POINT('',(-6.327233227,4.705768418,2.510272455));
#3461=CARTESIAN_POINT('',(-6.327210861,4.705766826,2.510303239));
#3462=CARTESIAN_POINT('',(-6.327188492,4.705765234,2.510334023));
#3463=CARTESIAN_POINT('',(-6.327166121,4.705763641,2.510364804));
#3464=CARTESIAN_POINT('',(-6.22702982,4.698637226,2.648149249));
#3465=CARTESIAN_POINT('',(-6.089224241,4.691144447,2.748255335));
#3466=CARTESIAN_POINT('',(-5.927233377,4.684018418,2.800889357));
#3467=CARTESIAN_POINT('',(-5.927197188,4.684016826,2.800901115));
#3468=CARTESIAN_POINT('',(-5.927160997,4.684015234,2.800912872));
#3469=CARTESIAN_POINT('',(-5.927124805,4.684013641,2.800924625));
#3470=CARTESIAN_POINT('',(-5.765125172,4.676887226,2.853535941));
#3471=CARTESIAN_POINT('',(-5.594797236,4.669394447,2.853523379));
#3472=CARTESIAN_POINT('',(-5.432806372,4.662268418,2.800889357));
#3473=CARTESIAN_POINT('',(-5.432770182,4.662266826,2.800877598));
#3474=CARTESIAN_POINT('',(-5.432733993,4.662265234,2.800865837));
#3475=CARTESIAN_POINT('',(-5.432697805,4.662263641,2.800854073));
#3476=CARTESIAN_POINT('',(-5.270713193,4.655137226,2.748196526));
#3477=CARTESIAN_POINT('',(-5.132922382,4.647644447,2.648070114));
#3478=CARTESIAN_POINT('',(-5.032806522,4.640518418,2.510272455));
#3479=CARTESIAN_POINT('',(-5.032784155,4.640516826,2.51024167));
#3480=CARTESIAN_POINT('',(-5.032761791,4.640515234,2.510210883));
#3481=CARTESIAN_POINT('',(-5.032739429,4.640513641,2.510180095));
#3482=CARTESIAN_POINT('',(-4.932642454,4.633387226,2.372367078));
#3483=CARTESIAN_POINT('',(-4.880020175,4.625894447,2.210371703));
#3484=CARTESIAN_POINT('',(-4.880020175,4.618768418,2.040044429));
#3485=CARTESIAN_POINT('',(-4.880020175,4.618766826,2.040006377));
#3486=CARTESIAN_POINT('',(-4.880020178,4.618765234,2.039968325));
#3487=CARTESIAN_POINT('',(-4.880020183,4.618763641,2.039930272));
#3488=CARTESIAN_POINT('',(-4.880044488,4.611637226,1.869601674));
#3489=CARTESIAN_POINT('',(-4.932690662,4.604144447,1.707614063));
#3490=CARTESIAN_POINT('',(-5.032806522,4.597018418,1.569816403));
#3491=CARTESIAN_POINT('',(-5.032828888,4.597016826,1.569785619));
#3492=CARTESIAN_POINT('',(-5.032851257,4.597015234,1.569754835));
#3493=CARTESIAN_POINT('',(-5.032873628,4.597013641,1.569724054));
#3494=CARTESIAN_POINT('',(-5.13300993,4.589887226,1.431939609));
#3495=CARTESIAN_POINT('',(-5.270815508,4.582394447,1.331833523));
#3496=CARTESIAN_POINT('',(-5.432806372,4.575268418,1.279199501));
#3497=CARTESIAN_POINT('',(-5.432842561,4.575266826,1.279187743));
#3498=CARTESIAN_POINT('',(-5.432878752,4.575265234,1.279175986));
#3499=CARTESIAN_POINT('',(-5.432914944,4.575263641,1.279164233));
#3500=CARTESIAN_POINT('',(-5.594914578,4.568137226,1.226552917));
#3501=CARTESIAN_POINT('',(-5.765242514,4.560644447,1.226565479));
#3502=CARTESIAN_POINT('',(-5.927233377,4.553518418,1.279199501));
#3503=CARTESIAN_POINT('',(-5.927269567,4.553516826,1.27921126));
#3504=CARTESIAN_POINT('',(-5.927305756,4.553515234,1.279223021));
#3505=CARTESIAN_POINT('',(-5.927341944,4.553513641,1.279234785));
#3506=CARTESIAN_POINT('',(-6.089326557,4.546387226,1.331892332));
#3507=CARTESIAN_POINT('',(-6.227117368,4.538894447,1.432018744));
#3508=CARTESIAN_POINT('',(-6.327233227,4.531768418,1.569816403));
#3509=CARTESIAN_POINT('',(-6.327255594,4.531766826,1.569847188));
#3510=CARTESIAN_POINT('',(-6.327277958,4.531765234,1.569877975));
#3511=CARTESIAN_POINT('',(-6.32730032,4.531763641,1.569908763));
#3512=CARTESIAN_POINT('',(-6.427397295,4.524637226,1.70772178));
#3513=CARTESIAN_POINT('',(-6.480019575,4.517144447,1.869717155));
#3514=CARTESIAN_POINT('',(-6.480019575,4.510018418,2.040044429));
#3515=CARTESIAN_POINT('',(-6.480019575,4.510016826,2.040082481));
#3516=CARTESIAN_POINT('',(-6.480019572,4.510015234,2.040120533));
#3517=CARTESIAN_POINT('',(-6.480019567,4.510013641,2.040158586));
#3518=CARTESIAN_POINT('',(-6.479995262,4.502887226,2.210487184));
#3519=CARTESIAN_POINT('',(-6.427349087,4.495394447,2.372474795));
#3520=CARTESIAN_POINT('',(-6.327233227,4.488268418,2.510272455));
#3521=CARTESIAN_POINT('',(-6.327210861,4.488266826,2.510303239));
#3522=CARTESIAN_POINT('',(-6.327188492,4.488265234,2.510334023));
#3523=CARTESIAN_POINT('',(-6.327166121,4.488263641,2.510364804));
#3524=CARTESIAN_POINT('',(-6.22702982,4.481137226,2.648149249));
#3525=CARTESIAN_POINT('',(-6.089224241,4.473644447,2.748255335));
#3526=CARTESIAN_POINT('',(-5.927233377,4.466518418,2.800889357));
#3527=CARTESIAN_POINT('',(-5.927197188,4.466516826,2.800901115));
#3528=CARTESIAN_POINT('',(-5.927160997,4.466515234,2.800912872));
#3529=CARTESIAN_POINT('',(-5.927124805,4.466513641,2.800924625));
#3530=CARTESIAN_POINT('',(-5.765125172,4.459387226,2.853535941));
#3531=CARTESIAN_POINT('',(-5.594797236,4.451894447,2.853523379));
#3532=CARTESIAN_POINT('',(-5.432806372,4.444768418,2.800889357));
#3533=CARTESIAN_POINT('',(-5.432770182,4.444766826,2.800877598));
#3534=CARTESIAN_POINT('',(-5.432733993,4.444765234,2.800865837));
#3535=CARTESIAN_POINT('',(-5.432697805,4.444763641,2.800854073));
#3536=CARTESIAN_POINT('',(-5.270713193,4.437637226,2.748196526));
#3537=CARTESIAN_POINT('',(-5.132922382,4.430144447,2.648070114));
#3538=CARTESIAN_POINT('',(-5.032806522,4.423018418,2.510272455));
#3539=CARTESIAN_POINT('',(-5.032784155,4.423016826,2.51024167));
#3540=CARTESIAN_POINT('',(-5.032761791,4.423015234,2.510210883));
#3541=CARTESIAN_POINT('',(-5.032739429,4.423013641,2.510180095));
#3542=CARTESIAN_POINT('',(-4.932642454,4.415887226,2.372367078));
#3543=CARTESIAN_POINT('',(-4.880020175,4.408394447,2.210371703));
#3544=CARTESIAN_POINT('',(-4.880020175,4.401268418,2.040044429));
#3545=CARTESIAN_POINT('',(-4.880020175,4.401266826,2.040006377));
#3546=CARTESIAN_POINT('',(-4.880020178,4.401265234,2.039968325));
#3547=CARTESIAN_POINT('',(-4.880020183,4.401263641,2.039930272));
#3548=CARTESIAN_POINT('',(-4.880044488,4.394137226,1.869601674));
#3549=CARTESIAN_POINT('',(-4.932690662,4.386644447,1.707614063));
#3550=CARTESIAN_POINT('',(-5.032806522,4.379518418,1.569816403));
#3551=CARTESIAN_POINT('',(-5.032828888,4.379516826,1.569785619));
#3552=CARTESIAN_POINT('',(-5.032851257,4.379515234,1.569754835));
#3553=CARTESIAN_POINT('',(-5.032873628,4.379513641,1.569724054));
#3554=CARTESIAN_POINT('',(-5.13300993,4.372387226,1.431939609));
#3555=CARTESIAN_POINT('',(-5.270815508,4.364894447,1.331833523));
#3556=CARTESIAN_POINT('',(-5.432806372,4.357768418,1.279199501));
#3557=CARTESIAN_POINT('',(-5.432842561,4.357766826,1.279187743));
#3558=CARTESIAN_POINT('',(-5.432878752,4.357765234,1.279175986));
#3559=CARTESIAN_POINT('',(-5.432914944,4.357763641,1.279164233));
#3560=CARTESIAN_POINT('',(-5.594914578,4.350637226,1.226552917));
#3561=CARTESIAN_POINT('',(-5.765242514,4.343144447,1.226565479));
#3562=CARTESIAN_POINT('',(-5.927233377,4.336018418,1.279199501));
#3563=CARTESIAN_POINT('',(-5.927269567,4.336016826,1.27921126));
#3564=CARTESIAN_POINT('',(-5.927305756,4.336015234,1.279223021));
#3565=CARTESIAN_POINT('',(-5.927341944,4.336013641,1.279234785));
#3566=CARTESIAN_POINT('',(-6.089326557,4.328887226,1.331892332));
#3567=CARTESIAN_POINT('',(-6.227117368,4.321394447,1.432018744));
#3568=CARTESIAN_POINT('',(-6.327233227,4.314268418,1.569816403));
#3569=CARTESIAN_POINT('',(-6.327255594,4.314266826,1.569847188));
#3570=CARTESIAN_POINT('',(-6.327277958,4.314265234,1.569877975));
#3571=CARTESIAN_POINT('',(-6.32730032,4.314263641,1.569908763));
#3572=CARTESIAN_POINT('',(-6.427397295,4.307137226,1.70772178));
#3573=CARTESIAN_POINT('',(-6.480019575,4.299644447,1.869717155));
#3574=CARTESIAN_POINT('',(-6.480019575,4.292518418,2.040044429));
#3575=CARTESIAN_POINT('',(-6.480019575,4.292516826,2.040082481));
#3576=CARTESIAN_POINT('',(-6.480019572,4.292515234,2.040120533));
#3577=CARTESIAN_POINT('',(-6.480019567,4.292513641,2.040158586));
#3578=CARTESIAN_POINT('',(-6.479995262,4.285387226,2.210487184));
#3579=CARTESIAN_POINT('',(-6.427349087,4.277894447,2.372474795));
#3580=CARTESIAN_POINT('',(-6.327233227,4.270768418,2.510272455));
#3581=CARTESIAN_POINT('',(-6.327210861,4.270766826,2.510303239));
#3582=CARTESIAN_POINT('',(-6.327188492,4.270765234,2.510334023));
#3583=CARTESIAN_POINT('',(-6.327166121,4.270763641,2.510364804));
#3584=CARTESIAN_POINT('',(-6.22702982,4.263637226,2.648149249));
#3585=CARTESIAN_POINT('',(-6.089224241,4.256144447,2.748255335));
#3586=CARTESIAN_POINT('',(-5.927233377,4.249018418,2.800889357));
#3587=CARTESIAN_POINT('',(-5.927197188,4.249016826,2.800901115));
#3588=CARTESIAN_POINT('',(-5.927160997,4.249015234,2.800912872));
#3589=CARTESIAN_POINT('',(-5.927124805,4.249013641,2.800924625));
#3590=CARTESIAN_POINT('',(-5.765125172,4.241887226,2.853535941));
#3591=CARTESIAN_POINT('',(-5.594797236,4.234394447,2.853523379));
#3592=CARTESIAN_POINT('',(-5.432806372,4.227268418,2.800889357));
#3593=CARTESIAN_POINT('',(-5.432770182,4.227266826,2.800877598));
#3594=CARTESIAN_POINT('',(-5.432733993,4.227265234,2.800865837));
#3595=CARTESIAN_POINT('',(-5.432697805,4.227263641,2.800854073));
#3596=CARTESIAN_POINT('',(-5.270713193,4.220137226,2.748196526));
#3597=CARTESIAN_POINT('',(-5.132922382,4.212644447,2.648070114));
#3598=CARTESIAN_POINT('',(-5.032806522,4.205518418,2.510272455));
#3599=CARTESIAN_POINT('',(-5.032784155,4.205516826,2.51024167));
#3600=CARTESIAN_POINT('',(-5.032761791,4.205515234,2.510210883));
#3601=CARTESIAN_POINT('',(-5.032739429,4.205513641,2.510180095));
#3602=CARTESIAN_POINT('',(-4.932642454,4.198387226,2.372367078));
#3603=CARTESIAN_POINT('',(-4.880020175,4.190894447,2.210371703));
#3604=CARTESIAN_POINT('',(-4.880020175,4.183768418,2.040044429));
#3605=CARTESIAN_POINT('',(-4.880020175,4.183766826,2.040006377));
#3606=CARTESIAN_POINT('',(-4.880020178,4.183765234,2.039968325));
#3607=CARTESIAN_POINT('',(-4.880020183,4.183763641,2.039930272));
#3608=CARTESIAN_POINT('',(-4.880044488,4.176637226,1.869601674));
#3609=CARTESIAN_POINT('',(-4.932690662,4.169144447,1.707614063));
#3610=CARTESIAN_POINT('',(-5.032806522,4.162018418,1.569816403));
#3611=CARTESIAN_POINT('',(-5.032828888,4.162016826,1.569785619));
#3612=CARTESIAN_POINT('',(-5.032851257,4.162015234,1.569754835));
#3613=CARTESIAN_POINT('',(-5.032873628,4.162013641,1.569724054));
#3614=CARTESIAN_POINT('',(-5.13300993,4.154887226,1.431939609));
#3615=CARTESIAN_POINT('',(-5.270815508,4.147394447,1.331833523));
#3616=CARTESIAN_POINT('',(-5.432806372,4.140268418,1.279199501));
#3617=CARTESIAN_POINT('',(-5.432842561,4.140266826,1.279187743));
#3618=CARTESIAN_POINT('',(-5.432878752,4.140265234,1.279175986));
#3619=CARTESIAN_POINT('',(-5.432914944,4.140263641,1.279164233));
#3620=CARTESIAN_POINT('',(-5.594914578,4.133137226,1.226552917));
#3621=CARTESIAN_POINT('',(-5.765242514,4.125644447,1.226565479));
#3622=CARTESIAN_POINT('',(-5.927233377,4.118518418,1.279199501));
#3623=CARTESIAN_POINT('',(-5.927269567,4.118516826,1.27921126));
#3624=CARTESIAN_POINT('',(-5.927305756,4.118515234,1.279223021));
#3625=CARTESIAN_POINT('',(-5.927341944,4.118513641,1.279234785));
#3626=CARTESIAN_POINT('',(-6.089326557,4.111387226,1.331892332));
#3627=CARTESIAN_POINT('',(-6.227117368,4.103894447,1.432018744));
#3628=CARTESIAN_POINT('',(-6.327233227,4.096768418,1.569816403));
#3629=CARTESIAN_POINT('',(-6.327255594,4.096766826,1.569847188));
#3630=CARTESIAN_POINT('',(-6.327277958,4.096765234,1.569877975));
#3631=CARTESIAN_POINT('',(-6.32730032,4.096763641,1.569908763));
#3632=CARTESIAN_POINT('',(-6.427397295,4.089637226,1.70772178));
#3633=CARTESIAN_POINT('',(-6.480019575,4.082144447,1.869717155));
#3634=CARTESIAN_POINT('',(-6.480019575,4.075018418,2.040044429));
#3635=CARTESIAN_POINT('',(-6.480019575,4.075016826,2.040082481));
#3636=CARTESIAN_POINT('',(-6.480019572,4.075015234,2.040120533));
#3637=CARTESIAN_POINT('',(-6.480019567,4.075013641,2.040158586));
#3638=CARTESIAN_POINT('',(-6.479995262,4.067887226,2.210487184));
#3639=CARTESIAN_POINT('',(-6.427349087,4.060394447,2.372474795));
#3640=CARTESIAN_POINT('',(-6.327233227,4.053268418,2.510272455));
#3641=CARTESIAN_POINT('',(-6.327210861,4.053266826,2.510303239));
#3642=CARTESIAN_POINT('',(-6.327188492,4.053265234,2.510334023));
#3643=CARTESIAN_POINT('',(-6.327166121,4.053263641,2.510364804));
#3644=CARTESIAN_POINT('',(-6.22702982,4.046137226,2.648149249));
#3645=CARTESIAN_POINT('',(-6.089224241,4.038644447,2.748255335));
#3646=CARTESIAN_POINT('',(-5.927233377,4.031518418,2.800889357));
#3647=CARTESIAN_POINT('',(-5.927197188,4.031516826,2.800901115));
#3648=CARTESIAN_POINT('',(-5.927160997,4.031515234,2.800912872));
#3649=CARTESIAN_POINT('',(-5.927124805,4.031513641,2.800924625));
#3650=CARTESIAN_POINT('',(-5.765125172,4.024387226,2.853535941));
#3651=CARTESIAN_POINT('',(-5.594797236,4.016894447,2.853523379));
#3652=CARTESIAN_POINT('',(-5.432806372,4.009768418,2.800889357));
#3653=CARTESIAN_POINT('',(-5.432770182,4.009766826,2.800877598));
#3654=CARTESIAN_POINT('',(-5.432733993,4.009765234,2.800865837));
#3655=CARTESIAN_POINT('',(-5.432697805,4.009763641,2.800854073));
#3656=CARTESIAN_POINT('',(-5.270713193,4.002637226,2.748196526));
#3657=CARTESIAN_POINT('',(-5.132922382,3.995144447,2.648070114));
#3658=CARTESIAN_POINT('',(-5.032806522,3.988018418,2.510272455));
#3659=CARTESIAN_POINT('',(-5.032784155,3.988016826,2.51024167));
#3660=CARTESIAN_POINT('',(-5.032761791,3.988015234,2.510210883));
#3661=CARTESIAN_POINT('',(-5.032739429,3.988013641,2.510180095));
#3662=CARTESIAN_POINT('',(-4.932642454,3.980887226,2.372367078));
#3663=CARTESIAN_POINT('',(-4.880020175,3.973394447,2.210371703));
#3664=CARTESIAN_POINT('',(-4.880020175,3.966268418,2.040044429));
#3665=CARTESIAN_POINT('',(-4.880020175,3.966266826,2.040006377));
#3666=CARTESIAN_POINT('',(-4.880020178,3.966265234,2.039968325));
#3667=CARTESIAN_POINT('',(-4.880020183,3.966263641,2.039930272));
#3668=CARTESIAN_POINT('',(-4.880044488,3.959137226,1.869601674));
#3669=CARTESIAN_POINT('',(-4.932690662,3.951644447,1.707614063));
#3670=CARTESIAN_POINT('',(-5.032806522,3.944518418,1.569816403));
#3671=CARTESIAN_POINT('',(-5.032828888,3.944516826,1.569785619));
#3672=CARTESIAN_POINT('',(-5.032851257,3.944515234,1.569754835));
#3673=CARTESIAN_POINT('',(-5.032873628,3.944513641,1.569724054));
#3674=CARTESIAN_POINT('',(-5.13300993,3.937387226,1.431939609));
#3675=CARTESIAN_POINT('',(-5.270815508,3.929894447,1.331833523));
#3676=CARTESIAN_POINT('',(-5.432806372,3.922768418,1.279199501));
#3677=CARTESIAN_POINT('',(-5.432842561,3.922766826,1.279187743));
#3678=CARTESIAN_POINT('',(-5.432878752,3.922765234,1.279175986));
#3679=CARTESIAN_POINT('',(-5.432914944,3.922763641,1.279164233));
#3680=CARTESIAN_POINT('',(-5.594914578,3.915637226,1.226552917));
#3681=CARTESIAN_POINT('',(-5.765242514,3.908144447,1.226565479));
#3682=CARTESIAN_POINT('',(-5.927233377,3.901018418,1.279199501));
#3683=CARTESIAN_POINT('',(-5.927269567,3.901016826,1.27921126));
#3684=CARTESIAN_POINT('',(-5.927305756,3.901015234,1.279223021));
#3685=CARTESIAN_POINT('',(-5.927341944,3.901013641,1.279234785));
#3686=CARTESIAN_POINT('',(-6.089326557,3.893887226,1.331892332));
#3687=CARTESIAN_POINT('',(-6.227117368,3.886394447,1.432018744));
#3688=CARTESIAN_POINT('',(-6.327233227,3.879268418,1.569816403));
#3689=CARTESIAN_POINT('',(-6.327255594,3.879266826,1.569847188));
#3690=CARTESIAN_POINT('',(-6.327277958,3.879265234,1.569877975));
#3691=CARTESIAN_POINT('',(-6.32730032,3.879263641,1.569908763));
#3692=CARTESIAN_POINT('',(-6.427397295,3.872137226,1.70772178));
#3693=CARTESIAN_POINT('',(-6.480019575,3.864644447,1.869717155));
#3694=CARTESIAN_POINT('',(-6.480019575,3.857518418,2.040044429));
#3695=CARTESIAN_POINT('',(-6.480019575,3.857516826,2.040082481));
#3696=CARTESIAN_POINT('',(-6.480019572,3.857515234,2.040120533));
#3697=CARTESIAN_POINT('',(-6.480019567,3.857513641,2.040158586));
#3698=CARTESIAN_POINT('',(-6.479995262,3.850387226,2.210487184));
#3699=CARTESIAN_POINT('',(-6.427349087,3.842894447,2.372474795));
#3700=CARTESIAN_POINT('',(-6.327233227,3.835768418,2.510272455));
#3701=CARTESIAN_POINT('',(-6.327210861,3.835766826,2.510303239));
#3702=CARTESIAN_POINT('',(-6.327188492,3.835765234,2.510334023));
#3703=CARTESIAN_POINT('',(-6.327166121,3.835763641,2.510364804));
#3704=CARTESIAN_POINT('',(-6.22702982,3.828637226,2.648149249));
#3705=CARTESIAN_POINT('',(-6.089224241,3.821144447,2.748255335));
#3706=CARTESIAN_POINT('',(-5.927233377,3.814018418,2.800889357));
#3707=CARTESIAN_POINT('',(-5.927197188,3.814016826,2.800901115));
#3708=CARTESIAN_POINT('',(-5.927160997,3.814015234,2.800912872));
#3709=CARTESIAN_POINT('',(-5.927124805,3.814013641,2.800924625));
#3710=CARTESIAN_POINT('',(-5.765125172,3.806887226,2.853535941));
#3711=CARTESIAN_POINT('',(-5.594797236,3.799394447,2.853523379));
#3712=CARTESIAN_POINT('',(-5.432806372,3.792268418,2.800889357));
#3713=CARTESIAN_POINT('',(-5.432770182,3.792266826,2.800877598));
#3714=CARTESIAN_POINT('',(-5.432733993,3.792265234,2.800865837));
#3715=CARTESIAN_POINT('',(-5.432697805,3.792263641,2.800854073));
#3716=CARTESIAN_POINT('',(-5.270713193,3.785137226,2.748196526));
#3717=CARTESIAN_POINT('',(-5.132922382,3.777644447,2.648070114));
#3718=CARTESIAN_POINT('',(-5.032806522,3.770518418,2.510272455));
#3719=CARTESIAN_POINT('',(-5.032784155,3.770516826,2.51024167));
#3720=CARTESIAN_POINT('',(-5.032761791,3.770515234,2.510210883));
#3721=CARTESIAN_POINT('',(-5.032739429,3.770513641,2.510180095));
#3722=CARTESIAN_POINT('',(-4.932642454,3.763387226,2.372367078));
#3723=CARTESIAN_POINT('',(-4.880020175,3.755894447,2.210371703));
#3724=CARTESIAN_POINT('',(-4.880020175,3.748768418,2.040044429));
#3725=CARTESIAN_POINT('',(-4.880020175,3.748766826,2.040006377));
#3726=CARTESIAN_POINT('',(-4.880020178,3.748765234,2.039968325));
#3727=CARTESIAN_POINT('',(-4.880020183,3.748763641,2.039930272));
#3728=CARTESIAN_POINT('',(-4.880044488,3.741637226,1.869601674));
#3729=CARTESIAN_POINT('',(-4.932690662,3.734144447,1.707614063));
#3730=CARTESIAN_POINT('',(-5.032806522,3.727018418,1.569816403));
#3731=CARTESIAN_POINT('',(-5.032828888,3.727016826,1.569785619));
#3732=CARTESIAN_POINT('',(-5.032851257,3.727015234,1.569754835));
#3733=CARTESIAN_POINT('',(-5.032873628,3.727013641,1.569724054));
#3734=CARTESIAN_POINT('',(-5.13300993,3.719887226,1.431939609));
#3735=CARTESIAN_POINT('',(-5.270815508,3.712394447,1.331833523));
#3736=CARTESIAN_POINT('',(-5.432806372,3.705268418,1.279199501));
#3737=CARTESIAN_POINT('',(-5.432842561,3.705266826,1.279187743));
#3738=CARTESIAN_POINT('',(-5.432878752,3.705265234,1.279175986));
#3739=CARTESIAN_POINT('',(-5.432914944,3.705263641,1.279164233));
#3740=CARTESIAN_POINT('',(-5.594914578,3.698137226,1.226552917));
#3741=CARTESIAN_POINT('',(-5.765242514,3.690644447,1.226565479));
#3742=CARTESIAN_POINT('',(-5.927233377,3.683518418,1.279199501));
#3743=CARTESIAN_POINT('',(-5.927269567,3.683516826,1.27921126));
#3744=CARTESIAN_POINT('',(-5.927305756,3.683515234,1.279223021));
#3745=CARTESIAN_POINT('',(-5.927341944,3.683513641,1.279234785));
#3746=CARTESIAN_POINT('',(-6.089326557,3.676387226,1.331892332));
#3747=CARTESIAN_POINT('',(-6.227117368,3.668894447,1.432018744));
#3748=CARTESIAN_POINT('',(-6.327233227,3.661768418,1.569816403));
#3749=CARTESIAN_POINT('',(-6.327255594,3.661766826,1.569847188));
#3750=CARTESIAN_POINT('',(-6.327277958,3.661765234,1.569877975));
#3751=CARTESIAN_POINT('',(-6.32730032,3.661763641,1.569908763));
#3752=CARTESIAN_POINT('',(-6.427397295,3.654637226,1.70772178));
#3753=CARTESIAN_POINT('',(-6.480019575,3.647144447,1.869717155));
#3754=CARTESIAN_POINT('',(-6.480019575,3.640018418,2.040044429));
#3755=CARTESIAN_POINT('',(-6.480019575,3.640016826,2.040082481));
#3756=CARTESIAN_POINT('',(-6.480019572,3.640015234,2.040120533));
#3757=CARTESIAN_POINT('',(-6.480019567,3.640013641,2.040158586));
#3758=CARTESIAN_POINT('',(-6.479995262,3.632887226,2.210487184));
#3759=CARTESIAN_POINT('',(-6.427349087,3.625394447,2.372474795));
#3760=CARTESIAN_POINT('',(-6.327233227,3.618268418,2.510272455));
#3761=CARTESIAN_POINT('',(-6.327210861,3.618266826,2.510303239));
#3762=CARTESIAN_POINT('',(-6.327188492,3.618265234,2.510334023));
#3763=CARTESIAN_POINT('',(-6.327166121,3.618263641,2.510364804));
#3764=CARTESIAN_POINT('',(-6.22702982,3.611137226,2.648149249));
#3765=CARTESIAN_POINT('',(-6.089224241,3.603644447,2.748255335));
#3766=CARTESIAN_POINT('',(-5.927233377,3.596518418,2.800889357));
#3767=CARTESIAN_POINT('',(-5.927197188,3.596516826,2.800901115));
#3768=CARTESIAN_POINT('',(-5.927160997,3.596515234,2.800912872));
#3769=CARTESIAN_POINT('',(-5.927124805,3.596513641,2.800924625));
#3770=CARTESIAN_POINT('',(-5.765125172,3.589387226,2.853535941));
#3771=CARTESIAN_POINT('',(-5.594797236,3.581894447,2.853523379));
#3772=CARTESIAN_POINT('',(-5.432806372,3.574768418,2.800889357));
#3773=CARTESIAN_POINT('',(-5.432770182,3.574766826,2.800877598));
#3774=CARTESIAN_POINT('',(-5.432733993,3.574765234,2.800865837));
#3775=CARTESIAN_POINT('',(-5.432697805,3.574763641,2.800854073));
#3776=CARTESIAN_POINT('',(-5.326015845,3.570070233,2.766174171));
#3777=CARTESIAN_POINT('',(-5.228431163,3.565144794,2.709999275));
#3778=CARTESIAN_POINT('',(-5.14447538,3.560200683,2.634343692));
#3779=CARTESIAN_POINT('',(-5.144353305,3.560193494,2.634233686));
#3780=CARTESIAN_POINT('',(-5.14423123,3.560186305,2.63412368));
#3781=CARTESIAN_POINT('',(-5.144109155,3.560179116,2.634013674));
#3782=CARTESIAN_POINT('',(-6.445432206,6.359980125,1.808387331));
#3783=CARTESIAN_POINT('',(-6.468302486,6.356506495,1.883952442));
#3784=CARTESIAN_POINT('',(-6.479720474,6.353095355,1.961745546));
#3785=CARTESIAN_POINT('',(-6.479720474,6.349818318,2.040044429));
#3786=CARTESIAN_POINT('',(-6.479720474,6.349816726,2.040082467));
#3787=CARTESIAN_POINT('',(-6.479720471,6.349815134,2.040120505));
#3788=CARTESIAN_POINT('',(-6.479720466,6.349813542,2.040158543));
#3789=CARTESIAN_POINT('',(-6.47969617,6.342687127,2.210423459));
#3790=CARTESIAN_POINT('',(-6.427069678,6.335194347,2.372350507));
#3791=CARTESIAN_POINT('',(-6.326991249,6.328068318,2.510096647));
#3792=CARTESIAN_POINT('',(-6.326968891,6.328066726,2.510127421));
#3793=CARTESIAN_POINT('',(-6.326946531,6.328065134,2.510158192));
#3794=CARTESIAN_POINT('',(-6.326924168,6.328063542,2.510188963));
#3795=CARTESIAN_POINT('',(-6.226825306,6.320937127,2.647921893));
#3796=CARTESIAN_POINT('',(-6.089071249,6.313444347,2.747990551));
#3797=CARTESIAN_POINT('',(-5.92714095,6.306318318,2.800604895));
#3798=CARTESIAN_POINT('',(-5.927104774,6.306316726,2.800616649));
#3799=CARTESIAN_POINT('',(-5.927068597,6.306315134,2.800628401));
#3800=CARTESIAN_POINT('',(-5.927032419,6.306313542,2.80064015));
#3801=CARTESIAN_POINT('',(-5.765093353,6.299187127,2.853231795));
#3802=CARTESIAN_POINT('',(-5.594829098,6.291694347,2.853219238));
#3803=CARTESIAN_POINT('',(-5.432898799,6.284568318,2.800604895));
#3804=CARTESIAN_POINT('',(-5.432862623,6.284566726,2.80059314));
#3805=CARTESIAN_POINT('',(-5.432826448,6.284565134,2.800581383));
#3806=CARTESIAN_POINT('',(-5.432790273,6.284563542,2.800569624));
#3807=CARTESIAN_POINT('',(-5.270866223,6.277437127,2.747931764));
#3808=CARTESIAN_POINT('',(-5.133126929,6.269944347,2.647842787));
#3809=CARTESIAN_POINT('',(-5.0330485,6.262818318,2.510096647));
#3810=CARTESIAN_POINT('',(-5.033026142,6.262816726,2.510065874));
#3811=CARTESIAN_POINT('',(-5.033003786,6.262815134,2.510035099));
#3812=CARTESIAN_POINT('',(-5.032981432,6.262813542,2.510004323));
#3813=CARTESIAN_POINT('',(-4.932921881,6.255687127,2.372242831));
#3814=CARTESIAN_POINT('',(-4.880319276,6.248194347,2.210308021));
#3815=CARTESIAN_POINT('',(-4.880319276,6.241068318,2.040044429));
#3816=CARTESIAN_POINT('',(-4.880319276,6.241066726,2.040006391));
#3817=CARTESIAN_POINT('',(-4.880319279,6.241065134,2.039968353));
#3818=CARTESIAN_POINT('',(-4.880319284,6.241063542,2.039930315));
#3819=CARTESIAN_POINT('',(-4.88034358,6.233937127,1.869665399));
#3820=CARTESIAN_POINT('',(-4.932970071,6.226444347,1.707738351));
#3821=CARTESIAN_POINT('',(-5.0330485,6.219318318,1.569992211));
#3822=CARTESIAN_POINT('',(-5.033070858,6.219316726,1.569961437));
#3823=CARTESIAN_POINT('',(-5.033093218,6.219315134,1.569930666));
#3824=CARTESIAN_POINT('',(-5.033115581,6.219313542,1.569899895));
#3825=CARTESIAN_POINT('',(-5.133214444,6.212187127,1.432166965));
#3826=CARTESIAN_POINT('',(-5.2709685,6.204694347,1.332098307));
#3827=CARTESIAN_POINT('',(-5.432898799,6.197568318,1.279483963));
#3828=CARTESIAN_POINT('',(-5.432934975,6.197566726,1.279472209));
#3829=CARTESIAN_POINT('',(-5.432971152,6.197565134,1.279460457));
#3830=CARTESIAN_POINT('',(-5.43300733,6.197563542,1.279448708));
#3831=CARTESIAN_POINT('',(-5.594946397,6.190437127,1.226857063));
#3832=CARTESIAN_POINT('',(-5.765210651,6.182944347,1.22686962));
#3833=CARTESIAN_POINT('',(-5.92714095,6.175818318,1.279483963));
#3834=CARTESIAN_POINT('',(-5.927177126,6.175816726,1.279495718));
#3835=CARTESIAN_POINT('',(-5.927213301,6.175815134,1.279507475));
#3836=CARTESIAN_POINT('',(-5.927249476,6.175813542,1.279519234));
#3837=CARTESIAN_POINT('',(-6.089173527,6.168687127,1.332157094));
#3838=CARTESIAN_POINT('',(-6.226912821,6.161194347,1.432246071));
#3839=CARTESIAN_POINT('',(-6.326991249,6.154068318,1.569992211));
#3840=CARTESIAN_POINT('',(-6.327013607,6.154066726,1.570022984));
#3841=CARTESIAN_POINT('',(-6.327035963,6.154065134,1.570053759));
#3842=CARTESIAN_POINT('',(-6.327058317,6.154063542,1.570084535));
#3843=CARTESIAN_POINT('',(-6.427117868,6.146937127,1.707846027));
#3844=CARTESIAN_POINT('',(-6.479720474,6.139444347,1.869780837));
#3845=CARTESIAN_POINT('',(-6.479720474,6.132318318,2.040044429));
#3846=CARTESIAN_POINT('',(-6.479720474,6.132316726,2.040082467));
#3847=CARTESIAN_POINT('',(-6.479720471,6.132315134,2.040120505));
#3848=CARTESIAN_POINT('',(-6.479720466,6.132313542,2.040158543));
#3849=CARTESIAN_POINT('',(-6.47969617,6.125187127,2.210423459));
#3850=CARTESIAN_POINT('',(-6.427069678,6.117694347,2.372350507));
#3851=CARTESIAN_POINT('',(-6.326991249,6.110568318,2.510096647));
#3852=CARTESIAN_POINT('',(-6.326968891,6.110566726,2.510127421));
#3853=CARTESIAN_POINT('',(-6.326946531,6.110565134,2.510158192));
#3854=CARTESIAN_POINT('',(-6.326924168,6.110563542,2.510188963));
#3855=CARTESIAN_POINT('',(-6.226825306,6.103437127,2.647921893));
#3856=CARTESIAN_POINT('',(-6.089071249,6.095944347,2.747990551));
#3857=CARTESIAN_POINT('',(-5.92714095,6.088818318,2.800604895));
#3858=CARTESIAN_POINT('',(-5.927104774,6.088816726,2.800616649));
#3859=CARTESIAN_POINT('',(-5.927068597,6.088815134,2.800628401));
#3860=CARTESIAN_POINT('',(-5.927032419,6.088813542,2.80064015));
#3861=CARTESIAN_POINT('',(-5.765093353,6.081687127,2.853231795));
#3862=CARTESIAN_POINT('',(-5.594829098,6.074194347,2.853219238));
#3863=CARTESIAN_POINT('',(-5.432898799,6.067068318,2.800604895));
#3864=CARTESIAN_POINT('',(-5.432862623,6.067066726,2.80059314));
#3865=CARTESIAN_POINT('',(-5.432826448,6.067065134,2.800581383));
#3866=CARTESIAN_POINT('',(-5.432790273,6.067063542,2.800569624));
#3867=CARTESIAN_POINT('',(-5.270866223,6.059937127,2.747931764));
#3868=CARTESIAN_POINT('',(-5.133126929,6.052444347,2.647842787));
#3869=CARTESIAN_POINT('',(-5.0330485,6.045318318,2.510096647));
#3870=CARTESIAN_POINT('',(-5.033026142,6.045316726,2.510065874));
#3871=CARTESIAN_POINT('',(-5.033003786,6.045315134,2.510035099));
#3872=CARTESIAN_POINT('',(-5.032981432,6.045313542,2.510004323));
#3873=CARTESIAN_POINT('',(-4.932921881,6.038187127,2.372242831));
#3874=CARTESIAN_POINT('',(-4.880319276,6.030694347,2.210308021));
#3875=CARTESIAN_POINT('',(-4.880319276,6.023568318,2.040044429));
#3876=CARTESIAN_POINT('',(-4.880319276,6.023566726,2.040006391));
#3877=CARTESIAN_POINT('',(-4.880319279,6.023565134,2.039968353));
#3878=CARTESIAN_POINT('',(-4.880319284,6.023563542,2.039930315));
#3879=CARTESIAN_POINT('',(-4.88034358,6.016437127,1.869665399));
#3880=CARTESIAN_POINT('',(-4.932970071,6.008944347,1.707738351));
#3881=CARTESIAN_POINT('',(-5.0330485,6.001818318,1.569992211));
#3882=CARTESIAN_POINT('',(-5.033070858,6.001816726,1.569961437));
#3883=CARTESIAN_POINT('',(-5.033093218,6.001815134,1.569930666));
#3884=CARTESIAN_POINT('',(-5.033115581,6.001813542,1.569899895));
#3885=CARTESIAN_POINT('',(-5.133214444,5.994687127,1.432166965));
#3886=CARTESIAN_POINT('',(-5.2709685,5.987194347,1.332098307));
#3887=CARTESIAN_POINT('',(-5.432898799,5.980068318,1.279483963));
#3888=CARTESIAN_POINT('',(-5.432934975,5.980066726,1.279472209));
#3889=CARTESIAN_POINT('',(-5.432971152,5.980065134,1.279460457));
#3890=CARTESIAN_POINT('',(-5.43300733,5.980063542,1.279448708));
#3891=CARTESIAN_POINT('',(-5.594946397,5.972937127,1.226857063));
#3892=CARTESIAN_POINT('',(-5.765210651,5.965444347,1.22686962));
#3893=CARTESIAN_POINT('',(-5.92714095,5.958318318,1.279483963));
#3894=CARTESIAN_POINT('',(-5.927177126,5.958316726,1.279495718));
#3895=CARTESIAN_POINT('',(-5.927213301,5.958315134,1.279507475));
#3896=CARTESIAN_POINT('',(-5.927249476,5.958313542,1.279519234));
#3897=CARTESIAN_POINT('',(-6.089173527,5.951187127,1.332157094));
#3898=CARTESIAN_POINT('',(-6.226912821,5.943694347,1.432246071));
#3899=CARTESIAN_POINT('',(-6.326991249,5.936568318,1.569992211));
#3900=CARTESIAN_POINT('',(-6.327013607,5.936566726,1.570022984));
#3901=CARTESIAN_POINT('',(-6.327035963,5.936565134,1.570053759));
#3902=CARTESIAN_POINT('',(-6.327058317,5.936563542,1.570084535));
#3903=CARTESIAN_POINT('',(-6.427117868,5.929437127,1.707846027));
#3904=CARTESIAN_POINT('',(-6.479720474,5.921944347,1.869780837));
#3905=CARTESIAN_POINT('',(-6.479720474,5.914818318,2.040044429));
#3906=CARTESIAN_POINT('',(-6.479720474,5.914816726,2.040082467));
#3907=CARTESIAN_POINT('',(-6.479720471,5.914815134,2.040120505));
#3908=CARTESIAN_POINT('',(-6.479720466,5.914813542,2.040158543));
#3909=CARTESIAN_POINT('',(-6.47969617,5.907687127,2.210423459));
#3910=CARTESIAN_POINT('',(-6.427069678,5.900194347,2.372350507));
#3911=CARTESIAN_POINT('',(-6.326991249,5.893068318,2.510096647));
#3912=CARTESIAN_POINT('',(-6.326968891,5.893066726,2.510127421));
#3913=CARTESIAN_POINT('',(-6.326946531,5.893065134,2.510158192));
#3914=CARTESIAN_POINT('',(-6.326924168,5.893063542,2.510188963));
#3915=CARTESIAN_POINT('',(-6.226825306,5.885937127,2.647921893));
#3916=CARTESIAN_POINT('',(-6.089071249,5.878444347,2.747990551));
#3917=CARTESIAN_POINT('',(-5.92714095,5.871318318,2.800604895));
#3918=CARTESIAN_POINT('',(-5.927104774,5.871316726,2.800616649));
#3919=CARTESIAN_POINT('',(-5.927068597,5.871315134,2.800628401));
#3920=CARTESIAN_POINT('',(-5.927032419,5.871313542,2.80064015));
#3921=CARTESIAN_POINT('',(-5.765093353,5.864187127,2.853231795));
#3922=CARTESIAN_POINT('',(-5.594829098,5.856694347,2.853219238));
#3923=CARTESIAN_POINT('',(-5.432898799,5.849568318,2.800604895));
#3924=CARTESIAN_POINT('',(-5.432862623,5.849566726,2.80059314));
#3925=CARTESIAN_POINT('',(-5.432826448,5.849565134,2.800581383));
#3926=CARTESIAN_POINT('',(-5.432790273,5.849563542,2.800569624));
#3927=CARTESIAN_POINT('',(-5.270866223,5.842437127,2.747931764));
#3928=CARTESIAN_POINT('',(-5.133126929,5.834944347,2.647842787));
#3929=CARTESIAN_POINT('',(-5.0330485,5.827818318,2.510096647));
#3930=CARTESIAN_POINT('',(-5.033026142,5.827816726,2.510065874));
#3931=CARTESIAN_POINT('',(-5.033003786,5.827815134,2.510035099));
#3932=CARTESIAN_POINT('',(-5.032981432,5.827813542,2.510004323));
#3933=CARTESIAN_POINT('',(-4.932921881,5.820687127,2.372242831));
#3934=CARTESIAN_POINT('',(-4.880319276,5.813194347,2.210308021));
#3935=CARTESIAN_POINT('',(-4.880319276,5.806068318,2.040044429));
#3936=CARTESIAN_POINT('',(-4.880319276,5.806066726,2.040006391));
#3937=CARTESIAN_POINT('',(-4.880319279,5.806065134,2.039968353));
#3938=CARTESIAN_POINT('',(-4.880319284,5.806063542,2.039930315));
#3939=CARTESIAN_POINT('',(-4.88034358,5.798937127,1.869665399));
#3940=CARTESIAN_POINT('',(-4.932970071,5.791444347,1.707738351));
#3941=CARTESIAN_POINT('',(-5.0330485,5.784318318,1.569992211));
#3942=CARTESIAN_POINT('',(-5.033070858,5.784316726,1.569961437));
#3943=CARTESIAN_POINT('',(-5.033093218,5.784315134,1.569930666));
#3944=CARTESIAN_POINT('',(-5.033115581,5.784313542,1.569899895));
#3945=CARTESIAN_POINT('',(-5.133214444,5.777187127,1.432166965));
#3946=CARTESIAN_POINT('',(-5.2709685,5.769694347,1.332098307));
#3947=CARTESIAN_POINT('',(-5.432898799,5.762568318,1.279483963));
#3948=CARTESIAN_POINT('',(-5.432934975,5.762566726,1.279472209));
#3949=CARTESIAN_POINT('',(-5.432971152,5.762565134,1.279460457));
#3950=CARTESIAN_POINT('',(-5.43300733,5.762563542,1.279448708));
#3951=CARTESIAN_POINT('',(-5.594946397,5.755437127,1.226857063));
#3952=CARTESIAN_POINT('',(-5.765210651,5.747944347,1.22686962));
#3953=CARTESIAN_POINT('',(-5.92714095,5.740818318,1.279483963));
#3954=CARTESIAN_POINT('',(-5.927177126,5.740816726,1.279495718));
#3955=CARTESIAN_POINT('',(-5.927213301,5.740815134,1.279507475));
#3956=CARTESIAN_POINT('',(-5.927249476,5.740813542,1.279519234));
#3957=CARTESIAN_POINT('',(-6.089173527,5.733687127,1.332157094));
#3958=CARTESIAN_POINT('',(-6.226912821,5.726194347,1.432246071));
#3959=CARTESIAN_POINT('',(-6.326991249,5.719068318,1.569992211));
#3960=CARTESIAN_POINT('',(-6.327013607,5.719066726,1.570022984));
#3961=CARTESIAN_POINT('',(-6.327035963,5.719065134,1.570053759));
#3962=CARTESIAN_POINT('',(-6.327058317,5.719063542,1.570084535));
#3963=CARTESIAN_POINT('',(-6.427117868,5.711937127,1.707846027));
#3964=CARTESIAN_POINT('',(-6.479720474,5.704444347,1.869780837));
#3965=CARTESIAN_POINT('',(-6.479720474,5.697318318,2.040044429));
#3966=CARTESIAN_POINT('',(-6.479720474,5.697316726,2.040082467));
#3967=CARTESIAN_POINT('',(-6.479720471,5.697315134,2.040120505));
#3968=CARTESIAN_POINT('',(-6.479720466,5.697313542,2.040158543));
#3969=CARTESIAN_POINT('',(-6.47969617,5.690187127,2.210423459));
#3970=CARTESIAN_POINT('',(-6.427069678,5.682694347,2.372350507));
#3971=CARTESIAN_POINT('',(-6.326991249,5.675568318,2.510096647));
#3972=CARTESIAN_POINT('',(-6.326968891,5.675566726,2.510127421));
#3973=CARTESIAN_POINT('',(-6.326946531,5.675565134,2.510158192));
#3974=CARTESIAN_POINT('',(-6.326924168,5.675563542,2.510188963));
#3975=CARTESIAN_POINT('',(-6.226825306,5.668437127,2.647921893));
#3976=CARTESIAN_POINT('',(-6.089071249,5.660944347,2.747990551));
#3977=CARTESIAN_POINT('',(-5.92714095,5.653818318,2.800604895));
#3978=CARTESIAN_POINT('',(-5.927104774,5.653816726,2.800616649));
#3979=CARTESIAN_POINT('',(-5.927068597,5.653815134,2.800628401));
#3980=CARTESIAN_POINT('',(-5.927032419,5.653813542,2.80064015));
#3981=CARTESIAN_POINT('',(-5.765093353,5.646687127,2.853231795));
#3982=CARTESIAN_POINT('',(-5.594829098,5.639194347,2.853219238));
#3983=CARTESIAN_POINT('',(-5.432898799,5.632068318,2.800604895));
#3984=CARTESIAN_POINT('',(-5.432862623,5.632066726,2.80059314));
#3985=CARTESIAN_POINT('',(-5.432826448,5.632065134,2.800581383));
#3986=CARTESIAN_POINT('',(-5.432790273,5.632063542,2.800569624));
#3987=CARTESIAN_POINT('',(-5.270866223,5.624937127,2.747931764));
#3988=CARTESIAN_POINT('',(-5.133126929,5.617444347,2.647842787));
#3989=CARTESIAN_POINT('',(-5.0330485,5.610318318,2.510096647));
#3990=CARTESIAN_POINT('',(-5.033026142,5.610316726,2.510065874));
#3991=CARTESIAN_POINT('',(-5.033003786,5.610315134,2.510035099));
#3992=CARTESIAN_POINT('',(-5.032981432,5.610313542,2.510004323));
#3993=CARTESIAN_POINT('',(-4.932921881,5.603187127,2.372242831));
#3994=CARTESIAN_POINT('',(-4.880319276,5.595694347,2.210308021));
#3995=CARTESIAN_POINT('',(-4.880319276,5.588568318,2.040044429));
#3996=CARTESIAN_POINT('',(-4.880319276,5.588566726,2.040006391));
#3997=CARTESIAN_POINT('',(-4.880319279,5.588565134,2.039968353));
#3998=CARTESIAN_POINT('',(-4.880319284,5.588563542,2.039930315));
#3999=CARTESIAN_POINT('',(-4.88034358,5.581437127,1.869665399));
#4000=CARTESIAN_POINT('',(-4.932970071,5.573944347,1.707738351));
#4001=CARTESIAN_POINT('',(-5.0330485,5.566818318,1.569992211));
#4002=CARTESIAN_POINT('',(-5.033070858,5.566816726,1.569961437));
#4003=CARTESIAN_POINT('',(-5.033093218,5.566815134,1.569930666));
#4004=CARTESIAN_POINT('',(-5.033115581,5.566813542,1.569899895));
#4005=CARTESIAN_POINT('',(-5.133214444,5.559687127,1.432166965));
#4006=CARTESIAN_POINT('',(-5.2709685,5.552194347,1.332098307));
#4007=CARTESIAN_POINT('',(-5.432898799,5.545068318,1.279483963));
#4008=CARTESIAN_POINT('',(-5.432934975,5.545066726,1.279472209));
#4009=CARTESIAN_POINT('',(-5.432971152,5.545065134,1.279460457));
#4010=CARTESIAN_POINT('',(-5.43300733,5.545063542,1.279448708));
#4011=CARTESIAN_POINT('',(-5.594946397,5.537937127,1.226857063));
#4012=CARTESIAN_POINT('',(-5.765210651,5.530444347,1.22686962));
#4013=CARTESIAN_POINT('',(-5.92714095,5.523318318,1.279483963));
#4014=CARTESIAN_POINT('',(-5.927177126,5.523316726,1.279495718));
#4015=CARTESIAN_POINT('',(-5.927213301,5.523315134,1.279507475));
#4016=CARTESIAN_POINT('',(-5.927249476,5.523313542,1.279519234));
#4017=CARTESIAN_POINT('',(-6.089173527,5.516187127,1.332157094));
#4018=CARTESIAN_POINT('',(-6.226912821,5.508694347,1.432246071));
#4019=CARTESIAN_POINT('',(-6.326991249,5.501568318,1.569992211));
#4020=CARTESIAN_POINT('',(-6.327013607,5.501566726,1.570022984));
#4021=CARTESIAN_POINT('',(-6.327035963,5.501565134,1.570053759));
#4022=CARTESIAN_POINT('',(-6.327058317,5.501563542,1.570084535));
#4023=CARTESIAN_POINT('',(-6.427117868,5.494437127,1.707846027));
#4024=CARTESIAN_POINT('',(-6.479720474,5.486944347,1.869780837));
#4025=CARTESIAN_POINT('',(-6.479720474,5.479818318,2.040044429));
#4026=CARTESIAN_POINT('',(-6.479720474,5.479816726,2.040082467));
#4027=CARTESIAN_POINT('',(-6.479720471,5.479815134,2.040120505));
#4028=CARTESIAN_POINT('',(-6.479720466,5.479813542,2.040158543));
#4029=CARTESIAN_POINT('',(-6.47969617,5.472687127,2.210423459));
#4030=CARTESIAN_POINT('',(-6.427069678,5.465194347,2.372350507));
#4031=CARTESIAN_POINT('',(-6.326991249,5.458068318,2.510096647));
#4032=CARTESIAN_POINT('',(-6.326968891,5.458066726,2.510127421));
#4033=CARTESIAN_POINT('',(-6.326946531,5.458065134,2.510158192));
#4034=CARTESIAN_POINT('',(-6.326924168,5.458063542,2.510188963));
#4035=CARTESIAN_POINT('',(-6.226825306,5.450937127,2.647921893));
#4036=CARTESIAN_POINT('',(-6.089071249,5.443444347,2.747990551));
#4037=CARTESIAN_POINT('',(-5.92714095,5.436318318,2.800604895));
#4038=CARTESIAN_POINT('',(-5.927104774,5.436316726,2.800616649));
#4039=CARTESIAN_POINT('',(-5.927068597,5.436315134,2.800628401));
#4040=CARTESIAN_POINT('',(-5.927032419,5.436313542,2.80064015));
#4041=CARTESIAN_POINT('',(-5.765093353,5.429187127,2.853231795));
#4042=CARTESIAN_POINT('',(-5.594829098,5.421694347,2.853219238));
#4043=CARTESIAN_POINT('',(-5.432898799,5.414568318,2.800604895));
#4044=CARTESIAN_POINT('',(-5.432862623,5.414566726,2.80059314));
#4045=CARTESIAN_POINT('',(-5.432826448,5.414565134,2.800581383));
#4046=CARTESIAN_POINT('',(-5.432790273,5.414563542,2.800569624));
#4047=CARTESIAN_POINT('',(-5.270866223,5.407437127,2.747931764));
#4048=CARTESIAN_POINT('',(-5.133126929,5.399944347,2.647842787));
#4049=CARTESIAN_POINT('',(-5.0330485,5.392818318,2.510096647));
#4050=CARTESIAN_POINT('',(-5.033026142,5.392816726,2.510065874));
#4051=CARTESIAN_POINT('',(-5.033003786,5.392815134,2.510035099));
#4052=CARTESIAN_POINT('',(-5.032981432,5.392813542,2.510004323));
#4053=CARTESIAN_POINT('',(-4.932921881,5.385687127,2.372242831));
#4054=CARTESIAN_POINT('',(-4.880319276,5.378194347,2.210308021));
#4055=CARTESIAN_POINT('',(-4.880319276,5.371068318,2.040044429));
#4056=CARTESIAN_POINT('',(-4.880319276,5.371066726,2.040006391));
#4057=CARTESIAN_POINT('',(-4.880319279,5.371065134,2.039968353));
#4058=CARTESIAN_POINT('',(-4.880319284,5.371063542,2.039930315));
#4059=CARTESIAN_POINT('',(-4.88034358,5.363937127,1.869665399));
#4060=CARTESIAN_POINT('',(-4.932970071,5.356444347,1.707738351));
#4061=CARTESIAN_POINT('',(-5.0330485,5.349318318,1.569992211));
#4062=CARTESIAN_POINT('',(-5.033070858,5.349316726,1.569961437));
#4063=CARTESIAN_POINT('',(-5.033093218,5.349315134,1.569930666));
#4064=CARTESIAN_POINT('',(-5.033115581,5.349313542,1.569899895));
#4065=CARTESIAN_POINT('',(-5.133214444,5.342187127,1.432166965));
#4066=CARTESIAN_POINT('',(-5.2709685,5.334694347,1.332098307));
#4067=CARTESIAN_POINT('',(-5.432898799,5.327568318,1.279483963));
#4068=CARTESIAN_POINT('',(-5.432934975,5.327566726,1.279472209));
#4069=CARTESIAN_POINT('',(-5.432971152,5.327565134,1.279460457));
#4070=CARTESIAN_POINT('',(-5.43300733,5.327563542,1.279448708));
#4071=CARTESIAN_POINT('',(-5.594946397,5.320437127,1.226857063));
#4072=CARTESIAN_POINT('',(-5.765210651,5.312944347,1.22686962));
#4073=CARTESIAN_POINT('',(-5.92714095,5.305818318,1.279483963));
#4074=CARTESIAN_POINT('',(-5.927177126,5.305816726,1.279495718));
#4075=CARTESIAN_POINT('',(-5.927213301,5.305815134,1.279507475));
#4076=CARTESIAN_POINT('',(-5.927249476,5.305813542,1.279519234));
#4077=CARTESIAN_POINT('',(-6.089173527,5.298687127,1.332157094));
#4078=CARTESIAN_POINT('',(-6.226912821,5.291194347,1.432246071));
#4079=CARTESIAN_POINT('',(-6.326991249,5.284068318,1.569992211));
#4080=CARTESIAN_POINT('',(-6.327013607,5.284066726,1.570022984));
#4081=CARTESIAN_POINT('',(-6.327035963,5.284065134,1.570053759));
#4082=CARTESIAN_POINT('',(-6.327058317,5.284063542,1.570084535));
#4083=CARTESIAN_POINT('',(-6.427117868,5.276937127,1.707846027));
#4084=CARTESIAN_POINT('',(-6.479720474,5.269444347,1.869780837));
#4085=CARTESIAN_POINT('',(-6.479720474,5.262318318,2.040044429));
#4086=CARTESIAN_POINT('',(-6.479720474,5.262316726,2.040082467));
#4087=CARTESIAN_POINT('',(-6.479720471,5.262315134,2.040120505));
#4088=CARTESIAN_POINT('',(-6.479720466,5.262313542,2.040158543));
#4089=CARTESIAN_POINT('',(-6.47969617,5.255187127,2.210423459));
#4090=CARTESIAN_POINT('',(-6.427069678,5.247694347,2.372350507));
#4091=CARTESIAN_POINT('',(-6.326991249,5.240568318,2.510096647));
#4092=CARTESIAN_POINT('',(-6.326968891,5.240566726,2.510127421));
#4093=CARTESIAN_POINT('',(-6.326946531,5.240565134,2.510158192));
#4094=CARTESIAN_POINT('',(-6.326924168,5.240563542,2.510188963));
#4095=CARTESIAN_POINT('',(-6.226825306,5.233437127,2.647921893));
#4096=CARTESIAN_POINT('',(-6.089071249,5.225944347,2.747990551));
#4097=CARTESIAN_POINT('',(-5.92714095,5.218818318,2.800604895));
#4098=CARTESIAN_POINT('',(-5.927104774,5.218816726,2.800616649));
#4099=CARTESIAN_POINT('',(-5.927068597,5.218815134,2.800628401));
#4100=CARTESIAN_POINT('',(-5.927032419,5.218813542,2.80064015));
#4101=CARTESIAN_POINT('',(-5.765093353,5.211687127,2.853231795));
#4102=CARTESIAN_POINT('',(-5.594829098,5.204194347,2.853219238));
#4103=CARTESIAN_POINT('',(-5.432898799,5.197068318,2.800604895));
#4104=CARTESIAN_POINT('',(-5.432862623,5.197066726,2.80059314));
#4105=CARTESIAN_POINT('',(-5.432826448,5.197065134,2.800581383));
#4106=CARTESIAN_POINT('',(-5.432790273,5.197063542,2.800569624));
#4107=CARTESIAN_POINT('',(-5.270866223,5.189937127,2.747931764));
#4108=CARTESIAN_POINT('',(-5.133126929,5.182444347,2.647842787));
#4109=CARTESIAN_POINT('',(-5.0330485,5.175318318,2.510096647));
#4110=CARTESIAN_POINT('',(-5.033026142,5.175316726,2.510065874));
#4111=CARTESIAN_POINT('',(-5.033003786,5.175315134,2.510035099));
#4112=CARTESIAN_POINT('',(-5.032981432,5.175313542,2.510004323));
#4113=CARTESIAN_POINT('',(-4.932921881,5.168187127,2.372242831));
#4114=CARTESIAN_POINT('',(-4.880319276,5.160694347,2.210308021));
#4115=CARTESIAN_POINT('',(-4.880319276,5.153568318,2.040044429));
#4116=CARTESIAN_POINT('',(-4.880319276,5.153566726,2.040006391));
#4117=CARTESIAN_POINT('',(-4.880319279,5.153565134,2.039968353));
#4118=CARTESIAN_POINT('',(-4.880319284,5.153563542,2.039930315));
#4119=CARTESIAN_POINT('',(-4.88034358,5.146437127,1.869665399));
#4120=CARTESIAN_POINT('',(-4.932970071,5.138944347,1.707738351));
#4121=CARTESIAN_POINT('',(-5.0330485,5.131818318,1.569992211));
#4122=CARTESIAN_POINT('',(-5.033070858,5.131816726,1.569961437));
#4123=CARTESIAN_POINT('',(-5.033093218,5.131815134,1.569930666));
#4124=CARTESIAN_POINT('',(-5.033115581,5.131813542,1.569899895));
#4125=CARTESIAN_POINT('',(-5.133214444,5.124687127,1.432166965));
#4126=CARTESIAN_POINT('',(-5.2709685,5.117194347,1.332098307));
#4127=CARTESIAN_POINT('',(-5.432898799,5.110068318,1.279483963));
#4128=CARTESIAN_POINT('',(-5.432934975,5.110066726,1.279472209));
#4129=CARTESIAN_POINT('',(-5.432971152,5.110065134,1.279460457));
#4130=CARTESIAN_POINT('',(-5.43300733,5.110063542,1.279448708));
#4131=CARTESIAN_POINT('',(-5.594946397,5.102937127,1.226857063));
#4132=CARTESIAN_POINT('',(-5.765210651,5.095444347,1.22686962));
#4133=CARTESIAN_POINT('',(-5.92714095,5.088318318,1.279483963));
#4134=CARTESIAN_POINT('',(-5.927177126,5.088316726,1.279495718));
#4135=CARTESIAN_POINT('',(-5.927213301,5.088315134,1.279507475));
#4136=CARTESIAN_POINT('',(-5.927249476,5.088313542,1.279519234));
#4137=CARTESIAN_POINT('',(-6.089173527,5.081187127,1.332157094));
#4138=CARTESIAN_POINT('',(-6.226912821,5.073694347,1.432246071));
#4139=CARTESIAN_POINT('',(-6.326991249,5.066568318,1.569992211));
#4140=CARTESIAN_POINT('',(-6.327013607,5.066566726,1.570022984));
#4141=CARTESIAN_POINT('',(-6.327035963,5.066565134,1.570053759));
#4142=CARTESIAN_POINT('',(-6.327058317,5.066563542,1.570084535));
#4143=CARTESIAN_POINT('',(-6.427117868,5.059437127,1.707846027));
#4144=CARTESIAN_POINT('',(-6.479720474,5.051944347,1.869780837));
#4145=CARTESIAN_POINT('',(-6.479720474,5.044818318,2.040044429));
#4146=CARTESIAN_POINT('',(-6.479720474,5.044816726,2.040082467));
#4147=CARTESIAN_POINT('',(-6.479720471,5.044815134,2.040120505));
#4148=CARTESIAN_POINT('',(-6.479720466,5.044813542,2.040158543));
#4149=CARTESIAN_POINT('',(-6.47969617,5.037687127,2.210423459));
#4150=CARTESIAN_POINT('',(-6.427069678,5.030194347,2.372350507));
#4151=CARTESIAN_POINT('',(-6.326991249,5.023068318,2.510096647));
#4152=CARTESIAN_POINT('',(-6.326968891,5.023066726,2.510127421));
#4153=CARTESIAN_POINT('',(-6.326946531,5.023065134,2.510158192));
#4154=CARTESIAN_POINT('',(-6.326924168,5.023063542,2.510188963));
#4155=CARTESIAN_POINT('',(-6.226825306,5.015937127,2.647921893));
#4156=CARTESIAN_POINT('',(-6.089071249,5.008444347,2.747990551));
#4157=CARTESIAN_POINT('',(-5.92714095,5.001318318,2.800604895));
#4158=CARTESIAN_POINT('',(-5.927104774,5.001316726,2.800616649));
#4159=CARTESIAN_POINT('',(-5.927068597,5.001315134,2.800628401));
#4160=CARTESIAN_POINT('',(-5.927032419,5.001313542,2.80064015));
#4161=CARTESIAN_POINT('',(-5.765093353,4.994187127,2.853231795));
#4162=CARTESIAN_POINT('',(-5.594829098,4.986694347,2.853219238));
#4163=CARTESIAN_POINT('',(-5.432898799,4.979568318,2.800604895));
#4164=CARTESIAN_POINT('',(-5.432862623,4.979566726,2.80059314));
#4165=CARTESIAN_POINT('',(-5.432826448,4.979565134,2.800581383));
#4166=CARTESIAN_POINT('',(-5.432790273,4.979563542,2.800569624));
#4167=CARTESIAN_POINT('',(-5.270866223,4.972437127,2.747931764));
#4168=CARTESIAN_POINT('',(-5.133126929,4.964944347,2.647842787));
#4169=CARTESIAN_POINT('',(-5.0330485,4.957818318,2.510096647));
#4170=CARTESIAN_POINT('',(-5.033026142,4.957816726,2.510065874));
#4171=CARTESIAN_POINT('',(-5.033003786,4.957815134,2.510035099));
#4172=CARTESIAN_POINT('',(-5.032981432,4.957813542,2.510004323));
#4173=CARTESIAN_POINT('',(-4.932921881,4.950687127,2.372242831));
#4174=CARTESIAN_POINT('',(-4.880319276,4.943194347,2.210308021));
#4175=CARTESIAN_POINT('',(-4.880319276,4.936068318,2.040044429));
#4176=CARTESIAN_POINT('',(-4.880319276,4.936066726,2.040006391));
#4177=CARTESIAN_POINT('',(-4.880319279,4.936065134,2.039968353));
#4178=CARTESIAN_POINT('',(-4.880319284,4.936063542,2.039930315));
#4179=CARTESIAN_POINT('',(-4.88034358,4.928937127,1.869665399));
#4180=CARTESIAN_POINT('',(-4.932970071,4.921444347,1.707738351));
#4181=CARTESIAN_POINT('',(-5.0330485,4.914318318,1.569992211));
#4182=CARTESIAN_POINT('',(-5.033070858,4.914316726,1.569961437));
#4183=CARTESIAN_POINT('',(-5.033093218,4.914315134,1.569930666));
#4184=CARTESIAN_POINT('',(-5.033115581,4.914313542,1.569899895));
#4185=CARTESIAN_POINT('',(-5.133214444,4.907187127,1.432166965));
#4186=CARTESIAN_POINT('',(-5.2709685,4.899694347,1.332098307));
#4187=CARTESIAN_POINT('',(-5.432898799,4.892568318,1.279483963));
#4188=CARTESIAN_POINT('',(-5.432934975,4.892566726,1.279472209));
#4189=CARTESIAN_POINT('',(-5.432971152,4.892565134,1.279460457));
#4190=CARTESIAN_POINT('',(-5.43300733,4.892563542,1.279448708));
#4191=CARTESIAN_POINT('',(-5.594946397,4.885437127,1.226857063));
#4192=CARTESIAN_POINT('',(-5.765210651,4.877944347,1.22686962));
#4193=CARTESIAN_POINT('',(-5.92714095,4.870818318,1.279483963));
#4194=CARTESIAN_POINT('',(-5.927177126,4.870816726,1.279495718));
#4195=CARTESIAN_POINT('',(-5.927213301,4.870815134,1.279507475));
#4196=CARTESIAN_POINT('',(-5.927249476,4.870813542,1.279519234));
#4197=CARTESIAN_POINT('',(-6.089173527,4.863687127,1.332157094));
#4198=CARTESIAN_POINT('',(-6.226912821,4.856194347,1.432246071));
#4199=CARTESIAN_POINT('',(-6.326991249,4.849068318,1.569992211));
#4200=CARTESIAN_POINT('',(-6.327013607,4.849066726,1.570022984));
#4201=CARTESIAN_POINT('',(-6.327035963,4.849065134,1.570053759));
#4202=CARTESIAN_POINT('',(-6.327058317,4.849063542,1.570084535));
#4203=CARTESIAN_POINT('',(-6.427117868,4.841937127,1.707846027));
#4204=CARTESIAN_POINT('',(-6.479720474,4.834444347,1.869780837));
#4205=CARTESIAN_POINT('',(-6.479720474,4.827318318,2.040044429));
#4206=CARTESIAN_POINT('',(-6.479720474,4.827316726,2.040082467));
#4207=CARTESIAN_POINT('',(-6.479720471,4.827315134,2.040120505));
#4208=CARTESIAN_POINT('',(-6.479720466,4.827313542,2.040158543));
#4209=CARTESIAN_POINT('',(-6.47969617,4.820187127,2.210423459));
#4210=CARTESIAN_POINT('',(-6.427069678,4.812694347,2.372350507));
#4211=CARTESIAN_POINT('',(-6.326991249,4.805568318,2.510096647));
#4212=CARTESIAN_POINT('',(-6.326968891,4.805566726,2.510127421));
#4213=CARTESIAN_POINT('',(-6.326946531,4.805565134,2.510158192));
#4214=CARTESIAN_POINT('',(-6.326924168,4.805563542,2.510188963));
#4215=CARTESIAN_POINT('',(-6.226825306,4.798437127,2.647921893));
#4216=CARTESIAN_POINT('',(-6.089071249,4.790944347,2.747990551));
#4217=CARTESIAN_POINT('',(-5.92714095,4.783818318,2.800604895));
#4218=CARTESIAN_POINT('',(-5.927104774,4.783816726,2.800616649));
#4219=CARTESIAN_POINT('',(-5.927068597,4.783815134,2.800628401));
#4220=CARTESIAN_POINT('',(-5.927032419,4.783813542,2.80064015));
#4221=CARTESIAN_POINT('',(-5.765093353,4.776687127,2.853231795));
#4222=CARTESIAN_POINT('',(-5.594829098,4.769194347,2.853219238));
#4223=CARTESIAN_POINT('',(-5.432898799,4.762068318,2.800604895));
#4224=CARTESIAN_POINT('',(-5.432862623,4.762066726,2.80059314));
#4225=CARTESIAN_POINT('',(-5.432826448,4.762065134,2.800581383));
#4226=CARTESIAN_POINT('',(-5.432790273,4.762063542,2.800569624));
#4227=CARTESIAN_POINT('',(-5.270866223,4.754937127,2.747931764));
#4228=CARTESIAN_POINT('',(-5.133126929,4.747444347,2.647842787));
#4229=CARTESIAN_POINT('',(-5.0330485,4.740318318,2.510096647));
#4230=CARTESIAN_POINT('',(-5.033026142,4.740316726,2.510065874));
#4231=CARTESIAN_POINT('',(-5.033003786,4.740315134,2.510035099));
#4232=CARTESIAN_POINT('',(-5.032981432,4.740313542,2.510004323));
#4233=CARTESIAN_POINT('',(-4.932921881,4.733187127,2.372242831));
#4234=CARTESIAN_POINT('',(-4.880319276,4.725694347,2.210308021));
#4235=CARTESIAN_POINT('',(-4.880319276,4.718568318,2.040044429));
#4236=CARTESIAN_POINT('',(-4.880319276,4.718566726,2.040006391));
#4237=CARTESIAN_POINT('',(-4.880319279,4.718565134,2.039968353));
#4238=CARTESIAN_POINT('',(-4.880319284,4.718563542,2.039930315));
#4239=CARTESIAN_POINT('',(-4.88034358,4.711437127,1.869665399));
#4240=CARTESIAN_POINT('',(-4.932970071,4.703944347,1.707738351));
#4241=CARTESIAN_POINT('',(-5.0330485,4.696818318,1.569992211));
#4242=CARTESIAN_POINT('',(-5.033070858,4.696816726,1.569961437));
#4243=CARTESIAN_POINT('',(-5.033093218,4.696815134,1.569930666));
#4244=CARTESIAN_POINT('',(-5.033115581,4.696813542,1.569899895));
#4245=CARTESIAN_POINT('',(-5.133214444,4.689687127,1.432166965));
#4246=CARTESIAN_POINT('',(-5.2709685,4.682194347,1.332098307));
#4247=CARTESIAN_POINT('',(-5.432898799,4.675068318,1.279483963));
#4248=CARTESIAN_POINT('',(-5.432934975,4.675066726,1.279472209));
#4249=CARTESIAN_POINT('',(-5.432971152,4.675065134,1.279460457));
#4250=CARTESIAN_POINT('',(-5.43300733,4.675063542,1.279448708));
#4251=CARTESIAN_POINT('',(-5.594946397,4.667937127,1.226857063));
#4252=CARTESIAN_POINT('',(-5.765210651,4.660444347,1.22686962));
#4253=CARTESIAN_POINT('',(-5.92714095,4.653318318,1.279483963));
#4254=CARTESIAN_POINT('',(-5.927177126,4.653316726,1.279495718));
#4255=CARTESIAN_POINT('',(-5.927213301,4.653315134,1.279507475));
#4256=CARTESIAN_POINT('',(-5.927249476,4.653313542,1.279519234));
#4257=CARTESIAN_POINT('',(-6.089173527,4.646187127,1.332157094));
#4258=CARTESIAN_POINT('',(-6.226912821,4.638694347,1.432246071));
#4259=CARTESIAN_POINT('',(-6.326991249,4.631568318,1.569992211));
#4260=CARTESIAN_POINT('',(-6.327013607,4.631566726,1.570022984));
#4261=CARTESIAN_POINT('',(-6.327035963,4.631565134,1.570053759));
#4262=CARTESIAN_POINT('',(-6.327058317,4.631563542,1.570084535));
#4263=CARTESIAN_POINT('',(-6.427117868,4.624437127,1.707846027));
#4264=CARTESIAN_POINT('',(-6.479720474,4.616944347,1.869780837));
#4265=CARTESIAN_POINT('',(-6.479720474,4.609818318,2.040044429));
#4266=CARTESIAN_POINT('',(-6.479720474,4.609816726,2.040082467));
#4267=CARTESIAN_POINT('',(-6.479720471,4.609815134,2.040120505));
#4268=CARTESIAN_POINT('',(-6.479720466,4.609813542,2.040158543));
#4269=CARTESIAN_POINT('',(-6.47969617,4.602687127,2.210423459));
#4270=CARTESIAN_POINT('',(-6.427069678,4.595194347,2.372350507));
#4271=CARTESIAN_POINT('',(-6.326991249,4.588068318,2.510096647));
#4272=CARTESIAN_POINT('',(-6.326968891,4.588066726,2.510127421));
#4273=CARTESIAN_POINT('',(-6.326946531,4.588065134,2.510158192));
#4274=CARTESIAN_POINT('',(-6.326924168,4.588063542,2.510188963));
#4275=CARTESIAN_POINT('',(-6.226825306,4.580937127,2.647921893));
#4276=CARTESIAN_POINT('',(-6.089071249,4.573444347,2.747990551));
#4277=CARTESIAN_POINT('',(-5.92714095,4.566318318,2.800604895));
#4278=CARTESIAN_POINT('',(-5.927104774,4.566316726,2.800616649));
#4279=CARTESIAN_POINT('',(-5.927068597,4.566315134,2.800628401));
#4280=CARTESIAN_POINT('',(-5.927032419,4.566313542,2.80064015));
#4281=CARTESIAN_POINT('',(-5.765093353,4.559187127,2.853231795));
#4282=CARTESIAN_POINT('',(-5.594829098,4.551694347,2.853219238));
#4283=CARTESIAN_POINT('',(-5.432898799,4.544568318,2.800604895));
#4284=CARTESIAN_POINT('',(-5.432862623,4.544566726,2.80059314));
#4285=CARTESIAN_POINT('',(-5.432826448,4.544565134,2.800581383));
#4286=CARTESIAN_POINT('',(-5.432790273,4.544563542,2.800569624));
#4287=CARTESIAN_POINT('',(-5.270866223,4.537437127,2.747931764));
#4288=CARTESIAN_POINT('',(-5.133126929,4.529944347,2.647842787));
#4289=CARTESIAN_POINT('',(-5.0330485,4.522818318,2.510096647));
#4290=CARTESIAN_POINT('',(-5.033026142,4.522816726,2.510065874));
#4291=CARTESIAN_POINT('',(-5.033003786,4.522815134,2.510035099));
#4292=CARTESIAN_POINT('',(-5.032981432,4.522813542,2.510004323));
#4293=CARTESIAN_POINT('',(-4.932921881,4.515687127,2.372242831));
#4294=CARTESIAN_POINT('',(-4.880319276,4.508194347,2.210308021));
#4295=CARTESIAN_POINT('',(-4.880319276,4.501068318,2.040044429));
#4296=CARTESIAN_POINT('',(-4.880319276,4.501066726,2.040006391));
#4297=CARTESIAN_POINT('',(-4.880319279,4.501065134,2.039968353));
#4298=CARTESIAN_POINT('',(-4.880319284,4.501063542,2.039930315));
#4299=CARTESIAN_POINT('',(-4.88034358,4.493937127,1.869665399));
#4300=CARTESIAN_POINT('',(-4.932970071,4.486444347,1.707738351));
#4301=CARTESIAN_POINT('',(-5.0330485,4.479318318,1.569992211));
#4302=CARTESIAN_POINT('',(-5.033070858,4.479316726,1.569961437));
#4303=CARTESIAN_POINT('',(-5.033093218,4.479315134,1.569930666));
#4304=CARTESIAN_POINT('',(-5.033115581,4.479313542,1.569899895));
#4305=CARTESIAN_POINT('',(-5.133214444,4.472187127,1.432166965));
#4306=CARTESIAN_POINT('',(-5.2709685,4.464694347,1.332098307));
#4307=CARTESIAN_POINT('',(-5.432898799,4.457568318,1.279483963));
#4308=CARTESIAN_POINT('',(-5.432934975,4.457566726,1.279472209));
#4309=CARTESIAN_POINT('',(-5.432971152,4.457565134,1.279460457));
#4310=CARTESIAN_POINT('',(-5.43300733,4.457563542,1.279448708));
#4311=CARTESIAN_POINT('',(-5.594946397,4.450437127,1.226857063));
#4312=CARTESIAN_POINT('',(-5.765210651,4.442944347,1.22686962));
#4313=CARTESIAN_POINT('',(-5.92714095,4.435818318,1.279483963));
#4314=CARTESIAN_POINT('',(-5.927177126,4.435816726,1.279495718));
#4315=CARTESIAN_POINT('',(-5.927213301,4.435815134,1.279507475));
#4316=CARTESIAN_POINT('',(-5.927249476,4.435813542,1.279519234));
#4317=CARTESIAN_POINT('',(-6.089173527,4.428687127,1.332157094));
#4318=CARTESIAN_POINT('',(-6.226912821,4.421194347,1.432246071));
#4319=CARTESIAN_POINT('',(-6.326991249,4.414068318,1.569992211));
#4320=CARTESIAN_POINT('',(-6.327013607,4.414066726,1.570022984));
#4321=CARTESIAN_POINT('',(-6.327035963,4.414065134,1.570053759));
#4322=CARTESIAN_POINT('',(-6.327058317,4.414063542,1.570084535));
#4323=CARTESIAN_POINT('',(-6.427117868,4.406937127,1.707846027));
#4324=CARTESIAN_POINT('',(-6.479720474,4.399444347,1.869780837));
#4325=CARTESIAN_POINT('',(-6.479720474,4.392318318,2.040044429));
#4326=CARTESIAN_POINT('',(-6.479720474,4.392316726,2.040082467));
#4327=CARTESIAN_POINT('',(-6.479720471,4.392315134,2.040120505));
#4328=CARTESIAN_POINT('',(-6.479720466,4.392313542,2.040158543));
#4329=CARTESIAN_POINT('',(-6.47969617,4.385187127,2.210423459));
#4330=CARTESIAN_POINT('',(-6.427069678,4.377694347,2.372350507));
#4331=CARTESIAN_POINT('',(-6.326991249,4.370568318,2.510096647));
#4332=CARTESIAN_POINT('',(-6.326968891,4.370566726,2.510127421));
#4333=CARTESIAN_POINT('',(-6.326946531,4.370565134,2.510158192));
#4334=CARTESIAN_POINT('',(-6.326924168,4.370563542,2.510188963));
#4335=CARTESIAN_POINT('',(-6.226825306,4.363437127,2.647921893));
#4336=CARTESIAN_POINT('',(-6.089071249,4.355944347,2.747990551));
#4337=CARTESIAN_POINT('',(-5.92714095,4.348818318,2.800604895));
#4338=CARTESIAN_POINT('',(-5.927104774,4.348816726,2.800616649));
#4339=CARTESIAN_POINT('',(-5.927068597,4.348815134,2.800628401));
#4340=CARTESIAN_POINT('',(-5.927032419,4.348813542,2.80064015));
#4341=CARTESIAN_POINT('',(-5.765093353,4.341687127,2.853231795));
#4342=CARTESIAN_POINT('',(-5.594829098,4.334194347,2.853219238));
#4343=CARTESIAN_POINT('',(-5.432898799,4.327068318,2.800604895));
#4344=CARTESIAN_POINT('',(-5.432862623,4.327066726,2.80059314));
#4345=CARTESIAN_POINT('',(-5.432826448,4.327065134,2.800581383));
#4346=CARTESIAN_POINT('',(-5.432790273,4.327063542,2.800569624));
#4347=CARTESIAN_POINT('',(-5.270866223,4.319937127,2.747931764));
#4348=CARTESIAN_POINT('',(-5.133126929,4.312444347,2.647842787));
#4349=CARTESIAN_POINT('',(-5.0330485,4.305318318,2.510096647));
#4350=CARTESIAN_POINT('',(-5.033026142,4.305316726,2.510065874));
#4351=CARTESIAN_POINT('',(-5.033003786,4.305315134,2.510035099));
#4352=CARTESIAN_POINT('',(-5.032981432,4.305313542,2.510004323));
#4353=CARTESIAN_POINT('',(-4.932921881,4.298187127,2.372242831));
#4354=CARTESIAN_POINT('',(-4.880319276,4.290694347,2.210308021));
#4355=CARTESIAN_POINT('',(-4.880319276,4.283568318,2.040044429));
#4356=CARTESIAN_POINT('',(-4.880319276,4.283566726,2.040006391));
#4357=CARTESIAN_POINT('',(-4.880319279,4.283565134,2.039968353));
#4358=CARTESIAN_POINT('',(-4.880319284,4.283563542,2.039930315));
#4359=CARTESIAN_POINT('',(-4.88034358,4.276437127,1.869665399));
#4360=CARTESIAN_POINT('',(-4.932970071,4.268944347,1.707738351));
#4361=CARTESIAN_POINT('',(-5.0330485,4.261818318,1.569992211));
#4362=CARTESIAN_POINT('',(-5.033070858,4.261816726,1.569961437));
#4363=CARTESIAN_POINT('',(-5.033093218,4.261815134,1.569930666));
#4364=CARTESIAN_POINT('',(-5.033115581,4.261813542,1.569899895));
#4365=CARTESIAN_POINT('',(-5.133214444,4.254687127,1.432166965));
#4366=CARTESIAN_POINT('',(-5.2709685,4.247194347,1.332098307));
#4367=CARTESIAN_POINT('',(-5.432898799,4.240068318,1.279483963));
#4368=CARTESIAN_POINT('',(-5.432934975,4.240066726,1.279472209));
#4369=CARTESIAN_POINT('',(-5.432971152,4.240065134,1.279460457));
#4370=CARTESIAN_POINT('',(-5.43300733,4.240063542,1.279448708));
#4371=CARTESIAN_POINT('',(-5.594946397,4.232937127,1.226857063));
#4372=CARTESIAN_POINT('',(-5.765210651,4.225444347,1.22686962));
#4373=CARTESIAN_POINT('',(-5.92714095,4.218318318,1.279483963));
#4374=CARTESIAN_POINT('',(-5.927177126,4.218316726,1.279495718));
#4375=CARTESIAN_POINT('',(-5.927213301,4.218315134,1.279507475));
#4376=CARTESIAN_POINT('',(-5.927249476,4.218313542,1.279519234));
#4377=CARTESIAN_POINT('',(-6.089173527,4.211187127,1.332157094));
#4378=CARTESIAN_POINT('',(-6.226912821,4.203694347,1.432246071));
#4379=CARTESIAN_POINT('',(-6.326991249,4.196568318,1.569992211));
#4380=CARTESIAN_POINT('',(-6.327013607,4.196566726,1.570022984));
#4381=CARTESIAN_POINT('',(-6.327035963,4.196565134,1.570053759));
#4382=CARTESIAN_POINT('',(-6.327058317,4.196563542,1.570084535));
#4383=CARTESIAN_POINT('',(-6.427117868,4.189437127,1.707846027));
#4384=CARTESIAN_POINT('',(-6.479720474,4.181944347,1.869780837));
#4385=CARTESIAN_POINT('',(-6.479720474,4.174818318,2.040044429));
#4386=CARTESIAN_POINT('',(-6.479720474,4.174816726,2.040082467));
#4387=CARTESIAN_POINT('',(-6.479720471,4.174815134,2.040120505));
#4388=CARTESIAN_POINT('',(-6.479720466,4.174813542,2.040158543));
#4389=CARTESIAN_POINT('',(-6.47969617,4.167687127,2.210423459));
#4390=CARTESIAN_POINT('',(-6.427069678,4.160194347,2.372350507));
#4391=CARTESIAN_POINT('',(-6.326991249,4.153068318,2.510096647));
#4392=CARTESIAN_POINT('',(-6.326968891,4.153066726,2.510127421));
#4393=CARTESIAN_POINT('',(-6.326946531,4.153065134,2.510158192));
#4394=CARTESIAN_POINT('',(-6.326924168,4.153063542,2.510188963));
#4395=CARTESIAN_POINT('',(-6.226825306,4.145937127,2.647921893));
#4396=CARTESIAN_POINT('',(-6.089071249,4.138444347,2.747990551));
#4397=CARTESIAN_POINT('',(-5.92714095,4.131318318,2.800604895));
#4398=CARTESIAN_POINT('',(-5.927104774,4.131316726,2.800616649));
#4399=CARTESIAN_POINT('',(-5.927068597,4.131315134,2.800628401));
#4400=CARTESIAN_POINT('',(-5.927032419,4.131313542,2.80064015));
#4401=CARTESIAN_POINT('',(-5.765093353,4.124187127,2.853231795));
#4402=CARTESIAN_POINT('',(-5.594829098,4.116694347,2.853219238));
#4403=CARTESIAN_POINT('',(-5.432898799,4.109568318,2.800604895));
#4404=CARTESIAN_POINT('',(-5.432862623,4.109566726,2.80059314));
#4405=CARTESIAN_POINT('',(-5.432826448,4.109565134,2.800581383));
#4406=CARTESIAN_POINT('',(-5.432790273,4.109563542,2.800569624));
#4407=CARTESIAN_POINT('',(-5.270866223,4.102437127,2.747931764));
#4408=CARTESIAN_POINT('',(-5.133126929,4.094944347,2.647842787));
#4409=CARTESIAN_POINT('',(-5.0330485,4.087818318,2.510096647));
#4410=CARTESIAN_POINT('',(-5.033026142,4.087816726,2.510065874));
#4411=CARTESIAN_POINT('',(-5.033003786,4.087815134,2.510035099));
#4412=CARTESIAN_POINT('',(-5.032981432,4.087813542,2.510004323));
#4413=CARTESIAN_POINT('',(-4.932921881,4.080687127,2.372242831));
#4414=CARTESIAN_POINT('',(-4.880319276,4.073194347,2.210308021));
#4415=CARTESIAN_POINT('',(-4.880319276,4.066068318,2.040044429));
#4416=CARTESIAN_POINT('',(-4.880319276,4.066066726,2.040006391));
#4417=CARTESIAN_POINT('',(-4.880319279,4.066065134,2.039968353));
#4418=CARTESIAN_POINT('',(-4.880319284,4.066063542,2.039930315));
#4419=CARTESIAN_POINT('',(-4.88034358,4.058937127,1.869665399));
#4420=CARTESIAN_POINT('',(-4.932970071,4.051444347,1.707738351));
#4421=CARTESIAN_POINT('',(-5.0330485,4.044318318,1.569992211));
#4422=CARTESIAN_POINT('',(-5.033070858,4.044316726,1.569961437));
#4423=CARTESIAN_POINT('',(-5.033093218,4.044315134,1.569930666));
#4424=CARTESIAN_POINT('',(-5.033115581,4.044313542,1.569899895));
#4425=CARTESIAN_POINT('',(-5.133214444,4.037187127,1.432166965));
#4426=CARTESIAN_POINT('',(-5.2709685,4.029694347,1.332098307));
#4427=CARTESIAN_POINT('',(-5.432898799,4.022568318,1.279483963));
#4428=CARTESIAN_POINT('',(-5.432934975,4.022566726,1.279472209));
#4429=CARTESIAN_POINT('',(-5.432971152,4.022565134,1.279460457));
#4430=CARTESIAN_POINT('',(-5.43300733,4.022563542,1.279448708));
#4431=CARTESIAN_POINT('',(-5.594946397,4.015437127,1.226857063));
#4432=CARTESIAN_POINT('',(-5.765210651,4.007944347,1.22686962));
#4433=CARTESIAN_POINT('',(-5.92714095,4.000818318,1.279483963));
#4434=CARTESIAN_POINT('',(-5.927177126,4.000816726,1.279495718));
#4435=CARTESIAN_POINT('',(-5.927213301,4.000815134,1.279507475));
#4436=CARTESIAN_POINT('',(-5.927249476,4.000813542,1.279519234));
#4437=CARTESIAN_POINT('',(-6.089173527,3.993687127,1.332157094));
#4438=CARTESIAN_POINT('',(-6.226912821,3.986194347,1.432246071));
#4439=CARTESIAN_POINT('',(-6.326991249,3.979068318,1.569992211));
#4440=CARTESIAN_POINT('',(-6.327013607,3.979066726,1.570022984));
#4441=CARTESIAN_POINT('',(-6.327035963,3.979065134,1.570053759));
#4442=CARTESIAN_POINT('',(-6.327058317,3.979063542,1.570084535));
#4443=CARTESIAN_POINT('',(-6.427117868,3.971937127,1.707846027));
#4444=CARTESIAN_POINT('',(-6.479720474,3.964444347,1.869780837));
#4445=CARTESIAN_POINT('',(-6.479720474,3.957318318,2.040044429));
#4446=CARTESIAN_POINT('',(-6.479720474,3.957316726,2.040082467));
#4447=CARTESIAN_POINT('',(-6.479720471,3.957315134,2.040120505));
#4448=CARTESIAN_POINT('',(-6.479720466,3.957313542,2.040158543));
#4449=CARTESIAN_POINT('',(-6.47969617,3.950187127,2.210423459));
#4450=CARTESIAN_POINT('',(-6.427069678,3.942694347,2.372350507));
#4451=CARTESIAN_POINT('',(-6.326991249,3.935568318,2.510096647));
#4452=CARTESIAN_POINT('',(-6.326968891,3.935566726,2.510127421));
#4453=CARTESIAN_POINT('',(-6.326946531,3.935565134,2.510158192));
#4454=CARTESIAN_POINT('',(-6.326924168,3.935563542,2.510188963));
#4455=CARTESIAN_POINT('',(-6.226825306,3.928437127,2.647921893));
#4456=CARTESIAN_POINT('',(-6.089071249,3.920944347,2.747990551));
#4457=CARTESIAN_POINT('',(-5.92714095,3.913818318,2.800604895));
#4458=CARTESIAN_POINT('',(-5.927104774,3.913816726,2.800616649));
#4459=CARTESIAN_POINT('',(-5.927068597,3.913815134,2.800628401));
#4460=CARTESIAN_POINT('',(-5.927032419,3.913813542,2.80064015));
#4461=CARTESIAN_POINT('',(-5.765093353,3.906687127,2.853231795));
#4462=CARTESIAN_POINT('',(-5.594829098,3.899194347,2.853219238));
#4463=CARTESIAN_POINT('',(-5.432898799,3.892068318,2.800604895));
#4464=CARTESIAN_POINT('',(-5.432862623,3.892066726,2.80059314));
#4465=CARTESIAN_POINT('',(-5.432826448,3.892065134,2.800581383));
#4466=CARTESIAN_POINT('',(-5.432790273,3.892063542,2.800569624));
#4467=CARTESIAN_POINT('',(-5.270866223,3.884937127,2.747931764));
#4468=CARTESIAN_POINT('',(-5.133126929,3.877444347,2.647842787));
#4469=CARTESIAN_POINT('',(-5.0330485,3.870318318,2.510096647));
#4470=CARTESIAN_POINT('',(-5.033026142,3.870316726,2.510065874));
#4471=CARTESIAN_POINT('',(-5.033003786,3.870315134,2.510035099));
#4472=CARTESIAN_POINT('',(-5.032981432,3.870313542,2.510004323));
#4473=CARTESIAN_POINT('',(-4.932921881,3.863187127,2.372242831));
#4474=CARTESIAN_POINT('',(-4.880319276,3.855694347,2.210308021));
#4475=CARTESIAN_POINT('',(-4.880319276,3.848568318,2.040044429));
#4476=CARTESIAN_POINT('',(-4.880319276,3.848566726,2.040006391));
#4477=CARTESIAN_POINT('',(-4.880319279,3.848565134,2.039968353));
#4478=CARTESIAN_POINT('',(-4.880319284,3.848563542,2.039930315));
#4479=CARTESIAN_POINT('',(-4.88034358,3.841437127,1.869665399));
#4480=CARTESIAN_POINT('',(-4.932970071,3.833944347,1.707738351));
#4481=CARTESIAN_POINT('',(-5.0330485,3.826818318,1.569992211));
#4482=CARTESIAN_POINT('',(-5.033070858,3.826816726,1.569961437));
#4483=CARTESIAN_POINT('',(-5.033093218,3.826815134,1.569930666));
#4484=CARTESIAN_POINT('',(-5.033115581,3.826813542,1.569899895));
#4485=CARTESIAN_POINT('',(-5.133214444,3.819687127,1.432166965));
#4486=CARTESIAN_POINT('',(-5.2709685,3.812194347,1.332098307));
#4487=CARTESIAN_POINT('',(-5.432898799,3.805068318,1.279483963));
#4488=CARTESIAN_POINT('',(-5.432934975,3.805066726,1.279472209));
#4489=CARTESIAN_POINT('',(-5.432971152,3.805065134,1.279460457));
#4490=CARTESIAN_POINT('',(-5.43300733,3.805063542,1.279448708));
#4491=CARTESIAN_POINT('',(-5.594946397,3.797937127,1.226857063));
#4492=CARTESIAN_POINT('',(-5.765210651,3.790444347,1.22686962));
#4493=CARTESIAN_POINT('',(-5.92714095,3.783318318,1.279483963));
#4494=CARTESIAN_POINT('',(-5.927177126,3.783316726,1.279495718));
#4495=CARTESIAN_POINT('',(-5.927213301,3.783315134,1.279507475));
#4496=CARTESIAN_POINT('',(-5.927249476,3.783313542,1.279519234));
#4497=CARTESIAN_POINT('',(-6.089173527,3.776187127,1.332157094));
#4498=CARTESIAN_POINT('',(-6.226912821,3.768694347,1.432246071));
#4499=CARTESIAN_POINT('',(-6.326991249,3.761568318,1.569992211));
#4500=CARTESIAN_POINT('',(-6.327013607,3.761566726,1.570022984));
#4501=CARTESIAN_POINT('',(-6.327035963,3.761565134,1.570053759));
#4502=CARTESIAN_POINT('',(-6.327058317,3.761563542,1.570084535));
#4503=CARTESIAN_POINT('',(-6.427117868,3.754437127,1.707846027));
#4504=CARTESIAN_POINT('',(-6.479720474,3.746944347,1.869780837));
#4505=CARTESIAN_POINT('',(-6.479720474,3.739818318,2.040044429));
#4506=CARTESIAN_POINT('',(-6.479720474,3.739816726,2.040082467));
#4507=CARTESIAN_POINT('',(-6.479720471,3.739815134,2.040120505));
#4508=CARTESIAN_POINT('',(-6.479720466,3.739813542,2.040158543));
#4509=CARTESIAN_POINT('',(-6.47969617,3.732687127,2.210423459));
#4510=CARTESIAN_POINT('',(-6.427069678,3.725194347,2.372350507));
#4511=CARTESIAN_POINT('',(-6.326991249,3.718068318,2.510096647));
#4512=CARTESIAN_POINT('',(-6.326968891,3.718066726,2.510127421));
#4513=CARTESIAN_POINT('',(-6.326946531,3.718065134,2.510158192));
#4514=CARTESIAN_POINT('',(-6.326924168,3.718063542,2.510188963));
#4515=CARTESIAN_POINT('',(-6.226825306,3.710937127,2.647921893));
#4516=CARTESIAN_POINT('',(-6.089071249,3.703444347,2.747990551));
#4517=CARTESIAN_POINT('',(-5.92714095,3.696318318,2.800604895));
#4518=CARTESIAN_POINT('',(-5.927104774,3.696316726,2.800616649));
#4519=CARTESIAN_POINT('',(-5.927068597,3.696315134,2.800628401));
#4520=CARTESIAN_POINT('',(-5.927032419,3.696313542,2.80064015));
#4521=CARTESIAN_POINT('',(-5.765093353,3.689187127,2.853231795));
#4522=CARTESIAN_POINT('',(-5.594829098,3.681694347,2.853219238));
#4523=CARTESIAN_POINT('',(-5.432898799,3.674568318,2.800604895));
#4524=CARTESIAN_POINT('',(-5.432862623,3.674566726,2.80059314));
#4525=CARTESIAN_POINT('',(-5.432826448,3.674565134,2.800581383));
#4526=CARTESIAN_POINT('',(-5.432790273,3.674563542,2.800569624));
#4527=CARTESIAN_POINT('',(-5.326148199,3.669870134,2.765902688));
#4528=CARTESIAN_POINT('',(-5.228600001,3.664944694,2.709748794));
#4529=CARTESIAN_POINT('',(-5.144675607,3.660000583,2.634121498));
#4530=CARTESIAN_POINT('',(-5.144553578,3.659993394,2.634011533));
#4531=CARTESIAN_POINT('',(-5.144431549,3.659986205,2.633901568));
#4532=CARTESIAN_POINT('',(-5.14430952,3.659979016,2.633791603));
#4533=CARTESIAN_POINT('',(-6.350006408,6.359980125,1.837268579));
#4534=CARTESIAN_POINT('',(-6.370025395,6.356506495,1.903412805));
#4535=CARTESIAN_POINT('',(-6.380019875,6.353095355,1.971507256));
#4536=CARTESIAN_POINT('',(-6.380019875,6.349818318,2.040044429));
#4537=CARTESIAN_POINT('',(-6.380019875,6.349816726,2.040077725));
#4538=CARTESIAN_POINT('',(-6.380019873,6.349815134,2.04011102));
#4539=CARTESIAN_POINT('',(-6.380019868,6.349813542,2.040144316));
#4540=CARTESIAN_POINT('',(-6.379998601,6.342687127,2.189181895));
#4541=CARTESIAN_POINT('',(-6.333933181,6.335194347,2.330921109));
#4542=CARTESIAN_POINT('',(-6.246331771,6.328068318,2.451494106));
#4543=CARTESIAN_POINT('',(-6.2463122,6.328066726,2.451521043));
#4544=CARTESIAN_POINT('',(-6.246292628,6.328065134,2.451547978));
#4545=CARTESIAN_POINT('',(-6.246273053,6.328063542,2.451574912));
#4546=CARTESIAN_POINT('',(-6.158653757,6.320937127,2.572136346));
#4547=CARTESIAN_POINT('',(-6.03807383,6.313444347,2.659729204));
#4548=CARTESIAN_POINT('',(-5.896331771,6.306318318,2.70578399));
#4549=CARTESIAN_POINT('',(-5.896300105,6.306316726,2.705794279));
#4550=CARTESIAN_POINT('',(-5.896268438,6.306315134,2.705804566));
#4551=CARTESIAN_POINT('',(-5.896236771,6.306313542,2.70581485));
#4552=CARTESIAN_POINT('',(-5.754487038,6.299187127,2.751849769));
#4553=CARTESIAN_POINT('',(-5.605450038,6.291694347,2.751838777));
#4554=CARTESIAN_POINT('',(-5.463707979,6.284568318,2.70578399));
#4555=CARTESIAN_POINT('',(-5.463676313,6.284566726,2.705773701));
#4556=CARTESIAN_POINT('',(-5.463644648,6.284565134,2.70576341));
#4557=CARTESIAN_POINT('',(-5.463612983,6.284563542,2.705753116));
#4558=CARTESIAN_POINT('',(-5.321876394,6.277437127,2.659677746));
#4559=CARTESIAN_POINT('',(-5.201309389,6.269944347,2.572067103));
#4560=CARTESIAN_POINT('',(-5.113707979,6.262818318,2.451494106));
#4561=CARTESIAN_POINT('',(-5.113688408,6.262816726,2.451467169));
#4562=CARTESIAN_POINT('',(-5.11366884,6.262815134,2.451440231));
#4563=CARTESIAN_POINT('',(-5.113649273,6.262813542,2.451413292));
#4564=CARTESIAN_POINT('',(-5.026064387,6.255687127,2.330826856));
#4565=CARTESIAN_POINT('',(-4.980019875,6.248194347,2.189080849));
#4566=CARTESIAN_POINT('',(-4.980019875,6.241068318,2.040044429));
#4567=CARTESIAN_POINT('',(-4.980019875,6.241066726,2.040011133));
#4568=CARTESIAN_POINT('',(-4.980019877,6.241065134,2.039977838));
#4569=CARTESIAN_POINT('',(-4.980019882,6.241063542,2.039944542));
#4570=CARTESIAN_POINT('',(-4.980041149,6.233937127,1.890906963));
#4571=CARTESIAN_POINT('',(-5.026106569,6.226444347,1.749167749));
#4572=CARTESIAN_POINT('',(-5.113707979,6.219318318,1.628594752));
#4573=CARTESIAN_POINT('',(-5.11372755,6.219316726,1.628567815));
#4574=CARTESIAN_POINT('',(-5.113747122,6.219315134,1.62854088));
#4575=CARTESIAN_POINT('',(-5.113766697,6.219313542,1.628513946));
#4576=CARTESIAN_POINT('',(-5.201385993,6.212187127,1.507952512));
#4577=CARTESIAN_POINT('',(-5.32196592,6.204694347,1.420359654));
#4578=CARTESIAN_POINT('',(-5.463707979,6.197568318,1.374304868));
#4579=CARTESIAN_POINT('',(-5.463739645,6.197566726,1.374294579));
#4580=CARTESIAN_POINT('',(-5.463771312,6.197565134,1.374284292));
#4581=CARTESIAN_POINT('',(-5.463802979,6.197563542,1.374274008));
#4582=CARTESIAN_POINT('',(-5.605552712,6.190437127,1.328239089));
#4583=CARTESIAN_POINT('',(-5.754589712,6.182944347,1.328250081));
#4584=CARTESIAN_POINT('',(-5.896331771,6.175818318,1.374304868));
#4585=CARTESIAN_POINT('',(-5.896363437,6.175816726,1.374315157));
#4586=CARTESIAN_POINT('',(-5.896395102,6.175815134,1.374325448));
#4587=CARTESIAN_POINT('',(-5.896426767,6.175813542,1.374335742));
#4588=CARTESIAN_POINT('',(-6.038163356,6.168687127,1.420411112));
#4589=CARTESIAN_POINT('',(-6.158730361,6.161194347,1.508021755));
#4590=CARTESIAN_POINT('',(-6.246331771,6.154068318,1.628594752));
#4591=CARTESIAN_POINT('',(-6.246351342,6.154066726,1.628621689));
#4592=CARTESIAN_POINT('',(-6.24637091,6.154065134,1.628648627));
#4593=CARTESIAN_POINT('',(-6.246390477,6.154063542,1.628675566));
#4594=CARTESIAN_POINT('',(-6.333975363,6.146937127,1.749262002));
#4595=CARTESIAN_POINT('',(-6.380019875,6.139444347,1.891008009));
#4596=CARTESIAN_POINT('',(-6.380019875,6.132318318,2.040044429));
#4597=CARTESIAN_POINT('',(-6.380019875,6.132316726,2.040077725));
#4598=CARTESIAN_POINT('',(-6.380019873,6.132315134,2.04011102));
#4599=CARTESIAN_POINT('',(-6.380019868,6.132313542,2.040144316));
#4600=CARTESIAN_POINT('',(-6.379998601,6.125187127,2.189181895));
#4601=CARTESIAN_POINT('',(-6.333933181,6.117694347,2.330921109));
#4602=CARTESIAN_POINT('',(-6.246331771,6.110568318,2.451494106));
#4603=CARTESIAN_POINT('',(-6.2463122,6.110566726,2.451521043));
#4604=CARTESIAN_POINT('',(-6.246292628,6.110565134,2.451547978));
#4605=CARTESIAN_POINT('',(-6.246273053,6.110563542,2.451574912));
#4606=CARTESIAN_POINT('',(-6.158653757,6.103437127,2.572136346));
#4607=CARTESIAN_POINT('',(-6.03807383,6.095944347,2.659729204));
#4608=CARTESIAN_POINT('',(-5.896331771,6.088818318,2.70578399));
#4609=CARTESIAN_POINT('',(-5.896300105,6.088816726,2.705794279));
#4610=CARTESIAN_POINT('',(-5.896268438,6.088815134,2.705804566));
#4611=CARTESIAN_POINT('',(-5.896236771,6.088813542,2.70581485));
#4612=CARTESIAN_POINT('',(-5.754487038,6.081687127,2.751849769));
#4613=CARTESIAN_POINT('',(-5.605450038,6.074194347,2.751838777));
#4614=CARTESIAN_POINT('',(-5.463707979,6.067068318,2.70578399));
#4615=CARTESIAN_POINT('',(-5.463676313,6.067066726,2.705773701));
#4616=CARTESIAN_POINT('',(-5.463644648,6.067065134,2.70576341));
#4617=CARTESIAN_POINT('',(-5.463612983,6.067063542,2.705753116));
#4618=CARTESIAN_POINT('',(-5.321876394,6.059937127,2.659677746));
#4619=CARTESIAN_POINT('',(-5.201309389,6.052444347,2.572067103));
#4620=CARTESIAN_POINT('',(-5.113707979,6.045318318,2.451494106));
#4621=CARTESIAN_POINT('',(-5.113688408,6.045316726,2.451467169));
#4622=CARTESIAN_POINT('',(-5.11366884,6.045315134,2.451440231));
#4623=CARTESIAN_POINT('',(-5.113649273,6.045313542,2.451413292));
#4624=CARTESIAN_POINT('',(-5.026064387,6.038187127,2.330826856));
#4625=CARTESIAN_POINT('',(-4.980019875,6.030694347,2.189080849));
#4626=CARTESIAN_POINT('',(-4.980019875,6.023568318,2.040044429));
#4627=CARTESIAN_POINT('',(-4.980019875,6.023566726,2.040011133));
#4628=CARTESIAN_POINT('',(-4.980019877,6.023565134,2.039977838));
#4629=CARTESIAN_POINT('',(-4.980019882,6.023563542,2.039944542));
#4630=CARTESIAN_POINT('',(-4.980041149,6.016437127,1.890906963));
#4631=CARTESIAN_POINT('',(-5.026106569,6.008944347,1.749167749));
#4632=CARTESIAN_POINT('',(-5.113707979,6.001818318,1.628594752));
#4633=CARTESIAN_POINT('',(-5.11372755,6.001816726,1.628567815));
#4634=CARTESIAN_POINT('',(-5.113747122,6.001815134,1.62854088));
#4635=CARTESIAN_POINT('',(-5.113766697,6.001813542,1.628513946));
#4636=CARTESIAN_POINT('',(-5.201385993,5.994687127,1.507952512));
#4637=CARTESIAN_POINT('',(-5.32196592,5.987194347,1.420359654));
#4638=CARTESIAN_POINT('',(-5.463707979,5.980068318,1.374304868));
#4639=CARTESIAN_POINT('',(-5.463739645,5.980066726,1.374294579));
#4640=CARTESIAN_POINT('',(-5.463771312,5.980065134,1.374284292));
#4641=CARTESIAN_POINT('',(-5.463802979,5.980063542,1.374274008));
#4642=CARTESIAN_POINT('',(-5.605552712,5.972937127,1.328239089));
#4643=CARTESIAN_POINT('',(-5.754589712,5.965444347,1.328250081));
#4644=CARTESIAN_POINT('',(-5.896331771,5.958318318,1.374304868));
#4645=CARTESIAN_POINT('',(-5.896363437,5.958316726,1.374315157));
#4646=CARTESIAN_POINT('',(-5.896395102,5.958315134,1.374325448));
#4647=CARTESIAN_POINT('',(-5.896426767,5.958313542,1.374335742));
#4648=CARTESIAN_POINT('',(-6.038163356,5.951187127,1.420411112));
#4649=CARTESIAN_POINT('',(-6.158730361,5.943694347,1.508021755));
#4650=CARTESIAN_POINT('',(-6.246331771,5.936568318,1.628594752));
#4651=CARTESIAN_POINT('',(-6.246351342,5.936566726,1.628621689));
#4652=CARTESIAN_POINT('',(-6.24637091,5.936565134,1.628648627));
#4653=CARTESIAN_POINT('',(-6.246390477,5.936563542,1.628675566));
#4654=CARTESIAN_POINT('',(-6.333975363,5.929437127,1.749262002));
#4655=CARTESIAN_POINT('',(-6.380019875,5.921944347,1.891008009));
#4656=CARTESIAN_POINT('',(-6.380019875,5.914818318,2.040044429));
#4657=CARTESIAN_POINT('',(-6.380019875,5.914816726,2.040077725));
#4658=CARTESIAN_POINT('',(-6.380019873,5.914815134,2.04011102));
#4659=CARTESIAN_POINT('',(-6.380019868,5.914813542,2.040144316));
#4660=CARTESIAN_POINT('',(-6.379998601,5.907687127,2.189181895));
#4661=CARTESIAN_POINT('',(-6.333933181,5.900194347,2.330921109));
#4662=CARTESIAN_POINT('',(-6.246331771,5.893068318,2.451494106));
#4663=CARTESIAN_POINT('',(-6.2463122,5.893066726,2.451521043));
#4664=CARTESIAN_POINT('',(-6.246292628,5.893065134,2.451547978));
#4665=CARTESIAN_POINT('',(-6.246273053,5.893063542,2.451574912));
#4666=CARTESIAN_POINT('',(-6.158653757,5.885937127,2.572136346));
#4667=CARTESIAN_POINT('',(-6.03807383,5.878444347,2.659729204));
#4668=CARTESIAN_POINT('',(-5.896331771,5.871318318,2.70578399));
#4669=CARTESIAN_POINT('',(-5.896300105,5.871316726,2.705794279));
#4670=CARTESIAN_POINT('',(-5.896268438,5.871315134,2.705804566));
#4671=CARTESIAN_POINT('',(-5.896236771,5.871313542,2.70581485));
#4672=CARTESIAN_POINT('',(-5.754487038,5.864187127,2.751849769));
#4673=CARTESIAN_POINT('',(-5.605450038,5.856694347,2.751838777));
#4674=CARTESIAN_POINT('',(-5.463707979,5.849568318,2.70578399));
#4675=CARTESIAN_POINT('',(-5.463676313,5.849566726,2.705773701));
#4676=CARTESIAN_POINT('',(-5.463644648,5.849565134,2.70576341));
#4677=CARTESIAN_POINT('',(-5.463612983,5.849563542,2.705753116));
#4678=CARTESIAN_POINT('',(-5.321876394,5.842437127,2.659677746));
#4679=CARTESIAN_POINT('',(-5.201309389,5.834944347,2.572067103));
#4680=CARTESIAN_POINT('',(-5.113707979,5.827818318,2.451494106));
#4681=CARTESIAN_POINT('',(-5.113688408,5.827816726,2.451467169));
#4682=CARTESIAN_POINT('',(-5.11366884,5.827815134,2.451440231));
#4683=CARTESIAN_POINT('',(-5.113649273,5.827813542,2.451413292));
#4684=CARTESIAN_POINT('',(-5.026064387,5.820687127,2.330826856));
#4685=CARTESIAN_POINT('',(-4.980019875,5.813194347,2.189080849));
#4686=CARTESIAN_POINT('',(-4.980019875,5.806068318,2.040044429));
#4687=CARTESIAN_POINT('',(-4.980019875,5.806066726,2.040011133));
#4688=CARTESIAN_POINT('',(-4.980019877,5.806065134,2.039977838));
#4689=CARTESIAN_POINT('',(-4.980019882,5.806063542,2.039944542));
#4690=CARTESIAN_POINT('',(-4.980041149,5.798937127,1.890906963));
#4691=CARTESIAN_POINT('',(-5.026106569,5.791444347,1.749167749));
#4692=CARTESIAN_POINT('',(-5.113707979,5.784318318,1.628594752));
#4693=CARTESIAN_POINT('',(-5.11372755,5.784316726,1.628567815));
#4694=CARTESIAN_POINT('',(-5.113747122,5.784315134,1.62854088));
#4695=CARTESIAN_POINT('',(-5.113766697,5.784313542,1.628513946));
#4696=CARTESIAN_POINT('',(-5.201385993,5.777187127,1.507952512));
#4697=CARTESIAN_POINT('',(-5.32196592,5.769694347,1.420359654));
#4698=CARTESIAN_POINT('',(-5.463707979,5.762568318,1.374304868));
#4699=CARTESIAN_POINT('',(-5.463739645,5.762566726,1.374294579));
#4700=CARTESIAN_POINT('',(-5.463771312,5.762565134,1.374284292));
#4701=CARTESIAN_POINT('',(-5.463802979,5.762563542,1.374274008));
#4702=CARTESIAN_POINT('',(-5.605552712,5.755437127,1.328239089));
#4703=CARTESIAN_POINT('',(-5.754589712,5.747944347,1.328250081));
#4704=CARTESIAN_POINT('',(-5.896331771,5.740818318,1.374304868));
#4705=CARTESIAN_POINT('',(-5.896363437,5.740816726,1.374315157));
#4706=CARTESIAN_POINT('',(-5.896395102,5.740815134,1.374325448));
#4707=CARTESIAN_POINT('',(-5.896426767,5.740813542,1.374335742));
#4708=CARTESIAN_POINT('',(-6.038163356,5.733687127,1.420411112));
#4709=CARTESIAN_POINT('',(-6.158730361,5.726194347,1.508021755));
#4710=CARTESIAN_POINT('',(-6.246331771,5.719068318,1.628594752));
#4711=CARTESIAN_POINT('',(-6.246351342,5.719066726,1.628621689));
#4712=CARTESIAN_POINT('',(-6.24637091,5.719065134,1.628648627));
#4713=CARTESIAN_POINT('',(-6.246390477,5.719063542,1.628675566));
#4714=CARTESIAN_POINT('',(-6.333975363,5.711937127,1.749262002));
#4715=CARTESIAN_POINT('',(-6.380019875,5.704444347,1.891008009));
#4716=CARTESIAN_POINT('',(-6.380019875,5.697318318,2.040044429));
#4717=CARTESIAN_POINT('',(-6.380019875,5.697316726,2.040077725));
#4718=CARTESIAN_POINT('',(-6.380019873,5.697315134,2.04011102));
#4719=CARTESIAN_POINT('',(-6.380019868,5.697313542,2.040144316));
#4720=CARTESIAN_POINT('',(-6.379998601,5.690187127,2.189181895));
#4721=CARTESIAN_POINT('',(-6.333933181,5.682694347,2.330921109));
#4722=CARTESIAN_POINT('',(-6.246331771,5.675568318,2.451494106));
#4723=CARTESIAN_POINT('',(-6.2463122,5.675566726,2.451521043));
#4724=CARTESIAN_POINT('',(-6.246292628,5.675565134,2.451547978));
#4725=CARTESIAN_POINT('',(-6.246273053,5.675563542,2.451574912));
#4726=CARTESIAN_POINT('',(-6.158653757,5.668437127,2.572136346));
#4727=CARTESIAN_POINT('',(-6.03807383,5.660944347,2.659729204));
#4728=CARTESIAN_POINT('',(-5.896331771,5.653818318,2.70578399));
#4729=CARTESIAN_POINT('',(-5.896300105,5.653816726,2.705794279));
#4730=CARTESIAN_POINT('',(-5.896268438,5.653815134,2.705804566));
#4731=CARTESIAN_POINT('',(-5.896236771,5.653813542,2.70581485));
#4732=CARTESIAN_POINT('',(-5.754487038,5.646687127,2.751849769));
#4733=CARTESIAN_POINT('',(-5.605450038,5.639194347,2.751838777));
#4734=CARTESIAN_POINT('',(-5.463707979,5.632068318,2.70578399));
#4735=CARTESIAN_POINT('',(-5.463676313,5.632066726,2.705773701));
#4736=CARTESIAN_POINT('',(-5.463644648,5.632065134,2.70576341));
#4737=CARTESIAN_POINT('',(-5.463612983,5.632063542,2.705753116));
#4738=CARTESIAN_POINT('',(-5.321876394,5.624937127,2.659677746));
#4739=CARTESIAN_POINT('',(-5.201309389,5.617444347,2.572067103));
#4740=CARTESIAN_POINT('',(-5.113707979,5.610318318,2.451494106));
#4741=CARTESIAN_POINT('',(-5.113688408,5.610316726,2.451467169));
#4742=CARTESIAN_POINT('',(-5.11366884,5.610315134,2.451440231));
#4743=CARTESIAN_POINT('',(-5.113649273,5.610313542,2.451413292));
#4744=CARTESIAN_POINT('',(-5.026064387,5.603187127,2.330826856));
#4745=CARTESIAN_POINT('',(-4.980019875,5.595694347,2.189080849));
#4746=CARTESIAN_POINT('',(-4.980019875,5.588568318,2.040044429));
#4747=CARTESIAN_POINT('',(-4.980019875,5.588566726,2.040011133));
#4748=CARTESIAN_POINT('',(-4.980019877,5.588565134,2.039977838));
#4749=CARTESIAN_POINT('',(-4.980019882,5.588563542,2.039944542));
#4750=CARTESIAN_POINT('',(-4.980041149,5.581437127,1.890906963));
#4751=CARTESIAN_POINT('',(-5.026106569,5.573944347,1.749167749));
#4752=CARTESIAN_POINT('',(-5.113707979,5.566818318,1.628594752));
#4753=CARTESIAN_POINT('',(-5.11372755,5.566816726,1.628567815));
#4754=CARTESIAN_POINT('',(-5.113747122,5.566815134,1.62854088));
#4755=CARTESIAN_POINT('',(-5.113766697,5.566813542,1.628513946));
#4756=CARTESIAN_POINT('',(-5.201385993,5.559687127,1.507952512));
#4757=CARTESIAN_POINT('',(-5.32196592,5.552194347,1.420359654));
#4758=CARTESIAN_POINT('',(-5.463707979,5.545068318,1.374304868));
#4759=CARTESIAN_POINT('',(-5.463739645,5.545066726,1.374294579));
#4760=CARTESIAN_POINT('',(-5.463771312,5.545065134,1.374284292));
#4761=CARTESIAN_POINT('',(-5.463802979,5.545063542,1.374274008));
#4762=CARTESIAN_POINT('',(-5.605552712,5.537937127,1.328239089));
#4763=CARTESIAN_POINT('',(-5.754589712,5.530444347,1.328250081));
#4764=CARTESIAN_POINT('',(-5.896331771,5.523318318,1.374304868));
#4765=CARTESIAN_POINT('',(-5.896363437,5.523316726,1.374315157));
#4766=CARTESIAN_POINT('',(-5.896395102,5.523315134,1.374325448));
#4767=CARTESIAN_POINT('',(-5.896426767,5.523313542,1.374335742));
#4768=CARTESIAN_POINT('',(-6.038163356,5.516187127,1.420411112));
#4769=CARTESIAN_POINT('',(-6.158730361,5.508694347,1.508021755));
#4770=CARTESIAN_POINT('',(-6.246331771,5.501568318,1.628594752));
#4771=CARTESIAN_POINT('',(-6.246351342,5.501566726,1.628621689));
#4772=CARTESIAN_POINT('',(-6.24637091,5.501565134,1.628648627));
#4773=CARTESIAN_POINT('',(-6.246390477,5.501563542,1.628675566));
#4774=CARTESIAN_POINT('',(-6.333975363,5.494437127,1.749262002));
#4775=CARTESIAN_POINT('',(-6.380019875,5.486944347,1.891008009));
#4776=CARTESIAN_POINT('',(-6.380019875,5.479818318,2.040044429));
#4777=CARTESIAN_POINT('',(-6.380019875,5.479816726,2.040077725));
#4778=CARTESIAN_POINT('',(-6.380019873,5.479815134,2.04011102));
#4779=CARTESIAN_POINT('',(-6.380019868,5.479813542,2.040144316));
#4780=CARTESIAN_POINT('',(-6.379998601,5.472687127,2.189181895));
#4781=CARTESIAN_POINT('',(-6.333933181,5.465194347,2.330921109));
#4782=CARTESIAN_POINT('',(-6.246331771,5.458068318,2.451494106));
#4783=CARTESIAN_POINT('',(-6.2463122,5.458066726,2.451521043));
#4784=CARTESIAN_POINT('',(-6.246292628,5.458065134,2.451547978));
#4785=CARTESIAN_POINT('',(-6.246273053,5.458063542,2.451574912));
#4786=CARTESIAN_POINT('',(-6.158653757,5.450937127,2.572136346));
#4787=CARTESIAN_POINT('',(-6.03807383,5.443444347,2.659729204));
#4788=CARTESIAN_POINT('',(-5.896331771,5.436318318,2.70578399));
#4789=CARTESIAN_POINT('',(-5.896300105,5.436316726,2.705794279));
#4790=CARTESIAN_POINT('',(-5.896268438,5.436315134,2.705804566));
#4791=CARTESIAN_POINT('',(-5.896236771,5.436313542,2.70581485));
#4792=CARTESIAN_POINT('',(-5.754487038,5.429187127,2.751849769));
#4793=CARTESIAN_POINT('',(-5.605450038,5.421694347,2.751838777));
#4794=CARTESIAN_POINT('',(-5.463707979,5.414568318,2.70578399));
#4795=CARTESIAN_POINT('',(-5.463676313,5.414566726,2.705773701));
#4796=CARTESIAN_POINT('',(-5.463644648,5.414565134,2.70576341));
#4797=CARTESIAN_POINT('',(-5.463612983,5.414563542,2.705753116));
#4798=CARTESIAN_POINT('',(-5.321876394,5.407437127,2.659677746));
#4799=CARTESIAN_POINT('',(-5.201309389,5.399944347,2.572067103));
#4800=CARTESIAN_POINT('',(-5.113707979,5.392818318,2.451494106));
#4801=CARTESIAN_POINT('',(-5.113688408,5.392816726,2.451467169));
#4802=CARTESIAN_POINT('',(-5.11366884,5.392815134,2.451440231));
#4803=CARTESIAN_POINT('',(-5.113649273,5.392813542,2.451413292));
#4804=CARTESIAN_POINT('',(-5.026064387,5.385687127,2.330826856));
#4805=CARTESIAN_POINT('',(-4.980019875,5.378194347,2.189080849));
#4806=CARTESIAN_POINT('',(-4.980019875,5.371068318,2.040044429));
#4807=CARTESIAN_POINT('',(-4.980019875,5.371066726,2.040011133));
#4808=CARTESIAN_POINT('',(-4.980019877,5.371065134,2.039977838));
#4809=CARTESIAN_POINT('',(-4.980019882,5.371063542,2.039944542));
#4810=CARTESIAN_POINT('',(-4.980041149,5.363937127,1.890906963));
#4811=CARTESIAN_POINT('',(-5.026106569,5.356444347,1.749167749));
#4812=CARTESIAN_POINT('',(-5.113707979,5.349318318,1.628594752));
#4813=CARTESIAN_POINT('',(-5.11372755,5.349316726,1.628567815));
#4814=CARTESIAN_POINT('',(-5.113747122,5.349315134,1.62854088));
#4815=CARTESIAN_POINT('',(-5.113766697,5.349313542,1.628513946));
#4816=CARTESIAN_POINT('',(-5.201385993,5.342187127,1.507952512));
#4817=CARTESIAN_POINT('',(-5.32196592,5.334694347,1.420359654));
#4818=CARTESIAN_POINT('',(-5.463707979,5.327568318,1.374304868));
#4819=CARTESIAN_POINT('',(-5.463739645,5.327566726,1.374294579));
#4820=CARTESIAN_POINT('',(-5.463771312,5.327565134,1.374284292));
#4821=CARTESIAN_POINT('',(-5.463802979,5.327563542,1.374274008));
#4822=CARTESIAN_POINT('',(-5.605552712,5.320437127,1.328239089));
#4823=CARTESIAN_POINT('',(-5.754589712,5.312944347,1.328250081));
#4824=CARTESIAN_POINT('',(-5.896331771,5.305818318,1.374304868));
#4825=CARTESIAN_POINT('',(-5.896363437,5.305816726,1.374315157));
#4826=CARTESIAN_POINT('',(-5.896395102,5.305815134,1.374325448));
#4827=CARTESIAN_POINT('',(-5.896426767,5.305813542,1.374335742));
#4828=CARTESIAN_POINT('',(-6.038163356,5.298687127,1.420411112));
#4829=CARTESIAN_POINT('',(-6.158730361,5.291194347,1.508021755));
#4830=CARTESIAN_POINT('',(-6.246331771,5.284068318,1.628594752));
#4831=CARTESIAN_POINT('',(-6.246351342,5.284066726,1.628621689));
#4832=CARTESIAN_POINT('',(-6.24637091,5.284065134,1.628648627));
#4833=CARTESIAN_POINT('',(-6.246390477,5.284063542,1.628675566));
#4834=CARTESIAN_POINT('',(-6.333975363,5.276937127,1.749262002));
#4835=CARTESIAN_POINT('',(-6.380019875,5.269444347,1.891008009));
#4836=CARTESIAN_POINT('',(-6.380019875,5.262318318,2.040044429));
#4837=CARTESIAN_POINT('',(-6.380019875,5.262316726,2.040077725));
#4838=CARTESIAN_POINT('',(-6.380019873,5.262315134,2.04011102));
#4839=CARTESIAN_POINT('',(-6.380019868,5.262313542,2.040144316));
#4840=CARTESIAN_POINT('',(-6.379998601,5.255187127,2.189181895));
#4841=CARTESIAN_POINT('',(-6.333933181,5.247694347,2.330921109));
#4842=CARTESIAN_POINT('',(-6.246331771,5.240568318,2.451494106));
#4843=CARTESIAN_POINT('',(-6.2463122,5.240566726,2.451521043));
#4844=CARTESIAN_POINT('',(-6.246292628,5.240565134,2.451547978));
#4845=CARTESIAN_POINT('',(-6.246273053,5.240563542,2.451574912));
#4846=CARTESIAN_POINT('',(-6.158653757,5.233437127,2.572136346));
#4847=CARTESIAN_POINT('',(-6.03807383,5.225944347,2.659729204));
#4848=CARTESIAN_POINT('',(-5.896331771,5.218818318,2.70578399));
#4849=CARTESIAN_POINT('',(-5.896300105,5.218816726,2.705794279));
#4850=CARTESIAN_POINT('',(-5.896268438,5.218815134,2.705804566));
#4851=CARTESIAN_POINT('',(-5.896236771,5.218813542,2.70581485));
#4852=CARTESIAN_POINT('',(-5.754487038,5.211687127,2.751849769));
#4853=CARTESIAN_POINT('',(-5.605450038,5.204194347,2.751838777));
#4854=CARTESIAN_POINT('',(-5.463707979,5.197068318,2.70578399));
#4855=CARTESIAN_POINT('',(-5.463676313,5.197066726,2.705773701));
#4856=CARTESIAN_POINT('',(-5.463644648,5.197065134,2.70576341));
#4857=CARTESIAN_POINT('',(-5.463612983,5.197063542,2.705753116));
#4858=CARTESIAN_POINT('',(-5.321876394,5.189937127,2.659677746));
#4859=CARTESIAN_POINT('',(-5.201309389,5.182444347,2.572067103));
#4860=CARTESIAN_POINT('',(-5.113707979,5.175318318,2.451494106));
#4861=CARTESIAN_POINT('',(-5.113688408,5.175316726,2.451467169));
#4862=CARTESIAN_POINT('',(-5.11366884,5.175315134,2.451440231));
#4863=CARTESIAN_POINT('',(-5.113649273,5.175313542,2.451413292));
#4864=CARTESIAN_POINT('',(-5.026064387,5.168187127,2.330826856));
#4865=CARTESIAN_POINT('',(-4.980019875,5.160694347,2.189080849));
#4866=CARTESIAN_POINT('',(-4.980019875,5.153568318,2.040044429));
#4867=CARTESIAN_POINT('',(-4.980019875,5.153566726,2.040011133));
#4868=CARTESIAN_POINT('',(-4.980019877,5.153565134,2.039977838));
#4869=CARTESIAN_POINT('',(-4.980019882,5.153563542,2.039944542));
#4870=CARTESIAN_POINT('',(-4.980041149,5.146437127,1.890906963));
#4871=CARTESIAN_POINT('',(-5.026106569,5.138944347,1.749167749));
#4872=CARTESIAN_POINT('',(-5.113707979,5.131818318,1.628594752));
#4873=CARTESIAN_POINT('',(-5.11372755,5.131816726,1.628567815));
#4874=CARTESIAN_POINT('',(-5.113747122,5.131815134,1.62854088));
#4875=CARTESIAN_POINT('',(-5.113766697,5.131813542,1.628513946));
#4876=CARTESIAN_POINT('',(-5.201385993,5.124687127,1.507952512));
#4877=CARTESIAN_POINT('',(-5.32196592,5.117194347,1.420359654));
#4878=CARTESIAN_POINT('',(-5.463707979,5.110068318,1.374304868));
#4879=CARTESIAN_POINT('',(-5.463739645,5.110066726,1.374294579));
#4880=CARTESIAN_POINT('',(-5.463771312,5.110065134,1.374284292));
#4881=CARTESIAN_POINT('',(-5.463802979,5.110063542,1.374274008));
#4882=CARTESIAN_POINT('',(-5.605552712,5.102937127,1.328239089));
#4883=CARTESIAN_POINT('',(-5.754589712,5.095444347,1.328250081));
#4884=CARTESIAN_POINT('',(-5.896331771,5.088318318,1.374304868));
#4885=CARTESIAN_POINT('',(-5.896363437,5.088316726,1.374315157));
#4886=CARTESIAN_POINT('',(-5.896395102,5.088315134,1.374325448));
#4887=CARTESIAN_POINT('',(-5.896426767,5.088313542,1.374335742));
#4888=CARTESIAN_POINT('',(-6.038163356,5.081187127,1.420411112));
#4889=CARTESIAN_POINT('',(-6.158730361,5.073694347,1.508021755));
#4890=CARTESIAN_POINT('',(-6.246331771,5.066568318,1.628594752));
#4891=CARTESIAN_POINT('',(-6.246351342,5.066566726,1.628621689));
#4892=CARTESIAN_POINT('',(-6.24637091,5.066565134,1.628648627));
#4893=CARTESIAN_POINT('',(-6.246390477,5.066563542,1.628675566));
#4894=CARTESIAN_POINT('',(-6.333975363,5.059437127,1.749262002));
#4895=CARTESIAN_POINT('',(-6.380019875,5.051944347,1.891008009));
#4896=CARTESIAN_POINT('',(-6.380019875,5.044818318,2.040044429));
#4897=CARTESIAN_POINT('',(-6.380019875,5.044816726,2.040077725));
#4898=CARTESIAN_POINT('',(-6.380019873,5.044815134,2.04011102));
#4899=CARTESIAN_POINT('',(-6.380019868,5.044813542,2.040144316));
#4900=CARTESIAN_POINT('',(-6.379998601,5.037687127,2.189181895));
#4901=CARTESIAN_POINT('',(-6.333933181,5.030194347,2.330921109));
#4902=CARTESIAN_POINT('',(-6.246331771,5.023068318,2.451494106));
#4903=CARTESIAN_POINT('',(-6.2463122,5.023066726,2.451521043));
#4904=CARTESIAN_POINT('',(-6.246292628,5.023065134,2.451547978));
#4905=CARTESIAN_POINT('',(-6.246273053,5.023063542,2.451574912));
#4906=CARTESIAN_POINT('',(-6.158653757,5.015937127,2.572136346));
#4907=CARTESIAN_POINT('',(-6.03807383,5.008444347,2.659729204));
#4908=CARTESIAN_POINT('',(-5.896331771,5.001318318,2.70578399));
#4909=CARTESIAN_POINT('',(-5.896300105,5.001316726,2.705794279));
#4910=CARTESIAN_POINT('',(-5.896268438,5.001315134,2.705804566));
#4911=CARTESIAN_POINT('',(-5.896236771,5.001313542,2.70581485));
#4912=CARTESIAN_POINT('',(-5.754487038,4.994187127,2.751849769));
#4913=CARTESIAN_POINT('',(-5.605450038,4.986694347,2.751838777));
#4914=CARTESIAN_POINT('',(-5.463707979,4.979568318,2.70578399));
#4915=CARTESIAN_POINT('',(-5.463676313,4.979566726,2.705773701));
#4916=CARTESIAN_POINT('',(-5.463644648,4.979565134,2.70576341));
#4917=CARTESIAN_POINT('',(-5.463612983,4.979563542,2.705753116));
#4918=CARTESIAN_POINT('',(-5.321876394,4.972437127,2.659677746));
#4919=CARTESIAN_POINT('',(-5.201309389,4.964944347,2.572067103));
#4920=CARTESIAN_POINT('',(-5.113707979,4.957818318,2.451494106));
#4921=CARTESIAN_POINT('',(-5.113688408,4.957816726,2.451467169));
#4922=CARTESIAN_POINT('',(-5.11366884,4.957815134,2.451440231));
#4923=CARTESIAN_POINT('',(-5.113649273,4.957813542,2.451413292));
#4924=CARTESIAN_POINT('',(-5.026064387,4.950687127,2.330826856));
#4925=CARTESIAN_POINT('',(-4.980019875,4.943194347,2.189080849));
#4926=CARTESIAN_POINT('',(-4.980019875,4.936068318,2.040044429));
#4927=CARTESIAN_POINT('',(-4.980019875,4.936066726,2.040011133));
#4928=CARTESIAN_POINT('',(-4.980019877,4.936065134,2.039977838));
#4929=CARTESIAN_POINT('',(-4.980019882,4.936063542,2.039944542));
#4930=CARTESIAN_POINT('',(-4.980041149,4.928937127,1.890906963));
#4931=CARTESIAN_POINT('',(-5.026106569,4.921444347,1.749167749));
#4932=CARTESIAN_POINT('',(-5.113707979,4.914318318,1.628594752));
#4933=CARTESIAN_POINT('',(-5.11372755,4.914316726,1.628567815));
#4934=CARTESIAN_POINT('',(-5.113747122,4.914315134,1.62854088));
#4935=CARTESIAN_POINT('',(-5.113766697,4.914313542,1.628513946));
#4936=CARTESIAN_POINT('',(-5.201385993,4.907187127,1.507952512));
#4937=CARTESIAN_POINT('',(-5.32196592,4.899694347,1.420359654));
#4938=CARTESIAN_POINT('',(-5.463707979,4.892568318,1.374304868));
#4939=CARTESIAN_POINT('',(-5.463739645,4.892566726,1.374294579));
#4940=CARTESIAN_POINT('',(-5.463771312,4.892565134,1.374284292));
#4941=CARTESIAN_POINT('',(-5.463802979,4.892563542,1.374274008));
#4942=CARTESIAN_POINT('',(-5.605552712,4.885437127,1.328239089));
#4943=CARTESIAN_POINT('',(-5.754589712,4.877944347,1.328250081));
#4944=CARTESIAN_POINT('',(-5.896331771,4.870818318,1.374304868));
#4945=CARTESIAN_POINT('',(-5.896363437,4.870816726,1.374315157));
#4946=CARTESIAN_POINT('',(-5.896395102,4.870815134,1.374325448));
#4947=CARTESIAN_POINT('',(-5.896426767,4.870813542,1.374335742));
#4948=CARTESIAN_POINT('',(-6.038163356,4.863687127,1.420411112));
#4949=CARTESIAN_POINT('',(-6.158730361,4.856194347,1.508021755));
#4950=CARTESIAN_POINT('',(-6.246331771,4.849068318,1.628594752));
#4951=CARTESIAN_POINT('',(-6.246351342,4.849066726,1.628621689));
#4952=CARTESIAN_POINT('',(-6.24637091,4.849065134,1.628648627));
#4953=CARTESIAN_POINT('',(-6.246390477,4.849063542,1.628675566));
#4954=CARTESIAN_POINT('',(-6.333975363,4.841937127,1.749262002));
#4955=CARTESIAN_POINT('',(-6.380019875,4.834444347,1.891008009));
#4956=CARTESIAN_POINT('',(-6.380019875,4.827318318,2.040044429));
#4957=CARTESIAN_POINT('',(-6.380019875,4.827316726,2.040077725));
#4958=CARTESIAN_POINT('',(-6.380019873,4.827315134,2.04011102));
#4959=CARTESIAN_POINT('',(-6.380019868,4.827313542,2.040144316));
#4960=CARTESIAN_POINT('',(-6.379998601,4.820187127,2.189181895));
#4961=CARTESIAN_POINT('',(-6.333933181,4.812694347,2.330921109));
#4962=CARTESIAN_POINT('',(-6.246331771,4.805568318,2.451494106));
#4963=CARTESIAN_POINT('',(-6.2463122,4.805566726,2.451521043));
#4964=CARTESIAN_POINT('',(-6.246292628,4.805565134,2.451547978));
#4965=CARTESIAN_POINT('',(-6.246273053,4.805563542,2.451574912));
#4966=CARTESIAN_POINT('',(-6.158653757,4.798437127,2.572136346));
#4967=CARTESIAN_POINT('',(-6.03807383,4.790944347,2.659729204));
#4968=CARTESIAN_POINT('',(-5.896331771,4.783818318,2.70578399));
#4969=CARTESIAN_POINT('',(-5.896300105,4.783816726,2.705794279));
#4970=CARTESIAN_POINT('',(-5.896268438,4.783815134,2.705804566));
#4971=CARTESIAN_POINT('',(-5.896236771,4.783813542,2.70581485));
#4972=CARTESIAN_POINT('',(-5.754487038,4.776687127,2.751849769));
#4973=CARTESIAN_POINT('',(-5.605450038,4.769194347,2.751838777));
#4974=CARTESIAN_POINT('',(-5.463707979,4.762068318,2.70578399));
#4975=CARTESIAN_POINT('',(-5.463676313,4.762066726,2.705773701));
#4976=CARTESIAN_POINT('',(-5.463644648,4.762065134,2.70576341));
#4977=CARTESIAN_POINT('',(-5.463612983,4.762063542,2.705753116));
#4978=CARTESIAN_POINT('',(-5.321876394,4.754937127,2.659677746));
#4979=CARTESIAN_POINT('',(-5.201309389,4.747444347,2.572067103));
#4980=CARTESIAN_POINT('',(-5.113707979,4.740318318,2.451494106));
#4981=CARTESIAN_POINT('',(-5.113688408,4.740316726,2.451467169));
#4982=CARTESIAN_POINT('',(-5.11366884,4.740315134,2.451440231));
#4983=CARTESIAN_POINT('',(-5.113649273,4.740313542,2.451413292));
#4984=CARTESIAN_POINT('',(-5.026064387,4.733187127,2.330826856));
#4985=CARTESIAN_POINT('',(-4.980019875,4.725694347,2.189080849));
#4986=CARTESIAN_POINT('',(-4.980019875,4.718568318,2.040044429));
#4987=CARTESIAN_POINT('',(-4.980019875,4.718566726,2.040011133));
#4988=CARTESIAN_POINT('',(-4.980019877,4.718565134,2.039977838));
#4989=CARTESIAN_POINT('',(-4.980019882,4.718563542,2.039944542));
#4990=CARTESIAN_POINT('',(-4.980041149,4.711437127,1.890906963));
#4991=CARTESIAN_POINT('',(-5.026106569,4.703944347,1.749167749));
#4992=CARTESIAN_POINT('',(-5.113707979,4.696818318,1.628594752));
#4993=CARTESIAN_POINT('',(-5.11372755,4.696816726,1.628567815));
#4994=CARTESIAN_POINT('',(-5.113747122,4.696815134,1.62854088));
#4995=CARTESIAN_POINT('',(-5.113766697,4.696813542,1.628513946));
#4996=CARTESIAN_POINT('',(-5.201385993,4.689687127,1.507952512));
#4997=CARTESIAN_POINT('',(-5.32196592,4.682194347,1.420359654));
#4998=CARTESIAN_POINT('',(-5.463707979,4.675068318,1.374304868));
#4999=CARTESIAN_POINT('',(-5.463739645,4.675066726,1.374294579));
#5000=CARTESIAN_POINT('',(-5.463771312,4.675065134,1.374284292));
#5001=CARTESIAN_POINT('',(-5.463802979,4.675063542,1.374274008));
#5002=CARTESIAN_POINT('',(-5.605552712,4.667937127,1.328239089));
#5003=CARTESIAN_POINT('',(-5.754589712,4.660444347,1.328250081));
#5004=CARTESIAN_POINT('',(-5.896331771,4.653318318,1.374304868));
#5005=CARTESIAN_POINT('',(-5.896363437,4.653316726,1.374315157));
#5006=CARTESIAN_POINT('',(-5.896395102,4.653315134,1.374325448));
#5007=CARTESIAN_POINT('',(-5.896426767,4.653313542,1.374335742));
#5008=CARTESIAN_POINT('',(-6.038163356,4.646187127,1.420411112));
#5009=CARTESIAN_POINT('',(-6.158730361,4.638694347,1.508021755));
#5010=CARTESIAN_POINT('',(-6.246331771,4.631568318,1.628594752));
#5011=CARTESIAN_POINT('',(-6.246351342,4.631566726,1.628621689));
#5012=CARTESIAN_POINT('',(-6.24637091,4.631565134,1.628648627));
#5013=CARTESIAN_POINT('',(-6.246390477,4.631563542,1.628675566));
#5014=CARTESIAN_POINT('',(-6.333975363,4.624437127,1.749262002));
#5015=CARTESIAN_POINT('',(-6.380019875,4.616944347,1.891008009));
#5016=CARTESIAN_POINT('',(-6.380019875,4.609818318,2.040044429));
#5017=CARTESIAN_POINT('',(-6.380019875,4.609816726,2.040077725));
#5018=CARTESIAN_POINT('',(-6.380019873,4.609815134,2.04011102));
#5019=CARTESIAN_POINT('',(-6.380019868,4.609813542,2.040144316));
#5020=CARTESIAN_POINT('',(-6.379998601,4.602687127,2.189181895));
#5021=CARTESIAN_POINT('',(-6.333933181,4.595194347,2.330921109));
#5022=CARTESIAN_POINT('',(-6.246331771,4.588068318,2.451494106));
#5023=CARTESIAN_POINT('',(-6.2463122,4.588066726,2.451521043));
#5024=CARTESIAN_POINT('',(-6.246292628,4.588065134,2.451547978));
#5025=CARTESIAN_POINT('',(-6.246273053,4.588063542,2.451574912));
#5026=CARTESIAN_POINT('',(-6.158653757,4.580937127,2.572136346));
#5027=CARTESIAN_POINT('',(-6.03807383,4.573444347,2.659729204));
#5028=CARTESIAN_POINT('',(-5.896331771,4.566318318,2.70578399));
#5029=CARTESIAN_POINT('',(-5.896300105,4.566316726,2.705794279));
#5030=CARTESIAN_POINT('',(-5.896268438,4.566315134,2.705804566));
#5031=CARTESIAN_POINT('',(-5.896236771,4.566313542,2.70581485));
#5032=CARTESIAN_POINT('',(-5.754487038,4.559187127,2.751849769));
#5033=CARTESIAN_POINT('',(-5.605450038,4.551694347,2.751838777));
#5034=CARTESIAN_POINT('',(-5.463707979,4.544568318,2.70578399));
#5035=CARTESIAN_POINT('',(-5.463676313,4.544566726,2.705773701));
#5036=CARTESIAN_POINT('',(-5.463644648,4.544565134,2.70576341));
#5037=CARTESIAN_POINT('',(-5.463612983,4.544563542,2.705753116));
#5038=CARTESIAN_POINT('',(-5.321876394,4.537437127,2.659677746));
#5039=CARTESIAN_POINT('',(-5.201309389,4.529944347,2.572067103));
#5040=CARTESIAN_POINT('',(-5.113707979,4.522818318,2.451494106));
#5041=CARTESIAN_POINT('',(-5.113688408,4.522816726,2.451467169));
#5042=CARTESIAN_POINT('',(-5.11366884,4.522815134,2.451440231));
#5043=CARTESIAN_POINT('',(-5.113649273,4.522813542,2.451413292));
#5044=CARTESIAN_POINT('',(-5.026064387,4.515687127,2.330826856));
#5045=CARTESIAN_POINT('',(-4.980019875,4.508194347,2.189080849));
#5046=CARTESIAN_POINT('',(-4.980019875,4.501068318,2.040044429));
#5047=CARTESIAN_POINT('',(-4.980019875,4.501066726,2.040011133));
#5048=CARTESIAN_POINT('',(-4.980019877,4.501065134,2.039977838));
#5049=CARTESIAN_POINT('',(-4.980019882,4.501063542,2.039944542));
#5050=CARTESIAN_POINT('',(-4.980041149,4.493937127,1.890906963));
#5051=CARTESIAN_POINT('',(-5.026106569,4.486444347,1.749167749));
#5052=CARTESIAN_POINT('',(-5.113707979,4.479318318,1.628594752));
#5053=CARTESIAN_POINT('',(-5.11372755,4.479316726,1.628567815));
#5054=CARTESIAN_POINT('',(-5.113747122,4.479315134,1.62854088));
#5055=CARTESIAN_POINT('',(-5.113766697,4.479313542,1.628513946));
#5056=CARTESIAN_POINT('',(-5.201385993,4.472187127,1.507952512));
#5057=CARTESIAN_POINT('',(-5.32196592,4.464694347,1.420359654));
#5058=CARTESIAN_POINT('',(-5.463707979,4.457568318,1.374304868));
#5059=CARTESIAN_POINT('',(-5.463739645,4.457566726,1.374294579));
#5060=CARTESIAN_POINT('',(-5.463771312,4.457565134,1.374284292));
#5061=CARTESIAN_POINT('',(-5.463802979,4.457563542,1.374274008));
#5062=CARTESIAN_POINT('',(-5.605552712,4.450437127,1.328239089));
#5063=CARTESIAN_POINT('',(-5.754589712,4.442944347,1.328250081));
#5064=CARTESIAN_POINT('',(-5.896331771,4.435818318,1.374304868));
#5065=CARTESIAN_POINT('',(-5.896363437,4.435816726,1.374315157));
#5066=CARTESIAN_POINT('',(-5.896395102,4.435815134,1.374325448));
#5067=CARTESIAN_POINT('',(-5.896426767,4.435813542,1.374335742));
#5068=CARTESIAN_POINT('',(-6.038163356,4.428687127,1.420411112));
#5069=CARTESIAN_POINT('',(-6.158730361,4.421194347,1.508021755));
#5070=CARTESIAN_POINT('',(-6.246331771,4.414068318,1.628594752));
#5071=CARTESIAN_POINT('',(-6.246351342,4.414066726,1.628621689));
#5072=CARTESIAN_POINT('',(-6.24637091,4.414065134,1.628648627));
#5073=CARTESIAN_POINT('',(-6.246390477,4.414063542,1.628675566));
#5074=CARTESIAN_POINT('',(-6.333975363,4.406937127,1.749262002));
#5075=CARTESIAN_POINT('',(-6.380019875,4.399444347,1.891008009));
#5076=CARTESIAN_POINT('',(-6.380019875,4.392318318,2.040044429));
#5077=CARTESIAN_POINT('',(-6.380019875,4.392316726,2.040077725));
#5078=CARTESIAN_POINT('',(-6.380019873,4.392315134,2.04011102));
#5079=CARTESIAN_POINT('',(-6.380019868,4.392313542,2.040144316));
#5080=CARTESIAN_POINT('',(-6.379998601,4.385187127,2.189181895));
#5081=CARTESIAN_POINT('',(-6.333933181,4.377694347,2.330921109));
#5082=CARTESIAN_POINT('',(-6.246331771,4.370568318,2.451494106));
#5083=CARTESIAN_POINT('',(-6.2463122,4.370566726,2.451521043));
#5084=CARTESIAN_POINT('',(-6.246292628,4.370565134,2.451547978));
#5085=CARTESIAN_POINT('',(-6.246273053,4.370563542,2.451574912));
#5086=CARTESIAN_POINT('',(-6.158653757,4.363437127,2.572136346));
#5087=CARTESIAN_POINT('',(-6.03807383,4.355944347,2.659729204));
#5088=CARTESIAN_POINT('',(-5.896331771,4.348818318,2.70578399));
#5089=CARTESIAN_POINT('',(-5.896300105,4.348816726,2.705794279));
#5090=CARTESIAN_POINT('',(-5.896268438,4.348815134,2.705804566));
#5091=CARTESIAN_POINT('',(-5.896236771,4.348813542,2.70581485));
#5092=CARTESIAN_POINT('',(-5.754487038,4.341687127,2.751849769));
#5093=CARTESIAN_POINT('',(-5.605450038,4.334194347,2.751838777));
#5094=CARTESIAN_POINT('',(-5.463707979,4.327068318,2.70578399));
#5095=CARTESIAN_POINT('',(-5.463676313,4.327066726,2.705773701));
#5096=CARTESIAN_POINT('',(-5.463644648,4.327065134,2.70576341));
#5097=CARTESIAN_POINT('',(-5.463612983,4.327063542,2.705753116));
#5098=CARTESIAN_POINT('',(-5.321876394,4.319937127,2.659677746));
#5099=CARTESIAN_POINT('',(-5.201309389,4.312444347,2.572067103));
#5100=CARTESIAN_POINT('',(-5.113707979,4.305318318,2.451494106));
#5101=CARTESIAN_POINT('',(-5.113688408,4.305316726,2.451467169));
#5102=CARTESIAN_POINT('',(-5.11366884,4.305315134,2.451440231));
#5103=CARTESIAN_POINT('',(-5.113649273,4.305313542,2.451413292));
#5104=CARTESIAN_POINT('',(-5.026064387,4.298187127,2.330826856));
#5105=CARTESIAN_POINT('',(-4.980019875,4.290694347,2.189080849));
#5106=CARTESIAN_POINT('',(-4.980019875,4.283568318,2.040044429));
#5107=CARTESIAN_POINT('',(-4.980019875,4.283566726,2.040011133));
#5108=CARTESIAN_POINT('',(-4.980019877,4.283565134,2.039977838));
#5109=CARTESIAN_POINT('',(-4.980019882,4.283563542,2.039944542));
#5110=CARTESIAN_POINT('',(-4.980041149,4.276437127,1.890906963));
#5111=CARTESIAN_POINT('',(-5.026106569,4.268944347,1.749167749));
#5112=CARTESIAN_POINT('',(-5.113707979,4.261818318,1.628594752));
#5113=CARTESIAN_POINT('',(-5.11372755,4.261816726,1.628567815));
#5114=CARTESIAN_POINT('',(-5.113747122,4.261815134,1.62854088));
#5115=CARTESIAN_POINT('',(-5.113766697,4.261813542,1.628513946));
#5116=CARTESIAN_POINT('',(-5.201385993,4.254687127,1.507952512));
#5117=CARTESIAN_POINT('',(-5.32196592,4.247194347,1.420359654));
#5118=CARTESIAN_POINT('',(-5.463707979,4.240068318,1.374304868));
#5119=CARTESIAN_POINT('',(-5.463739645,4.240066726,1.374294579));
#5120=CARTESIAN_POINT('',(-5.463771312,4.240065134,1.374284292));
#5121=CARTESIAN_POINT('',(-5.463802979,4.240063542,1.374274008));
#5122=CARTESIAN_POINT('',(-5.605552712,4.232937127,1.328239089));
#5123=CARTESIAN_POINT('',(-5.754589712,4.225444347,1.328250081));
#5124=CARTESIAN_POINT('',(-5.896331771,4.218318318,1.374304868));
#5125=CARTESIAN_POINT('',(-5.896363437,4.218316726,1.374315157));
#5126=CARTESIAN_POINT('',(-5.896395102,4.218315134,1.374325448));
#5127=CARTESIAN_POINT('',(-5.896426767,4.218313542,1.374335742));
#5128=CARTESIAN_POINT('',(-6.038163356,4.211187127,1.420411112));
#5129=CARTESIAN_POINT('',(-6.158730361,4.203694347,1.508021755));
#5130=CARTESIAN_POINT('',(-6.246331771,4.196568318,1.628594752));
#5131=CARTESIAN_POINT('',(-6.246351342,4.196566726,1.628621689));
#5132=CARTESIAN_POINT('',(-6.24637091,4.196565134,1.628648627));
#5133=CARTESIAN_POINT('',(-6.246390477,4.196563542,1.628675566));
#5134=CARTESIAN_POINT('',(-6.333975363,4.189437127,1.749262002));
#5135=CARTESIAN_POINT('',(-6.380019875,4.181944347,1.891008009));
#5136=CARTESIAN_POINT('',(-6.380019875,4.174818318,2.040044429));
#5137=CARTESIAN_POINT('',(-6.380019875,4.174816726,2.040077725));
#5138=CARTESIAN_POINT('',(-6.380019873,4.174815134,2.04011102));
#5139=CARTESIAN_POINT('',(-6.380019868,4.174813542,2.040144316));
#5140=CARTESIAN_POINT('',(-6.379998601,4.167687127,2.189181895));
#5141=CARTESIAN_POINT('',(-6.333933181,4.160194347,2.330921109));
#5142=CARTESIAN_POINT('',(-6.246331771,4.153068318,2.451494106));
#5143=CARTESIAN_POINT('',(-6.2463122,4.153066726,2.451521043));
#5144=CARTESIAN_POINT('',(-6.246292628,4.153065134,2.451547978));
#5145=CARTESIAN_POINT('',(-6.246273053,4.153063542,2.451574912));
#5146=CARTESIAN_POINT('',(-6.158653757,4.145937127,2.572136346));
#5147=CARTESIAN_POINT('',(-6.03807383,4.138444347,2.659729204));
#5148=CARTESIAN_POINT('',(-5.896331771,4.131318318,2.70578399));
#5149=CARTESIAN_POINT('',(-5.896300105,4.131316726,2.705794279));
#5150=CARTESIAN_POINT('',(-5.896268438,4.131315134,2.705804566));
#5151=CARTESIAN_POINT('',(-5.896236771,4.131313542,2.70581485));
#5152=CARTESIAN_POINT('',(-5.754487038,4.124187127,2.751849769));
#5153=CARTESIAN_POINT('',(-5.605450038,4.116694347,2.751838777));
#5154=CARTESIAN_POINT('',(-5.463707979,4.109568318,2.70578399));
#5155=CARTESIAN_POINT('',(-5.463676313,4.109566726,2.705773701));
#5156=CARTESIAN_POINT('',(-5.463644648,4.109565134,2.70576341));
#5157=CARTESIAN_POINT('',(-5.463612983,4.109563542,2.705753116));
#5158=CARTESIAN_POINT('',(-5.321876394,4.102437127,2.659677746));
#5159=CARTESIAN_POINT('',(-5.201309389,4.094944347,2.572067103));
#5160=CARTESIAN_POINT('',(-5.113707979,4.087818318,2.451494106));
#5161=CARTESIAN_POINT('',(-5.113688408,4.087816726,2.451467169));
#5162=CARTESIAN_POINT('',(-5.11366884,4.087815134,2.451440231));
#5163=CARTESIAN_POINT('',(-5.113649273,4.087813542,2.451413292));
#5164=CARTESIAN_POINT('',(-5.026064387,4.080687127,2.330826856));
#5165=CARTESIAN_POINT('',(-4.980019875,4.073194347,2.189080849));
#5166=CARTESIAN_POINT('',(-4.980019875,4.066068318,2.040044429));
#5167=CARTESIAN_POINT('',(-4.980019875,4.066066726,2.040011133));
#5168=CARTESIAN_POINT('',(-4.980019877,4.066065134,2.039977838));
#5169=CARTESIAN_POINT('',(-4.980019882,4.066063542,2.039944542));
#5170=CARTESIAN_POINT('',(-4.980041149,4.058937127,1.890906963));
#5171=CARTESIAN_POINT('',(-5.026106569,4.051444347,1.749167749));
#5172=CARTESIAN_POINT('',(-5.113707979,4.044318318,1.628594752));
#5173=CARTESIAN_POINT('',(-5.11372755,4.044316726,1.628567815));
#5174=CARTESIAN_POINT('',(-5.113747122,4.044315134,1.62854088));
#5175=CARTESIAN_POINT('',(-5.113766697,4.044313542,1.628513946));
#5176=CARTESIAN_POINT('',(-5.201385993,4.037187127,1.507952512));
#5177=CARTESIAN_POINT('',(-5.32196592,4.029694347,1.420359654));
#5178=CARTESIAN_POINT('',(-5.463707979,4.022568318,1.374304868));
#5179=CARTESIAN_POINT('',(-5.463739645,4.022566726,1.374294579));
#5180=CARTESIAN_POINT('',(-5.463771312,4.022565134,1.374284292));
#5181=CARTESIAN_POINT('',(-5.463802979,4.022563542,1.374274008));
#5182=CARTESIAN_POINT('',(-5.605552712,4.015437127,1.328239089));
#5183=CARTESIAN_POINT('',(-5.754589712,4.007944347,1.328250081));
#5184=CARTESIAN_POINT('',(-5.896331771,4.000818318,1.374304868));
#5185=CARTESIAN_POINT('',(-5.896363437,4.000816726,1.374315157));
#5186=CARTESIAN_POINT('',(-5.896395102,4.000815134,1.374325448));
#5187=CARTESIAN_POINT('',(-5.896426767,4.000813542,1.374335742));
#5188=CARTESIAN_POINT('',(-6.038163356,3.993687127,1.420411112));
#5189=CARTESIAN_POINT('',(-6.158730361,3.986194347,1.508021755));
#5190=CARTESIAN_POINT('',(-6.246331771,3.979068318,1.628594752));
#5191=CARTESIAN_POINT('',(-6.246351342,3.979066726,1.628621689));
#5192=CARTESIAN_POINT('',(-6.24637091,3.979065134,1.628648627));
#5193=CARTESIAN_POINT('',(-6.246390477,3.979063542,1.628675566));
#5194=CARTESIAN_POINT('',(-6.333975363,3.971937127,1.749262002));
#5195=CARTESIAN_POINT('',(-6.380019875,3.964444347,1.891008009));
#5196=CARTESIAN_POINT('',(-6.380019875,3.957318318,2.040044429));
#5197=CARTESIAN_POINT('',(-6.380019875,3.957316726,2.040077725));
#5198=CARTESIAN_POINT('',(-6.380019873,3.957315134,2.04011102));
#5199=CARTESIAN_POINT('',(-6.380019868,3.957313542,2.040144316));
#5200=CARTESIAN_POINT('',(-6.379998601,3.950187127,2.189181895));
#5201=CARTESIAN_POINT('',(-6.333933181,3.942694347,2.330921109));
#5202=CARTESIAN_POINT('',(-6.246331771,3.935568318,2.451494106));
#5203=CARTESIAN_POINT('',(-6.2463122,3.935566726,2.451521043));
#5204=CARTESIAN_POINT('',(-6.246292628,3.935565134,2.451547978));
#5205=CARTESIAN_POINT('',(-6.246273053,3.935563542,2.451574912));
#5206=CARTESIAN_POINT('',(-6.158653757,3.928437127,2.572136346));
#5207=CARTESIAN_POINT('',(-6.03807383,3.920944347,2.659729204));
#5208=CARTESIAN_POINT('',(-5.896331771,3.913818318,2.70578399));
#5209=CARTESIAN_POINT('',(-5.896300105,3.913816726,2.705794279));
#5210=CARTESIAN_POINT('',(-5.896268438,3.913815134,2.705804566));
#5211=CARTESIAN_POINT('',(-5.896236771,3.913813542,2.70581485));
#5212=CARTESIAN_POINT('',(-5.754487038,3.906687127,2.751849769));
#5213=CARTESIAN_POINT('',(-5.605450038,3.899194347,2.751838777));
#5214=CARTESIAN_POINT('',(-5.463707979,3.892068318,2.70578399));
#5215=CARTESIAN_POINT('',(-5.463676313,3.892066726,2.705773701));
#5216=CARTESIAN_POINT('',(-5.463644648,3.892065134,2.70576341));
#5217=CARTESIAN_POINT('',(-5.463612983,3.892063542,2.705753116));
#5218=CARTESIAN_POINT('',(-5.321876394,3.884937127,2.659677746));
#5219=CARTESIAN_POINT('',(-5.201309389,3.877444347,2.572067103));
#5220=CARTESIAN_POINT('',(-5.113707979,3.870318318,2.451494106));
#5221=CARTESIAN_POINT('',(-5.113688408,3.870316726,2.451467169));
#5222=CARTESIAN_POINT('',(-5.11366884,3.870315134,2.451440231));
#5223=CARTESIAN_POINT('',(-5.113649273,3.870313542,2.451413292));
#5224=CARTESIAN_POINT('',(-5.026064387,3.863187127,2.330826856));
#5225=CARTESIAN_POINT('',(-4.980019875,3.855694347,2.189080849));
#5226=CARTESIAN_POINT('',(-4.980019875,3.848568318,2.040044429));
#5227=CARTESIAN_POINT('',(-4.980019875,3.848566726,2.040011133));
#5228=CARTESIAN_POINT('',(-4.980019877,3.848565134,2.039977838));
#5229=CARTESIAN_POINT('',(-4.980019882,3.848563542,2.039944542));
#5230=CARTESIAN_POINT('',(-4.980041149,3.841437127,1.890906963));
#5231=CARTESIAN_POINT('',(-5.026106569,3.833944347,1.749167749));
#5232=CARTESIAN_POINT('',(-5.113707979,3.826818318,1.628594752));
#5233=CARTESIAN_POINT('',(-5.11372755,3.826816726,1.628567815));
#5234=CARTESIAN_POINT('',(-5.113747122,3.826815134,1.62854088));
#5235=CARTESIAN_POINT('',(-5.113766697,3.826813542,1.628513946));
#5236=CARTESIAN_POINT('',(-5.201385993,3.819687127,1.507952512));
#5237=CARTESIAN_POINT('',(-5.32196592,3.812194347,1.420359654));
#5238=CARTESIAN_POINT('',(-5.463707979,3.805068318,1.374304868));
#5239=CARTESIAN_POINT('',(-5.463739645,3.805066726,1.374294579));
#5240=CARTESIAN_POINT('',(-5.463771312,3.805065134,1.374284292));
#5241=CARTESIAN_POINT('',(-5.463802979,3.805063542,1.374274008));
#5242=CARTESIAN_POINT('',(-5.605552712,3.797937127,1.328239089));
#5243=CARTESIAN_POINT('',(-5.754589712,3.790444347,1.328250081));
#5244=CARTESIAN_POINT('',(-5.896331771,3.783318318,1.374304868));
#5245=CARTESIAN_POINT('',(-5.896363437,3.783316726,1.374315157));
#5246=CARTESIAN_POINT('',(-5.896395102,3.783315134,1.374325448));
#5247=CARTESIAN_POINT('',(-5.896426767,3.783313542,1.374335742));
#5248=CARTESIAN_POINT('',(-6.038163356,3.776187127,1.420411112));
#5249=CARTESIAN_POINT('',(-6.158730361,3.768694347,1.508021755));
#5250=CARTESIAN_POINT('',(-6.246331771,3.761568318,1.628594752));
#5251=CARTESIAN_POINT('',(-6.246351342,3.761566726,1.628621689));
#5252=CARTESIAN_POINT('',(-6.24637091,3.761565134,1.628648627));
#5253=CARTESIAN_POINT('',(-6.246390477,3.761563542,1.628675566));
#5254=CARTESIAN_POINT('',(-6.333975363,3.754437127,1.749262002));
#5255=CARTESIAN_POINT('',(-6.380019875,3.746944347,1.891008009));
#5256=CARTESIAN_POINT('',(-6.380019875,3.739818318,2.040044429));
#5257=CARTESIAN_POINT('',(-6.380019875,3.739816726,2.040077725));
#5258=CARTESIAN_POINT('',(-6.380019873,3.739815134,2.04011102));
#5259=CARTESIAN_POINT('',(-6.380019868,3.739813542,2.040144316));
#5260=CARTESIAN_POINT('',(-6.379998601,3.732687127,2.189181895));
#5261=CARTESIAN_POINT('',(-6.333933181,3.725194347,2.330921109));
#5262=CARTESIAN_POINT('',(-6.246331771,3.718068318,2.451494106));
#5263=CARTESIAN_POINT('',(-6.2463122,3.718066726,2.451521043));
#5264=CARTESIAN_POINT('',(-6.246292628,3.718065134,2.451547978));
#5265=CARTESIAN_POINT('',(-6.246273053,3.718063542,2.451574912));
#5266=CARTESIAN_POINT('',(-6.158653757,3.710937127,2.572136346));
#5267=CARTESIAN_POINT('',(-6.03807383,3.703444347,2.659729204));
#5268=CARTESIAN_POINT('',(-5.896331771,3.696318318,2.70578399));
#5269=CARTESIAN_POINT('',(-5.896300105,3.696316726,2.705794279));
#5270=CARTESIAN_POINT('',(-5.896268438,3.696315134,2.705804566));
#5271=CARTESIAN_POINT('',(-5.896236771,3.696313542,2.70581485));
#5272=CARTESIAN_POINT('',(-5.754487038,3.689187127,2.751849769));
#5273=CARTESIAN_POINT('',(-5.605450038,3.681694347,2.751838777));
#5274=CARTESIAN_POINT('',(-5.463707979,3.674568318,2.70578399));
#5275=CARTESIAN_POINT('',(-5.463676313,3.674566726,2.705773701));
#5276=CARTESIAN_POINT('',(-5.463644648,3.674565134,2.70576341));
#5277=CARTESIAN_POINT('',(-5.463612983,3.674563542,2.705753116));
#5278=CARTESIAN_POINT('',(-5.370266232,3.669870134,2.675408192));
#5279=CARTESIAN_POINT('',(-5.284879603,3.664944694,2.626255139));
#5280=CARTESIAN_POINT('',(-5.211418266,3.660000583,2.560056479));
#5281=CARTESIAN_POINT('',(-5.21131145,3.659993394,2.559960224));
#5282=CARTESIAN_POINT('',(-5.211204635,3.659986205,2.559863968));
#5283=CARTESIAN_POINT('',(-5.211097819,3.659979016,2.559767713));
#5284=CARTESIAN_POINT('',(-6.349974483,6.359980125,1.837278241));
#5285=CARTESIAN_POINT('',(-6.369992516,6.356506495,1.903419316));
#5286=CARTESIAN_POINT('',(-6.379986519,6.353095355,1.971510522));
#5287=CARTESIAN_POINT('',(-6.379986519,6.349818318,2.040044429));
#5288=CARTESIAN_POINT('',(-6.379986519,6.349816726,2.040077723));
#5289=CARTESIAN_POINT('',(-6.379986517,6.349815134,2.040111017));
#5290=CARTESIAN_POINT('',(-6.379986512,6.349813542,2.040144311));
#5291=CARTESIAN_POINT('',(-6.379965246,6.342687127,2.189174788));
#5292=CARTESIAN_POINT('',(-6.333902021,6.335194347,2.330907248));
#5293=CARTESIAN_POINT('',(-6.246304786,6.328068318,2.4514745));
#5294=CARTESIAN_POINT('',(-6.246285216,6.328066726,2.451501435));
#5295=CARTESIAN_POINT('',(-6.246265644,6.328065134,2.45152837));
#5296=CARTESIAN_POINT('',(-6.246246071,6.328063542,2.451555302));
#5297=CARTESIAN_POINT('',(-6.158630949,6.320937127,2.572110991));
#5298=CARTESIAN_POINT('',(-6.038056768,6.313444347,2.659699675));
#5299=CARTESIAN_POINT('',(-5.896321464,6.306318318,2.705752267));
#5300=CARTESIAN_POINT('',(-5.896289799,6.306316726,2.705762555));
#5301=CARTESIAN_POINT('',(-5.896258134,6.306315134,2.705772842));
#5302=CARTESIAN_POINT('',(-5.896226468,6.306313542,2.705783126));
#5303=CARTESIAN_POINT('',(-5.754483489,6.299187127,2.751815851));
#5304=CARTESIAN_POINT('',(-5.605453591,6.291694347,2.751804859));
#5305=CARTESIAN_POINT('',(-5.463718286,6.284568318,2.705752267));
#5306=CARTESIAN_POINT('',(-5.463686622,6.284566726,2.705741979));
#5307=CARTESIAN_POINT('',(-5.463654958,6.284565134,2.705731688));
#5308=CARTESIAN_POINT('',(-5.463623295,6.284563542,2.705721395));
#5309=CARTESIAN_POINT('',(-5.32189346,6.277437127,2.65964822));
#5310=CARTESIAN_POINT('',(-5.2013322,6.269944347,2.572041751));
#5311=CARTESIAN_POINT('',(-5.113734964,6.262818318,2.4514745));
#5312=CARTESIAN_POINT('',(-5.113715395,6.262816726,2.451447565));
#5313=CARTESIAN_POINT('',(-5.113695827,6.262815134,2.451420628));
#5314=CARTESIAN_POINT('',(-5.113676261,6.262813542,2.451393689));
#5315=CARTESIAN_POINT('',(-5.026095548,6.255687127,2.330813));
#5316=CARTESIAN_POINT('',(-4.980053231,6.248194347,2.189073747));
#5317=CARTESIAN_POINT('',(-4.980053231,6.241068318,2.040044429));
#5318=CARTESIAN_POINT('',(-4.980053231,6.241066726,2.040011135));
#5319=CARTESIAN_POINT('',(-4.980053233,6.241065134,2.039977841));
#5320=CARTESIAN_POINT('',(-4.980053238,6.241063542,2.039944547));
#5321=CARTESIAN_POINT('',(-4.980074504,6.233937127,1.89091407));
#5322=CARTESIAN_POINT('',(-5.026137729,6.226444347,1.74918161));
#5323=CARTESIAN_POINT('',(-5.113734964,6.219318318,1.628614358));
#5324=CARTESIAN_POINT('',(-5.113754534,6.219316726,1.628587423));
#5325=CARTESIAN_POINT('',(-5.113774106,6.219315134,1.628560488));
#5326=CARTESIAN_POINT('',(-5.113793679,6.219313542,1.628533556));
#5327=CARTESIAN_POINT('',(-5.201408801,6.212187127,1.507977867));
#5328=CARTESIAN_POINT('',(-5.321982982,6.204694347,1.420389183));
#5329=CARTESIAN_POINT('',(-5.463718286,6.197568318,1.374336591));
#5330=CARTESIAN_POINT('',(-5.463749951,6.197566726,1.374326303));
#5331=CARTESIAN_POINT('',(-5.463781616,6.197565134,1.374316016));
#5332=CARTESIAN_POINT('',(-5.463813282,6.197563542,1.374305732));
#5333=CARTESIAN_POINT('',(-5.605556261,6.190437127,1.328273007));
#5334=CARTESIAN_POINT('',(-5.754586159,6.182944347,1.328283999));
#5335=CARTESIAN_POINT('',(-5.896321464,6.175818318,1.374336591));
#5336=CARTESIAN_POINT('',(-5.896353128,6.175816726,1.374346879));
#5337=CARTESIAN_POINT('',(-5.896384792,6.175815134,1.37435717));
#5338=CARTESIAN_POINT('',(-5.896416455,6.175813542,1.374367463));
#5339=CARTESIAN_POINT('',(-6.03814629,6.168687127,1.420440638));
#5340=CARTESIAN_POINT('',(-6.15870755,6.161194347,1.508047107));
#5341=CARTESIAN_POINT('',(-6.246304786,6.154068318,1.628614358));
#5342=CARTESIAN_POINT('',(-6.246324355,6.154066726,1.628641293));
#5343=CARTESIAN_POINT('',(-6.246343923,6.154065134,1.62866823));
#5344=CARTESIAN_POINT('',(-6.246363489,6.154063542,1.628695169));
#5345=CARTESIAN_POINT('',(-6.333944202,6.146937127,1.749275858));
#5346=CARTESIAN_POINT('',(-6.379986519,6.139444347,1.891015111));
#5347=CARTESIAN_POINT('',(-6.379986519,6.132318318,2.040044429));
#5348=CARTESIAN_POINT('',(-6.379986519,6.132316726,2.040077723));
#5349=CARTESIAN_POINT('',(-6.379986517,6.132315134,2.040111017));
#5350=CARTESIAN_POINT('',(-6.379986512,6.132313542,2.040144311));
#5351=CARTESIAN_POINT('',(-6.379965246,6.125187127,2.189174788));
#5352=CARTESIAN_POINT('',(-6.333902021,6.117694347,2.330907248));
#5353=CARTESIAN_POINT('',(-6.246304786,6.110568318,2.4514745));
#5354=CARTESIAN_POINT('',(-6.246285216,6.110566726,2.451501435));
#5355=CARTESIAN_POINT('',(-6.246265644,6.110565134,2.45152837));
#5356=CARTESIAN_POINT('',(-6.246246071,6.110563542,2.451555302));
#5357=CARTESIAN_POINT('',(-6.158630949,6.103437127,2.572110991));
#5358=CARTESIAN_POINT('',(-6.038056768,6.095944347,2.659699675));
#5359=CARTESIAN_POINT('',(-5.896321464,6.088818318,2.705752267));
#5360=CARTESIAN_POINT('',(-5.896289799,6.088816726,2.705762555));
#5361=CARTESIAN_POINT('',(-5.896258134,6.088815134,2.705772842));
#5362=CARTESIAN_POINT('',(-5.896226468,6.088813542,2.705783126));
#5363=CARTESIAN_POINT('',(-5.754483489,6.081687127,2.751815851));
#5364=CARTESIAN_POINT('',(-5.605453591,6.074194347,2.751804859));
#5365=CARTESIAN_POINT('',(-5.463718286,6.067068318,2.705752267));
#5366=CARTESIAN_POINT('',(-5.463686622,6.067066726,2.705741979));
#5367=CARTESIAN_POINT('',(-5.463654958,6.067065134,2.705731688));
#5368=CARTESIAN_POINT('',(-5.463623295,6.067063542,2.705721395));
#5369=CARTESIAN_POINT('',(-5.32189346,6.059937127,2.65964822));
#5370=CARTESIAN_POINT('',(-5.2013322,6.052444347,2.572041751));
#5371=CARTESIAN_POINT('',(-5.113734964,6.045318318,2.4514745));
#5372=CARTESIAN_POINT('',(-5.113715395,6.045316726,2.451447565));
#5373=CARTESIAN_POINT('',(-5.113695827,6.045315134,2.451420628));
#5374=CARTESIAN_POINT('',(-5.113676261,6.045313542,2.451393689));
#5375=CARTESIAN_POINT('',(-5.026095548,6.038187127,2.330813));
#5376=CARTESIAN_POINT('',(-4.980053231,6.030694347,2.189073747));
#5377=CARTESIAN_POINT('',(-4.980053231,6.023568318,2.040044429));
#5378=CARTESIAN_POINT('',(-4.980053231,6.023566726,2.040011135));
#5379=CARTESIAN_POINT('',(-4.980053233,6.023565134,2.039977841));
#5380=CARTESIAN_POINT('',(-4.980053238,6.023563542,2.039944547));
#5381=CARTESIAN_POINT('',(-4.980074504,6.016437127,1.89091407));
#5382=CARTESIAN_POINT('',(-5.026137729,6.008944347,1.74918161));
#5383=CARTESIAN_POINT('',(-5.113734964,6.001818318,1.628614358));
#5384=CARTESIAN_POINT('',(-5.113754534,6.001816726,1.628587423));
#5385=CARTESIAN_POINT('',(-5.113774106,6.001815134,1.628560488));
#5386=CARTESIAN_POINT('',(-5.113793679,6.001813542,1.628533556));
#5387=CARTESIAN_POINT('',(-5.201408801,5.994687127,1.507977867));
#5388=CARTESIAN_POINT('',(-5.321982982,5.987194347,1.420389183));
#5389=CARTESIAN_POINT('',(-5.463718286,5.980068318,1.374336591));
#5390=CARTESIAN_POINT('',(-5.463749951,5.980066726,1.374326303));
#5391=CARTESIAN_POINT('',(-5.463781616,5.980065134,1.374316016));
#5392=CARTESIAN_POINT('',(-5.463813282,5.980063542,1.374305732));
#5393=CARTESIAN_POINT('',(-5.605556261,5.972937127,1.328273007));
#5394=CARTESIAN_POINT('',(-5.754586159,5.965444347,1.328283999));
#5395=CARTESIAN_POINT('',(-5.896321464,5.958318318,1.374336591));
#5396=CARTESIAN_POINT('',(-5.896353128,5.958316726,1.374346879));
#5397=CARTESIAN_POINT('',(-5.896384792,5.958315134,1.37435717));
#5398=CARTESIAN_POINT('',(-5.896416455,5.958313542,1.374367463));
#5399=CARTESIAN_POINT('',(-6.03814629,5.951187127,1.420440638));
#5400=CARTESIAN_POINT('',(-6.15870755,5.943694347,1.508047107));
#5401=CARTESIAN_POINT('',(-6.246304786,5.936568318,1.628614358));
#5402=CARTESIAN_POINT('',(-6.246324355,5.936566726,1.628641293));
#5403=CARTESIAN_POINT('',(-6.246343923,5.936565134,1.62866823));
#5404=CARTESIAN_POINT('',(-6.246363489,5.936563542,1.628695169));
#5405=CARTESIAN_POINT('',(-6.333944202,5.929437127,1.749275858));
#5406=CARTESIAN_POINT('',(-6.379986519,5.921944347,1.891015111));
#5407=CARTESIAN_POINT('',(-6.379986519,5.914818318,2.040044429));
#5408=CARTESIAN_POINT('',(-6.379986519,5.914816726,2.040077723));
#5409=CARTESIAN_POINT('',(-6.379986517,5.914815134,2.040111017));
#5410=CARTESIAN_POINT('',(-6.379986512,5.914813542,2.040144311));
#5411=CARTESIAN_POINT('',(-6.379965246,5.907687127,2.189174788));
#5412=CARTESIAN_POINT('',(-6.333902021,5.900194347,2.330907248));
#5413=CARTESIAN_POINT('',(-6.246304786,5.893068318,2.4514745));
#5414=CARTESIAN_POINT('',(-6.246285216,5.893066726,2.451501435));
#5415=CARTESIAN_POINT('',(-6.246265644,5.893065134,2.45152837));
#5416=CARTESIAN_POINT('',(-6.246246071,5.893063542,2.451555302));
#5417=CARTESIAN_POINT('',(-6.158630949,5.885937127,2.572110991));
#5418=CARTESIAN_POINT('',(-6.038056768,5.878444347,2.659699675));
#5419=CARTESIAN_POINT('',(-5.896321464,5.871318318,2.705752267));
#5420=CARTESIAN_POINT('',(-5.896289799,5.871316726,2.705762555));
#5421=CARTESIAN_POINT('',(-5.896258134,5.871315134,2.705772842));
#5422=CARTESIAN_POINT('',(-5.896226468,5.871313542,2.705783126));
#5423=CARTESIAN_POINT('',(-5.754483489,5.864187127,2.751815851));
#5424=CARTESIAN_POINT('',(-5.605453591,5.856694347,2.751804859));
#5425=CARTESIAN_POINT('',(-5.463718286,5.849568318,2.705752267));
#5426=CARTESIAN_POINT('',(-5.463686622,5.849566726,2.705741979));
#5427=CARTESIAN_POINT('',(-5.463654958,5.849565134,2.705731688));
#5428=CARTESIAN_POINT('',(-5.463623295,5.849563542,2.705721395));
#5429=CARTESIAN_POINT('',(-5.32189346,5.842437127,2.65964822));
#5430=CARTESIAN_POINT('',(-5.2013322,5.834944347,2.572041751));
#5431=CARTESIAN_POINT('',(-5.113734964,5.827818318,2.4514745));
#5432=CARTESIAN_POINT('',(-5.113715395,5.827816726,2.451447565));
#5433=CARTESIAN_POINT('',(-5.113695827,5.827815134,2.451420628));
#5434=CARTESIAN_POINT('',(-5.113676261,5.827813542,2.451393689));
#5435=CARTESIAN_POINT('',(-5.026095548,5.820687127,2.330813));
#5436=CARTESIAN_POINT('',(-4.980053231,5.813194347,2.189073747));
#5437=CARTESIAN_POINT('',(-4.980053231,5.806068318,2.040044429));
#5438=CARTESIAN_POINT('',(-4.980053231,5.806066726,2.040011135));
#5439=CARTESIAN_POINT('',(-4.980053233,5.806065134,2.039977841));
#5440=CARTESIAN_POINT('',(-4.980053238,5.806063542,2.039944547));
#5441=CARTESIAN_POINT('',(-4.980074504,5.798937127,1.89091407));
#5442=CARTESIAN_POINT('',(-5.026137729,5.791444347,1.74918161));
#5443=CARTESIAN_POINT('',(-5.113734964,5.784318318,1.628614358));
#5444=CARTESIAN_POINT('',(-5.113754534,5.784316726,1.628587423));
#5445=CARTESIAN_POINT('',(-5.113774106,5.784315134,1.628560488));
#5446=CARTESIAN_POINT('',(-5.113793679,5.784313542,1.628533556));
#5447=CARTESIAN_POINT('',(-5.201408801,5.777187127,1.507977867));
#5448=CARTESIAN_POINT('',(-5.321982982,5.769694347,1.420389183));
#5449=CARTESIAN_POINT('',(-5.463718286,5.762568318,1.374336591));
#5450=CARTESIAN_POINT('',(-5.463749951,5.762566726,1.374326303));
#5451=CARTESIAN_POINT('',(-5.463781616,5.762565134,1.374316016));
#5452=CARTESIAN_POINT('',(-5.463813282,5.762563542,1.374305732));
#5453=CARTESIAN_POINT('',(-5.605556261,5.755437127,1.328273007));
#5454=CARTESIAN_POINT('',(-5.754586159,5.747944347,1.328283999));
#5455=CARTESIAN_POINT('',(-5.896321464,5.740818318,1.374336591));
#5456=CARTESIAN_POINT('',(-5.896353128,5.740816726,1.374346879));
#5457=CARTESIAN_POINT('',(-5.896384792,5.740815134,1.37435717));
#5458=CARTESIAN_POINT('',(-5.896416455,5.740813542,1.374367463));
#5459=CARTESIAN_POINT('',(-6.03814629,5.733687127,1.420440638));
#5460=CARTESIAN_POINT('',(-6.15870755,5.726194347,1.508047107));
#5461=CARTESIAN_POINT('',(-6.246304786,5.719068318,1.628614358));
#5462=CARTESIAN_POINT('',(-6.246324355,5.719066726,1.628641293));
#5463=CARTESIAN_POINT('',(-6.246343923,5.719065134,1.62866823));
#5464=CARTESIAN_POINT('',(-6.246363489,5.719063542,1.628695169));
#5465=CARTESIAN_POINT('',(-6.333944202,5.711937127,1.749275858));
#5466=CARTESIAN_POINT('',(-6.379986519,5.704444347,1.891015111));
#5467=CARTESIAN_POINT('',(-6.379986519,5.697318318,2.040044429));
#5468=CARTESIAN_POINT('',(-6.379986519,5.697316726,2.040077723));
#5469=CARTESIAN_POINT('',(-6.379986517,5.697315134,2.040111017));
#5470=CARTESIAN_POINT('',(-6.379986512,5.697313542,2.040144311));
#5471=CARTESIAN_POINT('',(-6.379965246,5.690187127,2.189174788));
#5472=CARTESIAN_POINT('',(-6.333902021,5.682694347,2.330907248));
#5473=CARTESIAN_POINT('',(-6.246304786,5.675568318,2.4514745));
#5474=CARTESIAN_POINT('',(-6.246285216,5.675566726,2.451501435));
#5475=CARTESIAN_POINT('',(-6.246265644,5.675565134,2.45152837));
#5476=CARTESIAN_POINT('',(-6.246246071,5.675563542,2.451555302));
#5477=CARTESIAN_POINT('',(-6.158630949,5.668437127,2.572110991));
#5478=CARTESIAN_POINT('',(-6.038056768,5.660944347,2.659699675));
#5479=CARTESIAN_POINT('',(-5.896321464,5.653818318,2.705752267));
#5480=CARTESIAN_POINT('',(-5.896289799,5.653816726,2.705762555));
#5481=CARTESIAN_POINT('',(-5.896258134,5.653815134,2.705772842));
#5482=CARTESIAN_POINT('',(-5.896226468,5.653813542,2.705783126));
#5483=CARTESIAN_POINT('',(-5.754483489,5.646687127,2.751815851));
#5484=CARTESIAN_POINT('',(-5.605453591,5.639194347,2.751804859));
#5485=CARTESIAN_POINT('',(-5.463718286,5.632068318,2.705752267));
#5486=CARTESIAN_POINT('',(-5.463686622,5.632066726,2.705741979));
#5487=CARTESIAN_POINT('',(-5.463654958,5.632065134,2.705731688));
#5488=CARTESIAN_POINT('',(-5.463623295,5.632063542,2.705721395));
#5489=CARTESIAN_POINT('',(-5.32189346,5.624937127,2.65964822));
#5490=CARTESIAN_POINT('',(-5.2013322,5.617444347,2.572041751));
#5491=CARTESIAN_POINT('',(-5.113734964,5.610318318,2.4514745));
#5492=CARTESIAN_POINT('',(-5.113715395,5.610316726,2.451447565));
#5493=CARTESIAN_POINT('',(-5.113695827,5.610315134,2.451420628));
#5494=CARTESIAN_POINT('',(-5.113676261,5.610313542,2.451393689));
#5495=CARTESIAN_POINT('',(-5.026095548,5.603187127,2.330813));
#5496=CARTESIAN_POINT('',(-4.980053231,5.595694347,2.189073747));
#5497=CARTESIAN_POINT('',(-4.980053231,5.588568318,2.040044429));
#5498=CARTESIAN_POINT('',(-4.980053231,5.588566726,2.040011135));
#5499=CARTESIAN_POINT('',(-4.980053233,5.588565134,2.039977841));
#5500=CARTESIAN_POINT('',(-4.980053238,5.588563542,2.039944547));
#5501=CARTESIAN_POINT('',(-4.980074504,5.581437127,1.89091407));
#5502=CARTESIAN_POINT('',(-5.026137729,5.573944347,1.74918161));
#5503=CARTESIAN_POINT('',(-5.113734964,5.566818318,1.628614358));
#5504=CARTESIAN_POINT('',(-5.113754534,5.566816726,1.628587423));
#5505=CARTESIAN_POINT('',(-5.113774106,5.566815134,1.628560488));
#5506=CARTESIAN_POINT('',(-5.113793679,5.566813542,1.628533556));
#5507=CARTESIAN_POINT('',(-5.201408801,5.559687127,1.507977867));
#5508=CARTESIAN_POINT('',(-5.321982982,5.552194347,1.420389183));
#5509=CARTESIAN_POINT('',(-5.463718286,5.545068318,1.374336591));
#5510=CARTESIAN_POINT('',(-5.463749951,5.545066726,1.374326303));
#5511=CARTESIAN_POINT('',(-5.463781616,5.545065134,1.374316016));
#5512=CARTESIAN_POINT('',(-5.463813282,5.545063542,1.374305732));
#5513=CARTESIAN_POINT('',(-5.605556261,5.537937127,1.328273007));
#5514=CARTESIAN_POINT('',(-5.754586159,5.530444347,1.328283999));
#5515=CARTESIAN_POINT('',(-5.896321464,5.523318318,1.374336591));
#5516=CARTESIAN_POINT('',(-5.896353128,5.523316726,1.374346879));
#5517=CARTESIAN_POINT('',(-5.896384792,5.523315134,1.37435717));
#5518=CARTESIAN_POINT('',(-5.896416455,5.523313542,1.374367463));
#5519=CARTESIAN_POINT('',(-6.03814629,5.516187127,1.420440638));
#5520=CARTESIAN_POINT('',(-6.15870755,5.508694347,1.508047107));
#5521=CARTESIAN_POINT('',(-6.246304786,5.501568318,1.628614358));
#5522=CARTESIAN_POINT('',(-6.246324355,5.501566726,1.628641293));
#5523=CARTESIAN_POINT('',(-6.246343923,5.501565134,1.62866823));
#5524=CARTESIAN_POINT('',(-6.246363489,5.501563542,1.628695169));
#5525=CARTESIAN_POINT('',(-6.333944202,5.494437127,1.749275858));
#5526=CARTESIAN_POINT('',(-6.379986519,5.486944347,1.891015111));
#5527=CARTESIAN_POINT('',(-6.379986519,5.479818318,2.040044429));
#5528=CARTESIAN_POINT('',(-6.379986519,5.479816726,2.040077723));
#5529=CARTESIAN_POINT('',(-6.379986517,5.479815134,2.040111017));
#5530=CARTESIAN_POINT('',(-6.379986512,5.479813542,2.040144311));
#5531=CARTESIAN_POINT('',(-6.379965246,5.472687127,2.189174788));
#5532=CARTESIAN_POINT('',(-6.333902021,5.465194347,2.330907248));
#5533=CARTESIAN_POINT('',(-6.246304786,5.458068318,2.4514745));
#5534=CARTESIAN_POINT('',(-6.246285216,5.458066726,2.451501435));
#5535=CARTESIAN_POINT('',(-6.246265644,5.458065134,2.45152837));
#5536=CARTESIAN_POINT('',(-6.246246071,5.458063542,2.451555302));
#5537=CARTESIAN_POINT('',(-6.158630949,5.450937127,2.572110991));
#5538=CARTESIAN_POINT('',(-6.038056768,5.443444347,2.659699675));
#5539=CARTESIAN_POINT('',(-5.896321464,5.436318318,2.705752267));
#5540=CARTESIAN_POINT('',(-5.896289799,5.436316726,2.705762555));
#5541=CARTESIAN_POINT('',(-5.896258134,5.436315134,2.705772842));
#5542=CARTESIAN_POINT('',(-5.896226468,5.436313542,2.705783126));
#5543=CARTESIAN_POINT('',(-5.754483489,5.429187127,2.751815851));
#5544=CARTESIAN_POINT('',(-5.605453591,5.421694347,2.751804859));
#5545=CARTESIAN_POINT('',(-5.463718286,5.414568318,2.705752267));
#5546=CARTESIAN_POINT('',(-5.463686622,5.414566726,2.705741979));
#5547=CARTESIAN_POINT('',(-5.463654958,5.414565134,2.705731688));
#5548=CARTESIAN_POINT('',(-5.463623295,5.414563542,2.705721395));
#5549=CARTESIAN_POINT('',(-5.32189346,5.407437127,2.65964822));
#5550=CARTESIAN_POINT('',(-5.2013322,5.399944347,2.572041751));
#5551=CARTESIAN_POINT('',(-5.113734964,5.392818318,2.4514745));
#5552=CARTESIAN_POINT('',(-5.113715395,5.392816726,2.451447565));
#5553=CARTESIAN_POINT('',(-5.113695827,5.392815134,2.451420628));
#5554=CARTESIAN_POINT('',(-5.113676261,5.392813542,2.451393689));
#5555=CARTESIAN_POINT('',(-5.026095548,5.385687127,2.330813));
#5556=CARTESIAN_POINT('',(-4.980053231,5.378194347,2.189073747));
#5557=CARTESIAN_POINT('',(-4.980053231,5.371068318,2.040044429));
#5558=CARTESIAN_POINT('',(-4.980053231,5.371066726,2.040011135));
#5559=CARTESIAN_POINT('',(-4.980053233,5.371065134,2.039977841));
#5560=CARTESIAN_POINT('',(-4.980053238,5.371063542,2.039944547));
#5561=CARTESIAN_POINT('',(-4.980074504,5.363937127,1.89091407));
#5562=CARTESIAN_POINT('',(-5.026137729,5.356444347,1.74918161));
#5563=CARTESIAN_POINT('',(-5.113734964,5.349318318,1.628614358));
#5564=CARTESIAN_POINT('',(-5.113754534,5.349316726,1.628587423));
#5565=CARTESIAN_POINT('',(-5.113774106,5.349315134,1.628560488));
#5566=CARTESIAN_POINT('',(-5.113793679,5.349313542,1.628533556));
#5567=CARTESIAN_POINT('',(-5.201408801,5.342187127,1.507977867));
#5568=CARTESIAN_POINT('',(-5.321982982,5.334694347,1.420389183));
#5569=CARTESIAN_POINT('',(-5.463718286,5.327568318,1.374336591));
#5570=CARTESIAN_POINT('',(-5.463749951,5.327566726,1.374326303));
#5571=CARTESIAN_POINT('',(-5.463781616,5.327565134,1.374316016));
#5572=CARTESIAN_POINT('',(-5.463813282,5.327563542,1.374305732));
#5573=CARTESIAN_POINT('',(-5.605556261,5.320437127,1.328273007));
#5574=CARTESIAN_POINT('',(-5.754586159,5.312944347,1.328283999));
#5575=CARTESIAN_POINT('',(-5.896321464,5.305818318,1.374336591));
#5576=CARTESIAN_POINT('',(-5.896353128,5.305816726,1.374346879));
#5577=CARTESIAN_POINT('',(-5.896384792,5.305815134,1.37435717));
#5578=CARTESIAN_POINT('',(-5.896416455,5.305813542,1.374367463));
#5579=CARTESIAN_POINT('',(-6.03814629,5.298687127,1.420440638));
#5580=CARTESIAN_POINT('',(-6.15870755,5.291194347,1.508047107));
#5581=CARTESIAN_POINT('',(-6.246304786,5.284068318,1.628614358));
#5582=CARTESIAN_POINT('',(-6.246324355,5.284066726,1.628641293));
#5583=CARTESIAN_POINT('',(-6.246343923,5.284065134,1.62866823));
#5584=CARTESIAN_POINT('',(-6.246363489,5.284063542,1.628695169));
#5585=CARTESIAN_POINT('',(-6.333944202,5.276937127,1.749275858));
#5586=CARTESIAN_POINT('',(-6.379986519,5.269444347,1.891015111));
#5587=CARTESIAN_POINT('',(-6.379986519,5.262318318,2.040044429));
#5588=CARTESIAN_POINT('',(-6.379986519,5.262316726,2.040077723));
#5589=CARTESIAN_POINT('',(-6.379986517,5.262315134,2.040111017));
#5590=CARTESIAN_POINT('',(-6.379986512,5.262313542,2.040144311));
#5591=CARTESIAN_POINT('',(-6.379965246,5.255187127,2.189174788));
#5592=CARTESIAN_POINT('',(-6.333902021,5.247694347,2.330907248));
#5593=CARTESIAN_POINT('',(-6.246304786,5.240568318,2.4514745));
#5594=CARTESIAN_POINT('',(-6.246285216,5.240566726,2.451501435));
#5595=CARTESIAN_POINT('',(-6.246265644,5.240565134,2.45152837));
#5596=CARTESIAN_POINT('',(-6.246246071,5.240563542,2.451555302));
#5597=CARTESIAN_POINT('',(-6.158630949,5.233437127,2.572110991));
#5598=CARTESIAN_POINT('',(-6.038056768,5.225944347,2.659699675));
#5599=CARTESIAN_POINT('',(-5.896321464,5.218818318,2.705752267));
#5600=CARTESIAN_POINT('',(-5.896289799,5.218816726,2.705762555));
#5601=CARTESIAN_POINT('',(-5.896258134,5.218815134,2.705772842));
#5602=CARTESIAN_POINT('',(-5.896226468,5.218813542,2.705783126));
#5603=CARTESIAN_POINT('',(-5.754483489,5.211687127,2.751815851));
#5604=CARTESIAN_POINT('',(-5.605453591,5.204194347,2.751804859));
#5605=CARTESIAN_POINT('',(-5.463718286,5.197068318,2.705752267));
#5606=CARTESIAN_POINT('',(-5.463686622,5.197066726,2.705741979));
#5607=CARTESIAN_POINT('',(-5.463654958,5.197065134,2.705731688));
#5608=CARTESIAN_POINT('',(-5.463623295,5.197063542,2.705721395));
#5609=CARTESIAN_POINT('',(-5.32189346,5.189937127,2.65964822));
#5610=CARTESIAN_POINT('',(-5.2013322,5.182444347,2.572041751));
#5611=CARTESIAN_POINT('',(-5.113734964,5.175318318,2.4514745));
#5612=CARTESIAN_POINT('',(-5.113715395,5.175316726,2.451447565));
#5613=CARTESIAN_POINT('',(-5.113695827,5.175315134,2.451420628));
#5614=CARTESIAN_POINT('',(-5.113676261,5.175313542,2.451393689));
#5615=CARTESIAN_POINT('',(-5.026095548,5.168187127,2.330813));
#5616=CARTESIAN_POINT('',(-4.980053231,5.160694347,2.189073747));
#5617=CARTESIAN_POINT('',(-4.980053231,5.153568318,2.040044429));
#5618=CARTESIAN_POINT('',(-4.980053231,5.153566726,2.040011135));
#5619=CARTESIAN_POINT('',(-4.980053233,5.153565134,2.039977841));
#5620=CARTESIAN_POINT('',(-4.980053238,5.153563542,2.039944547));
#5621=CARTESIAN_POINT('',(-4.980074504,5.146437127,1.89091407));
#5622=CARTESIAN_POINT('',(-5.026137729,5.138944347,1.74918161));
#5623=CARTESIAN_POINT('',(-5.113734964,5.131818318,1.628614358));
#5624=CARTESIAN_POINT('',(-5.113754534,5.131816726,1.628587423));
#5625=CARTESIAN_POINT('',(-5.113774106,5.131815134,1.628560488));
#5626=CARTESIAN_POINT('',(-5.113793679,5.131813542,1.628533556));
#5627=CARTESIAN_POINT('',(-5.201408801,5.124687127,1.507977867));
#5628=CARTESIAN_POINT('',(-5.321982982,5.117194347,1.420389183));
#5629=CARTESIAN_POINT('',(-5.463718286,5.110068318,1.374336591));
#5630=CARTESIAN_POINT('',(-5.463749951,5.110066726,1.374326303));
#5631=CARTESIAN_POINT('',(-5.463781616,5.110065134,1.374316016));
#5632=CARTESIAN_POINT('',(-5.463813282,5.110063542,1.374305732));
#5633=CARTESIAN_POINT('',(-5.605556261,5.102937127,1.328273007));
#5634=CARTESIAN_POINT('',(-5.754586159,5.095444347,1.328283999));
#5635=CARTESIAN_POINT('',(-5.896321464,5.088318318,1.374336591));
#5636=CARTESIAN_POINT('',(-5.896353128,5.088316726,1.374346879));
#5637=CARTESIAN_POINT('',(-5.896384792,5.088315134,1.37435717));
#5638=CARTESIAN_POINT('',(-5.896416455,5.088313542,1.374367463));
#5639=CARTESIAN_POINT('',(-6.03814629,5.081187127,1.420440638));
#5640=CARTESIAN_POINT('',(-6.15870755,5.073694347,1.508047107));
#5641=CARTESIAN_POINT('',(-6.246304786,5.066568318,1.628614358));
#5642=CARTESIAN_POINT('',(-6.246324355,5.066566726,1.628641293));
#5643=CARTESIAN_POINT('',(-6.246343923,5.066565134,1.62866823));
#5644=CARTESIAN_POINT('',(-6.246363489,5.066563542,1.628695169));
#5645=CARTESIAN_POINT('',(-6.333944202,5.059437127,1.749275858));
#5646=CARTESIAN_POINT('',(-6.379986519,5.051944347,1.891015111));
#5647=CARTESIAN_POINT('',(-6.379986519,5.044818318,2.040044429));
#5648=CARTESIAN_POINT('',(-6.379986519,5.044816726,2.040077723));
#5649=CARTESIAN_POINT('',(-6.379986517,5.044815134,2.040111017));
#5650=CARTESIAN_POINT('',(-6.379986512,5.044813542,2.040144311));
#5651=CARTESIAN_POINT('',(-6.379965246,5.037687127,2.189174788));
#5652=CARTESIAN_POINT('',(-6.333902021,5.030194347,2.330907248));
#5653=CARTESIAN_POINT('',(-6.246304786,5.023068318,2.4514745));
#5654=CARTESIAN_POINT('',(-6.246285216,5.023066726,2.451501435));
#5655=CARTESIAN_POINT('',(-6.246265644,5.023065134,2.45152837));
#5656=CARTESIAN_POINT('',(-6.246246071,5.023063542,2.451555302));
#5657=CARTESIAN_POINT('',(-6.158630949,5.015937127,2.572110991));
#5658=CARTESIAN_POINT('',(-6.038056768,5.008444347,2.659699675));
#5659=CARTESIAN_POINT('',(-5.896321464,5.001318318,2.705752267));
#5660=CARTESIAN_POINT('',(-5.896289799,5.001316726,2.705762555));
#5661=CARTESIAN_POINT('',(-5.896258134,5.001315134,2.705772842));
#5662=CARTESIAN_POINT('',(-5.896226468,5.001313542,2.705783126));
#5663=CARTESIAN_POINT('',(-5.754483489,4.994187127,2.751815851));
#5664=CARTESIAN_POINT('',(-5.605453591,4.986694347,2.751804859));
#5665=CARTESIAN_POINT('',(-5.463718286,4.979568318,2.705752267));
#5666=CARTESIAN_POINT('',(-5.463686622,4.979566726,2.705741979));
#5667=CARTESIAN_POINT('',(-5.463654958,4.979565134,2.705731688));
#5668=CARTESIAN_POINT('',(-5.463623295,4.979563542,2.705721395));
#5669=CARTESIAN_POINT('',(-5.32189346,4.972437127,2.65964822));
#5670=CARTESIAN_POINT('',(-5.2013322,4.964944347,2.572041751));
#5671=CARTESIAN_POINT('',(-5.113734964,4.957818318,2.4514745));
#5672=CARTESIAN_POINT('',(-5.113715395,4.957816726,2.451447565));
#5673=CARTESIAN_POINT('',(-5.113695827,4.957815134,2.451420628));
#5674=CARTESIAN_POINT('',(-5.113676261,4.957813542,2.451393689));
#5675=CARTESIAN_POINT('',(-5.026095548,4.950687127,2.330813));
#5676=CARTESIAN_POINT('',(-4.980053231,4.943194347,2.189073747));
#5677=CARTESIAN_POINT('',(-4.980053231,4.936068318,2.040044429));
#5678=CARTESIAN_POINT('',(-4.980053231,4.936066726,2.040011135));
#5679=CARTESIAN_POINT('',(-4.980053233,4.936065134,2.039977841));
#5680=CARTESIAN_POINT('',(-4.980053238,4.936063542,2.039944547));
#5681=CARTESIAN_POINT('',(-4.980074504,4.928937127,1.89091407));
#5682=CARTESIAN_POINT('',(-5.026137729,4.921444347,1.74918161));
#5683=CARTESIAN_POINT('',(-5.113734964,4.914318318,1.628614358));
#5684=CARTESIAN_POINT('',(-5.113754534,4.914316726,1.628587423));
#5685=CARTESIAN_POINT('',(-5.113774106,4.914315134,1.628560488));
#5686=CARTESIAN_POINT('',(-5.113793679,4.914313542,1.628533556));
#5687=CARTESIAN_POINT('',(-5.201408801,4.907187127,1.507977867));
#5688=CARTESIAN_POINT('',(-5.321982982,4.899694347,1.420389183));
#5689=CARTESIAN_POINT('',(-5.463718286,4.892568318,1.374336591));
#5690=CARTESIAN_POINT('',(-5.463749951,4.892566726,1.374326303));
#5691=CARTESIAN_POINT('',(-5.463781616,4.892565134,1.374316016));
#5692=CARTESIAN_POINT('',(-5.463813282,4.892563542,1.374305732));
#5693=CARTESIAN_POINT('',(-5.605556261,4.885437127,1.328273007));
#5694=CARTESIAN_POINT('',(-5.754586159,4.877944347,1.328283999));
#5695=CARTESIAN_POINT('',(-5.896321464,4.870818318,1.374336591));
#5696=CARTESIAN_POINT('',(-5.896353128,4.870816726,1.374346879));
#5697=CARTESIAN_POINT('',(-5.896384792,4.870815134,1.37435717));
#5698=CARTESIAN_POINT('',(-5.896416455,4.870813542,1.374367463));
#5699=CARTESIAN_POINT('',(-6.03814629,4.863687127,1.420440638));
#5700=CARTESIAN_POINT('',(-6.15870755,4.856194347,1.508047107));
#5701=CARTESIAN_POINT('',(-6.246304786,4.849068318,1.628614358));
#5702=CARTESIAN_POINT('',(-6.246324355,4.849066726,1.628641293));
#5703=CARTESIAN_POINT('',(-6.246343923,4.849065134,1.62866823));
#5704=CARTESIAN_POINT('',(-6.246363489,4.849063542,1.628695169));
#5705=CARTESIAN_POINT('',(-6.333944202,4.841937127,1.749275858));
#5706=CARTESIAN_POINT('',(-6.379986519,4.834444347,1.891015111));
#5707=CARTESIAN_POINT('',(-6.379986519,4.827318318,2.040044429));
#5708=CARTESIAN_POINT('',(-6.379986519,4.827316726,2.040077723));
#5709=CARTESIAN_POINT('',(-6.379986517,4.827315134,2.040111017));
#5710=CARTESIAN_POINT('',(-6.379986512,4.827313542,2.040144311));
#5711=CARTESIAN_POINT('',(-6.379965246,4.820187127,2.189174788));
#5712=CARTESIAN_POINT('',(-6.333902021,4.812694347,2.330907248));
#5713=CARTESIAN_POINT('',(-6.246304786,4.805568318,2.4514745));
#5714=CARTESIAN_POINT('',(-6.246285216,4.805566726,2.451501435));
#5715=CARTESIAN_POINT('',(-6.246265644,4.805565134,2.45152837));
#5716=CARTESIAN_POINT('',(-6.246246071,4.805563542,2.451555302));
#5717=CARTESIAN_POINT('',(-6.158630949,4.798437127,2.572110991));
#5718=CARTESIAN_POINT('',(-6.038056768,4.790944347,2.659699675));
#5719=CARTESIAN_POINT('',(-5.896321464,4.783818318,2.705752267));
#5720=CARTESIAN_POINT('',(-5.896289799,4.783816726,2.705762555));
#5721=CARTESIAN_POINT('',(-5.896258134,4.783815134,2.705772842));
#5722=CARTESIAN_POINT('',(-5.896226468,4.783813542,2.705783126));
#5723=CARTESIAN_POINT('',(-5.754483489,4.776687127,2.751815851));
#5724=CARTESIAN_POINT('',(-5.605453591,4.769194347,2.751804859));
#5725=CARTESIAN_POINT('',(-5.463718286,4.762068318,2.705752267));
#5726=CARTESIAN_POINT('',(-5.463686622,4.762066726,2.705741979));
#5727=CARTESIAN_POINT('',(-5.463654958,4.762065134,2.705731688));
#5728=CARTESIAN_POINT('',(-5.463623295,4.762063542,2.705721395));
#5729=CARTESIAN_POINT('',(-5.32189346,4.754937127,2.65964822));
#5730=CARTESIAN_POINT('',(-5.2013322,4.747444347,2.572041751));
#5731=CARTESIAN_POINT('',(-5.113734964,4.740318318,2.4514745));
#5732=CARTESIAN_POINT('',(-5.113715395,4.740316726,2.451447565));
#5733=CARTESIAN_POINT('',(-5.113695827,4.740315134,2.451420628));
#5734=CARTESIAN_POINT('',(-5.113676261,4.740313542,2.451393689));
#5735=CARTESIAN_POINT('',(-5.026095548,4.733187127,2.330813));
#5736=CARTESIAN_POINT('',(-4.980053231,4.725694347,2.189073747));
#5737=CARTESIAN_POINT('',(-4.980053231,4.718568318,2.040044429));
#5738=CARTESIAN_POINT('',(-4.980053231,4.718566726,2.040011135));
#5739=CARTESIAN_POINT('',(-4.980053233,4.718565134,2.039977841));
#5740=CARTESIAN_POINT('',(-4.980053238,4.718563542,2.039944547));
#5741=CARTESIAN_POINT('',(-4.980074504,4.711437127,1.89091407));
#5742=CARTESIAN_POINT('',(-5.026137729,4.703944347,1.74918161));
#5743=CARTESIAN_POINT('',(-5.113734964,4.696818318,1.628614358));
#5744=CARTESIAN_POINT('',(-5.113754534,4.696816726,1.628587423));
#5745=CARTESIAN_POINT('',(-5.113774106,4.696815134,1.628560488));
#5746=CARTESIAN_POINT('',(-5.113793679,4.696813542,1.628533556));
#5747=CARTESIAN_POINT('',(-5.201408801,4.689687127,1.507977867));
#5748=CARTESIAN_POINT('',(-5.321982982,4.682194347,1.420389183));
#5749=CARTESIAN_POINT('',(-5.463718286,4.675068318,1.374336591));
#5750=CARTESIAN_POINT('',(-5.463749951,4.675066726,1.374326303));
#5751=CARTESIAN_POINT('',(-5.463781616,4.675065134,1.374316016));
#5752=CARTESIAN_POINT('',(-5.463813282,4.675063542,1.374305732));
#5753=CARTESIAN_POINT('',(-5.605556261,4.667937127,1.328273007));
#5754=CARTESIAN_POINT('',(-5.754586159,4.660444347,1.328283999));
#5755=CARTESIAN_POINT('',(-5.896321464,4.653318318,1.374336591));
#5756=CARTESIAN_POINT('',(-5.896353128,4.653316726,1.374346879));
#5757=CARTESIAN_POINT('',(-5.896384792,4.653315134,1.37435717));
#5758=CARTESIAN_POINT('',(-5.896416455,4.653313542,1.374367463));
#5759=CARTESIAN_POINT('',(-6.03814629,4.646187127,1.420440638));
#5760=CARTESIAN_POINT('',(-6.15870755,4.638694347,1.508047107));
#5761=CARTESIAN_POINT('',(-6.246304786,4.631568318,1.628614358));
#5762=CARTESIAN_POINT('',(-6.246324355,4.631566726,1.628641293));
#5763=CARTESIAN_POINT('',(-6.246343923,4.631565134,1.62866823));
#5764=CARTESIAN_POINT('',(-6.246363489,4.631563542,1.628695169));
#5765=CARTESIAN_POINT('',(-6.333944202,4.624437127,1.749275858));
#5766=CARTESIAN_POINT('',(-6.379986519,4.616944347,1.891015111));
#5767=CARTESIAN_POINT('',(-6.379986519,4.609818318,2.040044429));
#5768=CARTESIAN_POINT('',(-6.379986519,4.609816726,2.040077723));
#5769=CARTESIAN_POINT('',(-6.379986517,4.609815134,2.040111017));
#5770=CARTESIAN_POINT('',(-6.379986512,4.609813542,2.040144311));
#5771=CARTESIAN_POINT('',(-6.379965246,4.602687127,2.189174788));
#5772=CARTESIAN_POINT('',(-6.333902021,4.595194347,2.330907248));
#5773=CARTESIAN_POINT('',(-6.246304786,4.588068318,2.4514745));
#5774=CARTESIAN_POINT('',(-6.246285216,4.588066726,2.451501435));
#5775=CARTESIAN_POINT('',(-6.246265644,4.588065134,2.45152837));
#5776=CARTESIAN_POINT('',(-6.246246071,4.588063542,2.451555302));
#5777=CARTESIAN_POINT('',(-6.158630949,4.580937127,2.572110991));
#5778=CARTESIAN_POINT('',(-6.038056768,4.573444347,2.659699675));
#5779=CARTESIAN_POINT('',(-5.896321464,4.566318318,2.705752267));
#5780=CARTESIAN_POINT('',(-5.896289799,4.566316726,2.705762555));
#5781=CARTESIAN_POINT('',(-5.896258134,4.566315134,2.705772842));
#5782=CARTESIAN_POINT('',(-5.896226468,4.566313542,2.705783126));
#5783=CARTESIAN_POINT('',(-5.754483489,4.559187127,2.751815851));
#5784=CARTESIAN_POINT('',(-5.605453591,4.551694347,2.751804859));
#5785=CARTESIAN_POINT('',(-5.463718286,4.544568318,2.705752267));
#5786=CARTESIAN_POINT('',(-5.463686622,4.544566726,2.705741979));
#5787=CARTESIAN_POINT('',(-5.463654958,4.544565134,2.705731688));
#5788=CARTESIAN_POINT('',(-5.463623295,4.544563542,2.705721395));
#5789=CARTESIAN_POINT('',(-5.32189346,4.537437127,2.65964822));
#5790=CARTESIAN_POINT('',(-5.2013322,4.529944347,2.572041751));
#5791=CARTESIAN_POINT('',(-5.113734964,4.522818318,2.4514745));
#5792=CARTESIAN_POINT('',(-5.113715395,4.522816726,2.451447565));
#5793=CARTESIAN_POINT('',(-5.113695827,4.522815134,2.451420628));
#5794=CARTESIAN_POINT('',(-5.113676261,4.522813542,2.451393689));
#5795=CARTESIAN_POINT('',(-5.026095548,4.515687127,2.330813));
#5796=CARTESIAN_POINT('',(-4.980053231,4.508194347,2.189073747));
#5797=CARTESIAN_POINT('',(-4.980053231,4.501068318,2.040044429));
#5798=CARTESIAN_POINT('',(-4.980053231,4.501066726,2.040011135));
#5799=CARTESIAN_POINT('',(-4.980053233,4.501065134,2.039977841));
#5800=CARTESIAN_POINT('',(-4.980053238,4.501063542,2.039944547));
#5801=CARTESIAN_POINT('',(-4.980074504,4.493937127,1.89091407));
#5802=CARTESIAN_POINT('',(-5.026137729,4.486444347,1.74918161));
#5803=CARTESIAN_POINT('',(-5.113734964,4.479318318,1.628614358));
#5804=CARTESIAN_POINT('',(-5.113754534,4.479316726,1.628587423));
#5805=CARTESIAN_POINT('',(-5.113774106,4.479315134,1.628560488));
#5806=CARTESIAN_POINT('',(-5.113793679,4.479313542,1.628533556));
#5807=CARTESIAN_POINT('',(-5.201408801,4.472187127,1.507977867));
#5808=CARTESIAN_POINT('',(-5.321982982,4.464694347,1.420389183));
#5809=CARTESIAN_POINT('',(-5.463718286,4.457568318,1.374336591));
#5810=CARTESIAN_POINT('',(-5.463749951,4.457566726,1.374326303));
#5811=CARTESIAN_POINT('',(-5.463781616,4.457565134,1.374316016));
#5812=CARTESIAN_POINT('',(-5.463813282,4.457563542,1.374305732));
#5813=CARTESIAN_POINT('',(-5.605556261,4.450437127,1.328273007));
#5814=CARTESIAN_POINT('',(-5.754586159,4.442944347,1.328283999));
#5815=CARTESIAN_POINT('',(-5.896321464,4.435818318,1.374336591));
#5816=CARTESIAN_POINT('',(-5.896353128,4.435816726,1.374346879));
#5817=CARTESIAN_POINT('',(-5.896384792,4.435815134,1.37435717));
#5818=CARTESIAN_POINT('',(-5.896416455,4.435813542,1.374367463));
#5819=CARTESIAN_POINT('',(-6.03814629,4.428687127,1.420440638));
#5820=CARTESIAN_POINT('',(-6.15870755,4.421194347,1.508047107));
#5821=CARTESIAN_POINT('',(-6.246304786,4.414068318,1.628614358));
#5822=CARTESIAN_POINT('',(-6.246324355,4.414066726,1.628641293));
#5823=CARTESIAN_POINT('',(-6.246343923,4.414065134,1.62866823));
#5824=CARTESIAN_POINT('',(-6.246363489,4.414063542,1.628695169));
#5825=CARTESIAN_POINT('',(-6.333944202,4.406937127,1.749275858));
#5826=CARTESIAN_POINT('',(-6.379986519,4.399444347,1.891015111));
#5827=CARTESIAN_POINT('',(-6.379986519,4.392318318,2.040044429));
#5828=CARTESIAN_POINT('',(-6.379986519,4.392316726,2.040077723));
#5829=CARTESIAN_POINT('',(-6.379986517,4.392315134,2.040111017));
#5830=CARTESIAN_POINT('',(-6.379986512,4.392313542,2.040144311));
#5831=CARTESIAN_POINT('',(-6.379965246,4.385187127,2.189174788));
#5832=CARTESIAN_POINT('',(-6.333902021,4.377694347,2.330907248));
#5833=CARTESIAN_POINT('',(-6.246304786,4.370568318,2.4514745));
#5834=CARTESIAN_POINT('',(-6.246285216,4.370566726,2.451501435));
#5835=CARTESIAN_POINT('',(-6.246265644,4.370565134,2.45152837));
#5836=CARTESIAN_POINT('',(-6.246246071,4.370563542,2.451555302));
#5837=CARTESIAN_POINT('',(-6.158630949,4.363437127,2.572110991));
#5838=CARTESIAN_POINT('',(-6.038056768,4.355944347,2.659699675));
#5839=CARTESIAN_POINT('',(-5.896321464,4.348818318,2.705752267));
#5840=CARTESIAN_POINT('',(-5.896289799,4.348816726,2.705762555));
#5841=CARTESIAN_POINT('',(-5.896258134,4.348815134,2.705772842));
#5842=CARTESIAN_POINT('',(-5.896226468,4.348813542,2.705783126));
#5843=CARTESIAN_POINT('',(-5.754483489,4.341687127,2.751815851));
#5844=CARTESIAN_POINT('',(-5.605453591,4.334194347,2.751804859));
#5845=CARTESIAN_POINT('',(-5.463718286,4.327068318,2.705752267));
#5846=CARTESIAN_POINT('',(-5.463686622,4.327066726,2.705741979));
#5847=CARTESIAN_POINT('',(-5.463654958,4.327065134,2.705731688));
#5848=CARTESIAN_POINT('',(-5.463623295,4.327063542,2.705721395));
#5849=CARTESIAN_POINT('',(-5.32189346,4.319937127,2.65964822));
#5850=CARTESIAN_POINT('',(-5.2013322,4.312444347,2.572041751));
#5851=CARTESIAN_POINT('',(-5.113734964,4.305318318,2.4514745));
#5852=CARTESIAN_POINT('',(-5.113715395,4.305316726,2.451447565));
#5853=CARTESIAN_POINT('',(-5.113695827,4.305315134,2.451420628));
#5854=CARTESIAN_POINT('',(-5.113676261,4.305313542,2.451393689));
#5855=CARTESIAN_POINT('',(-5.026095548,4.298187127,2.330813));
#5856=CARTESIAN_POINT('',(-4.980053231,4.290694347,2.189073747));
#5857=CARTESIAN_POINT('',(-4.980053231,4.283568318,2.040044429));
#5858=CARTESIAN_POINT('',(-4.980053231,4.283566726,2.040011135));
#5859=CARTESIAN_POINT('',(-4.980053233,4.283565134,2.039977841));
#5860=CARTESIAN_POINT('',(-4.980053238,4.283563542,2.039944547));
#5861=CARTESIAN_POINT('',(-4.980074504,4.276437127,1.89091407));
#5862=CARTESIAN_POINT('',(-5.026137729,4.268944347,1.74918161));
#5863=CARTESIAN_POINT('',(-5.113734964,4.261818318,1.628614358));
#5864=CARTESIAN_POINT('',(-5.113754534,4.261816726,1.628587423));
#5865=CARTESIAN_POINT('',(-5.113774106,4.261815134,1.628560488));
#5866=CARTESIAN_POINT('',(-5.113793679,4.261813542,1.628533556));
#5867=CARTESIAN_POINT('',(-5.201408801,4.254687127,1.507977867));
#5868=CARTESIAN_POINT('',(-5.321982982,4.247194347,1.420389183));
#5869=CARTESIAN_POINT('',(-5.463718286,4.240068318,1.374336591));
#5870=CARTESIAN_POINT('',(-5.463749951,4.240066726,1.374326303));
#5871=CARTESIAN_POINT('',(-5.463781616,4.240065134,1.374316016));
#5872=CARTESIAN_POINT('',(-5.463813282,4.240063542,1.374305732));
#5873=CARTESIAN_POINT('',(-5.605556261,4.232937127,1.328273007));
#5874=CARTESIAN_POINT('',(-5.754586159,4.225444347,1.328283999));
#5875=CARTESIAN_POINT('',(-5.896321464,4.218318318,1.374336591));
#5876=CARTESIAN_POINT('',(-5.896353128,4.218316726,1.374346879));
#5877=CARTESIAN_POINT('',(-5.896384792,4.218315134,1.37435717));
#5878=CARTESIAN_POINT('',(-5.896416455,4.218313542,1.374367463));
#5879=CARTESIAN_POINT('',(-6.03814629,4.211187127,1.420440638));
#5880=CARTESIAN_POINT('',(-6.15870755,4.203694347,1.508047107));
#5881=CARTESIAN_POINT('',(-6.246304786,4.196568318,1.628614358));
#5882=CARTESIAN_POINT('',(-6.246324355,4.196566726,1.628641293));
#5883=CARTESIAN_POINT('',(-6.246343923,4.196565134,1.62866823));
#5884=CARTESIAN_POINT('',(-6.246363489,4.196563542,1.628695169));
#5885=CARTESIAN_POINT('',(-6.333944202,4.189437127,1.749275858));
#5886=CARTESIAN_POINT('',(-6.379986519,4.181944347,1.891015111));
#5887=CARTESIAN_POINT('',(-6.379986519,4.174818318,2.040044429));
#5888=CARTESIAN_POINT('',(-6.379986519,4.174816726,2.040077723));
#5889=CARTESIAN_POINT('',(-6.379986517,4.174815134,2.040111017));
#5890=CARTESIAN_POINT('',(-6.379986512,4.174813542,2.040144311));
#5891=CARTESIAN_POINT('',(-6.379965246,4.167687127,2.189174788));
#5892=CARTESIAN_POINT('',(-6.333902021,4.160194347,2.330907248));
#5893=CARTESIAN_POINT('',(-6.246304786,4.153068318,2.4514745));
#5894=CARTESIAN_POINT('',(-6.246285216,4.153066726,2.451501435));
#5895=CARTESIAN_POINT('',(-6.246265644,4.153065134,2.45152837));
#5896=CARTESIAN_POINT('',(-6.246246071,4.153063542,2.451555302));
#5897=CARTESIAN_POINT('',(-6.158630949,4.145937127,2.572110991));
#5898=CARTESIAN_POINT('',(-6.038056768,4.138444347,2.659699675));
#5899=CARTESIAN_POINT('',(-5.896321464,4.131318318,2.705752267));
#5900=CARTESIAN_POINT('',(-5.896289799,4.131316726,2.705762555));
#5901=CARTESIAN_POINT('',(-5.896258134,4.131315134,2.705772842));
#5902=CARTESIAN_POINT('',(-5.896226468,4.131313542,2.705783126));
#5903=CARTESIAN_POINT('',(-5.754483489,4.124187127,2.751815851));
#5904=CARTESIAN_POINT('',(-5.605453591,4.116694347,2.751804859));
#5905=CARTESIAN_POINT('',(-5.463718286,4.109568318,2.705752267));
#5906=CARTESIAN_POINT('',(-5.463686622,4.109566726,2.705741979));
#5907=CARTESIAN_POINT('',(-5.463654958,4.109565134,2.705731688));
#5908=CARTESIAN_POINT('',(-5.463623295,4.109563542,2.705721395));
#5909=CARTESIAN_POINT('',(-5.32189346,4.102437127,2.65964822));
#5910=CARTESIAN_POINT('',(-5.2013322,4.094944347,2.572041751));
#5911=CARTESIAN_POINT('',(-5.113734964,4.087818318,2.4514745));
#5912=CARTESIAN_POINT('',(-5.113715395,4.087816726,2.451447565));
#5913=CARTESIAN_POINT('',(-5.113695827,4.087815134,2.451420628));
#5914=CARTESIAN_POINT('',(-5.113676261,4.087813542,2.451393689));
#5915=CARTESIAN_POINT('',(-5.026095548,4.080687127,2.330813));
#5916=CARTESIAN_POINT('',(-4.980053231,4.073194347,2.189073747));
#5917=CARTESIAN_POINT('',(-4.980053231,4.066068318,2.040044429));
#5918=CARTESIAN_POINT('',(-4.980053231,4.066066726,2.040011135));
#5919=CARTESIAN_POINT('',(-4.980053233,4.066065134,2.039977841));
#5920=CARTESIAN_POINT('',(-4.980053238,4.066063542,2.039944547));
#5921=CARTESIAN_POINT('',(-4.980074504,4.058937127,1.89091407));
#5922=CARTESIAN_POINT('',(-5.026137729,4.051444347,1.74918161));
#5923=CARTESIAN_POINT('',(-5.113734964,4.044318318,1.628614358));
#5924=CARTESIAN_POINT('',(-5.113754534,4.044316726,1.628587423));
#5925=CARTESIAN_POINT('',(-5.113774106,4.044315134,1.628560488));
#5926=CARTESIAN_POINT('',(-5.113793679,4.044313542,1.628533556));
#5927=CARTESIAN_POINT('',(-5.201408801,4.037187127,1.507977867));
#5928=CARTESIAN_POINT('',(-5.321982982,4.029694347,1.420389183));
#5929=CARTESIAN_POINT('',(-5.463718286,4.022568318,1.374336591));
#5930=CARTESIAN_POINT('',(-5.463749951,4.022566726,1.374326303));
#5931=CARTESIAN_POINT('',(-5.463781616,4.022565134,1.374316016));
#5932=CARTESIAN_POINT('',(-5.463813282,4.022563542,1.374305732));
#5933=CARTESIAN_POINT('',(-5.605556261,4.015437127,1.328273007));
#5934=CARTESIAN_POINT('',(-5.754586159,4.007944347,1.328283999));
#5935=CARTESIAN_POINT('',(-5.896321464,4.000818318,1.374336591));
#5936=CARTESIAN_POINT('',(-5.896353128,4.000816726,1.374346879));
#5937=CARTESIAN_POINT('',(-5.896384792,4.000815134,1.37435717));
#5938=CARTESIAN_POINT('',(-5.896416455,4.000813542,1.374367463));
#5939=CARTESIAN_POINT('',(-6.03814629,3.993687127,1.420440638));
#5940=CARTESIAN_POINT('',(-6.15870755,3.986194347,1.508047107));
#5941=CARTESIAN_POINT('',(-6.246304786,3.979068318,1.628614358));
#5942=CARTESIAN_POINT('',(-6.246324355,3.979066726,1.628641293));
#5943=CARTESIAN_POINT('',(-6.246343923,3.979065134,1.62866823));
#5944=CARTESIAN_POINT('',(-6.246363489,3.979063542,1.628695169));
#5945=CARTESIAN_POINT('',(-6.333944202,3.971937127,1.749275858));
#5946=CARTESIAN_POINT('',(-6.379986519,3.964444347,1.891015111));
#5947=CARTESIAN_POINT('',(-6.379986519,3.957318318,2.040044429));
#5948=CARTESIAN_POINT('',(-6.379986519,3.957316726,2.040077723));
#5949=CARTESIAN_POINT('',(-6.379986517,3.957315134,2.040111017));
#5950=CARTESIAN_POINT('',(-6.379986512,3.957313542,2.040144311));
#5951=CARTESIAN_POINT('',(-6.379965246,3.950187127,2.189174788));
#5952=CARTESIAN_POINT('',(-6.333902021,3.942694347,2.330907248));
#5953=CARTESIAN_POINT('',(-6.246304786,3.935568318,2.4514745));
#5954=CARTESIAN_POINT('',(-6.246285216,3.935566726,2.451501435));
#5955=CARTESIAN_POINT('',(-6.246265644,3.935565134,2.45152837));
#5956=CARTESIAN_POINT('',(-6.246246071,3.935563542,2.451555302));
#5957=CARTESIAN_POINT('',(-6.158630949,3.928437127,2.572110991));
#5958=CARTESIAN_POINT('',(-6.038056768,3.920944347,2.659699675));
#5959=CARTESIAN_POINT('',(-5.896321464,3.913818318,2.705752267));
#5960=CARTESIAN_POINT('',(-5.896289799,3.913816726,2.705762555));
#5961=CARTESIAN_POINT('',(-5.896258134,3.913815134,2.705772842));
#5962=CARTESIAN_POINT('',(-5.896226468,3.913813542,2.705783126));
#5963=CARTESIAN_POINT('',(-5.754483489,3.906687127,2.751815851));
#5964=CARTESIAN_POINT('',(-5.605453591,3.899194347,2.751804859));
#5965=CARTESIAN_POINT('',(-5.463718286,3.892068318,2.705752267));
#5966=CARTESIAN_POINT('',(-5.463686622,3.892066726,2.705741979));
#5967=CARTESIAN_POINT('',(-5.463654958,3.892065134,2.705731688));
#5968=CARTESIAN_POINT('',(-5.463623295,3.892063542,2.705721395));
#5969=CARTESIAN_POINT('',(-5.32189346,3.884937127,2.65964822));
#5970=CARTESIAN_POINT('',(-5.2013322,3.877444347,2.572041751));
#5971=CARTESIAN_POINT('',(-5.113734964,3.870318318,2.4514745));
#5972=CARTESIAN_POINT('',(-5.113715395,3.870316726,2.451447565));
#5973=CARTESIAN_POINT('',(-5.113695827,3.870315134,2.451420628));
#5974=CARTESIAN_POINT('',(-5.113676261,3.870313542,2.451393689));
#5975=CARTESIAN_POINT('',(-5.026095548,3.863187127,2.330813));
#5976=CARTESIAN_POINT('',(-4.980053231,3.855694347,2.189073747));
#5977=CARTESIAN_POINT('',(-4.980053231,3.848568318,2.040044429));
#5978=CARTESIAN_POINT('',(-4.980053231,3.848566726,2.040011135));
#5979=CARTESIAN_POINT('',(-4.980053233,3.848565134,2.039977841));
#5980=CARTESIAN_POINT('',(-4.980053238,3.848563542,2.039944547));
#5981=CARTESIAN_POINT('',(-4.980074504,3.841437127,1.89091407));
#5982=CARTESIAN_POINT('',(-5.026137729,3.833944347,1.74918161));
#5983=CARTESIAN_POINT('',(-5.113734964,3.826818318,1.628614358));
#5984=CARTESIAN_POINT('',(-5.113754534,3.826816726,1.628587423));
#5985=CARTESIAN_POINT('',(-5.113774106,3.826815134,1.628560488));
#5986=CARTESIAN_POINT('',(-5.113793679,3.826813542,1.628533556));
#5987=CARTESIAN_POINT('',(-5.201408801,3.819687127,1.507977867));
#5988=CARTESIAN_POINT('',(-5.321982982,3.812194347,1.420389183));
#5989=CARTESIAN_POINT('',(-5.463718286,3.805068318,1.374336591));
#5990=CARTESIAN_POINT('',(-5.463749951,3.805066726,1.374326303));
#5991=CARTESIAN_POINT('',(-5.463781616,3.805065134,1.374316016));
#5992=CARTESIAN_POINT('',(-5.463813282,3.805063542,1.374305732));
#5993=CARTESIAN_POINT('',(-5.605556261,3.797937127,1.328273007));
#5994=CARTESIAN_POINT('',(-5.754586159,3.790444347,1.328283999));
#5995=CARTESIAN_POINT('',(-5.896321464,3.783318318,1.374336591));
#5996=CARTESIAN_POINT('',(-5.896353128,3.783316726,1.374346879));
#5997=CARTESIAN_POINT('',(-5.896384792,3.783315134,1.37435717));
#5998=CARTESIAN_POINT('',(-5.896416455,3.783313542,1.374367463));
#5999=CARTESIAN_POINT('',(-6.03814629,3.776187127,1.420440638));
#6000=CARTESIAN_POINT('',(-6.15870755,3.768694347,1.508047107));
#6001=CARTESIAN_POINT('',(-6.246304786,3.761568318,1.628614358));
#6002=CARTESIAN_POINT('',(-6.246324355,3.761566726,1.628641293));
#6003=CARTESIAN_POINT('',(-6.246343923,3.761565134,1.62866823));
#6004=CARTESIAN_POINT('',(-6.246363489,3.761563542,1.628695169));
#6005=CARTESIAN_POINT('',(-6.333944202,3.754437127,1.749275858));
#6006=CARTESIAN_POINT('',(-6.379986519,3.746944347,1.891015111));
#6007=CARTESIAN_POINT('',(-6.379986519,3.739818318,2.040044429));
#6008=CARTESIAN_POINT('',(-6.379986519,3.739816726,2.040077723));
#6009=CARTESIAN_POINT('',(-6.379986517,3.739815134,2.040111017));
#6010=CARTESIAN_POINT('',(-6.379986512,3.739813542,2.040144311));
#6011=CARTESIAN_POINT('',(-6.379965246,3.732687127,2.189174788));
#6012=CARTESIAN_POINT('',(-6.333902021,3.725194347,2.330907248));
#6013=CARTESIAN_POINT('',(-6.246304786,3.718068318,2.4514745));
#6014=CARTESIAN_POINT('',(-6.246285216,3.718066726,2.451501435));
#6015=CARTESIAN_POINT('',(-6.246265644,3.718065134,2.45152837));
#6016=CARTESIAN_POINT('',(-6.246246071,3.718063542,2.451555302));
#6017=CARTESIAN_POINT('',(-6.158630949,3.710937127,2.572110991));
#6018=CARTESIAN_POINT('',(-6.038056768,3.703444347,2.659699675));
#6019=CARTESIAN_POINT('',(-5.896321464,3.696318318,2.705752267));
#6020=CARTESIAN_POINT('',(-5.896289799,3.696316726,2.705762555));
#6021=CARTESIAN_POINT('',(-5.896258134,3.696315134,2.705772842));
#6022=CARTESIAN_POINT('',(-5.896226468,3.696313542,2.705783126));
#6023=CARTESIAN_POINT('',(-5.754483489,3.689187127,2.751815851));
#6024=CARTESIAN_POINT('',(-5.605453591,3.681694347,2.751804859));
#6025=CARTESIAN_POINT('',(-5.463718286,3.674568318,2.705752267));
#6026=CARTESIAN_POINT('',(-5.463686622,3.674566726,2.705741979));
#6027=CARTESIAN_POINT('',(-5.463654958,3.674565134,2.705731688));
#6028=CARTESIAN_POINT('',(-5.463623295,3.674563542,2.705721395));
#6029=CARTESIAN_POINT('',(-5.370280992,3.669870134,2.675377916));
#6030=CARTESIAN_POINT('',(-5.284898432,3.664944694,2.626227206));
#6031=CARTESIAN_POINT('',(-5.211440595,3.660000583,2.5600317));
#6032=CARTESIAN_POINT('',(-5.211333785,3.659993394,2.559935449));
#6033=CARTESIAN_POINT('',(-5.211226974,3.659986205,2.559839199));
#6034=CARTESIAN_POINT('',(-5.211120164,3.659979016,2.559742948));
#6035=CARTESIAN_POINT('',(-6.349942547,6.359980092,1.837287907));
#6036=CARTESIAN_POINT('',(-6.369959626,6.356506462,1.903425829));
#6037=CARTESIAN_POINT('',(-6.379953153,6.353095321,1.971513789));
#6038=CARTESIAN_POINT('',(-6.379953153,6.349818285,2.040044429));
#6039=CARTESIAN_POINT('',(-6.379953153,6.349816693,2.040077721));
#6040=CARTESIAN_POINT('',(-6.37995315,6.349815101,2.040111014));
#6041=CARTESIAN_POINT('',(-6.379953146,6.349813509,2.040144306));
#6042=CARTESIAN_POINT('',(-6.379931881,6.342687093,2.18916768));
#6043=CARTESIAN_POINT('',(-6.333870852,6.335194314,2.330893383));
#6044=CARTESIAN_POINT('',(-6.246277792,6.328068285,2.451454888));
#6045=CARTESIAN_POINT('',(-6.246258223,6.328066693,2.451481822));
#6046=CARTESIAN_POINT('',(-6.246238652,6.328065101,2.451508755));
#6047=CARTESIAN_POINT('',(-6.246219079,6.328063509,2.451535686));
#6048=CARTESIAN_POINT('',(-6.158608134,6.320937093,2.572085628));
#6049=CARTESIAN_POINT('',(-6.038039701,6.313444314,2.659670137));
#6050=CARTESIAN_POINT('',(-5.896311153,6.306318285,2.705720533));
#6051=CARTESIAN_POINT('',(-5.89627949,6.306316693,2.705730821));
#6052=CARTESIAN_POINT('',(-5.896247826,6.306315101,2.705741107));
#6053=CARTESIAN_POINT('',(-5.896216161,6.306313509,2.70575139));
#6054=CARTESIAN_POINT('',(-5.75447994,6.299187093,2.751781921));
#6055=CARTESIAN_POINT('',(-5.605457146,6.291694314,2.751770931));
#6056=CARTESIAN_POINT('',(-5.463728597,6.284568285,2.705720533));
#6057=CARTESIAN_POINT('',(-5.463696934,6.284566693,2.705710245));
#6058=CARTESIAN_POINT('',(-5.463665272,6.284565101,2.705699955));
#6059=CARTESIAN_POINT('',(-5.46363361,6.284563509,2.705689663));
#6060=CARTESIAN_POINT('',(-5.321910531,6.277437093,2.659618684));
#6061=CARTESIAN_POINT('',(-5.201355018,6.269944314,2.572016392));
#6062=CARTESIAN_POINT('',(-5.113761958,6.262818285,2.451454888));
#6063=CARTESIAN_POINT('',(-5.11374239,6.262816693,2.451427954));
#6064=CARTESIAN_POINT('',(-5.113722823,6.262815101,2.451401018));
#6065=CARTESIAN_POINT('',(-5.113703258,6.262813509,2.451374081));
#6066=CARTESIAN_POINT('',(-5.02612672,6.255687093,2.33079914));
#6067=CARTESIAN_POINT('',(-4.980086597,6.248194314,2.189066643));
#6068=CARTESIAN_POINT('',(-4.980086597,6.241068285,2.040044429));
#6069=CARTESIAN_POINT('',(-4.980086597,6.241066693,2.040011137));
#6070=CARTESIAN_POINT('',(-4.9800866,6.241065101,2.039977844));
#6071=CARTESIAN_POINT('',(-4.980086604,6.241063509,2.039944552));
#6072=CARTESIAN_POINT('',(-4.980107869,6.233937093,1.890921178));
#6073=CARTESIAN_POINT('',(-5.026168898,6.226444314,1.749195475));
#6074=CARTESIAN_POINT('',(-5.113761958,6.219318285,1.62863397));
#6075=CARTESIAN_POINT('',(-5.113781527,6.219316693,1.628607036));
#6076=CARTESIAN_POINT('',(-5.113801098,6.219315101,1.628580103));
#6077=CARTESIAN_POINT('',(-5.113820671,6.219313509,1.628553172));
#6078=CARTESIAN_POINT('',(-5.201431616,6.212187093,1.50800323));
#6079=CARTESIAN_POINT('',(-5.322000049,6.204694314,1.420418721));
#6080=CARTESIAN_POINT('',(-5.463728597,6.197568285,1.374368325));
#6081=CARTESIAN_POINT('',(-5.46376026,6.197566693,1.374358037));
#6082=CARTESIAN_POINT('',(-5.463791924,6.197565101,1.374347751));
#6083=CARTESIAN_POINT('',(-5.463823589,6.197563509,1.374337468));
#6084=CARTESIAN_POINT('',(-5.60555981,6.190437093,1.328306937));
#6085=CARTESIAN_POINT('',(-5.754582604,6.182944314,1.328317927));
#6086=CARTESIAN_POINT('',(-5.896311153,6.175818285,1.374368325));
#6087=CARTESIAN_POINT('',(-5.896342816,6.175816693,1.374378613));
#6088=CARTESIAN_POINT('',(-5.896374478,6.175815101,1.374388903));
#6089=CARTESIAN_POINT('',(-5.89640614,6.175813509,1.374399195));
#6090=CARTESIAN_POINT('',(-6.038129219,6.168687093,1.420470174));
#6091=CARTESIAN_POINT('',(-6.158684732,6.161194314,1.508072466));
#6092=CARTESIAN_POINT('',(-6.246277792,6.154068285,1.62863397));
#6093=CARTESIAN_POINT('',(-6.24629736,6.154066693,1.628660904));
#6094=CARTESIAN_POINT('',(-6.246316927,6.154065101,1.62868784));
#6095=CARTESIAN_POINT('',(-6.246336492,6.154063509,1.628714777));
#6096=CARTESIAN_POINT('',(-6.33391303,6.146937093,1.749289718));
#6097=CARTESIAN_POINT('',(-6.379953153,6.139444314,1.891022215));
#6098=CARTESIAN_POINT('',(-6.379953153,6.132318285,2.040044429));
#6099=CARTESIAN_POINT('',(-6.379953153,6.132316693,2.040077721));
#6100=CARTESIAN_POINT('',(-6.37995315,6.132315101,2.040111014));
#6101=CARTESIAN_POINT('',(-6.379953146,6.132313509,2.040144306));
#6102=CARTESIAN_POINT('',(-6.379931881,6.125187093,2.18916768));
#6103=CARTESIAN_POINT('',(-6.333870852,6.117694314,2.330893383));
#6104=CARTESIAN_POINT('',(-6.246277792,6.110568285,2.451454888));
#6105=CARTESIAN_POINT('',(-6.246258223,6.110566693,2.451481822));
#6106=CARTESIAN_POINT('',(-6.246238652,6.110565101,2.451508755));
#6107=CARTESIAN_POINT('',(-6.246219079,6.110563509,2.451535686));
#6108=CARTESIAN_POINT('',(-6.158608134,6.103437093,2.572085628));
#6109=CARTESIAN_POINT('',(-6.038039701,6.095944314,2.659670137));
#6110=CARTESIAN_POINT('',(-5.896311153,6.088818285,2.705720533));
#6111=CARTESIAN_POINT('',(-5.89627949,6.088816693,2.705730821));
#6112=CARTESIAN_POINT('',(-5.896247826,6.088815101,2.705741107));
#6113=CARTESIAN_POINT('',(-5.896216161,6.088813509,2.70575139));
#6114=CARTESIAN_POINT('',(-5.75447994,6.081687093,2.751781921));
#6115=CARTESIAN_POINT('',(-5.605457146,6.074194314,2.751770931));
#6116=CARTESIAN_POINT('',(-5.463728597,6.067068285,2.705720533));
#6117=CARTESIAN_POINT('',(-5.463696934,6.067066693,2.705710245));
#6118=CARTESIAN_POINT('',(-5.463665272,6.067065101,2.705699955));
#6119=CARTESIAN_POINT('',(-5.46363361,6.067063509,2.705689663));
#6120=CARTESIAN_POINT('',(-5.321910531,6.059937093,2.659618684));
#6121=CARTESIAN_POINT('',(-5.201355018,6.052444314,2.572016392));
#6122=CARTESIAN_POINT('',(-5.113761958,6.045318285,2.451454888));
#6123=CARTESIAN_POINT('',(-5.11374239,6.045316693,2.451427954));
#6124=CARTESIAN_POINT('',(-5.113722823,6.045315101,2.451401018));
#6125=CARTESIAN_POINT('',(-5.113703258,6.045313509,2.451374081));
#6126=CARTESIAN_POINT('',(-5.02612672,6.038187093,2.33079914));
#6127=CARTESIAN_POINT('',(-4.980086597,6.030694314,2.189066643));
#6128=CARTESIAN_POINT('',(-4.980086597,6.023568285,2.040044429));
#6129=CARTESIAN_POINT('',(-4.980086597,6.023566693,2.040011137));
#6130=CARTESIAN_POINT('',(-4.9800866,6.023565101,2.039977844));
#6131=CARTESIAN_POINT('',(-4.980086604,6.023563509,2.039944552));
#6132=CARTESIAN_POINT('',(-4.980107869,6.016437093,1.890921178));
#6133=CARTESIAN_POINT('',(-5.026168898,6.008944314,1.749195475));
#6134=CARTESIAN_POINT('',(-5.113761958,6.001818285,1.62863397));
#6135=CARTESIAN_POINT('',(-5.113781527,6.001816693,1.628607036));
#6136=CARTESIAN_POINT('',(-5.113801098,6.001815101,1.628580103));
#6137=CARTESIAN_POINT('',(-5.113820671,6.001813509,1.628553172));
#6138=CARTESIAN_POINT('',(-5.201431616,5.994687093,1.50800323));
#6139=CARTESIAN_POINT('',(-5.322000049,5.987194314,1.420418721));
#6140=CARTESIAN_POINT('',(-5.463728597,5.980068285,1.374368325));
#6141=CARTESIAN_POINT('',(-5.46376026,5.980066693,1.374358037));
#6142=CARTESIAN_POINT('',(-5.463791924,5.980065101,1.374347751));
#6143=CARTESIAN_POINT('',(-5.463823589,5.980063509,1.374337468));
#6144=CARTESIAN_POINT('',(-5.60555981,5.972937093,1.328306937));
#6145=CARTESIAN_POINT('',(-5.754582604,5.965444314,1.328317927));
#6146=CARTESIAN_POINT('',(-5.896311153,5.958318285,1.374368325));
#6147=CARTESIAN_POINT('',(-5.896342816,5.958316693,1.374378613));
#6148=CARTESIAN_POINT('',(-5.896374478,5.958315101,1.374388903));
#6149=CARTESIAN_POINT('',(-5.89640614,5.958313509,1.374399195));
#6150=CARTESIAN_POINT('',(-6.038129219,5.951187093,1.420470174));
#6151=CARTESIAN_POINT('',(-6.158684732,5.943694314,1.508072466));
#6152=CARTESIAN_POINT('',(-6.246277792,5.936568285,1.62863397));
#6153=CARTESIAN_POINT('',(-6.24629736,5.936566693,1.628660904));
#6154=CARTESIAN_POINT('',(-6.246316927,5.936565101,1.62868784));
#6155=CARTESIAN_POINT('',(-6.246336492,5.936563509,1.628714777));
#6156=CARTESIAN_POINT('',(-6.33391303,5.929437093,1.749289718));
#6157=CARTESIAN_POINT('',(-6.379953153,5.921944314,1.891022215));
#6158=CARTESIAN_POINT('',(-6.379953153,5.914818285,2.040044429));
#6159=CARTESIAN_POINT('',(-6.379953153,5.914816693,2.040077721));
#6160=CARTESIAN_POINT('',(-6.37995315,5.914815101,2.040111014));
#6161=CARTESIAN_POINT('',(-6.379953146,5.914813509,2.040144306));
#6162=CARTESIAN_POINT('',(-6.379931881,5.907687093,2.18916768));
#6163=CARTESIAN_POINT('',(-6.333870852,5.900194314,2.330893383));
#6164=CARTESIAN_POINT('',(-6.246277792,5.893068285,2.451454888));
#6165=CARTESIAN_POINT('',(-6.246258223,5.893066693,2.451481822));
#6166=CARTESIAN_POINT('',(-6.246238652,5.893065101,2.451508755));
#6167=CARTESIAN_POINT('',(-6.246219079,5.893063509,2.451535686));
#6168=CARTESIAN_POINT('',(-6.158608134,5.885937093,2.572085628));
#6169=CARTESIAN_POINT('',(-6.038039701,5.878444314,2.659670137));
#6170=CARTESIAN_POINT('',(-5.896311153,5.871318285,2.705720533));
#6171=CARTESIAN_POINT('',(-5.89627949,5.871316693,2.705730821));
#6172=CARTESIAN_POINT('',(-5.896247826,5.871315101,2.705741107));
#6173=CARTESIAN_POINT('',(-5.896216161,5.871313509,2.70575139));
#6174=CARTESIAN_POINT('',(-5.75447994,5.864187093,2.751781921));
#6175=CARTESIAN_POINT('',(-5.605457146,5.856694314,2.751770931));
#6176=CARTESIAN_POINT('',(-5.463728597,5.849568285,2.705720533));
#6177=CARTESIAN_POINT('',(-5.463696934,5.849566693,2.705710245));
#6178=CARTESIAN_POINT('',(-5.463665272,5.849565101,2.705699955));
#6179=CARTESIAN_POINT('',(-5.46363361,5.849563509,2.705689663));
#6180=CARTESIAN_POINT('',(-5.321910531,5.842437093,2.659618684));
#6181=CARTESIAN_POINT('',(-5.201355018,5.834944314,2.572016392));
#6182=CARTESIAN_POINT('',(-5.113761958,5.827818285,2.451454888));
#6183=CARTESIAN_POINT('',(-5.11374239,5.827816693,2.451427954));
#6184=CARTESIAN_POINT('',(-5.113722823,5.827815101,2.451401018));
#6185=CARTESIAN_POINT('',(-5.113703258,5.827813509,2.451374081));
#6186=CARTESIAN_POINT('',(-5.02612672,5.820687093,2.33079914));
#6187=CARTESIAN_POINT('',(-4.980086597,5.813194314,2.189066643));
#6188=CARTESIAN_POINT('',(-4.980086597,5.806068285,2.040044429));
#6189=CARTESIAN_POINT('',(-4.980086597,5.806066693,2.040011137));
#6190=CARTESIAN_POINT('',(-4.9800866,5.806065101,2.039977844));
#6191=CARTESIAN_POINT('',(-4.980086604,5.806063509,2.039944552));
#6192=CARTESIAN_POINT('',(-4.980107869,5.798937093,1.890921178));
#6193=CARTESIAN_POINT('',(-5.026168898,5.791444314,1.749195475));
#6194=CARTESIAN_POINT('',(-5.113761958,5.784318285,1.62863397));
#6195=CARTESIAN_POINT('',(-5.113781527,5.784316693,1.628607036));
#6196=CARTESIAN_POINT('',(-5.113801098,5.784315101,1.628580103));
#6197=CARTESIAN_POINT('',(-5.113820671,5.784313509,1.628553172));
#6198=CARTESIAN_POINT('',(-5.201431616,5.777187093,1.50800323));
#6199=CARTESIAN_POINT('',(-5.322000049,5.769694314,1.420418721));
#6200=CARTESIAN_POINT('',(-5.463728597,5.762568285,1.374368325));
#6201=CARTESIAN_POINT('',(-5.46376026,5.762566693,1.374358037));
#6202=CARTESIAN_POINT('',(-5.463791924,5.762565101,1.374347751));
#6203=CARTESIAN_POINT('',(-5.463823589,5.762563509,1.374337468));
#6204=CARTESIAN_POINT('',(-5.60555981,5.755437093,1.328306937));
#6205=CARTESIAN_POINT('',(-5.754582604,5.747944314,1.328317927));
#6206=CARTESIAN_POINT('',(-5.896311153,5.740818285,1.374368325));
#6207=CARTESIAN_POINT('',(-5.896342816,5.740816693,1.374378613));
#6208=CARTESIAN_POINT('',(-5.896374478,5.740815101,1.374388903));
#6209=CARTESIAN_POINT('',(-5.89640614,5.740813509,1.374399195));
#6210=CARTESIAN_POINT('',(-6.038129219,5.733687093,1.420470174));
#6211=CARTESIAN_POINT('',(-6.158684732,5.726194314,1.508072466));
#6212=CARTESIAN_POINT('',(-6.246277792,5.719068285,1.62863397));
#6213=CARTESIAN_POINT('',(-6.24629736,5.719066693,1.628660904));
#6214=CARTESIAN_POINT('',(-6.246316927,5.719065101,1.62868784));
#6215=CARTESIAN_POINT('',(-6.246336492,5.719063509,1.628714777));
#6216=CARTESIAN_POINT('',(-6.33391303,5.711937093,1.749289718));
#6217=CARTESIAN_POINT('',(-6.379953153,5.704444314,1.891022215));
#6218=CARTESIAN_POINT('',(-6.379953153,5.697318285,2.040044429));
#6219=CARTESIAN_POINT('',(-6.379953153,5.697316693,2.040077721));
#6220=CARTESIAN_POINT('',(-6.37995315,5.697315101,2.040111014));
#6221=CARTESIAN_POINT('',(-6.379953146,5.697313509,2.040144306));
#6222=CARTESIAN_POINT('',(-6.379931881,5.690187093,2.18916768));
#6223=CARTESIAN_POINT('',(-6.333870852,5.682694314,2.330893383));
#6224=CARTESIAN_POINT('',(-6.246277792,5.675568285,2.451454888));
#6225=CARTESIAN_POINT('',(-6.246258223,5.675566693,2.451481822));
#6226=CARTESIAN_POINT('',(-6.246238652,5.675565101,2.451508755));
#6227=CARTESIAN_POINT('',(-6.246219079,5.675563509,2.451535686));
#6228=CARTESIAN_POINT('',(-6.158608134,5.668437093,2.572085628));
#6229=CARTESIAN_POINT('',(-6.038039701,5.660944314,2.659670137));
#6230=CARTESIAN_POINT('',(-5.896311153,5.653818285,2.705720533));
#6231=CARTESIAN_POINT('',(-5.89627949,5.653816693,2.705730821));
#6232=CARTESIAN_POINT('',(-5.896247826,5.653815101,2.705741107));
#6233=CARTESIAN_POINT('',(-5.896216161,5.653813509,2.70575139));
#6234=CARTESIAN_POINT('',(-5.75447994,5.646687093,2.751781921));
#6235=CARTESIAN_POINT('',(-5.605457146,5.639194314,2.751770931));
#6236=CARTESIAN_POINT('',(-5.463728597,5.632068285,2.705720533));
#6237=CARTESIAN_POINT('',(-5.463696934,5.632066693,2.705710245));
#6238=CARTESIAN_POINT('',(-5.463665272,5.632065101,2.705699955));
#6239=CARTESIAN_POINT('',(-5.46363361,5.632063509,2.705689663));
#6240=CARTESIAN_POINT('',(-5.321910531,5.624937093,2.659618684));
#6241=CARTESIAN_POINT('',(-5.201355018,5.617444314,2.572016392));
#6242=CARTESIAN_POINT('',(-5.113761958,5.610318285,2.451454888));
#6243=CARTESIAN_POINT('',(-5.11374239,5.610316693,2.451427954));
#6244=CARTESIAN_POINT('',(-5.113722823,5.610315101,2.451401018));
#6245=CARTESIAN_POINT('',(-5.113703258,5.610313509,2.451374081));
#6246=CARTESIAN_POINT('',(-5.02612672,5.603187093,2.33079914));
#6247=CARTESIAN_POINT('',(-4.980086597,5.595694314,2.189066643));
#6248=CARTESIAN_POINT('',(-4.980086597,5.588568285,2.040044429));
#6249=CARTESIAN_POINT('',(-4.980086597,5.588566693,2.040011137));
#6250=CARTESIAN_POINT('',(-4.9800866,5.588565101,2.039977844));
#6251=CARTESIAN_POINT('',(-4.980086604,5.588563509,2.039944552));
#6252=CARTESIAN_POINT('',(-4.980107869,5.581437093,1.890921178));
#6253=CARTESIAN_POINT('',(-5.026168898,5.573944314,1.749195475));
#6254=CARTESIAN_POINT('',(-5.113761958,5.566818285,1.62863397));
#6255=CARTESIAN_POINT('',(-5.113781527,5.566816693,1.628607036));
#6256=CARTESIAN_POINT('',(-5.113801098,5.566815101,1.628580103));
#6257=CARTESIAN_POINT('',(-5.113820671,5.566813509,1.628553172));
#6258=CARTESIAN_POINT('',(-5.201431616,5.559687093,1.50800323));
#6259=CARTESIAN_POINT('',(-5.322000049,5.552194314,1.420418721));
#6260=CARTESIAN_POINT('',(-5.463728597,5.545068285,1.374368325));
#6261=CARTESIAN_POINT('',(-5.46376026,5.545066693,1.374358037));
#6262=CARTESIAN_POINT('',(-5.463791924,5.545065101,1.374347751));
#6263=CARTESIAN_POINT('',(-5.463823589,5.545063509,1.374337468));
#6264=CARTESIAN_POINT('',(-5.60555981,5.537937093,1.328306937));
#6265=CARTESIAN_POINT('',(-5.754582604,5.530444314,1.328317927));
#6266=CARTESIAN_POINT('',(-5.896311153,5.523318285,1.374368325));
#6267=CARTESIAN_POINT('',(-5.896342816,5.523316693,1.374378613));
#6268=CARTESIAN_POINT('',(-5.896374478,5.523315101,1.374388903));
#6269=CARTESIAN_POINT('',(-5.89640614,5.523313509,1.374399195));
#6270=CARTESIAN_POINT('',(-6.038129219,5.516187093,1.420470174));
#6271=CARTESIAN_POINT('',(-6.158684732,5.508694314,1.508072466));
#6272=CARTESIAN_POINT('',(-6.246277792,5.501568285,1.62863397));
#6273=CARTESIAN_POINT('',(-6.24629736,5.501566693,1.628660904));
#6274=CARTESIAN_POINT('',(-6.246316927,5.501565101,1.62868784));
#6275=CARTESIAN_POINT('',(-6.246336492,5.501563509,1.628714777));
#6276=CARTESIAN_POINT('',(-6.33391303,5.494437093,1.749289718));
#6277=CARTESIAN_POINT('',(-6.379953153,5.486944314,1.891022215));
#6278=CARTESIAN_POINT('',(-6.379953153,5.479818285,2.040044429));
#6279=CARTESIAN_POINT('',(-6.379953153,5.479816693,2.040077721));
#6280=CARTESIAN_POINT('',(-6.37995315,5.479815101,2.040111014));
#6281=CARTESIAN_POINT('',(-6.379953146,5.479813509,2.040144306));
#6282=CARTESIAN_POINT('',(-6.379931881,5.472687093,2.18916768));
#6283=CARTESIAN_POINT('',(-6.333870852,5.465194314,2.330893383));
#6284=CARTESIAN_POINT('',(-6.246277792,5.458068285,2.451454888));
#6285=CARTESIAN_POINT('',(-6.246258223,5.458066693,2.451481822));
#6286=CARTESIAN_POINT('',(-6.246238652,5.458065101,2.451508755));
#6287=CARTESIAN_POINT('',(-6.246219079,5.458063509,2.451535686));
#6288=CARTESIAN_POINT('',(-6.158608134,5.450937093,2.572085628));
#6289=CARTESIAN_POINT('',(-6.038039701,5.443444314,2.659670137));
#6290=CARTESIAN_POINT('',(-5.896311153,5.436318285,2.705720533));
#6291=CARTESIAN_POINT('',(-5.89627949,5.436316693,2.705730821));
#6292=CARTESIAN_POINT('',(-5.896247826,5.436315101,2.705741107));
#6293=CARTESIAN_POINT('',(-5.896216161,5.436313509,2.70575139));
#6294=CARTESIAN_POINT('',(-5.75447994,5.429187093,2.751781921));
#6295=CARTESIAN_POINT('',(-5.605457146,5.421694314,2.751770931));
#6296=CARTESIAN_POINT('',(-5.463728597,5.414568285,2.705720533));
#6297=CARTESIAN_POINT('',(-5.463696934,5.414566693,2.705710245));
#6298=CARTESIAN_POINT('',(-5.463665272,5.414565101,2.705699955));
#6299=CARTESIAN_POINT('',(-5.46363361,5.414563509,2.705689663));
#6300=CARTESIAN_POINT('',(-5.321910531,5.407437093,2.659618684));
#6301=CARTESIAN_POINT('',(-5.201355018,5.399944314,2.572016392));
#6302=CARTESIAN_POINT('',(-5.113761958,5.392818285,2.451454888));
#6303=CARTESIAN_POINT('',(-5.11374239,5.392816693,2.451427954));
#6304=CARTESIAN_POINT('',(-5.113722823,5.392815101,2.451401018));
#6305=CARTESIAN_POINT('',(-5.113703258,5.392813509,2.451374081));
#6306=CARTESIAN_POINT('',(-5.02612672,5.385687093,2.33079914));
#6307=CARTESIAN_POINT('',(-4.980086597,5.378194314,2.189066643));
#6308=CARTESIAN_POINT('',(-4.980086597,5.371068285,2.040044429));
#6309=CARTESIAN_POINT('',(-4.980086597,5.371066693,2.040011137));
#6310=CARTESIAN_POINT('',(-4.9800866,5.371065101,2.039977844));
#6311=CARTESIAN_POINT('',(-4.980086604,5.371063509,2.039944552));
#6312=CARTESIAN_POINT('',(-4.980107869,5.363937093,1.890921178));
#6313=CARTESIAN_POINT('',(-5.026168898,5.356444314,1.749195475));
#6314=CARTESIAN_POINT('',(-5.113761958,5.349318285,1.62863397));
#6315=CARTESIAN_POINT('',(-5.113781527,5.349316693,1.628607036));
#6316=CARTESIAN_POINT('',(-5.113801098,5.349315101,1.628580103));
#6317=CARTESIAN_POINT('',(-5.113820671,5.349313509,1.628553172));
#6318=CARTESIAN_POINT('',(-5.201431616,5.342187093,1.50800323));
#6319=CARTESIAN_POINT('',(-5.322000049,5.334694314,1.420418721));
#6320=CARTESIAN_POINT('',(-5.463728597,5.327568285,1.374368325));
#6321=CARTESIAN_POINT('',(-5.46376026,5.327566693,1.374358037));
#6322=CARTESIAN_POINT('',(-5.463791924,5.327565101,1.374347751));
#6323=CARTESIAN_POINT('',(-5.463823589,5.327563509,1.374337468));
#6324=CARTESIAN_POINT('',(-5.60555981,5.320437093,1.328306937));
#6325=CARTESIAN_POINT('',(-5.754582604,5.312944314,1.328317927));
#6326=CARTESIAN_POINT('',(-5.896311153,5.305818285,1.374368325));
#6327=CARTESIAN_POINT('',(-5.896342816,5.305816693,1.374378613));
#6328=CARTESIAN_POINT('',(-5.896374478,5.305815101,1.374388903));
#6329=CARTESIAN_POINT('',(-5.89640614,5.305813509,1.374399195));
#6330=CARTESIAN_POINT('',(-6.038129219,5.298687093,1.420470174));
#6331=CARTESIAN_POINT('',(-6.158684732,5.291194314,1.508072466));
#6332=CARTESIAN_POINT('',(-6.246277792,5.284068285,1.62863397));
#6333=CARTESIAN_POINT('',(-6.24629736,5.284066693,1.628660904));
#6334=CARTESIAN_POINT('',(-6.246316927,5.284065101,1.62868784));
#6335=CARTESIAN_POINT('',(-6.246336492,5.284063509,1.628714777));
#6336=CARTESIAN_POINT('',(-6.33391303,5.276937093,1.749289718));
#6337=CARTESIAN_POINT('',(-6.379953153,5.269444314,1.891022215));
#6338=CARTESIAN_POINT('',(-6.379953153,5.262318285,2.040044429));
#6339=CARTESIAN_POINT('',(-6.379953153,5.262316693,2.040077721));
#6340=CARTESIAN_POINT('',(-6.37995315,5.262315101,2.040111014));
#6341=CARTESIAN_POINT('',(-6.379953146,5.262313509,2.040144306));
#6342=CARTESIAN_POINT('',(-6.379931881,5.255187093,2.18916768));
#6343=CARTESIAN_POINT('',(-6.333870852,5.247694314,2.330893383));
#6344=CARTESIAN_POINT('',(-6.246277792,5.240568285,2.451454888));
#6345=CARTESIAN_POINT('',(-6.246258223,5.240566693,2.451481822));
#6346=CARTESIAN_POINT('',(-6.246238652,5.240565101,2.451508755));
#6347=CARTESIAN_POINT('',(-6.246219079,5.240563509,2.451535686));
#6348=CARTESIAN_POINT('',(-6.158608134,5.233437093,2.572085628));
#6349=CARTESIAN_POINT('',(-6.038039701,5.225944314,2.659670137));
#6350=CARTESIAN_POINT('',(-5.896311153,5.218818285,2.705720533));
#6351=CARTESIAN_POINT('',(-5.89627949,5.218816693,2.705730821));
#6352=CARTESIAN_POINT('',(-5.896247826,5.218815101,2.705741107));
#6353=CARTESIAN_POINT('',(-5.896216161,5.218813509,2.70575139));
#6354=CARTESIAN_POINT('',(-5.75447994,5.211687093,2.751781921));
#6355=CARTESIAN_POINT('',(-5.605457146,5.204194314,2.751770931));
#6356=CARTESIAN_POINT('',(-5.463728597,5.197068285,2.705720533));
#6357=CARTESIAN_POINT('',(-5.463696934,5.197066693,2.705710245));
#6358=CARTESIAN_POINT('',(-5.463665272,5.197065101,2.705699955));
#6359=CARTESIAN_POINT('',(-5.46363361,5.197063509,2.705689663));
#6360=CARTESIAN_POINT('',(-5.321910531,5.189937093,2.659618684));
#6361=CARTESIAN_POINT('',(-5.201355018,5.182444314,2.572016392));
#6362=CARTESIAN_POINT('',(-5.113761958,5.175318285,2.451454888));
#6363=CARTESIAN_POINT('',(-5.11374239,5.175316693,2.451427954));
#6364=CARTESIAN_POINT('',(-5.113722823,5.175315101,2.451401018));
#6365=CARTESIAN_POINT('',(-5.113703258,5.175313509,2.451374081));
#6366=CARTESIAN_POINT('',(-5.02612672,5.168187093,2.33079914));
#6367=CARTESIAN_POINT('',(-4.980086597,5.160694314,2.189066643));
#6368=CARTESIAN_POINT('',(-4.980086597,5.153568285,2.040044429));
#6369=CARTESIAN_POINT('',(-4.980086597,5.153566693,2.040011137));
#6370=CARTESIAN_POINT('',(-4.9800866,5.153565101,2.039977844));
#6371=CARTESIAN_POINT('',(-4.980086604,5.153563509,2.039944552));
#6372=CARTESIAN_POINT('',(-4.980107869,5.146437093,1.890921178));
#6373=CARTESIAN_POINT('',(-5.026168898,5.138944314,1.749195475));
#6374=CARTESIAN_POINT('',(-5.113761958,5.131818285,1.62863397));
#6375=CARTESIAN_POINT('',(-5.113781527,5.131816693,1.628607036));
#6376=CARTESIAN_POINT('',(-5.113801098,5.131815101,1.628580103));
#6377=CARTESIAN_POINT('',(-5.113820671,5.131813509,1.628553172));
#6378=CARTESIAN_POINT('',(-5.201431616,5.124687093,1.50800323));
#6379=CARTESIAN_POINT('',(-5.322000049,5.117194314,1.420418721));
#6380=CARTESIAN_POINT('',(-5.463728597,5.110068285,1.374368325));
#6381=CARTESIAN_POINT('',(-5.46376026,5.110066693,1.374358037));
#6382=CARTESIAN_POINT('',(-5.463791924,5.110065101,1.374347751));
#6383=CARTESIAN_POINT('',(-5.463823589,5.110063509,1.374337468));
#6384=CARTESIAN_POINT('',(-5.60555981,5.102937093,1.328306937));
#6385=CARTESIAN_POINT('',(-5.754582604,5.095444314,1.328317927));
#6386=CARTESIAN_POINT('',(-5.896311153,5.088318285,1.374368325));
#6387=CARTESIAN_POINT('',(-5.896342816,5.088316693,1.374378613));
#6388=CARTESIAN_POINT('',(-5.896374478,5.088315101,1.374388903));
#6389=CARTESIAN_POINT('',(-5.89640614,5.088313509,1.374399195));
#6390=CARTESIAN_POINT('',(-6.038129219,5.081187093,1.420470174));
#6391=CARTESIAN_POINT('',(-6.158684732,5.073694314,1.508072466));
#6392=CARTESIAN_POINT('',(-6.246277792,5.066568285,1.62863397));
#6393=CARTESIAN_POINT('',(-6.24629736,5.066566693,1.628660904));
#6394=CARTESIAN_POINT('',(-6.246316927,5.066565101,1.62868784));
#6395=CARTESIAN_POINT('',(-6.246336492,5.066563509,1.628714777));
#6396=CARTESIAN_POINT('',(-6.33391303,5.059437093,1.749289718));
#6397=CARTESIAN_POINT('',(-6.379953153,5.051944314,1.891022215));
#6398=CARTESIAN_POINT('',(-6.379953153,5.044818285,2.040044429));
#6399=CARTESIAN_POINT('',(-6.379953153,5.044816693,2.040077721));
#6400=CARTESIAN_POINT('',(-6.37995315,5.044815101,2.040111014));
#6401=CARTESIAN_POINT('',(-6.379953146,5.044813509,2.040144306));
#6402=CARTESIAN_POINT('',(-6.379931881,5.037687093,2.18916768));
#6403=CARTESIAN_POINT('',(-6.333870852,5.030194314,2.330893383));
#6404=CARTESIAN_POINT('',(-6.246277792,5.023068285,2.451454888));
#6405=CARTESIAN_POINT('',(-6.246258223,5.023066693,2.451481822));
#6406=CARTESIAN_POINT('',(-6.246238652,5.023065101,2.451508755));
#6407=CARTESIAN_POINT('',(-6.246219079,5.023063509,2.451535686));
#6408=CARTESIAN_POINT('',(-6.158608134,5.015937093,2.572085628));
#6409=CARTESIAN_POINT('',(-6.038039701,5.008444314,2.659670137));
#6410=CARTESIAN_POINT('',(-5.896311153,5.001318285,2.705720533));
#6411=CARTESIAN_POINT('',(-5.89627949,5.001316693,2.705730821));
#6412=CARTESIAN_POINT('',(-5.896247826,5.001315101,2.705741107));
#6413=CARTESIAN_POINT('',(-5.896216161,5.001313509,2.70575139));
#6414=CARTESIAN_POINT('',(-5.75447994,4.994187093,2.751781921));
#6415=CARTESIAN_POINT('',(-5.605457146,4.986694314,2.751770931));
#6416=CARTESIAN_POINT('',(-5.463728597,4.979568285,2.705720533));
#6417=CARTESIAN_POINT('',(-5.463696934,4.979566693,2.705710245));
#6418=CARTESIAN_POINT('',(-5.463665272,4.979565101,2.705699955));
#6419=CARTESIAN_POINT('',(-5.46363361,4.979563509,2.705689663));
#6420=CARTESIAN_POINT('',(-5.321910531,4.972437093,2.659618684));
#6421=CARTESIAN_POINT('',(-5.201355018,4.964944314,2.572016392));
#6422=CARTESIAN_POINT('',(-5.113761958,4.957818285,2.451454888));
#6423=CARTESIAN_POINT('',(-5.11374239,4.957816693,2.451427954));
#6424=CARTESIAN_POINT('',(-5.113722823,4.957815101,2.451401018));
#6425=CARTESIAN_POINT('',(-5.113703258,4.957813509,2.451374081));
#6426=CARTESIAN_POINT('',(-5.02612672,4.950687093,2.33079914));
#6427=CARTESIAN_POINT('',(-4.980086597,4.943194314,2.189066643));
#6428=CARTESIAN_POINT('',(-4.980086597,4.936068285,2.040044429));
#6429=CARTESIAN_POINT('',(-4.980086597,4.936066693,2.040011137));
#6430=CARTESIAN_POINT('',(-4.9800866,4.936065101,2.039977844));
#6431=CARTESIAN_POINT('',(-4.980086604,4.936063509,2.039944552));
#6432=CARTESIAN_POINT('',(-4.980107869,4.928937093,1.890921178));
#6433=CARTESIAN_POINT('',(-5.026168898,4.921444314,1.749195475));
#6434=CARTESIAN_POINT('',(-5.113761958,4.914318285,1.62863397));
#6435=CARTESIAN_POINT('',(-5.113781527,4.914316693,1.628607036));
#6436=CARTESIAN_POINT('',(-5.113801098,4.914315101,1.628580103));
#6437=CARTESIAN_POINT('',(-5.113820671,4.914313509,1.628553172));
#6438=CARTESIAN_POINT('',(-5.201431616,4.907187093,1.50800323));
#6439=CARTESIAN_POINT('',(-5.322000049,4.899694314,1.420418721));
#6440=CARTESIAN_POINT('',(-5.463728597,4.892568285,1.374368325));
#6441=CARTESIAN_POINT('',(-5.46376026,4.892566693,1.374358037));
#6442=CARTESIAN_POINT('',(-5.463791924,4.892565101,1.374347751));
#6443=CARTESIAN_POINT('',(-5.463823589,4.892563509,1.374337468));
#6444=CARTESIAN_POINT('',(-5.60555981,4.885437093,1.328306937));
#6445=CARTESIAN_POINT('',(-5.754582604,4.877944314,1.328317927));
#6446=CARTESIAN_POINT('',(-5.896311153,4.870818285,1.374368325));
#6447=CARTESIAN_POINT('',(-5.896342816,4.870816693,1.374378613));
#6448=CARTESIAN_POINT('',(-5.896374478,4.870815101,1.374388903));
#6449=CARTESIAN_POINT('',(-5.89640614,4.870813509,1.374399195));
#6450=CARTESIAN_POINT('',(-6.038129219,4.863687093,1.420470174));
#6451=CARTESIAN_POINT('',(-6.158684732,4.856194314,1.508072466));
#6452=CARTESIAN_POINT('',(-6.246277792,4.849068285,1.62863397));
#6453=CARTESIAN_POINT('',(-6.24629736,4.849066693,1.628660904));
#6454=CARTESIAN_POINT('',(-6.246316927,4.849065101,1.62868784));
#6455=CARTESIAN_POINT('',(-6.246336492,4.849063509,1.628714777));
#6456=CARTESIAN_POINT('',(-6.33391303,4.841937093,1.749289718));
#6457=CARTESIAN_POINT('',(-6.379953153,4.834444314,1.891022215));
#6458=CARTESIAN_POINT('',(-6.379953153,4.827318285,2.040044429));
#6459=CARTESIAN_POINT('',(-6.379953153,4.827316693,2.040077721));
#6460=CARTESIAN_POINT('',(-6.37995315,4.827315101,2.040111014));
#6461=CARTESIAN_POINT('',(-6.379953146,4.827313509,2.040144306));
#6462=CARTESIAN_POINT('',(-6.379931881,4.820187093,2.18916768));
#6463=CARTESIAN_POINT('',(-6.333870852,4.812694314,2.330893383));
#6464=CARTESIAN_POINT('',(-6.246277792,4.805568285,2.451454888));
#6465=CARTESIAN_POINT('',(-6.246258223,4.805566693,2.451481822));
#6466=CARTESIAN_POINT('',(-6.246238652,4.805565101,2.451508755));
#6467=CARTESIAN_POINT('',(-6.246219079,4.805563509,2.451535686));
#6468=CARTESIAN_POINT('',(-6.158608134,4.798437093,2.572085628));
#6469=CARTESIAN_POINT('',(-6.038039701,4.790944314,2.659670137));
#6470=CARTESIAN_POINT('',(-5.896311153,4.783818285,2.705720533));
#6471=CARTESIAN_POINT('',(-5.89627949,4.783816693,2.705730821));
#6472=CARTESIAN_POINT('',(-5.896247826,4.783815101,2.705741107));
#6473=CARTESIAN_POINT('',(-5.896216161,4.783813509,2.70575139));
#6474=CARTESIAN_POINT('',(-5.75447994,4.776687093,2.751781921));
#6475=CARTESIAN_POINT('',(-5.605457146,4.769194314,2.751770931));
#6476=CARTESIAN_POINT('',(-5.463728597,4.762068285,2.705720533));
#6477=CARTESIAN_POINT('',(-5.463696934,4.762066693,2.705710245));
#6478=CARTESIAN_POINT('',(-5.463665272,4.762065101,2.705699955));
#6479=CARTESIAN_POINT('',(-5.46363361,4.762063509,2.705689663));
#6480=CARTESIAN_POINT('',(-5.321910531,4.754937093,2.659618684));
#6481=CARTESIAN_POINT('',(-5.201355018,4.747444314,2.572016392));
#6482=CARTESIAN_POINT('',(-5.113761958,4.740318285,2.451454888));
#6483=CARTESIAN_POINT('',(-5.11374239,4.740316693,2.451427954));
#6484=CARTESIAN_POINT('',(-5.113722823,4.740315101,2.451401018));
#6485=CARTESIAN_POINT('',(-5.113703258,4.740313509,2.451374081));
#6486=CARTESIAN_POINT('',(-5.02612672,4.733187093,2.33079914));
#6487=CARTESIAN_POINT('',(-4.980086597,4.725694314,2.189066643));
#6488=CARTESIAN_POINT('',(-4.980086597,4.718568285,2.040044429));
#6489=CARTESIAN_POINT('',(-4.980086597,4.718566693,2.040011137));
#6490=CARTESIAN_POINT('',(-4.9800866,4.718565101,2.039977844));
#6491=CARTESIAN_POINT('',(-4.980086604,4.718563509,2.039944552));
#6492=CARTESIAN_POINT('',(-4.980107869,4.711437093,1.890921178));
#6493=CARTESIAN_POINT('',(-5.026168898,4.703944314,1.749195475));
#6494=CARTESIAN_POINT('',(-5.113761958,4.696818285,1.62863397));
#6495=CARTESIAN_POINT('',(-5.113781527,4.696816693,1.628607036));
#6496=CARTESIAN_POINT('',(-5.113801098,4.696815101,1.628580103));
#6497=CARTESIAN_POINT('',(-5.113820671,4.696813509,1.628553172));
#6498=CARTESIAN_POINT('',(-5.201431616,4.689687093,1.50800323));
#6499=CARTESIAN_POINT('',(-5.322000049,4.682194314,1.420418721));
#6500=CARTESIAN_POINT('',(-5.463728597,4.675068285,1.374368325));
#6501=CARTESIAN_POINT('',(-5.46376026,4.675066693,1.374358037));
#6502=CARTESIAN_POINT('',(-5.463791924,4.675065101,1.374347751));
#6503=CARTESIAN_POINT('',(-5.463823589,4.675063509,1.374337468));
#6504=CARTESIAN_POINT('',(-5.60555981,4.667937093,1.328306937));
#6505=CARTESIAN_POINT('',(-5.754582604,4.660444314,1.328317927));
#6506=CARTESIAN_POINT('',(-5.896311153,4.653318285,1.374368325));
#6507=CARTESIAN_POINT('',(-5.896342816,4.653316693,1.374378613));
#6508=CARTESIAN_POINT('',(-5.896374478,4.653315101,1.374388903));
#6509=CARTESIAN_POINT('',(-5.89640614,4.653313509,1.374399195));
#6510=CARTESIAN_POINT('',(-6.038129219,4.646187093,1.420470174));
#6511=CARTESIAN_POINT('',(-6.158684732,4.638694314,1.508072466));
#6512=CARTESIAN_POINT('',(-6.246277792,4.631568285,1.62863397));
#6513=CARTESIAN_POINT('',(-6.24629736,4.631566693,1.628660904));
#6514=CARTESIAN_POINT('',(-6.246316927,4.631565101,1.62868784));
#6515=CARTESIAN_POINT('',(-6.246336492,4.631563509,1.628714777));
#6516=CARTESIAN_POINT('',(-6.33391303,4.624437093,1.749289718));
#6517=CARTESIAN_POINT('',(-6.379953153,4.616944314,1.891022215));
#6518=CARTESIAN_POINT('',(-6.379953153,4.609818285,2.040044429));
#6519=CARTESIAN_POINT('',(-6.379953153,4.609816693,2.040077721));
#6520=CARTESIAN_POINT('',(-6.37995315,4.609815101,2.040111014));
#6521=CARTESIAN_POINT('',(-6.379953146,4.609813509,2.040144306));
#6522=CARTESIAN_POINT('',(-6.379931881,4.602687093,2.18916768));
#6523=CARTESIAN_POINT('',(-6.333870852,4.595194314,2.330893383));
#6524=CARTESIAN_POINT('',(-6.246277792,4.588068285,2.451454888));
#6525=CARTESIAN_POINT('',(-6.246258223,4.588066693,2.451481822));
#6526=CARTESIAN_POINT('',(-6.246238652,4.588065101,2.451508755));
#6527=CARTESIAN_POINT('',(-6.246219079,4.588063509,2.451535686));
#6528=CARTESIAN_POINT('',(-6.158608134,4.580937093,2.572085628));
#6529=CARTESIAN_POINT('',(-6.038039701,4.573444314,2.659670137));
#6530=CARTESIAN_POINT('',(-5.896311153,4.566318285,2.705720533));
#6531=CARTESIAN_POINT('',(-5.89627949,4.566316693,2.705730821));
#6532=CARTESIAN_POINT('',(-5.896247826,4.566315101,2.705741107));
#6533=CARTESIAN_POINT('',(-5.896216161,4.566313509,2.70575139));
#6534=CARTESIAN_POINT('',(-5.75447994,4.559187093,2.751781921));
#6535=CARTESIAN_POINT('',(-5.605457146,4.551694314,2.751770931));
#6536=CARTESIAN_POINT('',(-5.463728597,4.544568285,2.705720533));
#6537=CARTESIAN_POINT('',(-5.463696934,4.544566693,2.705710245));
#6538=CARTESIAN_POINT('',(-5.463665272,4.544565101,2.705699955));
#6539=CARTESIAN_POINT('',(-5.46363361,4.544563509,2.705689663));
#6540=CARTESIAN_POINT('',(-5.321910531,4.537437093,2.659618684));
#6541=CARTESIAN_POINT('',(-5.201355018,4.529944314,2.572016392));
#6542=CARTESIAN_POINT('',(-5.113761958,4.522818285,2.451454888));
#6543=CARTESIAN_POINT('',(-5.11374239,4.522816693,2.451427954));
#6544=CARTESIAN_POINT('',(-5.113722823,4.522815101,2.451401018));
#6545=CARTESIAN_POINT('',(-5.113703258,4.522813509,2.451374081));
#6546=CARTESIAN_POINT('',(-5.02612672,4.515687093,2.33079914));
#6547=CARTESIAN_POINT('',(-4.980086597,4.508194314,2.189066643));
#6548=CARTESIAN_POINT('',(-4.980086597,4.501068285,2.040044429));
#6549=CARTESIAN_POINT('',(-4.980086597,4.501066693,2.040011137));
#6550=CARTESIAN_POINT('',(-4.9800866,4.501065101,2.039977844));
#6551=CARTESIAN_POINT('',(-4.980086604,4.501063509,2.039944552));
#6552=CARTESIAN_POINT('',(-4.980107869,4.493937093,1.890921178));
#6553=CARTESIAN_POINT('',(-5.026168898,4.486444314,1.749195475));
#6554=CARTESIAN_POINT('',(-5.113761958,4.479318285,1.62863397));
#6555=CARTESIAN_POINT('',(-5.113781527,4.479316693,1.628607036));
#6556=CARTESIAN_POINT('',(-5.113801098,4.479315101,1.628580103));
#6557=CARTESIAN_POINT('',(-5.113820671,4.479313509,1.628553172));
#6558=CARTESIAN_POINT('',(-5.201431616,4.472187093,1.50800323));
#6559=CARTESIAN_POINT('',(-5.322000049,4.464694314,1.420418721));
#6560=CARTESIAN_POINT('',(-5.463728597,4.457568285,1.374368325));
#6561=CARTESIAN_POINT('',(-5.46376026,4.457566693,1.374358037));
#6562=CARTESIAN_POINT('',(-5.463791924,4.457565101,1.374347751));
#6563=CARTESIAN_POINT('',(-5.463823589,4.457563509,1.374337468));
#6564=CARTESIAN_POINT('',(-5.60555981,4.450437093,1.328306937));
#6565=CARTESIAN_POINT('',(-5.754582604,4.442944314,1.328317927));
#6566=CARTESIAN_POINT('',(-5.896311153,4.435818285,1.374368325));
#6567=CARTESIAN_POINT('',(-5.896342816,4.435816693,1.374378613));
#6568=CARTESIAN_POINT('',(-5.896374478,4.435815101,1.374388903));
#6569=CARTESIAN_POINT('',(-5.89640614,4.435813509,1.374399195));
#6570=CARTESIAN_POINT('',(-6.038129219,4.428687093,1.420470174));
#6571=CARTESIAN_POINT('',(-6.158684732,4.421194314,1.508072466));
#6572=CARTESIAN_POINT('',(-6.246277792,4.414068285,1.62863397));
#6573=CARTESIAN_POINT('',(-6.24629736,4.414066693,1.628660904));
#6574=CARTESIAN_POINT('',(-6.246316927,4.414065101,1.62868784));
#6575=CARTESIAN_POINT('',(-6.246336492,4.414063509,1.628714777));
#6576=CARTESIAN_POINT('',(-6.33391303,4.406937093,1.749289718));
#6577=CARTESIAN_POINT('',(-6.379953153,4.399444314,1.891022215));
#6578=CARTESIAN_POINT('',(-6.379953153,4.392318285,2.040044429));
#6579=CARTESIAN_POINT('',(-6.379953153,4.392316693,2.040077721));
#6580=CARTESIAN_POINT('',(-6.37995315,4.392315101,2.040111014));
#6581=CARTESIAN_POINT('',(-6.379953146,4.392313509,2.040144306));
#6582=CARTESIAN_POINT('',(-6.379931881,4.385187093,2.18916768));
#6583=CARTESIAN_POINT('',(-6.333870852,4.377694314,2.330893383));
#6584=CARTESIAN_POINT('',(-6.246277792,4.370568285,2.451454888));
#6585=CARTESIAN_POINT('',(-6.246258223,4.370566693,2.451481822));
#6586=CARTESIAN_POINT('',(-6.246238652,4.370565101,2.451508755));
#6587=CARTESIAN_POINT('',(-6.246219079,4.370563509,2.451535686));
#6588=CARTESIAN_POINT('',(-6.158608134,4.363437093,2.572085628));
#6589=CARTESIAN_POINT('',(-6.038039701,4.355944314,2.659670137));
#6590=CARTESIAN_POINT('',(-5.896311153,4.348818285,2.705720533));
#6591=CARTESIAN_POINT('',(-5.89627949,4.348816693,2.705730821));
#6592=CARTESIAN_POINT('',(-5.896247826,4.348815101,2.705741107));
#6593=CARTESIAN_POINT('',(-5.896216161,4.348813509,2.70575139));
#6594=CARTESIAN_POINT('',(-5.75447994,4.341687093,2.751781921));
#6595=CARTESIAN_POINT('',(-5.605457146,4.334194314,2.751770931));
#6596=CARTESIAN_POINT('',(-5.463728597,4.327068285,2.705720533));
#6597=CARTESIAN_POINT('',(-5.463696934,4.327066693,2.705710245));
#6598=CARTESIAN_POINT('',(-5.463665272,4.327065101,2.705699955));
#6599=CARTESIAN_POINT('',(-5.46363361,4.327063509,2.705689663));
#6600=CARTESIAN_POINT('',(-5.321910531,4.319937093,2.659618684));
#6601=CARTESIAN_POINT('',(-5.201355018,4.312444314,2.572016392));
#6602=CARTESIAN_POINT('',(-5.113761958,4.305318285,2.451454888));
#6603=CARTESIAN_POINT('',(-5.11374239,4.305316693,2.451427954));
#6604=CARTESIAN_POINT('',(-5.113722823,4.305315101,2.451401018));
#6605=CARTESIAN_POINT('',(-5.113703258,4.305313509,2.451374081));
#6606=CARTESIAN_POINT('',(-5.02612672,4.298187093,2.33079914));
#6607=CARTESIAN_POINT('',(-4.980086597,4.290694314,2.189066643));
#6608=CARTESIAN_POINT('',(-4.980086597,4.283568285,2.040044429));
#6609=CARTESIAN_POINT('',(-4.980086597,4.283566693,2.040011137));
#6610=CARTESIAN_POINT('',(-4.9800866,4.283565101,2.039977844));
#6611=CARTESIAN_POINT('',(-4.980086604,4.283563509,2.039944552));
#6612=CARTESIAN_POINT('',(-4.980107869,4.276437093,1.890921178));
#6613=CARTESIAN_POINT('',(-5.026168898,4.268944314,1.749195475));
#6614=CARTESIAN_POINT('',(-5.113761958,4.261818285,1.62863397));
#6615=CARTESIAN_POINT('',(-5.113781527,4.261816693,1.628607036));
#6616=CARTESIAN_POINT('',(-5.113801098,4.261815101,1.628580103));
#6617=CARTESIAN_POINT('',(-5.113820671,4.261813509,1.628553172));
#6618=CARTESIAN_POINT('',(-5.201431616,4.254687093,1.50800323));
#6619=CARTESIAN_POINT('',(-5.322000049,4.247194314,1.420418721));
#6620=CARTESIAN_POINT('',(-5.463728597,4.240068285,1.374368325));
#6621=CARTESIAN_POINT('',(-5.46376026,4.240066693,1.374358037));
#6622=CARTESIAN_POINT('',(-5.463791924,4.240065101,1.374347751));
#6623=CARTESIAN_POINT('',(-5.463823589,4.240063509,1.374337468));
#6624=CARTESIAN_POINT('',(-5.60555981,4.232937093,1.328306937));
#6625=CARTESIAN_POINT('',(-5.754582604,4.225444314,1.328317927));
#6626=CARTESIAN_POINT('',(-5.896311153,4.218318285,1.374368325));
#6627=CARTESIAN_POINT('',(-5.896342816,4.218316693,1.374378613));
#6628=CARTESIAN_POINT('',(-5.896374478,4.218315101,1.374388903));
#6629=CARTESIAN_POINT('',(-5.89640614,4.218313509,1.374399195));
#6630=CARTESIAN_POINT('',(-6.038129219,4.211187093,1.420470174));
#6631=CARTESIAN_POINT('',(-6.158684732,4.203694314,1.508072466));
#6632=CARTESIAN_POINT('',(-6.246277792,4.196568285,1.62863397));
#6633=CARTESIAN_POINT('',(-6.24629736,4.196566693,1.628660904));
#6634=CARTESIAN_POINT('',(-6.246316927,4.196565101,1.62868784));
#6635=CARTESIAN_POINT('',(-6.246336492,4.196563509,1.628714777));
#6636=CARTESIAN_POINT('',(-6.33391303,4.189437093,1.749289718));
#6637=CARTESIAN_POINT('',(-6.379953153,4.181944314,1.891022215));
#6638=CARTESIAN_POINT('',(-6.379953153,4.174818285,2.040044429));
#6639=CARTESIAN_POINT('',(-6.379953153,4.174816693,2.040077721));
#6640=CARTESIAN_POINT('',(-6.37995315,4.174815101,2.040111014));
#6641=CARTESIAN_POINT('',(-6.379953146,4.174813509,2.040144306));
#6642=CARTESIAN_POINT('',(-6.379931881,4.167687093,2.18916768));
#6643=CARTESIAN_POINT('',(-6.333870852,4.160194314,2.330893383));
#6644=CARTESIAN_POINT('',(-6.246277792,4.153068285,2.451454888));
#6645=CARTESIAN_POINT('',(-6.246258223,4.153066693,2.451481822));
#6646=CARTESIAN_POINT('',(-6.246238652,4.153065101,2.451508755));
#6647=CARTESIAN_POINT('',(-6.246219079,4.153063509,2.451535686));
#6648=CARTESIAN_POINT('',(-6.158608134,4.145937093,2.572085628));
#6649=CARTESIAN_POINT('',(-6.038039701,4.138444314,2.659670137));
#6650=CARTESIAN_POINT('',(-5.896311153,4.131318285,2.705720533));
#6651=CARTESIAN_POINT('',(-5.89627949,4.131316693,2.705730821));
#6652=CARTESIAN_POINT('',(-5.896247826,4.131315101,2.705741107));
#6653=CARTESIAN_POINT('',(-5.896216161,4.131313509,2.70575139));
#6654=CARTESIAN_POINT('',(-5.75447994,4.124187093,2.751781921));
#6655=CARTESIAN_POINT('',(-5.605457146,4.116694314,2.751770931));
#6656=CARTESIAN_POINT('',(-5.463728597,4.109568285,2.705720533));
#6657=CARTESIAN_POINT('',(-5.463696934,4.109566693,2.705710245));
#6658=CARTESIAN_POINT('',(-5.463665272,4.109565101,2.705699955));
#6659=CARTESIAN_POINT('',(-5.46363361,4.109563509,2.705689663));
#6660=CARTESIAN_POINT('',(-5.321910531,4.102437093,2.659618684));
#6661=CARTESIAN_POINT('',(-5.201355018,4.094944314,2.572016392));
#6662=CARTESIAN_POINT('',(-5.113761958,4.087818285,2.451454888));
#6663=CARTESIAN_POINT('',(-5.11374239,4.087816693,2.451427954));
#6664=CARTESIAN_POINT('',(-5.113722823,4.087815101,2.451401018));
#6665=CARTESIAN_POINT('',(-5.113703258,4.087813509,2.451374081));
#6666=CARTESIAN_POINT('',(-5.02612672,4.080687093,2.33079914));
#6667=CARTESIAN_POINT('',(-4.980086597,4.073194314,2.189066643));
#6668=CARTESIAN_POINT('',(-4.980086597,4.066068285,2.040044429));
#6669=CARTESIAN_POINT('',(-4.980086597,4.066066693,2.040011137));
#6670=CARTESIAN_POINT('',(-4.9800866,4.066065101,2.039977844));
#6671=CARTESIAN_POINT('',(-4.980086604,4.066063509,2.039944552));
#6672=CARTESIAN_POINT('',(-4.980107869,4.058937093,1.890921178));
#6673=CARTESIAN_POINT('',(-5.026168898,4.051444314,1.749195475));
#6674=CARTESIAN_POINT('',(-5.113761958,4.044318285,1.62863397));
#6675=CARTESIAN_POINT('',(-5.113781527,4.044316693,1.628607036));
#6676=CARTESIAN_POINT('',(-5.113801098,4.044315101,1.628580103));
#6677=CARTESIAN_POINT('',(-5.113820671,4.044313509,1.628553172));
#6678=CARTESIAN_POINT('',(-5.201431616,4.037187093,1.50800323));
#6679=CARTESIAN_POINT('',(-5.322000049,4.029694314,1.420418721));
#6680=CARTESIAN_POINT('',(-5.463728597,4.022568285,1.374368325));
#6681=CARTESIAN_POINT('',(-5.46376026,4.022566693,1.374358037));
#6682=CARTESIAN_POINT('',(-5.463791924,4.022565101,1.374347751));
#6683=CARTESIAN_POINT('',(-5.463823589,4.022563509,1.374337468));
#6684=CARTESIAN_POINT('',(-5.60555981,4.015437093,1.328306937));
#6685=CARTESIAN_POINT('',(-5.754582604,4.007944314,1.328317927));
#6686=CARTESIAN_POINT('',(-5.896311153,4.000818285,1.374368325));
#6687=CARTESIAN_POINT('',(-5.896342816,4.000816693,1.374378613));
#6688=CARTESIAN_POINT('',(-5.896374478,4.000815101,1.374388903));
#6689=CARTESIAN_POINT('',(-5.89640614,4.000813509,1.374399195));
#6690=CARTESIAN_POINT('',(-6.038129219,3.993687093,1.420470174));
#6691=CARTESIAN_POINT('',(-6.158684732,3.986194314,1.508072466));
#6692=CARTESIAN_POINT('',(-6.246277792,3.979068285,1.62863397));
#6693=CARTESIAN_POINT('',(-6.24629736,3.979066693,1.628660904));
#6694=CARTESIAN_POINT('',(-6.246316927,3.979065101,1.62868784));
#6695=CARTESIAN_POINT('',(-6.246336492,3.979063509,1.628714777));
#6696=CARTESIAN_POINT('',(-6.33391303,3.971937093,1.749289718));
#6697=CARTESIAN_POINT('',(-6.379953153,3.964444314,1.891022215));
#6698=CARTESIAN_POINT('',(-6.379953153,3.957318285,2.040044429));
#6699=CARTESIAN_POINT('',(-6.379953153,3.957316693,2.040077721));
#6700=CARTESIAN_POINT('',(-6.37995315,3.957315101,2.040111014));
#6701=CARTESIAN_POINT('',(-6.379953146,3.957313509,2.040144306));
#6702=CARTESIAN_POINT('',(-6.379931881,3.950187093,2.18916768));
#6703=CARTESIAN_POINT('',(-6.333870852,3.942694314,2.330893383));
#6704=CARTESIAN_POINT('',(-6.246277792,3.935568285,2.451454888));
#6705=CARTESIAN_POINT('',(-6.246258223,3.935566693,2.451481822));
#6706=CARTESIAN_POINT('',(-6.246238652,3.935565101,2.451508755));
#6707=CARTESIAN_POINT('',(-6.246219079,3.935563509,2.451535686));
#6708=CARTESIAN_POINT('',(-6.158608134,3.928437093,2.572085628));
#6709=CARTESIAN_POINT('',(-6.038039701,3.920944314,2.659670137));
#6710=CARTESIAN_POINT('',(-5.896311153,3.913818285,2.705720533));
#6711=CARTESIAN_POINT('',(-5.89627949,3.913816693,2.705730821));
#6712=CARTESIAN_POINT('',(-5.896247826,3.913815101,2.705741107));
#6713=CARTESIAN_POINT('',(-5.896216161,3.913813509,2.70575139));
#6714=CARTESIAN_POINT('',(-5.75447994,3.906687093,2.751781921));
#6715=CARTESIAN_POINT('',(-5.605457146,3.899194314,2.751770931));
#6716=CARTESIAN_POINT('',(-5.463728597,3.892068285,2.705720533));
#6717=CARTESIAN_POINT('',(-5.463696934,3.892066693,2.705710245));
#6718=CARTESIAN_POINT('',(-5.463665272,3.892065101,2.705699955));
#6719=CARTESIAN_POINT('',(-5.46363361,3.892063509,2.705689663));
#6720=CARTESIAN_POINT('',(-5.321910531,3.884937093,2.659618684));
#6721=CARTESIAN_POINT('',(-5.201355018,3.877444314,2.572016392));
#6722=CARTESIAN_POINT('',(-5.113761958,3.870318285,2.451454888));
#6723=CARTESIAN_POINT('',(-5.11374239,3.870316693,2.451427954));
#6724=CARTESIAN_POINT('',(-5.113722823,3.870315101,2.451401018));
#6725=CARTESIAN_POINT('',(-5.113703258,3.870313509,2.451374081));
#6726=CARTESIAN_POINT('',(-5.02612672,3.863187093,2.33079914));
#6727=CARTESIAN_POINT('',(-4.980086597,3.855694314,2.189066643));
#6728=CARTESIAN_POINT('',(-4.980086597,3.848568285,2.040044429));
#6729=CARTESIAN_POINT('',(-4.980086597,3.848566693,2.040011137));
#6730=CARTESIAN_POINT('',(-4.9800866,3.848565101,2.039977844));
#6731=CARTESIAN_POINT('',(-4.980086604,3.848563509,2.039944552));
#6732=CARTESIAN_POINT('',(-4.980107869,3.841437093,1.890921178));
#6733=CARTESIAN_POINT('',(-5.026168898,3.833944314,1.749195475));
#6734=CARTESIAN_POINT('',(-5.113761958,3.826818285,1.62863397));
#6735=CARTESIAN_POINT('',(-5.113781527,3.826816693,1.628607036));
#6736=CARTESIAN_POINT('',(-5.113801098,3.826815101,1.628580103));
#6737=CARTESIAN_POINT('',(-5.113820671,3.826813509,1.628553172));
#6738=CARTESIAN_POINT('',(-5.201431616,3.819687093,1.50800323));
#6739=CARTESIAN_POINT('',(-5.322000049,3.812194314,1.420418721));
#6740=CARTESIAN_POINT('',(-5.463728597,3.805068285,1.374368325));
#6741=CARTESIAN_POINT('',(-5.46376026,3.805066693,1.374358037));
#6742=CARTESIAN_POINT('',(-5.463791924,3.805065101,1.374347751));
#6743=CARTESIAN_POINT('',(-5.463823589,3.805063509,1.374337468));
#6744=CARTESIAN_POINT('',(-5.60555981,3.797937093,1.328306937));
#6745=CARTESIAN_POINT('',(-5.754582604,3.790444314,1.328317927));
#6746=CARTESIAN_POINT('',(-5.896311153,3.783318285,1.374368325));
#6747=CARTESIAN_POINT('',(-5.896342816,3.783316693,1.374378613));
#6748=CARTESIAN_POINT('',(-5.896374478,3.783315101,1.374388903));
#6749=CARTESIAN_POINT('',(-5.89640614,3.783313509,1.374399195));
#6750=CARTESIAN_POINT('',(-6.038129219,3.776187093,1.420470174));
#6751=CARTESIAN_POINT('',(-6.158684732,3.768694314,1.508072466));
#6752=CARTESIAN_POINT('',(-6.246277792,3.761568285,1.62863397));
#6753=CARTESIAN_POINT('',(-6.24629736,3.761566693,1.628660904));
#6754=CARTESIAN_POINT('',(-6.246316927,3.761565101,1.62868784));
#6755=CARTESIAN_POINT('',(-6.246336492,3.761563509,1.628714777));
#6756=CARTESIAN_POINT('',(-6.33391303,3.754437093,1.749289718));
#6757=CARTESIAN_POINT('',(-6.379953153,3.746944314,1.891022215));
#6758=CARTESIAN_POINT('',(-6.379953153,3.739818285,2.040044429));
#6759=CARTESIAN_POINT('',(-6.379953153,3.739816693,2.040077721));
#6760=CARTESIAN_POINT('',(-6.37995315,3.739815101,2.040111014));
#6761=CARTESIAN_POINT('',(-6.379953146,3.739813509,2.040144306));
#6762=CARTESIAN_POINT('',(-6.379931881,3.732687093,2.18916768));
#6763=CARTESIAN_POINT('',(-6.333870852,3.725194314,2.330893383));
#6764=CARTESIAN_POINT('',(-6.246277792,3.718068285,2.451454888));
#6765=CARTESIAN_POINT('',(-6.246258223,3.718066693,2.451481822));
#6766=CARTESIAN_POINT('',(-6.246238652,3.718065101,2.451508755));
#6767=CARTESIAN_POINT('',(-6.246219079,3.718063509,2.451535686));
#6768=CARTESIAN_POINT('',(-6.158608134,3.710937093,2.572085628));
#6769=CARTESIAN_POINT('',(-6.038039701,3.703444314,2.659670137));
#6770=CARTESIAN_POINT('',(-5.896311153,3.696318285,2.705720533));
#6771=CARTESIAN_POINT('',(-5.89627949,3.696316693,2.705730821));
#6772=CARTESIAN_POINT('',(-5.896247826,3.696315101,2.705741107));
#6773=CARTESIAN_POINT('',(-5.896216161,3.696313509,2.70575139));
#6774=CARTESIAN_POINT('',(-5.75447994,3.689187093,2.751781921));
#6775=CARTESIAN_POINT('',(-5.605457146,3.681694314,2.751770931));
#6776=CARTESIAN_POINT('',(-5.463728597,3.674568285,2.705720533));
#6777=CARTESIAN_POINT('',(-5.463696934,3.674566693,2.705710245));
#6778=CARTESIAN_POINT('',(-5.463665272,3.674565101,2.705699955));
#6779=CARTESIAN_POINT('',(-5.46363361,3.674563509,2.705689663));
#6780=CARTESIAN_POINT('',(-5.370295757,3.6698701,2.67534763));
#6781=CARTESIAN_POINT('',(-5.284917267,3.664944661,2.626199263));
#6782=CARTESIAN_POINT('',(-5.211462932,3.66000055,2.560006913));
#6783=CARTESIAN_POINT('',(-5.211356127,3.659993361,2.559910667));
#6784=CARTESIAN_POINT('',(-5.211249321,3.659986172,2.55981442));
#6785=CARTESIAN_POINT('',(-5.211142516,3.659978983,2.559718174));
#6786=CARTESIAN_POINT('',(-6.3499106,6.359980025,1.837297576));
#6787=CARTESIAN_POINT('',(-6.369926724,6.356506395,1.903432343));
#6788=CARTESIAN_POINT('',(-6.379919775,6.353095255,1.971517057));
#6789=CARTESIAN_POINT('',(-6.379919775,6.349818218,2.040044429));
#6790=CARTESIAN_POINT('',(-6.379919775,6.349816626,2.04007772));
#6791=CARTESIAN_POINT('',(-6.379919773,6.349815034,2.040111011));
#6792=CARTESIAN_POINT('',(-6.379919768,6.349813442,2.040144302));
#6793=CARTESIAN_POINT('',(-6.379898504,6.342687027,2.189160568));
#6794=CARTESIAN_POINT('',(-6.333839671,6.335194247,2.330879513));
#6795=CARTESIAN_POINT('',(-6.246250788,6.328068218,2.451435269));
#6796=CARTESIAN_POINT('',(-6.246231221,6.328066626,2.451462202));
#6797=CARTESIAN_POINT('',(-6.246211651,6.328065034,2.451489133));
#6798=CARTESIAN_POINT('',(-6.246192079,6.328063442,2.451516063));
#6799=CARTESIAN_POINT('',(-6.158585312,6.320937027,2.572060257));
#6800=CARTESIAN_POINT('',(-6.038022628,6.313444247,2.659640589));
#6801=CARTESIAN_POINT('',(-5.896300838,6.306318218,2.705688789));
#6802=CARTESIAN_POINT('',(-5.896269177,6.306316626,2.705699077));
#6803=CARTESIAN_POINT('',(-5.896237515,6.306315034,2.705709362));
#6804=CARTESIAN_POINT('',(-5.896205852,6.306313442,2.705719645));
#6805=CARTESIAN_POINT('',(-5.754476389,6.299187027,2.751747981));
#6806=CARTESIAN_POINT('',(-5.605460701,6.291694247,2.75173699));
#6807=CARTESIAN_POINT('',(-5.463738912,6.284568218,2.705688789));
#6808=CARTESIAN_POINT('',(-5.46370725,6.284566626,2.705678502));
#6809=CARTESIAN_POINT('',(-5.463675589,6.284565034,2.705668212));
#6810=CARTESIAN_POINT('',(-5.463643929,6.284563442,2.70565792));
#6811=CARTESIAN_POINT('',(-5.321927609,6.277437027,2.659589138));
#6812=CARTESIAN_POINT('',(-5.201377845,6.269944247,2.571991023));
#6813=CARTESIAN_POINT('',(-5.113788962,6.262818218,2.451435269));
#6814=CARTESIAN_POINT('',(-5.113769394,6.262816626,2.451408336));
#6815=CARTESIAN_POINT('',(-5.113749828,6.262815034,2.451381402));
#6816=CARTESIAN_POINT('',(-5.113730264,6.262813442,2.451354466));
#6817=CARTESIAN_POINT('',(-5.026157903,6.255687027,2.330785274));
#6818=CARTESIAN_POINT('',(-4.980119975,6.248194247,2.189059537));
#6819=CARTESIAN_POINT('',(-4.980119975,6.241068218,2.040044429));
#6820=CARTESIAN_POINT('',(-4.980119975,6.241066626,2.040011138));
#6821=CARTESIAN_POINT('',(-4.980119977,6.241065034,2.039977847));
#6822=CARTESIAN_POINT('',(-4.980119982,6.241063442,2.039944556));
#6823=CARTESIAN_POINT('',(-4.980141246,6.233937027,1.89092829));
#6824=CARTESIAN_POINT('',(-5.026200079,6.226444247,1.749209345));
#6825=CARTESIAN_POINT('',(-5.113788962,6.219318218,1.628653589));
#6826=CARTESIAN_POINT('',(-5.113808529,6.219316626,1.628626656));
#6827=CARTESIAN_POINT('',(-5.113828099,6.219315034,1.628599725));
#6828=CARTESIAN_POINT('',(-5.113847671,6.219313442,1.628572795));
#6829=CARTESIAN_POINT('',(-5.201454438,6.212187027,1.508028601));
#6830=CARTESIAN_POINT('',(-5.322017122,6.204694247,1.420448269));
#6831=CARTESIAN_POINT('',(-5.463738912,6.197568218,1.374400069));
#6832=CARTESIAN_POINT('',(-5.463770573,6.197566626,1.374389781));
#6833=CARTESIAN_POINT('',(-5.463802235,6.197565034,1.374379496));
#6834=CARTESIAN_POINT('',(-5.463833898,6.197563442,1.374369213));
#6835=CARTESIAN_POINT('',(-5.605563361,6.190437027,1.328340877));
#6836=CARTESIAN_POINT('',(-5.754579049,6.182944247,1.328351868));
#6837=CARTESIAN_POINT('',(-5.896300838,6.175818218,1.374400069));
#6838=CARTESIAN_POINT('',(-5.8963325,6.175816626,1.374410356));
#6839=CARTESIAN_POINT('',(-5.896364161,6.175815034,1.374420646));
#6840=CARTESIAN_POINT('',(-5.896395821,6.175813442,1.374430938));
#6841=CARTESIAN_POINT('',(-6.038112141,6.168687027,1.42049972));
#6842=CARTESIAN_POINT('',(-6.158661905,6.161194247,1.508097835));
#6843=CARTESIAN_POINT('',(-6.246250788,6.154068218,1.628653589));
#6844=CARTESIAN_POINT('',(-6.246270356,6.154066626,1.628680522));
#6845=CARTESIAN_POINT('',(-6.246289922,6.154065034,1.628707456));
#6846=CARTESIAN_POINT('',(-6.246309486,6.154063442,1.628734392));
#6847=CARTESIAN_POINT('',(-6.333881847,6.146937027,1.749303584));
#6848=CARTESIAN_POINT('',(-6.379919775,6.139444247,1.891029321));
#6849=CARTESIAN_POINT('',(-6.379919775,6.132318218,2.040044429));
#6850=CARTESIAN_POINT('',(-6.379919775,6.132316626,2.04007772));
#6851=CARTESIAN_POINT('',(-6.379919773,6.132315034,2.040111011));
#6852=CARTESIAN_POINT('',(-6.379919768,6.132313442,2.040144302));
#6853=CARTESIAN_POINT('',(-6.379898504,6.125187027,2.189160568));
#6854=CARTESIAN_POINT('',(-6.333839671,6.117694247,2.330879513));
#6855=CARTESIAN_POINT('',(-6.246250788,6.110568218,2.451435269));
#6856=CARTESIAN_POINT('',(-6.246231221,6.110566626,2.451462202));
#6857=CARTESIAN_POINT('',(-6.246211651,6.110565034,2.451489133));
#6858=CARTESIAN_POINT('',(-6.246192079,6.110563442,2.451516063));
#6859=CARTESIAN_POINT('',(-6.158585312,6.103437027,2.572060257));
#6860=CARTESIAN_POINT('',(-6.038022628,6.095944247,2.659640589));
#6861=CARTESIAN_POINT('',(-5.896300838,6.088818218,2.705688789));
#6862=CARTESIAN_POINT('',(-5.896269177,6.088816626,2.705699077));
#6863=CARTESIAN_POINT('',(-5.896237515,6.088815034,2.705709362));
#6864=CARTESIAN_POINT('',(-5.896205852,6.088813442,2.705719645));
#6865=CARTESIAN_POINT('',(-5.754476389,6.081687027,2.751747981));
#6866=CARTESIAN_POINT('',(-5.605460701,6.074194247,2.75173699));
#6867=CARTESIAN_POINT('',(-5.463738912,6.067068218,2.705688789));
#6868=CARTESIAN_POINT('',(-5.46370725,6.067066626,2.705678502));
#6869=CARTESIAN_POINT('',(-5.463675589,6.067065034,2.705668212));
#6870=CARTESIAN_POINT('',(-5.463643929,6.067063442,2.70565792));
#6871=CARTESIAN_POINT('',(-5.321927609,6.059937027,2.659589138));
#6872=CARTESIAN_POINT('',(-5.201377845,6.052444247,2.571991023));
#6873=CARTESIAN_POINT('',(-5.113788962,6.045318218,2.451435269));
#6874=CARTESIAN_POINT('',(-5.113769394,6.045316626,2.451408336));
#6875=CARTESIAN_POINT('',(-5.113749828,6.045315034,2.451381402));
#6876=CARTESIAN_POINT('',(-5.113730264,6.045313442,2.451354466));
#6877=CARTESIAN_POINT('',(-5.026157903,6.038187027,2.330785274));
#6878=CARTESIAN_POINT('',(-4.980119975,6.030694247,2.189059537));
#6879=CARTESIAN_POINT('',(-4.980119975,6.023568218,2.040044429));
#6880=CARTESIAN_POINT('',(-4.980119975,6.023566626,2.040011138));
#6881=CARTESIAN_POINT('',(-4.980119977,6.023565034,2.039977847));
#6882=CARTESIAN_POINT('',(-4.980119982,6.023563442,2.039944556));
#6883=CARTESIAN_POINT('',(-4.980141246,6.016437027,1.89092829));
#6884=CARTESIAN_POINT('',(-5.026200079,6.008944247,1.749209345));
#6885=CARTESIAN_POINT('',(-5.113788962,6.001818218,1.628653589));
#6886=CARTESIAN_POINT('',(-5.113808529,6.001816626,1.628626656));
#6887=CARTESIAN_POINT('',(-5.113828099,6.001815034,1.628599725));
#6888=CARTESIAN_POINT('',(-5.113847671,6.001813442,1.628572795));
#6889=CARTESIAN_POINT('',(-5.201454438,5.994687027,1.508028601));
#6890=CARTESIAN_POINT('',(-5.322017122,5.987194247,1.420448269));
#6891=CARTESIAN_POINT('',(-5.463738912,5.980068218,1.374400069));
#6892=CARTESIAN_POINT('',(-5.463770573,5.980066626,1.374389781));
#6893=CARTESIAN_POINT('',(-5.463802235,5.980065034,1.374379496));
#6894=CARTESIAN_POINT('',(-5.463833898,5.980063442,1.374369213));
#6895=CARTESIAN_POINT('',(-5.605563361,5.972937027,1.328340877));
#6896=CARTESIAN_POINT('',(-5.754579049,5.965444247,1.328351868));
#6897=CARTESIAN_POINT('',(-5.896300838,5.958318218,1.374400069));
#6898=CARTESIAN_POINT('',(-5.8963325,5.958316626,1.374410356));
#6899=CARTESIAN_POINT('',(-5.896364161,5.958315034,1.374420646));
#6900=CARTESIAN_POINT('',(-5.896395821,5.958313442,1.374430938));
#6901=CARTESIAN_POINT('',(-6.038112141,5.951187027,1.42049972));
#6902=CARTESIAN_POINT('',(-6.158661905,5.943694247,1.508097835));
#6903=CARTESIAN_POINT('',(-6.246250788,5.936568218,1.628653589));
#6904=CARTESIAN_POINT('',(-6.246270356,5.936566626,1.628680522));
#6905=CARTESIAN_POINT('',(-6.246289922,5.936565034,1.628707456));
#6906=CARTESIAN_POINT('',(-6.246309486,5.936563442,1.628734392));
#6907=CARTESIAN_POINT('',(-6.333881847,5.929437027,1.749303584));
#6908=CARTESIAN_POINT('',(-6.379919775,5.921944247,1.891029321));
#6909=CARTESIAN_POINT('',(-6.379919775,5.914818218,2.040044429));
#6910=CARTESIAN_POINT('',(-6.379919775,5.914816626,2.04007772));
#6911=CARTESIAN_POINT('',(-6.379919773,5.914815034,2.040111011));
#6912=CARTESIAN_POINT('',(-6.379919768,5.914813442,2.040144302));
#6913=CARTESIAN_POINT('',(-6.379898504,5.907687027,2.189160568));
#6914=CARTESIAN_POINT('',(-6.333839671,5.900194247,2.330879513));
#6915=CARTESIAN_POINT('',(-6.246250788,5.893068218,2.451435269));
#6916=CARTESIAN_POINT('',(-6.246231221,5.893066626,2.451462202));
#6917=CARTESIAN_POINT('',(-6.246211651,5.893065034,2.451489133));
#6918=CARTESIAN_POINT('',(-6.246192079,5.893063442,2.451516063));
#6919=CARTESIAN_POINT('',(-6.158585312,5.885937027,2.572060257));
#6920=CARTESIAN_POINT('',(-6.038022628,5.878444247,2.659640589));
#6921=CARTESIAN_POINT('',(-5.896300838,5.871318218,2.705688789));
#6922=CARTESIAN_POINT('',(-5.896269177,5.871316626,2.705699077));
#6923=CARTESIAN_POINT('',(-5.896237515,5.871315034,2.705709362));
#6924=CARTESIAN_POINT('',(-5.896205852,5.871313442,2.705719645));
#6925=CARTESIAN_POINT('',(-5.754476389,5.864187027,2.751747981));
#6926=CARTESIAN_POINT('',(-5.605460701,5.856694247,2.75173699));
#6927=CARTESIAN_POINT('',(-5.463738912,5.849568218,2.705688789));
#6928=CARTESIAN_POINT('',(-5.46370725,5.849566626,2.705678502));
#6929=CARTESIAN_POINT('',(-5.463675589,5.849565034,2.705668212));
#6930=CARTESIAN_POINT('',(-5.463643929,5.849563442,2.70565792));
#6931=CARTESIAN_POINT('',(-5.321927609,5.842437027,2.659589138));
#6932=CARTESIAN_POINT('',(-5.201377845,5.834944247,2.571991023));
#6933=CARTESIAN_POINT('',(-5.113788962,5.827818218,2.451435269));
#6934=CARTESIAN_POINT('',(-5.113769394,5.827816626,2.451408336));
#6935=CARTESIAN_POINT('',(-5.113749828,5.827815034,2.451381402));
#6936=CARTESIAN_POINT('',(-5.113730264,5.827813442,2.451354466));
#6937=CARTESIAN_POINT('',(-5.026157903,5.820687027,2.330785274));
#6938=CARTESIAN_POINT('',(-4.980119975,5.813194247,2.189059537));
#6939=CARTESIAN_POINT('',(-4.980119975,5.806068218,2.040044429));
#6940=CARTESIAN_POINT('',(-4.980119975,5.806066626,2.040011138));
#6941=CARTESIAN_POINT('',(-4.980119977,5.806065034,2.039977847));
#6942=CARTESIAN_POINT('',(-4.980119982,5.806063442,2.039944556));
#6943=CARTESIAN_POINT('',(-4.980141246,5.798937027,1.89092829));
#6944=CARTESIAN_POINT('',(-5.026200079,5.791444247,1.749209345));
#6945=CARTESIAN_POINT('',(-5.113788962,5.784318218,1.628653589));
#6946=CARTESIAN_POINT('',(-5.113808529,5.784316626,1.628626656));
#6947=CARTESIAN_POINT('',(-5.113828099,5.784315034,1.628599725));
#6948=CARTESIAN_POINT('',(-5.113847671,5.784313442,1.628572795));
#6949=CARTESIAN_POINT('',(-5.201454438,5.777187027,1.508028601));
#6950=CARTESIAN_POINT('',(-5.322017122,5.769694247,1.420448269));
#6951=CARTESIAN_POINT('',(-5.463738912,5.762568218,1.374400069));
#6952=CARTESIAN_POINT('',(-5.463770573,5.762566626,1.374389781));
#6953=CARTESIAN_POINT('',(-5.463802235,5.762565034,1.374379496));
#6954=CARTESIAN_POINT('',(-5.463833898,5.762563442,1.374369213));
#6955=CARTESIAN_POINT('',(-5.605563361,5.755437027,1.328340877));
#6956=CARTESIAN_POINT('',(-5.754579049,5.747944247,1.328351868));
#6957=CARTESIAN_POINT('',(-5.896300838,5.740818218,1.374400069));
#6958=CARTESIAN_POINT('',(-5.8963325,5.740816626,1.374410356));
#6959=CARTESIAN_POINT('',(-5.896364161,5.740815034,1.374420646));
#6960=CARTESIAN_POINT('',(-5.896395821,5.740813442,1.374430938));
#6961=CARTESIAN_POINT('',(-6.038112141,5.733687027,1.42049972));
#6962=CARTESIAN_POINT('',(-6.158661905,5.726194247,1.508097835));
#6963=CARTESIAN_POINT('',(-6.246250788,5.719068218,1.628653589));
#6964=CARTESIAN_POINT('',(-6.246270356,5.719066626,1.628680522));
#6965=CARTESIAN_POINT('',(-6.246289922,5.719065034,1.628707456));
#6966=CARTESIAN_POINT('',(-6.246309486,5.719063442,1.628734392));
#6967=CARTESIAN_POINT('',(-6.333881847,5.711937027,1.749303584));
#6968=CARTESIAN_POINT('',(-6.379919775,5.704444247,1.891029321));
#6969=CARTESIAN_POINT('',(-6.379919775,5.697318218,2.040044429));
#6970=CARTESIAN_POINT('',(-6.379919775,5.697316626,2.04007772));
#6971=CARTESIAN_POINT('',(-6.379919773,5.697315034,2.040111011));
#6972=CARTESIAN_POINT('',(-6.379919768,5.697313442,2.040144302));
#6973=CARTESIAN_POINT('',(-6.379898504,5.690187027,2.189160568));
#6974=CARTESIAN_POINT('',(-6.333839671,5.682694247,2.330879513));
#6975=CARTESIAN_POINT('',(-6.246250788,5.675568218,2.451435269));
#6976=CARTESIAN_POINT('',(-6.246231221,5.675566626,2.451462202));
#6977=CARTESIAN_POINT('',(-6.246211651,5.675565034,2.451489133));
#6978=CARTESIAN_POINT('',(-6.246192079,5.675563442,2.451516063));
#6979=CARTESIAN_POINT('',(-6.158585312,5.668437027,2.572060257));
#6980=CARTESIAN_POINT('',(-6.038022628,5.660944247,2.659640589));
#6981=CARTESIAN_POINT('',(-5.896300838,5.653818218,2.705688789));
#6982=CARTESIAN_POINT('',(-5.896269177,5.653816626,2.705699077));
#6983=CARTESIAN_POINT('',(-5.896237515,5.653815034,2.705709362));
#6984=CARTESIAN_POINT('',(-5.896205852,5.653813442,2.705719645));
#6985=CARTESIAN_POINT('',(-5.754476389,5.646687027,2.751747981));
#6986=CARTESIAN_POINT('',(-5.605460701,5.639194247,2.75173699));
#6987=CARTESIAN_POINT('',(-5.463738912,5.632068218,2.705688789));
#6988=CARTESIAN_POINT('',(-5.46370725,5.632066626,2.705678502));
#6989=CARTESIAN_POINT('',(-5.463675589,5.632065034,2.705668212));
#6990=CARTESIAN_POINT('',(-5.463643929,5.632063442,2.70565792));
#6991=CARTESIAN_POINT('',(-5.321927609,5.624937027,2.659589138));
#6992=CARTESIAN_POINT('',(-5.201377845,5.617444247,2.571991023));
#6993=CARTESIAN_POINT('',(-5.113788962,5.610318218,2.451435269));
#6994=CARTESIAN_POINT('',(-5.113769394,5.610316626,2.451408336));
#6995=CARTESIAN_POINT('',(-5.113749828,5.610315034,2.451381402));
#6996=CARTESIAN_POINT('',(-5.113730264,5.610313442,2.451354466));
#6997=CARTESIAN_POINT('',(-5.026157903,5.603187027,2.330785274));
#6998=CARTESIAN_POINT('',(-4.980119975,5.595694247,2.189059537));
#6999=CARTESIAN_POINT('',(-4.980119975,5.588568218,2.040044429));
#7000=CARTESIAN_POINT('',(-4.980119975,5.588566626,2.040011138));
#7001=CARTESIAN_POINT('',(-4.980119977,5.588565034,2.039977847));
#7002=CARTESIAN_POINT('',(-4.980119982,5.588563442,2.039944556));
#7003=CARTESIAN_POINT('',(-4.980141246,5.581437027,1.89092829));
#7004=CARTESIAN_POINT('',(-5.026200079,5.573944247,1.749209345));
#7005=CARTESIAN_POINT('',(-5.113788962,5.566818218,1.628653589));
#7006=CARTESIAN_POINT('',(-5.113808529,5.566816626,1.628626656));
#7007=CARTESIAN_POINT('',(-5.113828099,5.566815034,1.628599725));
#7008=CARTESIAN_POINT('',(-5.113847671,5.566813442,1.628572795));
#7009=CARTESIAN_POINT('',(-5.201454438,5.559687027,1.508028601));
#7010=CARTESIAN_POINT('',(-5.322017122,5.552194247,1.420448269));
#7011=CARTESIAN_POINT('',(-5.463738912,5.545068218,1.374400069));
#7012=CARTESIAN_POINT('',(-5.463770573,5.545066626,1.374389781));
#7013=CARTESIAN_POINT('',(-5.463802235,5.545065034,1.374379496));
#7014=CARTESIAN_POINT('',(-5.463833898,5.545063442,1.374369213));
#7015=CARTESIAN_POINT('',(-5.605563361,5.537937027,1.328340877));
#7016=CARTESIAN_POINT('',(-5.754579049,5.530444247,1.328351868));
#7017=CARTESIAN_POINT('',(-5.896300838,5.523318218,1.374400069));
#7018=CARTESIAN_POINT('',(-5.8963325,5.523316626,1.374410356));
#7019=CARTESIAN_POINT('',(-5.896364161,5.523315034,1.374420646));
#7020=CARTESIAN_POINT('',(-5.896395821,5.523313442,1.374430938));
#7021=CARTESIAN_POINT('',(-6.038112141,5.516187027,1.42049972));
#7022=CARTESIAN_POINT('',(-6.158661905,5.508694247,1.508097835));
#7023=CARTESIAN_POINT('',(-6.246250788,5.501568218,1.628653589));
#7024=CARTESIAN_POINT('',(-6.246270356,5.501566626,1.628680522));
#7025=CARTESIAN_POINT('',(-6.246289922,5.501565034,1.628707456));
#7026=CARTESIAN_POINT('',(-6.246309486,5.501563442,1.628734392));
#7027=CARTESIAN_POINT('',(-6.333881847,5.494437027,1.749303584));
#7028=CARTESIAN_POINT('',(-6.379919775,5.486944247,1.891029321));
#7029=CARTESIAN_POINT('',(-6.379919775,5.479818218,2.040044429));
#7030=CARTESIAN_POINT('',(-6.379919775,5.479816626,2.04007772));
#7031=CARTESIAN_POINT('',(-6.379919773,5.479815034,2.040111011));
#7032=CARTESIAN_POINT('',(-6.379919768,5.479813442,2.040144302));
#7033=CARTESIAN_POINT('',(-6.379898504,5.472687027,2.189160568));
#7034=CARTESIAN_POINT('',(-6.333839671,5.465194247,2.330879513));
#7035=CARTESIAN_POINT('',(-6.246250788,5.458068218,2.451435269));
#7036=CARTESIAN_POINT('',(-6.246231221,5.458066626,2.451462202));
#7037=CARTESIAN_POINT('',(-6.246211651,5.458065034,2.451489133));
#7038=CARTESIAN_POINT('',(-6.246192079,5.458063442,2.451516063));
#7039=CARTESIAN_POINT('',(-6.158585312,5.450937027,2.572060257));
#7040=CARTESIAN_POINT('',(-6.038022628,5.443444247,2.659640589));
#7041=CARTESIAN_POINT('',(-5.896300838,5.436318218,2.705688789));
#7042=CARTESIAN_POINT('',(-5.896269177,5.436316626,2.705699077));
#7043=CARTESIAN_POINT('',(-5.896237515,5.436315034,2.705709362));
#7044=CARTESIAN_POINT('',(-5.896205852,5.436313442,2.705719645));
#7045=CARTESIAN_POINT('',(-5.754476389,5.429187027,2.751747981));
#7046=CARTESIAN_POINT('',(-5.605460701,5.421694247,2.75173699));
#7047=CARTESIAN_POINT('',(-5.463738912,5.414568218,2.705688789));
#7048=CARTESIAN_POINT('',(-5.46370725,5.414566626,2.705678502));
#7049=CARTESIAN_POINT('',(-5.463675589,5.414565034,2.705668212));
#7050=CARTESIAN_POINT('',(-5.463643929,5.414563442,2.70565792));
#7051=CARTESIAN_POINT('',(-5.321927609,5.407437027,2.659589138));
#7052=CARTESIAN_POINT('',(-5.201377845,5.399944247,2.571991023));
#7053=CARTESIAN_POINT('',(-5.113788962,5.392818218,2.451435269));
#7054=CARTESIAN_POINT('',(-5.113769394,5.392816626,2.451408336));
#7055=CARTESIAN_POINT('',(-5.113749828,5.392815034,2.451381402));
#7056=CARTESIAN_POINT('',(-5.113730264,5.392813442,2.451354466));
#7057=CARTESIAN_POINT('',(-5.026157903,5.385687027,2.330785274));
#7058=CARTESIAN_POINT('',(-4.980119975,5.378194247,2.189059537));
#7059=CARTESIAN_POINT('',(-4.980119975,5.371068218,2.040044429));
#7060=CARTESIAN_POINT('',(-4.980119975,5.371066626,2.040011138));
#7061=CARTESIAN_POINT('',(-4.980119977,5.371065034,2.039977847));
#7062=CARTESIAN_POINT('',(-4.980119982,5.371063442,2.039944556));
#7063=CARTESIAN_POINT('',(-4.980141246,5.363937027,1.89092829));
#7064=CARTESIAN_POINT('',(-5.026200079,5.356444247,1.749209345));
#7065=CARTESIAN_POINT('',(-5.113788962,5.349318218,1.628653589));
#7066=CARTESIAN_POINT('',(-5.113808529,5.349316626,1.628626656));
#7067=CARTESIAN_POINT('',(-5.113828099,5.349315034,1.628599725));
#7068=CARTESIAN_POINT('',(-5.113847671,5.349313442,1.628572795));
#7069=CARTESIAN_POINT('',(-5.201454438,5.342187027,1.508028601));
#7070=CARTESIAN_POINT('',(-5.322017122,5.334694247,1.420448269));
#7071=CARTESIAN_POINT('',(-5.463738912,5.327568218,1.374400069));
#7072=CARTESIAN_POINT('',(-5.463770573,5.327566626,1.374389781));
#7073=CARTESIAN_POINT('',(-5.463802235,5.327565034,1.374379496));
#7074=CARTESIAN_POINT('',(-5.463833898,5.327563442,1.374369213));
#7075=CARTESIAN_POINT('',(-5.605563361,5.320437027,1.328340877));
#7076=CARTESIAN_POINT('',(-5.754579049,5.312944247,1.328351868));
#7077=CARTESIAN_POINT('',(-5.896300838,5.305818218,1.374400069));
#7078=CARTESIAN_POINT('',(-5.8963325,5.305816626,1.374410356));
#7079=CARTESIAN_POINT('',(-5.896364161,5.305815034,1.374420646));
#7080=CARTESIAN_POINT('',(-5.896395821,5.305813442,1.374430938));
#7081=CARTESIAN_POINT('',(-6.038112141,5.298687027,1.42049972));
#7082=CARTESIAN_POINT('',(-6.158661905,5.291194247,1.508097835));
#7083=CARTESIAN_POINT('',(-6.246250788,5.284068218,1.628653589));
#7084=CARTESIAN_POINT('',(-6.246270356,5.284066626,1.628680522));
#7085=CARTESIAN_POINT('',(-6.246289922,5.284065034,1.628707456));
#7086=CARTESIAN_POINT('',(-6.246309486,5.284063442,1.628734392));
#7087=CARTESIAN_POINT('',(-6.333881847,5.276937027,1.749303584));
#7088=CARTESIAN_POINT('',(-6.379919775,5.269444247,1.891029321));
#7089=CARTESIAN_POINT('',(-6.379919775,5.262318218,2.040044429));
#7090=CARTESIAN_POINT('',(-6.379919775,5.262316626,2.04007772));
#7091=CARTESIAN_POINT('',(-6.379919773,5.262315034,2.040111011));
#7092=CARTESIAN_POINT('',(-6.379919768,5.262313442,2.040144302));
#7093=CARTESIAN_POINT('',(-6.379898504,5.255187027,2.189160568));
#7094=CARTESIAN_POINT('',(-6.333839671,5.247694247,2.330879513));
#7095=CARTESIAN_POINT('',(-6.246250788,5.240568218,2.451435269));
#7096=CARTESIAN_POINT('',(-6.246231221,5.240566626,2.451462202));
#7097=CARTESIAN_POINT('',(-6.246211651,5.240565034,2.451489133));
#7098=CARTESIAN_POINT('',(-6.246192079,5.240563442,2.451516063));
#7099=CARTESIAN_POINT('',(-6.158585312,5.233437027,2.572060257));
#7100=CARTESIAN_POINT('',(-6.038022628,5.225944247,2.659640589));
#7101=CARTESIAN_POINT('',(-5.896300838,5.218818218,2.705688789));
#7102=CARTESIAN_POINT('',(-5.896269177,5.218816626,2.705699077));
#7103=CARTESIAN_POINT('',(-5.896237515,5.218815034,2.705709362));
#7104=CARTESIAN_POINT('',(-5.896205852,5.218813442,2.705719645));
#7105=CARTESIAN_POINT('',(-5.754476389,5.211687027,2.751747981));
#7106=CARTESIAN_POINT('',(-5.605460701,5.204194247,2.75173699));
#7107=CARTESIAN_POINT('',(-5.463738912,5.197068218,2.705688789));
#7108=CARTESIAN_POINT('',(-5.46370725,5.197066626,2.705678502));
#7109=CARTESIAN_POINT('',(-5.463675589,5.197065034,2.705668212));
#7110=CARTESIAN_POINT('',(-5.463643929,5.197063442,2.70565792));
#7111=CARTESIAN_POINT('',(-5.321927609,5.189937027,2.659589138));
#7112=CARTESIAN_POINT('',(-5.201377845,5.182444247,2.571991023));
#7113=CARTESIAN_POINT('',(-5.113788962,5.175318218,2.451435269));
#7114=CARTESIAN_POINT('',(-5.113769394,5.175316626,2.451408336));
#7115=CARTESIAN_POINT('',(-5.113749828,5.175315034,2.451381402));
#7116=CARTESIAN_POINT('',(-5.113730264,5.175313442,2.451354466));
#7117=CARTESIAN_POINT('',(-5.026157903,5.168187027,2.330785274));
#7118=CARTESIAN_POINT('',(-4.980119975,5.160694247,2.189059537));
#7119=CARTESIAN_POINT('',(-4.980119975,5.153568218,2.040044429));
#7120=CARTESIAN_POINT('',(-4.980119975,5.153566626,2.040011138));
#7121=CARTESIAN_POINT('',(-4.980119977,5.153565034,2.039977847));
#7122=CARTESIAN_POINT('',(-4.980119982,5.153563442,2.039944556));
#7123=CARTESIAN_POINT('',(-4.980141246,5.146437027,1.89092829));
#7124=CARTESIAN_POINT('',(-5.026200079,5.138944247,1.749209345));
#7125=CARTESIAN_POINT('',(-5.113788962,5.131818218,1.628653589));
#7126=CARTESIAN_POINT('',(-5.113808529,5.131816626,1.628626656));
#7127=CARTESIAN_POINT('',(-5.113828099,5.131815034,1.628599725));
#7128=CARTESIAN_POINT('',(-5.113847671,5.131813442,1.628572795));
#7129=CARTESIAN_POINT('',(-5.201454438,5.124687027,1.508028601));
#7130=CARTESIAN_POINT('',(-5.322017122,5.117194247,1.420448269));
#7131=CARTESIAN_POINT('',(-5.463738912,5.110068218,1.374400069));
#7132=CARTESIAN_POINT('',(-5.463770573,5.110066626,1.374389781));
#7133=CARTESIAN_POINT('',(-5.463802235,5.110065034,1.374379496));
#7134=CARTESIAN_POINT('',(-5.463833898,5.110063442,1.374369213));
#7135=CARTESIAN_POINT('',(-5.605563361,5.102937027,1.328340877));
#7136=CARTESIAN_POINT('',(-5.754579049,5.095444247,1.328351868));
#7137=CARTESIAN_POINT('',(-5.896300838,5.088318218,1.374400069));
#7138=CARTESIAN_POINT('',(-5.8963325,5.088316626,1.374410356));
#7139=CARTESIAN_POINT('',(-5.896364161,5.088315034,1.374420646));
#7140=CARTESIAN_POINT('',(-5.896395821,5.088313442,1.374430938));
#7141=CARTESIAN_POINT('',(-6.038112141,5.081187027,1.42049972));
#7142=CARTESIAN_POINT('',(-6.158661905,5.073694247,1.508097835));
#7143=CARTESIAN_POINT('',(-6.246250788,5.066568218,1.628653589));
#7144=CARTESIAN_POINT('',(-6.246270356,5.066566626,1.628680522));
#7145=CARTESIAN_POINT('',(-6.246289922,5.066565034,1.628707456));
#7146=CARTESIAN_POINT('',(-6.246309486,5.066563442,1.628734392));
#7147=CARTESIAN_POINT('',(-6.333881847,5.059437027,1.749303584));
#7148=CARTESIAN_POINT('',(-6.379919775,5.051944247,1.891029321));
#7149=CARTESIAN_POINT('',(-6.379919775,5.044818218,2.040044429));
#7150=CARTESIAN_POINT('',(-6.379919775,5.044816626,2.04007772));
#7151=CARTESIAN_POINT('',(-6.379919773,5.044815034,2.040111011));
#7152=CARTESIAN_POINT('',(-6.379919768,5.044813442,2.040144302));
#7153=CARTESIAN_POINT('',(-6.379898504,5.037687027,2.189160568));
#7154=CARTESIAN_POINT('',(-6.333839671,5.030194247,2.330879513));
#7155=CARTESIAN_POINT('',(-6.246250788,5.023068218,2.451435269));
#7156=CARTESIAN_POINT('',(-6.246231221,5.023066626,2.451462202));
#7157=CARTESIAN_POINT('',(-6.246211651,5.023065034,2.451489133));
#7158=CARTESIAN_POINT('',(-6.246192079,5.023063442,2.451516063));
#7159=CARTESIAN_POINT('',(-6.158585312,5.015937027,2.572060257));
#7160=CARTESIAN_POINT('',(-6.038022628,5.008444247,2.659640589));
#7161=CARTESIAN_POINT('',(-5.896300838,5.001318218,2.705688789));
#7162=CARTESIAN_POINT('',(-5.896269177,5.001316626,2.705699077));
#7163=CARTESIAN_POINT('',(-5.896237515,5.001315034,2.705709362));
#7164=CARTESIAN_POINT('',(-5.896205852,5.001313442,2.705719645));
#7165=CARTESIAN_POINT('',(-5.754476389,4.994187027,2.751747981));
#7166=CARTESIAN_POINT('',(-5.605460701,4.986694247,2.75173699));
#7167=CARTESIAN_POINT('',(-5.463738912,4.979568218,2.705688789));
#7168=CARTESIAN_POINT('',(-5.46370725,4.979566626,2.705678502));
#7169=CARTESIAN_POINT('',(-5.463675589,4.979565034,2.705668212));
#7170=CARTESIAN_POINT('',(-5.463643929,4.979563442,2.70565792));
#7171=CARTESIAN_POINT('',(-5.321927609,4.972437027,2.659589138));
#7172=CARTESIAN_POINT('',(-5.201377845,4.964944247,2.571991023));
#7173=CARTESIAN_POINT('',(-5.113788962,4.957818218,2.451435269));
#7174=CARTESIAN_POINT('',(-5.113769394,4.957816626,2.451408336));
#7175=CARTESIAN_POINT('',(-5.113749828,4.957815034,2.451381402));
#7176=CARTESIAN_POINT('',(-5.113730264,4.957813442,2.451354466));
#7177=CARTESIAN_POINT('',(-5.026157903,4.950687027,2.330785274));
#7178=CARTESIAN_POINT('',(-4.980119975,4.943194247,2.189059537));
#7179=CARTESIAN_POINT('',(-4.980119975,4.936068218,2.040044429));
#7180=CARTESIAN_POINT('',(-4.980119975,4.936066626,2.040011138));
#7181=CARTESIAN_POINT('',(-4.980119977,4.936065034,2.039977847));
#7182=CARTESIAN_POINT('',(-4.980119982,4.936063442,2.039944556));
#7183=CARTESIAN_POINT('',(-4.980141246,4.928937027,1.89092829));
#7184=CARTESIAN_POINT('',(-5.026200079,4.921444247,1.749209345));
#7185=CARTESIAN_POINT('',(-5.113788962,4.914318218,1.628653589));
#7186=CARTESIAN_POINT('',(-5.113808529,4.914316626,1.628626656));
#7187=CARTESIAN_POINT('',(-5.113828099,4.914315034,1.628599725));
#7188=CARTESIAN_POINT('',(-5.113847671,4.914313442,1.628572795));
#7189=CARTESIAN_POINT('',(-5.201454438,4.907187027,1.508028601));
#7190=CARTESIAN_POINT('',(-5.322017122,4.899694247,1.420448269));
#7191=CARTESIAN_POINT('',(-5.463738912,4.892568218,1.374400069));
#7192=CARTESIAN_POINT('',(-5.463770573,4.892566626,1.374389781));
#7193=CARTESIAN_POINT('',(-5.463802235,4.892565034,1.374379496));
#7194=CARTESIAN_POINT('',(-5.463833898,4.892563442,1.374369213));
#7195=CARTESIAN_POINT('',(-5.605563361,4.885437027,1.328340877));
#7196=CARTESIAN_POINT('',(-5.754579049,4.877944247,1.328351868));
#7197=CARTESIAN_POINT('',(-5.896300838,4.870818218,1.374400069));
#7198=CARTESIAN_POINT('',(-5.8963325,4.870816626,1.374410356));
#7199=CARTESIAN_POINT('',(-5.896364161,4.870815034,1.374420646));
#7200=CARTESIAN_POINT('',(-5.896395821,4.870813442,1.374430938));
#7201=CARTESIAN_POINT('',(-6.038112141,4.863687027,1.42049972));
#7202=CARTESIAN_POINT('',(-6.158661905,4.856194247,1.508097835));
#7203=CARTESIAN_POINT('',(-6.246250788,4.849068218,1.628653589));
#7204=CARTESIAN_POINT('',(-6.246270356,4.849066626,1.628680522));
#7205=CARTESIAN_POINT('',(-6.246289922,4.849065034,1.628707456));
#7206=CARTESIAN_POINT('',(-6.246309486,4.849063442,1.628734392));
#7207=CARTESIAN_POINT('',(-6.333881847,4.841937027,1.749303584));
#7208=CARTESIAN_POINT('',(-6.379919775,4.834444247,1.891029321));
#7209=CARTESIAN_POINT('',(-6.379919775,4.827318218,2.040044429));
#7210=CARTESIAN_POINT('',(-6.379919775,4.827316626,2.04007772));
#7211=CARTESIAN_POINT('',(-6.379919773,4.827315034,2.040111011));
#7212=CARTESIAN_POINT('',(-6.379919768,4.827313442,2.040144302));
#7213=CARTESIAN_POINT('',(-6.379898504,4.820187027,2.189160568));
#7214=CARTESIAN_POINT('',(-6.333839671,4.812694247,2.330879513));
#7215=CARTESIAN_POINT('',(-6.246250788,4.805568218,2.451435269));
#7216=CARTESIAN_POINT('',(-6.246231221,4.805566626,2.451462202));
#7217=CARTESIAN_POINT('',(-6.246211651,4.805565034,2.451489133));
#7218=CARTESIAN_POINT('',(-6.246192079,4.805563442,2.451516063));
#7219=CARTESIAN_POINT('',(-6.158585312,4.798437027,2.572060257));
#7220=CARTESIAN_POINT('',(-6.038022628,4.790944247,2.659640589));
#7221=CARTESIAN_POINT('',(-5.896300838,4.783818218,2.705688789));
#7222=CARTESIAN_POINT('',(-5.896269177,4.783816626,2.705699077));
#7223=CARTESIAN_POINT('',(-5.896237515,4.783815034,2.705709362));
#7224=CARTESIAN_POINT('',(-5.896205852,4.783813442,2.705719645));
#7225=CARTESIAN_POINT('',(-5.754476389,4.776687027,2.751747981));
#7226=CARTESIAN_POINT('',(-5.605460701,4.769194247,2.75173699));
#7227=CARTESIAN_POINT('',(-5.463738912,4.762068218,2.705688789));
#7228=CARTESIAN_POINT('',(-5.46370725,4.762066626,2.705678502));
#7229=CARTESIAN_POINT('',(-5.463675589,4.762065034,2.705668212));
#7230=CARTESIAN_POINT('',(-5.463643929,4.762063442,2.70565792));
#7231=CARTESIAN_POINT('',(-5.321927609,4.754937027,2.659589138));
#7232=CARTESIAN_POINT('',(-5.201377845,4.747444247,2.571991023));
#7233=CARTESIAN_POINT('',(-5.113788962,4.740318218,2.451435269));
#7234=CARTESIAN_POINT('',(-5.113769394,4.740316626,2.451408336));
#7235=CARTESIAN_POINT('',(-5.113749828,4.740315034,2.451381402));
#7236=CARTESIAN_POINT('',(-5.113730264,4.740313442,2.451354466));
#7237=CARTESIAN_POINT('',(-5.026157903,4.733187027,2.330785274));
#7238=CARTESIAN_POINT('',(-4.980119975,4.725694247,2.189059537));
#7239=CARTESIAN_POINT('',(-4.980119975,4.718568218,2.040044429));
#7240=CARTESIAN_POINT('',(-4.980119975,4.718566626,2.040011138));
#7241=CARTESIAN_POINT('',(-4.980119977,4.718565034,2.039977847));
#7242=CARTESIAN_POINT('',(-4.980119982,4.718563442,2.039944556));
#7243=CARTESIAN_POINT('',(-4.980141246,4.711437027,1.89092829));
#7244=CARTESIAN_POINT('',(-5.026200079,4.703944247,1.749209345));
#7245=CARTESIAN_POINT('',(-5.113788962,4.696818218,1.628653589));
#7246=CARTESIAN_POINT('',(-5.113808529,4.696816626,1.628626656));
#7247=CARTESIAN_POINT('',(-5.113828099,4.696815034,1.628599725));
#7248=CARTESIAN_POINT('',(-5.113847671,4.696813442,1.628572795));
#7249=CARTESIAN_POINT('',(-5.201454438,4.689687027,1.508028601));
#7250=CARTESIAN_POINT('',(-5.322017122,4.682194247,1.420448269));
#7251=CARTESIAN_POINT('',(-5.463738912,4.675068218,1.374400069));
#7252=CARTESIAN_POINT('',(-5.463770573,4.675066626,1.374389781));
#7253=CARTESIAN_POINT('',(-5.463802235,4.675065034,1.374379496));
#7254=CARTESIAN_POINT('',(-5.463833898,4.675063442,1.374369213));
#7255=CARTESIAN_POINT('',(-5.605563361,4.667937027,1.328340877));
#7256=CARTESIAN_POINT('',(-5.754579049,4.660444247,1.328351868));
#7257=CARTESIAN_POINT('',(-5.896300838,4.653318218,1.374400069));
#7258=CARTESIAN_POINT('',(-5.8963325,4.653316626,1.374410356));
#7259=CARTESIAN_POINT('',(-5.896364161,4.653315034,1.374420646));
#7260=CARTESIAN_POINT('',(-5.896395821,4.653313442,1.374430938));
#7261=CARTESIAN_POINT('',(-6.038112141,4.646187027,1.42049972));
#7262=CARTESIAN_POINT('',(-6.158661905,4.638694247,1.508097835));
#7263=CARTESIAN_POINT('',(-6.246250788,4.631568218,1.628653589));
#7264=CARTESIAN_POINT('',(-6.246270356,4.631566626,1.628680522));
#7265=CARTESIAN_POINT('',(-6.246289922,4.631565034,1.628707456));
#7266=CARTESIAN_POINT('',(-6.246309486,4.631563442,1.628734392));
#7267=CARTESIAN_POINT('',(-6.333881847,4.624437027,1.749303584));
#7268=CARTESIAN_POINT('',(-6.379919775,4.616944247,1.891029321));
#7269=CARTESIAN_POINT('',(-6.379919775,4.609818218,2.040044429));
#7270=CARTESIAN_POINT('',(-6.379919775,4.609816626,2.04007772));
#7271=CARTESIAN_POINT('',(-6.379919773,4.609815034,2.040111011));
#7272=CARTESIAN_POINT('',(-6.379919768,4.609813442,2.040144302));
#7273=CARTESIAN_POINT('',(-6.379898504,4.602687027,2.189160568));
#7274=CARTESIAN_POINT('',(-6.333839671,4.595194247,2.330879513));
#7275=CARTESIAN_POINT('',(-6.246250788,4.588068218,2.451435269));
#7276=CARTESIAN_POINT('',(-6.246231221,4.588066626,2.451462202));
#7277=CARTESIAN_POINT('',(-6.246211651,4.588065034,2.451489133));
#7278=CARTESIAN_POINT('',(-6.246192079,4.588063442,2.451516063));
#7279=CARTESIAN_POINT('',(-6.158585312,4.580937027,2.572060257));
#7280=CARTESIAN_POINT('',(-6.038022628,4.573444247,2.659640589));
#7281=CARTESIAN_POINT('',(-5.896300838,4.566318218,2.705688789));
#7282=CARTESIAN_POINT('',(-5.896269177,4.566316626,2.705699077));
#7283=CARTESIAN_POINT('',(-5.896237515,4.566315034,2.705709362));
#7284=CARTESIAN_POINT('',(-5.896205852,4.566313442,2.705719645));
#7285=CARTESIAN_POINT('',(-5.754476389,4.559187027,2.751747981));
#7286=CARTESIAN_POINT('',(-5.605460701,4.551694247,2.75173699));
#7287=CARTESIAN_POINT('',(-5.463738912,4.544568218,2.705688789));
#7288=CARTESIAN_POINT('',(-5.46370725,4.544566626,2.705678502));
#7289=CARTESIAN_POINT('',(-5.463675589,4.544565034,2.705668212));
#7290=CARTESIAN_POINT('',(-5.463643929,4.544563442,2.70565792));
#7291=CARTESIAN_POINT('',(-5.321927609,4.537437027,2.659589138));
#7292=CARTESIAN_POINT('',(-5.201377845,4.529944247,2.571991023));
#7293=CARTESIAN_POINT('',(-5.113788962,4.522818218,2.451435269));
#7294=CARTESIAN_POINT('',(-5.113769394,4.522816626,2.451408336));
#7295=CARTESIAN_POINT('',(-5.113749828,4.522815034,2.451381402));
#7296=CARTESIAN_POINT('',(-5.113730264,4.522813442,2.451354466));
#7297=CARTESIAN_POINT('',(-5.026157903,4.515687027,2.330785274));
#7298=CARTESIAN_POINT('',(-4.980119975,4.508194247,2.189059537));
#7299=CARTESIAN_POINT('',(-4.980119975,4.501068218,2.040044429));
#7300=CARTESIAN_POINT('',(-4.980119975,4.501066626,2.040011138));
#7301=CARTESIAN_POINT('',(-4.980119977,4.501065034,2.039977847));
#7302=CARTESIAN_POINT('',(-4.980119982,4.501063442,2.039944556));
#7303=CARTESIAN_POINT('',(-4.980141246,4.493937027,1.89092829));
#7304=CARTESIAN_POINT('',(-5.026200079,4.486444247,1.749209345));
#7305=CARTESIAN_POINT('',(-5.113788962,4.479318218,1.628653589));
#7306=CARTESIAN_POINT('',(-5.113808529,4.479316626,1.628626656));
#7307=CARTESIAN_POINT('',(-5.113828099,4.479315034,1.628599725));
#7308=CARTESIAN_POINT('',(-5.113847671,4.479313442,1.628572795));
#7309=CARTESIAN_POINT('',(-5.201454438,4.472187027,1.508028601));
#7310=CARTESIAN_POINT('',(-5.322017122,4.464694247,1.420448269));
#7311=CARTESIAN_POINT('',(-5.463738912,4.457568218,1.374400069));
#7312=CARTESIAN_POINT('',(-5.463770573,4.457566626,1.374389781));
#7313=CARTESIAN_POINT('',(-5.463802235,4.457565034,1.374379496));
#7314=CARTESIAN_POINT('',(-5.463833898,4.457563442,1.374369213));
#7315=CARTESIAN_POINT('',(-5.605563361,4.450437027,1.328340877));
#7316=CARTESIAN_POINT('',(-5.754579049,4.442944247,1.328351868));
#7317=CARTESIAN_POINT('',(-5.896300838,4.435818218,1.374400069));
#7318=CARTESIAN_POINT('',(-5.8963325,4.435816626,1.374410356));
#7319=CARTESIAN_POINT('',(-5.896364161,4.435815034,1.374420646));
#7320=CARTESIAN_POINT('',(-5.896395821,4.435813442,1.374430938));
#7321=CARTESIAN_POINT('',(-6.038112141,4.428687027,1.42049972));
#7322=CARTESIAN_POINT('',(-6.158661905,4.421194247,1.508097835));
#7323=CARTESIAN_POINT('',(-6.246250788,4.414068218,1.628653589));
#7324=CARTESIAN_POINT('',(-6.246270356,4.414066626,1.628680522));
#7325=CARTESIAN_POINT('',(-6.246289922,4.414065034,1.628707456));
#7326=CARTESIAN_POINT('',(-6.246309486,4.414063442,1.628734392));
#7327=CARTESIAN_POINT('',(-6.333881847,4.406937027,1.749303584));
#7328=CARTESIAN_POINT('',(-6.379919775,4.399444247,1.891029321));
#7329=CARTESIAN_POINT('',(-6.379919775,4.392318218,2.040044429));
#7330=CARTESIAN_POINT('',(-6.379919775,4.392316626,2.04007772));
#7331=CARTESIAN_POINT('',(-6.379919773,4.392315034,2.040111011));
#7332=CARTESIAN_POINT('',(-6.379919768,4.392313442,2.040144302));
#7333=CARTESIAN_POINT('',(-6.379898504,4.385187027,2.189160568));
#7334=CARTESIAN_POINT('',(-6.333839671,4.377694247,2.330879513));
#7335=CARTESIAN_POINT('',(-6.246250788,4.370568218,2.451435269));
#7336=CARTESIAN_POINT('',(-6.246231221,4.370566626,2.451462202));
#7337=CARTESIAN_POINT('',(-6.246211651,4.370565034,2.451489133));
#7338=CARTESIAN_POINT('',(-6.246192079,4.370563442,2.451516063));
#7339=CARTESIAN_POINT('',(-6.158585312,4.363437027,2.572060257));
#7340=CARTESIAN_POINT('',(-6.038022628,4.355944247,2.659640589));
#7341=CARTESIAN_POINT('',(-5.896300838,4.348818218,2.705688789));
#7342=CARTESIAN_POINT('',(-5.896269177,4.348816626,2.705699077));
#7343=CARTESIAN_POINT('',(-5.896237515,4.348815034,2.705709362));
#7344=CARTESIAN_POINT('',(-5.896205852,4.348813442,2.705719645));
#7345=CARTESIAN_POINT('',(-5.754476389,4.341687027,2.751747981));
#7346=CARTESIAN_POINT('',(-5.605460701,4.334194247,2.75173699));
#7347=CARTESIAN_POINT('',(-5.463738912,4.327068218,2.705688789));
#7348=CARTESIAN_POINT('',(-5.46370725,4.327066626,2.705678502));
#7349=CARTESIAN_POINT('',(-5.463675589,4.327065034,2.705668212));
#7350=CARTESIAN_POINT('',(-5.463643929,4.327063442,2.70565792));
#7351=CARTESIAN_POINT('',(-5.321927609,4.319937027,2.659589138));
#7352=CARTESIAN_POINT('',(-5.201377845,4.312444247,2.571991023));
#7353=CARTESIAN_POINT('',(-5.113788962,4.305318218,2.451435269));
#7354=CARTESIAN_POINT('',(-5.113769394,4.305316626,2.451408336));
#7355=CARTESIAN_POINT('',(-5.113749828,4.305315034,2.451381402));
#7356=CARTESIAN_POINT('',(-5.113730264,4.305313442,2.451354466));
#7357=CARTESIAN_POINT('',(-5.026157903,4.298187027,2.330785274));
#7358=CARTESIAN_POINT('',(-4.980119975,4.290694247,2.189059537));
#7359=CARTESIAN_POINT('',(-4.980119975,4.283568218,2.040044429));
#7360=CARTESIAN_POINT('',(-4.980119975,4.283566626,2.040011138));
#7361=CARTESIAN_POINT('',(-4.980119977,4.283565034,2.039977847));
#7362=CARTESIAN_POINT('',(-4.980119982,4.283563442,2.039944556));
#7363=CARTESIAN_POINT('',(-4.980141246,4.276437027,1.89092829));
#7364=CARTESIAN_POINT('',(-5.026200079,4.268944247,1.749209345));
#7365=CARTESIAN_POINT('',(-5.113788962,4.261818218,1.628653589));
#7366=CARTESIAN_POINT('',(-5.113808529,4.261816626,1.628626656));
#7367=CARTESIAN_POINT('',(-5.113828099,4.261815034,1.628599725));
#7368=CARTESIAN_POINT('',(-5.113847671,4.261813442,1.628572795));
#7369=CARTESIAN_POINT('',(-5.201454438,4.254687027,1.508028601));
#7370=CARTESIAN_POINT('',(-5.322017122,4.247194247,1.420448269));
#7371=CARTESIAN_POINT('',(-5.463738912,4.240068218,1.374400069));
#7372=CARTESIAN_POINT('',(-5.463770573,4.240066626,1.374389781));
#7373=CARTESIAN_POINT('',(-5.463802235,4.240065034,1.374379496));
#7374=CARTESIAN_POINT('',(-5.463833898,4.240063442,1.374369213));
#7375=CARTESIAN_POINT('',(-5.605563361,4.232937027,1.328340877));
#7376=CARTESIAN_POINT('',(-5.754579049,4.225444247,1.328351868));
#7377=CARTESIAN_POINT('',(-5.896300838,4.218318218,1.374400069));
#7378=CARTESIAN_POINT('',(-5.8963325,4.218316626,1.374410356));
#7379=CARTESIAN_POINT('',(-5.896364161,4.218315034,1.374420646));
#7380=CARTESIAN_POINT('',(-5.896395821,4.218313442,1.374430938));
#7381=CARTESIAN_POINT('',(-6.038112141,4.211187027,1.42049972));
#7382=CARTESIAN_POINT('',(-6.158661905,4.203694247,1.508097835));
#7383=CARTESIAN_POINT('',(-6.246250788,4.196568218,1.628653589));
#7384=CARTESIAN_POINT('',(-6.246270356,4.196566626,1.628680522));
#7385=CARTESIAN_POINT('',(-6.246289922,4.196565034,1.628707456));
#7386=CARTESIAN_POINT('',(-6.246309486,4.196563442,1.628734392));
#7387=CARTESIAN_POINT('',(-6.333881847,4.189437027,1.749303584));
#7388=CARTESIAN_POINT('',(-6.379919775,4.181944247,1.891029321));
#7389=CARTESIAN_POINT('',(-6.379919775,4.174818218,2.040044429));
#7390=CARTESIAN_POINT('',(-6.379919775,4.174816626,2.04007772));
#7391=CARTESIAN_POINT('',(-6.379919773,4.174815034,2.040111011));
#7392=CARTESIAN_POINT('',(-6.379919768,4.174813442,2.040144302));
#7393=CARTESIAN_POINT('',(-6.379898504,4.167687027,2.189160568));
#7394=CARTESIAN_POINT('',(-6.333839671,4.160194247,2.330879513));
#7395=CARTESIAN_POINT('',(-6.246250788,4.153068218,2.451435269));
#7396=CARTESIAN_POINT('',(-6.246231221,4.153066626,2.451462202));
#7397=CARTESIAN_POINT('',(-6.246211651,4.153065034,2.451489133));
#7398=CARTESIAN_POINT('',(-6.246192079,4.153063442,2.451516063));
#7399=CARTESIAN_POINT('',(-6.158585312,4.145937027,2.572060257));
#7400=CARTESIAN_POINT('',(-6.038022628,4.138444247,2.659640589));
#7401=CARTESIAN_POINT('',(-5.896300838,4.131318218,2.705688789));
#7402=CARTESIAN_POINT('',(-5.896269177,4.131316626,2.705699077));
#7403=CARTESIAN_POINT('',(-5.896237515,4.131315034,2.705709362));
#7404=CARTESIAN_POINT('',(-5.896205852,4.131313442,2.705719645));
#7405=CARTESIAN_POINT('',(-5.754476389,4.124187027,2.751747981));
#7406=CARTESIAN_POINT('',(-5.605460701,4.116694247,2.75173699));
#7407=CARTESIAN_POINT('',(-5.463738912,4.109568218,2.705688789));
#7408=CARTESIAN_POINT('',(-5.46370725,4.109566626,2.705678502));
#7409=CARTESIAN_POINT('',(-5.463675589,4.109565034,2.705668212));
#7410=CARTESIAN_POINT('',(-5.463643929,4.109563442,2.70565792));
#7411=CARTESIAN_POINT('',(-5.321927609,4.102437027,2.659589138));
#7412=CARTESIAN_POINT('',(-5.201377845,4.094944247,2.571991023));
#7413=CARTESIAN_POINT('',(-5.113788962,4.087818218,2.451435269));
#7414=CARTESIAN_POINT('',(-5.113769394,4.087816626,2.451408336));
#7415=CARTESIAN_POINT('',(-5.113749828,4.087815034,2.451381402));
#7416=CARTESIAN_POINT('',(-5.113730264,4.087813442,2.451354466));
#7417=CARTESIAN_POINT('',(-5.026157903,4.080687027,2.330785274));
#7418=CARTESIAN_POINT('',(-4.980119975,4.073194247,2.189059537));
#7419=CARTESIAN_POINT('',(-4.980119975,4.066068218,2.040044429));
#7420=CARTESIAN_POINT('',(-4.980119975,4.066066626,2.040011138));
#7421=CARTESIAN_POINT('',(-4.980119977,4.066065034,2.039977847));
#7422=CARTESIAN_POINT('',(-4.980119982,4.066063442,2.039944556));
#7423=CARTESIAN_POINT('',(-4.980141246,4.058937027,1.89092829));
#7424=CARTESIAN_POINT('',(-5.026200079,4.051444247,1.749209345));
#7425=CARTESIAN_POINT('',(-5.113788962,4.044318218,1.628653589));
#7426=CARTESIAN_POINT('',(-5.113808529,4.044316626,1.628626656));
#7427=CARTESIAN_POINT('',(-5.113828099,4.044315034,1.628599725));
#7428=CARTESIAN_POINT('',(-5.113847671,4.044313442,1.628572795));
#7429=CARTESIAN_POINT('',(-5.201454438,4.037187027,1.508028601));
#7430=CARTESIAN_POINT('',(-5.322017122,4.029694247,1.420448269));
#7431=CARTESIAN_POINT('',(-5.463738912,4.022568218,1.374400069));
#7432=CARTESIAN_POINT('',(-5.463770573,4.022566626,1.374389781));
#7433=CARTESIAN_POINT('',(-5.463802235,4.022565034,1.374379496));
#7434=CARTESIAN_POINT('',(-5.463833898,4.022563442,1.374369213));
#7435=CARTESIAN_POINT('',(-5.605563361,4.015437027,1.328340877));
#7436=CARTESIAN_POINT('',(-5.754579049,4.007944247,1.328351868));
#7437=CARTESIAN_POINT('',(-5.896300838,4.000818218,1.374400069));
#7438=CARTESIAN_POINT('',(-5.8963325,4.000816626,1.374410356));
#7439=CARTESIAN_POINT('',(-5.896364161,4.000815034,1.374420646));
#7440=CARTESIAN_POINT('',(-5.896395821,4.000813442,1.374430938));
#7441=CARTESIAN_POINT('',(-6.038112141,3.993687027,1.42049972));
#7442=CARTESIAN_POINT('',(-6.158661905,3.986194247,1.508097835));
#7443=CARTESIAN_POINT('',(-6.246250788,3.979068218,1.628653589));
#7444=CARTESIAN_POINT('',(-6.246270356,3.979066626,1.628680522));
#7445=CARTESIAN_POINT('',(-6.246289922,3.979065034,1.628707456));
#7446=CARTESIAN_POINT('',(-6.246309486,3.979063442,1.628734392));
#7447=CARTESIAN_POINT('',(-6.333881847,3.971937027,1.749303584));
#7448=CARTESIAN_POINT('',(-6.379919775,3.964444247,1.891029321));
#7449=CARTESIAN_POINT('',(-6.379919775,3.957318218,2.040044429));
#7450=CARTESIAN_POINT('',(-6.379919775,3.957316626,2.04007772));
#7451=CARTESIAN_POINT('',(-6.379919773,3.957315034,2.040111011));
#7452=CARTESIAN_POINT('',(-6.379919768,3.957313442,2.040144302));
#7453=CARTESIAN_POINT('',(-6.379898504,3.950187027,2.189160568));
#7454=CARTESIAN_POINT('',(-6.333839671,3.942694247,2.330879513));
#7455=CARTESIAN_POINT('',(-6.246250788,3.935568218,2.451435269));
#7456=CARTESIAN_POINT('',(-6.246231221,3.935566626,2.451462202));
#7457=CARTESIAN_POINT('',(-6.246211651,3.935565034,2.451489133));
#7458=CARTESIAN_POINT('',(-6.246192079,3.935563442,2.451516063));
#7459=CARTESIAN_POINT('',(-6.158585312,3.928437027,2.572060257));
#7460=CARTESIAN_POINT('',(-6.038022628,3.920944247,2.659640589));
#7461=CARTESIAN_POINT('',(-5.896300838,3.913818218,2.705688789));
#7462=CARTESIAN_POINT('',(-5.896269177,3.913816626,2.705699077));
#7463=CARTESIAN_POINT('',(-5.896237515,3.913815034,2.705709362));
#7464=CARTESIAN_POINT('',(-5.896205852,3.913813442,2.705719645));
#7465=CARTESIAN_POINT('',(-5.754476389,3.906687027,2.751747981));
#7466=CARTESIAN_POINT('',(-5.605460701,3.899194247,2.75173699));
#7467=CARTESIAN_POINT('',(-5.463738912,3.892068218,2.705688789));
#7468=CARTESIAN_POINT('',(-5.46370725,3.892066626,2.705678502));
#7469=CARTESIAN_POINT('',(-5.463675589,3.892065034,2.705668212));
#7470=CARTESIAN_POINT('',(-5.463643929,3.892063442,2.70565792));
#7471=CARTESIAN_POINT('',(-5.321927609,3.884937027,2.659589138));
#7472=CARTESIAN_POINT('',(-5.201377845,3.877444247,2.571991023));
#7473=CARTESIAN_POINT('',(-5.113788962,3.870318218,2.451435269));
#7474=CARTESIAN_POINT('',(-5.113769394,3.870316626,2.451408336));
#7475=CARTESIAN_POINT('',(-5.113749828,3.870315034,2.451381402));
#7476=CARTESIAN_POINT('',(-5.113730264,3.870313442,2.451354466));
#7477=CARTESIAN_POINT('',(-5.026157903,3.863187027,2.330785274));
#7478=CARTESIAN_POINT('',(-4.980119975,3.855694247,2.189059537));
#7479=CARTESIAN_POINT('',(-4.980119975,3.848568218,2.040044429));
#7480=CARTESIAN_POINT('',(-4.980119975,3.848566626,2.040011138));
#7481=CARTESIAN_POINT('',(-4.980119977,3.848565034,2.039977847));
#7482=CARTESIAN_POINT('',(-4.980119982,3.848563442,2.039944556));
#7483=CARTESIAN_POINT('',(-4.980141246,3.841437027,1.89092829));
#7484=CARTESIAN_POINT('',(-5.026200079,3.833944247,1.749209345));
#7485=CARTESIAN_POINT('',(-5.113788962,3.826818218,1.628653589));
#7486=CARTESIAN_POINT('',(-5.113808529,3.826816626,1.628626656));
#7487=CARTESIAN_POINT('',(-5.113828099,3.826815034,1.628599725));
#7488=CARTESIAN_POINT('',(-5.113847671,3.826813442,1.628572795));
#7489=CARTESIAN_POINT('',(-5.201454438,3.819687027,1.508028601));
#7490=CARTESIAN_POINT('',(-5.322017122,3.812194247,1.420448269));
#7491=CARTESIAN_POINT('',(-5.463738912,3.805068218,1.374400069));
#7492=CARTESIAN_POINT('',(-5.463770573,3.805066626,1.374389781));
#7493=CARTESIAN_POINT('',(-5.463802235,3.805065034,1.374379496));
#7494=CARTESIAN_POINT('',(-5.463833898,3.805063442,1.374369213));
#7495=CARTESIAN_POINT('',(-5.605563361,3.797937027,1.328340877));
#7496=CARTESIAN_POINT('',(-5.754579049,3.790444247,1.328351868));
#7497=CARTESIAN_POINT('',(-5.896300838,3.783318218,1.374400069));
#7498=CARTESIAN_POINT('',(-5.8963325,3.783316626,1.374410356));
#7499=CARTESIAN_POINT('',(-5.896364161,3.783315034,1.374420646));
#7500=CARTESIAN_POINT('',(-5.896395821,3.783313442,1.374430938));
#7501=CARTESIAN_POINT('',(-6.038112141,3.776187027,1.42049972));
#7502=CARTESIAN_POINT('',(-6.158661905,3.768694247,1.508097835));
#7503=CARTESIAN_POINT('',(-6.246250788,3.761568218,1.628653589));
#7504=CARTESIAN_POINT('',(-6.246270356,3.761566626,1.628680522));
#7505=CARTESIAN_POINT('',(-6.246289922,3.761565034,1.628707456));
#7506=CARTESIAN_POINT('',(-6.246309486,3.761563442,1.628734392));
#7507=CARTESIAN_POINT('',(-6.333881847,3.754437027,1.749303584));
#7508=CARTESIAN_POINT('',(-6.379919775,3.746944247,1.891029321));
#7509=CARTESIAN_POINT('',(-6.379919775,3.739818218,2.040044429));
#7510=CARTESIAN_POINT('',(-6.379919775,3.739816626,2.04007772));
#7511=CARTESIAN_POINT('',(-6.379919773,3.739815034,2.040111011));
#7512=CARTESIAN_POINT('',(-6.379919768,3.739813442,2.040144302));
#7513=CARTESIAN_POINT('',(-6.379898504,3.732687027,2.189160568));
#7514=CARTESIAN_POINT('',(-6.333839671,3.725194247,2.330879513));
#7515=CARTESIAN_POINT('',(-6.246250788,3.718068218,2.451435269));
#7516=CARTESIAN_POINT('',(-6.246231221,3.718066626,2.451462202));
#7517=CARTESIAN_POINT('',(-6.246211651,3.718065034,2.451489133));
#7518=CARTESIAN_POINT('',(-6.246192079,3.718063442,2.451516063));
#7519=CARTESIAN_POINT('',(-6.158585312,3.710937027,2.572060257));
#7520=CARTESIAN_POINT('',(-6.038022628,3.703444247,2.659640589));
#7521=CARTESIAN_POINT('',(-5.896300838,3.696318218,2.705688789));
#7522=CARTESIAN_POINT('',(-5.896269177,3.696316626,2.705699077));
#7523=CARTESIAN_POINT('',(-5.896237515,3.696315034,2.705709362));
#7524=CARTESIAN_POINT('',(-5.896205852,3.696313442,2.705719645));
#7525=CARTESIAN_POINT('',(-5.754476389,3.689187027,2.751747981));
#7526=CARTESIAN_POINT('',(-5.605460701,3.681694247,2.75173699));
#7527=CARTESIAN_POINT('',(-5.463738912,3.674568218,2.705688789));
#7528=CARTESIAN_POINT('',(-5.46370725,3.674566626,2.705678502));
#7529=CARTESIAN_POINT('',(-5.463675589,3.674565034,2.705668212));
#7530=CARTESIAN_POINT('',(-5.463643929,3.674563442,2.70565792));
#7531=CARTESIAN_POINT('',(-5.370310527,3.669870033,2.675317335));
#7532=CARTESIAN_POINT('',(-5.284936108,3.664944594,2.626171311));
#7533=CARTESIAN_POINT('',(-5.211485276,3.660000483,2.559982117));
#7534=CARTESIAN_POINT('',(-5.211378476,3.659993294,2.559885876));
#7535=CARTESIAN_POINT('',(-5.211271676,3.659986105,2.559789634));
#7536=CARTESIAN_POINT('',(-5.211164875,3.659978916,2.559693393));
#7537=CARTESIAN_POINT('',(-6.254294333,6.359780025,1.866236471));
#7538=CARTESIAN_POINT('',(-6.271453474,6.356306395,1.922931551));
#7539=CARTESIAN_POINT('',(-6.280020175,6.352895255,1.981298251));
#7540=CARTESIAN_POINT('',(-6.280020175,6.349618218,2.040044429));
#7541=CARTESIAN_POINT('',(-6.280020175,6.349616626,2.040072968));
#7542=CARTESIAN_POINT('',(-6.280020173,6.349615034,2.040101507));
#7543=CARTESIAN_POINT('',(-6.280020169,6.349613442,2.040130046));
#7544=CARTESIAN_POINT('',(-6.28000194,6.342487027,2.167876607));
#7545=CARTESIAN_POINT('',(-6.240517275,6.334994248,2.289367422));
#7546=CARTESIAN_POINT('',(-6.165430314,6.327868218,2.392715756));
#7547=CARTESIAN_POINT('',(-6.165413539,6.327866626,2.392738845));
#7548=CARTESIAN_POINT('',(-6.165396762,6.327865034,2.392761932));
#7549=CARTESIAN_POINT('',(-6.165379984,6.327863442,2.392785019));
#7550=CARTESIAN_POINT('',(-6.090277693,6.320737027,2.496123443));
#7551=CARTESIAN_POINT('',(-5.986923418,6.313244248,2.571203073));
#7552=CARTESIAN_POINT('',(-5.865430164,6.306118218,2.610678624));
#7553=CARTESIAN_POINT('',(-5.865403021,6.306116626,2.610687443));
#7554=CARTESIAN_POINT('',(-5.865375878,6.306115034,2.610696261));
#7555=CARTESIAN_POINT('',(-5.865348735,6.306113442,2.610705076));
#7556=CARTESIAN_POINT('',(-5.743848903,6.298987027,2.650163597));
#7557=CARTESIAN_POINT('',(-5.61610284,6.291494248,2.650154176));
#7558=CARTESIAN_POINT('',(-5.494609585,6.284368218,2.610678624));
#7559=CARTESIAN_POINT('',(-5.494582443,6.284366626,2.610669805));
#7560=CARTESIAN_POINT('',(-5.494555301,6.284365034,2.610660984));
#7561=CARTESIAN_POINT('',(-5.49452816,6.284363442,2.610652161));
#7562=CARTESIAN_POINT('',(-5.373039595,6.277237027,2.571158966));
#7563=CARTESIAN_POINT('',(-5.269696396,6.269744248,2.496064091));
#7564=CARTESIAN_POINT('',(-5.194609435,6.262618218,2.392715756));
#7565=CARTESIAN_POINT('',(-5.19459266,6.262616626,2.392692668));
#7566=CARTESIAN_POINT('',(-5.194575887,6.262615034,2.392669578));
#7567=CARTESIAN_POINT('',(-5.194559116,6.262613442,2.392646487));
#7568=CARTESIAN_POINT('',(-5.119486319,6.255487027,2.289286634));
#7569=CARTESIAN_POINT('',(-5.080019575,6.247994248,2.167789996));
#7570=CARTESIAN_POINT('',(-5.080019575,6.240868218,2.040044429));
#7571=CARTESIAN_POINT('',(-5.080019575,6.240866626,2.04001589));
#7572=CARTESIAN_POINT('',(-5.080019577,6.240865034,2.039987351));
#7573=CARTESIAN_POINT('',(-5.080019581,6.240863442,2.039958812));
#7574=CARTESIAN_POINT('',(-5.08003781,6.233737027,1.912212251));
#7575=CARTESIAN_POINT('',(-5.119522475,6.226244248,1.790721436));
#7576=CARTESIAN_POINT('',(-5.194609435,6.219118218,1.687373102));
#7577=CARTESIAN_POINT('',(-5.19462621,6.219116626,1.687350013));
#7578=CARTESIAN_POINT('',(-5.194642987,6.219115034,1.687326926));
#7579=CARTESIAN_POINT('',(-5.194659765,6.219113442,1.687303839));
#7580=CARTESIAN_POINT('',(-5.269762057,6.211987027,1.583965415));
#7581=CARTESIAN_POINT('',(-5.373116332,6.204494248,1.508885785));
#7582=CARTESIAN_POINT('',(-5.494609585,6.197368218,1.469410234));
#7583=CARTESIAN_POINT('',(-5.494636728,6.197366626,1.469401415));
#7584=CARTESIAN_POINT('',(-5.494663871,6.197365034,1.469392597));
#7585=CARTESIAN_POINT('',(-5.494691014,6.197363442,1.469383782));
#7586=CARTESIAN_POINT('',(-5.616190846,6.190237027,1.429925261));
#7587=CARTESIAN_POINT('',(-5.74393691,6.182744248,1.429934682));
#7588=CARTESIAN_POINT('',(-5.865430164,6.175618218,1.469410234));
#7589=CARTESIAN_POINT('',(-5.865457306,6.175616626,1.469419053));
#7590=CARTESIAN_POINT('',(-5.865484448,6.175615034,1.469427874));
#7591=CARTESIAN_POINT('',(-5.865511589,6.175613442,1.469436697));
#7592=CARTESIAN_POINT('',(-5.987000155,6.168487027,1.508929892));
#7593=CARTESIAN_POINT('',(-6.090343354,6.160994248,1.584024767));
#7594=CARTESIAN_POINT('',(-6.165430314,6.153868218,1.687373102));
#7595=CARTESIAN_POINT('',(-6.165447089,6.153866626,1.68739619));
#7596=CARTESIAN_POINT('',(-6.165463862,6.153865034,1.68741928));
#7597=CARTESIAN_POINT('',(-6.165480633,6.153863442,1.687442371));
#7598=CARTESIAN_POINT('',(-6.240553431,6.146737027,1.790802224));
#7599=CARTESIAN_POINT('',(-6.280020175,6.139244248,1.912298862));
#7600=CARTESIAN_POINT('',(-6.280020175,6.132118218,2.040044429));
#7601=CARTESIAN_POINT('',(-6.280020175,6.132116626,2.040072968));
#7602=CARTESIAN_POINT('',(-6.280020173,6.132115034,2.040101507));
#7603=CARTESIAN_POINT('',(-6.280020169,6.132113442,2.040130046));
#7604=CARTESIAN_POINT('',(-6.28000194,6.124987027,2.167876607));
#7605=CARTESIAN_POINT('',(-6.240517275,6.117494248,2.289367422));
#7606=CARTESIAN_POINT('',(-6.165430314,6.110368218,2.392715756));
#7607=CARTESIAN_POINT('',(-6.165413539,6.110366626,2.392738845));
#7608=CARTESIAN_POINT('',(-6.165396762,6.110365034,2.392761932));
#7609=CARTESIAN_POINT('',(-6.165379984,6.110363442,2.392785019));
#7610=CARTESIAN_POINT('',(-6.090277693,6.103237027,2.496123443));
#7611=CARTESIAN_POINT('',(-5.986923418,6.095744248,2.571203073));
#7612=CARTESIAN_POINT('',(-5.865430164,6.088618218,2.610678624));
#7613=CARTESIAN_POINT('',(-5.865403021,6.088616626,2.610687443));
#7614=CARTESIAN_POINT('',(-5.865375878,6.088615034,2.610696261));
#7615=CARTESIAN_POINT('',(-5.865348735,6.088613442,2.610705076));
#7616=CARTESIAN_POINT('',(-5.743848903,6.081487027,2.650163597));
#7617=CARTESIAN_POINT('',(-5.61610284,6.073994248,2.650154176));
#7618=CARTESIAN_POINT('',(-5.494609585,6.066868218,2.610678624));
#7619=CARTESIAN_POINT('',(-5.494582443,6.066866626,2.610669805));
#7620=CARTESIAN_POINT('',(-5.494555301,6.066865034,2.610660984));
#7621=CARTESIAN_POINT('',(-5.49452816,6.066863442,2.610652161));
#7622=CARTESIAN_POINT('',(-5.373039595,6.059737027,2.571158966));
#7623=CARTESIAN_POINT('',(-5.269696396,6.052244248,2.496064091));
#7624=CARTESIAN_POINT('',(-5.194609435,6.045118218,2.392715756));
#7625=CARTESIAN_POINT('',(-5.19459266,6.045116626,2.392692668));
#7626=CARTESIAN_POINT('',(-5.194575887,6.045115034,2.392669578));
#7627=CARTESIAN_POINT('',(-5.194559116,6.045113442,2.392646487));
#7628=CARTESIAN_POINT('',(-5.119486319,6.037987027,2.289286634));
#7629=CARTESIAN_POINT('',(-5.080019575,6.030494248,2.167789996));
#7630=CARTESIAN_POINT('',(-5.080019575,6.023368218,2.040044429));
#7631=CARTESIAN_POINT('',(-5.080019575,6.023366626,2.04001589));
#7632=CARTESIAN_POINT('',(-5.080019577,6.023365034,2.039987351));
#7633=CARTESIAN_POINT('',(-5.080019581,6.023363442,2.039958812));
#7634=CARTESIAN_POINT('',(-5.08003781,6.016237027,1.912212251));
#7635=CARTESIAN_POINT('',(-5.119522475,6.008744248,1.790721436));
#7636=CARTESIAN_POINT('',(-5.194609435,6.001618218,1.687373102));
#7637=CARTESIAN_POINT('',(-5.19462621,6.001616626,1.687350013));
#7638=CARTESIAN_POINT('',(-5.194642987,6.001615034,1.687326926));
#7639=CARTESIAN_POINT('',(-5.194659765,6.001613442,1.687303839));
#7640=CARTESIAN_POINT('',(-5.269762057,5.994487027,1.583965415));
#7641=CARTESIAN_POINT('',(-5.373116332,5.986994248,1.508885785));
#7642=CARTESIAN_POINT('',(-5.494609585,5.979868218,1.469410234));
#7643=CARTESIAN_POINT('',(-5.494636728,5.979866626,1.469401415));
#7644=CARTESIAN_POINT('',(-5.494663871,5.979865034,1.469392597));
#7645=CARTESIAN_POINT('',(-5.494691014,5.979863442,1.469383782));
#7646=CARTESIAN_POINT('',(-5.616190846,5.972737027,1.429925261));
#7647=CARTESIAN_POINT('',(-5.74393691,5.965244248,1.429934682));
#7648=CARTESIAN_POINT('',(-5.865430164,5.958118218,1.469410234));
#7649=CARTESIAN_POINT('',(-5.865457306,5.958116626,1.469419053));
#7650=CARTESIAN_POINT('',(-5.865484448,5.958115034,1.469427874));
#7651=CARTESIAN_POINT('',(-5.865511589,5.958113442,1.469436697));
#7652=CARTESIAN_POINT('',(-5.987000155,5.950987027,1.508929892));
#7653=CARTESIAN_POINT('',(-6.090343354,5.943494248,1.584024767));
#7654=CARTESIAN_POINT('',(-6.165430314,5.936368218,1.687373102));
#7655=CARTESIAN_POINT('',(-6.165447089,5.936366626,1.68739619));
#7656=CARTESIAN_POINT('',(-6.165463862,5.936365034,1.68741928));
#7657=CARTESIAN_POINT('',(-6.165480633,5.936363442,1.687442371));
#7658=CARTESIAN_POINT('',(-6.240553431,5.929237027,1.790802224));
#7659=CARTESIAN_POINT('',(-6.280020175,5.921744248,1.912298862));
#7660=CARTESIAN_POINT('',(-6.280020175,5.914618218,2.040044429));
#7661=CARTESIAN_POINT('',(-6.280020175,5.914616626,2.040072968));
#7662=CARTESIAN_POINT('',(-6.280020173,5.914615034,2.040101507));
#7663=CARTESIAN_POINT('',(-6.280020169,5.914613442,2.040130046));
#7664=CARTESIAN_POINT('',(-6.28000194,5.907487027,2.167876607));
#7665=CARTESIAN_POINT('',(-6.240517275,5.899994248,2.289367422));
#7666=CARTESIAN_POINT('',(-6.165430314,5.892868218,2.392715756));
#7667=CARTESIAN_POINT('',(-6.165413539,5.892866626,2.392738845));
#7668=CARTESIAN_POINT('',(-6.165396762,5.892865034,2.392761932));
#7669=CARTESIAN_POINT('',(-6.165379984,5.892863442,2.392785019));
#7670=CARTESIAN_POINT('',(-6.090277693,5.885737027,2.496123443));
#7671=CARTESIAN_POINT('',(-5.986923418,5.878244248,2.571203073));
#7672=CARTESIAN_POINT('',(-5.865430164,5.871118218,2.610678624));
#7673=CARTESIAN_POINT('',(-5.865403021,5.871116626,2.610687443));
#7674=CARTESIAN_POINT('',(-5.865375878,5.871115034,2.610696261));
#7675=CARTESIAN_POINT('',(-5.865348735,5.871113442,2.610705076));
#7676=CARTESIAN_POINT('',(-5.743848903,5.863987027,2.650163597));
#7677=CARTESIAN_POINT('',(-5.61610284,5.856494248,2.650154176));
#7678=CARTESIAN_POINT('',(-5.494609585,5.849368218,2.610678624));
#7679=CARTESIAN_POINT('',(-5.494582443,5.849366626,2.610669805));
#7680=CARTESIAN_POINT('',(-5.494555301,5.849365034,2.610660984));
#7681=CARTESIAN_POINT('',(-5.49452816,5.849363442,2.610652161));
#7682=CARTESIAN_POINT('',(-5.373039595,5.842237027,2.571158966));
#7683=CARTESIAN_POINT('',(-5.269696396,5.834744248,2.496064091));
#7684=CARTESIAN_POINT('',(-5.194609435,5.827618218,2.392715756));
#7685=CARTESIAN_POINT('',(-5.19459266,5.827616626,2.392692668));
#7686=CARTESIAN_POINT('',(-5.194575887,5.827615034,2.392669578));
#7687=CARTESIAN_POINT('',(-5.194559116,5.827613442,2.392646487));
#7688=CARTESIAN_POINT('',(-5.119486319,5.820487027,2.289286634));
#7689=CARTESIAN_POINT('',(-5.080019575,5.812994248,2.167789996));
#7690=CARTESIAN_POINT('',(-5.080019575,5.805868218,2.040044429));
#7691=CARTESIAN_POINT('',(-5.080019575,5.805866626,2.04001589));
#7692=CARTESIAN_POINT('',(-5.080019577,5.805865034,2.039987351));
#7693=CARTESIAN_POINT('',(-5.080019581,5.805863442,2.039958812));
#7694=CARTESIAN_POINT('',(-5.08003781,5.798737027,1.912212251));
#7695=CARTESIAN_POINT('',(-5.119522475,5.791244248,1.790721436));
#7696=CARTESIAN_POINT('',(-5.194609435,5.784118218,1.687373102));
#7697=CARTESIAN_POINT('',(-5.19462621,5.784116626,1.687350013));
#7698=CARTESIAN_POINT('',(-5.194642987,5.784115034,1.687326926));
#7699=CARTESIAN_POINT('',(-5.194659765,5.784113442,1.687303839));
#7700=CARTESIAN_POINT('',(-5.269762057,5.776987027,1.583965415));
#7701=CARTESIAN_POINT('',(-5.373116332,5.769494248,1.508885785));
#7702=CARTESIAN_POINT('',(-5.494609585,5.762368218,1.469410234));
#7703=CARTESIAN_POINT('',(-5.494636728,5.762366626,1.469401415));
#7704=CARTESIAN_POINT('',(-5.494663871,5.762365034,1.469392597));
#7705=CARTESIAN_POINT('',(-5.494691014,5.762363442,1.469383782));
#7706=CARTESIAN_POINT('',(-5.616190846,5.755237027,1.429925261));
#7707=CARTESIAN_POINT('',(-5.74393691,5.747744248,1.429934682));
#7708=CARTESIAN_POINT('',(-5.865430164,5.740618218,1.469410234));
#7709=CARTESIAN_POINT('',(-5.865457306,5.740616626,1.469419053));
#7710=CARTESIAN_POINT('',(-5.865484448,5.740615034,1.469427874));
#7711=CARTESIAN_POINT('',(-5.865511589,5.740613442,1.469436697));
#7712=CARTESIAN_POINT('',(-5.987000155,5.733487027,1.508929892));
#7713=CARTESIAN_POINT('',(-6.090343354,5.725994248,1.584024767));
#7714=CARTESIAN_POINT('',(-6.165430314,5.718868218,1.687373102));
#7715=CARTESIAN_POINT('',(-6.165447089,5.718866626,1.68739619));
#7716=CARTESIAN_POINT('',(-6.165463862,5.718865034,1.68741928));
#7717=CARTESIAN_POINT('',(-6.165480633,5.718863442,1.687442371));
#7718=CARTESIAN_POINT('',(-6.240553431,5.711737027,1.790802224));
#7719=CARTESIAN_POINT('',(-6.280020175,5.704244248,1.912298862));
#7720=CARTESIAN_POINT('',(-6.280020175,5.697118218,2.040044429));
#7721=CARTESIAN_POINT('',(-6.280020175,5.697116626,2.040072968));
#7722=CARTESIAN_POINT('',(-6.280020173,5.697115034,2.040101507));
#7723=CARTESIAN_POINT('',(-6.280020169,5.697113442,2.040130046));
#7724=CARTESIAN_POINT('',(-6.28000194,5.689987027,2.167876607));
#7725=CARTESIAN_POINT('',(-6.240517275,5.682494248,2.289367422));
#7726=CARTESIAN_POINT('',(-6.165430314,5.675368218,2.392715756));
#7727=CARTESIAN_POINT('',(-6.165413539,5.675366626,2.392738845));
#7728=CARTESIAN_POINT('',(-6.165396762,5.675365034,2.392761932));
#7729=CARTESIAN_POINT('',(-6.165379984,5.675363442,2.392785019));
#7730=CARTESIAN_POINT('',(-6.090277693,5.668237027,2.496123443));
#7731=CARTESIAN_POINT('',(-5.986923418,5.660744248,2.571203073));
#7732=CARTESIAN_POINT('',(-5.865430164,5.653618218,2.610678624));
#7733=CARTESIAN_POINT('',(-5.865403021,5.653616626,2.610687443));
#7734=CARTESIAN_POINT('',(-5.865375878,5.653615034,2.610696261));
#7735=CARTESIAN_POINT('',(-5.865348735,5.653613442,2.610705076));
#7736=CARTESIAN_POINT('',(-5.743848903,5.646487027,2.650163597));
#7737=CARTESIAN_POINT('',(-5.61610284,5.638994248,2.650154176));
#7738=CARTESIAN_POINT('',(-5.494609585,5.631868218,2.610678624));
#7739=CARTESIAN_POINT('',(-5.494582443,5.631866626,2.610669805));
#7740=CARTESIAN_POINT('',(-5.494555301,5.631865034,2.610660984));
#7741=CARTESIAN_POINT('',(-5.49452816,5.631863442,2.610652161));
#7742=CARTESIAN_POINT('',(-5.373039595,5.624737027,2.571158966));
#7743=CARTESIAN_POINT('',(-5.269696396,5.617244248,2.496064091));
#7744=CARTESIAN_POINT('',(-5.194609435,5.610118218,2.392715756));
#7745=CARTESIAN_POINT('',(-5.19459266,5.610116626,2.392692668));
#7746=CARTESIAN_POINT('',(-5.194575887,5.610115034,2.392669578));
#7747=CARTESIAN_POINT('',(-5.194559116,5.610113442,2.392646487));
#7748=CARTESIAN_POINT('',(-5.119486319,5.602987027,2.289286634));
#7749=CARTESIAN_POINT('',(-5.080019575,5.595494248,2.167789996));
#7750=CARTESIAN_POINT('',(-5.080019575,5.588368218,2.040044429));
#7751=CARTESIAN_POINT('',(-5.080019575,5.588366626,2.04001589));
#7752=CARTESIAN_POINT('',(-5.080019577,5.588365034,2.039987351));
#7753=CARTESIAN_POINT('',(-5.080019581,5.588363442,2.039958812));
#7754=CARTESIAN_POINT('',(-5.08003781,5.581237027,1.912212251));
#7755=CARTESIAN_POINT('',(-5.119522475,5.573744248,1.790721436));
#7756=CARTESIAN_POINT('',(-5.194609435,5.566618218,1.687373102));
#7757=CARTESIAN_POINT('',(-5.19462621,5.566616626,1.687350013));
#7758=CARTESIAN_POINT('',(-5.194642987,5.566615034,1.687326926));
#7759=CARTESIAN_POINT('',(-5.194659765,5.566613442,1.687303839));
#7760=CARTESIAN_POINT('',(-5.269762057,5.559487027,1.583965415));
#7761=CARTESIAN_POINT('',(-5.373116332,5.551994248,1.508885785));
#7762=CARTESIAN_POINT('',(-5.494609585,5.544868218,1.469410234));
#7763=CARTESIAN_POINT('',(-5.494636728,5.544866626,1.469401415));
#7764=CARTESIAN_POINT('',(-5.494663871,5.544865034,1.469392597));
#7765=CARTESIAN_POINT('',(-5.494691014,5.544863442,1.469383782));
#7766=CARTESIAN_POINT('',(-5.616190846,5.537737027,1.429925261));
#7767=CARTESIAN_POINT('',(-5.74393691,5.530244248,1.429934682));
#7768=CARTESIAN_POINT('',(-5.865430164,5.523118218,1.469410234));
#7769=CARTESIAN_POINT('',(-5.865457306,5.523116626,1.469419053));
#7770=CARTESIAN_POINT('',(-5.865484448,5.523115034,1.469427874));
#7771=CARTESIAN_POINT('',(-5.865511589,5.523113442,1.469436697));
#7772=CARTESIAN_POINT('',(-5.987000155,5.515987027,1.508929892));
#7773=CARTESIAN_POINT('',(-6.090343354,5.508494248,1.584024767));
#7774=CARTESIAN_POINT('',(-6.165430314,5.501368218,1.687373102));
#7775=CARTESIAN_POINT('',(-6.165447089,5.501366626,1.68739619));
#7776=CARTESIAN_POINT('',(-6.165463862,5.501365034,1.68741928));
#7777=CARTESIAN_POINT('',(-6.165480633,5.501363442,1.687442371));
#7778=CARTESIAN_POINT('',(-6.240553431,5.494237027,1.790802224));
#7779=CARTESIAN_POINT('',(-6.280020175,5.486744248,1.912298862));
#7780=CARTESIAN_POINT('',(-6.280020175,5.479618218,2.040044429));
#7781=CARTESIAN_POINT('',(-6.280020175,5.479616626,2.040072968));
#7782=CARTESIAN_POINT('',(-6.280020173,5.479615034,2.040101507));
#7783=CARTESIAN_POINT('',(-6.280020169,5.479613442,2.040130046));
#7784=CARTESIAN_POINT('',(-6.28000194,5.472487027,2.167876607));
#7785=CARTESIAN_POINT('',(-6.240517275,5.464994248,2.289367422));
#7786=CARTESIAN_POINT('',(-6.165430314,5.457868218,2.392715756));
#7787=CARTESIAN_POINT('',(-6.165413539,5.457866626,2.392738845));
#7788=CARTESIAN_POINT('',(-6.165396762,5.457865034,2.392761932));
#7789=CARTESIAN_POINT('',(-6.165379984,5.457863442,2.392785019));
#7790=CARTESIAN_POINT('',(-6.090277693,5.450737027,2.496123443));
#7791=CARTESIAN_POINT('',(-5.986923418,5.443244248,2.571203073));
#7792=CARTESIAN_POINT('',(-5.865430164,5.436118218,2.610678624));
#7793=CARTESIAN_POINT('',(-5.865403021,5.436116626,2.610687443));
#7794=CARTESIAN_POINT('',(-5.865375878,5.436115034,2.610696261));
#7795=CARTESIAN_POINT('',(-5.865348735,5.436113442,2.610705076));
#7796=CARTESIAN_POINT('',(-5.743848903,5.428987027,2.650163597));
#7797=CARTESIAN_POINT('',(-5.61610284,5.421494248,2.650154176));
#7798=CARTESIAN_POINT('',(-5.494609585,5.414368218,2.610678624));
#7799=CARTESIAN_POINT('',(-5.494582443,5.414366626,2.610669805));
#7800=CARTESIAN_POINT('',(-5.494555301,5.414365034,2.610660984));
#7801=CARTESIAN_POINT('',(-5.49452816,5.414363442,2.610652161));
#7802=CARTESIAN_POINT('',(-5.373039595,5.407237027,2.571158966));
#7803=CARTESIAN_POINT('',(-5.269696396,5.399744248,2.496064091));
#7804=CARTESIAN_POINT('',(-5.194609435,5.392618218,2.392715756));
#7805=CARTESIAN_POINT('',(-5.19459266,5.392616626,2.392692668));
#7806=CARTESIAN_POINT('',(-5.194575887,5.392615034,2.392669578));
#7807=CARTESIAN_POINT('',(-5.194559116,5.392613442,2.392646487));
#7808=CARTESIAN_POINT('',(-5.119486319,5.385487027,2.289286634));
#7809=CARTESIAN_POINT('',(-5.080019575,5.377994248,2.167789996));
#7810=CARTESIAN_POINT('',(-5.080019575,5.370868218,2.040044429));
#7811=CARTESIAN_POINT('',(-5.080019575,5.370866626,2.04001589));
#7812=CARTESIAN_POINT('',(-5.080019577,5.370865034,2.039987351));
#7813=CARTESIAN_POINT('',(-5.080019581,5.370863442,2.039958812));
#7814=CARTESIAN_POINT('',(-5.08003781,5.363737027,1.912212251));
#7815=CARTESIAN_POINT('',(-5.119522475,5.356244248,1.790721436));
#7816=CARTESIAN_POINT('',(-5.194609435,5.349118218,1.687373102));
#7817=CARTESIAN_POINT('',(-5.19462621,5.349116626,1.687350013));
#7818=CARTESIAN_POINT('',(-5.194642987,5.349115034,1.687326926));
#7819=CARTESIAN_POINT('',(-5.194659765,5.349113442,1.687303839));
#7820=CARTESIAN_POINT('',(-5.269762057,5.341987027,1.583965415));
#7821=CARTESIAN_POINT('',(-5.373116332,5.334494248,1.508885785));
#7822=CARTESIAN_POINT('',(-5.494609585,5.327368218,1.469410234));
#7823=CARTESIAN_POINT('',(-5.494636728,5.327366626,1.469401415));
#7824=CARTESIAN_POINT('',(-5.494663871,5.327365034,1.469392597));
#7825=CARTESIAN_POINT('',(-5.494691014,5.327363442,1.469383782));
#7826=CARTESIAN_POINT('',(-5.616190846,5.320237027,1.429925261));
#7827=CARTESIAN_POINT('',(-5.74393691,5.312744248,1.429934682));
#7828=CARTESIAN_POINT('',(-5.865430164,5.305618218,1.469410234));
#7829=CARTESIAN_POINT('',(-5.865457306,5.305616626,1.469419053));
#7830=CARTESIAN_POINT('',(-5.865484448,5.305615034,1.469427874));
#7831=CARTESIAN_POINT('',(-5.865511589,5.305613442,1.469436697));
#7832=CARTESIAN_POINT('',(-5.987000155,5.298487027,1.508929892));
#7833=CARTESIAN_POINT('',(-6.090343354,5.290994248,1.584024767));
#7834=CARTESIAN_POINT('',(-6.165430314,5.283868218,1.687373102));
#7835=CARTESIAN_POINT('',(-6.165447089,5.283866626,1.68739619));
#7836=CARTESIAN_POINT('',(-6.165463862,5.283865034,1.68741928));
#7837=CARTESIAN_POINT('',(-6.165480633,5.283863442,1.687442371));
#7838=CARTESIAN_POINT('',(-6.240553431,5.276737027,1.790802224));
#7839=CARTESIAN_POINT('',(-6.280020175,5.269244248,1.912298862));
#7840=CARTESIAN_POINT('',(-6.280020175,5.262118218,2.040044429));
#7841=CARTESIAN_POINT('',(-6.280020175,5.262116626,2.040072968));
#7842=CARTESIAN_POINT('',(-6.280020173,5.262115034,2.040101507));
#7843=CARTESIAN_POINT('',(-6.280020169,5.262113442,2.040130046));
#7844=CARTESIAN_POINT('',(-6.28000194,5.254987027,2.167876607));
#7845=CARTESIAN_POINT('',(-6.240517275,5.247494248,2.289367422));
#7846=CARTESIAN_POINT('',(-6.165430314,5.240368218,2.392715756));
#7847=CARTESIAN_POINT('',(-6.165413539,5.240366626,2.392738845));
#7848=CARTESIAN_POINT('',(-6.165396762,5.240365034,2.392761932));
#7849=CARTESIAN_POINT('',(-6.165379984,5.240363442,2.392785019));
#7850=CARTESIAN_POINT('',(-6.090277693,5.233237027,2.496123443));
#7851=CARTESIAN_POINT('',(-5.986923418,5.225744248,2.571203073));
#7852=CARTESIAN_POINT('',(-5.865430164,5.218618218,2.610678624));
#7853=CARTESIAN_POINT('',(-5.865403021,5.218616626,2.610687443));
#7854=CARTESIAN_POINT('',(-5.865375878,5.218615034,2.610696261));
#7855=CARTESIAN_POINT('',(-5.865348735,5.218613442,2.610705076));
#7856=CARTESIAN_POINT('',(-5.743848903,5.211487027,2.650163597));
#7857=CARTESIAN_POINT('',(-5.61610284,5.203994248,2.650154176));
#7858=CARTESIAN_POINT('',(-5.494609585,5.196868218,2.610678624));
#7859=CARTESIAN_POINT('',(-5.494582443,5.196866626,2.610669805));
#7860=CARTESIAN_POINT('',(-5.494555301,5.196865034,2.610660984));
#7861=CARTESIAN_POINT('',(-5.49452816,5.196863442,2.610652161));
#7862=CARTESIAN_POINT('',(-5.373039595,5.189737027,2.571158966));
#7863=CARTESIAN_POINT('',(-5.269696396,5.182244248,2.496064091));
#7864=CARTESIAN_POINT('',(-5.194609435,5.175118218,2.392715756));
#7865=CARTESIAN_POINT('',(-5.19459266,5.175116626,2.392692668));
#7866=CARTESIAN_POINT('',(-5.194575887,5.175115034,2.392669578));
#7867=CARTESIAN_POINT('',(-5.194559116,5.175113442,2.392646487));
#7868=CARTESIAN_POINT('',(-5.119486319,5.167987027,2.289286634));
#7869=CARTESIAN_POINT('',(-5.080019575,5.160494248,2.167789996));
#7870=CARTESIAN_POINT('',(-5.080019575,5.153368218,2.040044429));
#7871=CARTESIAN_POINT('',(-5.080019575,5.153366626,2.04001589));
#7872=CARTESIAN_POINT('',(-5.080019577,5.153365034,2.039987351));
#7873=CARTESIAN_POINT('',(-5.080019581,5.153363442,2.039958812));
#7874=CARTESIAN_POINT('',(-5.08003781,5.146237027,1.912212251));
#7875=CARTESIAN_POINT('',(-5.119522475,5.138744248,1.790721436));
#7876=CARTESIAN_POINT('',(-5.194609435,5.131618218,1.687373102));
#7877=CARTESIAN_POINT('',(-5.19462621,5.131616626,1.687350013));
#7878=CARTESIAN_POINT('',(-5.194642987,5.131615034,1.687326926));
#7879=CARTESIAN_POINT('',(-5.194659765,5.131613442,1.687303839));
#7880=CARTESIAN_POINT('',(-5.269762057,5.124487027,1.583965415));
#7881=CARTESIAN_POINT('',(-5.373116332,5.116994248,1.508885785));
#7882=CARTESIAN_POINT('',(-5.494609585,5.109868218,1.469410234));
#7883=CARTESIAN_POINT('',(-5.494636728,5.109866626,1.469401415));
#7884=CARTESIAN_POINT('',(-5.494663871,5.109865034,1.469392597));
#7885=CARTESIAN_POINT('',(-5.494691014,5.109863442,1.469383782));
#7886=CARTESIAN_POINT('',(-5.616190846,5.102737027,1.429925261));
#7887=CARTESIAN_POINT('',(-5.74393691,5.095244248,1.429934682));
#7888=CARTESIAN_POINT('',(-5.865430164,5.088118218,1.469410234));
#7889=CARTESIAN_POINT('',(-5.865457306,5.088116626,1.469419053));
#7890=CARTESIAN_POINT('',(-5.865484448,5.088115034,1.469427874));
#7891=CARTESIAN_POINT('',(-5.865511589,5.088113442,1.469436697));
#7892=CARTESIAN_POINT('',(-5.987000155,5.080987027,1.508929892));
#7893=CARTESIAN_POINT('',(-6.090343354,5.073494248,1.584024767));
#7894=CARTESIAN_POINT('',(-6.165430314,5.066368218,1.687373102));
#7895=CARTESIAN_POINT('',(-6.165447089,5.066366626,1.68739619));
#7896=CARTESIAN_POINT('',(-6.165463862,5.066365034,1.68741928));
#7897=CARTESIAN_POINT('',(-6.165480633,5.066363442,1.687442371));
#7898=CARTESIAN_POINT('',(-6.240553431,5.059237027,1.790802224));
#7899=CARTESIAN_POINT('',(-6.280020175,5.051744248,1.912298862));
#7900=CARTESIAN_POINT('',(-6.280020175,5.044618218,2.040044429));
#7901=CARTESIAN_POINT('',(-6.280020175,5.044616626,2.040072968));
#7902=CARTESIAN_POINT('',(-6.280020173,5.044615034,2.040101507));
#7903=CARTESIAN_POINT('',(-6.280020169,5.044613442,2.040130046));
#7904=CARTESIAN_POINT('',(-6.28000194,5.037487027,2.167876607));
#7905=CARTESIAN_POINT('',(-6.240517275,5.029994248,2.289367422));
#7906=CARTESIAN_POINT('',(-6.165430314,5.022868218,2.392715756));
#7907=CARTESIAN_POINT('',(-6.165413539,5.022866626,2.392738845));
#7908=CARTESIAN_POINT('',(-6.165396762,5.022865034,2.392761932));
#7909=CARTESIAN_POINT('',(-6.165379984,5.022863442,2.392785019));
#7910=CARTESIAN_POINT('',(-6.090277693,5.015737027,2.496123443));
#7911=CARTESIAN_POINT('',(-5.986923418,5.008244248,2.571203073));
#7912=CARTESIAN_POINT('',(-5.865430164,5.001118218,2.610678624));
#7913=CARTESIAN_POINT('',(-5.865403021,5.001116626,2.610687443));
#7914=CARTESIAN_POINT('',(-5.865375878,5.001115034,2.610696261));
#7915=CARTESIAN_POINT('',(-5.865348735,5.001113442,2.610705076));
#7916=CARTESIAN_POINT('',(-5.743848903,4.993987027,2.650163597));
#7917=CARTESIAN_POINT('',(-5.61610284,4.986494248,2.650154176));
#7918=CARTESIAN_POINT('',(-5.494609585,4.979368218,2.610678624));
#7919=CARTESIAN_POINT('',(-5.494582443,4.979366626,2.610669805));
#7920=CARTESIAN_POINT('',(-5.494555301,4.979365034,2.610660984));
#7921=CARTESIAN_POINT('',(-5.49452816,4.979363442,2.610652161));
#7922=CARTESIAN_POINT('',(-5.373039595,4.972237027,2.571158966));
#7923=CARTESIAN_POINT('',(-5.269696396,4.964744248,2.496064091));
#7924=CARTESIAN_POINT('',(-5.194609435,4.957618218,2.392715756));
#7925=CARTESIAN_POINT('',(-5.19459266,4.957616626,2.392692668));
#7926=CARTESIAN_POINT('',(-5.194575887,4.957615034,2.392669578));
#7927=CARTESIAN_POINT('',(-5.194559116,4.957613442,2.392646487));
#7928=CARTESIAN_POINT('',(-5.119486319,4.950487027,2.289286634));
#7929=CARTESIAN_POINT('',(-5.080019575,4.942994248,2.167789996));
#7930=CARTESIAN_POINT('',(-5.080019575,4.935868218,2.040044429));
#7931=CARTESIAN_POINT('',(-5.080019575,4.935866626,2.04001589));
#7932=CARTESIAN_POINT('',(-5.080019577,4.935865034,2.039987351));
#7933=CARTESIAN_POINT('',(-5.080019581,4.935863442,2.039958812));
#7934=CARTESIAN_POINT('',(-5.08003781,4.928737027,1.912212251));
#7935=CARTESIAN_POINT('',(-5.119522475,4.921244248,1.790721436));
#7936=CARTESIAN_POINT('',(-5.194609435,4.914118218,1.687373102));
#7937=CARTESIAN_POINT('',(-5.19462621,4.914116626,1.687350013));
#7938=CARTESIAN_POINT('',(-5.194642987,4.914115034,1.687326926));
#7939=CARTESIAN_POINT('',(-5.194659765,4.914113442,1.687303839));
#7940=CARTESIAN_POINT('',(-5.269762057,4.906987027,1.583965415));
#7941=CARTESIAN_POINT('',(-5.373116332,4.899494248,1.508885785));
#7942=CARTESIAN_POINT('',(-5.494609585,4.892368218,1.469410234));
#7943=CARTESIAN_POINT('',(-5.494636728,4.892366626,1.469401415));
#7944=CARTESIAN_POINT('',(-5.494663871,4.892365034,1.469392597));
#7945=CARTESIAN_POINT('',(-5.494691014,4.892363442,1.469383782));
#7946=CARTESIAN_POINT('',(-5.616190846,4.885237027,1.429925261));
#7947=CARTESIAN_POINT('',(-5.74393691,4.877744248,1.429934682));
#7948=CARTESIAN_POINT('',(-5.865430164,4.870618218,1.469410234));
#7949=CARTESIAN_POINT('',(-5.865457306,4.870616626,1.469419053));
#7950=CARTESIAN_POINT('',(-5.865484448,4.870615034,1.469427874));
#7951=CARTESIAN_POINT('',(-5.865511589,4.870613442,1.469436697));
#7952=CARTESIAN_POINT('',(-5.987000155,4.863487027,1.508929892));
#7953=CARTESIAN_POINT('',(-6.090343354,4.855994248,1.584024767));
#7954=CARTESIAN_POINT('',(-6.165430314,4.848868218,1.687373102));
#7955=CARTESIAN_POINT('',(-6.165447089,4.848866626,1.68739619));
#7956=CARTESIAN_POINT('',(-6.165463862,4.848865034,1.68741928));
#7957=CARTESIAN_POINT('',(-6.165480633,4.848863442,1.687442371));
#7958=CARTESIAN_POINT('',(-6.240553431,4.841737027,1.790802224));
#7959=CARTESIAN_POINT('',(-6.280020175,4.834244248,1.912298862));
#7960=CARTESIAN_POINT('',(-6.280020175,4.827118218,2.040044429));
#7961=CARTESIAN_POINT('',(-6.280020175,4.827116626,2.040072968));
#7962=CARTESIAN_POINT('',(-6.280020173,4.827115034,2.040101507));
#7963=CARTESIAN_POINT('',(-6.280020169,4.827113442,2.040130046));
#7964=CARTESIAN_POINT('',(-6.28000194,4.819987027,2.167876607));
#7965=CARTESIAN_POINT('',(-6.240517275,4.812494248,2.289367422));
#7966=CARTESIAN_POINT('',(-6.165430314,4.805368218,2.392715756));
#7967=CARTESIAN_POINT('',(-6.165413539,4.805366626,2.392738845));
#7968=CARTESIAN_POINT('',(-6.165396762,4.805365034,2.392761932));
#7969=CARTESIAN_POINT('',(-6.165379984,4.805363442,2.392785019));
#7970=CARTESIAN_POINT('',(-6.090277693,4.798237027,2.496123443));
#7971=CARTESIAN_POINT('',(-5.986923418,4.790744248,2.571203073));
#7972=CARTESIAN_POINT('',(-5.865430164,4.783618218,2.610678624));
#7973=CARTESIAN_POINT('',(-5.865403021,4.783616626,2.610687443));
#7974=CARTESIAN_POINT('',(-5.865375878,4.783615034,2.610696261));
#7975=CARTESIAN_POINT('',(-5.865348735,4.783613442,2.610705076));
#7976=CARTESIAN_POINT('',(-5.743848903,4.776487027,2.650163597));
#7977=CARTESIAN_POINT('',(-5.61610284,4.768994248,2.650154176));
#7978=CARTESIAN_POINT('',(-5.494609585,4.761868218,2.610678624));
#7979=CARTESIAN_POINT('',(-5.494582443,4.761866626,2.610669805));
#7980=CARTESIAN_POINT('',(-5.494555301,4.761865034,2.610660984));
#7981=CARTESIAN_POINT('',(-5.49452816,4.761863442,2.610652161));
#7982=CARTESIAN_POINT('',(-5.373039595,4.754737027,2.571158966));
#7983=CARTESIAN_POINT('',(-5.269696396,4.747244248,2.496064091));
#7984=CARTESIAN_POINT('',(-5.194609435,4.740118218,2.392715756));
#7985=CARTESIAN_POINT('',(-5.19459266,4.740116626,2.392692668));
#7986=CARTESIAN_POINT('',(-5.194575887,4.740115034,2.392669578));
#7987=CARTESIAN_POINT('',(-5.194559116,4.740113442,2.392646487));
#7988=CARTESIAN_POINT('',(-5.119486319,4.732987027,2.289286634));
#7989=CARTESIAN_POINT('',(-5.080019575,4.725494248,2.167789996));
#7990=CARTESIAN_POINT('',(-5.080019575,4.718368218,2.040044429));
#7991=CARTESIAN_POINT('',(-5.080019575,4.718366626,2.04001589));
#7992=CARTESIAN_POINT('',(-5.080019577,4.718365034,2.039987351));
#7993=CARTESIAN_POINT('',(-5.080019581,4.718363442,2.039958812));
#7994=CARTESIAN_POINT('',(-5.08003781,4.711237027,1.912212251));
#7995=CARTESIAN_POINT('',(-5.119522475,4.703744248,1.790721436));
#7996=CARTESIAN_POINT('',(-5.194609435,4.696618218,1.687373102));
#7997=CARTESIAN_POINT('',(-5.19462621,4.696616626,1.687350013));
#7998=CARTESIAN_POINT('',(-5.194642987,4.696615034,1.687326926));
#7999=CARTESIAN_POINT('',(-5.194659765,4.696613442,1.687303839));
#8000=CARTESIAN_POINT('',(-5.269762057,4.689487027,1.583965415));
#8001=CARTESIAN_POINT('',(-5.373116332,4.681994248,1.508885785));
#8002=CARTESIAN_POINT('',(-5.494609585,4.674868218,1.469410234));
#8003=CARTESIAN_POINT('',(-5.494636728,4.674866626,1.469401415));
#8004=CARTESIAN_POINT('',(-5.494663871,4.674865034,1.469392597));
#8005=CARTESIAN_POINT('',(-5.494691014,4.674863442,1.469383782));
#8006=CARTESIAN_POINT('',(-5.616190846,4.667737027,1.429925261));
#8007=CARTESIAN_POINT('',(-5.74393691,4.660244248,1.429934682));
#8008=CARTESIAN_POINT('',(-5.865430164,4.653118218,1.469410234));
#8009=CARTESIAN_POINT('',(-5.865457306,4.653116626,1.469419053));
#8010=CARTESIAN_POINT('',(-5.865484448,4.653115034,1.469427874));
#8011=CARTESIAN_POINT('',(-5.865511589,4.653113442,1.469436697));
#8012=CARTESIAN_POINT('',(-5.987000155,4.645987027,1.508929892));
#8013=CARTESIAN_POINT('',(-6.090343354,4.638494248,1.584024767));
#8014=CARTESIAN_POINT('',(-6.165430314,4.631368218,1.687373102));
#8015=CARTESIAN_POINT('',(-6.165447089,4.631366626,1.68739619));
#8016=CARTESIAN_POINT('',(-6.165463862,4.631365034,1.68741928));
#8017=CARTESIAN_POINT('',(-6.165480633,4.631363442,1.687442371));
#8018=CARTESIAN_POINT('',(-6.240553431,4.624237027,1.790802224));
#8019=CARTESIAN_POINT('',(-6.280020175,4.616744248,1.912298862));
#8020=CARTESIAN_POINT('',(-6.280020175,4.609618218,2.040044429));
#8021=CARTESIAN_POINT('',(-6.280020175,4.609616626,2.040072968));
#8022=CARTESIAN_POINT('',(-6.280020173,4.609615034,2.040101507));
#8023=CARTESIAN_POINT('',(-6.280020169,4.609613442,2.040130046));
#8024=CARTESIAN_POINT('',(-6.28000194,4.602487027,2.167876607));
#8025=CARTESIAN_POINT('',(-6.240517275,4.594994248,2.289367422));
#8026=CARTESIAN_POINT('',(-6.165430314,4.587868218,2.392715756));
#8027=CARTESIAN_POINT('',(-6.165413539,4.587866626,2.392738845));
#8028=CARTESIAN_POINT('',(-6.165396762,4.587865034,2.392761932));
#8029=CARTESIAN_POINT('',(-6.165379984,4.587863442,2.392785019));
#8030=CARTESIAN_POINT('',(-6.090277693,4.580737027,2.496123443));
#8031=CARTESIAN_POINT('',(-5.986923418,4.573244248,2.571203073));
#8032=CARTESIAN_POINT('',(-5.865430164,4.566118218,2.610678624));
#8033=CARTESIAN_POINT('',(-5.865403021,4.566116626,2.610687443));
#8034=CARTESIAN_POINT('',(-5.865375878,4.566115034,2.610696261));
#8035=CARTESIAN_POINT('',(-5.865348735,4.566113442,2.610705076));
#8036=CARTESIAN_POINT('',(-5.743848903,4.558987027,2.650163597));
#8037=CARTESIAN_POINT('',(-5.61610284,4.551494248,2.650154176));
#8038=CARTESIAN_POINT('',(-5.494609585,4.544368218,2.610678624));
#8039=CARTESIAN_POINT('',(-5.494582443,4.544366626,2.610669805));
#8040=CARTESIAN_POINT('',(-5.494555301,4.544365034,2.610660984));
#8041=CARTESIAN_POINT('',(-5.49452816,4.544363442,2.610652161));
#8042=CARTESIAN_POINT('',(-5.373039595,4.537237027,2.571158966));
#8043=CARTESIAN_POINT('',(-5.269696396,4.529744248,2.496064091));
#8044=CARTESIAN_POINT('',(-5.194609435,4.522618218,2.392715756));
#8045=CARTESIAN_POINT('',(-5.19459266,4.522616626,2.392692668));
#8046=CARTESIAN_POINT('',(-5.194575887,4.522615034,2.392669578));
#8047=CARTESIAN_POINT('',(-5.194559116,4.522613442,2.392646487));
#8048=CARTESIAN_POINT('',(-5.119486319,4.515487027,2.289286634));
#8049=CARTESIAN_POINT('',(-5.080019575,4.507994248,2.167789996));
#8050=CARTESIAN_POINT('',(-5.080019575,4.500868218,2.040044429));
#8051=CARTESIAN_POINT('',(-5.080019575,4.500866626,2.04001589));
#8052=CARTESIAN_POINT('',(-5.080019577,4.500865034,2.039987351));
#8053=CARTESIAN_POINT('',(-5.080019581,4.500863442,2.039958812));
#8054=CARTESIAN_POINT('',(-5.08003781,4.493737027,1.912212251));
#8055=CARTESIAN_POINT('',(-5.119522475,4.486244248,1.790721436));
#8056=CARTESIAN_POINT('',(-5.194609435,4.479118218,1.687373102));
#8057=CARTESIAN_POINT('',(-5.19462621,4.479116626,1.687350013));
#8058=CARTESIAN_POINT('',(-5.194642987,4.479115034,1.687326926));
#8059=CARTESIAN_POINT('',(-5.194659765,4.479113442,1.687303839));
#8060=CARTESIAN_POINT('',(-5.269762057,4.471987027,1.583965415));
#8061=CARTESIAN_POINT('',(-5.373116332,4.464494248,1.508885785));
#8062=CARTESIAN_POINT('',(-5.494609585,4.457368218,1.469410234));
#8063=CARTESIAN_POINT('',(-5.494636728,4.457366626,1.469401415));
#8064=CARTESIAN_POINT('',(-5.494663871,4.457365034,1.469392597));
#8065=CARTESIAN_POINT('',(-5.494691014,4.457363442,1.469383782));
#8066=CARTESIAN_POINT('',(-5.616190846,4.450237027,1.429925261));
#8067=CARTESIAN_POINT('',(-5.74393691,4.442744248,1.429934682));
#8068=CARTESIAN_POINT('',(-5.865430164,4.435618218,1.469410234));
#8069=CARTESIAN_POINT('',(-5.865457306,4.435616626,1.469419053));
#8070=CARTESIAN_POINT('',(-5.865484448,4.435615034,1.469427874));
#8071=CARTESIAN_POINT('',(-5.865511589,4.435613442,1.469436697));
#8072=CARTESIAN_POINT('',(-5.987000155,4.428487027,1.508929892));
#8073=CARTESIAN_POINT('',(-6.090343354,4.420994248,1.584024767));
#8074=CARTESIAN_POINT('',(-6.165430314,4.413868218,1.687373102));
#8075=CARTESIAN_POINT('',(-6.165447089,4.413866626,1.68739619));
#8076=CARTESIAN_POINT('',(-6.165463862,4.413865034,1.68741928));
#8077=CARTESIAN_POINT('',(-6.165480633,4.413863442,1.687442371));
#8078=CARTESIAN_POINT('',(-6.240553431,4.406737027,1.790802224));
#8079=CARTESIAN_POINT('',(-6.280020175,4.399244248,1.912298862));
#8080=CARTESIAN_POINT('',(-6.280020175,4.392118218,2.040044429));
#8081=CARTESIAN_POINT('',(-6.280020175,4.392116626,2.040072968));
#8082=CARTESIAN_POINT('',(-6.280020173,4.392115034,2.040101507));
#8083=CARTESIAN_POINT('',(-6.280020169,4.392113442,2.040130046));
#8084=CARTESIAN_POINT('',(-6.28000194,4.384987027,2.167876607));
#8085=CARTESIAN_POINT('',(-6.240517275,4.377494248,2.289367422));
#8086=CARTESIAN_POINT('',(-6.165430314,4.370368218,2.392715756));
#8087=CARTESIAN_POINT('',(-6.165413539,4.370366626,2.392738845));
#8088=CARTESIAN_POINT('',(-6.165396762,4.370365034,2.392761932));
#8089=CARTESIAN_POINT('',(-6.165379984,4.370363442,2.392785019));
#8090=CARTESIAN_POINT('',(-6.090277693,4.363237027,2.496123443));
#8091=CARTESIAN_POINT('',(-5.986923418,4.355744248,2.571203073));
#8092=CARTESIAN_POINT('',(-5.865430164,4.348618218,2.610678624));
#8093=CARTESIAN_POINT('',(-5.865403021,4.348616626,2.610687443));
#8094=CARTESIAN_POINT('',(-5.865375878,4.348615034,2.610696261));
#8095=CARTESIAN_POINT('',(-5.865348735,4.348613442,2.610705076));
#8096=CARTESIAN_POINT('',(-5.743848903,4.341487027,2.650163597));
#8097=CARTESIAN_POINT('',(-5.61610284,4.333994248,2.650154176));
#8098=CARTESIAN_POINT('',(-5.494609585,4.326868218,2.610678624));
#8099=CARTESIAN_POINT('',(-5.494582443,4.326866626,2.610669805));
#8100=CARTESIAN_POINT('',(-5.494555301,4.326865034,2.610660984));
#8101=CARTESIAN_POINT('',(-5.49452816,4.326863442,2.610652161));
#8102=CARTESIAN_POINT('',(-5.373039595,4.319737027,2.571158966));
#8103=CARTESIAN_POINT('',(-5.269696396,4.312244248,2.496064091));
#8104=CARTESIAN_POINT('',(-5.194609435,4.305118218,2.392715756));
#8105=CARTESIAN_POINT('',(-5.19459266,4.305116626,2.392692668));
#8106=CARTESIAN_POINT('',(-5.194575887,4.305115034,2.392669578));
#8107=CARTESIAN_POINT('',(-5.194559116,4.305113442,2.392646487));
#8108=CARTESIAN_POINT('',(-5.119486319,4.297987027,2.289286634));
#8109=CARTESIAN_POINT('',(-5.080019575,4.290494248,2.167789996));
#8110=CARTESIAN_POINT('',(-5.080019575,4.283368218,2.040044429));
#8111=CARTESIAN_POINT('',(-5.080019575,4.283366626,2.04001589));
#8112=CARTESIAN_POINT('',(-5.080019577,4.283365034,2.039987351));
#8113=CARTESIAN_POINT('',(-5.080019581,4.283363442,2.039958812));
#8114=CARTESIAN_POINT('',(-5.08003781,4.276237027,1.912212251));
#8115=CARTESIAN_POINT('',(-5.119522475,4.268744248,1.790721436));
#8116=CARTESIAN_POINT('',(-5.194609435,4.261618218,1.687373102));
#8117=CARTESIAN_POINT('',(-5.19462621,4.261616626,1.687350013));
#8118=CARTESIAN_POINT('',(-5.194642987,4.261615034,1.687326926));
#8119=CARTESIAN_POINT('',(-5.194659765,4.261613442,1.687303839));
#8120=CARTESIAN_POINT('',(-5.269762057,4.254487027,1.583965415));
#8121=CARTESIAN_POINT('',(-5.373116332,4.246994248,1.508885785));
#8122=CARTESIAN_POINT('',(-5.494609585,4.239868218,1.469410234));
#8123=CARTESIAN_POINT('',(-5.494636728,4.239866626,1.469401415));
#8124=CARTESIAN_POINT('',(-5.494663871,4.239865034,1.469392597));
#8125=CARTESIAN_POINT('',(-5.494691014,4.239863442,1.469383782));
#8126=CARTESIAN_POINT('',(-5.616190846,4.232737027,1.429925261));
#8127=CARTESIAN_POINT('',(-5.74393691,4.225244248,1.429934682));
#8128=CARTESIAN_POINT('',(-5.865430164,4.218118218,1.469410234));
#8129=CARTESIAN_POINT('',(-5.865457306,4.218116626,1.469419053));
#8130=CARTESIAN_POINT('',(-5.865484448,4.218115034,1.469427874));
#8131=CARTESIAN_POINT('',(-5.865511589,4.218113442,1.469436697));
#8132=CARTESIAN_POINT('',(-5.987000155,4.210987027,1.508929892));
#8133=CARTESIAN_POINT('',(-6.090343354,4.203494248,1.584024767));
#8134=CARTESIAN_POINT('',(-6.165430314,4.196368218,1.687373102));
#8135=CARTESIAN_POINT('',(-6.165447089,4.196366626,1.68739619));
#8136=CARTESIAN_POINT('',(-6.165463862,4.196365034,1.68741928));
#8137=CARTESIAN_POINT('',(-6.165480633,4.196363442,1.687442371));
#8138=CARTESIAN_POINT('',(-6.240553431,4.189237027,1.790802224));
#8139=CARTESIAN_POINT('',(-6.280020175,4.181744248,1.912298862));
#8140=CARTESIAN_POINT('',(-6.280020175,4.174618218,2.040044429));
#8141=CARTESIAN_POINT('',(-6.280020175,4.174616626,2.040072968));
#8142=CARTESIAN_POINT('',(-6.280020173,4.174615034,2.040101507));
#8143=CARTESIAN_POINT('',(-6.280020169,4.174613442,2.040130046));
#8144=CARTESIAN_POINT('',(-6.28000194,4.167487027,2.167876607));
#8145=CARTESIAN_POINT('',(-6.240517275,4.159994248,2.289367422));
#8146=CARTESIAN_POINT('',(-6.165430314,4.152868218,2.392715756));
#8147=CARTESIAN_POINT('',(-6.165413539,4.152866626,2.392738845));
#8148=CARTESIAN_POINT('',(-6.165396762,4.152865034,2.392761932));
#8149=CARTESIAN_POINT('',(-6.165379984,4.152863442,2.392785019));
#8150=CARTESIAN_POINT('',(-6.090277693,4.145737027,2.496123443));
#8151=CARTESIAN_POINT('',(-5.986923418,4.138244248,2.571203073));
#8152=CARTESIAN_POINT('',(-5.865430164,4.131118218,2.610678624));
#8153=CARTESIAN_POINT('',(-5.865403021,4.131116626,2.610687443));
#8154=CARTESIAN_POINT('',(-5.865375878,4.131115034,2.610696261));
#8155=CARTESIAN_POINT('',(-5.865348735,4.131113442,2.610705076));
#8156=CARTESIAN_POINT('',(-5.743848903,4.123987027,2.650163597));
#8157=CARTESIAN_POINT('',(-5.61610284,4.116494248,2.650154176));
#8158=CARTESIAN_POINT('',(-5.494609585,4.109368218,2.610678624));
#8159=CARTESIAN_POINT('',(-5.494582443,4.109366626,2.610669805));
#8160=CARTESIAN_POINT('',(-5.494555301,4.109365034,2.610660984));
#8161=CARTESIAN_POINT('',(-5.49452816,4.109363442,2.610652161));
#8162=CARTESIAN_POINT('',(-5.373039595,4.102237027,2.571158966));
#8163=CARTESIAN_POINT('',(-5.269696396,4.094744248,2.496064091));
#8164=CARTESIAN_POINT('',(-5.194609435,4.087618218,2.392715756));
#8165=CARTESIAN_POINT('',(-5.19459266,4.087616626,2.392692668));
#8166=CARTESIAN_POINT('',(-5.194575887,4.087615034,2.392669578));
#8167=CARTESIAN_POINT('',(-5.194559116,4.087613442,2.392646487));
#8168=CARTESIAN_POINT('',(-5.119486319,4.080487027,2.289286634));
#8169=CARTESIAN_POINT('',(-5.080019575,4.072994248,2.167789996));
#8170=CARTESIAN_POINT('',(-5.080019575,4.065868218,2.040044429));
#8171=CARTESIAN_POINT('',(-5.080019575,4.065866626,2.04001589));
#8172=CARTESIAN_POINT('',(-5.080019577,4.065865034,2.039987351));
#8173=CARTESIAN_POINT('',(-5.080019581,4.065863442,2.039958812));
#8174=CARTESIAN_POINT('',(-5.08003781,4.058737027,1.912212251));
#8175=CARTESIAN_POINT('',(-5.119522475,4.051244248,1.790721436));
#8176=CARTESIAN_POINT('',(-5.194609435,4.044118218,1.687373102));
#8177=CARTESIAN_POINT('',(-5.19462621,4.044116626,1.687350013));
#8178=CARTESIAN_POINT('',(-5.194642987,4.044115034,1.687326926));
#8179=CARTESIAN_POINT('',(-5.194659765,4.044113442,1.687303839));
#8180=CARTESIAN_POINT('',(-5.269762057,4.036987027,1.583965415));
#8181=CARTESIAN_POINT('',(-5.373116332,4.029494248,1.508885785));
#8182=CARTESIAN_POINT('',(-5.494609585,4.022368218,1.469410234));
#8183=CARTESIAN_POINT('',(-5.494636728,4.022366626,1.469401415));
#8184=CARTESIAN_POINT('',(-5.494663871,4.022365034,1.469392597));
#8185=CARTESIAN_POINT('',(-5.494691014,4.022363442,1.469383782));
#8186=CARTESIAN_POINT('',(-5.616190846,4.015237027,1.429925261));
#8187=CARTESIAN_POINT('',(-5.74393691,4.007744248,1.429934682));
#8188=CARTESIAN_POINT('',(-5.865430164,4.000618218,1.469410234));
#8189=CARTESIAN_POINT('',(-5.865457306,4.000616626,1.469419053));
#8190=CARTESIAN_POINT('',(-5.865484448,4.000615034,1.469427874));
#8191=CARTESIAN_POINT('',(-5.865511589,4.000613442,1.469436697));
#8192=CARTESIAN_POINT('',(-5.987000155,3.993487027,1.508929892));
#8193=CARTESIAN_POINT('',(-6.090343354,3.985994248,1.584024767));
#8194=CARTESIAN_POINT('',(-6.165430314,3.978868218,1.687373102));
#8195=CARTESIAN_POINT('',(-6.165447089,3.978866626,1.68739619));
#8196=CARTESIAN_POINT('',(-6.165463862,3.978865034,1.68741928));
#8197=CARTESIAN_POINT('',(-6.165480633,3.978863442,1.687442371));
#8198=CARTESIAN_POINT('',(-6.240553431,3.971737027,1.790802224));
#8199=CARTESIAN_POINT('',(-6.280020175,3.964244248,1.912298862));
#8200=CARTESIAN_POINT('',(-6.280020175,3.957118218,2.040044429));
#8201=CARTESIAN_POINT('',(-6.280020175,3.957116626,2.040072968));
#8202=CARTESIAN_POINT('',(-6.280020173,3.957115034,2.040101507));
#8203=CARTESIAN_POINT('',(-6.280020169,3.957113442,2.040130046));
#8204=CARTESIAN_POINT('',(-6.28000194,3.949987027,2.167876607));
#8205=CARTESIAN_POINT('',(-6.240517275,3.942494248,2.289367422));
#8206=CARTESIAN_POINT('',(-6.165430314,3.935368218,2.392715756));
#8207=CARTESIAN_POINT('',(-6.165413539,3.935366626,2.392738845));
#8208=CARTESIAN_POINT('',(-6.165396762,3.935365034,2.392761932));
#8209=CARTESIAN_POINT('',(-6.165379984,3.935363442,2.392785019));
#8210=CARTESIAN_POINT('',(-6.090277693,3.928237027,2.496123443));
#8211=CARTESIAN_POINT('',(-5.986923418,3.920744248,2.571203073));
#8212=CARTESIAN_POINT('',(-5.865430164,3.913618218,2.610678624));
#8213=CARTESIAN_POINT('',(-5.865403021,3.913616626,2.610687443));
#8214=CARTESIAN_POINT('',(-5.865375878,3.913615034,2.610696261));
#8215=CARTESIAN_POINT('',(-5.865348735,3.913613442,2.610705076));
#8216=CARTESIAN_POINT('',(-5.743848903,3.906487027,2.650163597));
#8217=CARTESIAN_POINT('',(-5.61610284,3.898994248,2.650154176));
#8218=CARTESIAN_POINT('',(-5.494609585,3.891868218,2.610678624));
#8219=CARTESIAN_POINT('',(-5.494582443,3.891866626,2.610669805));
#8220=CARTESIAN_POINT('',(-5.494555301,3.891865034,2.610660984));
#8221=CARTESIAN_POINT('',(-5.49452816,3.891863442,2.610652161));
#8222=CARTESIAN_POINT('',(-5.373039595,3.884737027,2.571158966));
#8223=CARTESIAN_POINT('',(-5.269696396,3.877244248,2.496064091));
#8224=CARTESIAN_POINT('',(-5.194609435,3.870118218,2.392715756));
#8225=CARTESIAN_POINT('',(-5.19459266,3.870116626,2.392692668));
#8226=CARTESIAN_POINT('',(-5.194575887,3.870115034,2.392669578));
#8227=CARTESIAN_POINT('',(-5.194559116,3.870113442,2.392646487));
#8228=CARTESIAN_POINT('',(-5.119486319,3.862987027,2.289286634));
#8229=CARTESIAN_POINT('',(-5.080019575,3.855494248,2.167789996));
#8230=CARTESIAN_POINT('',(-5.080019575,3.848368218,2.040044429));
#8231=CARTESIAN_POINT('',(-5.080019575,3.848366626,2.04001589));
#8232=CARTESIAN_POINT('',(-5.080019577,3.848365034,2.039987351));
#8233=CARTESIAN_POINT('',(-5.080019581,3.848363442,2.039958812));
#8234=CARTESIAN_POINT('',(-5.08003781,3.841237027,1.912212251));
#8235=CARTESIAN_POINT('',(-5.119522475,3.833744248,1.790721436));
#8236=CARTESIAN_POINT('',(-5.194609435,3.826618218,1.687373102));
#8237=CARTESIAN_POINT('',(-5.19462621,3.826616626,1.687350013));
#8238=CARTESIAN_POINT('',(-5.194642987,3.826615034,1.687326926));
#8239=CARTESIAN_POINT('',(-5.194659765,3.826613442,1.687303839));
#8240=CARTESIAN_POINT('',(-5.269762057,3.819487027,1.583965415));
#8241=CARTESIAN_POINT('',(-5.373116332,3.811994248,1.508885785));
#8242=CARTESIAN_POINT('',(-5.494609585,3.804868218,1.469410234));
#8243=CARTESIAN_POINT('',(-5.494636728,3.804866626,1.469401415));
#8244=CARTESIAN_POINT('',(-5.494663871,3.804865034,1.469392597));
#8245=CARTESIAN_POINT('',(-5.494691014,3.804863442,1.469383782));
#8246=CARTESIAN_POINT('',(-5.616190846,3.797737027,1.429925261));
#8247=CARTESIAN_POINT('',(-5.74393691,3.790244248,1.429934682));
#8248=CARTESIAN_POINT('',(-5.865430164,3.783118218,1.469410234));
#8249=CARTESIAN_POINT('',(-5.865457306,3.783116626,1.469419053));
#8250=CARTESIAN_POINT('',(-5.865484448,3.783115034,1.469427874));
#8251=CARTESIAN_POINT('',(-5.865511589,3.783113442,1.469436697));
#8252=CARTESIAN_POINT('',(-5.987000155,3.775987027,1.508929892));
#8253=CARTESIAN_POINT('',(-6.090343354,3.768494248,1.584024767));
#8254=CARTESIAN_POINT('',(-6.165430314,3.761368218,1.687373102));
#8255=CARTESIAN_POINT('',(-6.165447089,3.761366626,1.68739619));
#8256=CARTESIAN_POINT('',(-6.165463862,3.761365034,1.68741928));
#8257=CARTESIAN_POINT('',(-6.165480633,3.761363442,1.687442371));
#8258=CARTESIAN_POINT('',(-6.240553431,3.754237027,1.790802224));
#8259=CARTESIAN_POINT('',(-6.280020175,3.746744248,1.912298862));
#8260=CARTESIAN_POINT('',(-6.280020175,3.739618218,2.040044429));
#8261=CARTESIAN_POINT('',(-6.280020175,3.739616626,2.040072968));
#8262=CARTESIAN_POINT('',(-6.280020173,3.739615034,2.040101507));
#8263=CARTESIAN_POINT('',(-6.280020169,3.739613442,2.040130046));
#8264=CARTESIAN_POINT('',(-6.28000194,3.732487027,2.167876607));
#8265=CARTESIAN_POINT('',(-6.240517275,3.724994248,2.289367422));
#8266=CARTESIAN_POINT('',(-6.165430314,3.717868218,2.392715756));
#8267=CARTESIAN_POINT('',(-6.165413539,3.717866626,2.392738845));
#8268=CARTESIAN_POINT('',(-6.165396762,3.717865034,2.392761932));
#8269=CARTESIAN_POINT('',(-6.165379984,3.717863442,2.392785019));
#8270=CARTESIAN_POINT('',(-6.090277693,3.710737027,2.496123443));
#8271=CARTESIAN_POINT('',(-5.986923418,3.703244248,2.571203073));
#8272=CARTESIAN_POINT('',(-5.865430164,3.696118218,2.610678624));
#8273=CARTESIAN_POINT('',(-5.865403021,3.696116626,2.610687443));
#8274=CARTESIAN_POINT('',(-5.865375878,3.696115034,2.610696261));
#8275=CARTESIAN_POINT('',(-5.865348735,3.696113442,2.610705076));
#8276=CARTESIAN_POINT('',(-5.743848903,3.688987027,2.650163597));
#8277=CARTESIAN_POINT('',(-5.61610284,3.681494248,2.650154176));
#8278=CARTESIAN_POINT('',(-5.494609585,3.674368218,2.610678624));
#8279=CARTESIAN_POINT('',(-5.494582443,3.674366626,2.610669805));
#8280=CARTESIAN_POINT('',(-5.494555301,3.674365034,2.610660984));
#8281=CARTESIAN_POINT('',(-5.49452816,3.674363442,2.610652161));
#8282=CARTESIAN_POINT('',(-5.41451662,3.669670034,2.584642213));
#8283=CARTESIAN_POINT('',(-5.341328044,3.664744595,2.542511004));
#8284=CARTESIAN_POINT('',(-5.278361152,3.659800483,2.485769267));
#8285=CARTESIAN_POINT('',(-5.278269596,3.659793294,2.485686762));
#8286=CARTESIAN_POINT('',(-5.27817804,3.659786106,2.485604258));
#8287=CARTESIAN_POINT('',(-5.278086484,3.659778917,2.485521753));
#8288=CARTESIAN_POINT('',(-6.25458061,6.259980125,1.866149828));
#8289=CARTESIAN_POINT('',(-6.271748304,6.256506495,1.92287317));
#8290=CARTESIAN_POINT('',(-6.280319276,6.253095355,1.981268966));
#8291=CARTESIAN_POINT('',(-6.280319276,6.249818318,2.040044429));
#8292=CARTESIAN_POINT('',(-6.280319276,6.249816726,2.040072982));
#8293=CARTESIAN_POINT('',(-6.280319274,6.249815134,2.040101536));
#8294=CARTESIAN_POINT('',(-6.28031927,6.249813542,2.040130089));
#8295=CARTESIAN_POINT('',(-6.280301032,6.242687127,2.167940332));
#8296=CARTESIAN_POINT('',(-6.240796683,6.235194347,2.28949171));
#8297=CARTESIAN_POINT('',(-6.165672292,6.228068318,2.392891564));
#8298=CARTESIAN_POINT('',(-6.165655508,6.228066726,2.392914664));
#8299=CARTESIAN_POINT('',(-6.165638724,6.228065134,2.392937763));
#8300=CARTESIAN_POINT('',(-6.165621937,6.228063542,2.392960861));
#8301=CARTESIAN_POINT('',(-6.090482207,6.220937127,2.496350799));
#8302=CARTESIAN_POINT('',(-5.98707641,6.213444347,2.571467856));
#8303=CARTESIAN_POINT('',(-5.865522591,6.206318318,2.610963086));
#8304=CARTESIAN_POINT('',(-5.865495435,6.206316726,2.61097191));
#8305=CARTESIAN_POINT('',(-5.865468279,6.206315134,2.610980731));
#8306=CARTESIAN_POINT('',(-5.865441122,6.206313542,2.610989551));
#8307=CARTESIAN_POINT('',(-5.743880722,6.199187127,2.650467743));
#8308=CARTESIAN_POINT('',(-5.616070977,6.191694347,2.650458316));
#8309=CARTESIAN_POINT('',(-5.494517158,6.184568318,2.610963086));
#8310=CARTESIAN_POINT('',(-5.494490002,6.184566726,2.610954263));
#8311=CARTESIAN_POINT('',(-5.494462847,6.184565134,2.610945438));
#8312=CARTESIAN_POINT('',(-5.494435692,6.184563542,2.61093661));
#8313=CARTESIAN_POINT('',(-5.372886565,6.177437127,2.571423728));
#8314=CARTESIAN_POINT('',(-5.269491849,6.169944347,2.496291418));
#8315=CARTESIAN_POINT('',(-5.194367457,6.162818318,2.392891564));
#8316=CARTESIAN_POINT('',(-5.194350674,6.162816726,2.392868464));
#8317=CARTESIAN_POINT('',(-5.194333893,6.162815134,2.392845362));
#8318=CARTESIAN_POINT('',(-5.194317113,6.162813542,2.392822259));
#8319=CARTESIAN_POINT('',(-5.119206892,6.155687127,2.289410882));
#8320=CARTESIAN_POINT('',(-5.079720474,6.148194347,2.167853678));
#8321=CARTESIAN_POINT('',(-5.079720474,6.141068318,2.040044429));
#8322=CARTESIAN_POINT('',(-5.079720474,6.141066726,2.040015876));
#8323=CARTESIAN_POINT('',(-5.079720476,6.141065134,2.039987322));
#8324=CARTESIAN_POINT('',(-5.07972048,6.141063542,2.039958769));
#8325=CARTESIAN_POINT('',(-5.079738718,6.133937127,1.912148526));
#8326=CARTESIAN_POINT('',(-5.119243066,6.126444347,1.790597148));
#8327=CARTESIAN_POINT('',(-5.194367457,6.119318318,1.687197294));
#8328=CARTESIAN_POINT('',(-5.194384241,6.119316726,1.687174194));
#8329=CARTESIAN_POINT('',(-5.194401025,6.119315134,1.687151095));
#8330=CARTESIAN_POINT('',(-5.194417812,6.119313542,1.687127997));
#8331=CARTESIAN_POINT('',(-5.269557543,6.112187127,1.583738059));
#8332=CARTESIAN_POINT('',(-5.37296334,6.104694347,1.508621002));
#8333=CARTESIAN_POINT('',(-5.494517158,6.097568318,1.469125772));
#8334=CARTESIAN_POINT('',(-5.494544314,6.097566726,1.469116948));
#8335=CARTESIAN_POINT('',(-5.49457147,6.097565134,1.469108127));
#8336=CARTESIAN_POINT('',(-5.494598627,6.097563542,1.469099307));
#8337=CARTESIAN_POINT('',(-5.616159027,6.090437127,1.429621115));
#8338=CARTESIAN_POINT('',(-5.743968773,6.082944347,1.429630542));
#8339=CARTESIAN_POINT('',(-5.865522591,6.075818318,1.469125772));
#8340=CARTESIAN_POINT('',(-5.865549747,6.075816726,1.469134595));
#8341=CARTESIAN_POINT('',(-5.865576902,6.075815134,1.46914342));
#8342=CARTESIAN_POINT('',(-5.865604057,6.075813542,1.469152248));
#8343=CARTESIAN_POINT('',(-5.987153185,6.068687127,1.50866513));
#8344=CARTESIAN_POINT('',(-6.090547901,6.061194347,1.58379744));
#8345=CARTESIAN_POINT('',(-6.165672292,6.054068318,1.687197294));
#8346=CARTESIAN_POINT('',(-6.165689075,6.054066726,1.687220394));
#8347=CARTESIAN_POINT('',(-6.165705856,6.054065134,1.687243496));
#8348=CARTESIAN_POINT('',(-6.165722636,6.054063542,1.687266599));
#8349=CARTESIAN_POINT('',(-6.240832858,6.046937127,1.790677976));
#8350=CARTESIAN_POINT('',(-6.280319276,6.039444347,1.91223518));
#8351=CARTESIAN_POINT('',(-6.280319276,6.032318318,2.040044429));
#8352=CARTESIAN_POINT('',(-6.280319276,6.032316726,2.040072982));
#8353=CARTESIAN_POINT('',(-6.280319274,6.032315134,2.040101536));
#8354=CARTESIAN_POINT('',(-6.28031927,6.032313542,2.040130089));
#8355=CARTESIAN_POINT('',(-6.280301032,6.025187127,2.167940332));
#8356=CARTESIAN_POINT('',(-6.240796683,6.017694347,2.28949171));
#8357=CARTESIAN_POINT('',(-6.165672292,6.010568318,2.392891564));
#8358=CARTESIAN_POINT('',(-6.165655508,6.010566726,2.392914664));
#8359=CARTESIAN_POINT('',(-6.165638724,6.010565134,2.392937763));
#8360=CARTESIAN_POINT('',(-6.165621937,6.010563542,2.392960861));
#8361=CARTESIAN_POINT('',(-6.090482207,6.003437127,2.496350799));
#8362=CARTESIAN_POINT('',(-5.98707641,5.995944347,2.571467856));
#8363=CARTESIAN_POINT('',(-5.865522591,5.988818318,2.610963086));
#8364=CARTESIAN_POINT('',(-5.865495435,5.988816726,2.61097191));
#8365=CARTESIAN_POINT('',(-5.865468279,5.988815134,2.610980731));
#8366=CARTESIAN_POINT('',(-5.865441122,5.988813542,2.610989551));
#8367=CARTESIAN_POINT('',(-5.743880722,5.981687127,2.650467743));
#8368=CARTESIAN_POINT('',(-5.616070977,5.974194347,2.650458316));
#8369=CARTESIAN_POINT('',(-5.494517158,5.967068318,2.610963086));
#8370=CARTESIAN_POINT('',(-5.494490002,5.967066726,2.610954263));
#8371=CARTESIAN_POINT('',(-5.494462847,5.967065134,2.610945438));
#8372=CARTESIAN_POINT('',(-5.494435692,5.967063542,2.61093661));
#8373=CARTESIAN_POINT('',(-5.372886565,5.959937127,2.571423728));
#8374=CARTESIAN_POINT('',(-5.269491849,5.952444347,2.496291418));
#8375=CARTESIAN_POINT('',(-5.194367457,5.945318318,2.392891564));
#8376=CARTESIAN_POINT('',(-5.194350674,5.945316726,2.392868464));
#8377=CARTESIAN_POINT('',(-5.194333893,5.945315134,2.392845362));
#8378=CARTESIAN_POINT('',(-5.194317113,5.945313542,2.392822259));
#8379=CARTESIAN_POINT('',(-5.119206892,5.938187127,2.289410882));
#8380=CARTESIAN_POINT('',(-5.079720474,5.930694347,2.167853678));
#8381=CARTESIAN_POINT('',(-5.079720474,5.923568318,2.040044429));
#8382=CARTESIAN_POINT('',(-5.079720474,5.923566726,2.040015876));
#8383=CARTESIAN_POINT('',(-5.079720476,5.923565134,2.039987322));
#8384=CARTESIAN_POINT('',(-5.07972048,5.923563542,2.039958769));
#8385=CARTESIAN_POINT('',(-5.079738718,5.916437127,1.912148526));
#8386=CARTESIAN_POINT('',(-5.119243066,5.908944347,1.790597148));
#8387=CARTESIAN_POINT('',(-5.194367457,5.901818318,1.687197294));
#8388=CARTESIAN_POINT('',(-5.194384241,5.901816726,1.687174194));
#8389=CARTESIAN_POINT('',(-5.194401025,5.901815134,1.687151095));
#8390=CARTESIAN_POINT('',(-5.194417812,5.901813542,1.687127997));
#8391=CARTESIAN_POINT('',(-5.269557543,5.894687127,1.583738059));
#8392=CARTESIAN_POINT('',(-5.37296334,5.887194347,1.508621002));
#8393=CARTESIAN_POINT('',(-5.494517158,5.880068318,1.469125772));
#8394=CARTESIAN_POINT('',(-5.494544314,5.880066726,1.469116948));
#8395=CARTESIAN_POINT('',(-5.49457147,5.880065134,1.469108127));
#8396=CARTESIAN_POINT('',(-5.494598627,5.880063542,1.469099307));
#8397=CARTESIAN_POINT('',(-5.616159027,5.872937127,1.429621115));
#8398=CARTESIAN_POINT('',(-5.743968773,5.865444347,1.429630542));
#8399=CARTESIAN_POINT('',(-5.865522591,5.858318318,1.469125772));
#8400=CARTESIAN_POINT('',(-5.865549747,5.858316726,1.469134595));
#8401=CARTESIAN_POINT('',(-5.865576902,5.858315134,1.46914342));
#8402=CARTESIAN_POINT('',(-5.865604057,5.858313542,1.469152248));
#8403=CARTESIAN_POINT('',(-5.987153185,5.851187127,1.50866513));
#8404=CARTESIAN_POINT('',(-6.090547901,5.843694347,1.58379744));
#8405=CARTESIAN_POINT('',(-6.165672292,5.836568318,1.687197294));
#8406=CARTESIAN_POINT('',(-6.165689075,5.836566726,1.687220394));
#8407=CARTESIAN_POINT('',(-6.165705856,5.836565134,1.687243496));
#8408=CARTESIAN_POINT('',(-6.165722636,5.836563542,1.687266599));
#8409=CARTESIAN_POINT('',(-6.240832858,5.829437127,1.790677976));
#8410=CARTESIAN_POINT('',(-6.280319276,5.821944347,1.91223518));
#8411=CARTESIAN_POINT('',(-6.280319276,5.814818318,2.040044429));
#8412=CARTESIAN_POINT('',(-6.280319276,5.814816726,2.040072982));
#8413=CARTESIAN_POINT('',(-6.280319274,5.814815134,2.040101536));
#8414=CARTESIAN_POINT('',(-6.28031927,5.814813542,2.040130089));
#8415=CARTESIAN_POINT('',(-6.280301032,5.807687127,2.167940332));
#8416=CARTESIAN_POINT('',(-6.240796683,5.800194347,2.28949171));
#8417=CARTESIAN_POINT('',(-6.165672292,5.793068318,2.392891564));
#8418=CARTESIAN_POINT('',(-6.165655508,5.793066726,2.392914664));
#8419=CARTESIAN_POINT('',(-6.165638724,5.793065134,2.392937763));
#8420=CARTESIAN_POINT('',(-6.165621937,5.793063542,2.392960861));
#8421=CARTESIAN_POINT('',(-6.090482207,5.785937127,2.496350799));
#8422=CARTESIAN_POINT('',(-5.98707641,5.778444347,2.571467856));
#8423=CARTESIAN_POINT('',(-5.865522591,5.771318318,2.610963086));
#8424=CARTESIAN_POINT('',(-5.865495435,5.771316726,2.61097191));
#8425=CARTESIAN_POINT('',(-5.865468279,5.771315134,2.610980731));
#8426=CARTESIAN_POINT('',(-5.865441122,5.771313542,2.610989551));
#8427=CARTESIAN_POINT('',(-5.743880722,5.764187127,2.650467743));
#8428=CARTESIAN_POINT('',(-5.616070977,5.756694347,2.650458316));
#8429=CARTESIAN_POINT('',(-5.494517158,5.749568318,2.610963086));
#8430=CARTESIAN_POINT('',(-5.494490002,5.749566726,2.610954263));
#8431=CARTESIAN_POINT('',(-5.494462847,5.749565134,2.610945438));
#8432=CARTESIAN_POINT('',(-5.494435692,5.749563542,2.61093661));
#8433=CARTESIAN_POINT('',(-5.372886565,5.742437127,2.571423728));
#8434=CARTESIAN_POINT('',(-5.269491849,5.734944347,2.496291418));
#8435=CARTESIAN_POINT('',(-5.194367457,5.727818318,2.392891564));
#8436=CARTESIAN_POINT('',(-5.194350674,5.727816726,2.392868464));
#8437=CARTESIAN_POINT('',(-5.194333893,5.727815134,2.392845362));
#8438=CARTESIAN_POINT('',(-5.194317113,5.727813542,2.392822259));
#8439=CARTESIAN_POINT('',(-5.119206892,5.720687127,2.289410882));
#8440=CARTESIAN_POINT('',(-5.079720474,5.713194347,2.167853678));
#8441=CARTESIAN_POINT('',(-5.079720474,5.706068318,2.040044429));
#8442=CARTESIAN_POINT('',(-5.079720474,5.706066726,2.040015876));
#8443=CARTESIAN_POINT('',(-5.079720476,5.706065134,2.039987322));
#8444=CARTESIAN_POINT('',(-5.07972048,5.706063542,2.039958769));
#8445=CARTESIAN_POINT('',(-5.079738718,5.698937127,1.912148526));
#8446=CARTESIAN_POINT('',(-5.119243066,5.691444347,1.790597148));
#8447=CARTESIAN_POINT('',(-5.194367457,5.684318318,1.687197294));
#8448=CARTESIAN_POINT('',(-5.194384241,5.684316726,1.687174194));
#8449=CARTESIAN_POINT('',(-5.194401025,5.684315134,1.687151095));
#8450=CARTESIAN_POINT('',(-5.194417812,5.684313542,1.687127997));
#8451=CARTESIAN_POINT('',(-5.269557543,5.677187127,1.583738059));
#8452=CARTESIAN_POINT('',(-5.37296334,5.669694347,1.508621002));
#8453=CARTESIAN_POINT('',(-5.494517158,5.662568318,1.469125772));
#8454=CARTESIAN_POINT('',(-5.494544314,5.662566726,1.469116948));
#8455=CARTESIAN_POINT('',(-5.49457147,5.662565134,1.469108127));
#8456=CARTESIAN_POINT('',(-5.494598627,5.662563542,1.469099307));
#8457=CARTESIAN_POINT('',(-5.616159027,5.655437127,1.429621115));
#8458=CARTESIAN_POINT('',(-5.743968773,5.647944347,1.429630542));
#8459=CARTESIAN_POINT('',(-5.865522591,5.640818318,1.469125772));
#8460=CARTESIAN_POINT('',(-5.865549747,5.640816726,1.469134595));
#8461=CARTESIAN_POINT('',(-5.865576902,5.640815134,1.46914342));
#8462=CARTESIAN_POINT('',(-5.865604057,5.640813542,1.469152248));
#8463=CARTESIAN_POINT('',(-5.987153185,5.633687127,1.50866513));
#8464=CARTESIAN_POINT('',(-6.090547901,5.626194347,1.58379744));
#8465=CARTESIAN_POINT('',(-6.165672292,5.619068318,1.687197294));
#8466=CARTESIAN_POINT('',(-6.165689075,5.619066726,1.687220394));
#8467=CARTESIAN_POINT('',(-6.165705856,5.619065134,1.687243496));
#8468=CARTESIAN_POINT('',(-6.165722636,5.619063542,1.687266599));
#8469=CARTESIAN_POINT('',(-6.240832858,5.611937127,1.790677976));
#8470=CARTESIAN_POINT('',(-6.280319276,5.604444347,1.91223518));
#8471=CARTESIAN_POINT('',(-6.280319276,5.597318318,2.040044429));
#8472=CARTESIAN_POINT('',(-6.280319276,5.597316726,2.040072982));
#8473=CARTESIAN_POINT('',(-6.280319274,5.597315134,2.040101536));
#8474=CARTESIAN_POINT('',(-6.28031927,5.597313542,2.040130089));
#8475=CARTESIAN_POINT('',(-6.280301032,5.590187127,2.167940332));
#8476=CARTESIAN_POINT('',(-6.240796683,5.582694347,2.28949171));
#8477=CARTESIAN_POINT('',(-6.165672292,5.575568318,2.392891564));
#8478=CARTESIAN_POINT('',(-6.165655508,5.575566726,2.392914664));
#8479=CARTESIAN_POINT('',(-6.165638724,5.575565134,2.392937763));
#8480=CARTESIAN_POINT('',(-6.165621937,5.575563542,2.392960861));
#8481=CARTESIAN_POINT('',(-6.090482207,5.568437127,2.496350799));
#8482=CARTESIAN_POINT('',(-5.98707641,5.560944347,2.571467856));
#8483=CARTESIAN_POINT('',(-5.865522591,5.553818318,2.610963086));
#8484=CARTESIAN_POINT('',(-5.865495435,5.553816726,2.61097191));
#8485=CARTESIAN_POINT('',(-5.865468279,5.553815134,2.610980731));
#8486=CARTESIAN_POINT('',(-5.865441122,5.553813542,2.610989551));
#8487=CARTESIAN_POINT('',(-5.743880722,5.546687127,2.650467743));
#8488=CARTESIAN_POINT('',(-5.616070977,5.539194347,2.650458316));
#8489=CARTESIAN_POINT('',(-5.494517158,5.532068318,2.610963086));
#8490=CARTESIAN_POINT('',(-5.494490002,5.532066726,2.610954263));
#8491=CARTESIAN_POINT('',(-5.494462847,5.532065134,2.610945438));
#8492=CARTESIAN_POINT('',(-5.494435692,5.532063542,2.61093661));
#8493=CARTESIAN_POINT('',(-5.372886565,5.524937127,2.571423728));
#8494=CARTESIAN_POINT('',(-5.269491849,5.517444347,2.496291418));
#8495=CARTESIAN_POINT('',(-5.194367457,5.510318318,2.392891564));
#8496=CARTESIAN_POINT('',(-5.194350674,5.510316726,2.392868464));
#8497=CARTESIAN_POINT('',(-5.194333893,5.510315134,2.392845362));
#8498=CARTESIAN_POINT('',(-5.194317113,5.510313542,2.392822259));
#8499=CARTESIAN_POINT('',(-5.119206892,5.503187127,2.289410882));
#8500=CARTESIAN_POINT('',(-5.079720474,5.495694347,2.167853678));
#8501=CARTESIAN_POINT('',(-5.079720474,5.488568318,2.040044429));
#8502=CARTESIAN_POINT('',(-5.079720474,5.488566726,2.040015876));
#8503=CARTESIAN_POINT('',(-5.079720476,5.488565134,2.039987322));
#8504=CARTESIAN_POINT('',(-5.07972048,5.488563542,2.039958769));
#8505=CARTESIAN_POINT('',(-5.079738718,5.481437127,1.912148526));
#8506=CARTESIAN_POINT('',(-5.119243066,5.473944347,1.790597148));
#8507=CARTESIAN_POINT('',(-5.194367457,5.466818318,1.687197294));
#8508=CARTESIAN_POINT('',(-5.194384241,5.466816726,1.687174194));
#8509=CARTESIAN_POINT('',(-5.194401025,5.466815134,1.687151095));
#8510=CARTESIAN_POINT('',(-5.194417812,5.466813542,1.687127997));
#8511=CARTESIAN_POINT('',(-5.269557543,5.459687127,1.583738059));
#8512=CARTESIAN_POINT('',(-5.37296334,5.452194347,1.508621002));
#8513=CARTESIAN_POINT('',(-5.494517158,5.445068318,1.469125772));
#8514=CARTESIAN_POINT('',(-5.494544314,5.445066726,1.469116948));
#8515=CARTESIAN_POINT('',(-5.49457147,5.445065134,1.469108127));
#8516=CARTESIAN_POINT('',(-5.494598627,5.445063542,1.469099307));
#8517=CARTESIAN_POINT('',(-5.616159027,5.437937127,1.429621115));
#8518=CARTESIAN_POINT('',(-5.743968773,5.430444347,1.429630542));
#8519=CARTESIAN_POINT('',(-5.865522591,5.423318318,1.469125772));
#8520=CARTESIAN_POINT('',(-5.865549747,5.423316726,1.469134595));
#8521=CARTESIAN_POINT('',(-5.865576902,5.423315134,1.46914342));
#8522=CARTESIAN_POINT('',(-5.865604057,5.423313542,1.469152248));
#8523=CARTESIAN_POINT('',(-5.987153185,5.416187127,1.50866513));
#8524=CARTESIAN_POINT('',(-6.090547901,5.408694347,1.58379744));
#8525=CARTESIAN_POINT('',(-6.165672292,5.401568318,1.687197294));
#8526=CARTESIAN_POINT('',(-6.165689075,5.401566726,1.687220394));
#8527=CARTESIAN_POINT('',(-6.165705856,5.401565134,1.687243496));
#8528=CARTESIAN_POINT('',(-6.165722636,5.401563542,1.687266599));
#8529=CARTESIAN_POINT('',(-6.240832858,5.394437127,1.790677976));
#8530=CARTESIAN_POINT('',(-6.280319276,5.386944347,1.91223518));
#8531=CARTESIAN_POINT('',(-6.280319276,5.379818318,2.040044429));
#8532=CARTESIAN_POINT('',(-6.280319276,5.379816726,2.040072982));
#8533=CARTESIAN_POINT('',(-6.280319274,5.379815134,2.040101536));
#8534=CARTESIAN_POINT('',(-6.28031927,5.379813542,2.040130089));
#8535=CARTESIAN_POINT('',(-6.280301032,5.372687127,2.167940332));
#8536=CARTESIAN_POINT('',(-6.240796683,5.365194347,2.28949171));
#8537=CARTESIAN_POINT('',(-6.165672292,5.358068318,2.392891564));
#8538=CARTESIAN_POINT('',(-6.165655508,5.358066726,2.392914664));
#8539=CARTESIAN_POINT('',(-6.165638724,5.358065134,2.392937763));
#8540=CARTESIAN_POINT('',(-6.165621937,5.358063542,2.392960861));
#8541=CARTESIAN_POINT('',(-6.090482207,5.350937127,2.496350799));
#8542=CARTESIAN_POINT('',(-5.98707641,5.343444347,2.571467856));
#8543=CARTESIAN_POINT('',(-5.865522591,5.336318318,2.610963086));
#8544=CARTESIAN_POINT('',(-5.865495435,5.336316726,2.61097191));
#8545=CARTESIAN_POINT('',(-5.865468279,5.336315134,2.610980731));
#8546=CARTESIAN_POINT('',(-5.865441122,5.336313542,2.610989551));
#8547=CARTESIAN_POINT('',(-5.743880722,5.329187127,2.650467743));
#8548=CARTESIAN_POINT('',(-5.616070977,5.321694347,2.650458316));
#8549=CARTESIAN_POINT('',(-5.494517158,5.314568318,2.610963086));
#8550=CARTESIAN_POINT('',(-5.494490002,5.314566726,2.610954263));
#8551=CARTESIAN_POINT('',(-5.494462847,5.314565134,2.610945438));
#8552=CARTESIAN_POINT('',(-5.494435692,5.314563542,2.61093661));
#8553=CARTESIAN_POINT('',(-5.372886565,5.307437127,2.571423728));
#8554=CARTESIAN_POINT('',(-5.269491849,5.299944347,2.496291418));
#8555=CARTESIAN_POINT('',(-5.194367457,5.292818318,2.392891564));
#8556=CARTESIAN_POINT('',(-5.194350674,5.292816726,2.392868464));
#8557=CARTESIAN_POINT('',(-5.194333893,5.292815134,2.392845362));
#8558=CARTESIAN_POINT('',(-5.194317113,5.292813542,2.392822259));
#8559=CARTESIAN_POINT('',(-5.119206892,5.285687127,2.289410882));
#8560=CARTESIAN_POINT('',(-5.079720474,5.278194347,2.167853678));
#8561=CARTESIAN_POINT('',(-5.079720474,5.271068318,2.040044429));
#8562=CARTESIAN_POINT('',(-5.079720474,5.271066726,2.040015876));
#8563=CARTESIAN_POINT('',(-5.079720476,5.271065134,2.039987322));
#8564=CARTESIAN_POINT('',(-5.07972048,5.271063542,2.039958769));
#8565=CARTESIAN_POINT('',(-5.079738718,5.263937127,1.912148526));
#8566=CARTESIAN_POINT('',(-5.119243066,5.256444347,1.790597148));
#8567=CARTESIAN_POINT('',(-5.194367457,5.249318318,1.687197294));
#8568=CARTESIAN_POINT('',(-5.194384241,5.249316726,1.687174194));
#8569=CARTESIAN_POINT('',(-5.194401025,5.249315134,1.687151095));
#8570=CARTESIAN_POINT('',(-5.194417812,5.249313542,1.687127997));
#8571=CARTESIAN_POINT('',(-5.269557543,5.242187127,1.583738059));
#8572=CARTESIAN_POINT('',(-5.37296334,5.234694347,1.508621002));
#8573=CARTESIAN_POINT('',(-5.494517158,5.227568318,1.469125772));
#8574=CARTESIAN_POINT('',(-5.494544314,5.227566726,1.469116948));
#8575=CARTESIAN_POINT('',(-5.49457147,5.227565134,1.469108127));
#8576=CARTESIAN_POINT('',(-5.494598627,5.227563542,1.469099307));
#8577=CARTESIAN_POINT('',(-5.616159027,5.220437127,1.429621115));
#8578=CARTESIAN_POINT('',(-5.743968773,5.212944347,1.429630542));
#8579=CARTESIAN_POINT('',(-5.865522591,5.205818318,1.469125772));
#8580=CARTESIAN_POINT('',(-5.865549747,5.205816726,1.469134595));
#8581=CARTESIAN_POINT('',(-5.865576902,5.205815134,1.46914342));
#8582=CARTESIAN_POINT('',(-5.865604057,5.205813542,1.469152248));
#8583=CARTESIAN_POINT('',(-5.987153185,5.198687127,1.50866513));
#8584=CARTESIAN_POINT('',(-6.090547901,5.191194347,1.58379744));
#8585=CARTESIAN_POINT('',(-6.165672292,5.184068318,1.687197294));
#8586=CARTESIAN_POINT('',(-6.165689075,5.184066726,1.687220394));
#8587=CARTESIAN_POINT('',(-6.165705856,5.184065134,1.687243496));
#8588=CARTESIAN_POINT('',(-6.165722636,5.184063542,1.687266599));
#8589=CARTESIAN_POINT('',(-6.240832858,5.176937127,1.790677976));
#8590=CARTESIAN_POINT('',(-6.280319276,5.169444347,1.91223518));
#8591=CARTESIAN_POINT('',(-6.280319276,5.162318318,2.040044429));
#8592=CARTESIAN_POINT('',(-6.280319276,5.162316726,2.040072982));
#8593=CARTESIAN_POINT('',(-6.280319274,5.162315134,2.040101536));
#8594=CARTESIAN_POINT('',(-6.28031927,5.162313542,2.040130089));
#8595=CARTESIAN_POINT('',(-6.280301032,5.155187127,2.167940332));
#8596=CARTESIAN_POINT('',(-6.240796683,5.147694347,2.28949171));
#8597=CARTESIAN_POINT('',(-6.165672292,5.140568318,2.392891564));
#8598=CARTESIAN_POINT('',(-6.165655508,5.140566726,2.392914664));
#8599=CARTESIAN_POINT('',(-6.165638724,5.140565134,2.392937763));
#8600=CARTESIAN_POINT('',(-6.165621937,5.140563542,2.392960861));
#8601=CARTESIAN_POINT('',(-6.090482207,5.133437127,2.496350799));
#8602=CARTESIAN_POINT('',(-5.98707641,5.125944347,2.571467856));
#8603=CARTESIAN_POINT('',(-5.865522591,5.118818318,2.610963086));
#8604=CARTESIAN_POINT('',(-5.865495435,5.118816726,2.61097191));
#8605=CARTESIAN_POINT('',(-5.865468279,5.118815134,2.610980731));
#8606=CARTESIAN_POINT('',(-5.865441122,5.118813542,2.610989551));
#8607=CARTESIAN_POINT('',(-5.743880722,5.111687127,2.650467743));
#8608=CARTESIAN_POINT('',(-5.616070977,5.104194347,2.650458316));
#8609=CARTESIAN_POINT('',(-5.494517158,5.097068318,2.610963086));
#8610=CARTESIAN_POINT('',(-5.494490002,5.097066726,2.610954263));
#8611=CARTESIAN_POINT('',(-5.494462847,5.097065134,2.610945438));
#8612=CARTESIAN_POINT('',(-5.494435692,5.097063542,2.61093661));
#8613=CARTESIAN_POINT('',(-5.372886565,5.089937127,2.571423728));
#8614=CARTESIAN_POINT('',(-5.269491849,5.082444347,2.496291418));
#8615=CARTESIAN_POINT('',(-5.194367457,5.075318318,2.392891564));
#8616=CARTESIAN_POINT('',(-5.194350674,5.075316726,2.392868464));
#8617=CARTESIAN_POINT('',(-5.194333893,5.075315134,2.392845362));
#8618=CARTESIAN_POINT('',(-5.194317113,5.075313542,2.392822259));
#8619=CARTESIAN_POINT('',(-5.119206892,5.068187127,2.289410882));
#8620=CARTESIAN_POINT('',(-5.079720474,5.060694347,2.167853678));
#8621=CARTESIAN_POINT('',(-5.079720474,5.053568318,2.040044429));
#8622=CARTESIAN_POINT('',(-5.079720474,5.053566726,2.040015876));
#8623=CARTESIAN_POINT('',(-5.079720476,5.053565134,2.039987322));
#8624=CARTESIAN_POINT('',(-5.07972048,5.053563542,2.039958769));
#8625=CARTESIAN_POINT('',(-5.079738718,5.046437127,1.912148526));
#8626=CARTESIAN_POINT('',(-5.119243066,5.038944347,1.790597148));
#8627=CARTESIAN_POINT('',(-5.194367457,5.031818318,1.687197294));
#8628=CARTESIAN_POINT('',(-5.194384241,5.031816726,1.687174194));
#8629=CARTESIAN_POINT('',(-5.194401025,5.031815134,1.687151095));
#8630=CARTESIAN_POINT('',(-5.194417812,5.031813542,1.687127997));
#8631=CARTESIAN_POINT('',(-5.269557543,5.024687127,1.583738059));
#8632=CARTESIAN_POINT('',(-5.37296334,5.017194347,1.508621002));
#8633=CARTESIAN_POINT('',(-5.494517158,5.010068318,1.469125772));
#8634=CARTESIAN_POINT('',(-5.494544314,5.010066726,1.469116948));
#8635=CARTESIAN_POINT('',(-5.49457147,5.010065134,1.469108127));
#8636=CARTESIAN_POINT('',(-5.494598627,5.010063542,1.469099307));
#8637=CARTESIAN_POINT('',(-5.616159027,5.002937127,1.429621115));
#8638=CARTESIAN_POINT('',(-5.743968773,4.995444347,1.429630542));
#8639=CARTESIAN_POINT('',(-5.865522591,4.988318318,1.469125772));
#8640=CARTESIAN_POINT('',(-5.865549747,4.988316726,1.469134595));
#8641=CARTESIAN_POINT('',(-5.865576902,4.988315134,1.46914342));
#8642=CARTESIAN_POINT('',(-5.865604057,4.988313542,1.469152248));
#8643=CARTESIAN_POINT('',(-5.987153185,4.981187127,1.50866513));
#8644=CARTESIAN_POINT('',(-6.090547901,4.973694347,1.58379744));
#8645=CARTESIAN_POINT('',(-6.165672292,4.966568318,1.687197294));
#8646=CARTESIAN_POINT('',(-6.165689075,4.966566726,1.687220394));
#8647=CARTESIAN_POINT('',(-6.165705856,4.966565134,1.687243496));
#8648=CARTESIAN_POINT('',(-6.165722636,4.966563542,1.687266599));
#8649=CARTESIAN_POINT('',(-6.240832858,4.959437127,1.790677976));
#8650=CARTESIAN_POINT('',(-6.280319276,4.951944347,1.91223518));
#8651=CARTESIAN_POINT('',(-6.280319276,4.944818318,2.040044429));
#8652=CARTESIAN_POINT('',(-6.280319276,4.944816726,2.040072982));
#8653=CARTESIAN_POINT('',(-6.280319274,4.944815134,2.040101536));
#8654=CARTESIAN_POINT('',(-6.28031927,4.944813542,2.040130089));
#8655=CARTESIAN_POINT('',(-6.280301032,4.937687127,2.167940332));
#8656=CARTESIAN_POINT('',(-6.240796683,4.930194347,2.28949171));
#8657=CARTESIAN_POINT('',(-6.165672292,4.923068318,2.392891564));
#8658=CARTESIAN_POINT('',(-6.165655508,4.923066726,2.392914664));
#8659=CARTESIAN_POINT('',(-6.165638724,4.923065134,2.392937763));
#8660=CARTESIAN_POINT('',(-6.165621937,4.923063542,2.392960861));
#8661=CARTESIAN_POINT('',(-6.090482207,4.915937127,2.496350799));
#8662=CARTESIAN_POINT('',(-5.98707641,4.908444347,2.571467856));
#8663=CARTESIAN_POINT('',(-5.865522591,4.901318318,2.610963086));
#8664=CARTESIAN_POINT('',(-5.865495435,4.901316726,2.61097191));
#8665=CARTESIAN_POINT('',(-5.865468279,4.901315134,2.610980731));
#8666=CARTESIAN_POINT('',(-5.865441122,4.901313542,2.610989551));
#8667=CARTESIAN_POINT('',(-5.743880722,4.894187127,2.650467743));
#8668=CARTESIAN_POINT('',(-5.616070977,4.886694347,2.650458316));
#8669=CARTESIAN_POINT('',(-5.494517158,4.879568318,2.610963086));
#8670=CARTESIAN_POINT('',(-5.494490002,4.879566726,2.610954263));
#8671=CARTESIAN_POINT('',(-5.494462847,4.879565134,2.610945438));
#8672=CARTESIAN_POINT('',(-5.494435692,4.879563542,2.61093661));
#8673=CARTESIAN_POINT('',(-5.372886565,4.872437127,2.571423728));
#8674=CARTESIAN_POINT('',(-5.269491849,4.864944347,2.496291418));
#8675=CARTESIAN_POINT('',(-5.194367457,4.857818318,2.392891564));
#8676=CARTESIAN_POINT('',(-5.194350674,4.857816726,2.392868464));
#8677=CARTESIAN_POINT('',(-5.194333893,4.857815134,2.392845362));
#8678=CARTESIAN_POINT('',(-5.194317113,4.857813542,2.392822259));
#8679=CARTESIAN_POINT('',(-5.119206892,4.850687127,2.289410882));
#8680=CARTESIAN_POINT('',(-5.079720474,4.843194347,2.167853678));
#8681=CARTESIAN_POINT('',(-5.079720474,4.836068318,2.040044429));
#8682=CARTESIAN_POINT('',(-5.079720474,4.836066726,2.040015876));
#8683=CARTESIAN_POINT('',(-5.079720476,4.836065134,2.039987322));
#8684=CARTESIAN_POINT('',(-5.07972048,4.836063542,2.039958769));
#8685=CARTESIAN_POINT('',(-5.079738718,4.828937127,1.912148526));
#8686=CARTESIAN_POINT('',(-5.119243066,4.821444347,1.790597148));
#8687=CARTESIAN_POINT('',(-5.194367457,4.814318318,1.687197294));
#8688=CARTESIAN_POINT('',(-5.194384241,4.814316726,1.687174194));
#8689=CARTESIAN_POINT('',(-5.194401025,4.814315134,1.687151095));
#8690=CARTESIAN_POINT('',(-5.194417812,4.814313542,1.687127997));
#8691=CARTESIAN_POINT('',(-5.269557543,4.807187127,1.583738059));
#8692=CARTESIAN_POINT('',(-5.37296334,4.799694347,1.508621002));
#8693=CARTESIAN_POINT('',(-5.494517158,4.792568318,1.469125772));
#8694=CARTESIAN_POINT('',(-5.494544314,4.792566726,1.469116948));
#8695=CARTESIAN_POINT('',(-5.49457147,4.792565134,1.469108127));
#8696=CARTESIAN_POINT('',(-5.494598627,4.792563542,1.469099307));
#8697=CARTESIAN_POINT('',(-5.616159027,4.785437127,1.429621115));
#8698=CARTESIAN_POINT('',(-5.743968773,4.777944347,1.429630542));
#8699=CARTESIAN_POINT('',(-5.865522591,4.770818318,1.469125772));
#8700=CARTESIAN_POINT('',(-5.865549747,4.770816726,1.469134595));
#8701=CARTESIAN_POINT('',(-5.865576902,4.770815134,1.46914342));
#8702=CARTESIAN_POINT('',(-5.865604057,4.770813542,1.469152248));
#8703=CARTESIAN_POINT('',(-5.987153185,4.763687127,1.50866513));
#8704=CARTESIAN_POINT('',(-6.090547901,4.756194347,1.58379744));
#8705=CARTESIAN_POINT('',(-6.165672292,4.749068318,1.687197294));
#8706=CARTESIAN_POINT('',(-6.165689075,4.749066726,1.687220394));
#8707=CARTESIAN_POINT('',(-6.165705856,4.749065134,1.687243496));
#8708=CARTESIAN_POINT('',(-6.165722636,4.749063542,1.687266599));
#8709=CARTESIAN_POINT('',(-6.240832858,4.741937127,1.790677976));
#8710=CARTESIAN_POINT('',(-6.280319276,4.734444347,1.91223518));
#8711=CARTESIAN_POINT('',(-6.280319276,4.727318318,2.040044429));
#8712=CARTESIAN_POINT('',(-6.280319276,4.727316726,2.040072982));
#8713=CARTESIAN_POINT('',(-6.280319274,4.727315134,2.040101536));
#8714=CARTESIAN_POINT('',(-6.28031927,4.727313542,2.040130089));
#8715=CARTESIAN_POINT('',(-6.280301032,4.720187127,2.167940332));
#8716=CARTESIAN_POINT('',(-6.240796683,4.712694347,2.28949171));
#8717=CARTESIAN_POINT('',(-6.165672292,4.705568318,2.392891564));
#8718=CARTESIAN_POINT('',(-6.165655508,4.705566726,2.392914664));
#8719=CARTESIAN_POINT('',(-6.165638724,4.705565134,2.392937763));
#8720=CARTESIAN_POINT('',(-6.165621937,4.705563542,2.392960861));
#8721=CARTESIAN_POINT('',(-6.090482207,4.698437127,2.496350799));
#8722=CARTESIAN_POINT('',(-5.98707641,4.690944347,2.571467856));
#8723=CARTESIAN_POINT('',(-5.865522591,4.683818318,2.610963086));
#8724=CARTESIAN_POINT('',(-5.865495435,4.683816726,2.61097191));
#8725=CARTESIAN_POINT('',(-5.865468279,4.683815134,2.610980731));
#8726=CARTESIAN_POINT('',(-5.865441122,4.683813542,2.610989551));
#8727=CARTESIAN_POINT('',(-5.743880722,4.676687127,2.650467743));
#8728=CARTESIAN_POINT('',(-5.616070977,4.669194347,2.650458316));
#8729=CARTESIAN_POINT('',(-5.494517158,4.662068318,2.610963086));
#8730=CARTESIAN_POINT('',(-5.494490002,4.662066726,2.610954263));
#8731=CARTESIAN_POINT('',(-5.494462847,4.662065134,2.610945438));
#8732=CARTESIAN_POINT('',(-5.494435692,4.662063542,2.61093661));
#8733=CARTESIAN_POINT('',(-5.372886565,4.654937127,2.571423728));
#8734=CARTESIAN_POINT('',(-5.269491849,4.647444347,2.496291418));
#8735=CARTESIAN_POINT('',(-5.194367457,4.640318318,2.392891564));
#8736=CARTESIAN_POINT('',(-5.194350674,4.640316726,2.392868464));
#8737=CARTESIAN_POINT('',(-5.194333893,4.640315134,2.392845362));
#8738=CARTESIAN_POINT('',(-5.194317113,4.640313542,2.392822259));
#8739=CARTESIAN_POINT('',(-5.119206892,4.633187127,2.289410882));
#8740=CARTESIAN_POINT('',(-5.079720474,4.625694347,2.167853678));
#8741=CARTESIAN_POINT('',(-5.079720474,4.618568318,2.040044429));
#8742=CARTESIAN_POINT('',(-5.079720474,4.618566726,2.040015876));
#8743=CARTESIAN_POINT('',(-5.079720476,4.618565134,2.039987322));
#8744=CARTESIAN_POINT('',(-5.07972048,4.618563542,2.039958769));
#8745=CARTESIAN_POINT('',(-5.079738718,4.611437127,1.912148526));
#8746=CARTESIAN_POINT('',(-5.119243066,4.603944347,1.790597148));
#8747=CARTESIAN_POINT('',(-5.194367457,4.596818318,1.687197294));
#8748=CARTESIAN_POINT('',(-5.194384241,4.596816726,1.687174194));
#8749=CARTESIAN_POINT('',(-5.194401025,4.596815134,1.687151095));
#8750=CARTESIAN_POINT('',(-5.194417812,4.596813542,1.687127997));
#8751=CARTESIAN_POINT('',(-5.269557543,4.589687127,1.583738059));
#8752=CARTESIAN_POINT('',(-5.37296334,4.582194347,1.508621002));
#8753=CARTESIAN_POINT('',(-5.494517158,4.575068318,1.469125772));
#8754=CARTESIAN_POINT('',(-5.494544314,4.575066726,1.469116948));
#8755=CARTESIAN_POINT('',(-5.49457147,4.575065134,1.469108127));
#8756=CARTESIAN_POINT('',(-5.494598627,4.575063542,1.469099307));
#8757=CARTESIAN_POINT('',(-5.616159027,4.567937127,1.429621115));
#8758=CARTESIAN_POINT('',(-5.743968773,4.560444347,1.429630542));
#8759=CARTESIAN_POINT('',(-5.865522591,4.553318318,1.469125772));
#8760=CARTESIAN_POINT('',(-5.865549747,4.553316726,1.469134595));
#8761=CARTESIAN_POINT('',(-5.865576902,4.553315134,1.46914342));
#8762=CARTESIAN_POINT('',(-5.865604057,4.553313542,1.469152248));
#8763=CARTESIAN_POINT('',(-5.987153185,4.546187127,1.50866513));
#8764=CARTESIAN_POINT('',(-6.090547901,4.538694347,1.58379744));
#8765=CARTESIAN_POINT('',(-6.165672292,4.531568318,1.687197294));
#8766=CARTESIAN_POINT('',(-6.165689075,4.531566726,1.687220394));
#8767=CARTESIAN_POINT('',(-6.165705856,4.531565134,1.687243496));
#8768=CARTESIAN_POINT('',(-6.165722636,4.531563542,1.687266599));
#8769=CARTESIAN_POINT('',(-6.240832858,4.524437127,1.790677976));
#8770=CARTESIAN_POINT('',(-6.280319276,4.516944347,1.91223518));
#8771=CARTESIAN_POINT('',(-6.280319276,4.509818318,2.040044429));
#8772=CARTESIAN_POINT('',(-6.280319276,4.509816726,2.040072982));
#8773=CARTESIAN_POINT('',(-6.280319274,4.509815134,2.040101536));
#8774=CARTESIAN_POINT('',(-6.28031927,4.509813542,2.040130089));
#8775=CARTESIAN_POINT('',(-6.280301032,4.502687127,2.167940332));
#8776=CARTESIAN_POINT('',(-6.240796683,4.495194347,2.28949171));
#8777=CARTESIAN_POINT('',(-6.165672292,4.488068318,2.392891564));
#8778=CARTESIAN_POINT('',(-6.165655508,4.488066726,2.392914664));
#8779=CARTESIAN_POINT('',(-6.165638724,4.488065134,2.392937763));
#8780=CARTESIAN_POINT('',(-6.165621937,4.488063542,2.392960861));
#8781=CARTESIAN_POINT('',(-6.090482207,4.480937127,2.496350799));
#8782=CARTESIAN_POINT('',(-5.98707641,4.473444347,2.571467856));
#8783=CARTESIAN_POINT('',(-5.865522591,4.466318318,2.610963086));
#8784=CARTESIAN_POINT('',(-5.865495435,4.466316726,2.61097191));
#8785=CARTESIAN_POINT('',(-5.865468279,4.466315134,2.610980731));
#8786=CARTESIAN_POINT('',(-5.865441122,4.466313542,2.610989551));
#8787=CARTESIAN_POINT('',(-5.743880722,4.459187127,2.650467743));
#8788=CARTESIAN_POINT('',(-5.616070977,4.451694347,2.650458316));
#8789=CARTESIAN_POINT('',(-5.494517158,4.444568318,2.610963086));
#8790=CARTESIAN_POINT('',(-5.494490002,4.444566726,2.610954263));
#8791=CARTESIAN_POINT('',(-5.494462847,4.444565134,2.610945438));
#8792=CARTESIAN_POINT('',(-5.494435692,4.444563542,2.61093661));
#8793=CARTESIAN_POINT('',(-5.372886565,4.437437127,2.571423728));
#8794=CARTESIAN_POINT('',(-5.269491849,4.429944347,2.496291418));
#8795=CARTESIAN_POINT('',(-5.194367457,4.422818318,2.392891564));
#8796=CARTESIAN_POINT('',(-5.194350674,4.422816726,2.392868464));
#8797=CARTESIAN_POINT('',(-5.194333893,4.422815134,2.392845362));
#8798=CARTESIAN_POINT('',(-5.194317113,4.422813542,2.392822259));
#8799=CARTESIAN_POINT('',(-5.119206892,4.415687127,2.289410882));
#8800=CARTESIAN_POINT('',(-5.079720474,4.408194347,2.167853678));
#8801=CARTESIAN_POINT('',(-5.079720474,4.401068318,2.040044429));
#8802=CARTESIAN_POINT('',(-5.079720474,4.401066726,2.040015876));
#8803=CARTESIAN_POINT('',(-5.079720476,4.401065134,2.039987322));
#8804=CARTESIAN_POINT('',(-5.07972048,4.401063542,2.039958769));
#8805=CARTESIAN_POINT('',(-5.079738718,4.393937127,1.912148526));
#8806=CARTESIAN_POINT('',(-5.119243066,4.386444347,1.790597148));
#8807=CARTESIAN_POINT('',(-5.194367457,4.379318318,1.687197294));
#8808=CARTESIAN_POINT('',(-5.194384241,4.379316726,1.687174194));
#8809=CARTESIAN_POINT('',(-5.194401025,4.379315134,1.687151095));
#8810=CARTESIAN_POINT('',(-5.194417812,4.379313542,1.687127997));
#8811=CARTESIAN_POINT('',(-5.269557543,4.372187127,1.583738059));
#8812=CARTESIAN_POINT('',(-5.37296334,4.364694347,1.508621002));
#8813=CARTESIAN_POINT('',(-5.494517158,4.357568318,1.469125772));
#8814=CARTESIAN_POINT('',(-5.494544314,4.357566726,1.469116948));
#8815=CARTESIAN_POINT('',(-5.49457147,4.357565134,1.469108127));
#8816=CARTESIAN_POINT('',(-5.494598627,4.357563542,1.469099307));
#8817=CARTESIAN_POINT('',(-5.616159027,4.350437127,1.429621115));
#8818=CARTESIAN_POINT('',(-5.743968773,4.342944347,1.429630542));
#8819=CARTESIAN_POINT('',(-5.865522591,4.335818318,1.469125772));
#8820=CARTESIAN_POINT('',(-5.865549747,4.335816726,1.469134595));
#8821=CARTESIAN_POINT('',(-5.865576902,4.335815134,1.46914342));
#8822=CARTESIAN_POINT('',(-5.865604057,4.335813542,1.469152248));
#8823=CARTESIAN_POINT('',(-5.987153185,4.328687127,1.50866513));
#8824=CARTESIAN_POINT('',(-6.090547901,4.321194347,1.58379744));
#8825=CARTESIAN_POINT('',(-6.165672292,4.314068318,1.687197294));
#8826=CARTESIAN_POINT('',(-6.165689075,4.314066726,1.687220394));
#8827=CARTESIAN_POINT('',(-6.165705856,4.314065134,1.687243496));
#8828=CARTESIAN_POINT('',(-6.165722636,4.314063542,1.687266599));
#8829=CARTESIAN_POINT('',(-6.240832858,4.306937127,1.790677976));
#8830=CARTESIAN_POINT('',(-6.280319276,4.299444347,1.91223518));
#8831=CARTESIAN_POINT('',(-6.280319276,4.292318318,2.040044429));
#8832=CARTESIAN_POINT('',(-6.280319276,4.292316726,2.040072982));
#8833=CARTESIAN_POINT('',(-6.280319274,4.292315134,2.040101536));
#8834=CARTESIAN_POINT('',(-6.28031927,4.292313542,2.040130089));
#8835=CARTESIAN_POINT('',(-6.280301032,4.285187127,2.167940332));
#8836=CARTESIAN_POINT('',(-6.240796683,4.277694347,2.28949171));
#8837=CARTESIAN_POINT('',(-6.165672292,4.270568318,2.392891564));
#8838=CARTESIAN_POINT('',(-6.165655508,4.270566726,2.392914664));
#8839=CARTESIAN_POINT('',(-6.165638724,4.270565134,2.392937763));
#8840=CARTESIAN_POINT('',(-6.165621937,4.270563542,2.392960861));
#8841=CARTESIAN_POINT('',(-6.090482207,4.263437127,2.496350799));
#8842=CARTESIAN_POINT('',(-5.98707641,4.255944347,2.571467856));
#8843=CARTESIAN_POINT('',(-5.865522591,4.248818318,2.610963086));
#8844=CARTESIAN_POINT('',(-5.865495435,4.248816726,2.61097191));
#8845=CARTESIAN_POINT('',(-5.865468279,4.248815134,2.610980731));
#8846=CARTESIAN_POINT('',(-5.865441122,4.248813542,2.610989551));
#8847=CARTESIAN_POINT('',(-5.743880722,4.241687127,2.650467743));
#8848=CARTESIAN_POINT('',(-5.616070977,4.234194347,2.650458316));
#8849=CARTESIAN_POINT('',(-5.494517158,4.227068318,2.610963086));
#8850=CARTESIAN_POINT('',(-5.494490002,4.227066726,2.610954263));
#8851=CARTESIAN_POINT('',(-5.494462847,4.227065134,2.610945438));
#8852=CARTESIAN_POINT('',(-5.494435692,4.227063542,2.61093661));
#8853=CARTESIAN_POINT('',(-5.372886565,4.219937127,2.571423728));
#8854=CARTESIAN_POINT('',(-5.269491849,4.212444347,2.496291418));
#8855=CARTESIAN_POINT('',(-5.194367457,4.205318318,2.392891564));
#8856=CARTESIAN_POINT('',(-5.194350674,4.205316726,2.392868464));
#8857=CARTESIAN_POINT('',(-5.194333893,4.205315134,2.392845362));
#8858=CARTESIAN_POINT('',(-5.194317113,4.205313542,2.392822259));
#8859=CARTESIAN_POINT('',(-5.119206892,4.198187127,2.289410882));
#8860=CARTESIAN_POINT('',(-5.079720474,4.190694347,2.167853678));
#8861=CARTESIAN_POINT('',(-5.079720474,4.183568318,2.040044429));
#8862=CARTESIAN_POINT('',(-5.079720474,4.183566726,2.040015876));
#8863=CARTESIAN_POINT('',(-5.079720476,4.183565134,2.039987322));
#8864=CARTESIAN_POINT('',(-5.07972048,4.183563542,2.039958769));
#8865=CARTESIAN_POINT('',(-5.079738718,4.176437127,1.912148526));
#8866=CARTESIAN_POINT('',(-5.119243066,4.168944347,1.790597148));
#8867=CARTESIAN_POINT('',(-5.194367457,4.161818318,1.687197294));
#8868=CARTESIAN_POINT('',(-5.194384241,4.161816726,1.687174194));
#8869=CARTESIAN_POINT('',(-5.194401025,4.161815134,1.687151095));
#8870=CARTESIAN_POINT('',(-5.194417812,4.161813542,1.687127997));
#8871=CARTESIAN_POINT('',(-5.269557543,4.154687127,1.583738059));
#8872=CARTESIAN_POINT('',(-5.37296334,4.147194347,1.508621002));
#8873=CARTESIAN_POINT('',(-5.494517158,4.140068318,1.469125772));
#8874=CARTESIAN_POINT('',(-5.494544314,4.140066726,1.469116948));
#8875=CARTESIAN_POINT('',(-5.49457147,4.140065134,1.469108127));
#8876=CARTESIAN_POINT('',(-5.494598627,4.140063542,1.469099307));
#8877=CARTESIAN_POINT('',(-5.616159027,4.132937127,1.429621115));
#8878=CARTESIAN_POINT('',(-5.743968773,4.125444347,1.429630542));
#8879=CARTESIAN_POINT('',(-5.865522591,4.118318318,1.469125772));
#8880=CARTESIAN_POINT('',(-5.865549747,4.118316726,1.469134595));
#8881=CARTESIAN_POINT('',(-5.865576902,4.118315134,1.46914342));
#8882=CARTESIAN_POINT('',(-5.865604057,4.118313542,1.469152248));
#8883=CARTESIAN_POINT('',(-5.987153185,4.111187127,1.50866513));
#8884=CARTESIAN_POINT('',(-6.090547901,4.103694347,1.58379744));
#8885=CARTESIAN_POINT('',(-6.165672292,4.096568318,1.687197294));
#8886=CARTESIAN_POINT('',(-6.165689075,4.096566726,1.687220394));
#8887=CARTESIAN_POINT('',(-6.165705856,4.096565134,1.687243496));
#8888=CARTESIAN_POINT('',(-6.165722636,4.096563542,1.687266599));
#8889=CARTESIAN_POINT('',(-6.240832858,4.089437127,1.790677976));
#8890=CARTESIAN_POINT('',(-6.280319276,4.081944347,1.91223518));
#8891=CARTESIAN_POINT('',(-6.280319276,4.074818318,2.040044429));
#8892=CARTESIAN_POINT('',(-6.280319276,4.074816726,2.040072982));
#8893=CARTESIAN_POINT('',(-6.280319274,4.074815134,2.040101536));
#8894=CARTESIAN_POINT('',(-6.28031927,4.074813542,2.040130089));
#8895=CARTESIAN_POINT('',(-6.280301032,4.067687127,2.167940332));
#8896=CARTESIAN_POINT('',(-6.240796683,4.060194347,2.28949171));
#8897=CARTESIAN_POINT('',(-6.165672292,4.053068318,2.392891564));
#8898=CARTESIAN_POINT('',(-6.165655508,4.053066726,2.392914664));
#8899=CARTESIAN_POINT('',(-6.165638724,4.053065134,2.392937763));
#8900=CARTESIAN_POINT('',(-6.165621937,4.053063542,2.392960861));
#8901=CARTESIAN_POINT('',(-6.090482207,4.045937127,2.496350799));
#8902=CARTESIAN_POINT('',(-5.98707641,4.038444347,2.571467856));
#8903=CARTESIAN_POINT('',(-5.865522591,4.031318318,2.610963086));
#8904=CARTESIAN_POINT('',(-5.865495435,4.031316726,2.61097191));
#8905=CARTESIAN_POINT('',(-5.865468279,4.031315134,2.610980731));
#8906=CARTESIAN_POINT('',(-5.865441122,4.031313542,2.610989551));
#8907=CARTESIAN_POINT('',(-5.743880722,4.024187127,2.650467743));
#8908=CARTESIAN_POINT('',(-5.616070977,4.016694347,2.650458316));
#8909=CARTESIAN_POINT('',(-5.494517158,4.009568318,2.610963086));
#8910=CARTESIAN_POINT('',(-5.494490002,4.009566726,2.610954263));
#8911=CARTESIAN_POINT('',(-5.494462847,4.009565134,2.610945438));
#8912=CARTESIAN_POINT('',(-5.494435692,4.009563542,2.61093661));
#8913=CARTESIAN_POINT('',(-5.372886565,4.002437127,2.571423728));
#8914=CARTESIAN_POINT('',(-5.269491849,3.994944347,2.496291418));
#8915=CARTESIAN_POINT('',(-5.194367457,3.987818318,2.392891564));
#8916=CARTESIAN_POINT('',(-5.194350674,3.987816726,2.392868464));
#8917=CARTESIAN_POINT('',(-5.194333893,3.987815134,2.392845362));
#8918=CARTESIAN_POINT('',(-5.194317113,3.987813542,2.392822259));
#8919=CARTESIAN_POINT('',(-5.119206892,3.980687127,2.289410882));
#8920=CARTESIAN_POINT('',(-5.079720474,3.973194347,2.167853678));
#8921=CARTESIAN_POINT('',(-5.079720474,3.966068318,2.040044429));
#8922=CARTESIAN_POINT('',(-5.079720474,3.966066726,2.040015876));
#8923=CARTESIAN_POINT('',(-5.079720476,3.966065134,2.039987322));
#8924=CARTESIAN_POINT('',(-5.07972048,3.966063542,2.039958769));
#8925=CARTESIAN_POINT('',(-5.079738718,3.958937127,1.912148526));
#8926=CARTESIAN_POINT('',(-5.119243066,3.951444347,1.790597148));
#8927=CARTESIAN_POINT('',(-5.194367457,3.944318318,1.687197294));
#8928=CARTESIAN_POINT('',(-5.194384241,3.944316726,1.687174194));
#8929=CARTESIAN_POINT('',(-5.194401025,3.944315134,1.687151095));
#8930=CARTESIAN_POINT('',(-5.194417812,3.944313542,1.687127997));
#8931=CARTESIAN_POINT('',(-5.269557543,3.937187127,1.583738059));
#8932=CARTESIAN_POINT('',(-5.37296334,3.929694347,1.508621002));
#8933=CARTESIAN_POINT('',(-5.494517158,3.922568318,1.469125772));
#8934=CARTESIAN_POINT('',(-5.494544314,3.922566726,1.469116948));
#8935=CARTESIAN_POINT('',(-5.49457147,3.922565134,1.469108127));
#8936=CARTESIAN_POINT('',(-5.494598627,3.922563542,1.469099307));
#8937=CARTESIAN_POINT('',(-5.616159027,3.915437127,1.429621115));
#8938=CARTESIAN_POINT('',(-5.743968773,3.907944347,1.429630542));
#8939=CARTESIAN_POINT('',(-5.865522591,3.900818318,1.469125772));
#8940=CARTESIAN_POINT('',(-5.865549747,3.900816726,1.469134595));
#8941=CARTESIAN_POINT('',(-5.865576902,3.900815134,1.46914342));
#8942=CARTESIAN_POINT('',(-5.865604057,3.900813542,1.469152248));
#8943=CARTESIAN_POINT('',(-5.987153185,3.893687127,1.50866513));
#8944=CARTESIAN_POINT('',(-6.090547901,3.886194347,1.58379744));
#8945=CARTESIAN_POINT('',(-6.165672292,3.879068318,1.687197294));
#8946=CARTESIAN_POINT('',(-6.165689075,3.879066726,1.687220394));
#8947=CARTESIAN_POINT('',(-6.165705856,3.879065134,1.687243496));
#8948=CARTESIAN_POINT('',(-6.165722636,3.879063542,1.687266599));
#8949=CARTESIAN_POINT('',(-6.240832858,3.871937127,1.790677976));
#8950=CARTESIAN_POINT('',(-6.280319276,3.864444347,1.91223518));
#8951=CARTESIAN_POINT('',(-6.280319276,3.857318318,2.040044429));
#8952=CARTESIAN_POINT('',(-6.280319276,3.857316726,2.040072982));
#8953=CARTESIAN_POINT('',(-6.280319274,3.857315134,2.040101536));
#8954=CARTESIAN_POINT('',(-6.28031927,3.857313542,2.040130089));
#8955=CARTESIAN_POINT('',(-6.280301032,3.850187127,2.167940332));
#8956=CARTESIAN_POINT('',(-6.240796683,3.842694347,2.28949171));
#8957=CARTESIAN_POINT('',(-6.165672292,3.835568318,2.392891564));
#8958=CARTESIAN_POINT('',(-6.165655508,3.835566726,2.392914664));
#8959=CARTESIAN_POINT('',(-6.165638724,3.835565134,2.392937763));
#8960=CARTESIAN_POINT('',(-6.165621937,3.835563542,2.392960861));
#8961=CARTESIAN_POINT('',(-6.090482207,3.828437127,2.496350799));
#8962=CARTESIAN_POINT('',(-5.98707641,3.820944347,2.571467856));
#8963=CARTESIAN_POINT('',(-5.865522591,3.813818318,2.610963086));
#8964=CARTESIAN_POINT('',(-5.865495435,3.813816726,2.61097191));
#8965=CARTESIAN_POINT('',(-5.865468279,3.813815134,2.610980731));
#8966=CARTESIAN_POINT('',(-5.865441122,3.813813542,2.610989551));
#8967=CARTESIAN_POINT('',(-5.743880722,3.806687127,2.650467743));
#8968=CARTESIAN_POINT('',(-5.616070977,3.799194347,2.650458316));
#8969=CARTESIAN_POINT('',(-5.494517158,3.792068318,2.610963086));
#8970=CARTESIAN_POINT('',(-5.494490002,3.792066726,2.610954263));
#8971=CARTESIAN_POINT('',(-5.494462847,3.792065134,2.610945438));
#8972=CARTESIAN_POINT('',(-5.494435692,3.792063542,2.61093661));
#8973=CARTESIAN_POINT('',(-5.372886565,3.784937127,2.571423728));
#8974=CARTESIAN_POINT('',(-5.269491849,3.777444347,2.496291418));
#8975=CARTESIAN_POINT('',(-5.194367457,3.770318318,2.392891564));
#8976=CARTESIAN_POINT('',(-5.194350674,3.770316726,2.392868464));
#8977=CARTESIAN_POINT('',(-5.194333893,3.770315134,2.392845362));
#8978=CARTESIAN_POINT('',(-5.194317113,3.770313542,2.392822259));
#8979=CARTESIAN_POINT('',(-5.119206892,3.763187127,2.289410882));
#8980=CARTESIAN_POINT('',(-5.079720474,3.755694347,2.167853678));
#8981=CARTESIAN_POINT('',(-5.079720474,3.748568318,2.040044429));
#8982=CARTESIAN_POINT('',(-5.079720474,3.748566726,2.040015876));
#8983=CARTESIAN_POINT('',(-5.079720476,3.748565134,2.039987322));
#8984=CARTESIAN_POINT('',(-5.07972048,3.748563542,2.039958769));
#8985=CARTESIAN_POINT('',(-5.079738718,3.741437127,1.912148526));
#8986=CARTESIAN_POINT('',(-5.119243066,3.733944347,1.790597148));
#8987=CARTESIAN_POINT('',(-5.194367457,3.726818318,1.687197294));
#8988=CARTESIAN_POINT('',(-5.194384241,3.726816726,1.687174194));
#8989=CARTESIAN_POINT('',(-5.194401025,3.726815134,1.687151095));
#8990=CARTESIAN_POINT('',(-5.194417812,3.726813542,1.687127997));
#8991=CARTESIAN_POINT('',(-5.269557543,3.719687127,1.583738059));
#8992=CARTESIAN_POINT('',(-5.37296334,3.712194347,1.508621002));
#8993=CARTESIAN_POINT('',(-5.494517158,3.705068318,1.469125772));
#8994=CARTESIAN_POINT('',(-5.494544314,3.705066726,1.469116948));
#8995=CARTESIAN_POINT('',(-5.49457147,3.705065134,1.469108127));
#8996=CARTESIAN_POINT('',(-5.494598627,3.705063542,1.469099307));
#8997=CARTESIAN_POINT('',(-5.616159027,3.697937127,1.429621115));
#8998=CARTESIAN_POINT('',(-5.743968773,3.690444347,1.429630542));
#8999=CARTESIAN_POINT('',(-5.865522591,3.683318318,1.469125772));
#9000=CARTESIAN_POINT('',(-5.865549747,3.683316726,1.469134595));
#9001=CARTESIAN_POINT('',(-5.865576902,3.683315134,1.46914342));
#9002=CARTESIAN_POINT('',(-5.865604057,3.683313542,1.469152248));
#9003=CARTESIAN_POINT('',(-5.987153185,3.676187127,1.50866513));
#9004=CARTESIAN_POINT('',(-6.090547901,3.668694347,1.58379744));
#9005=CARTESIAN_POINT('',(-6.165672292,3.661568318,1.687197294));
#9006=CARTESIAN_POINT('',(-6.165689075,3.661566726,1.687220394));
#9007=CARTESIAN_POINT('',(-6.165705856,3.661565134,1.687243496));
#9008=CARTESIAN_POINT('',(-6.165722636,3.661563542,1.687266599));
#9009=CARTESIAN_POINT('',(-6.240832858,3.654437127,1.790677976));
#9010=CARTESIAN_POINT('',(-6.280319276,3.646944347,1.91223518));
#9011=CARTESIAN_POINT('',(-6.280319276,3.639818318,2.040044429));
#9012=CARTESIAN_POINT('',(-6.280319276,3.639816726,2.040072982));
#9013=CARTESIAN_POINT('',(-6.280319274,3.639815134,2.040101536));
#9014=CARTESIAN_POINT('',(-6.28031927,3.639813542,2.040130089));
#9015=CARTESIAN_POINT('',(-6.280301032,3.632687127,2.167940332));
#9016=CARTESIAN_POINT('',(-6.240796683,3.625194347,2.28949171));
#9017=CARTESIAN_POINT('',(-6.165672292,3.618068318,2.392891564));
#9018=CARTESIAN_POINT('',(-6.165655508,3.618066726,2.392914664));
#9019=CARTESIAN_POINT('',(-6.165638724,3.618065134,2.392937763));
#9020=CARTESIAN_POINT('',(-6.165621937,3.618063542,2.392960861));
#9021=CARTESIAN_POINT('',(-6.090482207,3.610937127,2.496350799));
#9022=CARTESIAN_POINT('',(-5.98707641,3.603444347,2.571467856));
#9023=CARTESIAN_POINT('',(-5.865522591,3.596318318,2.610963086));
#9024=CARTESIAN_POINT('',(-5.865495435,3.596316726,2.61097191));
#9025=CARTESIAN_POINT('',(-5.865468279,3.596315134,2.610980731));
#9026=CARTESIAN_POINT('',(-5.865441122,3.596313542,2.610989551));
#9027=CARTESIAN_POINT('',(-5.743880722,3.589187127,2.650467743));
#9028=CARTESIAN_POINT('',(-5.616070977,3.581694347,2.650458316));
#9029=CARTESIAN_POINT('',(-5.494517158,3.574568318,2.610963086));
#9030=CARTESIAN_POINT('',(-5.494490002,3.574566726,2.610954263));
#9031=CARTESIAN_POINT('',(-5.494462847,3.574565134,2.610945438));
#9032=CARTESIAN_POINT('',(-5.494435692,3.574563542,2.61093661));
#9033=CARTESIAN_POINT('',(-5.414384266,3.569870134,2.584913696));
#9034=CARTESIAN_POINT('',(-5.341159206,3.564944694,2.542761484));
#9035=CARTESIAN_POINT('',(-5.278160925,3.560000583,2.485991461));
#9036=CARTESIAN_POINT('',(-5.278069323,3.559993394,2.485908916));
#9037=CARTESIAN_POINT('',(-5.277977721,3.559986205,2.48582637));
#9038=CARTESIAN_POINT('',(-5.277886119,3.559979016,2.485743824));
#9039=CARTESIAN_POINT('',(-6.350006408,6.259980125,1.837268579));
#9040=CARTESIAN_POINT('',(-6.370025395,6.256506495,1.903412805));
#9041=CARTESIAN_POINT('',(-6.380019875,6.253095355,1.971507256));
#9042=CARTESIAN_POINT('',(-6.380019875,6.249818318,2.040044429));
#9043=CARTESIAN_POINT('',(-6.380019875,6.249816726,2.040077725));
#9044=CARTESIAN_POINT('',(-6.380019873,6.249815134,2.04011102));
#9045=CARTESIAN_POINT('',(-6.380019868,6.249813542,2.040144316));
#9046=CARTESIAN_POINT('',(-6.379998601,6.242687127,2.189181895));
#9047=CARTESIAN_POINT('',(-6.333933181,6.235194347,2.330921109));
#9048=CARTESIAN_POINT('',(-6.246331771,6.228068318,2.451494106));
#9049=CARTESIAN_POINT('',(-6.2463122,6.228066726,2.451521043));
#9050=CARTESIAN_POINT('',(-6.246292628,6.228065134,2.451547978));
#9051=CARTESIAN_POINT('',(-6.246273053,6.228063542,2.451574912));
#9052=CARTESIAN_POINT('',(-6.158653757,6.220937127,2.572136346));
#9053=CARTESIAN_POINT('',(-6.03807383,6.213444347,2.659729204));
#9054=CARTESIAN_POINT('',(-5.896331771,6.206318318,2.70578399));
#9055=CARTESIAN_POINT('',(-5.896300105,6.206316726,2.705794279));
#9056=CARTESIAN_POINT('',(-5.896268438,6.206315134,2.705804566));
#9057=CARTESIAN_POINT('',(-5.896236771,6.206313542,2.70581485));
#9058=CARTESIAN_POINT('',(-5.754487038,6.199187127,2.751849769));
#9059=CARTESIAN_POINT('',(-5.605450038,6.191694347,2.751838777));
#9060=CARTESIAN_POINT('',(-5.463707979,6.184568318,2.70578399));
#9061=CARTESIAN_POINT('',(-5.463676313,6.184566726,2.705773701));
#9062=CARTESIAN_POINT('',(-5.463644648,6.184565134,2.70576341));
#9063=CARTESIAN_POINT('',(-5.463612983,6.184563542,2.705753116));
#9064=CARTESIAN_POINT('',(-5.321876394,6.177437127,2.659677746));
#9065=CARTESIAN_POINT('',(-5.201309389,6.169944347,2.572067103));
#9066=CARTESIAN_POINT('',(-5.113707979,6.162818318,2.451494106));
#9067=CARTESIAN_POINT('',(-5.113688408,6.162816726,2.451467169));
#9068=CARTESIAN_POINT('',(-5.11366884,6.162815134,2.451440231));
#9069=CARTESIAN_POINT('',(-5.113649273,6.162813542,2.451413292));
#9070=CARTESIAN_POINT('',(-5.026064387,6.155687127,2.330826856));
#9071=CARTESIAN_POINT('',(-4.980019875,6.148194347,2.189080849));
#9072=CARTESIAN_POINT('',(-4.980019875,6.141068318,2.040044429));
#9073=CARTESIAN_POINT('',(-4.980019875,6.141066726,2.040011133));
#9074=CARTESIAN_POINT('',(-4.980019877,6.141065134,2.039977838));
#9075=CARTESIAN_POINT('',(-4.980019882,6.141063542,2.039944542));
#9076=CARTESIAN_POINT('',(-4.980041149,6.133937127,1.890906963));
#9077=CARTESIAN_POINT('',(-5.026106569,6.126444347,1.749167749));
#9078=CARTESIAN_POINT('',(-5.113707979,6.119318318,1.628594752));
#9079=CARTESIAN_POINT('',(-5.11372755,6.119316726,1.628567815));
#9080=CARTESIAN_POINT('',(-5.113747122,6.119315134,1.62854088));
#9081=CARTESIAN_POINT('',(-5.113766697,6.119313542,1.628513946));
#9082=CARTESIAN_POINT('',(-5.201385993,6.112187127,1.507952512));
#9083=CARTESIAN_POINT('',(-5.32196592,6.104694347,1.420359654));
#9084=CARTESIAN_POINT('',(-5.463707979,6.097568318,1.374304868));
#9085=CARTESIAN_POINT('',(-5.463739645,6.097566726,1.374294579));
#9086=CARTESIAN_POINT('',(-5.463771312,6.097565134,1.374284292));
#9087=CARTESIAN_POINT('',(-5.463802979,6.097563542,1.374274008));
#9088=CARTESIAN_POINT('',(-5.605552712,6.090437127,1.328239089));
#9089=CARTESIAN_POINT('',(-5.754589712,6.082944347,1.328250081));
#9090=CARTESIAN_POINT('',(-5.896331771,6.075818318,1.374304868));
#9091=CARTESIAN_POINT('',(-5.896363437,6.075816726,1.374315157));
#9092=CARTESIAN_POINT('',(-5.896395102,6.075815134,1.374325448));
#9093=CARTESIAN_POINT('',(-5.896426767,6.075813542,1.374335742));
#9094=CARTESIAN_POINT('',(-6.038163356,6.068687127,1.420411112));
#9095=CARTESIAN_POINT('',(-6.158730361,6.061194347,1.508021755));
#9096=CARTESIAN_POINT('',(-6.246331771,6.054068318,1.628594752));
#9097=CARTESIAN_POINT('',(-6.246351342,6.054066726,1.628621689));
#9098=CARTESIAN_POINT('',(-6.24637091,6.054065134,1.628648627));
#9099=CARTESIAN_POINT('',(-6.246390477,6.054063542,1.628675566));
#9100=CARTESIAN_POINT('',(-6.333975363,6.046937127,1.749262002));
#9101=CARTESIAN_POINT('',(-6.380019875,6.039444347,1.891008009));
#9102=CARTESIAN_POINT('',(-6.380019875,6.032318318,2.040044429));
#9103=CARTESIAN_POINT('',(-6.380019875,6.032316726,2.040077725));
#9104=CARTESIAN_POINT('',(-6.380019873,6.032315134,2.04011102));
#9105=CARTESIAN_POINT('',(-6.380019868,6.032313542,2.040144316));
#9106=CARTESIAN_POINT('',(-6.379998601,6.025187127,2.189181895));
#9107=CARTESIAN_POINT('',(-6.333933181,6.017694347,2.330921109));
#9108=CARTESIAN_POINT('',(-6.246331771,6.010568318,2.451494106));
#9109=CARTESIAN_POINT('',(-6.2463122,6.010566726,2.451521043));
#9110=CARTESIAN_POINT('',(-6.246292628,6.010565134,2.451547978));
#9111=CARTESIAN_POINT('',(-6.246273053,6.010563542,2.451574912));
#9112=CARTESIAN_POINT('',(-6.158653757,6.003437127,2.572136346));
#9113=CARTESIAN_POINT('',(-6.03807383,5.995944347,2.659729204));
#9114=CARTESIAN_POINT('',(-5.896331771,5.988818318,2.70578399));
#9115=CARTESIAN_POINT('',(-5.896300105,5.988816726,2.705794279));
#9116=CARTESIAN_POINT('',(-5.896268438,5.988815134,2.705804566));
#9117=CARTESIAN_POINT('',(-5.896236771,5.988813542,2.70581485));
#9118=CARTESIAN_POINT('',(-5.754487038,5.981687127,2.751849769));
#9119=CARTESIAN_POINT('',(-5.605450038,5.974194347,2.751838777));
#9120=CARTESIAN_POINT('',(-5.463707979,5.967068318,2.70578399));
#9121=CARTESIAN_POINT('',(-5.463676313,5.967066726,2.705773701));
#9122=CARTESIAN_POINT('',(-5.463644648,5.967065134,2.70576341));
#9123=CARTESIAN_POINT('',(-5.463612983,5.967063542,2.705753116));
#9124=CARTESIAN_POINT('',(-5.321876394,5.959937127,2.659677746));
#9125=CARTESIAN_POINT('',(-5.201309389,5.952444347,2.572067103));
#9126=CARTESIAN_POINT('',(-5.113707979,5.945318318,2.451494106));
#9127=CARTESIAN_POINT('',(-5.113688408,5.945316726,2.451467169));
#9128=CARTESIAN_POINT('',(-5.11366884,5.945315134,2.451440231));
#9129=CARTESIAN_POINT('',(-5.113649273,5.945313542,2.451413292));
#9130=CARTESIAN_POINT('',(-5.026064387,5.938187127,2.330826856));
#9131=CARTESIAN_POINT('',(-4.980019875,5.930694347,2.189080849));
#9132=CARTESIAN_POINT('',(-4.980019875,5.923568318,2.040044429));
#9133=CARTESIAN_POINT('',(-4.980019875,5.923566726,2.040011133));
#9134=CARTESIAN_POINT('',(-4.980019877,5.923565134,2.039977838));
#9135=CARTESIAN_POINT('',(-4.980019882,5.923563542,2.039944542));
#9136=CARTESIAN_POINT('',(-4.980041149,5.916437127,1.890906963));
#9137=CARTESIAN_POINT('',(-5.026106569,5.908944347,1.749167749));
#9138=CARTESIAN_POINT('',(-5.113707979,5.901818318,1.628594752));
#9139=CARTESIAN_POINT('',(-5.11372755,5.901816726,1.628567815));
#9140=CARTESIAN_POINT('',(-5.113747122,5.901815134,1.62854088));
#9141=CARTESIAN_POINT('',(-5.113766697,5.901813542,1.628513946));
#9142=CARTESIAN_POINT('',(-5.201385993,5.894687127,1.507952512));
#9143=CARTESIAN_POINT('',(-5.32196592,5.887194347,1.420359654));
#9144=CARTESIAN_POINT('',(-5.463707979,5.880068318,1.374304868));
#9145=CARTESIAN_POINT('',(-5.463739645,5.880066726,1.374294579));
#9146=CARTESIAN_POINT('',(-5.463771312,5.880065134,1.374284292));
#9147=CARTESIAN_POINT('',(-5.463802979,5.880063542,1.374274008));
#9148=CARTESIAN_POINT('',(-5.605552712,5.872937127,1.328239089));
#9149=CARTESIAN_POINT('',(-5.754589712,5.865444347,1.328250081));
#9150=CARTESIAN_POINT('',(-5.896331771,5.858318318,1.374304868));
#9151=CARTESIAN_POINT('',(-5.896363437,5.858316726,1.374315157));
#9152=CARTESIAN_POINT('',(-5.896395102,5.858315134,1.374325448));
#9153=CARTESIAN_POINT('',(-5.896426767,5.858313542,1.374335742));
#9154=CARTESIAN_POINT('',(-6.038163356,5.851187127,1.420411112));
#9155=CARTESIAN_POINT('',(-6.158730361,5.843694347,1.508021755));
#9156=CARTESIAN_POINT('',(-6.246331771,5.836568318,1.628594752));
#9157=CARTESIAN_POINT('',(-6.246351342,5.836566726,1.628621689));
#9158=CARTESIAN_POINT('',(-6.24637091,5.836565134,1.628648627));
#9159=CARTESIAN_POINT('',(-6.246390477,5.836563542,1.628675566));
#9160=CARTESIAN_POINT('',(-6.333975363,5.829437127,1.749262002));
#9161=CARTESIAN_POINT('',(-6.380019875,5.821944347,1.891008009));
#9162=CARTESIAN_POINT('',(-6.380019875,5.814818318,2.040044429));
#9163=CARTESIAN_POINT('',(-6.380019875,5.814816726,2.040077725));
#9164=CARTESIAN_POINT('',(-6.380019873,5.814815134,2.04011102));
#9165=CARTESIAN_POINT('',(-6.380019868,5.814813542,2.040144316));
#9166=CARTESIAN_POINT('',(-6.379998601,5.807687127,2.189181895));
#9167=CARTESIAN_POINT('',(-6.333933181,5.800194347,2.330921109));
#9168=CARTESIAN_POINT('',(-6.246331771,5.793068318,2.451494106));
#9169=CARTESIAN_POINT('',(-6.2463122,5.793066726,2.451521043));
#9170=CARTESIAN_POINT('',(-6.246292628,5.793065134,2.451547978));
#9171=CARTESIAN_POINT('',(-6.246273053,5.793063542,2.451574912));
#9172=CARTESIAN_POINT('',(-6.158653757,5.785937127,2.572136346));
#9173=CARTESIAN_POINT('',(-6.03807383,5.778444347,2.659729204));
#9174=CARTESIAN_POINT('',(-5.896331771,5.771318318,2.70578399));
#9175=CARTESIAN_POINT('',(-5.896300105,5.771316726,2.705794279));
#9176=CARTESIAN_POINT('',(-5.896268438,5.771315134,2.705804566));
#9177=CARTESIAN_POINT('',(-5.896236771,5.771313542,2.70581485));
#9178=CARTESIAN_POINT('',(-5.754487038,5.764187127,2.751849769));
#9179=CARTESIAN_POINT('',(-5.605450038,5.756694347,2.751838777));
#9180=CARTESIAN_POINT('',(-5.463707979,5.749568318,2.70578399));
#9181=CARTESIAN_POINT('',(-5.463676313,5.749566726,2.705773701));
#9182=CARTESIAN_POINT('',(-5.463644648,5.749565134,2.70576341));
#9183=CARTESIAN_POINT('',(-5.463612983,5.749563542,2.705753116));
#9184=CARTESIAN_POINT('',(-5.321876394,5.742437127,2.659677746));
#9185=CARTESIAN_POINT('',(-5.201309389,5.734944347,2.572067103));
#9186=CARTESIAN_POINT('',(-5.113707979,5.727818318,2.451494106));
#9187=CARTESIAN_POINT('',(-5.113688408,5.727816726,2.451467169));
#9188=CARTESIAN_POINT('',(-5.11366884,5.727815134,2.451440231));
#9189=CARTESIAN_POINT('',(-5.113649273,5.727813542,2.451413292));
#9190=CARTESIAN_POINT('',(-5.026064387,5.720687127,2.330826856));
#9191=CARTESIAN_POINT('',(-4.980019875,5.713194347,2.189080849));
#9192=CARTESIAN_POINT('',(-4.980019875,5.706068318,2.040044429));
#9193=CARTESIAN_POINT('',(-4.980019875,5.706066726,2.040011133));
#9194=CARTESIAN_POINT('',(-4.980019877,5.706065134,2.039977838));
#9195=CARTESIAN_POINT('',(-4.980019882,5.706063542,2.039944542));
#9196=CARTESIAN_POINT('',(-4.980041149,5.698937127,1.890906963));
#9197=CARTESIAN_POINT('',(-5.026106569,5.691444347,1.749167749));
#9198=CARTESIAN_POINT('',(-5.113707979,5.684318318,1.628594752));
#9199=CARTESIAN_POINT('',(-5.11372755,5.684316726,1.628567815));
#9200=CARTESIAN_POINT('',(-5.113747122,5.684315134,1.62854088));
#9201=CARTESIAN_POINT('',(-5.113766697,5.684313542,1.628513946));
#9202=CARTESIAN_POINT('',(-5.201385993,5.677187127,1.507952512));
#9203=CARTESIAN_POINT('',(-5.32196592,5.669694347,1.420359654));
#9204=CARTESIAN_POINT('',(-5.463707979,5.662568318,1.374304868));
#9205=CARTESIAN_POINT('',(-5.463739645,5.662566726,1.374294579));
#9206=CARTESIAN_POINT('',(-5.463771312,5.662565134,1.374284292));
#9207=CARTESIAN_POINT('',(-5.463802979,5.662563542,1.374274008));
#9208=CARTESIAN_POINT('',(-5.605552712,5.655437127,1.328239089));
#9209=CARTESIAN_POINT('',(-5.754589712,5.647944347,1.328250081));
#9210=CARTESIAN_POINT('',(-5.896331771,5.640818318,1.374304868));
#9211=CARTESIAN_POINT('',(-5.896363437,5.640816726,1.374315157));
#9212=CARTESIAN_POINT('',(-5.896395102,5.640815134,1.374325448));
#9213=CARTESIAN_POINT('',(-5.896426767,5.640813542,1.374335742));
#9214=CARTESIAN_POINT('',(-6.038163356,5.633687127,1.420411112));
#9215=CARTESIAN_POINT('',(-6.158730361,5.626194347,1.508021755));
#9216=CARTESIAN_POINT('',(-6.246331771,5.619068318,1.628594752));
#9217=CARTESIAN_POINT('',(-6.246351342,5.619066726,1.628621689));
#9218=CARTESIAN_POINT('',(-6.24637091,5.619065134,1.628648627));
#9219=CARTESIAN_POINT('',(-6.246390477,5.619063542,1.628675566));
#9220=CARTESIAN_POINT('',(-6.333975363,5.611937127,1.749262002));
#9221=CARTESIAN_POINT('',(-6.380019875,5.604444347,1.891008009));
#9222=CARTESIAN_POINT('',(-6.380019875,5.597318318,2.040044429));
#9223=CARTESIAN_POINT('',(-6.380019875,5.597316726,2.040077725));
#9224=CARTESIAN_POINT('',(-6.380019873,5.597315134,2.04011102));
#9225=CARTESIAN_POINT('',(-6.380019868,5.597313542,2.040144316));
#9226=CARTESIAN_POINT('',(-6.379998601,5.590187127,2.189181895));
#9227=CARTESIAN_POINT('',(-6.333933181,5.582694347,2.330921109));
#9228=CARTESIAN_POINT('',(-6.246331771,5.575568318,2.451494106));
#9229=CARTESIAN_POINT('',(-6.2463122,5.575566726,2.451521043));
#9230=CARTESIAN_POINT('',(-6.246292628,5.575565134,2.451547978));
#9231=CARTESIAN_POINT('',(-6.246273053,5.575563542,2.451574912));
#9232=CARTESIAN_POINT('',(-6.158653757,5.568437127,2.572136346));
#9233=CARTESIAN_POINT('',(-6.03807383,5.560944347,2.659729204));
#9234=CARTESIAN_POINT('',(-5.896331771,5.553818318,2.70578399));
#9235=CARTESIAN_POINT('',(-5.896300105,5.553816726,2.705794279));
#9236=CARTESIAN_POINT('',(-5.896268438,5.553815134,2.705804566));
#9237=CARTESIAN_POINT('',(-5.896236771,5.553813542,2.70581485));
#9238=CARTESIAN_POINT('',(-5.754487038,5.546687127,2.751849769));
#9239=CARTESIAN_POINT('',(-5.605450038,5.539194347,2.751838777));
#9240=CARTESIAN_POINT('',(-5.463707979,5.532068318,2.70578399));
#9241=CARTESIAN_POINT('',(-5.463676313,5.532066726,2.705773701));
#9242=CARTESIAN_POINT('',(-5.463644648,5.532065134,2.70576341));
#9243=CARTESIAN_POINT('',(-5.463612983,5.532063542,2.705753116));
#9244=CARTESIAN_POINT('',(-5.321876394,5.524937127,2.659677746));
#9245=CARTESIAN_POINT('',(-5.201309389,5.517444347,2.572067103));
#9246=CARTESIAN_POINT('',(-5.113707979,5.510318318,2.451494106));
#9247=CARTESIAN_POINT('',(-5.113688408,5.510316726,2.451467169));
#9248=CARTESIAN_POINT('',(-5.11366884,5.510315134,2.451440231));
#9249=CARTESIAN_POINT('',(-5.113649273,5.510313542,2.451413292));
#9250=CARTESIAN_POINT('',(-5.026064387,5.503187127,2.330826856));
#9251=CARTESIAN_POINT('',(-4.980019875,5.495694347,2.189080849));
#9252=CARTESIAN_POINT('',(-4.980019875,5.488568318,2.040044429));
#9253=CARTESIAN_POINT('',(-4.980019875,5.488566726,2.040011133));
#9254=CARTESIAN_POINT('',(-4.980019877,5.488565134,2.039977838));
#9255=CARTESIAN_POINT('',(-4.980019882,5.488563542,2.039944542));
#9256=CARTESIAN_POINT('',(-4.980041149,5.481437127,1.890906963));
#9257=CARTESIAN_POINT('',(-5.026106569,5.473944347,1.749167749));
#9258=CARTESIAN_POINT('',(-5.113707979,5.466818318,1.628594752));
#9259=CARTESIAN_POINT('',(-5.11372755,5.466816726,1.628567815));
#9260=CARTESIAN_POINT('',(-5.113747122,5.466815134,1.62854088));
#9261=CARTESIAN_POINT('',(-5.113766697,5.466813542,1.628513946));
#9262=CARTESIAN_POINT('',(-5.201385993,5.459687127,1.507952512));
#9263=CARTESIAN_POINT('',(-5.32196592,5.452194347,1.420359654));
#9264=CARTESIAN_POINT('',(-5.463707979,5.445068318,1.374304868));
#9265=CARTESIAN_POINT('',(-5.463739645,5.445066726,1.374294579));
#9266=CARTESIAN_POINT('',(-5.463771312,5.445065134,1.374284292));
#9267=CARTESIAN_POINT('',(-5.463802979,5.445063542,1.374274008));
#9268=CARTESIAN_POINT('',(-5.605552712,5.437937127,1.328239089));
#9269=CARTESIAN_POINT('',(-5.754589712,5.430444347,1.328250081));
#9270=CARTESIAN_POINT('',(-5.896331771,5.423318318,1.374304868));
#9271=CARTESIAN_POINT('',(-5.896363437,5.423316726,1.374315157));
#9272=CARTESIAN_POINT('',(-5.896395102,5.423315134,1.374325448));
#9273=CARTESIAN_POINT('',(-5.896426767,5.423313542,1.374335742));
#9274=CARTESIAN_POINT('',(-6.038163356,5.416187127,1.420411112));
#9275=CARTESIAN_POINT('',(-6.158730361,5.408694347,1.508021755));
#9276=CARTESIAN_POINT('',(-6.246331771,5.401568318,1.628594752));
#9277=CARTESIAN_POINT('',(-6.246351342,5.401566726,1.628621689));
#9278=CARTESIAN_POINT('',(-6.24637091,5.401565134,1.628648627));
#9279=CARTESIAN_POINT('',(-6.246390477,5.401563542,1.628675566));
#9280=CARTESIAN_POINT('',(-6.333975363,5.394437127,1.749262002));
#9281=CARTESIAN_POINT('',(-6.380019875,5.386944347,1.891008009));
#9282=CARTESIAN_POINT('',(-6.380019875,5.379818318,2.040044429));
#9283=CARTESIAN_POINT('',(-6.380019875,5.379816726,2.040077725));
#9284=CARTESIAN_POINT('',(-6.380019873,5.379815134,2.04011102));
#9285=CARTESIAN_POINT('',(-6.380019868,5.379813542,2.040144316));
#9286=CARTESIAN_POINT('',(-6.379998601,5.372687127,2.189181895));
#9287=CARTESIAN_POINT('',(-6.333933181,5.365194347,2.330921109));
#9288=CARTESIAN_POINT('',(-6.246331771,5.358068318,2.451494106));
#9289=CARTESIAN_POINT('',(-6.2463122,5.358066726,2.451521043));
#9290=CARTESIAN_POINT('',(-6.246292628,5.358065134,2.451547978));
#9291=CARTESIAN_POINT('',(-6.246273053,5.358063542,2.451574912));
#9292=CARTESIAN_POINT('',(-6.158653757,5.350937127,2.572136346));
#9293=CARTESIAN_POINT('',(-6.03807383,5.343444347,2.659729204));
#9294=CARTESIAN_POINT('',(-5.896331771,5.336318318,2.70578399));
#9295=CARTESIAN_POINT('',(-5.896300105,5.336316726,2.705794279));
#9296=CARTESIAN_POINT('',(-5.896268438,5.336315134,2.705804566));
#9297=CARTESIAN_POINT('',(-5.896236771,5.336313542,2.70581485));
#9298=CARTESIAN_POINT('',(-5.754487038,5.329187127,2.751849769));
#9299=CARTESIAN_POINT('',(-5.605450038,5.321694347,2.751838777));
#9300=CARTESIAN_POINT('',(-5.463707979,5.314568318,2.70578399));
#9301=CARTESIAN_POINT('',(-5.463676313,5.314566726,2.705773701));
#9302=CARTESIAN_POINT('',(-5.463644648,5.314565134,2.70576341));
#9303=CARTESIAN_POINT('',(-5.463612983,5.314563542,2.705753116));
#9304=CARTESIAN_POINT('',(-5.321876394,5.307437127,2.659677746));
#9305=CARTESIAN_POINT('',(-5.201309389,5.299944347,2.572067103));
#9306=CARTESIAN_POINT('',(-5.113707979,5.292818318,2.451494106));
#9307=CARTESIAN_POINT('',(-5.113688408,5.292816726,2.451467169));
#9308=CARTESIAN_POINT('',(-5.11366884,5.292815134,2.451440231));
#9309=CARTESIAN_POINT('',(-5.113649273,5.292813542,2.451413292));
#9310=CARTESIAN_POINT('',(-5.026064387,5.285687127,2.330826856));
#9311=CARTESIAN_POINT('',(-4.980019875,5.278194347,2.189080849));
#9312=CARTESIAN_POINT('',(-4.980019875,5.271068318,2.040044429));
#9313=CARTESIAN_POINT('',(-4.980019875,5.271066726,2.040011133));
#9314=CARTESIAN_POINT('',(-4.980019877,5.271065134,2.039977838));
#9315=CARTESIAN_POINT('',(-4.980019882,5.271063542,2.039944542));
#9316=CARTESIAN_POINT('',(-4.980041149,5.263937127,1.890906963));
#9317=CARTESIAN_POINT('',(-5.026106569,5.256444347,1.749167749));
#9318=CARTESIAN_POINT('',(-5.113707979,5.249318318,1.628594752));
#9319=CARTESIAN_POINT('',(-5.11372755,5.249316726,1.628567815));
#9320=CARTESIAN_POINT('',(-5.113747122,5.249315134,1.62854088));
#9321=CARTESIAN_POINT('',(-5.113766697,5.249313542,1.628513946));
#9322=CARTESIAN_POINT('',(-5.201385993,5.242187127,1.507952512));
#9323=CARTESIAN_POINT('',(-5.32196592,5.234694347,1.420359654));
#9324=CARTESIAN_POINT('',(-5.463707979,5.227568318,1.374304868));
#9325=CARTESIAN_POINT('',(-5.463739645,5.227566726,1.374294579));
#9326=CARTESIAN_POINT('',(-5.463771312,5.227565134,1.374284292));
#9327=CARTESIAN_POINT('',(-5.463802979,5.227563542,1.374274008));
#9328=CARTESIAN_POINT('',(-5.605552712,5.220437127,1.328239089));
#9329=CARTESIAN_POINT('',(-5.754589712,5.212944347,1.328250081));
#9330=CARTESIAN_POINT('',(-5.896331771,5.205818318,1.374304868));
#9331=CARTESIAN_POINT('',(-5.896363437,5.205816726,1.374315157));
#9332=CARTESIAN_POINT('',(-5.896395102,5.205815134,1.374325448));
#9333=CARTESIAN_POINT('',(-5.896426767,5.205813542,1.374335742));
#9334=CARTESIAN_POINT('',(-6.038163356,5.198687127,1.420411112));
#9335=CARTESIAN_POINT('',(-6.158730361,5.191194347,1.508021755));
#9336=CARTESIAN_POINT('',(-6.246331771,5.184068318,1.628594752));
#9337=CARTESIAN_POINT('',(-6.246351342,5.184066726,1.628621689));
#9338=CARTESIAN_POINT('',(-6.24637091,5.184065134,1.628648627));
#9339=CARTESIAN_POINT('',(-6.246390477,5.184063542,1.628675566));
#9340=CARTESIAN_POINT('',(-6.333975363,5.176937127,1.749262002));
#9341=CARTESIAN_POINT('',(-6.380019875,5.169444347,1.891008009));
#9342=CARTESIAN_POINT('',(-6.380019875,5.162318318,2.040044429));
#9343=CARTESIAN_POINT('',(-6.380019875,5.162316726,2.040077725));
#9344=CARTESIAN_POINT('',(-6.380019873,5.162315134,2.04011102));
#9345=CARTESIAN_POINT('',(-6.380019868,5.162313542,2.040144316));
#9346=CARTESIAN_POINT('',(-6.379998601,5.155187127,2.189181895));
#9347=CARTESIAN_POINT('',(-6.333933181,5.147694347,2.330921109));
#9348=CARTESIAN_POINT('',(-6.246331771,5.140568318,2.451494106));
#9349=CARTESIAN_POINT('',(-6.2463122,5.140566726,2.451521043));
#9350=CARTESIAN_POINT('',(-6.246292628,5.140565134,2.451547978));
#9351=CARTESIAN_POINT('',(-6.246273053,5.140563542,2.451574912));
#9352=CARTESIAN_POINT('',(-6.158653757,5.133437127,2.572136346));
#9353=CARTESIAN_POINT('',(-6.03807383,5.125944347,2.659729204));
#9354=CARTESIAN_POINT('',(-5.896331771,5.118818318,2.70578399));
#9355=CARTESIAN_POINT('',(-5.896300105,5.118816726,2.705794279));
#9356=CARTESIAN_POINT('',(-5.896268438,5.118815134,2.705804566));
#9357=CARTESIAN_POINT('',(-5.896236771,5.118813542,2.70581485));
#9358=CARTESIAN_POINT('',(-5.754487038,5.111687127,2.751849769));
#9359=CARTESIAN_POINT('',(-5.605450038,5.104194347,2.751838777));
#9360=CARTESIAN_POINT('',(-5.463707979,5.097068318,2.70578399));
#9361=CARTESIAN_POINT('',(-5.463676313,5.097066726,2.705773701));
#9362=CARTESIAN_POINT('',(-5.463644648,5.097065134,2.70576341));
#9363=CARTESIAN_POINT('',(-5.463612983,5.097063542,2.705753116));
#9364=CARTESIAN_POINT('',(-5.321876394,5.089937127,2.659677746));
#9365=CARTESIAN_POINT('',(-5.201309389,5.082444347,2.572067103));
#9366=CARTESIAN_POINT('',(-5.113707979,5.075318318,2.451494106));
#9367=CARTESIAN_POINT('',(-5.113688408,5.075316726,2.451467169));
#9368=CARTESIAN_POINT('',(-5.11366884,5.075315134,2.451440231));
#9369=CARTESIAN_POINT('',(-5.113649273,5.075313542,2.451413292));
#9370=CARTESIAN_POINT('',(-5.026064387,5.068187127,2.330826856));
#9371=CARTESIAN_POINT('',(-4.980019875,5.060694347,2.189080849));
#9372=CARTESIAN_POINT('',(-4.980019875,5.053568318,2.040044429));
#9373=CARTESIAN_POINT('',(-4.980019875,5.053566726,2.040011133));
#9374=CARTESIAN_POINT('',(-4.980019877,5.053565134,2.039977838));
#9375=CARTESIAN_POINT('',(-4.980019882,5.053563542,2.039944542));
#9376=CARTESIAN_POINT('',(-4.980041149,5.046437127,1.890906963));
#9377=CARTESIAN_POINT('',(-5.026106569,5.038944347,1.749167749));
#9378=CARTESIAN_POINT('',(-5.113707979,5.031818318,1.628594752));
#9379=CARTESIAN_POINT('',(-5.11372755,5.031816726,1.628567815));
#9380=CARTESIAN_POINT('',(-5.113747122,5.031815134,1.62854088));
#9381=CARTESIAN_POINT('',(-5.113766697,5.031813542,1.628513946));
#9382=CARTESIAN_POINT('',(-5.201385993,5.024687127,1.507952512));
#9383=CARTESIAN_POINT('',(-5.32196592,5.017194347,1.420359654));
#9384=CARTESIAN_POINT('',(-5.463707979,5.010068318,1.374304868));
#9385=CARTESIAN_POINT('',(-5.463739645,5.010066726,1.374294579));
#9386=CARTESIAN_POINT('',(-5.463771312,5.010065134,1.374284292));
#9387=CARTESIAN_POINT('',(-5.463802979,5.010063542,1.374274008));
#9388=CARTESIAN_POINT('',(-5.605552712,5.002937127,1.328239089));
#9389=CARTESIAN_POINT('',(-5.754589712,4.995444347,1.328250081));
#9390=CARTESIAN_POINT('',(-5.896331771,4.988318318,1.374304868));
#9391=CARTESIAN_POINT('',(-5.896363437,4.988316726,1.374315157));
#9392=CARTESIAN_POINT('',(-5.896395102,4.988315134,1.374325448));
#9393=CARTESIAN_POINT('',(-5.896426767,4.988313542,1.374335742));
#9394=CARTESIAN_POINT('',(-6.038163356,4.981187127,1.420411112));
#9395=CARTESIAN_POINT('',(-6.158730361,4.973694347,1.508021755));
#9396=CARTESIAN_POINT('',(-6.246331771,4.966568318,1.628594752));
#9397=CARTESIAN_POINT('',(-6.246351342,4.966566726,1.628621689));
#9398=CARTESIAN_POINT('',(-6.24637091,4.966565134,1.628648627));
#9399=CARTESIAN_POINT('',(-6.246390477,4.966563542,1.628675566));
#9400=CARTESIAN_POINT('',(-6.333975363,4.959437127,1.749262002));
#9401=CARTESIAN_POINT('',(-6.380019875,4.951944347,1.891008009));
#9402=CARTESIAN_POINT('',(-6.380019875,4.944818318,2.040044429));
#9403=CARTESIAN_POINT('',(-6.380019875,4.944816726,2.040077725));
#9404=CARTESIAN_POINT('',(-6.380019873,4.944815134,2.04011102));
#9405=CARTESIAN_POINT('',(-6.380019868,4.944813542,2.040144316));
#9406=CARTESIAN_POINT('',(-6.379998601,4.937687127,2.189181895));
#9407=CARTESIAN_POINT('',(-6.333933181,4.930194347,2.330921109));
#9408=CARTESIAN_POINT('',(-6.246331771,4.923068318,2.451494106));
#9409=CARTESIAN_POINT('',(-6.2463122,4.923066726,2.451521043));
#9410=CARTESIAN_POINT('',(-6.246292628,4.923065134,2.451547978));
#9411=CARTESIAN_POINT('',(-6.246273053,4.923063542,2.451574912));
#9412=CARTESIAN_POINT('',(-6.158653757,4.915937127,2.572136346));
#9413=CARTESIAN_POINT('',(-6.03807383,4.908444347,2.659729204));
#9414=CARTESIAN_POINT('',(-5.896331771,4.901318318,2.70578399));
#9415=CARTESIAN_POINT('',(-5.896300105,4.901316726,2.705794279));
#9416=CARTESIAN_POINT('',(-5.896268438,4.901315134,2.705804566));
#9417=CARTESIAN_POINT('',(-5.896236771,4.901313542,2.70581485));
#9418=CARTESIAN_POINT('',(-5.754487038,4.894187127,2.751849769));
#9419=CARTESIAN_POINT('',(-5.605450038,4.886694347,2.751838777));
#9420=CARTESIAN_POINT('',(-5.463707979,4.879568318,2.70578399));
#9421=CARTESIAN_POINT('',(-5.463676313,4.879566726,2.705773701));
#9422=CARTESIAN_POINT('',(-5.463644648,4.879565134,2.70576341));
#9423=CARTESIAN_POINT('',(-5.463612983,4.879563542,2.705753116));
#9424=CARTESIAN_POINT('',(-5.321876394,4.872437127,2.659677746));
#9425=CARTESIAN_POINT('',(-5.201309389,4.864944347,2.572067103));
#9426=CARTESIAN_POINT('',(-5.113707979,4.857818318,2.451494106));
#9427=CARTESIAN_POINT('',(-5.113688408,4.857816726,2.451467169));
#9428=CARTESIAN_POINT('',(-5.11366884,4.857815134,2.451440231));
#9429=CARTESIAN_POINT('',(-5.113649273,4.857813542,2.451413292));
#9430=CARTESIAN_POINT('',(-5.026064387,4.850687127,2.330826856));
#9431=CARTESIAN_POINT('',(-4.980019875,4.843194347,2.189080849));
#9432=CARTESIAN_POINT('',(-4.980019875,4.836068318,2.040044429));
#9433=CARTESIAN_POINT('',(-4.980019875,4.836066726,2.040011133));
#9434=CARTESIAN_POINT('',(-4.980019877,4.836065134,2.039977838));
#9435=CARTESIAN_POINT('',(-4.980019882,4.836063542,2.039944542));
#9436=CARTESIAN_POINT('',(-4.980041149,4.828937127,1.890906963));
#9437=CARTESIAN_POINT('',(-5.026106569,4.821444347,1.749167749));
#9438=CARTESIAN_POINT('',(-5.113707979,4.814318318,1.628594752));
#9439=CARTESIAN_POINT('',(-5.11372755,4.814316726,1.628567815));
#9440=CARTESIAN_POINT('',(-5.113747122,4.814315134,1.62854088));
#9441=CARTESIAN_POINT('',(-5.113766697,4.814313542,1.628513946));
#9442=CARTESIAN_POINT('',(-5.201385993,4.807187127,1.507952512));
#9443=CARTESIAN_POINT('',(-5.32196592,4.799694347,1.420359654));
#9444=CARTESIAN_POINT('',(-5.463707979,4.792568318,1.374304868));
#9445=CARTESIAN_POINT('',(-5.463739645,4.792566726,1.374294579));
#9446=CARTESIAN_POINT('',(-5.463771312,4.792565134,1.374284292));
#9447=CARTESIAN_POINT('',(-5.463802979,4.792563542,1.374274008));
#9448=CARTESIAN_POINT('',(-5.605552712,4.785437127,1.328239089));
#9449=CARTESIAN_POINT('',(-5.754589712,4.777944347,1.328250081));
#9450=CARTESIAN_POINT('',(-5.896331771,4.770818318,1.374304868));
#9451=CARTESIAN_POINT('',(-5.896363437,4.770816726,1.374315157));
#9452=CARTESIAN_POINT('',(-5.896395102,4.770815134,1.374325448));
#9453=CARTESIAN_POINT('',(-5.896426767,4.770813542,1.374335742));
#9454=CARTESIAN_POINT('',(-6.038163356,4.763687127,1.420411112));
#9455=CARTESIAN_POINT('',(-6.158730361,4.756194347,1.508021755));
#9456=CARTESIAN_POINT('',(-6.246331771,4.749068318,1.628594752));
#9457=CARTESIAN_POINT('',(-6.246351342,4.749066726,1.628621689));
#9458=CARTESIAN_POINT('',(-6.24637091,4.749065134,1.628648627));
#9459=CARTESIAN_POINT('',(-6.246390477,4.749063542,1.628675566));
#9460=CARTESIAN_POINT('',(-6.333975363,4.741937127,1.749262002));
#9461=CARTESIAN_POINT('',(-6.380019875,4.734444347,1.891008009));
#9462=CARTESIAN_POINT('',(-6.380019875,4.727318318,2.040044429));
#9463=CARTESIAN_POINT('',(-6.380019875,4.727316726,2.040077725));
#9464=CARTESIAN_POINT('',(-6.380019873,4.727315134,2.04011102));
#9465=CARTESIAN_POINT('',(-6.380019868,4.727313542,2.040144316));
#9466=CARTESIAN_POINT('',(-6.379998601,4.720187127,2.189181895));
#9467=CARTESIAN_POINT('',(-6.333933181,4.712694347,2.330921109));
#9468=CARTESIAN_POINT('',(-6.246331771,4.705568318,2.451494106));
#9469=CARTESIAN_POINT('',(-6.2463122,4.705566726,2.451521043));
#9470=CARTESIAN_POINT('',(-6.246292628,4.705565134,2.451547978));
#9471=CARTESIAN_POINT('',(-6.246273053,4.705563542,2.451574912));
#9472=CARTESIAN_POINT('',(-6.158653757,4.698437127,2.572136346));
#9473=CARTESIAN_POINT('',(-6.03807383,4.690944347,2.659729204));
#9474=CARTESIAN_POINT('',(-5.896331771,4.683818318,2.70578399));
#9475=CARTESIAN_POINT('',(-5.896300105,4.683816726,2.705794279));
#9476=CARTESIAN_POINT('',(-5.896268438,4.683815134,2.705804566));
#9477=CARTESIAN_POINT('',(-5.896236771,4.683813542,2.70581485));
#9478=CARTESIAN_POINT('',(-5.754487038,4.676687127,2.751849769));
#9479=CARTESIAN_POINT('',(-5.605450038,4.669194347,2.751838777));
#9480=CARTESIAN_POINT('',(-5.463707979,4.662068318,2.70578399));
#9481=CARTESIAN_POINT('',(-5.463676313,4.662066726,2.705773701));
#9482=CARTESIAN_POINT('',(-5.463644648,4.662065134,2.70576341));
#9483=CARTESIAN_POINT('',(-5.463612983,4.662063542,2.705753116));
#9484=CARTESIAN_POINT('',(-5.321876394,4.654937127,2.659677746));
#9485=CARTESIAN_POINT('',(-5.201309389,4.647444347,2.572067103));
#9486=CARTESIAN_POINT('',(-5.113707979,4.640318318,2.451494106));
#9487=CARTESIAN_POINT('',(-5.113688408,4.640316726,2.451467169));
#9488=CARTESIAN_POINT('',(-5.11366884,4.640315134,2.451440231));
#9489=CARTESIAN_POINT('',(-5.113649273,4.640313542,2.451413292));
#9490=CARTESIAN_POINT('',(-5.026064387,4.633187127,2.330826856));
#9491=CARTESIAN_POINT('',(-4.980019875,4.625694347,2.189080849));
#9492=CARTESIAN_POINT('',(-4.980019875,4.618568318,2.040044429));
#9493=CARTESIAN_POINT('',(-4.980019875,4.618566726,2.040011133));
#9494=CARTESIAN_POINT('',(-4.980019877,4.618565134,2.039977838));
#9495=CARTESIAN_POINT('',(-4.980019882,4.618563542,2.039944542));
#9496=CARTESIAN_POINT('',(-4.980041149,4.611437127,1.890906963));
#9497=CARTESIAN_POINT('',(-5.026106569,4.603944347,1.749167749));
#9498=CARTESIAN_POINT('',(-5.113707979,4.596818318,1.628594752));
#9499=CARTESIAN_POINT('',(-5.11372755,4.596816726,1.628567815));
#9500=CARTESIAN_POINT('',(-5.113747122,4.596815134,1.62854088));
#9501=CARTESIAN_POINT('',(-5.113766697,4.596813542,1.628513946));
#9502=CARTESIAN_POINT('',(-5.201385993,4.589687127,1.507952512));
#9503=CARTESIAN_POINT('',(-5.32196592,4.582194347,1.420359654));
#9504=CARTESIAN_POINT('',(-5.463707979,4.575068318,1.374304868));
#9505=CARTESIAN_POINT('',(-5.463739645,4.575066726,1.374294579));
#9506=CARTESIAN_POINT('',(-5.463771312,4.575065134,1.374284292));
#9507=CARTESIAN_POINT('',(-5.463802979,4.575063542,1.374274008));
#9508=CARTESIAN_POINT('',(-5.605552712,4.567937127,1.328239089));
#9509=CARTESIAN_POINT('',(-5.754589712,4.560444347,1.328250081));
#9510=CARTESIAN_POINT('',(-5.896331771,4.553318318,1.374304868));
#9511=CARTESIAN_POINT('',(-5.896363437,4.553316726,1.374315157));
#9512=CARTESIAN_POINT('',(-5.896395102,4.553315134,1.374325448));
#9513=CARTESIAN_POINT('',(-5.896426767,4.553313542,1.374335742));
#9514=CARTESIAN_POINT('',(-6.038163356,4.546187127,1.420411112));
#9515=CARTESIAN_POINT('',(-6.158730361,4.538694347,1.508021755));
#9516=CARTESIAN_POINT('',(-6.246331771,4.531568318,1.628594752));
#9517=CARTESIAN_POINT('',(-6.246351342,4.531566726,1.628621689));
#9518=CARTESIAN_POINT('',(-6.24637091,4.531565134,1.628648627));
#9519=CARTESIAN_POINT('',(-6.246390477,4.531563542,1.628675566));
#9520=CARTESIAN_POINT('',(-6.333975363,4.524437127,1.749262002));
#9521=CARTESIAN_POINT('',(-6.380019875,4.516944347,1.891008009));
#9522=CARTESIAN_POINT('',(-6.380019875,4.509818318,2.040044429));
#9523=CARTESIAN_POINT('',(-6.380019875,4.509816726,2.040077725));
#9524=CARTESIAN_POINT('',(-6.380019873,4.509815134,2.04011102));
#9525=CARTESIAN_POINT('',(-6.380019868,4.509813542,2.040144316));
#9526=CARTESIAN_POINT('',(-6.379998601,4.502687127,2.189181895));
#9527=CARTESIAN_POINT('',(-6.333933181,4.495194347,2.330921109));
#9528=CARTESIAN_POINT('',(-6.246331771,4.488068318,2.451494106));
#9529=CARTESIAN_POINT('',(-6.2463122,4.488066726,2.451521043));
#9530=CARTESIAN_POINT('',(-6.246292628,4.488065134,2.451547978));
#9531=CARTESIAN_POINT('',(-6.246273053,4.488063542,2.451574912));
#9532=CARTESIAN_POINT('',(-6.158653757,4.480937127,2.572136346));
#9533=CARTESIAN_POINT('',(-6.03807383,4.473444347,2.659729204));
#9534=CARTESIAN_POINT('',(-5.896331771,4.466318318,2.70578399));
#9535=CARTESIAN_POINT('',(-5.896300105,4.466316726,2.705794279));
#9536=CARTESIAN_POINT('',(-5.896268438,4.466315134,2.705804566));
#9537=CARTESIAN_POINT('',(-5.896236771,4.466313542,2.70581485));
#9538=CARTESIAN_POINT('',(-5.754487038,4.459187127,2.751849769));
#9539=CARTESIAN_POINT('',(-5.605450038,4.451694347,2.751838777));
#9540=CARTESIAN_POINT('',(-5.463707979,4.444568318,2.70578399));
#9541=CARTESIAN_POINT('',(-5.463676313,4.444566726,2.705773701));
#9542=CARTESIAN_POINT('',(-5.463644648,4.444565134,2.70576341));
#9543=CARTESIAN_POINT('',(-5.463612983,4.444563542,2.705753116));
#9544=CARTESIAN_POINT('',(-5.321876394,4.437437127,2.659677746));
#9545=CARTESIAN_POINT('',(-5.201309389,4.429944347,2.572067103));
#9546=CARTESIAN_POINT('',(-5.113707979,4.422818318,2.451494106));
#9547=CARTESIAN_POINT('',(-5.113688408,4.422816726,2.451467169));
#9548=CARTESIAN_POINT('',(-5.11366884,4.422815134,2.451440231));
#9549=CARTESIAN_POINT('',(-5.113649273,4.422813542,2.451413292));
#9550=CARTESIAN_POINT('',(-5.026064387,4.415687127,2.330826856));
#9551=CARTESIAN_POINT('',(-4.980019875,4.408194347,2.189080849));
#9552=CARTESIAN_POINT('',(-4.980019875,4.401068318,2.040044429));
#9553=CARTESIAN_POINT('',(-4.980019875,4.401066726,2.040011133));
#9554=CARTESIAN_POINT('',(-4.980019877,4.401065134,2.039977838));
#9555=CARTESIAN_POINT('',(-4.980019882,4.401063542,2.039944542));
#9556=CARTESIAN_POINT('',(-4.980041149,4.393937127,1.890906963));
#9557=CARTESIAN_POINT('',(-5.026106569,4.386444347,1.749167749));
#9558=CARTESIAN_POINT('',(-5.113707979,4.379318318,1.628594752));
#9559=CARTESIAN_POINT('',(-5.11372755,4.379316726,1.628567815));
#9560=CARTESIAN_POINT('',(-5.113747122,4.379315134,1.62854088));
#9561=CARTESIAN_POINT('',(-5.113766697,4.379313542,1.628513946));
#9562=CARTESIAN_POINT('',(-5.201385993,4.372187127,1.507952512));
#9563=CARTESIAN_POINT('',(-5.32196592,4.364694347,1.420359654));
#9564=CARTESIAN_POINT('',(-5.463707979,4.357568318,1.374304868));
#9565=CARTESIAN_POINT('',(-5.463739645,4.357566726,1.374294579));
#9566=CARTESIAN_POINT('',(-5.463771312,4.357565134,1.374284292));
#9567=CARTESIAN_POINT('',(-5.463802979,4.357563542,1.374274008));
#9568=CARTESIAN_POINT('',(-5.605552712,4.350437127,1.328239089));
#9569=CARTESIAN_POINT('',(-5.754589712,4.342944347,1.328250081));
#9570=CARTESIAN_POINT('',(-5.896331771,4.335818318,1.374304868));
#9571=CARTESIAN_POINT('',(-5.896363437,4.335816726,1.374315157));
#9572=CARTESIAN_POINT('',(-5.896395102,4.335815134,1.374325448));
#9573=CARTESIAN_POINT('',(-5.896426767,4.335813542,1.374335742));
#9574=CARTESIAN_POINT('',(-6.038163356,4.328687127,1.420411112));
#9575=CARTESIAN_POINT('',(-6.158730361,4.321194347,1.508021755));
#9576=CARTESIAN_POINT('',(-6.246331771,4.314068318,1.628594752));
#9577=CARTESIAN_POINT('',(-6.246351342,4.314066726,1.628621689));
#9578=CARTESIAN_POINT('',(-6.24637091,4.314065134,1.628648627));
#9579=CARTESIAN_POINT('',(-6.246390477,4.314063542,1.628675566));
#9580=CARTESIAN_POINT('',(-6.333975363,4.306937127,1.749262002));
#9581=CARTESIAN_POINT('',(-6.380019875,4.299444347,1.891008009));
#9582=CARTESIAN_POINT('',(-6.380019875,4.292318318,2.040044429));
#9583=CARTESIAN_POINT('',(-6.380019875,4.292316726,2.040077725));
#9584=CARTESIAN_POINT('',(-6.380019873,4.292315134,2.04011102));
#9585=CARTESIAN_POINT('',(-6.380019868,4.292313542,2.040144316));
#9586=CARTESIAN_POINT('',(-6.379998601,4.285187127,2.189181895));
#9587=CARTESIAN_POINT('',(-6.333933181,4.277694347,2.330921109));
#9588=CARTESIAN_POINT('',(-6.246331771,4.270568318,2.451494106));
#9589=CARTESIAN_POINT('',(-6.2463122,4.270566726,2.451521043));
#9590=CARTESIAN_POINT('',(-6.246292628,4.270565134,2.451547978));
#9591=CARTESIAN_POINT('',(-6.246273053,4.270563542,2.451574912));
#9592=CARTESIAN_POINT('',(-6.158653757,4.263437127,2.572136346));
#9593=CARTESIAN_POINT('',(-6.03807383,4.255944347,2.659729204));
#9594=CARTESIAN_POINT('',(-5.896331771,4.248818318,2.70578399));
#9595=CARTESIAN_POINT('',(-5.896300105,4.248816726,2.705794279));
#9596=CARTESIAN_POINT('',(-5.896268438,4.248815134,2.705804566));
#9597=CARTESIAN_POINT('',(-5.896236771,4.248813542,2.70581485));
#9598=CARTESIAN_POINT('',(-5.754487038,4.241687127,2.751849769));
#9599=CARTESIAN_POINT('',(-5.605450038,4.234194347,2.751838777));
#9600=CARTESIAN_POINT('',(-5.463707979,4.227068318,2.70578399));
#9601=CARTESIAN_POINT('',(-5.463676313,4.227066726,2.705773701));
#9602=CARTESIAN_POINT('',(-5.463644648,4.227065134,2.70576341));
#9603=CARTESIAN_POINT('',(-5.463612983,4.227063542,2.705753116));
#9604=CARTESIAN_POINT('',(-5.321876394,4.219937127,2.659677746));
#9605=CARTESIAN_POINT('',(-5.201309389,4.212444347,2.572067103));
#9606=CARTESIAN_POINT('',(-5.113707979,4.205318318,2.451494106));
#9607=CARTESIAN_POINT('',(-5.113688408,4.205316726,2.451467169));
#9608=CARTESIAN_POINT('',(-5.11366884,4.205315134,2.451440231));
#9609=CARTESIAN_POINT('',(-5.113649273,4.205313542,2.451413292));
#9610=CARTESIAN_POINT('',(-5.026064387,4.198187127,2.330826856));
#9611=CARTESIAN_POINT('',(-4.980019875,4.190694347,2.189080849));
#9612=CARTESIAN_POINT('',(-4.980019875,4.183568318,2.040044429));
#9613=CARTESIAN_POINT('',(-4.980019875,4.183566726,2.040011133));
#9614=CARTESIAN_POINT('',(-4.980019877,4.183565134,2.039977838));
#9615=CARTESIAN_POINT('',(-4.980019882,4.183563542,2.039944542));
#9616=CARTESIAN_POINT('',(-4.980041149,4.176437127,1.890906963));
#9617=CARTESIAN_POINT('',(-5.026106569,4.168944347,1.749167749));
#9618=CARTESIAN_POINT('',(-5.113707979,4.161818318,1.628594752));
#9619=CARTESIAN_POINT('',(-5.11372755,4.161816726,1.628567815));
#9620=CARTESIAN_POINT('',(-5.113747122,4.161815134,1.62854088));
#9621=CARTESIAN_POINT('',(-5.113766697,4.161813542,1.628513946));
#9622=CARTESIAN_POINT('',(-5.201385993,4.154687127,1.507952512));
#9623=CARTESIAN_POINT('',(-5.32196592,4.147194347,1.420359654));
#9624=CARTESIAN_POINT('',(-5.463707979,4.140068318,1.374304868));
#9625=CARTESIAN_POINT('',(-5.463739645,4.140066726,1.374294579));
#9626=CARTESIAN_POINT('',(-5.463771312,4.140065134,1.374284292));
#9627=CARTESIAN_POINT('',(-5.463802979,4.140063542,1.374274008));
#9628=CARTESIAN_POINT('',(-5.605552712,4.132937127,1.328239089));
#9629=CARTESIAN_POINT('',(-5.754589712,4.125444347,1.328250081));
#9630=CARTESIAN_POINT('',(-5.896331771,4.118318318,1.374304868));
#9631=CARTESIAN_POINT('',(-5.896363437,4.118316726,1.374315157));
#9632=CARTESIAN_POINT('',(-5.896395102,4.118315134,1.374325448));
#9633=CARTESIAN_POINT('',(-5.896426767,4.118313542,1.374335742));
#9634=CARTESIAN_POINT('',(-6.038163356,4.111187127,1.420411112));
#9635=CARTESIAN_POINT('',(-6.158730361,4.103694347,1.508021755));
#9636=CARTESIAN_POINT('',(-6.246331771,4.096568318,1.628594752));
#9637=CARTESIAN_POINT('',(-6.246351342,4.096566726,1.628621689));
#9638=CARTESIAN_POINT('',(-6.24637091,4.096565134,1.628648627));
#9639=CARTESIAN_POINT('',(-6.246390477,4.096563542,1.628675566));
#9640=CARTESIAN_POINT('',(-6.333975363,4.089437127,1.749262002));
#9641=CARTESIAN_POINT('',(-6.380019875,4.081944347,1.891008009));
#9642=CARTESIAN_POINT('',(-6.380019875,4.074818318,2.040044429));
#9643=CARTESIAN_POINT('',(-6.380019875,4.074816726,2.040077725));
#9644=CARTESIAN_POINT('',(-6.380019873,4.074815134,2.04011102));
#9645=CARTESIAN_POINT('',(-6.380019868,4.074813542,2.040144316));
#9646=CARTESIAN_POINT('',(-6.379998601,4.067687127,2.189181895));
#9647=CARTESIAN_POINT('',(-6.333933181,4.060194347,2.330921109));
#9648=CARTESIAN_POINT('',(-6.246331771,4.053068318,2.451494106));
#9649=CARTESIAN_POINT('',(-6.2463122,4.053066726,2.451521043));
#9650=CARTESIAN_POINT('',(-6.246292628,4.053065134,2.451547978));
#9651=CARTESIAN_POINT('',(-6.246273053,4.053063542,2.451574912));
#9652=CARTESIAN_POINT('',(-6.158653757,4.045937127,2.572136346));
#9653=CARTESIAN_POINT('',(-6.03807383,4.038444347,2.659729204));
#9654=CARTESIAN_POINT('',(-5.896331771,4.031318318,2.70578399));
#9655=CARTESIAN_POINT('',(-5.896300105,4.031316726,2.705794279));
#9656=CARTESIAN_POINT('',(-5.896268438,4.031315134,2.705804566));
#9657=CARTESIAN_POINT('',(-5.896236771,4.031313542,2.70581485));
#9658=CARTESIAN_POINT('',(-5.754487038,4.024187127,2.751849769));
#9659=CARTESIAN_POINT('',(-5.605450038,4.016694347,2.751838777));
#9660=CARTESIAN_POINT('',(-5.463707979,4.009568318,2.70578399));
#9661=CARTESIAN_POINT('',(-5.463676313,4.009566726,2.705773701));
#9662=CARTESIAN_POINT('',(-5.463644648,4.009565134,2.70576341));
#9663=CARTESIAN_POINT('',(-5.463612983,4.009563542,2.705753116));
#9664=CARTESIAN_POINT('',(-5.321876394,4.002437127,2.659677746));
#9665=CARTESIAN_POINT('',(-5.201309389,3.994944347,2.572067103));
#9666=CARTESIAN_POINT('',(-5.113707979,3.987818318,2.451494106));
#9667=CARTESIAN_POINT('',(-5.113688408,3.987816726,2.451467169));
#9668=CARTESIAN_POINT('',(-5.11366884,3.987815134,2.451440231));
#9669=CARTESIAN_POINT('',(-5.113649273,3.987813542,2.451413292));
#9670=CARTESIAN_POINT('',(-5.026064387,3.980687127,2.330826856));
#9671=CARTESIAN_POINT('',(-4.980019875,3.973194347,2.189080849));
#9672=CARTESIAN_POINT('',(-4.980019875,3.966068318,2.040044429));
#9673=CARTESIAN_POINT('',(-4.980019875,3.966066726,2.040011133));
#9674=CARTESIAN_POINT('',(-4.980019877,3.966065134,2.039977838));
#9675=CARTESIAN_POINT('',(-4.980019882,3.966063542,2.039944542));
#9676=CARTESIAN_POINT('',(-4.980041149,3.958937127,1.890906963));
#9677=CARTESIAN_POINT('',(-5.026106569,3.951444347,1.749167749));
#9678=CARTESIAN_POINT('',(-5.113707979,3.944318318,1.628594752));
#9679=CARTESIAN_POINT('',(-5.11372755,3.944316726,1.628567815));
#9680=CARTESIAN_POINT('',(-5.113747122,3.944315134,1.62854088));
#9681=CARTESIAN_POINT('',(-5.113766697,3.944313542,1.628513946));
#9682=CARTESIAN_POINT('',(-5.201385993,3.937187127,1.507952512));
#9683=CARTESIAN_POINT('',(-5.32196592,3.929694347,1.420359654));
#9684=CARTESIAN_POINT('',(-5.463707979,3.922568318,1.374304868));
#9685=CARTESIAN_POINT('',(-5.463739645,3.922566726,1.374294579));
#9686=CARTESIAN_POINT('',(-5.463771312,3.922565134,1.374284292));
#9687=CARTESIAN_POINT('',(-5.463802979,3.922563542,1.374274008));
#9688=CARTESIAN_POINT('',(-5.605552712,3.915437127,1.328239089));
#9689=CARTESIAN_POINT('',(-5.754589712,3.907944347,1.328250081));
#9690=CARTESIAN_POINT('',(-5.896331771,3.900818318,1.374304868));
#9691=CARTESIAN_POINT('',(-5.896363437,3.900816726,1.374315157));
#9692=CARTESIAN_POINT('',(-5.896395102,3.900815134,1.374325448));
#9693=CARTESIAN_POINT('',(-5.896426767,3.900813542,1.374335742));
#9694=CARTESIAN_POINT('',(-6.038163356,3.893687127,1.420411112));
#9695=CARTESIAN_POINT('',(-6.158730361,3.886194347,1.508021755));
#9696=CARTESIAN_POINT('',(-6.246331771,3.879068318,1.628594752));
#9697=CARTESIAN_POINT('',(-6.246351342,3.879066726,1.628621689));
#9698=CARTESIAN_POINT('',(-6.24637091,3.879065134,1.628648627));
#9699=CARTESIAN_POINT('',(-6.246390477,3.879063542,1.628675566));
#9700=CARTESIAN_POINT('',(-6.333975363,3.871937127,1.749262002));
#9701=CARTESIAN_POINT('',(-6.380019875,3.864444347,1.891008009));
#9702=CARTESIAN_POINT('',(-6.380019875,3.857318318,2.040044429));
#9703=CARTESIAN_POINT('',(-6.380019875,3.857316726,2.040077725));
#9704=CARTESIAN_POINT('',(-6.380019873,3.857315134,2.04011102));
#9705=CARTESIAN_POINT('',(-6.380019868,3.857313542,2.040144316));
#9706=CARTESIAN_POINT('',(-6.379998601,3.850187127,2.189181895));
#9707=CARTESIAN_POINT('',(-6.333933181,3.842694347,2.330921109));
#9708=CARTESIAN_POINT('',(-6.246331771,3.835568318,2.451494106));
#9709=CARTESIAN_POINT('',(-6.2463122,3.835566726,2.451521043));
#9710=CARTESIAN_POINT('',(-6.246292628,3.835565134,2.451547978));
#9711=CARTESIAN_POINT('',(-6.246273053,3.835563542,2.451574912));
#9712=CARTESIAN_POINT('',(-6.158653757,3.828437127,2.572136346));
#9713=CARTESIAN_POINT('',(-6.03807383,3.820944347,2.659729204));
#9714=CARTESIAN_POINT('',(-5.896331771,3.813818318,2.70578399));
#9715=CARTESIAN_POINT('',(-5.896300105,3.813816726,2.705794279));
#9716=CARTESIAN_POINT('',(-5.896268438,3.813815134,2.705804566));
#9717=CARTESIAN_POINT('',(-5.896236771,3.813813542,2.70581485));
#9718=CARTESIAN_POINT('',(-5.754487038,3.806687127,2.751849769));
#9719=CARTESIAN_POINT('',(-5.605450038,3.799194347,2.751838777));
#9720=CARTESIAN_POINT('',(-5.463707979,3.792068318,2.70578399));
#9721=CARTESIAN_POINT('',(-5.463676313,3.792066726,2.705773701));
#9722=CARTESIAN_POINT('',(-5.463644648,3.792065134,2.70576341));
#9723=CARTESIAN_POINT('',(-5.463612983,3.792063542,2.705753116));
#9724=CARTESIAN_POINT('',(-5.321876394,3.784937127,2.659677746));
#9725=CARTESIAN_POINT('',(-5.201309389,3.777444347,2.572067103));
#9726=CARTESIAN_POINT('',(-5.113707979,3.770318318,2.451494106));
#9727=CARTESIAN_POINT('',(-5.113688408,3.770316726,2.451467169));
#9728=CARTESIAN_POINT('',(-5.11366884,3.770315134,2.451440231));
#9729=CARTESIAN_POINT('',(-5.113649273,3.770313542,2.451413292));
#9730=CARTESIAN_POINT('',(-5.026064387,3.763187127,2.330826856));
#9731=CARTESIAN_POINT('',(-4.980019875,3.755694347,2.189080849));
#9732=CARTESIAN_POINT('',(-4.980019875,3.748568318,2.040044429));
#9733=CARTESIAN_POINT('',(-4.980019875,3.748566726,2.040011133));
#9734=CARTESIAN_POINT('',(-4.980019877,3.748565134,2.039977838));
#9735=CARTESIAN_POINT('',(-4.980019882,3.748563542,2.039944542));
#9736=CARTESIAN_POINT('',(-4.980041149,3.741437127,1.890906963));
#9737=CARTESIAN_POINT('',(-5.026106569,3.733944347,1.749167749));
#9738=CARTESIAN_POINT('',(-5.113707979,3.726818318,1.628594752));
#9739=CARTESIAN_POINT('',(-5.11372755,3.726816726,1.628567815));
#9740=CARTESIAN_POINT('',(-5.113747122,3.726815134,1.62854088));
#9741=CARTESIAN_POINT('',(-5.113766697,3.726813542,1.628513946));
#9742=CARTESIAN_POINT('',(-5.201385993,3.719687127,1.507952512));
#9743=CARTESIAN_POINT('',(-5.32196592,3.712194347,1.420359654));
#9744=CARTESIAN_POINT('',(-5.463707979,3.705068318,1.374304868));
#9745=CARTESIAN_POINT('',(-5.463739645,3.705066726,1.374294579));
#9746=CARTESIAN_POINT('',(-5.463771312,3.705065134,1.374284292));
#9747=CARTESIAN_POINT('',(-5.463802979,3.705063542,1.374274008));
#9748=CARTESIAN_POINT('',(-5.605552712,3.697937127,1.328239089));
#9749=CARTESIAN_POINT('',(-5.754589712,3.690444347,1.328250081));
#9750=CARTESIAN_POINT('',(-5.896331771,3.683318318,1.374304868));
#9751=CARTESIAN_POINT('',(-5.896363437,3.683316726,1.374315157));
#9752=CARTESIAN_POINT('',(-5.896395102,3.683315134,1.374325448));
#9753=CARTESIAN_POINT('',(-5.896426767,3.683313542,1.374335742));
#9754=CARTESIAN_POINT('',(-6.038163356,3.676187127,1.420411112));
#9755=CARTESIAN_POINT('',(-6.158730361,3.668694347,1.508021755));
#9756=CARTESIAN_POINT('',(-6.246331771,3.661568318,1.628594752));
#9757=CARTESIAN_POINT('',(-6.246351342,3.661566726,1.628621689));
#9758=CARTESIAN_POINT('',(-6.24637091,3.661565134,1.628648627));
#9759=CARTESIAN_POINT('',(-6.246390477,3.661563542,1.628675566));
#9760=CARTESIAN_POINT('',(-6.333975363,3.654437127,1.749262002));
#9761=CARTESIAN_POINT('',(-6.380019875,3.646944347,1.891008009));
#9762=CARTESIAN_POINT('',(-6.380019875,3.639818318,2.040044429));
#9763=CARTESIAN_POINT('',(-6.380019875,3.639816726,2.040077725));
#9764=CARTESIAN_POINT('',(-6.380019873,3.639815134,2.04011102));
#9765=CARTESIAN_POINT('',(-6.380019868,3.639813542,2.040144316));
#9766=CARTESIAN_POINT('',(-6.379998601,3.632687127,2.189181895));
#9767=CARTESIAN_POINT('',(-6.333933181,3.625194347,2.330921109));
#9768=CARTESIAN_POINT('',(-6.246331771,3.618068318,2.451494106));
#9769=CARTESIAN_POINT('',(-6.2463122,3.618066726,2.451521043));
#9770=CARTESIAN_POINT('',(-6.246292628,3.618065134,2.451547978));
#9771=CARTESIAN_POINT('',(-6.246273053,3.618063542,2.451574912));
#9772=CARTESIAN_POINT('',(-6.158653757,3.610937127,2.572136346));
#9773=CARTESIAN_POINT('',(-6.03807383,3.603444347,2.659729204));
#9774=CARTESIAN_POINT('',(-5.896331771,3.596318318,2.70578399));
#9775=CARTESIAN_POINT('',(-5.896300105,3.596316726,2.705794279));
#9776=CARTESIAN_POINT('',(-5.896268438,3.596315134,2.705804566));
#9777=CARTESIAN_POINT('',(-5.896236771,3.596313542,2.70581485));
#9778=CARTESIAN_POINT('',(-5.754487038,3.589187127,2.751849769));
#9779=CARTESIAN_POINT('',(-5.605450038,3.581694347,2.751838777));
#9780=CARTESIAN_POINT('',(-5.463707979,3.574568318,2.70578399));
#9781=CARTESIAN_POINT('',(-5.463676313,3.574566726,2.705773701));
#9782=CARTESIAN_POINT('',(-5.463644648,3.574565134,2.70576341));
#9783=CARTESIAN_POINT('',(-5.463612983,3.574563542,2.705753116));
#9784=CARTESIAN_POINT('',(-5.370266232,3.569870134,2.675408192));
#9785=CARTESIAN_POINT('',(-5.284879603,3.564944694,2.626255139));
#9786=CARTESIAN_POINT('',(-5.211418266,3.560000583,2.560056479));
#9787=CARTESIAN_POINT('',(-5.21131145,3.559993394,2.559960224));
#9788=CARTESIAN_POINT('',(-5.211204635,3.559986205,2.559863968));
#9789=CARTESIAN_POINT('',(-5.211097819,3.559979016,2.559767713));
#9790=(BOUNDED_SURFACE()
B_SPLINE_SURFACE(3,3,((#27,#28,#29,#30,#31,#32,#33,#34,#35,#36,#37,#38,#39,#40,#41,#42,#43,#44,#45,#46,#47,#48,#49,#50,#51,#52,
#53,#54,#55,#56,#57,#58,#59,#60,#61,#62,#63,#64,#65,#66,#67,#68,#69,#70,#71,#72,#73,#74,#75,#76,#77,
#78,#79,#80,#81,#82,#83,#84,#85,#86,#87,#88,#89,#90,#91,#92,#93,#94,#95,#96,#97,#98,#99,#100,#101,#102,
#103,#104,#105,#106,#107,#108,#109,#110,#111,#112,#113,#114,#115,#116,#117,#118,#119,#120,#121,#122,#123,#124,#125,#126,#127,
#128,#129,#130,#131,#132,#133,#134,#135,#136,#137,#138,#139,#140,#141,#142,#143,#144,#145,#146,#147,#148,#149,#150,#151,#152,
#153,#154,#155,#156,#157,#158,#159,#160,#161,#162,#163,#164,#165,#166,#167,#168,#169,#170,#171,#172,#173,#174,#175,#176,#177,
#178,#179,#180,#181,#182,#183,#184,#185,#186,#187,#188,#189,#190,#191,#192,#193,#194,#195,#196,#197,#198,#199,#200,#201,#202,
#203,#204,#205,#206,#207,#208,#209,#210,#211,#212,#213,#214,#215,#216,#217,#218,#219,#220,#221,#222,#223,#224,#225,#226,#227,
#228,#229,#230,#231,#232,#233,#234,#235,#236,#237,#238,#239,#240,#241,#242,#243,#244,#245,#246,#247,#248,#249,#250,#251,#252,
#253,#254,#255,#256,#257,#258,#259,#260,#261,#262,#263,#264,#265,#266,#267,#268,#269,#270,#271,#272,#273,#274,#275,#276,#277,
#278,#279,#280,#281,#282,#283,#284,#285,#286,#287,#288,#289,#290,#291,#292,#293,#294,#295,#296,#297,#298,#299,#300,#301,#302,
#303,#304,#305,#306,#307,#308,#309,#310,#311,#312,#313,#314,#315,#316,#317,#318,#319,#320,#321,#322,#323,#324,#325,#326,#327,
#328,#329,#330,#331,#332,#333,#334,#335,#336,#337,#338,#339,#340,#341,#342,#343,#344,#345,#346,#347,#348,#349,#350,#351,#352,
#353,#354,#355,#356,#357,#358,#359,#360,#361,#362,#363,#364,#365,#366,#367,#368,#369,#370,#371,#372,#373,#374,#375,#376,#377,
#378,#379,#380,#381,#382,#383,#384,#385,#386,#387,#388,#389,#390,#391,#392,#393,#394,#395,#396,#397,#398,#399,#400,#401,#402,
#403,#404,#405,#406,#407,#408,#409,#410,#411,#412,#413,#414,#415,#416,#417,#418,#419,#420,#421,#422,#423,#424,#425,#426,#427,
#428,#429,#430,#431,#432,#433,#434,#435,#436,#437,#438,#439,#440,#441,#442,#443,#444,#445,#446,#447,#448,#449,#450,#451,#452,
#453,#454,#455,#456,#457,#458,#459,#460,#461,#462,#463,#464,#465,#466,#467,#468,#469,#470,#471,#472,#473,#474,#475,#476,#477,
#478,#479,#480,#481,#482,#483,#484,#485,#486,#487,#488,#489,#490,#491,#492,#493,#494,#495,#496,#497,#498,#499,#500,#501,#502,
#503,#504,#505,#506,#507,#508,#509,#510,#511,#512,#513,#514,#515,#516,#517,#518,#519,#520,#521,#522,#523,#524,#525,#526,#527,
#528,#529,#530,#531,#532,#533,#534,#535,#536,#537,#538,#539,#540,#541,#542,#543,#544,#545,#546,#547,#548,#549,#550,#551,#552,
#553,#554,#555,#556,#557,#558,#559,#560,#561,#562,#563,#564,#565,#566,#567,#568,#569,#570,#571,#572,#573,#574,#575,#576,#577,
#578,#579,#580,#581,#582,#583,#584,#585,#586,#587,#588,#589,#590,#591,#592,#593,#594,#595,#596,#597,#598,#599,#600,#601,#602,
#603,#604,#605,#606,#607,#608,#609,#610,#611,#612,#613,#614,#615,#616,#617,#618,#619,#620,#621,#622,#623,#624,#625,#626,#627,
#628,#629,#630,#631,#632,#633,#634,#635,#636,#637,#638,#639,#640,#641,#642,#643,#644,#645,#646,#647,#648,#649,#650,#651,#652,
#653,#654,#655,#656,#657,#658,#659,#660,#661,#662,#663,#664,#665,#666,#667,#668,#669,#670,#671,#672,#673,#674,#675,#676,#677,
#678,#679,#680,#681,#682,#683,#684,#685,#686,#687,#688,#689,#690,#691,#692,#693,#694,#695,#696,#697,#698,#699,#700,#701,#702,
#703,#704,#705,#706,#707,#708,#709,#710,#711,#712,#713,#714,#715,#716,#717,#718,#719,#720,#721,#722,#723,#724,#725,#726,#727,
#728,#729,#730,#731,#732,#733,#734,#735,#736,#737,#738,#739,#740,#741,#742,#743,#744,#745,#746,#747,#748,#749,#750,#751,#752,
#753,#754,#755,#756,#757,#758,#759,#760,#761,#762,#763,#764,#765,#766,#767,#768,#769,#770,#771,#772,#773,#774,#775,#776,#777),(#778,#779,#780,#781,#782,#783,#784,#785,#786,#787,#788,#789,#790,#791,#792,#793,#794,#795,#796,#797,#798,#799,#800,#801,#802,#803,
#804,#805,#806,#807,#808,#809,#810,#811,#812,#813,#814,#815,#816,#817,#818,#819,#820,#821,#822,#823,#824,#825,#826,#827,#828,
#829,#830,#831,#832,#833,#834,#835,#836,#837,#838,#839,#840,#841,#842,#843,#844,#845,#846,#847,#848,#849,#850,#851,#852,#853,
#854,#855,#856,#857,#858,#859,#860,#861,#862,#863,#864,#865,#866,#867,#868,#869,#870,#871,#872,#873,#874,#875,#876,#877,#878,
#879,#880,#881,#882,#883,#884,#885,#886,#887,#888,#889,#890,#891,#892,#893,#894,#895,#896,#897,#898,#899,#900,#901,#902,#903,
#904,#905,#906,#907,#908,#909,#910,#911,#912,#913,#914,#915,#916,#917,#918,#919,#920,#921,#922,#923,#924,#925,#926,#927,#928,
#929,#930,#931,#932,#933,#934,#935,#936,#937,#938,#939,#940,#941,#942,#943,#944,#945,#946,#947,#948,#949,#950,#951,#952,#953,
#954,#955,#956,#957,#958,#959,#960,#961,#962,#963,#964,#965,#966,#967,#968,#969,#970,#971,#972,#973,#974,#975,#976,#977,#978,
#979,#980,#981,#982,#983,#984,#985,#986,#987,#988,#989,#990,#991,#992,#993,#994,#995,#996,#997,#998,#999,#1000,#1001,#1002,#1003,
#1004,#1005,#1006,#1007,#1008,#1009,#1010,#1011,#1012,#1013,#1014,#1015,#1016,#1017,#1018,#1019,#1020,#1021,#1022,#1023,#1024,#1025,#1026,#1027,#1028,
#1029,#1030,#1031,#1032,#1033,#1034,#1035,#1036,#1037,#1038,#1039,#1040,#1041,#1042,#1043,#1044,#1045,#1046,#1047,#1048,#1049,#1050,#1051,#1052,#1053,
#1054,#1055,#1056,#1057,#1058,#1059,#1060,#1061,#1062,#1063,#1064,#1065,#1066,#1067,#1068,#1069,#1070,#1071,#1072,#1073,#1074,#1075,#1076,#1077,#1078,
#1079,#1080,#1081,#1082,#1083,#1084,#1085,#1086,#1087,#1088,#1089,#1090,#1091,#1092,#1093,#1094,#1095,#1096,#1097,#1098,#1099,#1100,#1101,#1102,#1103,
#1104,#1105,#1106,#1107,#1108,#1109,#1110,#1111,#1112,#1113,#1114,#1115,#1116,#1117,#1118,#1119,#1120,#1121,#1122,#1123,#1124,#1125,#1126,#1127,#1128,
#1129,#1130,#1131,#1132,#1133,#1134,#1135,#1136,#1137,#1138,#1139,#1140,#1141,#1142,#1143,#1144,#1145,#1146,#1147,#1148,#1149,#1150,#1151,#1152,#1153,
#1154,#1155,#1156,#1157,#1158,#1159,#1160,#1161,#1162,#1163,#1164,#1165,#1166,#1167,#1168,#1169,#1170,#1171,#1172,#1173,#1174,#1175,#1176,#1177,#1178,
#1179,#1180,#1181,#1182,#1183,#1184,#1185,#1186,#1187,#1188,#1189,#1190,#1191,#1192,#1193,#1194,#1195,#1196,#1197,#1198,#1199,#1200,#1201,#1202,#1203,
#1204,#1205,#1206,#1207,#1208,#1209,#1210,#1211,#1212,#1213,#1214,#1215,#1216,#1217,#1218,#1219,#1220,#1221,#1222,#1223,#1224,#1225,#1226,#1227,#1228,
#1229,#1230,#1231,#1232,#1233,#1234,#1235,#1236,#1237,#1238,#1239,#1240,#1241,#1242,#1243,#1244,#1245,#1246,#1247,#1248,#1249,#1250,#1251,#1252,#1253,
#1254,#1255,#1256,#1257,#1258,#1259,#1260,#1261,#1262,#1263,#1264,#1265,#1266,#1267,#1268,#1269,#1270,#1271,#1272,#1273,#1274,#1275,#1276,#1277,#1278,
#1279,#1280,#1281,#1282,#1283,#1284,#1285,#1286,#1287,#1288,#1289,#1290,#1291,#1292,#1293,#1294,#1295,#1296,#1297,#1298,#1299,#1300,#1301,#1302,#1303,
#1304,#1305,#1306,#1307,#1308,#1309,#1310,#1311,#1312,#1313,#1314,#1315,#1316,#1317,#1318,#1319,#1320,#1321,#1322,#1323,#1324,#1325,#1326,#1327,#1328,
#1329,#1330,#1331,#1332,#1333,#1334,#1335,#1336,#1337,#1338,#1339,#1340,#1341,#1342,#1343,#1344,#1345,#1346,#1347,#1348,#1349,#1350,#1351,#1352,#1353,
#1354,#1355,#1356,#1357,#1358,#1359,#1360,#1361,#1362,#1363,#1364,#1365,#1366,#1367,#1368,#1369,#1370,#1371,#1372,#1373,#1374,#1375,#1376,#1377,#1378,
#1379,#1380,#1381,#1382,#1383,#1384,#1385,#1386,#1387,#1388,#1389,#1390,#1391,#1392,#1393,#1394,#1395,#1396,#1397,#1398,#1399,#1400,#1401,#1402,#1403,
#1404,#1405,#1406,#1407,#1408,#1409,#1410,#1411,#1412,#1413,#1414,#1415,#1416,#1417,#1418,#1419,#1420,#1421,#1422,#1423,#1424,#1425,#1426,#1427,#1428,
#1429,#1430,#1431,#1432,#1433,#1434,#1435,#1436,#1437,#1438,#1439,#1440,#1441,#1442,#1443,#1444,#1445,#1446,#1447,#1448,#1449,#1450,#1451,#1452,#1453,
#1454,#1455,#1456,#1457,#1458,#1459,#1460,#1461,#1462,#1463,#1464,#1465,#1466,#1467,#1468,#1469,#1470,#1471,#1472,#1473,#1474,#1475,#1476,#1477,#1478,
#1479,#1480,#1481,#1482,#1483,#1484,#1485,#1486,#1487,#1488,#1489,#1490,#1491,#1492,#1493,#1494,#1495,#1496,#1497,#1498,#1499,#1500,#1501,#1502,#1503,
#1504,#1505,#1506,#1507,#1508,#1509,#1510,#1511,#1512,#1513,#1514,#1515,#1516,#1517,#1518,#1519,#1520,#1521,#1522,#1523,#1524,#1525,#1526,#1527,#1528),(#1529,#1530,#1531,#1532,#1533,#1534,#1535,#1536,#1537,#1538,#1539,#1540,#1541,#1542,#1543,#1544,#1545,#1546,#1547,#1548,#1549,#1550,#1551,#1552,#1553,#1554,
#1555,#1556,#1557,#1558,#1559,#1560,#1561,#1562,#1563,#1564,#1565,#1566,#1567,#1568,#1569,#1570,#1571,#1572,#1573,#1574,#1575,#1576,#1577,#1578,#1579,
#1580,#1581,#1582,#1583,#1584,#1585,#1586,#1587,#1588,#1589,#1590,#1591,#1592,#1593,#1594,#1595,#1596,#1597,#1598,#1599,#1600,#1601,#1602,#1603,#1604,
#1605,#1606,#1607,#1608,#1609,#1610,#1611,#1612,#1613,#1614,#1615,#1616,#1617,#1618,#1619,#1620,#1621,#1622,#1623,#1624,#1625,#1626,#1627,#1628,#1629,
#1630,#1631,#1632,#1633,#1634,#1635,#1636,#1637,#1638,#1639,#1640,#1641,#1642,#1643,#1644,#1645,#1646,#1647,#1648,#1649,#1650,#1651,#1652,#1653,#1654,
#1655,#1656,#1657,#1658,#1659,#1660,#1661,#1662,#1663,#1664,#1665,#1666,#1667,#1668,#1669,#1670,#1671,#1672,#1673,#1674,#1675,#1676,#1677,#1678,#1679,
#1680,#1681,#1682,#1683,#1684,#1685,#1686,#1687,#1688,#1689,#1690,#1691,#1692,#1693,#1694,#1695,#1696,#1697,#1698,#1699,#1700,#1701,#1702,#1703,#1704,
#1705,#1706,#1707,#1708,#1709,#1710,#1711,#1712,#1713,#1714,#1715,#1716,#1717,#1718,#1719,#1720,#1721,#1722,#1723,#1724,#1725,#1726,#1727,#1728,#1729,
#1730,#1731,#1732,#1733,#1734,#1735,#1736,#1737,#1738,#1739,#1740,#1741,#1742,#1743,#1744,#1745,#1746,#1747,#1748,#1749,#1750,#1751,#1752,#1753,#1754,
#1755,#1756,#1757,#1758,#1759,#1760,#1761,#1762,#1763,#1764,#1765,#1766,#1767,#1768,#1769,#1770,#1771,#1772,#1773,#1774,#1775,#1776,#1777,#1778,#1779,
#1780,#1781,#1782,#1783,#1784,#1785,#1786,#1787,#1788,#1789,#1790,#1791,#1792,#1793,#1794,#1795,#1796,#1797,#1798,#1799,#1800,#1801,#1802,#1803,#1804,
#1805,#1806,#1807,#1808,#1809,#1810,#1811,#1812,#1813,#1814,#1815,#1816,#1817,#1818,#1819,#1820,#1821,#1822,#1823,#1824,#1825,#1826,#1827,#1828,#1829,
#1830,#1831,#1832,#1833,#1834,#1835,#1836,#1837,#1838,#1839,#1840,#1841,#1842,#1843,#1844,#1845,#1846,#1847,#1848,#1849,#1850,#1851,#1852,#1853,#1854,
#1855,#1856,#1857,#1858,#1859,#1860,#1861,#1862,#1863,#1864,#1865,#1866,#1867,#1868,#1869,#1870,#1871,#1872,#1873,#1874,#1875,#1876,#1877,#1878,#1879,
#1880,#1881,#1882,#1883,#1884,#1885,#1886,#1887,#1888,#1889,#1890,#1891,#1892,#1893,#1894,#1895,#1896,#1897,#1898,#1899,#1900,#1901,#1902,#1903,#1904,
#1905,#1906,#1907,#1908,#1909,#1910,#1911,#1912,#1913,#1914,#1915,#1916,#1917,#1918,#1919,#1920,#1921,#1922,#1923,#1924,#1925,#1926,#1927,#1928,#1929,
#1930,#1931,#1932,#1933,#1934,#1935,#1936,#1937,#1938,#1939,#1940,#1941,#1942,#1943,#1944,#1945,#1946,#1947,#1948,#1949,#1950,#1951,#1952,#1953,#1954,
#1955,#1956,#1957,#1958,#1959,#1960,#1961,#1962,#1963,#1964,#1965,#1966,#1967,#1968,#1969,#1970,#1971,#1972,#1973,#1974,#1975,#1976,#1977,#1978,#1979,
#1980,#1981,#1982,#1983,#1984,#1985,#1986,#1987,#1988,#1989,#1990,#1991,#1992,#1993,#1994,#1995,#1996,#1997,#1998,#1999,#2000,#2001,#2002,#2003,#2004,
#2005,#2006,#2007,#2008,#2009,#2010,#2011,#2012,#2013,#2014,#2015,#2016,#2017,#2018,#2019,#2020,#2021,#2022,#2023,#2024,#2025,#2026,#2027,#2028,#2029,
#2030,#2031,#2032,#2033,#2034,#2035,#2036,#2037,#2038,#2039,#2040,#2041,#2042,#2043,#2044,#2045,#2046,#2047,#2048,#2049,#2050,#2051,#2052,#2053,#2054,
#2055,#2056,#2057,#2058,#2059,#2060,#2061,#2062,#2063,#2064,#2065,#2066,#2067,#2068,#2069,#2070,#2071,#2072,#2073,#2074,#2075,#2076,#2077,#2078,#2079,
#2080,#2081,#2082,#2083,#2084,#2085,#2086,#2087,#2088,#2089,#2090,#2091,#2092,#2093,#2094,#2095,#2096,#2097,#2098,#2099,#2100,#2101,#2102,#2103,#2104,
#2105,#2106,#2107,#2108,#2109,#2110,#2111,#2112,#2113,#2114,#2115,#2116,#2117,#2118,#2119,#2120,#2121,#2122,#2123,#2124,#2125,#2126,#2127,#2128,#2129,
#2130,#2131,#2132,#2133,#2134,#2135,#2136,#2137,#2138,#2139,#2140,#2141,#2142,#2143,#2144,#2145,#2146,#2147,#2148,#2149,#2150,#2151,#2152,#2153,#2154,
#2155,#2156,#2157,#2158,#2159,#2160,#2161,#2162,#2163,#2164,#2165,#2166,#2167,#2168,#2169,#2170,#2171,#2172,#2173,#2174,#2175,#2176,#2177,#2178,#2179,
#2180,#2181,#2182,#2183,#2184,#2185,#2186,#2187,#2188,#2189,#2190,#2191,#2192,#2193,#2194,#2195,#2196,#2197,#2198,#2199,#2200,#2201,#2202,#2203,#2204,
#2205,#2206,#2207,#2208,#2209,#2210,#2211,#2212,#2213,#2214,#2215,#2216,#2217,#2218,#2219,#2220,#2221,#2222,#2223,#2224,#2225,#2226,#2227,#2228,#2229,
#2230,#2231,#2232,#2233,#2234,#2235,#2236,#2237,#2238,#2239,#2240,#2241,#2242,#2243,#2244,#2245,#2246,#2247,#2248,#2249,#2250,#2251,#2252,#2253,#2254,
#2255,#2256,#2257,#2258,#2259,#2260,#2261,#2262,#2263,#2264,#2265,#2266,#2267,#2268,#2269,#2270,#2271,#2272,#2273,#2274,#2275,#2276,#2277,#2278,#2279),(#2280,#2281,#2282,#2283,#2284,#2285,#2286,#2287,#2288,#2289,#2290,#2291,#2292,#2293,#2294,#2295,#2296,#2297,#2298,#2299,#2300,#2301,#2302,#2303,#2304,#2305,
#2306,#2307,#2308,#2309,#2310,#2311,#2312,#2313,#2314,#2315,#2316,#2317,#2318,#2319,#2320,#2321,#2322,#2323,#2324,#2325,#2326,#2327,#2328,#2329,#2330,
#2331,#2332,#2333,#2334,#2335,#2336,#2337,#2338,#2339,#2340,#2341,#2342,#2343,#2344,#2345,#2346,#2347,#2348,#2349,#2350,#2351,#2352,#2353,#2354,#2355,
#2356,#2357,#2358,#2359,#2360,#2361,#2362,#2363,#2364,#2365,#2366,#2367,#2368,#2369,#2370,#2371,#2372,#2373,#2374,#2375,#2376,#2377,#2378,#2379,#2380,
#2381,#2382,#2383,#2384,#2385,#2386,#2387,#2388,#2389,#2390,#2391,#2392,#2393,#2394,#2395,#2396,#2397,#2398,#2399,#2400,#2401,#2402,#2403,#2404,#2405,
#2406,#2407,#2408,#2409,#2410,#2411,#2412,#2413,#2414,#2415,#2416,#2417,#2418,#2419,#2420,#2421,#2422,#2423,#2424,#2425,#2426,#2427,#2428,#2429,#2430,
#2431,#2432,#2433,#2434,#2435,#2436,#2437,#2438,#2439,#2440,#2441,#2442,#2443,#2444,#2445,#2446,#2447,#2448,#2449,#2450,#2451,#2452,#2453,#2454,#2455,
#2456,#2457,#2458,#2459,#2460,#2461,#2462,#2463,#2464,#2465,#2466,#2467,#2468,#2469,#2470,#2471,#2472,#2473,#2474,#2475,#2476,#2477,#2478,#2479,#2480,
#2481,#2482,#2483,#2484,#2485,#2486,#2487,#2488,#2489,#2490,#2491,#2492,#2493,#2494,#2495,#2496,#2497,#2498,#2499,#2500,#2501,#2502,#2503,#2504,#2505,
#2506,#2507,#2508,#2509,#2510,#2511,#2512,#2513,#2514,#2515,#2516,#2517,#2518,#2519,#2520,#2521,#2522,#2523,#2524,#2525,#2526,#2527,#2528,#2529,#2530,
#2531,#2532,#2533,#2534,#2535,#2536,#2537,#2538,#2539,#2540,#2541,#2542,#2543,#2544,#2545,#2546,#2547,#2548,#2549,#2550,#2551,#2552,#2553,#2554,#2555,
#2556,#2557,#2558,#2559,#2560,#2561,#2562,#2563,#2564,#2565,#2566,#2567,#2568,#2569,#2570,#2571,#2572,#2573,#2574,#2575,#2576,#2577,#2578,#2579,#2580,
#2581,#2582,#2583,#2584,#2585,#2586,#2587,#2588,#2589,#2590,#2591,#2592,#2593,#2594,#2595,#2596,#2597,#2598,#2599,#2600,#2601,#2602,#2603,#2604,#2605,
#2606,#2607,#2608,#2609,#2610,#2611,#2612,#2613,#2614,#2615,#2616,#2617,#2618,#2619,#2620,#2621,#2622,#2623,#2624,#2625,#2626,#2627,#2628,#2629,#2630,
#2631,#2632,#2633,#2634,#2635,#2636,#2637,#2638,#2639,#2640,#2641,#2642,#2643,#2644,#2645,#2646,#2647,#2648,#2649,#2650,#2651,#2652,#2653,#2654,#2655,
#2656,#2657,#2658,#2659,#2660,#2661,#2662,#2663,#2664,#2665,#2666,#2667,#2668,#2669,#2670,#2671,#2672,#2673,#2674,#2675,#2676,#2677,#2678,#2679,#2680,
#2681,#2682,#2683,#2684,#2685,#2686,#2687,#2688,#2689,#2690,#2691,#2692,#2693,#2694,#2695,#2696,#2697,#2698,#2699,#2700,#2701,#2702,#2703,#2704,#2705,
#2706,#2707,#2708,#2709,#2710,#2711,#2712,#2713,#2714,#2715,#2716,#2717,#2718,#2719,#2720,#2721,#2722,#2723,#2724,#2725,#2726,#2727,#2728,#2729,#2730,
#2731,#2732,#2733,#2734,#2735,#2736,#2737,#2738,#2739,#2740,#2741,#2742,#2743,#2744,#2745,#2746,#2747,#2748,#2749,#2750,#2751,#2752,#2753,#2754,#2755,
#2756,#2757,#2758,#2759,#2760,#2761,#2762,#2763,#2764,#2765,#2766,#2767,#2768,#2769,#2770,#2771,#2772,#2773,#2774,#2775,#2776,#2777,#2778,#2779,#2780,
#2781,#2782,#2783,#2784,#2785,#2786,#2787,#2788,#2789,#2790,#2791,#2792,#2793,#2794,#2795,#2796,#2797,#2798,#2799,#2800,#2801,#2802,#2803,#2804,#2805,
#2806,#2807,#2808,#2809,#2810,#2811,#2812,#2813,#2814,#2815,#2816,#2817,#2818,#2819,#2820,#2821,#2822,#2823,#2824,#2825,#2826,#2827,#2828,#2829,#2830,
#2831,#2832,#2833,#2834,#2835,#2836,#2837,#2838,#2839,#2840,#2841,#2842,#2843,#2844,#2845,#2846,#2847,#2848,#2849,#2850,#2851,#2852,#2853,#2854,#2855,
#2856,#2857,#2858,#2859,#2860,#2861,#2862,#2863,#2864,#2865,#2866,#2867,#2868,#2869,#2870,#2871,#2872,#2873,#2874,#2875,#2876,#2877,#2878,#2879,#2880,
#2881,#2882,#2883,#2884,#2885,#2886,#2887,#2888,#2889,#2890,#2891,#2892,#2893,#2894,#2895,#2896,#2897,#2898,#2899,#2900,#2901,#2902,#2903,#2904,#2905,
#2906,#2907,#2908,#2909,#2910,#2911,#2912,#2913,#2914,#2915,#2916,#2917,#2918,#2919,#2920,#2921,#2922,#2923,#2924,#2925,#2926,#2927,#2928,#2929,#2930,
#2931,#2932,#2933,#2934,#2935,#2936,#2937,#2938,#2939,#2940,#2941,#2942,#2943,#2944,#2945,#2946,#2947,#2948,#2949,#2950,#2951,#2952,#2953,#2954,#2955,
#2956,#2957,#2958,#2959,#2960,#2961,#2962,#2963,#2964,#2965,#2966,#2967,#2968,#2969,#2970,#2971,#2972,#2973,#2974,#2975,#2976,#2977,#2978,#2979,#2980,
#2981,#2982,#2983,#2984,#2985,#2986,#2987,#2988,#2989,#2990,#2991,#2992,#2993,#2994,#2995,#2996,#2997,#2998,#2999,#3000,#3001,#3002,#3003,#3004,#3005,
#3006,#3007,#3008,#3009,#3010,#3011,#3012,#3013,#3014,#3015,#3016,#3017,#3018,#3019,#3020,#3021,#3022,#3023,#3024,#3025,#3026,#3027,#3028,#3029,#3030),(#3031,#3032,#3033,#3034,#3035,#3036,#3037,#3038,#3039,#3040,#3041,#3042,#3043,#3044,#3045,#3046,#3047,#3048,#3049,#3050,#3051,#3052,#3053,#3054,#3055,#3056,
#3057,#3058,#3059,#3060,#3061,#3062,#3063,#3064,#3065,#3066,#3067,#3068,#3069,#3070,#3071,#3072,#3073,#3074,#3075,#3076,#3077,#3078,#3079,#3080,#3081,
#3082,#3083,#3084,#3085,#3086,#3087,#3088,#3089,#3090,#3091,#3092,#3093,#3094,#3095,#3096,#3097,#3098,#3099,#3100,#3101,#3102,#3103,#3104,#3105,#3106,
#3107,#3108,#3109,#3110,#3111,#3112,#3113,#3114,#3115,#3116,#3117,#3118,#3119,#3120,#3121,#3122,#3123,#3124,#3125,#3126,#3127,#3128,#3129,#3130,#3131,
#3132,#3133,#3134,#3135,#3136,#3137,#3138,#3139,#3140,#3141,#3142,#3143,#3144,#3145,#3146,#3147,#3148,#3149,#3150,#3151,#3152,#3153,#3154,#3155,#3156,
#3157,#3158,#3159,#3160,#3161,#3162,#3163,#3164,#3165,#3166,#3167,#3168,#3169,#3170,#3171,#3172,#3173,#3174,#3175,#3176,#3177,#3178,#3179,#3180,#3181,
#3182,#3183,#3184,#3185,#3186,#3187,#3188,#3189,#3190,#3191,#3192,#3193,#3194,#3195,#3196,#3197,#3198,#3199,#3200,#3201,#3202,#3203,#3204,#3205,#3206,
#3207,#3208,#3209,#3210,#3211,#3212,#3213,#3214,#3215,#3216,#3217,#3218,#3219,#3220,#3221,#3222,#3223,#3224,#3225,#3226,#3227,#3228,#3229,#3230,#3231,
#3232,#3233,#3234,#3235,#3236,#3237,#3238,#3239,#3240,#3241,#3242,#3243,#3244,#3245,#3246,#3247,#3248,#3249,#3250,#3251,#3252,#3253,#3254,#3255,#3256,
#3257,#3258,#3259,#3260,#3261,#3262,#3263,#3264,#3265,#3266,#3267,#3268,#3269,#3270,#3271,#3272,#3273,#3274,#3275,#3276,#3277,#3278,#3279,#3280,#3281,
#3282,#3283,#3284,#3285,#3286,#3287,#3288,#3289,#3290,#3291,#3292,#3293,#3294,#3295,#3296,#3297,#3298,#3299,#3300,#3301,#3302,#3303,#3304,#3305,#3306,
#3307,#3308,#3309,#3310,#3311,#3312,#3313,#3314,#3315,#3316,#3317,#3318,#3319,#3320,#3321,#3322,#3323,#3324,#3325,#3326,#3327,#3328,#3329,#3330,#3331,
#3332,#3333,#3334,#3335,#3336,#3337,#3338,#3339,#3340,#3341,#3342,#3343,#3344,#3345,#3346,#3347,#3348,#3349,#3350,#3351,#3352,#3353,#3354,#3355,#3356,
#3357,#3358,#3359,#3360,#3361,#3362,#3363,#3364,#3365,#3366,#3367,#3368,#3369,#3370,#3371,#3372,#3373,#3374,#3375,#3376,#3377,#3378,#3379,#3380,#3381,
#3382,#3383,#3384,#3385,#3386,#3387,#3388,#3389,#3390,#3391,#3392,#3393,#3394,#3395,#3396,#3397,#3398,#3399,#3400,#3401,#3402,#3403,#3404,#3405,#3406,
#3407,#3408,#3409,#3410,#3411,#3412,#3413,#3414,#3415,#3416,#3417,#3418,#3419,#3420,#3421,#3422,#3423,#3424,#3425,#3426,#3427,#3428,#3429,#3430,#3431,
#3432,#3433,#3434,#3435,#3436,#3437,#3438,#3439,#3440,#3441,#3442,#3443,#3444,#3445,#3446,#3447,#3448,#3449,#3450,#3451,#3452,#3453,#3454,#3455,#3456,
#3457,#3458,#3459,#3460,#3461,#3462,#3463,#3464,#3465,#3466,#3467,#3468,#3469,#3470,#3471,#3472,#3473,#3474,#3475,#3476,#3477,#3478,#3479,#3480,#3481,
#3482,#3483,#3484,#3485,#3486,#3487,#3488,#3489,#3490,#3491,#3492,#3493,#3494,#3495,#3496,#3497,#3498,#3499,#3500,#3501,#3502,#3503,#3504,#3505,#3506,
#3507,#3508,#3509,#3510,#3511,#3512,#3513,#3514,#3515,#3516,#3517,#3518,#3519,#3520,#3521,#3522,#3523,#3524,#3525,#3526,#3527,#3528,#3529,#3530,#3531,
#3532,#3533,#3534,#3535,#3536,#3537,#3538,#3539,#3540,#3541,#3542,#3543,#3544,#3545,#3546,#3547,#3548,#3549,#3550,#3551,#3552,#3553,#3554,#3555,#3556,
#3557,#3558,#3559,#3560,#3561,#3562,#3563,#3564,#3565,#3566,#3567,#3568,#3569,#3570,#3571,#3572,#3573,#3574,#3575,#3576,#3577,#3578,#3579,#3580,#3581,
#3582,#3583,#3584,#3585,#3586,#3587,#3588,#3589,#3590,#3591,#3592,#3593,#3594,#3595,#3596,#3597,#3598,#3599,#3600,#3601,#3602,#3603,#3604,#3605,#3606,
#3607,#3608,#3609,#3610,#3611,#3612,#3613,#3614,#3615,#3616,#3617,#3618,#3619,#3620,#3621,#3622,#3623,#3624,#3625,#3626,#3627,#3628,#3629,#3630,#3631,
#3632,#3633,#3634,#3635,#3636,#3637,#3638,#3639,#3640,#3641,#3642,#3643,#3644,#3645,#3646,#3647,#3648,#3649,#3650,#3651,#3652,#3653,#3654,#3655,#3656,
#3657,#3658,#3659,#3660,#3661,#3662,#3663,#3664,#3665,#3666,#3667,#3668,#3669,#3670,#3671,#3672,#3673,#3674,#3675,#3676,#3677,#3678,#3679,#3680,#3681,
#3682,#3683,#3684,#3685,#3686,#3687,#3688,#3689,#3690,#3691,#3692,#3693,#3694,#3695,#3696,#3697,#3698,#3699,#3700,#3701,#3702,#3703,#3704,#3705,#3706,
#3707,#3708,#3709,#3710,#3711,#3712,#3713,#3714,#3715,#3716,#3717,#3718,#3719,#3720,#3721,#3722,#3723,#3724,#3725,#3726,#3727,#3728,#3729,#3730,#3731,
#3732,#3733,#3734,#3735,#3736,#3737,#3738,#3739,#3740,#3741,#3742,#3743,#3744,#3745,#3746,#3747,#3748,#3749,#3750,#3751,#3752,#3753,#3754,#3755,#3756,
#3757,#3758,#3759,#3760,#3761,#3762,#3763,#3764,#3765,#3766,#3767,#3768,#3769,#3770,#3771,#3772,#3773,#3774,#3775,#3776,#3777,#3778,#3779,#3780,#3781),(#3782,#3783,#3784,#3785,#3786,#3787,#3788,#3789,#3790,#3791,#3792,#3793,#3794,#3795,#3796,#3797,#3798,#3799,#3800,#3801,#3802,#3803,#3804,#3805,#3806,#3807,
#3808,#3809,#3810,#3811,#3812,#3813,#3814,#3815,#3816,#3817,#3818,#3819,#3820,#3821,#3822,#3823,#3824,#3825,#3826,#3827,#3828,#3829,#3830,#3831,#3832,
#3833,#3834,#3835,#3836,#3837,#3838,#3839,#3840,#3841,#3842,#3843,#3844,#3845,#3846,#3847,#3848,#3849,#3850,#3851,#3852,#3853,#3854,#3855,#3856,#3857,
#3858,#3859,#3860,#3861,#3862,#3863,#3864,#3865,#3866,#3867,#3868,#3869,#3870,#3871,#3872,#3873,#3874,#3875,#3876,#3877,#3878,#3879,#3880,#3881,#3882,
#3883,#3884,#3885,#3886,#3887,#3888,#3889,#3890,#3891,#3892,#3893,#3894,#3895,#3896,#3897,#3898,#3899,#3900,#3901,#3902,#3903,#3904,#3905,#3906,#3907,
#3908,#3909,#3910,#3911,#3912,#3913,#3914,#3915,#3916,#3917,#3918,#3919,#3920,#3921,#3922,#3923,#3924,#3925,#3926,#3927,#3928,#3929,#3930,#3931,#3932,
#3933,#3934,#3935,#3936,#3937,#3938,#3939,#3940,#3941,#3942,#3943,#3944,#3945,#3946,#3947,#3948,#3949,#3950,#3951,#3952,#3953,#3954,#3955,#3956,#3957,
#3958,#3959,#3960,#3961,#3962,#3963,#3964,#3965,#3966,#3967,#3968,#3969,#3970,#3971,#3972,#3973,#3974,#3975,#3976,#3977,#3978,#3979,#3980,#3981,#3982,
#3983,#3984,#3985,#3986,#3987,#3988,#3989,#3990,#3991,#3992,#3993,#3994,#3995,#3996,#3997,#3998,#3999,#4000,#4001,#4002,#4003,#4004,#4005,#4006,#4007,
#4008,#4009,#4010,#4011,#4012,#4013,#4014,#4015,#4016,#4017,#4018,#4019,#4020,#4021,#4022,#4023,#4024,#4025,#4026,#4027,#4028,#4029,#4030,#4031,#4032,
#4033,#4034,#4035,#4036,#4037,#4038,#4039,#4040,#4041,#4042,#4043,#4044,#4045,#4046,#4047,#4048,#4049,#4050,#4051,#4052,#4053,#4054,#4055,#4056,#4057,
#4058,#4059,#4060,#4061,#4062,#4063,#4064,#4065,#4066,#4067,#4068,#4069,#4070,#4071,#4072,#4073,#4074,#4075,#4076,#4077,#4078,#4079,#4080,#4081,#4082,
#4083,#4084,#4085,#4086,#4087,#4088,#4089,#4090,#4091,#4092,#4093,#4094,#4095,#4096,#4097,#4098,#4099,#4100,#4101,#4102,#4103,#4104,#4105,#4106,#4107,
#4108,#4109,#4110,#4111,#4112,#4113,#4114,#4115,#4116,#4117,#4118,#4119,#4120,#4121,#4122,#4123,#4124,#4125,#4126,#4127,#4128,#4129,#4130,#4131,#4132,
#4133,#4134,#4135,#4136,#4137,#4138,#4139,#4140,#4141,#4142,#4143,#4144,#4145,#4146,#4147,#4148,#4149,#4150,#4151,#4152,#4153,#4154,#4155,#4156,#4157,
#4158,#4159,#4160,#4161,#4162,#4163,#4164,#4165,#4166,#4167,#4168,#4169,#4170,#4171,#4172,#4173,#4174,#4175,#4176,#4177,#4178,#4179,#4180,#4181,#4182,
#4183,#4184,#4185,#4186,#4187,#4188,#4189,#4190,#4191,#4192,#4193,#4194,#4195,#4196,#4197,#4198,#4199,#4200,#4201,#4202,#4203,#4204,#4205,#4206,#4207,
#4208,#4209,#4210,#4211,#4212,#4213,#4214,#4215,#4216,#4217,#4218,#4219,#4220,#4221,#4222,#4223,#4224,#4225,#4226,#4227,#4228,#4229,#4230,#4231,#4232,
#4233,#4234,#4235,#4236,#4237,#4238,#4239,#4240,#4241,#4242,#4243,#4244,#4245,#4246,#4247,#4248,#4249,#4250,#4251,#4252,#4253,#4254,#4255,#4256,#4257,
#4258,#4259,#4260,#4261,#4262,#4263,#4264,#4265,#4266,#4267,#4268,#4269,#4270,#4271,#4272,#4273,#4274,#4275,#4276,#4277,#4278,#4279,#4280,#4281,#4282,
#4283,#4284,#4285,#4286,#4287,#4288,#4289,#4290,#4291,#4292,#4293,#4294,#4295,#4296,#4297,#4298,#4299,#4300,#4301,#4302,#4303,#4304,#4305,#4306,#4307,
#4308,#4309,#4310,#4311,#4312,#4313,#4314,#4315,#4316,#4317,#4318,#4319,#4320,#4321,#4322,#4323,#4324,#4325,#4326,#4327,#4328,#4329,#4330,#4331,#4332,
#4333,#4334,#4335,#4336,#4337,#4338,#4339,#4340,#4341,#4342,#4343,#4344,#4345,#4346,#4347,#4348,#4349,#4350,#4351,#4352,#4353,#4354,#4355,#4356,#4357,
#4358,#4359,#4360,#4361,#4362,#4363,#4364,#4365,#4366,#4367,#4368,#4369,#4370,#4371,#4372,#4373,#4374,#4375,#4376,#4377,#4378,#4379,#4380,#4381,#4382,
#4383,#4384,#4385,#4386,#4387,#4388,#4389,#4390,#4391,#4392,#4393,#4394,#4395,#4396,#4397,#4398,#4399,#4400,#4401,#4402,#4403,#4404,#4405,#4406,#4407,
#4408,#4409,#4410,#4411,#4412,#4413,#4414,#4415,#4416,#4417,#4418,#4419,#4420,#4421,#4422,#4423,#4424,#4425,#4426,#4427,#4428,#4429,#4430,#4431,#4432,
#4433,#4434,#4435,#4436,#4437,#4438,#4439,#4440,#4441,#4442,#4443,#4444,#4445,#4446,#4447,#4448,#4449,#4450,#4451,#4452,#4453,#4454,#4455,#4456,#4457,
#4458,#4459,#4460,#4461,#4462,#4463,#4464,#4465,#4466,#4467,#4468,#4469,#4470,#4471,#4472,#4473,#4474,#4475,#4476,#4477,#4478,#4479,#4480,#4481,#4482,
#4483,#4484,#4485,#4486,#4487,#4488,#4489,#4490,#4491,#4492,#4493,#4494,#4495,#4496,#4497,#4498,#4499,#4500,#4501,#4502,#4503,#4504,#4505,#4506,#4507,
#4508,#4509,#4510,#4511,#4512,#4513,#4514,#4515,#4516,#4517,#4518,#4519,#4520,#4521,#4522,#4523,#4524,#4525,#4526,#4527,#4528,#4529,#4530,#4531,#4532),(#4533,#4534,#4535,#4536,#4537,#4538,#4539,#4540,#4541,#4542,#4543,#4544,#4545,#4546,#4547,#4548,#4549,#4550,#4551,#4552,#4553,#4554,#4555,#4556,#4557,#4558,
#4559,#4560,#4561,#4562,#4563,#4564,#4565,#4566,#4567,#4568,#4569,#4570,#4571,#4572,#4573,#4574,#4575,#4576,#4577,#4578,#4579,#4580,#4581,#4582,#4583,
#4584,#4585,#4586,#4587,#4588,#4589,#4590,#4591,#4592,#4593,#4594,#4595,#4596,#4597,#4598,#4599,#4600,#4601,#4602,#4603,#4604,#4605,#4606,#4607,#4608,
#4609,#4610,#4611,#4612,#4613,#4614,#4615,#4616,#4617,#4618,#4619,#4620,#4621,#4622,#4623,#4624,#4625,#4626,#4627,#4628,#4629,#4630,#4631,#4632,#4633,
#4634,#4635,#4636,#4637,#4638,#4639,#4640,#4641,#4642,#4643,#4644,#4645,#4646,#4647,#4648,#4649,#4650,#4651,#4652,#4653,#4654,#4655,#4656,#4657,#4658,
#4659,#4660,#4661,#4662,#4663,#4664,#4665,#4666,#4667,#4668,#4669,#4670,#4671,#4672,#4673,#4674,#4675,#4676,#4677,#4678,#4679,#4680,#4681,#4682,#4683,
#4684,#4685,#4686,#4687,#4688,#4689,#4690,#4691,#4692,#4693,#4694,#4695,#4696,#4697,#4698,#4699,#4700,#4701,#4702,#4703,#4704,#4705,#4706,#4707,#4708,
#4709,#4710,#4711,#4712,#4713,#4714,#4715,#4716,#4717,#4718,#4719,#4720,#4721,#4722,#4723,#4724,#4725,#4726,#4727,#4728,#4729,#4730,#4731,#4732,#4733,
#4734,#4735,#4736,#4737,#4738,#4739,#4740,#4741,#4742,#4743,#4744,#4745,#4746,#4747,#4748,#4749,#4750,#4751,#4752,#4753,#4754,#4755,#4756,#4757,#4758,
#4759,#4760,#4761,#4762,#4763,#4764,#4765,#4766,#4767,#4768,#4769,#4770,#4771,#4772,#4773,#4774,#4775,#4776,#4777,#4778,#4779,#4780,#4781,#4782,#4783,
#4784,#4785,#4786,#4787,#4788,#4789,#4790,#4791,#4792,#4793,#4794,#4795,#4796,#4797,#4798,#4799,#4800,#4801,#4802,#4803,#4804,#4805,#4806,#4807,#4808,
#4809,#4810,#4811,#4812,#4813,#4814,#4815,#4816,#4817,#4818,#4819,#4820,#4821,#4822,#4823,#4824,#4825,#4826,#4827,#4828,#4829,#4830,#4831,#4832,#4833,
#4834,#4835,#4836,#4837,#4838,#4839,#4840,#4841,#4842,#4843,#4844,#4845,#4846,#4847,#4848,#4849,#4850,#4851,#4852,#4853,#4854,#4855,#4856,#4857,#4858,
#4859,#4860,#4861,#4862,#4863,#4864,#4865,#4866,#4867,#4868,#4869,#4870,#4871,#4872,#4873,#4874,#4875,#4876,#4877,#4878,#4879,#4880,#4881,#4882,#4883,
#4884,#4885,#4886,#4887,#4888,#4889,#4890,#4891,#4892,#4893,#4894,#4895,#4896,#4897,#4898,#4899,#4900,#4901,#4902,#4903,#4904,#4905,#4906,#4907,#4908,
#4909,#4910,#4911,#4912,#4913,#4914,#4915,#4916,#4917,#4918,#4919,#4920,#4921,#4922,#4923,#4924,#4925,#4926,#4927,#4928,#4929,#4930,#4931,#4932,#4933,
#4934,#4935,#4936,#4937,#4938,#4939,#4940,#4941,#4942,#4943,#4944,#4945,#4946,#4947,#4948,#4949,#4950,#4951,#4952,#4953,#4954,#4955,#4956,#4957,#4958,
#4959,#4960,#4961,#4962,#4963,#4964,#4965,#4966,#4967,#4968,#4969,#4970,#4971,#4972,#4973,#4974,#4975,#4976,#4977,#4978,#4979,#4980,#4981,#4982,#4983,
#4984,#4985,#4986,#4987,#4988,#4989,#4990,#4991,#4992,#4993,#4994,#4995,#4996,#4997,#4998,#4999,#5000,#5001,#5002,#5003,#5004,#5005,#5006,#5007,#5008,
#5009,#5010,#5011,#5012,#5013,#5014,#5015,#5016,#5017,#5018,#5019,#5020,#5021,#5022,#5023,#5024,#5025,#5026,#5027,#5028,#5029,#5030,#5031,#5032,#5033,
#5034,#5035,#5036,#5037,#5038,#5039,#5040,#5041,#5042,#5043,#5044,#5045,#5046,#5047,#5048,#5049,#5050,#5051,#5052,#5053,#5054,#5055,#5056,#5057,#5058,
#5059,#5060,#5061,#5062,#5063,#5064,#5065,#5066,#5067,#5068,#5069,#5070,#5071,#5072,#5073,#5074,#5075,#5076,#5077,#5078,#5079,#5080,#5081,#5082,#5083,
#5084,#5085,#5086,#5087,#5088,#5089,#5090,#5091,#5092,#5093,#5094,#5095,#5096,#5097,#5098,#5099,#5100,#5101,#5102,#5103,#5104,#5105,#5106,#5107,#5108,
#5109,#5110,#5111,#5112,#5113,#5114,#5115,#5116,#5117,#5118,#5119,#5120,#5121,#5122,#5123,#5124,#5125,#5126,#5127,#5128,#5129,#5130,#5131,#5132,#5133,
#5134,#5135,#5136,#5137,#5138,#5139,#5140,#5141,#5142,#5143,#5144,#5145,#5146,#5147,#5148,#5149,#5150,#5151,#5152,#5153,#5154,#5155,#5156,#5157,#5158,
#5159,#5160,#5161,#5162,#5163,#5164,#5165,#5166,#5167,#5168,#5169,#5170,#5171,#5172,#5173,#5174,#5175,#5176,#5177,#5178,#5179,#5180,#5181,#5182,#5183,
#5184,#5185,#5186,#5187,#5188,#5189,#5190,#5191,#5192,#5193,#5194,#5195,#5196,#5197,#5198,#5199,#5200,#5201,#5202,#5203,#5204,#5205,#5206,#5207,#5208,
#5209,#5210,#5211,#5212,#5213,#5214,#5215,#5216,#5217,#5218,#5219,#5220,#5221,#5222,#5223,#5224,#5225,#5226,#5227,#5228,#5229,#5230,#5231,#5232,#5233,
#5234,#5235,#5236,#5237,#5238,#5239,#5240,#5241,#5242,#5243,#5244,#5245,#5246,#5247,#5248,#5249,#5250,#5251,#5252,#5253,#5254,#5255,#5256,#5257,#5258,
#5259,#5260,#5261,#5262,#5263,#5264,#5265,#5266,#5267,#5268,#5269,#5270,#5271,#5272,#5273,#5274,#5275,#5276,#5277,#5278,#5279,#5280,#5281,#5282,#5283),(#5284,#5285,#5286,#5287,#5288,#5289,#5290,#5291,#5292,#5293,#5294,#5295,#5296,#5297,#5298,#5299,#5300,#5301,#5302,#5303,#5304,#5305,#5306,#5307,#5308,#5309,
#5310,#5311,#5312,#5313,#5314,#5315,#5316,#5317,#5318,#5319,#5320,#5321,#5322,#5323,#5324,#5325,#5326,#5327,#5328,#5329,#5330,#5331,#5332,#5333,#5334,
#5335,#5336,#5337,#5338,#5339,#5340,#5341,#5342,#5343,#5344,#5345,#5346,#5347,#5348,#5349,#5350,#5351,#5352,#5353,#5354,#5355,#5356,#5357,#5358,#5359,
#5360,#5361,#5362,#5363,#5364,#5365,#5366,#5367,#5368,#5369,#5370,#5371,#5372,#5373,#5374,#5375,#5376,#5377,#5378,#5379,#5380,#5381,#5382,#5383,#5384,
#5385,#5386,#5387,#5388,#5389,#5390,#5391,#5392,#5393,#5394,#5395,#5396,#5397,#5398,#5399,#5400,#5401,#5402,#5403,#5404,#5405,#5406,#5407,#5408,#5409,
#5410,#5411,#5412,#5413,#5414,#5415,#5416,#5417,#5418,#5419,#5420,#5421,#5422,#5423,#5424,#5425,#5426,#5427,#5428,#5429,#5430,#5431,#5432,#5433,#5434,
#5435,#5436,#5437,#5438,#5439,#5440,#5441,#5442,#5443,#5444,#5445,#5446,#5447,#5448,#5449,#5450,#5451,#5452,#5453,#5454,#5455,#5456,#5457,#5458,#5459,
#5460,#5461,#5462,#5463,#5464,#5465,#5466,#5467,#5468,#5469,#5470,#5471,#5472,#5473,#5474,#5475,#5476,#5477,#5478,#5479,#5480,#5481,#5482,#5483,#5484,
#5485,#5486,#5487,#5488,#5489,#5490,#5491,#5492,#5493,#5494,#5495,#5496,#5497,#5498,#5499,#5500,#5501,#5502,#5503,#5504,#5505,#5506,#5507,#5508,#5509,
#5510,#5511,#5512,#5513,#5514,#5515,#5516,#5517,#5518,#5519,#5520,#5521,#5522,#5523,#5524,#5525,#5526,#5527,#5528,#5529,#5530,#5531,#5532,#5533,#5534,
#5535,#5536,#5537,#5538,#5539,#5540,#5541,#5542,#5543,#5544,#5545,#5546,#5547,#5548,#5549,#5550,#5551,#5552,#5553,#5554,#5555,#5556,#5557,#5558,#5559,
#5560,#5561,#5562,#5563,#5564,#5565,#5566,#5567,#5568,#5569,#5570,#5571,#5572,#5573,#5574,#5575,#5576,#5577,#5578,#5579,#5580,#5581,#5582,#5583,#5584,
#5585,#5586,#5587,#5588,#5589,#5590,#5591,#5592,#5593,#5594,#5595,#5596,#5597,#5598,#5599,#5600,#5601,#5602,#5603,#5604,#5605,#5606,#5607,#5608,#5609,
#5610,#5611,#5612,#5613,#5614,#5615,#5616,#5617,#5618,#5619,#5620,#5621,#5622,#5623,#5624,#5625,#5626,#5627,#5628,#5629,#5630,#5631,#5632,#5633,#5634,
#5635,#5636,#5637,#5638,#5639,#5640,#5641,#5642,#5643,#5644,#5645,#5646,#5647,#5648,#5649,#5650,#5651,#5652,#5653,#5654,#5655,#5656,#5657,#5658,#5659,
#5660,#5661,#5662,#5663,#5664,#5665,#5666,#5667,#5668,#5669,#5670,#5671,#5672,#5673,#5674,#5675,#5676,#5677,#5678,#5679,#5680,#5681,#5682,#5683,#5684,
#5685,#5686,#5687,#5688,#5689,#5690,#5691,#5692,#5693,#5694,#5695,#5696,#5697,#5698,#5699,#5700,#5701,#5702,#5703,#5704,#5705,#5706,#5707,#5708,#5709,
#5710,#5711,#5712,#5713,#5714,#5715,#5716,#5717,#5718,#5719,#5720,#5721,#5722,#5723,#5724,#5725,#5726,#5727,#5728,#5729,#5730,#5731,#5732,#5733,#5734,
#5735,#5736,#5737,#5738,#5739,#5740,#5741,#5742,#5743,#5744,#5745,#5746,#5747,#5748,#5749,#5750,#5751,#5752,#5753,#5754,#5755,#5756,#5757,#5758,#5759,
#5760,#5761,#5762,#5763,#5764,#5765,#5766,#5767,#5768,#5769,#5770,#5771,#5772,#5773,#5774,#5775,#5776,#5777,#5778,#5779,#5780,#5781,#5782,#5783,#5784,
#5785,#5786,#5787,#5788,#5789,#5790,#5791,#5792,#5793,#5794,#5795,#5796,#5797,#5798,#5799,#5800,#5801,#5802,#5803,#5804,#5805,#5806,#5807,#5808,#5809,
#5810,#5811,#5812,#5813,#5814,#5815,#5816,#5817,#5818,#5819,#5820,#5821,#5822,#5823,#5824,#5825,#5826,#5827,#5828,#5829,#5830,#5831,#5832,#5833,#5834,
#5835,#5836,#5837,#5838,#5839,#5840,#5841,#5842,#5843,#5844,#5845,#5846,#5847,#5848,#5849,#5850,#5851,#5852,#5853,#5854,#5855,#5856,#5857,#5858,#5859,
#5860,#5861,#5862,#5863,#5864,#5865,#5866,#5867,#5868,#5869,#5870,#5871,#5872,#5873,#5874,#5875,#5876,#5877,#5878,#5879,#5880,#5881,#5882,#5883,#5884,
#5885,#5886,#5887,#5888,#5889,#5890,#5891,#5892,#5893,#5894,#5895,#5896,#5897,#5898,#5899,#5900,#5901,#5902,#5903,#5904,#5905,#5906,#5907,#5908,#5909,
#5910,#5911,#5912,#5913,#5914,#5915,#5916,#5917,#5918,#5919,#5920,#5921,#5922,#5923,#5924,#5925,#5926,#5927,#5928,#5929,#5930,#5931,#5932,#5933,#5934,
#5935,#5936,#5937,#5938,#5939,#5940,#5941,#5942,#5943,#5944,#5945,#5946,#5947,#5948,#5949,#5950,#5951,#5952,#5953,#5954,#5955,#5956,#5957,#5958,#5959,
#5960,#5961,#5962,#5963,#5964,#5965,#5966,#5967,#5968,#5969,#5970,#5971,#5972,#5973,#5974,#5975,#5976,#5977,#5978,#5979,#5980,#5981,#5982,#5983,#5984,
#5985,#5986,#5987,#5988,#5989,#5990,#5991,#5992,#5993,#5994,#5995,#5996,#5997,#5998,#5999,#6000,#6001,#6002,#6003,#6004,#6005,#6006,#6007,#6008,#6009,
#6010,#6011,#6012,#6013,#6014,#6015,#6016,#6017,#6018,#6019,#6020,#6021,#6022,#6023,#6024,#6025,#6026,#6027,#6028,#6029,#6030,#6031,#6032,#6033,#6034),(#6035,#6036,#6037,#6038,#6039,#6040,#6041,#6042,#6043,#6044,#6045,#6046,#6047,#6048,#6049,#6050,#6051,#6052,#6053,#6054,#6055,#6056,#6057,#6058,#6059,#6060,
#6061,#6062,#6063,#6064,#6065,#6066,#6067,#6068,#6069,#6070,#6071,#6072,#6073,#6074,#6075,#6076,#6077,#6078,#6079,#6080,#6081,#6082,#6083,#6084,#6085,
#6086,#6087,#6088,#6089,#6090,#6091,#6092,#6093,#6094,#6095,#6096,#6097,#6098,#6099,#6100,#6101,#6102,#6103,#6104,#6105,#6106,#6107,#6108,#6109,#6110,
#6111,#6112,#6113,#6114,#6115,#6116,#6117,#6118,#6119,#6120,#6121,#6122,#6123,#6124,#6125,#6126,#6127,#6128,#6129,#6130,#6131,#6132,#6133,#6134,#6135,
#6136,#6137,#6138,#6139,#6140,#6141,#6142,#6143,#6144,#6145,#6146,#6147,#6148,#6149,#6150,#6151,#6152,#6153,#6154,#6155,#6156,#6157,#6158,#6159,#6160,
#6161,#6162,#6163,#6164,#6165,#6166,#6167,#6168,#6169,#6170,#6171,#6172,#6173,#6174,#6175,#6176,#6177,#6178,#6179,#6180,#6181,#6182,#6183,#6184,#6185,
#6186,#6187,#6188,#6189,#6190,#6191,#6192,#6193,#6194,#6195,#6196,#6197,#6198,#6199,#6200,#6201,#6202,#6203,#6204,#6205,#6206,#6207,#6208,#6209,#6210,
#6211,#6212,#6213,#6214,#6215,#6216,#6217,#6218,#6219,#6220,#6221,#6222,#6223,#6224,#6225,#6226,#6227,#6228,#6229,#6230,#6231,#6232,#6233,#6234,#6235,
#6236,#6237,#6238,#6239,#6240,#6241,#6242,#6243,#6244,#6245,#6246,#6247,#6248,#6249,#6250,#6251,#6252,#6253,#6254,#6255,#6256,#6257,#6258,#6259,#6260,
#6261,#6262,#6263,#6264,#6265,#6266,#6267,#6268,#6269,#6270,#6271,#6272,#6273,#6274,#6275,#6276,#6277,#6278,#6279,#6280,#6281,#6282,#6283,#6284,#6285,
#6286,#6287,#6288,#6289,#6290,#6291,#6292,#6293,#6294,#6295,#6296,#6297,#6298,#6299,#6300,#6301,#6302,#6303,#6304,#6305,#6306,#6307,#6308,#6309,#6310,
#6311,#6312,#6313,#6314,#6315,#6316,#6317,#6318,#6319,#6320,#6321,#6322,#6323,#6324,#6325,#6326,#6327,#6328,#6329,#6330,#6331,#6332,#6333,#6334,#6335,
#6336,#6337,#6338,#6339,#6340,#6341,#6342,#6343,#6344,#6345,#6346,#6347,#6348,#6349,#6350,#6351,#6352,#6353,#6354,#6355,#6356,#6357,#6358,#6359,#6360,
#6361,#6362,#6363,#6364,#6365,#6366,#6367,#6368,#6369,#6370,#6371,#6372,#6373,#6374,#6375,#6376,#6377,#6378,#6379,#6380,#6381,#6382,#6383,#6384,#6385,
#6386,#6387,#6388,#6389,#6390,#6391,#6392,#6393,#6394,#6395,#6396,#6397,#6398,#6399,#6400,#6401,#6402,#6403,#6404,#6405,#6406,#6407,#6408,#6409,#6410,
#6411,#6412,#6413,#6414,#6415,#6416,#6417,#6418,#6419,#6420,#6421,#6422,#6423,#6424,#6425,#6426,#6427,#6428,#6429,#6430,#6431,#6432,#6433,#6434,#6435,
#6436,#6437,#6438,#6439,#6440,#6441,#6442,#6443,#6444,#6445,#6446,#6447,#6448,#6449,#6450,#6451,#6452,#6453,#6454,#6455,#6456,#6457,#6458,#6459,#6460,
#6461,#6462,#6463,#6464,#6465,#6466,#6467,#6468,#6469,#6470,#6471,#6472,#6473,#6474,#6475,#6476,#6477,#6478,#6479,#6480,#6481,#6482,#6483,#6484,#6485,
#6486,#6487,#6488,#6489,#6490,#6491,#6492,#6493,#6494,#6495,#6496,#6497,#6498,#6499,#6500,#6501,#6502,#6503,#6504,#6505,#6506,#6507,#6508,#6509,#6510,
#6511,#6512,#6513,#6514,#6515,#6516,#6517,#6518,#6519,#6520,#6521,#6522,#6523,#6524,#6525,#6526,#6527,#6528,#6529,#6530,#6531,#6532,#6533,#6534,#6535,
#6536,#6537,#6538,#6539,#6540,#6541,#6542,#6543,#6544,#6545,#6546,#6547,#6548,#6549,#6550,#6551,#6552,#6553,#6554,#6555,#6556,#6557,#6558,#6559,#6560,
#6561,#6562,#6563,#6564,#6565,#6566,#6567,#6568,#6569,#6570,#6571,#6572,#6573,#6574,#6575,#6576,#6577,#6578,#6579,#6580,#6581,#6582,#6583,#6584,#6585,
#6586,#6587,#6588,#6589,#6590,#6591,#6592,#6593,#6594,#6595,#6596,#6597,#6598,#6599,#6600,#6601,#6602,#6603,#6604,#6605,#6606,#6607,#6608,#6609,#6610,
#6611,#6612,#6613,#6614,#6615,#6616,#6617,#6618,#6619,#6620,#6621,#6622,#6623,#6624,#6625,#6626,#6627,#6628,#6629,#6630,#6631,#6632,#6633,#6634,#6635,
#6636,#6637,#6638,#6639,#6640,#6641,#6642,#6643,#6644,#6645,#6646,#6647,#6648,#6649,#6650,#6651,#6652,#6653,#6654,#6655,#6656,#6657,#6658,#6659,#6660,
#6661,#6662,#6663,#6664,#6665,#6666,#6667,#6668,#6669,#6670,#6671,#6672,#6673,#6674,#6675,#6676,#6677,#6678,#6679,#6680,#6681,#6682,#6683,#6684,#6685,
#6686,#6687,#6688,#6689,#6690,#6691,#6692,#6693,#6694,#6695,#6696,#6697,#6698,#6699,#6700,#6701,#6702,#6703,#6704,#6705,#6706,#6707,#6708,#6709,#6710,
#6711,#6712,#6713,#6714,#6715,#6716,#6717,#6718,#6719,#6720,#6721,#6722,#6723,#6724,#6725,#6726,#6727,#6728,#6729,#6730,#6731,#6732,#6733,#6734,#6735,
#6736,#6737,#6738,#6739,#6740,#6741,#6742,#6743,#6744,#6745,#6746,#6747,#6748,#6749,#6750,#6751,#6752,#6753,#6754,#6755,#6756,#6757,#6758,#6759,#6760,
#6761,#6762,#6763,#6764,#6765,#6766,#6767,#6768,#6769,#6770,#6771,#6772,#6773,#6774,#6775,#6776,#6777,#6778,#6779,#6780,#6781,#6782,#6783,#6784,#6785),(#6786,#6787,#6788,#6789,#6790,#6791,#6792,#6793,#6794,#6795,#6796,#6797,#6798,#6799,#6800,#6801,#6802,#6803,#6804,#6805,#6806,#6807,#6808,#6809,#6810,#6811,
#6812,#6813,#6814,#6815,#6816,#6817,#6818,#6819,#6820,#6821,#6822,#6823,#6824,#6825,#6826,#6827,#6828,#6829,#6830,#6831,#6832,#6833,#6834,#6835,#6836,
#6837,#6838,#6839,#6840,#6841,#6842,#6843,#6844,#6845,#6846,#6847,#6848,#6849,#6850,#6851,#6852,#6853,#6854,#6855,#6856,#6857,#6858,#6859,#6860,#6861,
#6862,#6863,#6864,#6865,#6866,#6867,#6868,#6869,#6870,#6871,#6872,#6873,#6874,#6875,#6876,#6877,#6878,#6879,#6880,#6881,#6882,#6883,#6884,#6885,#6886,
#6887,#6888,#6889,#6890,#6891,#6892,#6893,#6894,#6895,#6896,#6897,#6898,#6899,#6900,#6901,#6902,#6903,#6904,#6905,#6906,#6907,#6908,#6909,#6910,#6911,
#6912,#6913,#6914,#6915,#6916,#6917,#6918,#6919,#6920,#6921,#6922,#6923,#6924,#6925,#6926,#6927,#6928,#6929,#6930,#6931,#6932,#6933,#6934,#6935,#6936,
#6937,#6938,#6939,#6940,#6941,#6942,#6943,#6944,#6945,#6946,#6947,#6948,#6949,#6950,#6951,#6952,#6953,#6954,#6955,#6956,#6957,#6958,#6959,#6960,#6961,
#6962,#6963,#6964,#6965,#6966,#6967,#6968,#6969,#6970,#6971,#6972,#6973,#6974,#6975,#6976,#6977,#6978,#6979,#6980,#6981,#6982,#6983,#6984,#6985,#6986,
#6987,#6988,#6989,#6990,#6991,#6992,#6993,#6994,#6995,#6996,#6997,#6998,#6999,#7000,#7001,#7002,#7003,#7004,#7005,#7006,#7007,#7008,#7009,#7010,#7011,
#7012,#7013,#7014,#7015,#7016,#7017,#7018,#7019,#7020,#7021,#7022,#7023,#7024,#7025,#7026,#7027,#7028,#7029,#7030,#7031,#7032,#7033,#7034,#7035,#7036,
#7037,#7038,#7039,#7040,#7041,#7042,#7043,#7044,#7045,#7046,#7047,#7048,#7049,#7050,#7051,#7052,#7053,#7054,#7055,#7056,#7057,#7058,#7059,#7060,#7061,
#7062,#7063,#7064,#7065,#7066,#7067,#7068,#7069,#7070,#7071,#7072,#7073,#7074,#7075,#7076,#7077,#7078,#7079,#7080,#7081,#7082,#7083,#7084,#7085,#7086,
#7087,#7088,#7089,#7090,#7091,#7092,#7093,#7094,#7095,#7096,#7097,#7098,#7099,#7100,#7101,#7102,#7103,#7104,#7105,#7106,#7107,#7108,#7109,#7110,#7111,
#7112,#7113,#7114,#7115,#7116,#7117,#7118,#7119,#7120,#7121,#7122,#7123,#7124,#7125,#7126,#7127,#7128,#7129,#7130,#7131,#7132,#7133,#7134,#7135,#7136,
#7137,#7138,#7139,#7140,#7141,#7142,#7143,#7144,#7145,#7146,#7147,#7148,#7149,#7150,#7151,#7152,#7153,#7154,#7155,#7156,#7157,#7158,#7159,#7160,#7161,
#7162,#7163,#7164,#7165,#7166,#7167,#7168,#7169,#7170,#7171,#7172,#7173,#7174,#7175,#7176,#7177,#7178,#7179,#7180,#7181,#7182,#7183,#7184,#7185,#7186,
#7187,#7188,#7189,#7190,#7191,#7192,#7193,#7194,#7195,#7196,#7197,#7198,#7199,#7200,#7201,#7202,#7203,#7204,#7205,#7206,#7207,#7208,#7209,#7210,#7211,
#7212,#7213,#7214,#7215,#7216,#7217,#7218,#7219,#7220,#7221,#7222,#7223,#7224,#7225,#7226,#7227,#7228,#7229,#7230,#7231,#7232,#7233,#7234,#7235,#7236,
#7237,#7238,#7239,#7240,#7241,#7242,#7243,#7244,#7245,#7246,#7247,#7248,#7249,#7250,#7251,#7252,#7253,#7254,#7255,#7256,#7257,#7258,#7259,#7260,#7261,
#7262,#7263,#7264,#7265,#7266,#7267,#7268,#7269,#7270,#7271,#7272,#7273,#7274,#7275,#7276,#7277,#7278,#7279,#7280,#7281,#7282,#7283,#7284,#7285,#7286,
#7287,#7288,#7289,#7290,#7291,#7292,#7293,#7294,#7295,#7296,#7297,#7298,#7299,#7300,#7301,#7302,#7303,#7304,#7305,#7306,#7307,#7308,#7309,#7310,#7311,
#7312,#7313,#7314,#7315,#7316,#7317,#7318,#7319,#7320,#7321,#7322,#7323,#7324,#7325,#7326,#7327,#7328,#7329,#7330,#7331,#7332,#7333,#7334,#7335,#7336,
#7337,#7338,#7339,#7340,#7341,#7342,#7343,#7344,#7345,#7346,#7347,#7348,#7349,#7350,#7351,#7352,#7353,#7354,#7355,#7356,#7357,#7358,#7359,#7360,#7361,
#7362,#7363,#7364,#7365,#7366,#7367,#7368,#7369,#7370,#7371,#7372,#7373,#7374,#7375,#7376,#7377,#7378,#7379,#7380,#7381,#7382,#7383,#7384,#7385,#7386,
#7387,#7388,#7389,#7390,#7391,#7392,#7393,#7394,#7395,#7396,#7397,#7398,#7399,#7400,#7401,#7402,#7403,#7404,#7405,#7406,#7407,#7408,#7409,#7410,#7411,
#7412,#7413,#7414,#7415,#7416,#7417,#7418,#7419,#7420,#7421,#7422,#7423,#7424,#7425,#7426,#7427,#7428,#7429,#7430,#7431,#7432,#7433,#7434,#7435,#7436,
#7437,#7438,#7439,#7440,#7441,#7442,#7443,#7444,#7445,#7446,#7447,#7448,#7449,#7450,#7451,#7452,#7453,#7454,#7455,#7456,#7457,#7458,#7459,#7460,#7461,
#7462,#7463,#7464,#7465,#7466,#7467,#7468,#7469,#7470,#7471,#7472,#7473,#7474,#7475,#7476,#7477,#7478,#7479,#7480,#7481,#7482,#7483,#7484,#7485,#7486,
#7487,#7488,#7489,#7490,#7491,#7492,#7493,#7494,#7495,#7496,#7497,#7498,#7499,#7500,#7501,#7502,#7503,#7504,#7505,#7506,#7507,#7508,#7509,#7510,#7511,
#7512,#7513,#7514,#7515,#7516,#7517,#7518,#7519,#7520,#7521,#7522,#7523,#7524,#7525,#7526,#7527,#7528,#7529,#7530,#7531,#7532,#7533,#7534,#7535,#7536),(#7537,#7538,#7539,#7540,#7541,#7542,#7543,#7544,#7545,#7546,#7547,#7548,#7549,#7550,#7551,#7552,#7553,#7554,#7555,#7556,#7557,#7558,#7559,#7560,#7561,#7562,
#7563,#7564,#7565,#7566,#7567,#7568,#7569,#7570,#7571,#7572,#7573,#7574,#7575,#7576,#7577,#7578,#7579,#7580,#7581,#7582,#7583,#7584,#7585,#7586,#7587,
#7588,#7589,#7590,#7591,#7592,#7593,#7594,#7595,#7596,#7597,#7598,#7599,#7600,#7601,#7602,#7603,#7604,#7605,#7606,#7607,#7608,#7609,#7610,#7611,#7612,
#7613,#7614,#7615,#7616,#7617,#7618,#7619,#7620,#7621,#7622,#7623,#7624,#7625,#7626,#7627,#7628,#7629,#7630,#7631,#7632,#7633,#7634,#7635,#7636,#7637,
#7638,#7639,#7640,#7641,#7642,#7643,#7644,#7645,#7646,#7647,#7648,#7649,#7650,#7651,#7652,#7653,#7654,#7655,#7656,#7657,#7658,#7659,#7660,#7661,#7662,
#7663,#7664,#7665,#7666,#7667,#7668,#7669,#7670,#7671,#7672,#7673,#7674,#7675,#7676,#7677,#7678,#7679,#7680,#7681,#7682,#7683,#7684,#7685,#7686,#7687,
#7688,#7689,#7690,#7691,#7692,#7693,#7694,#7695,#7696,#7697,#7698,#7699,#7700,#7701,#7702,#7703,#7704,#7705,#7706,#7707,#7708,#7709,#7710,#7711,#7712,
#7713,#7714,#7715,#7716,#7717,#7718,#7719,#7720,#7721,#7722,#7723,#7724,#7725,#7726,#7727,#7728,#7729,#7730,#7731,#7732,#7733,#7734,#7735,#7736,#7737,
#7738,#7739,#7740,#7741,#7742,#7743,#7744,#7745,#7746,#7747,#7748,#7749,#7750,#7751,#7752,#7753,#7754,#7755,#7756,#7757,#7758,#7759,#7760,#7761,#7762,
#7763,#7764,#7765,#7766,#7767,#7768,#7769,#7770,#7771,#7772,#7773,#7774,#7775,#7776,#7777,#7778,#7779,#7780,#7781,#7782,#7783,#7784,#7785,#7786,#7787,
#7788,#7789,#7790,#7791,#7792,#7793,#7794,#7795,#7796,#7797,#7798,#7799,#7800,#7801,#7802,#7803,#7804,#7805,#7806,#7807,#7808,#7809,#7810,#7811,#7812,
#7813,#7814,#7815,#7816,#7817,#7818,#7819,#7820,#7821,#7822,#7823,#7824,#7825,#7826,#7827,#7828,#7829,#7830,#7831,#7832,#7833,#7834,#7835,#7836,#7837,
#7838,#7839,#7840,#7841,#7842,#7843,#7844,#7845,#7846,#7847,#7848,#7849,#7850,#7851,#7852,#7853,#7854,#7855,#7856,#7857,#7858,#7859,#7860,#7861,#7862,
#7863,#7864,#7865,#7866,#7867,#7868,#7869,#7870,#7871,#7872,#7873,#7874,#7875,#7876,#7877,#7878,#7879,#7880,#7881,#7882,#7883,#7884,#7885,#7886,#7887,
#7888,#7889,#7890,#7891,#7892,#7893,#7894,#7895,#7896,#7897,#7898,#7899,#7900,#7901,#7902,#7903,#7904,#7905,#7906,#7907,#7908,#7909,#7910,#7911,#7912,
#7913,#7914,#7915,#7916,#7917,#7918,#7919,#7920,#7921,#7922,#7923,#7924,#7925,#7926,#7927,#7928,#7929,#7930,#7931,#7932,#7933,#7934,#7935,#7936,#7937,
#7938,#7939,#7940,#7941,#7942,#7943,#7944,#7945,#7946,#7947,#7948,#7949,#7950,#7951,#7952,#7953,#7954,#7955,#7956,#7957,#7958,#7959,#7960,#7961,#7962,
#7963,#7964,#7965,#7966,#7967,#7968,#7969,#7970,#7971,#7972,#7973,#7974,#7975,#7976,#7977,#7978,#7979,#7980,#7981,#7982,#7983,#7984,#7985,#7986,#7987,
#7988,#7989,#7990,#7991,#7992,#7993,#7994,#7995,#7996,#7997,#7998,#7999,#8000,#8001,#8002,#8003,#8004,#8005,#8006,#8007,#8008,#8009,#8010,#8011,#8012,
#8013,#8014,#8015,#8016,#8017,#8018,#8019,#8020,#8021,#8022,#8023,#8024,#8025,#8026,#8027,#8028,#8029,#8030,#8031,#8032,#8033,#8034,#8035,#8036,#8037,
#8038,#8039,#8040,#8041,#8042,#8043,#8044,#8045,#8046,#8047,#8048,#8049,#8050,#8051,#8052,#8053,#8054,#8055,#8056,#8057,#8058,#8059,#8060,#8061,#8062,
#8063,#8064,#8065,#8066,#8067,#8068,#8069,#8070,#8071,#8072,#8073,#8074,#8075,#8076,#8077,#8078,#8079,#8080,#8081,#8082,#8083,#8084,#8085,#8086,#8087,
#8088,#8089,#8090,#8091,#8092,#8093,#8094,#8095,#8096,#8097,#8098,#8099,#8100,#8101,#8102,#8103,#8104,#8105,#8106,#8107,#8108,#8109,#8110,#8111,#8112,
#8113,#8114,#8115,#8116,#8117,#8118,#8119,#8120,#8121,#8122,#8123,#8124,#8125,#8126,#8127,#8128,#8129,#8130,#8131,#8132,#8133,#8134,#8135,#8136,#8137,
#8138,#8139,#8140,#8141,#8142,#8143,#8144,#8145,#8146,#8147,#8148,#8149,#8150,#8151,#8152,#8153,#8154,#8155,#8156,#8157,#8158,#8159,#8160,#8161,#8162,
#8163,#8164,#8165,#8166,#8167,#8168,#8169,#8170,#8171,#8172,#8173,#8174,#8175,#8176,#8177,#8178,#8179,#8180,#8181,#8182,#8183,#8184,#8185,#8186,#8187,
#8188,#8189,#8190,#8191,#8192,#8193,#8194,#8195,#8196,#8197,#8198,#8199,#8200,#8201,#8202,#8203,#8204,#8205,#8206,#8207,#8208,#8209,#8210,#8211,#8212,
#8213,#8214,#8215,#8216,#8217,#8218,#8219,#8220,#8221,#8222,#8223,#8224,#8225,#8226,#8227,#8228,#8229,#8230,#8231,#8232,#8233,#8234,#8235,#8236,#8237,
#8238,#8239,#8240,#8241,#8242,#8243,#8244,#8245,#8246,#8247,#8248,#8249,#8250,#8251,#8252,#8253,#8254,#8255,#8256,#8257,#8258,#8259,#8260,#8261,#8262,
#8263,#8264,#8265,#8266,#8267,#8268,#8269,#8270,#8271,#8272,#8273,#8274,#8275,#8276,#8277,#8278,#8279,#8280,#8281,#8282,#8283,#8284,#8285,#8286,#8287),(#8288,#8289,#8290,#8291,#8292,#8293,#8294,#8295,#8296,#8297,#8298,#8299,#8300,#8301,#8302,#8303,#8304,#8305,#8306,#8307,#8308,#8309,#8310,#8311,#8312,#8313,
#8314,#8315,#8316,#8317,#8318,#8319,#8320,#8321,#8322,#8323,#8324,#8325,#8326,#8327,#8328,#8329,#8330,#8331,#8332,#8333,#8334,#8335,#8336,#8337,#8338,
#8339,#8340,#8341,#8342,#8343,#8344,#8345,#8346,#8347,#8348,#8349,#8350,#8351,#8352,#8353,#8354,#8355,#8356,#8357,#8358,#8359,#8360,#8361,#8362,#8363,
#8364,#8365,#8366,#8367,#8368,#8369,#8370,#8371,#8372,#8373,#8374,#8375,#8376,#8377,#8378,#8379,#8380,#8381,#8382,#8383,#8384,#8385,#8386,#8387,#8388,
#8389,#8390,#8391,#8392,#8393,#8394,#8395,#8396,#8397,#8398,#8399,#8400,#8401,#8402,#8403,#8404,#8405,#8406,#8407,#8408,#8409,#8410,#8411,#8412,#8413,
#8414,#8415,#8416,#8417,#8418,#8419,#8420,#8421,#8422,#8423,#8424,#8425,#8426,#8427,#8428,#8429,#8430,#8431,#8432,#8433,#8434,#8435,#8436,#8437,#8438,
#8439,#8440,#8441,#8442,#8443,#8444,#8445,#8446,#8447,#8448,#8449,#8450,#8451,#8452,#8453,#8454,#8455,#8456,#8457,#8458,#8459,#8460,#8461,#8462,#8463,
#8464,#8465,#8466,#8467,#8468,#8469,#8470,#8471,#8472,#8473,#8474,#8475,#8476,#8477,#8478,#8479,#8480,#8481,#8482,#8483,#8484,#8485,#8486,#8487,#8488,
#8489,#8490,#8491,#8492,#8493,#8494,#8495,#8496,#8497,#8498,#8499,#8500,#8501,#8502,#8503,#8504,#8505,#8506,#8507,#8508,#8509,#8510,#8511,#8512,#8513,
#8514,#8515,#8516,#8517,#8518,#8519,#8520,#8521,#8522,#8523,#8524,#8525,#8526,#8527,#8528,#8529,#8530,#8531,#8532,#8533,#8534,#8535,#8536,#8537,#8538,
#8539,#8540,#8541,#8542,#8543,#8544,#8545,#8546,#8547,#8548,#8549,#8550,#8551,#8552,#8553,#8554,#8555,#8556,#8557,#8558,#8559,#8560,#8561,#8562,#8563,
#8564,#8565,#8566,#8567,#8568,#8569,#8570,#8571,#8572,#8573,#8574,#8575,#8576,#8577,#8578,#8579,#8580,#8581,#8582,#8583,#8584,#8585,#8586,#8587,#8588,
#8589,#8590,#8591,#8592,#8593,#8594,#8595,#8596,#8597,#8598,#8599,#8600,#8601,#8602,#8603,#8604,#8605,#8606,#8607,#8608,#8609,#8610,#8611,#8612,#8613,
#8614,#8615,#8616,#8617,#8618,#8619,#8620,#8621,#8622,#8623,#8624,#8625,#8626,#8627,#8628,#8629,#8630,#8631,#8632,#8633,#8634,#8635,#8636,#8637,#8638,
#8639,#8640,#8641,#8642,#8643,#8644,#8645,#8646,#8647,#8648,#8649,#8650,#8651,#8652,#8653,#8654,#8655,#8656,#8657,#8658,#8659,#8660,#8661,#8662,#8663,
#8664,#8665,#8666,#8667,#8668,#8669,#8670,#8671,#8672,#8673,#8674,#8675,#8676,#8677,#8678,#8679,#8680,#8681,#8682,#8683,#8684,#8685,#8686,#8687,#8688,
#8689,#8690,#8691,#8692,#8693,#8694,#8695,#8696,#8697,#8698,#8699,#8700,#8701,#8702,#8703,#8704,#8705,#8706,#8707,#8708,#8709,#8710,#8711,#8712,#8713,
#8714,#8715,#8716,#8717,#8718,#8719,#8720,#8721,#8722,#8723,#8724,#8725,#8726,#8727,#8728,#8729,#8730,#8731,#8732,#8733,#8734,#8735,#8736,#8737,#8738,
#8739,#8740,#8741,#8742,#8743,#8744,#8745,#8746,#8747,#8748,#8749,#8750,#8751,#8752,#8753,#8754,#8755,#8756,#8757,#8758,#8759,#8760,#8761,#8762,#8763,
#8764,#8765,#8766,#8767,#8768,#8769,#8770,#8771,#8772,#8773,#8774,#8775,#8776,#8777,#8778,#8779,#8780,#8781,#8782,#8783,#8784,#8785,#8786,#8787,#8788,
#8789,#8790,#8791,#8792,#8793,#8794,#8795,#8796,#8797,#8798,#8799,#8800,#8801,#8802,#8803,#8804,#8805,#8806,#8807,#8808,#8809,#8810,#8811,#8812,#8813,
#8814,#8815,#8816,#8817,#8818,#8819,#8820,#8821,#8822,#8823,#8824,#8825,#8826,#8827,#8828,#8829,#8830,#8831,#8832,#8833,#8834,#8835,#8836,#8837,#8838,
#8839,#8840,#8841,#8842,#8843,#8844,#8845,#8846,#8847,#8848,#8849,#8850,#8851,#8852,#8853,#8854,#8855,#8856,#8857,#8858,#8859,#8860,#8861,#8862,#8863,
#8864,#8865,#8866,#8867,#8868,#8869,#8870,#8871,#8872,#8873,#8874,#8875,#8876,#8877,#8878,#8879,#8880,#8881,#8882,#8883,#8884,#8885,#8886,#8887,#8888,
#8889,#8890,#8891,#8892,#8893,#8894,#8895,#8896,#8897,#8898,#8899,#8900,#8901,#8902,#8903,#8904,#8905,#8906,#8907,#8908,#8909,#8910,#8911,#8912,#8913,
#8914,#8915,#8916,#8917,#8918,#8919,#8920,#8921,#8922,#8923,#8924,#8925,#8926,#8927,#8928,#8929,#8930,#8931,#8932,#8933,#8934,#8935,#8936,#8937,#8938,
#8939,#8940,#8941,#8942,#8943,#8944,#8945,#8946,#8947,#8948,#8949,#8950,#8951,#8952,#8953,#8954,#8955,#8956,#8957,#8958,#8959,#8960,#8961,#8962,#8963,
#8964,#8965,#8966,#8967,#8968,#8969,#8970,#8971,#8972,#8973,#8974,#8975,#8976,#8977,#8978,#8979,#8980,#8981,#8982,#8983,#8984,#8985,#8986,#8987,#8988,
#8989,#8990,#8991,#8992,#8993,#8994,#8995,#8996,#8997,#8998,#8999,#9000,#9001,#9002,#9003,#9004,#9005,#9006,#9007,#9008,#9009,#9010,#9011,#9012,#9013,
#9014,#9015,#9016,#9017,#9018,#9019,#9020,#9021,#9022,#9023,#9024,#9025,#9026,#9027,#9028,#9029,#9030,#9031,#9032,#9033,#9034,#9035,#9036,#9037,#9038),(#9039,#9040,#9041,#9042,#9043,#9044,#9045,#9046,#9047,#9048,#9049,#9050,#9051,#9052,#9053,#9054,#9055,#9056,#9057,#9058,#9059,#9060,#9061,#9062,#9063,#9064,
#9065,#9066,#9067,#9068,#9069,#9070,#9071,#9072,#9073,#9074,#9075,#9076,#9077,#9078,#9079,#9080,#9081,#9082,#9083,#9084,#9085,#9086,#9087,#9088,#9089,
#9090,#9091,#9092,#9093,#9094,#9095,#9096,#9097,#9098,#9099,#9100,#9101,#9102,#9103,#9104,#9105,#9106,#9107,#9108,#9109,#9110,#9111,#9112,#9113,#9114,
#9115,#9116,#9117,#9118,#9119,#9120,#9121,#9122,#9123,#9124,#9125,#9126,#9127,#9128,#9129,#9130,#9131,#9132,#9133,#9134,#9135,#9136,#9137,#9138,#9139,
#9140,#9141,#9142,#9143,#9144,#9145,#9146,#9147,#9148,#9149,#9150,#9151,#9152,#9153,#9154,#9155,#9156,#9157,#9158,#9159,#9160,#9161,#9162,#9163,#9164,
#9165,#9166,#9167,#9168,#9169,#9170,#9171,#9172,#9173,#9174,#9175,#9176,#9177,#9178,#9179,#9180,#9181,#9182,#9183,#9184,#9185,#9186,#9187,#9188,#9189,
#9190,#9191,#9192,#9193,#9194,#9195,#9196,#9197,#9198,#9199,#9200,#9201,#9202,#9203,#9204,#9205,#9206,#9207,#9208,#9209,#9210,#9211,#9212,#9213,#9214,
#9215,#9216,#9217,#9218,#9219,#9220,#9221,#9222,#9223,#9224,#9225,#9226,#9227,#9228,#9229,#9230,#9231,#9232,#9233,#9234,#9235,#9236,#9237,#9238,#9239,
#9240,#9241,#9242,#9243,#9244,#9245,#9246,#9247,#9248,#9249,#9250,#9251,#9252,#9253,#9254,#9255,#9256,#9257,#9258,#9259,#9260,#9261,#9262,#9263,#9264,
#9265,#9266,#9267,#9268,#9269,#9270,#9271,#9272,#9273,#9274,#9275,#9276,#9277,#9278,#9279,#9280,#9281,#9282,#9283,#9284,#9285,#9286,#9287,#9288,#9289,
#9290,#9291,#9292,#9293,#9294,#9295,#9296,#9297,#9298,#9299,#9300,#9301,#9302,#9303,#9304,#9305,#9306,#9307,#9308,#9309,#9310,#9311,#9312,#9313,#9314,
#9315,#9316,#9317,#9318,#9319,#9320,#9321,#9322,#9323,#9324,#9325,#9326,#9327,#9328,#9329,#9330,#9331,#9332,#9333,#9334,#9335,#9336,#9337,#9338,#9339,
#9340,#9341,#9342,#9343,#9344,#9345,#9346,#9347,#9348,#9349,#9350,#9351,#9352,#9353,#9354,#9355,#9356,#9357,#9358,#9359,#9360,#9361,#9362,#9363,#9364,
#9365,#9366,#9367,#9368,#9369,#9370,#9371,#9372,#9373,#9374,#9375,#9376,#9377,#9378,#9379,#9380,#9381,#9382,#9383,#9384,#9385,#9386,#9387,#9388,#9389,
#9390,#9391,#9392,#9393,#9394,#9395,#9396,#9397,#9398,#9399,#9400,#9401,#9402,#9403,#9404,#9405,#9406,#9407,#9408,#9409,#9410,#9411,#9412,#9413,#9414,
#9415,#9416,#9417,#9418,#9419,#9420,#9421,#9422,#9423,#9424,#9425,#9426,#9427,#9428,#9429,#9430,#9431,#9432,#9433,#9434,#9435,#9436,#9437,#9438,#9439,
#9440,#9441,#9442,#9443,#9444,#9445,#9446,#9447,#9448,#9449,#9450,#9451,#9452,#9453,#9454,#9455,#9456,#9457,#9458,#9459,#9460,#9461,#9462,#9463,#9464,
#9465,#9466,#9467,#9468,#9469,#9470,#9471,#9472,#9473,#9474,#9475,#9476,#9477,#9478,#9479,#9480,#9481,#9482,#9483,#9484,#9485,#9486,#9487,#9488,#9489,
#9490,#9491,#9492,#9493,#9494,#9495,#9496,#9497,#9498,#9499,#9500,#9501,#9502,#9503,#9504,#9505,#9506,#9507,#9508,#9509,#9510,#9511,#9512,#9513,#9514,
#9515,#9516,#9517,#9518,#9519,#9520,#9521,#9522,#9523,#9524,#9525,#9526,#9527,#9528,#9529,#9530,#9531,#9532,#9533,#9534,#9535,#9536,#9537,#9538,#9539,
#9540,#9541,#9542,#9543,#9544,#9545,#9546,#9547,#9548,#9549,#9550,#9551,#9552,#9553,#9554,#9555,#9556,#9557,#9558,#9559,#9560,#9561,#9562,#9563,#9564,
#9565,#9566,#9567,#9568,#9569,#9570,#9571,#9572,#9573,#9574,#9575,#9576,#9577,#9578,#9579,#9580,#9581,#9582,#9583,#9584,#9585,#9586,#9587,#9588,#9589,
#9590,#9591,#9592,#9593,#9594,#9595,#9596,#9597,#9598,#9599,#9600,#9601,#9602,#9603,#9604,#9605,#9606,#9607,#9608,#9609,#9610,#9611,#9612,#9613,#9614,
#9615,#9616,#9617,#9618,#9619,#9620,#9621,#9622,#9623,#9624,#9625,#9626,#9627,#9628,#9629,#9630,#9631,#9632,#9633,#9634,#9635,#9636,#9637,#9638,#9639,
#9640,#9641,#9642,#9643,#9644,#9645,#9646,#9647,#9648,#9649,#9650,#9651,#9652,#9653,#9654,#9655,#9656,#9657,#9658,#9659,#9660,#9661,#9662,#9663,#9664,
#9665,#9666,#9667,#9668,#9669,#9670,#9671,#9672,#9673,#9674,#9675,#9676,#9677,#9678,#9679,#9680,#9681,#9682,#9683,#9684,#9685,#9686,#9687,#9688,#9689,
#9690,#9691,#9692,#9693,#9694,#9695,#9696,#9697,#9698,#9699,#9700,#9701,#9702,#9703,#9704,#9705,#9706,#9707,#9708,#9709,#9710,#9711,#9712,#9713,#9714,
#9715,#9716,#9717,#9718,#9719,#9720,#9721,#9722,#9723,#9724,#9725,#9726,#9727,#9728,#9729,#9730,#9731,#9732,#9733,#9734,#9735,#9736,#9737,#9738,#9739,
#9740,#9741,#9742,#9743,#9744,#9745,#9746,#9747,#9748,#9749,#9750,#9751,#9752,#9753,#9754,#9755,#9756,#9757,#9758,#9759,#9760,#9761,#9762,#9763,#9764,
#9765,#9766,#9767,#9768,#9769,#9770,#9771,#9772,#9773,#9774,#9775,#9776,#9777,#9778,#9779,#9780,#9781,#9782,#9783,#9784,#9785,#9786,#9787,#9788,#9789)),.UNSPECIFIED.,.T.,.F.,.U.)
B_SPLINE_SURFACE_WITH_KNOTS((4,3,3,3,4),(4,3,3,3,3,3,3,3,3,3,3,3,3,3,3,3,3,3,3,3,3,3,3,3,3,3,
3,3,3,3,3,3,3,3,3,3,3,3,3,3,3,3,3,3,3,3,3,3,3,3,3,
3,3,3,3,3,3,3,3,3,3,3,3,3,3,3,3,3,3,3,3,3,3,3,3,3,
3,3,3,3,3,3,3,3,3,3,3,3,3,3,3,3,3,3,3,3,3,3,3,3,3,
3,3,3,3,3,3,3,3,3,3,3,3,3,3,3,3,3,3,3,3,3,3,3,3,3,
3,3,3,3,3,3,3,3,3,3,3,3,3,3,3,3,3,3,3,3,3,3,3,3,3,
3,3,3,3,3,3,3,3,3,3,3,3,3,3,3,3,3,3,3,3,3,3,3,3,3,
3,3,3,3,3,3,3,3,3,3,3,3,3,3,3,3,3,3,3,3,3,3,3,3,3,
3,3,3,3,3,3,3,3,3,3,3,3,3,3,3,3,3,3,3,3,3,3,3,3,3,
3,3,3,3,3,3,3,3,3,3,3,3,3,3,3,3,3,3,3,3,3,3,3,3,4),(0.,0.0005,0.5,0.5005,1.),(0.032371366,0.035714286,0.035715935,0.042857143,0.042858792,0.05,0.050001649,0.057142857,0.057144506,0.064285714,0.064287363,0.071428571,0.07143022,0.078571429,0.078573078,0.085714286,0.085715935,0.092857143,0.092858792,0.1,0.100001649,0.107142857,0.107144506,0.114285714,0.114287363,0.121428571,
0.12143022,0.128571429,0.128573078,0.135714286,0.135715935,0.142857143,0.142858792,0.15,0.150001649,0.157142857,0.157144506,0.164285714,0.164287363,0.171428571,0.17143022,0.178571429,0.178573078,0.185714286,0.185715935,0.192857143,0.192858792,0.2,0.200001649,0.207142857,0.207144506,
0.214285714,0.214287363,0.221428571,0.22143022,0.228571429,0.228573078,0.235714286,0.235715935,0.242857143,0.242858792,0.25,0.250001649,0.257142857,0.257144506,0.264285714,0.264287363,0.271428571,0.27143022,0.278571429,0.278573078,0.285714286,0.285715935,0.292857143,0.292858792,0.3,
0.300001649,0.307142857,0.307144506,0.314285714,0.314287363,0.321428571,0.32143022,0.328571429,0.328573078,0.335714286,0.335715935,0.342857143,0.342858792,0.35,0.350001649,0.357142857,0.357144506,0.364285714,0.364287363,0.371428571,0.37143022,0.378571429,0.378573078,0.385714286,0.385715935,
0.392857143,0.392858792,0.4,0.400001649,0.407142857,0.407144506,0.414285714,0.414287363,0.421428571,0.42143022,0.428571429,0.428573078,0.435714286,0.435715935,0.442857143,0.442858792,0.45,0.450001649,0.457142857,0.457144506,0.464285714,0.464287363,0.471428571,0.47143022,0.478571429,
0.478573078,0.485714286,0.485715935,0.492857143,0.492858792,0.5,0.500001649,0.507142857,0.507144506,0.514285714,0.514287363,0.521428571,0.52143022,0.528571429,0.528573078,0.535714286,0.535715935,0.542857143,0.542858792,0.55,0.550001649,0.557142857,0.557144506,0.564285714,0.564287363,
0.571428571,0.57143022,0.578571429,0.578573078,0.585714286,0.585715935,0.592857143,0.592858792,0.6,0.600001649,0.607142857,0.607144506,0.614285714,0.614287363,0.621428571,0.62143022,0.628571429,0.628573078,0.635714286,0.635715935,0.642857143,0.642858792,0.65,0.650001649,0.657142857,
0.657144506,0.664285714,0.664287363,0.671428571,0.67143022,0.678571429,0.678573078,0.685714286,0.685715935,0.692857143,0.692858792,0.7,0.700001649,0.707142857,0.707144506,0.714285714,0.714287363,0.721428571,0.72143022,0.728571429,0.728573078,0.735714286,0.735715935,0.742857143,0.742858792,
0.75,0.750001649,0.757142857,0.757144506,0.764285714,0.764287363,0.771428571,0.77143022,0.778571429,0.778573078,0.785714286,0.785715935,0.792857143,0.792858792,0.8,0.800001649,0.807142857,0.807144506,0.814285714,0.814287363,0.821428571,0.82143022,0.828571429,0.828573078,0.835714286,
0.835715935,0.842857143,0.842858792,0.85,0.850001649,0.857142857,0.857144506,0.864285714,0.864287363,0.871428571,0.87143022,0.878571429,0.878573078,0.885714286,0.885715935,0.892857143,0.892858792,0.9,0.900001649,0.907142857,0.907144506,0.914285714,0.914287363,0.919043461,0.919050428),.UNSPECIFIED.)
GEOMETRIC_REPRESENTATION_ITEM()
RATIONAL_B_SPLINE_SURFACE(((0.97562844,0.976605496,0.984729349,1.,0.999992466,0.999984935,0.999977405,0.967371012,0.967378544,1.,0.999992466,0.999984935,0.999977405,0.967371012,0.967378544,1.,0.999992466,0.999984935,0.999977405,0.967371012,0.967378544,1.,0.999992466,0.999984935,0.999977405,0.967371012,
0.967378544,1.,0.999992466,0.999984935,0.999977405,0.967371012,0.967378544,1.,0.999992466,0.999984935,0.999977405,0.967371012,0.967378544,1.,0.999992466,0.999984935,0.999977405,0.967371012,0.967378544,1.,0.999992466,0.999984935,0.999977405,0.967371012,0.967378544,
1.,0.999992466,0.999984935,0.999977405,0.967371012,0.967378544,1.,0.999992466,0.999984935,0.999977405,0.967371012,0.967378544,1.,0.999992466,0.999984935,0.999977405,0.967371012,0.967378544,1.,0.999992466,0.999984935,0.999977405,0.967371012,0.967378544,1.,
0.999992466,0.999984935,0.999977405,0.967371012,0.967378544,1.,0.999992466,0.999984935,0.999977405,0.967371012,0.967378544,1.,0.999992466,0.999984935,0.999977405,0.967371012,0.967378544,1.,0.999992466,0.999984935,0.999977405,0.967371012,0.967378544,1.,0.999992466,
0.999984935,0.999977405,0.967371012,0.967378544,1.,0.999992466,0.999984935,0.999977405,0.967371012,0.967378544,1.,0.999992466,0.999984935,0.999977405,0.967371012,0.967378544,1.,0.999992466,0.999984935,0.999977405,0.967371012,0.967378544,1.,0.999992466,0.999984935,
0.999977405,0.967371012,0.967378544,1.,0.999992466,0.999984935,0.999977405,0.967371012,0.967378544,1.,0.999992466,0.999984935,0.999977405,0.967371012,0.967378544,1.,0.999992466,0.999984935,0.999977405,0.967371012,0.967378544,1.,0.999992466,0.999984935,0.999977405,
0.967371012,0.967378544,1.,0.999992466,0.999984935,0.999977405,0.967371012,0.967378544,1.,0.999992466,0.999984935,0.999977405,0.967371012,0.967378544,1.,0.999992466,0.999984935,0.999977405,0.967371012,0.967378544,1.,0.999992466,0.999984935,0.999977405,0.967371012,
0.967378544,1.,0.999992466,0.999984935,0.999977405,0.967371012,0.967378544,1.,0.999992466,0.999984935,0.999977405,0.967371012,0.967378544,1.,0.999992466,0.999984935,0.999977405,0.967371012,0.967378544,1.,0.999992466,0.999984935,0.999977405,0.967371012,0.967378544,
1.,0.999992466,0.999984935,0.999977405,0.967371012,0.967378544,1.,0.999992466,0.999984935,0.999977405,0.967371012,0.967378544,1.,0.999992466,0.999984935,0.999977405,0.967371012,0.967378544,1.,0.999992466,0.999984935,0.999977405,0.967371012,0.967378544,1.,
0.999992466,0.999984935,0.999977405,0.967371012,0.967378544,1.,0.999992466,0.999984935,0.999977405,0.967371012,0.967378544,1.,0.999992466,0.999984935,0.999977405,0.967371012,0.967378544,1.,0.999992466,0.999984935,0.999977405,0.967371012,0.967378544,1.,0.999992466,
0.999984935,0.999977405,0.967371012,0.967378544,1.,0.999992466,0.999984935,0.999977405,0.967371012,0.967378544,1.,0.999992466,0.999984935,0.999977405,0.967371012,0.967378544,1.,0.999992466,0.999984935,0.999977405,0.967371012,0.967378544,1.,0.999992466,0.999984935,
0.999977405,0.967371012,0.967378544,1.,0.999992466,0.999984935,0.999977405,0.967371012,0.967378544,1.,0.999992466,0.999984935,0.999977405,0.967371012,0.967378544,1.,0.999992466,0.999984935,0.999977405,0.967371012,0.967378544,1.,0.999992466,0.999984935,0.999977405,
0.967371012,0.967378544,1.,0.999992466,0.999984935,0.999977405,0.967371012,0.967378544,1.,0.999992466,0.999984935,0.999977405,0.967371012,0.967378544,1.,0.999992466,0.999984935,0.999977405,0.967371012,0.967378544,1.,0.999992466,0.999984935,0.999977405,0.967371012,
0.967378544,1.,0.999992466,0.999984935,0.999977405,0.967371012,0.967378544,1.,0.999992466,0.999984935,0.999977405,0.967371012,0.967378544,1.,0.999992466,0.999984935,0.999977405,0.967371012,0.967378544,1.,0.999992466,0.999984935,0.999977405,0.967371012,0.967378544,
1.,0.999992466,0.999984935,0.999977405,0.967371012,0.967378544,1.,0.999992466,0.999984935,0.999977405,0.967371012,0.967378544,1.,0.999992466,0.999984935,0.999977405,0.967371012,0.967378544,1.,0.999992466,0.999984935,0.999977405,0.967371012,0.967378544,1.,
0.999992466,0.999984935,0.999977405,0.967371012,0.967378544,1.,0.999992466,0.999984935,0.999977405,0.967371012,0.967378544,1.,0.999992466,0.999984935,0.999977405,0.967371012,0.967378544,1.,0.999992466,0.999984935,0.999977405,0.967371012,0.967378544,1.,0.999992466,
0.999984935,0.999977405,0.967371012,0.967378544,1.,0.999992466,0.999984935,0.999977405,0.967371012,0.967378544,1.,0.999992466,0.999984935,0.999977405,0.967371012,0.967378544,1.,0.999992466,0.999984935,0.999977405,0.967371012,0.967378544,1.,0.999992466,0.999984935,
0.999977405,0.967371012,0.967378544,1.,0.999992466,0.999984935,0.999977405,0.967371012,0.967378544,1.,0.999992466,0.999984935,0.999977405,0.967371012,0.967378544,1.,0.999992466,0.999984935,0.999977405,0.967371012,0.967378544,1.,0.999992466,0.999984935,0.999977405,
0.967371012,0.967378544,1.,0.999992466,0.999984935,0.999977405,0.967371012,0.967378544,1.,0.999992466,0.999984935,0.999977405,0.967371012,0.967378544,1.,0.999992466,0.999984935,0.999977405,0.967371012,0.967378544,1.,0.999992466,0.999984935,0.999977405,0.967371012,
0.967378544,1.,0.999992466,0.999984935,0.999977405,0.967371012,0.967378544,1.,0.999992466,0.999984935,0.999977405,0.967371012,0.967378544,1.,0.999992466,0.999984935,0.999977405,0.967371012,0.967378544,1.,0.999992466,0.999984935,0.999977405,0.967371012,0.967378544,
1.,0.999992466,0.999984935,0.999977405,0.967371012,0.967378544,1.,0.999992466,0.999984935,0.999977405,0.967371012,0.967378544,1.,0.999992466,0.999984935,0.999977405,0.967371012,0.967378544,1.,0.999992466,0.999984935,0.999977405,0.967371012,0.967378544,1.,
0.999992466,0.999984935,0.999977405,0.967371012,0.967378544,1.,0.999992466,0.999984935,0.999977405,0.967371012,0.967378544,1.,0.999992466,0.999984935,0.999977405,0.967371012,0.967378544,1.,0.999992466,0.999984935,0.999977405,0.967371012,0.967378544,1.,0.999992466,
0.999984935,0.999977405,0.967371012,0.967378544,1.,0.999992466,0.999984935,0.999977405,0.967371012,0.967378544,1.,0.999992466,0.999984935,0.999977405,0.967371012,0.967378544,1.,0.999992466,0.999984935,0.999977405,0.967371012,0.967378544,1.,0.999992466,0.999984935,
0.999977405,0.967371012,0.967378544,1.,0.999992466,0.999984935,0.999977405,0.967371012,0.967378544,1.,0.999992466,0.999984935,0.999977405,0.967371012,0.967378544,1.,0.999992466,0.999984935,0.999977405,0.967371012,0.967378544,1.,0.999992466,0.999984935,0.999977405,
0.967371012,0.967378544,1.,0.999992466,0.999984935,0.999977405,0.967371012,0.967378544,1.,0.999992466,0.999984935,0.999977405,0.967371012,0.967378544,1.,0.999992466,0.999984935,0.999977405,0.967371012,0.967378544,1.,0.999992466,0.999984935,0.999977405,0.967371012,
0.967378544,1.,0.999992466,0.999984935,0.999977405,0.967371012,0.967378544,1.,0.999992466,0.999984935,0.999977405,0.967371012,0.967378544,1.,0.999992466,0.999984935,0.999977405,0.967371012,0.967378544,1.,0.999992466,0.999984935,0.999977405,0.967371012,0.967378544,
1.,0.999992466,0.999984935,0.999977405,0.967371012,0.967378544,1.,0.999992466,0.999984935,0.999977405,0.967371012,0.967378544,1.,0.999992466,0.999984935,0.999977405,0.967371012,0.967378544,1.,0.999992466,0.999984935,0.999977405,0.967371012,0.967378544,1.,
0.999992466,0.999984935,0.999977405,0.967371012,0.967378544,1.,0.999992466,0.999984935,0.999977405,0.967371012,0.967378544,1.,0.999992466,0.999984935,0.999977405,0.967371012,0.967378544,1.,0.999992466,0.999984935,0.999977405,0.967371012,0.967378544,1.,0.999992466,
0.999984935,0.999977405,0.967371012,0.967378544,1.,0.999992466,0.999984935,0.999977405,0.967371012,0.967378544,1.,0.999992466,0.999984935,0.999977405,0.967371012,0.967378544,1.,0.999992466,0.999984935,0.999977405,0.967371012,0.967378544,1.,0.999992466,0.999984935,
0.999977405,0.967371012,0.967378544,1.,0.999992466,0.999984935,0.999977405,0.967371012,0.967378544,1.,0.999992466,0.999984935,0.999977405,0.967371012,0.967378544,1.,0.999992466,0.999984935,0.999977405,0.978261307,0.971011632,0.978228378,0.978228378,0.978228378,0.978228378),(0.974978021,0.975954426,0.984072863,0.999333333,0.999325805,0.999318278,0.999310753,0.966726098,0.966733625,0.999333333,0.999325805,0.999318278,0.999310753,0.966726098,0.966733625,0.999333333,0.999325805,0.999318278,0.999310753,0.966726098,0.966733625,0.999333333,0.999325805,0.999318278,0.999310753,0.966726098,
0.966733625,0.999333333,0.999325805,0.999318278,0.999310753,0.966726098,0.966733625,0.999333333,0.999325805,0.999318278,0.999310753,0.966726098,0.966733625,0.999333333,0.999325805,0.999318278,0.999310753,0.966726098,0.966733625,0.999333333,0.999325805,0.999318278,0.999310753,0.966726098,0.966733625,
0.999333333,0.999325805,0.999318278,0.999310753,0.966726098,0.966733625,0.999333333,0.999325805,0.999318278,0.999310753,0.966726098,0.966733625,0.999333333,0.999325805,0.999318278,0.999310753,0.966726098,0.966733625,0.999333333,0.999325805,0.999318278,0.999310753,0.966726098,0.966733625,0.999333333,
0.999325805,0.999318278,0.999310753,0.966726098,0.966733625,0.999333333,0.999325805,0.999318278,0.999310753,0.966726098,0.966733625,0.999333333,0.999325805,0.999318278,0.999310753,0.966726098,0.966733625,0.999333333,0.999325805,0.999318278,0.999310753,0.966726098,0.966733625,0.999333333,0.999325805,
0.999318278,0.999310753,0.966726098,0.966733625,0.999333333,0.999325805,0.999318278,0.999310753,0.966726098,0.966733625,0.999333333,0.999325805,0.999318278,0.999310753,0.966726098,0.966733625,0.999333333,0.999325805,0.999318278,0.999310753,0.966726098,0.966733625,0.999333333,0.999325805,0.999318278,
0.999310753,0.966726098,0.966733625,0.999333333,0.999325805,0.999318278,0.999310753,0.966726098,0.966733625,0.999333333,0.999325805,0.999318278,0.999310753,0.966726098,0.966733625,0.999333333,0.999325805,0.999318278,0.999310753,0.966726098,0.966733625,0.999333333,0.999325805,0.999318278,0.999310753,
0.966726098,0.966733625,0.999333333,0.999325805,0.999318278,0.999310753,0.966726098,0.966733625,0.999333333,0.999325805,0.999318278,0.999310753,0.966726098,0.966733625,0.999333333,0.999325805,0.999318278,0.999310753,0.966726098,0.966733625,0.999333333,0.999325805,0.999318278,0.999310753,0.966726098,
0.966733625,0.999333333,0.999325805,0.999318278,0.999310753,0.966726098,0.966733625,0.999333333,0.999325805,0.999318278,0.999310753,0.966726098,0.966733625,0.999333333,0.999325805,0.999318278,0.999310753,0.966726098,0.966733625,0.999333333,0.999325805,0.999318278,0.999310753,0.966726098,0.966733625,
0.999333333,0.999325805,0.999318278,0.999310753,0.966726098,0.966733625,0.999333333,0.999325805,0.999318278,0.999310753,0.966726098,0.966733625,0.999333333,0.999325805,0.999318278,0.999310753,0.966726098,0.966733625,0.999333333,0.999325805,0.999318278,0.999310753,0.966726098,0.966733625,0.999333333,
0.999325805,0.999318278,0.999310753,0.966726098,0.966733625,0.999333333,0.999325805,0.999318278,0.999310753,0.966726098,0.966733625,0.999333333,0.999325805,0.999318278,0.999310753,0.966726098,0.966733625,0.999333333,0.999325805,0.999318278,0.999310753,0.966726098,0.966733625,0.999333333,0.999325805,
0.999318278,0.999310753,0.966726098,0.966733625,0.999333333,0.999325805,0.999318278,0.999310753,0.966726098,0.966733625,0.999333333,0.999325805,0.999318278,0.999310753,0.966726098,0.966733625,0.999333333,0.999325805,0.999318278,0.999310753,0.966726098,0.966733625,0.999333333,0.999325805,0.999318278,
0.999310753,0.966726098,0.966733625,0.999333333,0.999325805,0.999318278,0.999310753,0.966726098,0.966733625,0.999333333,0.999325805,0.999318278,0.999310753,0.966726098,0.966733625,0.999333333,0.999325805,0.999318278,0.999310753,0.966726098,0.966733625,0.999333333,0.999325805,0.999318278,0.999310753,
0.966726098,0.966733625,0.999333333,0.999325805,0.999318278,0.999310753,0.966726098,0.966733625,0.999333333,0.999325805,0.999318278,0.999310753,0.966726098,0.966733625,0.999333333,0.999325805,0.999318278,0.999310753,0.966726098,0.966733625,0.999333333,0.999325805,0.999318278,0.999310753,0.966726098,
0.966733625,0.999333333,0.999325805,0.999318278,0.999310753,0.966726098,0.966733625,0.999333333,0.999325805,0.999318278,0.999310753,0.966726098,0.966733625,0.999333333,0.999325805,0.999318278,0.999310753,0.966726098,0.966733625,0.999333333,0.999325805,0.999318278,0.999310753,0.966726098,0.966733625,
0.999333333,0.999325805,0.999318278,0.999310753,0.966726098,0.966733625,0.999333333,0.999325805,0.999318278,0.999310753,0.966726098,0.966733625,0.999333333,0.999325805,0.999318278,0.999310753,0.966726098,0.966733625,0.999333333,0.999325805,0.999318278,0.999310753,0.966726098,0.966733625,0.999333333,
0.999325805,0.999318278,0.999310753,0.966726098,0.966733625,0.999333333,0.999325805,0.999318278,0.999310753,0.966726098,0.966733625,0.999333333,0.999325805,0.999318278,0.999310753,0.966726098,0.966733625,0.999333333,0.999325805,0.999318278,0.999310753,0.966726098,0.966733625,0.999333333,0.999325805,
0.999318278,0.999310753,0.966726098,0.966733625,0.999333333,0.999325805,0.999318278,0.999310753,0.966726098,0.966733625,0.999333333,0.999325805,0.999318278,0.999310753,0.966726098,0.966733625,0.999333333,0.999325805,0.999318278,0.999310753,0.966726098,0.966733625,0.999333333,0.999325805,0.999318278,
0.999310753,0.966726098,0.966733625,0.999333333,0.999325805,0.999318278,0.999310753,0.966726098,0.966733625,0.999333333,0.999325805,0.999318278,0.999310753,0.966726098,0.966733625,0.999333333,0.999325805,0.999318278,0.999310753,0.966726098,0.966733625,0.999333333,0.999325805,0.999318278,0.999310753,
0.966726098,0.966733625,0.999333333,0.999325805,0.999318278,0.999310753,0.966726098,0.966733625,0.999333333,0.999325805,0.999318278,0.999310753,0.966726098,0.966733625,0.999333333,0.999325805,0.999318278,0.999310753,0.966726098,0.966733625,0.999333333,0.999325805,0.999318278,0.999310753,0.966726098,
0.966733625,0.999333333,0.999325805,0.999318278,0.999310753,0.966726098,0.966733625,0.999333333,0.999325805,0.999318278,0.999310753,0.966726098,0.966733625,0.999333333,0.999325805,0.999318278,0.999310753,0.966726098,0.966733625,0.999333333,0.999325805,0.999318278,0.999310753,0.966726098,0.966733625,
0.999333333,0.999325805,0.999318278,0.999310753,0.966726098,0.966733625,0.999333333,0.999325805,0.999318278,0.999310753,0.966726098,0.966733625,0.999333333,0.999325805,0.999318278,0.999310753,0.966726098,0.966733625,0.999333333,0.999325805,0.999318278,0.999310753,0.966726098,0.966733625,0.999333333,
0.999325805,0.999318278,0.999310753,0.966726098,0.966733625,0.999333333,0.999325805,0.999318278,0.999310753,0.966726098,0.966733625,0.999333333,0.999325805,0.999318278,0.999310753,0.966726098,0.966733625,0.999333333,0.999325805,0.999318278,0.999310753,0.966726098,0.966733625,0.999333333,0.999325805,
0.999318278,0.999310753,0.966726098,0.966733625,0.999333333,0.999325805,0.999318278,0.999310753,0.966726098,0.966733625,0.999333333,0.999325805,0.999318278,0.999310753,0.966726098,0.966733625,0.999333333,0.999325805,0.999318278,0.999310753,0.966726098,0.966733625,0.999333333,0.999325805,0.999318278,
0.999310753,0.966726098,0.966733625,0.999333333,0.999325805,0.999318278,0.999310753,0.966726098,0.966733625,0.999333333,0.999325805,0.999318278,0.999310753,0.966726098,0.966733625,0.999333333,0.999325805,0.999318278,0.999310753,0.966726098,0.966733625,0.999333333,0.999325805,0.999318278,0.999310753,
0.966726098,0.966733625,0.999333333,0.999325805,0.999318278,0.999310753,0.966726098,0.966733625,0.999333333,0.999325805,0.999318278,0.999310753,0.966726098,0.966733625,0.999333333,0.999325805,0.999318278,0.999310753,0.966726098,0.966733625,0.999333333,0.999325805,0.999318278,0.999310753,0.966726098,
0.966733625,0.999333333,0.999325805,0.999318278,0.999310753,0.966726098,0.966733625,0.999333333,0.999325805,0.999318278,0.999310753,0.966726098,0.966733625,0.999333333,0.999325805,0.999318278,0.999310753,0.966726098,0.966733625,0.999333333,0.999325805,0.999318278,0.999310753,0.966726098,0.966733625,
0.999333333,0.999325805,0.999318278,0.999310753,0.966726098,0.966733625,0.999333333,0.999325805,0.999318278,0.999310753,0.966726098,0.966733625,0.999333333,0.999325805,0.999318278,0.999310753,0.966726098,0.966733625,0.999333333,0.999325805,0.999318278,0.999310753,0.966726098,0.966733625,0.999333333,
0.999325805,0.999318278,0.999310753,0.966726098,0.966733625,0.999333333,0.999325805,0.999318278,0.999310753,0.966726098,0.966733625,0.999333333,0.999325805,0.999318278,0.999310753,0.966726098,0.966733625,0.999333333,0.999325805,0.999318278,0.999310753,0.966726098,0.966733625,0.999333333,0.999325805,
0.999318278,0.999310753,0.966726098,0.966733625,0.999333333,0.999325805,0.999318278,0.999310753,0.966726098,0.966733625,0.999333333,0.999325805,0.999318278,0.999310753,0.966726098,0.966733625,0.999333333,0.999325805,0.999318278,0.999310753,0.966726098,0.966733625,0.999333333,0.999325805,0.999318278,
0.999310753,0.966726098,0.966733625,0.999333333,0.999325805,0.999318278,0.999310753,0.966726098,0.966733625,0.999333333,0.999325805,0.999318278,0.999310753,0.966726098,0.966733625,0.999333333,0.999325805,0.999318278,0.999310753,0.977609133,0.970364291,0.977576226,0.977576226,0.977576226,0.977576226),(0.974328253,0.975304006,0.983417033,0.998667333,0.99865981,0.998652288,0.998644768,0.966081829,0.966089351,0.998667333,0.99865981,0.998652288,0.998644768,0.966081829,0.966089351,0.998667333,0.99865981,0.998652288,0.998644768,0.966081829,0.966089351,0.998667333,0.99865981,0.998652288,0.998644768,0.966081829,
0.966089351,0.998667333,0.99865981,0.998652288,0.998644768,0.966081829,0.966089351,0.998667333,0.99865981,0.998652288,0.998644768,0.966081829,0.966089351,0.998667333,0.99865981,0.998652288,0.998644768,0.966081829,0.966089351,0.998667333,0.99865981,0.998652288,0.998644768,0.966081829,0.966089351,
0.998667333,0.99865981,0.998652288,0.998644768,0.966081829,0.966089351,0.998667333,0.99865981,0.998652288,0.998644768,0.966081829,0.966089351,0.998667333,0.99865981,0.998652288,0.998644768,0.966081829,0.966089351,0.998667333,0.99865981,0.998652288,0.998644768,0.966081829,0.966089351,0.998667333,
0.99865981,0.998652288,0.998644768,0.966081829,0.966089351,0.998667333,0.99865981,0.998652288,0.998644768,0.966081829,0.966089351,0.998667333,0.99865981,0.998652288,0.998644768,0.966081829,0.966089351,0.998667333,0.99865981,0.998652288,0.998644768,0.966081829,0.966089351,0.998667333,0.99865981,
0.998652288,0.998644768,0.966081829,0.966089351,0.998667333,0.99865981,0.998652288,0.998644768,0.966081829,0.966089351,0.998667333,0.99865981,0.998652288,0.998644768,0.966081829,0.966089351,0.998667333,0.99865981,0.998652288,0.998644768,0.966081829,0.966089351,0.998667333,0.99865981,0.998652288,
0.998644768,0.966081829,0.966089351,0.998667333,0.99865981,0.998652288,0.998644768,0.966081829,0.966089351,0.998667333,0.99865981,0.998652288,0.998644768,0.966081829,0.966089351,0.998667333,0.99865981,0.998652288,0.998644768,0.966081829,0.966089351,0.998667333,0.99865981,0.998652288,0.998644768,
0.966081829,0.966089351,0.998667333,0.99865981,0.998652288,0.998644768,0.966081829,0.966089351,0.998667333,0.99865981,0.998652288,0.998644768,0.966081829,0.966089351,0.998667333,0.99865981,0.998652288,0.998644768,0.966081829,0.966089351,0.998667333,0.99865981,0.998652288,0.998644768,0.966081829,
0.966089351,0.998667333,0.99865981,0.998652288,0.998644768,0.966081829,0.966089351,0.998667333,0.99865981,0.998652288,0.998644768,0.966081829,0.966089351,0.998667333,0.99865981,0.998652288,0.998644768,0.966081829,0.966089351,0.998667333,0.99865981,0.998652288,0.998644768,0.966081829,0.966089351,
0.998667333,0.99865981,0.998652288,0.998644768,0.966081829,0.966089351,0.998667333,0.99865981,0.998652288,0.998644768,0.966081829,0.966089351,0.998667333,0.99865981,0.998652288,0.998644768,0.966081829,0.966089351,0.998667333,0.99865981,0.998652288,0.998644768,0.966081829,0.966089351,0.998667333,
0.99865981,0.998652288,0.998644768,0.966081829,0.966089351,0.998667333,0.99865981,0.998652288,0.998644768,0.966081829,0.966089351,0.998667333,0.99865981,0.998652288,0.998644768,0.966081829,0.966089351,0.998667333,0.99865981,0.998652288,0.998644768,0.966081829,0.966089351,0.998667333,0.99865981,
0.998652288,0.998644768,0.966081829,0.966089351,0.998667333,0.99865981,0.998652288,0.998644768,0.966081829,0.966089351,0.998667333,0.99865981,0.998652288,0.998644768,0.966081829,0.966089351,0.998667333,0.99865981,0.998652288,0.998644768,0.966081829,0.966089351,0.998667333,0.99865981,0.998652288,
0.998644768,0.966081829,0.966089351,0.998667333,0.99865981,0.998652288,0.998644768,0.966081829,0.966089351,0.998667333,0.99865981,0.998652288,0.998644768,0.966081829,0.966089351,0.998667333,0.99865981,0.998652288,0.998644768,0.966081829,0.966089351,0.998667333,0.99865981,0.998652288,0.998644768,
0.966081829,0.966089351,0.998667333,0.99865981,0.998652288,0.998644768,0.966081829,0.966089351,0.998667333,0.99865981,0.998652288,0.998644768,0.966081829,0.966089351,0.998667333,0.99865981,0.998652288,0.998644768,0.966081829,0.966089351,0.998667333,0.99865981,0.998652288,0.998644768,0.966081829,
0.966089351,0.998667333,0.99865981,0.998652288,0.998644768,0.966081829,0.966089351,0.998667333,0.99865981,0.998652288,0.998644768,0.966081829,0.966089351,0.998667333,0.99865981,0.998652288,0.998644768,0.966081829,0.966089351,0.998667333,0.99865981,0.998652288,0.998644768,0.966081829,0.966089351,
0.998667333,0.99865981,0.998652288,0.998644768,0.966081829,0.966089351,0.998667333,0.99865981,0.998652288,0.998644768,0.966081829,0.966089351,0.998667333,0.99865981,0.998652288,0.998644768,0.966081829,0.966089351,0.998667333,0.99865981,0.998652288,0.998644768,0.966081829,0.966089351,0.998667333,
0.99865981,0.998652288,0.998644768,0.966081829,0.966089351,0.998667333,0.99865981,0.998652288,0.998644768,0.966081829,0.966089351,0.998667333,0.99865981,0.998652288,0.998644768,0.966081829,0.966089351,0.998667333,0.99865981,0.998652288,0.998644768,0.966081829,0.966089351,0.998667333,0.99865981,
0.998652288,0.998644768,0.966081829,0.966089351,0.998667333,0.99865981,0.998652288,0.998644768,0.966081829,0.966089351,0.998667333,0.99865981,0.998652288,0.998644768,0.966081829,0.966089351,0.998667333,0.99865981,0.998652288,0.998644768,0.966081829,0.966089351,0.998667333,0.99865981,0.998652288,
0.998644768,0.966081829,0.966089351,0.998667333,0.99865981,0.998652288,0.998644768,0.966081829,0.966089351,0.998667333,0.99865981,0.998652288,0.998644768,0.966081829,0.966089351,0.998667333,0.99865981,0.998652288,0.998644768,0.966081829,0.966089351,0.998667333,0.99865981,0.998652288,0.998644768,
0.966081829,0.966089351,0.998667333,0.99865981,0.998652288,0.998644768,0.966081829,0.966089351,0.998667333,0.99865981,0.998652288,0.998644768,0.966081829,0.966089351,0.998667333,0.99865981,0.998652288,0.998644768,0.966081829,0.966089351,0.998667333,0.99865981,0.998652288,0.998644768,0.966081829,
0.966089351,0.998667333,0.99865981,0.998652288,0.998644768,0.966081829,0.966089351,0.998667333,0.99865981,0.998652288,0.998644768,0.966081829,0.966089351,0.998667333,0.99865981,0.998652288,0.998644768,0.966081829,0.966089351,0.998667333,0.99865981,0.998652288,0.998644768,0.966081829,0.966089351,
0.998667333,0.99865981,0.998652288,0.998644768,0.966081829,0.966089351,0.998667333,0.99865981,0.998652288,0.998644768,0.966081829,0.966089351,0.998667333,0.99865981,0.998652288,0.998644768,0.966081829,0.966089351,0.998667333,0.99865981,0.998652288,0.998644768,0.966081829,0.966089351,0.998667333,
0.99865981,0.998652288,0.998644768,0.966081829,0.966089351,0.998667333,0.99865981,0.998652288,0.998644768,0.966081829,0.966089351,0.998667333,0.99865981,0.998652288,0.998644768,0.966081829,0.966089351,0.998667333,0.99865981,0.998652288,0.998644768,0.966081829,0.966089351,0.998667333,0.99865981,
0.998652288,0.998644768,0.966081829,0.966089351,0.998667333,0.99865981,0.998652288,0.998644768,0.966081829,0.966089351,0.998667333,0.99865981,0.998652288,0.998644768,0.966081829,0.966089351,0.998667333,0.99865981,0.998652288,0.998644768,0.966081829,0.966089351,0.998667333,0.99865981,0.998652288,
0.998644768,0.966081829,0.966089351,0.998667333,0.99865981,0.998652288,0.998644768,0.966081829,0.966089351,0.998667333,0.99865981,0.998652288,0.998644768,0.966081829,0.966089351,0.998667333,0.99865981,0.998652288,0.998644768,0.966081829,0.966089351,0.998667333,0.99865981,0.998652288,0.998644768,
0.966081829,0.966089351,0.998667333,0.99865981,0.998652288,0.998644768,0.966081829,0.966089351,0.998667333,0.99865981,0.998652288,0.998644768,0.966081829,0.966089351,0.998667333,0.99865981,0.998652288,0.998644768,0.966081829,0.966089351,0.998667333,0.99865981,0.998652288,0.998644768,0.966081829,
0.966089351,0.998667333,0.99865981,0.998652288,0.998644768,0.966081829,0.966089351,0.998667333,0.99865981,0.998652288,0.998644768,0.966081829,0.966089351,0.998667333,0.99865981,0.998652288,0.998644768,0.966081829,0.966089351,0.998667333,0.99865981,0.998652288,0.998644768,0.966081829,0.966089351,
0.998667333,0.99865981,0.998652288,0.998644768,0.966081829,0.966089351,0.998667333,0.99865981,0.998652288,0.998644768,0.966081829,0.966089351,0.998667333,0.99865981,0.998652288,0.998644768,0.966081829,0.966089351,0.998667333,0.99865981,0.998652288,0.998644768,0.966081829,0.966089351,0.998667333,
0.99865981,0.998652288,0.998644768,0.966081829,0.966089351,0.998667333,0.99865981,0.998652288,0.998644768,0.966081829,0.966089351,0.998667333,0.99865981,0.998652288,0.998644768,0.966081829,0.966089351,0.998667333,0.99865981,0.998652288,0.998644768,0.966081829,0.966089351,0.998667333,0.99865981,
0.998652288,0.998644768,0.966081829,0.966089351,0.998667333,0.99865981,0.998652288,0.998644768,0.966081829,0.966089351,0.998667333,0.99865981,0.998652288,0.998644768,0.966081829,0.966089351,0.998667333,0.99865981,0.998652288,0.998644768,0.966081829,0.966089351,0.998667333,0.99865981,0.998652288,
0.998644768,0.966081829,0.966089351,0.998667333,0.99865981,0.998652288,0.998644768,0.966081829,0.966089351,0.998667333,0.99865981,0.998652288,0.998644768,0.966081829,0.966089351,0.998667333,0.99865981,0.998652288,0.998644768,0.976957611,0.969717597,0.976924726,0.976924726,0.976924726,0.976924726),(0.973679134,0.974654238,0.98276186,0.998002,0.997994482,0.997986965,0.99797945,0.965438205,0.965445722,0.998002,0.997994482,0.997986965,0.99797945,0.965438205,0.965445722,0.998002,0.997994482,0.997986965,0.99797945,0.965438205,0.965445722,0.998002,0.997994482,0.997986965,0.99797945,0.965438205,
0.965445722,0.998002,0.997994482,0.997986965,0.99797945,0.965438205,0.965445722,0.998002,0.997994482,0.997986965,0.99797945,0.965438205,0.965445722,0.998002,0.997994482,0.997986965,0.99797945,0.965438205,0.965445722,0.998002,0.997994482,0.997986965,0.99797945,0.965438205,0.965445722,
0.998002,0.997994482,0.997986965,0.99797945,0.965438205,0.965445722,0.998002,0.997994482,0.997986965,0.99797945,0.965438205,0.965445722,0.998002,0.997994482,0.997986965,0.99797945,0.965438205,0.965445722,0.998002,0.997994482,0.997986965,0.99797945,0.965438205,0.965445722,0.998002,
0.997994482,0.997986965,0.99797945,0.965438205,0.965445722,0.998002,0.997994482,0.997986965,0.99797945,0.965438205,0.965445722,0.998002,0.997994482,0.997986965,0.99797945,0.965438205,0.965445722,0.998002,0.997994482,0.997986965,0.99797945,0.965438205,0.965445722,0.998002,0.997994482,
0.997986965,0.99797945,0.965438205,0.965445722,0.998002,0.997994482,0.997986965,0.99797945,0.965438205,0.965445722,0.998002,0.997994482,0.997986965,0.99797945,0.965438205,0.965445722,0.998002,0.997994482,0.997986965,0.99797945,0.965438205,0.965445722,0.998002,0.997994482,0.997986965,
0.99797945,0.965438205,0.965445722,0.998002,0.997994482,0.997986965,0.99797945,0.965438205,0.965445722,0.998002,0.997994482,0.997986965,0.99797945,0.965438205,0.965445722,0.998002,0.997994482,0.997986965,0.99797945,0.965438205,0.965445722,0.998002,0.997994482,0.997986965,0.99797945,
0.965438205,0.965445722,0.998002,0.997994482,0.997986965,0.99797945,0.965438205,0.965445722,0.998002,0.997994482,0.997986965,0.99797945,0.965438205,0.965445722,0.998002,0.997994482,0.997986965,0.99797945,0.965438205,0.965445722,0.998002,0.997994482,0.997986965,0.99797945,0.965438205,
0.965445722,0.998002,0.997994482,0.997986965,0.99797945,0.965438205,0.965445722,0.998002,0.997994482,0.997986965,0.99797945,0.965438205,0.965445722,0.998002,0.997994482,0.997986965,0.99797945,0.965438205,0.965445722,0.998002,0.997994482,0.997986965,0.99797945,0.965438205,0.965445722,
0.998002,0.997994482,0.997986965,0.99797945,0.965438205,0.965445722,0.998002,0.997994482,0.997986965,0.99797945,0.965438205,0.965445722,0.998002,0.997994482,0.997986965,0.99797945,0.965438205,0.965445722,0.998002,0.997994482,0.997986965,0.99797945,0.965438205,0.965445722,0.998002,
0.997994482,0.997986965,0.99797945,0.965438205,0.965445722,0.998002,0.997994482,0.997986965,0.99797945,0.965438205,0.965445722,0.998002,0.997994482,0.997986965,0.99797945,0.965438205,0.965445722,0.998002,0.997994482,0.997986965,0.99797945,0.965438205,0.965445722,0.998002,0.997994482,
0.997986965,0.99797945,0.965438205,0.965445722,0.998002,0.997994482,0.997986965,0.99797945,0.965438205,0.965445722,0.998002,0.997994482,0.997986965,0.99797945,0.965438205,0.965445722,0.998002,0.997994482,0.997986965,0.99797945,0.965438205,0.965445722,0.998002,0.997994482,0.997986965,
0.99797945,0.965438205,0.965445722,0.998002,0.997994482,0.997986965,0.99797945,0.965438205,0.965445722,0.998002,0.997994482,0.997986965,0.99797945,0.965438205,0.965445722,0.998002,0.997994482,0.997986965,0.99797945,0.965438205,0.965445722,0.998002,0.997994482,0.997986965,0.99797945,
0.965438205,0.965445722,0.998002,0.997994482,0.997986965,0.99797945,0.965438205,0.965445722,0.998002,0.997994482,0.997986965,0.99797945,0.965438205,0.965445722,0.998002,0.997994482,0.997986965,0.99797945,0.965438205,0.965445722,0.998002,0.997994482,0.997986965,0.99797945,0.965438205,
0.965445722,0.998002,0.997994482,0.997986965,0.99797945,0.965438205,0.965445722,0.998002,0.997994482,0.997986965,0.99797945,0.965438205,0.965445722,0.998002,0.997994482,0.997986965,0.99797945,0.965438205,0.965445722,0.998002,0.997994482,0.997986965,0.99797945,0.965438205,0.965445722,
0.998002,0.997994482,0.997986965,0.99797945,0.965438205,0.965445722,0.998002,0.997994482,0.997986965,0.99797945,0.965438205,0.965445722,0.998002,0.997994482,0.997986965,0.99797945,0.965438205,0.965445722,0.998002,0.997994482,0.997986965,0.99797945,0.965438205,0.965445722,0.998002,
0.997994482,0.997986965,0.99797945,0.965438205,0.965445722,0.998002,0.997994482,0.997986965,0.99797945,0.965438205,0.965445722,0.998002,0.997994482,0.997986965,0.99797945,0.965438205,0.965445722,0.998002,0.997994482,0.997986965,0.99797945,0.965438205,0.965445722,0.998002,0.997994482,
0.997986965,0.99797945,0.965438205,0.965445722,0.998002,0.997994482,0.997986965,0.99797945,0.965438205,0.965445722,0.998002,0.997994482,0.997986965,0.99797945,0.965438205,0.965445722,0.998002,0.997994482,0.997986965,0.99797945,0.965438205,0.965445722,0.998002,0.997994482,0.997986965,
0.99797945,0.965438205,0.965445722,0.998002,0.997994482,0.997986965,0.99797945,0.965438205,0.965445722,0.998002,0.997994482,0.997986965,0.99797945,0.965438205,0.965445722,0.998002,0.997994482,0.997986965,0.99797945,0.965438205,0.965445722,0.998002,0.997994482,0.997986965,0.99797945,
0.965438205,0.965445722,0.998002,0.997994482,0.997986965,0.99797945,0.965438205,0.965445722,0.998002,0.997994482,0.997986965,0.99797945,0.965438205,0.965445722,0.998002,0.997994482,0.997986965,0.99797945,0.965438205,0.965445722,0.998002,0.997994482,0.997986965,0.99797945,0.965438205,
0.965445722,0.998002,0.997994482,0.997986965,0.99797945,0.965438205,0.965445722,0.998002,0.997994482,0.997986965,0.99797945,0.965438205,0.965445722,0.998002,0.997994482,0.997986965,0.99797945,0.965438205,0.965445722,0.998002,0.997994482,0.997986965,0.99797945,0.965438205,0.965445722,
0.998002,0.997994482,0.997986965,0.99797945,0.965438205,0.965445722,0.998002,0.997994482,0.997986965,0.99797945,0.965438205,0.965445722,0.998002,0.997994482,0.997986965,0.99797945,0.965438205,0.965445722,0.998002,0.997994482,0.997986965,0.99797945,0.965438205,0.965445722,0.998002,
0.997994482,0.997986965,0.99797945,0.965438205,0.965445722,0.998002,0.997994482,0.997986965,0.99797945,0.965438205,0.965445722,0.998002,0.997994482,0.997986965,0.99797945,0.965438205,0.965445722,0.998002,0.997994482,0.997986965,0.99797945,0.965438205,0.965445722,0.998002,0.997994482,
0.997986965,0.99797945,0.965438205,0.965445722,0.998002,0.997994482,0.997986965,0.99797945,0.965438205,0.965445722,0.998002,0.997994482,0.997986965,0.99797945,0.965438205,0.965445722,0.998002,0.997994482,0.997986965,0.99797945,0.965438205,0.965445722,0.998002,0.997994482,0.997986965,
0.99797945,0.965438205,0.965445722,0.998002,0.997994482,0.997986965,0.99797945,0.965438205,0.965445722,0.998002,0.997994482,0.997986965,0.99797945,0.965438205,0.965445722,0.998002,0.997994482,0.997986965,0.99797945,0.965438205,0.965445722,0.998002,0.997994482,0.997986965,0.99797945,
0.965438205,0.965445722,0.998002,0.997994482,0.997986965,0.99797945,0.965438205,0.965445722,0.998002,0.997994482,0.997986965,0.99797945,0.965438205,0.965445722,0.998002,0.997994482,0.997986965,0.99797945,0.965438205,0.965445722,0.998002,0.997994482,0.997986965,0.99797945,0.965438205,
0.965445722,0.998002,0.997994482,0.997986965,0.99797945,0.965438205,0.965445722,0.998002,0.997994482,0.997986965,0.99797945,0.965438205,0.965445722,0.998002,0.997994482,0.997986965,0.99797945,0.965438205,0.965445722,0.998002,0.997994482,0.997986965,0.99797945,0.965438205,0.965445722,
0.998002,0.997994482,0.997986965,0.99797945,0.965438205,0.965445722,0.998002,0.997994482,0.997986965,0.99797945,0.965438205,0.965445722,0.998002,0.997994482,0.997986965,0.99797945,0.965438205,0.965445722,0.998002,0.997994482,0.997986965,0.99797945,0.965438205,0.965445722,0.998002,
0.997994482,0.997986965,0.99797945,0.965438205,0.965445722,0.998002,0.997994482,0.997986965,0.99797945,0.965438205,0.965445722,0.998002,0.997994482,0.997986965,0.99797945,0.965438205,0.965445722,0.998002,0.997994482,0.997986965,0.99797945,0.965438205,0.965445722,0.998002,0.997994482,
0.997986965,0.99797945,0.965438205,0.965445722,0.998002,0.997994482,0.997986965,0.99797945,0.965438205,0.965445722,0.998002,0.997994482,0.997986965,0.99797945,0.965438205,0.965445722,0.998002,0.997994482,0.997986965,0.99797945,0.965438205,0.965445722,0.998002,0.997994482,0.997986965,
0.99797945,0.965438205,0.965445722,0.998002,0.997994482,0.997986965,0.99797945,0.965438205,0.965445722,0.998002,0.997994482,0.997986965,0.99797945,0.965438205,0.965445722,0.998002,0.997994482,0.997986965,0.99797945,0.976306741,0.969071551,0.976273878,0.976273878,0.976273878,0.976273878),(0.32521013,0.325535816,0.328243773,0.333334,0.333331488,0.333328978,0.333326468,0.322457649,0.32246016,0.333334,0.333331488,0.333328978,0.333326468,0.322457649,0.32246016,0.333334,0.333331488,0.333328978,0.333326468,0.322457649,0.32246016,0.333334,0.333331488,0.333328978,0.333326468,0.322457649,
0.32246016,0.333334,0.333331488,0.333328978,0.333326468,0.322457649,0.32246016,0.333334,0.333331488,0.333328978,0.333326468,0.322457649,0.32246016,0.333334,0.333331488,0.333328978,0.333326468,0.322457649,0.32246016,0.333334,0.333331488,0.333328978,0.333326468,0.322457649,0.32246016,
0.333334,0.333331488,0.333328978,0.333326468,0.322457649,0.32246016,0.333334,0.333331488,0.333328978,0.333326468,0.322457649,0.32246016,0.333334,0.333331488,0.333328978,0.333326468,0.322457649,0.32246016,0.333334,0.333331488,0.333328978,0.333326468,0.322457649,0.32246016,0.333334,
0.333331488,0.333328978,0.333326468,0.322457649,0.32246016,0.333334,0.333331488,0.333328978,0.333326468,0.322457649,0.32246016,0.333334,0.333331488,0.333328978,0.333326468,0.322457649,0.32246016,0.333334,0.333331488,0.333328978,0.333326468,0.322457649,0.32246016,0.333334,0.333331488,
0.333328978,0.333326468,0.322457649,0.32246016,0.333334,0.333331488,0.333328978,0.333326468,0.322457649,0.32246016,0.333334,0.333331488,0.333328978,0.333326468,0.322457649,0.32246016,0.333334,0.333331488,0.333328978,0.333326468,0.322457649,0.32246016,0.333334,0.333331488,0.333328978,
0.333326468,0.322457649,0.32246016,0.333334,0.333331488,0.333328978,0.333326468,0.322457649,0.32246016,0.333334,0.333331488,0.333328978,0.333326468,0.322457649,0.32246016,0.333334,0.333331488,0.333328978,0.333326468,0.322457649,0.32246016,0.333334,0.333331488,0.333328978,0.333326468,
0.322457649,0.32246016,0.333334,0.333331488,0.333328978,0.333326468,0.322457649,0.32246016,0.333334,0.333331488,0.333328978,0.333326468,0.322457649,0.32246016,0.333334,0.333331488,0.333328978,0.333326468,0.322457649,0.32246016,0.333334,0.333331488,0.333328978,0.333326468,0.322457649,
0.32246016,0.333334,0.333331488,0.333328978,0.333326468,0.322457649,0.32246016,0.333334,0.333331488,0.333328978,0.333326468,0.322457649,0.32246016,0.333334,0.333331488,0.333328978,0.333326468,0.322457649,0.32246016,0.333334,0.333331488,0.333328978,0.333326468,0.322457649,0.32246016,
0.333334,0.333331488,0.333328978,0.333326468,0.322457649,0.32246016,0.333334,0.333331488,0.333328978,0.333326468,0.322457649,0.32246016,0.333334,0.333331488,0.333328978,0.333326468,0.322457649,0.32246016,0.333334,0.333331488,0.333328978,0.333326468,0.322457649,0.32246016,0.333334,
0.333331488,0.333328978,0.333326468,0.322457649,0.32246016,0.333334,0.333331488,0.333328978,0.333326468,0.322457649,0.32246016,0.333334,0.333331488,0.333328978,0.333326468,0.322457649,0.32246016,0.333334,0.333331488,0.333328978,0.333326468,0.322457649,0.32246016,0.333334,0.333331488,
0.333328978,0.333326468,0.322457649,0.32246016,0.333334,0.333331488,0.333328978,0.333326468,0.322457649,0.32246016,0.333334,0.333331488,0.333328978,0.333326468,0.322457649,0.32246016,0.333334,0.333331488,0.333328978,0.333326468,0.322457649,0.32246016,0.333334,0.333331488,0.333328978,
0.333326468,0.322457649,0.32246016,0.333334,0.333331488,0.333328978,0.333326468,0.322457649,0.32246016,0.333334,0.333331488,0.333328978,0.333326468,0.322457649,0.32246016,0.333334,0.333331488,0.333328978,0.333326468,0.322457649,0.32246016,0.333334,0.333331488,0.333328978,0.333326468,
0.322457649,0.32246016,0.333334,0.333331488,0.333328978,0.333326468,0.322457649,0.32246016,0.333334,0.333331488,0.333328978,0.333326468,0.322457649,0.32246016,0.333334,0.333331488,0.333328978,0.333326468,0.322457649,0.32246016,0.333334,0.333331488,0.333328978,0.333326468,0.322457649,
0.32246016,0.333334,0.333331488,0.333328978,0.333326468,0.322457649,0.32246016,0.333334,0.333331488,0.333328978,0.333326468,0.322457649,0.32246016,0.333334,0.333331488,0.333328978,0.333326468,0.322457649,0.32246016,0.333334,0.333331488,0.333328978,0.333326468,0.322457649,0.32246016,
0.333334,0.333331488,0.333328978,0.333326468,0.322457649,0.32246016,0.333334,0.333331488,0.333328978,0.333326468,0.322457649,0.32246016,0.333334,0.333331488,0.333328978,0.333326468,0.322457649,0.32246016,0.333334,0.333331488,0.333328978,0.333326468,0.322457649,0.32246016,0.333334,
0.333331488,0.333328978,0.333326468,0.322457649,0.32246016,0.333334,0.333331488,0.333328978,0.333326468,0.322457649,0.32246016,0.333334,0.333331488,0.333328978,0.333326468,0.322457649,0.32246016,0.333334,0.333331488,0.333328978,0.333326468,0.322457649,0.32246016,0.333334,0.333331488,
0.333328978,0.333326468,0.322457649,0.32246016,0.333334,0.333331488,0.333328978,0.333326468,0.322457649,0.32246016,0.333334,0.333331488,0.333328978,0.333326468,0.322457649,0.32246016,0.333334,0.333331488,0.333328978,0.333326468,0.322457649,0.32246016,0.333334,0.333331488,0.333328978,
0.333326468,0.322457649,0.32246016,0.333334,0.333331488,0.333328978,0.333326468,0.322457649,0.32246016,0.333334,0.333331488,0.333328978,0.333326468,0.322457649,0.32246016,0.333334,0.333331488,0.333328978,0.333326468,0.322457649,0.32246016,0.333334,0.333331488,0.333328978,0.333326468,
0.322457649,0.32246016,0.333334,0.333331488,0.333328978,0.333326468,0.322457649,0.32246016,0.333334,0.333331488,0.333328978,0.333326468,0.322457649,0.32246016,0.333334,0.333331488,0.333328978,0.333326468,0.322457649,0.32246016,0.333334,0.333331488,0.333328978,0.333326468,0.322457649,
0.32246016,0.333334,0.333331488,0.333328978,0.333326468,0.322457649,0.32246016,0.333334,0.333331488,0.333328978,0.333326468,0.322457649,0.32246016,0.333334,0.333331488,0.333328978,0.333326468,0.322457649,0.32246016,0.333334,0.333331488,0.333328978,0.333326468,0.322457649,0.32246016,
0.333334,0.333331488,0.333328978,0.333326468,0.322457649,0.32246016,0.333334,0.333331488,0.333328978,0.333326468,0.322457649,0.32246016,0.333334,0.333331488,0.333328978,0.333326468,0.322457649,0.32246016,0.333334,0.333331488,0.333328978,0.333326468,0.322457649,0.32246016,0.333334,
0.333331488,0.333328978,0.333326468,0.322457649,0.32246016,0.333334,0.333331488,0.333328978,0.333326468,0.322457649,0.32246016,0.333334,0.333331488,0.333328978,0.333326468,0.322457649,0.32246016,0.333334,0.333331488,0.333328978,0.333326468,0.322457649,0.32246016,0.333334,0.333331488,
0.333328978,0.333326468,0.322457649,0.32246016,0.333334,0.333331488,0.333328978,0.333326468,0.322457649,0.32246016,0.333334,0.333331488,0.333328978,0.333326468,0.322457649,0.32246016,0.333334,0.333331488,0.333328978,0.333326468,0.322457649,0.32246016,0.333334,0.333331488,0.333328978,
0.333326468,0.322457649,0.32246016,0.333334,0.333331488,0.333328978,0.333326468,0.322457649,0.32246016,0.333334,0.333331488,0.333328978,0.333326468,0.322457649,0.32246016,0.333334,0.333331488,0.333328978,0.333326468,0.322457649,0.32246016,0.333334,0.333331488,0.333328978,0.333326468,
0.322457649,0.32246016,0.333334,0.333331488,0.333328978,0.333326468,0.322457649,0.32246016,0.333334,0.333331488,0.333328978,0.333326468,0.322457649,0.32246016,0.333334,0.333331488,0.333328978,0.333326468,0.322457649,0.32246016,0.333334,0.333331488,0.333328978,0.333326468,0.322457649,
0.32246016,0.333334,0.333331488,0.333328978,0.333326468,0.322457649,0.32246016,0.333334,0.333331488,0.333328978,0.333326468,0.322457649,0.32246016,0.333334,0.333331488,0.333328978,0.333326468,0.322457649,0.32246016,0.333334,0.333331488,0.333328978,0.333326468,0.322457649,0.32246016,
0.333334,0.333331488,0.333328978,0.333326468,0.322457649,0.32246016,0.333334,0.333331488,0.333328978,0.333326468,0.322457649,0.32246016,0.333334,0.333331488,0.333328978,0.333326468,0.322457649,0.32246016,0.333334,0.333331488,0.333328978,0.333326468,0.322457649,0.32246016,0.333334,
0.333331488,0.333328978,0.333326468,0.322457649,0.32246016,0.333334,0.333331488,0.333328978,0.333326468,0.322457649,0.32246016,0.333334,0.333331488,0.333328978,0.333326468,0.322457649,0.32246016,0.333334,0.333331488,0.333328978,0.333326468,0.322457649,0.32246016,0.333334,0.333331488,
0.333328978,0.333326468,0.322457649,0.32246016,0.333334,0.333331488,0.333328978,0.333326468,0.322457649,0.32246016,0.333334,0.333331488,0.333328978,0.333326468,0.322457649,0.32246016,0.333334,0.333331488,0.333328978,0.333326468,0.322457649,0.32246016,0.333334,0.333331488,0.333328978,
0.333326468,0.322457649,0.32246016,0.333334,0.333331488,0.333328978,0.333326468,0.322457649,0.32246016,0.333334,0.333331488,0.333328978,0.333326468,0.322457649,0.32246016,0.333334,0.333331488,0.333328978,0.333326468,0.326087755,0.323671191,0.326076778,0.326076778,0.326076778,0.326076778),(0.325859899,0.326186236,0.328899603,0.334,0.333997483,0.333994968,0.333992453,0.323101918,0.323104434,0.334,0.333997483,0.333994968,0.333992453,0.323101918,0.323104434,0.334,0.333997483,0.333994968,0.333992453,0.323101918,0.323104434,0.334,0.333997483,0.333994968,0.333992453,0.323101918,
0.323104434,0.334,0.333997483,0.333994968,0.333992453,0.323101918,0.323104434,0.334,0.333997483,0.333994968,0.333992453,0.323101918,0.323104434,0.334,0.333997483,0.333994968,0.333992453,0.323101918,0.323104434,0.334,0.333997483,0.333994968,0.333992453,0.323101918,0.323104434,
0.334,0.333997483,0.333994968,0.333992453,0.323101918,0.323104434,0.334,0.333997483,0.333994968,0.333992453,0.323101918,0.323104434,0.334,0.333997483,0.333994968,0.333992453,0.323101918,0.323104434,0.334,0.333997483,0.333994968,0.333992453,0.323101918,0.323104434,0.334,
0.333997483,0.333994968,0.333992453,0.323101918,0.323104434,0.334,0.333997483,0.333994968,0.333992453,0.323101918,0.323104434,0.334,0.333997483,0.333994968,0.333992453,0.323101918,0.323104434,0.334,0.333997483,0.333994968,0.333992453,0.323101918,0.323104434,0.334,0.333997483,
0.333994968,0.333992453,0.323101918,0.323104434,0.334,0.333997483,0.333994968,0.333992453,0.323101918,0.323104434,0.334,0.333997483,0.333994968,0.333992453,0.323101918,0.323104434,0.334,0.333997483,0.333994968,0.333992453,0.323101918,0.323104434,0.334,0.333997483,0.333994968,
0.333992453,0.323101918,0.323104434,0.334,0.333997483,0.333994968,0.333992453,0.323101918,0.323104434,0.334,0.333997483,0.333994968,0.333992453,0.323101918,0.323104434,0.334,0.333997483,0.333994968,0.333992453,0.323101918,0.323104434,0.334,0.333997483,0.333994968,0.333992453,
0.323101918,0.323104434,0.334,0.333997483,0.333994968,0.333992453,0.323101918,0.323104434,0.334,0.333997483,0.333994968,0.333992453,0.323101918,0.323104434,0.334,0.333997483,0.333994968,0.333992453,0.323101918,0.323104434,0.334,0.333997483,0.333994968,0.333992453,0.323101918,
0.323104434,0.334,0.333997483,0.333994968,0.333992453,0.323101918,0.323104434,0.334,0.333997483,0.333994968,0.333992453,0.323101918,0.323104434,0.334,0.333997483,0.333994968,0.333992453,0.323101918,0.323104434,0.334,0.333997483,0.333994968,0.333992453,0.323101918,0.323104434,
0.334,0.333997483,0.333994968,0.333992453,0.323101918,0.323104434,0.334,0.333997483,0.333994968,0.333992453,0.323101918,0.323104434,0.334,0.333997483,0.333994968,0.333992453,0.323101918,0.323104434,0.334,0.333997483,0.333994968,0.333992453,0.323101918,0.323104434,0.334,
0.333997483,0.333994968,0.333992453,0.323101918,0.323104434,0.334,0.333997483,0.333994968,0.333992453,0.323101918,0.323104434,0.334,0.333997483,0.333994968,0.333992453,0.323101918,0.323104434,0.334,0.333997483,0.333994968,0.333992453,0.323101918,0.323104434,0.334,0.333997483,
0.333994968,0.333992453,0.323101918,0.323104434,0.334,0.333997483,0.333994968,0.333992453,0.323101918,0.323104434,0.334,0.333997483,0.333994968,0.333992453,0.323101918,0.323104434,0.334,0.333997483,0.333994968,0.333992453,0.323101918,0.323104434,0.334,0.333997483,0.333994968,
0.333992453,0.323101918,0.323104434,0.334,0.333997483,0.333994968,0.333992453,0.323101918,0.323104434,0.334,0.333997483,0.333994968,0.333992453,0.323101918,0.323104434,0.334,0.333997483,0.333994968,0.333992453,0.323101918,0.323104434,0.334,0.333997483,0.333994968,0.333992453,
0.323101918,0.323104434,0.334,0.333997483,0.333994968,0.333992453,0.323101918,0.323104434,0.334,0.333997483,0.333994968,0.333992453,0.323101918,0.323104434,0.334,0.333997483,0.333994968,0.333992453,0.323101918,0.323104434,0.334,0.333997483,0.333994968,0.333992453,0.323101918,
0.323104434,0.334,0.333997483,0.333994968,0.333992453,0.323101918,0.323104434,0.334,0.333997483,0.333994968,0.333992453,0.323101918,0.323104434,0.334,0.333997483,0.333994968,0.333992453,0.323101918,0.323104434,0.334,0.333997483,0.333994968,0.333992453,0.323101918,0.323104434,
0.334,0.333997483,0.333994968,0.333992453,0.323101918,0.323104434,0.334,0.333997483,0.333994968,0.333992453,0.323101918,0.323104434,0.334,0.333997483,0.333994968,0.333992453,0.323101918,0.323104434,0.334,0.333997483,0.333994968,0.333992453,0.323101918,0.323104434,0.334,
0.333997483,0.333994968,0.333992453,0.323101918,0.323104434,0.334,0.333997483,0.333994968,0.333992453,0.323101918,0.323104434,0.334,0.333997483,0.333994968,0.333992453,0.323101918,0.323104434,0.334,0.333997483,0.333994968,0.333992453,0.323101918,0.323104434,0.334,0.333997483,
0.333994968,0.333992453,0.323101918,0.323104434,0.334,0.333997483,0.333994968,0.333992453,0.323101918,0.323104434,0.334,0.333997483,0.333994968,0.333992453,0.323101918,0.323104434,0.334,0.333997483,0.333994968,0.333992453,0.323101918,0.323104434,0.334,0.333997483,0.333994968,
0.333992453,0.323101918,0.323104434,0.334,0.333997483,0.333994968,0.333992453,0.323101918,0.323104434,0.334,0.333997483,0.333994968,0.333992453,0.323101918,0.323104434,0.334,0.333997483,0.333994968,0.333992453,0.323101918,0.323104434,0.334,0.333997483,0.333994968,0.333992453,
0.323101918,0.323104434,0.334,0.333997483,0.333994968,0.333992453,0.323101918,0.323104434,0.334,0.333997483,0.333994968,0.333992453,0.323101918,0.323104434,0.334,0.333997483,0.333994968,0.333992453,0.323101918,0.323104434,0.334,0.333997483,0.333994968,0.333992453,0.323101918,
0.323104434,0.334,0.333997483,0.333994968,0.333992453,0.323101918,0.323104434,0.334,0.333997483,0.333994968,0.333992453,0.323101918,0.323104434,0.334,0.333997483,0.333994968,0.333992453,0.323101918,0.323104434,0.334,0.333997483,0.333994968,0.333992453,0.323101918,0.323104434,
0.334,0.333997483,0.333994968,0.333992453,0.323101918,0.323104434,0.334,0.333997483,0.333994968,0.333992453,0.323101918,0.323104434,0.334,0.333997483,0.333994968,0.333992453,0.323101918,0.323104434,0.334,0.333997483,0.333994968,0.333992453,0.323101918,0.323104434,0.334,
0.333997483,0.333994968,0.333992453,0.323101918,0.323104434,0.334,0.333997483,0.333994968,0.333992453,0.323101918,0.323104434,0.334,0.333997483,0.333994968,0.333992453,0.323101918,0.323104434,0.334,0.333997483,0.333994968,0.333992453,0.323101918,0.323104434,0.334,0.333997483,
0.333994968,0.333992453,0.323101918,0.323104434,0.334,0.333997483,0.333994968,0.333992453,0.323101918,0.323104434,0.334,0.333997483,0.333994968,0.333992453,0.323101918,0.323104434,0.334,0.333997483,0.333994968,0.333992453,0.323101918,0.323104434,0.334,0.333997483,0.333994968,
0.333992453,0.323101918,0.323104434,0.334,0.333997483,0.333994968,0.333992453,0.323101918,0.323104434,0.334,0.333997483,0.333994968,0.333992453,0.323101918,0.323104434,0.334,0.333997483,0.333994968,0.333992453,0.323101918,0.323104434,0.334,0.333997483,0.333994968,0.333992453,
0.323101918,0.323104434,0.334,0.333997483,0.333994968,0.333992453,0.323101918,0.323104434,0.334,0.333997483,0.333994968,0.333992453,0.323101918,0.323104434,0.334,0.333997483,0.333994968,0.333992453,0.323101918,0.323104434,0.334,0.333997483,0.333994968,0.333992453,0.323101918,
0.323104434,0.334,0.333997483,0.333994968,0.333992453,0.323101918,0.323104434,0.334,0.333997483,0.333994968,0.333992453,0.323101918,0.323104434,0.334,0.333997483,0.333994968,0.333992453,0.323101918,0.323104434,0.334,0.333997483,0.333994968,0.333992453,0.323101918,0.323104434,
0.334,0.333997483,0.333994968,0.333992453,0.323101918,0.323104434,0.334,0.333997483,0.333994968,0.333992453,0.323101918,0.323104434,0.334,0.333997483,0.333994968,0.333992453,0.323101918,0.323104434,0.334,0.333997483,0.333994968,0.333992453,0.323101918,0.323104434,0.334,
0.333997483,0.333994968,0.333992453,0.323101918,0.323104434,0.334,0.333997483,0.333994968,0.333992453,0.323101918,0.323104434,0.334,0.333997483,0.333994968,0.333992453,0.323101918,0.323104434,0.334,0.333997483,0.333994968,0.333992453,0.323101918,0.323104434,0.334,0.333997483,
0.333994968,0.333992453,0.323101918,0.323104434,0.334,0.333997483,0.333994968,0.333992453,0.323101918,0.323104434,0.334,0.333997483,0.333994968,0.333992453,0.323101918,0.323104434,0.334,0.333997483,0.333994968,0.333992453,0.323101918,0.323104434,0.334,0.333997483,0.333994968,
0.333992453,0.323101918,0.323104434,0.334,0.333997483,0.333994968,0.333992453,0.323101918,0.323104434,0.334,0.333997483,0.333994968,0.333992453,0.323101918,0.323104434,0.334,0.333997483,0.333994968,0.333992453,0.326739277,0.324317885,0.326728278,0.326728278,0.326728278,0.326728278),(0.97562844,0.976605496,0.984729349,1.,0.999992466,0.999984935,0.999977405,0.967371012,0.967378544,1.,0.999992466,0.999984935,0.999977405,0.967371012,0.967378544,1.,0.999992466,0.999984935,0.999977405,0.967371012,0.967378544,1.,0.999992466,0.999984935,0.999977405,0.967371012,
0.967378544,1.,0.999992466,0.999984935,0.999977405,0.967371012,0.967378544,1.,0.999992466,0.999984935,0.999977405,0.967371012,0.967378544,1.,0.999992466,0.999984935,0.999977405,0.967371012,0.967378544,1.,0.999992466,0.999984935,0.999977405,0.967371012,0.967378544,
1.,0.999992466,0.999984935,0.999977405,0.967371012,0.967378544,1.,0.999992466,0.999984935,0.999977405,0.967371012,0.967378544,1.,0.999992466,0.999984935,0.999977405,0.967371012,0.967378544,1.,0.999992466,0.999984935,0.999977405,0.967371012,0.967378544,1.,
0.999992466,0.999984935,0.999977405,0.967371012,0.967378544,1.,0.999992466,0.999984935,0.999977405,0.967371012,0.967378544,1.,0.999992466,0.999984935,0.999977405,0.967371012,0.967378544,1.,0.999992466,0.999984935,0.999977405,0.967371012,0.967378544,1.,0.999992466,
0.999984935,0.999977405,0.967371012,0.967378544,1.,0.999992466,0.999984935,0.999977405,0.967371012,0.967378544,1.,0.999992466,0.999984935,0.999977405,0.967371012,0.967378544,1.,0.999992466,0.999984935,0.999977405,0.967371012,0.967378544,1.,0.999992466,0.999984935,
0.999977405,0.967371012,0.967378544,1.,0.999992466,0.999984935,0.999977405,0.967371012,0.967378544,1.,0.999992466,0.999984935,0.999977405,0.967371012,0.967378544,1.,0.999992466,0.999984935,0.999977405,0.967371012,0.967378544,1.,0.999992466,0.999984935,0.999977405,
0.967371012,0.967378544,1.,0.999992466,0.999984935,0.999977405,0.967371012,0.967378544,1.,0.999992466,0.999984935,0.999977405,0.967371012,0.967378544,1.,0.999992466,0.999984935,0.999977405,0.967371012,0.967378544,1.,0.999992466,0.999984935,0.999977405,0.967371012,
0.967378544,1.,0.999992466,0.999984935,0.999977405,0.967371012,0.967378544,1.,0.999992466,0.999984935,0.999977405,0.967371012,0.967378544,1.,0.999992466,0.999984935,0.999977405,0.967371012,0.967378544,1.,0.999992466,0.999984935,0.999977405,0.967371012,0.967378544,
1.,0.999992466,0.999984935,0.999977405,0.967371012,0.967378544,1.,0.999992466,0.999984935,0.999977405,0.967371012,0.967378544,1.,0.999992466,0.999984935,0.999977405,0.967371012,0.967378544,1.,0.999992466,0.999984935,0.999977405,0.967371012,0.967378544,1.,
0.999992466,0.999984935,0.999977405,0.967371012,0.967378544,1.,0.999992466,0.999984935,0.999977405,0.967371012,0.967378544,1.,0.999992466,0.999984935,0.999977405,0.967371012,0.967378544,1.,0.999992466,0.999984935,0.999977405,0.967371012,0.967378544,1.,0.999992466,
0.999984935,0.999977405,0.967371012,0.967378544,1.,0.999992466,0.999984935,0.999977405,0.967371012,0.967378544,1.,0.999992466,0.999984935,0.999977405,0.967371012,0.967378544,1.,0.999992466,0.999984935,0.999977405,0.967371012,0.967378544,1.,0.999992466,0.999984935,
0.999977405,0.967371012,0.967378544,1.,0.999992466,0.999984935,0.999977405,0.967371012,0.967378544,1.,0.999992466,0.999984935,0.999977405,0.967371012,0.967378544,1.,0.999992466,0.999984935,0.999977405,0.967371012,0.967378544,1.,0.999992466,0.999984935,0.999977405,
0.967371012,0.967378544,1.,0.999992466,0.999984935,0.999977405,0.967371012,0.967378544,1.,0.999992466,0.999984935,0.999977405,0.967371012,0.967378544,1.,0.999992466,0.999984935,0.999977405,0.967371012,0.967378544,1.,0.999992466,0.999984935,0.999977405,0.967371012,
0.967378544,1.,0.999992466,0.999984935,0.999977405,0.967371012,0.967378544,1.,0.999992466,0.999984935,0.999977405,0.967371012,0.967378544,1.,0.999992466,0.999984935,0.999977405,0.967371012,0.967378544,1.,0.999992466,0.999984935,0.999977405,0.967371012,0.967378544,
1.,0.999992466,0.999984935,0.999977405,0.967371012,0.967378544,1.,0.999992466,0.999984935,0.999977405,0.967371012,0.967378544,1.,0.999992466,0.999984935,0.999977405,0.967371012,0.967378544,1.,0.999992466,0.999984935,0.999977405,0.967371012,0.967378544,1.,
0.999992466,0.999984935,0.999977405,0.967371012,0.967378544,1.,0.999992466,0.999984935,0.999977405,0.967371012,0.967378544,1.,0.999992466,0.999984935,0.999977405,0.967371012,0.967378544,1.,0.999992466,0.999984935,0.999977405,0.967371012,0.967378544,1.,0.999992466,
0.999984935,0.999977405,0.967371012,0.967378544,1.,0.999992466,0.999984935,0.999977405,0.967371012,0.967378544,1.,0.999992466,0.999984935,0.999977405,0.967371012,0.967378544,1.,0.999992466,0.999984935,0.999977405,0.967371012,0.967378544,1.,0.999992466,0.999984935,
0.999977405,0.967371012,0.967378544,1.,0.999992466,0.999984935,0.999977405,0.967371012,0.967378544,1.,0.999992466,0.999984935,0.999977405,0.967371012,0.967378544,1.,0.999992466,0.999984935,0.999977405,0.967371012,0.967378544,1.,0.999992466,0.999984935,0.999977405,
0.967371012,0.967378544,1.,0.999992466,0.999984935,0.999977405,0.967371012,0.967378544,1.,0.999992466,0.999984935,0.999977405,0.967371012,0.967378544,1.,0.999992466,0.999984935,0.999977405,0.967371012,0.967378544,1.,0.999992466,0.999984935,0.999977405,0.967371012,
0.967378544,1.,0.999992466,0.999984935,0.999977405,0.967371012,0.967378544,1.,0.999992466,0.999984935,0.999977405,0.967371012,0.967378544,1.,0.999992466,0.999984935,0.999977405,0.967371012,0.967378544,1.,0.999992466,0.999984935,0.999977405,0.967371012,0.967378544,
1.,0.999992466,0.999984935,0.999977405,0.967371012,0.967378544,1.,0.999992466,0.999984935,0.999977405,0.967371012,0.967378544,1.,0.999992466,0.999984935,0.999977405,0.967371012,0.967378544,1.,0.999992466,0.999984935,0.999977405,0.967371012,0.967378544,1.,
0.999992466,0.999984935,0.999977405,0.967371012,0.967378544,1.,0.999992466,0.999984935,0.999977405,0.967371012,0.967378544,1.,0.999992466,0.999984935,0.999977405,0.967371012,0.967378544,1.,0.999992466,0.999984935,0.999977405,0.967371012,0.967378544,1.,0.999992466,
0.999984935,0.999977405,0.967371012,0.967378544,1.,0.999992466,0.999984935,0.999977405,0.967371012,0.967378544,1.,0.999992466,0.999984935,0.999977405,0.967371012,0.967378544,1.,0.999992466,0.999984935,0.999977405,0.967371012,0.967378544,1.,0.999992466,0.999984935,
0.999977405,0.967371012,0.967378544,1.,0.999992466,0.999984935,0.999977405,0.967371012,0.967378544,1.,0.999992466,0.999984935,0.999977405,0.967371012,0.967378544,1.,0.999992466,0.999984935,0.999977405,0.967371012,0.967378544,1.,0.999992466,0.999984935,0.999977405,
0.967371012,0.967378544,1.,0.999992466,0.999984935,0.999977405,0.967371012,0.967378544,1.,0.999992466,0.999984935,0.999977405,0.967371012,0.967378544,1.,0.999992466,0.999984935,0.999977405,0.967371012,0.967378544,1.,0.999992466,0.999984935,0.999977405,0.967371012,
0.967378544,1.,0.999992466,0.999984935,0.999977405,0.967371012,0.967378544,1.,0.999992466,0.999984935,0.999977405,0.967371012,0.967378544,1.,0.999992466,0.999984935,0.999977405,0.967371012,0.967378544,1.,0.999992466,0.999984935,0.999977405,0.967371012,0.967378544,
1.,0.999992466,0.999984935,0.999977405,0.967371012,0.967378544,1.,0.999992466,0.999984935,0.999977405,0.967371012,0.967378544,1.,0.999992466,0.999984935,0.999977405,0.967371012,0.967378544,1.,0.999992466,0.999984935,0.999977405,0.967371012,0.967378544,1.,
0.999992466,0.999984935,0.999977405,0.967371012,0.967378544,1.,0.999992466,0.999984935,0.999977405,0.967371012,0.967378544,1.,0.999992466,0.999984935,0.999977405,0.967371012,0.967378544,1.,0.999992466,0.999984935,0.999977405,0.967371012,0.967378544,1.,0.999992466,
0.999984935,0.999977405,0.967371012,0.967378544,1.,0.999992466,0.999984935,0.999977405,0.967371012,0.967378544,1.,0.999992466,0.999984935,0.999977405,0.967371012,0.967378544,1.,0.999992466,0.999984935,0.999977405,0.967371012,0.967378544,1.,0.999992466,0.999984935,
0.999977405,0.967371012,0.967378544,1.,0.999992466,0.999984935,0.999977405,0.967371012,0.967378544,1.,0.999992466,0.999984935,0.999977405,0.967371012,0.967378544,1.,0.999992466,0.999984935,0.999977405,0.978261307,0.971011632,0.978228378,0.978228378,0.978228378,0.978228378),(0.974978021,0.975954426,0.984072863,0.999333333,0.999325805,0.999318278,0.999310753,0.966726098,0.966733625,0.999333333,0.999325805,0.999318278,0.999310753,0.966726098,0.966733625,0.999333333,0.999325805,0.999318278,0.999310753,0.966726098,0.966733625,0.999333333,0.999325805,0.999318278,0.999310753,0.966726098,
0.966733625,0.999333333,0.999325805,0.999318278,0.999310753,0.966726098,0.966733625,0.999333333,0.999325805,0.999318278,0.999310753,0.966726098,0.966733625,0.999333333,0.999325805,0.999318278,0.999310753,0.966726098,0.966733625,0.999333333,0.999325805,0.999318278,0.999310753,0.966726098,0.966733625,
0.999333333,0.999325805,0.999318278,0.999310753,0.966726098,0.966733625,0.999333333,0.999325805,0.999318278,0.999310753,0.966726098,0.966733625,0.999333333,0.999325805,0.999318278,0.999310753,0.966726098,0.966733625,0.999333333,0.999325805,0.999318278,0.999310753,0.966726098,0.966733625,0.999333333,
0.999325805,0.999318278,0.999310753,0.966726098,0.966733625,0.999333333,0.999325805,0.999318278,0.999310753,0.966726098,0.966733625,0.999333333,0.999325805,0.999318278,0.999310753,0.966726098,0.966733625,0.999333333,0.999325805,0.999318278,0.999310753,0.966726098,0.966733625,0.999333333,0.999325805,
0.999318278,0.999310753,0.966726098,0.966733625,0.999333333,0.999325805,0.999318278,0.999310753,0.966726098,0.966733625,0.999333333,0.999325805,0.999318278,0.999310753,0.966726098,0.966733625,0.999333333,0.999325805,0.999318278,0.999310753,0.966726098,0.966733625,0.999333333,0.999325805,0.999318278,
0.999310753,0.966726098,0.966733625,0.999333333,0.999325805,0.999318278,0.999310753,0.966726098,0.966733625,0.999333333,0.999325805,0.999318278,0.999310753,0.966726098,0.966733625,0.999333333,0.999325805,0.999318278,0.999310753,0.966726098,0.966733625,0.999333333,0.999325805,0.999318278,0.999310753,
0.966726098,0.966733625,0.999333333,0.999325805,0.999318278,0.999310753,0.966726098,0.966733625,0.999333333,0.999325805,0.999318278,0.999310753,0.966726098,0.966733625,0.999333333,0.999325805,0.999318278,0.999310753,0.966726098,0.966733625,0.999333333,0.999325805,0.999318278,0.999310753,0.966726098,
0.966733625,0.999333333,0.999325805,0.999318278,0.999310753,0.966726098,0.966733625,0.999333333,0.999325805,0.999318278,0.999310753,0.966726098,0.966733625,0.999333333,0.999325805,0.999318278,0.999310753,0.966726098,0.966733625,0.999333333,0.999325805,0.999318278,0.999310753,0.966726098,0.966733625,
0.999333333,0.999325805,0.999318278,0.999310753,0.966726098,0.966733625,0.999333333,0.999325805,0.999318278,0.999310753,0.966726098,0.966733625,0.999333333,0.999325805,0.999318278,0.999310753,0.966726098,0.966733625,0.999333333,0.999325805,0.999318278,0.999310753,0.966726098,0.966733625,0.999333333,
0.999325805,0.999318278,0.999310753,0.966726098,0.966733625,0.999333333,0.999325805,0.999318278,0.999310753,0.966726098,0.966733625,0.999333333,0.999325805,0.999318278,0.999310753,0.966726098,0.966733625,0.999333333,0.999325805,0.999318278,0.999310753,0.966726098,0.966733625,0.999333333,0.999325805,
0.999318278,0.999310753,0.966726098,0.966733625,0.999333333,0.999325805,0.999318278,0.999310753,0.966726098,0.966733625,0.999333333,0.999325805,0.999318278,0.999310753,0.966726098,0.966733625,0.999333333,0.999325805,0.999318278,0.999310753,0.966726098,0.966733625,0.999333333,0.999325805,0.999318278,
0.999310753,0.966726098,0.966733625,0.999333333,0.999325805,0.999318278,0.999310753,0.966726098,0.966733625,0.999333333,0.999325805,0.999318278,0.999310753,0.966726098,0.966733625,0.999333333,0.999325805,0.999318278,0.999310753,0.966726098,0.966733625,0.999333333,0.999325805,0.999318278,0.999310753,
0.966726098,0.966733625,0.999333333,0.999325805,0.999318278,0.999310753,0.966726098,0.966733625,0.999333333,0.999325805,0.999318278,0.999310753,0.966726098,0.966733625,0.999333333,0.999325805,0.999318278,0.999310753,0.966726098,0.966733625,0.999333333,0.999325805,0.999318278,0.999310753,0.966726098,
0.966733625,0.999333333,0.999325805,0.999318278,0.999310753,0.966726098,0.966733625,0.999333333,0.999325805,0.999318278,0.999310753,0.966726098,0.966733625,0.999333333,0.999325805,0.999318278,0.999310753,0.966726098,0.966733625,0.999333333,0.999325805,0.999318278,0.999310753,0.966726098,0.966733625,
0.999333333,0.999325805,0.999318278,0.999310753,0.966726098,0.966733625,0.999333333,0.999325805,0.999318278,0.999310753,0.966726098,0.966733625,0.999333333,0.999325805,0.999318278,0.999310753,0.966726098,0.966733625,0.999333333,0.999325805,0.999318278,0.999310753,0.966726098,0.966733625,0.999333333,
0.999325805,0.999318278,0.999310753,0.966726098,0.966733625,0.999333333,0.999325805,0.999318278,0.999310753,0.966726098,0.966733625,0.999333333,0.999325805,0.999318278,0.999310753,0.966726098,0.966733625,0.999333333,0.999325805,0.999318278,0.999310753,0.966726098,0.966733625,0.999333333,0.999325805,
0.999318278,0.999310753,0.966726098,0.966733625,0.999333333,0.999325805,0.999318278,0.999310753,0.966726098,0.966733625,0.999333333,0.999325805,0.999318278,0.999310753,0.966726098,0.966733625,0.999333333,0.999325805,0.999318278,0.999310753,0.966726098,0.966733625,0.999333333,0.999325805,0.999318278,
0.999310753,0.966726098,0.966733625,0.999333333,0.999325805,0.999318278,0.999310753,0.966726098,0.966733625,0.999333333,0.999325805,0.999318278,0.999310753,0.966726098,0.966733625,0.999333333,0.999325805,0.999318278,0.999310753,0.966726098,0.966733625,0.999333333,0.999325805,0.999318278,0.999310753,
0.966726098,0.966733625,0.999333333,0.999325805,0.999318278,0.999310753,0.966726098,0.966733625,0.999333333,0.999325805,0.999318278,0.999310753,0.966726098,0.966733625,0.999333333,0.999325805,0.999318278,0.999310753,0.966726098,0.966733625,0.999333333,0.999325805,0.999318278,0.999310753,0.966726098,
0.966733625,0.999333333,0.999325805,0.999318278,0.999310753,0.966726098,0.966733625,0.999333333,0.999325805,0.999318278,0.999310753,0.966726098,0.966733625,0.999333333,0.999325805,0.999318278,0.999310753,0.966726098,0.966733625,0.999333333,0.999325805,0.999318278,0.999310753,0.966726098,0.966733625,
0.999333333,0.999325805,0.999318278,0.999310753,0.966726098,0.966733625,0.999333333,0.999325805,0.999318278,0.999310753,0.966726098,0.966733625,0.999333333,0.999325805,0.999318278,0.999310753,0.966726098,0.966733625,0.999333333,0.999325805,0.999318278,0.999310753,0.966726098,0.966733625,0.999333333,
0.999325805,0.999318278,0.999310753,0.966726098,0.966733625,0.999333333,0.999325805,0.999318278,0.999310753,0.966726098,0.966733625,0.999333333,0.999325805,0.999318278,0.999310753,0.966726098,0.966733625,0.999333333,0.999325805,0.999318278,0.999310753,0.966726098,0.966733625,0.999333333,0.999325805,
0.999318278,0.999310753,0.966726098,0.966733625,0.999333333,0.999325805,0.999318278,0.999310753,0.966726098,0.966733625,0.999333333,0.999325805,0.999318278,0.999310753,0.966726098,0.966733625,0.999333333,0.999325805,0.999318278,0.999310753,0.966726098,0.966733625,0.999333333,0.999325805,0.999318278,
0.999310753,0.966726098,0.966733625,0.999333333,0.999325805,0.999318278,0.999310753,0.966726098,0.966733625,0.999333333,0.999325805,0.999318278,0.999310753,0.966726098,0.966733625,0.999333333,0.999325805,0.999318278,0.999310753,0.966726098,0.966733625,0.999333333,0.999325805,0.999318278,0.999310753,
0.966726098,0.966733625,0.999333333,0.999325805,0.999318278,0.999310753,0.966726098,0.966733625,0.999333333,0.999325805,0.999318278,0.999310753,0.966726098,0.966733625,0.999333333,0.999325805,0.999318278,0.999310753,0.966726098,0.966733625,0.999333333,0.999325805,0.999318278,0.999310753,0.966726098,
0.966733625,0.999333333,0.999325805,0.999318278,0.999310753,0.966726098,0.966733625,0.999333333,0.999325805,0.999318278,0.999310753,0.966726098,0.966733625,0.999333333,0.999325805,0.999318278,0.999310753,0.966726098,0.966733625,0.999333333,0.999325805,0.999318278,0.999310753,0.966726098,0.966733625,
0.999333333,0.999325805,0.999318278,0.999310753,0.966726098,0.966733625,0.999333333,0.999325805,0.999318278,0.999310753,0.966726098,0.966733625,0.999333333,0.999325805,0.999318278,0.999310753,0.966726098,0.966733625,0.999333333,0.999325805,0.999318278,0.999310753,0.966726098,0.966733625,0.999333333,
0.999325805,0.999318278,0.999310753,0.966726098,0.966733625,0.999333333,0.999325805,0.999318278,0.999310753,0.966726098,0.966733625,0.999333333,0.999325805,0.999318278,0.999310753,0.966726098,0.966733625,0.999333333,0.999325805,0.999318278,0.999310753,0.966726098,0.966733625,0.999333333,0.999325805,
0.999318278,0.999310753,0.966726098,0.966733625,0.999333333,0.999325805,0.999318278,0.999310753,0.966726098,0.966733625,0.999333333,0.999325805,0.999318278,0.999310753,0.966726098,0.966733625,0.999333333,0.999325805,0.999318278,0.999310753,0.966726098,0.966733625,0.999333333,0.999325805,0.999318278,
0.999310753,0.966726098,0.966733625,0.999333333,0.999325805,0.999318278,0.999310753,0.966726098,0.966733625,0.999333333,0.999325805,0.999318278,0.999310753,0.966726098,0.966733625,0.999333333,0.999325805,0.999318278,0.999310753,0.977609133,0.970364291,0.977576226,0.977576226,0.977576226,0.977576226),(0.974328253,0.975304006,0.983417033,0.998667333,0.99865981,0.998652288,0.998644768,0.966081829,0.966089351,0.998667333,0.99865981,0.998652288,0.998644768,0.966081829,0.966089351,0.998667333,0.99865981,0.998652288,0.998644768,0.966081829,0.966089351,0.998667333,0.99865981,0.998652288,0.998644768,0.966081829,
0.966089351,0.998667333,0.99865981,0.998652288,0.998644768,0.966081829,0.966089351,0.998667333,0.99865981,0.998652288,0.998644768,0.966081829,0.966089351,0.998667333,0.99865981,0.998652288,0.998644768,0.966081829,0.966089351,0.998667333,0.99865981,0.998652288,0.998644768,0.966081829,0.966089351,
0.998667333,0.99865981,0.998652288,0.998644768,0.966081829,0.966089351,0.998667333,0.99865981,0.998652288,0.998644768,0.966081829,0.966089351,0.998667333,0.99865981,0.998652288,0.998644768,0.966081829,0.966089351,0.998667333,0.99865981,0.998652288,0.998644768,0.966081829,0.966089351,0.998667333,
0.99865981,0.998652288,0.998644768,0.966081829,0.966089351,0.998667333,0.99865981,0.998652288,0.998644768,0.966081829,0.966089351,0.998667333,0.99865981,0.998652288,0.998644768,0.966081829,0.966089351,0.998667333,0.99865981,0.998652288,0.998644768,0.966081829,0.966089351,0.998667333,0.99865981,
0.998652288,0.998644768,0.966081829,0.966089351,0.998667333,0.99865981,0.998652288,0.998644768,0.966081829,0.966089351,0.998667333,0.99865981,0.998652288,0.998644768,0.966081829,0.966089351,0.998667333,0.99865981,0.998652288,0.998644768,0.966081829,0.966089351,0.998667333,0.99865981,0.998652288,
0.998644768,0.966081829,0.966089351,0.998667333,0.99865981,0.998652288,0.998644768,0.966081829,0.966089351,0.998667333,0.99865981,0.998652288,0.998644768,0.966081829,0.966089351,0.998667333,0.99865981,0.998652288,0.998644768,0.966081829,0.966089351,0.998667333,0.99865981,0.998652288,0.998644768,
0.966081829,0.966089351,0.998667333,0.99865981,0.998652288,0.998644768,0.966081829,0.966089351,0.998667333,0.99865981,0.998652288,0.998644768,0.966081829,0.966089351,0.998667333,0.99865981,0.998652288,0.998644768,0.966081829,0.966089351,0.998667333,0.99865981,0.998652288,0.998644768,0.966081829,
0.966089351,0.998667333,0.99865981,0.998652288,0.998644768,0.966081829,0.966089351,0.998667333,0.99865981,0.998652288,0.998644768,0.966081829,0.966089351,0.998667333,0.99865981,0.998652288,0.998644768,0.966081829,0.966089351,0.998667333,0.99865981,0.998652288,0.998644768,0.966081829,0.966089351,
0.998667333,0.99865981,0.998652288,0.998644768,0.966081829,0.966089351,0.998667333,0.99865981,0.998652288,0.998644768,0.966081829,0.966089351,0.998667333,0.99865981,0.998652288,0.998644768,0.966081829,0.966089351,0.998667333,0.99865981,0.998652288,0.998644768,0.966081829,0.966089351,0.998667333,
0.99865981,0.998652288,0.998644768,0.966081829,0.966089351,0.998667333,0.99865981,0.998652288,0.998644768,0.966081829,0.966089351,0.998667333,0.99865981,0.998652288,0.998644768,0.966081829,0.966089351,0.998667333,0.99865981,0.998652288,0.998644768,0.966081829,0.966089351,0.998667333,0.99865981,
0.998652288,0.998644768,0.966081829,0.966089351,0.998667333,0.99865981,0.998652288,0.998644768,0.966081829,0.966089351,0.998667333,0.99865981,0.998652288,0.998644768,0.966081829,0.966089351,0.998667333,0.99865981,0.998652288,0.998644768,0.966081829,0.966089351,0.998667333,0.99865981,0.998652288,
0.998644768,0.966081829,0.966089351,0.998667333,0.99865981,0.998652288,0.998644768,0.966081829,0.966089351,0.998667333,0.99865981,0.998652288,0.998644768,0.966081829,0.966089351,0.998667333,0.99865981,0.998652288,0.998644768,0.966081829,0.966089351,0.998667333,0.99865981,0.998652288,0.998644768,
0.966081829,0.966089351,0.998667333,0.99865981,0.998652288,0.998644768,0.966081829,0.966089351,0.998667333,0.99865981,0.998652288,0.998644768,0.966081829,0.966089351,0.998667333,0.99865981,0.998652288,0.998644768,0.966081829,0.966089351,0.998667333,0.99865981,0.998652288,0.998644768,0.966081829,
0.966089351,0.998667333,0.99865981,0.998652288,0.998644768,0.966081829,0.966089351,0.998667333,0.99865981,0.998652288,0.998644768,0.966081829,0.966089351,0.998667333,0.99865981,0.998652288,0.998644768,0.966081829,0.966089351,0.998667333,0.99865981,0.998652288,0.998644768,0.966081829,0.966089351,
0.998667333,0.99865981,0.998652288,0.998644768,0.966081829,0.966089351,0.998667333,0.99865981,0.998652288,0.998644768,0.966081829,0.966089351,0.998667333,0.99865981,0.998652288,0.998644768,0.966081829,0.966089351,0.998667333,0.99865981,0.998652288,0.998644768,0.966081829,0.966089351,0.998667333,
0.99865981,0.998652288,0.998644768,0.966081829,0.966089351,0.998667333,0.99865981,0.998652288,0.998644768,0.966081829,0.966089351,0.998667333,0.99865981,0.998652288,0.998644768,0.966081829,0.966089351,0.998667333,0.99865981,0.998652288,0.998644768,0.966081829,0.966089351,0.998667333,0.99865981,
0.998652288,0.998644768,0.966081829,0.966089351,0.998667333,0.99865981,0.998652288,0.998644768,0.966081829,0.966089351,0.998667333,0.99865981,0.998652288,0.998644768,0.966081829,0.966089351,0.998667333,0.99865981,0.998652288,0.998644768,0.966081829,0.966089351,0.998667333,0.99865981,0.998652288,
0.998644768,0.966081829,0.966089351,0.998667333,0.99865981,0.998652288,0.998644768,0.966081829,0.966089351,0.998667333,0.99865981,0.998652288,0.998644768,0.966081829,0.966089351,0.998667333,0.99865981,0.998652288,0.998644768,0.966081829,0.966089351,0.998667333,0.99865981,0.998652288,0.998644768,
0.966081829,0.966089351,0.998667333,0.99865981,0.998652288,0.998644768,0.966081829,0.966089351,0.998667333,0.99865981,0.998652288,0.998644768,0.966081829,0.966089351,0.998667333,0.99865981,0.998652288,0.998644768,0.966081829,0.966089351,0.998667333,0.99865981,0.998652288,0.998644768,0.966081829,
0.966089351,0.998667333,0.99865981,0.998652288,0.998644768,0.966081829,0.966089351,0.998667333,0.99865981,0.998652288,0.998644768,0.966081829,0.966089351,0.998667333,0.99865981,0.998652288,0.998644768,0.966081829,0.966089351,0.998667333,0.99865981,0.998652288,0.998644768,0.966081829,0.966089351,
0.998667333,0.99865981,0.998652288,0.998644768,0.966081829,0.966089351,0.998667333,0.99865981,0.998652288,0.998644768,0.966081829,0.966089351,0.998667333,0.99865981,0.998652288,0.998644768,0.966081829,0.966089351,0.998667333,0.99865981,0.998652288,0.998644768,0.966081829,0.966089351,0.998667333,
0.99865981,0.998652288,0.998644768,0.966081829,0.966089351,0.998667333,0.99865981,0.998652288,0.998644768,0.966081829,0.966089351,0.998667333,0.99865981,0.998652288,0.998644768,0.966081829,0.966089351,0.998667333,0.99865981,0.998652288,0.998644768,0.966081829,0.966089351,0.998667333,0.99865981,
0.998652288,0.998644768,0.966081829,0.966089351,0.998667333,0.99865981,0.998652288,0.998644768,0.966081829,0.966089351,0.998667333,0.99865981,0.998652288,0.998644768,0.966081829,0.966089351,0.998667333,0.99865981,0.998652288,0.998644768,0.966081829,0.966089351,0.998667333,0.99865981,0.998652288,
0.998644768,0.966081829,0.966089351,0.998667333,0.99865981,0.998652288,0.998644768,0.966081829,0.966089351,0.998667333,0.99865981,0.998652288,0.998644768,0.966081829,0.966089351,0.998667333,0.99865981,0.998652288,0.998644768,0.966081829,0.966089351,0.998667333,0.99865981,0.998652288,0.998644768,
0.966081829,0.966089351,0.998667333,0.99865981,0.998652288,0.998644768,0.966081829,0.966089351,0.998667333,0.99865981,0.998652288,0.998644768,0.966081829,0.966089351,0.998667333,0.99865981,0.998652288,0.998644768,0.966081829,0.966089351,0.998667333,0.99865981,0.998652288,0.998644768,0.966081829,
0.966089351,0.998667333,0.99865981,0.998652288,0.998644768,0.966081829,0.966089351,0.998667333,0.99865981,0.998652288,0.998644768,0.966081829,0.966089351,0.998667333,0.99865981,0.998652288,0.998644768,0.966081829,0.966089351,0.998667333,0.99865981,0.998652288,0.998644768,0.966081829,0.966089351,
0.998667333,0.99865981,0.998652288,0.998644768,0.966081829,0.966089351,0.998667333,0.99865981,0.998652288,0.998644768,0.966081829,0.966089351,0.998667333,0.99865981,0.998652288,0.998644768,0.966081829,0.966089351,0.998667333,0.99865981,0.998652288,0.998644768,0.966081829,0.966089351,0.998667333,
0.99865981,0.998652288,0.998644768,0.966081829,0.966089351,0.998667333,0.99865981,0.998652288,0.998644768,0.966081829,0.966089351,0.998667333,0.99865981,0.998652288,0.998644768,0.966081829,0.966089351,0.998667333,0.99865981,0.998652288,0.998644768,0.966081829,0.966089351,0.998667333,0.99865981,
0.998652288,0.998644768,0.966081829,0.966089351,0.998667333,0.99865981,0.998652288,0.998644768,0.966081829,0.966089351,0.998667333,0.99865981,0.998652288,0.998644768,0.966081829,0.966089351,0.998667333,0.99865981,0.998652288,0.998644768,0.966081829,0.966089351,0.998667333,0.99865981,0.998652288,
0.998644768,0.966081829,0.966089351,0.998667333,0.99865981,0.998652288,0.998644768,0.966081829,0.966089351,0.998667333,0.99865981,0.998652288,0.998644768,0.966081829,0.966089351,0.998667333,0.99865981,0.998652288,0.998644768,0.976957611,0.969717597,0.976924726,0.976924726,0.976924726,0.976924726),(0.973679134,0.974654238,0.98276186,0.998002,0.997994482,0.997986965,0.99797945,0.965438205,0.965445722,0.998002,0.997994482,0.997986965,0.99797945,0.965438205,0.965445722,0.998002,0.997994482,0.997986965,0.99797945,0.965438205,0.965445722,0.998002,0.997994482,0.997986965,0.99797945,0.965438205,
0.965445722,0.998002,0.997994482,0.997986965,0.99797945,0.965438205,0.965445722,0.998002,0.997994482,0.997986965,0.99797945,0.965438205,0.965445722,0.998002,0.997994482,0.997986965,0.99797945,0.965438205,0.965445722,0.998002,0.997994482,0.997986965,0.99797945,0.965438205,0.965445722,
0.998002,0.997994482,0.997986965,0.99797945,0.965438205,0.965445722,0.998002,0.997994482,0.997986965,0.99797945,0.965438205,0.965445722,0.998002,0.997994482,0.997986965,0.99797945,0.965438205,0.965445722,0.998002,0.997994482,0.997986965,0.99797945,0.965438205,0.965445722,0.998002,
0.997994482,0.997986965,0.99797945,0.965438205,0.965445722,0.998002,0.997994482,0.997986965,0.99797945,0.965438205,0.965445722,0.998002,0.997994482,0.997986965,0.99797945,0.965438205,0.965445722,0.998002,0.997994482,0.997986965,0.99797945,0.965438205,0.965445722,0.998002,0.997994482,
0.997986965,0.99797945,0.965438205,0.965445722,0.998002,0.997994482,0.997986965,0.99797945,0.965438205,0.965445722,0.998002,0.997994482,0.997986965,0.99797945,0.965438205,0.965445722,0.998002,0.997994482,0.997986965,0.99797945,0.965438205,0.965445722,0.998002,0.997994482,0.997986965,
0.99797945,0.965438205,0.965445722,0.998002,0.997994482,0.997986965,0.99797945,0.965438205,0.965445722,0.998002,0.997994482,0.997986965,0.99797945,0.965438205,0.965445722,0.998002,0.997994482,0.997986965,0.99797945,0.965438205,0.965445722,0.998002,0.997994482,0.997986965,0.99797945,
0.965438205,0.965445722,0.998002,0.997994482,0.997986965,0.99797945,0.965438205,0.965445722,0.998002,0.997994482,0.997986965,0.99797945,0.965438205,0.965445722,0.998002,0.997994482,0.997986965,0.99797945,0.965438205,0.965445722,0.998002,0.997994482,0.997986965,0.99797945,0.965438205,
0.965445722,0.998002,0.997994482,0.997986965,0.99797945,0.965438205,0.965445722,0.998002,0.997994482,0.997986965,0.99797945,0.965438205,0.965445722,0.998002,0.997994482,0.997986965,0.99797945,0.965438205,0.965445722,0.998002,0.997994482,0.997986965,0.99797945,0.965438205,0.965445722,
0.998002,0.997994482,0.997986965,0.99797945,0.965438205,0.965445722,0.998002,0.997994482,0.997986965,0.99797945,0.965438205,0.965445722,0.998002,0.997994482,0.997986965,0.99797945,0.965438205,0.965445722,0.998002,0.997994482,0.997986965,0.99797945,0.965438205,0.965445722,0.998002,
0.997994482,0.997986965,0.99797945,0.965438205,0.965445722,0.998002,0.997994482,0.997986965,0.99797945,0.965438205,0.965445722,0.998002,0.997994482,0.997986965,0.99797945,0.965438205,0.965445722,0.998002,0.997994482,0.997986965,0.99797945,0.965438205,0.965445722,0.998002,0.997994482,
0.997986965,0.99797945,0.965438205,0.965445722,0.998002,0.997994482,0.997986965,0.99797945,0.965438205,0.965445722,0.998002,0.997994482,0.997986965,0.99797945,0.965438205,0.965445722,0.998002,0.997994482,0.997986965,0.99797945,0.965438205,0.965445722,0.998002,0.997994482,0.997986965,
0.99797945,0.965438205,0.965445722,0.998002,0.997994482,0.997986965,0.99797945,0.965438205,0.965445722,0.998002,0.997994482,0.997986965,0.99797945,0.965438205,0.965445722,0.998002,0.997994482,0.997986965,0.99797945,0.965438205,0.965445722,0.998002,0.997994482,0.997986965,0.99797945,
0.965438205,0.965445722,0.998002,0.997994482,0.997986965,0.99797945,0.965438205,0.965445722,0.998002,0.997994482,0.997986965,0.99797945,0.965438205,0.965445722,0.998002,0.997994482,0.997986965,0.99797945,0.965438205,0.965445722,0.998002,0.997994482,0.997986965,0.99797945,0.965438205,
0.965445722,0.998002,0.997994482,0.997986965,0.99797945,0.965438205,0.965445722,0.998002,0.997994482,0.997986965,0.99797945,0.965438205,0.965445722,0.998002,0.997994482,0.997986965,0.99797945,0.965438205,0.965445722,0.998002,0.997994482,0.997986965,0.99797945,0.965438205,0.965445722,
0.998002,0.997994482,0.997986965,0.99797945,0.965438205,0.965445722,0.998002,0.997994482,0.997986965,0.99797945,0.965438205,0.965445722,0.998002,0.997994482,0.997986965,0.99797945,0.965438205,0.965445722,0.998002,0.997994482,0.997986965,0.99797945,0.965438205,0.965445722,0.998002,
0.997994482,0.997986965,0.99797945,0.965438205,0.965445722,0.998002,0.997994482,0.997986965,0.99797945,0.965438205,0.965445722,0.998002,0.997994482,0.997986965,0.99797945,0.965438205,0.965445722,0.998002,0.997994482,0.997986965,0.99797945,0.965438205,0.965445722,0.998002,0.997994482,
0.997986965,0.99797945,0.965438205,0.965445722,0.998002,0.997994482,0.997986965,0.99797945,0.965438205,0.965445722,0.998002,0.997994482,0.997986965,0.99797945,0.965438205,0.965445722,0.998002,0.997994482,0.997986965,0.99797945,0.965438205,0.965445722,0.998002,0.997994482,0.997986965,
0.99797945,0.965438205,0.965445722,0.998002,0.997994482,0.997986965,0.99797945,0.965438205,0.965445722,0.998002,0.997994482,0.997986965,0.99797945,0.965438205,0.965445722,0.998002,0.997994482,0.997986965,0.99797945,0.965438205,0.965445722,0.998002,0.997994482,0.997986965,0.99797945,
0.965438205,0.965445722,0.998002,0.997994482,0.997986965,0.99797945,0.965438205,0.965445722,0.998002,0.997994482,0.997986965,0.99797945,0.965438205,0.965445722,0.998002,0.997994482,0.997986965,0.99797945,0.965438205,0.965445722,0.998002,0.997994482,0.997986965,0.99797945,0.965438205,
0.965445722,0.998002,0.997994482,0.997986965,0.99797945,0.965438205,0.965445722,0.998002,0.997994482,0.997986965,0.99797945,0.965438205,0.965445722,0.998002,0.997994482,0.997986965,0.99797945,0.965438205,0.965445722,0.998002,0.997994482,0.997986965,0.99797945,0.965438205,0.965445722,
0.998002,0.997994482,0.997986965,0.99797945,0.965438205,0.965445722,0.998002,0.997994482,0.997986965,0.99797945,0.965438205,0.965445722,0.998002,0.997994482,0.997986965,0.99797945,0.965438205,0.965445722,0.998002,0.997994482,0.997986965,0.99797945,0.965438205,0.965445722,0.998002,
0.997994482,0.997986965,0.99797945,0.965438205,0.965445722,0.998002,0.997994482,0.997986965,0.99797945,0.965438205,0.965445722,0.998002,0.997994482,0.997986965,0.99797945,0.965438205,0.965445722,0.998002,0.997994482,0.997986965,0.99797945,0.965438205,0.965445722,0.998002,0.997994482,
0.997986965,0.99797945,0.965438205,0.965445722,0.998002,0.997994482,0.997986965,0.99797945,0.965438205,0.965445722,0.998002,0.997994482,0.997986965,0.99797945,0.965438205,0.965445722,0.998002,0.997994482,0.997986965,0.99797945,0.965438205,0.965445722,0.998002,0.997994482,0.997986965,
0.99797945,0.965438205,0.965445722,0.998002,0.997994482,0.997986965,0.99797945,0.965438205,0.965445722,0.998002,0.997994482,0.997986965,0.99797945,0.965438205,0.965445722,0.998002,0.997994482,0.997986965,0.99797945,0.965438205,0.965445722,0.998002,0.997994482,0.997986965,0.99797945,
0.965438205,0.965445722,0.998002,0.997994482,0.997986965,0.99797945,0.965438205,0.965445722,0.998002,0.997994482,0.997986965,0.99797945,0.965438205,0.965445722,0.998002,0.997994482,0.997986965,0.99797945,0.965438205,0.965445722,0.998002,0.997994482,0.997986965,0.99797945,0.965438205,
0.965445722,0.998002,0.997994482,0.997986965,0.99797945,0.965438205,0.965445722,0.998002,0.997994482,0.997986965,0.99797945,0.965438205,0.965445722,0.998002,0.997994482,0.997986965,0.99797945,0.965438205,0.965445722,0.998002,0.997994482,0.997986965,0.99797945,0.965438205,0.965445722,
0.998002,0.997994482,0.997986965,0.99797945,0.965438205,0.965445722,0.998002,0.997994482,0.997986965,0.99797945,0.965438205,0.965445722,0.998002,0.997994482,0.997986965,0.99797945,0.965438205,0.965445722,0.998002,0.997994482,0.997986965,0.99797945,0.965438205,0.965445722,0.998002,
0.997994482,0.997986965,0.99797945,0.965438205,0.965445722,0.998002,0.997994482,0.997986965,0.99797945,0.965438205,0.965445722,0.998002,0.997994482,0.997986965,0.99797945,0.965438205,0.965445722,0.998002,0.997994482,0.997986965,0.99797945,0.965438205,0.965445722,0.998002,0.997994482,
0.997986965,0.99797945,0.965438205,0.965445722,0.998002,0.997994482,0.997986965,0.99797945,0.965438205,0.965445722,0.998002,0.997994482,0.997986965,0.99797945,0.965438205,0.965445722,0.998002,0.997994482,0.997986965,0.99797945,0.965438205,0.965445722,0.998002,0.997994482,0.997986965,
0.99797945,0.965438205,0.965445722,0.998002,0.997994482,0.997986965,0.99797945,0.965438205,0.965445722,0.998002,0.997994482,0.997986965,0.99797945,0.965438205,0.965445722,0.998002,0.997994482,0.997986965,0.99797945,0.976306741,0.969071551,0.976273878,0.976273878,0.976273878,0.976273878),(0.32521013,0.325535816,0.328243773,0.333334,0.333331488,0.333328978,0.333326468,0.322457649,0.32246016,0.333334,0.333331488,0.333328978,0.333326468,0.322457649,0.32246016,0.333334,0.333331488,0.333328978,0.333326468,0.322457649,0.32246016,0.333334,0.333331488,0.333328978,0.333326468,0.322457649,
0.32246016,0.333334,0.333331488,0.333328978,0.333326468,0.322457649,0.32246016,0.333334,0.333331488,0.333328978,0.333326468,0.322457649,0.32246016,0.333334,0.333331488,0.333328978,0.333326468,0.322457649,0.32246016,0.333334,0.333331488,0.333328978,0.333326468,0.322457649,0.32246016,
0.333334,0.333331488,0.333328978,0.333326468,0.322457649,0.32246016,0.333334,0.333331488,0.333328978,0.333326468,0.322457649,0.32246016,0.333334,0.333331488,0.333328978,0.333326468,0.322457649,0.32246016,0.333334,0.333331488,0.333328978,0.333326468,0.322457649,0.32246016,0.333334,
0.333331488,0.333328978,0.333326468,0.322457649,0.32246016,0.333334,0.333331488,0.333328978,0.333326468,0.322457649,0.32246016,0.333334,0.333331488,0.333328978,0.333326468,0.322457649,0.32246016,0.333334,0.333331488,0.333328978,0.333326468,0.322457649,0.32246016,0.333334,0.333331488,
0.333328978,0.333326468,0.322457649,0.32246016,0.333334,0.333331488,0.333328978,0.333326468,0.322457649,0.32246016,0.333334,0.333331488,0.333328978,0.333326468,0.322457649,0.32246016,0.333334,0.333331488,0.333328978,0.333326468,0.322457649,0.32246016,0.333334,0.333331488,0.333328978,
0.333326468,0.322457649,0.32246016,0.333334,0.333331488,0.333328978,0.333326468,0.322457649,0.32246016,0.333334,0.333331488,0.333328978,0.333326468,0.322457649,0.32246016,0.333334,0.333331488,0.333328978,0.333326468,0.322457649,0.32246016,0.333334,0.333331488,0.333328978,0.333326468,
0.322457649,0.32246016,0.333334,0.333331488,0.333328978,0.333326468,0.322457649,0.32246016,0.333334,0.333331488,0.333328978,0.333326468,0.322457649,0.32246016,0.333334,0.333331488,0.333328978,0.333326468,0.322457649,0.32246016,0.333334,0.333331488,0.333328978,0.333326468,0.322457649,
0.32246016,0.333334,0.333331488,0.333328978,0.333326468,0.322457649,0.32246016,0.333334,0.333331488,0.333328978,0.333326468,0.322457649,0.32246016,0.333334,0.333331488,0.333328978,0.333326468,0.322457649,0.32246016,0.333334,0.333331488,0.333328978,0.333326468,0.322457649,0.32246016,
0.333334,0.333331488,0.333328978,0.333326468,0.322457649,0.32246016,0.333334,0.333331488,0.333328978,0.333326468,0.322457649,0.32246016,0.333334,0.333331488,0.333328978,0.333326468,0.322457649,0.32246016,0.333334,0.333331488,0.333328978,0.333326468,0.322457649,0.32246016,0.333334,
0.333331488,0.333328978,0.333326468,0.322457649,0.32246016,0.333334,0.333331488,0.333328978,0.333326468,0.322457649,0.32246016,0.333334,0.333331488,0.333328978,0.333326468,0.322457649,0.32246016,0.333334,0.333331488,0.333328978,0.333326468,0.322457649,0.32246016,0.333334,0.333331488,
0.333328978,0.333326468,0.322457649,0.32246016,0.333334,0.333331488,0.333328978,0.333326468,0.322457649,0.32246016,0.333334,0.333331488,0.333328978,0.333326468,0.322457649,0.32246016,0.333334,0.333331488,0.333328978,0.333326468,0.322457649,0.32246016,0.333334,0.333331488,0.333328978,
0.333326468,0.322457649,0.32246016,0.333334,0.333331488,0.333328978,0.333326468,0.322457649,0.32246016,0.333334,0.333331488,0.333328978,0.333326468,0.322457649,0.32246016,0.333334,0.333331488,0.333328978,0.333326468,0.322457649,0.32246016,0.333334,0.333331488,0.333328978,0.333326468,
0.322457649,0.32246016,0.333334,0.333331488,0.333328978,0.333326468,0.322457649,0.32246016,0.333334,0.333331488,0.333328978,0.333326468,0.322457649,0.32246016,0.333334,0.333331488,0.333328978,0.333326468,0.322457649,0.32246016,0.333334,0.333331488,0.333328978,0.333326468,0.322457649,
0.32246016,0.333334,0.333331488,0.333328978,0.333326468,0.322457649,0.32246016,0.333334,0.333331488,0.333328978,0.333326468,0.322457649,0.32246016,0.333334,0.333331488,0.333328978,0.333326468,0.322457649,0.32246016,0.333334,0.333331488,0.333328978,0.333326468,0.322457649,0.32246016,
0.333334,0.333331488,0.333328978,0.333326468,0.322457649,0.32246016,0.333334,0.333331488,0.333328978,0.333326468,0.322457649,0.32246016,0.333334,0.333331488,0.333328978,0.333326468,0.322457649,0.32246016,0.333334,0.333331488,0.333328978,0.333326468,0.322457649,0.32246016,0.333334,
0.333331488,0.333328978,0.333326468,0.322457649,0.32246016,0.333334,0.333331488,0.333328978,0.333326468,0.322457649,0.32246016,0.333334,0.333331488,0.333328978,0.333326468,0.322457649,0.32246016,0.333334,0.333331488,0.333328978,0.333326468,0.322457649,0.32246016,0.333334,0.333331488,
0.333328978,0.333326468,0.322457649,0.32246016,0.333334,0.333331488,0.333328978,0.333326468,0.322457649,0.32246016,0.333334,0.333331488,0.333328978,0.333326468,0.322457649,0.32246016,0.333334,0.333331488,0.333328978,0.333326468,0.322457649,0.32246016,0.333334,0.333331488,0.333328978,
0.333326468,0.322457649,0.32246016,0.333334,0.333331488,0.333328978,0.333326468,0.322457649,0.32246016,0.333334,0.333331488,0.333328978,0.333326468,0.322457649,0.32246016,0.333334,0.333331488,0.333328978,0.333326468,0.322457649,0.32246016,0.333334,0.333331488,0.333328978,0.333326468,
0.322457649,0.32246016,0.333334,0.333331488,0.333328978,0.333326468,0.322457649,0.32246016,0.333334,0.333331488,0.333328978,0.333326468,0.322457649,0.32246016,0.333334,0.333331488,0.333328978,0.333326468,0.322457649,0.32246016,0.333334,0.333331488,0.333328978,0.333326468,0.322457649,
0.32246016,0.333334,0.333331488,0.333328978,0.333326468,0.322457649,0.32246016,0.333334,0.333331488,0.333328978,0.333326468,0.322457649,0.32246016,0.333334,0.333331488,0.333328978,0.333326468,0.322457649,0.32246016,0.333334,0.333331488,0.333328978,0.333326468,0.322457649,0.32246016,
0.333334,0.333331488,0.333328978,0.333326468,0.322457649,0.32246016,0.333334,0.333331488,0.333328978,0.333326468,0.322457649,0.32246016,0.333334,0.333331488,0.333328978,0.333326468,0.322457649,0.32246016,0.333334,0.333331488,0.333328978,0.333326468,0.322457649,0.32246016,0.333334,
0.333331488,0.333328978,0.333326468,0.322457649,0.32246016,0.333334,0.333331488,0.333328978,0.333326468,0.322457649,0.32246016,0.333334,0.333331488,0.333328978,0.333326468,0.322457649,0.32246016,0.333334,0.333331488,0.333328978,0.333326468,0.322457649,0.32246016,0.333334,0.333331488,
0.333328978,0.333326468,0.322457649,0.32246016,0.333334,0.333331488,0.333328978,0.333326468,0.322457649,0.32246016,0.333334,0.333331488,0.333328978,0.333326468,0.322457649,0.32246016,0.333334,0.333331488,0.333328978,0.333326468,0.322457649,0.32246016,0.333334,0.333331488,0.333328978,
0.333326468,0.322457649,0.32246016,0.333334,0.333331488,0.333328978,0.333326468,0.322457649,0.32246016,0.333334,0.333331488,0.333328978,0.333326468,0.322457649,0.32246016,0.333334,0.333331488,0.333328978,0.333326468,0.322457649,0.32246016,0.333334,0.333331488,0.333328978,0.333326468,
0.322457649,0.32246016,0.333334,0.333331488,0.333328978,0.333326468,0.322457649,0.32246016,0.333334,0.333331488,0.333328978,0.333326468,0.322457649,0.32246016,0.333334,0.333331488,0.333328978,0.333326468,0.322457649,0.32246016,0.333334,0.333331488,0.333328978,0.333326468,0.322457649,
0.32246016,0.333334,0.333331488,0.333328978,0.333326468,0.322457649,0.32246016,0.333334,0.333331488,0.333328978,0.333326468,0.322457649,0.32246016,0.333334,0.333331488,0.333328978,0.333326468,0.322457649,0.32246016,0.333334,0.333331488,0.333328978,0.333326468,0.322457649,0.32246016,
0.333334,0.333331488,0.333328978,0.333326468,0.322457649,0.32246016,0.333334,0.333331488,0.333328978,0.333326468,0.322457649,0.32246016,0.333334,0.333331488,0.333328978,0.333326468,0.322457649,0.32246016,0.333334,0.333331488,0.333328978,0.333326468,0.322457649,0.32246016,0.333334,
0.333331488,0.333328978,0.333326468,0.322457649,0.32246016,0.333334,0.333331488,0.333328978,0.333326468,0.322457649,0.32246016,0.333334,0.333331488,0.333328978,0.333326468,0.322457649,0.32246016,0.333334,0.333331488,0.333328978,0.333326468,0.322457649,0.32246016,0.333334,0.333331488,
0.333328978,0.333326468,0.322457649,0.32246016,0.333334,0.333331488,0.333328978,0.333326468,0.322457649,0.32246016,0.333334,0.333331488,0.333328978,0.333326468,0.322457649,0.32246016,0.333334,0.333331488,0.333328978,0.333326468,0.322457649,0.32246016,0.333334,0.333331488,0.333328978,
0.333326468,0.322457649,0.32246016,0.333334,0.333331488,0.333328978,0.333326468,0.322457649,0.32246016,0.333334,0.333331488,0.333328978,0.333326468,0.322457649,0.32246016,0.333334,0.333331488,0.333328978,0.333326468,0.326087755,0.323671191,0.326076778,0.326076778,0.326076778,0.326076778),(0.325859899,0.326186236,0.328899603,0.334,0.333997483,0.333994968,0.333992453,0.323101918,0.323104434,0.334,0.333997483,0.333994968,0.333992453,0.323101918,0.323104434,0.334,0.333997483,0.333994968,0.333992453,0.323101918,0.323104434,0.334,0.333997483,0.333994968,0.333992453,0.323101918,
0.323104434,0.334,0.333997483,0.333994968,0.333992453,0.323101918,0.323104434,0.334,0.333997483,0.333994968,0.333992453,0.323101918,0.323104434,0.334,0.333997483,0.333994968,0.333992453,0.323101918,0.323104434,0.334,0.333997483,0.333994968,0.333992453,0.323101918,0.323104434,
0.334,0.333997483,0.333994968,0.333992453,0.323101918,0.323104434,0.334,0.333997483,0.333994968,0.333992453,0.323101918,0.323104434,0.334,0.333997483,0.333994968,0.333992453,0.323101918,0.323104434,0.334,0.333997483,0.333994968,0.333992453,0.323101918,0.323104434,0.334,
0.333997483,0.333994968,0.333992453,0.323101918,0.323104434,0.334,0.333997483,0.333994968,0.333992453,0.323101918,0.323104434,0.334,0.333997483,0.333994968,0.333992453,0.323101918,0.323104434,0.334,0.333997483,0.333994968,0.333992453,0.323101918,0.323104434,0.334,0.333997483,
0.333994968,0.333992453,0.323101918,0.323104434,0.334,0.333997483,0.333994968,0.333992453,0.323101918,0.323104434,0.334,0.333997483,0.333994968,0.333992453,0.323101918,0.323104434,0.334,0.333997483,0.333994968,0.333992453,0.323101918,0.323104434,0.334,0.333997483,0.333994968,
0.333992453,0.323101918,0.323104434,0.334,0.333997483,0.333994968,0.333992453,0.323101918,0.323104434,0.334,0.333997483,0.333994968,0.333992453,0.323101918,0.323104434,0.334,0.333997483,0.333994968,0.333992453,0.323101918,0.323104434,0.334,0.333997483,0.333994968,0.333992453,
0.323101918,0.323104434,0.334,0.333997483,0.333994968,0.333992453,0.323101918,0.323104434,0.334,0.333997483,0.333994968,0.333992453,0.323101918,0.323104434,0.334,0.333997483,0.333994968,0.333992453,0.323101918,0.323104434,0.334,0.333997483,0.333994968,0.333992453,0.323101918,
0.323104434,0.334,0.333997483,0.333994968,0.333992453,0.323101918,0.323104434,0.334,0.333997483,0.333994968,0.333992453,0.323101918,0.323104434,0.334,0.333997483,0.333994968,0.333992453,0.323101918,0.323104434,0.334,0.333997483,0.333994968,0.333992453,0.323101918,0.323104434,
0.334,0.333997483,0.333994968,0.333992453,0.323101918,0.323104434,0.334,0.333997483,0.333994968,0.333992453,0.323101918,0.323104434,0.334,0.333997483,0.333994968,0.333992453,0.323101918,0.323104434,0.334,0.333997483,0.333994968,0.333992453,0.323101918,0.323104434,0.334,
0.333997483,0.333994968,0.333992453,0.323101918,0.323104434,0.334,0.333997483,0.333994968,0.333992453,0.323101918,0.323104434,0.334,0.333997483,0.333994968,0.333992453,0.323101918,0.323104434,0.334,0.333997483,0.333994968,0.333992453,0.323101918,0.323104434,0.334,0.333997483,
0.333994968,0.333992453,0.323101918,0.323104434,0.334,0.333997483,0.333994968,0.333992453,0.323101918,0.323104434,0.334,0.333997483,0.333994968,0.333992453,0.323101918,0.323104434,0.334,0.333997483,0.333994968,0.333992453,0.323101918,0.323104434,0.334,0.333997483,0.333994968,
0.333992453,0.323101918,0.323104434,0.334,0.333997483,0.333994968,0.333992453,0.323101918,0.323104434,0.334,0.333997483,0.333994968,0.333992453,0.323101918,0.323104434,0.334,0.333997483,0.333994968,0.333992453,0.323101918,0.323104434,0.334,0.333997483,0.333994968,0.333992453,
0.323101918,0.323104434,0.334,0.333997483,0.333994968,0.333992453,0.323101918,0.323104434,0.334,0.333997483,0.333994968,0.333992453,0.323101918,0.323104434,0.334,0.333997483,0.333994968,0.333992453,0.323101918,0.323104434,0.334,0.333997483,0.333994968,0.333992453,0.323101918,
0.323104434,0.334,0.333997483,0.333994968,0.333992453,0.323101918,0.323104434,0.334,0.333997483,0.333994968,0.333992453,0.323101918,0.323104434,0.334,0.333997483,0.333994968,0.333992453,0.323101918,0.323104434,0.334,0.333997483,0.333994968,0.333992453,0.323101918,0.323104434,
0.334,0.333997483,0.333994968,0.333992453,0.323101918,0.323104434,0.334,0.333997483,0.333994968,0.333992453,0.323101918,0.323104434,0.334,0.333997483,0.333994968,0.333992453,0.323101918,0.323104434,0.334,0.333997483,0.333994968,0.333992453,0.323101918,0.323104434,0.334,
0.333997483,0.333994968,0.333992453,0.323101918,0.323104434,0.334,0.333997483,0.333994968,0.333992453,0.323101918,0.323104434,0.334,0.333997483,0.333994968,0.333992453,0.323101918,0.323104434,0.334,0.333997483,0.333994968,0.333992453,0.323101918,0.323104434,0.334,0.333997483,
0.333994968,0.333992453,0.323101918,0.323104434,0.334,0.333997483,0.333994968,0.333992453,0.323101918,0.323104434,0.334,0.333997483,0.333994968,0.333992453,0.323101918,0.323104434,0.334,0.333997483,0.333994968,0.333992453,0.323101918,0.323104434,0.334,0.333997483,0.333994968,
0.333992453,0.323101918,0.323104434,0.334,0.333997483,0.333994968,0.333992453,0.323101918,0.323104434,0.334,0.333997483,0.333994968,0.333992453,0.323101918,0.323104434,0.334,0.333997483,0.333994968,0.333992453,0.323101918,0.323104434,0.334,0.333997483,0.333994968,0.333992453,
0.323101918,0.323104434,0.334,0.333997483,0.333994968,0.333992453,0.323101918,0.323104434,0.334,0.333997483,0.333994968,0.333992453,0.323101918,0.323104434,0.334,0.333997483,0.333994968,0.333992453,0.323101918,0.323104434,0.334,0.333997483,0.333994968,0.333992453,0.323101918,
0.323104434,0.334,0.333997483,0.333994968,0.333992453,0.323101918,0.323104434,0.334,0.333997483,0.333994968,0.333992453,0.323101918,0.323104434,0.334,0.333997483,0.333994968,0.333992453,0.323101918,0.323104434,0.334,0.333997483,0.333994968,0.333992453,0.323101918,0.323104434,
0.334,0.333997483,0.333994968,0.333992453,0.323101918,0.323104434,0.334,0.333997483,0.333994968,0.333992453,0.323101918,0.323104434,0.334,0.333997483,0.333994968,0.333992453,0.323101918,0.323104434,0.334,0.333997483,0.333994968,0.333992453,0.323101918,0.323104434,0.334,
0.333997483,0.333994968,0.333992453,0.323101918,0.323104434,0.334,0.333997483,0.333994968,0.333992453,0.323101918,0.323104434,0.334,0.333997483,0.333994968,0.333992453,0.323101918,0.323104434,0.334,0.333997483,0.333994968,0.333992453,0.323101918,0.323104434,0.334,0.333997483,
0.333994968,0.333992453,0.323101918,0.323104434,0.334,0.333997483,0.333994968,0.333992453,0.323101918,0.323104434,0.334,0.333997483,0.333994968,0.333992453,0.323101918,0.323104434,0.334,0.333997483,0.333994968,0.333992453,0.323101918,0.323104434,0.334,0.333997483,0.333994968,
0.333992453,0.323101918,0.323104434,0.334,0.333997483,0.333994968,0.333992453,0.323101918,0.323104434,0.334,0.333997483,0.333994968,0.333992453,0.323101918,0.323104434,0.334,0.333997483,0.333994968,0.333992453,0.323101918,0.323104434,0.334,0.333997483,0.333994968,0.333992453,
0.323101918,0.323104434,0.334,0.333997483,0.333994968,0.333992453,0.323101918,0.323104434,0.334,0.333997483,0.333994968,0.333992453,0.323101918,0.323104434,0.334,0.333997483,0.333994968,0.333992453,0.323101918,0.323104434,0.334,0.333997483,0.333994968,0.333992453,0.323101918,
0.323104434,0.334,0.333997483,0.333994968,0.333992453,0.323101918,0.323104434,0.334,0.333997483,0.333994968,0.333992453,0.323101918,0.323104434,0.334,0.333997483,0.333994968,0.333992453,0.323101918,0.323104434,0.334,0.333997483,0.333994968,0.333992453,0.323101918,0.323104434,
0.334,0.333997483,0.333994968,0.333992453,0.323101918,0.323104434,0.334,0.333997483,0.333994968,0.333992453,0.323101918,0.323104434,0.334,0.333997483,0.333994968,0.333992453,0.323101918,0.323104434,0.334,0.333997483,0.333994968,0.333992453,0.323101918,0.323104434,0.334,
0.333997483,0.333994968,0.333992453,0.323101918,0.323104434,0.334,0.333997483,0.333994968,0.333992453,0.323101918,0.323104434,0.334,0.333997483,0.333994968,0.333992453,0.323101918,0.323104434,0.334,0.333997483,0.333994968,0.333992453,0.323101918,0.323104434,0.334,0.333997483,
0.333994968,0.333992453,0.323101918,0.323104434,0.334,0.333997483,0.333994968,0.333992453,0.323101918,0.323104434,0.334,0.333997483,0.333994968,0.333992453,0.323101918,0.323104434,0.334,0.333997483,0.333994968,0.333992453,0.323101918,0.323104434,0.334,0.333997483,0.333994968,
0.333992453,0.323101918,0.323104434,0.334,0.333997483,0.333994968,0.333992453,0.323101918,0.323104434,0.334,0.333997483,0.333994968,0.333992453,0.323101918,0.323104434,0.334,0.333997483,0.333994968,0.333992453,0.326739277,0.324317885,0.326728278,0.326728278,0.326728278,0.326728278),(0.97562844,0.976605496,0.984729349,1.,0.999992466,0.999984935,0.999977405,0.967371012,0.967378544,1.,0.999992466,0.999984935,0.999977405,0.967371012,0.967378544,1.,0.999992466,0.999984935,0.999977405,0.967371012,0.967378544,1.,0.999992466,0.999984935,0.999977405,0.967371012,
0.967378544,1.,0.999992466,0.999984935,0.999977405,0.967371012,0.967378544,1.,0.999992466,0.999984935,0.999977405,0.967371012,0.967378544,1.,0.999992466,0.999984935,0.999977405,0.967371012,0.967378544,1.,0.999992466,0.999984935,0.999977405,0.967371012,0.967378544,
1.,0.999992466,0.999984935,0.999977405,0.967371012,0.967378544,1.,0.999992466,0.999984935,0.999977405,0.967371012,0.967378544,1.,0.999992466,0.999984935,0.999977405,0.967371012,0.967378544,1.,0.999992466,0.999984935,0.999977405,0.967371012,0.967378544,1.,
0.999992466,0.999984935,0.999977405,0.967371012,0.967378544,1.,0.999992466,0.999984935,0.999977405,0.967371012,0.967378544,1.,0.999992466,0.999984935,0.999977405,0.967371012,0.967378544,1.,0.999992466,0.999984935,0.999977405,0.967371012,0.967378544,1.,0.999992466,
0.999984935,0.999977405,0.967371012,0.967378544,1.,0.999992466,0.999984935,0.999977405,0.967371012,0.967378544,1.,0.999992466,0.999984935,0.999977405,0.967371012,0.967378544,1.,0.999992466,0.999984935,0.999977405,0.967371012,0.967378544,1.,0.999992466,0.999984935,
0.999977405,0.967371012,0.967378544,1.,0.999992466,0.999984935,0.999977405,0.967371012,0.967378544,1.,0.999992466,0.999984935,0.999977405,0.967371012,0.967378544,1.,0.999992466,0.999984935,0.999977405,0.967371012,0.967378544,1.,0.999992466,0.999984935,0.999977405,
0.967371012,0.967378544,1.,0.999992466,0.999984935,0.999977405,0.967371012,0.967378544,1.,0.999992466,0.999984935,0.999977405,0.967371012,0.967378544,1.,0.999992466,0.999984935,0.999977405,0.967371012,0.967378544,1.,0.999992466,0.999984935,0.999977405,0.967371012,
0.967378544,1.,0.999992466,0.999984935,0.999977405,0.967371012,0.967378544,1.,0.999992466,0.999984935,0.999977405,0.967371012,0.967378544,1.,0.999992466,0.999984935,0.999977405,0.967371012,0.967378544,1.,0.999992466,0.999984935,0.999977405,0.967371012,0.967378544,
1.,0.999992466,0.999984935,0.999977405,0.967371012,0.967378544,1.,0.999992466,0.999984935,0.999977405,0.967371012,0.967378544,1.,0.999992466,0.999984935,0.999977405,0.967371012,0.967378544,1.,0.999992466,0.999984935,0.999977405,0.967371012,0.967378544,1.,
0.999992466,0.999984935,0.999977405,0.967371012,0.967378544,1.,0.999992466,0.999984935,0.999977405,0.967371012,0.967378544,1.,0.999992466,0.999984935,0.999977405,0.967371012,0.967378544,1.,0.999992466,0.999984935,0.999977405,0.967371012,0.967378544,1.,0.999992466,
0.999984935,0.999977405,0.967371012,0.967378544,1.,0.999992466,0.999984935,0.999977405,0.967371012,0.967378544,1.,0.999992466,0.999984935,0.999977405,0.967371012,0.967378544,1.,0.999992466,0.999984935,0.999977405,0.967371012,0.967378544,1.,0.999992466,0.999984935,
0.999977405,0.967371012,0.967378544,1.,0.999992466,0.999984935,0.999977405,0.967371012,0.967378544,1.,0.999992466,0.999984935,0.999977405,0.967371012,0.967378544,1.,0.999992466,0.999984935,0.999977405,0.967371012,0.967378544,1.,0.999992466,0.999984935,0.999977405,
0.967371012,0.967378544,1.,0.999992466,0.999984935,0.999977405,0.967371012,0.967378544,1.,0.999992466,0.999984935,0.999977405,0.967371012,0.967378544,1.,0.999992466,0.999984935,0.999977405,0.967371012,0.967378544,1.,0.999992466,0.999984935,0.999977405,0.967371012,
0.967378544,1.,0.999992466,0.999984935,0.999977405,0.967371012,0.967378544,1.,0.999992466,0.999984935,0.999977405,0.967371012,0.967378544,1.,0.999992466,0.999984935,0.999977405,0.967371012,0.967378544,1.,0.999992466,0.999984935,0.999977405,0.967371012,0.967378544,
1.,0.999992466,0.999984935,0.999977405,0.967371012,0.967378544,1.,0.999992466,0.999984935,0.999977405,0.967371012,0.967378544,1.,0.999992466,0.999984935,0.999977405,0.967371012,0.967378544,1.,0.999992466,0.999984935,0.999977405,0.967371012,0.967378544,1.,
0.999992466,0.999984935,0.999977405,0.967371012,0.967378544,1.,0.999992466,0.999984935,0.999977405,0.967371012,0.967378544,1.,0.999992466,0.999984935,0.999977405,0.967371012,0.967378544,1.,0.999992466,0.999984935,0.999977405,0.967371012,0.967378544,1.,0.999992466,
0.999984935,0.999977405,0.967371012,0.967378544,1.,0.999992466,0.999984935,0.999977405,0.967371012,0.967378544,1.,0.999992466,0.999984935,0.999977405,0.967371012,0.967378544,1.,0.999992466,0.999984935,0.999977405,0.967371012,0.967378544,1.,0.999992466,0.999984935,
0.999977405,0.967371012,0.967378544,1.,0.999992466,0.999984935,0.999977405,0.967371012,0.967378544,1.,0.999992466,0.999984935,0.999977405,0.967371012,0.967378544,1.,0.999992466,0.999984935,0.999977405,0.967371012,0.967378544,1.,0.999992466,0.999984935,0.999977405,
0.967371012,0.967378544,1.,0.999992466,0.999984935,0.999977405,0.967371012,0.967378544,1.,0.999992466,0.999984935,0.999977405,0.967371012,0.967378544,1.,0.999992466,0.999984935,0.999977405,0.967371012,0.967378544,1.,0.999992466,0.999984935,0.999977405,0.967371012,
0.967378544,1.,0.999992466,0.999984935,0.999977405,0.967371012,0.967378544,1.,0.999992466,0.999984935,0.999977405,0.967371012,0.967378544,1.,0.999992466,0.999984935,0.999977405,0.967371012,0.967378544,1.,0.999992466,0.999984935,0.999977405,0.967371012,0.967378544,
1.,0.999992466,0.999984935,0.999977405,0.967371012,0.967378544,1.,0.999992466,0.999984935,0.999977405,0.967371012,0.967378544,1.,0.999992466,0.999984935,0.999977405,0.967371012,0.967378544,1.,0.999992466,0.999984935,0.999977405,0.967371012,0.967378544,1.,
0.999992466,0.999984935,0.999977405,0.967371012,0.967378544,1.,0.999992466,0.999984935,0.999977405,0.967371012,0.967378544,1.,0.999992466,0.999984935,0.999977405,0.967371012,0.967378544,1.,0.999992466,0.999984935,0.999977405,0.967371012,0.967378544,1.,0.999992466,
0.999984935,0.999977405,0.967371012,0.967378544,1.,0.999992466,0.999984935,0.999977405,0.967371012,0.967378544,1.,0.999992466,0.999984935,0.999977405,0.967371012,0.967378544,1.,0.999992466,0.999984935,0.999977405,0.967371012,0.967378544,1.,0.999992466,0.999984935,
0.999977405,0.967371012,0.967378544,1.,0.999992466,0.999984935,0.999977405,0.967371012,0.967378544,1.,0.999992466,0.999984935,0.999977405,0.967371012,0.967378544,1.,0.999992466,0.999984935,0.999977405,0.967371012,0.967378544,1.,0.999992466,0.999984935,0.999977405,
0.967371012,0.967378544,1.,0.999992466,0.999984935,0.999977405,0.967371012,0.967378544,1.,0.999992466,0.999984935,0.999977405,0.967371012,0.967378544,1.,0.999992466,0.999984935,0.999977405,0.967371012,0.967378544,1.,0.999992466,0.999984935,0.999977405,0.967371012,
0.967378544,1.,0.999992466,0.999984935,0.999977405,0.967371012,0.967378544,1.,0.999992466,0.999984935,0.999977405,0.967371012,0.967378544,1.,0.999992466,0.999984935,0.999977405,0.967371012,0.967378544,1.,0.999992466,0.999984935,0.999977405,0.967371012,0.967378544,
1.,0.999992466,0.999984935,0.999977405,0.967371012,0.967378544,1.,0.999992466,0.999984935,0.999977405,0.967371012,0.967378544,1.,0.999992466,0.999984935,0.999977405,0.967371012,0.967378544,1.,0.999992466,0.999984935,0.999977405,0.967371012,0.967378544,1.,
0.999992466,0.999984935,0.999977405,0.967371012,0.967378544,1.,0.999992466,0.999984935,0.999977405,0.967371012,0.967378544,1.,0.999992466,0.999984935,0.999977405,0.967371012,0.967378544,1.,0.999992466,0.999984935,0.999977405,0.967371012,0.967378544,1.,0.999992466,
0.999984935,0.999977405,0.967371012,0.967378544,1.,0.999992466,0.999984935,0.999977405,0.967371012,0.967378544,1.,0.999992466,0.999984935,0.999977405,0.967371012,0.967378544,1.,0.999992466,0.999984935,0.999977405,0.967371012,0.967378544,1.,0.999992466,0.999984935,
0.999977405,0.967371012,0.967378544,1.,0.999992466,0.999984935,0.999977405,0.967371012,0.967378544,1.,0.999992466,0.999984935,0.999977405,0.967371012,0.967378544,1.,0.999992466,0.999984935,0.999977405,0.978261307,0.971011632,0.978228378,0.978228378,0.978228378,0.978228378)))
REPRESENTATION_ITEM('')
SURFACE()
);
#9791=CARTESIAN_POINT('',(-6.265079101,3.659980125,1.655719433));
#9792=VERTEX_POINT('',#9791);
#9793=CARTESIAN_POINT('',(-6.350006408,6.259980125,1.837268579));
#9794=VERTEX_POINT('',#9793);
#9795=CARTESIAN_POINT('',(-6.265079101,3.659980125,1.655719433));
#9796=CARTESIAN_POINT('',(-6.259054953,3.660512197,1.646548852));
#9797=CARTESIAN_POINT('',(-6.252823773,3.661040092,1.637532896));
#9798=CARTESIAN_POINT('',(-6.246390477,3.661563542,1.628675566));
#9799=CARTESIAN_POINT('',(-6.24637091,3.661565134,1.628648627));
#9800=CARTESIAN_POINT('',(-6.246351342,3.661566726,1.628621689));
#9801=CARTESIAN_POINT('',(-6.246331771,3.661568318,1.628594752));
#9802=CARTESIAN_POINT('',(-6.158730361,3.668694347,1.508021755));
#9803=CARTESIAN_POINT('',(-6.038163356,3.676187127,1.420411112));
#9804=CARTESIAN_POINT('',(-5.896426767,3.683313542,1.374335742));
#9805=CARTESIAN_POINT('',(-5.896395102,3.683315134,1.374325448));
#9806=CARTESIAN_POINT('',(-5.896363437,3.683316726,1.374315157));
#9807=CARTESIAN_POINT('',(-5.896331771,3.683318318,1.374304868));
#9808=CARTESIAN_POINT('',(-5.754589712,3.690444347,1.328250081));
#9809=CARTESIAN_POINT('',(-5.605552712,3.697937127,1.328239089));
#9810=CARTESIAN_POINT('',(-5.463802979,3.705063542,1.374274008));
#9811=CARTESIAN_POINT('',(-5.463771312,3.705065134,1.374284292));
#9812=CARTESIAN_POINT('',(-5.463739645,3.705066726,1.374294579));
#9813=CARTESIAN_POINT('',(-5.463707979,3.705068318,1.374304868));
#9814=CARTESIAN_POINT('',(-5.32196592,3.712194347,1.420359654));
#9815=CARTESIAN_POINT('',(-5.201385993,3.719687127,1.507952512));
#9816=CARTESIAN_POINT('',(-5.113766697,3.726813542,1.628513946));
#9817=CARTESIAN_POINT('',(-5.113747122,3.726815134,1.62854088));
#9818=CARTESIAN_POINT('',(-5.11372755,3.726816726,1.628567815));
#9819=CARTESIAN_POINT('',(-5.113707979,3.726818318,1.628594752));
#9820=CARTESIAN_POINT('',(-5.026106569,3.733944347,1.749167749));
#9821=CARTESIAN_POINT('',(-4.980041149,3.741437127,1.890906963));
#9822=CARTESIAN_POINT('',(-4.980019882,3.748563542,2.039944542));
#9823=CARTESIAN_POINT('',(-4.980019877,3.748565134,2.039977838));
#9824=CARTESIAN_POINT('',(-4.980019875,3.748566726,2.040011133));
#9825=CARTESIAN_POINT('',(-4.980019875,3.748568318,2.040044429));
#9826=CARTESIAN_POINT('',(-4.980019875,3.755694347,2.189080849));
#9827=CARTESIAN_POINT('',(-5.026064387,3.763187127,2.330826856));
#9828=CARTESIAN_POINT('',(-5.113649273,3.770313542,2.451413292));
#9829=CARTESIAN_POINT('',(-5.11366884,3.770315134,2.451440231));
#9830=CARTESIAN_POINT('',(-5.113688408,3.770316726,2.451467169));
#9831=CARTESIAN_POINT('',(-5.113707979,3.770318318,2.451494106));
#9832=CARTESIAN_POINT('',(-5.201309389,3.777444347,2.572067103));
#9833=CARTESIAN_POINT('',(-5.321876394,3.784937127,2.659677746));
#9834=CARTESIAN_POINT('',(-5.463612983,3.792063542,2.705753116));
#9835=CARTESIAN_POINT('',(-5.463644648,3.792065134,2.70576341));
#9836=CARTESIAN_POINT('',(-5.463676313,3.792066726,2.705773701));
#9837=CARTESIAN_POINT('',(-5.463707979,3.792068318,2.70578399));
#9838=CARTESIAN_POINT('',(-5.605450038,3.799194347,2.751838777));
#9839=CARTESIAN_POINT('',(-5.754487038,3.806687127,2.751849769));
#9840=CARTESIAN_POINT('',(-5.896236771,3.813813542,2.70581485));
#9841=CARTESIAN_POINT('',(-5.896268438,3.813815134,2.705804566));
#9842=CARTESIAN_POINT('',(-5.896300105,3.813816726,2.705794279));
#9843=CARTESIAN_POINT('',(-5.896331771,3.813818318,2.70578399));
#9844=CARTESIAN_POINT('',(-6.03807383,3.820944347,2.659729204));
#9845=CARTESIAN_POINT('',(-6.158653757,3.828437127,2.572136346));
#9846=CARTESIAN_POINT('',(-6.246273053,3.835563542,2.451574912));
#9847=CARTESIAN_POINT('',(-6.246292628,3.835565134,2.451547978));
#9848=CARTESIAN_POINT('',(-6.2463122,3.835566726,2.451521043));
#9849=CARTESIAN_POINT('',(-6.246331771,3.835568318,2.451494106));
#9850=CARTESIAN_POINT('',(-6.333933181,3.842694347,2.330921109));
#9851=CARTESIAN_POINT('',(-6.379998601,3.850187127,2.189181895));
#9852=CARTESIAN_POINT('',(-6.380019868,3.857313542,2.040144316));
#9853=CARTESIAN_POINT('',(-6.380019873,3.857315134,2.04011102));
#9854=CARTESIAN_POINT('',(-6.380019875,3.857316726,2.040077725));
#9855=CARTESIAN_POINT('',(-6.380019875,3.857318318,2.040044429));
#9856=CARTESIAN_POINT('',(-6.380019875,3.864444347,1.891008009));
#9857=CARTESIAN_POINT('',(-6.333975363,3.871937127,1.749262002));
#9858=CARTESIAN_POINT('',(-6.246390477,3.879063542,1.628675566));
#9859=CARTESIAN_POINT('',(-6.24637091,3.879065134,1.628648627));
#9860=CARTESIAN_POINT('',(-6.246351342,3.879066726,1.628621689));
#9861=CARTESIAN_POINT('',(-6.246331771,3.879068318,1.628594752));
#9862=CARTESIAN_POINT('',(-6.158730361,3.886194347,1.508021755));
#9863=CARTESIAN_POINT('',(-6.038163356,3.893687127,1.420411112));
#9864=CARTESIAN_POINT('',(-5.896426767,3.900813542,1.374335742));
#9865=CARTESIAN_POINT('',(-5.896395102,3.900815134,1.374325448));
#9866=CARTESIAN_POINT('',(-5.896363437,3.900816726,1.374315157));
#9867=CARTESIAN_POINT('',(-5.896331771,3.900818318,1.374304868));
#9868=CARTESIAN_POINT('',(-5.754589712,3.907944347,1.328250081));
#9869=CARTESIAN_POINT('',(-5.605552712,3.915437127,1.328239089));
#9870=CARTESIAN_POINT('',(-5.463802979,3.922563542,1.374274008));
#9871=CARTESIAN_POINT('',(-5.463771312,3.922565134,1.374284292));
#9872=CARTESIAN_POINT('',(-5.463739645,3.922566726,1.374294579));
#9873=CARTESIAN_POINT('',(-5.463707979,3.922568318,1.374304868));
#9874=CARTESIAN_POINT('',(-5.32196592,3.929694347,1.420359654));
#9875=CARTESIAN_POINT('',(-5.201385993,3.937187127,1.507952512));
#9876=CARTESIAN_POINT('',(-5.113766697,3.944313542,1.628513946));
#9877=CARTESIAN_POINT('',(-5.113747122,3.944315134,1.62854088));
#9878=CARTESIAN_POINT('',(-5.11372755,3.944316726,1.628567815));
#9879=CARTESIAN_POINT('',(-5.113707979,3.944318318,1.628594752));
#9880=CARTESIAN_POINT('',(-5.026106569,3.951444347,1.749167749));
#9881=CARTESIAN_POINT('',(-4.980041149,3.958937127,1.890906963));
#9882=CARTESIAN_POINT('',(-4.980019882,3.966063542,2.039944542));
#9883=CARTESIAN_POINT('',(-4.980019877,3.966065134,2.039977838));
#9884=CARTESIAN_POINT('',(-4.980019875,3.966066726,2.040011133));
#9885=CARTESIAN_POINT('',(-4.980019875,3.966068318,2.040044429));
#9886=CARTESIAN_POINT('',(-4.980019875,3.973194347,2.189080849));
#9887=CARTESIAN_POINT('',(-5.026064387,3.980687127,2.330826856));
#9888=CARTESIAN_POINT('',(-5.113649273,3.987813542,2.451413292));
#9889=CARTESIAN_POINT('',(-5.11366884,3.987815134,2.451440231));
#9890=CARTESIAN_POINT('',(-5.113688408,3.987816726,2.451467169));
#9891=CARTESIAN_POINT('',(-5.113707979,3.987818318,2.451494106));
#9892=CARTESIAN_POINT('',(-5.201309389,3.994944347,2.572067103));
#9893=CARTESIAN_POINT('',(-5.321876394,4.002437127,2.659677746));
#9894=CARTESIAN_POINT('',(-5.463612983,4.009563542,2.705753116));
#9895=CARTESIAN_POINT('',(-5.463644648,4.009565134,2.70576341));
#9896=CARTESIAN_POINT('',(-5.463676313,4.009566726,2.705773701));
#9897=CARTESIAN_POINT('',(-5.463707979,4.009568318,2.70578399));
#9898=CARTESIAN_POINT('',(-5.605450038,4.016694347,2.751838777));
#9899=CARTESIAN_POINT('',(-5.754487038,4.024187127,2.751849769));
#9900=CARTESIAN_POINT('',(-5.896236771,4.031313542,2.70581485));
#9901=CARTESIAN_POINT('',(-5.896268438,4.031315134,2.705804566));
#9902=CARTESIAN_POINT('',(-5.896300105,4.031316726,2.705794279));
#9903=CARTESIAN_POINT('',(-5.896331771,4.031318318,2.70578399));
#9904=CARTESIAN_POINT('',(-6.03807383,4.038444347,2.659729204));
#9905=CARTESIAN_POINT('',(-6.158653757,4.045937127,2.572136346));
#9906=CARTESIAN_POINT('',(-6.246273053,4.053063542,2.451574912));
#9907=CARTESIAN_POINT('',(-6.246292628,4.053065134,2.451547978));
#9908=CARTESIAN_POINT('',(-6.2463122,4.053066726,2.451521043));
#9909=CARTESIAN_POINT('',(-6.246331771,4.053068318,2.451494106));
#9910=CARTESIAN_POINT('',(-6.333933181,4.060194347,2.330921109));
#9911=CARTESIAN_POINT('',(-6.379998601,4.067687127,2.189181895));
#9912=CARTESIAN_POINT('',(-6.380019868,4.074813542,2.040144316));
#9913=CARTESIAN_POINT('',(-6.380019873,4.074815134,2.04011102));
#9914=CARTESIAN_POINT('',(-6.380019875,4.074816726,2.040077725));
#9915=CARTESIAN_POINT('',(-6.380019875,4.074818318,2.040044429));
#9916=CARTESIAN_POINT('',(-6.380019875,4.081944347,1.891008009));
#9917=CARTESIAN_POINT('',(-6.333975363,4.089437127,1.749262002));
#9918=CARTESIAN_POINT('',(-6.246390477,4.096563542,1.628675566));
#9919=CARTESIAN_POINT('',(-6.24637091,4.096565134,1.628648627));
#9920=CARTESIAN_POINT('',(-6.246351342,4.096566726,1.628621689));
#9921=CARTESIAN_POINT('',(-6.246331771,4.096568318,1.628594752));
#9922=CARTESIAN_POINT('',(-6.158730361,4.103694347,1.508021755));
#9923=CARTESIAN_POINT('',(-6.038163356,4.111187127,1.420411112));
#9924=CARTESIAN_POINT('',(-5.896426767,4.118313542,1.374335742));
#9925=CARTESIAN_POINT('',(-5.896395102,4.118315134,1.374325448));
#9926=CARTESIAN_POINT('',(-5.896363437,4.118316726,1.374315157));
#9927=CARTESIAN_POINT('',(-5.896331771,4.118318318,1.374304868));
#9928=CARTESIAN_POINT('',(-5.754589712,4.125444347,1.328250081));
#9929=CARTESIAN_POINT('',(-5.605552712,4.132937127,1.328239089));
#9930=CARTESIAN_POINT('',(-5.463802979,4.140063542,1.374274008));
#9931=CARTESIAN_POINT('',(-5.463771312,4.140065134,1.374284292));
#9932=CARTESIAN_POINT('',(-5.463739645,4.140066726,1.374294579));
#9933=CARTESIAN_POINT('',(-5.463707979,4.140068318,1.374304868));
#9934=CARTESIAN_POINT('',(-5.32196592,4.147194347,1.420359654));
#9935=CARTESIAN_POINT('',(-5.201385993,4.154687127,1.507952512));
#9936=CARTESIAN_POINT('',(-5.113766697,4.161813542,1.628513946));
#9937=CARTESIAN_POINT('',(-5.113747122,4.161815134,1.62854088));
#9938=CARTESIAN_POINT('',(-5.11372755,4.161816726,1.628567815));
#9939=CARTESIAN_POINT('',(-5.113707979,4.161818318,1.628594752));
#9940=CARTESIAN_POINT('',(-5.026106569,4.168944347,1.749167749));
#9941=CARTESIAN_POINT('',(-4.980041149,4.176437127,1.890906963));
#9942=CARTESIAN_POINT('',(-4.980019882,4.183563542,2.039944542));
#9943=CARTESIAN_POINT('',(-4.980019877,4.183565134,2.039977838));
#9944=CARTESIAN_POINT('',(-4.980019875,4.183566726,2.040011133));
#9945=CARTESIAN_POINT('',(-4.980019875,4.183568318,2.040044429));
#9946=CARTESIAN_POINT('',(-4.980019875,4.190694347,2.189080849));
#9947=CARTESIAN_POINT('',(-5.026064387,4.198187127,2.330826856));
#9948=CARTESIAN_POINT('',(-5.113649273,4.205313542,2.451413292));
#9949=CARTESIAN_POINT('',(-5.11366884,4.205315134,2.451440231));
#9950=CARTESIAN_POINT('',(-5.113688408,4.205316726,2.451467169));
#9951=CARTESIAN_POINT('',(-5.113707979,4.205318318,2.451494106));
#9952=CARTESIAN_POINT('',(-5.201309389,4.212444347,2.572067103));
#9953=CARTESIAN_POINT('',(-5.321876394,4.219937127,2.659677746));
#9954=CARTESIAN_POINT('',(-5.463612983,4.227063542,2.705753116));
#9955=CARTESIAN_POINT('',(-5.463644648,4.227065134,2.70576341));
#9956=CARTESIAN_POINT('',(-5.463676313,4.227066726,2.705773701));
#9957=CARTESIAN_POINT('',(-5.463707979,4.227068318,2.70578399));
#9958=CARTESIAN_POINT('',(-5.605450038,4.234194347,2.751838777));
#9959=CARTESIAN_POINT('',(-5.754487038,4.241687127,2.751849769));
#9960=CARTESIAN_POINT('',(-5.896236771,4.248813542,2.70581485));
#9961=CARTESIAN_POINT('',(-5.896268438,4.248815134,2.705804566));
#9962=CARTESIAN_POINT('',(-5.896300105,4.248816726,2.705794279));
#9963=CARTESIAN_POINT('',(-5.896331771,4.248818318,2.70578399));
#9964=CARTESIAN_POINT('',(-6.03807383,4.255944347,2.659729204));
#9965=CARTESIAN_POINT('',(-6.158653757,4.263437127,2.572136346));
#9966=CARTESIAN_POINT('',(-6.246273053,4.270563542,2.451574912));
#9967=CARTESIAN_POINT('',(-6.246292628,4.270565134,2.451547978));
#9968=CARTESIAN_POINT('',(-6.2463122,4.270566726,2.451521043));
#9969=CARTESIAN_POINT('',(-6.246331771,4.270568318,2.451494106));
#9970=CARTESIAN_POINT('',(-6.333933181,4.277694347,2.330921109));
#9971=CARTESIAN_POINT('',(-6.379998601,4.285187127,2.189181895));
#9972=CARTESIAN_POINT('',(-6.380019868,4.292313542,2.040144316));
#9973=CARTESIAN_POINT('',(-6.380019873,4.292315134,2.04011102));
#9974=CARTESIAN_POINT('',(-6.380019875,4.292316726,2.040077725));
#9975=CARTESIAN_POINT('',(-6.380019875,4.292318318,2.040044429));
#9976=CARTESIAN_POINT('',(-6.380019875,4.299444347,1.891008009));
#9977=CARTESIAN_POINT('',(-6.333975363,4.306937127,1.749262002));
#9978=CARTESIAN_POINT('',(-6.246390477,4.314063542,1.628675566));
#9979=CARTESIAN_POINT('',(-6.24637091,4.314065134,1.628648627));
#9980=CARTESIAN_POINT('',(-6.246351342,4.314066726,1.628621689));
#9981=CARTESIAN_POINT('',(-6.246331771,4.314068318,1.628594752));
#9982=CARTESIAN_POINT('',(-6.158730361,4.321194347,1.508021755));
#9983=CARTESIAN_POINT('',(-6.038163356,4.328687127,1.420411112));
#9984=CARTESIAN_POINT('',(-5.896426767,4.335813542,1.374335742));
#9985=CARTESIAN_POINT('',(-5.896395102,4.335815134,1.374325448));
#9986=CARTESIAN_POINT('',(-5.896363437,4.335816726,1.374315157));
#9987=CARTESIAN_POINT('',(-5.896331771,4.335818318,1.374304868));
#9988=CARTESIAN_POINT('',(-5.754589712,4.342944347,1.328250081));
#9989=CARTESIAN_POINT('',(-5.605552712,4.350437127,1.328239089));
#9990=CARTESIAN_POINT('',(-5.463802979,4.357563542,1.374274008));
#9991=CARTESIAN_POINT('',(-5.463771312,4.357565134,1.374284292));
#9992=CARTESIAN_POINT('',(-5.463739645,4.357566726,1.374294579));
#9993=CARTESIAN_POINT('',(-5.463707979,4.357568318,1.374304868));
#9994=CARTESIAN_POINT('',(-5.32196592,4.364694347,1.420359654));
#9995=CARTESIAN_POINT('',(-5.201385993,4.372187127,1.507952512));
#9996=CARTESIAN_POINT('',(-5.113766697,4.379313542,1.628513946));
#9997=CARTESIAN_POINT('',(-5.113747122,4.379315134,1.62854088));
#9998=CARTESIAN_POINT('',(-5.11372755,4.379316726,1.628567815));
#9999=CARTESIAN_POINT('',(-5.113707979,4.379318318,1.628594752));
#10000=CARTESIAN_POINT('',(-5.026106569,4.386444347,1.749167749));
#10001=CARTESIAN_POINT('',(-4.980041149,4.393937127,1.890906963));
#10002=CARTESIAN_POINT('',(-4.980019882,4.401063542,2.039944542));
#10003=CARTESIAN_POINT('',(-4.980019877,4.401065134,2.039977838));
#10004=CARTESIAN_POINT('',(-4.980019875,4.401066726,2.040011133));
#10005=CARTESIAN_POINT('',(-4.980019875,4.401068318,2.040044429));
#10006=CARTESIAN_POINT('',(-4.980019875,4.408194347,2.189080849));
#10007=CARTESIAN_POINT('',(-5.026064387,4.415687127,2.330826856));
#10008=CARTESIAN_POINT('',(-5.113649273,4.422813542,2.451413292));
#10009=CARTESIAN_POINT('',(-5.11366884,4.422815134,2.451440231));
#10010=CARTESIAN_POINT('',(-5.113688408,4.422816726,2.451467169));
#10011=CARTESIAN_POINT('',(-5.113707979,4.422818318,2.451494106));
#10012=CARTESIAN_POINT('',(-5.201309389,4.429944347,2.572067103));
#10013=CARTESIAN_POINT('',(-5.321876394,4.437437127,2.659677746));
#10014=CARTESIAN_POINT('',(-5.463612983,4.444563542,2.705753116));
#10015=CARTESIAN_POINT('',(-5.463644648,4.444565134,2.70576341));
#10016=CARTESIAN_POINT('',(-5.463676313,4.444566726,2.705773701));
#10017=CARTESIAN_POINT('',(-5.463707979,4.444568318,2.70578399));
#10018=CARTESIAN_POINT('',(-5.605450038,4.451694347,2.751838777));
#10019=CARTESIAN_POINT('',(-5.754487038,4.459187127,2.751849769));
#10020=CARTESIAN_POINT('',(-5.896236771,4.466313542,2.70581485));
#10021=CARTESIAN_POINT('',(-5.896268438,4.466315134,2.705804566));
#10022=CARTESIAN_POINT('',(-5.896300105,4.466316726,2.705794279));
#10023=CARTESIAN_POINT('',(-5.896331771,4.466318318,2.70578399));
#10024=CARTESIAN_POINT('',(-6.03807383,4.473444347,2.659729204));
#10025=CARTESIAN_POINT('',(-6.158653757,4.480937127,2.572136346));
#10026=CARTESIAN_POINT('',(-6.246273053,4.488063542,2.451574912));
#10027=CARTESIAN_POINT('',(-6.246292628,4.488065134,2.451547978));
#10028=CARTESIAN_POINT('',(-6.2463122,4.488066726,2.451521043));
#10029=CARTESIAN_POINT('',(-6.246331771,4.488068318,2.451494106));
#10030=CARTESIAN_POINT('',(-6.333933181,4.495194347,2.330921109));
#10031=CARTESIAN_POINT('',(-6.379998601,4.502687127,2.189181895));
#10032=CARTESIAN_POINT('',(-6.380019868,4.509813542,2.040144316));
#10033=CARTESIAN_POINT('',(-6.380019873,4.509815134,2.04011102));
#10034=CARTESIAN_POINT('',(-6.380019875,4.509816726,2.040077725));
#10035=CARTESIAN_POINT('',(-6.380019875,4.509818318,2.040044429));
#10036=CARTESIAN_POINT('',(-6.380019875,4.516944347,1.891008009));
#10037=CARTESIAN_POINT('',(-6.333975363,4.524437127,1.749262002));
#10038=CARTESIAN_POINT('',(-6.246390477,4.531563542,1.628675566));
#10039=CARTESIAN_POINT('',(-6.24637091,4.531565134,1.628648627));
#10040=CARTESIAN_POINT('',(-6.246351342,4.531566726,1.628621689));
#10041=CARTESIAN_POINT('',(-6.246331771,4.531568318,1.628594752));
#10042=CARTESIAN_POINT('',(-6.158730361,4.538694347,1.508021755));
#10043=CARTESIAN_POINT('',(-6.038163356,4.546187127,1.420411112));
#10044=CARTESIAN_POINT('',(-5.896426767,4.553313542,1.374335742));
#10045=CARTESIAN_POINT('',(-5.896395102,4.553315134,1.374325448));
#10046=CARTESIAN_POINT('',(-5.896363437,4.553316726,1.374315157));
#10047=CARTESIAN_POINT('',(-5.896331771,4.553318318,1.374304868));
#10048=CARTESIAN_POINT('',(-5.754589712,4.560444347,1.328250081));
#10049=CARTESIAN_POINT('',(-5.605552712,4.567937127,1.328239089));
#10050=CARTESIAN_POINT('',(-5.463802979,4.575063542,1.374274008));
#10051=CARTESIAN_POINT('',(-5.463771312,4.575065134,1.374284292));
#10052=CARTESIAN_POINT('',(-5.463739645,4.575066726,1.374294579));
#10053=CARTESIAN_POINT('',(-5.463707979,4.575068318,1.374304868));
#10054=CARTESIAN_POINT('',(-5.32196592,4.582194347,1.420359654));
#10055=CARTESIAN_POINT('',(-5.201385993,4.589687127,1.507952512));
#10056=CARTESIAN_POINT('',(-5.113766697,4.596813542,1.628513946));
#10057=CARTESIAN_POINT('',(-5.113747122,4.596815134,1.62854088));
#10058=CARTESIAN_POINT('',(-5.11372755,4.596816726,1.628567815));
#10059=CARTESIAN_POINT('',(-5.113707979,4.596818318,1.628594752));
#10060=CARTESIAN_POINT('',(-5.026106569,4.603944347,1.749167749));
#10061=CARTESIAN_POINT('',(-4.980041149,4.611437127,1.890906963));
#10062=CARTESIAN_POINT('',(-4.980019882,4.618563542,2.039944542));
#10063=CARTESIAN_POINT('',(-4.980019877,4.618565134,2.039977838));
#10064=CARTESIAN_POINT('',(-4.980019875,4.618566726,2.040011133));
#10065=CARTESIAN_POINT('',(-4.980019875,4.618568318,2.040044429));
#10066=CARTESIAN_POINT('',(-4.980019875,4.625694347,2.189080849));
#10067=CARTESIAN_POINT('',(-5.026064387,4.633187127,2.330826856));
#10068=CARTESIAN_POINT('',(-5.113649273,4.640313542,2.451413292));
#10069=CARTESIAN_POINT('',(-5.11366884,4.640315134,2.451440231));
#10070=CARTESIAN_POINT('',(-5.113688408,4.640316726,2.451467169));
#10071=CARTESIAN_POINT('',(-5.113707979,4.640318318,2.451494106));
#10072=CARTESIAN_POINT('',(-5.201309389,4.647444347,2.572067103));
#10073=CARTESIAN_POINT('',(-5.321876394,4.654937127,2.659677746));
#10074=CARTESIAN_POINT('',(-5.463612983,4.662063542,2.705753116));
#10075=CARTESIAN_POINT('',(-5.463644648,4.662065134,2.70576341));
#10076=CARTESIAN_POINT('',(-5.463676313,4.662066726,2.705773701));
#10077=CARTESIAN_POINT('',(-5.463707979,4.662068318,2.70578399));
#10078=CARTESIAN_POINT('',(-5.605450038,4.669194347,2.751838777));
#10079=CARTESIAN_POINT('',(-5.754487038,4.676687127,2.751849769));
#10080=CARTESIAN_POINT('',(-5.896236771,4.683813542,2.70581485));
#10081=CARTESIAN_POINT('',(-5.896268438,4.683815134,2.705804566));
#10082=CARTESIAN_POINT('',(-5.896300105,4.683816726,2.705794279));
#10083=CARTESIAN_POINT('',(-5.896331771,4.683818318,2.70578399));
#10084=CARTESIAN_POINT('',(-6.03807383,4.690944347,2.659729204));
#10085=CARTESIAN_POINT('',(-6.158653757,4.698437127,2.572136346));
#10086=CARTESIAN_POINT('',(-6.246273053,4.705563542,2.451574912));
#10087=CARTESIAN_POINT('',(-6.246292628,4.705565134,2.451547978));
#10088=CARTESIAN_POINT('',(-6.2463122,4.705566726,2.451521043));
#10089=CARTESIAN_POINT('',(-6.246331771,4.705568318,2.451494106));
#10090=CARTESIAN_POINT('',(-6.333933181,4.712694347,2.330921109));
#10091=CARTESIAN_POINT('',(-6.379998601,4.720187127,2.189181895));
#10092=CARTESIAN_POINT('',(-6.380019868,4.727313542,2.040144316));
#10093=CARTESIAN_POINT('',(-6.380019873,4.727315134,2.04011102));
#10094=CARTESIAN_POINT('',(-6.380019875,4.727316726,2.040077725));
#10095=CARTESIAN_POINT('',(-6.380019875,4.727318318,2.040044429));
#10096=CARTESIAN_POINT('',(-6.380019875,4.734444347,1.891008009));
#10097=CARTESIAN_POINT('',(-6.333975363,4.741937127,1.749262002));
#10098=CARTESIAN_POINT('',(-6.246390477,4.749063542,1.628675566));
#10099=CARTESIAN_POINT('',(-6.24637091,4.749065134,1.628648627));
#10100=CARTESIAN_POINT('',(-6.246351342,4.749066726,1.628621689));
#10101=CARTESIAN_POINT('',(-6.246331771,4.749068318,1.628594752));
#10102=CARTESIAN_POINT('',(-6.158730361,4.756194347,1.508021755));
#10103=CARTESIAN_POINT('',(-6.038163356,4.763687127,1.420411112));
#10104=CARTESIAN_POINT('',(-5.896426767,4.770813542,1.374335742));
#10105=CARTESIAN_POINT('',(-5.896395102,4.770815134,1.374325448));
#10106=CARTESIAN_POINT('',(-5.896363437,4.770816726,1.374315157));
#10107=CARTESIAN_POINT('',(-5.896331771,4.770818318,1.374304868));
#10108=CARTESIAN_POINT('',(-5.754589712,4.777944347,1.328250081));
#10109=CARTESIAN_POINT('',(-5.605552712,4.785437127,1.328239089));
#10110=CARTESIAN_POINT('',(-5.463802979,4.792563542,1.374274008));
#10111=CARTESIAN_POINT('',(-5.463771312,4.792565134,1.374284292));
#10112=CARTESIAN_POINT('',(-5.463739645,4.792566726,1.374294579));
#10113=CARTESIAN_POINT('',(-5.463707979,4.792568318,1.374304868));
#10114=CARTESIAN_POINT('',(-5.32196592,4.799694347,1.420359654));
#10115=CARTESIAN_POINT('',(-5.201385993,4.807187127,1.507952512));
#10116=CARTESIAN_POINT('',(-5.113766697,4.814313542,1.628513946));
#10117=CARTESIAN_POINT('',(-5.113747122,4.814315134,1.62854088));
#10118=CARTESIAN_POINT('',(-5.11372755,4.814316726,1.628567815));
#10119=CARTESIAN_POINT('',(-5.113707979,4.814318318,1.628594752));
#10120=CARTESIAN_POINT('',(-5.026106569,4.821444347,1.749167749));
#10121=CARTESIAN_POINT('',(-4.980041149,4.828937127,1.890906963));
#10122=CARTESIAN_POINT('',(-4.980019882,4.836063542,2.039944542));
#10123=CARTESIAN_POINT('',(-4.980019877,4.836065134,2.039977838));
#10124=CARTESIAN_POINT('',(-4.980019875,4.836066726,2.040011133));
#10125=CARTESIAN_POINT('',(-4.980019875,4.836068318,2.040044429));
#10126=CARTESIAN_POINT('',(-4.980019875,4.843194347,2.189080849));
#10127=CARTESIAN_POINT('',(-5.026064387,4.850687127,2.330826856));
#10128=CARTESIAN_POINT('',(-5.113649273,4.857813542,2.451413292));
#10129=CARTESIAN_POINT('',(-5.11366884,4.857815134,2.451440231));
#10130=CARTESIAN_POINT('',(-5.113688408,4.857816726,2.451467169));
#10131=CARTESIAN_POINT('',(-5.113707979,4.857818318,2.451494106));
#10132=CARTESIAN_POINT('',(-5.201309389,4.864944347,2.572067103));
#10133=CARTESIAN_POINT('',(-5.321876394,4.872437127,2.659677746));
#10134=CARTESIAN_POINT('',(-5.463612983,4.879563542,2.705753116));
#10135=CARTESIAN_POINT('',(-5.463644648,4.879565134,2.70576341));
#10136=CARTESIAN_POINT('',(-5.463676313,4.879566726,2.705773701));
#10137=CARTESIAN_POINT('',(-5.463707979,4.879568318,2.70578399));
#10138=CARTESIAN_POINT('',(-5.605450038,4.886694347,2.751838777));
#10139=CARTESIAN_POINT('',(-5.754487038,4.894187127,2.751849769));
#10140=CARTESIAN_POINT('',(-5.896236771,4.901313542,2.70581485));
#10141=CARTESIAN_POINT('',(-5.896268438,4.901315134,2.705804566));
#10142=CARTESIAN_POINT('',(-5.896300105,4.901316726,2.705794279));
#10143=CARTESIAN_POINT('',(-5.896331771,4.901318318,2.70578399));
#10144=CARTESIAN_POINT('',(-6.03807383,4.908444347,2.659729204));
#10145=CARTESIAN_POINT('',(-6.158653757,4.915937127,2.572136346));
#10146=CARTESIAN_POINT('',(-6.246273053,4.923063542,2.451574912));
#10147=CARTESIAN_POINT('',(-6.246292628,4.923065134,2.451547978));
#10148=CARTESIAN_POINT('',(-6.2463122,4.923066726,2.451521043));
#10149=CARTESIAN_POINT('',(-6.246331771,4.923068318,2.451494106));
#10150=CARTESIAN_POINT('',(-6.333933181,4.930194347,2.330921109));
#10151=CARTESIAN_POINT('',(-6.379998601,4.937687127,2.189181895));
#10152=CARTESIAN_POINT('',(-6.380019868,4.944813542,2.040144316));
#10153=CARTESIAN_POINT('',(-6.380019873,4.944815134,2.04011102));
#10154=CARTESIAN_POINT('',(-6.380019875,4.944816726,2.040077725));
#10155=CARTESIAN_POINT('',(-6.380019875,4.944818318,2.040044429));
#10156=CARTESIAN_POINT('',(-6.380019875,4.951944347,1.891008009));
#10157=CARTESIAN_POINT('',(-6.333975363,4.959437127,1.749262002));
#10158=CARTESIAN_POINT('',(-6.246390477,4.966563542,1.628675566));
#10159=CARTESIAN_POINT('',(-6.24637091,4.966565134,1.628648627));
#10160=CARTESIAN_POINT('',(-6.246351342,4.966566726,1.628621689));
#10161=CARTESIAN_POINT('',(-6.246331771,4.966568318,1.628594752));
#10162=CARTESIAN_POINT('',(-6.158730361,4.973694347,1.508021755));
#10163=CARTESIAN_POINT('',(-6.038163356,4.981187127,1.420411112));
#10164=CARTESIAN_POINT('',(-5.896426767,4.988313542,1.374335742));
#10165=CARTESIAN_POINT('',(-5.896395102,4.988315134,1.374325448));
#10166=CARTESIAN_POINT('',(-5.896363437,4.988316726,1.374315157));
#10167=CARTESIAN_POINT('',(-5.896331771,4.988318318,1.374304868));
#10168=CARTESIAN_POINT('',(-5.754589712,4.995444347,1.328250081));
#10169=CARTESIAN_POINT('',(-5.605552712,5.002937127,1.328239089));
#10170=CARTESIAN_POINT('',(-5.463802979,5.010063542,1.374274008));
#10171=CARTESIAN_POINT('',(-5.463771312,5.010065134,1.374284292));
#10172=CARTESIAN_POINT('',(-5.463739645,5.010066726,1.374294579));
#10173=CARTESIAN_POINT('',(-5.463707979,5.010068318,1.374304868));
#10174=CARTESIAN_POINT('',(-5.32196592,5.017194347,1.420359654));
#10175=CARTESIAN_POINT('',(-5.201385993,5.024687127,1.507952512));
#10176=CARTESIAN_POINT('',(-5.113766697,5.031813542,1.628513946));
#10177=CARTESIAN_POINT('',(-5.113747122,5.031815134,1.62854088));
#10178=CARTESIAN_POINT('',(-5.11372755,5.031816726,1.628567815));
#10179=CARTESIAN_POINT('',(-5.113707979,5.031818318,1.628594752));
#10180=CARTESIAN_POINT('',(-5.026106569,5.038944347,1.749167749));
#10181=CARTESIAN_POINT('',(-4.980041149,5.046437127,1.890906963));
#10182=CARTESIAN_POINT('',(-4.980019882,5.053563542,2.039944542));
#10183=CARTESIAN_POINT('',(-4.980019877,5.053565134,2.039977838));
#10184=CARTESIAN_POINT('',(-4.980019875,5.053566726,2.040011133));
#10185=CARTESIAN_POINT('',(-4.980019875,5.053568318,2.040044429));
#10186=CARTESIAN_POINT('',(-4.980019875,5.060694347,2.189080849));
#10187=CARTESIAN_POINT('',(-5.026064387,5.068187127,2.330826856));
#10188=CARTESIAN_POINT('',(-5.113649273,5.075313542,2.451413292));
#10189=CARTESIAN_POINT('',(-5.11366884,5.075315134,2.451440231));
#10190=CARTESIAN_POINT('',(-5.113688408,5.075316726,2.451467169));
#10191=CARTESIAN_POINT('',(-5.113707979,5.075318318,2.451494106));
#10192=CARTESIAN_POINT('',(-5.201309389,5.082444347,2.572067103));
#10193=CARTESIAN_POINT('',(-5.321876394,5.089937127,2.659677746));
#10194=CARTESIAN_POINT('',(-5.463612983,5.097063542,2.705753116));
#10195=CARTESIAN_POINT('',(-5.463644648,5.097065134,2.70576341));
#10196=CARTESIAN_POINT('',(-5.463676313,5.097066726,2.705773701));
#10197=CARTESIAN_POINT('',(-5.463707979,5.097068318,2.70578399));
#10198=CARTESIAN_POINT('',(-5.605450038,5.104194347,2.751838777));
#10199=CARTESIAN_POINT('',(-5.754487038,5.111687127,2.751849769));
#10200=CARTESIAN_POINT('',(-5.896236771,5.118813542,2.70581485));
#10201=CARTESIAN_POINT('',(-5.896268438,5.118815134,2.705804566));
#10202=CARTESIAN_POINT('',(-5.896300105,5.118816726,2.705794279));
#10203=CARTESIAN_POINT('',(-5.896331771,5.118818318,2.70578399));
#10204=CARTESIAN_POINT('',(-6.03807383,5.125944347,2.659729204));
#10205=CARTESIAN_POINT('',(-6.158653757,5.133437127,2.572136346));
#10206=CARTESIAN_POINT('',(-6.246273053,5.140563542,2.451574912));
#10207=CARTESIAN_POINT('',(-6.246292628,5.140565134,2.451547978));
#10208=CARTESIAN_POINT('',(-6.2463122,5.140566726,2.451521043));
#10209=CARTESIAN_POINT('',(-6.246331771,5.140568318,2.451494106));
#10210=CARTESIAN_POINT('',(-6.333933181,5.147694347,2.330921109));
#10211=CARTESIAN_POINT('',(-6.379998601,5.155187127,2.189181895));
#10212=CARTESIAN_POINT('',(-6.380019868,5.162313542,2.040144316));
#10213=CARTESIAN_POINT('',(-6.380019873,5.162315134,2.04011102));
#10214=CARTESIAN_POINT('',(-6.380019875,5.162316726,2.040077725));
#10215=CARTESIAN_POINT('',(-6.380019875,5.162318318,2.040044429));
#10216=CARTESIAN_POINT('',(-6.380019875,5.169444347,1.891008009));
#10217=CARTESIAN_POINT('',(-6.333975363,5.176937127,1.749262002));
#10218=CARTESIAN_POINT('',(-6.246390477,5.184063542,1.628675566));
#10219=CARTESIAN_POINT('',(-6.24637091,5.184065134,1.628648627));
#10220=CARTESIAN_POINT('',(-6.246351342,5.184066726,1.628621689));
#10221=CARTESIAN_POINT('',(-6.246331771,5.184068318,1.628594752));
#10222=CARTESIAN_POINT('',(-6.158730361,5.191194347,1.508021755));
#10223=CARTESIAN_POINT('',(-6.038163356,5.198687127,1.420411112));
#10224=CARTESIAN_POINT('',(-5.896426767,5.205813542,1.374335742));
#10225=CARTESIAN_POINT('',(-5.896395102,5.205815134,1.374325448));
#10226=CARTESIAN_POINT('',(-5.896363437,5.205816726,1.374315157));
#10227=CARTESIAN_POINT('',(-5.896331771,5.205818318,1.374304868));
#10228=CARTESIAN_POINT('',(-5.754589712,5.212944347,1.328250081));
#10229=CARTESIAN_POINT('',(-5.605552712,5.220437127,1.328239089));
#10230=CARTESIAN_POINT('',(-5.463802979,5.227563542,1.374274008));
#10231=CARTESIAN_POINT('',(-5.463771312,5.227565134,1.374284292));
#10232=CARTESIAN_POINT('',(-5.463739645,5.227566726,1.374294579));
#10233=CARTESIAN_POINT('',(-5.463707979,5.227568318,1.374304868));
#10234=CARTESIAN_POINT('',(-5.32196592,5.234694347,1.420359654));
#10235=CARTESIAN_POINT('',(-5.201385993,5.242187127,1.507952512));
#10236=CARTESIAN_POINT('',(-5.113766697,5.249313542,1.628513946));
#10237=CARTESIAN_POINT('',(-5.113747122,5.249315134,1.62854088));
#10238=CARTESIAN_POINT('',(-5.11372755,5.249316726,1.628567815));
#10239=CARTESIAN_POINT('',(-5.113707979,5.249318318,1.628594752));
#10240=CARTESIAN_POINT('',(-5.026106569,5.256444347,1.749167749));
#10241=CARTESIAN_POINT('',(-4.980041149,5.263937127,1.890906963));
#10242=CARTESIAN_POINT('',(-4.980019882,5.271063542,2.039944542));
#10243=CARTESIAN_POINT('',(-4.980019877,5.271065134,2.039977838));
#10244=CARTESIAN_POINT('',(-4.980019875,5.271066726,2.040011133));
#10245=CARTESIAN_POINT('',(-4.980019875,5.271068318,2.040044429));
#10246=CARTESIAN_POINT('',(-4.980019875,5.278194347,2.189080849));
#10247=CARTESIAN_POINT('',(-5.026064387,5.285687127,2.330826856));
#10248=CARTESIAN_POINT('',(-5.113649273,5.292813542,2.451413292));
#10249=CARTESIAN_POINT('',(-5.11366884,5.292815134,2.451440231));
#10250=CARTESIAN_POINT('',(-5.113688408,5.292816726,2.451467169));
#10251=CARTESIAN_POINT('',(-5.113707979,5.292818318,2.451494106));
#10252=CARTESIAN_POINT('',(-5.201309389,5.299944347,2.572067103));
#10253=CARTESIAN_POINT('',(-5.321876394,5.307437127,2.659677746));
#10254=CARTESIAN_POINT('',(-5.463612983,5.314563542,2.705753116));
#10255=CARTESIAN_POINT('',(-5.463644648,5.314565134,2.70576341));
#10256=CARTESIAN_POINT('',(-5.463676313,5.314566726,2.705773701));
#10257=CARTESIAN_POINT('',(-5.463707979,5.314568318,2.70578399));
#10258=CARTESIAN_POINT('',(-5.605450038,5.321694347,2.751838777));
#10259=CARTESIAN_POINT('',(-5.754487038,5.329187127,2.751849769));
#10260=CARTESIAN_POINT('',(-5.896236771,5.336313542,2.70581485));
#10261=CARTESIAN_POINT('',(-5.896268438,5.336315134,2.705804566));
#10262=CARTESIAN_POINT('',(-5.896300105,5.336316726,2.705794279));
#10263=CARTESIAN_POINT('',(-5.896331771,5.336318318,2.70578399));
#10264=CARTESIAN_POINT('',(-6.03807383,5.343444347,2.659729204));
#10265=CARTESIAN_POINT('',(-6.158653757,5.350937127,2.572136346));
#10266=CARTESIAN_POINT('',(-6.246273053,5.358063542,2.451574912));
#10267=CARTESIAN_POINT('',(-6.246292628,5.358065134,2.451547978));
#10268=CARTESIAN_POINT('',(-6.2463122,5.358066726,2.451521043));
#10269=CARTESIAN_POINT('',(-6.246331771,5.358068318,2.451494106));
#10270=CARTESIAN_POINT('',(-6.333933181,5.365194347,2.330921109));
#10271=CARTESIAN_POINT('',(-6.379998601,5.372687127,2.189181895));
#10272=CARTESIAN_POINT('',(-6.380019868,5.379813542,2.040144316));
#10273=CARTESIAN_POINT('',(-6.380019873,5.379815134,2.04011102));
#10274=CARTESIAN_POINT('',(-6.380019875,5.379816726,2.040077725));
#10275=CARTESIAN_POINT('',(-6.380019875,5.379818318,2.040044429));
#10276=CARTESIAN_POINT('',(-6.380019875,5.386944347,1.891008009));
#10277=CARTESIAN_POINT('',(-6.333975363,5.394437127,1.749262002));
#10278=CARTESIAN_POINT('',(-6.246390477,5.401563542,1.628675566));
#10279=CARTESIAN_POINT('',(-6.24637091,5.401565134,1.628648627));
#10280=CARTESIAN_POINT('',(-6.246351342,5.401566726,1.628621689));
#10281=CARTESIAN_POINT('',(-6.246331771,5.401568318,1.628594752));
#10282=CARTESIAN_POINT('',(-6.158730361,5.408694347,1.508021755));
#10283=CARTESIAN_POINT('',(-6.038163356,5.416187127,1.420411112));
#10284=CARTESIAN_POINT('',(-5.896426767,5.423313542,1.374335742));
#10285=CARTESIAN_POINT('',(-5.896395102,5.423315134,1.374325448));
#10286=CARTESIAN_POINT('',(-5.896363437,5.423316726,1.374315157));
#10287=CARTESIAN_POINT('',(-5.896331771,5.423318318,1.374304868));
#10288=CARTESIAN_POINT('',(-5.754589712,5.430444347,1.328250081));
#10289=CARTESIAN_POINT('',(-5.605552712,5.437937127,1.328239089));
#10290=CARTESIAN_POINT('',(-5.463802979,5.445063542,1.374274008));
#10291=CARTESIAN_POINT('',(-5.463771312,5.445065134,1.374284292));
#10292=CARTESIAN_POINT('',(-5.463739645,5.445066726,1.374294579));
#10293=CARTESIAN_POINT('',(-5.463707979,5.445068318,1.374304868));
#10294=CARTESIAN_POINT('',(-5.32196592,5.452194347,1.420359654));
#10295=CARTESIAN_POINT('',(-5.201385993,5.459687127,1.507952512));
#10296=CARTESIAN_POINT('',(-5.113766697,5.466813542,1.628513946));
#10297=CARTESIAN_POINT('',(-5.113747122,5.466815134,1.62854088));
#10298=CARTESIAN_POINT('',(-5.11372755,5.466816726,1.628567815));
#10299=CARTESIAN_POINT('',(-5.113707979,5.466818318,1.628594752));
#10300=CARTESIAN_POINT('',(-5.026106569,5.473944347,1.749167749));
#10301=CARTESIAN_POINT('',(-4.980041149,5.481437127,1.890906963));
#10302=CARTESIAN_POINT('',(-4.980019882,5.488563542,2.039944542));
#10303=CARTESIAN_POINT('',(-4.980019877,5.488565134,2.039977838));
#10304=CARTESIAN_POINT('',(-4.980019875,5.488566726,2.040011133));
#10305=CARTESIAN_POINT('',(-4.980019875,5.488568318,2.040044429));
#10306=CARTESIAN_POINT('',(-4.980019875,5.495694347,2.189080849));
#10307=CARTESIAN_POINT('',(-5.026064387,5.503187127,2.330826856));
#10308=CARTESIAN_POINT('',(-5.113649273,5.510313542,2.451413292));
#10309=CARTESIAN_POINT('',(-5.11366884,5.510315134,2.451440231));
#10310=CARTESIAN_POINT('',(-5.113688408,5.510316726,2.451467169));
#10311=CARTESIAN_POINT('',(-5.113707979,5.510318318,2.451494106));
#10312=CARTESIAN_POINT('',(-5.201309389,5.517444347,2.572067103));
#10313=CARTESIAN_POINT('',(-5.321876394,5.524937127,2.659677746));
#10314=CARTESIAN_POINT('',(-5.463612983,5.532063542,2.705753116));
#10315=CARTESIAN_POINT('',(-5.463644648,5.532065134,2.70576341));
#10316=CARTESIAN_POINT('',(-5.463676313,5.532066726,2.705773701));
#10317=CARTESIAN_POINT('',(-5.463707979,5.532068318,2.70578399));
#10318=CARTESIAN_POINT('',(-5.605450038,5.539194347,2.751838777));
#10319=CARTESIAN_POINT('',(-5.754487038,5.546687127,2.751849769));
#10320=CARTESIAN_POINT('',(-5.896236771,5.553813542,2.70581485));
#10321=CARTESIAN_POINT('',(-5.896268438,5.553815134,2.705804566));
#10322=CARTESIAN_POINT('',(-5.896300105,5.553816726,2.705794279));
#10323=CARTESIAN_POINT('',(-5.896331771,5.553818318,2.70578399));
#10324=CARTESIAN_POINT('',(-6.03807383,5.560944347,2.659729204));
#10325=CARTESIAN_POINT('',(-6.158653757,5.568437127,2.572136346));
#10326=CARTESIAN_POINT('',(-6.246273053,5.575563542,2.451574912));
#10327=CARTESIAN_POINT('',(-6.246292628,5.575565134,2.451547978));
#10328=CARTESIAN_POINT('',(-6.2463122,5.575566726,2.451521043));
#10329=CARTESIAN_POINT('',(-6.246331771,5.575568318,2.451494106));
#10330=CARTESIAN_POINT('',(-6.333933181,5.582694347,2.330921109));
#10331=CARTESIAN_POINT('',(-6.379998601,5.590187127,2.189181895));
#10332=CARTESIAN_POINT('',(-6.380019868,5.597313542,2.040144316));
#10333=CARTESIAN_POINT('',(-6.380019873,5.597315134,2.04011102));
#10334=CARTESIAN_POINT('',(-6.380019875,5.597316726,2.040077725));
#10335=CARTESIAN_POINT('',(-6.380019875,5.597318318,2.040044429));
#10336=CARTESIAN_POINT('',(-6.380019875,5.604444347,1.891008009));
#10337=CARTESIAN_POINT('',(-6.333975363,5.611937127,1.749262002));
#10338=CARTESIAN_POINT('',(-6.246390477,5.619063542,1.628675566));
#10339=CARTESIAN_POINT('',(-6.24637091,5.619065134,1.628648627));
#10340=CARTESIAN_POINT('',(-6.246351342,5.619066726,1.628621689));
#10341=CARTESIAN_POINT('',(-6.246331771,5.619068318,1.628594752));
#10342=CARTESIAN_POINT('',(-6.158730361,5.626194347,1.508021755));
#10343=CARTESIAN_POINT('',(-6.038163356,5.633687127,1.420411112));
#10344=CARTESIAN_POINT('',(-5.896426767,5.640813542,1.374335742));
#10345=CARTESIAN_POINT('',(-5.896395102,5.640815134,1.374325448));
#10346=CARTESIAN_POINT('',(-5.896363437,5.640816726,1.374315157));
#10347=CARTESIAN_POINT('',(-5.896331771,5.640818318,1.374304868));
#10348=CARTESIAN_POINT('',(-5.754589712,5.647944347,1.328250081));
#10349=CARTESIAN_POINT('',(-5.605552712,5.655437127,1.328239089));
#10350=CARTESIAN_POINT('',(-5.463802979,5.662563542,1.374274008));
#10351=CARTESIAN_POINT('',(-5.463771312,5.662565134,1.374284292));
#10352=CARTESIAN_POINT('',(-5.463739645,5.662566726,1.374294579));
#10353=CARTESIAN_POINT('',(-5.463707979,5.662568318,1.374304868));
#10354=CARTESIAN_POINT('',(-5.32196592,5.669694347,1.420359654));
#10355=CARTESIAN_POINT('',(-5.201385993,5.677187127,1.507952512));
#10356=CARTESIAN_POINT('',(-5.113766697,5.684313542,1.628513946));
#10357=CARTESIAN_POINT('',(-5.113747122,5.684315134,1.62854088));
#10358=CARTESIAN_POINT('',(-5.11372755,5.684316726,1.628567815));
#10359=CARTESIAN_POINT('',(-5.113707979,5.684318318,1.628594752));
#10360=CARTESIAN_POINT('',(-5.026106569,5.691444347,1.749167749));
#10361=CARTESIAN_POINT('',(-4.980041149,5.698937127,1.890906963));
#10362=CARTESIAN_POINT('',(-4.980019882,5.706063542,2.039944542));
#10363=CARTESIAN_POINT('',(-4.980019877,5.706065134,2.039977838));
#10364=CARTESIAN_POINT('',(-4.980019875,5.706066726,2.040011133));
#10365=CARTESIAN_POINT('',(-4.980019875,5.706068318,2.040044429));
#10366=CARTESIAN_POINT('',(-4.980019875,5.713194347,2.189080849));
#10367=CARTESIAN_POINT('',(-5.026064387,5.720687127,2.330826856));
#10368=CARTESIAN_POINT('',(-5.113649273,5.727813542,2.451413292));
#10369=CARTESIAN_POINT('',(-5.11366884,5.727815134,2.451440231));
#10370=CARTESIAN_POINT('',(-5.113688408,5.727816726,2.451467169));
#10371=CARTESIAN_POINT('',(-5.113707979,5.727818318,2.451494106));
#10372=CARTESIAN_POINT('',(-5.201309389,5.734944347,2.572067103));
#10373=CARTESIAN_POINT('',(-5.321876394,5.742437127,2.659677746));
#10374=CARTESIAN_POINT('',(-5.463612983,5.749563542,2.705753116));
#10375=CARTESIAN_POINT('',(-5.463644648,5.749565134,2.70576341));
#10376=CARTESIAN_POINT('',(-5.463676313,5.749566726,2.705773701));
#10377=CARTESIAN_POINT('',(-5.463707979,5.749568318,2.70578399));
#10378=CARTESIAN_POINT('',(-5.605450038,5.756694347,2.751838777));
#10379=CARTESIAN_POINT('',(-5.754487038,5.764187127,2.751849769));
#10380=CARTESIAN_POINT('',(-5.896236771,5.771313542,2.70581485));
#10381=CARTESIAN_POINT('',(-5.896268438,5.771315134,2.705804566));
#10382=CARTESIAN_POINT('',(-5.896300105,5.771316726,2.705794279));
#10383=CARTESIAN_POINT('',(-5.896331771,5.771318318,2.70578399));
#10384=CARTESIAN_POINT('',(-6.03807383,5.778444347,2.659729204));
#10385=CARTESIAN_POINT('',(-6.158653757,5.785937127,2.572136346));
#10386=CARTESIAN_POINT('',(-6.246273053,5.793063542,2.451574912));
#10387=CARTESIAN_POINT('',(-6.246292628,5.793065134,2.451547978));
#10388=CARTESIAN_POINT('',(-6.2463122,5.793066726,2.451521043));
#10389=CARTESIAN_POINT('',(-6.246331771,5.793068318,2.451494106));
#10390=CARTESIAN_POINT('',(-6.333933181,5.800194347,2.330921109));
#10391=CARTESIAN_POINT('',(-6.379998601,5.807687127,2.189181895));
#10392=CARTESIAN_POINT('',(-6.380019868,5.814813542,2.040144316));
#10393=CARTESIAN_POINT('',(-6.380019873,5.814815134,2.04011102));
#10394=CARTESIAN_POINT('',(-6.380019875,5.814816726,2.040077725));
#10395=CARTESIAN_POINT('',(-6.380019875,5.814818318,2.040044429));
#10396=CARTESIAN_POINT('',(-6.380019875,5.821944347,1.891008009));
#10397=CARTESIAN_POINT('',(-6.333975363,5.829437127,1.749262002));
#10398=CARTESIAN_POINT('',(-6.246390477,5.836563542,1.628675566));
#10399=CARTESIAN_POINT('',(-6.24637091,5.836565134,1.628648627));
#10400=CARTESIAN_POINT('',(-6.246351342,5.836566726,1.628621689));
#10401=CARTESIAN_POINT('',(-6.246331771,5.836568318,1.628594752));
#10402=CARTESIAN_POINT('',(-6.158730361,5.843694347,1.508021755));
#10403=CARTESIAN_POINT('',(-6.038163356,5.851187127,1.420411112));
#10404=CARTESIAN_POINT('',(-5.896426767,5.858313542,1.374335742));
#10405=CARTESIAN_POINT('',(-5.896395102,5.858315134,1.374325448));
#10406=CARTESIAN_POINT('',(-5.896363437,5.858316726,1.374315157));
#10407=CARTESIAN_POINT('',(-5.896331771,5.858318318,1.374304868));
#10408=CARTESIAN_POINT('',(-5.754589712,5.865444347,1.328250081));
#10409=CARTESIAN_POINT('',(-5.605552712,5.872937127,1.328239089));
#10410=CARTESIAN_POINT('',(-5.463802979,5.880063542,1.374274008));
#10411=CARTESIAN_POINT('',(-5.463771312,5.880065134,1.374284292));
#10412=CARTESIAN_POINT('',(-5.463739645,5.880066726,1.374294579));
#10413=CARTESIAN_POINT('',(-5.463707979,5.880068318,1.374304868));
#10414=CARTESIAN_POINT('',(-5.32196592,5.887194347,1.420359654));
#10415=CARTESIAN_POINT('',(-5.201385993,5.894687127,1.507952512));
#10416=CARTESIAN_POINT('',(-5.113766697,5.901813542,1.628513946));
#10417=CARTESIAN_POINT('',(-5.113747122,5.901815134,1.62854088));
#10418=CARTESIAN_POINT('',(-5.11372755,5.901816726,1.628567815));
#10419=CARTESIAN_POINT('',(-5.113707979,5.901818318,1.628594752));
#10420=CARTESIAN_POINT('',(-5.026106569,5.908944347,1.749167749));
#10421=CARTESIAN_POINT('',(-4.980041149,5.916437127,1.890906963));
#10422=CARTESIAN_POINT('',(-4.980019882,5.923563542,2.039944542));
#10423=CARTESIAN_POINT('',(-4.980019877,5.923565134,2.039977838));
#10424=CARTESIAN_POINT('',(-4.980019875,5.923566726,2.040011133));
#10425=CARTESIAN_POINT('',(-4.980019875,5.923568318,2.040044429));
#10426=CARTESIAN_POINT('',(-4.980019875,5.930694347,2.189080849));
#10427=CARTESIAN_POINT('',(-5.026064387,5.938187127,2.330826856));
#10428=CARTESIAN_POINT('',(-5.113649273,5.945313542,2.451413292));
#10429=CARTESIAN_POINT('',(-5.11366884,5.945315134,2.451440231));
#10430=CARTESIAN_POINT('',(-5.113688408,5.945316726,2.451467169));
#10431=CARTESIAN_POINT('',(-5.113707979,5.945318318,2.451494106));
#10432=CARTESIAN_POINT('',(-5.201309389,5.952444347,2.572067103));
#10433=CARTESIAN_POINT('',(-5.321876394,5.959937127,2.659677746));
#10434=CARTESIAN_POINT('',(-5.463612983,5.967063542,2.705753116));
#10435=CARTESIAN_POINT('',(-5.463644648,5.967065134,2.70576341));
#10436=CARTESIAN_POINT('',(-5.463676313,5.967066726,2.705773701));
#10437=CARTESIAN_POINT('',(-5.463707979,5.967068318,2.70578399));
#10438=CARTESIAN_POINT('',(-5.605450038,5.974194347,2.751838777));
#10439=CARTESIAN_POINT('',(-5.754487038,5.981687127,2.751849769));
#10440=CARTESIAN_POINT('',(-5.896236771,5.988813542,2.70581485));
#10441=CARTESIAN_POINT('',(-5.896268438,5.988815134,2.705804566));
#10442=CARTESIAN_POINT('',(-5.896300105,5.988816726,2.705794279));
#10443=CARTESIAN_POINT('',(-5.896331771,5.988818318,2.70578399));
#10444=CARTESIAN_POINT('',(-6.03807383,5.995944347,2.659729204));
#10445=CARTESIAN_POINT('',(-6.158653757,6.003437127,2.572136346));
#10446=CARTESIAN_POINT('',(-6.246273053,6.010563542,2.451574912));
#10447=CARTESIAN_POINT('',(-6.246292628,6.010565134,2.451547978));
#10448=CARTESIAN_POINT('',(-6.2463122,6.010566726,2.451521043));
#10449=CARTESIAN_POINT('',(-6.246331771,6.010568318,2.451494106));
#10450=CARTESIAN_POINT('',(-6.333933181,6.017694347,2.330921109));
#10451=CARTESIAN_POINT('',(-6.379998601,6.025187127,2.189181895));
#10452=CARTESIAN_POINT('',(-6.380019868,6.032313542,2.040144316));
#10453=CARTESIAN_POINT('',(-6.380019873,6.032315134,2.04011102));
#10454=CARTESIAN_POINT('',(-6.380019875,6.032316726,2.040077725));
#10455=CARTESIAN_POINT('',(-6.380019875,6.032318318,2.040044429));
#10456=CARTESIAN_POINT('',(-6.380019875,6.039444347,1.891008009));
#10457=CARTESIAN_POINT('',(-6.333975363,6.046937127,1.749262002));
#10458=CARTESIAN_POINT('',(-6.246390477,6.054063542,1.628675566));
#10459=CARTESIAN_POINT('',(-6.24637091,6.054065134,1.628648627));
#10460=CARTESIAN_POINT('',(-6.246351342,6.054066726,1.628621689));
#10461=CARTESIAN_POINT('',(-6.246331771,6.054068318,1.628594752));
#10462=CARTESIAN_POINT('',(-6.158730361,6.061194347,1.508021755));
#10463=CARTESIAN_POINT('',(-6.038163356,6.068687127,1.420411112));
#10464=CARTESIAN_POINT('',(-5.896426767,6.075813542,1.374335742));
#10465=CARTESIAN_POINT('',(-5.896395102,6.075815134,1.374325448));
#10466=CARTESIAN_POINT('',(-5.896363437,6.075816726,1.374315157));
#10467=CARTESIAN_POINT('',(-5.896331771,6.075818318,1.374304868));
#10468=CARTESIAN_POINT('',(-5.754589712,6.082944347,1.328250081));
#10469=CARTESIAN_POINT('',(-5.605552712,6.090437127,1.328239089));
#10470=CARTESIAN_POINT('',(-5.463802979,6.097563542,1.374274008));
#10471=CARTESIAN_POINT('',(-5.463771312,6.097565134,1.374284292));
#10472=CARTESIAN_POINT('',(-5.463739645,6.097566726,1.374294579));
#10473=CARTESIAN_POINT('',(-5.463707979,6.097568318,1.374304868));
#10474=CARTESIAN_POINT('',(-5.32196592,6.104694347,1.420359654));
#10475=CARTESIAN_POINT('',(-5.201385993,6.112187127,1.507952512));
#10476=CARTESIAN_POINT('',(-5.113766697,6.119313542,1.628513946));
#10477=CARTESIAN_POINT('',(-5.113747122,6.119315134,1.62854088));
#10478=CARTESIAN_POINT('',(-5.11372755,6.119316726,1.628567815));
#10479=CARTESIAN_POINT('',(-5.113707979,6.119318318,1.628594752));
#10480=CARTESIAN_POINT('',(-5.026106569,6.126444347,1.749167749));
#10481=CARTESIAN_POINT('',(-4.980041149,6.133937127,1.890906963));
#10482=CARTESIAN_POINT('',(-4.980019882,6.141063542,2.039944542));
#10483=CARTESIAN_POINT('',(-4.980019877,6.141065134,2.039977838));
#10484=CARTESIAN_POINT('',(-4.980019875,6.141066726,2.040011133));
#10485=CARTESIAN_POINT('',(-4.980019875,6.141068318,2.040044429));
#10486=CARTESIAN_POINT('',(-4.980019875,6.148194347,2.189080849));
#10487=CARTESIAN_POINT('',(-5.026064387,6.155687127,2.330826856));
#10488=CARTESIAN_POINT('',(-5.113649273,6.162813542,2.451413292));
#10489=CARTESIAN_POINT('',(-5.11366884,6.162815134,2.451440231));
#10490=CARTESIAN_POINT('',(-5.113688408,6.162816726,2.451467169));
#10491=CARTESIAN_POINT('',(-5.113707979,6.162818318,2.451494106));
#10492=CARTESIAN_POINT('',(-5.201309389,6.169944347,2.572067103));
#10493=CARTESIAN_POINT('',(-5.321876394,6.177437127,2.659677746));
#10494=CARTESIAN_POINT('',(-5.463612983,6.184563542,2.705753116));
#10495=CARTESIAN_POINT('',(-5.463644648,6.184565134,2.70576341));
#10496=CARTESIAN_POINT('',(-5.463676313,6.184566726,2.705773701));
#10497=CARTESIAN_POINT('',(-5.463707979,6.184568318,2.70578399));
#10498=CARTESIAN_POINT('',(-5.605450038,6.191694347,2.751838777));
#10499=CARTESIAN_POINT('',(-5.754487038,6.199187127,2.751849769));
#10500=CARTESIAN_POINT('',(-5.896236771,6.206313542,2.70581485));
#10501=CARTESIAN_POINT('',(-5.896268438,6.206315134,2.705804566));
#10502=CARTESIAN_POINT('',(-5.896300105,6.206316726,2.705794279));
#10503=CARTESIAN_POINT('',(-5.896331771,6.206318318,2.70578399));
#10504=CARTESIAN_POINT('',(-6.03807383,6.213444347,2.659729204));
#10505=CARTESIAN_POINT('',(-6.158653757,6.220937127,2.572136346));
#10506=CARTESIAN_POINT('',(-6.246273053,6.228063542,2.451574912));
#10507=CARTESIAN_POINT('',(-6.246292628,6.228065134,2.451547978));
#10508=CARTESIAN_POINT('',(-6.2463122,6.228066726,2.451521043));
#10509=CARTESIAN_POINT('',(-6.246331771,6.228068318,2.451494106));
#10510=CARTESIAN_POINT('',(-6.333933181,6.235194347,2.330921109));
#10511=CARTESIAN_POINT('',(-6.379998601,6.242687127,2.189181895));
#10512=CARTESIAN_POINT('',(-6.380019868,6.249813542,2.040144316));
#10513=CARTESIAN_POINT('',(-6.380019873,6.249815134,2.04011102));
#10514=CARTESIAN_POINT('',(-6.380019875,6.249816726,2.040077725));
#10515=CARTESIAN_POINT('',(-6.380019875,6.249818318,2.040044429));
#10516=CARTESIAN_POINT('',(-6.380019875,6.253095355,1.971507256));
#10517=CARTESIAN_POINT('',(-6.370025395,6.256506495,1.903412805));
#10518=CARTESIAN_POINT('',(-6.350006408,6.259980125,1.837268579));
#10519=(BOUNDED_CURVE()
B_SPLINE_CURVE(3,(#9795,#9796,#9797,#9798,#9799,#9800,#9801,#9802,#9803,#9804,#9805,#9806,#9807,#9808,#9809,#9810,#9811,#9812,#9813,#9814,#9815,#9816,#9817,#9818,#9819,#9820,
#9821,#9822,#9823,#9824,#9825,#9826,#9827,#9828,#9829,#9830,#9831,#9832,#9833,#9834,#9835,#9836,#9837,#9838,#9839,#9840,#9841,#9842,#9843,#9844,#9845,
#9846,#9847,#9848,#9849,#9850,#9851,#9852,#9853,#9854,#9855,#9856,#9857,#9858,#9859,#9860,#9861,#9862,#9863,#9864,#9865,#9866,#9867,#9868,#9869,#9870,
#9871,#9872,#9873,#9874,#9875,#9876,#9877,#9878,#9879,#9880,#9881,#9882,#9883,#9884,#9885,#9886,#9887,#9888,#9889,#9890,#9891,#9892,#9893,#9894,#9895,
#9896,#9897,#9898,#9899,#9900,#9901,#9902,#9903,#9904,#9905,#9906,#9907,#9908,#9909,#9910,#9911,#9912,#9913,#9914,#9915,#9916,#9917,#9918,#9919,#9920,
#9921,#9922,#9923,#9924,#9925,#9926,#9927,#9928,#9929,#9930,#9931,#9932,#9933,#9934,#9935,#9936,#9937,#9938,#9939,#9940,#9941,#9942,#9943,#9944,#9945,
#9946,#9947,#9948,#9949,#9950,#9951,#9952,#9953,#9954,#9955,#9956,#9957,#9958,#9959,#9960,#9961,#9962,#9963,#9964,#9965,#9966,#9967,#9968,#9969,#9970,
#9971,#9972,#9973,#9974,#9975,#9976,#9977,#9978,#9979,#9980,#9981,#9982,#9983,#9984,#9985,#9986,#9987,#9988,#9989,#9990,#9991,#9992,#9993,#9994,#9995,
#9996,#9997,#9998,#9999,#10000,#10001,#10002,#10003,#10004,#10005,#10006,#10007,#10008,#10009,#10010,#10011,#10012,#10013,#10014,#10015,#10016,#10017,#10018,#10019,#10020,
#10021,#10022,#10023,#10024,#10025,#10026,#10027,#10028,#10029,#10030,#10031,#10032,#10033,#10034,#10035,#10036,#10037,#10038,#10039,#10040,#10041,#10042,#10043,#10044,#10045,
#10046,#10047,#10048,#10049,#10050,#10051,#10052,#10053,#10054,#10055,#10056,#10057,#10058,#10059,#10060,#10061,#10062,#10063,#10064,#10065,#10066,#10067,#10068,#10069,#10070,
#10071,#10072,#10073,#10074,#10075,#10076,#10077,#10078,#10079,#10080,#10081,#10082,#10083,#10084,#10085,#10086,#10087,#10088,#10089,#10090,#10091,#10092,#10093,#10094,#10095,
#10096,#10097,#10098,#10099,#10100,#10101,#10102,#10103,#10104,#10105,#10106,#10107,#10108,#10109,#10110,#10111,#10112,#10113,#10114,#10115,#10116,#10117,#10118,#10119,#10120,
#10121,#10122,#10123,#10124,#10125,#10126,#10127,#10128,#10129,#10130,#10131,#10132,#10133,#10134,#10135,#10136,#10137,#10138,#10139,#10140,#10141,#10142,#10143,#10144,#10145,
#10146,#10147,#10148,#10149,#10150,#10151,#10152,#10153,#10154,#10155,#10156,#10157,#10158,#10159,#10160,#10161,#10162,#10163,#10164,#10165,#10166,#10167,#10168,#10169,#10170,
#10171,#10172,#10173,#10174,#10175,#10176,#10177,#10178,#10179,#10180,#10181,#10182,#10183,#10184,#10185,#10186,#10187,#10188,#10189,#10190,#10191,#10192,#10193,#10194,#10195,
#10196,#10197,#10198,#10199,#10200,#10201,#10202,#10203,#10204,#10205,#10206,#10207,#10208,#10209,#10210,#10211,#10212,#10213,#10214,#10215,#10216,#10217,#10218,#10219,#10220,
#10221,#10222,#10223,#10224,#10225,#10226,#10227,#10228,#10229,#10230,#10231,#10232,#10233,#10234,#10235,#10236,#10237,#10238,#10239,#10240,#10241,#10242,#10243,#10244,#10245,
#10246,#10247,#10248,#10249,#10250,#10251,#10252,#10253,#10254,#10255,#10256,#10257,#10258,#10259,#10260,#10261,#10262,#10263,#10264,#10265,#10266,#10267,#10268,#10269,#10270,
#10271,#10272,#10273,#10274,#10275,#10276,#10277,#10278,#10279,#10280,#10281,#10282,#10283,#10284,#10285,#10286,#10287,#10288,#10289,#10290,#10291,#10292,#10293,#10294,#10295,
#10296,#10297,#10298,#10299,#10300,#10301,#10302,#10303,#10304,#10305,#10306,#10307,#10308,#10309,#10310,#10311,#10312,#10313,#10314,#10315,#10316,#10317,#10318,#10319,#10320,
#10321,#10322,#10323,#10324,#10325,#10326,#10327,#10328,#10329,#10330,#10331,#10332,#10333,#10334,#10335,#10336,#10337,#10338,#10339,#10340,#10341,#10342,#10343,#10344,#10345,
#10346,#10347,#10348,#10349,#10350,#10351,#10352,#10353,#10354,#10355,#10356,#10357,#10358,#10359,#10360,#10361,#10362,#10363,#10364,#10365,#10366,#10367,#10368,#10369,#10370,
#10371,#10372,#10373,#10374,#10375,#10376,#10377,#10378,#10379,#10380,#10381,#10382,#10383,#10384,#10385,#10386,#10387,#10388,#10389,#10390,#10391,#10392,#10393,#10394,#10395,
#10396,#10397,#10398,#10399,#10400,#10401,#10402,#10403,#10404,#10405,#10406,#10407,#10408,#10409,#10410,#10411,#10412,#10413,#10414,#10415,#10416,#10417,#10418,#10419,#10420,
#10421,#10422,#10423,#10424,#10425,#10426,#10427,#10428,#10429,#10430,#10431,#10432,#10433,#10434,#10435,#10436,#10437,#10438,#10439,#10440,#10441,#10442,#10443,#10444,#10445,
#10446,#10447,#10448,#10449,#10450,#10451,#10452,#10453,#10454,#10455,#10456,#10457,#10458,#10459,#10460,#10461,#10462,#10463,#10464,#10465,#10466,#10467,#10468,#10469,#10470,
#10471,#10472,#10473,#10474,#10475,#10476,#10477,#10478,#10479,#10480,#10481,#10482,#10483,#10484,#10485,#10486,#10487,#10488,#10489,#10490,#10491,#10492,#10493,#10494,#10495,
#10496,#10497,#10498,#10499,#10500,#10501,#10502,#10503,#10504,#10505,#10506,#10507,#10508,#10509,#10510,#10511,#10512,#10513,#10514,#10515,#10516,#10517,#10518),.UNSPECIFIED.,.F.,.F.)
B_SPLINE_CURVE_WITH_KNOTS((4,3,3,3,3,3,3,3,3,3,3,3,3,3,3,3,3,3,3,3,3,3,3,3,3,3,
3,3,3,3,3,3,3,3,3,3,3,3,3,3,3,3,3,3,3,3,3,3,3,3,3,
3,3,3,3,3,3,3,3,3,3,3,3,3,3,3,3,3,3,3,3,3,3,3,3,3,
3,3,3,3,3,3,3,3,3,3,3,3,3,3,3,3,3,3,3,3,3,3,3,3,3,
3,3,3,3,3,3,3,3,3,3,3,3,3,3,3,3,3,3,3,3,3,3,3,3,3,
3,3,3,3,3,3,3,3,3,3,3,3,3,3,3,3,3,3,3,3,3,3,3,3,3,
3,3,3,3,3,3,3,3,3,3,3,3,3,3,3,3,3,3,3,3,3,3,3,3,3,
3,3,3,3,3,3,3,3,3,3,3,3,3,3,3,3,3,3,3,3,3,3,3,3,3,
3,3,3,3,3,3,3,3,3,3,3,3,3,3,3,3,3,3,3,3,3,3,3,3,3,
3,3,3,3,3,3,3,3,3,3,3,3,3,3,3,4),(0.074024735,0.074565613,0.074567262,0.08170847,0.081710119,0.088851328,0.088852977,0.095994185,0.095995834,0.103137042,0.103138691,0.110279899,0.110281548,0.117422756,0.117424405,0.124565613,0.124567262,0.13170847,0.131710119,0.138851328,0.138852977,0.145994185,0.145995834,0.153137042,0.153138691,0.160279899,
0.160281548,0.167422756,0.167424405,0.174565613,0.174567262,0.18170847,0.181710119,0.188851328,0.188852977,0.195994185,0.195995834,0.203137042,0.203138691,0.210279899,0.210281548,0.217422756,0.217424405,0.224565613,0.224567262,0.23170847,0.231710119,0.238851328,0.238852977,0.245994185,0.245995834,
0.253137042,0.253138691,0.260279899,0.260281548,0.267422756,0.267424405,0.274565613,0.274567262,0.28170847,0.281710119,0.288851328,0.288852977,0.295994185,0.295995834,0.303137042,0.303138691,0.310279899,0.310281548,0.317422756,0.317424405,0.324565613,0.324567262,0.33170847,0.331710119,0.338851328,
0.338852977,0.345994185,0.345995834,0.353137042,0.353138691,0.360279899,0.360281548,0.367422756,0.367424405,0.374565613,0.374567262,0.38170847,0.381710119,0.388851328,0.388852977,0.395994185,0.395995834,0.403137042,0.403138691,0.410279899,0.410281548,0.417422756,0.417424405,0.424565613,0.424567262,
0.43170847,0.431710119,0.438851328,0.438852977,0.445994185,0.445995834,0.453137042,0.453138691,0.460279899,0.460281548,0.467422756,0.467424405,0.474565613,0.474567262,0.48170847,0.481710119,0.488851328,0.488852977,0.495994185,0.495995834,0.503137042,0.503138691,0.510279899,0.510281548,0.517422756,
0.517424405,0.524565613,0.524567262,0.53170847,0.531710119,0.538851328,0.538852977,0.545994185,0.545995834,0.553137042,0.553138691,0.560279899,0.560281548,0.567422756,0.567424405,0.574565613,0.574567262,0.58170847,0.581710119,0.588851328,0.588852977,0.595994185,0.595995834,0.603137042,0.603138691,
0.610279899,0.610281548,0.617422756,0.617424405,0.624565613,0.624567262,0.63170847,0.631710119,0.638851328,0.638852977,0.645994185,0.645995834,0.653137042,0.653138691,0.660279899,0.660281548,0.667422756,0.667424405,0.674565613,0.674567262,0.68170847,0.681710119,0.688851328,0.688852977,0.695994185,
0.695995834,0.703137042,0.703138691,0.710279899,0.710281548,0.717422756,0.717424405,0.724565613,0.724567262,0.73170847,0.731710119,0.738851328,0.738852977,0.745994185,0.745995834,0.753137042,0.753138691,0.760279899,0.760281548,0.767422756,0.767424405,0.774565613,0.774567262,0.78170847,0.781710119,
0.788851328,0.788852977,0.795994185,0.795995834,0.803137042,0.803138691,0.810279899,0.810281548,0.817422756,0.817424405,0.824565613,0.824567262,0.83170847,0.831710119,0.838851328,0.838852977,0.845994185,0.845995834,0.853137042,0.853138691,0.860279899,0.860281548,0.867422756,0.867424405,0.874565613,
0.874567262,0.88170847,0.881710119,0.888851328,0.888852977,0.895994185,0.895995834,0.903137042,0.903138691,0.910279899,0.910281548,0.917422756,0.917424405,0.924565613,0.924567262,0.927910182),.UNSPECIFIED.)
CURVE()
GEOMETRIC_REPRESENTATION_ITEM()
RATIONAL_B_SPLINE_CURVE((0.993129821,0.995225256,0.997507784,0.999977405,0.999984935,0.999992466,1.,0.967378544,0.967371012,0.999977405,0.999984935,0.999992466,1.,0.967378544,0.967371012,0.999977405,0.999984935,0.999992466,1.,0.967378544,0.967371012,0.999977405,0.999984935,0.999992466,1.,0.967378544,
0.967371012,0.999977405,0.999984935,0.999992466,1.,0.967378544,0.967371012,0.999977405,0.999984935,0.999992466,1.,0.967378544,0.967371012,0.999977405,0.999984935,0.999992466,1.,0.967378544,0.967371012,0.999977405,0.999984935,0.999992466,1.,0.967378544,0.967371012,
0.999977405,0.999984935,0.999992466,1.,0.967378544,0.967371012,0.999977405,0.999984935,0.999992466,1.,0.967378544,0.967371012,0.999977405,0.999984935,0.999992466,1.,0.967378544,0.967371012,0.999977405,0.999984935,0.999992466,1.,0.967378544,0.967371012,0.999977405,
0.999984935,0.999992466,1.,0.967378544,0.967371012,0.999977405,0.999984935,0.999992466,1.,0.967378544,0.967371012,0.999977405,0.999984935,0.999992466,1.,0.967378544,0.967371012,0.999977405,0.999984935,0.999992466,1.,0.967378544,0.967371012,0.999977405,0.999984935,
0.999992466,1.,0.967378544,0.967371012,0.999977405,0.999984935,0.999992466,1.,0.967378544,0.967371012,0.999977405,0.999984935,0.999992466,1.,0.967378544,0.967371012,0.999977405,0.999984935,0.999992466,1.,0.967378544,0.967371012,0.999977405,0.999984935,0.999992466,
1.,0.967378544,0.967371012,0.999977405,0.999984935,0.999992466,1.,0.967378544,0.967371012,0.999977405,0.999984935,0.999992466,1.,0.967378544,0.967371012,0.999977405,0.999984935,0.999992466,1.,0.967378544,0.967371012,0.999977405,0.999984935,0.999992466,1.,
0.967378544,0.967371012,0.999977405,0.999984935,0.999992466,1.,0.967378544,0.967371012,0.999977405,0.999984935,0.999992466,1.,0.967378544,0.967371012,0.999977405,0.999984935,0.999992466,1.,0.967378544,0.967371012,0.999977405,0.999984935,0.999992466,1.,0.967378544,
0.967371012,0.999977405,0.999984935,0.999992466,1.,0.967378544,0.967371012,0.999977405,0.999984935,0.999992466,1.,0.967378544,0.967371012,0.999977405,0.999984935,0.999992466,1.,0.967378544,0.967371012,0.999977405,0.999984935,0.999992466,1.,0.967378544,0.967371012,
0.999977405,0.999984935,0.999992466,1.,0.967378544,0.967371012,0.999977405,0.999984935,0.999992466,1.,0.967378544,0.967371012,0.999977405,0.999984935,0.999992466,1.,0.967378544,0.967371012,0.999977405,0.999984935,0.999992466,1.,0.967378544,0.967371012,0.999977405,
0.999984935,0.999992466,1.,0.967378544,0.967371012,0.999977405,0.999984935,0.999992466,1.,0.967378544,0.967371012,0.999977405,0.999984935,0.999992466,1.,0.967378544,0.967371012,0.999977405,0.999984935,0.999992466,1.,0.967378544,0.967371012,0.999977405,0.999984935,
0.999992466,1.,0.967378544,0.967371012,0.999977405,0.999984935,0.999992466,1.,0.967378544,0.967371012,0.999977405,0.999984935,0.999992466,1.,0.967378544,0.967371012,0.999977405,0.999984935,0.999992466,1.,0.967378544,0.967371012,0.999977405,0.999984935,0.999992466,
1.,0.967378544,0.967371012,0.999977405,0.999984935,0.999992466,1.,0.967378544,0.967371012,0.999977405,0.999984935,0.999992466,1.,0.967378544,0.967371012,0.999977405,0.999984935,0.999992466,1.,0.967378544,0.967371012,0.999977405,0.999984935,0.999992466,1.,
0.967378544,0.967371012,0.999977405,0.999984935,0.999992466,1.,0.967378544,0.967371012,0.999977405,0.999984935,0.999992466,1.,0.967378544,0.967371012,0.999977405,0.999984935,0.999992466,1.,0.967378544,0.967371012,0.999977405,0.999984935,0.999992466,1.,0.967378544,
0.967371012,0.999977405,0.999984935,0.999992466,1.,0.967378544,0.967371012,0.999977405,0.999984935,0.999992466,1.,0.967378544,0.967371012,0.999977405,0.999984935,0.999992466,1.,0.967378544,0.967371012,0.999977405,0.999984935,0.999992466,1.,0.967378544,0.967371012,
0.999977405,0.999984935,0.999992466,1.,0.967378544,0.967371012,0.999977405,0.999984935,0.999992466,1.,0.967378544,0.967371012,0.999977405,0.999984935,0.999992466,1.,0.967378544,0.967371012,0.999977405,0.999984935,0.999992466,1.,0.967378544,0.967371012,0.999977405,
0.999984935,0.999992466,1.,0.967378544,0.967371012,0.999977405,0.999984935,0.999992466,1.,0.967378544,0.967371012,0.999977405,0.999984935,0.999992466,1.,0.967378544,0.967371012,0.999977405,0.999984935,0.999992466,1.,0.967378544,0.967371012,0.999977405,0.999984935,
0.999992466,1.,0.967378544,0.967371012,0.999977405,0.999984935,0.999992466,1.,0.967378544,0.967371012,0.999977405,0.999984935,0.999992466,1.,0.967378544,0.967371012,0.999977405,0.999984935,0.999992466,1.,0.967378544,0.967371012,0.999977405,0.999984935,0.999992466,
1.,0.967378544,0.967371012,0.999977405,0.999984935,0.999992466,1.,0.967378544,0.967371012,0.999977405,0.999984935,0.999992466,1.,0.967378544,0.967371012,0.999977405,0.999984935,0.999992466,1.,0.967378544,0.967371012,0.999977405,0.999984935,0.999992466,1.,
0.967378544,0.967371012,0.999977405,0.999984935,0.999992466,1.,0.967378544,0.967371012,0.999977405,0.999984935,0.999992466,1.,0.967378544,0.967371012,0.999977405,0.999984935,0.999992466,1.,0.967378544,0.967371012,0.999977405,0.999984935,0.999992466,1.,0.967378544,
0.967371012,0.999977405,0.999984935,0.999992466,1.,0.967378544,0.967371012,0.999977405,0.999984935,0.999992466,1.,0.967378544,0.967371012,0.999977405,0.999984935,0.999992466,1.,0.967378544,0.967371012,0.999977405,0.999984935,0.999992466,1.,0.967378544,0.967371012,
0.999977405,0.999984935,0.999992466,1.,0.967378544,0.967371012,0.999977405,0.999984935,0.999992466,1.,0.967378544,0.967371012,0.999977405,0.999984935,0.999992466,1.,0.967378544,0.967371012,0.999977405,0.999984935,0.999992466,1.,0.967378544,0.967371012,0.999977405,
0.999984935,0.999992466,1.,0.967378544,0.967371012,0.999977405,0.999984935,0.999992466,1.,0.967378544,0.967371012,0.999977405,0.999984935,0.999992466,1.,0.967378544,0.967371012,0.999977405,0.999984935,0.999992466,1.,0.967378544,0.967371012,0.999977405,0.999984935,
0.999992466,1.,0.967378544,0.967371012,0.999977405,0.999984935,0.999992466,1.,0.967378544,0.967371012,0.999977405,0.999984935,0.999992466,1.,0.967378544,0.967371012,0.999977405,0.999984935,0.999992466,1.,0.967378544,0.967371012,0.999977405,0.999984935,0.999992466,
1.,0.967378544,0.967371012,0.999977405,0.999984935,0.999992466,1.,0.967378544,0.967371012,0.999977405,0.999984935,0.999992466,1.,0.967378544,0.967371012,0.999977405,0.999984935,0.999992466,1.,0.967378544,0.967371012,0.999977405,0.999984935,0.999992466,1.,
0.967378544,0.967371012,0.999977405,0.999984935,0.999992466,1.,0.967378544,0.967371012,0.999977405,0.999984935,0.999992466,1.,0.967378544,0.967371012,0.999977405,0.999984935,0.999992466,1.,0.967378544,0.967371012,0.999977405,0.999984935,0.999992466,1.,0.967378544,
0.967371012,0.999977405,0.999984935,0.999992466,1.,0.967378544,0.967371012,0.999977405,0.999984935,0.999992466,1.,0.967378544,0.967371012,0.999977405,0.999984935,0.999992466,1.,0.967378544,0.967371012,0.999977405,0.999984935,0.999992466,1.,0.967378544,0.967371012,
0.999977405,0.999984935,0.999992466,1.,0.967378544,0.967371012,0.999977405,0.999984935,0.999992466,1.,0.967378544,0.967371012,0.999977405,0.999984935,0.999992466,1.,0.967378544,0.967371012,0.999977405,0.999984935,0.999992466,1.,0.967378544,0.967371012,0.999977405,
0.999984935,0.999992466,1.,0.967378544,0.967371012,0.999977405,0.999984935,0.999992466,1.,0.967378544,0.967371012,0.999977405,0.999984935,0.999992466,1.,0.967378544,0.967371012,0.999977405,0.999984935,0.999992466,1.,0.967378544,0.967371012,0.999977405,0.999984935,
0.999992466,1.,0.967378544,0.967371012,0.999977405,0.999984935,0.999992466,1.,0.967378544,0.967371012,0.999977405,0.999984935,0.999992466,1.,0.967378544,0.967371012,0.999977405,0.999984935,0.999992466,1.,0.984729349,0.976605496,0.97562844))
REPRESENTATION_ITEM(''));
#10520=EDGE_CURVE('',#9792,#9794,#10519,.T.);
#10521=ORIENTED_EDGE('',*,*,#10520,.F.);
#10522=CARTESIAN_POINT('',(-6.265079101,3.659980125,1.655719433));
#10523=CARTESIAN_POINT('',(-6.262833009,3.659980125,1.657193834));
#10524=CARTESIAN_POINT('',(-6.263401315,3.659980125,1.660581582));
#10525=CARTESIAN_POINT('',(-6.263751896,3.659980125,1.663173872));
#10526=CARTESIAN_POINT('',(-6.264102477,3.659980125,1.665766162));
#10527=CARTESIAN_POINT('',(-6.264721105,3.659980125,1.66832801));
#10528=CARTESIAN_POINT('',(-6.265407099,3.659980125,1.670858236));
#10529=CARTESIAN_POINT('',(-6.266779088,3.659980125,1.675918687));
#10530=CARTESIAN_POINT('',(-6.268452487,3.659980125,1.680879256));
#10531=CARTESIAN_POINT('',(-6.270182341,3.659980125,1.685821117));
#10532=CARTESIAN_POINT('',(-6.273642048,3.659980125,1.695704839));
#10533=CARTESIAN_POINT('',(-6.277354473,3.659980125,1.705504856));
#10534=CARTESIAN_POINT('',(-6.281000825,3.659980125,1.7153268));
#10535=CARTESIAN_POINT('',(-6.288293531,3.659980125,1.734970687));
#10536=CARTESIAN_POINT('',(-6.295344213,3.659980125,1.754693884));
#10537=CARTESIAN_POINT('',(-6.301718197,3.659980125,1.77463883));
#10538=CARTESIAN_POINT('',(-6.314466166,3.659980125,1.814528723));
#10539=CARTESIAN_POINT('',(-6.324523258,3.659980125,1.855423686));
#10540=CARTESIAN_POINT('',(-6.331067968,3.659980125,1.896389011));
#10541=CARTESIAN_POINT('',(-6.337612677,3.659980125,1.937354335));
#10542=CARTESIAN_POINT('',(-6.34078382,3.659980125,1.978589569));
#10543=CARTESIAN_POINT('',(-6.340373281,3.659980125,2.020111362));
#10544=CARTESIAN_POINT('',(-6.339962742,3.659980125,2.061633156));
#10545=CARTESIAN_POINT('',(-6.335804184,3.659980125,2.103800581));
#10546=CARTESIAN_POINT('',(-6.327981825,3.659980125,2.144580822));
#10547=CARTESIAN_POINT('',(-6.320159465,3.659980125,2.185361063));
#10548=CARTESIAN_POINT('',(-6.308756858,3.659980125,2.225099598));
#10549=CARTESIAN_POINT('',(-6.293750885,3.659980125,2.263789702));
#10550=CARTESIAN_POINT('',(-6.278744913,3.659980125,2.302479805));
#10551=CARTESIAN_POINT('',(-6.259884563,3.659980125,2.340430614));
#10552=CARTESIAN_POINT('',(-6.238024225,3.659980125,2.375801166));
#10553=CARTESIAN_POINT('',(-6.194303551,3.659980125,2.44654227));
#10554=CARTESIAN_POINT('',(-6.13707595,3.659980125,2.509406243));
#10555=CARTESIAN_POINT('',(-6.0708417,3.659980125,2.55948758));
#10556=CARTESIAN_POINT('',(-6.004607451,3.659980125,2.609568918));
#10557=CARTESIAN_POINT('',(-5.928294147,3.659980125,2.647575957));
#10558=CARTESIAN_POINT('',(-5.848532615,3.659980125,2.670353332));
#10559=CARTESIAN_POINT('',(-5.768771084,3.659980125,2.693130707));
#10560=CARTESIAN_POINT('',(-5.683863802,3.659980125,2.701251332));
#10561=CARTESIAN_POINT('',(-5.601199139,3.659980125,2.694403494));
#10562=CARTESIAN_POINT('',(-5.518534476,3.659980125,2.687555656));
#10563=CARTESIAN_POINT('',(-5.436490162,3.659980125,2.665343117));
#10564=CARTESIAN_POINT('',(-5.359773376,3.659980125,2.631227741));
#10565=CARTESIAN_POINT('',(-5.321414983,3.659980125,2.614170052));
#10566=CARTESIAN_POINT('',(-5.284720854,3.659980125,2.593602741));
#10567=CARTESIAN_POINT('',(-5.24787126,3.659980125,2.57343193));
#10568=CARTESIAN_POINT('',(-5.238658862,3.659980125,2.568389227));
#10569=CARTESIAN_POINT('',(-5.229608955,3.659980125,2.563028933));
#10570=CARTESIAN_POINT('',(-5.2194832,3.659980125,2.559771397));
#10571=CARTESIAN_POINT('',(-5.216951762,3.659980125,2.558957013));
#10572=CARTESIAN_POINT('',(-5.213770228,3.659980125,2.557807146));
#10573=CARTESIAN_POINT('',(-5.211537621,3.659980125,2.559407502));
#10574=CARTESIAN_POINT('',(-5.209305014,3.659980125,2.561007858));
#10575=CARTESIAN_POINT('',(-5.210571135,3.659980125,2.564570421));
#10576=CARTESIAN_POINT('',(-5.211615708,3.659980125,2.567084685));
#10577=CARTESIAN_POINT('',(-5.213704855,3.659980125,2.572113213));
#10578=CARTESIAN_POINT('',(-5.216827405,3.659980125,2.57662006));
#10579=CARTESIAN_POINT('',(-5.220018686,3.659980125,2.580986587));
#10580=CARTESIAN_POINT('',(-5.232783809,3.659980125,2.598452693));
#10581=CARTESIAN_POINT('',(-5.248330358,3.659980125,2.613675511));
#10582=CARTESIAN_POINT('',(-5.264393246,3.659980125,2.627952272));
#10583=CARTESIAN_POINT('',(-5.296519021,3.659980125,2.656505795));
#10584=CARTESIAN_POINT('',(-5.332525507,3.659980125,2.681007904));
#10585=CARTESIAN_POINT('',(-5.369994129,3.659980125,2.701463826));
#10586=CARTESIAN_POINT('',(-5.407462751,3.659980125,2.721919748));
#10587=CARTESIAN_POINT('',(-5.446806451,3.659980125,2.738512833));
#10588=CARTESIAN_POINT('',(-5.487906112,3.659980125,2.751488472));
#10589=CARTESIAN_POINT('',(-5.570105434,3.659980125,2.777439751));
#10590=CARTESIAN_POINT('',(-5.656149429,3.659980125,2.787738739));
#10591=CARTESIAN_POINT('',(-5.741732578,3.659980125,2.782567462));
#10592=CARTESIAN_POINT('',(-5.912898878,3.659980125,2.772224906));
#10593=CARTESIAN_POINT('',(-6.078751088,3.659980125,2.698122986));
#10594=CARTESIAN_POINT('',(-6.201209707,3.659980125,2.579297015));
#10595=CARTESIAN_POINT('',(-6.262439017,3.659980125,2.519884029));
#10596=CARTESIAN_POINT('',(-6.313430399,3.659980125,2.449108399));
#10597=CARTESIAN_POINT('',(-6.350245859,3.659980125,2.372263463));
#10598=CARTESIAN_POINT('',(-6.387061318,3.659980125,2.295418527));
#10599=CARTESIAN_POINT('',(-6.410259529,3.659980125,2.211152667));
#10600=CARTESIAN_POINT('',(-6.417772811,3.659980125,2.126347829));
#10601=CARTESIAN_POINT('',(-6.425286093,3.659980125,2.04154299));
#10602=CARTESIAN_POINT('',(-6.417341637,3.659980125,1.954214459));
#10603=CARTESIAN_POINT('',(-6.393416614,3.659980125,1.872690017));
#10604=CARTESIAN_POINT('',(-6.381454103,3.659980125,1.831927797));
#10605=CARTESIAN_POINT('',(-6.365647483,3.659980125,1.792394318));
#10606=CARTESIAN_POINT('',(-6.345140721,3.659980125,1.754363207));
#10607=CARTESIAN_POINT('',(-6.33488734,3.659980125,1.735347651));
#10608=CARTESIAN_POINT('',(-6.323536818,3.659980125,1.716847748));
#10609=CARTESIAN_POINT('',(-6.310814282,3.659980125,1.699350121));
#10610=CARTESIAN_POINT('',(-6.304453015,3.659980125,1.690601307));
#10611=CARTESIAN_POINT('',(-6.29776477,3.659980125,1.682070094));
#10612=CARTESIAN_POINT('',(-6.290487831,3.659980125,1.674064023));
#10613=CARTESIAN_POINT('',(-6.286849361,3.659980125,1.670060988));
#10614=CARTESIAN_POINT('',(-6.28308893,3.659980125,1.66615306));
#10615=CARTESIAN_POINT('',(-6.279013964,3.659980125,1.662594238));
#10616=CARTESIAN_POINT('',(-6.276976481,3.659980125,1.660814827));
#10617=CARTESIAN_POINT('',(-6.274874189,3.659980125,1.659095994));
#10618=CARTESIAN_POINT('',(-6.272592227,3.659980125,1.657640962));
#10619=CARTESIAN_POINT('',(-6.270310266,3.659980125,1.65618593));
#10620=CARTESIAN_POINT('',(-6.267369337,3.659980125,1.654216055));
#10621=CARTESIAN_POINT('',(-6.265079101,3.659980125,1.655719433));
#10622=B_SPLINE_CURVE_WITH_KNOTS('',3,(#10522,#10523,#10524,#10525,#10526,#10527,#10528,#10529,#10530,#10531,#10532,#10533,#10534,#10535,#10536,#10537,#10538,#10539,#10540,#10541,#10542,#10543,#10544,#10545,#10546,#10547,
#10548,#10549,#10550,#10551,#10552,#10553,#10554,#10555,#10556,#10557,#10558,#10559,#10560,#10561,#10562,#10563,#10564,#10565,#10566,#10567,#10568,#10569,#10570,#10571,#10572,
#10573,#10574,#10575,#10576,#10577,#10578,#10579,#10580,#10581,#10582,#10583,#10584,#10585,#10586,#10587,#10588,#10589,#10590,#10591,#10592,#10593,#10594,#10595,#10596,#10597,
#10598,#10599,#10600,#10601,#10602,#10603,#10604,#10605,#10606,#10607,#10608,#10609,#10610,#10611,#10612,#10613,#10614,#10615,#10616,#10617,#10618,#10619,#10620,#10621),.UNSPECIFIED.,.T.,.F.,(4,3,3,3,3,3,3,3,3,3,3,3,3,3,3,3,3,3,3,3,3,3,3,3,3,3,
3,3,3,3,3,3,3,4),(0.,0.000007923,0.000015845,0.00003169,0.00006338,0.00012676,0.000253521,0.000380281,0.000507042,0.000633802,0.000760563,0.001014084,0.001267604,0.001521125,0.001774646,0.001901407,0.001933097,0.001941019,0.001948942,0.001964787,0.002028167,0.002154927,0.002281688,0.002535209,0.003042251,0.003295771,
0.003549292,0.003802813,0.003929574,0.003992954,0.004024644,0.004040489,0.004048412,0.004056334),.UNSPECIFIED.);
#10623=EDGE_CURVE('',#9792,#9792,#10622,.T.);
#10624=ORIENTED_EDGE('',*,*,#10623,.F.);
#10625=ORIENTED_EDGE('',*,*,#10520,.T.);
#10626=CARTESIAN_POINT('',(-6.350006408,6.259980125,1.837268579));
#10627=CARTESIAN_POINT('',(-6.352636606,6.259980125,1.836472618));
#10628=CARTESIAN_POINT('',(-6.354928579,6.259980125,1.839144038));
#10629=CARTESIAN_POINT('',(-6.356699438,6.259980125,1.841151682));
#10630=CARTESIAN_POINT('',(-6.358470297,6.259980125,1.843159327));
#10631=CARTESIAN_POINT('',(-6.359996477,6.259980125,1.845350795));
#10632=CARTESIAN_POINT('',(-6.361440424,6.259980125,1.847604043));
#10633=CARTESIAN_POINT('',(-6.364328317,6.259980125,1.852110541));
#10634=CARTESIAN_POINT('',(-6.366828699,6.259980125,1.85684081));
#10635=CARTESIAN_POINT('',(-6.369153808,6.259980125,1.861626561));
#10636=CARTESIAN_POINT('',(-6.373804025,6.259980125,1.871198064));
#10637=CARTESIAN_POINT('',(-6.377771829,6.259980125,1.881074455));
#10638=CARTESIAN_POINT('',(-6.381365248,6.259980125,1.891118114));
#10639=CARTESIAN_POINT('',(-6.388552085,6.259980125,1.91120543));
#10640=CARTESIAN_POINT('',(-6.394085758,6.259980125,1.931636954));
#10641=CARTESIAN_POINT('',(-6.398462512,6.259980125,1.952241188));
#10642=CARTESIAN_POINT('',(-6.407216021,6.259980125,1.993449657));
#10643=CARTESIAN_POINT('',(-6.411321203,6.259980125,2.035743623));
#10644=CARTESIAN_POINT('',(-6.411427717,6.259980125,2.078100914));
#10645=CARTESIAN_POINT('',(-6.411640744,6.259980125,2.162815495));
#10646=CARTESIAN_POINT('',(-6.39580111,6.259980125,2.246500045));
#10647=CARTESIAN_POINT('',(-6.365671971,6.259980125,2.325285276));
#10648=CARTESIAN_POINT('',(-6.305413694,6.259980125,2.482855737));
#10649=CARTESIAN_POINT('',(-6.186926339,6.259980125,2.617096385));
#10650=CARTESIAN_POINT('',(-6.039807433,6.259980125,2.698027404));
#10651=CARTESIAN_POINT('',(-5.96624798,6.259980125,2.738492914));
#10652=CARTESIAN_POINT('',(-5.884901389,6.259980125,2.766288908));
#10653=CARTESIAN_POINT('',(-5.802024026,6.259980125,2.779262422));
#10654=CARTESIAN_POINT('',(-5.719146663,6.259980125,2.792235935));
#10655=CARTESIAN_POINT('',(-5.633098903,6.259980125,2.790575017));
#10656=CARTESIAN_POINT('',(-5.550847741,6.259980125,2.774312774));
#10657=CARTESIAN_POINT('',(-5.386345416,6.259980125,2.741788288));
#10658=CARTESIAN_POINT('',(-5.230810354,6.259980125,2.650105256));
#10659=CARTESIAN_POINT('',(-5.132104396,6.259980125,2.511857429));
#10660=CARTESIAN_POINT('',(-5.119766152,6.259980125,2.49457645));
#10661=CARTESIAN_POINT('',(-5.10837026,6.259980125,2.476627201));
#10662=CARTESIAN_POINT('',(-5.098433405,6.259980125,2.45781576));
#10663=CARTESIAN_POINT('',(-5.093464977,6.259980125,2.44841004));
#10664=CARTESIAN_POINT('',(-5.08886397,6.259980125,2.438832511));
#10665=CARTESIAN_POINT('',(-5.085059231,6.259980125,2.42888264));
#10666=CARTESIAN_POINT('',(-5.083156861,6.259980125,2.423907704));
#10667=CARTESIAN_POINT('',(-5.081431598,6.259980125,2.418864241));
#10668=CARTESIAN_POINT('',(-5.080332404,6.259980125,2.413677185));
#10669=CARTESIAN_POINT('',(-5.079782807,6.259980125,2.411083658));
#10670=CARTESIAN_POINT('',(-5.079287226,6.259980125,2.408387299));
#10671=CARTESIAN_POINT('',(-5.079681745,6.259980125,2.405692338));
#10672=CARTESIAN_POINT('',(-5.079879004,6.259980125,2.404344858));
#10673=CARTESIAN_POINT('',(-5.080491729,6.259980125,2.402874029));
#10674=CARTESIAN_POINT('',(-5.081778651,6.259980125,2.402440646));
#10675=CARTESIAN_POINT('',(-5.083065574,6.259980125,2.402007263));
#10676=CARTESIAN_POINT('',(-5.084472704,6.259980125,2.402513241));
#10677=CARTESIAN_POINT('',(-5.085712408,6.259980125,2.403058865));
#10678=CARTESIAN_POINT('',(-5.090671222,6.259980125,2.405241364));
#10679=CARTESIAN_POINT('',(-5.094526363,6.259980125,2.409105883));
#10680=CARTESIAN_POINT('',(-5.098454082,6.259980125,2.412733605));
#10681=CARTESIAN_POINT('',(-5.1023818,6.259980125,2.416361327));
#10682=CARTESIAN_POINT('',(-5.106167425,6.259980125,2.420134246));
#10683=CARTESIAN_POINT('',(-5.109918158,6.259980125,2.423942817));
#10684=CARTESIAN_POINT('',(-5.117419625,6.259980125,2.431559959));
#10685=CARTESIAN_POINT('',(-5.124788261,6.259980125,2.439313641));
#10686=CARTESIAN_POINT('',(-5.132223932,6.259980125,2.446997187));
#10687=CARTESIAN_POINT('',(-5.147095274,6.259980125,2.462364277));
#10688=CARTESIAN_POINT('',(-5.162233991,6.259980125,2.477443361));
#10689=CARTESIAN_POINT('',(-5.177893152,6.259980125,2.491961841));
#10690=CARTESIAN_POINT('',(-5.240529795,6.259980125,2.550035762));
#10691=CARTESIAN_POINT('',(-5.311584131,6.259980125,2.598404944));
#10692=CARTESIAN_POINT('',(-5.389097211,6.259980125,2.632688701));
#10693=CARTESIAN_POINT('',(-5.427853751,6.259980125,2.64983058));
#10694=CARTESIAN_POINT('',(-5.468798016,6.259980125,2.663743579));
#10695=CARTESIAN_POINT('',(-5.510032315,6.259980125,2.673586302));
#10696=CARTESIAN_POINT('',(-5.551266614,6.259980125,2.683429025));
#10697=CARTESIAN_POINT('',(-5.593046161,6.259980125,2.689395972));
#10698=CARTESIAN_POINT('',(-5.635372742,6.259980125,2.691474437));
#10699=CARTESIAN_POINT('',(-5.677699322,6.259980125,2.693552903));
#10700=CARTESIAN_POINT('',(-5.720917492,6.259980125,2.691629139));
#10701=CARTESIAN_POINT('',(-5.76291744,6.259980125,2.685766587));
#10702=CARTESIAN_POINT('',(-5.804917388,6.259980125,2.679904035));
#10703=CARTESIAN_POINT('',(-5.846082825,6.259980125,2.670183138));
#10704=CARTESIAN_POINT('',(-5.886397934,6.259980125,2.656530769));
#10705=CARTESIAN_POINT('',(-5.967028153,6.259980125,2.629226033));
#10706=CARTESIAN_POINT('',(-6.041842004,6.259980125,2.586887735));
#10707=CARTESIAN_POINT('',(-6.107072941,6.259980125,2.531485084));
#10708=CARTESIAN_POINT('',(-6.172303878,6.259980125,2.476082433));
#10709=CARTESIAN_POINT('',(-6.225959456,6.259980125,2.4093102));
#10710=CARTESIAN_POINT('',(-6.266447764,6.259980125,2.333975326));
#10711=CARTESIAN_POINT('',(-6.306936072,6.259980125,2.258640451));
#10712=CARTESIAN_POINT('',(-6.332975886,6.259980125,2.177038628));
#10713=CARTESIAN_POINT('',(-6.344527581,6.259980125,2.092377588));
#10714=CARTESIAN_POINT('',(-6.350303428,6.259980125,2.050047068));
#10715=CARTESIAN_POINT('',(-6.352295053,6.259980125,2.007272184));
#10716=CARTESIAN_POINT('',(-6.351393814,6.259980125,1.964443918));
#10717=CARTESIAN_POINT('',(-6.350943195,6.259980125,1.943029784));
#10718=CARTESIAN_POINT('',(-6.349714254,6.259980125,1.921638785));
#10719=CARTESIAN_POINT('',(-6.348282371,6.259980125,1.900260722));
#10720=CARTESIAN_POINT('',(-6.34756643,6.259980125,1.889571691));
#10721=CARTESIAN_POINT('',(-6.346735837,6.259980125,1.878888492));
#10722=CARTESIAN_POINT('',(-6.346228761,6.259980125,1.868187992));
#10723=CARTESIAN_POINT('',(-6.345975223,6.259980125,1.862837742));
#10724=CARTESIAN_POINT('',(-6.345764199,6.259980125,1.857481123));
#10725=CARTESIAN_POINT('',(-6.345898927,6.259980125,1.852125572));
#10726=CARTESIAN_POINT('',(-6.345966291,6.259980125,1.849447796));
#10727=CARTESIAN_POINT('',(-6.346099373,6.259980125,1.846766052));
#10728=CARTESIAN_POINT('',(-6.346525605,6.259980125,1.844121275));
#10729=CARTESIAN_POINT('',(-6.346951837,6.259980125,1.841476498));
#10730=CARTESIAN_POINT('',(-6.347401593,6.259980125,1.838056859));
#10731=CARTESIAN_POINT('',(-6.350006408,6.259980125,1.837268579));
#10732=B_SPLINE_CURVE_WITH_KNOTS('',3,(#10626,#10627,#10628,#10629,#10630,#10631,#10632,#10633,#10634,#10635,#10636,#10637,#10638,#10639,#10640,#10641,#10642,#10643,#10644,#10645,#10646,#10647,#10648,#10649,#10650,#10651,
#10652,#10653,#10654,#10655,#10656,#10657,#10658,#10659,#10660,#10661,#10662,#10663,#10664,#10665,#10666,#10667,#10668,#10669,#10670,#10671,#10672,#10673,#10674,#10675,#10676,
#10677,#10678,#10679,#10680,#10681,#10682,#10683,#10684,#10685,#10686,#10687,#10688,#10689,#10690,#10691,#10692,#10693,#10694,#10695,#10696,#10697,#10698,#10699,#10700,#10701,
#10702,#10703,#10704,#10705,#10706,#10707,#10708,#10709,#10710,#10711,#10712,#10713,#10714,#10715,#10716,#10717,#10718,#10719,#10720,#10721,#10722,#10723,#10724,#10725,#10726,
#10727,#10728,#10729,#10730,#10731),.UNSPECIFIED.,.T.,.F.,(4,3,3,3,3,3,3,3,3,3,3,3,3,3,3,3,3,3,3,3,3,3,3,3,3,3,
3,3,3,3,3,3,3,3,3,4),(0.,0.000008243,0.000016487,0.000032974,0.000065947,0.000131894,0.000263788,0.000527577,0.001055153,0.001318941,0.00158273,0.002110306,0.002176253,0.002209227,0.002225714,0.002233957,0.002238079,0.0022422,0.002258687,0.002275174,0.002308147,0.002374094,0.002637883,0.002769777,0.002901671,0.003033565,
0.003165459,0.003429248,0.003693036,0.003956824,0.004088718,0.004154665,0.004187639,0.004204126,0.004212369,0.004220612),.UNSPECIFIED.);
#10733=EDGE_CURVE('',#9794,#9794,#10732,.T.);
#10734=ORIENTED_EDGE('',*,*,#10733,.F.);
#10735=EDGE_LOOP('',(#10521,#10624,#10625,#10734));
#10736=FACE_BOUND('',#10735,.T.);
#10737=ADVANCED_FACE('',(#10736),#9790,.F.);
#10738=CARTESIAN_POINT('',(-6.130019875,6.259980125,6.640044429));
#10739=DIRECTION('',(0.,1.,0.));
#10740=DIRECTION('',(0.,0.,1.));
#10741=AXIS2_PLACEMENT_3D('',#10738,#10739,#10740);
#10742=PLANE('',#10741);
#10743=ORIENTED_EDGE('',*,*,#10733,.T.);
#10744=EDGE_LOOP('',(#10743));
#10745=FACE_BOUND('',#10744,.T.);
#10746=ADVANCED_FACE('',(#10745),#10742,.T.);
#10747=CARTESIAN_POINT('',(-5.730019875,3.659980125,6.640044429));
#10748=DIRECTION('',(0.,-1.,0.));
#10749=DIRECTION('',(0.,0.,-1.));
#10750=AXIS2_PLACEMENT_3D('',#10747,#10748,#10749);
#10751=PLANE('',#10750);
#10752=ORIENTED_EDGE('',*,*,#10623,.T.);
#10753=EDGE_LOOP('',(#10752));
#10754=FACE_BOUND('',#10753,.T.);
#10755=ADVANCED_FACE('',(#10754),#10751,.T.);
#10756=CLOSED_SHELL('',(#10737,#10746,#10755));
#10757=MANIFOLD_SOLID_BREP('\X2\5F487C27\X0\',#10756);
#10758=COLOUR_RGB('',0.690196097,0.717647076,0.733333349);
#10759=FILL_AREA_STYLE_COLOUR('',#10758);
#10760=FILL_AREA_STYLE('',(#10759));
#10761=SURFACE_STYLE_FILL_AREA(#10760);
#10762=SURFACE_SIDE_STYLE('',(#10761));
#10763=SURFACE_STYLE_USAGE(.BOTH.,#10762);
#10764=PRESENTATION_STYLE_ASSIGNMENT((#10763));
#26=STYLED_ITEM('',(#10764),#10757);
#16=SHAPE_REPRESENTATION('\X2\5F487C27\X0\',(#15),#10);
#17=ADVANCED_BREP_SHAPE_REPRESENTATION('\X2\5F487C27\X0\',(#10757),#10);
#10772=SHAPE_REPRESENTATION_RELATIONSHIP('','',#16,#17);
#10773=CARTESIAN_POINT('',(0.,0.,0.));
#10774=DIRECTION('',(0.,0.,1.));
#10775=DIRECTION('',(1.,0.,0.));
#10776=AXIS2_PLACEMENT_3D('',#10773,#10774,#10775);
#10778=MAPPED_ITEM('',#10777,#10776);
#10777=REPRESENTATION_MAP(#10776,#16);
#10779=APPLICATION_CONTEXT('Managed model based 3d engineering');
#10780=APPLICATION_PROTOCOL_DEFINITION('international standard','ap242_managed_model_based_3d_engineering',2014,#10779);
#10781=PRODUCT_CONTEXT('',#10779,'mechanical');
#10782=PRODUCT_DEFINITION_CONTEXT('part definition',#10779,'design');
#24=PRODUCT('\X2\5F487C27\X0\','\X2\5F487C27\X0\','',(#10781));
#10783=PRODUCT_RELATED_PRODUCT_CATEGORY('part','',(#24));
#10784=PRODUCT_DEFINITION_FORMATION_WITH_SPECIFIED_SOURCE('','',#24,.NOT_KNOWN.);
#25=PRODUCT_DEFINITION('design','',#10784,#10782);
#23=PRODUCT_DEFINITION_SHAPE('','',#25);
#10785=SHAPE_DEFINITION_REPRESENTATION(#23,#16);
#11=DRAUGHTING_MODEL('',(#10778),#10);
#10786=DESCRIPTIVE_REPRESENTATION_ITEM('KEY','C:\\Users\\Nalani\\AppData\\Local\\Packages\\Shapr3D.Shapr3D_j403pzjkqtqbj\\TempState\\0e391a0c-1da8-471b-ba58-9725047fddde.tmp');
#10787=PROPERTY_DEFINITION('KEY','',#25);
#10788=REPRESENTATION('',(#10786),#10);
#10789=PROPERTY_DEFINITION_REPRESENTATION(#10787,#10788);
#10790=GENERAL_PROPERTY('','KEY','');
#10791=GENERAL_PROPERTY_ASSOCIATION('','',#10790,#10787);
#1=MECHANICAL_DESIGN_GEOMETRIC_PRESENTATION_REPRESENTATION('',(#26),#10);
ENDSEC;
END-ISO-10303-21;
