ISO-10303-21;
HEADER;

/* File generated by Shapr3D Version 26.123.11423.0 */

FILE_DESCRIPTION(('HOOPS Exchange Step'),'2;1');

FILE_NAME('C:\\Users\\Nalani\\AppData\\Local\\Packages\\Shapr3D.Shapr3D_j403pzjkqtqbj\\TempState\\export\\temp_export',
'2026-08-03T16:12:12+08:00',
('Nalani'),
('Shapr3D Limited'),
'HOOPS Exchange 2026.3',
'Shapr3D',
'Authorized');

FILE_SCHEMA( ('AP242_MANAGED_MODEL_BASED_3D_ENGINEERING_MIM_LF {1 0 10303 442 1 1 4}') );

ENDSEC;

DATA;
#3=(NAMED_UNIT(*)PLANE_ANGLE_UNIT()SI_UNIT($,.RADIAN.));
#4=PLANE_ANGLE_MEASURE_WITH_UNIT(PLANE_ANGLE_MEASURE(0.0174532925),#3);
#5=(CONVERSION_BASED_UNIT('DEGREE',#4)NAMED_UNIT(#6)PLANE_ANGLE_UNIT());
#6=DIMENSIONAL_EXPONENTS(0.,0.,0.,0.,0.,0.,0.);
#7=(NAMED_UNIT(*)SI_UNIT($,.STERADIAN.)SOLID_ANGLE_UNIT());
#8=(LENGTH_UNIT()NAMED_UNIT(*)SI_UNIT(.MILLI.,.METRE.));
#9=UNCERTAINTY_MEASURE_WITH_UNIT(LENGTH_MEASURE(1.000000E-05),#8,'DISTANCE_ACCURACY_VALUE','Maximum Tolerance applied to model');
#10=(GEOMETRIC_REPRESENTATION_CONTEXT(3)GLOBAL_UNCERTAINTY_ASSIGNED_CONTEXT((#9))GLOBAL_UNIT_ASSIGNED_CONTEXT((#8,#5,#7))REPRESENTATION_CONTEXT('','\X2\5F9E593E81C2\X0\'));
#12=CARTESIAN_POINT('',(0.,0.,0.));
#13=DIRECTION('',(0.,0.,1.));
#14=DIRECTION('',(1.,0.,0.));
#15=AXIS2_PLACEMENT_3D('',#12,#13,#14);
#27=CARTESIAN_POINT('',(-120.2,345.4,2.199754926));
#28=DIRECTION('',(0.,0.,1.));
#29=DIRECTION('',(0.,-1.,0.));
#30=AXIS2_PLACEMENT_3D('',#27,#28,#29);
#31=PLANE('',#30);
#32=CARTESIAN_POINT('',(-8.059802023,-0.714522571,2.199754926));
#33=VERTEX_POINT('',#32);
#34=CARTESIAN_POINT('',(-8.060156939,-0.71434374,2.199754926));
#35=VERTEX_POINT('',#34);
#36=CARTESIAN_POINT('',(-7.7,0.,2.199754926));
#37=DIRECTION('',(-0.,-0.,-1.));
#38=DIRECTION('',(1.,0.,-0.));
#39=AXIS2_PLACEMENT_3D('',#36,#37,#38);
#40=CIRCLE('',#39,0.8);
#41=EDGE_CURVE('',#33,#35,#40,.T.);
#42=ORIENTED_EDGE('',*,*,#41,.F.);
#43=CARTESIAN_POINT('',(-8.059989289,-0.714454818,2.199754994));
#44=VERTEX_POINT('',#43);
#45=CARTESIAN_POINT('',(-8.059988332,-0.714455041,2.199754926));
#46=CARTESIAN_POINT('',(-8.05992623,-0.714477559,2.199754926));
#47=CARTESIAN_POINT('',(-8.059864127,-0.71450007,2.199754926));
#48=CARTESIAN_POINT('',(-8.059802023,-0.714522571,2.199754926));
#49=B_SPLINE_CURVE_WITH_KNOTS('',3,(#45,#46,#47,#48),.UNSPECIFIED.,.F.,.F.,(4,4),(0.,0.000000195),.UNSPECIFIED.);
#50=EDGE_CURVE('',#44,#33,#49,.T.);
#51=ORIENTED_EDGE('',*,*,#50,.F.);
#52=CARTESIAN_POINT('',(-8.060156939,-0.71434374,2.199754926));
#53=CARTESIAN_POINT('',(-8.060100812,-0.714380985,2.199754926));
#54=CARTESIAN_POINT('',(-8.060044678,-0.714418223,2.199754926));
#55=CARTESIAN_POINT('',(-8.05998854,-0.714455455,2.199754926));
#56=B_SPLINE_CURVE_WITH_KNOTS('',3,(#52,#53,#54,#55),.UNSPECIFIED.,.F.,.F.,(4,4),(0.001299896,0.001300096),.UNSPECIFIED.);
#57=EDGE_CURVE('',#35,#44,#56,.T.);
#58=ORIENTED_EDGE('',*,*,#57,.F.);
#59=EDGE_LOOP('',(#42,#51,#58));
#60=FACE_BOUND('',#59,.T.);
#61=ADVANCED_FACE('',(#60),#31,.F.);
#62=CARTESIAN_POINT('',(-7.076539353,-0.037623727,1.158716085));
#63=CARTESIAN_POINT('',(-7.07578245,-0.025081139,1.15982669));
#64=CARTESIAN_POINT('',(-7.075405152,-0.012536055,1.160928648));
#65=CARTESIAN_POINT('',(-7.075405152,0.,1.162021011));
#66=CARTESIAN_POINT('',(-7.075405152,0.000025964,1.162023274));
#67=CARTESIAN_POINT('',(-7.075405154,0.000051928,1.162025536));
#68=CARTESIAN_POINT('',(-7.075405157,0.000077893,1.162027799));
#69=CARTESIAN_POINT('',(-7.075418906,0.110327737,1.171635034));
#70=CARTESIAN_POINT('',(-7.103960381,0.216818791,1.181580816));
#71=CARTESIAN_POINT('',(-7.159084995,0.312297424,1.191187677));
#72=CARTESIAN_POINT('',(-7.159097977,0.312319909,1.19118994));
#73=CARTESIAN_POINT('',(-7.159110961,0.312342394,1.191192202));
#74=CARTESIAN_POINT('',(-7.159123946,0.312364878,1.191194465));
#75=CARTESIAN_POINT('',(-7.214260775,0.40783717,1.200801701));
#76=CARTESIAN_POINT('',(-7.292223944,0.485790391,1.210747483));
#77=CARTESIAN_POINT('',(-7.387702576,0.540915005,1.220354344));
#78=CARTESIAN_POINT('',(-7.387725062,0.540927987,1.220356607));
#79=CARTESIAN_POINT('',(-7.387747548,0.540940967,1.220358869));
#80=CARTESIAN_POINT('',(-7.387770036,0.540953947,1.220361132));
#81=CARTESIAN_POINT('',(-7.483256077,0.596066962,1.229968367));
#82=CARTESIAN_POINT('',(-7.589750772,0.624594848,1.23991415));
#83=CARTESIAN_POINT('',(-7.7,0.624594848,1.249521011));
#84=CARTESIAN_POINT('',(-7.700025964,0.624594848,1.249523274));
#85=CARTESIAN_POINT('',(-7.700051928,0.624594846,1.249525536));
#86=CARTESIAN_POINT('',(-7.700077893,0.624594843,1.249527799));
#87=CARTESIAN_POINT('',(-7.810327737,0.624581094,1.259135034));
#88=CARTESIAN_POINT('',(-7.916818791,0.596039619,1.269080816));
#89=CARTESIAN_POINT('',(-8.012297424,0.540915005,1.278687677));
#90=CARTESIAN_POINT('',(-8.012319909,0.540902023,1.27868994));
#91=CARTESIAN_POINT('',(-8.012342394,0.540889039,1.278692202));
#92=CARTESIAN_POINT('',(-8.012364878,0.540876054,1.278694465));
#93=CARTESIAN_POINT('',(-8.10783717,0.485739225,1.288301701));
#94=CARTESIAN_POINT('',(-8.185790391,0.407776056,1.298247483));
#95=CARTESIAN_POINT('',(-8.240915005,0.312297424,1.307854344));
#96=CARTESIAN_POINT('',(-8.240927987,0.312274938,1.307856607));
#97=CARTESIAN_POINT('',(-8.240940967,0.312252452,1.307858869));
#98=CARTESIAN_POINT('',(-8.240953947,0.312229964,1.307861132));
#99=CARTESIAN_POINT('',(-8.296066962,0.216743923,1.317468367));
#100=CARTESIAN_POINT('',(-8.324594848,0.110249228,1.32741415));
#101=CARTESIAN_POINT('',(-8.324594848,0.,1.337021011));
#102=CARTESIAN_POINT('',(-8.324594848,-0.000025964,1.337023274));
#103=CARTESIAN_POINT('',(-8.324594846,-0.000051928,1.337025536));
#104=CARTESIAN_POINT('',(-8.324594843,-0.000077893,1.337027799));
#105=CARTESIAN_POINT('',(-8.324581094,-0.110327737,1.346635034));
#106=CARTESIAN_POINT('',(-8.296039619,-0.216818791,1.356580816));
#107=CARTESIAN_POINT('',(-8.240915005,-0.312297424,1.366187677));
#108=CARTESIAN_POINT('',(-8.240902023,-0.312319909,1.36618994));
#109=CARTESIAN_POINT('',(-8.240889039,-0.312342394,1.366192202));
#110=CARTESIAN_POINT('',(-8.240876054,-0.312364878,1.366194465));
#111=CARTESIAN_POINT('',(-8.185739225,-0.40783717,1.375801701));
#112=CARTESIAN_POINT('',(-8.107776056,-0.485790391,1.385747483));
#113=CARTESIAN_POINT('',(-8.012297424,-0.540915005,1.395354344));
#114=CARTESIAN_POINT('',(-8.012274938,-0.540927987,1.395356607));
#115=CARTESIAN_POINT('',(-8.012252452,-0.540940967,1.395358869));
#116=CARTESIAN_POINT('',(-8.012229964,-0.540953947,1.395361132));
#117=CARTESIAN_POINT('',(-7.916743923,-0.596066962,1.404968367));
#118=CARTESIAN_POINT('',(-7.810249228,-0.624594848,1.41491415));
#119=CARTESIAN_POINT('',(-7.7,-0.624594848,1.424521011));
#120=CARTESIAN_POINT('',(-7.699974036,-0.624594848,1.424523274));
#121=CARTESIAN_POINT('',(-7.699948072,-0.624594846,1.424525536));
#122=CARTESIAN_POINT('',(-7.699922107,-0.624594843,1.424527799));
#123=CARTESIAN_POINT('',(-7.589672263,-0.624581094,1.434135034));
#124=CARTESIAN_POINT('',(-7.483181209,-0.596039619,1.444080816));
#125=CARTESIAN_POINT('',(-7.387702576,-0.540915005,1.453687677));
#126=CARTESIAN_POINT('',(-7.387680091,-0.540902023,1.45368994));
#127=CARTESIAN_POINT('',(-7.387657606,-0.540889039,1.453692202));
#128=CARTESIAN_POINT('',(-7.387635122,-0.540876054,1.453694465));
#129=CARTESIAN_POINT('',(-7.29216283,-0.485739225,1.463301701));
#130=CARTESIAN_POINT('',(-7.214209609,-0.407776056,1.473247483));
#131=CARTESIAN_POINT('',(-7.159084995,-0.312297424,1.482854344));
#132=CARTESIAN_POINT('',(-7.159072013,-0.312274938,1.482856607));
#133=CARTESIAN_POINT('',(-7.159059033,-0.312252452,1.482858869));
#134=CARTESIAN_POINT('',(-7.159046053,-0.312229964,1.482861132));
#135=CARTESIAN_POINT('',(-7.103933038,-0.216743923,1.492468367));
#136=CARTESIAN_POINT('',(-7.075405152,-0.110249228,1.50241415));
#137=CARTESIAN_POINT('',(-7.075405152,0.,1.512021011));
#138=CARTESIAN_POINT('',(-7.075405152,0.000025964,1.512023274));
#139=CARTESIAN_POINT('',(-7.075405154,0.000051928,1.512025536));
#140=CARTESIAN_POINT('',(-7.075405157,0.000077893,1.512027799));
#141=CARTESIAN_POINT('',(-7.075418906,0.110327737,1.521635034));
#142=CARTESIAN_POINT('',(-7.103960381,0.216818791,1.531580816));
#143=CARTESIAN_POINT('',(-7.159084995,0.312297424,1.541187677));
#144=CARTESIAN_POINT('',(-7.159097977,0.312319909,1.54118994));
#145=CARTESIAN_POINT('',(-7.159110961,0.312342394,1.541192202));
#146=CARTESIAN_POINT('',(-7.159123946,0.312364878,1.541194465));
#147=CARTESIAN_POINT('',(-7.214260775,0.40783717,1.550801701));
#148=CARTESIAN_POINT('',(-7.292223944,0.485790391,1.560747483));
#149=CARTESIAN_POINT('',(-7.387702576,0.540915005,1.570354344));
#150=CARTESIAN_POINT('',(-7.387725062,0.540927987,1.570356607));
#151=CARTESIAN_POINT('',(-7.387747548,0.540940967,1.570358869));
#152=CARTESIAN_POINT('',(-7.387770036,0.540953947,1.570361132));
#153=CARTESIAN_POINT('',(-7.483256077,0.596066962,1.579968367));
#154=CARTESIAN_POINT('',(-7.589750772,0.624594848,1.58991415));
#155=CARTESIAN_POINT('',(-7.7,0.624594848,1.599521011));
#156=CARTESIAN_POINT('',(-7.700025964,0.624594848,1.599523274));
#157=CARTESIAN_POINT('',(-7.700051928,0.624594846,1.599525536));
#158=CARTESIAN_POINT('',(-7.700077893,0.624594843,1.599527799));
#159=CARTESIAN_POINT('',(-7.810327737,0.624581094,1.609135034));
#160=CARTESIAN_POINT('',(-7.916818791,0.596039619,1.619080816));
#161=CARTESIAN_POINT('',(-8.012297424,0.540915005,1.628687677));
#162=CARTESIAN_POINT('',(-8.012319909,0.540902023,1.62868994));
#163=CARTESIAN_POINT('',(-8.012342394,0.540889039,1.628692202));
#164=CARTESIAN_POINT('',(-8.012364878,0.540876054,1.628694465));
#165=CARTESIAN_POINT('',(-8.10783717,0.485739225,1.638301701));
#166=CARTESIAN_POINT('',(-8.185790391,0.407776056,1.648247483));
#167=CARTESIAN_POINT('',(-8.240915005,0.312297424,1.657854344));
#168=CARTESIAN_POINT('',(-8.240927987,0.312274938,1.657856607));
#169=CARTESIAN_POINT('',(-8.240940967,0.312252452,1.657858869));
#170=CARTESIAN_POINT('',(-8.240953947,0.312229964,1.657861132));
#171=CARTESIAN_POINT('',(-8.296066962,0.216743923,1.667468367));
#172=CARTESIAN_POINT('',(-8.324594848,0.110249228,1.67741415));
#173=CARTESIAN_POINT('',(-8.324594848,0.,1.687021011));
#174=CARTESIAN_POINT('',(-8.324594848,-0.000025964,1.687023274));
#175=CARTESIAN_POINT('',(-8.324594846,-0.000051928,1.687025536));
#176=CARTESIAN_POINT('',(-8.324594843,-0.000077893,1.687027799));
#177=CARTESIAN_POINT('',(-8.324581094,-0.110327737,1.696635034));
#178=CARTESIAN_POINT('',(-8.296039619,-0.216818791,1.706580816));
#179=CARTESIAN_POINT('',(-8.240915005,-0.312297424,1.716187677));
#180=CARTESIAN_POINT('',(-8.240902023,-0.312319909,1.71618994));
#181=CARTESIAN_POINT('',(-8.240889039,-0.312342394,1.716192202));
#182=CARTESIAN_POINT('',(-8.240876054,-0.312364878,1.716194465));
#183=CARTESIAN_POINT('',(-8.185739225,-0.40783717,1.725801701));
#184=CARTESIAN_POINT('',(-8.107776056,-0.485790391,1.735747483));
#185=CARTESIAN_POINT('',(-8.012297424,-0.540915005,1.745354344));
#186=CARTESIAN_POINT('',(-8.012274938,-0.540927987,1.745356607));
#187=CARTESIAN_POINT('',(-8.012252452,-0.540940967,1.745358869));
#188=CARTESIAN_POINT('',(-8.012229964,-0.540953947,1.745361132));
#189=CARTESIAN_POINT('',(-7.916743923,-0.596066962,1.754968367));
#190=CARTESIAN_POINT('',(-7.810249228,-0.624594848,1.76491415));
#191=CARTESIAN_POINT('',(-7.7,-0.624594848,1.774521011));
#192=CARTESIAN_POINT('',(-7.699974036,-0.624594848,1.774523274));
#193=CARTESIAN_POINT('',(-7.699948072,-0.624594846,1.774525536));
#194=CARTESIAN_POINT('',(-7.699922107,-0.624594843,1.774527799));
#195=CARTESIAN_POINT('',(-7.589672263,-0.624581094,1.784135034));
#196=CARTESIAN_POINT('',(-7.483181209,-0.596039619,1.794080816));
#197=CARTESIAN_POINT('',(-7.387702576,-0.540915005,1.803687677));
#198=CARTESIAN_POINT('',(-7.387680091,-0.540902023,1.80368994));
#199=CARTESIAN_POINT('',(-7.387657606,-0.540889039,1.803692202));
#200=CARTESIAN_POINT('',(-7.387635122,-0.540876054,1.803694465));
#201=CARTESIAN_POINT('',(-7.29216283,-0.485739225,1.813301701));
#202=CARTESIAN_POINT('',(-7.214209609,-0.407776056,1.823247483));
#203=CARTESIAN_POINT('',(-7.159084995,-0.312297424,1.832854344));
#204=CARTESIAN_POINT('',(-7.159072013,-0.312274938,1.832856607));
#205=CARTESIAN_POINT('',(-7.159059033,-0.312252452,1.832858869));
#206=CARTESIAN_POINT('',(-7.159046053,-0.312229964,1.832861132));
#207=CARTESIAN_POINT('',(-7.103933038,-0.216743923,1.842468367));
#208=CARTESIAN_POINT('',(-7.075405152,-0.110249228,1.85241415));
#209=CARTESIAN_POINT('',(-7.075405152,0.,1.862021011));
#210=CARTESIAN_POINT('',(-7.075405152,0.000025964,1.862023274));
#211=CARTESIAN_POINT('',(-7.075405154,0.000051928,1.862025536));
#212=CARTESIAN_POINT('',(-7.075405157,0.000077893,1.862027799));
#213=CARTESIAN_POINT('',(-7.075418906,0.110327737,1.871635034));
#214=CARTESIAN_POINT('',(-7.103960381,0.216818791,1.881580816));
#215=CARTESIAN_POINT('',(-7.159084995,0.312297424,1.891187677));
#216=CARTESIAN_POINT('',(-7.159097977,0.312319909,1.89118994));
#217=CARTESIAN_POINT('',(-7.159110961,0.312342394,1.891192202));
#218=CARTESIAN_POINT('',(-7.159123946,0.312364878,1.891194465));
#219=CARTESIAN_POINT('',(-7.214260775,0.40783717,1.900801701));
#220=CARTESIAN_POINT('',(-7.292223944,0.485790391,1.910747483));
#221=CARTESIAN_POINT('',(-7.387702576,0.540915005,1.920354344));
#222=CARTESIAN_POINT('',(-7.387725062,0.540927987,1.920356607));
#223=CARTESIAN_POINT('',(-7.387747548,0.540940967,1.920358869));
#224=CARTESIAN_POINT('',(-7.387770036,0.540953947,1.920361132));
#225=CARTESIAN_POINT('',(-7.483256077,0.596066962,1.929968367));
#226=CARTESIAN_POINT('',(-7.589750772,0.624594848,1.93991415));
#227=CARTESIAN_POINT('',(-7.7,0.624594848,1.949521011));
#228=CARTESIAN_POINT('',(-7.700025964,0.624594848,1.949523274));
#229=CARTESIAN_POINT('',(-7.700051928,0.624594846,1.949525536));
#230=CARTESIAN_POINT('',(-7.700077893,0.624594843,1.949527799));
#231=CARTESIAN_POINT('',(-7.810327737,0.624581094,1.959135034));
#232=CARTESIAN_POINT('',(-7.916818791,0.596039619,1.969080816));
#233=CARTESIAN_POINT('',(-8.012297424,0.540915005,1.978687677));
#234=CARTESIAN_POINT('',(-8.012319909,0.540902023,1.97868994));
#235=CARTESIAN_POINT('',(-8.012342394,0.540889039,1.978692202));
#236=CARTESIAN_POINT('',(-8.012364878,0.540876054,1.978694465));
#237=CARTESIAN_POINT('',(-8.10783717,0.485739225,1.988301701));
#238=CARTESIAN_POINT('',(-8.185790391,0.407776056,1.998247483));
#239=CARTESIAN_POINT('',(-8.240915005,0.312297424,2.007854344));
#240=CARTESIAN_POINT('',(-8.240927987,0.312274938,2.007856607));
#241=CARTESIAN_POINT('',(-8.240940967,0.312252452,2.007858869));
#242=CARTESIAN_POINT('',(-8.240953947,0.312229964,2.007861132));
#243=CARTESIAN_POINT('',(-8.296066962,0.216743923,2.017468367));
#244=CARTESIAN_POINT('',(-8.324594848,0.110249228,2.02741415));
#245=CARTESIAN_POINT('',(-8.324594848,0.,2.037021011));
#246=CARTESIAN_POINT('',(-8.324594848,-0.000025964,2.037023274));
#247=CARTESIAN_POINT('',(-8.324594846,-0.000051928,2.037025536));
#248=CARTESIAN_POINT('',(-8.324594843,-0.000077893,2.037027799));
#249=CARTESIAN_POINT('',(-8.324581094,-0.110327737,2.046635034));
#250=CARTESIAN_POINT('',(-8.296039619,-0.216818791,2.056580816));
#251=CARTESIAN_POINT('',(-8.240915005,-0.312297424,2.066187677));
#252=CARTESIAN_POINT('',(-8.240902023,-0.312319909,2.06618994));
#253=CARTESIAN_POINT('',(-8.240889039,-0.312342394,2.066192202));
#254=CARTESIAN_POINT('',(-8.240876054,-0.312364878,2.066194465));
#255=CARTESIAN_POINT('',(-8.185739225,-0.40783717,2.075801701));
#256=CARTESIAN_POINT('',(-8.107776056,-0.485790391,2.085747483));
#257=CARTESIAN_POINT('',(-8.012297424,-0.540915005,2.095354344));
#258=CARTESIAN_POINT('',(-8.012274938,-0.540927987,2.095356607));
#259=CARTESIAN_POINT('',(-8.012252452,-0.540940967,2.095358869));
#260=CARTESIAN_POINT('',(-8.012229964,-0.540953947,2.095361132));
#261=CARTESIAN_POINT('',(-7.916743923,-0.596066962,2.104968367));
#262=CARTESIAN_POINT('',(-7.810249228,-0.624594848,2.11491415));
#263=CARTESIAN_POINT('',(-7.7,-0.624594848,2.124521011));
#264=CARTESIAN_POINT('',(-7.699974036,-0.624594848,2.124523274));
#265=CARTESIAN_POINT('',(-7.699948072,-0.624594846,2.124525536));
#266=CARTESIAN_POINT('',(-7.699922107,-0.624594843,2.124527799));
#267=CARTESIAN_POINT('',(-7.60512766,-0.624583021,2.132788242));
#268=CARTESIAN_POINT('',(-7.512606612,-0.603355524,2.14134594));
#269=CARTESIAN_POINT('',(-7.427104456,-0.561824479,2.149766085));
#270=CARTESIAN_POINT('',(-7.076134936,-0.037648133,1.15895));
#271=CARTESIAN_POINT('',(-7.075377543,-0.025097408,1.160060604));
#272=CARTESIAN_POINT('',(-7.075,-0.012544187,1.161162563));
#273=CARTESIAN_POINT('',(-7.075,0.,1.162254926));
#274=CARTESIAN_POINT('',(-7.075,0.000025981,1.162257188));
#275=CARTESIAN_POINT('',(-7.075000002,0.000051962,1.162259451));
#276=CARTESIAN_POINT('',(-7.075000005,0.000077943,1.162261713));
#277=CARTESIAN_POINT('',(-7.075013763,0.110399303,1.171868949));
#278=CARTESIAN_POINT('',(-7.103573751,0.216959434,1.181814731));
#279=CARTESIAN_POINT('',(-7.158734123,0.3125,1.191421592));
#280=CARTESIAN_POINT('',(-7.158747113,0.3125225,1.191423854));
#281=CARTESIAN_POINT('',(-7.158760105,0.312545,1.191426117));
#282=CARTESIAN_POINT('',(-7.158773099,0.312567498,1.191428379));
#283=CARTESIAN_POINT('',(-7.213945693,0.40810172,1.201035616));
#284=CARTESIAN_POINT('',(-7.291959434,0.486105506,1.210981398));
#285=CARTESIAN_POINT('',(-7.3875,0.541265877,1.220588259));
#286=CARTESIAN_POINT('',(-7.3875225,0.541278867,1.220590521));
#287=CARTESIAN_POINT('',(-7.387545001,0.541291857,1.220592784));
#288=CARTESIAN_POINT('',(-7.387567503,0.541304844,1.220595046));
#289=CARTESIAN_POINT('',(-7.483115483,0.59645361,1.230202282));
#290=CARTESIAN_POINT('',(-7.589679257,0.625,1.240148064));
#291=CARTESIAN_POINT('',(-7.7,0.625,1.249754926));
#292=CARTESIAN_POINT('',(-7.700025981,0.625,1.249757188));
#293=CARTESIAN_POINT('',(-7.700051962,0.624999998,1.249759451));
#294=CARTESIAN_POINT('',(-7.700077943,0.624999995,1.249761713));
#295=CARTESIAN_POINT('',(-7.810399303,0.624986237,1.259368949));
#296=CARTESIAN_POINT('',(-7.916959434,0.596426249,1.269314731));
#297=CARTESIAN_POINT('',(-8.0125,0.541265877,1.278921592));
#298=CARTESIAN_POINT('',(-8.0125225,0.541252887,1.278923854));
#299=CARTESIAN_POINT('',(-8.012545,0.541239895,1.278926117));
#300=CARTESIAN_POINT('',(-8.012567498,0.541226901,1.278928379));
#301=CARTESIAN_POINT('',(-8.10810172,0.486054307,1.288535616));
#302=CARTESIAN_POINT('',(-8.186105506,0.408040566,1.298481398));
#303=CARTESIAN_POINT('',(-8.241265877,0.3125,1.308088259));
#304=CARTESIAN_POINT('',(-8.241278867,0.3124775,1.308090521));
#305=CARTESIAN_POINT('',(-8.241291857,0.312454999,1.308092784));
#306=CARTESIAN_POINT('',(-8.241304844,0.312432497,1.308095046));
#307=CARTESIAN_POINT('',(-8.29645361,0.216884517,1.317702282));
#308=CARTESIAN_POINT('',(-8.325,0.110320743,1.327648064));
#309=CARTESIAN_POINT('',(-8.325,0.,1.337254926));
#310=CARTESIAN_POINT('',(-8.325,-0.000025981,1.337257188));
#311=CARTESIAN_POINT('',(-8.324999998,-0.000051962,1.337259451));
#312=CARTESIAN_POINT('',(-8.324999995,-0.000077943,1.337261713));
#313=CARTESIAN_POINT('',(-8.324986237,-0.110399303,1.346868949));
#314=CARTESIAN_POINT('',(-8.296426249,-0.216959434,1.356814731));
#315=CARTESIAN_POINT('',(-8.241265877,-0.3125,1.366421592));
#316=CARTESIAN_POINT('',(-8.241252887,-0.3125225,1.366423854));
#317=CARTESIAN_POINT('',(-8.241239895,-0.312545,1.366426117));
#318=CARTESIAN_POINT('',(-8.241226901,-0.312567498,1.366428379));
#319=CARTESIAN_POINT('',(-8.186054307,-0.40810172,1.376035616));
#320=CARTESIAN_POINT('',(-8.108040566,-0.486105506,1.385981398));
#321=CARTESIAN_POINT('',(-8.0125,-0.541265877,1.395588259));
#322=CARTESIAN_POINT('',(-8.0124775,-0.541278867,1.395590521));
#323=CARTESIAN_POINT('',(-8.012454999,-0.541291857,1.395592784));
#324=CARTESIAN_POINT('',(-8.012432497,-0.541304844,1.395595046));
#325=CARTESIAN_POINT('',(-7.916884517,-0.59645361,1.405202282));
#326=CARTESIAN_POINT('',(-7.810320743,-0.625,1.415148064));
#327=CARTESIAN_POINT('',(-7.7,-0.625,1.424754926));
#328=CARTESIAN_POINT('',(-7.699974019,-0.625,1.424757188));
#329=CARTESIAN_POINT('',(-7.699948038,-0.624999998,1.424759451));
#330=CARTESIAN_POINT('',(-7.699922057,-0.624999995,1.424761713));
#331=CARTESIAN_POINT('',(-7.589600697,-0.624986237,1.434368949));
#332=CARTESIAN_POINT('',(-7.483040566,-0.596426249,1.444314731));
#333=CARTESIAN_POINT('',(-7.3875,-0.541265877,1.453921592));
#334=CARTESIAN_POINT('',(-7.3874775,-0.541252887,1.453923854));
#335=CARTESIAN_POINT('',(-7.387455,-0.541239895,1.453926117));
#336=CARTESIAN_POINT('',(-7.387432502,-0.541226901,1.453928379));
#337=CARTESIAN_POINT('',(-7.29189828,-0.486054307,1.463535616));
#338=CARTESIAN_POINT('',(-7.213894494,-0.408040566,1.473481398));
#339=CARTESIAN_POINT('',(-7.158734123,-0.3125,1.483088259));
#340=CARTESIAN_POINT('',(-7.158721133,-0.3124775,1.483090521));
#341=CARTESIAN_POINT('',(-7.158708143,-0.312454999,1.483092784));
#342=CARTESIAN_POINT('',(-7.158695156,-0.312432497,1.483095046));
#343=CARTESIAN_POINT('',(-7.10354639,-0.216884517,1.492702282));
#344=CARTESIAN_POINT('',(-7.075,-0.110320743,1.502648064));
#345=CARTESIAN_POINT('',(-7.075,0.,1.512254926));
#346=CARTESIAN_POINT('',(-7.075,0.000025981,1.512257188));
#347=CARTESIAN_POINT('',(-7.075000002,0.000051962,1.512259451));
#348=CARTESIAN_POINT('',(-7.075000005,0.000077943,1.512261713));
#349=CARTESIAN_POINT('',(-7.075013763,0.110399303,1.521868949));
#350=CARTESIAN_POINT('',(-7.103573751,0.216959434,1.531814731));
#351=CARTESIAN_POINT('',(-7.158734123,0.3125,1.541421592));
#352=CARTESIAN_POINT('',(-7.158747113,0.3125225,1.541423854));
#353=CARTESIAN_POINT('',(-7.158760105,0.312545,1.541426117));
#354=CARTESIAN_POINT('',(-7.158773099,0.312567498,1.541428379));
#355=CARTESIAN_POINT('',(-7.213945693,0.40810172,1.551035616));
#356=CARTESIAN_POINT('',(-7.291959434,0.486105506,1.560981398));
#357=CARTESIAN_POINT('',(-7.3875,0.541265877,1.570588259));
#358=CARTESIAN_POINT('',(-7.3875225,0.541278867,1.570590521));
#359=CARTESIAN_POINT('',(-7.387545001,0.541291857,1.570592784));
#360=CARTESIAN_POINT('',(-7.387567503,0.541304844,1.570595046));
#361=CARTESIAN_POINT('',(-7.483115483,0.59645361,1.580202282));
#362=CARTESIAN_POINT('',(-7.589679257,0.625,1.590148064));
#363=CARTESIAN_POINT('',(-7.7,0.625,1.599754926));
#364=CARTESIAN_POINT('',(-7.700025981,0.625,1.599757188));
#365=CARTESIAN_POINT('',(-7.700051962,0.624999998,1.599759451));
#366=CARTESIAN_POINT('',(-7.700077943,0.624999995,1.599761713));
#367=CARTESIAN_POINT('',(-7.810399303,0.624986237,1.609368949));
#368=CARTESIAN_POINT('',(-7.916959434,0.596426249,1.619314731));
#369=CARTESIAN_POINT('',(-8.0125,0.541265877,1.628921592));
#370=CARTESIAN_POINT('',(-8.0125225,0.541252887,1.628923854));
#371=CARTESIAN_POINT('',(-8.012545,0.541239895,1.628926117));
#372=CARTESIAN_POINT('',(-8.012567498,0.541226901,1.628928379));
#373=CARTESIAN_POINT('',(-8.10810172,0.486054307,1.638535616));
#374=CARTESIAN_POINT('',(-8.186105506,0.408040566,1.648481398));
#375=CARTESIAN_POINT('',(-8.241265877,0.3125,1.658088259));
#376=CARTESIAN_POINT('',(-8.241278867,0.3124775,1.658090521));
#377=CARTESIAN_POINT('',(-8.241291857,0.312454999,1.658092784));
#378=CARTESIAN_POINT('',(-8.241304844,0.312432497,1.658095046));
#379=CARTESIAN_POINT('',(-8.29645361,0.216884517,1.667702282));
#380=CARTESIAN_POINT('',(-8.325,0.110320743,1.677648064));
#381=CARTESIAN_POINT('',(-8.325,0.,1.687254926));
#382=CARTESIAN_POINT('',(-8.325,-0.000025981,1.687257188));
#383=CARTESIAN_POINT('',(-8.324999998,-0.000051962,1.687259451));
#384=CARTESIAN_POINT('',(-8.324999995,-0.000077943,1.687261713));
#385=CARTESIAN_POINT('',(-8.324986237,-0.110399303,1.696868949));
#386=CARTESIAN_POINT('',(-8.296426249,-0.216959434,1.706814731));
#387=CARTESIAN_POINT('',(-8.241265877,-0.3125,1.716421592));
#388=CARTESIAN_POINT('',(-8.241252887,-0.3125225,1.716423854));
#389=CARTESIAN_POINT('',(-8.241239895,-0.312545,1.716426117));
#390=CARTESIAN_POINT('',(-8.241226901,-0.312567498,1.716428379));
#391=CARTESIAN_POINT('',(-8.186054307,-0.40810172,1.726035616));
#392=CARTESIAN_POINT('',(-8.108040566,-0.486105506,1.735981398));
#393=CARTESIAN_POINT('',(-8.0125,-0.541265877,1.745588259));
#394=CARTESIAN_POINT('',(-8.0124775,-0.541278867,1.745590521));
#395=CARTESIAN_POINT('',(-8.012454999,-0.541291857,1.745592784));
#396=CARTESIAN_POINT('',(-8.012432497,-0.541304844,1.745595046));
#397=CARTESIAN_POINT('',(-7.916884517,-0.59645361,1.755202282));
#398=CARTESIAN_POINT('',(-7.810320743,-0.625,1.765148064));
#399=CARTESIAN_POINT('',(-7.7,-0.625,1.774754926));
#400=CARTESIAN_POINT('',(-7.699974019,-0.625,1.774757188));
#401=CARTESIAN_POINT('',(-7.699948038,-0.624999998,1.774759451));
#402=CARTESIAN_POINT('',(-7.699922057,-0.624999995,1.774761713));
#403=CARTESIAN_POINT('',(-7.589600697,-0.624986237,1.784368949));
#404=CARTESIAN_POINT('',(-7.483040566,-0.596426249,1.794314731));
#405=CARTESIAN_POINT('',(-7.3875,-0.541265877,1.803921592));
#406=CARTESIAN_POINT('',(-7.3874775,-0.541252887,1.803923854));
#407=CARTESIAN_POINT('',(-7.387455,-0.541239895,1.803926117));
#408=CARTESIAN_POINT('',(-7.387432502,-0.541226901,1.803928379));
#409=CARTESIAN_POINT('',(-7.29189828,-0.486054307,1.813535616));
#410=CARTESIAN_POINT('',(-7.213894494,-0.408040566,1.823481398));
#411=CARTESIAN_POINT('',(-7.158734123,-0.3125,1.833088259));
#412=CARTESIAN_POINT('',(-7.158721133,-0.3124775,1.833090521));
#413=CARTESIAN_POINT('',(-7.158708143,-0.312454999,1.833092784));
#414=CARTESIAN_POINT('',(-7.158695156,-0.312432497,1.833095046));
#415=CARTESIAN_POINT('',(-7.10354639,-0.216884517,1.842702282));
#416=CARTESIAN_POINT('',(-7.075,-0.110320743,1.852648064));
#417=CARTESIAN_POINT('',(-7.075,0.,1.862254926));
#418=CARTESIAN_POINT('',(-7.075,0.000025981,1.862257188));
#419=CARTESIAN_POINT('',(-7.075000002,0.000051962,1.862259451));
#420=CARTESIAN_POINT('',(-7.075000005,0.000077943,1.862261713));
#421=CARTESIAN_POINT('',(-7.075013763,0.110399303,1.871868949));
#422=CARTESIAN_POINT('',(-7.103573751,0.216959434,1.881814731));
#423=CARTESIAN_POINT('',(-7.158734123,0.3125,1.891421592));
#424=CARTESIAN_POINT('',(-7.158747113,0.3125225,1.891423854));
#425=CARTESIAN_POINT('',(-7.158760105,0.312545,1.891426117));
#426=CARTESIAN_POINT('',(-7.158773099,0.312567498,1.891428379));
#427=CARTESIAN_POINT('',(-7.213945693,0.40810172,1.901035616));
#428=CARTESIAN_POINT('',(-7.291959434,0.486105506,1.910981398));
#429=CARTESIAN_POINT('',(-7.3875,0.541265877,1.920588259));
#430=CARTESIAN_POINT('',(-7.3875225,0.541278867,1.920590521));
#431=CARTESIAN_POINT('',(-7.387545001,0.541291857,1.920592784));
#432=CARTESIAN_POINT('',(-7.387567503,0.541304844,1.920595046));
#433=CARTESIAN_POINT('',(-7.483115483,0.59645361,1.930202282));
#434=CARTESIAN_POINT('',(-7.589679257,0.625,1.940148064));
#435=CARTESIAN_POINT('',(-7.7,0.625,1.949754926));
#436=CARTESIAN_POINT('',(-7.700025981,0.625,1.949757188));
#437=CARTESIAN_POINT('',(-7.700051962,0.624999998,1.949759451));
#438=CARTESIAN_POINT('',(-7.700077943,0.624999995,1.949761713));
#439=CARTESIAN_POINT('',(-7.810399303,0.624986237,1.959368949));
#440=CARTESIAN_POINT('',(-7.916959434,0.596426249,1.969314731));
#441=CARTESIAN_POINT('',(-8.0125,0.541265877,1.978921592));
#442=CARTESIAN_POINT('',(-8.0125225,0.541252887,1.978923854));
#443=CARTESIAN_POINT('',(-8.012545,0.541239895,1.978926117));
#444=CARTESIAN_POINT('',(-8.012567498,0.541226901,1.978928379));
#445=CARTESIAN_POINT('',(-8.10810172,0.486054307,1.988535616));
#446=CARTESIAN_POINT('',(-8.186105506,0.408040566,1.998481398));
#447=CARTESIAN_POINT('',(-8.241265877,0.3125,2.008088259));
#448=CARTESIAN_POINT('',(-8.241278867,0.3124775,2.008090521));
#449=CARTESIAN_POINT('',(-8.241291857,0.312454999,2.008092784));
#450=CARTESIAN_POINT('',(-8.241304844,0.312432497,2.008095046));
#451=CARTESIAN_POINT('',(-8.29645361,0.216884517,2.017702282));
#452=CARTESIAN_POINT('',(-8.325,0.110320743,2.027648064));
#453=CARTESIAN_POINT('',(-8.325,0.,2.037254926));
#454=CARTESIAN_POINT('',(-8.325,-0.000025981,2.037257188));
#455=CARTESIAN_POINT('',(-8.324999998,-0.000051962,2.037259451));
#456=CARTESIAN_POINT('',(-8.324999995,-0.000077943,2.037261713));
#457=CARTESIAN_POINT('',(-8.324986237,-0.110399303,2.046868949));
#458=CARTESIAN_POINT('',(-8.296426249,-0.216959434,2.056814731));
#459=CARTESIAN_POINT('',(-8.241265877,-0.3125,2.066421592));
#460=CARTESIAN_POINT('',(-8.241252887,-0.3125225,2.066423854));
#461=CARTESIAN_POINT('',(-8.241239895,-0.312545,2.066426117));
#462=CARTESIAN_POINT('',(-8.241226901,-0.312567498,2.066428379));
#463=CARTESIAN_POINT('',(-8.186054307,-0.40810172,2.076035616));
#464=CARTESIAN_POINT('',(-8.108040566,-0.486105506,2.085981398));
#465=CARTESIAN_POINT('',(-8.0125,-0.541265877,2.095588259));
#466=CARTESIAN_POINT('',(-8.0124775,-0.541278867,2.095590521));
#467=CARTESIAN_POINT('',(-8.012454999,-0.541291857,2.095592784));
#468=CARTESIAN_POINT('',(-8.012432497,-0.541304844,2.095595046));
#469=CARTESIAN_POINT('',(-7.916884517,-0.59645361,2.105202282));
#470=CARTESIAN_POINT('',(-7.810320743,-0.625,2.115148064));
#471=CARTESIAN_POINT('',(-7.7,-0.625,2.124754926));
#472=CARTESIAN_POINT('',(-7.699974019,-0.625,2.124757188));
#473=CARTESIAN_POINT('',(-7.699948038,-0.624999998,2.124759451));
#474=CARTESIAN_POINT('',(-7.699922057,-0.624999995,2.124761713));
#475=CARTESIAN_POINT('',(-7.60506612,-0.624988166,2.133022157));
#476=CARTESIAN_POINT('',(-7.512485057,-0.603746899,2.141579855));
#477=CARTESIAN_POINT('',(-7.426927438,-0.562188914,2.15));
#478=CARTESIAN_POINT('',(-6.901429027,-0.048191039,1.26));
#479=CARTESIAN_POINT('',(-6.900459535,-0.032125636,1.261110604));
#480=CARTESIAN_POINT('',(-6.899976266,-0.016057036,1.262212563));
#481=CARTESIAN_POINT('',(-6.899976266,0.,1.263304926));
#482=CARTESIAN_POINT('',(-6.899976266,0.000033257,1.263307188));
#483=CARTESIAN_POINT('',(-6.899976268,0.000066513,1.263309451));
#484=CARTESIAN_POINT('',(-6.899976272,0.00009977,1.263311713));
#485=CARTESIAN_POINT('',(-6.899993883,0.1413153,1.272918949));
#486=CARTESIAN_POINT('',(-6.936551753,0.277716314,1.282864731));
#487=CARTESIAN_POINT('',(-7.007159123,0.400011867,1.292471592));
#488=CARTESIAN_POINT('',(-7.007175751,0.400040668,1.292473854));
#489=CARTESIAN_POINT('',(-7.007192381,0.400069468,1.292476117));
#490=CARTESIAN_POINT('',(-7.007209013,0.400098267,1.292478379));
#491=CARTESIAN_POINT('',(-7.077832029,0.522385699,1.302085616));
#492=CARTESIAN_POINT('',(-7.17769258,0.622233507,1.312031398));
#493=CARTESIAN_POINT('',(-7.299988133,0.692840877,1.321638259));
#494=CARTESIAN_POINT('',(-7.300016934,0.692857505,1.321640521));
#495=CARTESIAN_POINT('',(-7.300045736,0.692874132,1.321642784));
#496=CARTESIAN_POINT('',(-7.30007454,0.692890757,1.321645046));
#497=CARTESIAN_POINT('',(-7.422379582,0.76348327,1.331252282));
#498=CARTESIAN_POINT('',(-7.55878526,0.800023734,1.341198064));
#499=CARTESIAN_POINT('',(-7.7,0.800023734,1.350804926));
#500=CARTESIAN_POINT('',(-7.700033257,0.800023734,1.350807188));
#501=CARTESIAN_POINT('',(-7.700066513,0.800023732,1.350809451));
#502=CARTESIAN_POINT('',(-7.70009977,0.800023728,1.350811713));
#503=CARTESIAN_POINT('',(-7.8413153,0.800006117,1.360418949));
#504=CARTESIAN_POINT('',(-7.977716314,0.763448247,1.370364731));
#505=CARTESIAN_POINT('',(-8.100011867,0.692840877,1.379971592));
#506=CARTESIAN_POINT('',(-8.100040668,0.692824249,1.379973854));
#507=CARTESIAN_POINT('',(-8.100069468,0.692807619,1.379976117));
#508=CARTESIAN_POINT('',(-8.100098267,0.692790987,1.379978379));
#509=CARTESIAN_POINT('',(-8.222385699,0.622167971,1.389585616));
#510=CARTESIAN_POINT('',(-8.322233507,0.52230742,1.399531398));
#511=CARTESIAN_POINT('',(-8.392840877,0.400011867,1.409138259));
#512=CARTESIAN_POINT('',(-8.392857505,0.399983066,1.409140521));
#513=CARTESIAN_POINT('',(-8.392874132,0.399954264,1.409142784));
#514=CARTESIAN_POINT('',(-8.392890757,0.39992546,1.409145046));
#515=CARTESIAN_POINT('',(-8.46348327,0.277620418,1.418752282));
#516=CARTESIAN_POINT('',(-8.500023734,0.14121474,1.428698064));
#517=CARTESIAN_POINT('',(-8.500023734,0.,1.438304926));
#518=CARTESIAN_POINT('',(-8.500023734,-0.000033257,1.438307188));
#519=CARTESIAN_POINT('',(-8.500023732,-0.000066513,1.438309451));
#520=CARTESIAN_POINT('',(-8.500023728,-0.00009977,1.438311713));
#521=CARTESIAN_POINT('',(-8.500006117,-0.1413153,1.447918949));
#522=CARTESIAN_POINT('',(-8.463448247,-0.277716314,1.457864731));
#523=CARTESIAN_POINT('',(-8.392840877,-0.400011867,1.467471592));
#524=CARTESIAN_POINT('',(-8.392824249,-0.400040668,1.467473854));
#525=CARTESIAN_POINT('',(-8.392807619,-0.400069468,1.467476117));
#526=CARTESIAN_POINT('',(-8.392790987,-0.400098267,1.467478379));
#527=CARTESIAN_POINT('',(-8.322167971,-0.522385699,1.477085616));
#528=CARTESIAN_POINT('',(-8.22230742,-0.622233507,1.487031398));
#529=CARTESIAN_POINT('',(-8.100011867,-0.692840877,1.496638259));
#530=CARTESIAN_POINT('',(-8.099983066,-0.692857505,1.496640521));
#531=CARTESIAN_POINT('',(-8.099954264,-0.692874132,1.496642784));
#532=CARTESIAN_POINT('',(-8.09992546,-0.692890757,1.496645046));
#533=CARTESIAN_POINT('',(-7.977620418,-0.76348327,1.506252282));
#534=CARTESIAN_POINT('',(-7.84121474,-0.800023734,1.516198064));
#535=CARTESIAN_POINT('',(-7.7,-0.800023734,1.525804926));
#536=CARTESIAN_POINT('',(-7.699966743,-0.800023734,1.525807188));
#537=CARTESIAN_POINT('',(-7.699933487,-0.800023732,1.525809451));
#538=CARTESIAN_POINT('',(-7.69990023,-0.800023728,1.525811713));
#539=CARTESIAN_POINT('',(-7.5586847,-0.800006117,1.535418949));
#540=CARTESIAN_POINT('',(-7.422283686,-0.763448247,1.545364731));
#541=CARTESIAN_POINT('',(-7.299988133,-0.692840877,1.554971592));
#542=CARTESIAN_POINT('',(-7.299959332,-0.692824249,1.554973854));
#543=CARTESIAN_POINT('',(-7.299930532,-0.692807619,1.554976117));
#544=CARTESIAN_POINT('',(-7.299901733,-0.692790987,1.554978379));
#545=CARTESIAN_POINT('',(-7.177614301,-0.622167971,1.564585616));
#546=CARTESIAN_POINT('',(-7.077766493,-0.52230742,1.574531398));
#547=CARTESIAN_POINT('',(-7.007159123,-0.400011867,1.584138259));
#548=CARTESIAN_POINT('',(-7.007142495,-0.399983066,1.584140521));
#549=CARTESIAN_POINT('',(-7.007125868,-0.399954264,1.584142784));
#550=CARTESIAN_POINT('',(-7.007109243,-0.39992546,1.584145046));
#551=CARTESIAN_POINT('',(-6.93651673,-0.277620418,1.593752282));
#552=CARTESIAN_POINT('',(-6.899976266,-0.14121474,1.603698064));
#553=CARTESIAN_POINT('',(-6.899976266,0.,1.613304926));
#554=CARTESIAN_POINT('',(-6.899976266,0.000033257,1.613307188));
#555=CARTESIAN_POINT('',(-6.899976268,0.000066513,1.613309451));
#556=CARTESIAN_POINT('',(-6.899976272,0.00009977,1.613311713));
#557=CARTESIAN_POINT('',(-6.899993883,0.1413153,1.622918949));
#558=CARTESIAN_POINT('',(-6.936551753,0.277716314,1.632864731));
#559=CARTESIAN_POINT('',(-7.007159123,0.400011867,1.642471592));
#560=CARTESIAN_POINT('',(-7.007175751,0.400040668,1.642473854));
#561=CARTESIAN_POINT('',(-7.007192381,0.400069468,1.642476117));
#562=CARTESIAN_POINT('',(-7.007209013,0.400098267,1.642478379));
#563=CARTESIAN_POINT('',(-7.077832029,0.522385699,1.652085616));
#564=CARTESIAN_POINT('',(-7.17769258,0.622233507,1.662031398));
#565=CARTESIAN_POINT('',(-7.299988133,0.692840877,1.671638259));
#566=CARTESIAN_POINT('',(-7.300016934,0.692857505,1.671640521));
#567=CARTESIAN_POINT('',(-7.300045736,0.692874132,1.671642784));
#568=CARTESIAN_POINT('',(-7.30007454,0.692890757,1.671645046));
#569=CARTESIAN_POINT('',(-7.422379582,0.76348327,1.681252282));
#570=CARTESIAN_POINT('',(-7.55878526,0.800023734,1.691198064));
#571=CARTESIAN_POINT('',(-7.7,0.800023734,1.700804926));
#572=CARTESIAN_POINT('',(-7.700033257,0.800023734,1.700807188));
#573=CARTESIAN_POINT('',(-7.700066513,0.800023732,1.700809451));
#574=CARTESIAN_POINT('',(-7.70009977,0.800023728,1.700811713));
#575=CARTESIAN_POINT('',(-7.8413153,0.800006117,1.710418949));
#576=CARTESIAN_POINT('',(-7.977716314,0.763448247,1.720364731));
#577=CARTESIAN_POINT('',(-8.100011867,0.692840877,1.729971592));
#578=CARTESIAN_POINT('',(-8.100040668,0.692824249,1.729973854));
#579=CARTESIAN_POINT('',(-8.100069468,0.692807619,1.729976117));
#580=CARTESIAN_POINT('',(-8.100098267,0.692790987,1.729978379));
#581=CARTESIAN_POINT('',(-8.222385699,0.622167971,1.739585616));
#582=CARTESIAN_POINT('',(-8.322233507,0.52230742,1.749531398));
#583=CARTESIAN_POINT('',(-8.392840877,0.400011867,1.759138259));
#584=CARTESIAN_POINT('',(-8.392857505,0.399983066,1.759140521));
#585=CARTESIAN_POINT('',(-8.392874132,0.399954264,1.759142784));
#586=CARTESIAN_POINT('',(-8.392890757,0.39992546,1.759145046));
#587=CARTESIAN_POINT('',(-8.46348327,0.277620418,1.768752282));
#588=CARTESIAN_POINT('',(-8.500023734,0.14121474,1.778698064));
#589=CARTESIAN_POINT('',(-8.500023734,0.,1.788304926));
#590=CARTESIAN_POINT('',(-8.500023734,-0.000033257,1.788307188));
#591=CARTESIAN_POINT('',(-8.500023732,-0.000066513,1.788309451));
#592=CARTESIAN_POINT('',(-8.500023728,-0.00009977,1.788311713));
#593=CARTESIAN_POINT('',(-8.500006117,-0.1413153,1.797918949));
#594=CARTESIAN_POINT('',(-8.463448247,-0.277716314,1.807864731));
#595=CARTESIAN_POINT('',(-8.392840877,-0.400011867,1.817471592));
#596=CARTESIAN_POINT('',(-8.392824249,-0.400040668,1.817473854));
#597=CARTESIAN_POINT('',(-8.392807619,-0.400069468,1.817476117));
#598=CARTESIAN_POINT('',(-8.392790987,-0.400098267,1.817478379));
#599=CARTESIAN_POINT('',(-8.322167971,-0.522385699,1.827085616));
#600=CARTESIAN_POINT('',(-8.22230742,-0.622233507,1.837031398));
#601=CARTESIAN_POINT('',(-8.100011867,-0.692840877,1.846638259));
#602=CARTESIAN_POINT('',(-8.099983066,-0.692857505,1.846640521));
#603=CARTESIAN_POINT('',(-8.099954264,-0.692874132,1.846642784));
#604=CARTESIAN_POINT('',(-8.09992546,-0.692890757,1.846645046));
#605=CARTESIAN_POINT('',(-7.977620418,-0.76348327,1.856252282));
#606=CARTESIAN_POINT('',(-7.84121474,-0.800023734,1.866198064));
#607=CARTESIAN_POINT('',(-7.7,-0.800023734,1.875804926));
#608=CARTESIAN_POINT('',(-7.699966743,-0.800023734,1.875807188));
#609=CARTESIAN_POINT('',(-7.699933487,-0.800023732,1.875809451));
#610=CARTESIAN_POINT('',(-7.69990023,-0.800023728,1.875811713));
#611=CARTESIAN_POINT('',(-7.5586847,-0.800006117,1.885418949));
#612=CARTESIAN_POINT('',(-7.422283686,-0.763448247,1.895364731));
#613=CARTESIAN_POINT('',(-7.299988133,-0.692840877,1.904971592));
#614=CARTESIAN_POINT('',(-7.299959332,-0.692824249,1.904973854));
#615=CARTESIAN_POINT('',(-7.299930532,-0.692807619,1.904976117));
#616=CARTESIAN_POINT('',(-7.299901733,-0.692790987,1.904978379));
#617=CARTESIAN_POINT('',(-7.177614301,-0.622167971,1.914585616));
#618=CARTESIAN_POINT('',(-7.077766493,-0.52230742,1.924531398));
#619=CARTESIAN_POINT('',(-7.007159123,-0.400011867,1.934138259));
#620=CARTESIAN_POINT('',(-7.007142495,-0.399983066,1.934140521));
#621=CARTESIAN_POINT('',(-7.007125868,-0.399954264,1.934142784));
#622=CARTESIAN_POINT('',(-7.007109243,-0.39992546,1.934145046));
#623=CARTESIAN_POINT('',(-6.93651673,-0.277620418,1.943752282));
#624=CARTESIAN_POINT('',(-6.899976266,-0.14121474,1.953698064));
#625=CARTESIAN_POINT('',(-6.899976266,0.,1.963304926));
#626=CARTESIAN_POINT('',(-6.899976266,0.000033257,1.963307188));
#627=CARTESIAN_POINT('',(-6.899976268,0.000066513,1.963309451));
#628=CARTESIAN_POINT('',(-6.899976272,0.00009977,1.963311713));
#629=CARTESIAN_POINT('',(-6.899993883,0.1413153,1.972918949));
#630=CARTESIAN_POINT('',(-6.936551753,0.277716314,1.982864731));
#631=CARTESIAN_POINT('',(-7.007159123,0.400011867,1.992471592));
#632=CARTESIAN_POINT('',(-7.007175751,0.400040668,1.992473854));
#633=CARTESIAN_POINT('',(-7.007192381,0.400069468,1.992476117));
#634=CARTESIAN_POINT('',(-7.007209013,0.400098267,1.992478379));
#635=CARTESIAN_POINT('',(-7.077832029,0.522385699,2.002085616));
#636=CARTESIAN_POINT('',(-7.17769258,0.622233507,2.012031398));
#637=CARTESIAN_POINT('',(-7.299988133,0.692840877,2.021638259));
#638=CARTESIAN_POINT('',(-7.300016934,0.692857505,2.021640521));
#639=CARTESIAN_POINT('',(-7.300045736,0.692874132,2.021642784));
#640=CARTESIAN_POINT('',(-7.30007454,0.692890757,2.021645046));
#641=CARTESIAN_POINT('',(-7.422379582,0.76348327,2.031252282));
#642=CARTESIAN_POINT('',(-7.55878526,0.800023734,2.041198064));
#643=CARTESIAN_POINT('',(-7.7,0.800023734,2.050804926));
#644=CARTESIAN_POINT('',(-7.700033257,0.800023734,2.050807188));
#645=CARTESIAN_POINT('',(-7.700066513,0.800023732,2.050809451));
#646=CARTESIAN_POINT('',(-7.70009977,0.800023728,2.050811713));
#647=CARTESIAN_POINT('',(-7.8413153,0.800006117,2.060418949));
#648=CARTESIAN_POINT('',(-7.977716314,0.763448247,2.070364731));
#649=CARTESIAN_POINT('',(-8.100011867,0.692840877,2.079971592));
#650=CARTESIAN_POINT('',(-8.100040668,0.692824249,2.079973854));
#651=CARTESIAN_POINT('',(-8.100069468,0.692807619,2.079976117));
#652=CARTESIAN_POINT('',(-8.100098267,0.692790987,2.079978379));
#653=CARTESIAN_POINT('',(-8.222385699,0.622167971,2.089585616));
#654=CARTESIAN_POINT('',(-8.322233507,0.52230742,2.099531398));
#655=CARTESIAN_POINT('',(-8.392840877,0.400011867,2.109138259));
#656=CARTESIAN_POINT('',(-8.392857505,0.399983066,2.109140521));
#657=CARTESIAN_POINT('',(-8.392874132,0.399954264,2.109142784));
#658=CARTESIAN_POINT('',(-8.392890757,0.39992546,2.109145046));
#659=CARTESIAN_POINT('',(-8.46348327,0.277620418,2.118752282));
#660=CARTESIAN_POINT('',(-8.500023734,0.14121474,2.128698064));
#661=CARTESIAN_POINT('',(-8.500023734,0.,2.138304926));
#662=CARTESIAN_POINT('',(-8.500023734,-0.000033257,2.138307188));
#663=CARTESIAN_POINT('',(-8.500023732,-0.000066513,2.138309451));
#664=CARTESIAN_POINT('',(-8.500023728,-0.00009977,2.138311713));
#665=CARTESIAN_POINT('',(-8.500006117,-0.1413153,2.147918949));
#666=CARTESIAN_POINT('',(-8.463448247,-0.277716314,2.157864731));
#667=CARTESIAN_POINT('',(-8.392840877,-0.400011867,2.167471592));
#668=CARTESIAN_POINT('',(-8.392824249,-0.400040668,2.167473854));
#669=CARTESIAN_POINT('',(-8.392807619,-0.400069468,2.167476117));
#670=CARTESIAN_POINT('',(-8.392790987,-0.400098267,2.167478379));
#671=CARTESIAN_POINT('',(-8.322167971,-0.522385699,2.177085616));
#672=CARTESIAN_POINT('',(-8.22230742,-0.622233507,2.187031398));
#673=CARTESIAN_POINT('',(-8.100011867,-0.692840877,2.196638259));
#674=CARTESIAN_POINT('',(-8.099983066,-0.692857505,2.196640521));
#675=CARTESIAN_POINT('',(-8.099954264,-0.692874132,2.196642784));
#676=CARTESIAN_POINT('',(-8.09992546,-0.692890757,2.196645046));
#677=CARTESIAN_POINT('',(-7.977620418,-0.76348327,2.206252282));
#678=CARTESIAN_POINT('',(-7.84121474,-0.800023734,2.216198064));
#679=CARTESIAN_POINT('',(-7.7,-0.800023734,2.225804926));
#680=CARTESIAN_POINT('',(-7.699966743,-0.800023734,2.225807188));
#681=CARTESIAN_POINT('',(-7.699933487,-0.800023732,2.225809451));
#682=CARTESIAN_POINT('',(-7.69990023,-0.800023728,2.225811713));
#683=CARTESIAN_POINT('',(-7.578481028,-0.800008586,2.234072157));
#684=CARTESIAN_POINT('',(-7.459973752,-0.772818958,2.242629855));
#685=CARTESIAN_POINT('',(-7.350456751,-0.719623159,2.25105));
#686=(BOUNDED_SURFACE()
B_SPLINE_SURFACE(1,3,((#62,#63,#64,#65,#66,#67,#68,#69,#70,#71,#72,#73,#74,#75,#76,#77,#78,#79,#80,#81,#82,#83,#84,#85,#86,#87,
#88,#89,#90,#91,#92,#93,#94,#95,#96,#97,#98,#99,#100,#101,#102,#103,#104,#105,#106,#107,#108,#109,#110,#111,#112,
#113,#114,#115,#116,#117,#118,#119,#120,#121,#122,#123,#124,#125,#126,#127,#128,#129,#130,#131,#132,#133,#134,#135,#136,#137,
#138,#139,#140,#141,#142,#143,#144,#145,#146,#147,#148,#149,#150,#151,#152,#153,#154,#155,#156,#157,#158,#159,#160,#161,#162,
#163,#164,#165,#166,#167,#168,#169,#170,#171,#172,#173,#174,#175,#176,#177,#178,#179,#180,#181,#182,#183,#184,#185,#186,#187,
#188,#189,#190,#191,#192,#193,#194,#195,#196,#197,#198,#199,#200,#201,#202,#203,#204,#205,#206,#207,#208,#209,#210,#211,#212,
#213,#214,#215,#216,#217,#218,#219,#220,#221,#222,#223,#224,#225,#226,#227,#228,#229,#230,#231,#232,#233,#234,#235,#236,#237,
#238,#239,#240,#241,#242,#243,#244,#245,#246,#247,#248,#249,#250,#251,#252,#253,#254,#255,#256,#257,#258,#259,#260,#261,#262,
#263,#264,#265,#266,#267,#268,#269),(#270,#271,#272,#273,#274,#275,#276,#277,#278,#279,#280,#281,#282,#283,#284,#285,#286,#287,#288,#289,#290,#291,#292,#293,#294,#295,
#296,#297,#298,#299,#300,#301,#302,#303,#304,#305,#306,#307,#308,#309,#310,#311,#312,#313,#314,#315,#316,#317,#318,#319,#320,
#321,#322,#323,#324,#325,#326,#327,#328,#329,#330,#331,#332,#333,#334,#335,#336,#337,#338,#339,#340,#341,#342,#343,#344,#345,
#346,#347,#348,#349,#350,#351,#352,#353,#354,#355,#356,#357,#358,#359,#360,#361,#362,#363,#364,#365,#366,#367,#368,#369,#370,
#371,#372,#373,#374,#375,#376,#377,#378,#379,#380,#381,#382,#383,#384,#385,#386,#387,#388,#389,#390,#391,#392,#393,#394,#395,
#396,#397,#398,#399,#400,#401,#402,#403,#404,#405,#406,#407,#408,#409,#410,#411,#412,#413,#414,#415,#416,#417,#418,#419,#420,
#421,#422,#423,#424,#425,#426,#427,#428,#429,#430,#431,#432,#433,#434,#435,#436,#437,#438,#439,#440,#441,#442,#443,#444,#445,
#446,#447,#448,#449,#450,#451,#452,#453,#454,#455,#456,#457,#458,#459,#460,#461,#462,#463,#464,#465,#466,#467,#468,#469,#470,
#471,#472,#473,#474,#475,#476,#477),(#478,#479,#480,#481,#482,#483,#484,#485,#486,#487,#488,#489,#490,#491,#492,#493,#494,#495,#496,#497,#498,#499,#500,#501,#502,#503,
#504,#505,#506,#507,#508,#509,#510,#511,#512,#513,#514,#515,#516,#517,#518,#519,#520,#521,#522,#523,#524,#525,#526,#527,#528,
#529,#530,#531,#532,#533,#534,#535,#536,#537,#538,#539,#540,#541,#542,#543,#544,#545,#546,#547,#548,#549,#550,#551,#552,#553,
#554,#555,#556,#557,#558,#559,#560,#561,#562,#563,#564,#565,#566,#567,#568,#569,#570,#571,#572,#573,#574,#575,#576,#577,#578,
#579,#580,#581,#582,#583,#584,#585,#586,#587,#588,#589,#590,#591,#592,#593,#594,#595,#596,#597,#598,#599,#600,#601,#602,#603,
#604,#605,#606,#607,#608,#609,#610,#611,#612,#613,#614,#615,#616,#617,#618,#619,#620,#621,#622,#623,#624,#625,#626,#627,#628,
#629,#630,#631,#632,#633,#634,#635,#636,#637,#638,#639,#640,#641,#642,#643,#644,#645,#646,#647,#648,#649,#650,#651,#652,#653,
#654,#655,#656,#657,#658,#659,#660,#661,#662,#663,#664,#665,#666,#667,#668,#669,#670,#671,#672,#673,#674,#675,#676,#677,#678,
#679,#680,#681,#682,#683,#684,#685)),.UNSPECIFIED.,.F.,.F.,.U.)
B_SPLINE_SURFACE_WITH_KNOTS((2,1,2),(4,3,3,3,3,3,3,3,3,3,3,3,3,3,3,3,3,3,3,3,3,3,3,3,3,3,
3,3,3,3,3,3,3,3,3,3,3,3,3,3,3,3,3,3,3,3,3,3,3,3,3,
3,3,3,3,3,3,3,3,3,3,3,3,3,3,3,3,3,3,4),(-0.002314843,0.,1.),(0.818907341,0.819444444,0.819445559,0.824074074,0.824075189,0.828703704,0.828704819,0.833333333,0.833334448,0.837962963,0.837964078,0.842592593,0.842593708,0.847222222,0.847223337,0.851851852,0.851852967,0.856481481,0.856482596,0.861111111,0.861112226,0.865740741,0.865741856,0.87037037,0.870371485,0.875,
0.875001115,0.87962963,0.879630745,0.884259259,0.884260374,0.888888889,0.888890004,0.893518519,0.893519634,0.898148148,0.898149263,0.902777778,0.902778893,0.907407407,0.907408522,0.912037037,0.912038152,0.916666667,0.916667782,0.921296296,0.921297411,0.925925926,0.925927041,0.930555556,0.930556671,
0.935185185,0.9351863,0.939814815,0.93981593,0.944444444,0.944445559,0.949074074,0.949075189,0.953703704,0.953704819,0.958333333,0.958334448,0.962962963,0.962964078,0.967592593,0.967593708,0.972222222,0.972223337,0.976215707),.UNSPECIFIED.)
GEOMETRIC_REPRESENTATION_ITEM()
RATIONAL_B_SPLINE_SURFACE(((0.993011048,0.995034955,0.997364606,1.,0.999994527,0.999989056,0.999983586,0.977283885,0.977289357,1.,0.999994527,0.999989056,0.999983586,0.977283885,0.977289357,1.,0.999994527,0.999989056,0.999983586,0.977283885,0.977289357,1.,0.999994527,0.999989056,0.999983586,0.977283885,
0.977289357,1.,0.999994527,0.999989056,0.999983586,0.977283885,0.977289357,1.,0.999994527,0.999989056,0.999983586,0.977283885,0.977289357,1.,0.999994527,0.999989056,0.999983586,0.977283885,0.977289357,1.,0.999994527,0.999989056,0.999983586,0.977283885,0.977289357,
1.,0.999994527,0.999989056,0.999983586,0.977283885,0.977289357,1.,0.999994527,0.999989056,0.999983586,0.977283885,0.977289357,1.,0.999994527,0.999989056,0.999983586,0.977283885,0.977289357,1.,0.999994527,0.999989056,0.999983586,0.977283885,0.977289357,1.,
0.999994527,0.999989056,0.999983586,0.977283885,0.977289357,1.,0.999994527,0.999989056,0.999983586,0.977283885,0.977289357,1.,0.999994527,0.999989056,0.999983586,0.977283885,0.977289357,1.,0.999994527,0.999989056,0.999983586,0.977283885,0.977289357,1.,0.999994527,
0.999989056,0.999983586,0.977283885,0.977289357,1.,0.999994527,0.999989056,0.999983586,0.977283885,0.977289357,1.,0.999994527,0.999989056,0.999983586,0.977283885,0.977289357,1.,0.999994527,0.999989056,0.999983586,0.977283885,0.977289357,1.,0.999994527,0.999989056,
0.999983586,0.977283885,0.977289357,1.,0.999994527,0.999989056,0.999983586,0.977283885,0.977289357,1.,0.999994527,0.999989056,0.999983586,0.977283885,0.977289357,1.,0.999994527,0.999989056,0.999983586,0.977283885,0.977289357,1.,0.999994527,0.999989056,0.999983586,
0.977283885,0.977289357,1.,0.999994527,0.999989056,0.999983586,0.977283885,0.977289357,1.,0.999994527,0.999989056,0.999983586,0.977283885,0.977289357,1.,0.999994527,0.999989056,0.999983586,0.977283885,0.977289357,1.,0.999994527,0.999989056,0.999983586,0.977283885,
0.977289357,1.,0.999994527,0.999989056,0.999983586,0.977283885,0.977289357,1.,0.999994527,0.999989056,0.999983586,0.977283885,0.977289357,1.,0.999994527,0.999989056,0.999983586,0.977283885,0.977289357,1.,0.999994527,0.999989056,0.999983586,0.977283885,0.977289357,
1.,0.999994527,0.999989056,0.999983586,0.98040374,0.97771675,0.991922615),(0.993011048,0.995034955,0.997364606,1.,0.999994527,0.999989056,0.999983586,0.977283885,0.977289357,1.,0.999994527,0.999989056,0.999983586,0.977283885,0.977289357,1.,0.999994527,0.999989056,0.999983586,0.977283885,0.977289357,1.,0.999994527,0.999989056,0.999983586,0.977283885,
0.977289357,1.,0.999994527,0.999989056,0.999983586,0.977283885,0.977289357,1.,0.999994527,0.999989056,0.999983586,0.977283885,0.977289357,1.,0.999994527,0.999989056,0.999983586,0.977283885,0.977289357,1.,0.999994527,0.999989056,0.999983586,0.977283885,0.977289357,
1.,0.999994527,0.999989056,0.999983586,0.977283885,0.977289357,1.,0.999994527,0.999989056,0.999983586,0.977283885,0.977289357,1.,0.999994527,0.999989056,0.999983586,0.977283885,0.977289357,1.,0.999994527,0.999989056,0.999983586,0.977283885,0.977289357,1.,
0.999994527,0.999989056,0.999983586,0.977283885,0.977289357,1.,0.999994527,0.999989056,0.999983586,0.977283885,0.977289357,1.,0.999994527,0.999989056,0.999983586,0.977283885,0.977289357,1.,0.999994527,0.999989056,0.999983586,0.977283885,0.977289357,1.,0.999994527,
0.999989056,0.999983586,0.977283885,0.977289357,1.,0.999994527,0.999989056,0.999983586,0.977283885,0.977289357,1.,0.999994527,0.999989056,0.999983586,0.977283885,0.977289357,1.,0.999994527,0.999989056,0.999983586,0.977283885,0.977289357,1.,0.999994527,0.999989056,
0.999983586,0.977283885,0.977289357,1.,0.999994527,0.999989056,0.999983586,0.977283885,0.977289357,1.,0.999994527,0.999989056,0.999983586,0.977283885,0.977289357,1.,0.999994527,0.999989056,0.999983586,0.977283885,0.977289357,1.,0.999994527,0.999989056,0.999983586,
0.977283885,0.977289357,1.,0.999994527,0.999989056,0.999983586,0.977283885,0.977289357,1.,0.999994527,0.999989056,0.999983586,0.977283885,0.977289357,1.,0.999994527,0.999989056,0.999983586,0.977283885,0.977289357,1.,0.999994527,0.999989056,0.999983586,0.977283885,
0.977289357,1.,0.999994527,0.999989056,0.999983586,0.977283885,0.977289357,1.,0.999994527,0.999989056,0.999983586,0.977283885,0.977289357,1.,0.999994527,0.999989056,0.999983586,0.977283885,0.977289357,1.,0.999994527,0.999989056,0.999983586,0.977283885,0.977289357,
1.,0.999994527,0.999989056,0.999983586,0.98040374,0.97771675,0.991922615),(0.993011048,0.995034955,0.997364606,1.,0.999994527,0.999989056,0.999983586,0.977283885,0.977289357,1.,0.999994527,0.999989056,0.999983586,0.977283885,0.977289357,1.,0.999994527,0.999989056,0.999983586,0.977283885,0.977289357,1.,0.999994527,0.999989056,0.999983586,0.977283885,
0.977289357,1.,0.999994527,0.999989056,0.999983586,0.977283885,0.977289357,1.,0.999994527,0.999989056,0.999983586,0.977283885,0.977289357,1.,0.999994527,0.999989056,0.999983586,0.977283885,0.977289357,1.,0.999994527,0.999989056,0.999983586,0.977283885,0.977289357,
1.,0.999994527,0.999989056,0.999983586,0.977283885,0.977289357,1.,0.999994527,0.999989056,0.999983586,0.977283885,0.977289357,1.,0.999994527,0.999989056,0.999983586,0.977283885,0.977289357,1.,0.999994527,0.999989056,0.999983586,0.977283885,0.977289357,1.,
0.999994527,0.999989056,0.999983586,0.977283885,0.977289357,1.,0.999994527,0.999989056,0.999983586,0.977283885,0.977289357,1.,0.999994527,0.999989056,0.999983586,0.977283885,0.977289357,1.,0.999994527,0.999989056,0.999983586,0.977283885,0.977289357,1.,0.999994527,
0.999989056,0.999983586,0.977283885,0.977289357,1.,0.999994527,0.999989056,0.999983586,0.977283885,0.977289357,1.,0.999994527,0.999989056,0.999983586,0.977283885,0.977289357,1.,0.999994527,0.999989056,0.999983586,0.977283885,0.977289357,1.,0.999994527,0.999989056,
0.999983586,0.977283885,0.977289357,1.,0.999994527,0.999989056,0.999983586,0.977283885,0.977289357,1.,0.999994527,0.999989056,0.999983586,0.977283885,0.977289357,1.,0.999994527,0.999989056,0.999983586,0.977283885,0.977289357,1.,0.999994527,0.999989056,0.999983586,
0.977283885,0.977289357,1.,0.999994527,0.999989056,0.999983586,0.977283885,0.977289357,1.,0.999994527,0.999989056,0.999983586,0.977283885,0.977289357,1.,0.999994527,0.999989056,0.999983586,0.977283885,0.977289357,1.,0.999994527,0.999989056,0.999983586,0.977283885,
0.977289357,1.,0.999994527,0.999989056,0.999983586,0.977283885,0.977289357,1.,0.999994527,0.999989056,0.999983586,0.977283885,0.977289357,1.,0.999994527,0.999989056,0.999983586,0.977283885,0.977289357,1.,0.999994527,0.999989056,0.999983586,0.977283885,0.977289357,
1.,0.999994527,0.999989056,0.999983586,0.98040374,0.97771675,0.991922615)))
REPRESENTATION_ITEM('')
SURFACE()
);
#687=CARTESIAN_POINT('',(-8.482297632,-0.167363125,2.15));
#688=VERTEX_POINT('',#687);
#689=CARTESIAN_POINT('',(-8.482297632,-0.167363125,2.15));
#690=CARTESIAN_POINT('',(-8.469884174,-0.225386771,2.154173762));
#691=CARTESIAN_POINT('',(-8.450655664,-0.282913799,2.15843797));
#692=CARTESIAN_POINT('',(-8.425666008,-0.336762298,2.162556941));
#693=CARTESIAN_POINT('',(-8.400676351,-0.390610797,2.166675912));
#694=CARTESIAN_POINT('',(-8.369932873,-0.44136203,2.170658791));
#695=CARTESIAN_POINT('',(-8.333240306,-0.488883133,2.174851802));
#696=CARTESIAN_POINT('',(-8.296547738,-0.536404237,2.179044813));
#697=CARTESIAN_POINT('',(-8.255114842,-0.579108063,2.183236157));
#698=CARTESIAN_POINT('',(-8.209374888,-0.616876992,2.187395151));
#699=CARTESIAN_POINT('',(-8.163634934,-0.654645922,2.191554145));
#700=CARTESIAN_POINT('',(-8.112847371,-0.687811277,2.195659207));
#701=CARTESIAN_POINT('',(-8.059802023,-0.714522571,2.199754926));
#702=B_SPLINE_CURVE_WITH_KNOTS('',3,(#689,#690,#691,#692,#693,#694,#695,#696,#697,#698,#699,#700,#701),.UNSPECIFIED.,.F.,.F.,(4,3,3,3,4),(0.000717806,0.000896,0.001074193,0.001252387,0.001430581),.UNSPECIFIED.);
#703=EDGE_CURVE('',#688,#33,#702,.T.);
#704=ORIENTED_EDGE('',*,*,#703,.F.);
#705=CARTESIAN_POINT('',(-7.426927438,-0.562188915,2.15));
#706=VERTEX_POINT('',#705);
#707=CARTESIAN_POINT('',(-7.426927438,-0.562188915,2.15));
#708=CARTESIAN_POINT('',(-7.51606301,-0.623735663,2.15));
#709=CARTESIAN_POINT('',(-7.621978218,-0.661907056,2.15));
#710=CARTESIAN_POINT('',(-7.730214026,-0.672304868,2.15));
#711=CARTESIAN_POINT('',(-7.838449834,-0.682702681,2.15));
#712=CARTESIAN_POINT('',(-7.948923437,-0.666866756,2.15));
#713=CARTESIAN_POINT('',(-8.049521465,-0.626980847,2.15));
#714=CARTESIAN_POINT('',(-8.09982048,-0.607037893,2.15));
#715=CARTESIAN_POINT('',(-8.14854986,-0.581052582,2.15));
#716=CARTESIAN_POINT('',(-8.193214476,-0.550531339,2.15));
#717=CARTESIAN_POINT('',(-8.237879093,-0.520010096,2.15));
#718=CARTESIAN_POINT('',(-8.279177118,-0.484607295,2.15));
#719=CARTESIAN_POINT('',(-8.316442014,-0.444686554,2.15));
#720=CARTESIAN_POINT('',(-8.35370691,-0.404765812,2.15));
#721=CARTESIAN_POINT('',(-8.385932067,-0.361367046,2.15));
#722=CARTESIAN_POINT('',(-8.413698271,-0.314891069,2.15));
#723=CARTESIAN_POINT('',(-8.441464474,-0.268415091,2.15));
#724=CARTESIAN_POINT('',(-8.464696811,-0.218416007,2.15));
#725=CARTESIAN_POINT('',(-8.482297632,-0.167363125,2.15));
#726=B_SPLINE_CURVE_WITH_KNOTS('',3,(#707,#708,#709,#710,#711,#712,#713,#714,#715,#716,#717,#718,#719,#720,#721,#722,#723,#724,#725),.UNSPECIFIED.,.F.,.F.,(4,3,3,3,3,3,4),(0.002669847,0.002991268,0.003312688,0.003473398,0.003634109,0.003794819,0.003955529),.UNSPECIFIED.);
#727=EDGE_CURVE('',#706,#688,#726,.T.);
#728=ORIENTED_EDGE('',*,*,#727,.F.);
#729=CARTESIAN_POINT('',(-7.075,-0.,1.862254926));
#730=VERTEX_POINT('',#729);
#731=CARTESIAN_POINT('',(-7.075,-0.000000001,1.862254926));
#732=CARTESIAN_POINT('',(-7.075,0.135798119,1.874080383));
#733=CARTESIAN_POINT('',(-7.119359817,0.267962838,1.886081028));
#734=CARTESIAN_POINT('',(-7.2007381,0.375982139,1.898146111));
#735=CARTESIAN_POINT('',(-7.282116383,0.48400144,1.910211193));
#736=CARTESIAN_POINT('',(-7.39786931,0.563498702,1.922036573));
#737=CARTESIAN_POINT('',(-7.527319734,0.600671757,1.93415008));
#738=CARTESIAN_POINT('',(-7.656770158,0.637844811,1.946263586));
#739=CARTESIAN_POINT('',(-7.798035821,0.63169804,1.958135713));
#740=CARTESIAN_POINT('',(-7.923432737,0.583697535,1.970175437));
#741=CARTESIAN_POINT('',(-8.048829654,0.53569703,1.982215162));
#742=CARTESIAN_POINT('',(-8.158519702,0.445359878,1.994343835));
#743=CARTESIAN_POINT('',(-8.22966378,0.33178499,2.006119274));
#744=CARTESIAN_POINT('',(-8.300807859,0.218210102,2.017894712));
#745=CARTESIAN_POINT('',(-8.334193056,0.079655511,2.030103921));
#746=CARTESIAN_POINT('',(-8.322687237,-0.053717824,2.041986702));
#747=CARTESIAN_POINT('',(-8.311181419,-0.187091159,2.053869483));
#748=CARTESIAN_POINT('',(-8.254449194,-0.318004793,2.065932102));
#749=CARTESIAN_POINT('',(-8.165017093,-0.417593227,2.077981756));
#750=CARTESIAN_POINT('',(-8.075584992,-0.51718166,2.09003141));
#751=CARTESIAN_POINT('',(-7.951627973,-0.587587825,2.101969912));
#752=CARTESIAN_POINT('',(-7.820145132,-0.613343417,2.114020558));
#753=CARTESIAN_POINT('',(-7.688662292,-0.639099009,2.126071204));
#754=CARTESIAN_POINT('',(-7.54771572,-0.620816422,2.138093013));
#755=CARTESIAN_POINT('',(-7.426927426,-0.562188938,2.150000015));
#756=B_SPLINE_CURVE_WITH_KNOTS('',3,(#731,#732,#733,#734,#735,#736,#737,#738,#739,#740,#741,#742,#743,#744,#745,#746,#747,#748,#749,#750,#751,#752,#753,#754,#755),.UNSPECIFIED.,.F.,.F.,(4,3,3,3,3,3,3,3,4),(0.,0.000403363,0.000806725,0.001210088,0.00161345,0.002016813,0.002420176,0.002823538,0.003226901),.UNSPECIFIED.);
#757=EDGE_CURVE('',#730,#706,#756,.T.);
#758=ORIENTED_EDGE('',*,*,#757,.F.);
#759=CARTESIAN_POINT('',(-7.075,0.,1.512254926));
#760=VERTEX_POINT('',#759);
#761=CARTESIAN_POINT('',(-7.075,0.,1.512254926));
#762=CARTESIAN_POINT('',(-7.075,0.080880946,1.519298134));
#763=CARTESIAN_POINT('',(-7.091314754,0.163827314,1.526901449));
#764=CARTESIAN_POINT('',(-7.122709493,0.239500879,1.534223634));
#765=CARTESIAN_POINT('',(-7.154104233,0.315174443,1.541545819));
#766=CARTESIAN_POINT('',(-7.19987552,0.383758996,1.548586876));
#767=CARTESIAN_POINT('',(-7.258058262,0.441941738,1.556004926));
#768=CARTESIAN_POINT('',(-7.316241004,0.50012448,1.563422976));
#769=CARTESIAN_POINT('',(-7.384825557,0.545895767,1.570464032));
#770=CARTESIAN_POINT('',(-7.460499121,0.577290507,1.577786217));
#771=CARTESIAN_POINT('',(-7.536172686,0.608685246,1.585108402));
#772=CARTESIAN_POINT('',(-7.619119054,0.625,1.592711718));
#773=CARTESIAN_POINT('',(-7.7,0.625,1.599754926));
#774=CARTESIAN_POINT('',(-7.780880946,0.625,1.606798134));
#775=CARTESIAN_POINT('',(-7.863827314,0.608685246,1.614401449));
#776=CARTESIAN_POINT('',(-7.939500879,0.577290507,1.621723634));
#777=CARTESIAN_POINT('',(-8.015174443,0.545895767,1.629045819));
#778=CARTESIAN_POINT('',(-8.083758996,0.50012448,1.636086876));
#779=CARTESIAN_POINT('',(-8.141941738,0.441941738,1.643504926));
#780=CARTESIAN_POINT('',(-8.20012448,0.383758996,1.650922976));
#781=CARTESIAN_POINT('',(-8.245895767,0.315174443,1.657964032));
#782=CARTESIAN_POINT('',(-8.277290507,0.239500879,1.665286217));
#783=CARTESIAN_POINT('',(-8.308685246,0.163827314,1.672608402));
#784=CARTESIAN_POINT('',(-8.325,0.080880946,1.680211717));
#785=CARTESIAN_POINT('',(-8.325,0.,1.687254926));
#786=CARTESIAN_POINT('',(-8.325,-0.080880946,1.694298135));
#787=CARTESIAN_POINT('',(-8.308685239,-0.16382735,1.701901452));
#788=CARTESIAN_POINT('',(-8.277290486,-0.239500928,1.709223639));
#789=CARTESIAN_POINT('',(-8.245895734,-0.315174505,1.716545825));
#790=CARTESIAN_POINT('',(-8.200124446,-0.383759037,1.723586881));
#791=CARTESIAN_POINT('',(-8.141941713,-0.441941763,1.731004929));
#792=CARTESIAN_POINT('',(-8.08375898,-0.500124489,1.738422977));
#793=CARTESIAN_POINT('',(-8.015174443,-0.545895767,1.745464032));
#794=CARTESIAN_POINT('',(-7.939500879,-0.577290507,1.752786217));
#795=CARTESIAN_POINT('',(-7.863827314,-0.608685246,1.760108402));
#796=CARTESIAN_POINT('',(-7.780880963,-0.625,1.767711716));
#797=CARTESIAN_POINT('',(-7.7,-0.625,1.774754926));
#798=CARTESIAN_POINT('',(-7.619119037,-0.625,1.781798136));
#799=CARTESIAN_POINT('',(-7.53617265,-0.608685239,1.789401452));
#800=CARTESIAN_POINT('',(-7.460499072,-0.577290486,1.796723639));
#801=CARTESIAN_POINT('',(-7.384825495,-0.545895734,1.804045825));
#802=CARTESIAN_POINT('',(-7.316240963,-0.500124446,1.811086881));
#803=CARTESIAN_POINT('',(-7.258058237,-0.441941713,1.818504929));
#804=CARTESIAN_POINT('',(-7.199875511,-0.38375898,1.825922977));
#805=CARTESIAN_POINT('',(-7.154104233,-0.315174443,1.832964032));
#806=CARTESIAN_POINT('',(-7.122709493,-0.239500879,1.840286217));
#807=CARTESIAN_POINT('',(-7.091314754,-0.163827314,1.847608402));
#808=CARTESIAN_POINT('',(-7.075,-0.080880946,1.855211717));
#809=CARTESIAN_POINT('',(-7.075,-0.,1.862254926));
#810=B_SPLINE_CURVE_WITH_KNOTS('',3,(#761,#762,#763,#764,#765,#766,#767,#768,#769,#770,#771,#772,#773,#774,#775,#776,#777,#778,#779,#780,#781,#782,#783,#784,#785,#786,
#787,#788,#789,#790,#791,#792,#793,#794,#795,#796,#797,#798,#799,#800,#801,#802,#803,#804,#805,#806,#807,#808,#809),.UNSPECIFIED.,.F.,.F.,(4,3,3,3,3,3,3,3,3,3,3,3,3,3,3,3,4),(0.875,0.878472222,0.881944444,0.885416667,0.888888889,0.892361111,0.895833333,0.899305556,0.902777778,0.90625,0.909722222,0.913194445,0.916666667,0.920138889,0.923611111,0.927083334,0.930555556),.UNSPECIFIED.);
#811=EDGE_CURVE('',#760,#730,#810,.T.);
#812=ORIENTED_EDGE('',*,*,#811,.F.);
#813=CARTESIAN_POINT('',(-7.814796695,0.614366925,1.26));
#814=VERTEX_POINT('',#813);
#815=CARTESIAN_POINT('',(-7.814796735,0.614366918,1.260000004));
#816=CARTESIAN_POINT('',(-7.872987841,0.603493694,1.265320526));
#817=CARTESIAN_POINT('',(-7.929894386,0.584135577,1.270727015));
#818=CARTESIAN_POINT('',(-7.982231444,0.557647211,1.275903275));
#819=CARTESIAN_POINT('',(-8.034568501,0.531158846,1.281079534));
#820=CARTESIAN_POINT('',(-8.083075367,0.497384208,1.286218537));
#821=CARTESIAN_POINT('',(-8.126407757,0.456947946,1.291558149));
#822=CARTESIAN_POINT('',(-8.213072536,0.37607542,1.302237375));
#823=CARTESIAN_POINT('',(-8.275203864,0.271707638,1.312432666));
#824=CARTESIAN_POINT('',(-8.304976755,0.156933508,1.323121755));
#825=CARTESIAN_POINT('',(-8.334749646,0.042159378,1.333810843));
#826=CARTESIAN_POINT('',(-8.331173931,-0.079284013,1.344015926));
#827=CARTESIAN_POINT('',(-8.294762632,-0.192047941,1.354684046));
#828=CARTESIAN_POINT('',(-8.276556983,-0.248429904,1.360018106));
#829=CARTESIAN_POINT('',(-8.250675378,-0.301385607,1.365113046));
#830=CARTESIAN_POINT('',(-8.217769609,-0.350056612,1.370313947));
#831=CARTESIAN_POINT('',(-8.184863841,-0.398727617,1.375514848));
#832=CARTESIAN_POINT('',(-8.144514371,-0.443318939,1.38092875));
#833=CARTESIAN_POINT('',(-8.098978212,-0.481083554,1.386238544));
#834=CARTESIAN_POINT('',(-8.053442053,-0.518848169,1.391548339));
#835=CARTESIAN_POINT('',(-8.003456305,-0.549559543,1.39656971));
#836=CARTESIAN_POINT('',(-7.949392518,-0.573086706,1.401826748));
#837=CARTESIAN_POINT('',(-7.895328731,-0.596613868,1.407083786));
#838=CARTESIAN_POINT('',(-7.837311861,-0.612579273,1.41250732));
#839=CARTESIAN_POINT('',(-7.778766191,-0.620016844,1.417779063));
#840=CARTESIAN_POINT('',(-7.72022052,-0.627454416,1.423050806));
#841=CARTESIAN_POINT('',(-7.661597211,-0.626614191,1.428062241));
#842=CARTESIAN_POINT('',(-7.603191187,-0.617456925,1.433361634));
#843=CARTESIAN_POINT('',(-7.544785164,-0.608299658,1.438661026));
#844=CARTESIAN_POINT('',(-7.487285991,-0.590624911,1.444079511));
#845=CARTESIAN_POINT('',(-7.434054807,-0.565595398,1.449299419));
#846=CARTESIAN_POINT('',(-7.380823622,-0.540565885,1.454519328));
#847=CARTESIAN_POINT('',(-7.331601107,-0.508345314,1.459584466));
#848=CARTESIAN_POINT('',(-7.287136996,-0.469221845,1.46491243));
#849=CARTESIAN_POINT('',(-7.242672886,-0.430098377,1.470240394));
#850=CARTESIAN_POINT('',(-7.203700721,-0.384373727,1.475639147));
#851=CARTESIAN_POINT('',(-7.172311722,-0.334918022,1.480793439));
#852=CARTESIAN_POINT('',(-7.140922724,-0.285462318,1.48594773));
#853=CARTESIAN_POINT('',(-7.116431744,-0.231489147,1.491130202));
#854=CARTESIAN_POINT('',(-7.099874254,-0.174568292,1.496472952));
#855=CARTESIAN_POINT('',(-7.083316763,-0.117647436,1.501815702));
#856=CARTESIAN_POINT('',(-7.075,-0.058277671,1.507180037));
#857=CARTESIAN_POINT('',(-7.075,-0.,1.512254926));
#858=B_SPLINE_CURVE_WITH_KNOTS('',3,(#815,#816,#817,#818,#819,#820,#821,#822,#823,#824,#825,#826,#827,#828,#829,#830,#831,#832,#833,#834,#835,#836,#837,#838,#839,#840,
#841,#842,#843,#844,#845,#846,#847,#848,#849,#850,#851,#852,#853,#854,#855,#856,#857),.UNSPECIFIED.,.F.,.F.,(4,3,3,3,3,3,3,3,3,3,3,3,3,3,4),(0.819444444,0.821946307,0.82444817,0.829451895,0.834455621,0.836957483,0.839459346,0.841961209,0.844463072,0.846964934,0.849466797,0.85196866,0.854470523,0.856972386,0.859474248),.UNSPECIFIED.);
#859=EDGE_CURVE('',#814,#760,#858,.T.);
#860=ORIENTED_EDGE('',*,*,#859,.F.);
#861=CARTESIAN_POINT('',(-6.901429027,-0.048191039,1.26));
#862=VERTEX_POINT('',#861);
#863=CARTESIAN_POINT('',(-6.901429027,-0.048191039,1.26));
#864=CARTESIAN_POINT('',(-6.904646508,0.006574469,1.26));
#865=CARTESIAN_POINT('',(-6.913314447,0.060085056,1.26));
#866=CARTESIAN_POINT('',(-6.927646577,0.112291513,1.26));
#867=CARTESIAN_POINT('',(-6.941978708,0.164497971,1.26));
#868=CARTESIAN_POINT('',(-6.962227001,0.215991818,1.26));
#869=CARTESIAN_POINT('',(-6.98739595,0.264092189,1.26));
#870=CARTESIAN_POINT('',(-7.012564898,0.31219256,1.26));
#871=CARTESIAN_POINT('',(-7.042480517,0.357256965,1.26));
#872=CARTESIAN_POINT('',(-7.077543497,0.399029122,1.26));
#873=CARTESIAN_POINT('',(-7.112606478,0.440801278,1.26));
#874=CARTESIAN_POINT('',(-7.152597179,0.478595408,1.26));
#875=CARTESIAN_POINT('',(-7.195852089,0.51103612,1.26));
#876=CARTESIAN_POINT('',(-7.239106998,0.543476832,1.26));
#877=CARTESIAN_POINT('',(-7.28668205,0.571330193,1.26));
#878=CARTESIAN_POINT('',(-7.336558967,0.593251366,1.26));
#879=CARTESIAN_POINT('',(-7.386435884,0.615172538,1.26));
#880=CARTESIAN_POINT('',(-7.438182568,0.630899714,1.26));
#881=CARTESIAN_POINT('',(-7.491885017,0.640148002,1.26));
#882=CARTESIAN_POINT('',(-7.599289915,0.658644577,1.26));
#883=CARTESIAN_POINT('',(-7.711000379,0.650988181,1.26));
#884=CARTESIAN_POINT('',(-7.814796862,0.614367477,1.26));
#885=B_SPLINE_CURVE_WITH_KNOTS('',3,(#863,#864,#865,#866,#867,#868,#869,#870,#871,#872,#873,#874,#875,#876,#877,#878,#879,#880,#881,#882,#883,#884),.UNSPECIFIED.,.F.,.F.,(4,3,3,3,3,3,3,4),(-0.,0.000162273,0.000324547,0.00048682,0.000649093,0.000811367,0.00097364,0.001298187),.UNSPECIFIED.);
#886=EDGE_CURVE('',#862,#814,#885,.T.);
#887=ORIENTED_EDGE('',*,*,#886,.F.);
#888=CARTESIAN_POINT('',(-6.901429027,-0.048191039,1.26));
#889=CARTESIAN_POINT('',(-6.892877762,0.093511473,1.269795923));
#890=CARTESIAN_POINT('',(-6.922519145,0.235184757,1.279715508));
#891=CARTESIAN_POINT('',(-6.985869564,0.360632354,1.289404518));
#892=CARTESIAN_POINT('',(-7.049219983,0.486079951,1.299093529));
#893=CARTESIAN_POINT('',(-7.147074339,0.594948083,1.309147707));
#894=CARTESIAN_POINT('',(-7.264678345,0.671217574,1.318802904));
#895=CARTESIAN_POINT('',(-7.323480347,0.709352319,1.323630502));
#896=CARTESIAN_POINT('',(-7.38747088,0.739816213,1.32844602));
#897=CARTESIAN_POINT('',(-7.454638345,0.761469399,1.333410141));
#898=CARTESIAN_POINT('',(-7.52180581,0.783122584,1.338374262));
#899=CARTESIAN_POINT('',(-7.590641975,0.795651219,1.343285577));
#900=CARTESIAN_POINT('',(-7.661142414,0.79907951,1.348144226));
#901=CARTESIAN_POINT('',(-7.731642852,0.802507801,1.353002875));
#902=CARTESIAN_POINT('',(-7.80225399,0.796550955,1.357824585));
#903=CARTESIAN_POINT('',(-7.870720621,0.781596088,1.362754987));
#904=CARTESIAN_POINT('',(-7.939187253,0.76664122,1.36768539));
#905=CARTESIAN_POINT('',(-8.006609446,0.742244128,1.372716857));
#906=CARTESIAN_POINT('',(-8.068717276,0.70998982,1.377530014));
#907=CARTESIAN_POINT('',(-8.130825106,0.677735513,1.382343171));
#908=CARTESIAN_POINT('',(-8.189381217,0.636773133,1.387214582));
#909=CARTESIAN_POINT('',(-8.241128415,0.58925208,1.392158293));
#910=CARTESIAN_POINT('',(-8.292875612,0.541731028,1.397102004));
#911=CARTESIAN_POINT('',(-8.337896245,0.48801077,1.402019452));
#912=CARTESIAN_POINT('',(-8.375860743,0.428077368,1.406894917));
#913=CARTESIAN_POINT('',(-8.41382524,0.368143965,1.411770383));
#914=CARTESIAN_POINT('',(-8.443110784,0.304548669,1.416548987));
#915=CARTESIAN_POINT('',(-8.463981884,0.237422973,1.42149601));
#916=CARTESIAN_POINT('',(-8.484852984,0.170297277,1.426443032));
#917=CARTESIAN_POINT('',(-8.496838762,0.099924585,1.431448983));
#918=CARTESIAN_POINT('',(-8.499461759,0.029981181,1.436255057));
#919=CARTESIAN_POINT('',(-8.502084756,-0.039962223,1.441061132));
#920=CARTESIAN_POINT('',(-8.495325196,-0.11137287,1.445967288));
#921=CARTESIAN_POINT('',(-8.479594011,-0.179641733,1.450898387));
#922=CARTESIAN_POINT('',(-8.463862827,-0.247910596,1.455829486));
#923=CARTESIAN_POINT('',(-8.439035273,-0.314387173,1.46080447));
#924=CARTESIAN_POINT('',(-8.405833187,-0.376613178,1.465642944));
#925=CARTESIAN_POINT('',(-8.372631102,-0.438839184,1.470481417));
#926=CARTESIAN_POINT('',(-8.331884814,-0.495728463,1.475274131));
#927=CARTESIAN_POINT('',(-8.283573802,-0.547247286,1.48024581));
#928=CARTESIAN_POINT('',(-8.235262791,-0.59876611,1.485217489));
#929=CARTESIAN_POINT('',(-8.180462833,-0.643513091,1.490175078));
#930=CARTESIAN_POINT('',(-8.120835104,-0.680393849,1.494981349));
#931=CARTESIAN_POINT('',(-8.001579646,-0.754155367,1.50459389));
#932=CARTESIAN_POINT('',(-7.861303689,-0.796083925,1.514759593));
#933=CARTESIAN_POINT('',(-7.720886191,-0.79975105,1.524379064));
#934=CARTESIAN_POINT('',(-7.580468692,-0.803418175,1.533998536));
#935=CARTESIAN_POINT('',(-7.439503124,-0.769397166,1.544084849));
#936=CARTESIAN_POINT('',(-7.316075108,-0.701882933,1.553712368));
#937=CARTESIAN_POINT('',(-7.192647093,-0.634368701,1.563339887));
#938=CARTESIAN_POINT('',(-7.087173436,-0.533019035,1.573529463));
#939=CARTESIAN_POINT('',(-7.014843298,-0.413035432,1.583106982));
#940=CARTESIAN_POINT('',(-6.978678229,-0.353043631,1.587895741));
#941=CARTESIAN_POINT('',(-6.9502648,-0.287915298,1.592801311));
#942=CARTESIAN_POINT('',(-6.930866424,-0.220162483,1.597764152));
#943=CARTESIAN_POINT('',(-6.911468048,-0.152409668,1.602726993));
#944=CARTESIAN_POINT('',(-6.901180159,-0.083198205,1.607622993));
#945=CARTESIAN_POINT('',(-6.900074186,-0.012516658,1.612451631));
#946=CARTESIAN_POINT('',(-6.898968212,0.058164888,1.617280268));
#947=CARTESIAN_POINT('',(-6.90723327,0.128322544,1.622167014));
#948=CARTESIAN_POINT('',(-6.924434607,0.196306651,1.62710554));
#949=CARTESIAN_POINT('',(-6.941635944,0.264290757,1.632044066));
#950=CARTESIAN_POINT('',(-6.968221286,0.330826014,1.637055084));
#951=CARTESIAN_POINT('',(-7.002500642,0.391832396,1.641830224));
#952=CARTESIAN_POINT('',(-7.036779998,0.452838779,1.646605363));
#953=CARTESIAN_POINT('',(-7.079704597,0.510091156,1.651566585));
#954=CARTESIAN_POINT('',(-7.128853418,0.560204926,1.656510015));
#955=CARTESIAN_POINT('',(-7.17800224,0.610318696,1.661453444));
#956=CARTESIAN_POINT('',(-7.233390344,0.653704508,1.666372536));
#957=CARTESIAN_POINT('',(-7.294440397,0.689608138,1.671200978));
#958=CARTESIAN_POINT('',(-7.355490451,0.725511767,1.67602942));
#959=CARTESIAN_POINT('',(-7.419977141,0.752711829,1.680892498));
#960=CARTESIAN_POINT('',(-7.487829608,0.771376497,1.685848741));
#961=CARTESIAN_POINT('',(-7.555682075,0.790041164,1.690804983));
#962=CARTESIAN_POINT('',(-7.626272624,0.799690238,1.695783162));
#963=CARTESIAN_POINT('',(-7.696287784,0.800015121,1.700552226));
#964=CARTESIAN_POINT('',(-7.836318103,0.800664888,1.710090356));
#965=CARTESIAN_POINT('',(-7.977592069,0.763432221,1.720356571));
#966=CARTESIAN_POINT('',(-8.099638616,0.693056239,1.729942274));
#967=CARTESIAN_POINT('',(-8.221685163,0.622680258,1.739527977));
#968=CARTESIAN_POINT('',(-8.323998398,0.519957946,1.749723405));
#969=CARTESIAN_POINT('',(-8.393854236,0.398251521,1.759276488));
#970=CARTESIAN_POINT('',(-8.463710074,0.276545096,1.768829571));
#971=CARTESIAN_POINT('',(-8.500954675,0.134934161,1.779108364));
#972=CARTESIAN_POINT('',(-8.500005436,-0.005410882,1.788673363));
#973=CARTESIAN_POINT('',(-8.499056196,-0.145755925,1.798238361));
#974=CARTESIAN_POINT('',(-8.460495361,-0.285523431,1.808400595));
#975=CARTESIAN_POINT('',(-8.388874129,-0.406805124,1.818007457));
#976=CARTESIAN_POINT('',(-8.317252897,-0.528086817,1.827614318));
#977=CARTESIAN_POINT('',(-8.212553627,-0.630029954,1.837837069));
#978=CARTESIAN_POINT('',(-8.090311489,-0.698351571,1.84739863));
#979=CARTESIAN_POINT('',(-8.029190419,-0.732512379,1.85217941));
#980=CARTESIAN_POINT('',(-7.963012154,-0.758829444,1.857161252));
#981=CARTESIAN_POINT('',(-7.894740986,-0.775960002,1.862118017));
#982=CARTESIAN_POINT('',(-7.826469818,-0.79309056,1.867074781));
#983=CARTESIAN_POINT('',(-7.756945696,-0.801129308,1.871910748));
#984=CARTESIAN_POINT('',(-7.686153724,-0.799903904,1.876749075));
#985=CARTESIAN_POINT('',(-7.615361752,-0.7986785,1.881587401));
#986=CARTESIAN_POINT('',(-7.545750261,-0.788151084,1.886514983));
#987=CARTESIAN_POINT('',(-7.478318438,-0.768697123,1.891456998));
#988=CARTESIAN_POINT('',(-7.410886616,-0.749243162,1.896399014));
#989=CARTESIAN_POINT('',(-7.345329599,-0.720516144,1.901335247));
#990=CARTESIAN_POINT('',(-7.285479279,-0.684259123,1.90612154));
#991=CARTESIAN_POINT('',(-7.225628959,-0.648002101,1.910907833));
#992=CARTESIAN_POINT('',(-7.169755003,-0.603169437,1.915923177));
#993=CARTESIAN_POINT('',(-7.121332237,-0.552432447,1.920861485));
#994=CARTESIAN_POINT('',(-7.07290947,-0.501695457,1.925799793));
#995=CARTESIAN_POINT('',(-7.031220429,-0.444715286,1.930658474));
#996=CARTESIAN_POINT('',(-6.997403165,-0.38261686,1.935499482));
#997=CARTESIAN_POINT('',(-6.9635859,-0.320518434,1.94034049));
#998=CARTESIAN_POINT('',(-6.938496939,-0.255197892,1.945241594));
#999=CARTESIAN_POINT('',(-6.92206198,-0.186682664,1.950202282));
#1000=CARTESIAN_POINT('',(-6.905627021,-0.118167436,1.955162971));
#1001=CARTESIAN_POINT('',(-6.898312466,-0.047454498,1.96004626));
#1002=CARTESIAN_POINT('',(-6.900294422,0.022560354,1.96484551));
#1003=CARTESIAN_POINT('',(-6.904258334,0.162590058,1.974444009));
#1004=CARTESIAN_POINT('',(-6.946201619,0.302698077,1.984589439));
#1005=CARTESIAN_POINT('',(-7.020464004,0.422218906,1.99424014));
#1006=CARTESIAN_POINT('',(-7.094726388,0.541739735,2.003890841));
#1007=CARTESIAN_POINT('',(-7.20072933,0.640695247,2.013935124));
#1008=CARTESIAN_POINT('',(-7.324764104,0.706566343,2.023573969));
#1009=CARTESIAN_POINT('',(-7.448798879,0.77243744,2.033212813));
#1010=CARTESIAN_POINT('',(-7.591562199,0.804951047,2.043338067));
#1011=CARTESIAN_POINT('',(-7.731691031,0.799395805,2.052972318));
#1012=CARTESIAN_POINT('',(-7.871819863,0.793840564,2.062606569));
#1013=CARTESIAN_POINT('',(-8.010244681,0.750782215,2.072615481));
#1014=CARTESIAN_POINT('',(-8.129250508,0.675116269,2.082310434));
#1015=CARTESIAN_POINT('',(-8.188753422,0.637283295,2.08715791));
#1016=CARTESIAN_POINT('',(-8.243097489,0.591599734,2.09213944));
#1017=CARTESIAN_POINT('',(-8.290372331,0.539905998,2.097068226));
#1018=CARTESIAN_POINT('',(-8.337647173,0.488212261,2.101997013));
#1019=CARTESIAN_POINT('',(-8.3786656,0.429360269,2.106883287));
#1020=CARTESIAN_POINT('',(-8.410789826,0.367172708,2.111699497));
#1021=CARTESIAN_POINT('',(-8.442914052,0.304985146,2.116515707));
#1022=CARTESIAN_POINT('',(-8.46709124,0.237843484,2.121524088));
#1023=CARTESIAN_POINT('',(-8.481943703,0.169121364,2.126469998));
#1024=CARTESIAN_POINT('',(-8.496796166,0.100399244,2.131415908));
#1025=CARTESIAN_POINT('',(-8.50258173,0.030627558,2.136174733));
#1026=CARTESIAN_POINT('',(-8.499012869,-0.040204631,2.14105848));
#1027=CARTESIAN_POINT('',(-8.495444008,-0.11103682,2.145942227));
#1028=CARTESIAN_POINT('',(-8.482669146,-0.180003483,2.150866941));
#1029=CARTESIAN_POINT('',(-8.460997535,-0.246821245,2.155807608));
#1030=CARTESIAN_POINT('',(-8.439325923,-0.313639007,2.160748274));
#1031=CARTESIAN_POINT('',(-8.408487575,-0.378127763,2.1656025));
#1032=CARTESIAN_POINT('',(-8.370282891,-0.436759455,2.170425101));
#1033=CARTESIAN_POINT('',(-8.332078206,-0.495391147,2.175247701));
#1034=CARTESIAN_POINT('',(-8.285345253,-0.54982069,2.180285748));
#1035=CARTESIAN_POINT('',(-8.233190516,-0.596444339,2.185205063));
#1036=CARTESIAN_POINT('',(-8.181035779,-0.643067987,2.190124378));
#1037=CARTESIAN_POINT('',(-8.123376682,-0.682516053,2.194860507));
#1038=CARTESIAN_POINT('',(-8.059988411,-0.71445526,2.199755062));
#1039=B_SPLINE_CURVE_WITH_KNOTS('',3,(#888,#889,#890,#891,#892,#893,#894,#895,#896,#897,#898,#899,#900,#901,#902,#903,#904,#905,#906,#907,#908,#909,#910,#911,#912,#913,
#914,#915,#916,#917,#918,#919,#920,#921,#922,#923,#924,#925,#926,#927,#928,#929,#930,#931,#932,#933,#934,#935,#936,#937,#938,
#939,#940,#941,#942,#943,#944,#945,#946,#947,#948,#949,#950,#951,#952,#953,#954,#955,#956,#957,#958,#959,#960,#961,#962,#963,
#964,#965,#966,#967,#968,#969,#970,#971,#972,#973,#974,#975,#976,#977,#978,#979,#980,#981,#982,#983,#984,#985,#986,#987,#988,
#989,#990,#991,#992,#993,#994,#995,#996,#997,#998,#999,#1000,#1001,#1002,#1003,#1004,#1005,#1006,#1007,#1008,#1009,#1010,#1011,#1012,#1013,
#1014,#1015,#1016,#1017,#1018,#1019,#1020,#1021,#1022,#1023,#1024,#1025,#1026,#1027,#1028,#1029,#1030,#1031,#1032,#1033,#1034,#1035,#1036,#1037,#1038),.UNSPECIFIED.,.F.,.F.,(4,3,3,3,3,3,3,3,3,3,3,3,3,3,3,3,3,3,3,3,3,3,3,3,3,3,
3,3,3,3,3,3,3,3,3,3,3,3,3,3,3,3,3,3,3,3,3,3,3,3,4),(0.021921799,0.022342634,0.022763469,0.022973886,0.023184303,0.023394721,0.023605138,0.023815555,0.024025973,0.02423639,0.024446807,0.024657225,0.024867642,0.025078059,0.025288477,0.025709311,0.026130146,0.026550981,0.026761398,0.026971816,0.027182233,0.02739265,0.027603068,0.027813485,0.028023902,0.02823432,
0.028655154,0.029075989,0.029496824,0.029917658,0.030338493,0.03054891,0.030759328,0.030969745,0.031180162,0.03139058,0.031600997,0.031811415,0.032021832,0.032442667,0.032863501,0.033284336,0.033705171,0.033915588,0.034126005,0.034336423,0.03454684,0.034757257,0.034967675,0.035178092,0.035388509),.UNSPECIFIED.);
#1040=EDGE_CURVE('',#862,#44,#1039,.T.);
#1041=ORIENTED_EDGE('',*,*,#1040,.T.);
#1042=ORIENTED_EDGE('',*,*,#50,.T.);
#1043=EDGE_LOOP('',(#704,#728,#758,#812,#860,#887,#1041,#1042));
#1044=FACE_BOUND('',#1043,.T.);
#1045=ADVANCED_FACE('',(#1044),#686,.T.);
#1046=CARTESIAN_POINT('',(104.463256514,-319.373238183,1.26));
#1047=DIRECTION('',(0.,0.,-1.));
#1048=DIRECTION('',(1.,0.,0.));
#1049=AXIS2_PLACEMENT_3D('',#1046,#1047,#1048);
#1050=PLANE('',#1049);
#1051=CARTESIAN_POINT('',(-9.2,0.7,1.26));
#1052=VERTEX_POINT('',#1051);
#1053=CARTESIAN_POINT('',(-9.2,-0.7,1.26));
#1054=VERTEX_POINT('',#1053);
#1055=CARTESIAN_POINT('',(-9.2,0.7,1.26));
#1056=DIRECTION('',(0.,-1.,0.));
#1057=VECTOR('',#1056,1.4);
#1058=LINE('',#1055,#1057);
#1059=EDGE_CURVE('',#1052,#1054,#1058,.T.);
#1060=ORIENTED_EDGE('',*,*,#1059,.F.);
#1061=CARTESIAN_POINT('',(-8.4,1.5,1.26));
#1062=VERTEX_POINT('',#1061);
#1063=CARTESIAN_POINT('',(-9.2,0.7,1.26));
#1064=DIRECTION('',(0.707106781,0.707106781,-0.));
#1065=VECTOR('',#1064,1.13137085);
#1066=LINE('',#1063,#1065);
#1067=EDGE_CURVE('',#1052,#1062,#1066,.T.);
#1068=ORIENTED_EDGE('',*,*,#1067,.T.);
#1069=CARTESIAN_POINT('',(-6.516743486,1.5,1.26));
#1070=VERTEX_POINT('',#1069);
#1071=CARTESIAN_POINT('',(-6.516743486,1.5,1.26));
#1072=DIRECTION('',(-1.,0.,0.));
#1073=VECTOR('',#1072,1.883256514);
#1074=LINE('',#1071,#1073);
#1075=EDGE_CURVE('',#1070,#1062,#1074,.T.);
#1076=ORIENTED_EDGE('',*,*,#1075,.F.);
#1077=CARTESIAN_POINT('',(-6.516743486,-1.5,1.26));
#1078=VERTEX_POINT('',#1077);
#1079=CARTESIAN_POINT('',(-6.516743486,-1.5,1.26));
#1080=DIRECTION('',(0.,1.,0.));
#1081=VECTOR('',#1080,3.);
#1082=LINE('',#1079,#1081);
#1083=EDGE_CURVE('',#1078,#1070,#1082,.T.);
#1084=ORIENTED_EDGE('',*,*,#1083,.F.);
#1085=CARTESIAN_POINT('',(-8.4,-1.5,1.26));
#1086=VERTEX_POINT('',#1085);
#1087=CARTESIAN_POINT('',(-8.4,-1.5,1.26));
#1088=DIRECTION('',(1.,0.,-0.));
#1089=VECTOR('',#1088,1.883256514);
#1090=LINE('',#1087,#1089);
#1091=EDGE_CURVE('',#1086,#1078,#1090,.T.);
#1092=ORIENTED_EDGE('',*,*,#1091,.F.);
#1093=CARTESIAN_POINT('',(-8.4,-1.5,1.26));
#1094=DIRECTION('',(-0.707106781,0.707106781,-0.));
#1095=VECTOR('',#1094,1.13137085);
#1096=LINE('',#1093,#1095);
#1097=EDGE_CURVE('',#1086,#1054,#1096,.T.);
#1098=ORIENTED_EDGE('',*,*,#1097,.T.);
#1099=EDGE_LOOP('',(#1060,#1068,#1076,#1084,#1092,#1098));
#1100=FACE_BOUND('',#1099,.T.);
#1101=CARTESIAN_POINT('',(-7.885970198,-0.596690946,1.26));
#1102=VERTEX_POINT('',#1101);
#1103=CARTESIAN_POINT('',(-7.7,0.,1.26));
#1104=DIRECTION('',(0.,0.,-1.));
#1105=DIRECTION('',(-1.,0.,0.));
#1106=AXIS2_PLACEMENT_3D('',#1103,#1104,#1105);
#1107=CIRCLE('',#1106,0.625);
#1108=EDGE_CURVE('',#1102,#814,#1107,.T.);
#1109=ORIENTED_EDGE('',*,*,#1108,.F.);
#1110=CARTESIAN_POINT('',(-7.885970134,-0.596690741,1.26));
#1111=CARTESIAN_POINT('',(-7.836794296,-0.62086544,1.26));
#1112=CARTESIAN_POINT('',(-7.785519599,-0.638133966,1.26));
#1113=CARTESIAN_POINT('',(-7.732204705,-0.648689334,1.26));
#1114=CARTESIAN_POINT('',(-7.67888981,-0.659244701,1.26));
#1115=CARTESIAN_POINT('',(-7.623992226,-0.662951545,1.26));
#1116=CARTESIAN_POINT('',(-7.569917706,-0.660200445,1.26));
#1117=CARTESIAN_POINT('',(-7.515843187,-0.657449345,1.26));
#1118=CARTESIAN_POINT('',(-7.461352354,-0.647969021,1.26));
#1119=CARTESIAN_POINT('',(-7.409560417,-0.632333854,1.26));
#1120=CARTESIAN_POINT('',(-7.357768479,-0.616698687,1.26));
#1121=CARTESIAN_POINT('',(-7.307918182,-0.5948083,1.26));
#1122=CARTESIAN_POINT('',(-7.260678328,-0.567464516,1.26));
#1123=CARTESIAN_POINT('',(-7.071718912,-0.458089383,1.26));
#1124=CARTESIAN_POINT('',(-6.940433862,-0.263481702,1.26));
#1125=CARTESIAN_POINT('',(-6.901429027,-0.048191039,1.26));
#1126=B_SPLINE_CURVE_WITH_KNOTS('',3,(#1110,#1111,#1112,#1113,#1114,#1115,#1116,#1117,#1118,#1119,#1120,#1121,#1122,#1123,#1124,#1125),.UNSPECIFIED.,.F.,.F.,(4,3,3,3,3,4),(0.000006897,0.000168992,0.000331087,0.000493182,0.000655277,0.001303656),.UNSPECIFIED.);
#1127=EDGE_CURVE('',#1102,#862,#1126,.T.);
#1128=ORIENTED_EDGE('',*,*,#1127,.T.);
#1129=ORIENTED_EDGE('',*,*,#886,.T.);
#1130=EDGE_LOOP('',(#1109,#1128,#1129));
#1131=FACE_BOUND('',#1130,.T.);
#1132=ADVANCED_FACE('',(#1100,#1131),#1050,.T.);
#1133=CARTESIAN_POINT('',(-6.516743486,-0.009904052,2.91));
#1134=DIRECTION('',(-1.,0.,0.));
#1135=DIRECTION('',(0.,0.,-1.));
#1136=AXIS2_PLACEMENT_3D('',#1133,#1134,#1135);
#1137=PLANE('',#1136);
#1138=CARTESIAN_POINT('',(-6.516743486,1.5,2.56));
#1139=VERTEX_POINT('',#1138);
#1140=CARTESIAN_POINT('',(-6.516743486,1.5,2.21));
#1141=VERTEX_POINT('',#1140);
#1142=CARTESIAN_POINT('',(-6.516743486,1.5,2.56));
#1143=DIRECTION('',(0.,0.,-1.));
#1144=VECTOR('',#1143,0.35);
#1145=LINE('',#1142,#1144);
#1146=EDGE_CURVE('',#1139,#1141,#1145,.T.);
#1147=ORIENTED_EDGE('',*,*,#1146,.F.);
#1148=CARTESIAN_POINT('',(-6.516743486,-1.5,2.56));
#1149=VERTEX_POINT('',#1148);
#1150=CARTESIAN_POINT('',(-6.516743486,-1.5,2.56));
#1151=DIRECTION('',(0.,1.,0.));
#1152=VECTOR('',#1151,3.);
#1153=LINE('',#1150,#1152);
#1154=EDGE_CURVE('',#1149,#1139,#1153,.T.);
#1155=ORIENTED_EDGE('',*,*,#1154,.F.);
#1156=CARTESIAN_POINT('',(-6.516743486,-1.5,2.21));
#1157=VERTEX_POINT('',#1156);
#1158=CARTESIAN_POINT('',(-6.516743486,-1.5,2.56));
#1159=DIRECTION('',(0.,0.,-1.));
#1160=VECTOR('',#1159,0.35);
#1161=LINE('',#1158,#1160);
#1162=EDGE_CURVE('',#1149,#1157,#1161,.T.);
#1163=ORIENTED_EDGE('',*,*,#1162,.T.);
#1164=CARTESIAN_POINT('',(-6.516743486,1.5,2.21));
#1165=DIRECTION('',(-0.,-1.,-0.));
#1166=VECTOR('',#1165,3.);
#1167=LINE('',#1164,#1166);
#1168=EDGE_CURVE('',#1141,#1157,#1167,.T.);
#1169=ORIENTED_EDGE('',*,*,#1168,.F.);
#1170=EDGE_LOOP('',(#1147,#1155,#1163,#1169));
#1171=FACE_BOUND('',#1170,.T.);
#1172=ADVANCED_FACE('',(#1171),#1137,.F.);
#1173=CARTESIAN_POINT('',(-6.516743486,-0.009904052,2.91));
#1174=DIRECTION('',(-1.,0.,0.));
#1175=DIRECTION('',(0.,0.,-1.));
#1176=AXIS2_PLACEMENT_3D('',#1173,#1174,#1175);
#1177=PLANE('',#1176);
#1178=CARTESIAN_POINT('',(-6.516743486,1.5,1.61));
#1179=VERTEX_POINT('',#1178);
#1180=CARTESIAN_POINT('',(-6.516743486,1.5,1.61));
#1181=DIRECTION('',(0.,0.,-1.));
#1182=VECTOR('',#1181,0.35);
#1183=LINE('',#1180,#1182);
#1184=EDGE_CURVE('',#1179,#1070,#1183,.T.);
#1185=ORIENTED_EDGE('',*,*,#1184,.F.);
#1186=CARTESIAN_POINT('',(-6.516743486,-1.5,1.61));
#1187=VERTEX_POINT('',#1186);
#1188=CARTESIAN_POINT('',(-6.516743486,1.5,1.61));
#1189=DIRECTION('',(0.,-1.,0.));
#1190=VECTOR('',#1189,3.);
#1191=LINE('',#1188,#1190);
#1192=EDGE_CURVE('',#1179,#1187,#1191,.T.);
#1193=ORIENTED_EDGE('',*,*,#1192,.T.);
#1194=CARTESIAN_POINT('',(-6.516743486,-1.5,1.61));
#1195=DIRECTION('',(0.,0.,-1.));
#1196=VECTOR('',#1195,0.35);
#1197=LINE('',#1194,#1196);
#1198=EDGE_CURVE('',#1187,#1078,#1197,.T.);
#1199=ORIENTED_EDGE('',*,*,#1198,.T.);
#1200=ORIENTED_EDGE('',*,*,#1083,.T.);
#1201=EDGE_LOOP('',(#1185,#1193,#1199,#1200));
#1202=FACE_BOUND('',#1201,.T.);
#1203=ADVANCED_FACE('',(#1202),#1177,.F.);
#1204=CARTESIAN_POINT('',(104.463256514,-319.373238183,2.56));
#1205=DIRECTION('',(0.,0.,-1.));
#1206=DIRECTION('',(1.,0.,0.));
#1207=AXIS2_PLACEMENT_3D('',#1204,#1205,#1206);
#1208=PLANE('',#1207);
#1209=CARTESIAN_POINT('',(-8.5,-0.,2.56));
#1210=VERTEX_POINT('',#1209);
#1211=CARTESIAN_POINT('',(-6.9,0.,2.56));
#1212=VERTEX_POINT('',#1211);
#1213=CARTESIAN_POINT('',(-7.7,0.,2.56));
#1214=DIRECTION('',(0.,0.,-1.));
#1215=DIRECTION('',(-1.,0.,0.));
#1216=AXIS2_PLACEMENT_3D('',#1213,#1214,#1215);
#1217=CIRCLE('',#1216,0.8);
#1218=EDGE_CURVE('',#1210,#1212,#1217,.T.);
#1219=ORIENTED_EDGE('',*,*,#1218,.T.);
#1220=CARTESIAN_POINT('',(-7.7,0.,2.56));
#1221=DIRECTION('',(0.,0.,-1.));
#1222=DIRECTION('',(-1.,0.,0.));
#1223=AXIS2_PLACEMENT_3D('',#1220,#1221,#1222);
#1224=CIRCLE('',#1223,0.8);
#1225=EDGE_CURVE('',#1212,#1210,#1224,.T.);
#1226=ORIENTED_EDGE('',*,*,#1225,.T.);
#1227=EDGE_LOOP('',(#1219,#1226));
#1228=FACE_BOUND('',#1227,.T.);
#1229=CARTESIAN_POINT('',(-8.4,1.5,2.56));
#1230=VERTEX_POINT('',#1229);
#1231=CARTESIAN_POINT('',(-6.516743486,1.5,2.56));
#1232=DIRECTION('',(-1.,0.,0.));
#1233=VECTOR('',#1232,1.883256514);
#1234=LINE('',#1231,#1233);
#1235=EDGE_CURVE('',#1139,#1230,#1234,.T.);
#1236=ORIENTED_EDGE('',*,*,#1235,.T.);
#1237=CARTESIAN_POINT('',(-9.2,0.7,2.56));
#1238=VERTEX_POINT('',#1237);
#1239=CARTESIAN_POINT('',(-8.4,1.5,2.56));
#1240=DIRECTION('',(-0.707106781,-0.707106781,-0.));
#1241=VECTOR('',#1240,1.13137085);
#1242=LINE('',#1239,#1241);
#1243=EDGE_CURVE('',#1230,#1238,#1242,.T.);
#1244=ORIENTED_EDGE('',*,*,#1243,.T.);
#1245=CARTESIAN_POINT('',(-9.2,-0.7,2.56));
#1246=VERTEX_POINT('',#1245);
#1247=CARTESIAN_POINT('',(-9.2,0.7,2.56));
#1248=DIRECTION('',(0.,-1.,0.));
#1249=VECTOR('',#1248,1.4);
#1250=LINE('',#1247,#1249);
#1251=EDGE_CURVE('',#1238,#1246,#1250,.T.);
#1252=ORIENTED_EDGE('',*,*,#1251,.T.);
#1253=CARTESIAN_POINT('',(-8.4,-1.5,2.56));
#1254=VERTEX_POINT('',#1253);
#1255=CARTESIAN_POINT('',(-9.2,-0.7,2.56));
#1256=DIRECTION('',(0.707106781,-0.707106781,-0.));
#1257=VECTOR('',#1256,1.13137085);
#1258=LINE('',#1255,#1257);
#1259=EDGE_CURVE('',#1246,#1254,#1258,.T.);
#1260=ORIENTED_EDGE('',*,*,#1259,.T.);
#1261=CARTESIAN_POINT('',(-8.4,-1.5,2.56));
#1262=DIRECTION('',(1.,0.,-0.));
#1263=VECTOR('',#1262,1.883256514);
#1264=LINE('',#1261,#1263);
#1265=EDGE_CURVE('',#1254,#1149,#1264,.T.);
#1266=ORIENTED_EDGE('',*,*,#1265,.T.);
#1267=ORIENTED_EDGE('',*,*,#1154,.T.);
#1268=EDGE_LOOP('',(#1236,#1244,#1252,#1260,#1266,#1267));
#1269=FACE_BOUND('',#1268,.T.);
#1270=ADVANCED_FACE('',(#1228,#1269),#1208,.F.);
#1271=CARTESIAN_POINT('',(-6.006743486,-0.175,2.21));
#1272=DIRECTION('',(0.,0.,-1.));
#1273=DIRECTION('',(-1.,0.,0.));
#1274=AXIS2_PLACEMENT_3D('',#1271,#1272,#1273);
#1275=PLANE('',#1274);
#1276=CARTESIAN_POINT('',(-6.296743486,-1.5,2.21));
#1277=VERTEX_POINT('',#1276);
#1278=CARTESIAN_POINT('',(-6.516743486,-1.5,2.21));
#1279=DIRECTION('',(1.,0.,-0.));
#1280=VECTOR('',#1279,0.22);
#1281=LINE('',#1278,#1280);
#1282=EDGE_CURVE('',#1157,#1277,#1281,.T.);
#1283=ORIENTED_EDGE('',*,*,#1282,.T.);
#1284=CARTESIAN_POINT('',(-6.296743486,1.5,2.21));
#1285=VERTEX_POINT('',#1284);
#1286=CARTESIAN_POINT('',(-6.296743486,-1.5,2.21));
#1287=DIRECTION('',(0.,1.,0.));
#1288=VECTOR('',#1287,3.);
#1289=LINE('',#1286,#1288);
#1290=EDGE_CURVE('',#1277,#1285,#1289,.T.);
#1291=ORIENTED_EDGE('',*,*,#1290,.T.);
#1292=CARTESIAN_POINT('',(-6.516743486,1.5,2.21));
#1293=DIRECTION('',(1.,0.,-0.));
#1294=VECTOR('',#1293,0.22);
#1295=LINE('',#1292,#1294);
#1296=EDGE_CURVE('',#1141,#1285,#1295,.T.);
#1297=ORIENTED_EDGE('',*,*,#1296,.F.);
#1298=ORIENTED_EDGE('',*,*,#1168,.T.);
#1299=EDGE_LOOP('',(#1283,#1291,#1297,#1298));
#1300=FACE_BOUND('',#1299,.T.);
#1301=ADVANCED_FACE('',(#1300),#1275,.F.);
#1302=CARTESIAN_POINT('',(-6.006743486,-0.15,1.61));
#1303=DIRECTION('',(0.,0.,-1.));
#1304=DIRECTION('',(-1.,0.,0.));
#1305=AXIS2_PLACEMENT_3D('',#1302,#1303,#1304);
#1306=PLANE('',#1305);
#1307=CARTESIAN_POINT('',(-6.296743486,-1.5,1.61));
#1308=VERTEX_POINT('',#1307);
#1309=CARTESIAN_POINT('',(-6.296743486,1.5,1.61));
#1310=VERTEX_POINT('',#1309);
#1311=CARTESIAN_POINT('',(-6.296743486,-1.5,1.61));
#1312=DIRECTION('',(0.,1.,0.));
#1313=VECTOR('',#1312,3.);
#1314=LINE('',#1311,#1313);
#1315=EDGE_CURVE('',#1308,#1310,#1314,.T.);
#1316=ORIENTED_EDGE('',*,*,#1315,.F.);
#1317=CARTESIAN_POINT('',(-6.516743486,-1.5,1.61));
#1318=DIRECTION('',(1.,0.,-0.));
#1319=VECTOR('',#1318,0.22);
#1320=LINE('',#1317,#1319);
#1321=EDGE_CURVE('',#1187,#1308,#1320,.T.);
#1322=ORIENTED_EDGE('',*,*,#1321,.F.);
#1323=ORIENTED_EDGE('',*,*,#1192,.F.);
#1324=CARTESIAN_POINT('',(-6.516743486,1.5,1.61));
#1325=DIRECTION('',(1.,0.,-0.));
#1326=VECTOR('',#1325,0.22);
#1327=LINE('',#1324,#1326);
#1328=EDGE_CURVE('',#1179,#1310,#1327,.T.);
#1329=ORIENTED_EDGE('',*,*,#1328,.T.);
#1330=EDGE_LOOP('',(#1316,#1322,#1323,#1329));
#1331=FACE_BOUND('',#1330,.T.);
#1332=ADVANCED_FACE('',(#1331),#1306,.T.);
#1333=CARTESIAN_POINT('',(-6.296743486,319.5,-428.29));
#1334=DIRECTION('',(1.,0.,0.));
#1335=DIRECTION('',(0.,-1.,0.));
#1336=AXIS2_PLACEMENT_3D('',#1333,#1334,#1335);
#1337=PLANE('',#1336);
#1338=ORIENTED_EDGE('',*,*,#1290,.F.);
#1339=CARTESIAN_POINT('',(-6.296743486,-1.5,2.21));
#1340=DIRECTION('',(0.,0.,-1.));
#1341=VECTOR('',#1340,0.6);
#1342=LINE('',#1339,#1341);
#1343=EDGE_CURVE('',#1277,#1308,#1342,.T.);
#1344=ORIENTED_EDGE('',*,*,#1343,.T.);
#1345=ORIENTED_EDGE('',*,*,#1315,.T.);
#1346=CARTESIAN_POINT('',(-6.296743486,1.5,2.21));
#1347=DIRECTION('',(0.,0.,-1.));
#1348=VECTOR('',#1347,0.6);
#1349=LINE('',#1346,#1348);
#1350=EDGE_CURVE('',#1285,#1310,#1349,.T.);
#1351=ORIENTED_EDGE('',*,*,#1350,.F.);
#1352=EDGE_LOOP('',(#1338,#1344,#1345,#1351));
#1353=FACE_BOUND('',#1352,.T.);
#1354=ADVANCED_FACE('',(#1353),#1337,.T.);
#1355=CARTESIAN_POINT('',(-7.626743486,-1.5,6.76));
#1356=DIRECTION('',(0.,1.,0.));
#1357=DIRECTION('',(0.,0.,1.));
#1358=AXIS2_PLACEMENT_3D('',#1355,#1356,#1357);
#1359=PLANE('',#1358);
#1360=ORIENTED_EDGE('',*,*,#1265,.F.);
#1361=CARTESIAN_POINT('',(-8.4,-1.5,2.56));
#1362=DIRECTION('',(0.,0.,-1.));
#1363=VECTOR('',#1362,1.3);
#1364=LINE('',#1361,#1363);
#1365=EDGE_CURVE('',#1254,#1086,#1364,.T.);
#1366=ORIENTED_EDGE('',*,*,#1365,.T.);
#1367=ORIENTED_EDGE('',*,*,#1091,.T.);
#1368=ORIENTED_EDGE('',*,*,#1198,.F.);
#1369=ORIENTED_EDGE('',*,*,#1321,.T.);
#1370=ORIENTED_EDGE('',*,*,#1343,.F.);
#1371=ORIENTED_EDGE('',*,*,#1282,.F.);
#1372=ORIENTED_EDGE('',*,*,#1162,.F.);
#1373=EDGE_LOOP('',(#1360,#1366,#1367,#1368,#1369,#1370,#1371,#1372));
#1374=FACE_BOUND('',#1373,.T.);
#1375=ADVANCED_FACE('',(#1374),#1359,.F.);
#1376=CARTESIAN_POINT('',(-7.626743486,1.5,6.76));
#1377=DIRECTION('',(0.,-1.,0.));
#1378=DIRECTION('',(0.,0.,-1.));
#1379=AXIS2_PLACEMENT_3D('',#1376,#1377,#1378);
#1380=PLANE('',#1379);
#1381=ORIENTED_EDGE('',*,*,#1075,.T.);
#1382=CARTESIAN_POINT('',(-8.4,1.5,1.26));
#1383=DIRECTION('',(0.,0.,1.));
#1384=VECTOR('',#1383,1.3);
#1385=LINE('',#1382,#1384);
#1386=EDGE_CURVE('',#1062,#1230,#1385,.T.);
#1387=ORIENTED_EDGE('',*,*,#1386,.T.);
#1388=ORIENTED_EDGE('',*,*,#1235,.F.);
#1389=ORIENTED_EDGE('',*,*,#1146,.T.);
#1390=ORIENTED_EDGE('',*,*,#1296,.T.);
#1391=ORIENTED_EDGE('',*,*,#1350,.T.);
#1392=ORIENTED_EDGE('',*,*,#1328,.F.);
#1393=ORIENTED_EDGE('',*,*,#1184,.T.);
#1394=EDGE_LOOP('',(#1381,#1387,#1388,#1389,#1390,#1391,#1392,#1393));
#1395=FACE_BOUND('',#1394,.T.);
#1396=ADVANCED_FACE('',(#1395),#1380,.F.);
#1397=CARTESIAN_POINT('',(-9.2,0.28030894,0.6));
#1398=DIRECTION('',(1.,0.,0.));
#1399=DIRECTION('',(-0.,1.,0.));
#1400=AXIS2_PLACEMENT_3D('',#1397,#1398,#1399);
#1401=PLANE('',#1400);
#1402=CARTESIAN_POINT('',(-9.2,-0.7,1.26));
#1403=DIRECTION('',(0.,0.,1.));
#1404=VECTOR('',#1403,1.3);
#1405=LINE('',#1402,#1404);
#1406=EDGE_CURVE('',#1054,#1246,#1405,.T.);
#1407=ORIENTED_EDGE('',*,*,#1406,.T.);
#1408=ORIENTED_EDGE('',*,*,#1251,.F.);
#1409=CARTESIAN_POINT('',(-9.2,0.7,2.56));
#1410=DIRECTION('',(0.,0.,-1.));
#1411=VECTOR('',#1410,1.3);
#1412=LINE('',#1409,#1411);
#1413=EDGE_CURVE('',#1238,#1052,#1412,.T.);
#1414=ORIENTED_EDGE('',*,*,#1413,.T.);
#1415=ORIENTED_EDGE('',*,*,#1059,.T.);
#1416=EDGE_LOOP('',(#1407,#1408,#1414,#1415));
#1417=FACE_BOUND('',#1416,.T.);
#1418=ADVANCED_FACE('',(#1417),#1401,.F.);
#1419=CARTESIAN_POINT('',(-8.4,1.5,6.76));
#1420=DIRECTION('',(0.707106781,-0.707106781,0.));
#1421=DIRECTION('',(0.,0.,1.));
#1422=AXIS2_PLACEMENT_3D('',#1419,#1420,#1421);
#1423=PLANE('',#1422);
#1424=ORIENTED_EDGE('',*,*,#1067,.F.);
#1425=ORIENTED_EDGE('',*,*,#1413,.F.);
#1426=ORIENTED_EDGE('',*,*,#1243,.F.);
#1427=ORIENTED_EDGE('',*,*,#1386,.F.);
#1428=EDGE_LOOP('',(#1424,#1425,#1426,#1427));
#1429=FACE_BOUND('',#1428,.T.);
#1430=ADVANCED_FACE('',(#1429),#1423,.F.);
#1431=CARTESIAN_POINT('',(-8.4,-1.5,6.76));
#1432=DIRECTION('',(0.707106781,0.707106781,0.));
#1433=DIRECTION('',(0.,0.,-1.));
#1434=AXIS2_PLACEMENT_3D('',#1431,#1432,#1433);
#1435=PLANE('',#1434);
#1436=ORIENTED_EDGE('',*,*,#1259,.F.);
#1437=ORIENTED_EDGE('',*,*,#1406,.F.);
#1438=ORIENTED_EDGE('',*,*,#1097,.F.);
#1439=ORIENTED_EDGE('',*,*,#1365,.F.);
#1440=EDGE_LOOP('',(#1436,#1437,#1438,#1439));
#1441=FACE_BOUND('',#1440,.T.);
#1442=ADVANCED_FACE('',(#1441),#1435,.F.);
#1443=CARTESIAN_POINT('',(-7.7,0.,2.28));
#1444=DIRECTION('',(0.,0.,1.));
#1445=DIRECTION('',(1.,0.,-0.));
#1446=AXIS2_PLACEMENT_3D('',#1443,#1444,#1445);
#1447=CYLINDRICAL_SURFACE('',#1446,0.8);
#1448=CARTESIAN_POINT('',(-6.9,-0.,2.15));
#1449=VERTEX_POINT('',#1448);
#1450=CARTESIAN_POINT('',(-6.9,0.,2.56));
#1451=DIRECTION('',(-0.,-0.,-1.));
#1452=VECTOR('',#1451,0.41);
#1453=LINE('',#1450,#1452);
#1454=EDGE_CURVE('',#1212,#1449,#1453,.T.);
#1455=ORIENTED_EDGE('',*,*,#1454,.F.);
#1456=ORIENTED_EDGE('',*,*,#1218,.F.);
#1457=ORIENTED_EDGE('',*,*,#1225,.F.);
#1458=ORIENTED_EDGE('',*,*,#1454,.T.);
#1459=CARTESIAN_POINT('',(-7.7,0.,2.15));
#1460=DIRECTION('',(0.,0.,1.));
#1461=DIRECTION('',(1.,0.,-0.));
#1462=AXIS2_PLACEMENT_3D('',#1459,#1460,#1461);
#1463=CIRCLE('',#1462,0.8);
#1464=EDGE_CURVE('',#688,#1449,#1463,.T.);
#1465=ORIENTED_EDGE('',*,*,#1464,.F.);
#1466=ORIENTED_EDGE('',*,*,#703,.T.);
#1467=ORIENTED_EDGE('',*,*,#41,.T.);
#1468=CARTESIAN_POINT('',(-8.482379048,-0.166982108,2.15));
#1469=VERTEX_POINT('',#1468);
#1470=CARTESIAN_POINT('',(-8.482379048,-0.166982108,2.15));
#1471=CARTESIAN_POINT('',(-8.470002447,-0.22497152,2.154170761));
#1472=CARTESIAN_POINT('',(-8.450819921,-0.282469044,2.158432124));
#1473=CARTESIAN_POINT('',(-8.425881924,-0.336296643,2.162548731));
#1474=CARTESIAN_POINT('',(-8.400943928,-0.390124242,2.166665339));
#1475=CARTESIAN_POINT('',(-8.370258337,-0.440861794,2.170642904));
#1476=CARTESIAN_POINT('',(-8.333631017,-0.488376634,2.174834522));
#1477=CARTESIAN_POINT('',(-8.260376376,-0.583406315,2.18321776));
#1478=CARTESIAN_POINT('',(-8.167429999,-0.66025897,2.191470927));
#1479=CARTESIAN_POINT('',(-8.060156939,-0.71434374,2.199754926));
#1480=B_SPLINE_CURVE_WITH_KNOTS('',3,(#1470,#1471,#1472,#1473,#1474,#1475,#1476,#1477,#1478,#1479),.UNSPECIFIED.,.F.,.F.,(4,3,3,4),(0.000717807,0.000895877,0.001073947,0.001430088),.UNSPECIFIED.);
#1481=EDGE_CURVE('',#1469,#35,#1480,.T.);
#1482=ORIENTED_EDGE('',*,*,#1481,.F.);
#1483=CARTESIAN_POINT('',(-7.7,0.,2.15));
#1484=DIRECTION('',(0.,0.,1.));
#1485=DIRECTION('',(1.,0.,-0.));
#1486=AXIS2_PLACEMENT_3D('',#1483,#1484,#1485);
#1487=CIRCLE('',#1486,0.8);
#1488=EDGE_CURVE('',#1449,#1469,#1487,.T.);
#1489=ORIENTED_EDGE('',*,*,#1488,.F.);
#1490=EDGE_LOOP('',(#1455,#1456,#1457,#1458,#1465,#1466,#1467,#1482,#1489));
#1491=FACE_BOUND('',#1490,.T.);
#1492=ADVANCED_FACE('',(#1491),#1447,.F.);
#1493=CARTESIAN_POINT('',(-120.2,339.4,2.15));
#1494=DIRECTION('',(0.,0.,1.));
#1495=DIRECTION('',(0.,-1.,0.));
#1496=AXIS2_PLACEMENT_3D('',#1493,#1494,#1495);
#1497=PLANE('',#1496);
#1498=CARTESIAN_POINT('',(-7.678795642,0.624640197,2.15));
#1499=VERTEX_POINT('',#1498);
#1500=CARTESIAN_POINT('',(-7.678795634,0.624640247,2.15));
#1501=CARTESIAN_POINT('',(-7.786879336,0.644854682,2.15));
#1502=CARTESIAN_POINT('',(-7.898310437,0.636424892,2.15));
#1503=CARTESIAN_POINT('',(-8.001666382,0.601757083,2.15));
#1504=CARTESIAN_POINT('',(-8.053344355,0.584423178,2.15));
#1505=CARTESIAN_POINT('',(-8.102123001,0.561017812,2.15));
#1506=CARTESIAN_POINT('',(-8.148234773,0.532027757,2.15));
#1507=CARTESIAN_POINT('',(-8.194346545,0.503037702,2.15));
#1508=CARTESIAN_POINT('',(-8.237220733,0.468419085,2.15));
#1509=CARTESIAN_POINT('',(-8.275045325,0.429848648,2.15));
#1510=CARTESIAN_POINT('',(-8.312869916,0.391278211,2.15));
#1511=CARTESIAN_POINT('',(-8.346484963,0.347776181,2.15));
#1512=CARTESIAN_POINT('',(-8.374948448,0.301300885,2.15));
#1513=CARTESIAN_POINT('',(-8.403411934,0.254825589,2.15));
#1514=CARTESIAN_POINT('',(-8.426449386,0.205940759,2.15));
#1515=CARTESIAN_POINT('',(-8.444146409,0.154684406,2.15));
#1516=CARTESIAN_POINT('',(-8.461843431,0.103428054,2.15));
#1517=CARTESIAN_POINT('',(-8.474077183,0.049443905,2.15));
#1518=CARTESIAN_POINT('',(-8.480281954,-0.004357683,2.15));
#1519=CARTESIAN_POINT('',(-8.486486724,-0.058159271,2.15));
#1520=CARTESIAN_POINT('',(-8.487255355,-0.112362273,2.15));
#1521=CARTESIAN_POINT('',(-8.482379048,-0.166982108,2.15));
#1522=B_SPLINE_CURVE_WITH_KNOTS('',3,(#1500,#1501,#1502,#1503,#1504,#1505,#1506,#1507,#1508,#1509,#1510,#1511,#1512,#1513,#1514,#1515,#1516,#1517,#1518,#1519,#1520,#1521),.UNSPECIFIED.,.F.,.F.,(4,3,3,3,3,3,3,4),(0.000586615,0.000910773,0.001072852,0.001234931,0.00139701,0.001559089,0.001721168,0.001883247),.UNSPECIFIED.);
#1523=EDGE_CURVE('',#1499,#1469,#1522,.T.);
#1524=ORIENTED_EDGE('',*,*,#1523,.F.);
#1525=CARTESIAN_POINT('',(-7.075,-0.,2.15));
#1526=VERTEX_POINT('',#1525);
#1527=CARTESIAN_POINT('',(-7.7,0.,2.15));
#1528=DIRECTION('',(0.,0.,1.));
#1529=DIRECTION('',(1.,0.,-0.));
#1530=AXIS2_PLACEMENT_3D('',#1527,#1528,#1529);
#1531=CIRCLE('',#1530,0.625);
#1532=EDGE_CURVE('',#1526,#1499,#1531,.T.);
#1533=ORIENTED_EDGE('',*,*,#1532,.F.);
#1534=CARTESIAN_POINT('',(-7.7,0.,2.15));
#1535=DIRECTION('',(0.,0.,1.));
#1536=DIRECTION('',(1.,0.,-0.));
#1537=AXIS2_PLACEMENT_3D('',#1534,#1535,#1536);
#1538=CIRCLE('',#1537,0.625);
#1539=EDGE_CURVE('',#706,#1526,#1538,.T.);
#1540=ORIENTED_EDGE('',*,*,#1539,.F.);
#1541=ORIENTED_EDGE('',*,*,#727,.T.);
#1542=ORIENTED_EDGE('',*,*,#1464,.T.);
#1543=ORIENTED_EDGE('',*,*,#1488,.T.);
#1544=EDGE_LOOP('',(#1524,#1533,#1540,#1541,#1542,#1543));
#1545=FACE_BOUND('',#1544,.T.);
#1546=ADVANCED_FACE('',(#1545),#1497,.T.);
#1547=CARTESIAN_POINT('',(-7.938060853,-0.763833934,1.158922173));
#1548=CARTESIAN_POINT('',(-7.860625212,-0.787967969,1.164629717));
#1549=CARTESIAN_POINT('',(-7.780653585,-0.800072027,1.170290499));
#1550=CARTESIAN_POINT('',(-7.7,-0.800072027,1.175777044));
#1551=CARTESIAN_POINT('',(-7.699966741,-0.800072027,1.175779306));
#1552=CARTESIAN_POINT('',(-7.699933483,-0.800072025,1.175781569));
#1553=CARTESIAN_POINT('',(-7.699900224,-0.800072021,1.175783831));
#1554=CARTESIAN_POINT('',(-7.55867617,-0.800054409,1.185391067));
#1555=CARTESIAN_POINT('',(-7.422266921,-0.763494333,1.195336849));
#1556=CARTESIAN_POINT('',(-7.299963986,-0.6928827,1.20494371));
#1557=CARTESIAN_POINT('',(-7.299935183,-0.692866071,1.204945972));
#1558=CARTESIAN_POINT('',(-7.299906382,-0.69284944,1.204948235));
#1559=CARTESIAN_POINT('',(-7.299877581,-0.692832807,1.204950497));
#1560=CARTESIAN_POINT('',(-7.177582768,-0.622205528,1.214557734));
#1561=CARTESIAN_POINT('',(-7.077728932,-0.522338949,1.224503516));
#1562=CARTESIAN_POINT('',(-7.0071173,-0.400036014,1.234110377));
#1563=CARTESIAN_POINT('',(-7.00710067,-0.400007211,1.234112639));
#1564=CARTESIAN_POINT('',(-7.007084043,-0.399978407,1.234114902));
#1565=CARTESIAN_POINT('',(-7.007067417,-0.399949602,1.234117164));
#1566=CARTESIAN_POINT('',(-6.936470642,-0.277637177,1.2437244));
#1567=CARTESIAN_POINT('',(-6.899927973,-0.141223264,1.253670182));
#1568=CARTESIAN_POINT('',(-6.899927973,0.,1.263277044));
#1569=CARTESIAN_POINT('',(-6.899927973,0.000033259,1.263279306));
#1570=CARTESIAN_POINT('',(-6.899927975,0.000066517,1.263281569));
#1571=CARTESIAN_POINT('',(-6.899927979,0.000099776,1.263283831));
#1572=CARTESIAN_POINT('',(-6.899945591,0.14132383,1.272891067));
#1573=CARTESIAN_POINT('',(-6.936505667,0.277733079,1.282836849));
#1574=CARTESIAN_POINT('',(-7.0071173,0.400036014,1.29244371));
#1575=CARTESIAN_POINT('',(-7.007133929,0.400064817,1.292445972));
#1576=CARTESIAN_POINT('',(-7.00715056,0.400093618,1.292448235));
#1577=CARTESIAN_POINT('',(-7.007167193,0.400122419,1.292450497));
#1578=CARTESIAN_POINT('',(-7.077794472,0.522417232,1.302057734));
#1579=CARTESIAN_POINT('',(-7.177661051,0.622271068,1.312003516));
#1580=CARTESIAN_POINT('',(-7.299963986,0.6928827,1.321610377));
#1581=CARTESIAN_POINT('',(-7.299992789,0.69289933,1.321612639));
#1582=CARTESIAN_POINT('',(-7.300021593,0.692915957,1.321614902));
#1583=CARTESIAN_POINT('',(-7.300050398,0.692932583,1.321617164));
#1584=CARTESIAN_POINT('',(-7.422362823,0.763529358,1.3312244));
#1585=CARTESIAN_POINT('',(-7.558776736,0.800072027,1.341170182));
#1586=CARTESIAN_POINT('',(-7.7,0.800072027,1.350777044));
#1587=CARTESIAN_POINT('',(-7.700033259,0.800072027,1.350779306));
#1588=CARTESIAN_POINT('',(-7.700066517,0.800072025,1.350781569));
#1589=CARTESIAN_POINT('',(-7.700099776,0.800072021,1.350783831));
#1590=CARTESIAN_POINT('',(-7.84132383,0.800054409,1.360391067));
#1591=CARTESIAN_POINT('',(-7.977733079,0.763494333,1.370336849));
#1592=CARTESIAN_POINT('',(-8.100036014,0.6928827,1.37994371));
#1593=CARTESIAN_POINT('',(-8.100064817,0.692866071,1.379945972));
#1594=CARTESIAN_POINT('',(-8.100093618,0.69284944,1.379948235));
#1595=CARTESIAN_POINT('',(-8.100122419,0.692832807,1.379950497));
#1596=CARTESIAN_POINT('',(-8.222417232,0.622205528,1.389557734));
#1597=CARTESIAN_POINT('',(-8.322271068,0.522338949,1.399503516));
#1598=CARTESIAN_POINT('',(-8.3928827,0.400036014,1.409110377));
#1599=CARTESIAN_POINT('',(-8.39289933,0.400007211,1.409112639));
#1600=CARTESIAN_POINT('',(-8.392915957,0.399978407,1.409114902));
#1601=CARTESIAN_POINT('',(-8.392932583,0.399949602,1.409117164));
#1602=CARTESIAN_POINT('',(-8.463529358,0.277637177,1.4187244));
#1603=CARTESIAN_POINT('',(-8.500072027,0.141223264,1.428670182));
#1604=CARTESIAN_POINT('',(-8.500072027,0.,1.438277044));
#1605=CARTESIAN_POINT('',(-8.500072027,-0.000033259,1.438279306));
#1606=CARTESIAN_POINT('',(-8.500072025,-0.000066517,1.438281569));
#1607=CARTESIAN_POINT('',(-8.500072021,-0.000099776,1.438283831));
#1608=CARTESIAN_POINT('',(-8.500054409,-0.14132383,1.447891067));
#1609=CARTESIAN_POINT('',(-8.463494333,-0.277733079,1.457836849));
#1610=CARTESIAN_POINT('',(-8.3928827,-0.400036014,1.46744371));
#1611=CARTESIAN_POINT('',(-8.392866071,-0.400064817,1.467445972));
#1612=CARTESIAN_POINT('',(-8.39284944,-0.400093618,1.467448235));
#1613=CARTESIAN_POINT('',(-8.392832807,-0.400122419,1.467450497));
#1614=CARTESIAN_POINT('',(-8.322205528,-0.522417232,1.477057734));
#1615=CARTESIAN_POINT('',(-8.222338949,-0.622271068,1.487003516));
#1616=CARTESIAN_POINT('',(-8.100036014,-0.6928827,1.496610377));
#1617=CARTESIAN_POINT('',(-8.100007211,-0.69289933,1.496612639));
#1618=CARTESIAN_POINT('',(-8.099978407,-0.692915957,1.496614902));
#1619=CARTESIAN_POINT('',(-8.099949602,-0.692932583,1.496617164));
#1620=CARTESIAN_POINT('',(-7.977637177,-0.763529358,1.5062244));
#1621=CARTESIAN_POINT('',(-7.841223264,-0.800072027,1.516170182));
#1622=CARTESIAN_POINT('',(-7.7,-0.800072027,1.525777044));
#1623=CARTESIAN_POINT('',(-7.699966741,-0.800072027,1.525779306));
#1624=CARTESIAN_POINT('',(-7.699933483,-0.800072025,1.525781569));
#1625=CARTESIAN_POINT('',(-7.699900224,-0.800072021,1.525783831));
#1626=CARTESIAN_POINT('',(-7.55867617,-0.800054409,1.535391067));
#1627=CARTESIAN_POINT('',(-7.422266921,-0.763494333,1.545336849));
#1628=CARTESIAN_POINT('',(-7.299963986,-0.6928827,1.55494371));
#1629=CARTESIAN_POINT('',(-7.299935183,-0.692866071,1.554945972));
#1630=CARTESIAN_POINT('',(-7.299906382,-0.69284944,1.554948235));
#1631=CARTESIAN_POINT('',(-7.299877581,-0.692832807,1.554950497));
#1632=CARTESIAN_POINT('',(-7.177582768,-0.622205528,1.564557734));
#1633=CARTESIAN_POINT('',(-7.077728932,-0.522338949,1.574503516));
#1634=CARTESIAN_POINT('',(-7.0071173,-0.400036014,1.584110377));
#1635=CARTESIAN_POINT('',(-7.00710067,-0.400007211,1.584112639));
#1636=CARTESIAN_POINT('',(-7.007084043,-0.399978407,1.584114902));
#1637=CARTESIAN_POINT('',(-7.007067417,-0.399949602,1.584117164));
#1638=CARTESIAN_POINT('',(-6.936470642,-0.277637177,1.5937244));
#1639=CARTESIAN_POINT('',(-6.899927973,-0.141223264,1.603670182));
#1640=CARTESIAN_POINT('',(-6.899927973,0.,1.613277044));
#1641=CARTESIAN_POINT('',(-6.899927973,0.000033259,1.613279306));
#1642=CARTESIAN_POINT('',(-6.899927975,0.000066517,1.613281569));
#1643=CARTESIAN_POINT('',(-6.899927979,0.000099776,1.613283831));
#1644=CARTESIAN_POINT('',(-6.899945591,0.14132383,1.622891067));
#1645=CARTESIAN_POINT('',(-6.936505667,0.277733079,1.632836849));
#1646=CARTESIAN_POINT('',(-7.0071173,0.400036014,1.64244371));
#1647=CARTESIAN_POINT('',(-7.007133929,0.400064817,1.642445972));
#1648=CARTESIAN_POINT('',(-7.00715056,0.400093618,1.642448235));
#1649=CARTESIAN_POINT('',(-7.007167193,0.400122419,1.642450497));
#1650=CARTESIAN_POINT('',(-7.077794472,0.522417232,1.652057734));
#1651=CARTESIAN_POINT('',(-7.177661051,0.622271068,1.662003516));
#1652=CARTESIAN_POINT('',(-7.299963986,0.6928827,1.671610377));
#1653=CARTESIAN_POINT('',(-7.299992789,0.69289933,1.671612639));
#1654=CARTESIAN_POINT('',(-7.300021593,0.692915957,1.671614902));
#1655=CARTESIAN_POINT('',(-7.300050398,0.692932583,1.671617164));
#1656=CARTESIAN_POINT('',(-7.422362823,0.763529358,1.6812244));
#1657=CARTESIAN_POINT('',(-7.558776736,0.800072027,1.691170182));
#1658=CARTESIAN_POINT('',(-7.7,0.800072027,1.700777044));
#1659=CARTESIAN_POINT('',(-7.700033259,0.800072027,1.700779306));
#1660=CARTESIAN_POINT('',(-7.700066517,0.800072025,1.700781569));
#1661=CARTESIAN_POINT('',(-7.700099776,0.800072021,1.700783831));
#1662=CARTESIAN_POINT('',(-7.84132383,0.800054409,1.710391067));
#1663=CARTESIAN_POINT('',(-7.977733079,0.763494333,1.720336849));
#1664=CARTESIAN_POINT('',(-8.100036014,0.6928827,1.72994371));
#1665=CARTESIAN_POINT('',(-8.100064817,0.692866071,1.729945972));
#1666=CARTESIAN_POINT('',(-8.100093618,0.69284944,1.729948235));
#1667=CARTESIAN_POINT('',(-8.100122419,0.692832807,1.729950497));
#1668=CARTESIAN_POINT('',(-8.222417232,0.622205528,1.739557734));
#1669=CARTESIAN_POINT('',(-8.322271068,0.522338949,1.749503516));
#1670=CARTESIAN_POINT('',(-8.3928827,0.400036014,1.759110377));
#1671=CARTESIAN_POINT('',(-8.39289933,0.400007211,1.759112639));
#1672=CARTESIAN_POINT('',(-8.392915957,0.399978407,1.759114902));
#1673=CARTESIAN_POINT('',(-8.392932583,0.399949602,1.759117164));
#1674=CARTESIAN_POINT('',(-8.463529358,0.277637177,1.7687244));
#1675=CARTESIAN_POINT('',(-8.500072027,0.141223264,1.778670182));
#1676=CARTESIAN_POINT('',(-8.500072027,0.,1.788277044));
#1677=CARTESIAN_POINT('',(-8.500072027,-0.000033259,1.788279306));
#1678=CARTESIAN_POINT('',(-8.500072025,-0.000066517,1.788281569));
#1679=CARTESIAN_POINT('',(-8.500072021,-0.000099776,1.788283831));
#1680=CARTESIAN_POINT('',(-8.500054409,-0.14132383,1.797891067));
#1681=CARTESIAN_POINT('',(-8.463494333,-0.277733079,1.807836849));
#1682=CARTESIAN_POINT('',(-8.3928827,-0.400036014,1.81744371));
#1683=CARTESIAN_POINT('',(-8.392866071,-0.400064817,1.817445972));
#1684=CARTESIAN_POINT('',(-8.39284944,-0.400093618,1.817448235));
#1685=CARTESIAN_POINT('',(-8.392832807,-0.400122419,1.817450497));
#1686=CARTESIAN_POINT('',(-8.322205528,-0.522417232,1.827057734));
#1687=CARTESIAN_POINT('',(-8.222338949,-0.622271068,1.837003516));
#1688=CARTESIAN_POINT('',(-8.100036014,-0.6928827,1.846610377));
#1689=CARTESIAN_POINT('',(-8.100007211,-0.69289933,1.846612639));
#1690=CARTESIAN_POINT('',(-8.099978407,-0.692915957,1.846614902));
#1691=CARTESIAN_POINT('',(-8.099949602,-0.692932583,1.846617164));
#1692=CARTESIAN_POINT('',(-7.977637177,-0.763529358,1.8562244));
#1693=CARTESIAN_POINT('',(-7.841223264,-0.800072027,1.866170182));
#1694=CARTESIAN_POINT('',(-7.7,-0.800072027,1.875777044));
#1695=CARTESIAN_POINT('',(-7.699966741,-0.800072027,1.875779306));
#1696=CARTESIAN_POINT('',(-7.699933483,-0.800072025,1.875781569));
#1697=CARTESIAN_POINT('',(-7.699900224,-0.800072021,1.875783831));
#1698=CARTESIAN_POINT('',(-7.55867617,-0.800054409,1.885391067));
#1699=CARTESIAN_POINT('',(-7.422266921,-0.763494333,1.895336849));
#1700=CARTESIAN_POINT('',(-7.299963986,-0.6928827,1.90494371));
#1701=CARTESIAN_POINT('',(-7.299935183,-0.692866071,1.904945972));
#1702=CARTESIAN_POINT('',(-7.299906382,-0.69284944,1.904948235));
#1703=CARTESIAN_POINT('',(-7.299877581,-0.692832807,1.904950497));
#1704=CARTESIAN_POINT('',(-7.177582768,-0.622205528,1.914557734));
#1705=CARTESIAN_POINT('',(-7.077728932,-0.522338949,1.924503516));
#1706=CARTESIAN_POINT('',(-7.0071173,-0.400036014,1.934110377));
#1707=CARTESIAN_POINT('',(-7.00710067,-0.400007211,1.934112639));
#1708=CARTESIAN_POINT('',(-7.007084043,-0.399978407,1.934114902));
#1709=CARTESIAN_POINT('',(-7.007067417,-0.399949602,1.934117164));
#1710=CARTESIAN_POINT('',(-6.936470642,-0.277637177,1.9437244));
#1711=CARTESIAN_POINT('',(-6.899927973,-0.141223264,1.953670182));
#1712=CARTESIAN_POINT('',(-6.899927973,0.,1.963277044));
#1713=CARTESIAN_POINT('',(-6.899927973,0.000033259,1.963279306));
#1714=CARTESIAN_POINT('',(-6.899927975,0.000066517,1.963281569));
#1715=CARTESIAN_POINT('',(-6.899927979,0.000099776,1.963283831));
#1716=CARTESIAN_POINT('',(-6.899945591,0.14132383,1.972891067));
#1717=CARTESIAN_POINT('',(-6.936505667,0.277733079,1.982836849));
#1718=CARTESIAN_POINT('',(-7.0071173,0.400036014,1.99244371));
#1719=CARTESIAN_POINT('',(-7.007133929,0.400064817,1.992445972));
#1720=CARTESIAN_POINT('',(-7.00715056,0.400093618,1.992448235));
#1721=CARTESIAN_POINT('',(-7.007167193,0.400122419,1.992450497));
#1722=CARTESIAN_POINT('',(-7.077794472,0.522417232,2.002057734));
#1723=CARTESIAN_POINT('',(-7.177661051,0.622271068,2.012003516));
#1724=CARTESIAN_POINT('',(-7.299963986,0.6928827,2.021610377));
#1725=CARTESIAN_POINT('',(-7.299992789,0.69289933,2.021612639));
#1726=CARTESIAN_POINT('',(-7.300021593,0.692915957,2.021614902));
#1727=CARTESIAN_POINT('',(-7.300050398,0.692932583,2.021617164));
#1728=CARTESIAN_POINT('',(-7.422362823,0.763529358,2.0312244));
#1729=CARTESIAN_POINT('',(-7.558776736,0.800072027,2.041170182));
#1730=CARTESIAN_POINT('',(-7.7,0.800072027,2.050777044));
#1731=CARTESIAN_POINT('',(-7.700033259,0.800072027,2.050779306));
#1732=CARTESIAN_POINT('',(-7.700066517,0.800072025,2.050781569));
#1733=CARTESIAN_POINT('',(-7.700099776,0.800072021,2.050783831));
#1734=CARTESIAN_POINT('',(-7.84132383,0.800054409,2.060391067));
#1735=CARTESIAN_POINT('',(-7.977733079,0.763494333,2.070336849));
#1736=CARTESIAN_POINT('',(-8.100036014,0.6928827,2.07994371));
#1737=CARTESIAN_POINT('',(-8.100064817,0.692866071,2.079945972));
#1738=CARTESIAN_POINT('',(-8.100093618,0.69284944,2.079948235));
#1739=CARTESIAN_POINT('',(-8.100122419,0.692832807,2.079950497));
#1740=CARTESIAN_POINT('',(-8.222417232,0.622205528,2.089557734));
#1741=CARTESIAN_POINT('',(-8.322271068,0.522338949,2.099503516));
#1742=CARTESIAN_POINT('',(-8.3928827,0.400036014,2.109110377));
#1743=CARTESIAN_POINT('',(-8.39289933,0.400007211,2.109112639));
#1744=CARTESIAN_POINT('',(-8.392915957,0.399978407,2.109114902));
#1745=CARTESIAN_POINT('',(-8.392932583,0.399949602,2.109117164));
#1746=CARTESIAN_POINT('',(-8.463529358,0.277637177,2.1187244));
#1747=CARTESIAN_POINT('',(-8.500072027,0.141223264,2.128670182));
#1748=CARTESIAN_POINT('',(-8.500072027,0.,2.138277044));
#1749=CARTESIAN_POINT('',(-8.500072027,-0.000033259,2.138279306));
#1750=CARTESIAN_POINT('',(-8.500072025,-0.000066517,2.138281569));
#1751=CARTESIAN_POINT('',(-8.500072021,-0.000099776,2.138283831));
#1752=CARTESIAN_POINT('',(-8.500054409,-0.14132383,2.147891067));
#1753=CARTESIAN_POINT('',(-8.463494333,-0.277733079,2.157836849));
#1754=CARTESIAN_POINT('',(-8.3928827,-0.400036014,2.16744371));
#1755=CARTESIAN_POINT('',(-8.392866071,-0.400064817,2.167445972));
#1756=CARTESIAN_POINT('',(-8.39284944,-0.400093618,2.167448235));
#1757=CARTESIAN_POINT('',(-8.392832807,-0.400122419,2.167450497));
#1758=CARTESIAN_POINT('',(-8.322205528,-0.522417232,2.177057734));
#1759=CARTESIAN_POINT('',(-8.222338949,-0.622271068,2.187003516));
#1760=CARTESIAN_POINT('',(-8.100036014,-0.6928827,2.196610377));
#1761=CARTESIAN_POINT('',(-8.100007211,-0.69289933,2.196612639));
#1762=CARTESIAN_POINT('',(-8.099978407,-0.692915957,2.196614902));
#1763=CARTESIAN_POINT('',(-8.099949602,-0.692932583,2.196617164));
#1764=CARTESIAN_POINT('',(-8.0868573,-0.700489251,2.197645521));
#1765=CARTESIAN_POINT('',(-8.073541589,-0.707680336,2.198682412));
#1766=CARTESIAN_POINT('',(-8.060011876,-0.714497514,2.199727046));
#1767=CARTESIAN_POINT('',(-7.938046483,-0.763787828,1.158950055));
#1768=CARTESIAN_POINT('',(-7.860615517,-0.787920406,1.1646576));
#1769=CARTESIAN_POINT('',(-7.780648717,-0.800023734,1.170318381));
#1770=CARTESIAN_POINT('',(-7.7,-0.800023734,1.175804926));
#1771=CARTESIAN_POINT('',(-7.699966743,-0.800023734,1.175807188));
#1772=CARTESIAN_POINT('',(-7.699933487,-0.800023732,1.175809451));
#1773=CARTESIAN_POINT('',(-7.69990023,-0.800023728,1.175811713));
#1774=CARTESIAN_POINT('',(-7.5586847,-0.800006117,1.185418949));
#1775=CARTESIAN_POINT('',(-7.422283686,-0.763448247,1.195364731));
#1776=CARTESIAN_POINT('',(-7.299988133,-0.692840877,1.204971592));
#1777=CARTESIAN_POINT('',(-7.299959332,-0.692824249,1.204973854));
#1778=CARTESIAN_POINT('',(-7.299930532,-0.692807619,1.204976117));
#1779=CARTESIAN_POINT('',(-7.299901733,-0.692790987,1.204978379));
#1780=CARTESIAN_POINT('',(-7.177614301,-0.622167971,1.214585616));
#1781=CARTESIAN_POINT('',(-7.077766493,-0.52230742,1.224531398));
#1782=CARTESIAN_POINT('',(-7.007159123,-0.400011867,1.234138259));
#1783=CARTESIAN_POINT('',(-7.007142495,-0.399983066,1.234140521));
#1784=CARTESIAN_POINT('',(-7.007125868,-0.399954264,1.234142784));
#1785=CARTESIAN_POINT('',(-7.007109243,-0.39992546,1.234145046));
#1786=CARTESIAN_POINT('',(-6.93651673,-0.277620418,1.243752282));
#1787=CARTESIAN_POINT('',(-6.899976266,-0.14121474,1.253698064));
#1788=CARTESIAN_POINT('',(-6.899976266,0.,1.263304926));
#1789=CARTESIAN_POINT('',(-6.899976266,0.000033257,1.263307188));
#1790=CARTESIAN_POINT('',(-6.899976268,0.000066513,1.263309451));
#1791=CARTESIAN_POINT('',(-6.899976272,0.00009977,1.263311713));
#1792=CARTESIAN_POINT('',(-6.899993883,0.1413153,1.272918949));
#1793=CARTESIAN_POINT('',(-6.936551753,0.277716314,1.282864731));
#1794=CARTESIAN_POINT('',(-7.007159123,0.400011867,1.292471592));
#1795=CARTESIAN_POINT('',(-7.007175751,0.400040668,1.292473854));
#1796=CARTESIAN_POINT('',(-7.007192381,0.400069468,1.292476117));
#1797=CARTESIAN_POINT('',(-7.007209013,0.400098267,1.292478379));
#1798=CARTESIAN_POINT('',(-7.077832029,0.522385699,1.302085616));
#1799=CARTESIAN_POINT('',(-7.17769258,0.622233507,1.312031398));
#1800=CARTESIAN_POINT('',(-7.299988133,0.692840877,1.321638259));
#1801=CARTESIAN_POINT('',(-7.300016934,0.692857505,1.321640521));
#1802=CARTESIAN_POINT('',(-7.300045736,0.692874132,1.321642784));
#1803=CARTESIAN_POINT('',(-7.30007454,0.692890757,1.321645046));
#1804=CARTESIAN_POINT('',(-7.422379582,0.76348327,1.331252282));
#1805=CARTESIAN_POINT('',(-7.55878526,0.800023734,1.341198064));
#1806=CARTESIAN_POINT('',(-7.7,0.800023734,1.350804926));
#1807=CARTESIAN_POINT('',(-7.700033257,0.800023734,1.350807188));
#1808=CARTESIAN_POINT('',(-7.700066513,0.800023732,1.350809451));
#1809=CARTESIAN_POINT('',(-7.70009977,0.800023728,1.350811713));
#1810=CARTESIAN_POINT('',(-7.8413153,0.800006117,1.360418949));
#1811=CARTESIAN_POINT('',(-7.977716314,0.763448247,1.370364731));
#1812=CARTESIAN_POINT('',(-8.100011867,0.692840877,1.379971592));
#1813=CARTESIAN_POINT('',(-8.100040668,0.692824249,1.379973854));
#1814=CARTESIAN_POINT('',(-8.100069468,0.692807619,1.379976117));
#1815=CARTESIAN_POINT('',(-8.100098267,0.692790987,1.379978379));
#1816=CARTESIAN_POINT('',(-8.222385699,0.622167971,1.389585616));
#1817=CARTESIAN_POINT('',(-8.322233507,0.52230742,1.399531398));
#1818=CARTESIAN_POINT('',(-8.392840877,0.400011867,1.409138259));
#1819=CARTESIAN_POINT('',(-8.392857505,0.399983066,1.409140521));
#1820=CARTESIAN_POINT('',(-8.392874132,0.399954264,1.409142784));
#1821=CARTESIAN_POINT('',(-8.392890757,0.39992546,1.409145046));
#1822=CARTESIAN_POINT('',(-8.46348327,0.277620418,1.418752282));
#1823=CARTESIAN_POINT('',(-8.500023734,0.14121474,1.428698064));
#1824=CARTESIAN_POINT('',(-8.500023734,0.,1.438304926));
#1825=CARTESIAN_POINT('',(-8.500023734,-0.000033257,1.438307188));
#1826=CARTESIAN_POINT('',(-8.500023732,-0.000066513,1.438309451));
#1827=CARTESIAN_POINT('',(-8.500023728,-0.00009977,1.438311713));
#1828=CARTESIAN_POINT('',(-8.500006117,-0.1413153,1.447918949));
#1829=CARTESIAN_POINT('',(-8.463448247,-0.277716314,1.457864731));
#1830=CARTESIAN_POINT('',(-8.392840877,-0.400011867,1.467471592));
#1831=CARTESIAN_POINT('',(-8.392824249,-0.400040668,1.467473854));
#1832=CARTESIAN_POINT('',(-8.392807619,-0.400069468,1.467476117));
#1833=CARTESIAN_POINT('',(-8.392790987,-0.400098267,1.467478379));
#1834=CARTESIAN_POINT('',(-8.322167971,-0.522385699,1.477085616));
#1835=CARTESIAN_POINT('',(-8.22230742,-0.622233507,1.487031398));
#1836=CARTESIAN_POINT('',(-8.100011867,-0.692840877,1.496638259));
#1837=CARTESIAN_POINT('',(-8.099983066,-0.692857505,1.496640521));
#1838=CARTESIAN_POINT('',(-8.099954264,-0.692874132,1.496642784));
#1839=CARTESIAN_POINT('',(-8.09992546,-0.692890757,1.496645046));
#1840=CARTESIAN_POINT('',(-7.977620418,-0.76348327,1.506252282));
#1841=CARTESIAN_POINT('',(-7.84121474,-0.800023734,1.516198064));
#1842=CARTESIAN_POINT('',(-7.7,-0.800023734,1.525804926));
#1843=CARTESIAN_POINT('',(-7.699966743,-0.800023734,1.525807188));
#1844=CARTESIAN_POINT('',(-7.699933487,-0.800023732,1.525809451));
#1845=CARTESIAN_POINT('',(-7.69990023,-0.800023728,1.525811713));
#1846=CARTESIAN_POINT('',(-7.5586847,-0.800006117,1.535418949));
#1847=CARTESIAN_POINT('',(-7.422283686,-0.763448247,1.545364731));
#1848=CARTESIAN_POINT('',(-7.299988133,-0.692840877,1.554971592));
#1849=CARTESIAN_POINT('',(-7.299959332,-0.692824249,1.554973854));
#1850=CARTESIAN_POINT('',(-7.299930532,-0.692807619,1.554976117));
#1851=CARTESIAN_POINT('',(-7.299901733,-0.692790987,1.554978379));
#1852=CARTESIAN_POINT('',(-7.177614301,-0.622167971,1.564585616));
#1853=CARTESIAN_POINT('',(-7.077766493,-0.52230742,1.574531398));
#1854=CARTESIAN_POINT('',(-7.007159123,-0.400011867,1.584138259));
#1855=CARTESIAN_POINT('',(-7.007142495,-0.399983066,1.584140521));
#1856=CARTESIAN_POINT('',(-7.007125868,-0.399954264,1.584142784));
#1857=CARTESIAN_POINT('',(-7.007109243,-0.39992546,1.584145046));
#1858=CARTESIAN_POINT('',(-6.93651673,-0.277620418,1.593752282));
#1859=CARTESIAN_POINT('',(-6.899976266,-0.14121474,1.603698064));
#1860=CARTESIAN_POINT('',(-6.899976266,0.,1.613304926));
#1861=CARTESIAN_POINT('',(-6.899976266,0.000033257,1.613307188));
#1862=CARTESIAN_POINT('',(-6.899976268,0.000066513,1.613309451));
#1863=CARTESIAN_POINT('',(-6.899976272,0.00009977,1.613311713));
#1864=CARTESIAN_POINT('',(-6.899993883,0.1413153,1.622918949));
#1865=CARTESIAN_POINT('',(-6.936551753,0.277716314,1.632864731));
#1866=CARTESIAN_POINT('',(-7.007159123,0.400011867,1.642471592));
#1867=CARTESIAN_POINT('',(-7.007175751,0.400040668,1.642473854));
#1868=CARTESIAN_POINT('',(-7.007192381,0.400069468,1.642476117));
#1869=CARTESIAN_POINT('',(-7.007209013,0.400098267,1.642478379));
#1870=CARTESIAN_POINT('',(-7.077832029,0.522385699,1.652085616));
#1871=CARTESIAN_POINT('',(-7.17769258,0.622233507,1.662031398));
#1872=CARTESIAN_POINT('',(-7.299988133,0.692840877,1.671638259));
#1873=CARTESIAN_POINT('',(-7.300016934,0.692857505,1.671640521));
#1874=CARTESIAN_POINT('',(-7.300045736,0.692874132,1.671642784));
#1875=CARTESIAN_POINT('',(-7.30007454,0.692890757,1.671645046));
#1876=CARTESIAN_POINT('',(-7.422379582,0.76348327,1.681252282));
#1877=CARTESIAN_POINT('',(-7.55878526,0.800023734,1.691198064));
#1878=CARTESIAN_POINT('',(-7.7,0.800023734,1.700804926));
#1879=CARTESIAN_POINT('',(-7.700033257,0.800023734,1.700807188));
#1880=CARTESIAN_POINT('',(-7.700066513,0.800023732,1.700809451));
#1881=CARTESIAN_POINT('',(-7.70009977,0.800023728,1.700811713));
#1882=CARTESIAN_POINT('',(-7.8413153,0.800006117,1.710418949));
#1883=CARTESIAN_POINT('',(-7.977716314,0.763448247,1.720364731));
#1884=CARTESIAN_POINT('',(-8.100011867,0.692840877,1.729971592));
#1885=CARTESIAN_POINT('',(-8.100040668,0.692824249,1.729973854));
#1886=CARTESIAN_POINT('',(-8.100069468,0.692807619,1.729976117));
#1887=CARTESIAN_POINT('',(-8.100098267,0.692790987,1.729978379));
#1888=CARTESIAN_POINT('',(-8.222385699,0.622167971,1.739585616));
#1889=CARTESIAN_POINT('',(-8.322233507,0.52230742,1.749531398));
#1890=CARTESIAN_POINT('',(-8.392840877,0.400011867,1.759138259));
#1891=CARTESIAN_POINT('',(-8.392857505,0.399983066,1.759140521));
#1892=CARTESIAN_POINT('',(-8.392874132,0.399954264,1.759142784));
#1893=CARTESIAN_POINT('',(-8.392890757,0.39992546,1.759145046));
#1894=CARTESIAN_POINT('',(-8.46348327,0.277620418,1.768752282));
#1895=CARTESIAN_POINT('',(-8.500023734,0.14121474,1.778698064));
#1896=CARTESIAN_POINT('',(-8.500023734,0.,1.788304926));
#1897=CARTESIAN_POINT('',(-8.500023734,-0.000033257,1.788307188));
#1898=CARTESIAN_POINT('',(-8.500023732,-0.000066513,1.788309451));
#1899=CARTESIAN_POINT('',(-8.500023728,-0.00009977,1.788311713));
#1900=CARTESIAN_POINT('',(-8.500006117,-0.1413153,1.797918949));
#1901=CARTESIAN_POINT('',(-8.463448247,-0.277716314,1.807864731));
#1902=CARTESIAN_POINT('',(-8.392840877,-0.400011867,1.817471592));
#1903=CARTESIAN_POINT('',(-8.392824249,-0.400040668,1.817473854));
#1904=CARTESIAN_POINT('',(-8.392807619,-0.400069468,1.817476117));
#1905=CARTESIAN_POINT('',(-8.392790987,-0.400098267,1.817478379));
#1906=CARTESIAN_POINT('',(-8.322167971,-0.522385699,1.827085616));
#1907=CARTESIAN_POINT('',(-8.22230742,-0.622233507,1.837031398));
#1908=CARTESIAN_POINT('',(-8.100011867,-0.692840877,1.846638259));
#1909=CARTESIAN_POINT('',(-8.099983066,-0.692857505,1.846640521));
#1910=CARTESIAN_POINT('',(-8.099954264,-0.692874132,1.846642784));
#1911=CARTESIAN_POINT('',(-8.09992546,-0.692890757,1.846645046));
#1912=CARTESIAN_POINT('',(-7.977620418,-0.76348327,1.856252282));
#1913=CARTESIAN_POINT('',(-7.84121474,-0.800023734,1.866198064));
#1914=CARTESIAN_POINT('',(-7.7,-0.800023734,1.875804926));
#1915=CARTESIAN_POINT('',(-7.699966743,-0.800023734,1.875807188));
#1916=CARTESIAN_POINT('',(-7.699933487,-0.800023732,1.875809451));
#1917=CARTESIAN_POINT('',(-7.69990023,-0.800023728,1.875811713));
#1918=CARTESIAN_POINT('',(-7.5586847,-0.800006117,1.885418949));
#1919=CARTESIAN_POINT('',(-7.422283686,-0.763448247,1.895364731));
#1920=CARTESIAN_POINT('',(-7.299988133,-0.692840877,1.904971592));
#1921=CARTESIAN_POINT('',(-7.299959332,-0.692824249,1.904973854));
#1922=CARTESIAN_POINT('',(-7.299930532,-0.692807619,1.904976117));
#1923=CARTESIAN_POINT('',(-7.299901733,-0.692790987,1.904978379));
#1924=CARTESIAN_POINT('',(-7.177614301,-0.622167971,1.914585616));
#1925=CARTESIAN_POINT('',(-7.077766493,-0.52230742,1.924531398));
#1926=CARTESIAN_POINT('',(-7.007159123,-0.400011867,1.934138259));
#1927=CARTESIAN_POINT('',(-7.007142495,-0.399983066,1.934140521));
#1928=CARTESIAN_POINT('',(-7.007125868,-0.399954264,1.934142784));
#1929=CARTESIAN_POINT('',(-7.007109243,-0.39992546,1.934145046));
#1930=CARTESIAN_POINT('',(-6.93651673,-0.277620418,1.943752282));
#1931=CARTESIAN_POINT('',(-6.899976266,-0.14121474,1.953698064));
#1932=CARTESIAN_POINT('',(-6.899976266,0.,1.963304926));
#1933=CARTESIAN_POINT('',(-6.899976266,0.000033257,1.963307188));
#1934=CARTESIAN_POINT('',(-6.899976268,0.000066513,1.963309451));
#1935=CARTESIAN_POINT('',(-6.899976272,0.00009977,1.963311713));
#1936=CARTESIAN_POINT('',(-6.899993883,0.1413153,1.972918949));
#1937=CARTESIAN_POINT('',(-6.936551753,0.277716314,1.982864731));
#1938=CARTESIAN_POINT('',(-7.007159123,0.400011867,1.992471592));
#1939=CARTESIAN_POINT('',(-7.007175751,0.400040668,1.992473854));
#1940=CARTESIAN_POINT('',(-7.007192381,0.400069468,1.992476117));
#1941=CARTESIAN_POINT('',(-7.007209013,0.400098267,1.992478379));
#1942=CARTESIAN_POINT('',(-7.077832029,0.522385699,2.002085616));
#1943=CARTESIAN_POINT('',(-7.17769258,0.622233507,2.012031398));
#1944=CARTESIAN_POINT('',(-7.299988133,0.692840877,2.021638259));
#1945=CARTESIAN_POINT('',(-7.300016934,0.692857505,2.021640521));
#1946=CARTESIAN_POINT('',(-7.300045736,0.692874132,2.021642784));
#1947=CARTESIAN_POINT('',(-7.30007454,0.692890757,2.021645046));
#1948=CARTESIAN_POINT('',(-7.422379582,0.76348327,2.031252282));
#1949=CARTESIAN_POINT('',(-7.55878526,0.800023734,2.041198064));
#1950=CARTESIAN_POINT('',(-7.7,0.800023734,2.050804926));
#1951=CARTESIAN_POINT('',(-7.700033257,0.800023734,2.050807188));
#1952=CARTESIAN_POINT('',(-7.700066513,0.800023732,2.050809451));
#1953=CARTESIAN_POINT('',(-7.70009977,0.800023728,2.050811713));
#1954=CARTESIAN_POINT('',(-7.8413153,0.800006117,2.060418949));
#1955=CARTESIAN_POINT('',(-7.977716314,0.763448247,2.070364731));
#1956=CARTESIAN_POINT('',(-8.100011867,0.692840877,2.079971592));
#1957=CARTESIAN_POINT('',(-8.100040668,0.692824249,2.079973854));
#1958=CARTESIAN_POINT('',(-8.100069468,0.692807619,2.079976117));
#1959=CARTESIAN_POINT('',(-8.100098267,0.692790987,2.079978379));
#1960=CARTESIAN_POINT('',(-8.222385699,0.622167971,2.089585616));
#1961=CARTESIAN_POINT('',(-8.322233507,0.52230742,2.099531398));
#1962=CARTESIAN_POINT('',(-8.392840877,0.400011867,2.109138259));
#1963=CARTESIAN_POINT('',(-8.392857505,0.399983066,2.109140521));
#1964=CARTESIAN_POINT('',(-8.392874132,0.399954264,2.109142784));
#1965=CARTESIAN_POINT('',(-8.392890757,0.39992546,2.109145046));
#1966=CARTESIAN_POINT('',(-8.46348327,0.277620418,2.118752282));
#1967=CARTESIAN_POINT('',(-8.500023734,0.14121474,2.128698064));
#1968=CARTESIAN_POINT('',(-8.500023734,0.,2.138304926));
#1969=CARTESIAN_POINT('',(-8.500023734,-0.000033257,2.138307188));
#1970=CARTESIAN_POINT('',(-8.500023732,-0.000066513,2.138309451));
#1971=CARTESIAN_POINT('',(-8.500023728,-0.00009977,2.138311713));
#1972=CARTESIAN_POINT('',(-8.500006117,-0.1413153,2.147918949));
#1973=CARTESIAN_POINT('',(-8.463448247,-0.277716314,2.157864731));
#1974=CARTESIAN_POINT('',(-8.392840877,-0.400011867,2.167471592));
#1975=CARTESIAN_POINT('',(-8.392824249,-0.400040668,2.167473854));
#1976=CARTESIAN_POINT('',(-8.392807619,-0.400069468,2.167476117));
#1977=CARTESIAN_POINT('',(-8.392790987,-0.400098267,2.167478379));
#1978=CARTESIAN_POINT('',(-8.322167971,-0.522385699,2.177085616));
#1979=CARTESIAN_POINT('',(-8.22230742,-0.622233507,2.187031398));
#1980=CARTESIAN_POINT('',(-8.100011867,-0.692840877,2.196638259));
#1981=CARTESIAN_POINT('',(-8.099983066,-0.692857505,2.196640521));
#1982=CARTESIAN_POINT('',(-8.099954264,-0.692874132,2.196642784));
#1983=CARTESIAN_POINT('',(-8.09992546,-0.692890757,2.196645046));
#1984=CARTESIAN_POINT('',(-8.086833949,-0.700446968,2.197673403));
#1985=CARTESIAN_POINT('',(-8.073519041,-0.707637619,2.198710294));
#1986=CARTESIAN_POINT('',(-8.059990145,-0.714454386,2.199754928));
#1987=CARTESIAN_POINT('',(-7.885968298,-0.596691538,1.260000055));
#1988=CARTESIAN_POINT('',(-7.82547715,-0.615544556,1.2657076));
#1989=CARTESIAN_POINT('',(-7.763004941,-0.625,1.271368381));
#1990=CARTESIAN_POINT('',(-7.7,-0.625,1.276854926));
#1991=CARTESIAN_POINT('',(-7.699974019,-0.625,1.276857188));
#1992=CARTESIAN_POINT('',(-7.699948038,-0.624999998,1.276859451));
#1993=CARTESIAN_POINT('',(-7.699922057,-0.624999995,1.276861713));
#1994=CARTESIAN_POINT('',(-7.589600697,-0.624986237,1.286468949));
#1995=CARTESIAN_POINT('',(-7.483040566,-0.596426249,1.296414731));
#1996=CARTESIAN_POINT('',(-7.3875,-0.541265877,1.306021592));
#1997=CARTESIAN_POINT('',(-7.3874775,-0.541252887,1.306023854));
#1998=CARTESIAN_POINT('',(-7.387455,-0.541239895,1.306026117));
#1999=CARTESIAN_POINT('',(-7.387432502,-0.541226901,1.306028379));
#2000=CARTESIAN_POINT('',(-7.29189828,-0.486054307,1.315635616));
#2001=CARTESIAN_POINT('',(-7.213894494,-0.408040566,1.325581398));
#2002=CARTESIAN_POINT('',(-7.158734123,-0.3125,1.335188259));
#2003=CARTESIAN_POINT('',(-7.158721133,-0.3124775,1.335190521));
#2004=CARTESIAN_POINT('',(-7.158708143,-0.312454999,1.335192784));
#2005=CARTESIAN_POINT('',(-7.158695156,-0.312432497,1.335195046));
#2006=CARTESIAN_POINT('',(-7.10354639,-0.216884517,1.344802282));
#2007=CARTESIAN_POINT('',(-7.075,-0.110320743,1.354748064));
#2008=CARTESIAN_POINT('',(-7.075,0.,1.364354926));
#2009=CARTESIAN_POINT('',(-7.075,0.000025981,1.364357188));
#2010=CARTESIAN_POINT('',(-7.075000002,0.000051962,1.364359451));
#2011=CARTESIAN_POINT('',(-7.075000005,0.000077943,1.364361713));
#2012=CARTESIAN_POINT('',(-7.075013763,0.110399303,1.373968949));
#2013=CARTESIAN_POINT('',(-7.103573751,0.216959434,1.383914731));
#2014=CARTESIAN_POINT('',(-7.158734123,0.3125,1.393521592));
#2015=CARTESIAN_POINT('',(-7.158747113,0.3125225,1.393523854));
#2016=CARTESIAN_POINT('',(-7.158760105,0.312545,1.393526117));
#2017=CARTESIAN_POINT('',(-7.158773099,0.312567498,1.393528379));
#2018=CARTESIAN_POINT('',(-7.213945693,0.40810172,1.403135616));
#2019=CARTESIAN_POINT('',(-7.291959434,0.486105506,1.413081398));
#2020=CARTESIAN_POINT('',(-7.3875,0.541265877,1.422688259));
#2021=CARTESIAN_POINT('',(-7.3875225,0.541278867,1.422690521));
#2022=CARTESIAN_POINT('',(-7.387545001,0.541291857,1.422692784));
#2023=CARTESIAN_POINT('',(-7.387567503,0.541304844,1.422695046));
#2024=CARTESIAN_POINT('',(-7.483115483,0.59645361,1.432302282));
#2025=CARTESIAN_POINT('',(-7.589679257,0.625,1.442248064));
#2026=CARTESIAN_POINT('',(-7.7,0.625,1.451854926));
#2027=CARTESIAN_POINT('',(-7.700025981,0.625,1.451857188));
#2028=CARTESIAN_POINT('',(-7.700051962,0.624999998,1.451859451));
#2029=CARTESIAN_POINT('',(-7.700077943,0.624999995,1.451861713));
#2030=CARTESIAN_POINT('',(-7.810399303,0.624986237,1.461468949));
#2031=CARTESIAN_POINT('',(-7.916959434,0.596426249,1.471414731));
#2032=CARTESIAN_POINT('',(-8.0125,0.541265877,1.481021592));
#2033=CARTESIAN_POINT('',(-8.0125225,0.541252887,1.481023854));
#2034=CARTESIAN_POINT('',(-8.012545,0.541239895,1.481026117));
#2035=CARTESIAN_POINT('',(-8.012567498,0.541226901,1.481028379));
#2036=CARTESIAN_POINT('',(-8.10810172,0.486054307,1.490635616));
#2037=CARTESIAN_POINT('',(-8.186105506,0.408040566,1.500581398));
#2038=CARTESIAN_POINT('',(-8.241265877,0.3125,1.510188259));
#2039=CARTESIAN_POINT('',(-8.241278867,0.3124775,1.510190521));
#2040=CARTESIAN_POINT('',(-8.241291857,0.312454999,1.510192784));
#2041=CARTESIAN_POINT('',(-8.241304844,0.312432497,1.510195046));
#2042=CARTESIAN_POINT('',(-8.29645361,0.216884517,1.519802282));
#2043=CARTESIAN_POINT('',(-8.325,0.110320743,1.529748064));
#2044=CARTESIAN_POINT('',(-8.325,0.,1.539354926));
#2045=CARTESIAN_POINT('',(-8.325,-0.000025981,1.539357188));
#2046=CARTESIAN_POINT('',(-8.324999998,-0.000051962,1.539359451));
#2047=CARTESIAN_POINT('',(-8.324999995,-0.000077943,1.539361713));
#2048=CARTESIAN_POINT('',(-8.324986237,-0.110399303,1.548968949));
#2049=CARTESIAN_POINT('',(-8.296426249,-0.216959434,1.558914731));
#2050=CARTESIAN_POINT('',(-8.241265877,-0.3125,1.568521592));
#2051=CARTESIAN_POINT('',(-8.241252887,-0.3125225,1.568523854));
#2052=CARTESIAN_POINT('',(-8.241239895,-0.312545,1.568526117));
#2053=CARTESIAN_POINT('',(-8.241226901,-0.312567498,1.568528379));
#2054=CARTESIAN_POINT('',(-8.186054307,-0.40810172,1.578135616));
#2055=CARTESIAN_POINT('',(-8.108040566,-0.486105506,1.588081398));
#2056=CARTESIAN_POINT('',(-8.0125,-0.541265877,1.597688259));
#2057=CARTESIAN_POINT('',(-8.0124775,-0.541278867,1.597690521));
#2058=CARTESIAN_POINT('',(-8.012454999,-0.541291857,1.597692784));
#2059=CARTESIAN_POINT('',(-8.012432497,-0.541304844,1.597695046));
#2060=CARTESIAN_POINT('',(-7.916884517,-0.59645361,1.607302282));
#2061=CARTESIAN_POINT('',(-7.810320743,-0.625,1.617248064));
#2062=CARTESIAN_POINT('',(-7.7,-0.625,1.626854926));
#2063=CARTESIAN_POINT('',(-7.699974019,-0.625,1.626857188));
#2064=CARTESIAN_POINT('',(-7.699948038,-0.624999998,1.626859451));
#2065=CARTESIAN_POINT('',(-7.699922057,-0.624999995,1.626861713));
#2066=CARTESIAN_POINT('',(-7.589600697,-0.624986237,1.636468949));
#2067=CARTESIAN_POINT('',(-7.483040566,-0.596426249,1.646414731));
#2068=CARTESIAN_POINT('',(-7.3875,-0.541265877,1.656021592));
#2069=CARTESIAN_POINT('',(-7.3874775,-0.541252887,1.656023854));
#2070=CARTESIAN_POINT('',(-7.387455,-0.541239895,1.656026117));
#2071=CARTESIAN_POINT('',(-7.387432502,-0.541226901,1.656028379));
#2072=CARTESIAN_POINT('',(-7.29189828,-0.486054307,1.665635616));
#2073=CARTESIAN_POINT('',(-7.213894494,-0.408040566,1.675581398));
#2074=CARTESIAN_POINT('',(-7.158734123,-0.3125,1.685188259));
#2075=CARTESIAN_POINT('',(-7.158721133,-0.3124775,1.685190521));
#2076=CARTESIAN_POINT('',(-7.158708143,-0.312454999,1.685192784));
#2077=CARTESIAN_POINT('',(-7.158695156,-0.312432497,1.685195046));
#2078=CARTESIAN_POINT('',(-7.10354639,-0.216884517,1.694802282));
#2079=CARTESIAN_POINT('',(-7.075,-0.110320743,1.704748064));
#2080=CARTESIAN_POINT('',(-7.075,0.,1.714354926));
#2081=CARTESIAN_POINT('',(-7.075,0.000025981,1.714357188));
#2082=CARTESIAN_POINT('',(-7.075000002,0.000051962,1.714359451));
#2083=CARTESIAN_POINT('',(-7.075000005,0.000077943,1.714361713));
#2084=CARTESIAN_POINT('',(-7.075013763,0.110399303,1.723968949));
#2085=CARTESIAN_POINT('',(-7.103573751,0.216959434,1.733914731));
#2086=CARTESIAN_POINT('',(-7.158734123,0.3125,1.743521592));
#2087=CARTESIAN_POINT('',(-7.158747113,0.3125225,1.743523854));
#2088=CARTESIAN_POINT('',(-7.158760105,0.312545,1.743526117));
#2089=CARTESIAN_POINT('',(-7.158773099,0.312567498,1.743528379));
#2090=CARTESIAN_POINT('',(-7.213945693,0.40810172,1.753135616));
#2091=CARTESIAN_POINT('',(-7.291959434,0.486105506,1.763081398));
#2092=CARTESIAN_POINT('',(-7.3875,0.541265877,1.772688259));
#2093=CARTESIAN_POINT('',(-7.3875225,0.541278867,1.772690521));
#2094=CARTESIAN_POINT('',(-7.387545001,0.541291857,1.772692784));
#2095=CARTESIAN_POINT('',(-7.387567503,0.541304844,1.772695046));
#2096=CARTESIAN_POINT('',(-7.483115483,0.59645361,1.782302282));
#2097=CARTESIAN_POINT('',(-7.589679257,0.625,1.792248064));
#2098=CARTESIAN_POINT('',(-7.7,0.625,1.801854926));
#2099=CARTESIAN_POINT('',(-7.700025981,0.625,1.801857188));
#2100=CARTESIAN_POINT('',(-7.700051962,0.624999998,1.801859451));
#2101=CARTESIAN_POINT('',(-7.700077943,0.624999995,1.801861713));
#2102=CARTESIAN_POINT('',(-7.810399303,0.624986237,1.811468949));
#2103=CARTESIAN_POINT('',(-7.916959434,0.596426249,1.821414731));
#2104=CARTESIAN_POINT('',(-8.0125,0.541265877,1.831021592));
#2105=CARTESIAN_POINT('',(-8.0125225,0.541252887,1.831023854));
#2106=CARTESIAN_POINT('',(-8.012545,0.541239895,1.831026117));
#2107=CARTESIAN_POINT('',(-8.012567498,0.541226901,1.831028379));
#2108=CARTESIAN_POINT('',(-8.10810172,0.486054307,1.840635616));
#2109=CARTESIAN_POINT('',(-8.186105506,0.408040566,1.850581398));
#2110=CARTESIAN_POINT('',(-8.241265877,0.3125,1.860188259));
#2111=CARTESIAN_POINT('',(-8.241278867,0.3124775,1.860190521));
#2112=CARTESIAN_POINT('',(-8.241291857,0.312454999,1.860192784));
#2113=CARTESIAN_POINT('',(-8.241304844,0.312432497,1.860195046));
#2114=CARTESIAN_POINT('',(-8.29645361,0.216884517,1.869802282));
#2115=CARTESIAN_POINT('',(-8.325,0.110320743,1.879748064));
#2116=CARTESIAN_POINT('',(-8.325,0.,1.889354926));
#2117=CARTESIAN_POINT('',(-8.325,-0.000025981,1.889357188));
#2118=CARTESIAN_POINT('',(-8.324999998,-0.000051962,1.889359451));
#2119=CARTESIAN_POINT('',(-8.324999995,-0.000077943,1.889361713));
#2120=CARTESIAN_POINT('',(-8.324986237,-0.110399303,1.898968949));
#2121=CARTESIAN_POINT('',(-8.296426249,-0.216959434,1.908914731));
#2122=CARTESIAN_POINT('',(-8.241265877,-0.3125,1.918521592));
#2123=CARTESIAN_POINT('',(-8.241252887,-0.3125225,1.918523854));
#2124=CARTESIAN_POINT('',(-8.241239895,-0.312545,1.918526117));
#2125=CARTESIAN_POINT('',(-8.241226901,-0.312567498,1.918528379));
#2126=CARTESIAN_POINT('',(-8.186054307,-0.40810172,1.928135616));
#2127=CARTESIAN_POINT('',(-8.108040566,-0.486105506,1.938081398));
#2128=CARTESIAN_POINT('',(-8.0125,-0.541265877,1.947688259));
#2129=CARTESIAN_POINT('',(-8.0124775,-0.541278867,1.947690521));
#2130=CARTESIAN_POINT('',(-8.012454999,-0.541291857,1.947692784));
#2131=CARTESIAN_POINT('',(-8.012432497,-0.541304844,1.947695046));
#2132=CARTESIAN_POINT('',(-7.916884517,-0.59645361,1.957302282));
#2133=CARTESIAN_POINT('',(-7.810320743,-0.625,1.967248064));
#2134=CARTESIAN_POINT('',(-7.7,-0.625,1.976854926));
#2135=CARTESIAN_POINT('',(-7.699974019,-0.625,1.976857188));
#2136=CARTESIAN_POINT('',(-7.699948038,-0.624999998,1.976859451));
#2137=CARTESIAN_POINT('',(-7.699922057,-0.624999995,1.976861713));
#2138=CARTESIAN_POINT('',(-7.589600697,-0.624986237,1.986468949));
#2139=CARTESIAN_POINT('',(-7.483040566,-0.596426249,1.996414731));
#2140=CARTESIAN_POINT('',(-7.3875,-0.541265877,2.006021592));
#2141=CARTESIAN_POINT('',(-7.3874775,-0.541252887,2.006023854));
#2142=CARTESIAN_POINT('',(-7.387455,-0.541239895,2.006026117));
#2143=CARTESIAN_POINT('',(-7.387432502,-0.541226901,2.006028379));
#2144=CARTESIAN_POINT('',(-7.29189828,-0.486054307,2.015635616));
#2145=CARTESIAN_POINT('',(-7.213894494,-0.408040566,2.025581398));
#2146=CARTESIAN_POINT('',(-7.158734123,-0.3125,2.035188259));
#2147=CARTESIAN_POINT('',(-7.158721133,-0.3124775,2.035190521));
#2148=CARTESIAN_POINT('',(-7.158708143,-0.312454999,2.035192784));
#2149=CARTESIAN_POINT('',(-7.158695156,-0.312432497,2.035195046));
#2150=CARTESIAN_POINT('',(-7.10354639,-0.216884517,2.044802282));
#2151=CARTESIAN_POINT('',(-7.075,-0.110320743,2.054748064));
#2152=CARTESIAN_POINT('',(-7.075,0.,2.064354926));
#2153=CARTESIAN_POINT('',(-7.075,0.000025981,2.064357188));
#2154=CARTESIAN_POINT('',(-7.075000002,0.000051962,2.064359451));
#2155=CARTESIAN_POINT('',(-7.075000005,0.000077943,2.064361713));
#2156=CARTESIAN_POINT('',(-7.075013763,0.110399303,2.073968949));
#2157=CARTESIAN_POINT('',(-7.103573751,0.216959434,2.083914731));
#2158=CARTESIAN_POINT('',(-7.158734123,0.3125,2.093521592));
#2159=CARTESIAN_POINT('',(-7.158747113,0.3125225,2.093523854));
#2160=CARTESIAN_POINT('',(-7.158760105,0.312545,2.093526117));
#2161=CARTESIAN_POINT('',(-7.158773099,0.312567498,2.093528379));
#2162=CARTESIAN_POINT('',(-7.213945693,0.40810172,2.103135616));
#2163=CARTESIAN_POINT('',(-7.291959434,0.486105506,2.113081398));
#2164=CARTESIAN_POINT('',(-7.3875,0.541265877,2.122688259));
#2165=CARTESIAN_POINT('',(-7.3875225,0.541278867,2.122690521));
#2166=CARTESIAN_POINT('',(-7.387545001,0.541291857,2.122692784));
#2167=CARTESIAN_POINT('',(-7.387567503,0.541304844,2.122695046));
#2168=CARTESIAN_POINT('',(-7.483115483,0.59645361,2.132302282));
#2169=CARTESIAN_POINT('',(-7.589679257,0.625,2.142248064));
#2170=CARTESIAN_POINT('',(-7.7,0.625,2.151854926));
#2171=CARTESIAN_POINT('',(-7.700025981,0.625,2.151857188));
#2172=CARTESIAN_POINT('',(-7.700051962,0.624999998,2.151859451));
#2173=CARTESIAN_POINT('',(-7.700077943,0.624999995,2.151861713));
#2174=CARTESIAN_POINT('',(-7.810399303,0.624986237,2.161468949));
#2175=CARTESIAN_POINT('',(-7.916959434,0.596426249,2.171414731));
#2176=CARTESIAN_POINT('',(-8.0125,0.541265877,2.181021592));
#2177=CARTESIAN_POINT('',(-8.0125225,0.541252887,2.181023854));
#2178=CARTESIAN_POINT('',(-8.012545,0.541239895,2.181026117));
#2179=CARTESIAN_POINT('',(-8.012567498,0.541226901,2.181028379));
#2180=CARTESIAN_POINT('',(-8.10810172,0.486054307,2.190635616));
#2181=CARTESIAN_POINT('',(-8.186105506,0.408040566,2.200581398));
#2182=CARTESIAN_POINT('',(-8.241265877,0.3125,2.210188259));
#2183=CARTESIAN_POINT('',(-8.241278867,0.3124775,2.210190521));
#2184=CARTESIAN_POINT('',(-8.241291857,0.312454999,2.210192784));
#2185=CARTESIAN_POINT('',(-8.241304844,0.312432497,2.210195046));
#2186=CARTESIAN_POINT('',(-8.29645361,0.216884517,2.219802282));
#2187=CARTESIAN_POINT('',(-8.325,0.110320743,2.229748064));
#2188=CARTESIAN_POINT('',(-8.325,0.,2.239354926));
#2189=CARTESIAN_POINT('',(-8.325,-0.000025981,2.239357188));
#2190=CARTESIAN_POINT('',(-8.324999998,-0.000051962,2.239359451));
#2191=CARTESIAN_POINT('',(-8.324999995,-0.000077943,2.239361713));
#2192=CARTESIAN_POINT('',(-8.324986237,-0.110399303,2.248968949));
#2193=CARTESIAN_POINT('',(-8.296426249,-0.216959434,2.258914731));
#2194=CARTESIAN_POINT('',(-8.241265877,-0.3125,2.268521592));
#2195=CARTESIAN_POINT('',(-8.241252887,-0.3125225,2.268523854));
#2196=CARTESIAN_POINT('',(-8.241239895,-0.312545,2.268526117));
#2197=CARTESIAN_POINT('',(-8.241226901,-0.312567498,2.268528379));
#2198=CARTESIAN_POINT('',(-8.186054307,-0.40810172,2.278135616));
#2199=CARTESIAN_POINT('',(-8.108040566,-0.486105506,2.288081398));
#2200=CARTESIAN_POINT('',(-8.0125,-0.541265877,2.297688259));
#2201=CARTESIAN_POINT('',(-8.0124775,-0.541278867,2.297690521));
#2202=CARTESIAN_POINT('',(-8.012454999,-0.541291857,2.297692784));
#2203=CARTESIAN_POINT('',(-8.012432497,-0.541304844,2.297695046));
#2204=CARTESIAN_POINT('',(-8.002205057,-0.54720796,2.298723403));
#2205=CARTESIAN_POINT('',(-7.991803094,-0.55282549,2.299760294));
#2206=CARTESIAN_POINT('',(-7.981233958,-0.558150931,2.300804927));
#2207=CARTESIAN_POINT('',(-7.885968282,-0.596691487,1.260000086));
#2208=CARTESIAN_POINT('',(-7.825477139,-0.615544503,1.26570763));
#2209=CARTESIAN_POINT('',(-7.763004936,-0.624999947,1.271368412));
#2210=CARTESIAN_POINT('',(-7.7,-0.624999947,1.276854957));
#2211=CARTESIAN_POINT('',(-7.699974019,-0.624999947,1.276857219));
#2212=CARTESIAN_POINT('',(-7.699948038,-0.624999945,1.276859482));
#2213=CARTESIAN_POINT('',(-7.699922057,-0.624999942,1.276861744));
#2214=CARTESIAN_POINT('',(-7.589600707,-0.624986184,1.28646898));
#2215=CARTESIAN_POINT('',(-7.483040585,-0.596426198,1.296414762));
#2216=CARTESIAN_POINT('',(-7.387500027,-0.541265831,1.306021623));
#2217=CARTESIAN_POINT('',(-7.387477527,-0.54125284,1.306023885));
#2218=CARTESIAN_POINT('',(-7.387455027,-0.541239848,1.306026148));
#2219=CARTESIAN_POINT('',(-7.387432528,-0.541226855,1.30602841));
#2220=CARTESIAN_POINT('',(-7.291898315,-0.486054265,1.315635647));
#2221=CARTESIAN_POINT('',(-7.213894536,-0.408040531,1.325581429));
#2222=CARTESIAN_POINT('',(-7.158734169,-0.312499973,1.33518829));
#2223=CARTESIAN_POINT('',(-7.158721179,-0.312477473,1.335190552));
#2224=CARTESIAN_POINT('',(-7.15870819,-0.312454972,1.335192815));
#2225=CARTESIAN_POINT('',(-7.158695202,-0.31243247,1.335195077));
#2226=CARTESIAN_POINT('',(-7.103546441,-0.216884499,1.344802313));
#2227=CARTESIAN_POINT('',(-7.075000053,-0.110320733,1.354748095));
#2228=CARTESIAN_POINT('',(-7.075000053,0.,1.364354957));
#2229=CARTESIAN_POINT('',(-7.075000053,0.000025981,1.364357219));
#2230=CARTESIAN_POINT('',(-7.075000055,0.000051962,1.364359482));
#2231=CARTESIAN_POINT('',(-7.075000058,0.000077943,1.364361744));
#2232=CARTESIAN_POINT('',(-7.075013816,0.110399293,1.37396898));
#2233=CARTESIAN_POINT('',(-7.103573802,0.216959415,1.383914762));
#2234=CARTESIAN_POINT('',(-7.158734169,0.312499973,1.393521623));
#2235=CARTESIAN_POINT('',(-7.15874716,0.312522473,1.393523885));
#2236=CARTESIAN_POINT('',(-7.158760152,0.312544973,1.393526148));
#2237=CARTESIAN_POINT('',(-7.158773145,0.312567472,1.39352841));
#2238=CARTESIAN_POINT('',(-7.213945735,0.408101685,1.403135647));
#2239=CARTESIAN_POINT('',(-7.291959469,0.486105464,1.413081429));
#2240=CARTESIAN_POINT('',(-7.387500027,0.541265831,1.42268829));
#2241=CARTESIAN_POINT('',(-7.387522527,0.541278821,1.422690552));
#2242=CARTESIAN_POINT('',(-7.387545028,0.54129181,1.422692815));
#2243=CARTESIAN_POINT('',(-7.38756753,0.541304798,1.422695077));
#2244=CARTESIAN_POINT('',(-7.483115501,0.596453559,1.432302313));
#2245=CARTESIAN_POINT('',(-7.589679267,0.624999947,1.442248095));
#2246=CARTESIAN_POINT('',(-7.7,0.624999947,1.451854957));
#2247=CARTESIAN_POINT('',(-7.700025981,0.624999947,1.451857219));
#2248=CARTESIAN_POINT('',(-7.700051962,0.624999945,1.451859482));
#2249=CARTESIAN_POINT('',(-7.700077943,0.624999942,1.451861744));
#2250=CARTESIAN_POINT('',(-7.810399293,0.624986184,1.46146898));
#2251=CARTESIAN_POINT('',(-7.916959415,0.596426198,1.471414762));
#2252=CARTESIAN_POINT('',(-8.012499973,0.541265831,1.481021623));
#2253=CARTESIAN_POINT('',(-8.012522473,0.54125284,1.481023885));
#2254=CARTESIAN_POINT('',(-8.012544973,0.541239848,1.481026148));
#2255=CARTESIAN_POINT('',(-8.012567472,0.541226855,1.48102841));
#2256=CARTESIAN_POINT('',(-8.108101685,0.486054265,1.490635647));
#2257=CARTESIAN_POINT('',(-8.186105464,0.408040531,1.500581429));
#2258=CARTESIAN_POINT('',(-8.241265831,0.312499973,1.51018829));
#2259=CARTESIAN_POINT('',(-8.241278821,0.312477473,1.510190552));
#2260=CARTESIAN_POINT('',(-8.24129181,0.312454972,1.510192815));
#2261=CARTESIAN_POINT('',(-8.241304798,0.31243247,1.510195077));
#2262=CARTESIAN_POINT('',(-8.296453559,0.216884499,1.519802313));
#2263=CARTESIAN_POINT('',(-8.324999947,0.110320733,1.529748095));
#2264=CARTESIAN_POINT('',(-8.324999947,0.,1.539354957));
#2265=CARTESIAN_POINT('',(-8.324999947,-0.000025981,1.539357219));
#2266=CARTESIAN_POINT('',(-8.324999945,-0.000051962,1.539359482));
#2267=CARTESIAN_POINT('',(-8.324999942,-0.000077943,1.539361744));
#2268=CARTESIAN_POINT('',(-8.324986184,-0.110399293,1.54896898));
#2269=CARTESIAN_POINT('',(-8.296426198,-0.216959415,1.558914762));
#2270=CARTESIAN_POINT('',(-8.241265831,-0.312499973,1.568521623));
#2271=CARTESIAN_POINT('',(-8.24125284,-0.312522473,1.568523885));
#2272=CARTESIAN_POINT('',(-8.241239848,-0.312544973,1.568526148));
#2273=CARTESIAN_POINT('',(-8.241226855,-0.312567472,1.56852841));
#2274=CARTESIAN_POINT('',(-8.186054265,-0.408101685,1.578135647));
#2275=CARTESIAN_POINT('',(-8.108040531,-0.486105464,1.588081429));
#2276=CARTESIAN_POINT('',(-8.012499973,-0.541265831,1.59768829));
#2277=CARTESIAN_POINT('',(-8.012477473,-0.541278821,1.597690552));
#2278=CARTESIAN_POINT('',(-8.012454972,-0.54129181,1.597692815));
#2279=CARTESIAN_POINT('',(-8.01243247,-0.541304798,1.597695077));
#2280=CARTESIAN_POINT('',(-7.916884499,-0.596453559,1.607302313));
#2281=CARTESIAN_POINT('',(-7.810320733,-0.624999947,1.617248095));
#2282=CARTESIAN_POINT('',(-7.7,-0.624999947,1.626854957));
#2283=CARTESIAN_POINT('',(-7.699974019,-0.624999947,1.626857219));
#2284=CARTESIAN_POINT('',(-7.699948038,-0.624999945,1.626859482));
#2285=CARTESIAN_POINT('',(-7.699922057,-0.624999942,1.626861744));
#2286=CARTESIAN_POINT('',(-7.589600707,-0.624986184,1.63646898));
#2287=CARTESIAN_POINT('',(-7.483040585,-0.596426198,1.646414762));
#2288=CARTESIAN_POINT('',(-7.387500027,-0.541265831,1.656021623));
#2289=CARTESIAN_POINT('',(-7.387477527,-0.54125284,1.656023885));
#2290=CARTESIAN_POINT('',(-7.387455027,-0.541239848,1.656026148));
#2291=CARTESIAN_POINT('',(-7.387432528,-0.541226855,1.65602841));
#2292=CARTESIAN_POINT('',(-7.291898315,-0.486054265,1.665635647));
#2293=CARTESIAN_POINT('',(-7.213894536,-0.408040531,1.675581429));
#2294=CARTESIAN_POINT('',(-7.158734169,-0.312499973,1.68518829));
#2295=CARTESIAN_POINT('',(-7.158721179,-0.312477473,1.685190552));
#2296=CARTESIAN_POINT('',(-7.15870819,-0.312454972,1.685192815));
#2297=CARTESIAN_POINT('',(-7.158695202,-0.31243247,1.685195077));
#2298=CARTESIAN_POINT('',(-7.103546441,-0.216884499,1.694802313));
#2299=CARTESIAN_POINT('',(-7.075000053,-0.110320733,1.704748095));
#2300=CARTESIAN_POINT('',(-7.075000053,0.,1.714354957));
#2301=CARTESIAN_POINT('',(-7.075000053,0.000025981,1.714357219));
#2302=CARTESIAN_POINT('',(-7.075000055,0.000051962,1.714359482));
#2303=CARTESIAN_POINT('',(-7.075000058,0.000077943,1.714361744));
#2304=CARTESIAN_POINT('',(-7.075013816,0.110399293,1.72396898));
#2305=CARTESIAN_POINT('',(-7.103573802,0.216959415,1.733914762));
#2306=CARTESIAN_POINT('',(-7.158734169,0.312499973,1.743521623));
#2307=CARTESIAN_POINT('',(-7.15874716,0.312522473,1.743523885));
#2308=CARTESIAN_POINT('',(-7.158760152,0.312544973,1.743526148));
#2309=CARTESIAN_POINT('',(-7.158773145,0.312567472,1.74352841));
#2310=CARTESIAN_POINT('',(-7.213945735,0.408101685,1.753135647));
#2311=CARTESIAN_POINT('',(-7.291959469,0.486105464,1.763081429));
#2312=CARTESIAN_POINT('',(-7.387500027,0.541265831,1.77268829));
#2313=CARTESIAN_POINT('',(-7.387522527,0.541278821,1.772690552));
#2314=CARTESIAN_POINT('',(-7.387545028,0.54129181,1.772692815));
#2315=CARTESIAN_POINT('',(-7.38756753,0.541304798,1.772695077));
#2316=CARTESIAN_POINT('',(-7.483115501,0.596453559,1.782302313));
#2317=CARTESIAN_POINT('',(-7.589679267,0.624999947,1.792248095));
#2318=CARTESIAN_POINT('',(-7.7,0.624999947,1.801854957));
#2319=CARTESIAN_POINT('',(-7.700025981,0.624999947,1.801857219));
#2320=CARTESIAN_POINT('',(-7.700051962,0.624999945,1.801859482));
#2321=CARTESIAN_POINT('',(-7.700077943,0.624999942,1.801861744));
#2322=CARTESIAN_POINT('',(-7.810399293,0.624986184,1.81146898));
#2323=CARTESIAN_POINT('',(-7.916959415,0.596426198,1.821414762));
#2324=CARTESIAN_POINT('',(-8.012499973,0.541265831,1.831021623));
#2325=CARTESIAN_POINT('',(-8.012522473,0.54125284,1.831023885));
#2326=CARTESIAN_POINT('',(-8.012544973,0.541239848,1.831026148));
#2327=CARTESIAN_POINT('',(-8.012567472,0.541226855,1.83102841));
#2328=CARTESIAN_POINT('',(-8.108101685,0.486054265,1.840635647));
#2329=CARTESIAN_POINT('',(-8.186105464,0.408040531,1.850581429));
#2330=CARTESIAN_POINT('',(-8.241265831,0.312499973,1.86018829));
#2331=CARTESIAN_POINT('',(-8.241278821,0.312477473,1.860190552));
#2332=CARTESIAN_POINT('',(-8.24129181,0.312454972,1.860192815));
#2333=CARTESIAN_POINT('',(-8.241304798,0.31243247,1.860195077));
#2334=CARTESIAN_POINT('',(-8.296453559,0.216884499,1.869802313));
#2335=CARTESIAN_POINT('',(-8.324999947,0.110320733,1.879748095));
#2336=CARTESIAN_POINT('',(-8.324999947,0.,1.889354957));
#2337=CARTESIAN_POINT('',(-8.324999947,-0.000025981,1.889357219));
#2338=CARTESIAN_POINT('',(-8.324999945,-0.000051962,1.889359482));
#2339=CARTESIAN_POINT('',(-8.324999942,-0.000077943,1.889361744));
#2340=CARTESIAN_POINT('',(-8.324986184,-0.110399293,1.89896898));
#2341=CARTESIAN_POINT('',(-8.296426198,-0.216959415,1.908914762));
#2342=CARTESIAN_POINT('',(-8.241265831,-0.312499973,1.918521623));
#2343=CARTESIAN_POINT('',(-8.24125284,-0.312522473,1.918523885));
#2344=CARTESIAN_POINT('',(-8.241239848,-0.312544973,1.918526148));
#2345=CARTESIAN_POINT('',(-8.241226855,-0.312567472,1.91852841));
#2346=CARTESIAN_POINT('',(-8.186054265,-0.408101685,1.928135647));
#2347=CARTESIAN_POINT('',(-8.108040531,-0.486105464,1.938081429));
#2348=CARTESIAN_POINT('',(-8.012499973,-0.541265831,1.94768829));
#2349=CARTESIAN_POINT('',(-8.012477473,-0.541278821,1.947690552));
#2350=CARTESIAN_POINT('',(-8.012454972,-0.54129181,1.947692815));
#2351=CARTESIAN_POINT('',(-8.01243247,-0.541304798,1.947695077));
#2352=CARTESIAN_POINT('',(-7.916884499,-0.596453559,1.957302313));
#2353=CARTESIAN_POINT('',(-7.810320733,-0.624999947,1.967248095));
#2354=CARTESIAN_POINT('',(-7.7,-0.624999947,1.976854957));
#2355=CARTESIAN_POINT('',(-7.699974019,-0.624999947,1.976857219));
#2356=CARTESIAN_POINT('',(-7.699948038,-0.624999945,1.976859482));
#2357=CARTESIAN_POINT('',(-7.699922057,-0.624999942,1.976861744));
#2358=CARTESIAN_POINT('',(-7.589600707,-0.624986184,1.98646898));
#2359=CARTESIAN_POINT('',(-7.483040585,-0.596426198,1.996414762));
#2360=CARTESIAN_POINT('',(-7.387500027,-0.541265831,2.006021623));
#2361=CARTESIAN_POINT('',(-7.387477527,-0.54125284,2.006023885));
#2362=CARTESIAN_POINT('',(-7.387455027,-0.541239848,2.006026148));
#2363=CARTESIAN_POINT('',(-7.387432528,-0.541226855,2.00602841));
#2364=CARTESIAN_POINT('',(-7.291898315,-0.486054265,2.015635647));
#2365=CARTESIAN_POINT('',(-7.213894536,-0.408040531,2.025581429));
#2366=CARTESIAN_POINT('',(-7.158734169,-0.312499973,2.03518829));
#2367=CARTESIAN_POINT('',(-7.158721179,-0.312477473,2.035190552));
#2368=CARTESIAN_POINT('',(-7.15870819,-0.312454972,2.035192815));
#2369=CARTESIAN_POINT('',(-7.158695202,-0.31243247,2.035195077));
#2370=CARTESIAN_POINT('',(-7.103546441,-0.216884499,2.044802313));
#2371=CARTESIAN_POINT('',(-7.075000053,-0.110320733,2.054748095));
#2372=CARTESIAN_POINT('',(-7.075000053,0.,2.064354957));
#2373=CARTESIAN_POINT('',(-7.075000053,0.000025981,2.064357219));
#2374=CARTESIAN_POINT('',(-7.075000055,0.000051962,2.064359482));
#2375=CARTESIAN_POINT('',(-7.075000058,0.000077943,2.064361744));
#2376=CARTESIAN_POINT('',(-7.075013816,0.110399293,2.07396898));
#2377=CARTESIAN_POINT('',(-7.103573802,0.216959415,2.083914762));
#2378=CARTESIAN_POINT('',(-7.158734169,0.312499973,2.093521623));
#2379=CARTESIAN_POINT('',(-7.15874716,0.312522473,2.093523885));
#2380=CARTESIAN_POINT('',(-7.158760152,0.312544973,2.093526148));
#2381=CARTESIAN_POINT('',(-7.158773145,0.312567472,2.09352841));
#2382=CARTESIAN_POINT('',(-7.213945735,0.408101685,2.103135647));
#2383=CARTESIAN_POINT('',(-7.291959469,0.486105464,2.113081429));
#2384=CARTESIAN_POINT('',(-7.387500027,0.541265831,2.12268829));
#2385=CARTESIAN_POINT('',(-7.387522527,0.541278821,2.122690552));
#2386=CARTESIAN_POINT('',(-7.387545028,0.54129181,2.122692815));
#2387=CARTESIAN_POINT('',(-7.38756753,0.541304798,2.122695077));
#2388=CARTESIAN_POINT('',(-7.483115501,0.596453559,2.132302313));
#2389=CARTESIAN_POINT('',(-7.589679267,0.624999947,2.142248095));
#2390=CARTESIAN_POINT('',(-7.7,0.624999947,2.151854957));
#2391=CARTESIAN_POINT('',(-7.700025981,0.624999947,2.151857219));
#2392=CARTESIAN_POINT('',(-7.700051962,0.624999945,2.151859482));
#2393=CARTESIAN_POINT('',(-7.700077943,0.624999942,2.151861744));
#2394=CARTESIAN_POINT('',(-7.810399293,0.624986184,2.16146898));
#2395=CARTESIAN_POINT('',(-7.916959415,0.596426198,2.171414762));
#2396=CARTESIAN_POINT('',(-8.012499973,0.541265831,2.181021623));
#2397=CARTESIAN_POINT('',(-8.012522473,0.54125284,2.181023885));
#2398=CARTESIAN_POINT('',(-8.012544973,0.541239848,2.181026148));
#2399=CARTESIAN_POINT('',(-8.012567472,0.541226855,2.18102841));
#2400=CARTESIAN_POINT('',(-8.108101685,0.486054265,2.190635647));
#2401=CARTESIAN_POINT('',(-8.186105464,0.408040531,2.200581429));
#2402=CARTESIAN_POINT('',(-8.241265831,0.312499973,2.21018829));
#2403=CARTESIAN_POINT('',(-8.241278821,0.312477473,2.210190552));
#2404=CARTESIAN_POINT('',(-8.24129181,0.312454972,2.210192815));
#2405=CARTESIAN_POINT('',(-8.241304798,0.31243247,2.210195077));
#2406=CARTESIAN_POINT('',(-8.296453559,0.216884499,2.219802313));
#2407=CARTESIAN_POINT('',(-8.324999947,0.110320733,2.229748095));
#2408=CARTESIAN_POINT('',(-8.324999947,0.,2.239354957));
#2409=CARTESIAN_POINT('',(-8.324999947,-0.000025981,2.239357219));
#2410=CARTESIAN_POINT('',(-8.324999945,-0.000051962,2.239359482));
#2411=CARTESIAN_POINT('',(-8.324999942,-0.000077943,2.239361744));
#2412=CARTESIAN_POINT('',(-8.324986184,-0.110399293,2.24896898));
#2413=CARTESIAN_POINT('',(-8.296426198,-0.216959415,2.258914762));
#2414=CARTESIAN_POINT('',(-8.241265831,-0.312499973,2.268521623));
#2415=CARTESIAN_POINT('',(-8.24125284,-0.312522473,2.268523885));
#2416=CARTESIAN_POINT('',(-8.241239848,-0.312544973,2.268526148));
#2417=CARTESIAN_POINT('',(-8.241226855,-0.312567472,2.26852841));
#2418=CARTESIAN_POINT('',(-8.186054265,-0.408101685,2.278135647));
#2419=CARTESIAN_POINT('',(-8.108040531,-0.486105464,2.288081429));
#2420=CARTESIAN_POINT('',(-8.012499973,-0.541265831,2.29768829));
#2421=CARTESIAN_POINT('',(-8.012477473,-0.541278821,2.297690552));
#2422=CARTESIAN_POINT('',(-8.012454972,-0.54129181,2.297692815));
#2423=CARTESIAN_POINT('',(-8.01243247,-0.541304798,2.297695077));
#2424=CARTESIAN_POINT('',(-8.002205031,-0.547207913,2.298723434));
#2425=CARTESIAN_POINT('',(-7.991803069,-0.552825442,2.299760325));
#2426=CARTESIAN_POINT('',(-7.981233934,-0.558150883,2.300804958));
#2427=(BOUNDED_SURFACE()
B_SPLINE_SURFACE(1,3,((#1547,#1548,#1549,#1550,#1551,#1552,#1553,#1554,#1555,#1556,#1557,#1558,#1559,#1560,#1561,#1562,#1563,#1564,#1565,#1566,#1567,#1568,#1569,#1570,#1571,#1572,
#1573,#1574,#1575,#1576,#1577,#1578,#1579,#1580,#1581,#1582,#1583,#1584,#1585,#1586,#1587,#1588,#1589,#1590,#1591,#1592,#1593,#1594,#1595,#1596,#1597,
#1598,#1599,#1600,#1601,#1602,#1603,#1604,#1605,#1606,#1607,#1608,#1609,#1610,#1611,#1612,#1613,#1614,#1615,#1616,#1617,#1618,#1619,#1620,#1621,#1622,
#1623,#1624,#1625,#1626,#1627,#1628,#1629,#1630,#1631,#1632,#1633,#1634,#1635,#1636,#1637,#1638,#1639,#1640,#1641,#1642,#1643,#1644,#1645,#1646,#1647,
#1648,#1649,#1650,#1651,#1652,#1653,#1654,#1655,#1656,#1657,#1658,#1659,#1660,#1661,#1662,#1663,#1664,#1665,#1666,#1667,#1668,#1669,#1670,#1671,#1672,
#1673,#1674,#1675,#1676,#1677,#1678,#1679,#1680,#1681,#1682,#1683,#1684,#1685,#1686,#1687,#1688,#1689,#1690,#1691,#1692,#1693,#1694,#1695,#1696,#1697,
#1698,#1699,#1700,#1701,#1702,#1703,#1704,#1705,#1706,#1707,#1708,#1709,#1710,#1711,#1712,#1713,#1714,#1715,#1716,#1717,#1718,#1719,#1720,#1721,#1722,
#1723,#1724,#1725,#1726,#1727,#1728,#1729,#1730,#1731,#1732,#1733,#1734,#1735,#1736,#1737,#1738,#1739,#1740,#1741,#1742,#1743,#1744,#1745,#1746,#1747,
#1748,#1749,#1750,#1751,#1752,#1753,#1754,#1755,#1756,#1757,#1758,#1759,#1760,#1761,#1762,#1763,#1764,#1765,#1766),(#1767,#1768,#1769,#1770,#1771,#1772,#1773,#1774,#1775,#1776,#1777,#1778,#1779,#1780,#1781,#1782,#1783,#1784,#1785,#1786,#1787,#1788,#1789,#1790,#1791,#1792,
#1793,#1794,#1795,#1796,#1797,#1798,#1799,#1800,#1801,#1802,#1803,#1804,#1805,#1806,#1807,#1808,#1809,#1810,#1811,#1812,#1813,#1814,#1815,#1816,#1817,
#1818,#1819,#1820,#1821,#1822,#1823,#1824,#1825,#1826,#1827,#1828,#1829,#1830,#1831,#1832,#1833,#1834,#1835,#1836,#1837,#1838,#1839,#1840,#1841,#1842,
#1843,#1844,#1845,#1846,#1847,#1848,#1849,#1850,#1851,#1852,#1853,#1854,#1855,#1856,#1857,#1858,#1859,#1860,#1861,#1862,#1863,#1864,#1865,#1866,#1867,
#1868,#1869,#1870,#1871,#1872,#1873,#1874,#1875,#1876,#1877,#1878,#1879,#1880,#1881,#1882,#1883,#1884,#1885,#1886,#1887,#1888,#1889,#1890,#1891,#1892,
#1893,#1894,#1895,#1896,#1897,#1898,#1899,#1900,#1901,#1902,#1903,#1904,#1905,#1906,#1907,#1908,#1909,#1910,#1911,#1912,#1913,#1914,#1915,#1916,#1917,
#1918,#1919,#1920,#1921,#1922,#1923,#1924,#1925,#1926,#1927,#1928,#1929,#1930,#1931,#1932,#1933,#1934,#1935,#1936,#1937,#1938,#1939,#1940,#1941,#1942,
#1943,#1944,#1945,#1946,#1947,#1948,#1949,#1950,#1951,#1952,#1953,#1954,#1955,#1956,#1957,#1958,#1959,#1960,#1961,#1962,#1963,#1964,#1965,#1966,#1967,
#1968,#1969,#1970,#1971,#1972,#1973,#1974,#1975,#1976,#1977,#1978,#1979,#1980,#1981,#1982,#1983,#1984,#1985,#1986),(#1987,#1988,#1989,#1990,#1991,#1992,#1993,#1994,#1995,#1996,#1997,#1998,#1999,#2000,#2001,#2002,#2003,#2004,#2005,#2006,#2007,#2008,#2009,#2010,#2011,#2012,
#2013,#2014,#2015,#2016,#2017,#2018,#2019,#2020,#2021,#2022,#2023,#2024,#2025,#2026,#2027,#2028,#2029,#2030,#2031,#2032,#2033,#2034,#2035,#2036,#2037,
#2038,#2039,#2040,#2041,#2042,#2043,#2044,#2045,#2046,#2047,#2048,#2049,#2050,#2051,#2052,#2053,#2054,#2055,#2056,#2057,#2058,#2059,#2060,#2061,#2062,
#2063,#2064,#2065,#2066,#2067,#2068,#2069,#2070,#2071,#2072,#2073,#2074,#2075,#2076,#2077,#2078,#2079,#2080,#2081,#2082,#2083,#2084,#2085,#2086,#2087,
#2088,#2089,#2090,#2091,#2092,#2093,#2094,#2095,#2096,#2097,#2098,#2099,#2100,#2101,#2102,#2103,#2104,#2105,#2106,#2107,#2108,#2109,#2110,#2111,#2112,
#2113,#2114,#2115,#2116,#2117,#2118,#2119,#2120,#2121,#2122,#2123,#2124,#2125,#2126,#2127,#2128,#2129,#2130,#2131,#2132,#2133,#2134,#2135,#2136,#2137,
#2138,#2139,#2140,#2141,#2142,#2143,#2144,#2145,#2146,#2147,#2148,#2149,#2150,#2151,#2152,#2153,#2154,#2155,#2156,#2157,#2158,#2159,#2160,#2161,#2162,
#2163,#2164,#2165,#2166,#2167,#2168,#2169,#2170,#2171,#2172,#2173,#2174,#2175,#2176,#2177,#2178,#2179,#2180,#2181,#2182,#2183,#2184,#2185,#2186,#2187,
#2188,#2189,#2190,#2191,#2192,#2193,#2194,#2195,#2196,#2197,#2198,#2199,#2200,#2201,#2202,#2203,#2204,#2205,#2206),(#2207,#2208,#2209,#2210,#2211,#2212,#2213,#2214,#2215,#2216,#2217,#2218,#2219,#2220,#2221,#2222,#2223,#2224,#2225,#2226,#2227,#2228,#2229,#2230,#2231,#2232,
#2233,#2234,#2235,#2236,#2237,#2238,#2239,#2240,#2241,#2242,#2243,#2244,#2245,#2246,#2247,#2248,#2249,#2250,#2251,#2252,#2253,#2254,#2255,#2256,#2257,
#2258,#2259,#2260,#2261,#2262,#2263,#2264,#2265,#2266,#2267,#2268,#2269,#2270,#2271,#2272,#2273,#2274,#2275,#2276,#2277,#2278,#2279,#2280,#2281,#2282,
#2283,#2284,#2285,#2286,#2287,#2288,#2289,#2290,#2291,#2292,#2293,#2294,#2295,#2296,#2297,#2298,#2299,#2300,#2301,#2302,#2303,#2304,#2305,#2306,#2307,
#2308,#2309,#2310,#2311,#2312,#2313,#2314,#2315,#2316,#2317,#2318,#2319,#2320,#2321,#2322,#2323,#2324,#2325,#2326,#2327,#2328,#2329,#2330,#2331,#2332,
#2333,#2334,#2335,#2336,#2337,#2338,#2339,#2340,#2341,#2342,#2343,#2344,#2345,#2346,#2347,#2348,#2349,#2350,#2351,#2352,#2353,#2354,#2355,#2356,#2357,
#2358,#2359,#2360,#2361,#2362,#2363,#2364,#2365,#2366,#2367,#2368,#2369,#2370,#2371,#2372,#2373,#2374,#2375,#2376,#2377,#2378,#2379,#2380,#2381,#2382,
#2383,#2384,#2385,#2386,#2387,#2388,#2389,#2390,#2391,#2392,#2393,#2394,#2395,#2396,#2397,#2398,#2399,#2400,#2401,#2402,#2403,#2404,#2405,#2406,#2407,
#2408,#2409,#2410,#2411,#2412,#2413,#2414,#2415,#2416,#2417,#2418,#2419,#2420,#2421,#2422,#2423,#2424,#2425,#2426)),.UNSPECIFIED.,.F.,.F.,.U.)
B_SPLINE_SURFACE_WITH_KNOTS((2,1,1,2),(4,3,3,3,3,3,3,3,3,3,3,3,3,3,3,3,3,3,3,3,3,3,3,3,3,3,
3,3,3,3,3,3,3,3,3,3,3,3,3,3,3,3,3,3,3,3,3,3,3,3,3,
3,3,3,3,3,3,3,3,3,3,3,3,3,3,3,3,3,3,3,3,3,3,4),(-0.000275925,0.,0.999999999,1.000000304),(0.802886178,0.805555556,0.805556671,0.810185185,0.8101863,0.814814815,0.81481593,0.819444444,0.819445559,0.824074074,0.824075189,0.828703704,0.828704819,0.833333333,0.833334448,0.837962963,0.837964078,0.842592593,0.842593708,0.847222222,0.847223337,0.851851852,0.851852967,0.856481481,0.856482596,0.861111111,
0.861112226,0.865740741,0.865741856,0.87037037,0.870371485,0.875,0.875001115,0.87962963,0.879630745,0.884259259,0.884260374,0.888888889,0.888890004,0.893518519,0.893519634,0.898148148,0.898149263,0.902777778,0.902778893,0.907407407,0.907408522,0.912037037,0.912038152,0.916666667,0.916667782,
0.921296296,0.921297411,0.925925926,0.925927041,0.930555556,0.930556671,0.935185185,0.9351863,0.939814815,0.93981593,0.944444444,0.944445559,0.949074074,0.949075189,0.953703704,0.953704819,0.958333333,0.958334448,0.962962963,0.962964078,0.967592593,0.967593708,0.968099394),.UNSPECIFIED.)
GEOMETRIC_REPRESENTATION_ITEM()
RATIONAL_B_SPLINE_SURFACE(((0.983362627,0.981356425,0.986902216,1.,0.999994527,0.999989056,0.999983586,0.977283885,0.977289357,1.,0.999994527,0.999989056,0.999983586,0.977283885,0.977289357,1.,0.999994527,0.999989056,0.999983586,0.977283885,0.977289357,1.,0.999994527,0.999989056,0.999983586,0.977283885,
0.977289357,1.,0.999994527,0.999989056,0.999983586,0.977283885,0.977289357,1.,0.999994527,0.999989056,0.999983586,0.977283885,0.977289357,1.,0.999994527,0.999989056,0.999983586,0.977283885,0.977289357,1.,0.999994527,0.999989056,0.999983586,0.977283885,0.977289357,
1.,0.999994527,0.999989056,0.999983586,0.977283885,0.977289357,1.,0.999994527,0.999989056,0.999983586,0.977283885,0.977289357,1.,0.999994527,0.999989056,0.999983586,0.977283885,0.977289357,1.,0.999994527,0.999989056,0.999983586,0.977283885,0.977289357,1.,
0.999994527,0.999989056,0.999983586,0.977283885,0.977289357,1.,0.999994527,0.999989056,0.999983586,0.977283885,0.977289357,1.,0.999994527,0.999989056,0.999983586,0.977283885,0.977289357,1.,0.999994527,0.999989056,0.999983586,0.977283885,0.977289357,1.,0.999994527,
0.999989056,0.999983586,0.977283885,0.977289357,1.,0.999994527,0.999989056,0.999983586,0.977283885,0.977289357,1.,0.999994527,0.999989056,0.999983586,0.977283885,0.977289357,1.,0.999994527,0.999989056,0.999983586,0.977283885,0.977289357,1.,0.999994527,0.999989056,
0.999983586,0.977283885,0.977289357,1.,0.999994527,0.999989056,0.999983586,0.977283885,0.977289357,1.,0.999994527,0.999989056,0.999983586,0.977283885,0.977289357,1.,0.999994527,0.999989056,0.999983586,0.977283885,0.977289357,1.,0.999994527,0.999989056,0.999983586,
0.977283885,0.977289357,1.,0.999994527,0.999989056,0.999983586,0.977283885,0.977289357,1.,0.999994527,0.999989056,0.999983586,0.977283885,0.977289357,1.,0.999994527,0.999989056,0.999983586,0.977283885,0.977289357,1.,0.999994527,0.999989056,0.999983586,0.977283885,
0.977289357,1.,0.999994527,0.999989056,0.999983586,0.977283885,0.977289357,1.,0.999994527,0.999989056,0.999983586,0.977283885,0.977289357,1.,0.999994527,0.999989056,0.999983586,0.977283885,0.977289357,1.,0.999994527,0.999989056,0.999983586,0.977283885,0.977289357,
1.,0.999994527,0.999989056,0.999983586,0.977283885,0.977289357,1.,0.999994527,0.999989056,0.999983586,0.977283885,0.977289357,1.,0.999994527,0.999989056,0.999983586,0.997503543,0.99529452,0.993356519),(0.983362627,0.981356425,0.986902216,1.,0.999994527,0.999989056,0.999983586,0.977283885,0.977289357,1.,0.999994527,0.999989056,0.999983586,0.977283885,0.977289357,1.,0.999994527,0.999989056,0.999983586,0.977283885,0.977289357,1.,0.999994527,0.999989056,0.999983586,0.977283885,
0.977289357,1.,0.999994527,0.999989056,0.999983586,0.977283885,0.977289357,1.,0.999994527,0.999989056,0.999983586,0.977283885,0.977289357,1.,0.999994527,0.999989056,0.999983586,0.977283885,0.977289357,1.,0.999994527,0.999989056,0.999983586,0.977283885,0.977289357,
1.,0.999994527,0.999989056,0.999983586,0.977283885,0.977289357,1.,0.999994527,0.999989056,0.999983586,0.977283885,0.977289357,1.,0.999994527,0.999989056,0.999983586,0.977283885,0.977289357,1.,0.999994527,0.999989056,0.999983586,0.977283885,0.977289357,1.,
0.999994527,0.999989056,0.999983586,0.977283885,0.977289357,1.,0.999994527,0.999989056,0.999983586,0.977283885,0.977289357,1.,0.999994527,0.999989056,0.999983586,0.977283885,0.977289357,1.,0.999994527,0.999989056,0.999983586,0.977283885,0.977289357,1.,0.999994527,
0.999989056,0.999983586,0.977283885,0.977289357,1.,0.999994527,0.999989056,0.999983586,0.977283885,0.977289357,1.,0.999994527,0.999989056,0.999983586,0.977283885,0.977289357,1.,0.999994527,0.999989056,0.999983586,0.977283885,0.977289357,1.,0.999994527,0.999989056,
0.999983586,0.977283885,0.977289357,1.,0.999994527,0.999989056,0.999983586,0.977283885,0.977289357,1.,0.999994527,0.999989056,0.999983586,0.977283885,0.977289357,1.,0.999994527,0.999989056,0.999983586,0.977283885,0.977289357,1.,0.999994527,0.999989056,0.999983586,
0.977283885,0.977289357,1.,0.999994527,0.999989056,0.999983586,0.977283885,0.977289357,1.,0.999994527,0.999989056,0.999983586,0.977283885,0.977289357,1.,0.999994527,0.999989056,0.999983586,0.977283885,0.977289357,1.,0.999994527,0.999989056,0.999983586,0.977283885,
0.977289357,1.,0.999994527,0.999989056,0.999983586,0.977283885,0.977289357,1.,0.999994527,0.999989056,0.999983586,0.977283885,0.977289357,1.,0.999994527,0.999989056,0.999983586,0.977283885,0.977289357,1.,0.999994527,0.999989056,0.999983586,0.977283885,0.977289357,
1.,0.999994527,0.999989056,0.999983586,0.977283885,0.977289357,1.,0.999994527,0.999989056,0.999983586,0.977283885,0.977289357,1.,0.999994527,0.999989056,0.999983586,0.997503543,0.99529452,0.993356519),(0.983362627,0.981356425,0.986902216,1.,0.999994527,0.999989056,0.999983586,0.977283885,0.977289357,1.,0.999994527,0.999989056,0.999983586,0.977283885,0.977289357,1.,0.999994527,0.999989056,0.999983586,0.977283885,0.977289357,1.,0.999994527,0.999989056,0.999983586,0.977283885,
0.977289357,1.,0.999994527,0.999989056,0.999983586,0.977283885,0.977289357,1.,0.999994527,0.999989056,0.999983586,0.977283885,0.977289357,1.,0.999994527,0.999989056,0.999983586,0.977283885,0.977289357,1.,0.999994527,0.999989056,0.999983586,0.977283885,0.977289357,
1.,0.999994527,0.999989056,0.999983586,0.977283885,0.977289357,1.,0.999994527,0.999989056,0.999983586,0.977283885,0.977289357,1.,0.999994527,0.999989056,0.999983586,0.977283885,0.977289357,1.,0.999994527,0.999989056,0.999983586,0.977283885,0.977289357,1.,
0.999994527,0.999989056,0.999983586,0.977283885,0.977289357,1.,0.999994527,0.999989056,0.999983586,0.977283885,0.977289357,1.,0.999994527,0.999989056,0.999983586,0.977283885,0.977289357,1.,0.999994527,0.999989056,0.999983586,0.977283885,0.977289357,1.,0.999994527,
0.999989056,0.999983586,0.977283885,0.977289357,1.,0.999994527,0.999989056,0.999983586,0.977283885,0.977289357,1.,0.999994527,0.999989056,0.999983586,0.977283885,0.977289357,1.,0.999994527,0.999989056,0.999983586,0.977283885,0.977289357,1.,0.999994527,0.999989056,
0.999983586,0.977283885,0.977289357,1.,0.999994527,0.999989056,0.999983586,0.977283885,0.977289357,1.,0.999994527,0.999989056,0.999983586,0.977283885,0.977289357,1.,0.999994527,0.999989056,0.999983586,0.977283885,0.977289357,1.,0.999994527,0.999989056,0.999983586,
0.977283885,0.977289357,1.,0.999994527,0.999989056,0.999983586,0.977283885,0.977289357,1.,0.999994527,0.999989056,0.999983586,0.977283885,0.977289357,1.,0.999994527,0.999989056,0.999983586,0.977283885,0.977289357,1.,0.999994527,0.999989056,0.999983586,0.977283885,
0.977289357,1.,0.999994527,0.999989056,0.999983586,0.977283885,0.977289357,1.,0.999994527,0.999989056,0.999983586,0.977283885,0.977289357,1.,0.999994527,0.999989056,0.999983586,0.977283885,0.977289357,1.,0.999994527,0.999989056,0.999983586,0.977283885,0.977289357,
1.,0.999994527,0.999989056,0.999983586,0.977283885,0.977289357,1.,0.999994527,0.999989056,0.999983586,0.977283885,0.977289357,1.,0.999994527,0.999989056,0.999983586,0.997503543,0.99529452,0.993356519),(0.983362627,0.981356425,0.986902216,1.,0.999994527,0.999989056,0.999983586,0.977283885,0.977289357,1.,0.999994527,0.999989056,0.999983586,0.977283885,0.977289357,1.,0.999994527,0.999989056,0.999983586,0.977283885,0.977289357,1.,0.999994527,0.999989056,0.999983586,0.977283885,
0.977289357,1.,0.999994527,0.999989056,0.999983586,0.977283885,0.977289357,1.,0.999994527,0.999989056,0.999983586,0.977283885,0.977289357,1.,0.999994527,0.999989056,0.999983586,0.977283885,0.977289357,1.,0.999994527,0.999989056,0.999983586,0.977283885,0.977289357,
1.,0.999994527,0.999989056,0.999983586,0.977283885,0.977289357,1.,0.999994527,0.999989056,0.999983586,0.977283885,0.977289357,1.,0.999994527,0.999989056,0.999983586,0.977283885,0.977289357,1.,0.999994527,0.999989056,0.999983586,0.977283885,0.977289357,1.,
0.999994527,0.999989056,0.999983586,0.977283885,0.977289357,1.,0.999994527,0.999989056,0.999983586,0.977283885,0.977289357,1.,0.999994527,0.999989056,0.999983586,0.977283885,0.977289357,1.,0.999994527,0.999989056,0.999983586,0.977283885,0.977289357,1.,0.999994527,
0.999989056,0.999983586,0.977283885,0.977289357,1.,0.999994527,0.999989056,0.999983586,0.977283885,0.977289357,1.,0.999994527,0.999989056,0.999983586,0.977283885,0.977289357,1.,0.999994527,0.999989056,0.999983586,0.977283885,0.977289357,1.,0.999994527,0.999989056,
0.999983586,0.977283885,0.977289357,1.,0.999994527,0.999989056,0.999983586,0.977283885,0.977289357,1.,0.999994527,0.999989056,0.999983586,0.977283885,0.977289357,1.,0.999994527,0.999989056,0.999983586,0.977283885,0.977289357,1.,0.999994527,0.999989056,0.999983586,
0.977283885,0.977289357,1.,0.999994527,0.999989056,0.999983586,0.977283885,0.977289357,1.,0.999994527,0.999989056,0.999983586,0.977283885,0.977289357,1.,0.999994527,0.999989056,0.999983586,0.977283885,0.977289357,1.,0.999994527,0.999989056,0.999983586,0.977283885,
0.977289357,1.,0.999994527,0.999989056,0.999983586,0.977283885,0.977289357,1.,0.999994527,0.999989056,0.999983586,0.977283885,0.977289357,1.,0.999994527,0.999989056,0.999983586,0.977283885,0.977289357,1.,0.999994527,0.999989056,0.999983586,0.977283885,0.977289357,
1.,0.999994527,0.999989056,0.999983586,0.977283885,0.977289357,1.,0.999994527,0.999989056,0.999983586,0.977283885,0.977289357,1.,0.999994527,0.999989056,0.999983586,0.997503543,0.99529452,0.993356519)))
REPRESENTATION_ITEM('')
SURFACE()
);
#2428=ORIENTED_EDGE('',*,*,#1523,.T.);
#2429=ORIENTED_EDGE('',*,*,#1481,.T.);
#2430=ORIENTED_EDGE('',*,*,#57,.T.);
#2431=ORIENTED_EDGE('',*,*,#1040,.F.);
#2432=ORIENTED_EDGE('',*,*,#1127,.F.);
#2433=CARTESIAN_POINT('',(-7.075,0.,1.364354926));
#2434=VERTEX_POINT('',#2433);
#2435=CARTESIAN_POINT('',(-7.885970124,-0.596690969,1.260000007));
#2436=CARTESIAN_POINT('',(-7.792356332,-0.625867494,1.268831966));
#2437=CARTESIAN_POINT('',(-7.693377696,-0.632581684,1.277255843));
#2438=CARTESIAN_POINT('',(-7.596850271,-0.616429342,1.286037743));
#2439=CARTESIAN_POINT('',(-7.548586558,-0.608353171,1.290428693));
#2440=CARTESIAN_POINT('',(-7.501019898,-0.594486758,1.294893774));
#2441=CARTESIAN_POINT('',(-7.456078981,-0.575436822,1.299251795));
#2442=CARTESIAN_POINT('',(-7.411138064,-0.556386887,1.303609816));
#2443=CARTESIAN_POINT('',(-7.369126532,-0.532471662,1.307753859));
#2444=CARTESIAN_POINT('',(-7.329832136,-0.50358788,1.31210021));
#2445=CARTESIAN_POINT('',(-7.251243343,-0.445820315,1.320792911));
#2446=CARTESIAN_POINT('',(-7.186215208,-0.368876477,1.329636934));
#2447=CARTESIAN_POINT('',(-7.142379784,-0.282284776,1.338201302));
#2448=CARTESIAN_POINT('',(-7.098544359,-0.195693075,1.34676567));
#2449=CARTESIAN_POINT('',(-7.075,-0.096426075,1.355958029));
#2450=CARTESIAN_POINT('',(-7.075,-0.,1.364354926));
#2451=B_SPLINE_CURVE_WITH_KNOTS('',3,(#2435,#2436,#2437,#2438,#2439,#2440,#2441,#2442,#2443,#2444,#2445,#2446,#2447,#2448,#2449,#2450),.UNSPECIFIED.,.F.,.F.,(4,3,3,3,3,4),(0.802886146,0.807025721,0.809095508,0.811165295,0.81530487,0.819444444),.UNSPECIFIED.);
#2452=EDGE_CURVE('',#1102,#2434,#2451,.T.);
#2453=ORIENTED_EDGE('',*,*,#2452,.T.);
#2454=CARTESIAN_POINT('',(-7.075,0.,1.714354926));
#2455=VERTEX_POINT('',#2454);
#2456=CARTESIAN_POINT('',(-7.075,0.,1.364354926));
#2457=CARTESIAN_POINT('',(-7.075,0.080880946,1.371398134));
#2458=CARTESIAN_POINT('',(-7.091314754,0.163827314,1.379001449));
#2459=CARTESIAN_POINT('',(-7.122709493,0.239500879,1.386323634));
#2460=CARTESIAN_POINT('',(-7.154104233,0.315174443,1.393645819));
#2461=CARTESIAN_POINT('',(-7.199875511,0.38375898,1.400686874));
#2462=CARTESIAN_POINT('',(-7.258058237,0.441941713,1.408104923));
#2463=CARTESIAN_POINT('',(-7.316240963,0.500124446,1.415522971));
#2464=CARTESIAN_POINT('',(-7.384825495,0.545895734,1.422564026));
#2465=CARTESIAN_POINT('',(-7.460499072,0.577290486,1.429886213));
#2466=CARTESIAN_POINT('',(-7.53617265,0.608685239,1.437208399));
#2467=CARTESIAN_POINT('',(-7.619119054,0.625,1.444811718));
#2468=CARTESIAN_POINT('',(-7.7,0.625,1.451854926));
#2469=CARTESIAN_POINT('',(-7.780880946,0.625,1.458898134));
#2470=CARTESIAN_POINT('',(-7.863827314,0.608685246,1.466501449));
#2471=CARTESIAN_POINT('',(-7.939500879,0.577290507,1.473823634));
#2472=CARTESIAN_POINT('',(-8.015174443,0.545895767,1.481145819));
#2473=CARTESIAN_POINT('',(-8.08375898,0.500124489,1.488186874));
#2474=CARTESIAN_POINT('',(-8.141941713,0.441941763,1.495604923));
#2475=CARTESIAN_POINT('',(-8.200124446,0.383759037,1.503022971));
#2476=CARTESIAN_POINT('',(-8.245895734,0.315174505,1.510064026));
#2477=CARTESIAN_POINT('',(-8.277290486,0.239500928,1.517386213));
#2478=CARTESIAN_POINT('',(-8.308685239,0.16382735,1.524708399));
#2479=CARTESIAN_POINT('',(-8.325,0.080880946,1.532311718));
#2480=CARTESIAN_POINT('',(-8.325,-0.,1.539354926));
#2481=CARTESIAN_POINT('',(-8.325,-0.080880946,1.546398134));
#2482=CARTESIAN_POINT('',(-8.308685246,-0.163827314,1.554001449));
#2483=CARTESIAN_POINT('',(-8.277290507,-0.239500879,1.561323634));
#2484=CARTESIAN_POINT('',(-8.245895767,-0.315174443,1.568645819));
#2485=CARTESIAN_POINT('',(-8.20012448,-0.383758996,1.575686876));
#2486=CARTESIAN_POINT('',(-8.141941738,-0.441941738,1.583104926));
#2487=CARTESIAN_POINT('',(-8.083758996,-0.50012448,1.590522976));
#2488=CARTESIAN_POINT('',(-8.015174443,-0.545895767,1.597564032));
#2489=CARTESIAN_POINT('',(-7.939500879,-0.577290507,1.604886217));
#2490=CARTESIAN_POINT('',(-7.863827314,-0.608685246,1.612208402));
#2491=CARTESIAN_POINT('',(-7.780880946,-0.625,1.619811717));
#2492=CARTESIAN_POINT('',(-7.7,-0.625,1.626854926));
#2493=CARTESIAN_POINT('',(-7.619119054,-0.625,1.633898135));
#2494=CARTESIAN_POINT('',(-7.536172686,-0.608685246,1.641501449));
#2495=CARTESIAN_POINT('',(-7.460499121,-0.577290507,1.648823634));
#2496=CARTESIAN_POINT('',(-7.384825557,-0.545895767,1.656145819));
#2497=CARTESIAN_POINT('',(-7.316241004,-0.50012448,1.663186876));
#2498=CARTESIAN_POINT('',(-7.258058262,-0.441941738,1.670604926));
#2499=CARTESIAN_POINT('',(-7.19987552,-0.383758996,1.678022976));
#2500=CARTESIAN_POINT('',(-7.154104233,-0.315174443,1.685064032));
#2501=CARTESIAN_POINT('',(-7.122709493,-0.239500879,1.692386217));
#2502=CARTESIAN_POINT('',(-7.091314754,-0.163827314,1.699708402));
#2503=CARTESIAN_POINT('',(-7.075,-0.080880946,1.707311717));
#2504=CARTESIAN_POINT('',(-7.075,-0.,1.714354926));
#2505=B_SPLINE_CURVE_WITH_KNOTS('',3,(#2456,#2457,#2458,#2459,#2460,#2461,#2462,#2463,#2464,#2465,#2466,#2467,#2468,#2469,#2470,#2471,#2472,#2473,#2474,#2475,#2476,#2477,#2478,#2479,#2480,#2481,
#2482,#2483,#2484,#2485,#2486,#2487,#2488,#2489,#2490,#2491,#2492,#2493,#2494,#2495,#2496,#2497,#2498,#2499,#2500,#2501,#2502,#2503,#2504),.UNSPECIFIED.,.F.,.F.,(4,3,3,3,3,3,3,3,3,3,3,3,3,3,3,3,4),(0.819444444,0.822916666,0.826388889,0.829861111,0.833333333,0.836805555,0.840277778,0.84375,0.847222222,0.850694444,0.854166667,0.857638889,0.861111111,0.864583333,0.868055556,0.871527778,0.875),.UNSPECIFIED.);
#2506=EDGE_CURVE('',#2434,#2455,#2505,.T.);
#2507=ORIENTED_EDGE('',*,*,#2506,.T.);
#2508=CARTESIAN_POINT('',(-7.075,0.,2.064354926));
#2509=VERTEX_POINT('',#2508);
#2510=CARTESIAN_POINT('',(-7.075,0.,1.714354926));
#2511=CARTESIAN_POINT('',(-7.075,0.080880946,1.721398134));
#2512=CARTESIAN_POINT('',(-7.091314754,0.163827314,1.729001449));
#2513=CARTESIAN_POINT('',(-7.122709493,0.239500879,1.736323634));
#2514=CARTESIAN_POINT('',(-7.154104233,0.315174443,1.743645819));
#2515=CARTESIAN_POINT('',(-7.19987552,0.383758996,1.750686876));
#2516=CARTESIAN_POINT('',(-7.258058262,0.441941738,1.758104926));
#2517=CARTESIAN_POINT('',(-7.316241004,0.50012448,1.765522976));
#2518=CARTESIAN_POINT('',(-7.384825557,0.545895767,1.772564032));
#2519=CARTESIAN_POINT('',(-7.460499121,0.577290507,1.779886217));
#2520=CARTESIAN_POINT('',(-7.536172686,0.608685246,1.787208402));
#2521=CARTESIAN_POINT('',(-7.619119054,0.625,1.794811717));
#2522=CARTESIAN_POINT('',(-7.7,0.625,1.801854926));
#2523=CARTESIAN_POINT('',(-7.780880946,0.625,1.808898135));
#2524=CARTESIAN_POINT('',(-7.863827314,0.608685246,1.816501449));
#2525=CARTESIAN_POINT('',(-7.939500879,0.577290507,1.823823634));
#2526=CARTESIAN_POINT('',(-8.015174443,0.545895767,1.831145819));
#2527=CARTESIAN_POINT('',(-8.083758996,0.50012448,1.838186876));
#2528=CARTESIAN_POINT('',(-8.141941738,0.441941738,1.845604926));
#2529=CARTESIAN_POINT('',(-8.20012448,0.383758996,1.853022976));
#2530=CARTESIAN_POINT('',(-8.245895767,0.315174443,1.860064032));
#2531=CARTESIAN_POINT('',(-8.277290507,0.239500879,1.867386217));
#2532=CARTESIAN_POINT('',(-8.308685246,0.163827314,1.874708402));
#2533=CARTESIAN_POINT('',(-8.325,0.080880946,1.882311717));
#2534=CARTESIAN_POINT('',(-8.325,0.,1.889354926));
#2535=CARTESIAN_POINT('',(-8.325,-0.080880946,1.896398135));
#2536=CARTESIAN_POINT('',(-8.308685239,-0.16382735,1.904001452));
#2537=CARTESIAN_POINT('',(-8.277290486,-0.239500928,1.911323639));
#2538=CARTESIAN_POINT('',(-8.245895734,-0.315174505,1.918645825));
#2539=CARTESIAN_POINT('',(-8.200124446,-0.383759037,1.925686881));
#2540=CARTESIAN_POINT('',(-8.141941713,-0.441941763,1.933104929));
#2541=CARTESIAN_POINT('',(-8.08375898,-0.500124489,1.940522977));
#2542=CARTESIAN_POINT('',(-8.015174443,-0.545895767,1.947564032));
#2543=CARTESIAN_POINT('',(-7.939500879,-0.577290507,1.954886217));
#2544=CARTESIAN_POINT('',(-7.863827314,-0.608685246,1.962208402));
#2545=CARTESIAN_POINT('',(-7.780880946,-0.625,1.969811717));
#2546=CARTESIAN_POINT('',(-7.7,-0.625,1.976854926));
#2547=CARTESIAN_POINT('',(-7.619119054,-0.625,1.983898135));
#2548=CARTESIAN_POINT('',(-7.53617265,-0.608685239,1.991501452));
#2549=CARTESIAN_POINT('',(-7.460499072,-0.577290486,1.998823639));
#2550=CARTESIAN_POINT('',(-7.384825495,-0.545895734,2.006145825));
#2551=CARTESIAN_POINT('',(-7.316240963,-0.500124446,2.013186881));
#2552=CARTESIAN_POINT('',(-7.258058237,-0.441941713,2.020604929));
#2553=CARTESIAN_POINT('',(-7.199875511,-0.38375898,2.028022977));
#2554=CARTESIAN_POINT('',(-7.154104233,-0.315174443,2.035064032));
#2555=CARTESIAN_POINT('',(-7.122709493,-0.239500879,2.042386217));
#2556=CARTESIAN_POINT('',(-7.091314754,-0.163827314,2.049708402));
#2557=CARTESIAN_POINT('',(-7.075,-0.080880946,2.057311717));
#2558=CARTESIAN_POINT('',(-7.075,-0.,2.064354926));
#2559=B_SPLINE_CURVE_WITH_KNOTS('',3,(#2510,#2511,#2512,#2513,#2514,#2515,#2516,#2517,#2518,#2519,#2520,#2521,#2522,#2523,#2524,#2525,#2526,#2527,#2528,#2529,#2530,#2531,#2532,#2533,#2534,#2535,
#2536,#2537,#2538,#2539,#2540,#2541,#2542,#2543,#2544,#2545,#2546,#2547,#2548,#2549,#2550,#2551,#2552,#2553,#2554,#2555,#2556,#2557,#2558),.UNSPECIFIED.,.F.,.F.,(4,3,3,3,3,3,3,3,3,3,3,3,3,3,3,3,4),(0.875,0.878472222,0.881944444,0.885416667,0.888888889,0.892361111,0.895833333,0.899305556,0.902777778,0.90625,0.909722222,0.913194445,0.916666667,0.920138889,0.923611111,0.927083334,0.930555556),.UNSPECIFIED.);
#2560=EDGE_CURVE('',#2455,#2509,#2559,.T.);
#2561=ORIENTED_EDGE('',*,*,#2560,.T.);
#2562=CARTESIAN_POINT('',(-7.075,0.,2.064354926));
#2563=CARTESIAN_POINT('',(-7.075,0.07911736,2.071244559));
#2564=CARTESIAN_POINT('',(-7.090586179,0.160216953,2.078670451));
#2565=CARTESIAN_POINT('',(-7.120677081,0.234542011,2.085844919));
#2566=CARTESIAN_POINT('',(-7.150767982,0.308867069,2.093019387));
#2567=CARTESIAN_POINT('',(-7.194591208,0.376383307,2.099879871));
#2568=CARTESIAN_POINT('',(-7.250512388,0.434264765,2.107134505));
#2569=CARTESIAN_POINT('',(-7.306433568,0.492146223,2.114389139));
#2570=CARTESIAN_POINT('',(-7.372667567,0.538402486,2.121329982));
#2571=CARTESIAN_POINT('',(-7.445741367,0.570944435,2.128452505));
#2572=CARTESIAN_POINT('',(-7.518815167,0.603486383,2.135575027));
#2573=CARTESIAN_POINT('',(-7.599392552,0.62194473,2.143022449));
#2574=CARTESIAN_POINT('',(-7.678795577,0.624640194,2.149999994));
#2575=B_SPLINE_CURVE_WITH_KNOTS('',3,(#2562,#2563,#2564,#2565,#2566,#2567,#2568,#2569,#2570,#2571,#2572,#2573,#2574),.UNSPECIFIED.,.F.,.F.,(4,3,3,3,4),(0.930555556,0.933952067,0.937348577,0.940745088,0.944141599),.UNSPECIFIED.);
#2576=EDGE_CURVE('',#2509,#1499,#2575,.T.);
#2577=ORIENTED_EDGE('',*,*,#2576,.T.);
#2578=EDGE_LOOP('',(#2428,#2429,#2430,#2431,#2432,#2453,#2507,#2561,#2577));
#2579=FACE_BOUND('',#2578,.T.);
#2580=ADVANCED_FACE('',(#2579),#2427,.T.);
#2581=CARTESIAN_POINT('',(-7.7,0.,-0.5));
#2582=DIRECTION('',(0.,0.,1.));
#2583=DIRECTION('',(1.,0.,-0.));
#2584=AXIS2_PLACEMENT_3D('',#2581,#2582,#2583);
#2585=CYLINDRICAL_SURFACE('',#2584,0.625);
#2586=CARTESIAN_POINT('',(-7.075,0.,2.15));
#2587=DIRECTION('',(-0.,-0.,-1.));
#2588=VECTOR('',#2587,0.085645074);
#2589=LINE('',#2586,#2588);
#2590=EDGE_CURVE('',#1526,#2509,#2589,.T.);
#2591=ORIENTED_EDGE('',*,*,#2590,.F.);
#2592=ORIENTED_EDGE('',*,*,#1532,.T.);
#2593=ORIENTED_EDGE('',*,*,#2576,.F.);
#2594=EDGE_LOOP('',(#2591,#2592,#2593));
#2595=FACE_BOUND('',#2594,.T.);
#2596=ADVANCED_FACE('',(#2595),#2585,.F.);
#2597=CARTESIAN_POINT('',(-7.7,0.,-0.5));
#2598=DIRECTION('',(0.,0.,1.));
#2599=DIRECTION('',(1.,0.,-0.));
#2600=AXIS2_PLACEMENT_3D('',#2597,#2598,#2599);
#2601=CYLINDRICAL_SURFACE('',#2600,0.625);
#2602=CARTESIAN_POINT('',(-7.075,0.,1.862254926));
#2603=DIRECTION('',(-0.,-0.,-1.));
#2604=VECTOR('',#2603,0.1479);
#2605=LINE('',#2602,#2604);
#2606=EDGE_CURVE('',#730,#2455,#2605,.T.);
#2607=ORIENTED_EDGE('',*,*,#2606,.F.);
#2608=ORIENTED_EDGE('',*,*,#757,.T.);
#2609=ORIENTED_EDGE('',*,*,#1539,.T.);
#2610=ORIENTED_EDGE('',*,*,#2590,.T.);
#2611=ORIENTED_EDGE('',*,*,#2560,.F.);
#2612=EDGE_LOOP('',(#2607,#2608,#2609,#2610,#2611));
#2613=FACE_BOUND('',#2612,.T.);
#2614=ADVANCED_FACE('',(#2613),#2601,.F.);
#2615=CARTESIAN_POINT('',(-7.7,0.,-0.5));
#2616=DIRECTION('',(0.,0.,1.));
#2617=DIRECTION('',(1.,0.,-0.));
#2618=AXIS2_PLACEMENT_3D('',#2615,#2616,#2617);
#2619=CYLINDRICAL_SURFACE('',#2618,0.625);
#2620=CARTESIAN_POINT('',(-7.075,0.,1.512254926));
#2621=DIRECTION('',(-0.,-0.,-1.));
#2622=VECTOR('',#2621,0.1479);
#2623=LINE('',#2620,#2622);
#2624=EDGE_CURVE('',#760,#2434,#2623,.T.);
#2625=ORIENTED_EDGE('',*,*,#2624,.F.);
#2626=ORIENTED_EDGE('',*,*,#811,.T.);
#2627=ORIENTED_EDGE('',*,*,#2606,.T.);
#2628=ORIENTED_EDGE('',*,*,#2506,.F.);
#2629=EDGE_LOOP('',(#2625,#2626,#2627,#2628));
#2630=FACE_BOUND('',#2629,.T.);
#2631=ADVANCED_FACE('',(#2630),#2619,.F.);
#2632=CARTESIAN_POINT('',(-7.7,0.,-0.5));
#2633=DIRECTION('',(0.,0.,1.));
#2634=DIRECTION('',(1.,0.,-0.));
#2635=AXIS2_PLACEMENT_3D('',#2632,#2633,#2634);
#2636=CYLINDRICAL_SURFACE('',#2635,0.625);
#2637=ORIENTED_EDGE('',*,*,#2624,.T.);
#2638=ORIENTED_EDGE('',*,*,#2452,.F.);
#2639=ORIENTED_EDGE('',*,*,#1108,.T.);
#2640=ORIENTED_EDGE('',*,*,#859,.T.);
#2641=EDGE_LOOP('',(#2637,#2638,#2639,#2640));
#2642=FACE_BOUND('',#2641,.T.);
#2643=ADVANCED_FACE('',(#2642),#2636,.F.);
#2644=CLOSED_SHELL('',(#61,#1045,#1132,#1172,#1203,#1270,#1301,#1332,#1354,#1375,#1396,#1418,#1430,#1442,#1492,#1546,#2580,#2596,#2614,#2631,#2643));
#2645=MANIFOLD_SOLID_BREP('\X2\5F9E593E81C2\X0\',#2644);
#2646=COLOUR_RGB('',0.850980401,0.850980401,0.850980401);
#2647=FILL_AREA_STYLE_COLOUR('',#2646);
#2648=FILL_AREA_STYLE('',(#2647));
#2649=SURFACE_STYLE_FILL_AREA(#2648);
#2650=SURFACE_SIDE_STYLE('',(#2649));
#2651=SURFACE_STYLE_USAGE(.BOTH.,#2650);
#2652=PRESENTATION_STYLE_ASSIGNMENT((#2651));
#26=STYLED_ITEM('',(#2652),#2645);
#16=SHAPE_REPRESENTATION('\X2\5F9E593E81C2\X0\',(#15),#10);
#17=ADVANCED_BREP_SHAPE_REPRESENTATION('\X2\5F9E593E81C2\X0\',(#2645),#10);
#2660=SHAPE_REPRESENTATION_RELATIONSHIP('','',#16,#17);
#2661=CARTESIAN_POINT('',(0.,0.,0.));
#2662=DIRECTION('',(0.,0.,1.));
#2663=DIRECTION('',(1.,0.,0.));
#2664=AXIS2_PLACEMENT_3D('',#2661,#2662,#2663);
#2666=MAPPED_ITEM('',#2665,#2664);
#2665=REPRESENTATION_MAP(#2664,#16);
#2667=APPLICATION_CONTEXT('Managed model based 3d engineering');
#2668=APPLICATION_PROTOCOL_DEFINITION('international standard','ap242_managed_model_based_3d_engineering',2014,#2667);
#2669=PRODUCT_CONTEXT('',#2667,'mechanical');
#2670=PRODUCT_DEFINITION_CONTEXT('part definition',#2667,'design');
#24=PRODUCT('\X2\5F9E593E81C2\X0\','\X2\5F9E593E81C2\X0\','',(#2669));
#2671=PRODUCT_RELATED_PRODUCT_CATEGORY('part','',(#24));
#2672=PRODUCT_DEFINITION_FORMATION_WITH_SPECIFIED_SOURCE('','',#24,.NOT_KNOWN.);
#25=PRODUCT_DEFINITION('design','',#2672,#2670);
#23=PRODUCT_DEFINITION_SHAPE('','',#25);
#2673=SHAPE_DEFINITION_REPRESENTATION(#23,#16);
#11=DRAUGHTING_MODEL('',(#2666),#10);
#2674=DESCRIPTIVE_REPRESENTATION_ITEM('KEY','C:\\Users\\Nalani\\AppData\\Local\\Packages\\Shapr3D.Shapr3D_j403pzjkqtqbj\\TempState\\ca633754-38e8-4650-ae78-3f91fad6e200.tmp');
#2675=PROPERTY_DEFINITION('KEY','',#25);
#2676=REPRESENTATION('',(#2674),#10);
#2677=PROPERTY_DEFINITION_REPRESENTATION(#2675,#2676);
#2678=GENERAL_PROPERTY('','KEY','');
#2679=GENERAL_PROPERTY_ASSOCIATION('','',#2678,#2675);
#1=MECHANICAL_DESIGN_GEOMETRIC_PRESENTATION_REPRESENTATION('',(#26),#10);
ENDSEC;
END-ISO-10303-21;
