ISO-10303-21;
HEADER;

/* File generated by Shapr3D Version 26.123.11423.0 */

FILE_DESCRIPTION(('HOOPS Exchange Step'),'2;1');

FILE_NAME('C:\\Users\\Nalani\\AppData\\Local\\Packages\\Shapr3D.Shapr3D_j403pzjkqtqbj\\TempState\\export\\temp_export',
'2026-08-03T16:12:05+08:00',
('Nalani'),
('Shapr3D Limited'),
'HOOPS Exchange 2026.3',
'Shapr3D',
'Authorized');

FILE_SCHEMA( ('AP242_MANAGED_MODEL_BASED_3D_ENGINEERING_MIM_LF {1 0 10303 442 1 1 4}') );

ENDSEC;

DATA;
#3=(NAMED_UNIT(*)PLANE_ANGLE_UNIT()SI_UNIT($,.RADIAN.));
#4=PLANE_ANGLE_MEASURE_WITH_UNIT(PLANE_ANGLE_MEASURE(0.0174532925),#3);
#5=(CONVERSION_BASED_UNIT('DEGREE',#4)NAMED_UNIT(#6)PLANE_ANGLE_UNIT());
#6=DIMENSIONAL_EXPONENTS(0.,0.,0.,0.,0.,0.,0.);
#7=(NAMED_UNIT(*)SI_UNIT($,.STERADIAN.)SOLID_ANGLE_UNIT());
#8=(LENGTH_UNIT()NAMED_UNIT(*)SI_UNIT(.MILLI.,.METRE.));
#9=UNCERTAINTY_MEASURE_WITH_UNIT(LENGTH_MEASURE(1.000000E-05),#8,'DISTANCE_ACCURACY_VALUE','Maximum Tolerance applied to model');
#10=(GEOMETRIC_REPRESENTATION_CONTEXT(3)GLOBAL_UNCERTAINTY_ASSIGNED_CONTEXT((#9))GLOBAL_UNIT_ASSIGNED_CONTEXT((#8,#5,#7))REPRESENTATION_CONTEXT('','\X2\75356C6056FA5B9A684667B6\X0\'));
#12=CARTESIAN_POINT('',(0.,0.,0.));
#13=DIRECTION('',(0.,0.,1.));
#14=DIRECTION('',(1.,0.,0.));
#15=AXIS2_PLACEMENT_3D('',#12,#13,#14);
#27=CARTESIAN_POINT('',(-150.3,0.46,-4.16));
#28=DIRECTION('',(0.,0.,-1.));
#29=DIRECTION('',(-1.,0.,0.));
#30=AXIS2_PLACEMENT_3D('',#27,#28,#29);
#31=PLANE('',#30);
#32=CARTESIAN_POINT('',(-21.530493307,1.,-4.16));
#33=VERTEX_POINT('',#32);
#34=CARTESIAN_POINT('',(-21.04,1.,-4.16));
#35=VERTEX_POINT('',#34);
#36=CARTESIAN_POINT('',(-21.530493307,1.,-4.16));
#37=DIRECTION('',(1.,0.,-0.));
#38=VECTOR('',#37,0.490493307);
#39=LINE('',#36,#38);
#40=EDGE_CURVE('',#33,#35,#39,.T.);
#41=ORIENTED_EDGE('',*,*,#40,.T.);
#42=CARTESIAN_POINT('',(-21.03,1.01,-4.16));
#43=VERTEX_POINT('',#42);
#44=CARTESIAN_POINT('',(-21.04,1.01,-4.16));
#45=DIRECTION('',(-0.,-0.,1.));
#46=DIRECTION('',(0.,1.,0.));
#47=AXIS2_PLACEMENT_3D('',#44,#45,#46);
#48=CIRCLE('',#47,0.01);
#49=EDGE_CURVE('',#35,#43,#48,.T.);
#50=ORIENTED_EDGE('',*,*,#49,.T.);
#51=CARTESIAN_POINT('',(-21.03,1.454194388,-4.16));
#52=VERTEX_POINT('',#51);
#53=CARTESIAN_POINT('',(-21.03,1.01,-4.16));
#54=DIRECTION('',(0.,1.,0.));
#55=VECTOR('',#54,0.444194388);
#56=LINE('',#53,#55);
#57=EDGE_CURVE('',#43,#52,#56,.T.);
#58=ORIENTED_EDGE('',*,*,#57,.T.);
#59=CARTESIAN_POINT('',(-23.215841936,3.36,-4.16));
#60=DIRECTION('',(0.,0.,-1.));
#61=DIRECTION('',(0.,1.,0.));
#62=AXIS2_PLACEMENT_3D('',#59,#60,#61);
#63=CIRCLE('',#62,2.9);
#64=EDGE_CURVE('',#52,#33,#63,.T.);
#65=ORIENTED_EDGE('',*,*,#64,.T.);
#66=EDGE_LOOP('',(#41,#50,#58,#65));
#67=FACE_BOUND('',#66,.T.);
#68=ADVANCED_FACE('',(#67),#31,.F.);
#69=CARTESIAN_POINT('',(-150.3,0.46,-4.16));
#70=DIRECTION('',(0.,0.,-1.));
#71=DIRECTION('',(-1.,0.,0.));
#72=AXIS2_PLACEMENT_3D('',#69,#70,#71);
#73=PLANE('',#72);
#74=CARTESIAN_POINT('',(-21.03,0.99,-4.16));
#75=VERTEX_POINT('',#74);
#76=CARTESIAN_POINT('',(-21.03,0.11,-4.16));
#77=VERTEX_POINT('',#76);
#78=CARTESIAN_POINT('',(-21.03,0.99,-4.16));
#79=DIRECTION('',(0.,-1.,-0.));
#80=VECTOR('',#79,0.88);
#81=LINE('',#78,#80);
#82=EDGE_CURVE('',#75,#77,#81,.T.);
#83=ORIENTED_EDGE('',*,*,#82,.T.);
#84=CARTESIAN_POINT('',(-21.02,0.1,-4.16));
#85=VERTEX_POINT('',#84);
#86=CARTESIAN_POINT('',(-21.02,0.11,-4.16));
#87=DIRECTION('',(-0.,-0.,1.));
#88=DIRECTION('',(0.,1.,0.));
#89=AXIS2_PLACEMENT_3D('',#86,#87,#88);
#90=CIRCLE('',#89,0.01);
#91=EDGE_CURVE('',#77,#85,#90,.T.);
#92=ORIENTED_EDGE('',*,*,#91,.T.);
#93=CARTESIAN_POINT('',(-21.,0.1,-4.16));
#94=VERTEX_POINT('',#93);
#95=CARTESIAN_POINT('',(-21.,0.1,-4.16));
#96=DIRECTION('',(-1.,0.,0.));
#97=VECTOR('',#96,0.02);
#98=LINE('',#95,#97);
#99=EDGE_CURVE('',#94,#85,#98,.T.);
#100=ORIENTED_EDGE('',*,*,#99,.F.);
#101=CARTESIAN_POINT('',(-21.,0.6,-4.16));
#102=VERTEX_POINT('',#101);
#103=CARTESIAN_POINT('',(-21.,0.6,-4.16));
#104=DIRECTION('',(0.,-1.,-0.));
#105=VECTOR('',#104,0.5);
#106=LINE('',#103,#105);
#107=EDGE_CURVE('',#102,#94,#106,.T.);
#108=ORIENTED_EDGE('',*,*,#107,.F.);
#109=CARTESIAN_POINT('',(-20.41,0.6,-4.16));
#110=VERTEX_POINT('',#109);
#111=CARTESIAN_POINT('',(-20.41,0.6,-4.16));
#112=DIRECTION('',(-1.,0.,0.));
#113=VECTOR('',#112,0.59);
#114=LINE('',#111,#113);
#115=EDGE_CURVE('',#110,#102,#114,.T.);
#116=ORIENTED_EDGE('',*,*,#115,.F.);
#117=CARTESIAN_POINT('',(-20.4,0.61,-4.16));
#118=VERTEX_POINT('',#117);
#119=CARTESIAN_POINT('',(-20.41,0.61,-4.16));
#120=DIRECTION('',(-0.,-0.,1.));
#121=DIRECTION('',(0.,1.,0.));
#122=AXIS2_PLACEMENT_3D('',#119,#120,#121);
#123=CIRCLE('',#122,0.01);
#124=EDGE_CURVE('',#110,#118,#123,.T.);
#125=ORIENTED_EDGE('',*,*,#124,.T.);
#126=CARTESIAN_POINT('',(-20.4,0.64,-4.16));
#127=VERTEX_POINT('',#126);
#128=CARTESIAN_POINT('',(-20.4,0.61,-4.16));
#129=DIRECTION('',(0.,1.,0.));
#130=VECTOR('',#129,0.03);
#131=LINE('',#128,#130);
#132=EDGE_CURVE('',#118,#127,#131,.T.);
#133=ORIENTED_EDGE('',*,*,#132,.T.);
#134=CARTESIAN_POINT('',(-21.,0.64,-4.16));
#135=VERTEX_POINT('',#134);
#136=CARTESIAN_POINT('',(-20.4,0.64,-4.16));
#137=DIRECTION('',(-1.,0.,0.));
#138=VECTOR('',#137,0.6);
#139=LINE('',#136,#138);
#140=EDGE_CURVE('',#127,#135,#139,.T.);
#141=ORIENTED_EDGE('',*,*,#140,.T.);
#142=CARTESIAN_POINT('',(-21.,1.,-4.16));
#143=VERTEX_POINT('',#142);
#144=CARTESIAN_POINT('',(-21.,1.,-4.16));
#145=DIRECTION('',(0.,-1.,-0.));
#146=VECTOR('',#145,0.36);
#147=LINE('',#144,#146);
#148=EDGE_CURVE('',#143,#135,#147,.T.);
#149=ORIENTED_EDGE('',*,*,#148,.F.);
#150=CARTESIAN_POINT('',(-21.02,1.,-4.16));
#151=VERTEX_POINT('',#150);
#152=CARTESIAN_POINT('',(-21.02,1.,-4.16));
#153=DIRECTION('',(1.,0.,-0.));
#154=VECTOR('',#153,0.02);
#155=LINE('',#152,#154);
#156=EDGE_CURVE('',#151,#143,#155,.T.);
#157=ORIENTED_EDGE('',*,*,#156,.F.);
#158=CARTESIAN_POINT('',(-21.02,0.99,-4.16));
#159=DIRECTION('',(-0.,-0.,1.));
#160=DIRECTION('',(0.,1.,0.));
#161=AXIS2_PLACEMENT_3D('',#158,#159,#160);
#162=CIRCLE('',#161,0.01);
#163=EDGE_CURVE('',#151,#75,#162,.T.);
#164=ORIENTED_EDGE('',*,*,#163,.T.);
#165=EDGE_LOOP('',(#83,#92,#100,#108,#116,#125,#133,#141,#149,#157,#164));
#166=FACE_BOUND('',#165,.T.);
#167=ADVANCED_FACE('',(#166),#73,.F.);
#168=CARTESIAN_POINT('',(-150.3,0.46,-4.16));
#169=DIRECTION('',(0.,0.,-1.));
#170=DIRECTION('',(-1.,0.,0.));
#171=AXIS2_PLACEMENT_3D('',#168,#169,#170);
#172=PLANE('',#171);
#173=CARTESIAN_POINT('',(-21.03,0.09,-4.16));
#174=VERTEX_POINT('',#173);
#175=CARTESIAN_POINT('',(-21.03,-0.3,-4.16));
#176=VERTEX_POINT('',#175);
#177=CARTESIAN_POINT('',(-21.03,0.09,-4.16));
#178=DIRECTION('',(0.,-1.,-0.));
#179=VECTOR('',#178,0.39);
#180=LINE('',#177,#179);
#181=EDGE_CURVE('',#174,#176,#180,.T.);
#182=ORIENTED_EDGE('',*,*,#181,.F.);
#183=CARTESIAN_POINT('',(-21.04,0.1,-4.16));
#184=VERTEX_POINT('',#183);
#185=CARTESIAN_POINT('',(-21.04,0.09,-4.16));
#186=DIRECTION('',(-0.,-0.,1.));
#187=DIRECTION('',(0.,1.,0.));
#188=AXIS2_PLACEMENT_3D('',#185,#186,#187);
#189=CIRCLE('',#188,0.01);
#190=EDGE_CURVE('',#174,#184,#189,.T.);
#191=ORIENTED_EDGE('',*,*,#190,.T.);
#192=CARTESIAN_POINT('',(-21.6,0.1,-4.16));
#193=VERTEX_POINT('',#192);
#194=CARTESIAN_POINT('',(-21.04,0.1,-4.16));
#195=DIRECTION('',(-1.,0.,0.));
#196=VECTOR('',#195,0.56);
#197=LINE('',#194,#196);
#198=EDGE_CURVE('',#184,#193,#197,.T.);
#199=ORIENTED_EDGE('',*,*,#198,.T.);
#200=CARTESIAN_POINT('',(-21.6,0.951877321,-4.16));
#201=VERTEX_POINT('',#200);
#202=CARTESIAN_POINT('',(-21.6,0.1,-4.16));
#203=DIRECTION('',(0.,1.,0.));
#204=VECTOR('',#203,0.851877321);
#205=LINE('',#202,#204);
#206=EDGE_CURVE('',#193,#201,#205,.T.);
#207=ORIENTED_EDGE('',*,*,#206,.T.);
#208=CARTESIAN_POINT('',(-24.366583099,6.021915621,-4.16));
#209=VERTEX_POINT('',#208);
#210=CARTESIAN_POINT('',(-23.215841936,3.36,-4.16));
#211=DIRECTION('',(0.,0.,-1.));
#212=DIRECTION('',(0.,1.,0.));
#213=AXIS2_PLACEMENT_3D('',#210,#211,#212);
#214=CIRCLE('',#213,2.9);
#215=EDGE_CURVE('',#201,#209,#214,.T.);
#216=ORIENTED_EDGE('',*,*,#215,.T.);
#217=CARTESIAN_POINT('',(-24.415841936,6.26,-4.16));
#218=VERTEX_POINT('',#217);
#219=CARTESIAN_POINT('',(-24.366583099,6.021915621,-4.16));
#220=CARTESIAN_POINT('',(-24.415841936,6.26,-4.16));
#221=B_SPLINE_CURVE_WITH_KNOTS('',1,(#219,#220),.UNSPECIFIED.,.F.,.F.,(2,2),(0.,1.),.UNSPECIFIED.);
#222=EDGE_CURVE('',#209,#218,#221,.T.);
#223=ORIENTED_EDGE('',*,*,#222,.T.);
#224=CARTESIAN_POINT('',(-29.143129798,6.26,-4.16));
#225=VERTEX_POINT('',#224);
#226=CARTESIAN_POINT('',(-29.143129798,6.26,-4.16));
#227=DIRECTION('',(1.,-0.,-0.));
#228=VECTOR('',#227,4.727287862);
#229=LINE('',#226,#228);
#230=EDGE_CURVE('',#225,#218,#229,.T.);
#231=ORIENTED_EDGE('',*,*,#230,.F.);
#232=CARTESIAN_POINT('',(-29.881472717,5.378281612,-4.16));
#233=VERTEX_POINT('',#232);
#234=CARTESIAN_POINT('',(-29.143129798,5.51,-4.16));
#235=DIRECTION('',(-0.,0.,-1.));
#236=DIRECTION('',(-0.984457226,-0.175624517,-0.));
#237=AXIS2_PLACEMENT_3D('',#234,#235,#236);
#238=CIRCLE('',#237,0.75);
#239=EDGE_CURVE('',#233,#225,#238,.T.);
#240=ORIENTED_EDGE('',*,*,#239,.F.);
#241=CARTESIAN_POINT('',(-30.358362062,3.812105963,-4.16));
#242=VERTEX_POINT('',#241);
#243=CARTESIAN_POINT('',(-31.653495723,5.062157482,-4.16));
#244=DIRECTION('',(0.,0.,-1.));
#245=DIRECTION('',(0.984457226,0.175624517,0.));
#246=AXIS2_PLACEMENT_3D('',#243,#244,#245);
#247=CIRCLE('',#246,1.8);
#248=EDGE_CURVE('',#233,#242,#247,.T.);
#249=ORIENTED_EDGE('',*,*,#248,.T.);
#250=CARTESIAN_POINT('',(-30.358362062,2.033612832,-4.16));
#251=VERTEX_POINT('',#250);
#252=CARTESIAN_POINT('',(-30.358362062,3.812105963,-4.16));
#253=DIRECTION('',(-0.,-1.,-0.));
#254=VECTOR('',#253,1.778493131);
#255=LINE('',#252,#254);
#256=EDGE_CURVE('',#242,#251,#255,.T.);
#257=ORIENTED_EDGE('',*,*,#256,.T.);
#258=CARTESIAN_POINT('',(-30.288511,2.019718592,-4.16));
#259=VERTEX_POINT('',#258);
#260=CARTESIAN_POINT('',(-30.358362062,2.033612832,-4.16));
#261=DIRECTION('',(0.98078528,-0.195090322,-0.));
#262=VECTOR('',#261,0.071219525);
#263=LINE('',#260,#262);
#264=EDGE_CURVE('',#251,#259,#263,.T.);
#265=ORIENTED_EDGE('',*,*,#264,.T.);
#266=CARTESIAN_POINT('',(-30.288511,-0.572713257,-4.16));
#267=VERTEX_POINT('',#266);
#268=CARTESIAN_POINT('',(-30.288511,2.019718592,-4.16));
#269=DIRECTION('',(-0.,-1.,-0.));
#270=VECTOR('',#269,2.592431849);
#271=LINE('',#268,#270);
#272=EDGE_CURVE('',#259,#267,#271,.T.);
#273=ORIENTED_EDGE('',*,*,#272,.T.);
#274=CARTESIAN_POINT('',(-30.358362062,-0.586607498,-4.16));
#275=VERTEX_POINT('',#274);
#276=CARTESIAN_POINT('',(-30.288511,-0.572713257,-4.16));
#277=DIRECTION('',(-0.98078528,-0.195090322,-0.));
#278=VECTOR('',#277,0.071219525);
#279=LINE('',#276,#278);
#280=EDGE_CURVE('',#267,#275,#279,.T.);
#281=ORIENTED_EDGE('',*,*,#280,.T.);
#282=CARTESIAN_POINT('',(-30.358362062,-2.892105963,-4.16));
#283=VERTEX_POINT('',#282);
#284=CARTESIAN_POINT('',(-30.358362062,-0.586607498,-4.16));
#285=DIRECTION('',(-0.,-1.,-0.));
#286=VECTOR('',#285,2.305498465);
#287=LINE('',#284,#286);
#288=EDGE_CURVE('',#275,#283,#287,.T.);
#289=ORIENTED_EDGE('',*,*,#288,.T.);
#290=CARTESIAN_POINT('',(-30.159707808,-3.137867849,-4.16));
#291=VERTEX_POINT('',#290);
#292=CARTESIAN_POINT('',(-31.653495723,-4.142157482,-4.16));
#293=DIRECTION('',(-0.,0.,-1.));
#294=DIRECTION('',(0.808994165,0.587816672,0.));
#295=AXIS2_PLACEMENT_3D('',#292,#293,#294);
#296=CIRCLE('',#295,1.8);
#297=EDGE_CURVE('',#283,#291,#296,.T.);
#298=ORIENTED_EDGE('',*,*,#297,.T.);
#299=CARTESIAN_POINT('',(-30.094274746,-3.109242778,-4.16));
#300=VERTEX_POINT('',#299);
#301=CARTESIAN_POINT('',(-30.159707808,-3.137867849,-4.16));
#302=CARTESIAN_POINT('',(-30.094274746,-3.109242778,-4.16));
#303=B_SPLINE_CURVE_WITH_KNOTS('',1,(#301,#302),.UNSPECIFIED.,.F.,.F.,(2,2),(0.,1.),.UNSPECIFIED.);
#304=EDGE_CURVE('',#291,#300,#303,.T.);
#305=ORIENTED_EDGE('',*,*,#304,.T.);
#306=CARTESIAN_POINT('',(-26.113409289,-5.098267492,-4.16));
#307=VERTEX_POINT('',#306);
#308=CARTESIAN_POINT('',(-27.272552913,-2.44,-4.16));
#309=DIRECTION('',(0.,0.,-1.));
#310=DIRECTION('',(0.08427741,-0.996442331,-0.));
#311=AXIS2_PLACEMENT_3D('',#308,#309,#310);
#312=CIRCLE('',#311,2.9);
#313=EDGE_CURVE('',#307,#300,#312,.T.);
#314=ORIENTED_EDGE('',*,*,#313,.F.);
#315=CARTESIAN_POINT('',(-26.063395667,-5.338090311,-4.16));
#316=VERTEX_POINT('',#315);
#317=CARTESIAN_POINT('',(-26.113409289,-5.098267492,-4.16));
#318=DIRECTION('',(0.20415195,-0.978939212,-0.));
#319=VECTOR('',#318,0.24498234);
#320=LINE('',#317,#319);
#321=EDGE_CURVE('',#307,#316,#320,.T.);
#322=ORIENTED_EDGE('',*,*,#321,.T.);
#323=CARTESIAN_POINT('',(-22.255737784,-5.338090311,-4.16));
#324=VERTEX_POINT('',#323);
#325=CARTESIAN_POINT('',(-22.255737784,-5.338090311,-4.16));
#326=DIRECTION('',(-1.,-0.,-0.));
#327=VECTOR('',#326,3.807657882);
#328=LINE('',#325,#327);
#329=EDGE_CURVE('',#324,#316,#328,.T.);
#330=ORIENTED_EDGE('',*,*,#329,.F.);
#331=CARTESIAN_POINT('',(-22.255737784,-5.34,-4.16));
#332=VERTEX_POINT('',#331);
#333=CARTESIAN_POINT('',(-22.255737784,-5.34,-4.16));
#334=DIRECTION('',(0.,1.,0.));
#335=VECTOR('',#334,0.001909689);
#336=LINE('',#333,#335);
#337=EDGE_CURVE('',#332,#324,#336,.T.);
#338=ORIENTED_EDGE('',*,*,#337,.F.);
#339=CARTESIAN_POINT('',(-21.314508474,-5.34,-4.16));
#340=VERTEX_POINT('',#339);
#341=CARTESIAN_POINT('',(-21.314508474,-5.34,-4.16));
#342=DIRECTION('',(-1.,0.,0.));
#343=VECTOR('',#342,0.94122931);
#344=LINE('',#341,#343);
#345=EDGE_CURVE('',#340,#332,#344,.T.);
#346=ORIENTED_EDGE('',*,*,#345,.F.);
#347=CARTESIAN_POINT('',(-20.573366927,-4.704931318,-4.16));
#348=VERTEX_POINT('',#347);
#349=CARTESIAN_POINT('',(-21.314508474,-4.59,-4.16));
#350=DIRECTION('',(0.,0.,-1.));
#351=DIRECTION('',(0.988188729,-0.153241758,-0.));
#352=AXIS2_PLACEMENT_3D('',#349,#350,#351);
#353=CIRCLE('',#352,0.75);
#354=EDGE_CURVE('',#348,#340,#353,.T.);
#355=ORIENTED_EDGE('',*,*,#354,.F.);
#356=CARTESIAN_POINT('',(-20.206265029,-0.54,-4.16));
#357=VERTEX_POINT('',#356);
#358=CARTESIAN_POINT('',(-51.92813862,0.157358839,-4.16));
#359=DIRECTION('',(-0.,0.,-1.));
#360=DIRECTION('',(0.99975845,-0.021978222,-0.));
#361=AXIS2_PLACEMENT_3D('',#358,#359,#360);
#362=CIRCLE('',#361,31.72953787);
#363=EDGE_CURVE('',#357,#348,#362,.T.);
#364=ORIENTED_EDGE('',*,*,#363,.F.);
#365=CARTESIAN_POINT('',(-20.206265029,1.46,-4.16));
#366=VERTEX_POINT('',#365);
#367=CARTESIAN_POINT('',(-20.206265029,-0.54,-4.16));
#368=DIRECTION('',(0.,1.,0.));
#369=VECTOR('',#368,2.);
#370=LINE('',#367,#369);
#371=EDGE_CURVE('',#357,#366,#370,.T.);
#372=ORIENTED_EDGE('',*,*,#371,.T.);
#373=CARTESIAN_POINT('',(-20.294110297,3.222687003,-4.16));
#374=VERTEX_POINT('',#373);
#375=CARTESIAN_POINT('',(-51.92813862,0.762641161,-4.16));
#376=DIRECTION('',(-0.,0.,-1.));
#377=DIRECTION('',(0.995933296,0.090093669,0.));
#378=AXIS2_PLACEMENT_3D('',#375,#376,#377);
#379=CIRCLE('',#378,31.72953787);
#380=EDGE_CURVE('',#374,#366,#379,.T.);
#381=ORIENTED_EDGE('',*,*,#380,.F.);
#382=CARTESIAN_POINT('',(-20.319112468,3.222310534,-4.16));
#383=VERTEX_POINT('',#382);
#384=CARTESIAN_POINT('',(-20.294110297,3.222687003,-4.16));
#385=CARTESIAN_POINT('',(-20.319112468,3.222310534,-4.16));
#386=B_SPLINE_CURVE_WITH_KNOTS('',1,(#384,#385),.UNSPECIFIED.,.F.,.F.,(2,2),(0.,1.),.UNSPECIFIED.);
#387=EDGE_CURVE('',#374,#383,#386,.T.);
#388=ORIENTED_EDGE('',*,*,#387,.T.);
#389=CARTESIAN_POINT('',(-20.932824293,1.571752131,-4.16));
#390=VERTEX_POINT('',#389);
#391=CARTESIAN_POINT('',(-23.215841936,3.36,-4.16));
#392=DIRECTION('',(0.,0.,-1.));
#393=DIRECTION('',(0.,1.,0.));
#394=AXIS2_PLACEMENT_3D('',#391,#392,#393);
#395=CIRCLE('',#394,2.9);
#396=EDGE_CURVE('',#383,#390,#395,.T.);
#397=ORIENTED_EDGE('',*,*,#396,.T.);
#398=CARTESIAN_POINT('',(-20.353117958,1.571752131,-4.16));
#399=VERTEX_POINT('',#398);
#400=CARTESIAN_POINT('',(-20.932824293,1.571752131,-4.16));
#401=DIRECTION('',(1.,0.,-0.));
#402=VECTOR('',#401,0.579706335);
#403=LINE('',#400,#402);
#404=EDGE_CURVE('',#390,#399,#403,.T.);
#405=ORIENTED_EDGE('',*,*,#404,.T.);
#406=CARTESIAN_POINT('',(-20.353117958,0.6,-4.16));
#407=VERTEX_POINT('',#406);
#408=CARTESIAN_POINT('',(-20.353117958,1.571752131,-4.16));
#409=DIRECTION('',(0.,-1.,-0.));
#410=VECTOR('',#409,0.971752131);
#411=LINE('',#408,#410);
#412=EDGE_CURVE('',#399,#407,#411,.T.);
#413=ORIENTED_EDGE('',*,*,#412,.T.);
#414=CARTESIAN_POINT('',(-20.39,0.6,-4.16));
#415=VERTEX_POINT('',#414);
#416=CARTESIAN_POINT('',(-20.353117958,0.6,-4.16));
#417=DIRECTION('',(-1.,0.,0.));
#418=VECTOR('',#417,0.036882042);
#419=LINE('',#416,#418);
#420=EDGE_CURVE('',#407,#415,#419,.T.);
#421=ORIENTED_EDGE('',*,*,#420,.T.);
#422=CARTESIAN_POINT('',(-20.4,0.59,-4.16));
#423=VERTEX_POINT('',#422);
#424=CARTESIAN_POINT('',(-20.39,0.59,-4.16));
#425=DIRECTION('',(-0.,-0.,1.));
#426=DIRECTION('',(0.,1.,0.));
#427=AXIS2_PLACEMENT_3D('',#424,#425,#426);
#428=CIRCLE('',#427,0.01);
#429=EDGE_CURVE('',#415,#423,#428,.T.);
#430=ORIENTED_EDGE('',*,*,#429,.T.);
#431=CARTESIAN_POINT('',(-20.4,-0.3,-4.16));
#432=VERTEX_POINT('',#431);
#433=CARTESIAN_POINT('',(-20.4,-0.3,-4.16));
#434=DIRECTION('',(0.,1.,0.));
#435=VECTOR('',#434,0.89);
#436=LINE('',#433,#435);
#437=EDGE_CURVE('',#432,#423,#436,.T.);
#438=ORIENTED_EDGE('',*,*,#437,.F.);
#439=CARTESIAN_POINT('',(-21.03,-0.3,-4.16));
#440=DIRECTION('',(1.,0.,-0.));
#441=VECTOR('',#440,0.63);
#442=LINE('',#439,#441);
#443=EDGE_CURVE('',#176,#432,#442,.T.);
#444=ORIENTED_EDGE('',*,*,#443,.F.);
#445=EDGE_LOOP('',(#182,#191,#199,#207,#216,#223,#231,#240,#249,#257,#265,#273,#281,#289,#298,#305,#314,#322,#330,#338,#346,#355,#364,#372,#381,#388,
#397,#405,#413,#421,#430,#438,#444));
#446=FACE_BOUND('',#445,.T.);
#447=CARTESIAN_POINT('',(-28.479232101,5.178412654,-4.16));
#448=VERTEX_POINT('',#447);
#449=CARTESIAN_POINT('',(-28.479232101,4.658412654,-4.16));
#450=VERTEX_POINT('',#449);
#451=CARTESIAN_POINT('',(-28.479232101,5.178412654,-4.16));
#452=DIRECTION('',(0.,-1.,-0.));
#453=VECTOR('',#452,0.52);
#454=LINE('',#451,#453);
#455=EDGE_CURVE('',#448,#450,#454,.T.);
#456=ORIENTED_EDGE('',*,*,#455,.F.);
#457=CARTESIAN_POINT('',(-27.699232101,5.178412654,-4.16));
#458=VERTEX_POINT('',#457);
#459=CARTESIAN_POINT('',(-27.699232101,5.178412654,-4.16));
#460=DIRECTION('',(-1.,0.,0.));
#461=VECTOR('',#460,0.78);
#462=LINE('',#459,#461);
#463=EDGE_CURVE('',#458,#448,#462,.T.);
#464=ORIENTED_EDGE('',*,*,#463,.F.);
#465=CARTESIAN_POINT('',(-27.699232101,4.658412654,-4.16));
#466=VERTEX_POINT('',#465);
#467=CARTESIAN_POINT('',(-27.699232101,4.658412654,-4.16));
#468=DIRECTION('',(0.,1.,0.));
#469=VECTOR('',#468,0.52);
#470=LINE('',#467,#469);
#471=EDGE_CURVE('',#466,#458,#470,.T.);
#472=ORIENTED_EDGE('',*,*,#471,.F.);
#473=CARTESIAN_POINT('',(-28.479232101,4.658412654,-4.16));
#474=DIRECTION('',(1.,0.,-0.));
#475=VECTOR('',#474,0.78);
#476=LINE('',#473,#475);
#477=EDGE_CURVE('',#450,#466,#476,.T.);
#478=ORIENTED_EDGE('',*,*,#477,.F.);
#479=EDGE_LOOP('',(#456,#464,#472,#478));
#480=FACE_BOUND('',#479,.T.);
#481=CARTESIAN_POINT('',(-28.691914889,0.381877056,-4.16));
#482=VERTEX_POINT('',#481);
#483=CARTESIAN_POINT('',(-29.634217566,-0.408808773,-4.16));
#484=VERTEX_POINT('',#483);
#485=CARTESIAN_POINT('',(-28.691914889,0.381877056,-4.16));
#486=DIRECTION('',(-0.766044443,-0.64278761,-0.));
#487=VECTOR('',#486,1.230088783);
#488=LINE('',#485,#487);
#489=EDGE_CURVE('',#482,#484,#488,.T.);
#490=ORIENTED_EDGE('',*,*,#489,.T.);
#491=CARTESIAN_POINT('',(-30.184573272,0.247079617,-4.16));
#492=VERTEX_POINT('',#491);
#493=CARTESIAN_POINT('',(-29.634217566,-0.408808773,-4.16));
#494=DIRECTION('',(-0.64278761,0.766044443,0.));
#495=VECTOR('',#494,0.856201485);
#496=LINE('',#493,#495);
#497=EDGE_CURVE('',#484,#492,#496,.T.);
#498=ORIENTED_EDGE('',*,*,#497,.T.);
#499=CARTESIAN_POINT('',(-29.242270595,1.037765446,-4.16));
#500=VERTEX_POINT('',#499);
#501=CARTESIAN_POINT('',(-30.184573272,0.247079617,-4.16));
#502=DIRECTION('',(0.766044443,0.64278761,0.));
#503=VECTOR('',#502,1.230088783);
#504=LINE('',#501,#503);
#505=EDGE_CURVE('',#492,#500,#504,.T.);
#506=ORIENTED_EDGE('',*,*,#505,.T.);
#507=CARTESIAN_POINT('',(-28.691914889,0.381877056,-4.16));
#508=DIRECTION('',(-0.64278761,0.766044443,0.));
#509=VECTOR('',#508,0.856201485);
#510=LINE('',#507,#509);
#511=EDGE_CURVE('',#482,#500,#510,.T.);
#512=ORIENTED_EDGE('',*,*,#511,.F.);
#513=EDGE_LOOP('',(#490,#498,#506,#512));
#514=FACE_BOUND('',#513,.T.);
#515=CARTESIAN_POINT('',(-27.272552913,0.143779759,-4.16));
#516=VERTEX_POINT('',#515);
#517=CARTESIAN_POINT('',(-29.856332672,-2.44,-4.16));
#518=VERTEX_POINT('',#517);
#519=CARTESIAN_POINT('',(-27.272552913,-2.44,-4.16));
#520=DIRECTION('',(0.,0.,-1.));
#521=DIRECTION('',(0.,1.,0.));
#522=AXIS2_PLACEMENT_3D('',#519,#520,#521);
#523=CIRCLE('',#522,2.583779759);
#524=EDGE_CURVE('',#516,#518,#523,.T.);
#525=ORIENTED_EDGE('',*,*,#524,.T.);
#526=CARTESIAN_POINT('',(-27.272552913,-2.44,-4.16));
#527=DIRECTION('',(0.,0.,-1.));
#528=DIRECTION('',(0.,1.,0.));
#529=AXIS2_PLACEMENT_3D('',#526,#527,#528);
#530=CIRCLE('',#529,2.583779759);
#531=EDGE_CURVE('',#518,#516,#530,.T.);
#532=ORIENTED_EDGE('',*,*,#531,.T.);
#533=EDGE_LOOP('',(#525,#532));
#534=FACE_BOUND('',#533,.T.);
#535=CARTESIAN_POINT('',(-25.76,6.12,-4.16));
#536=VERTEX_POINT('',#535);
#537=CARTESIAN_POINT('',(-27.15,6.12,-4.16));
#538=VERTEX_POINT('',#537);
#539=CARTESIAN_POINT('',(-25.76,6.12,-4.16));
#540=DIRECTION('',(-1.,0.,0.));
#541=VECTOR('',#540,1.39);
#542=LINE('',#539,#541);
#543=EDGE_CURVE('',#536,#538,#542,.T.);
#544=ORIENTED_EDGE('',*,*,#543,.F.);
#545=CARTESIAN_POINT('',(-25.76,5.26,-4.16));
#546=VERTEX_POINT('',#545);
#547=CARTESIAN_POINT('',(-25.76,5.26,-4.16));
#548=DIRECTION('',(0.,1.,0.));
#549=VECTOR('',#548,0.86);
#550=LINE('',#547,#549);
#551=EDGE_CURVE('',#546,#536,#550,.T.);
#552=ORIENTED_EDGE('',*,*,#551,.F.);
#553=CARTESIAN_POINT('',(-27.15,5.26,-4.16));
#554=VERTEX_POINT('',#553);
#555=CARTESIAN_POINT('',(-27.15,5.26,-4.16));
#556=DIRECTION('',(1.,0.,-0.));
#557=VECTOR('',#556,1.39);
#558=LINE('',#555,#557);
#559=EDGE_CURVE('',#554,#546,#558,.T.);
#560=ORIENTED_EDGE('',*,*,#559,.F.);
#561=CARTESIAN_POINT('',(-27.15,6.12,-4.16));
#562=DIRECTION('',(0.,-1.,-0.));
#563=VECTOR('',#562,0.86);
#564=LINE('',#561,#563);
#565=EDGE_CURVE('',#538,#554,#564,.T.);
#566=ORIENTED_EDGE('',*,*,#565,.F.);
#567=EDGE_LOOP('',(#544,#552,#560,#566));
#568=FACE_BOUND('',#567,.T.);
#569=CARTESIAN_POINT('',(-28.881211255,4.123354409,-4.16));
#570=VERTEX_POINT('',#569);
#571=CARTESIAN_POINT('',(-29.551901648,4.436102476,-4.16));
#572=VERTEX_POINT('',#571);
#573=CARTESIAN_POINT('',(-28.881211255,4.123354409,-4.16));
#574=DIRECTION('',(-0.906307787,0.422618262,0.));
#575=VECTOR('',#574,0.74002497);
#576=LINE('',#573,#575);
#577=EDGE_CURVE('',#570,#572,#576,.T.);
#578=ORIENTED_EDGE('',*,*,#577,.F.);
#579=CARTESIAN_POINT('',(-29.375252796,3.063878904,-4.16));
#580=VERTEX_POINT('',#579);
#581=CARTESIAN_POINT('',(-29.375252796,3.063878904,-4.16));
#582=DIRECTION('',(0.422618262,0.906307787,0.));
#583=VECTOR('',#582,1.169001878);
#584=LINE('',#581,#583);
#585=EDGE_CURVE('',#580,#570,#584,.T.);
#586=ORIENTED_EDGE('',*,*,#585,.F.);
#587=CARTESIAN_POINT('',(-30.045943189,3.376626971,-4.16));
#588=VERTEX_POINT('',#587);
#589=CARTESIAN_POINT('',(-30.045943189,3.376626971,-4.16));
#590=DIRECTION('',(0.906307787,-0.422618262,-0.));
#591=VECTOR('',#590,0.74002497);
#592=LINE('',#589,#591);
#593=EDGE_CURVE('',#588,#580,#592,.T.);
#594=ORIENTED_EDGE('',*,*,#593,.F.);
#595=CARTESIAN_POINT('',(-29.551901648,4.436102476,-4.16));
#596=DIRECTION('',(-0.422618262,-0.906307787,-0.));
#597=VECTOR('',#596,1.169001878);
#598=LINE('',#595,#597);
#599=EDGE_CURVE('',#572,#588,#598,.T.);
#600=ORIENTED_EDGE('',*,*,#599,.F.);
#601=EDGE_LOOP('',(#578,#586,#594,#600));
#602=FACE_BOUND('',#601,.T.);
#603=CARTESIAN_POINT('',(-26.131660766,4.378897333,-4.16));
#604=VERTEX_POINT('',#603);
#605=CARTESIAN_POINT('',(-26.932905505,4.578670084,-4.16));
#606=VERTEX_POINT('',#605);
#607=CARTESIAN_POINT('',(-26.131660766,4.378897333,-4.16));
#608=DIRECTION('',(-0.970295726,0.241921896,0.));
#609=VECTOR('',#608,0.825773749);
#610=LINE('',#607,#609);
#611=EDGE_CURVE('',#604,#606,#610,.T.);
#612=ORIENTED_EDGE('',*,*,#611,.F.);
#613=CARTESIAN_POINT('',(-26.457800098,3.070823917,-4.16));
#614=VERTEX_POINT('',#613);
#615=CARTESIAN_POINT('',(-26.457800098,3.070823917,-4.16));
#616=DIRECTION('',(0.241921896,0.970295726,0.));
#617=VECTOR('',#616,1.348118291);
#618=LINE('',#615,#617);
#619=EDGE_CURVE('',#614,#604,#618,.T.);
#620=ORIENTED_EDGE('',*,*,#619,.F.);
#621=CARTESIAN_POINT('',(-27.259044837,3.270596668,-4.16));
#622=VERTEX_POINT('',#621);
#623=CARTESIAN_POINT('',(-27.259044837,3.270596668,-4.16));
#624=DIRECTION('',(0.970295726,-0.241921896,-0.));
#625=VECTOR('',#624,0.825773749);
#626=LINE('',#623,#625);
#627=EDGE_CURVE('',#622,#614,#626,.T.);
#628=ORIENTED_EDGE('',*,*,#627,.F.);
#629=CARTESIAN_POINT('',(-26.932905505,4.578670084,-4.16));
#630=DIRECTION('',(-0.241921896,-0.970295726,-0.));
#631=VECTOR('',#630,1.348118291);
#632=LINE('',#629,#631);
#633=EDGE_CURVE('',#606,#622,#632,.T.);
#634=ORIENTED_EDGE('',*,*,#633,.F.);
#635=EDGE_LOOP('',(#612,#620,#628,#634));
#636=FACE_BOUND('',#635,.T.);
#637=CARTESIAN_POINT('',(-29.4,1.36,-4.16));
#638=VERTEX_POINT('',#637);
#639=CARTESIAN_POINT('',(-26.5,1.36,-4.16));
#640=VERTEX_POINT('',#639);
#641=CARTESIAN_POINT('',(-29.4,1.36,-4.16));
#642=DIRECTION('',(1.,0.,-0.));
#643=VECTOR('',#642,2.9);
#644=LINE('',#641,#643);
#645=EDGE_CURVE('',#638,#640,#644,.T.);
#646=ORIENTED_EDGE('',*,*,#645,.F.);
#647=CARTESIAN_POINT('',(-29.4,2.9792969,-4.16));
#648=VERTEX_POINT('',#647);
#649=CARTESIAN_POINT('',(-29.4,1.36,-4.16));
#650=DIRECTION('',(0.,1.,0.));
#651=VECTOR('',#650,1.6192969);
#652=LINE('',#649,#651);
#653=EDGE_CURVE('',#638,#648,#652,.T.);
#654=ORIENTED_EDGE('',*,*,#653,.T.);
#655=CARTESIAN_POINT('',(-28.9,2.9792969,-4.16));
#656=VERTEX_POINT('',#655);
#657=CARTESIAN_POINT('',(-29.4,2.9792969,-4.16));
#658=DIRECTION('',(1.,0.,-0.));
#659=VECTOR('',#658,0.5);
#660=LINE('',#657,#659);
#661=EDGE_CURVE('',#648,#656,#660,.T.);
#662=ORIENTED_EDGE('',*,*,#661,.T.);
#663=CARTESIAN_POINT('',(-28.9,3.66,-4.16));
#664=VERTEX_POINT('',#663);
#665=CARTESIAN_POINT('',(-28.9,2.9792969,-4.16));
#666=DIRECTION('',(0.,1.,0.));
#667=VECTOR('',#666,0.6807031);
#668=LINE('',#665,#667);
#669=EDGE_CURVE('',#656,#664,#668,.T.);
#670=ORIENTED_EDGE('',*,*,#669,.T.);
#671=CARTESIAN_POINT('',(-28.483095227,3.66,-4.16));
#672=VERTEX_POINT('',#671);
#673=CARTESIAN_POINT('',(-28.9,3.66,-4.16));
#674=DIRECTION('',(1.,0.,-0.));
#675=VECTOR('',#674,0.416904773);
#676=LINE('',#673,#675);
#677=EDGE_CURVE('',#664,#672,#676,.T.);
#678=ORIENTED_EDGE('',*,*,#677,.T.);
#679=CARTESIAN_POINT('',(-28.483095227,4.46,-4.16));
#680=VERTEX_POINT('',#679);
#681=CARTESIAN_POINT('',(-28.483095227,3.66,-4.16));
#682=DIRECTION('',(0.,1.,0.));
#683=VECTOR('',#682,0.8);
#684=LINE('',#681,#683);
#685=EDGE_CURVE('',#672,#680,#684,.T.);
#686=ORIENTED_EDGE('',*,*,#685,.T.);
#687=CARTESIAN_POINT('',(-27.2,4.46,-4.16));
#688=VERTEX_POINT('',#687);
#689=CARTESIAN_POINT('',(-28.483095227,4.46,-4.16));
#690=DIRECTION('',(1.,0.,-0.));
#691=VECTOR('',#690,1.283095227);
#692=LINE('',#689,#691);
#693=EDGE_CURVE('',#680,#688,#692,.T.);
#694=ORIENTED_EDGE('',*,*,#693,.T.);
#695=CARTESIAN_POINT('',(-27.2,3.66,-4.16));
#696=VERTEX_POINT('',#695);
#697=CARTESIAN_POINT('',(-27.2,4.46,-4.16));
#698=DIRECTION('',(0.,-1.,-0.));
#699=VECTOR('',#698,0.8);
#700=LINE('',#697,#699);
#701=EDGE_CURVE('',#688,#696,#700,.T.);
#702=ORIENTED_EDGE('',*,*,#701,.T.);
#703=CARTESIAN_POINT('',(-27.5,3.66,-4.16));
#704=VERTEX_POINT('',#703);
#705=CARTESIAN_POINT('',(-27.5,3.66,-4.16));
#706=DIRECTION('',(1.,0.,-0.));
#707=VECTOR('',#706,0.3);
#708=LINE('',#705,#707);
#709=EDGE_CURVE('',#704,#696,#708,.T.);
#710=ORIENTED_EDGE('',*,*,#709,.F.);
#711=CARTESIAN_POINT('',(-27.5,2.9792969,-4.16));
#712=VERTEX_POINT('',#711);
#713=CARTESIAN_POINT('',(-27.5,3.66,-4.16));
#714=DIRECTION('',(0.,-1.,-0.));
#715=VECTOR('',#714,0.6807031);
#716=LINE('',#713,#715);
#717=EDGE_CURVE('',#704,#712,#716,.T.);
#718=ORIENTED_EDGE('',*,*,#717,.T.);
#719=CARTESIAN_POINT('',(-26.5,2.9792969,-4.16));
#720=VERTEX_POINT('',#719);
#721=CARTESIAN_POINT('',(-26.5,2.9792969,-4.16));
#722=DIRECTION('',(-1.,0.,0.));
#723=VECTOR('',#722,1.);
#724=LINE('',#721,#723);
#725=EDGE_CURVE('',#720,#712,#724,.T.);
#726=ORIENTED_EDGE('',*,*,#725,.F.);
#727=CARTESIAN_POINT('',(-26.5,1.36,-4.16));
#728=DIRECTION('',(0.,1.,0.));
#729=VECTOR('',#728,1.6192969);
#730=LINE('',#727,#729);
#731=EDGE_CURVE('',#640,#720,#730,.T.);
#732=ORIENTED_EDGE('',*,*,#731,.F.);
#733=EDGE_LOOP('',(#646,#654,#662,#670,#678,#686,#694,#702,#710,#718,#726,#732));
#734=FACE_BOUND('',#733,.T.);
#735=CARTESIAN_POINT('',(-26.93,5.25,-4.16));
#736=VERTEX_POINT('',#735);
#737=CARTESIAN_POINT('',(-26.93,4.6,-4.16));
#738=VERTEX_POINT('',#737);
#739=CARTESIAN_POINT('',(-26.93,5.25,-4.16));
#740=DIRECTION('',(0.,-1.,-0.));
#741=VECTOR('',#740,0.65);
#742=LINE('',#739,#741);
#743=EDGE_CURVE('',#736,#738,#742,.T.);
#744=ORIENTED_EDGE('',*,*,#743,.F.);
#745=CARTESIAN_POINT('',(-26.1,5.25,-4.16));
#746=VERTEX_POINT('',#745);
#747=CARTESIAN_POINT('',(-26.1,5.25,-4.16));
#748=DIRECTION('',(-1.,0.,0.));
#749=VECTOR('',#748,0.83);
#750=LINE('',#747,#749);
#751=EDGE_CURVE('',#746,#736,#750,.T.);
#752=ORIENTED_EDGE('',*,*,#751,.F.);
#753=CARTESIAN_POINT('',(-26.1,4.6,-4.16));
#754=VERTEX_POINT('',#753);
#755=CARTESIAN_POINT('',(-26.1,4.6,-4.16));
#756=DIRECTION('',(0.,1.,0.));
#757=VECTOR('',#756,0.65);
#758=LINE('',#755,#757);
#759=EDGE_CURVE('',#754,#746,#758,.T.);
#760=ORIENTED_EDGE('',*,*,#759,.F.);
#761=CARTESIAN_POINT('',(-26.93,4.6,-4.16));
#762=DIRECTION('',(1.,0.,-0.));
#763=VECTOR('',#762,0.83);
#764=LINE('',#761,#763);
#765=EDGE_CURVE('',#738,#754,#764,.T.);
#766=ORIENTED_EDGE('',*,*,#765,.F.);
#767=EDGE_LOOP('',(#744,#752,#760,#766));
#768=FACE_BOUND('',#767,.T.);
#769=CARTESIAN_POINT('',(-24.5,-3.8,-4.16));
#770=VERTEX_POINT('',#769);
#771=CARTESIAN_POINT('',(-24.5,-4.27995174,-4.16));
#772=VERTEX_POINT('',#771);
#773=CARTESIAN_POINT('',(-24.5,-3.8,-4.16));
#774=DIRECTION('',(0.,-1.,-0.));
#775=VECTOR('',#774,0.47995174);
#776=LINE('',#773,#775);
#777=EDGE_CURVE('',#770,#772,#776,.T.);
#778=ORIENTED_EDGE('',*,*,#777,.F.);
#779=CARTESIAN_POINT('',(-24.35,-3.8,-4.16));
#780=VERTEX_POINT('',#779);
#781=CARTESIAN_POINT('',(-24.35,-3.8,-4.16));
#782=DIRECTION('',(-1.,0.,0.));
#783=VECTOR('',#782,0.15);
#784=LINE('',#781,#783);
#785=EDGE_CURVE('',#780,#770,#784,.T.);
#786=ORIENTED_EDGE('',*,*,#785,.F.);
#787=CARTESIAN_POINT('',(-24.35,-2.922626445,-4.16));
#788=VERTEX_POINT('',#787);
#789=CARTESIAN_POINT('',(-24.35,-3.8,-4.16));
#790=DIRECTION('',(0.,1.,0.));
#791=VECTOR('',#790,0.877373555);
#792=LINE('',#789,#791);
#793=EDGE_CURVE('',#780,#788,#792,.T.);
#794=ORIENTED_EDGE('',*,*,#793,.T.);
#795=CARTESIAN_POINT('',(-23.809228092,-2.922626445,-4.16));
#796=VERTEX_POINT('',#795);
#797=CARTESIAN_POINT('',(-24.35,-2.922626445,-4.16));
#798=DIRECTION('',(1.,0.,-0.));
#799=VECTOR('',#798,0.540771908);
#800=LINE('',#797,#799);
#801=EDGE_CURVE('',#788,#796,#800,.T.);
#802=ORIENTED_EDGE('',*,*,#801,.T.);
#803=CARTESIAN_POINT('',(-23.809228092,-1.945,-4.16));
#804=VERTEX_POINT('',#803);
#805=CARTESIAN_POINT('',(-23.809228092,-1.945,-4.16));
#806=DIRECTION('',(0.,-1.,-0.));
#807=VECTOR('',#806,0.977626445);
#808=LINE('',#805,#807);
#809=EDGE_CURVE('',#804,#796,#808,.T.);
#810=ORIENTED_EDGE('',*,*,#809,.F.);
#811=CARTESIAN_POINT('',(-24.34000254,-1.945,-4.16));
#812=VERTEX_POINT('',#811);
#813=CARTESIAN_POINT('',(-23.809228092,-1.945,-4.16));
#814=DIRECTION('',(-1.,0.,0.));
#815=VECTOR('',#814,0.530774448);
#816=LINE('',#813,#815);
#817=EDGE_CURVE('',#804,#812,#816,.T.);
#818=ORIENTED_EDGE('',*,*,#817,.T.);
#819=CARTESIAN_POINT('',(-24.34000254,-1.144287642,-4.16));
#820=VERTEX_POINT('',#819);
#821=CARTESIAN_POINT('',(-24.34000254,-1.945,-4.16));
#822=DIRECTION('',(0.,1.,0.));
#823=VECTOR('',#822,0.800712358);
#824=LINE('',#821,#823);
#825=EDGE_CURVE('',#812,#820,#824,.T.);
#826=ORIENTED_EDGE('',*,*,#825,.T.);
#827=CARTESIAN_POINT('',(-23.809228092,-1.144287642,-4.16));
#828=VERTEX_POINT('',#827);
#829=CARTESIAN_POINT('',(-24.34000254,-1.144287642,-4.16));
#830=DIRECTION('',(1.,0.,-0.));
#831=VECTOR('',#830,0.530774448);
#832=LINE('',#829,#831);
#833=EDGE_CURVE('',#820,#828,#832,.T.);
#834=ORIENTED_EDGE('',*,*,#833,.T.);
#835=CARTESIAN_POINT('',(-23.809228092,-0.34,-4.16));
#836=VERTEX_POINT('',#835);
#837=CARTESIAN_POINT('',(-23.809228092,-0.34,-4.16));
#838=DIRECTION('',(0.,-1.,-0.));
#839=VECTOR('',#838,0.804287642);
#840=LINE('',#837,#839);
#841=EDGE_CURVE('',#836,#828,#840,.T.);
#842=ORIENTED_EDGE('',*,*,#841,.F.);
#843=CARTESIAN_POINT('',(-20.6,-0.34,-4.16));
#844=VERTEX_POINT('',#843);
#845=CARTESIAN_POINT('',(-20.6,-0.34,-4.16));
#846=DIRECTION('',(-1.,0.,0.));
#847=VECTOR('',#846,3.209228092);
#848=LINE('',#845,#847);
#849=EDGE_CURVE('',#844,#836,#848,.T.);
#850=ORIENTED_EDGE('',*,*,#849,.F.);
#851=CARTESIAN_POINT('',(-20.6,-3.55,-4.16));
#852=VERTEX_POINT('',#851);
#853=CARTESIAN_POINT('',(-20.6,-3.55,-4.16));
#854=DIRECTION('',(0.,1.,0.));
#855=VECTOR('',#854,3.21);
#856=LINE('',#853,#855);
#857=EDGE_CURVE('',#852,#844,#856,.T.);
#858=ORIENTED_EDGE('',*,*,#857,.F.);
#859=CARTESIAN_POINT('',(-23.809228092,-3.55,-4.16));
#860=VERTEX_POINT('',#859);
#861=CARTESIAN_POINT('',(-23.809228092,-3.55,-4.16));
#862=DIRECTION('',(1.,0.,-0.));
#863=VECTOR('',#862,3.209228092);
#864=LINE('',#861,#863);
#865=EDGE_CURVE('',#860,#852,#864,.T.);
#866=ORIENTED_EDGE('',*,*,#865,.F.);
#867=CARTESIAN_POINT('',(-23.809228092,-3.8,-4.16));
#868=VERTEX_POINT('',#867);
#869=CARTESIAN_POINT('',(-23.809228092,-3.55,-4.16));
#870=DIRECTION('',(0.,-1.,-0.));
#871=VECTOR('',#870,0.25);
#872=LINE('',#869,#871);
#873=EDGE_CURVE('',#860,#868,#872,.T.);
#874=ORIENTED_EDGE('',*,*,#873,.T.);
#875=CARTESIAN_POINT('',(-23.7,-3.8,-4.16));
#876=VERTEX_POINT('',#875);
#877=CARTESIAN_POINT('',(-23.7,-3.8,-4.16));
#878=DIRECTION('',(-1.,0.,0.));
#879=VECTOR('',#878,0.109228092);
#880=LINE('',#877,#879);
#881=EDGE_CURVE('',#876,#868,#880,.T.);
#882=ORIENTED_EDGE('',*,*,#881,.F.);
#883=CARTESIAN_POINT('',(-23.7,-5.14,-4.16));
#884=VERTEX_POINT('',#883);
#885=CARTESIAN_POINT('',(-23.7,-5.14,-4.16));
#886=DIRECTION('',(0.,1.,0.));
#887=VECTOR('',#886,1.34);
#888=LINE('',#885,#887);
#889=EDGE_CURVE('',#884,#876,#888,.T.);
#890=ORIENTED_EDGE('',*,*,#889,.F.);
#891=CARTESIAN_POINT('',(-24.950825502,-5.14,-4.16));
#892=VERTEX_POINT('',#891);
#893=CARTESIAN_POINT('',(-24.950825502,-5.14,-4.16));
#894=DIRECTION('',(1.,0.,-0.));
#895=VECTOR('',#894,1.250825502);
#896=LINE('',#893,#895);
#897=EDGE_CURVE('',#892,#884,#896,.T.);
#898=ORIENTED_EDGE('',*,*,#897,.F.);
#899=CARTESIAN_POINT('',(-24.950825502,-4.27995174,-4.16));
#900=VERTEX_POINT('',#899);
#901=CARTESIAN_POINT('',(-24.950825502,-4.27995174,-4.16));
#902=DIRECTION('',(0.,-1.,-0.));
#903=VECTOR('',#902,0.86004826);
#904=LINE('',#901,#903);
#905=EDGE_CURVE('',#900,#892,#904,.T.);
#906=ORIENTED_EDGE('',*,*,#905,.F.);
#907=CARTESIAN_POINT('',(-24.5,-4.27995174,-4.16));
#908=DIRECTION('',(-1.,0.,0.));
#909=VECTOR('',#908,0.450825502);
#910=LINE('',#907,#909);
#911=EDGE_CURVE('',#772,#900,#910,.T.);
#912=ORIENTED_EDGE('',*,*,#911,.F.);
#913=EDGE_LOOP('',(#778,#786,#794,#802,#810,#818,#826,#834,#842,#850,#858,#866,#874,#882,#890,#898,#906,#912));
#914=FACE_BOUND('',#913,.T.);
#915=CARTESIAN_POINT('',(-24.579929006,-0.593788102,-4.16));
#916=VERTEX_POINT('',#915);
#917=CARTESIAN_POINT('',(-24.587643042,-0.60766525,-4.16));
#918=VERTEX_POINT('',#917);
#919=CARTESIAN_POINT('',(-24.579929006,-0.593788102,-4.16));
#920=DIRECTION('',(-0.485859962,-0.874036668,-0.));
#921=VECTOR('',#920,0.015877078);
#922=LINE('',#919,#921);
#923=EDGE_CURVE('',#916,#918,#922,.T.);
#924=ORIENTED_EDGE('',*,*,#923,.F.);
#925=CARTESIAN_POINT('',(-25.349081274,-0.166231335,-4.16));
#926=VERTEX_POINT('',#925);
#927=CARTESIAN_POINT('',(-24.579929006,-0.593788102,-4.16));
#928=DIRECTION('',(-0.874036668,0.485859962,0.));
#929=VECTOR('',#928,0.88);
#930=LINE('',#927,#929);
#931=EDGE_CURVE('',#916,#926,#930,.T.);
#932=ORIENTED_EDGE('',*,*,#931,.T.);
#933=CARTESIAN_POINT('',(-24.781698755,0.85446015,-4.16));
#934=VERTEX_POINT('',#933);
#935=CARTESIAN_POINT('',(-25.349081274,-0.166231335,-4.16));
#936=DIRECTION('',(0.485859962,0.874036668,0.));
#937=VECTOR('',#936,1.167790234);
#938=LINE('',#935,#937);
#939=EDGE_CURVE('',#926,#934,#938,.T.);
#940=ORIENTED_EDGE('',*,*,#939,.T.);
#941=CARTESIAN_POINT('',(-24.012546487,0.426903383,-4.16));
#942=VERTEX_POINT('',#941);
#943=CARTESIAN_POINT('',(-24.781698755,0.85446015,-4.16));
#944=DIRECTION('',(0.874036668,-0.485859962,-0.));
#945=VECTOR('',#944,0.88);
#946=LINE('',#943,#945);
#947=EDGE_CURVE('',#934,#942,#946,.T.);
#948=ORIENTED_EDGE('',*,*,#947,.T.);
#949=CARTESIAN_POINT('',(-24.219612169,0.054403048,-4.16));
#950=VERTEX_POINT('',#949);
#951=CARTESIAN_POINT('',(-24.012546487,0.426903383,-4.16));
#952=DIRECTION('',(-0.485859962,-0.874036668,-0.));
#953=VECTOR('',#952,0.426183877);
#954=LINE('',#951,#953);
#955=EDGE_CURVE('',#942,#950,#954,.T.);
#956=ORIENTED_EDGE('',*,*,#955,.T.);
#957=CARTESIAN_POINT('',(-23.831969127,-0.16108017,-4.16));
#958=VERTEX_POINT('',#957);
#959=CARTESIAN_POINT('',(-23.831969127,-0.16108017,-4.16));
#960=DIRECTION('',(-0.874036668,0.485859962,0.));
#961=VECTOR('',#960,0.443508901);
#962=LINE('',#959,#961);
#963=EDGE_CURVE('',#958,#950,#962,.T.);
#964=ORIENTED_EDGE('',*,*,#963,.F.);
#965=CARTESIAN_POINT('',(-24.2,-0.823148468,-4.16));
#966=VERTEX_POINT('',#965);
#967=CARTESIAN_POINT('',(-24.2,-0.823148468,-4.16));
#968=DIRECTION('',(0.485859962,0.874036668,0.));
#969=VECTOR('',#968,0.757483435);
#970=LINE('',#967,#969);
#971=EDGE_CURVE('',#966,#958,#970,.T.);
#972=ORIENTED_EDGE('',*,*,#971,.F.);
#973=CARTESIAN_POINT('',(-24.587643042,-0.60766525,-4.16));
#974=DIRECTION('',(0.874036668,-0.485859962,-0.));
#975=VECTOR('',#974,0.443508901);
#976=LINE('',#973,#975);
#977=EDGE_CURVE('',#918,#966,#976,.T.);
#978=ORIENTED_EDGE('',*,*,#977,.F.);
#979=EDGE_LOOP('',(#924,#932,#940,#948,#956,#964,#972,#978));
#980=FACE_BOUND('',#979,.T.);
#981=ADVANCED_FACE('',(#446,#480,#514,#534,#568,#602,#636,#734,#768,#914,#980),#172,.F.);
#982=CARTESIAN_POINT('',(-29.4,2.56964845,-5.06));
#983=DIRECTION('',(1.,0.,0.));
#984=DIRECTION('',(0.,0.,-1.));
#985=AXIS2_PLACEMENT_3D('',#982,#983,#984);
#986=PLANE('',#985);
#987=ORIENTED_EDGE('',*,*,#653,.F.);
#988=CARTESIAN_POINT('',(-29.4,1.36,-4.76));
#989=VERTEX_POINT('',#988);
#990=CARTESIAN_POINT('',(-29.4,1.36,-4.16));
#991=DIRECTION('',(0.,0.,-1.));
#992=VECTOR('',#991,0.6);
#993=LINE('',#990,#992);
#994=EDGE_CURVE('',#638,#989,#993,.T.);
#995=ORIENTED_EDGE('',*,*,#994,.T.);
#996=CARTESIAN_POINT('',(-29.4,2.9792969,-4.76));
#997=VERTEX_POINT('',#996);
#998=CARTESIAN_POINT('',(-29.4,1.36,-4.76));
#999=DIRECTION('',(0.,1.,0.));
#1000=VECTOR('',#999,1.6192969);
#1001=LINE('',#998,#1000);
#1002=EDGE_CURVE('',#989,#997,#1001,.T.);
#1003=ORIENTED_EDGE('',*,*,#1002,.T.);
#1004=CARTESIAN_POINT('',(-29.4,2.9792969,-4.76));
#1005=DIRECTION('',(0.,-0.,1.));
#1006=VECTOR('',#1005,0.6);
#1007=LINE('',#1004,#1006);
#1008=EDGE_CURVE('',#997,#648,#1007,.T.);
#1009=ORIENTED_EDGE('',*,*,#1008,.T.);
#1010=EDGE_LOOP('',(#987,#995,#1003,#1009));
#1011=FACE_BOUND('',#1010,.T.);
#1012=ADVANCED_FACE('',(#1011),#986,.T.);
#1013=CARTESIAN_POINT('',(-71.3,0.46,-4.76));
#1014=DIRECTION('',(0.,-0.,1.));
#1015=DIRECTION('',(0.,1.,0.));
#1016=AXIS2_PLACEMENT_3D('',#1013,#1014,#1015);
#1017=PLANE('',#1016);
#1018=ORIENTED_EDGE('',*,*,#1002,.F.);
#1019=CARTESIAN_POINT('',(-26.5,1.36,-4.76));
#1020=VERTEX_POINT('',#1019);
#1021=CARTESIAN_POINT('',(-29.4,1.36,-4.76));
#1022=DIRECTION('',(1.,0.,-0.));
#1023=VECTOR('',#1022,2.9);
#1024=LINE('',#1021,#1023);
#1025=EDGE_CURVE('',#989,#1020,#1024,.T.);
#1026=ORIENTED_EDGE('',*,*,#1025,.T.);
#1027=CARTESIAN_POINT('',(-26.5,2.9792969,-4.76));
#1028=VERTEX_POINT('',#1027);
#1029=CARTESIAN_POINT('',(-26.5,1.36,-4.76));
#1030=DIRECTION('',(0.,1.,0.));
#1031=VECTOR('',#1030,1.6192969);
#1032=LINE('',#1029,#1031);
#1033=EDGE_CURVE('',#1020,#1028,#1032,.T.);
#1034=ORIENTED_EDGE('',*,*,#1033,.T.);
#1035=CARTESIAN_POINT('',(-27.5,2.9792969,-4.76));
#1036=VERTEX_POINT('',#1035);
#1037=CARTESIAN_POINT('',(-26.5,2.9792969,-4.76));
#1038=DIRECTION('',(-1.,0.,0.));
#1039=VECTOR('',#1038,1.);
#1040=LINE('',#1037,#1039);
#1041=EDGE_CURVE('',#1028,#1036,#1040,.T.);
#1042=ORIENTED_EDGE('',*,*,#1041,.T.);
#1043=CARTESIAN_POINT('',(-27.5,3.66,-4.76));
#1044=VERTEX_POINT('',#1043);
#1045=CARTESIAN_POINT('',(-27.5,3.66,-4.76));
#1046=DIRECTION('',(0.,-1.,-0.));
#1047=VECTOR('',#1046,0.6807031);
#1048=LINE('',#1045,#1047);
#1049=EDGE_CURVE('',#1044,#1036,#1048,.T.);
#1050=ORIENTED_EDGE('',*,*,#1049,.F.);
#1051=CARTESIAN_POINT('',(-27.2,3.66,-4.76));
#1052=VERTEX_POINT('',#1051);
#1053=CARTESIAN_POINT('',(-27.5,3.66,-4.76));
#1054=DIRECTION('',(1.,0.,-0.));
#1055=VECTOR('',#1054,0.3);
#1056=LINE('',#1053,#1055);
#1057=EDGE_CURVE('',#1044,#1052,#1056,.T.);
#1058=ORIENTED_EDGE('',*,*,#1057,.T.);
#1059=CARTESIAN_POINT('',(-27.2,4.46,-4.76));
#1060=VERTEX_POINT('',#1059);
#1061=CARTESIAN_POINT('',(-27.2,4.46,-4.76));
#1062=DIRECTION('',(0.,-1.,-0.));
#1063=VECTOR('',#1062,0.8);
#1064=LINE('',#1061,#1063);
#1065=EDGE_CURVE('',#1060,#1052,#1064,.T.);
#1066=ORIENTED_EDGE('',*,*,#1065,.F.);
#1067=CARTESIAN_POINT('',(-28.483095227,4.46,-4.76));
#1068=VERTEX_POINT('',#1067);
#1069=CARTESIAN_POINT('',(-28.483095227,4.46,-4.76));
#1070=DIRECTION('',(1.,0.,-0.));
#1071=VECTOR('',#1070,1.283095227);
#1072=LINE('',#1069,#1071);
#1073=EDGE_CURVE('',#1068,#1060,#1072,.T.);
#1074=ORIENTED_EDGE('',*,*,#1073,.F.);
#1075=CARTESIAN_POINT('',(-28.483095227,3.66,-4.76));
#1076=VERTEX_POINT('',#1075);
#1077=CARTESIAN_POINT('',(-28.483095227,3.66,-4.76));
#1078=DIRECTION('',(0.,1.,0.));
#1079=VECTOR('',#1078,0.8);
#1080=LINE('',#1077,#1079);
#1081=EDGE_CURVE('',#1076,#1068,#1080,.T.);
#1082=ORIENTED_EDGE('',*,*,#1081,.F.);
#1083=CARTESIAN_POINT('',(-28.9,3.66,-4.76));
#1084=VERTEX_POINT('',#1083);
#1085=CARTESIAN_POINT('',(-28.9,3.66,-4.76));
#1086=DIRECTION('',(1.,0.,-0.));
#1087=VECTOR('',#1086,0.416904773);
#1088=LINE('',#1085,#1087);
#1089=EDGE_CURVE('',#1084,#1076,#1088,.T.);
#1090=ORIENTED_EDGE('',*,*,#1089,.F.);
#1091=CARTESIAN_POINT('',(-28.9,2.9792969,-4.76));
#1092=VERTEX_POINT('',#1091);
#1093=CARTESIAN_POINT('',(-28.9,2.9792969,-4.76));
#1094=DIRECTION('',(0.,1.,0.));
#1095=VECTOR('',#1094,0.6807031);
#1096=LINE('',#1093,#1095);
#1097=EDGE_CURVE('',#1092,#1084,#1096,.T.);
#1098=ORIENTED_EDGE('',*,*,#1097,.F.);
#1099=CARTESIAN_POINT('',(-29.4,2.9792969,-4.76));
#1100=DIRECTION('',(1.,0.,-0.));
#1101=VECTOR('',#1100,0.5);
#1102=LINE('',#1099,#1101);
#1103=EDGE_CURVE('',#997,#1092,#1102,.T.);
#1104=ORIENTED_EDGE('',*,*,#1103,.F.);
#1105=EDGE_LOOP('',(#1018,#1026,#1034,#1042,#1050,#1058,#1066,#1074,#1082,#1090,#1098,#1104));
#1106=FACE_BOUND('',#1105,.T.);
#1107=ADVANCED_FACE('',(#1106),#1017,.T.);
#1108=CARTESIAN_POINT('',(-30.903374498,-1.74,-4.336955069));
#1109=DIRECTION('',(0.308811457,0.,-0.951123275));
#1110=DIRECTION('',(-0.951123275,0.,-0.308811457));
#1111=AXIS2_PLACEMENT_3D('',#1108,#1109,#1110);
#1112=PLANE('',#1111);
#1113=ORIENTED_EDGE('',*,*,#256,.F.);
#1114=CARTESIAN_POINT('',(-33.397306225,4.615923314,-5.146686796));
#1115=VERTEX_POINT('',#1114);
#1116=CARTESIAN_POINT('',(-31.653495723,5.062157482,-4.580505022));
#1117=DIRECTION('',(-0.308811457,0.,0.951123275));
#1118=DIRECTION('',(-0.951123275,0.,-0.308811457));
#1119=AXIS2_PLACEMENT_3D('',#1116,#1117,#1118);
#1120=ELLIPSE('',#1119,1.892499162,1.8);
#1121=EDGE_CURVE('',#1115,#242,#1120,.T.);
#1122=ORIENTED_EDGE('',*,*,#1121,.F.);
#1123=CARTESIAN_POINT('',(-33.397306225,2.638096409,-5.146686796));
#1124=VERTEX_POINT('',#1123);
#1125=CARTESIAN_POINT('',(-33.397306225,4.615923314,-5.146686796));
#1126=DIRECTION('',(0.,-1.,0.));
#1127=VECTOR('',#1126,1.977826904);
#1128=LINE('',#1125,#1127);
#1129=EDGE_CURVE('',#1115,#1124,#1128,.T.);
#1130=ORIENTED_EDGE('',*,*,#1129,.T.);
#1131=CARTESIAN_POINT('',(-33.397306225,2.638096409,-5.146686796));
#1132=DIRECTION('',(0.93454526,-0.18589261,0.303428895));
#1133=VECTOR('',#1132,3.251789178);
#1134=LINE('',#1131,#1133);
#1135=EDGE_CURVE('',#1124,#251,#1134,.T.);
#1136=ORIENTED_EDGE('',*,*,#1135,.T.);
#1137=EDGE_LOOP('',(#1113,#1122,#1130,#1136));
#1138=FACE_BOUND('',#1137,.T.);
#1139=ADVANCED_FACE('',(#1138),#1112,.F.);
#1140=CARTESIAN_POINT('',(-33.397306225,-1.592043736,-4.16));
#1141=DIRECTION('',(-1.,0.,0.));
#1142=DIRECTION('',(0.,0.,-1.));
#1143=AXIS2_PLACEMENT_3D('',#1140,#1141,#1142);
#1144=PLANE('',#1143);
#1145=CARTESIAN_POINT('',(-33.397306225,-1.191091075,-5.514672744));
#1146=VERTEX_POINT('',#1145);
#1147=CARTESIAN_POINT('',(-33.397306225,2.638096409,-5.514672744));
#1148=VERTEX_POINT('',#1147);
#1149=CARTESIAN_POINT('',(-33.397306225,-1.191091075,-5.514672744));
#1150=DIRECTION('',(0.,1.,0.));
#1151=VECTOR('',#1150,3.829187485);
#1152=LINE('',#1149,#1151);
#1153=EDGE_CURVE('',#1146,#1148,#1152,.T.);
#1154=ORIENTED_EDGE('',*,*,#1153,.T.);
#1155=CARTESIAN_POINT('',(-33.397306225,2.638096409,-5.514672744));
#1156=DIRECTION('',(-0.,-0.,1.));
#1157=VECTOR('',#1156,0.367985948);
#1158=LINE('',#1155,#1157);
#1159=EDGE_CURVE('',#1148,#1124,#1158,.T.);
#1160=ORIENTED_EDGE('',*,*,#1159,.T.);
#1161=ORIENTED_EDGE('',*,*,#1129,.F.);
#1162=CARTESIAN_POINT('',(-33.397306225,4.615923314,-5.8));
#1163=VERTEX_POINT('',#1162);
#1164=CARTESIAN_POINT('',(-33.397306225,4.615923314,-5.146686796));
#1165=DIRECTION('',(0.,0.,-1.));
#1166=VECTOR('',#1165,0.653313204);
#1167=LINE('',#1164,#1166);
#1168=EDGE_CURVE('',#1115,#1163,#1167,.T.);
#1169=ORIENTED_EDGE('',*,*,#1168,.T.);
#1170=CARTESIAN_POINT('',(-33.397306225,-3.695923314,-5.8));
#1171=VERTEX_POINT('',#1170);
#1172=CARTESIAN_POINT('',(-33.397306225,-3.695923314,-5.8));
#1173=DIRECTION('',(0.,1.,0.));
#1174=VECTOR('',#1173,8.311846628);
#1175=LINE('',#1172,#1174);
#1176=EDGE_CURVE('',#1171,#1163,#1175,.T.);
#1177=ORIENTED_EDGE('',*,*,#1176,.F.);
#1178=CARTESIAN_POINT('',(-33.397306225,-3.695923314,-5.146686796));
#1179=VERTEX_POINT('',#1178);
#1180=CARTESIAN_POINT('',(-33.397306225,-3.695923314,-5.146686796));
#1181=DIRECTION('',(0.,0.,-1.));
#1182=VECTOR('',#1181,0.653313204);
#1183=LINE('',#1180,#1182);
#1184=EDGE_CURVE('',#1179,#1171,#1183,.T.);
#1185=ORIENTED_EDGE('',*,*,#1184,.F.);
#1186=CARTESIAN_POINT('',(-33.397306225,-1.191091075,-5.146686796));
#1187=VERTEX_POINT('',#1186);
#1188=CARTESIAN_POINT('',(-33.397306225,-1.191091075,-5.146686796));
#1189=DIRECTION('',(0.,-1.,0.));
#1190=VECTOR('',#1189,2.504832238);
#1191=LINE('',#1188,#1190);
#1192=EDGE_CURVE('',#1187,#1179,#1191,.T.);
#1193=ORIENTED_EDGE('',*,*,#1192,.F.);
#1194=CARTESIAN_POINT('',(-33.397306225,-1.191091075,-5.146686796));
#1195=DIRECTION('',(-0.,-0.,-1.));
#1196=VECTOR('',#1195,0.367985948);
#1197=LINE('',#1194,#1196);
#1198=EDGE_CURVE('',#1187,#1146,#1197,.T.);
#1199=ORIENTED_EDGE('',*,*,#1198,.T.);
#1200=EDGE_LOOP('',(#1154,#1160,#1161,#1169,#1177,#1185,#1193,#1199));
#1201=FACE_BOUND('',#1200,.T.);
#1202=ADVANCED_FACE('',(#1201),#1144,.T.);
#1203=CARTESIAN_POINT('',(-30.903374498,-1.74,-4.336955069));
#1204=DIRECTION('',(0.308811457,0.,-0.951123275));
#1205=DIRECTION('',(-0.951123275,0.,-0.308811457));
#1206=AXIS2_PLACEMENT_3D('',#1203,#1204,#1205);
#1207=PLANE('',#1206);
#1208=CARTESIAN_POINT('',(-30.358362062,-0.586607498,-4.16));
#1209=DIRECTION('',(-0.93454526,-0.18589261,-0.303428895));
#1210=VECTOR('',#1209,3.251789178);
#1211=LINE('',#1208,#1210);
#1212=EDGE_CURVE('',#275,#1187,#1211,.T.);
#1213=ORIENTED_EDGE('',*,*,#1212,.T.);
#1214=ORIENTED_EDGE('',*,*,#1192,.T.);
#1215=CARTESIAN_POINT('',(-31.653495723,-2.342157482,-4.580505022));
#1216=VERTEX_POINT('',#1215);
#1217=CARTESIAN_POINT('',(-31.653495723,-4.142157482,-4.580505022));
#1218=DIRECTION('',(0.308811457,-0.,-0.951123275));
#1219=DIRECTION('',(-0.951123275,0.,-0.308811457));
#1220=AXIS2_PLACEMENT_3D('',#1217,#1218,#1219);
#1221=ELLIPSE('',#1220,1.892499162,1.8);
#1222=EDGE_CURVE('',#1179,#1216,#1221,.T.);
#1223=ORIENTED_EDGE('',*,*,#1222,.T.);
#1224=CARTESIAN_POINT('',(-31.653495723,-4.142157482,-4.580505022));
#1225=DIRECTION('',(0.308811457,-0.,-0.951123275));
#1226=DIRECTION('',(-0.951123275,0.,-0.308811457));
#1227=AXIS2_PLACEMENT_3D('',#1224,#1225,#1226);
#1228=ELLIPSE('',#1227,1.892499162,1.8);
#1229=EDGE_CURVE('',#1216,#283,#1228,.T.);
#1230=ORIENTED_EDGE('',*,*,#1229,.T.);
#1231=ORIENTED_EDGE('',*,*,#288,.F.);
#1232=EDGE_LOOP('',(#1213,#1214,#1223,#1230,#1231));
#1233=FACE_BOUND('',#1232,.T.);
#1234=ADVANCED_FACE('',(#1233),#1207,.F.);
#1235=CARTESIAN_POINT('',(-27.272552913,-2.44,-4.16));
#1236=DIRECTION('',(0.,0.,-1.));
#1237=DIRECTION('',(0.,1.,0.));
#1238=AXIS2_PLACEMENT_3D('',#1235,#1236,#1237);
#1239=CYLINDRICAL_SURFACE('',#1238,2.9);
#1240=CARTESIAN_POINT('',(-26.113409289,-5.098267492,-4.625));
#1241=VERTEX_POINT('',#1240);
#1242=CARTESIAN_POINT('',(-26.113409289,-5.098267492,-4.625));
#1243=DIRECTION('',(-0.,-0.,1.));
#1244=VECTOR('',#1243,0.465);
#1245=LINE('',#1242,#1244);
#1246=EDGE_CURVE('',#1241,#307,#1245,.T.);
#1247=ORIENTED_EDGE('',*,*,#1246,.T.);
#1248=ORIENTED_EDGE('',*,*,#313,.T.);
#1249=CARTESIAN_POINT('',(-30.094274746,-3.109242778,-4.625));
#1250=VERTEX_POINT('',#1249);
#1251=CARTESIAN_POINT('',(-30.094274746,-3.109242778,-4.16));
#1252=DIRECTION('',(0.,0.,-1.));
#1253=VECTOR('',#1252,0.465);
#1254=LINE('',#1251,#1253);
#1255=EDGE_CURVE('',#300,#1250,#1254,.T.);
#1256=ORIENTED_EDGE('',*,*,#1255,.T.);
#1257=CARTESIAN_POINT('',(-27.272552913,-2.44,-4.625));
#1258=DIRECTION('',(0.,0.,-1.));
#1259=DIRECTION('',(-1.,0.,0.));
#1260=AXIS2_PLACEMENT_3D('',#1257,#1258,#1259);
#1261=CIRCLE('',#1260,2.9);
#1262=EDGE_CURVE('',#1241,#1250,#1261,.T.);
#1263=ORIENTED_EDGE('',*,*,#1262,.F.);
#1264=EDGE_LOOP('',(#1247,#1248,#1256,#1263));
#1265=FACE_BOUND('',#1264,.T.);
#1266=ADVANCED_FACE('',(#1265),#1239,.T.);
#1267=CARTESIAN_POINT('',(-31.653495723,-4.142157482,-4.16));
#1268=DIRECTION('',(0.,0.,-1.));
#1269=DIRECTION('',(0.,1.,0.));
#1270=AXIS2_PLACEMENT_3D('',#1267,#1268,#1269);
#1271=CYLINDRICAL_SURFACE('',#1270,1.8);
#1272=CARTESIAN_POINT('',(-31.653495723,-2.342157482,-5.8));
#1273=VERTEX_POINT('',#1272);
#1274=CARTESIAN_POINT('',(-31.653495723,-2.342157482,-5.8));
#1275=DIRECTION('',(-0.,-0.,1.));
#1276=VECTOR('',#1275,1.219494978);
#1277=LINE('',#1274,#1276);
#1278=EDGE_CURVE('',#1273,#1216,#1277,.T.);
#1279=ORIENTED_EDGE('',*,*,#1278,.F.);
#1280=CARTESIAN_POINT('',(-30.159707808,-3.137867849,-5.8));
#1281=VERTEX_POINT('',#1280);
#1282=CARTESIAN_POINT('',(-31.653495723,-4.142157482,-5.8));
#1283=DIRECTION('',(0.,0.,-1.));
#1284=DIRECTION('',(0.,1.,0.));
#1285=AXIS2_PLACEMENT_3D('',#1282,#1283,#1284);
#1286=CIRCLE('',#1285,1.8);
#1287=EDGE_CURVE('',#1273,#1281,#1286,.T.);
#1288=ORIENTED_EDGE('',*,*,#1287,.T.);
#1289=CARTESIAN_POINT('',(-30.159707808,-3.137867849,-5.8));
#1290=CARTESIAN_POINT('',(-30.159707808,-3.137867849,-5.253333333));
#1291=CARTESIAN_POINT('',(-30.159707808,-3.137867849,-4.706666667));
#1292=CARTESIAN_POINT('',(-30.159707808,-3.137867849,-4.16));
#1293=B_SPLINE_CURVE_WITH_KNOTS('',3,(#1289,#1290,#1291,#1292),.UNSPECIFIED.,.F.,.F.,(4,4),(-0.025,1.),.UNSPECIFIED.);
#1294=EDGE_CURVE('',#1281,#291,#1293,.T.);
#1295=ORIENTED_EDGE('',*,*,#1294,.T.);
#1296=ORIENTED_EDGE('',*,*,#297,.F.);
#1297=ORIENTED_EDGE('',*,*,#1229,.F.);
#1298=EDGE_LOOP('',(#1279,#1288,#1295,#1296,#1297));
#1299=FACE_BOUND('',#1298,.T.);
#1300=ADVANCED_FACE('',(#1299),#1271,.F.);
#1301=CARTESIAN_POINT('',(-28.085639111,6.26,-4.16));
#1302=DIRECTION('',(0.,1.,0.));
#1303=DIRECTION('',(1.,-0.,-0.));
#1304=AXIS2_PLACEMENT_3D('',#1301,#1302,#1303);
#1305=PLANE('',#1304);
#1306=CARTESIAN_POINT('',(-24.415841936,6.26,-5.8));
#1307=VERTEX_POINT('',#1306);
#1308=CARTESIAN_POINT('',(-24.415841936,6.26,-4.16));
#1309=DIRECTION('',(-0.,0.,-1.));
#1310=VECTOR('',#1309,1.64);
#1311=LINE('',#1308,#1310);
#1312=EDGE_CURVE('',#218,#1307,#1311,.T.);
#1313=ORIENTED_EDGE('',*,*,#1312,.T.);
#1314=CARTESIAN_POINT('',(-29.143129798,6.26,-5.8));
#1315=VERTEX_POINT('',#1314);
#1316=CARTESIAN_POINT('',(-29.143129798,6.26,-5.8));
#1317=DIRECTION('',(1.,-0.,-0.));
#1318=VECTOR('',#1317,4.727287862);
#1319=LINE('',#1316,#1318);
#1320=EDGE_CURVE('',#1315,#1307,#1319,.T.);
#1321=ORIENTED_EDGE('',*,*,#1320,.F.);
#1322=CARTESIAN_POINT('',(-29.143129798,6.26,-4.16));
#1323=DIRECTION('',(0.,0.,-1.));
#1324=VECTOR('',#1323,1.64);
#1325=LINE('',#1322,#1324);
#1326=EDGE_CURVE('',#225,#1315,#1325,.T.);
#1327=ORIENTED_EDGE('',*,*,#1326,.F.);
#1328=ORIENTED_EDGE('',*,*,#230,.T.);
#1329=EDGE_LOOP('',(#1313,#1321,#1327,#1328));
#1330=FACE_BOUND('',#1329,.T.);
#1331=ADVANCED_FACE('',(#1330),#1305,.T.);
#1332=CARTESIAN_POINT('',(-150.3,0.46,-5.8));
#1333=DIRECTION('',(0.,0.,-1.));
#1334=DIRECTION('',(-1.,0.,0.));
#1335=AXIS2_PLACEMENT_3D('',#1332,#1333,#1334);
#1336=PLANE('',#1335);
#1337=CARTESIAN_POINT('',(-21.855240403,-1.583928507,-5.8));
#1338=VERTEX_POINT('',#1337);
#1339=CARTESIAN_POINT('',(-21.98288633,-1.822543004,-5.8));
#1340=VERTEX_POINT('',#1339);
#1341=CARTESIAN_POINT('',(-21.855240403,-1.583928507,-5.8));
#1342=CARTESIAN_POINT('',(-21.89239262,-1.612679469,-5.8));
#1343=CARTESIAN_POINT('',(-21.92525037,-1.64703747,-5.8));
#1344=CARTESIAN_POINT('',(-21.948239036,-1.687981826,-5.8));
#1345=CARTESIAN_POINT('',(-21.971227702,-1.728926181,-5.8));
#1346=CARTESIAN_POINT('',(-21.98288633,-1.775495882,-5.8));
#1347=CARTESIAN_POINT('',(-21.98288633,-1.822543004,-5.8));
#1348=B_SPLINE_CURVE_WITH_KNOTS('',3,(#1341,#1342,#1343,#1344,#1345,#1346,#1347),.UNSPECIFIED.,.F.,.F.,(4,3,4),(0.000532927,0.000673847,0.000814768),.UNSPECIFIED.);
#1349=EDGE_CURVE('',#1338,#1340,#1348,.T.);
#1350=ORIENTED_EDGE('',*,*,#1349,.T.);
#1351=CARTESIAN_POINT('',(-21.855240403,-2.062440374,-5.8));
#1352=VERTEX_POINT('',#1351);
#1353=CARTESIAN_POINT('',(-21.98288633,-1.822543004,-5.8));
#1354=CARTESIAN_POINT('',(-21.98288633,-1.869985021,-5.8));
#1355=CARTESIAN_POINT('',(-21.97102329,-1.916789675,-5.8));
#1356=CARTESIAN_POINT('',(-21.948027071,-1.957831371,-5.8));
#1357=CARTESIAN_POINT('',(-21.925030852,-1.998873067,-5.8));
#1358=CARTESIAN_POINT('',(-21.892397392,-2.033312282,-5.8));
#1359=CARTESIAN_POINT('',(-21.855240403,-2.062440374,-5.8));
#1360=B_SPLINE_CURVE_WITH_KNOTS('',3,(#1353,#1354,#1355,#1356,#1357,#1358,#1359),.UNSPECIFIED.,.F.,.F.,(4,3,4),(0.,0.000141353,0.000282705),.UNSPECIFIED.);
#1361=EDGE_CURVE('',#1340,#1352,#1360,.T.);
#1362=ORIENTED_EDGE('',*,*,#1361,.T.);
#1363=CARTESIAN_POINT('',(-21.087440531,-2.062440374,-5.8));
#1364=VERTEX_POINT('',#1363);
#1365=CARTESIAN_POINT('',(-21.855240403,-2.062440374,-5.8));
#1366=CARTESIAN_POINT('',(-21.801053226,-2.104804894,-5.8));
#1367=CARTESIAN_POINT('',(-21.738318748,-2.132272619,-5.8));
#1368=CARTESIAN_POINT('',(-21.672393982,-2.149171349,-5.8));
#1369=CARTESIAN_POINT('',(-21.606469216,-2.166070079,-5.8));
#1370=CARTESIAN_POINT('',(-21.539129747,-2.172401617,-5.8));
#1371=CARTESIAN_POINT('',(-21.470989639,-2.172752747,-5.8));
#1372=CARTESIAN_POINT('',(-21.402849531,-2.173103876,-5.8));
#1373=CARTESIAN_POINT('',(-21.3353454,-2.167033765,-5.8));
#1374=CARTESIAN_POINT('',(-21.269340397,-2.149847812,-5.8));
#1375=CARTESIAN_POINT('',(-21.203335394,-2.132661859,-5.8));
#1376=CARTESIAN_POINT('',(-21.14154901,-2.104743366,-5.8));
#1377=CARTESIAN_POINT('',(-21.087440531,-2.062440374,-5.8));
#1378=B_SPLINE_CURVE_WITH_KNOTS('',3,(#1365,#1366,#1367,#1368,#1369,#1370,#1371,#1372,#1373,#1374,#1375,#1376,#1377),.UNSPECIFIED.,.F.,.F.,(4,3,3,3,4),(0.00128154,0.001485507,0.001689473,0.001893439,0.002097406),.UNSPECIFIED.);
#1379=EDGE_CURVE('',#1352,#1364,#1378,.T.);
#1380=ORIENTED_EDGE('',*,*,#1379,.T.);
#1381=CARTESIAN_POINT('',(-20.959794605,-1.823184441,-5.8));
#1382=VERTEX_POINT('',#1381);
#1383=CARTESIAN_POINT('',(-21.087440531,-2.062440374,-5.8));
#1384=CARTESIAN_POINT('',(-21.050144981,-2.03357849,-5.8));
#1385=CARTESIAN_POINT('',(-21.017343793,-1.999182205,-5.8));
#1386=CARTESIAN_POINT('',(-20.994375195,-1.9581207,-5.8));
#1387=CARTESIAN_POINT('',(-20.971406597,-1.917059196,-5.8));
#1388=CARTESIAN_POINT('',(-20.959794605,-1.870467866,-5.8));
#1389=CARTESIAN_POINT('',(-20.959794605,-1.823184441,-5.8));
#1390=B_SPLINE_CURVE_WITH_KNOTS('',3,(#1383,#1384,#1385,#1386,#1387,#1388,#1389),.UNSPECIFIED.,.F.,.F.,(4,3,4),(0.001291232,0.001432678,0.001574123),.UNSPECIFIED.);
#1391=EDGE_CURVE('',#1364,#1382,#1390,.T.);
#1392=ORIENTED_EDGE('',*,*,#1391,.T.);
#1393=CARTESIAN_POINT('',(-21.087440531,-1.583928507,-5.8));
#1394=VERTEX_POINT('',#1393);
#1395=CARTESIAN_POINT('',(-20.959794605,-1.823184441,-5.8));
#1396=CARTESIAN_POINT('',(-20.959794605,-1.775901015,-5.8));
#1397=CARTESIAN_POINT('',(-20.971406597,-1.729309685,-5.8));
#1398=CARTESIAN_POINT('',(-20.994375195,-1.688248181,-5.8));
#1399=CARTESIAN_POINT('',(-21.017343793,-1.647186676,-5.8));
#1400=CARTESIAN_POINT('',(-21.050144981,-1.612790391,-5.8));
#1401=CARTESIAN_POINT('',(-21.087440531,-1.583928507,-5.8));
#1402=B_SPLINE_CURVE_WITH_KNOTS('',3,(#1395,#1396,#1397,#1398,#1399,#1400,#1401),.UNSPECIFIED.,.F.,.F.,(4,3,4),(0.001291232,0.001432678,0.001574123),.UNSPECIFIED.);
#1403=EDGE_CURVE('',#1382,#1394,#1402,.T.);
#1404=ORIENTED_EDGE('',*,*,#1403,.T.);
#1405=CARTESIAN_POINT('',(-21.087440531,-1.583928507,-5.8));
#1406=CARTESIAN_POINT('',(-21.141590317,-1.54159322,-5.8));
#1407=CARTESIAN_POINT('',(-21.203207409,-1.514147503,-5.8));
#1408=CARTESIAN_POINT('',(-21.269329632,-1.497012907,-5.8));
#1409=CARTESIAN_POINT('',(-21.335451855,-1.479878312,-5.8));
#1410=CARTESIAN_POINT('',(-21.402882431,-1.473643724,-5.8));
#1411=CARTESIAN_POINT('',(-21.471056296,-1.473601544,-5.8));
#1412=CARTESIAN_POINT('',(-21.53923016,-1.473559363,-5.8));
#1413=CARTESIAN_POINT('',(-21.606415035,-1.479785434,-5.8));
#1414=CARTESIAN_POINT('',(-21.67187984,-1.496584932,-5.8));
#1415=CARTESIAN_POINT('',(-21.737344645,-1.513384431,-5.8));
#1416=CARTESIAN_POINT('',(-21.801022047,-1.541539611,-5.8));
#1417=CARTESIAN_POINT('',(-21.855240403,-1.583928507,-5.8));
#1418=B_SPLINE_CURVE_WITH_KNOTS('',3,(#1405,#1406,#1407,#1408,#1409,#1410,#1411,#1412,#1413,#1414,#1415,#1416,#1417),.UNSPECIFIED.,.F.,.F.,(4,3,3,3,4),(0.001208449,0.001406615,0.00160478,0.001802946,0.002001111),.UNSPECIFIED.);
#1419=EDGE_CURVE('',#1394,#1338,#1418,.T.);
#1420=ORIENTED_EDGE('',*,*,#1419,.T.);
#1421=EDGE_LOOP('',(#1350,#1362,#1380,#1392,#1404,#1420));
#1422=FACE_BOUND('',#1421,.T.);
#1423=CARTESIAN_POINT('',(-21.345939569,-1.029085659,-5.8));
#1424=VERTEX_POINT('',#1423);
#1425=CARTESIAN_POINT('',(-21.433174977,-0.766738,-5.8));
#1426=VERTEX_POINT('',#1425);
#1427=CARTESIAN_POINT('',(-21.345939569,-1.029085659,-5.8));
#1428=CARTESIAN_POINT('',(-21.342756925,-1.005215824,-5.8));
#1429=CARTESIAN_POINT('',(-21.339935824,-0.981346281,-5.8));
#1430=CARTESIAN_POINT('',(-21.341317154,-0.957480126,-5.8));
#1431=CARTESIAN_POINT('',(-21.342698484,-0.933613972,-5.8));
#1432=CARTESIAN_POINT('',(-21.347104214,-0.909467349,-5.8));
#1433=CARTESIAN_POINT('',(-21.354705831,-0.886574484,-5.8));
#1434=CARTESIAN_POINT('',(-21.369909065,-0.840788755,-5.8));
#1435=CARTESIAN_POINT('',(-21.398027455,-0.800176962,-5.8));
#1436=CARTESIAN_POINT('',(-21.433174977,-0.766738,-5.8));
#1437=B_SPLINE_CURVE_WITH_KNOTS('',3,(#1427,#1428,#1429,#1430,#1431,#1432,#1433,#1434,#1435,#1436),.UNSPECIFIED.,.F.,.F.,(4,3,3,4),(0.000574305,0.000645623,0.000716941,0.000859578),.UNSPECIFIED.);
#1438=EDGE_CURVE('',#1424,#1426,#1437,.T.);
#1439=ORIENTED_EDGE('',*,*,#1438,.T.);
#1440=CARTESIAN_POINT('',(-21.887312244,-1.245891304,-5.8));
#1441=VERTEX_POINT('',#1440);
#1442=CARTESIAN_POINT('',(-21.433174977,-0.766738,-5.8));
#1443=CARTESIAN_POINT('',(-21.46421374,-0.737010735,-5.8));
#1444=CARTESIAN_POINT('',(-21.500509628,-0.713402074,-5.8));
#1445=CARTESIAN_POINT('',(-21.540469138,-0.698664033,-5.8));
#1446=CARTESIAN_POINT('',(-21.580428648,-0.683925992,-5.8));
#1447=CARTESIAN_POINT('',(-21.62355375,-0.678198009,-5.8));
#1448=CARTESIAN_POINT('',(-21.666074953,-0.679747298,-5.8));
#1449=CARTESIAN_POINT('',(-21.708596156,-0.681296587,-5.8));
#1450=CARTESIAN_POINT('',(-21.751223672,-0.6908098,-5.8));
#1451=CARTESIAN_POINT('',(-21.789593768,-0.708580264,-5.8));
#1452=CARTESIAN_POINT('',(-21.827963863,-0.726350727,-5.8));
#1453=CARTESIAN_POINT('',(-21.862876585,-0.75258071,-5.8));
#1454=CARTESIAN_POINT('',(-21.892337857,-0.783458591,-5.8));
#1455=CARTESIAN_POINT('',(-21.921799129,-0.814336472,-5.8));
#1456=CARTESIAN_POINT('',(-21.945655671,-0.850108557,-5.8));
#1457=CARTESIAN_POINT('',(-21.961164149,-0.889820653,-5.8));
#1458=CARTESIAN_POINT('',(-21.976672626,-0.929532748,-5.8));
#1459=CARTESIAN_POINT('',(-21.983458035,-0.972285123,-5.8));
#1460=CARTESIAN_POINT('',(-21.982848389,-1.015197017,-5.8));
#1461=CARTESIAN_POINT('',(-21.982238743,-1.058108911,-5.8));
#1462=CARTESIAN_POINT('',(-21.974019647,-1.100394029,-5.8));
#1463=CARTESIAN_POINT('',(-21.957527463,-1.139763258,-5.8));
#1464=CARTESIAN_POINT('',(-21.941035278,-1.179132487,-5.8));
#1465=CARTESIAN_POINT('',(-21.916789641,-1.214633394,-5.8));
#1466=CARTESIAN_POINT('',(-21.887312244,-1.245891304,-5.8));
#1467=B_SPLINE_CURVE_WITH_KNOTS('',3,(#1442,#1443,#1444,#1445,#1446,#1447,#1448,#1449,#1450,#1451,#1452,#1453,#1454,#1455,#1456,#1457,#1458,#1459,#1460,#1461,#1462,#1463,#1464,#1465,#1466),.UNSPECIFIED.,.F.,.F.,(4,3,3,3,3,3,3,3,4),(0.,0.000127298,0.000254596,0.000381895,0.000509193,0.000636491,0.000763789,0.000891088,0.001018386),.UNSPECIFIED.);
#1468=EDGE_CURVE('',#1426,#1441,#1467,.T.);
#1469=ORIENTED_EDGE('',*,*,#1468,.T.);
#1470=CARTESIAN_POINT('',(-21.412007562,-1.248457051,-5.8));
#1471=VERTEX_POINT('',#1470);
#1472=CARTESIAN_POINT('',(-21.887312244,-1.245891304,-5.8));
#1473=CARTESIAN_POINT('',(-21.856628042,-1.277811111,-5.8));
#1474=CARTESIAN_POINT('',(-21.820687047,-1.304330494,-5.8));
#1475=CARTESIAN_POINT('',(-21.780300298,-1.321592618,-5.8));
#1476=CARTESIAN_POINT('',(-21.73991355,-1.338854742,-5.8));
#1477=CARTESIAN_POINT('',(-21.695591854,-1.346590139,-5.8));
#1478=CARTESIAN_POINT('',(-21.651590803,-1.345162923,-5.8));
#1479=CARTESIAN_POINT('',(-21.607589752,-1.343735707,-5.8));
#1480=CARTESIAN_POINT('',(-21.565104495,-1.332322091,-5.8));
#1481=CARTESIAN_POINT('',(-21.524855164,-1.31488094,-5.8));
#1482=CARTESIAN_POINT('',(-21.484605834,-1.297439789,-5.8));
#1483=CARTESIAN_POINT('',(-21.447387768,-1.274517593,-5.8));
#1484=CARTESIAN_POINT('',(-21.412007562,-1.248457051,-5.8));
#1485=B_SPLINE_CURVE_WITH_KNOTS('',3,(#1472,#1473,#1474,#1475,#1476,#1477,#1478,#1479,#1480,#1481,#1482,#1483,#1484),.UNSPECIFIED.,.F.,.F.,(4,3,3,3,4),(0.000828751,0.000960575,0.001092398,0.001224222,0.001356045),.UNSPECIFIED.);
#1486=EDGE_CURVE('',#1441,#1471,#1485,.T.);
#1487=ORIENTED_EDGE('',*,*,#1486,.T.);
#1488=CARTESIAN_POINT('',(-20.941834374,-0.902081169,-5.8));
#1489=VERTEX_POINT('',#1488);
#1490=CARTESIAN_POINT('',(-21.412007562,-1.248457051,-5.8));
#1491=DIRECTION('',(0.805111049,0.593124101,0.));
#1492=VECTOR('',#1491,0.583985512);
#1493=LINE('',#1490,#1492);
#1494=EDGE_CURVE('',#1471,#1489,#1493,.T.);
#1495=ORIENTED_EDGE('',*,*,#1494,.T.);
#1496=CARTESIAN_POINT('',(-21.023938286,-0.792395473,-5.8));
#1497=VERTEX_POINT('',#1496);
#1498=CARTESIAN_POINT('',(-20.941834374,-0.902081169,-5.8));
#1499=DIRECTION('',(-0.599250674,0.800561447,0.));
#1500=VECTOR('',#1499,0.137010964);
#1501=LINE('',#1498,#1500);
#1502=EDGE_CURVE('',#1489,#1497,#1501,.T.);
#1503=ORIENTED_EDGE('',*,*,#1502,.T.);
#1504=CARTESIAN_POINT('',(-21.023938286,-0.792395473,-5.8));
#1505=DIRECTION('',(-0.805741125,-0.592267879,-0.));
#1506=VECTOR('',#1505,0.39963367);
#1507=LINE('',#1504,#1506);
#1508=EDGE_CURVE('',#1497,#1424,#1507,.T.);
#1509=ORIENTED_EDGE('',*,*,#1508,.T.);
#1510=EDGE_LOOP('',(#1439,#1469,#1487,#1495,#1503,#1509));
#1511=FACE_BOUND('',#1510,.T.);
#1512=CARTESIAN_POINT('',(-21.96685041,-2.472959938,-5.8));
#1513=VERTEX_POINT('',#1512);
#1514=CARTESIAN_POINT('',(-21.369031295,-2.568534024,-5.8));
#1515=VERTEX_POINT('',#1514);
#1516=CARTESIAN_POINT('',(-21.96685041,-2.472959938,-5.8));
#1517=DIRECTION('',(0.987460459,-0.157866533,-0.));
#1518=VECTOR('',#1517,0.605410687);
#1519=LINE('',#1516,#1518);
#1520=EDGE_CURVE('',#1513,#1515,#1519,.T.);
#1521=ORIENTED_EDGE('',*,*,#1520,.T.);
#1522=CARTESIAN_POINT('',(-22.012392424,-2.86167065,-5.8));
#1523=VERTEX_POINT('',#1522);
#1524=CARTESIAN_POINT('',(-21.369031295,-2.568534024,-5.8));
#1525=DIRECTION('',(-0.909993257,-0.414623049,-0.));
#1526=VECTOR('',#1525,0.706995491);
#1527=LINE('',#1524,#1526);
#1528=EDGE_CURVE('',#1515,#1523,#1527,.T.);
#1529=ORIENTED_EDGE('',*,*,#1528,.T.);
#1530=CARTESIAN_POINT('',(-21.368389858,-3.146468597,-5.8));
#1531=VERTEX_POINT('',#1530);
#1532=CARTESIAN_POINT('',(-22.012392424,-2.86167065,-5.8));
#1533=DIRECTION('',(0.914561257,-0.404447409,-0.));
#1534=VECTOR('',#1533,0.704165588);
#1535=LINE('',#1532,#1534);
#1536=EDGE_CURVE('',#1523,#1531,#1535,.T.);
#1537=ORIENTED_EDGE('',*,*,#1536,.T.);
#1538=CARTESIAN_POINT('',(-21.96685041,-3.252947109,-5.8));
#1539=VERTEX_POINT('',#1538);
#1540=CARTESIAN_POINT('',(-21.368389858,-3.146468597,-5.8));
#1541=DIRECTION('',(-0.984538252,-0.175169721,-0.));
#1542=VECTOR('',#1541,0.607859116);
#1543=LINE('',#1540,#1542);
#1544=EDGE_CURVE('',#1531,#1539,#1543,.T.);
#1545=ORIENTED_EDGE('',*,*,#1544,.T.);
#1546=CARTESIAN_POINT('',(-21.96685041,-3.407533382,-5.8));
#1547=VERTEX_POINT('',#1546);
#1548=CARTESIAN_POINT('',(-21.96685041,-3.252947109,-5.8));
#1549=DIRECTION('',(0.,-1.,-0.));
#1550=VECTOR('',#1549,0.154586273);
#1551=LINE('',#1548,#1550);
#1552=EDGE_CURVE('',#1539,#1547,#1551,.T.);
#1553=ORIENTED_EDGE('',*,*,#1552,.T.);
#1554=CARTESIAN_POINT('',(-20.902065291,-3.199066416,-5.8));
#1555=VERTEX_POINT('',#1554);
#1556=CARTESIAN_POINT('',(-21.96685041,-3.407533382,-5.8));
#1557=DIRECTION('',(0.981368429,0.192135385,0.));
#1558=VECTOR('',#1557,1.08500038);
#1559=LINE('',#1556,#1558);
#1560=EDGE_CURVE('',#1547,#1555,#1559,.T.);
#1561=ORIENTED_EDGE('',*,*,#1560,.T.);
#1562=CARTESIAN_POINT('',(-21.671789473,-2.859104902,-5.8));
#1563=VERTEX_POINT('',#1562);
#1564=CARTESIAN_POINT('',(-20.902065291,-3.199066416,-5.8));
#1565=DIRECTION('',(-0.914752129,0.404015523,0.));
#1566=VECTOR('',#1565,0.841456563);
#1567=LINE('',#1564,#1566);
#1568=EDGE_CURVE('',#1555,#1563,#1567,.T.);
#1569=ORIENTED_EDGE('',*,*,#1568,.T.);
#1570=CARTESIAN_POINT('',(-20.902065291,-2.506956089,-5.8));
#1571=VERTEX_POINT('',#1570);
#1572=CARTESIAN_POINT('',(-21.671789473,-2.859104902,-5.8));
#1573=DIRECTION('',(0.909351634,0.416028372,0.));
#1574=VECTOR('',#1573,0.84645384);
#1575=LINE('',#1572,#1574);
#1576=EDGE_CURVE('',#1563,#1571,#1575,.T.);
#1577=ORIENTED_EDGE('',*,*,#1576,.T.);
#1578=CARTESIAN_POINT('',(-21.96685041,-2.319656538,-5.8));
#1579=VERTEX_POINT('',#1578);
#1580=CARTESIAN_POINT('',(-20.902065291,-2.506956089,-5.8));
#1581=DIRECTION('',(-0.984878975,0.173243772,0.));
#1582=VECTOR('',#1581,1.081132957);
#1583=LINE('',#1580,#1582);
#1584=EDGE_CURVE('',#1571,#1579,#1583,.T.);
#1585=ORIENTED_EDGE('',*,*,#1584,.T.);
#1586=CARTESIAN_POINT('',(-21.96685041,-2.319656538,-5.8));
#1587=DIRECTION('',(0.,-1.,-0.));
#1588=VECTOR('',#1587,0.1533034);
#1589=LINE('',#1586,#1588);
#1590=EDGE_CURVE('',#1579,#1513,#1589,.T.);
#1591=ORIENTED_EDGE('',*,*,#1590,.T.);
#1592=EDGE_LOOP('',(#1521,#1529,#1537,#1545,#1553,#1561,#1569,#1577,#1585,#1591));
#1593=FACE_BOUND('',#1592,.T.);
#1594=CARTESIAN_POINT('',(-21.96685041,-3.521709136,-5.8));
#1595=VERTEX_POINT('',#1594);
#1596=CARTESIAN_POINT('',(-21.96685041,-3.704518629,-5.8));
#1597=VERTEX_POINT('',#1596);
#1598=CARTESIAN_POINT('',(-21.96685041,-3.521709136,-5.8));
#1599=DIRECTION('',(0.,-1.,-0.));
#1600=VECTOR('',#1599,0.182809493);
#1601=LINE('',#1598,#1600);
#1602=EDGE_CURVE('',#1595,#1597,#1601,.T.);
#1603=ORIENTED_EDGE('',*,*,#1602,.T.);
#1604=CARTESIAN_POINT('',(-21.56146234,-3.987392266,-5.8));
#1605=VERTEX_POINT('',#1604);
#1606=CARTESIAN_POINT('',(-21.96685041,-3.704518629,-5.8));
#1607=DIRECTION('',(0.82008447,-0.572242486,-0.));
#1608=VECTOR('',#1607,0.494324773);
#1609=LINE('',#1606,#1608);
#1610=EDGE_CURVE('',#1597,#1605,#1609,.T.);
#1611=ORIENTED_EDGE('',*,*,#1610,.T.);
#1612=CARTESIAN_POINT('',(-21.56146234,-4.014332612,-5.8));
#1613=VERTEX_POINT('',#1612);
#1614=CARTESIAN_POINT('',(-21.56146234,-3.987392266,-5.8));
#1615=DIRECTION('',(0.,-1.,-0.));
#1616=VECTOR('',#1615,0.026940346);
#1617=LINE('',#1614,#1616);
#1618=EDGE_CURVE('',#1605,#1613,#1617,.T.);
#1619=ORIENTED_EDGE('',*,*,#1618,.T.);
#1620=CARTESIAN_POINT('',(-21.96685041,-4.014332612,-5.8));
#1621=VERTEX_POINT('',#1620);
#1622=CARTESIAN_POINT('',(-21.56146234,-4.014332612,-5.8));
#1623=DIRECTION('',(-1.,0.,0.));
#1624=VECTOR('',#1623,0.405388069);
#1625=LINE('',#1622,#1624);
#1626=EDGE_CURVE('',#1613,#1621,#1625,.T.);
#1627=ORIENTED_EDGE('',*,*,#1626,.T.);
#1628=CARTESIAN_POINT('',(-21.96685041,-4.163787391,-5.8));
#1629=VERTEX_POINT('',#1628);
#1630=CARTESIAN_POINT('',(-21.96685041,-4.014332612,-5.8));
#1631=DIRECTION('',(0.,-1.,-0.));
#1632=VECTOR('',#1631,0.149454779);
#1633=LINE('',#1630,#1632);
#1634=EDGE_CURVE('',#1621,#1629,#1633,.T.);
#1635=ORIENTED_EDGE('',*,*,#1634,.T.);
#1636=CARTESIAN_POINT('',(-20.976471962,-4.163787391,-5.8));
#1637=VERTEX_POINT('',#1636);
#1638=CARTESIAN_POINT('',(-21.96685041,-4.163787391,-5.8));
#1639=DIRECTION('',(1.,0.,-0.));
#1640=VECTOR('',#1639,0.990378448);
#1641=LINE('',#1638,#1640);
#1642=EDGE_CURVE('',#1629,#1637,#1641,.T.);
#1643=ORIENTED_EDGE('',*,*,#1642,.T.);
#1644=CARTESIAN_POINT('',(-20.976471962,-3.98867514,-5.8));
#1645=VERTEX_POINT('',#1644);
#1646=CARTESIAN_POINT('',(-20.976471962,-4.163787391,-5.8));
#1647=DIRECTION('',(0.,1.,0.));
#1648=VECTOR('',#1647,0.175112251);
#1649=LINE('',#1646,#1648);
#1650=EDGE_CURVE('',#1637,#1645,#1649,.T.);
#1651=ORIENTED_EDGE('',*,*,#1650,.T.);
#1652=CARTESIAN_POINT('',(-21.050237196,-3.705160066,-5.8));
#1653=VERTEX_POINT('',#1652);
#1654=CARTESIAN_POINT('',(-20.976471962,-3.98867514,-5.8));
#1655=CARTESIAN_POINT('',(-20.976471962,-3.938828061,-5.8));
#1656=CARTESIAN_POINT('',(-20.979727224,-3.889158592,-5.8));
#1657=CARTESIAN_POINT('',(-20.990021049,-3.840462208,-5.8));
#1658=CARTESIAN_POINT('',(-21.000314874,-3.791765823,-5.8));
#1659=CARTESIAN_POINT('',(-21.017842473,-3.743472773,-5.8));
#1660=CARTESIAN_POINT('',(-21.050237196,-3.705160066,-5.8));
#1661=B_SPLINE_CURVE_WITH_KNOTS('',3,(#1654,#1655,#1656,#1657,#1658,#1659,#1660),.UNSPECIFIED.,.F.,.F.,(4,3,4),(0.00157024,0.001719749,0.001869258),.UNSPECIFIED.);
#1662=EDGE_CURVE('',#1645,#1653,#1661,.T.);
#1663=ORIENTED_EDGE('',*,*,#1662,.T.);
#1664=CARTESIAN_POINT('',(-21.544784983,-3.828315935,-5.8));
#1665=VERTEX_POINT('',#1664);
#1666=CARTESIAN_POINT('',(-21.050237196,-3.705160066,-5.8));
#1667=CARTESIAN_POINT('',(-21.084604906,-3.664885405,-5.8));
#1668=CARTESIAN_POINT('',(-21.129612464,-3.634827435,-5.8));
#1669=CARTESIAN_POINT('',(-21.180462634,-3.620367132,-5.8));
#1670=CARTESIAN_POINT('',(-21.231312805,-3.605906829,-5.8));
#1671=CARTESIAN_POINT('',(-21.285183407,-3.604931579,-5.8));
#1672=CARTESIAN_POINT('',(-21.336322848,-3.616166556,-5.8));
#1673=CARTESIAN_POINT('',(-21.38746229,-3.627401533,-5.8));
#1674=CARTESIAN_POINT('',(-21.435445457,-3.653910456,-5.8));
#1675=CARTESIAN_POINT('',(-21.472267638,-3.691034343,-5.8));
#1676=CARTESIAN_POINT('',(-21.509089818,-3.728158231,-5.8));
#1677=CARTESIAN_POINT('',(-21.53370023,-3.776587085,-5.8));
#1678=CARTESIAN_POINT('',(-21.544784983,-3.828315935,-5.8));
#1679=B_SPLINE_CURVE_WITH_KNOTS('',3,(#1666,#1667,#1668,#1669,#1670,#1671,#1672,#1673,#1674,#1675,#1676,#1677,#1678),.UNSPECIFIED.,.F.,.F.,(4,3,3,3,4),(0.001421897,0.001578941,0.001735985,0.001893029,0.002050073),.UNSPECIFIED.);
#1680=EDGE_CURVE('',#1653,#1665,#1679,.T.);
#1681=ORIENTED_EDGE('',*,*,#1680,.T.);
#1682=CARTESIAN_POINT('',(-21.544784983,-3.828315935,-5.8));
#1683=DIRECTION('',(-0.809054988,0.587732955,0.));
#1684=VECTOR('',#1683,0.521677059);
#1685=LINE('',#1682,#1684);
#1686=EDGE_CURVE('',#1665,#1595,#1685,.T.);
#1687=ORIENTED_EDGE('',*,*,#1686,.T.);
#1688=EDGE_LOOP('',(#1603,#1611,#1619,#1627,#1635,#1643,#1651,#1663,#1681,#1687));
#1689=FACE_BOUND('',#1688,.T.);
#1690=CARTESIAN_POINT('',(-23.480553517,-1.280587294,-5.8));
#1691=VERTEX_POINT('',#1690);
#1692=CARTESIAN_POINT('',(-23.608199444,-1.51920179,-5.8));
#1693=VERTEX_POINT('',#1692);
#1694=CARTESIAN_POINT('',(-23.480553517,-1.280587294,-5.8));
#1695=CARTESIAN_POINT('',(-23.517705734,-1.309338255,-5.8));
#1696=CARTESIAN_POINT('',(-23.550563484,-1.343696256,-5.8));
#1697=CARTESIAN_POINT('',(-23.57355215,-1.384640612,-5.8));
#1698=CARTESIAN_POINT('',(-23.596540817,-1.425584968,-5.8));
#1699=CARTESIAN_POINT('',(-23.608199444,-1.472154668,-5.8));
#1700=CARTESIAN_POINT('',(-23.608199444,-1.51920179,-5.8));
#1701=B_SPLINE_CURVE_WITH_KNOTS('',3,(#1694,#1695,#1696,#1697,#1698,#1699,#1700),.UNSPECIFIED.,.F.,.F.,(4,3,4),(0.000532927,0.000673847,0.000814768),.UNSPECIFIED.);
#1702=EDGE_CURVE('',#1691,#1693,#1701,.T.);
#1703=ORIENTED_EDGE('',*,*,#1702,.T.);
#1704=CARTESIAN_POINT('',(-23.480553517,-1.75909916,-5.8));
#1705=VERTEX_POINT('',#1704);
#1706=CARTESIAN_POINT('',(-23.608199444,-1.51920179,-5.8));
#1707=CARTESIAN_POINT('',(-23.608199444,-1.566643807,-5.8));
#1708=CARTESIAN_POINT('',(-23.596336404,-1.613448461,-5.8));
#1709=CARTESIAN_POINT('',(-23.573340185,-1.654490157,-5.8));
#1710=CARTESIAN_POINT('',(-23.550343966,-1.695531854,-5.8));
#1711=CARTESIAN_POINT('',(-23.517710506,-1.729971068,-5.8));
#1712=CARTESIAN_POINT('',(-23.480553517,-1.75909916,-5.8));
#1713=B_SPLINE_CURVE_WITH_KNOTS('',3,(#1706,#1707,#1708,#1709,#1710,#1711,#1712),.UNSPECIFIED.,.F.,.F.,(4,3,4),(0.,0.000141353,0.000282705),.UNSPECIFIED.);
#1714=EDGE_CURVE('',#1693,#1705,#1713,.T.);
#1715=ORIENTED_EDGE('',*,*,#1714,.T.);
#1716=CARTESIAN_POINT('',(-22.712753646,-1.75909916,-5.8));
#1717=VERTEX_POINT('',#1716);
#1718=CARTESIAN_POINT('',(-23.480553517,-1.75909916,-5.8));
#1719=CARTESIAN_POINT('',(-23.42636634,-1.801463681,-5.8));
#1720=CARTESIAN_POINT('',(-23.363631862,-1.828931405,-5.8));
#1721=CARTESIAN_POINT('',(-23.297707096,-1.845830136,-5.8));
#1722=CARTESIAN_POINT('',(-23.23178233,-1.862728866,-5.8));
#1723=CARTESIAN_POINT('',(-23.164442861,-1.869060404,-5.8));
#1724=CARTESIAN_POINT('',(-23.096302753,-1.869411533,-5.8));
#1725=CARTESIAN_POINT('',(-23.028162645,-1.869762663,-5.8));
#1726=CARTESIAN_POINT('',(-22.960658504,-1.863692634,-5.8));
#1727=CARTESIAN_POINT('',(-22.894653511,-1.846506598,-5.8));
#1728=CARTESIAN_POINT('',(-22.828648519,-1.829320563,-5.8));
#1729=CARTESIAN_POINT('',(-22.766862124,-1.801402152,-5.8));
#1730=CARTESIAN_POINT('',(-22.712753646,-1.75909916,-5.8));
#1731=B_SPLINE_CURVE_WITH_KNOTS('',3,(#1718,#1719,#1720,#1721,#1722,#1723,#1724,#1725,#1726,#1727,#1728,#1729,#1730),.UNSPECIFIED.,.F.,.F.,(4,3,3,3,4),(0.00128154,0.001485507,0.001689473,0.001893439,0.002097406),.UNSPECIFIED.);
#1732=EDGE_CURVE('',#1705,#1717,#1731,.T.);
#1733=ORIENTED_EDGE('',*,*,#1732,.T.);
#1734=CARTESIAN_POINT('',(-22.585107719,-1.519843227,-5.8));
#1735=VERTEX_POINT('',#1734);
#1736=CARTESIAN_POINT('',(-22.712753646,-1.75909916,-5.8));
#1737=CARTESIAN_POINT('',(-22.675458095,-1.730237277,-5.8));
#1738=CARTESIAN_POINT('',(-22.642656908,-1.695840991,-5.8));
#1739=CARTESIAN_POINT('',(-22.61968831,-1.654779486,-5.8));
#1740=CARTESIAN_POINT('',(-22.596719712,-1.613717982,-5.8));
#1741=CARTESIAN_POINT('',(-22.585107719,-1.567126652,-5.8));
#1742=CARTESIAN_POINT('',(-22.585107719,-1.519843227,-5.8));
#1743=B_SPLINE_CURVE_WITH_KNOTS('',3,(#1736,#1737,#1738,#1739,#1740,#1741,#1742),.UNSPECIFIED.,.F.,.F.,(4,3,4),(0.001291232,0.001432678,0.001574123),.UNSPECIFIED.);
#1744=EDGE_CURVE('',#1717,#1735,#1743,.T.);
#1745=ORIENTED_EDGE('',*,*,#1744,.T.);
#1746=CARTESIAN_POINT('',(-22.712753646,-1.280587294,-5.8));
#1747=VERTEX_POINT('',#1746);
#1748=CARTESIAN_POINT('',(-22.585107719,-1.519843227,-5.8));
#1749=CARTESIAN_POINT('',(-22.585107719,-1.472559801,-5.8));
#1750=CARTESIAN_POINT('',(-22.596719712,-1.425968472,-5.8));
#1751=CARTESIAN_POINT('',(-22.61968831,-1.384906967,-5.8));
#1752=CARTESIAN_POINT('',(-22.642656908,-1.343845463,-5.8));
#1753=CARTESIAN_POINT('',(-22.675458095,-1.309449177,-5.8));
#1754=CARTESIAN_POINT('',(-22.712753646,-1.280587294,-5.8));
#1755=B_SPLINE_CURVE_WITH_KNOTS('',3,(#1748,#1749,#1750,#1751,#1752,#1753,#1754),.UNSPECIFIED.,.F.,.F.,(4,3,4),(0.001291232,0.001432678,0.001574123),.UNSPECIFIED.);
#1756=EDGE_CURVE('',#1735,#1747,#1755,.T.);
#1757=ORIENTED_EDGE('',*,*,#1756,.T.);
#1758=CARTESIAN_POINT('',(-22.712753646,-1.280587294,-5.8));
#1759=CARTESIAN_POINT('',(-22.766903431,-1.238252007,-5.8));
#1760=CARTESIAN_POINT('',(-22.828520523,-1.21080629,-5.8));
#1761=CARTESIAN_POINT('',(-22.894642746,-1.193671694,-5.8));
#1762=CARTESIAN_POINT('',(-22.960764969,-1.176537098,-5.8));
#1763=CARTESIAN_POINT('',(-23.028195545,-1.17030251,-5.8));
#1764=CARTESIAN_POINT('',(-23.09636941,-1.17026033,-5.8));
#1765=CARTESIAN_POINT('',(-23.164543274,-1.17021815,-5.8));
#1766=CARTESIAN_POINT('',(-23.23172815,-1.17644422,-5.8));
#1767=CARTESIAN_POINT('',(-23.297192955,-1.193243718,-5.8));
#1768=CARTESIAN_POINT('',(-23.36265776,-1.210043217,-5.8));
#1769=CARTESIAN_POINT('',(-23.426335161,-1.238198397,-5.8));
#1770=CARTESIAN_POINT('',(-23.480553517,-1.280587294,-5.8));
#1771=B_SPLINE_CURVE_WITH_KNOTS('',3,(#1758,#1759,#1760,#1761,#1762,#1763,#1764,#1765,#1766,#1767,#1768,#1769,#1770),.UNSPECIFIED.,.F.,.F.,(4,3,3,3,4),(0.001208449,0.001406615,0.00160478,0.001802946,0.002001111),.UNSPECIFIED.);
#1772=EDGE_CURVE('',#1747,#1691,#1771,.T.);
#1773=ORIENTED_EDGE('',*,*,#1772,.T.);
#1774=EDGE_LOOP('',(#1703,#1715,#1733,#1745,#1757,#1773));
#1775=FACE_BOUND('',#1774,.T.);
#1776=CARTESIAN_POINT('',(-23.431804319,-3.344089539,-5.8));
#1777=VERTEX_POINT('',#1776);
#1778=CARTESIAN_POINT('',(-23.610123755,-3.344089539,-5.8));
#1779=VERTEX_POINT('',#1778);
#1780=CARTESIAN_POINT('',(-23.431804319,-3.344089539,-5.8));
#1781=CARTESIAN_POINT('',(-23.431804319,-3.32051111,-5.8));
#1782=CARTESIAN_POINT('',(-23.441643149,-3.297665882,-5.8));
#1783=CARTESIAN_POINT('',(-23.458155878,-3.281176118,-5.8));
#1784=CARTESIAN_POINT('',(-23.474668606,-3.264686354,-5.8));
#1785=CARTESIAN_POINT('',(-23.497796254,-3.254895891,-5.8));
#1786=CARTESIAN_POINT('',(-23.521117558,-3.254929933,-5.8));
#1787=CARTESIAN_POINT('',(-23.544438862,-3.254963975,-5.8));
#1788=CARTESIAN_POINT('',(-23.56761512,-3.264493705,-5.8));
#1789=CARTESIAN_POINT('',(-23.584207244,-3.280970593,-5.8));
#1790=CARTESIAN_POINT('',(-23.600799368,-3.297447481,-5.8));
#1791=CARTESIAN_POINT('',(-23.610123755,-3.320508313,-5.8));
#1792=CARTESIAN_POINT('',(-23.610123755,-3.344089539,-5.8));
#1793=B_SPLINE_CURVE_WITH_KNOTS('',3,(#1780,#1781,#1782,#1783,#1784,#1785,#1786,#1787,#1788,#1789,#1790,#1791,#1792),.UNSPECIFIED.,.F.,.F.,(4,3,3,3,4),(0.00010366,0.000173795,0.00024393,0.000314065,0.0003842),.UNSPECIFIED.);
#1794=EDGE_CURVE('',#1777,#1779,#1793,.T.);
#1795=ORIENTED_EDGE('',*,*,#1794,.T.);
#1796=CARTESIAN_POINT('',(-23.610123755,-3.344089539,-5.8));
#1797=CARTESIAN_POINT('',(-23.610123755,-3.367664599,-5.8));
#1798=CARTESIAN_POINT('',(-23.601120805,-3.390861352,-5.8));
#1799=CARTESIAN_POINT('',(-23.584624868,-3.407432834,-5.8));
#1800=CARTESIAN_POINT('',(-23.568128932,-3.424004317,-5.8));
#1801=CARTESIAN_POINT('',(-23.544763496,-3.433033626,-5.8));
#1802=CARTESIAN_POINT('',(-23.521356359,-3.433244608,-5.8));
#1803=CARTESIAN_POINT('',(-23.497949222,-3.433455589,-5.8));
#1804=CARTESIAN_POINT('',(-23.474838604,-3.423629485,-5.8));
#1805=CARTESIAN_POINT('',(-23.458233339,-3.407080237,-5.8));
#1806=CARTESIAN_POINT('',(-23.441628073,-3.390530989,-5.8));
#1807=CARTESIAN_POINT('',(-23.431804319,-3.367712199,-5.8));
#1808=CARTESIAN_POINT('',(-23.431804319,-3.344089539,-5.8));
#1809=B_SPLINE_CURVE_WITH_KNOTS('',3,(#1796,#1797,#1798,#1799,#1800,#1801,#1802,#1803,#1804,#1805,#1806,#1807,#1808),.UNSPECIFIED.,.F.,.F.,(4,3,3,3,4),(0.,0.000069882,0.000139765,0.000209647,0.00027953),.UNSPECIFIED.);
#1810=EDGE_CURVE('',#1779,#1777,#1809,.T.);
#1811=ORIENTED_EDGE('',*,*,#1810,.T.);
#1812=EDGE_LOOP('',(#1795,#1811));
#1813=FACE_BOUND('',#1812,.T.);
#1814=CARTESIAN_POINT('',(-22.950085268,-3.344089539,-5.8));
#1815=VERTEX_POINT('',#1814);
#1816=CARTESIAN_POINT('',(-23.128404704,-3.344089539,-5.8));
#1817=VERTEX_POINT('',#1816);
#1818=CARTESIAN_POINT('',(-22.950085268,-3.344089539,-5.8));
#1819=CARTESIAN_POINT('',(-22.950085268,-3.32051111,-5.8));
#1820=CARTESIAN_POINT('',(-22.959924098,-3.297665882,-5.8));
#1821=CARTESIAN_POINT('',(-22.976436827,-3.281176118,-5.8));
#1822=CARTESIAN_POINT('',(-22.992949555,-3.264686354,-5.8));
#1823=CARTESIAN_POINT('',(-23.016077204,-3.254895891,-5.8));
#1824=CARTESIAN_POINT('',(-23.039398507,-3.254929933,-5.8));
#1825=CARTESIAN_POINT('',(-23.062719811,-3.254963975,-5.8));
#1826=CARTESIAN_POINT('',(-23.08589607,-3.264493705,-5.8));
#1827=CARTESIAN_POINT('',(-23.102488193,-3.280970593,-5.8));
#1828=CARTESIAN_POINT('',(-23.119080317,-3.297447481,-5.8));
#1829=CARTESIAN_POINT('',(-23.128404704,-3.320508313,-5.8));
#1830=CARTESIAN_POINT('',(-23.128404704,-3.344089539,-5.8));
#1831=B_SPLINE_CURVE_WITH_KNOTS('',3,(#1818,#1819,#1820,#1821,#1822,#1823,#1824,#1825,#1826,#1827,#1828,#1829,#1830),.UNSPECIFIED.,.F.,.F.,(4,3,3,3,4),(0.00010366,0.000173795,0.00024393,0.000314065,0.0003842),.UNSPECIFIED.);
#1832=EDGE_CURVE('',#1815,#1817,#1831,.T.);
#1833=ORIENTED_EDGE('',*,*,#1832,.T.);
#1834=CARTESIAN_POINT('',(-23.128404704,-3.344089539,-5.8));
#1835=CARTESIAN_POINT('',(-23.128404704,-3.367642741,-5.8));
#1836=CARTESIAN_POINT('',(-23.118903588,-3.390620299,-5.8));
#1837=CARTESIAN_POINT('',(-23.102490449,-3.407205124,-5.8));
#1838=CARTESIAN_POINT('',(-23.08607731,-3.423789949,-5.8));
#1839=CARTESIAN_POINT('',(-23.062804003,-3.432940295,-5.8));
#1840=CARTESIAN_POINT('',(-23.039427848,-3.433239893,-5.8));
#1841=CARTESIAN_POINT('',(-23.016051693,-3.433539492,-5.8));
#1842=CARTESIAN_POINT('',(-22.993004322,-3.423543738,-5.8));
#1843=CARTESIAN_POINT('',(-22.976447459,-3.407013577,-5.8));
#1844=CARTESIAN_POINT('',(-22.959890596,-3.390483416,-5.8));
#1845=CARTESIAN_POINT('',(-22.950085268,-3.367682459,-5.8));
#1846=CARTESIAN_POINT('',(-22.950085268,-3.344089539,-5.8));
#1847=B_SPLINE_CURVE_WITH_KNOTS('',3,(#1834,#1835,#1836,#1837,#1838,#1839,#1840,#1841,#1842,#1843,#1844,#1845,#1846),.UNSPECIFIED.,.F.,.F.,(4,3,3,3,4),(0.,0.000069787,0.000139574,0.00020936,0.000279147),.UNSPECIFIED.);
#1848=EDGE_CURVE('',#1817,#1815,#1847,.T.);
#1849=ORIENTED_EDGE('',*,*,#1848,.T.);
#1850=EDGE_LOOP('',(#1833,#1849));
#1851=FACE_BOUND('',#1850,.T.);
#1852=CARTESIAN_POINT('',(-23.423465641,-1.089439122,-5.8));
#1853=VERTEX_POINT('',#1852);
#1854=CARTESIAN_POINT('',(-23.327891555,-0.976546242,-5.8));
#1855=VERTEX_POINT('',#1854);
#1856=CARTESIAN_POINT('',(-23.423465641,-1.089439122,-5.8));
#1857=DIRECTION('',(0.646136615,0.763221773,0.));
#1858=VECTOR('',#1857,0.14791622);
#1859=LINE('',#1856,#1858);
#1860=EDGE_CURVE('',#1853,#1855,#1859,.T.);
#1861=ORIENTED_EDGE('',*,*,#1860,.T.);
#1862=CARTESIAN_POINT('',(-23.440142998,-0.882255029,-5.8));
#1863=VERTEX_POINT('',#1862);
#1864=CARTESIAN_POINT('',(-23.327891555,-0.976546242,-5.8));
#1865=CARTESIAN_POINT('',(-23.370369433,-0.951539103,-5.8));
#1866=CARTESIAN_POINT('',(-23.412076864,-0.922978393,-5.8));
#1867=CARTESIAN_POINT('',(-23.440142998,-0.882255029,-5.8));
#1868=B_SPLINE_CURVE_WITH_KNOTS('',3,(#1864,#1865,#1866,#1867),.UNSPECIFIED.,.F.,.F.,(4,4),(0.,0.000147775),.UNSPECIFIED.);
#1869=EDGE_CURVE('',#1855,#1863,#1868,.T.);
#1870=ORIENTED_EDGE('',*,*,#1869,.T.);
#1871=CARTESIAN_POINT('',(-23.409354031,-0.615417313,-5.8));
#1872=VERTEX_POINT('',#1871);
#1873=CARTESIAN_POINT('',(-23.440142998,-0.882255029,-5.8));
#1874=CARTESIAN_POINT('',(-23.467520274,-0.84173666,-5.8));
#1875=CARTESIAN_POINT('',(-23.47572398,-0.791161083,-5.8));
#1876=CARTESIAN_POINT('',(-23.471140946,-0.743173251,-5.8));
#1877=CARTESIAN_POINT('',(-23.468849429,-0.719179335,-5.8));
#1878=CARTESIAN_POINT('',(-23.462523895,-0.695286608,-5.8));
#1879=CARTESIAN_POINT('',(-23.452029526,-0.673649068,-5.8));
#1880=CARTESIAN_POINT('',(-23.441535157,-0.652011527,-5.8));
#1881=CARTESIAN_POINT('',(-23.4268671,-0.632394268,-5.8));
#1882=CARTESIAN_POINT('',(-23.409354031,-0.615417313,-5.8));
#1883=B_SPLINE_CURVE_WITH_KNOTS('',3,(#1873,#1874,#1875,#1876,#1877,#1878,#1879,#1880,#1881,#1882),.UNSPECIFIED.,.F.,.F.,(4,3,3,4),(0.001057921,0.00120438,0.001277609,0.001350839),.UNSPECIFIED.);
#1884=EDGE_CURVE('',#1863,#1872,#1883,.T.);
#1885=ORIENTED_EDGE('',*,*,#1884,.T.);
#1886=CARTESIAN_POINT('',(-23.0969743,-0.614775876,-5.8));
#1887=VERTEX_POINT('',#1886);
#1888=CARTESIAN_POINT('',(-23.409354031,-0.615417313,-5.8));
#1889=CARTESIAN_POINT('',(-23.388301573,-0.595615497,-5.8));
#1890=CARTESIAN_POINT('',(-23.363970419,-0.579840488,-5.8));
#1891=CARTESIAN_POINT('',(-23.337209954,-0.569535833,-5.8));
#1892=CARTESIAN_POINT('',(-23.310449489,-0.559231177,-5.8));
#1893=CARTESIAN_POINT('',(-23.281994679,-0.554595922,-5.8));
#1894=CARTESIAN_POINT('',(-23.253301522,-0.554482978,-5.8));
#1895=CARTESIAN_POINT('',(-23.224608365,-0.554370033,-5.8));
#1896=CARTESIAN_POINT('',(-23.195791188,-0.558468285,-5.8));
#1897=CARTESIAN_POINT('',(-23.168921492,-0.568419293,-5.8));
#1898=CARTESIAN_POINT('',(-23.142051796,-0.5783703,-5.8));
#1899=CARTESIAN_POINT('',(-23.117456985,-0.594293191,-5.8));
#1900=CARTESIAN_POINT('',(-23.0969743,-0.614775876,-5.8));
#1901=B_SPLINE_CURVE_WITH_KNOTS('',3,(#1888,#1889,#1890,#1891,#1892,#1893,#1894,#1895,#1896,#1897,#1898,#1899,#1900),.UNSPECIFIED.,.F.,.F.,(4,3,3,3,4),(0.001442909,0.001529387,0.001615866,0.001702344,0.001788822),.UNSPECIFIED.);
#1902=EDGE_CURVE('',#1872,#1887,#1901,.T.);
#1903=ORIENTED_EDGE('',*,*,#1902,.T.);
#1904=CARTESIAN_POINT('',(-23.122631773,-0.939342906,-5.8));
#1905=VERTEX_POINT('',#1904);
#1906=CARTESIAN_POINT('',(-23.0969743,-0.614775876,-5.8));
#1907=CARTESIAN_POINT('',(-23.074696024,-0.636365133,-5.8));
#1908=CARTESIAN_POINT('',(-23.0573198,-0.662267927,-5.8));
#1909=CARTESIAN_POINT('',(-23.046914452,-0.69144053,-5.8));
#1910=CARTESIAN_POINT('',(-23.036509103,-0.720613133,-5.8));
#1911=CARTESIAN_POINT('',(-23.033059564,-0.752006228,-5.8));
#1912=CARTESIAN_POINT('',(-23.035400368,-0.782572274,-5.8));
#1913=CARTESIAN_POINT('',(-23.037741173,-0.81313832,-5.8));
#1914=CARTESIAN_POINT('',(-23.047017113,-0.843239168,-5.8));
#1915=CARTESIAN_POINT('',(-23.062464172,-0.869915434,-5.8));
#1916=CARTESIAN_POINT('',(-23.077911231,-0.8965917,-5.8));
#1917=CARTESIAN_POINT('',(-23.098837857,-0.91954359,-5.8));
#1918=CARTESIAN_POINT('',(-23.122631773,-0.939342906,-5.8));
#1919=B_SPLINE_CURVE_WITH_KNOTS('',3,(#1906,#1907,#1908,#1909,#1910,#1911,#1912,#1913,#1914,#1915,#1916,#1917,#1918),.UNSPECIFIED.,.F.,.F.,(4,3,3,3,4),(0.000664308,0.000756848,0.000849387,0.000941926,0.001034465),.UNSPECIFIED.);
#1920=EDGE_CURVE('',#1887,#1905,#1919,.T.);
#1921=ORIENTED_EDGE('',*,*,#1920,.T.);
#1922=CARTESIAN_POINT('',(-23.122631773,-0.988733541,-5.8));
#1923=VERTEX_POINT('',#1922);
#1924=CARTESIAN_POINT('',(-23.122631773,-0.939342906,-5.8));
#1925=DIRECTION('',(0.,-1.,-0.));
#1926=VECTOR('',#1925,0.049390635);
#1927=LINE('',#1924,#1926);
#1928=EDGE_CURVE('',#1905,#1923,#1927,.T.);
#1929=ORIENTED_EDGE('',*,*,#1928,.T.);
#1930=CARTESIAN_POINT('',(-22.601785076,-0.832864394,-5.8));
#1931=VERTEX_POINT('',#1930);
#1932=CARTESIAN_POINT('',(-23.122631773,-0.988733541,-5.8));
#1933=DIRECTION('',(0.958020899,0.286698373,0.));
#1934=VECTOR('',#1933,0.543669451);
#1935=LINE('',#1932,#1934);
#1936=EDGE_CURVE('',#1923,#1931,#1935,.T.);
#1937=ORIENTED_EDGE('',*,*,#1936,.T.);
#1938=CARTESIAN_POINT('',(-22.601785076,-0.423627704,-5.8));
#1939=VERTEX_POINT('',#1938);
#1940=CARTESIAN_POINT('',(-22.601785076,-0.832864394,-5.8));
#1941=DIRECTION('',(0.,1.,0.));
#1942=VECTOR('',#1941,0.40923669);
#1943=LINE('',#1940,#1942);
#1944=EDGE_CURVE('',#1931,#1939,#1943,.T.);
#1945=ORIENTED_EDGE('',*,*,#1944,.T.);
#1946=CARTESIAN_POINT('',(-22.741618302,-0.423627704,-5.8));
#1947=VERTEX_POINT('',#1946);
#1948=CARTESIAN_POINT('',(-22.601785076,-0.423627704,-5.8));
#1949=DIRECTION('',(-1.,0.,0.));
#1950=VECTOR('',#1949,0.139833226);
#1951=LINE('',#1948,#1950);
#1952=EDGE_CURVE('',#1939,#1947,#1951,.T.);
#1953=ORIENTED_EDGE('',*,*,#1952,.T.);
#1954=CARTESIAN_POINT('',(-22.741618302,-0.72895163,-5.8));
#1955=VERTEX_POINT('',#1954);
#1956=CARTESIAN_POINT('',(-22.741618302,-0.423627704,-5.8));
#1957=DIRECTION('',(0.,-1.,-0.));
#1958=VECTOR('',#1957,0.305323926);
#1959=LINE('',#1956,#1958);
#1960=EDGE_CURVE('',#1947,#1955,#1959,.T.);
#1961=ORIENTED_EDGE('',*,*,#1960,.T.);
#1962=CARTESIAN_POINT('',(-22.905826128,-0.777700828,-5.8));
#1963=VERTEX_POINT('',#1962);
#1964=CARTESIAN_POINT('',(-22.741618302,-0.72895163,-5.8));
#1965=DIRECTION('',(-0.958646866,-0.284598288,-0.));
#1966=VECTOR('',#1965,0.171291256);
#1967=LINE('',#1964,#1966);
#1968=EDGE_CURVE('',#1955,#1963,#1967,.T.);
#1969=ORIENTED_EDGE('',*,*,#1968,.T.);
#1970=CARTESIAN_POINT('',(-23.000758777,-0.501882996,-5.8));
#1971=VERTEX_POINT('',#1970);
#1972=CARTESIAN_POINT('',(-22.905826128,-0.777700828,-5.8));
#1973=CARTESIAN_POINT('',(-22.899904062,-0.727363263,-5.8));
#1974=CARTESIAN_POINT('',(-22.904149939,-0.676203743,-5.8));
#1975=CARTESIAN_POINT('',(-22.919919865,-0.628135001,-5.8));
#1976=CARTESIAN_POINT('',(-22.935689791,-0.580066258,-5.8));
#1977=CARTESIAN_POINT('',(-22.963945072,-0.536759138,-5.8));
#1978=CARTESIAN_POINT('',(-23.000758777,-0.501882996,-5.8));
#1979=B_SPLINE_CURVE_WITH_KNOTS('',3,(#1972,#1973,#1974,#1975,#1976,#1977,#1978),.UNSPECIFIED.,.F.,.F.,(4,3,4),(0.001695949,0.00184793,0.00199991),.UNSPECIFIED.);
#1980=EDGE_CURVE('',#1963,#1971,#1979,.T.);
#1981=ORIENTED_EDGE('',*,*,#1980,.T.);
#1982=CARTESIAN_POINT('',(-23.000758777,-0.501882996,-5.8));
#1983=CARTESIAN_POINT('',(-23.037979609,-0.466141138,-5.8));
#1984=CARTESIAN_POINT('',(-23.082943824,-0.439980655,-5.8));
#1985=CARTESIAN_POINT('',(-23.13176272,-0.425187651,-5.8));
#1986=CARTESIAN_POINT('',(-23.180581615,-0.410394646,-5.8));
#1987=CARTESIAN_POINT('',(-23.232606673,-0.406207553,-5.8));
#1988=CARTESIAN_POINT('',(-23.283434778,-0.410200002,-5.8));
#1989=CARTESIAN_POINT('',(-23.334262883,-0.414192452,-5.8));
#1990=CARTESIAN_POINT('',(-23.384726164,-0.428108611,-5.8));
#1991=CARTESIAN_POINT('',(-23.429315919,-0.453412786,-5.8));
#1992=CARTESIAN_POINT('',(-23.473905673,-0.47871696,-5.8));
#1993=CARTESIAN_POINT('',(-23.512635374,-0.514945337,-5.8));
#1994=CARTESIAN_POINT('',(-23.542047957,-0.556495569,-5.8));
#1995=CARTESIAN_POINT('',(-23.57146054,-0.598045801,-5.8));
#1996=CARTESIAN_POINT('',(-23.59138923,-0.646661118,-5.8));
#1997=CARTESIAN_POINT('',(-23.600844231,-0.696885765,-5.8));
#1998=CARTESIAN_POINT('',(-23.610299232,-0.747110412,-5.8));
#1999=CARTESIAN_POINT('',(-23.611393574,-0.799047426,-5.8));
#2000=CARTESIAN_POINT('',(-23.6017382,-0.849723002,-5.8));
#2001=CARTESIAN_POINT('',(-23.592082825,-0.900398579,-5.8));
#2002=CARTESIAN_POINT('',(-23.570397295,-0.948254262,-5.8));
#2003=CARTESIAN_POINT('',(-23.539071812,-0.988701396,-5.8));
#2004=CARTESIAN_POINT('',(-23.50774633,-1.029148531,-5.8));
#2005=CARTESIAN_POINT('',(-23.467440247,-1.062413061,-5.8));
#2006=CARTESIAN_POINT('',(-23.423465641,-1.089439122,-5.8));
#2007=B_SPLINE_CURVE_WITH_KNOTS('',3,(#1982,#1983,#1984,#1985,#1986,#1987,#1988,#1989,#1990,#1991,#1992,#1993,#1994,#1995,#1996,#1997,#1998,#1999,#2000,#2001,#2002,#2003,#2004,#2005,#2006),.UNSPECIFIED.,.F.,.F.,(4,3,3,3,3,3,3,3,4),(0.004665039,0.004819756,0.004974473,0.00512919,0.005283907,0.005438625,0.005593342,0.005748059,0.005902776),.UNSPECIFIED.);
#2008=EDGE_CURVE('',#1971,#1853,#2007,.T.);
#2009=ORIENTED_EDGE('',*,*,#2008,.T.);
#2010=EDGE_LOOP('',(#1861,#1870,#1885,#1903,#1921,#1929,#1937,#1945,#1953,#1961,#1969,#1981,#2009));
#2011=FACE_BOUND('',#2010,.T.);
#2012=CARTESIAN_POINT('',(-23.431804319,-2.127925331,-5.8));
#2013=VERTEX_POINT('',#2012);
#2014=CARTESIAN_POINT('',(-23.610123755,-2.127925331,-5.8));
#2015=VERTEX_POINT('',#2014);
#2016=CARTESIAN_POINT('',(-23.431804319,-2.127925331,-5.8));
#2017=CARTESIAN_POINT('',(-23.431804319,-2.104346902,-5.8));
#2018=CARTESIAN_POINT('',(-23.441643149,-2.081501674,-5.8));
#2019=CARTESIAN_POINT('',(-23.458155878,-2.06501191,-5.8));
#2020=CARTESIAN_POINT('',(-23.474668606,-2.048522146,-5.8));
#2021=CARTESIAN_POINT('',(-23.497796254,-2.038731683,-5.8));
#2022=CARTESIAN_POINT('',(-23.521117558,-2.038765725,-5.8));
#2023=CARTESIAN_POINT('',(-23.544438862,-2.038799767,-5.8));
#2024=CARTESIAN_POINT('',(-23.56761512,-2.048329497,-5.8));
#2025=CARTESIAN_POINT('',(-23.584207244,-2.064806385,-5.8));
#2026=CARTESIAN_POINT('',(-23.600799368,-2.081283273,-5.8));
#2027=CARTESIAN_POINT('',(-23.610123755,-2.104344105,-5.8));
#2028=CARTESIAN_POINT('',(-23.610123755,-2.127925331,-5.8));
#2029=B_SPLINE_CURVE_WITH_KNOTS('',3,(#2016,#2017,#2018,#2019,#2020,#2021,#2022,#2023,#2024,#2025,#2026,#2027,#2028),.UNSPECIFIED.,.F.,.F.,(4,3,3,3,4),(0.00010366,0.000173795,0.00024393,0.000314065,0.0003842),.UNSPECIFIED.);
#2030=EDGE_CURVE('',#2013,#2015,#2029,.T.);
#2031=ORIENTED_EDGE('',*,*,#2030,.T.);
#2032=CARTESIAN_POINT('',(-23.610123755,-2.127925331,-5.8));
#2033=CARTESIAN_POINT('',(-23.610123755,-2.151500391,-5.8));
#2034=CARTESIAN_POINT('',(-23.601120806,-2.174697146,-5.8));
#2035=CARTESIAN_POINT('',(-23.584624868,-2.191268627,-5.8));
#2036=CARTESIAN_POINT('',(-23.568128931,-2.207840108,-5.8));
#2037=CARTESIAN_POINT('',(-23.544763496,-2.216869419,-5.8));
#2038=CARTESIAN_POINT('',(-23.521356359,-2.2170804,-5.8));
#2039=CARTESIAN_POINT('',(-23.497949222,-2.217291381,-5.8));
#2040=CARTESIAN_POINT('',(-23.474838604,-2.207465277,-5.8));
#2041=CARTESIAN_POINT('',(-23.458233339,-2.190916029,-5.8));
#2042=CARTESIAN_POINT('',(-23.441628073,-2.174366781,-5.8));
#2043=CARTESIAN_POINT('',(-23.431804319,-2.151547991,-5.8));
#2044=CARTESIAN_POINT('',(-23.431804319,-2.127925331,-5.8));
#2045=B_SPLINE_CURVE_WITH_KNOTS('',3,(#2032,#2033,#2034,#2035,#2036,#2037,#2038,#2039,#2040,#2041,#2042,#2043,#2044),.UNSPECIFIED.,.F.,.F.,(4,3,3,3,4),(0.,0.000069882,0.000139765,0.000209647,0.00027953),.UNSPECIFIED.);
#2046=EDGE_CURVE('',#2015,#2013,#2045,.T.);
#2047=ORIENTED_EDGE('',*,*,#2046,.T.);
#2048=EDGE_LOOP('',(#2031,#2047));
#2049=FACE_BOUND('',#2048,.T.);
#2050=CARTESIAN_POINT('',(-22.601785076,-3.852107499,-5.8));
#2051=VERTEX_POINT('',#2050);
#2052=CARTESIAN_POINT('',(-23.592163524,-3.852107499,-5.8));
#2053=VERTEX_POINT('',#2052);
#2054=CARTESIAN_POINT('',(-22.601785076,-3.852107499,-5.8));
#2055=DIRECTION('',(-1.,0.,0.));
#2056=VECTOR('',#2055,0.990378448);
#2057=LINE('',#2054,#2056);
#2058=EDGE_CURVE('',#2051,#2053,#2057,.T.);
#2059=ORIENTED_EDGE('',*,*,#2058,.T.);
#2060=CARTESIAN_POINT('',(-23.592163524,-4.001562277,-5.8));
#2061=VERTEX_POINT('',#2060);
#2062=CARTESIAN_POINT('',(-23.592163524,-3.852107499,-5.8));
#2063=DIRECTION('',(0.,-1.,-0.));
#2064=VECTOR('',#2063,0.149454779);
#2065=LINE('',#2062,#2064);
#2066=EDGE_CURVE('',#2053,#2061,#2065,.T.);
#2067=ORIENTED_EDGE('',*,*,#2066,.T.);
#2068=CARTESIAN_POINT('',(-22.741618302,-4.001562277,-5.8));
#2069=VERTEX_POINT('',#2068);
#2070=CARTESIAN_POINT('',(-23.592163524,-4.001562277,-5.8));
#2071=DIRECTION('',(1.,0.,-0.));
#2072=VECTOR('',#2071,0.850545221);
#2073=LINE('',#2070,#2072);
#2074=EDGE_CURVE('',#2061,#2069,#2073,.T.);
#2075=ORIENTED_EDGE('',*,*,#2074,.T.);
#2076=CARTESIAN_POINT('',(-22.741618302,-4.172825908,-5.8));
#2077=VERTEX_POINT('',#2076);
#2078=CARTESIAN_POINT('',(-22.741618302,-4.001562277,-5.8));
#2079=DIRECTION('',(0.,-1.,-0.));
#2080=VECTOR('',#2079,0.171263631);
#2081=LINE('',#2078,#2080);
#2082=EDGE_CURVE('',#2069,#2077,#2081,.T.);
#2083=ORIENTED_EDGE('',*,*,#2082,.T.);
#2084=CARTESIAN_POINT('',(-22.601785076,-4.090721995,-5.8));
#2085=VERTEX_POINT('',#2084);
#2086=CARTESIAN_POINT('',(-22.741618302,-4.172825908,-5.8));
#2087=DIRECTION('',(0.862340693,0.50632848,0.));
#2088=VECTOR('',#2087,0.162155431);
#2089=LINE('',#2086,#2088);
#2090=EDGE_CURVE('',#2077,#2085,#2089,.T.);
#2091=ORIENTED_EDGE('',*,*,#2090,.T.);
#2092=CARTESIAN_POINT('',(-22.601785076,-4.090721995,-5.8));
#2093=DIRECTION('',(0.,1.,0.));
#2094=VECTOR('',#2093,0.238614496);
#2095=LINE('',#2092,#2094);
#2096=EDGE_CURVE('',#2085,#2051,#2095,.T.);
#2097=ORIENTED_EDGE('',*,*,#2096,.T.);
#2098=EDGE_LOOP('',(#2059,#2067,#2075,#2083,#2091,#2097));
#2099=FACE_BOUND('',#2098,.T.);
#2100=CARTESIAN_POINT('',(-23.451688861,-2.443512245,-5.8));
#2101=VERTEX_POINT('',#2100);
#2102=CARTESIAN_POINT('',(-23.592163524,-2.443512245,-5.8));
#2103=VERTEX_POINT('',#2102);
#2104=CARTESIAN_POINT('',(-23.451688861,-2.443512245,-5.8));
#2105=DIRECTION('',(-1.,0.,0.));
#2106=VECTOR('',#2105,0.140474663);
#2107=LINE('',#2104,#2106);
#2108=EDGE_CURVE('',#2101,#2103,#2107,.T.);
#2109=ORIENTED_EDGE('',*,*,#2108,.T.);
#2110=CARTESIAN_POINT('',(-23.592163524,-3.108682226,-5.8));
#2111=VERTEX_POINT('',#2110);
#2112=CARTESIAN_POINT('',(-23.592163524,-2.443512245,-5.8));
#2113=DIRECTION('',(0.,-1.,-0.));
#2114=VECTOR('',#2113,0.665169981);
#2115=LINE('',#2112,#2114);
#2116=EDGE_CURVE('',#2103,#2111,#2115,.T.);
#2117=ORIENTED_EDGE('',*,*,#2116,.T.);
#2118=CARTESIAN_POINT('',(-23.175871029,-2.764872091,-5.8));
#2119=VERTEX_POINT('',#2118);
#2120=CARTESIAN_POINT('',(-23.592163524,-3.108682226,-5.8));
#2121=DIRECTION('',(0.771037834,0.636789336,0.));
#2122=VECTOR('',#2121,0.539911891);
#2123=LINE('',#2120,#2122);
#2124=EDGE_CURVE('',#2111,#2119,#2123,.T.);
#2125=ORIENTED_EDGE('',*,*,#2124,.T.);
#2126=CARTESIAN_POINT('',(-22.991778662,-2.627604612,-5.8));
#2127=VERTEX_POINT('',#2126);
#2128=CARTESIAN_POINT('',(-23.175871029,-2.764872091,-5.8));
#2129=CARTESIAN_POINT('',(-23.146169458,-2.740682152,-5.8));
#2130=CARTESIAN_POINT('',(-23.116265164,-2.716749251,-5.8));
#2131=CARTESIAN_POINT('',(-23.085889438,-2.69341409,-5.8));
#2132=CARTESIAN_POINT('',(-23.055513712,-2.670078929,-5.8));
#2133=CARTESIAN_POINT('',(-23.024895661,-2.646923247,-5.8));
#2134=CARTESIAN_POINT('',(-22.991778662,-2.627604612,-5.8));
#2135=B_SPLINE_CURVE_WITH_KNOTS('',3,(#2128,#2129,#2130,#2131,#2132,#2133,#2134),.UNSPECIFIED.,.F.,.F.,(4,3,4),(0.0012839,0.001398817,0.001513734),.UNSPECIFIED.);
#2136=EDGE_CURVE('',#2119,#2127,#2135,.T.);
#2137=ORIENTED_EDGE('',*,*,#2136,.T.);
#2138=CARTESIAN_POINT('',(-22.898128886,-2.932287101,-5.8));
#2139=VERTEX_POINT('',#2138);
#2140=CARTESIAN_POINT('',(-22.991778662,-2.627604612,-5.8));
#2141=CARTESIAN_POINT('',(-22.968319879,-2.613379606,-5.8));
#2142=CARTESIAN_POINT('',(-22.943351658,-2.601307044,-5.8));
#2143=CARTESIAN_POINT('',(-22.916797668,-2.595104176,-5.8));
#2144=CARTESIAN_POINT('',(-22.890243677,-2.588901308,-5.8));
#2145=CARTESIAN_POINT('',(-22.86184266,-2.589949163,-5.8));
#2146=CARTESIAN_POINT('',(-22.835793415,-2.59753805,-5.8));
#2147=CARTESIAN_POINT('',(-22.783694924,-2.612715822,-5.8));
#2148=CARTESIAN_POINT('',(-22.741539954,-2.657313483,-5.8));
#2149=CARTESIAN_POINT('',(-22.726981491,-2.709943901,-5.8));
#2150=CARTESIAN_POINT('',(-22.719702259,-2.73625911,-5.8));
#2151=CARTESIAN_POINT('',(-22.718740953,-2.764041046,-5.8));
#2152=CARTESIAN_POINT('',(-22.722466801,-2.790902114,-5.8));
#2153=CARTESIAN_POINT('',(-22.72619265,-2.817763181,-5.8));
#2154=CARTESIAN_POINT('',(-22.735938824,-2.844083834,-5.8));
#2155=CARTESIAN_POINT('',(-22.753141429,-2.865542609,-5.8));
#2156=CARTESIAN_POINT('',(-22.770344033,-2.887001383,-5.8));
#2157=CARTESIAN_POINT('',(-22.793616572,-2.902299152,-5.8));
#2158=CARTESIAN_POINT('',(-22.81878459,-2.912706306,-5.8));
#2159=CARTESIAN_POINT('',(-22.843952607,-2.923113461,-5.8));
#2160=CARTESIAN_POINT('',(-22.870943076,-2.928950215,-5.8));
#2161=CARTESIAN_POINT('',(-22.898128886,-2.932287101,-5.8));
#2162=B_SPLINE_CURVE_WITH_KNOTS('',3,(#2140,#2141,#2142,#2143,#2144,#2145,#2146,#2147,#2148,#2149,#2150,#2151,#2152,#2153,#2154,#2155,#2156,#2157,#2158,#2159,#2160,#2161),.UNSPECIFIED.,.F.,.F.,(4,3,3,3,3,3,3,4),(0.001359715,0.001441434,0.001523154,0.001686592,0.001768311,0.001850031,0.00193175,0.002013469),.UNSPECIFIED.);
#2163=EDGE_CURVE('',#2127,#2139,#2162,.T.);
#2164=ORIENTED_EDGE('',*,*,#2163,.T.);
#2165=CARTESIAN_POINT('',(-22.898128886,-3.081100443,-5.8));
#2166=VERTEX_POINT('',#2165);
#2167=CARTESIAN_POINT('',(-22.898128886,-2.932287101,-5.8));
#2168=DIRECTION('',(0.,-1.,-0.));
#2169=VECTOR('',#2168,0.148813342);
#2170=LINE('',#2167,#2169);
#2171=EDGE_CURVE('',#2139,#2166,#2170,.T.);
#2172=ORIENTED_EDGE('',*,*,#2171,.T.);
#2173=CARTESIAN_POINT('',(-22.671060252,-2.537803458,-5.8));
#2174=VERTEX_POINT('',#2173);
#2175=CARTESIAN_POINT('',(-22.898128886,-3.081100443,-5.8));
#2176=CARTESIAN_POINT('',(-22.836020805,-3.073973286,-5.8));
#2177=CARTESIAN_POINT('',(-22.7742399,-3.059110547,-5.8));
#2178=CARTESIAN_POINT('',(-22.720400785,-3.027810512,-5.8));
#2179=CARTESIAN_POINT('',(-22.693481228,-3.012160495,-5.8));
#2180=CARTESIAN_POINT('',(-22.668755252,-2.992067764,-5.8));
#2181=CARTESIAN_POINT('',(-22.648790627,-2.968018135,-5.8));
#2182=CARTESIAN_POINT('',(-22.628826002,-2.943968506,-5.8));
#2183=CARTESIAN_POINT('',(-22.613883185,-2.916456363,-5.8));
#2184=CARTESIAN_POINT('',(-22.603695991,-2.886974397,-5.8));
#2185=CARTESIAN_POINT('',(-22.593508797,-2.857492432,-5.8));
#2186=CARTESIAN_POINT('',(-22.588191915,-2.827028117,-5.8));
#2187=CARTESIAN_POINT('',(-22.586116491,-2.795909995,-5.8));
#2188=CARTESIAN_POINT('',(-22.584041068,-2.764791873,-5.8));
#2189=CARTESIAN_POINT('',(-22.584953735,-2.733672103,-5.8));
#2190=CARTESIAN_POINT('',(-22.589955736,-2.703045885,-5.8));
#2191=CARTESIAN_POINT('',(-22.599959737,-2.641793451,-5.8));
#2192=CARTESIAN_POINT('',(-22.628168971,-2.583575497,-5.8));
#2193=CARTESIAN_POINT('',(-22.671060252,-2.537803458,-5.8));
#2194=B_SPLINE_CURVE_WITH_KNOTS('',3,(#2175,#2176,#2177,#2178,#2179,#2180,#2181,#2182,#2183,#2184,#2185,#2186,#2187,#2188,#2189,#2190,#2191,#2192,#2193),.UNSPECIFIED.,.F.,.F.,(4,3,3,3,3,3,4),(0.001374889,0.001560915,0.001653928,0.001746941,0.001839954,0.001932967,0.002118993),.UNSPECIFIED.);
#2195=EDGE_CURVE('',#2166,#2174,#2194,.T.);
#2196=ORIENTED_EDGE('',*,*,#2195,.T.);
#2197=CARTESIAN_POINT('',(-23.04245217,-2.488412823,-5.8));
#2198=VERTEX_POINT('',#2197);
#2199=CARTESIAN_POINT('',(-22.671060252,-2.537803458,-5.8));
#2200=CARTESIAN_POINT('',(-22.694224392,-2.512910651,-5.8));
#2201=CARTESIAN_POINT('',(-22.720767168,-2.491877703,-5.8));
#2202=CARTESIAN_POINT('',(-22.750926203,-2.476289011,-5.8));
#2203=CARTESIAN_POINT('',(-22.781085238,-2.460700318,-5.8));
#2204=CARTESIAN_POINT('',(-22.814148078,-2.451181458,-5.8));
#2205=CARTESIAN_POINT('',(-22.847581771,-2.447430636,-5.8));
#2206=CARTESIAN_POINT('',(-22.881015464,-2.443679814,-5.8));
#2207=CARTESIAN_POINT('',(-22.915284676,-2.445202817,-5.8));
#2208=CARTESIAN_POINT('',(-22.948199907,-2.452321179,-5.8));
#2209=CARTESIAN_POINT('',(-22.981115138,-2.459439541,-5.8));
#2210=CARTESIAN_POINT('',(-23.012719451,-2.471949251,-5.8));
#2211=CARTESIAN_POINT('',(-23.04245217,-2.488412823,-5.8));
#2212=B_SPLINE_CURVE_WITH_KNOTS('',3,(#2199,#2200,#2201,#2202,#2203,#2204,#2205,#2206,#2207,#2208,#2209,#2210,#2211),.UNSPECIFIED.,.F.,.F.,(4,3,3,3,4),(0.000537511,0.000639303,0.000741096,0.000842888,0.000944681),.UNSPECIFIED.);
#2213=EDGE_CURVE('',#2174,#2198,#2212,.T.);
#2214=ORIENTED_EDGE('',*,*,#2213,.T.);
#2215=CARTESIAN_POINT('',(-23.269520804,-2.65839358,-5.8));
#2216=VERTEX_POINT('',#2215);
#2217=CARTESIAN_POINT('',(-23.04245217,-2.488412823,-5.8));
#2218=CARTESIAN_POINT('',(-23.084198445,-2.510942558,-5.8));
#2219=CARTESIAN_POINT('',(-23.122165606,-2.539419781,-5.8));
#2220=CARTESIAN_POINT('',(-23.159528344,-2.568507763,-5.8));
#2221=CARTESIAN_POINT('',(-23.196891081,-2.597595745,-5.8));
#2222=CARTESIAN_POINT('',(-23.233393415,-2.627777148,-5.8));
#2223=CARTESIAN_POINT('',(-23.269520804,-2.65839358,-5.8));
#2224=B_SPLINE_CURVE_WITH_KNOTS('',3,(#2217,#2218,#2219,#2220,#2221,#2222,#2223),.UNSPECIFIED.,.F.,.F.,(4,3,4),(0.000734719,0.000877008,0.001019296),.UNSPECIFIED.);
#2225=EDGE_CURVE('',#2198,#2216,#2224,.T.);
#2226=ORIENTED_EDGE('',*,*,#2225,.T.);
#2227=CARTESIAN_POINT('',(-23.451688861,-2.812338416,-5.8));
#2228=VERTEX_POINT('',#2227);
#2229=CARTESIAN_POINT('',(-23.269520804,-2.65839358,-5.8));
#2230=DIRECTION('',(-0.763794182,-0.645459872,-0.));
#2231=VECTOR('',#2230,0.238504116);
#2232=LINE('',#2229,#2231);
#2233=EDGE_CURVE('',#2216,#2228,#2232,.T.);
#2234=ORIENTED_EDGE('',*,*,#2233,.T.);
#2235=CARTESIAN_POINT('',(-23.451688861,-2.812338416,-5.8));
#2236=DIRECTION('',(0.,1.,0.));
#2237=VECTOR('',#2236,0.368826171);
#2238=LINE('',#2235,#2237);
#2239=EDGE_CURVE('',#2228,#2101,#2238,.T.);
#2240=ORIENTED_EDGE('',*,*,#2239,.T.);
#2241=EDGE_LOOP('',(#2109,#2117,#2125,#2137,#2164,#2172,#2196,#2214,#2226,#2234,#2240));
#2242=FACE_BOUND('',#2241,.T.);
#2243=CARTESIAN_POINT('',(-24.254884197,-0.56818924,-5.8));
#2244=VERTEX_POINT('',#2243);
#2245=CARTESIAN_POINT('',(-23.939050173,-0.116631969,-5.8));
#2246=VERTEX_POINT('',#2245);
#2247=CARTESIAN_POINT('',(-24.254884197,-0.56818924,-5.8));
#2248=DIRECTION('',(0.573150432,0.819450171,0.));
#2249=VECTOR('',#2248,0.55104909);
#2250=LINE('',#2247,#2249);
#2251=EDGE_CURVE('',#2244,#2246,#2250,.T.);
#2252=ORIENTED_EDGE('',*,*,#2251,.T.);
#2253=CARTESIAN_POINT('',(-22.929873609,0.474134079,-5.8));
#2254=VERTEX_POINT('',#2253);
#2255=CARTESIAN_POINT('',(-22.791819934,-0.919042573,-5.8));
#2256=DIRECTION('',(0.,0.,-1.));
#2257=DIRECTION('',(0.,1.,0.));
#2258=AXIS2_PLACEMENT_3D('',#2255,#2256,#2257);
#2259=CIRCLE('',#2258,1.4);
#2260=EDGE_CURVE('',#2246,#2254,#2259,.T.);
#2261=ORIENTED_EDGE('',*,*,#2260,.T.);
#2262=CARTESIAN_POINT('',(-20.319112468,3.222310534,-5.8));
#2263=VERTEX_POINT('',#2262);
#2264=CARTESIAN_POINT('',(-23.215841936,3.36,-5.8));
#2265=DIRECTION('',(0.,0.,-1.));
#2266=DIRECTION('',(0.,1.,0.));
#2267=AXIS2_PLACEMENT_3D('',#2264,#2265,#2266);
#2268=CIRCLE('',#2267,2.9);
#2269=EDGE_CURVE('',#2263,#2254,#2268,.T.);
#2270=ORIENTED_EDGE('',*,*,#2269,.F.);
#2271=CARTESIAN_POINT('',(-20.294110297,3.222687003,-5.8));
#2272=VERTEX_POINT('',#2271);
#2273=CARTESIAN_POINT('',(-20.319112468,3.222310534,-5.8));
#2274=CARTESIAN_POINT('',(-20.310778411,3.222436024,-5.8));
#2275=CARTESIAN_POINT('',(-20.302444354,3.222561514,-5.8));
#2276=CARTESIAN_POINT('',(-20.294110297,3.222687003,-5.8));
#2277=B_SPLINE_CURVE_WITH_KNOTS('',3,(#2273,#2274,#2275,#2276),.UNSPECIFIED.,.F.,.F.,(4,4),(0.00010002,0.000125025),.UNSPECIFIED.);
#2278=EDGE_CURVE('',#2263,#2272,#2277,.T.);
#2279=ORIENTED_EDGE('',*,*,#2278,.T.);
#2280=CARTESIAN_POINT('',(-20.206265029,1.46,-5.8));
#2281=VERTEX_POINT('',#2280);
#2282=CARTESIAN_POINT('',(-51.92813862,0.762641161,-5.8));
#2283=DIRECTION('',(0.,0.,-1.));
#2284=DIRECTION('',(0.,1.,0.));
#2285=AXIS2_PLACEMENT_3D('',#2282,#2283,#2284);
#2286=CIRCLE('',#2285,31.72953787);
#2287=EDGE_CURVE('',#2272,#2281,#2286,.T.);
#2288=ORIENTED_EDGE('',*,*,#2287,.T.);
#2289=CARTESIAN_POINT('',(-20.206265029,-0.54,-5.8));
#2290=VERTEX_POINT('',#2289);
#2291=CARTESIAN_POINT('',(-20.206265029,-0.54,-5.8));
#2292=DIRECTION('',(0.,1.,0.));
#2293=VECTOR('',#2292,2.);
#2294=LINE('',#2291,#2293);
#2295=EDGE_CURVE('',#2290,#2281,#2294,.T.);
#2296=ORIENTED_EDGE('',*,*,#2295,.F.);
#2297=CARTESIAN_POINT('',(-20.573366918,-4.70493126,-5.8));
#2298=VERTEX_POINT('',#2297);
#2299=CARTESIAN_POINT('',(-51.92813862,0.157358839,-5.8));
#2300=DIRECTION('',(0.,0.,-1.));
#2301=DIRECTION('',(0.,1.,0.));
#2302=AXIS2_PLACEMENT_3D('',#2299,#2300,#2301);
#2303=CIRCLE('',#2302,31.72953787);
#2304=EDGE_CURVE('',#2290,#2298,#2303,.T.);
#2305=ORIENTED_EDGE('',*,*,#2304,.T.);
#2306=CARTESIAN_POINT('',(-21.314508474,-5.34,-5.8));
#2307=VERTEX_POINT('',#2306);
#2308=CARTESIAN_POINT('',(-21.314508474,-4.59,-5.8));
#2309=DIRECTION('',(0.,0.,-1.));
#2310=DIRECTION('',(0.,1.,0.));
#2311=AXIS2_PLACEMENT_3D('',#2308,#2309,#2310);
#2312=CIRCLE('',#2311,0.75);
#2313=EDGE_CURVE('',#2298,#2307,#2312,.T.);
#2314=ORIENTED_EDGE('',*,*,#2313,.T.);
#2315=CARTESIAN_POINT('',(-22.255737784,-5.34,-5.8));
#2316=VERTEX_POINT('',#2315);
#2317=CARTESIAN_POINT('',(-21.314508474,-5.34,-5.8));
#2318=DIRECTION('',(-1.,0.,0.));
#2319=VECTOR('',#2318,0.94122931);
#2320=LINE('',#2317,#2319);
#2321=EDGE_CURVE('',#2307,#2316,#2320,.T.);
#2322=ORIENTED_EDGE('',*,*,#2321,.T.);
#2323=CARTESIAN_POINT('',(-22.255737784,-5.338090311,-5.8));
#2324=VERTEX_POINT('',#2323);
#2325=CARTESIAN_POINT('',(-22.255737784,-5.34,-5.8));
#2326=DIRECTION('',(0.,1.,0.));
#2327=VECTOR('',#2326,0.001909689);
#2328=LINE('',#2325,#2327);
#2329=EDGE_CURVE('',#2316,#2324,#2328,.T.);
#2330=ORIENTED_EDGE('',*,*,#2329,.T.);
#2331=CARTESIAN_POINT('',(-26.063395667,-5.338090311,-5.8));
#2332=VERTEX_POINT('',#2331);
#2333=CARTESIAN_POINT('',(-22.255737784,-5.338090311,-5.8));
#2334=DIRECTION('',(-1.,-0.,-0.));
#2335=VECTOR('',#2334,3.807657882);
#2336=LINE('',#2333,#2335);
#2337=EDGE_CURVE('',#2324,#2332,#2336,.T.);
#2338=ORIENTED_EDGE('',*,*,#2337,.T.);
#2339=CARTESIAN_POINT('',(-26.113409289,-5.098267492,-5.8));
#2340=VERTEX_POINT('',#2339);
#2341=CARTESIAN_POINT('',(-26.063395667,-5.338090311,-5.8));
#2342=DIRECTION('',(-0.20415195,0.978939212,0.));
#2343=VECTOR('',#2342,0.24498234);
#2344=LINE('',#2341,#2343);
#2345=EDGE_CURVE('',#2332,#2340,#2344,.T.);
#2346=ORIENTED_EDGE('',*,*,#2345,.T.);
#2347=CARTESIAN_POINT('',(-24.372552913,-2.44,-5.8));
#2348=VERTEX_POINT('',#2347);
#2349=CARTESIAN_POINT('',(-27.272552913,-2.44,-5.8));
#2350=DIRECTION('',(-0.,-0.,1.));
#2351=DIRECTION('',(0.,1.,0.));
#2352=AXIS2_PLACEMENT_3D('',#2349,#2350,#2351);
#2353=CIRCLE('',#2352,2.9);
#2354=EDGE_CURVE('',#2340,#2348,#2353,.T.);
#2355=ORIENTED_EDGE('',*,*,#2354,.T.);
#2356=CARTESIAN_POINT('',(-24.463667571,-1.718776639,-5.8));
#2357=VERTEX_POINT('',#2356);
#2358=CARTESIAN_POINT('',(-27.272552913,-2.44,-5.8));
#2359=DIRECTION('',(-0.,-0.,1.));
#2360=DIRECTION('',(0.,1.,0.));
#2361=AXIS2_PLACEMENT_3D('',#2358,#2359,#2360);
#2362=CIRCLE('',#2361,2.9);
#2363=EDGE_CURVE('',#2348,#2357,#2362,.T.);
#2364=ORIENTED_EDGE('',*,*,#2363,.T.);
#2365=CARTESIAN_POINT('',(-24.507653958,-1.370599844,-5.8));
#2366=VERTEX_POINT('',#2365);
#2367=CARTESIAN_POINT('',(-23.107653958,-1.370599844,-5.8));
#2368=DIRECTION('',(0.,0.,-1.));
#2369=DIRECTION('',(0.,1.,0.));
#2370=AXIS2_PLACEMENT_3D('',#2367,#2368,#2369);
#2371=CIRCLE('',#2370,1.4);
#2372=EDGE_CURVE('',#2357,#2366,#2371,.T.);
#2373=ORIENTED_EDGE('',*,*,#2372,.T.);
#2374=CARTESIAN_POINT('',(-23.107653958,-1.370599844,-5.8));
#2375=DIRECTION('',(0.,0.,-1.));
#2376=DIRECTION('',(0.,1.,0.));
#2377=AXIS2_PLACEMENT_3D('',#2374,#2375,#2376);
#2378=CIRCLE('',#2377,1.4);
#2379=EDGE_CURVE('',#2366,#2244,#2378,.T.);
#2380=ORIENTED_EDGE('',*,*,#2379,.T.);
#2381=EDGE_LOOP('',(#2252,#2261,#2270,#2279,#2288,#2296,#2305,#2314,#2322,#2330,#2338,#2346,#2355,#2364,#2373,#2380));
#2382=FACE_BOUND('',#2381,.T.);
#2383=ADVANCED_FACE('',(#1422,#1511,#1593,#1689,#1775,#1813,#1851,#2011,#2049,#2099,#2242,#2382),#1336,.T.);
#2384=CARTESIAN_POINT('',(-27.272552913,-2.44,-4.125));
#2385=DIRECTION('',(0.,0.,-1.));
#2386=DIRECTION('',(1.,0.,0.));
#2387=AXIS2_PLACEMENT_3D('',#2384,#2385,#2386);
#2388=CYLINDRICAL_SURFACE('',#2387,2.9);
#2389=CARTESIAN_POINT('',(-24.372552913,-2.44,-4.625));
#2390=VERTEX_POINT('',#2389);
#2391=CARTESIAN_POINT('',(-24.372552913,-2.44,-5.8));
#2392=DIRECTION('',(-0.,-0.,1.));
#2393=VECTOR('',#2392,1.175);
#2394=LINE('',#2391,#2393);
#2395=EDGE_CURVE('',#2348,#2390,#2394,.T.);
#2396=ORIENTED_EDGE('',*,*,#2395,.F.);
#2397=ORIENTED_EDGE('',*,*,#2354,.F.);
#2398=CARTESIAN_POINT('',(-26.113409289,-5.098267492,-5.8));
#2399=DIRECTION('',(-0.,-0.,1.));
#2400=VECTOR('',#2399,1.175);
#2401=LINE('',#2398,#2400);
#2402=EDGE_CURVE('',#2340,#1241,#2401,.T.);
#2403=ORIENTED_EDGE('',*,*,#2402,.T.);
#2404=CARTESIAN_POINT('',(-27.272552913,-2.44,-4.625));
#2405=DIRECTION('',(0.,0.,-1.));
#2406=DIRECTION('',(-1.,0.,0.));
#2407=AXIS2_PLACEMENT_3D('',#2404,#2405,#2406);
#2408=CIRCLE('',#2407,2.9);
#2409=EDGE_CURVE('',#2390,#1241,#2408,.T.);
#2410=ORIENTED_EDGE('',*,*,#2409,.F.);
#2411=EDGE_LOOP('',(#2396,#2397,#2403,#2410));
#2412=FACE_BOUND('',#2411,.T.);
#2413=ADVANCED_FACE('',(#2412),#2388,.F.);
#2414=CARTESIAN_POINT('',(-23.215841936,3.36,-5.33));
#2415=DIRECTION('',(0.,-0.,1.));
#2416=DIRECTION('',(1.,0.,0.));
#2417=AXIS2_PLACEMENT_3D('',#2414,#2415,#2416);
#2418=CYLINDRICAL_SURFACE('',#2417,2.9);
#2419=CARTESIAN_POINT('',(-21.530493307,1.,-4.76));
#2420=VERTEX_POINT('',#2419);
#2421=CARTESIAN_POINT('',(-21.6,0.951877321,-4.76));
#2422=VERTEX_POINT('',#2421);
#2423=CARTESIAN_POINT('',(-23.215841936,3.36,-4.76));
#2424=DIRECTION('',(-0.,0.,-1.));
#2425=DIRECTION('',(0.,-1.,-0.));
#2426=AXIS2_PLACEMENT_3D('',#2423,#2424,#2425);
#2427=CIRCLE('',#2426,2.9);
#2428=EDGE_CURVE('',#2420,#2422,#2427,.T.);
#2429=ORIENTED_EDGE('',*,*,#2428,.F.);
#2430=CARTESIAN_POINT('',(-21.530493307,1.,-4.76));
#2431=DIRECTION('',(0.,-0.,1.));
#2432=VECTOR('',#2431,0.6);
#2433=LINE('',#2430,#2432);
#2434=EDGE_CURVE('',#2420,#33,#2433,.T.);
#2435=ORIENTED_EDGE('',*,*,#2434,.T.);
#2436=ORIENTED_EDGE('',*,*,#64,.F.);
#2437=CARTESIAN_POINT('',(-21.03,1.454194388,-4.76));
#2438=VERTEX_POINT('',#2437);
#2439=CARTESIAN_POINT('',(-21.03,1.454194388,-4.16));
#2440=DIRECTION('',(-0.,0.,-1.));
#2441=VECTOR('',#2440,0.6);
#2442=LINE('',#2439,#2441);
#2443=EDGE_CURVE('',#52,#2438,#2442,.T.);
#2444=ORIENTED_EDGE('',*,*,#2443,.T.);
#2445=CARTESIAN_POINT('',(-20.932824293,1.571752131,-4.76));
#2446=VERTEX_POINT('',#2445);
#2447=CARTESIAN_POINT('',(-23.215841936,3.36,-4.76));
#2448=DIRECTION('',(-0.,0.,-1.));
#2449=DIRECTION('',(0.,-1.,-0.));
#2450=AXIS2_PLACEMENT_3D('',#2447,#2448,#2449);
#2451=CIRCLE('',#2450,2.9);
#2452=EDGE_CURVE('',#2446,#2438,#2451,.T.);
#2453=ORIENTED_EDGE('',*,*,#2452,.F.);
#2454=CARTESIAN_POINT('',(-20.932824293,1.571752131,-4.76));
#2455=DIRECTION('',(0.,-0.,1.));
#2456=VECTOR('',#2455,0.6);
#2457=LINE('',#2454,#2456);
#2458=EDGE_CURVE('',#2446,#390,#2457,.T.);
#2459=ORIENTED_EDGE('',*,*,#2458,.T.);
#2460=ORIENTED_EDGE('',*,*,#396,.F.);
#2461=CARTESIAN_POINT('',(-20.319112468,3.222310534,-4.16));
#2462=CARTESIAN_POINT('',(-20.319112468,3.222310534,-4.706666667));
#2463=CARTESIAN_POINT('',(-20.319112468,3.222310534,-5.253333333));
#2464=CARTESIAN_POINT('',(-20.319112468,3.222310534,-5.8));
#2465=B_SPLINE_CURVE_WITH_KNOTS('',3,(#2461,#2462,#2463,#2464),.UNSPECIFIED.,.F.,.F.,(4,4),(0.,1.025),.UNSPECIFIED.);
#2466=EDGE_CURVE('',#383,#2263,#2465,.T.);
#2467=ORIENTED_EDGE('',*,*,#2466,.T.);
#2468=ORIENTED_EDGE('',*,*,#2269,.T.);
#2469=CARTESIAN_POINT('',(-22.929873609,0.474134079,-5.31));
#2470=VERTEX_POINT('',#2469);
#2471=CARTESIAN_POINT('',(-22.929873609,0.474134079,-5.8));
#2472=DIRECTION('',(0.,-0.,1.));
#2473=VECTOR('',#2472,0.49);
#2474=LINE('',#2471,#2473);
#2475=EDGE_CURVE('',#2254,#2470,#2474,.T.);
#2476=ORIENTED_EDGE('',*,*,#2475,.T.);
#2477=CARTESIAN_POINT('',(-26.024727278,2.638776639,-5.31));
#2478=VERTEX_POINT('',#2477);
#2479=CARTESIAN_POINT('',(-23.215841936,3.36,-5.31));
#2480=DIRECTION('',(0.,-0.,1.));
#2481=DIRECTION('',(-1.,0.,0.));
#2482=AXIS2_PLACEMENT_3D('',#2479,#2480,#2481);
#2483=CIRCLE('',#2482,2.9);
#2484=EDGE_CURVE('',#2478,#2470,#2483,.T.);
#2485=ORIENTED_EDGE('',*,*,#2484,.F.);
#2486=CARTESIAN_POINT('',(-26.024727278,2.638776639,-5.8));
#2487=VERTEX_POINT('',#2486);
#2488=CARTESIAN_POINT('',(-26.024727278,2.638776639,-5.31));
#2489=DIRECTION('',(-0.,0.,-1.));
#2490=VECTOR('',#2489,0.49);
#2491=LINE('',#2488,#2490);
#2492=EDGE_CURVE('',#2478,#2487,#2491,.T.);
#2493=ORIENTED_EDGE('',*,*,#2492,.T.);
#2494=CARTESIAN_POINT('',(-24.366583099,6.021915621,-5.8));
#2495=VERTEX_POINT('',#2494);
#2496=CARTESIAN_POINT('',(-23.215841936,3.36,-5.8));
#2497=DIRECTION('',(0.,0.,-1.));
#2498=DIRECTION('',(0.,1.,0.));
#2499=AXIS2_PLACEMENT_3D('',#2496,#2497,#2498);
#2500=CIRCLE('',#2499,2.9);
#2501=EDGE_CURVE('',#2487,#2495,#2500,.T.);
#2502=ORIENTED_EDGE('',*,*,#2501,.T.);
#2503=CARTESIAN_POINT('',(-24.366583099,6.021915621,-5.8));
#2504=DIRECTION('',(0.,-0.,1.));
#2505=VECTOR('',#2504,1.64);
#2506=LINE('',#2503,#2505);
#2507=EDGE_CURVE('',#2495,#209,#2506,.T.);
#2508=ORIENTED_EDGE('',*,*,#2507,.T.);
#2509=ORIENTED_EDGE('',*,*,#215,.F.);
#2510=CARTESIAN_POINT('',(-21.6,0.951877321,-4.16));
#2511=DIRECTION('',(-0.,0.,-1.));
#2512=VECTOR('',#2511,0.6);
#2513=LINE('',#2510,#2512);
#2514=EDGE_CURVE('',#201,#2422,#2513,.T.);
#2515=ORIENTED_EDGE('',*,*,#2514,.T.);
#2516=EDGE_LOOP('',(#2429,#2435,#2436,#2444,#2453,#2459,#2460,#2467,#2468,#2476,#2485,#2493,#2502,#2508,#2509,#2515));
#2517=FACE_BOUND('',#2516,.T.);
#2518=ADVANCED_FACE('',(#2517),#2418,.F.);
#2519=CARTESIAN_POINT('',(-150.3,0.46,-5.8));
#2520=DIRECTION('',(0.,0.,-1.));
#2521=DIRECTION('',(-1.,0.,0.));
#2522=AXIS2_PLACEMENT_3D('',#2519,#2520,#2521);
#2523=PLANE('',#2522);
#2524=ORIENTED_EDGE('',*,*,#2501,.F.);
#2525=CARTESIAN_POINT('',(-26.23350862,1.488192144,-5.8));
#2526=VERTEX_POINT('',#2525);
#2527=CARTESIAN_POINT('',(-27.380740891,2.290599844,-5.8));
#2528=DIRECTION('',(0.,0.,-1.));
#2529=DIRECTION('',(0.,1.,0.));
#2530=AXIS2_PLACEMENT_3D('',#2527,#2528,#2529);
#2531=CIRCLE('',#2530,1.4);
#2532=EDGE_CURVE('',#2487,#2526,#2531,.T.);
#2533=ORIENTED_EDGE('',*,*,#2532,.T.);
#2534=CARTESIAN_POINT('',(-26.549344676,1.036631969,-5.8));
#2535=VERTEX_POINT('',#2534);
#2536=CARTESIAN_POINT('',(-26.549344676,1.036631969,-5.8));
#2537=DIRECTION('',(0.573150432,0.819450171,0.));
#2538=VECTOR('',#2537,0.551052634);
#2539=LINE('',#2536,#2538);
#2540=EDGE_CURVE('',#2535,#2526,#2539,.T.);
#2541=ORIENTED_EDGE('',*,*,#2540,.F.);
#2542=CARTESIAN_POINT('',(-27.55852124,0.445865921,-5.8));
#2543=VERTEX_POINT('',#2542);
#2544=CARTESIAN_POINT('',(-27.696574915,1.839042573,-5.8));
#2545=DIRECTION('',(0.,0.,-1.));
#2546=DIRECTION('',(0.,1.,0.));
#2547=AXIS2_PLACEMENT_3D('',#2544,#2545,#2546);
#2548=CIRCLE('',#2547,1.4);
#2549=EDGE_CURVE('',#2535,#2543,#2548,.T.);
#2550=ORIENTED_EDGE('',*,*,#2549,.T.);
#2551=CARTESIAN_POINT('',(-30.094274746,-3.109242778,-5.8));
#2552=VERTEX_POINT('',#2551);
#2553=CARTESIAN_POINT('',(-27.272552913,-2.44,-5.8));
#2554=DIRECTION('',(-0.,-0.,1.));
#2555=DIRECTION('',(0.,1.,0.));
#2556=AXIS2_PLACEMENT_3D('',#2553,#2554,#2555);
#2557=CIRCLE('',#2556,2.9);
#2558=EDGE_CURVE('',#2543,#2552,#2557,.T.);
#2559=ORIENTED_EDGE('',*,*,#2558,.T.);
#2560=CARTESIAN_POINT('',(-30.094274746,-3.109242778,-5.8));
#2561=DIRECTION('',(-0.916167073,-0.400796574,0.));
#2562=VECTOR('',#2561,0.071420448);
#2563=LINE('',#2560,#2562);
#2564=EDGE_CURVE('',#2552,#1281,#2563,.T.);
#2565=ORIENTED_EDGE('',*,*,#2564,.T.);
#2566=ORIENTED_EDGE('',*,*,#1287,.F.);
#2567=CARTESIAN_POINT('',(-31.653495723,-4.142157482,-5.8));
#2568=DIRECTION('',(0.,0.,-1.));
#2569=DIRECTION('',(0.,1.,0.));
#2570=AXIS2_PLACEMENT_3D('',#2567,#2568,#2569);
#2571=CIRCLE('',#2570,1.8);
#2572=EDGE_CURVE('',#1171,#1273,#2571,.T.);
#2573=ORIENTED_EDGE('',*,*,#2572,.F.);
#2574=ORIENTED_EDGE('',*,*,#1176,.T.);
#2575=CARTESIAN_POINT('',(-29.88147273,5.378281684,-5.8));
#2576=VERTEX_POINT('',#2575);
#2577=CARTESIAN_POINT('',(-31.653495723,5.062157482,-5.8));
#2578=DIRECTION('',(0.,0.,-1.));
#2579=DIRECTION('',(0.,1.,0.));
#2580=AXIS2_PLACEMENT_3D('',#2577,#2578,#2579);
#2581=CIRCLE('',#2580,1.8);
#2582=EDGE_CURVE('',#2576,#1163,#2581,.T.);
#2583=ORIENTED_EDGE('',*,*,#2582,.F.);
#2584=CARTESIAN_POINT('',(-29.143129798,5.51,-5.8));
#2585=DIRECTION('',(0.,0.,-1.));
#2586=DIRECTION('',(0.,1.,0.));
#2587=AXIS2_PLACEMENT_3D('',#2584,#2585,#2586);
#2588=CIRCLE('',#2587,0.75);
#2589=EDGE_CURVE('',#2576,#1315,#2588,.T.);
#2590=ORIENTED_EDGE('',*,*,#2589,.T.);
#2591=ORIENTED_EDGE('',*,*,#1320,.T.);
#2592=CARTESIAN_POINT('',(-24.415841936,6.26,-5.8));
#2593=CARTESIAN_POINT('',(-24.399422324,6.18063854,-5.8));
#2594=CARTESIAN_POINT('',(-24.383002711,6.101277081,-5.8));
#2595=CARTESIAN_POINT('',(-24.366583099,6.021915621,-5.8));
#2596=B_SPLINE_CURVE_WITH_KNOTS('',3,(#2592,#2593,#2594,#2595),.UNSPECIFIED.,.F.,.F.,(4,4),(0.000972507,0.001215634),.UNSPECIFIED.);
#2597=EDGE_CURVE('',#1307,#2495,#2596,.T.);
#2598=ORIENTED_EDGE('',*,*,#2597,.T.);
#2599=EDGE_LOOP('',(#2524,#2533,#2541,#2550,#2559,#2565,#2566,#2573,#2574,#2583,#2590,#2591,#2598));
#2600=FACE_BOUND('',#2599,.T.);
#2601=ADVANCED_FACE('',(#2600),#2523,.T.);
#2602=CARTESIAN_POINT('',(-31.653495723,5.062157482,-4.16));
#2603=DIRECTION('',(0.,0.,-1.));
#2604=DIRECTION('',(0.,1.,0.));
#2605=AXIS2_PLACEMENT_3D('',#2602,#2603,#2604);
#2606=CYLINDRICAL_SURFACE('',#2605,1.8);
#2607=CARTESIAN_POINT('',(-29.881472717,5.378281612,-4.16));
#2608=DIRECTION('',(0.,0.,-1.));
#2609=VECTOR('',#2608,1.64);
#2610=LINE('',#2607,#2609);
#2611=EDGE_CURVE('',#233,#2576,#2610,.T.);
#2612=ORIENTED_EDGE('',*,*,#2611,.T.);
#2613=ORIENTED_EDGE('',*,*,#2582,.T.);
#2614=ORIENTED_EDGE('',*,*,#1168,.F.);
#2615=ORIENTED_EDGE('',*,*,#1121,.T.);
#2616=ORIENTED_EDGE('',*,*,#248,.F.);
#2617=EDGE_LOOP('',(#2612,#2613,#2614,#2615,#2616));
#2618=FACE_BOUND('',#2617,.T.);
#2619=ADVANCED_FACE('',(#2618),#2606,.F.);
#2620=CARTESIAN_POINT('',(-29.143129798,5.51,-4.16));
#2621=DIRECTION('',(0.,0.,-1.));
#2622=DIRECTION('',(0.,1.,0.));
#2623=AXIS2_PLACEMENT_3D('',#2620,#2621,#2622);
#2624=CYLINDRICAL_SURFACE('',#2623,0.75);
#2625=ORIENTED_EDGE('',*,*,#1326,.T.);
#2626=ORIENTED_EDGE('',*,*,#2589,.F.);
#2627=ORIENTED_EDGE('',*,*,#2611,.F.);
#2628=ORIENTED_EDGE('',*,*,#239,.T.);
#2629=EDGE_LOOP('',(#2625,#2626,#2627,#2628));
#2630=FACE_BOUND('',#2629,.T.);
#2631=ADVANCED_FACE('',(#2630),#2624,.T.);
#2632=CARTESIAN_POINT('',(-51.92813862,0.762641161,-4.16));
#2633=DIRECTION('',(0.,0.,-1.));
#2634=DIRECTION('',(0.,1.,0.));
#2635=AXIS2_PLACEMENT_3D('',#2632,#2633,#2634);
#2636=CYLINDRICAL_SURFACE('',#2635,31.72953787);
#2637=CARTESIAN_POINT('',(-20.206265029,1.46,-4.16));
#2638=DIRECTION('',(0.,0.,-1.));
#2639=VECTOR('',#2638,1.64);
#2640=LINE('',#2637,#2639);
#2641=EDGE_CURVE('',#366,#2281,#2640,.T.);
#2642=ORIENTED_EDGE('',*,*,#2641,.T.);
#2643=ORIENTED_EDGE('',*,*,#2287,.F.);
#2644=CARTESIAN_POINT('',(-20.294110297,3.222687003,-5.8));
#2645=DIRECTION('',(-0.,-0.,1.));
#2646=VECTOR('',#2645,1.64);
#2647=LINE('',#2644,#2646);
#2648=EDGE_CURVE('',#2272,#374,#2647,.T.);
#2649=ORIENTED_EDGE('',*,*,#2648,.T.);
#2650=ORIENTED_EDGE('',*,*,#380,.T.);
#2651=EDGE_LOOP('',(#2642,#2643,#2649,#2650));
#2652=FACE_BOUND('',#2651,.T.);
#2653=ADVANCED_FACE('',(#2652),#2636,.T.);
#2654=CARTESIAN_POINT('',(-20.206265029,0.46,-4.16));
#2655=DIRECTION('',(-1.,0.,0.));
#2656=DIRECTION('',(0.,0.,-1.));
#2657=AXIS2_PLACEMENT_3D('',#2654,#2655,#2656);
#2658=PLANE('',#2657);
#2659=ORIENTED_EDGE('',*,*,#2295,.T.);
#2660=ORIENTED_EDGE('',*,*,#2641,.F.);
#2661=ORIENTED_EDGE('',*,*,#371,.F.);
#2662=CARTESIAN_POINT('',(-20.206265029,-0.54,-4.16));
#2663=DIRECTION('',(0.,0.,-1.));
#2664=VECTOR('',#2663,1.64);
#2665=LINE('',#2662,#2664);
#2666=EDGE_CURVE('',#357,#2290,#2665,.T.);
#2667=ORIENTED_EDGE('',*,*,#2666,.T.);
#2668=EDGE_LOOP('',(#2659,#2660,#2661,#2667));
#2669=FACE_BOUND('',#2668,.T.);
#2670=ADVANCED_FACE('',(#2669),#2658,.F.);
#2671=CARTESIAN_POINT('',(-51.92813862,0.157358839,-4.16));
#2672=DIRECTION('',(0.,0.,-1.));
#2673=DIRECTION('',(0.,1.,0.));
#2674=AXIS2_PLACEMENT_3D('',#2671,#2672,#2673);
#2675=CYLINDRICAL_SURFACE('',#2674,31.72953787);
#2676=ORIENTED_EDGE('',*,*,#2304,.F.);
#2677=ORIENTED_EDGE('',*,*,#2666,.F.);
#2678=ORIENTED_EDGE('',*,*,#363,.T.);
#2679=CARTESIAN_POINT('',(-20.573366927,-4.704931318,-4.16));
#2680=DIRECTION('',(0.,0.,-1.));
#2681=VECTOR('',#2680,1.64);
#2682=LINE('',#2679,#2681);
#2683=EDGE_CURVE('',#348,#2298,#2682,.T.);
#2684=ORIENTED_EDGE('',*,*,#2683,.T.);
#2685=EDGE_LOOP('',(#2676,#2677,#2678,#2684));
#2686=FACE_BOUND('',#2685,.T.);
#2687=ADVANCED_FACE('',(#2686),#2675,.T.);
#2688=CARTESIAN_POINT('',(-21.314508474,-4.59,-4.16));
#2689=DIRECTION('',(0.,0.,-1.));
#2690=DIRECTION('',(0.,1.,0.));
#2691=AXIS2_PLACEMENT_3D('',#2688,#2689,#2690);
#2692=CYLINDRICAL_SURFACE('',#2691,0.75);
#2693=ORIENTED_EDGE('',*,*,#2313,.F.);
#2694=ORIENTED_EDGE('',*,*,#2683,.F.);
#2695=ORIENTED_EDGE('',*,*,#354,.T.);
#2696=CARTESIAN_POINT('',(-21.314508474,-5.34,-4.16));
#2697=DIRECTION('',(0.,0.,-1.));
#2698=VECTOR('',#2697,1.64);
#2699=LINE('',#2696,#2698);
#2700=EDGE_CURVE('',#340,#2307,#2699,.T.);
#2701=ORIENTED_EDGE('',*,*,#2700,.T.);
#2702=EDGE_LOOP('',(#2693,#2694,#2695,#2701));
#2703=FACE_BOUND('',#2702,.T.);
#2704=ADVANCED_FACE('',(#2703),#2692,.T.);
#2705=CARTESIAN_POINT('',(-21.785123129,-5.34,-4.16));
#2706=DIRECTION('',(0.,-1.,-0.));
#2707=DIRECTION('',(0.,0.,-1.));
#2708=AXIS2_PLACEMENT_3D('',#2705,#2706,#2707);
#2709=PLANE('',#2708);
#2710=CARTESIAN_POINT('',(-22.255737784,-5.34,-4.16));
#2711=DIRECTION('',(0.,0.,-1.));
#2712=VECTOR('',#2711,1.64);
#2713=LINE('',#2710,#2712);
#2714=EDGE_CURVE('',#332,#2316,#2713,.T.);
#2715=ORIENTED_EDGE('',*,*,#2714,.T.);
#2716=ORIENTED_EDGE('',*,*,#2321,.F.);
#2717=ORIENTED_EDGE('',*,*,#2700,.F.);
#2718=ORIENTED_EDGE('',*,*,#345,.T.);
#2719=EDGE_LOOP('',(#2715,#2716,#2717,#2718));
#2720=FACE_BOUND('',#2719,.T.);
#2721=ADVANCED_FACE('',(#2720),#2709,.T.);
#2722=CARTESIAN_POINT('',(-22.255737784,-5.329045155,-4.16));
#2723=DIRECTION('',(-1.,0.,0.));
#2724=DIRECTION('',(0.,0.,-1.));
#2725=AXIS2_PLACEMENT_3D('',#2722,#2723,#2724);
#2726=PLANE('',#2725);
#2727=CARTESIAN_POINT('',(-22.255737784,-5.338090311,-4.16));
#2728=DIRECTION('',(0.,0.,-1.));
#2729=VECTOR('',#2728,1.64);
#2730=LINE('',#2727,#2729);
#2731=EDGE_CURVE('',#324,#2324,#2730,.T.);
#2732=ORIENTED_EDGE('',*,*,#2731,.T.);
#2733=ORIENTED_EDGE('',*,*,#2329,.F.);
#2734=ORIENTED_EDGE('',*,*,#2714,.F.);
#2735=ORIENTED_EDGE('',*,*,#337,.T.);
#2736=EDGE_LOOP('',(#2732,#2733,#2734,#2735));
#2737=FACE_BOUND('',#2736,.T.);
#2738=ADVANCED_FACE('',(#2737),#2726,.T.);
#2739=CARTESIAN_POINT('',(-24.586243576,-5.338090311,-4.16));
#2740=DIRECTION('',(0.,-1.,-0.));
#2741=DIRECTION('',(-1.,-0.,-0.));
#2742=AXIS2_PLACEMENT_3D('',#2739,#2740,#2741);
#2743=PLANE('',#2742);
#2744=ORIENTED_EDGE('',*,*,#329,.T.);
#2745=CARTESIAN_POINT('',(-26.063395667,-5.338090311,-4.16));
#2746=DIRECTION('',(0.,0.,-1.));
#2747=VECTOR('',#2746,1.64);
#2748=LINE('',#2745,#2747);
#2749=EDGE_CURVE('',#316,#2332,#2748,.T.);
#2750=ORIENTED_EDGE('',*,*,#2749,.T.);
#2751=ORIENTED_EDGE('',*,*,#2337,.F.);
#2752=ORIENTED_EDGE('',*,*,#2731,.F.);
#2753=EDGE_LOOP('',(#2744,#2750,#2751,#2752));
#2754=FACE_BOUND('',#2753,.T.);
#2755=ADVANCED_FACE('',(#2754),#2743,.T.);
#2756=CARTESIAN_POINT('',(-27.272552913,-2.44,-4.625));
#2757=DIRECTION('',(0.,0.,1.));
#2758=DIRECTION('',(-1.,0.,0.));
#2759=AXIS2_PLACEMENT_3D('',#2756,#2757,#2758);
#2760=TOROIDAL_SURFACE('',#2759,2.4,0.5);
#2761=CARTESIAN_POINT('',(-30.172552913,-2.44,-4.625));
#2762=VERTEX_POINT('',#2761);
#2763=CARTESIAN_POINT('',(-29.672552913,-2.44,-4.625));
#2764=DIRECTION('',(-0.,-1.,-0.));
#2765=DIRECTION('',(-1.,0.,0.));
#2766=AXIS2_PLACEMENT_3D('',#2763,#2764,#2765);
#2767=CIRCLE('',#2766,0.5);
#2768=EDGE_CURVE('',#518,#2762,#2767,.T.);
#2769=ORIENTED_EDGE('',*,*,#2768,.F.);
#2770=ORIENTED_EDGE('',*,*,#524,.F.);
#2771=ORIENTED_EDGE('',*,*,#531,.F.);
#2772=ORIENTED_EDGE('',*,*,#2768,.T.);
#2773=CARTESIAN_POINT('',(-27.272552913,-2.44,-4.625));
#2774=DIRECTION('',(0.,0.,-1.));
#2775=DIRECTION('',(-1.,0.,0.));
#2776=AXIS2_PLACEMENT_3D('',#2773,#2774,#2775);
#2777=CIRCLE('',#2776,2.9);
#2778=EDGE_CURVE('',#2762,#2390,#2777,.T.);
#2779=ORIENTED_EDGE('',*,*,#2778,.T.);
#2780=ORIENTED_EDGE('',*,*,#2409,.T.);
#2781=ORIENTED_EDGE('',*,*,#1262,.T.);
#2782=CARTESIAN_POINT('',(-27.272552913,-2.44,-4.625));
#2783=DIRECTION('',(0.,0.,-1.));
#2784=DIRECTION('',(-1.,0.,0.));
#2785=AXIS2_PLACEMENT_3D('',#2782,#2783,#2784);
#2786=CIRCLE('',#2785,2.9);
#2787=EDGE_CURVE('',#1250,#2762,#2786,.T.);
#2788=ORIENTED_EDGE('',*,*,#2787,.T.);
#2789=EDGE_LOOP('',(#2769,#2770,#2771,#2772,#2779,#2780,#2781,#2788));
#2790=FACE_BOUND('',#2789,.T.);
#2791=ADVANCED_FACE('',(#2790),#2760,.F.);
#2792=CARTESIAN_POINT('',(-24.366583099,6.021915621,-5.8));
#2793=CARTESIAN_POINT('',(-24.366583099,6.021915621,-5.253333333));
#2794=CARTESIAN_POINT('',(-24.366583099,6.021915621,-4.706666667));
#2795=CARTESIAN_POINT('',(-24.366583099,6.021915621,-4.16));
#2796=CARTESIAN_POINT('',(-24.415841936,6.26,-5.8));
#2797=CARTESIAN_POINT('',(-24.415841936,6.26,-5.253333333));
#2798=CARTESIAN_POINT('',(-24.415841936,6.26,-4.706666667));
#2799=CARTESIAN_POINT('',(-24.415841936,6.26,-4.16));
#2800=B_SPLINE_SURFACE_WITH_KNOTS('',1,3,((#2792,#2793,#2794,#2795),(#2796,#2797,#2798,#2799)),.UNSPECIFIED.,.F.,.F.,.U.,(2,2),(4,4),(0.,1.),(-0.025,1.),.UNSPECIFIED.);
#2801=ORIENTED_EDGE('',*,*,#222,.F.);
#2802=ORIENTED_EDGE('',*,*,#2507,.F.);
#2803=ORIENTED_EDGE('',*,*,#2597,.F.);
#2804=ORIENTED_EDGE('',*,*,#1312,.F.);
#2805=EDGE_LOOP('',(#2801,#2802,#2803,#2804));
#2806=FACE_BOUND('',#2805,.T.);
#2807=ADVANCED_FACE('',(#2806),#2800,.T.);
#2808=CARTESIAN_POINT('',(-26.063395667,-5.338090311,-4.125));
#2809=DIRECTION('',(0.978939212,0.20415195,0.));
#2810=DIRECTION('',(0.,0.,-1.));
#2811=AXIS2_PLACEMENT_3D('',#2808,#2809,#2810);
#2812=PLANE('',#2811);
#2813=ORIENTED_EDGE('',*,*,#1246,.F.);
#2814=ORIENTED_EDGE('',*,*,#2402,.F.);
#2815=ORIENTED_EDGE('',*,*,#2345,.F.);
#2816=ORIENTED_EDGE('',*,*,#2749,.F.);
#2817=ORIENTED_EDGE('',*,*,#321,.F.);
#2818=EDGE_LOOP('',(#2813,#2814,#2815,#2816,#2817));
#2819=FACE_BOUND('',#2818,.T.);
#2820=ADVANCED_FACE('',(#2819),#2812,.F.);
#2821=CARTESIAN_POINT('',(-20.319112468,3.222310534,-4.16));
#2822=CARTESIAN_POINT('',(-20.319112468,3.222310534,-4.706666667));
#2823=CARTESIAN_POINT('',(-20.319112468,3.222310534,-5.253333333));
#2824=CARTESIAN_POINT('',(-20.319112468,3.222310534,-5.8));
#2825=CARTESIAN_POINT('',(-20.294110297,3.222687003,-4.16));
#2826=CARTESIAN_POINT('',(-20.294110297,3.222687003,-4.706666667));
#2827=CARTESIAN_POINT('',(-20.294110297,3.222687003,-5.253333333));
#2828=CARTESIAN_POINT('',(-20.294110297,3.222687003,-5.8));
#2829=B_SPLINE_SURFACE_WITH_KNOTS('',1,3,((#2821,#2822,#2823,#2824),(#2825,#2826,#2827,#2828)),.UNSPECIFIED.,.F.,.F.,.U.,(2,2),(4,4),(0.,1.),(0.083333333,0.9375),.UNSPECIFIED.);
#2830=ORIENTED_EDGE('',*,*,#387,.F.);
#2831=ORIENTED_EDGE('',*,*,#2648,.F.);
#2832=ORIENTED_EDGE('',*,*,#2278,.F.);
#2833=ORIENTED_EDGE('',*,*,#2466,.F.);
#2834=EDGE_LOOP('',(#2830,#2831,#2832,#2833));
#2835=FACE_BOUND('',#2834,.T.);
#2836=ADVANCED_FACE('',(#2835),#2829,.T.);
#2837=CARTESIAN_POINT('',(-30.094274746,-3.109242778,-4.16));
#2838=CARTESIAN_POINT('',(-30.094274746,-3.109242778,-4.706666667));
#2839=CARTESIAN_POINT('',(-30.094274746,-3.109242778,-5.253333333));
#2840=CARTESIAN_POINT('',(-30.094274746,-3.109242778,-5.8));
#2841=CARTESIAN_POINT('',(-30.159707808,-3.137867849,-4.16));
#2842=CARTESIAN_POINT('',(-30.159707808,-3.137867849,-4.706666667));
#2843=CARTESIAN_POINT('',(-30.159707808,-3.137867849,-5.253333333));
#2844=CARTESIAN_POINT('',(-30.159707808,-3.137867849,-5.8));
#2845=B_SPLINE_SURFACE_WITH_KNOTS('',1,3,((#2837,#2838,#2839,#2840),(#2841,#2842,#2843,#2844)),.UNSPECIFIED.,.F.,.F.,.U.,(2,2),(4,4),(0.,1.),(-0.258076358,0.946035242),.UNSPECIFIED.);
#2846=ORIENTED_EDGE('',*,*,#304,.F.);
#2847=ORIENTED_EDGE('',*,*,#1294,.F.);
#2848=ORIENTED_EDGE('',*,*,#2564,.F.);
#2849=CARTESIAN_POINT('',(-30.094274746,-3.109242778,-4.625));
#2850=CARTESIAN_POINT('',(-30.094274746,-3.109242778,-5.016666667));
#2851=CARTESIAN_POINT('',(-30.094274746,-3.109242778,-5.408333333));
#2852=CARTESIAN_POINT('',(-30.094274746,-3.109242778,-5.8));
#2853=B_SPLINE_CURVE_WITH_KNOTS('',3,(#2849,#2850,#2851,#2852),.UNSPECIFIED.,.F.,.F.,(4,4),(0.,1.035242291),.UNSPECIFIED.);
#2854=EDGE_CURVE('',#1250,#2552,#2853,.T.);
#2855=ORIENTED_EDGE('',*,*,#2854,.F.);
#2856=ORIENTED_EDGE('',*,*,#1255,.F.);
#2857=EDGE_LOOP('',(#2846,#2847,#2848,#2855,#2856));
#2858=FACE_BOUND('',#2857,.T.);
#2859=ADVANCED_FACE('',(#2858),#2845,.T.);
#2860=CARTESIAN_POINT('',(-29.218255719,-0.059775341,-4.83));
#2861=DIRECTION('',(-0.64278761,0.766044443,0.));
#2862=DIRECTION('',(-0.766044443,-0.64278761,-0.));
#2863=AXIS2_PLACEMENT_3D('',#2860,#2861,#2862);
#2864=PLANE('',#2863);
#2865=ORIENTED_EDGE('',*,*,#489,.F.);
#2866=CARTESIAN_POINT('',(-28.691914889,0.381877056,-4.63));
#2867=VERTEX_POINT('',#2866);
#2868=CARTESIAN_POINT('',(-28.691914889,0.381877056,-4.63));
#2869=DIRECTION('',(0.,-0.,1.));
#2870=VECTOR('',#2869,0.47);
#2871=LINE('',#2868,#2870);
#2872=EDGE_CURVE('',#2867,#482,#2871,.T.);
#2873=ORIENTED_EDGE('',*,*,#2872,.F.);
#2874=CARTESIAN_POINT('',(-29.634217566,-0.408808773,-4.63));
#2875=VERTEX_POINT('',#2874);
#2876=CARTESIAN_POINT('',(-28.691914889,0.381877056,-4.63));
#2877=DIRECTION('',(-0.766044443,-0.64278761,-0.));
#2878=VECTOR('',#2877,1.230088783);
#2879=LINE('',#2876,#2878);
#2880=EDGE_CURVE('',#2867,#2875,#2879,.T.);
#2881=ORIENTED_EDGE('',*,*,#2880,.T.);
#2882=CARTESIAN_POINT('',(-29.634217566,-0.408808773,-4.63));
#2883=DIRECTION('',(0.,-0.,1.));
#2884=VECTOR('',#2883,0.47);
#2885=LINE('',#2882,#2884);
#2886=EDGE_CURVE('',#2875,#484,#2885,.T.);
#2887=ORIENTED_EDGE('',*,*,#2886,.T.);
#2888=EDGE_LOOP('',(#2865,#2873,#2881,#2887));
#2889=FACE_BOUND('',#2888,.T.);
#2890=ADVANCED_FACE('',(#2889),#2864,.T.);
#2891=CARTESIAN_POINT('',(-28.967092742,0.709821251,-4.83));
#2892=DIRECTION('',(0.766044443,0.64278761,0.));
#2893=DIRECTION('',(-0.64278761,0.766044443,0.));
#2894=AXIS2_PLACEMENT_3D('',#2891,#2892,#2893);
#2895=PLANE('',#2894);
#2896=ORIENTED_EDGE('',*,*,#511,.T.);
#2897=CARTESIAN_POINT('',(-29.242270595,1.037765446,-4.63));
#2898=VERTEX_POINT('',#2897);
#2899=CARTESIAN_POINT('',(-29.242270595,1.037765446,-4.63));
#2900=DIRECTION('',(0.,-0.,1.));
#2901=VECTOR('',#2900,0.47);
#2902=LINE('',#2899,#2901);
#2903=EDGE_CURVE('',#2898,#500,#2902,.T.);
#2904=ORIENTED_EDGE('',*,*,#2903,.F.);
#2905=CARTESIAN_POINT('',(-28.691914889,0.381877056,-4.63));
#2906=DIRECTION('',(-0.64278761,0.766044443,0.));
#2907=VECTOR('',#2906,0.856201485);
#2908=LINE('',#2905,#2907);
#2909=EDGE_CURVE('',#2867,#2898,#2908,.T.);
#2910=ORIENTED_EDGE('',*,*,#2909,.F.);
#2911=ORIENTED_EDGE('',*,*,#2872,.T.);
#2912=EDGE_LOOP('',(#2896,#2904,#2910,#2911));
#2913=FACE_BOUND('',#2912,.T.);
#2914=ADVANCED_FACE('',(#2913),#2895,.F.);
#2915=CARTESIAN_POINT('',(-29.728011353,0.630180555,-4.83));
#2916=DIRECTION('',(0.64278761,-0.766044443,-0.));
#2917=DIRECTION('',(0.766044443,0.64278761,-0.));
#2918=AXIS2_PLACEMENT_3D('',#2915,#2916,#2917);
#2919=PLANE('',#2918);
#2920=ORIENTED_EDGE('',*,*,#505,.F.);
#2921=CARTESIAN_POINT('',(-30.184573272,0.247079617,-4.63));
#2922=VERTEX_POINT('',#2921);
#2923=CARTESIAN_POINT('',(-30.184573272,0.247079617,-4.63));
#2924=DIRECTION('',(0.,-0.,1.));
#2925=VECTOR('',#2924,0.47);
#2926=LINE('',#2923,#2925);
#2927=EDGE_CURVE('',#2922,#492,#2926,.T.);
#2928=ORIENTED_EDGE('',*,*,#2927,.F.);
#2929=CARTESIAN_POINT('',(-30.184573272,0.247079617,-4.63));
#2930=DIRECTION('',(0.766044443,0.64278761,0.));
#2931=VECTOR('',#2930,1.230088783);
#2932=LINE('',#2929,#2931);
#2933=EDGE_CURVE('',#2922,#2898,#2932,.T.);
#2934=ORIENTED_EDGE('',*,*,#2933,.T.);
#2935=ORIENTED_EDGE('',*,*,#2903,.T.);
#2936=EDGE_LOOP('',(#2920,#2928,#2934,#2935));
#2937=FACE_BOUND('',#2936,.T.);
#2938=ADVANCED_FACE('',(#2937),#2919,.T.);
#2939=CARTESIAN_POINT('',(-29.669581696,-0.366663443,-4.83));
#2940=DIRECTION('',(0.766044443,0.64278761,0.));
#2941=DIRECTION('',(-0.64278761,0.766044443,0.));
#2942=AXIS2_PLACEMENT_3D('',#2939,#2940,#2941);
#2943=PLANE('',#2942);
#2944=ORIENTED_EDGE('',*,*,#497,.F.);
#2945=ORIENTED_EDGE('',*,*,#2886,.F.);
#2946=CARTESIAN_POINT('',(-29.634217566,-0.408808773,-4.63));
#2947=DIRECTION('',(-0.64278761,0.766044443,0.));
#2948=VECTOR('',#2947,0.856201485);
#2949=LINE('',#2946,#2948);
#2950=EDGE_CURVE('',#2875,#2922,#2949,.T.);
#2951=ORIENTED_EDGE('',*,*,#2950,.T.);
#2952=ORIENTED_EDGE('',*,*,#2927,.T.);
#2953=EDGE_LOOP('',(#2944,#2945,#2951,#2952));
#2954=FACE_BOUND('',#2953,.T.);
#2955=ADVANCED_FACE('',(#2954),#2943,.T.);
#2956=CARTESIAN_POINT('',(-71.3,0.46,-4.63));
#2957=DIRECTION('',(0.,-0.,1.));
#2958=DIRECTION('',(0.,1.,0.));
#2959=AXIS2_PLACEMENT_3D('',#2956,#2957,#2958);
#2960=PLANE('',#2959);
#2961=ORIENTED_EDGE('',*,*,#2880,.F.);
#2962=ORIENTED_EDGE('',*,*,#2909,.T.);
#2963=ORIENTED_EDGE('',*,*,#2933,.F.);
#2964=ORIENTED_EDGE('',*,*,#2950,.F.);
#2965=EDGE_LOOP('',(#2961,#2962,#2963,#2964));
#2966=FACE_BOUND('',#2965,.T.);
#2967=ADVANCED_FACE('',(#2966),#2960,.T.);
#2968=CARTESIAN_POINT('',(-25.76,5.69,-5.06));
#2969=DIRECTION('',(1.,0.,0.));
#2970=DIRECTION('',(0.,0.,-1.));
#2971=AXIS2_PLACEMENT_3D('',#2968,#2969,#2970);
#2972=PLANE('',#2971);
#2973=ORIENTED_EDGE('',*,*,#551,.T.);
#2974=CARTESIAN_POINT('',(-25.76,6.12,-4.76));
#2975=VERTEX_POINT('',#2974);
#2976=CARTESIAN_POINT('',(-25.76,6.12,-4.76));
#2977=DIRECTION('',(0.,-0.,1.));
#2978=VECTOR('',#2977,0.6);
#2979=LINE('',#2976,#2978);
#2980=EDGE_CURVE('',#2975,#536,#2979,.T.);
#2981=ORIENTED_EDGE('',*,*,#2980,.F.);
#2982=CARTESIAN_POINT('',(-25.76,5.26,-4.76));
#2983=VERTEX_POINT('',#2982);
#2984=CARTESIAN_POINT('',(-25.76,5.26,-4.76));
#2985=DIRECTION('',(0.,1.,0.));
#2986=VECTOR('',#2985,0.86);
#2987=LINE('',#2984,#2986);
#2988=EDGE_CURVE('',#2983,#2975,#2987,.T.);
#2989=ORIENTED_EDGE('',*,*,#2988,.F.);
#2990=CARTESIAN_POINT('',(-25.76,5.26,-4.76));
#2991=DIRECTION('',(0.,-0.,1.));
#2992=VECTOR('',#2991,0.6);
#2993=LINE('',#2990,#2992);
#2994=EDGE_CURVE('',#2983,#546,#2993,.T.);
#2995=ORIENTED_EDGE('',*,*,#2994,.T.);
#2996=EDGE_LOOP('',(#2973,#2981,#2989,#2995));
#2997=FACE_BOUND('',#2996,.T.);
#2998=ADVANCED_FACE('',(#2997),#2972,.F.);
#2999=CARTESIAN_POINT('',(-27.615,6.12,-5.06));
#3000=DIRECTION('',(0.,1.,0.));
#3001=DIRECTION('',(0.,-0.,1.));
#3002=AXIS2_PLACEMENT_3D('',#2999,#3000,#3001);
#3003=PLANE('',#3002);
#3004=ORIENTED_EDGE('',*,*,#543,.T.);
#3005=CARTESIAN_POINT('',(-27.15,6.12,-4.76));
#3006=VERTEX_POINT('',#3005);
#3007=CARTESIAN_POINT('',(-27.15,6.12,-4.76));
#3008=DIRECTION('',(0.,-0.,1.));
#3009=VECTOR('',#3008,0.6);
#3010=LINE('',#3007,#3009);
#3011=EDGE_CURVE('',#3006,#538,#3010,.T.);
#3012=ORIENTED_EDGE('',*,*,#3011,.F.);
#3013=CARTESIAN_POINT('',(-25.76,6.12,-4.76));
#3014=DIRECTION('',(-1.,0.,0.));
#3015=VECTOR('',#3014,1.39);
#3016=LINE('',#3013,#3015);
#3017=EDGE_CURVE('',#2975,#3006,#3016,.T.);
#3018=ORIENTED_EDGE('',*,*,#3017,.F.);
#3019=ORIENTED_EDGE('',*,*,#2980,.T.);
#3020=EDGE_LOOP('',(#3004,#3012,#3018,#3019));
#3021=FACE_BOUND('',#3020,.T.);
#3022=ADVANCED_FACE('',(#3021),#3003,.F.);
#3023=CARTESIAN_POINT('',(-27.15,5.69,-5.06));
#3024=DIRECTION('',(-1.,0.,0.));
#3025=DIRECTION('',(0.,0.,1.));
#3026=AXIS2_PLACEMENT_3D('',#3023,#3024,#3025);
#3027=PLANE('',#3026);
#3028=ORIENTED_EDGE('',*,*,#565,.T.);
#3029=CARTESIAN_POINT('',(-27.15,5.26,-4.76));
#3030=VERTEX_POINT('',#3029);
#3031=CARTESIAN_POINT('',(-27.15,5.26,-4.76));
#3032=DIRECTION('',(0.,-0.,1.));
#3033=VECTOR('',#3032,0.6);
#3034=LINE('',#3031,#3033);
#3035=EDGE_CURVE('',#3030,#554,#3034,.T.);
#3036=ORIENTED_EDGE('',*,*,#3035,.F.);
#3037=CARTESIAN_POINT('',(-27.15,6.12,-4.76));
#3038=DIRECTION('',(0.,-1.,-0.));
#3039=VECTOR('',#3038,0.86);
#3040=LINE('',#3037,#3039);
#3041=EDGE_CURVE('',#3006,#3030,#3040,.T.);
#3042=ORIENTED_EDGE('',*,*,#3041,.F.);
#3043=ORIENTED_EDGE('',*,*,#3011,.T.);
#3044=EDGE_LOOP('',(#3028,#3036,#3042,#3043));
#3045=FACE_BOUND('',#3044,.T.);
#3046=ADVANCED_FACE('',(#3045),#3027,.F.);
#3047=CARTESIAN_POINT('',(-27.615,5.26,-5.06));
#3048=DIRECTION('',(0.,-1.,-0.));
#3049=DIRECTION('',(0.,0.,-1.));
#3050=AXIS2_PLACEMENT_3D('',#3047,#3048,#3049);
#3051=PLANE('',#3050);
#3052=ORIENTED_EDGE('',*,*,#559,.T.);
#3053=ORIENTED_EDGE('',*,*,#2994,.F.);
#3054=CARTESIAN_POINT('',(-27.15,5.26,-4.76));
#3055=DIRECTION('',(1.,0.,-0.));
#3056=VECTOR('',#3055,1.39);
#3057=LINE('',#3054,#3056);
#3058=EDGE_CURVE('',#3030,#2983,#3057,.T.);
#3059=ORIENTED_EDGE('',*,*,#3058,.F.);
#3060=ORIENTED_EDGE('',*,*,#3035,.T.);
#3061=EDGE_LOOP('',(#3052,#3053,#3059,#3060));
#3062=FACE_BOUND('',#3061,.T.);
#3063=ADVANCED_FACE('',(#3062),#3051,.F.);
#3064=CARTESIAN_POINT('',(-71.3,0.46,-4.76));
#3065=DIRECTION('',(0.,-0.,1.));
#3066=DIRECTION('',(0.,1.,0.));
#3067=AXIS2_PLACEMENT_3D('',#3064,#3065,#3066);
#3068=PLANE('',#3067);
#3069=ORIENTED_EDGE('',*,*,#2988,.T.);
#3070=ORIENTED_EDGE('',*,*,#3017,.T.);
#3071=ORIENTED_EDGE('',*,*,#3041,.T.);
#3072=ORIENTED_EDGE('',*,*,#3058,.T.);
#3073=EDGE_LOOP('',(#3069,#3070,#3071,#3072));
#3074=FACE_BOUND('',#3073,.T.);
#3075=ADVANCED_FACE('',(#3074),#3068,.T.);
#3076=CARTESIAN_POINT('',(-27.,2.9792969,-5.06));
#3077=DIRECTION('',(0.,1.,0.));
#3078=DIRECTION('',(0.,-0.,1.));
#3079=AXIS2_PLACEMENT_3D('',#3076,#3077,#3078);
#3080=PLANE('',#3079);
#3081=ORIENTED_EDGE('',*,*,#725,.T.);
#3082=CARTESIAN_POINT('',(-27.5,2.9792969,-4.76));
#3083=DIRECTION('',(0.,-0.,1.));
#3084=VECTOR('',#3083,0.6);
#3085=LINE('',#3082,#3084);
#3086=EDGE_CURVE('',#1036,#712,#3085,.T.);
#3087=ORIENTED_EDGE('',*,*,#3086,.F.);
#3088=ORIENTED_EDGE('',*,*,#1041,.F.);
#3089=CARTESIAN_POINT('',(-26.5,2.9792969,-4.76));
#3090=DIRECTION('',(0.,-0.,1.));
#3091=VECTOR('',#3090,0.6);
#3092=LINE('',#3089,#3091);
#3093=EDGE_CURVE('',#1028,#720,#3092,.T.);
#3094=ORIENTED_EDGE('',*,*,#3093,.T.);
#3095=EDGE_LOOP('',(#3081,#3087,#3088,#3094));
#3096=FACE_BOUND('',#3095,.T.);
#3097=ADVANCED_FACE('',(#3096),#3080,.F.);
#3098=CARTESIAN_POINT('',(-27.5,3.31964845,-5.06));
#3099=DIRECTION('',(-1.,0.,0.));
#3100=DIRECTION('',(0.,0.,1.));
#3101=AXIS2_PLACEMENT_3D('',#3098,#3099,#3100);
#3102=PLANE('',#3101);
#3103=ORIENTED_EDGE('',*,*,#717,.F.);
#3104=CARTESIAN_POINT('',(-27.5,3.66,-4.76));
#3105=DIRECTION('',(0.,-0.,1.));
#3106=VECTOR('',#3105,0.6);
#3107=LINE('',#3104,#3106);
#3108=EDGE_CURVE('',#1044,#704,#3107,.T.);
#3109=ORIENTED_EDGE('',*,*,#3108,.F.);
#3110=ORIENTED_EDGE('',*,*,#1049,.T.);
#3111=ORIENTED_EDGE('',*,*,#3086,.T.);
#3112=EDGE_LOOP('',(#3103,#3109,#3110,#3111));
#3113=FACE_BOUND('',#3112,.T.);
#3114=ADVANCED_FACE('',(#3113),#3102,.T.);
#3115=CARTESIAN_POINT('',(-27.991547614,3.66,-5.06));
#3116=DIRECTION('',(0.,-1.,-0.));
#3117=DIRECTION('',(0.,0.,-1.));
#3118=AXIS2_PLACEMENT_3D('',#3115,#3116,#3117);
#3119=PLANE('',#3118);
#3120=ORIENTED_EDGE('',*,*,#709,.T.);
#3121=CARTESIAN_POINT('',(-27.2,3.66,-4.76));
#3122=DIRECTION('',(0.,-0.,1.));
#3123=VECTOR('',#3122,0.6);
#3124=LINE('',#3121,#3123);
#3125=EDGE_CURVE('',#1052,#696,#3124,.T.);
#3126=ORIENTED_EDGE('',*,*,#3125,.F.);
#3127=ORIENTED_EDGE('',*,*,#1057,.F.);
#3128=ORIENTED_EDGE('',*,*,#3108,.T.);
#3129=EDGE_LOOP('',(#3120,#3126,#3127,#3128));
#3130=FACE_BOUND('',#3129,.T.);
#3131=ADVANCED_FACE('',(#3130),#3119,.F.);
#3132=CARTESIAN_POINT('',(-27.2,4.06,-5.06));
#3133=DIRECTION('',(-1.,0.,0.));
#3134=DIRECTION('',(0.,0.,1.));
#3135=AXIS2_PLACEMENT_3D('',#3132,#3133,#3134);
#3136=PLANE('',#3135);
#3137=ORIENTED_EDGE('',*,*,#701,.F.);
#3138=CARTESIAN_POINT('',(-27.2,4.46,-4.76));
#3139=DIRECTION('',(0.,-0.,1.));
#3140=VECTOR('',#3139,0.6);
#3141=LINE('',#3138,#3140);
#3142=EDGE_CURVE('',#1060,#688,#3141,.T.);
#3143=ORIENTED_EDGE('',*,*,#3142,.F.);
#3144=ORIENTED_EDGE('',*,*,#1065,.T.);
#3145=ORIENTED_EDGE('',*,*,#3125,.T.);
#3146=EDGE_LOOP('',(#3137,#3143,#3144,#3145));
#3147=FACE_BOUND('',#3146,.T.);
#3148=ADVANCED_FACE('',(#3147),#3136,.T.);
#3149=CARTESIAN_POINT('',(-27.841547614,4.46,-5.06));
#3150=DIRECTION('',(0.,-1.,-0.));
#3151=DIRECTION('',(0.,0.,-1.));
#3152=AXIS2_PLACEMENT_3D('',#3149,#3150,#3151);
#3153=PLANE('',#3152);
#3154=ORIENTED_EDGE('',*,*,#693,.F.);
#3155=CARTESIAN_POINT('',(-28.483095227,4.46,-4.76));
#3156=DIRECTION('',(0.,-0.,1.));
#3157=VECTOR('',#3156,0.6);
#3158=LINE('',#3155,#3157);
#3159=EDGE_CURVE('',#1068,#680,#3158,.T.);
#3160=ORIENTED_EDGE('',*,*,#3159,.F.);
#3161=ORIENTED_EDGE('',*,*,#1073,.T.);
#3162=ORIENTED_EDGE('',*,*,#3142,.T.);
#3163=EDGE_LOOP('',(#3154,#3160,#3161,#3162));
#3164=FACE_BOUND('',#3163,.T.);
#3165=ADVANCED_FACE('',(#3164),#3153,.T.);
#3166=CARTESIAN_POINT('',(-28.483095227,4.06,-5.06));
#3167=DIRECTION('',(1.,0.,0.));
#3168=DIRECTION('',(0.,0.,-1.));
#3169=AXIS2_PLACEMENT_3D('',#3166,#3167,#3168);
#3170=PLANE('',#3169);
#3171=ORIENTED_EDGE('',*,*,#685,.F.);
#3172=CARTESIAN_POINT('',(-28.483095227,3.66,-4.76));
#3173=DIRECTION('',(0.,-0.,1.));
#3174=VECTOR('',#3173,0.6);
#3175=LINE('',#3172,#3174);
#3176=EDGE_CURVE('',#1076,#672,#3175,.T.);
#3177=ORIENTED_EDGE('',*,*,#3176,.F.);
#3178=ORIENTED_EDGE('',*,*,#1081,.T.);
#3179=ORIENTED_EDGE('',*,*,#3159,.T.);
#3180=EDGE_LOOP('',(#3171,#3177,#3178,#3179));
#3181=FACE_BOUND('',#3180,.T.);
#3182=ADVANCED_FACE('',(#3181),#3170,.T.);
#3183=CARTESIAN_POINT('',(-27.991547614,3.66,-5.06));
#3184=DIRECTION('',(0.,-1.,-0.));
#3185=DIRECTION('',(0.,0.,-1.));
#3186=AXIS2_PLACEMENT_3D('',#3183,#3184,#3185);
#3187=PLANE('',#3186);
#3188=ORIENTED_EDGE('',*,*,#677,.F.);
#3189=CARTESIAN_POINT('',(-28.9,3.66,-4.76));
#3190=DIRECTION('',(0.,-0.,1.));
#3191=VECTOR('',#3190,0.6);
#3192=LINE('',#3189,#3191);
#3193=EDGE_CURVE('',#1084,#664,#3192,.T.);
#3194=ORIENTED_EDGE('',*,*,#3193,.F.);
#3195=ORIENTED_EDGE('',*,*,#1089,.T.);
#3196=ORIENTED_EDGE('',*,*,#3176,.T.);
#3197=EDGE_LOOP('',(#3188,#3194,#3195,#3196));
#3198=FACE_BOUND('',#3197,.T.);
#3199=ADVANCED_FACE('',(#3198),#3187,.T.);
#3200=CARTESIAN_POINT('',(-28.9,3.31964845,-5.06));
#3201=DIRECTION('',(1.,0.,0.));
#3202=DIRECTION('',(0.,0.,-1.));
#3203=AXIS2_PLACEMENT_3D('',#3200,#3201,#3202);
#3204=PLANE('',#3203);
#3205=ORIENTED_EDGE('',*,*,#669,.F.);
#3206=CARTESIAN_POINT('',(-28.9,2.9792969,-4.76));
#3207=DIRECTION('',(0.,-0.,1.));
#3208=VECTOR('',#3207,0.6);
#3209=LINE('',#3206,#3208);
#3210=EDGE_CURVE('',#1092,#656,#3209,.T.);
#3211=ORIENTED_EDGE('',*,*,#3210,.F.);
#3212=ORIENTED_EDGE('',*,*,#1097,.T.);
#3213=ORIENTED_EDGE('',*,*,#3193,.T.);
#3214=EDGE_LOOP('',(#3205,#3211,#3212,#3213));
#3215=FACE_BOUND('',#3214,.T.);
#3216=ADVANCED_FACE('',(#3215),#3204,.T.);
#3217=CARTESIAN_POINT('',(-29.15,2.9792969,-5.06));
#3218=DIRECTION('',(0.,-1.,-0.));
#3219=DIRECTION('',(0.,0.,-1.));
#3220=AXIS2_PLACEMENT_3D('',#3217,#3218,#3219);
#3221=PLANE('',#3220);
#3222=ORIENTED_EDGE('',*,*,#661,.F.);
#3223=ORIENTED_EDGE('',*,*,#1008,.F.);
#3224=ORIENTED_EDGE('',*,*,#1103,.T.);
#3225=ORIENTED_EDGE('',*,*,#3210,.T.);
#3226=EDGE_LOOP('',(#3222,#3223,#3224,#3225));
#3227=FACE_BOUND('',#3226,.T.);
#3228=ADVANCED_FACE('',(#3227),#3221,.T.);
#3229=CARTESIAN_POINT('',(-27.260502821,1.36,-5.06));
#3230=DIRECTION('',(0.,-1.,-0.));
#3231=DIRECTION('',(0.,0.,-1.));
#3232=AXIS2_PLACEMENT_3D('',#3229,#3230,#3231);
#3233=PLANE('',#3232);
#3234=ORIENTED_EDGE('',*,*,#645,.T.);
#3235=CARTESIAN_POINT('',(-26.5,1.36,-4.76));
#3236=DIRECTION('',(0.,-0.,1.));
#3237=VECTOR('',#3236,0.6);
#3238=LINE('',#3235,#3237);
#3239=EDGE_CURVE('',#1020,#640,#3238,.T.);
#3240=ORIENTED_EDGE('',*,*,#3239,.F.);
#3241=ORIENTED_EDGE('',*,*,#1025,.F.);
#3242=ORIENTED_EDGE('',*,*,#994,.F.);
#3243=EDGE_LOOP('',(#3234,#3240,#3241,#3242));
#3244=FACE_BOUND('',#3243,.T.);
#3245=ADVANCED_FACE('',(#3244),#3233,.F.);
#3246=CARTESIAN_POINT('',(-26.5,2.16964845,-5.06));
#3247=DIRECTION('',(1.,0.,0.));
#3248=DIRECTION('',(0.,0.,-1.));
#3249=AXIS2_PLACEMENT_3D('',#3246,#3247,#3248);
#3250=PLANE('',#3249);
#3251=ORIENTED_EDGE('',*,*,#731,.T.);
#3252=ORIENTED_EDGE('',*,*,#3093,.F.);
#3253=ORIENTED_EDGE('',*,*,#1033,.F.);
#3254=ORIENTED_EDGE('',*,*,#3239,.T.);
#3255=EDGE_LOOP('',(#3251,#3252,#3253,#3254));
#3256=FACE_BOUND('',#3255,.T.);
#3257=ADVANCED_FACE('',(#3256),#3250,.F.);
#3258=CARTESIAN_POINT('',(-28.961297812,3.951608233,-5.06));
#3259=DIRECTION('',(0.906307787,-0.422618262,-0.));
#3260=DIRECTION('',(0.422618262,0.906307787,0.));
#3261=AXIS2_PLACEMENT_3D('',#3258,#3259,#3260);
#3262=PLANE('',#3261);
#3263=ORIENTED_EDGE('',*,*,#585,.T.);
#3264=CARTESIAN_POINT('',(-28.881211255,4.123354409,-4.56));
#3265=VERTEX_POINT('',#3264);
#3266=CARTESIAN_POINT('',(-28.881211255,4.123354409,-4.56));
#3267=DIRECTION('',(-0.,-0.,1.));
#3268=VECTOR('',#3267,0.4);
#3269=LINE('',#3266,#3268);
#3270=EDGE_CURVE('',#3265,#570,#3269,.T.);
#3271=ORIENTED_EDGE('',*,*,#3270,.F.);
#3272=CARTESIAN_POINT('',(-29.375252796,3.063878904,-4.56));
#3273=VERTEX_POINT('',#3272);
#3274=CARTESIAN_POINT('',(-29.375252796,3.063878904,-4.56));
#3275=DIRECTION('',(0.422618262,0.906307787,0.));
#3276=VECTOR('',#3275,1.169001878);
#3277=LINE('',#3274,#3276);
#3278=EDGE_CURVE('',#3273,#3265,#3277,.T.);
#3279=ORIENTED_EDGE('',*,*,#3278,.F.);
#3280=CARTESIAN_POINT('',(-29.375252796,3.063878904,-4.56));
#3281=DIRECTION('',(0.,-0.,1.));
#3282=VECTOR('',#3281,0.4);
#3283=LINE('',#3280,#3282);
#3284=EDGE_CURVE('',#3273,#580,#3283,.T.);
#3285=ORIENTED_EDGE('',*,*,#3284,.T.);
#3286=EDGE_LOOP('',(#3263,#3271,#3279,#3285));
#3287=FACE_BOUND('',#3286,.T.);
#3288=ADVANCED_FACE('',(#3287),#3262,.F.);
#3289=CARTESIAN_POINT('',(-29.139520289,4.24380589,-5.06));
#3290=DIRECTION('',(0.422618262,0.906307787,0.));
#3291=DIRECTION('',(-0.906307787,0.422618262,0.));
#3292=AXIS2_PLACEMENT_3D('',#3289,#3290,#3291);
#3293=PLANE('',#3292);
#3294=ORIENTED_EDGE('',*,*,#577,.T.);
#3295=CARTESIAN_POINT('',(-29.551901648,4.436102476,-4.56));
#3296=VERTEX_POINT('',#3295);
#3297=CARTESIAN_POINT('',(-29.551901648,4.436102476,-4.56));
#3298=DIRECTION('',(-0.,-0.,1.));
#3299=VECTOR('',#3298,0.4);
#3300=LINE('',#3297,#3299);
#3301=EDGE_CURVE('',#3296,#572,#3300,.T.);
#3302=ORIENTED_EDGE('',*,*,#3301,.F.);
#3303=CARTESIAN_POINT('',(-28.881211255,4.123354409,-4.56));
#3304=DIRECTION('',(-0.906307787,0.422618262,0.));
#3305=VECTOR('',#3304,0.74002497);
#3306=LINE('',#3303,#3305);
#3307=EDGE_CURVE('',#3265,#3296,#3306,.T.);
#3308=ORIENTED_EDGE('',*,*,#3307,.F.);
#3309=ORIENTED_EDGE('',*,*,#3270,.T.);
#3310=EDGE_LOOP('',(#3294,#3302,#3308,#3309));
#3311=FACE_BOUND('',#3310,.T.);
#3312=ADVANCED_FACE('',(#3311),#3293,.F.);
#3313=CARTESIAN_POINT('',(-29.631988205,4.264356299,-5.06));
#3314=DIRECTION('',(-0.906307787,0.422618262,0.));
#3315=DIRECTION('',(-0.422618262,-0.906307787,-0.));
#3316=AXIS2_PLACEMENT_3D('',#3313,#3314,#3315);
#3317=PLANE('',#3316);
#3318=ORIENTED_EDGE('',*,*,#599,.T.);
#3319=CARTESIAN_POINT('',(-30.045943189,3.376626971,-4.56));
#3320=VERTEX_POINT('',#3319);
#3321=CARTESIAN_POINT('',(-30.045943189,3.376626971,-4.56));
#3322=DIRECTION('',(-0.,-0.,1.));
#3323=VECTOR('',#3322,0.4);
#3324=LINE('',#3321,#3323);
#3325=EDGE_CURVE('',#3320,#588,#3324,.T.);
#3326=ORIENTED_EDGE('',*,*,#3325,.F.);
#3327=CARTESIAN_POINT('',(-29.551901648,4.436102476,-4.56));
#3328=DIRECTION('',(-0.422618262,-0.906307787,-0.));
#3329=VECTOR('',#3328,1.169001878);
#3330=LINE('',#3327,#3329);
#3331=EDGE_CURVE('',#3296,#3320,#3330,.T.);
#3332=ORIENTED_EDGE('',*,*,#3331,.F.);
#3333=ORIENTED_EDGE('',*,*,#3301,.T.);
#3334=EDGE_LOOP('',(#3318,#3326,#3332,#3333));
#3335=FACE_BOUND('',#3334,.T.);
#3336=ADVANCED_FACE('',(#3335),#3317,.F.);
#3337=CARTESIAN_POINT('',(-29.633561831,3.184330385,-5.06));
#3338=DIRECTION('',(-0.422618262,-0.906307787,-0.));
#3339=DIRECTION('',(0.906307787,-0.422618262,0.));
#3340=AXIS2_PLACEMENT_3D('',#3337,#3338,#3339);
#3341=PLANE('',#3340);
#3342=ORIENTED_EDGE('',*,*,#593,.T.);
#3343=ORIENTED_EDGE('',*,*,#3284,.F.);
#3344=CARTESIAN_POINT('',(-30.045943189,3.376626971,-4.56));
#3345=DIRECTION('',(0.906307787,-0.422618262,-0.));
#3346=VECTOR('',#3345,0.74002497);
#3347=LINE('',#3344,#3346);
#3348=EDGE_CURVE('',#3320,#3273,#3347,.T.);
#3349=ORIENTED_EDGE('',*,*,#3348,.F.);
#3350=ORIENTED_EDGE('',*,*,#3325,.T.);
#3351=EDGE_LOOP('',(#3342,#3343,#3349,#3350));
#3352=FACE_BOUND('',#3351,.T.);
#3353=ADVANCED_FACE('',(#3352),#3341,.F.);
#3354=CARTESIAN_POINT('',(-71.3,0.46,-4.56));
#3355=DIRECTION('',(0.,-0.,1.));
#3356=DIRECTION('',(0.,1.,0.));
#3357=AXIS2_PLACEMENT_3D('',#3354,#3355,#3356);
#3358=PLANE('',#3357);
#3359=ORIENTED_EDGE('',*,*,#3278,.T.);
#3360=ORIENTED_EDGE('',*,*,#3307,.T.);
#3361=ORIENTED_EDGE('',*,*,#3331,.T.);
#3362=ORIENTED_EDGE('',*,*,#3348,.T.);
#3363=EDGE_LOOP('',(#3359,#3360,#3361,#3362));
#3364=FACE_BOUND('',#3363,.T.);
#3365=ADVANCED_FACE('',(#3364),#3358,.T.);
#3366=CARTESIAN_POINT('',(-26.294730432,3.724860625,-5.06));
#3367=DIRECTION('',(0.970295726,-0.241921896,-0.));
#3368=DIRECTION('',(0.241921896,0.970295726,-0.));
#3369=AXIS2_PLACEMENT_3D('',#3366,#3367,#3368);
#3370=PLANE('',#3369);
#3371=ORIENTED_EDGE('',*,*,#619,.T.);
#3372=CARTESIAN_POINT('',(-26.131660766,4.378897333,-4.76));
#3373=VERTEX_POINT('',#3372);
#3374=CARTESIAN_POINT('',(-26.131660766,4.378897333,-4.76));
#3375=DIRECTION('',(0.,-0.,1.));
#3376=VECTOR('',#3375,0.6);
#3377=LINE('',#3374,#3376);
#3378=EDGE_CURVE('',#3373,#604,#3377,.T.);
#3379=ORIENTED_EDGE('',*,*,#3378,.F.);
#3380=CARTESIAN_POINT('',(-26.457800098,3.070823917,-4.76));
#3381=VERTEX_POINT('',#3380);
#3382=CARTESIAN_POINT('',(-26.457800098,3.070823917,-4.76));
#3383=DIRECTION('',(0.241921896,0.970295726,0.));
#3384=VECTOR('',#3383,1.348118291);
#3385=LINE('',#3382,#3384);
#3386=EDGE_CURVE('',#3381,#3373,#3385,.T.);
#3387=ORIENTED_EDGE('',*,*,#3386,.F.);
#3388=CARTESIAN_POINT('',(-26.457800098,3.070823917,-4.76));
#3389=DIRECTION('',(0.,-0.,1.));
#3390=VECTOR('',#3389,0.6);
#3391=LINE('',#3388,#3390);
#3392=EDGE_CURVE('',#3381,#614,#3391,.T.);
#3393=ORIENTED_EDGE('',*,*,#3392,.T.);
#3394=EDGE_LOOP('',(#3371,#3379,#3387,#3393));
#3395=FACE_BOUND('',#3394,.T.);
#3396=ADVANCED_FACE('',(#3395),#3370,.F.);
#3397=CARTESIAN_POINT('',(-26.532283135,4.478783708,-5.06));
#3398=DIRECTION('',(0.241921896,0.970295726,0.));
#3399=DIRECTION('',(-0.970295726,0.241921896,0.));
#3400=AXIS2_PLACEMENT_3D('',#3397,#3398,#3399);
#3401=PLANE('',#3400);
#3402=ORIENTED_EDGE('',*,*,#611,.T.);
#3403=CARTESIAN_POINT('',(-26.932905505,4.578670084,-4.76));
#3404=VERTEX_POINT('',#3403);
#3405=CARTESIAN_POINT('',(-26.932905505,4.578670084,-4.76));
#3406=DIRECTION('',(0.,-0.,1.));
#3407=VECTOR('',#3406,0.6);
#3408=LINE('',#3405,#3407);
#3409=EDGE_CURVE('',#3404,#606,#3408,.T.);
#3410=ORIENTED_EDGE('',*,*,#3409,.F.);
#3411=CARTESIAN_POINT('',(-26.131660766,4.378897333,-4.76));
#3412=DIRECTION('',(-0.970295726,0.241921896,0.));
#3413=VECTOR('',#3412,0.825773749);
#3414=LINE('',#3411,#3413);
#3415=EDGE_CURVE('',#3373,#3404,#3414,.T.);
#3416=ORIENTED_EDGE('',*,*,#3415,.F.);
#3417=ORIENTED_EDGE('',*,*,#3378,.T.);
#3418=EDGE_LOOP('',(#3402,#3410,#3416,#3417));
#3419=FACE_BOUND('',#3418,.T.);
#3420=ADVANCED_FACE('',(#3419),#3401,.F.);
#3421=CARTESIAN_POINT('',(-27.095975171,3.924633376,-5.06));
#3422=DIRECTION('',(-0.970295726,0.241921896,0.));
#3423=DIRECTION('',(-0.241921896,-0.970295726,0.));
#3424=AXIS2_PLACEMENT_3D('',#3421,#3422,#3423);
#3425=PLANE('',#3424);
#3426=ORIENTED_EDGE('',*,*,#633,.T.);
#3427=CARTESIAN_POINT('',(-27.259044837,3.270596668,-4.76));
#3428=VERTEX_POINT('',#3427);
#3429=CARTESIAN_POINT('',(-27.259044837,3.270596668,-4.76));
#3430=DIRECTION('',(0.,-0.,1.));
#3431=VECTOR('',#3430,0.6);
#3432=LINE('',#3429,#3431);
#3433=EDGE_CURVE('',#3428,#622,#3432,.T.);
#3434=ORIENTED_EDGE('',*,*,#3433,.F.);
#3435=CARTESIAN_POINT('',(-26.932905505,4.578670084,-4.76));
#3436=DIRECTION('',(-0.241921896,-0.970295726,-0.));
#3437=VECTOR('',#3436,1.348118291);
#3438=LINE('',#3435,#3437);
#3439=EDGE_CURVE('',#3404,#3428,#3438,.T.);
#3440=ORIENTED_EDGE('',*,*,#3439,.F.);
#3441=ORIENTED_EDGE('',*,*,#3409,.T.);
#3442=EDGE_LOOP('',(#3426,#3434,#3440,#3441));
#3443=FACE_BOUND('',#3442,.T.);
#3444=ADVANCED_FACE('',(#3443),#3425,.F.);
#3445=CARTESIAN_POINT('',(-26.858422468,3.170710293,-5.06));
#3446=DIRECTION('',(-0.241921896,-0.970295726,-0.));
#3447=DIRECTION('',(0.970295726,-0.241921896,0.));
#3448=AXIS2_PLACEMENT_3D('',#3445,#3446,#3447);
#3449=PLANE('',#3448);
#3450=ORIENTED_EDGE('',*,*,#627,.T.);
#3451=ORIENTED_EDGE('',*,*,#3392,.F.);
#3452=CARTESIAN_POINT('',(-27.259044837,3.270596668,-4.76));
#3453=DIRECTION('',(0.970295726,-0.241921896,-0.));
#3454=VECTOR('',#3453,0.825773749);
#3455=LINE('',#3452,#3454);
#3456=EDGE_CURVE('',#3428,#3381,#3455,.T.);
#3457=ORIENTED_EDGE('',*,*,#3456,.F.);
#3458=ORIENTED_EDGE('',*,*,#3433,.T.);
#3459=EDGE_LOOP('',(#3450,#3451,#3457,#3458));
#3460=FACE_BOUND('',#3459,.T.);
#3461=ADVANCED_FACE('',(#3460),#3449,.F.);
#3462=CARTESIAN_POINT('',(-71.3,0.46,-4.76));
#3463=DIRECTION('',(0.,-0.,1.));
#3464=DIRECTION('',(0.,1.,0.));
#3465=AXIS2_PLACEMENT_3D('',#3462,#3463,#3464);
#3466=PLANE('',#3465);
#3467=ORIENTED_EDGE('',*,*,#3386,.T.);
#3468=ORIENTED_EDGE('',*,*,#3415,.T.);
#3469=ORIENTED_EDGE('',*,*,#3439,.T.);
#3470=ORIENTED_EDGE('',*,*,#3456,.T.);
#3471=EDGE_LOOP('',(#3467,#3468,#3469,#3470));
#3472=FACE_BOUND('',#3471,.T.);
#3473=ADVANCED_FACE('',(#3472),#3466,.T.);
#3474=CARTESIAN_POINT('',(-23.705461011,-4.27995174,-5.26));
#3475=DIRECTION('',(0.,1.,0.));
#3476=DIRECTION('',(0.,-0.,1.));
#3477=AXIS2_PLACEMENT_3D('',#3474,#3475,#3476);
#3478=PLANE('',#3477);
#3479=CARTESIAN_POINT('',(-24.5,-4.27995174,-4.75));
#3480=VERTEX_POINT('',#3479);
#3481=CARTESIAN_POINT('',(-24.950825502,-4.27995174,-4.75));
#3482=VERTEX_POINT('',#3481);
#3483=CARTESIAN_POINT('',(-24.5,-4.27995174,-4.75));
#3484=DIRECTION('',(-1.,0.,0.));
#3485=VECTOR('',#3484,0.450825502);
#3486=LINE('',#3483,#3485);
#3487=EDGE_CURVE('',#3480,#3482,#3486,.T.);
#3488=ORIENTED_EDGE('',*,*,#3487,.F.);
#3489=CARTESIAN_POINT('',(-24.5,-4.27995174,-4.75));
#3490=DIRECTION('',(0.,-0.,1.));
#3491=VECTOR('',#3490,0.59);
#3492=LINE('',#3489,#3491);
#3493=EDGE_CURVE('',#3480,#772,#3492,.T.);
#3494=ORIENTED_EDGE('',*,*,#3493,.T.);
#3495=ORIENTED_EDGE('',*,*,#911,.T.);
#3496=CARTESIAN_POINT('',(-24.950825502,-4.27995174,-4.75));
#3497=DIRECTION('',(0.,-0.,1.));
#3498=VECTOR('',#3497,0.59);
#3499=LINE('',#3496,#3498);
#3500=EDGE_CURVE('',#3482,#900,#3499,.T.);
#3501=ORIENTED_EDGE('',*,*,#3500,.F.);
#3502=EDGE_LOOP('',(#3488,#3494,#3495,#3501));
#3503=FACE_BOUND('',#3502,.T.);
#3504=ADVANCED_FACE('',(#3503),#3478,.F.);
#3505=CARTESIAN_POINT('',(-24.950825502,-4.70997587,-5.26));
#3506=DIRECTION('',(-1.,0.,0.));
#3507=DIRECTION('',(0.,0.,1.));
#3508=AXIS2_PLACEMENT_3D('',#3505,#3506,#3507);
#3509=PLANE('',#3508);
#3510=ORIENTED_EDGE('',*,*,#905,.T.);
#3511=CARTESIAN_POINT('',(-24.950825502,-5.14,-4.75));
#3512=VERTEX_POINT('',#3511);
#3513=CARTESIAN_POINT('',(-24.950825502,-5.14,-4.75));
#3514=DIRECTION('',(0.,-0.,1.));
#3515=VECTOR('',#3514,0.59);
#3516=LINE('',#3513,#3515);
#3517=EDGE_CURVE('',#3512,#892,#3516,.T.);
#3518=ORIENTED_EDGE('',*,*,#3517,.F.);
#3519=CARTESIAN_POINT('',(-24.950825502,-4.27995174,-4.75));
#3520=DIRECTION('',(0.,-1.,-0.));
#3521=VECTOR('',#3520,0.86004826);
#3522=LINE('',#3519,#3521);
#3523=EDGE_CURVE('',#3482,#3512,#3522,.T.);
#3524=ORIENTED_EDGE('',*,*,#3523,.F.);
#3525=ORIENTED_EDGE('',*,*,#3500,.T.);
#3526=EDGE_LOOP('',(#3510,#3518,#3524,#3525));
#3527=FACE_BOUND('',#3526,.T.);
#3528=ADVANCED_FACE('',(#3527),#3509,.F.);
#3529=CARTESIAN_POINT('',(-24.325412751,-5.14,-5.26));
#3530=DIRECTION('',(0.,-1.,-0.));
#3531=DIRECTION('',(0.,0.,-1.));
#3532=AXIS2_PLACEMENT_3D('',#3529,#3530,#3531);
#3533=PLANE('',#3532);
#3534=ORIENTED_EDGE('',*,*,#897,.T.);
#3535=CARTESIAN_POINT('',(-23.7,-5.14,-4.75));
#3536=VERTEX_POINT('',#3535);
#3537=CARTESIAN_POINT('',(-23.7,-5.14,-4.75));
#3538=DIRECTION('',(0.,-0.,1.));
#3539=VECTOR('',#3538,0.59);
#3540=LINE('',#3537,#3539);
#3541=EDGE_CURVE('',#3536,#884,#3540,.T.);
#3542=ORIENTED_EDGE('',*,*,#3541,.F.);
#3543=CARTESIAN_POINT('',(-24.950825502,-5.14,-4.75));
#3544=DIRECTION('',(1.,0.,-0.));
#3545=VECTOR('',#3544,1.250825502);
#3546=LINE('',#3543,#3545);
#3547=EDGE_CURVE('',#3512,#3536,#3546,.T.);
#3548=ORIENTED_EDGE('',*,*,#3547,.F.);
#3549=ORIENTED_EDGE('',*,*,#3517,.T.);
#3550=EDGE_LOOP('',(#3534,#3542,#3548,#3549));
#3551=FACE_BOUND('',#3550,.T.);
#3552=ADVANCED_FACE('',(#3551),#3533,.F.);
#3553=CARTESIAN_POINT('',(-23.7,-4.70997587,-5.26));
#3554=DIRECTION('',(1.,0.,0.));
#3555=DIRECTION('',(0.,0.,-1.));
#3556=AXIS2_PLACEMENT_3D('',#3553,#3554,#3555);
#3557=PLANE('',#3556);
#3558=ORIENTED_EDGE('',*,*,#889,.T.);
#3559=CARTESIAN_POINT('',(-23.7,-3.8,-4.76));
#3560=VERTEX_POINT('',#3559);
#3561=CARTESIAN_POINT('',(-23.7,-3.8,-4.76));
#3562=DIRECTION('',(0.,-0.,1.));
#3563=VECTOR('',#3562,0.6);
#3564=LINE('',#3561,#3563);
#3565=EDGE_CURVE('',#3560,#876,#3564,.T.);
#3566=ORIENTED_EDGE('',*,*,#3565,.F.);
#3567=CARTESIAN_POINT('',(-23.7,-4.27995174,-4.76));
#3568=VERTEX_POINT('',#3567);
#3569=CARTESIAN_POINT('',(-23.7,-3.8,-4.76));
#3570=DIRECTION('',(0.,-1.,-0.));
#3571=VECTOR('',#3570,0.47995174);
#3572=LINE('',#3569,#3571);
#3573=EDGE_CURVE('',#3560,#3568,#3572,.T.);
#3574=ORIENTED_EDGE('',*,*,#3573,.T.);
#3575=CARTESIAN_POINT('',(-23.7,-4.27995174,-4.75));
#3576=VERTEX_POINT('',#3575);
#3577=CARTESIAN_POINT('',(-23.7,-4.27995174,-4.76));
#3578=DIRECTION('',(0.,-0.,1.));
#3579=VECTOR('',#3578,0.01);
#3580=LINE('',#3577,#3579);
#3581=EDGE_CURVE('',#3568,#3576,#3580,.T.);
#3582=ORIENTED_EDGE('',*,*,#3581,.T.);
#3583=CARTESIAN_POINT('',(-23.7,-5.14,-4.75));
#3584=DIRECTION('',(0.,1.,0.));
#3585=VECTOR('',#3584,0.86004826);
#3586=LINE('',#3583,#3585);
#3587=EDGE_CURVE('',#3536,#3576,#3586,.T.);
#3588=ORIENTED_EDGE('',*,*,#3587,.F.);
#3589=ORIENTED_EDGE('',*,*,#3541,.T.);
#3590=EDGE_LOOP('',(#3558,#3566,#3574,#3582,#3588,#3589));
#3591=FACE_BOUND('',#3590,.T.);
#3592=ADVANCED_FACE('',(#3591),#3557,.F.);
#3593=CARTESIAN_POINT('',(-71.3,0.46,-4.75));
#3594=DIRECTION('',(0.,-0.,1.));
#3595=DIRECTION('',(0.,1.,0.));
#3596=AXIS2_PLACEMENT_3D('',#3593,#3594,#3595);
#3597=PLANE('',#3596);
#3598=CARTESIAN_POINT('',(-23.7,-4.27995174,-4.75));
#3599=DIRECTION('',(-1.,0.,0.));
#3600=VECTOR('',#3599,0.8);
#3601=LINE('',#3598,#3600);
#3602=EDGE_CURVE('',#3576,#3480,#3601,.T.);
#3603=ORIENTED_EDGE('',*,*,#3602,.T.);
#3604=ORIENTED_EDGE('',*,*,#3487,.T.);
#3605=ORIENTED_EDGE('',*,*,#3523,.T.);
#3606=ORIENTED_EDGE('',*,*,#3547,.T.);
#3607=ORIENTED_EDGE('',*,*,#3587,.T.);
#3608=EDGE_LOOP('',(#3603,#3604,#3605,#3606,#3607));
#3609=FACE_BOUND('',#3608,.T.);
#3610=ADVANCED_FACE('',(#3609),#3597,.T.);
#3611=CARTESIAN_POINT('',(-21.98288633,-1.822543004,-5.677));
#3612=CARTESIAN_POINT('',(-21.98288633,-1.822543004,-5.76));
#3613=CARTESIAN_POINT('',(-21.98288633,-1.822543004,-5.8));
#3614=CARTESIAN_POINT('',(-21.98288633,-1.96237623,-5.677));
#3615=CARTESIAN_POINT('',(-21.98288633,-1.96237623,-5.76));
#3616=CARTESIAN_POINT('',(-21.98288633,-1.96237623,-5.8));
#3617=CARTESIAN_POINT('',(-21.855240403,-2.062440374,-5.677));
#3618=CARTESIAN_POINT('',(-21.855240403,-2.062440374,-5.76));
#3619=CARTESIAN_POINT('',(-21.855240403,-2.062440374,-5.8));
#3620=B_SPLINE_SURFACE_WITH_KNOTS('',2,1,((#3611,#3612,#3613),(#3614,#3615,#3616),(#3617,#3618,#3619)),.UNSPECIFIED.,.F.,.F.,.U.,(3,3),(2,1,2),(0.507448825,0.627550207),(0.17,1.,1.4),.UNSPECIFIED.);
#3621=ORIENTED_EDGE('',*,*,#1361,.F.);
#3622=CARTESIAN_POINT('',(-21.98288633,-1.822543004,-5.677));
#3623=VERTEX_POINT('',#3622);
#3624=CARTESIAN_POINT('',(-21.98288633,-1.822543004,-5.677));
#3625=DIRECTION('',(0.,0.,-1.));
#3626=VECTOR('',#3625,0.123);
#3627=LINE('',#3624,#3626);
#3628=EDGE_CURVE('',#3623,#1340,#3627,.T.);
#3629=ORIENTED_EDGE('',*,*,#3628,.F.);
#3630=CARTESIAN_POINT('',(-21.855240403,-2.062440374,-5.677));
#3631=VERTEX_POINT('',#3630);
#3632=CARTESIAN_POINT('',(-21.98288633,-1.822543004,-5.677));
#3633=CARTESIAN_POINT('',(-21.98288633,-1.869974027,-5.677));
#3634=CARTESIAN_POINT('',(-21.970985711,-1.916986183,-5.677));
#3635=CARTESIAN_POINT('',(-21.947839642,-1.958165351,-5.677));
#3636=CARTESIAN_POINT('',(-21.924693574,-1.999344519,-5.677));
#3637=CARTESIAN_POINT('',(-21.892380907,-2.033325205,-5.677));
#3638=CARTESIAN_POINT('',(-21.855240403,-2.062440374,-5.677));
#3639=B_SPLINE_CURVE_WITH_KNOTS('',3,(#3632,#3633,#3634,#3635,#3636,#3637,#3638),.UNSPECIFIED.,.F.,.F.,(4,3,4),(0.00010569,0.000247167,0.000388644),.UNSPECIFIED.);
#3640=EDGE_CURVE('',#3623,#3631,#3639,.T.);
#3641=ORIENTED_EDGE('',*,*,#3640,.T.);
#3642=CARTESIAN_POINT('',(-21.855240403,-2.062440374,-5.677));
#3643=DIRECTION('',(0.,0.,-1.));
#3644=VECTOR('',#3643,0.123);
#3645=LINE('',#3642,#3644);
#3646=EDGE_CURVE('',#3631,#1352,#3645,.T.);
#3647=ORIENTED_EDGE('',*,*,#3646,.T.);
#3648=EDGE_LOOP('',(#3621,#3629,#3641,#3647));
#3649=FACE_BOUND('',#3648,.T.);
#3650=ADVANCED_FACE('',(#3649),#3620,.T.);
#3651=CARTESIAN_POINT('',(-21.855240403,-1.583928507,-5.677));
#3652=CARTESIAN_POINT('',(-21.855240403,-1.583928507,-5.76));
#3653=CARTESIAN_POINT('',(-21.855240403,-1.583928507,-5.8));
#3654=CARTESIAN_POINT('',(-21.98288633,-1.682709777,-5.677));
#3655=CARTESIAN_POINT('',(-21.98288633,-1.682709777,-5.76));
#3656=CARTESIAN_POINT('',(-21.98288633,-1.682709777,-5.8));
#3657=CARTESIAN_POINT('',(-21.98288633,-1.822543004,-5.677));
#3658=CARTESIAN_POINT('',(-21.98288633,-1.822543004,-5.76));
#3659=CARTESIAN_POINT('',(-21.98288633,-1.822543004,-5.8));
#3660=B_SPLINE_SURFACE_WITH_KNOTS('',2,1,((#3651,#3652,#3653),(#3654,#3655,#3656),(#3657,#3658,#3659)),.UNSPECIFIED.,.F.,.F.,.U.,(3,3),(2,1,2),(0.387347443,0.507448825),(0.17,1.,1.4),.UNSPECIFIED.);
#3661=ORIENTED_EDGE('',*,*,#1349,.F.);
#3662=CARTESIAN_POINT('',(-21.855240403,-1.583928507,-5.677));
#3663=VERTEX_POINT('',#3662);
#3664=CARTESIAN_POINT('',(-21.855240403,-1.583928507,-5.677));
#3665=DIRECTION('',(0.,0.,-1.));
#3666=VECTOR('',#3665,0.123);
#3667=LINE('',#3664,#3666);
#3668=EDGE_CURVE('',#3663,#1338,#3667,.T.);
#3669=ORIENTED_EDGE('',*,*,#3668,.F.);
#3670=CARTESIAN_POINT('',(-21.855240403,-1.583928507,-5.677));
#3671=CARTESIAN_POINT('',(-21.892458954,-1.612730803,-5.677));
#3672=CARTESIAN_POINT('',(-21.924737814,-1.646322514,-5.677));
#3673=CARTESIAN_POINT('',(-21.947958092,-1.687482637,-5.677));
#3674=CARTESIAN_POINT('',(-21.97117837,-1.72864276,-5.677));
#3675=CARTESIAN_POINT('',(-21.98288633,-1.775173935,-5.677));
#3676=CARTESIAN_POINT('',(-21.98288633,-1.822543004,-5.677));
#3677=B_SPLINE_CURVE_WITH_KNOTS('',3,(#3670,#3671,#3672,#3673,#3674,#3675,#3676),.UNSPECIFIED.,.F.,.F.,(4,3,4),(0.,0.000139004,0.000278008),.UNSPECIFIED.);
#3678=EDGE_CURVE('',#3663,#3623,#3677,.T.);
#3679=ORIENTED_EDGE('',*,*,#3678,.T.);
#3680=ORIENTED_EDGE('',*,*,#3628,.T.);
#3681=EDGE_LOOP('',(#3661,#3669,#3679,#3680));
#3682=FACE_BOUND('',#3681,.T.);
#3683=ADVANCED_FACE('',(#3682),#3660,.T.);
#3684=CARTESIAN_POINT('',(-21.087440531,-1.583928507,-5.677));
#3685=CARTESIAN_POINT('',(-21.087440531,-1.583928507,-5.76));
#3686=CARTESIAN_POINT('',(-21.087440531,-1.583928507,-5.8));
#3687=CARTESIAN_POINT('',(-21.228556631,-1.473601374,-5.677));
#3688=CARTESIAN_POINT('',(-21.228556631,-1.473601374,-5.76));
#3689=CARTESIAN_POINT('',(-21.228556631,-1.473601374,-5.8));
#3690=CARTESIAN_POINT('',(-21.471661186,-1.473601374,-5.677));
#3691=CARTESIAN_POINT('',(-21.471661186,-1.473601374,-5.76));
#3692=CARTESIAN_POINT('',(-21.471661186,-1.473601374,-5.8));
#3693=CARTESIAN_POINT('',(-21.714124303,-1.473601374,-5.677));
#3694=CARTESIAN_POINT('',(-21.714124303,-1.473601374,-5.76));
#3695=CARTESIAN_POINT('',(-21.714124303,-1.473601374,-5.8));
#3696=CARTESIAN_POINT('',(-21.855240403,-1.583928507,-5.677));
#3697=CARTESIAN_POINT('',(-21.855240403,-1.583928507,-5.76));
#3698=CARTESIAN_POINT('',(-21.855240403,-1.583928507,-5.8));
#3699=B_SPLINE_SURFACE_WITH_KNOTS('',2,1,((#3684,#3685,#3686),(#3687,#3688,#3689),(#3690,#3691,#3692),(#3693,#3694,#3695),(#3696,#3697,#3698)),.UNSPECIFIED.,.F.,.F.,.U.,(3,2,3),(2,1,2),(0.12041911,0.254059583,0.387347443),(0.17,1.,1.4),.UNSPECIFIED.);
#3700=ORIENTED_EDGE('',*,*,#1419,.F.);
#3701=CARTESIAN_POINT('',(-21.087440531,-1.583928507,-5.677));
#3702=VERTEX_POINT('',#3701);
#3703=CARTESIAN_POINT('',(-21.087440531,-1.583928507,-5.677));
#3704=DIRECTION('',(0.,0.,-1.));
#3705=VECTOR('',#3704,0.123);
#3706=LINE('',#3703,#3705);
#3707=EDGE_CURVE('',#3702,#1394,#3706,.T.);
#3708=ORIENTED_EDGE('',*,*,#3707,.F.);
#3709=CARTESIAN_POINT('',(-21.087440531,-1.583928507,-5.677));
#3710=CARTESIAN_POINT('',(-21.141590317,-1.54159322,-5.677));
#3711=CARTESIAN_POINT('',(-21.203207409,-1.514147503,-5.677));
#3712=CARTESIAN_POINT('',(-21.269329632,-1.497012907,-5.677));
#3713=CARTESIAN_POINT('',(-21.335451855,-1.479878312,-5.677));
#3714=CARTESIAN_POINT('',(-21.402882431,-1.473643724,-5.677));
#3715=CARTESIAN_POINT('',(-21.471056296,-1.473601544,-5.677));
#3716=CARTESIAN_POINT('',(-21.53923016,-1.473559363,-5.677));
#3717=CARTESIAN_POINT('',(-21.606415035,-1.479785434,-5.677));
#3718=CARTESIAN_POINT('',(-21.67187984,-1.496584932,-5.677));
#3719=CARTESIAN_POINT('',(-21.737344645,-1.513384431,-5.677));
#3720=CARTESIAN_POINT('',(-21.801022047,-1.541539611,-5.677));
#3721=CARTESIAN_POINT('',(-21.855240403,-1.583928507,-5.677));
#3722=B_SPLINE_CURVE_WITH_KNOTS('',3,(#3709,#3710,#3711,#3712,#3713,#3714,#3715,#3716,#3717,#3718,#3719,#3720,#3721),.UNSPECIFIED.,.F.,.F.,(4,3,3,3,4),(0.001208449,0.001406615,0.00160478,0.001802946,0.002001111),.UNSPECIFIED.);
#3723=EDGE_CURVE('',#3702,#3663,#3722,.T.);
#3724=ORIENTED_EDGE('',*,*,#3723,.T.);
#3725=ORIENTED_EDGE('',*,*,#3668,.T.);
#3726=EDGE_LOOP('',(#3700,#3708,#3724,#3725));
#3727=FACE_BOUND('',#3726,.T.);
#3728=ADVANCED_FACE('',(#3727),#3699,.T.);
#3729=CARTESIAN_POINT('',(-20.959794605,-1.823184441,-5.677));
#3730=CARTESIAN_POINT('',(-20.959794605,-1.823184441,-5.76));
#3731=CARTESIAN_POINT('',(-20.959794605,-1.823184441,-5.8));
#3732=CARTESIAN_POINT('',(-20.959794605,-1.682709777,-5.677));
#3733=CARTESIAN_POINT('',(-20.959794605,-1.682709777,-5.76));
#3734=CARTESIAN_POINT('',(-20.959794605,-1.682709777,-5.8));
#3735=CARTESIAN_POINT('',(-21.087440531,-1.583928507,-5.677));
#3736=CARTESIAN_POINT('',(-21.087440531,-1.583928507,-5.76));
#3737=CARTESIAN_POINT('',(-21.087440531,-1.583928507,-5.8));
#3738=B_SPLINE_SURFACE_WITH_KNOTS('',2,1,((#3729,#3730,#3731),(#3732,#3733,#3734),(#3735,#3736,#3737)),.UNSPECIFIED.,.F.,.F.,.U.,(3,3),(2,1,2),(0.,0.12041911),(0.17,1.,1.4),.UNSPECIFIED.);
#3739=ORIENTED_EDGE('',*,*,#1403,.F.);
#3740=CARTESIAN_POINT('',(-20.959794605,-1.823184441,-5.677));
#3741=VERTEX_POINT('',#3740);
#3742=CARTESIAN_POINT('',(-20.959794605,-1.823184441,-5.677));
#3743=DIRECTION('',(0.,0.,-1.));
#3744=VECTOR('',#3743,0.123);
#3745=LINE('',#3742,#3744);
#3746=EDGE_CURVE('',#3741,#1382,#3745,.T.);
#3747=ORIENTED_EDGE('',*,*,#3746,.F.);
#3748=CARTESIAN_POINT('',(-20.959794605,-1.823184441,-5.677));
#3749=CARTESIAN_POINT('',(-20.959794605,-1.775943173,-5.677));
#3750=CARTESIAN_POINT('',(-20.971408858,-1.729234849,-5.677));
#3751=CARTESIAN_POINT('',(-20.994496878,-1.688030865,-5.677));
#3752=CARTESIAN_POINT('',(-21.017584899,-1.646826881,-5.677));
#3753=CARTESIAN_POINT('',(-21.050207889,-1.612741708,-5.677));
#3754=CARTESIAN_POINT('',(-21.087440531,-1.583928507,-5.677));
#3755=B_SPLINE_CURVE_WITH_KNOTS('',3,(#3748,#3749,#3750,#3751,#3752,#3753,#3754),.UNSPECIFIED.,.F.,.F.,(4,3,4),(0.000532568,0.000673795,0.000815023),.UNSPECIFIED.);
#3756=EDGE_CURVE('',#3741,#3702,#3755,.T.);
#3757=ORIENTED_EDGE('',*,*,#3756,.T.);
#3758=ORIENTED_EDGE('',*,*,#3707,.T.);
#3759=EDGE_LOOP('',(#3739,#3747,#3757,#3758));
#3760=FACE_BOUND('',#3759,.T.);
#3761=ADVANCED_FACE('',(#3760),#3738,.T.);
#3762=CARTESIAN_POINT('',(-21.087440531,-2.062440374,-5.677));
#3763=CARTESIAN_POINT('',(-21.087440531,-2.062440374,-5.76));
#3764=CARTESIAN_POINT('',(-21.087440531,-2.062440374,-5.8));
#3765=CARTESIAN_POINT('',(-20.959794605,-1.963659104,-5.677));
#3766=CARTESIAN_POINT('',(-20.959794605,-1.963659104,-5.76));
#3767=CARTESIAN_POINT('',(-20.959794605,-1.963659104,-5.8));
#3768=CARTESIAN_POINT('',(-20.959794605,-1.823184441,-5.677));
#3769=CARTESIAN_POINT('',(-20.959794605,-1.823184441,-5.76));
#3770=CARTESIAN_POINT('',(-20.959794605,-1.823184441,-5.8));
#3771=B_SPLINE_SURFACE_WITH_KNOTS('',2,1,((#3762,#3763,#3764),(#3765,#3766,#3767),(#3768,#3769,#3770)),.UNSPECIFIED.,.F.,.F.,.U.,(3,3),(2,1,2),(0.886335019,1.),(0.17,1.,1.4),.UNSPECIFIED.);
#3772=ORIENTED_EDGE('',*,*,#1391,.F.);
#3773=CARTESIAN_POINT('',(-21.087440531,-2.062440374,-5.677));
#3774=VERTEX_POINT('',#3773);
#3775=CARTESIAN_POINT('',(-21.087440531,-2.062440374,-5.677));
#3776=DIRECTION('',(0.,0.,-1.));
#3777=VECTOR('',#3776,0.123);
#3778=LINE('',#3775,#3777);
#3779=EDGE_CURVE('',#3774,#1364,#3778,.T.);
#3780=ORIENTED_EDGE('',*,*,#3779,.F.);
#3781=CARTESIAN_POINT('',(-21.087440531,-2.062440374,-5.677));
#3782=CARTESIAN_POINT('',(-21.050207889,-2.033627174,-5.677));
#3783=CARTESIAN_POINT('',(-21.017584899,-1.999542,-5.677));
#3784=CARTESIAN_POINT('',(-20.994496878,-1.958338016,-5.677));
#3785=CARTESIAN_POINT('',(-20.971408858,-1.917134032,-5.677));
#3786=CARTESIAN_POINT('',(-20.959794605,-1.870425708,-5.677));
#3787=CARTESIAN_POINT('',(-20.959794605,-1.823184441,-5.677));
#3788=B_SPLINE_CURVE_WITH_KNOTS('',3,(#3781,#3782,#3783,#3784,#3785,#3786,#3787),.UNSPECIFIED.,.F.,.F.,(4,3,4),(0.000532568,0.000673795,0.000815023),.UNSPECIFIED.);
#3789=EDGE_CURVE('',#3774,#3741,#3788,.T.);
#3790=ORIENTED_EDGE('',*,*,#3789,.T.);
#3791=ORIENTED_EDGE('',*,*,#3746,.T.);
#3792=EDGE_LOOP('',(#3772,#3780,#3790,#3791));
#3793=FACE_BOUND('',#3792,.T.);
#3794=ADVANCED_FACE('',(#3793),#3771,.T.);
#3795=CARTESIAN_POINT('',(-21.846901725,-1.823184441,-5.677));
#3796=CARTESIAN_POINT('',(-21.846901725,-1.823184441,-5.727));
#3797=CARTESIAN_POINT('',(-21.846901725,-1.735307596,-5.677));
#3798=CARTESIAN_POINT('',(-21.846901725,-1.735307596,-5.727));
#3799=CARTESIAN_POINT('',(-21.739781776,-1.677578283,-5.677));
#3800=CARTESIAN_POINT('',(-21.739781776,-1.677578283,-5.727));
#3801=B_SPLINE_SURFACE_WITH_KNOTS('',2,1,((#3795,#3796),(#3797,#3798),(#3799,#3800)),.UNSPECIFIED.,.F.,.F.,.U.,(3,3),(2,2),(0.,0.125517871),(0.17,0.67),.UNSPECIFIED.);
#3802=CARTESIAN_POINT('',(-21.846901725,-1.823184441,-5.727));
#3803=VERTEX_POINT('',#3802);
#3804=CARTESIAN_POINT('',(-21.739781776,-1.677578283,-5.727));
#3805=VERTEX_POINT('',#3804);
#3806=CARTESIAN_POINT('',(-21.846901725,-1.823184441,-5.727));
#3807=CARTESIAN_POINT('',(-21.846901725,-1.791134177,-5.727));
#3808=CARTESIAN_POINT('',(-21.834776063,-1.760170983,-5.727));
#3809=CARTESIAN_POINT('',(-21.814481876,-1.735620103,-5.727));
#3810=CARTESIAN_POINT('',(-21.794187688,-1.711069224,-5.727));
#3811=CARTESIAN_POINT('',(-21.76783296,-1.692695688,-5.727));
#3812=CARTESIAN_POINT('',(-21.739781776,-1.677578283,-5.727));
#3813=B_SPLINE_CURVE_WITH_KNOTS('',3,(#3806,#3807,#3808,#3809,#3810,#3811,#3812),.UNSPECIFIED.,.F.,.F.,(4,3,4),(0.,0.000094832,0.000189663),.UNSPECIFIED.);
#3814=EDGE_CURVE('',#3803,#3805,#3813,.T.);
#3815=ORIENTED_EDGE('',*,*,#3814,.F.);
#3816=CARTESIAN_POINT('',(-21.846901725,-1.823184441,-5.677));
#3817=VERTEX_POINT('',#3816);
#3818=CARTESIAN_POINT('',(-21.846901725,-1.823184441,-5.677));
#3819=DIRECTION('',(0.,0.,-1.));
#3820=VECTOR('',#3819,0.05);
#3821=LINE('',#3818,#3820);
#3822=EDGE_CURVE('',#3817,#3803,#3821,.T.);
#3823=ORIENTED_EDGE('',*,*,#3822,.F.);
#3824=CARTESIAN_POINT('',(-21.739781776,-1.677578283,-5.677));
#3825=VERTEX_POINT('',#3824);
#3826=CARTESIAN_POINT('',(-21.846901725,-1.823184441,-5.677));
#3827=CARTESIAN_POINT('',(-21.846901725,-1.791209772,-5.677));
#3828=CARTESIAN_POINT('',(-21.834653905,-1.759987708,-5.677));
#3829=CARTESIAN_POINT('',(-21.814405732,-1.735528054,-5.677));
#3830=CARTESIAN_POINT('',(-21.794157559,-1.7110684,-5.677));
#3831=CARTESIAN_POINT('',(-21.767742778,-1.692647086,-5.677));
#3832=CARTESIAN_POINT('',(-21.739781776,-1.677578283,-5.677));
#3833=B_SPLINE_CURVE_WITH_KNOTS('',3,(#3826,#3827,#3828,#3829,#3830,#3831,#3832),.UNSPECIFIED.,.F.,.F.,(4,3,4),(0.000203844,0.000299768,0.000395692),.UNSPECIFIED.);
#3834=EDGE_CURVE('',#3817,#3825,#3833,.T.);
#3835=ORIENTED_EDGE('',*,*,#3834,.T.);
#3836=CARTESIAN_POINT('',(-21.739781776,-1.677578283,-5.677));
#3837=DIRECTION('',(0.,0.,-1.));
#3838=VECTOR('',#3837,0.05);
#3839=LINE('',#3836,#3838);
#3840=EDGE_CURVE('',#3825,#3805,#3839,.T.);
#3841=ORIENTED_EDGE('',*,*,#3840,.T.);
#3842=EDGE_LOOP('',(#3815,#3823,#3835,#3841));
#3843=FACE_BOUND('',#3842,.T.);
#3844=ADVANCED_FACE('',(#3843),#3801,.T.);
#3845=CARTESIAN_POINT('',(-21.739781776,-1.968790598,-5.677));
#3846=CARTESIAN_POINT('',(-21.739781776,-1.968790598,-5.727));
#3847=CARTESIAN_POINT('',(-21.846901725,-1.911702721,-5.677));
#3848=CARTESIAN_POINT('',(-21.846901725,-1.911702721,-5.727));
#3849=CARTESIAN_POINT('',(-21.846901725,-1.823184441,-5.677));
#3850=CARTESIAN_POINT('',(-21.846901725,-1.823184441,-5.727));
#3851=B_SPLINE_SURFACE_WITH_KNOTS('',2,1,((#3845,#3846),(#3847,#3848),(#3849,#3850)),.UNSPECIFIED.,.F.,.F.,.U.,(3,3),(2,2),(0.873918298,1.),(0.17,0.67),.UNSPECIFIED.);
#3852=CARTESIAN_POINT('',(-21.739781776,-1.968790598,-5.727));
#3853=VERTEX_POINT('',#3852);
#3854=CARTESIAN_POINT('',(-21.739781776,-1.968790598,-5.727));
#3855=CARTESIAN_POINT('',(-21.767864742,-1.953824227,-5.727));
#3856=CARTESIAN_POINT('',(-21.794304356,-1.935492455,-5.727));
#3857=CARTESIAN_POINT('',(-21.814564297,-1.910966573,-5.727));
#3858=CARTESIAN_POINT('',(-21.834824238,-1.886440692,-5.727));
#3859=CARTESIAN_POINT('',(-21.846901725,-1.855155082,-5.727));
#3860=CARTESIAN_POINT('',(-21.846901725,-1.823184441,-5.727));
#3861=B_SPLINE_CURVE_WITH_KNOTS('',3,(#3854,#3855,#3856,#3857,#3858,#3859,#3860),.UNSPECIFIED.,.F.,.F.,(4,3,4),(0.000294885,0.000390351,0.000485817),.UNSPECIFIED.);
#3862=EDGE_CURVE('',#3853,#3803,#3861,.T.);
#3863=ORIENTED_EDGE('',*,*,#3862,.F.);
#3864=CARTESIAN_POINT('',(-21.739781776,-1.968790598,-5.677));
#3865=VERTEX_POINT('',#3864);
#3866=CARTESIAN_POINT('',(-21.739781776,-1.968790598,-5.677));
#3867=DIRECTION('',(0.,0.,-1.));
#3868=VECTOR('',#3867,0.05);
#3869=LINE('',#3866,#3868);
#3870=EDGE_CURVE('',#3865,#3853,#3869,.T.);
#3871=ORIENTED_EDGE('',*,*,#3870,.F.);
#3872=CARTESIAN_POINT('',(-21.739781776,-1.968790598,-5.677));
#3873=CARTESIAN_POINT('',(-21.767886075,-1.953812858,-5.677));
#3874=CARTESIAN_POINT('',(-21.793804427,-1.936010588,-5.677));
#3875=CARTESIAN_POINT('',(-21.814333788,-1.911245033,-5.677));
#3876=CARTESIAN_POINT('',(-21.834863149,-1.886479477,-5.677));
#3877=CARTESIAN_POINT('',(-21.846901725,-1.855409993,-5.677));
#3878=CARTESIAN_POINT('',(-21.846901725,-1.823184441,-5.677));
#3879=B_SPLINE_CURVE_WITH_KNOTS('',3,(#3872,#3873,#3874,#3875,#3876,#3877,#3878),.UNSPECIFIED.,.F.,.F.,(4,3,4),(0.,0.000094178,0.000188356),.UNSPECIFIED.);
#3880=EDGE_CURVE('',#3865,#3817,#3879,.T.);
#3881=ORIENTED_EDGE('',*,*,#3880,.T.);
#3882=ORIENTED_EDGE('',*,*,#3822,.T.);
#3883=EDGE_LOOP('',(#3863,#3871,#3881,#3882));
#3884=FACE_BOUND('',#3883,.T.);
#3885=ADVANCED_FACE('',(#3884),#3851,.T.);
#3886=CARTESIAN_POINT('',(-21.201616285,-1.968149161,-5.677));
#3887=CARTESIAN_POINT('',(-21.201616285,-1.968149161,-5.727));
#3888=CARTESIAN_POINT('',(-21.30745336,-2.025878475,-5.677));
#3889=CARTESIAN_POINT('',(-21.30745336,-2.025878475,-5.727));
#3890=CARTESIAN_POINT('',(-21.465888254,-2.025878475,-5.677));
#3891=CARTESIAN_POINT('',(-21.465888254,-2.025878475,-5.727));
#3892=CARTESIAN_POINT('',(-21.630737517,-2.025878475,-5.677));
#3893=CARTESIAN_POINT('',(-21.630737517,-2.025878475,-5.727));
#3894=CARTESIAN_POINT('',(-21.739781776,-1.968790598,-5.677));
#3895=CARTESIAN_POINT('',(-21.739781776,-1.968790598,-5.727));
#3896=B_SPLINE_SURFACE_WITH_KNOTS('',2,1,((#3886,#3887),(#3888,#3889),(#3890,#3891),(#3892,#3893),(#3894,#3895)),.UNSPECIFIED.,.F.,.F.,.U.,(3,2,3),(2,2),(0.62319476,0.746069192,0.873918298),(0.17,0.67),.UNSPECIFIED.);
#3897=CARTESIAN_POINT('',(-21.201616285,-1.968149161,-5.727));
#3898=VERTEX_POINT('',#3897);
#3899=CARTESIAN_POINT('',(-21.201616285,-1.968149161,-5.727));
#3900=CARTESIAN_POINT('',(-21.242287173,-1.990333282,-5.727));
#3901=CARTESIAN_POINT('',(-21.287250684,-2.005065771,-5.727));
#3902=CARTESIAN_POINT('',(-21.332533504,-2.013913769,-5.727));
#3903=CARTESIAN_POINT('',(-21.377816325,-2.022761766,-5.727));
#3904=CARTESIAN_POINT('',(-21.423937522,-2.026091648,-5.727));
#3905=CARTESIAN_POINT('',(-21.470444272,-2.025867523,-5.727));
#3906=CARTESIAN_POINT('',(-21.516951022,-2.025643397,-5.727));
#3907=CARTESIAN_POINT('',(-21.563031288,-2.022065988,-5.727));
#3908=CARTESIAN_POINT('',(-21.608449273,-2.013281301,-5.727));
#3909=CARTESIAN_POINT('',(-21.653867258,-2.004496614,-5.727));
#3910=CARTESIAN_POINT('',(-21.698808534,-1.990241295,-5.727));
#3911=CARTESIAN_POINT('',(-21.739781776,-1.968790598,-5.727));
#3912=B_SPLINE_CURVE_WITH_KNOTS('',3,(#3899,#3900,#3901,#3902,#3903,#3904,#3905,#3906,#3907,#3908,#3909,#3910,#3911),.UNSPECIFIED.,.F.,.F.,(4,3,3,3,4),(0.00196797,0.002106953,0.002245937,0.00238492,0.002523903),.UNSPECIFIED.);
#3913=EDGE_CURVE('',#3898,#3853,#3912,.T.);
#3914=ORIENTED_EDGE('',*,*,#3913,.F.);
#3915=CARTESIAN_POINT('',(-21.201616285,-1.968149161,-5.677));
#3916=VERTEX_POINT('',#3915);
#3917=CARTESIAN_POINT('',(-21.201616285,-1.968149161,-5.677));
#3918=DIRECTION('',(0.,0.,-1.));
#3919=VECTOR('',#3918,0.05);
#3920=LINE('',#3917,#3919);
#3921=EDGE_CURVE('',#3916,#3898,#3920,.T.);
#3922=ORIENTED_EDGE('',*,*,#3921,.F.);
#3923=CARTESIAN_POINT('',(-21.201616285,-1.968149161,-5.677));
#3924=CARTESIAN_POINT('',(-21.242287173,-1.990333282,-5.677));
#3925=CARTESIAN_POINT('',(-21.287250684,-2.005065771,-5.677));
#3926=CARTESIAN_POINT('',(-21.332533504,-2.013913769,-5.677));
#3927=CARTESIAN_POINT('',(-21.377816325,-2.022761766,-5.677));
#3928=CARTESIAN_POINT('',(-21.423937522,-2.026091648,-5.677));
#3929=CARTESIAN_POINT('',(-21.470444272,-2.025867523,-5.677));
#3930=CARTESIAN_POINT('',(-21.516951022,-2.025643397,-5.677));
#3931=CARTESIAN_POINT('',(-21.563031288,-2.022065988,-5.677));
#3932=CARTESIAN_POINT('',(-21.608449273,-2.013281301,-5.677));
#3933=CARTESIAN_POINT('',(-21.653867258,-2.004496614,-5.677));
#3934=CARTESIAN_POINT('',(-21.698808534,-1.990241295,-5.677));
#3935=CARTESIAN_POINT('',(-21.739781776,-1.968790598,-5.677));
#3936=B_SPLINE_CURVE_WITH_KNOTS('',3,(#3923,#3924,#3925,#3926,#3927,#3928,#3929,#3930,#3931,#3932,#3933,#3934,#3935),.UNSPECIFIED.,.F.,.F.,(4,3,3,3,4),(0.00196797,0.002106953,0.002245937,0.00238492,0.002523903),.UNSPECIFIED.);
#3937=EDGE_CURVE('',#3916,#3865,#3936,.T.);
#3938=ORIENTED_EDGE('',*,*,#3937,.T.);
#3939=ORIENTED_EDGE('',*,*,#3870,.T.);
#3940=EDGE_LOOP('',(#3914,#3922,#3938,#3939));
#3941=FACE_BOUND('',#3940,.T.);
#3942=ADVANCED_FACE('',(#3941),#3896,.T.);
#3943=CARTESIAN_POINT('',(-21.095137773,-1.823184441,-5.677));
#3944=CARTESIAN_POINT('',(-21.095137773,-1.823184441,-5.727));
#3945=CARTESIAN_POINT('',(-21.095137773,-1.910419848,-5.677));
#3946=CARTESIAN_POINT('',(-21.095137773,-1.910419848,-5.727));
#3947=CARTESIAN_POINT('',(-21.201616285,-1.968149161,-5.677));
#3948=CARTESIAN_POINT('',(-21.201616285,-1.968149161,-5.727));
#3949=B_SPLINE_SURFACE_WITH_KNOTS('',2,1,((#3943,#3944),(#3945,#3946),(#3947,#3948)),.UNSPECIFIED.,.F.,.F.,.U.,(3,3),(2,2),(0.499745996,0.62319476),(0.17,0.67),.UNSPECIFIED.);
#3950=CARTESIAN_POINT('',(-21.095137773,-1.823184441,-5.727));
#3951=VERTEX_POINT('',#3950);
#3952=CARTESIAN_POINT('',(-21.095137773,-1.823184441,-5.727));
#3953=CARTESIAN_POINT('',(-21.095137773,-1.854911183,-5.727));
#3954=CARTESIAN_POINT('',(-21.107356396,-1.886041224,-5.727));
#3955=CARTESIAN_POINT('',(-21.127481839,-1.910380443,-5.727));
#3956=CARTESIAN_POINT('',(-21.147607282,-1.934719662,-5.727));
#3957=CARTESIAN_POINT('',(-21.173842895,-1.953091299,-5.727));
#3958=CARTESIAN_POINT('',(-21.201616285,-1.968149161,-5.727));
#3959=B_SPLINE_CURVE_WITH_KNOTS('',3,(#3952,#3953,#3954,#3955,#3956,#3957,#3958),.UNSPECIFIED.,.F.,.F.,(4,3,4),(0.000697883,0.000793063,0.000888244),.UNSPECIFIED.);
#3960=EDGE_CURVE('',#3951,#3898,#3959,.T.);
#3961=ORIENTED_EDGE('',*,*,#3960,.F.);
#3962=CARTESIAN_POINT('',(-21.095137773,-1.823184441,-5.677));
#3963=VERTEX_POINT('',#3962);
#3964=CARTESIAN_POINT('',(-21.095137773,-1.823184441,-5.677));
#3965=DIRECTION('',(0.,0.,-1.));
#3966=VECTOR('',#3965,0.05);
#3967=LINE('',#3964,#3966);
#3968=EDGE_CURVE('',#3963,#3951,#3967,.T.);
#3969=ORIENTED_EDGE('',*,*,#3968,.F.);
#3970=CARTESIAN_POINT('',(-21.095137773,-1.823184441,-5.677));
#3971=CARTESIAN_POINT('',(-21.095137773,-1.854911183,-5.677));
#3972=CARTESIAN_POINT('',(-21.107356396,-1.886041224,-5.677));
#3973=CARTESIAN_POINT('',(-21.127481839,-1.910380443,-5.677));
#3974=CARTESIAN_POINT('',(-21.147607282,-1.934719662,-5.677));
#3975=CARTESIAN_POINT('',(-21.173842895,-1.953091299,-5.677));
#3976=CARTESIAN_POINT('',(-21.201616285,-1.968149161,-5.677));
#3977=B_SPLINE_CURVE_WITH_KNOTS('',3,(#3970,#3971,#3972,#3973,#3974,#3975,#3976),.UNSPECIFIED.,.F.,.F.,(4,3,4),(0.000697883,0.000793063,0.000888244),.UNSPECIFIED.);
#3978=EDGE_CURVE('',#3963,#3916,#3977,.T.);
#3979=ORIENTED_EDGE('',*,*,#3978,.T.);
#3980=ORIENTED_EDGE('',*,*,#3921,.T.);
#3981=EDGE_LOOP('',(#3961,#3969,#3979,#3980));
#3982=FACE_BOUND('',#3981,.T.);
#3983=ADVANCED_FACE('',(#3982),#3949,.T.);
#3984=CARTESIAN_POINT('',(-21.201616285,-1.677578283,-5.677));
#3985=CARTESIAN_POINT('',(-21.201616285,-1.677578283,-5.727));
#3986=CARTESIAN_POINT('',(-21.095137773,-1.735307596,-5.677));
#3987=CARTESIAN_POINT('',(-21.095137773,-1.735307596,-5.727));
#3988=CARTESIAN_POINT('',(-21.095137773,-1.823184441,-5.677));
#3989=CARTESIAN_POINT('',(-21.095137773,-1.823184441,-5.727));
#3990=B_SPLINE_SURFACE_WITH_KNOTS('',2,1,((#3984,#3985),(#3986,#3987),(#3988,#3989)),.UNSPECIFIED.,.F.,.F.,.U.,(3,3),(2,2),(0.37538952,0.499745996),(0.17,0.67),.UNSPECIFIED.);
#3991=CARTESIAN_POINT('',(-21.201616285,-1.677578283,-5.727));
#3992=VERTEX_POINT('',#3991);
#3993=CARTESIAN_POINT('',(-21.201616285,-1.677578283,-5.727));
#3994=CARTESIAN_POINT('',(-21.173661161,-1.692735216,-5.727));
#3995=CARTESIAN_POINT('',(-21.147288418,-1.711291777,-5.727));
#3996=CARTESIAN_POINT('',(-21.127194591,-1.735825995,-5.727));
#3997=CARTESIAN_POINT('',(-21.107100763,-1.760360213,-5.727));
#3998=CARTESIAN_POINT('',(-21.095137773,-1.791406409,-5.727));
#3999=CARTESIAN_POINT('',(-21.095137773,-1.823184441,-5.727));
#4000=B_SPLINE_CURVE_WITH_KNOTS('',3,(#3993,#3994,#3995,#3996,#3997,#3998,#3999),.UNSPECIFIED.,.F.,.F.,(4,3,4),(0.00096897,0.001064369,0.001159768),.UNSPECIFIED.);
#4001=EDGE_CURVE('',#3992,#3951,#4000,.T.);
#4002=ORIENTED_EDGE('',*,*,#4001,.F.);
#4003=CARTESIAN_POINT('',(-21.201616285,-1.677578283,-5.677));
#4004=VERTEX_POINT('',#4003);
#4005=CARTESIAN_POINT('',(-21.201616285,-1.677578283,-5.677));
#4006=DIRECTION('',(0.,0.,-1.));
#4007=VECTOR('',#4006,0.05);
#4008=LINE('',#4005,#4007);
#4009=EDGE_CURVE('',#4004,#3992,#4008,.T.);
#4010=ORIENTED_EDGE('',*,*,#4009,.F.);
#4011=CARTESIAN_POINT('',(-21.201616285,-1.677578283,-5.677));
#4012=CARTESIAN_POINT('',(-21.173661161,-1.692735216,-5.677));
#4013=CARTESIAN_POINT('',(-21.147288418,-1.711291777,-5.677));
#4014=CARTESIAN_POINT('',(-21.127194591,-1.735825995,-5.677));
#4015=CARTESIAN_POINT('',(-21.107100763,-1.760360213,-5.677));
#4016=CARTESIAN_POINT('',(-21.095137773,-1.791406409,-5.677));
#4017=CARTESIAN_POINT('',(-21.095137773,-1.823184441,-5.677));
#4018=B_SPLINE_CURVE_WITH_KNOTS('',3,(#4011,#4012,#4013,#4014,#4015,#4016,#4017),.UNSPECIFIED.,.F.,.F.,(4,3,4),(0.00096897,0.001064369,0.001159768),.UNSPECIFIED.);
#4019=EDGE_CURVE('',#4004,#3963,#4018,.T.);
#4020=ORIENTED_EDGE('',*,*,#4019,.T.);
#4021=ORIENTED_EDGE('',*,*,#3968,.T.);
#4022=EDGE_LOOP('',(#4002,#4010,#4020,#4021));
#4023=FACE_BOUND('',#4022,.T.);
#4024=ADVANCED_FACE('',(#4023),#3990,.T.);
#4025=CARTESIAN_POINT('',(-21.739781776,-1.677578283,-5.677));
#4026=CARTESIAN_POINT('',(-21.739781776,-1.677578283,-5.727));
#4027=CARTESIAN_POINT('',(-21.633303264,-1.619848969,-5.677));
#4028=CARTESIAN_POINT('',(-21.633303264,-1.619848969,-5.727));
#4029=CARTESIAN_POINT('',(-21.471019749,-1.619848969,-5.677));
#4030=CARTESIAN_POINT('',(-21.471019749,-1.619848969,-5.727));
#4031=CARTESIAN_POINT('',(-21.308736234,-1.619848969,-5.677));
#4032=CARTESIAN_POINT('',(-21.308736234,-1.619848969,-5.727));
#4033=CARTESIAN_POINT('',(-21.201616285,-1.677578283,-5.677));
#4034=CARTESIAN_POINT('',(-21.201616285,-1.677578283,-5.727));
#4035=B_SPLINE_SURFACE_WITH_KNOTS('',2,1,((#4025,#4026),(#4027,#4028),(#4029,#4030),(#4031,#4032),(#4033,#4034)),.UNSPECIFIED.,.F.,.F.,.U.,(3,2,3),(2,2),(0.125517871,0.250453696,0.37538952),(0.17,0.67),.UNSPECIFIED.);
#4036=CARTESIAN_POINT('',(-21.739781776,-1.677578283,-5.727));
#4037=CARTESIAN_POINT('',(-21.699078876,-1.655510445,-5.727));
#4038=CARTESIAN_POINT('',(-21.654108351,-1.640945397,-5.727));
#4039=CARTESIAN_POINT('',(-21.60873564,-1.632107962,-5.727));
#4040=CARTESIAN_POINT('',(-21.563362929,-1.623270528,-5.727));
#4041=CARTESIAN_POINT('',(-21.517263848,-1.619831631,-5.727));
#4042=CARTESIAN_POINT('',(-21.470711891,-1.61984902,-5.727));
#4043=CARTESIAN_POINT('',(-21.424159933,-1.61986641,-5.727));
#4044=CARTESIAN_POINT('',(-21.378063579,-1.623341658,-5.727));
#4045=CARTESIAN_POINT('',(-21.332676962,-1.632203559,-5.727));
#4046=CARTESIAN_POINT('',(-21.287290345,-1.64106546,-5.727));
#4047=CARTESIAN_POINT('',(-21.242360135,-1.655620519,-5.727));
#4048=CARTESIAN_POINT('',(-21.201616285,-1.677578283,-5.727));
#4049=B_SPLINE_CURVE_WITH_KNOTS('',3,(#4036,#4037,#4038,#4039,#4040,#4041,#4042,#4043,#4044,#4045,#4046,#4047,#4048),.UNSPECIFIED.,.F.,.F.,(4,3,3,3,4),(0.001937939,0.00207684,0.002215741,0.002354642,0.002493543),.UNSPECIFIED.);
#4050=EDGE_CURVE('',#3805,#3992,#4049,.T.);
#4051=ORIENTED_EDGE('',*,*,#4050,.F.);
#4052=ORIENTED_EDGE('',*,*,#3840,.F.);
#4053=CARTESIAN_POINT('',(-21.739781776,-1.677578283,-5.677));
#4054=CARTESIAN_POINT('',(-21.699078876,-1.655510445,-5.677));
#4055=CARTESIAN_POINT('',(-21.654108351,-1.640945397,-5.677));
#4056=CARTESIAN_POINT('',(-21.60873564,-1.632107962,-5.677));
#4057=CARTESIAN_POINT('',(-21.563362929,-1.623270528,-5.677));
#4058=CARTESIAN_POINT('',(-21.517263848,-1.619831631,-5.677));
#4059=CARTESIAN_POINT('',(-21.470711891,-1.61984902,-5.677));
#4060=CARTESIAN_POINT('',(-21.424159933,-1.61986641,-5.677));
#4061=CARTESIAN_POINT('',(-21.378063579,-1.623341658,-5.677));
#4062=CARTESIAN_POINT('',(-21.332676962,-1.632203559,-5.677));
#4063=CARTESIAN_POINT('',(-21.287290345,-1.64106546,-5.677));
#4064=CARTESIAN_POINT('',(-21.242360135,-1.655620519,-5.677));
#4065=CARTESIAN_POINT('',(-21.201616285,-1.677578283,-5.677));
#4066=B_SPLINE_CURVE_WITH_KNOTS('',3,(#4053,#4054,#4055,#4056,#4057,#4058,#4059,#4060,#4061,#4062,#4063,#4064,#4065),.UNSPECIFIED.,.F.,.F.,(4,3,3,3,4),(0.001937939,0.00207684,0.002215741,0.002354642,0.002493543),.UNSPECIFIED.);
#4067=EDGE_CURVE('',#3825,#4004,#4066,.T.);
#4068=ORIENTED_EDGE('',*,*,#4067,.T.);
#4069=ORIENTED_EDGE('',*,*,#4009,.T.);
#4070=EDGE_LOOP('',(#4051,#4052,#4068,#4069));
#4071=FACE_BOUND('',#4070,.T.);
#4072=ADVANCED_FACE('',(#4071),#4035,.T.);
#4073=CARTESIAN_POINT('',(-21.855240403,-2.062440374,-5.677));
#4074=CARTESIAN_POINT('',(-21.855240403,-2.062440374,-5.76));
#4075=CARTESIAN_POINT('',(-21.855240403,-2.062440374,-5.8));
#4076=CARTESIAN_POINT('',(-21.714124303,-2.172767507,-5.677));
#4077=CARTESIAN_POINT('',(-21.714124303,-2.172767507,-5.76));
#4078=CARTESIAN_POINT('',(-21.714124303,-2.172767507,-5.8));
#4079=CARTESIAN_POINT('',(-21.465246818,-2.172767507,-5.677));
#4080=CARTESIAN_POINT('',(-21.465246818,-2.172767507,-5.76));
#4081=CARTESIAN_POINT('',(-21.465246818,-2.172767507,-5.8));
#4082=CARTESIAN_POINT('',(-21.228556631,-2.172767507,-5.677));
#4083=CARTESIAN_POINT('',(-21.228556631,-2.172767507,-5.76));
#4084=CARTESIAN_POINT('',(-21.228556631,-2.172767507,-5.8));
#4085=CARTESIAN_POINT('',(-21.087440531,-2.062440374,-5.677));
#4086=CARTESIAN_POINT('',(-21.087440531,-2.062440374,-5.76));
#4087=CARTESIAN_POINT('',(-21.087440531,-2.062440374,-5.8));
#4088=B_SPLINE_SURFACE_WITH_KNOTS('',2,1,((#4073,#4074,#4075),(#4076,#4077,#4078),(#4079,#4080,#4081),(#4082,#4083,#4084),(#4085,#4086,#4087)),.UNSPECIFIED.,.F.,.F.,.U.,(3,2,3),(2,1,2),(0.627550207,0.760190243,0.886335019),(0.17,1.,1.4),.UNSPECIFIED.);
#4089=ORIENTED_EDGE('',*,*,#1379,.F.);
#4090=ORIENTED_EDGE('',*,*,#3646,.F.);
#4091=CARTESIAN_POINT('',(-21.855240403,-2.062440374,-5.677));
#4092=CARTESIAN_POINT('',(-21.801053226,-2.104804894,-5.677));
#4093=CARTESIAN_POINT('',(-21.738318748,-2.132272619,-5.677));
#4094=CARTESIAN_POINT('',(-21.672393982,-2.149171349,-5.677));
#4095=CARTESIAN_POINT('',(-21.606469216,-2.166070079,-5.677));
#4096=CARTESIAN_POINT('',(-21.539129747,-2.172401617,-5.677));
#4097=CARTESIAN_POINT('',(-21.470989639,-2.172752747,-5.677));
#4098=CARTESIAN_POINT('',(-21.402849531,-2.173103876,-5.677));
#4099=CARTESIAN_POINT('',(-21.3353454,-2.167033765,-5.677));
#4100=CARTESIAN_POINT('',(-21.269340397,-2.149847812,-5.677));
#4101=CARTESIAN_POINT('',(-21.203335394,-2.132661859,-5.677));
#4102=CARTESIAN_POINT('',(-21.14154901,-2.104743366,-5.677));
#4103=CARTESIAN_POINT('',(-21.087440531,-2.062440374,-5.677));
#4104=B_SPLINE_CURVE_WITH_KNOTS('',3,(#4091,#4092,#4093,#4094,#4095,#4096,#4097,#4098,#4099,#4100,#4101,#4102,#4103),.UNSPECIFIED.,.F.,.F.,(4,3,3,3,4),(0.00128154,0.001485507,0.001689473,0.001893439,0.002097406),.UNSPECIFIED.);
#4105=EDGE_CURVE('',#3631,#3774,#4104,.T.);
#4106=ORIENTED_EDGE('',*,*,#4105,.T.);
#4107=ORIENTED_EDGE('',*,*,#3779,.T.);
#4108=EDGE_LOOP('',(#4089,#4090,#4106,#4107));
#4109=FACE_BOUND('',#4108,.T.);
#4110=ADVANCED_FACE('',(#4109),#4088,.T.);
#4111=CARTESIAN_POINT('',(-150.3,0.46,-5.677));
#4112=DIRECTION('',(0.,0.,-1.));
#4113=DIRECTION('',(-1.,0.,0.));
#4114=AXIS2_PLACEMENT_3D('',#4111,#4112,#4113);
#4115=PLANE('',#4114);
#4116=ORIENTED_EDGE('',*,*,#3834,.F.);
#4117=ORIENTED_EDGE('',*,*,#3880,.F.);
#4118=ORIENTED_EDGE('',*,*,#3937,.F.);
#4119=ORIENTED_EDGE('',*,*,#3978,.F.);
#4120=ORIENTED_EDGE('',*,*,#4019,.F.);
#4121=ORIENTED_EDGE('',*,*,#4067,.F.);
#4122=EDGE_LOOP('',(#4116,#4117,#4118,#4119,#4120,#4121));
#4123=FACE_BOUND('',#4122,.T.);
#4124=ORIENTED_EDGE('',*,*,#3640,.F.);
#4125=ORIENTED_EDGE('',*,*,#3678,.F.);
#4126=ORIENTED_EDGE('',*,*,#3723,.F.);
#4127=ORIENTED_EDGE('',*,*,#3756,.F.);
#4128=ORIENTED_EDGE('',*,*,#3789,.F.);
#4129=ORIENTED_EDGE('',*,*,#4105,.F.);
#4130=EDGE_LOOP('',(#4124,#4125,#4126,#4127,#4128,#4129));
#4131=FACE_BOUND('',#4130,.T.);
#4132=ADVANCED_FACE('',(#4123,#4131),#4115,.T.);
#4133=CARTESIAN_POINT('',(-150.3,0.46,-5.727));
#4134=DIRECTION('',(0.,0.,-1.));
#4135=DIRECTION('',(-1.,0.,0.));
#4136=AXIS2_PLACEMENT_3D('',#4133,#4134,#4135);
#4137=PLANE('',#4136);
#4138=ORIENTED_EDGE('',*,*,#3862,.T.);
#4139=ORIENTED_EDGE('',*,*,#3814,.T.);
#4140=ORIENTED_EDGE('',*,*,#4050,.T.);
#4141=ORIENTED_EDGE('',*,*,#4001,.T.);
#4142=ORIENTED_EDGE('',*,*,#3960,.T.);
#4143=ORIENTED_EDGE('',*,*,#3913,.T.);
#4144=EDGE_LOOP('',(#4138,#4139,#4140,#4141,#4142,#4143));
#4145=FACE_BOUND('',#4144,.T.);
#4146=ADVANCED_FACE('',(#4145),#4137,.T.);
#4147=CARTESIAN_POINT('',(-21.433174977,-0.766738,-5.677));
#4148=CARTESIAN_POINT('',(-21.433174977,-0.766738,-5.76));
#4149=CARTESIAN_POINT('',(-21.433174977,-0.766738,-5.8));
#4150=CARTESIAN_POINT('',(-21.524259005,-0.679502593,-5.677));
#4151=CARTESIAN_POINT('',(-21.524259005,-0.679502593,-5.76));
#4152=CARTESIAN_POINT('',(-21.524259005,-0.679502593,-5.8));
#4153=CARTESIAN_POINT('',(-21.652546369,-0.679502593,-5.677));
#4154=CARTESIAN_POINT('',(-21.652546369,-0.679502593,-5.76));
#4155=CARTESIAN_POINT('',(-21.652546369,-0.679502593,-5.8));
#4156=CARTESIAN_POINT('',(-21.788530974,-0.679502593,-5.677));
#4157=CARTESIAN_POINT('',(-21.788530974,-0.679502593,-5.76));
#4158=CARTESIAN_POINT('',(-21.788530974,-0.679502593,-5.8));
#4159=CARTESIAN_POINT('',(-21.88602937,-0.77700099,-5.677));
#4160=CARTESIAN_POINT('',(-21.88602937,-0.77700099,-5.76));
#4161=CARTESIAN_POINT('',(-21.88602937,-0.77700099,-5.8));
#4162=CARTESIAN_POINT('',(-21.98288633,-0.873857949,-5.677));
#4163=CARTESIAN_POINT('',(-21.98288633,-0.873857949,-5.76));
#4164=CARTESIAN_POINT('',(-21.98288633,-0.873857949,-5.8));
#4165=CARTESIAN_POINT('',(-21.98288633,-1.009842555,-5.677));
#4166=CARTESIAN_POINT('',(-21.98288633,-1.009842555,-5.76));
#4167=CARTESIAN_POINT('',(-21.98288633,-1.009842555,-5.8));
#4168=CARTESIAN_POINT('',(-21.98288633,-1.144544287,-5.677));
#4169=CARTESIAN_POINT('',(-21.98288633,-1.144544287,-5.76));
#4170=CARTESIAN_POINT('',(-21.98288633,-1.144544287,-5.8));
#4171=CARTESIAN_POINT('',(-21.887312244,-1.245891304,-5.677));
#4172=CARTESIAN_POINT('',(-21.887312244,-1.245891304,-5.76));
#4173=CARTESIAN_POINT('',(-21.887312244,-1.245891304,-5.8));
#4174=B_SPLINE_SURFACE_WITH_KNOTS('',2,1,((#4147,#4148,#4149),(#4150,#4151,#4152),(#4153,#4154,#4155),(#4156,#4157,#4158),(#4159,#4160,#4161),(#4162,#4163,#4164),(#4165,#4166,#4167),(#4168,#4169,#4170),(#4171,#4172,#4173)),.UNSPECIFIED.,.F.,.F.,.U.,(3,2,2,2,3),(2,1,2),(0.15712055,0.294955664,0.441060885,0.586204888,0.729979607),(0.17,1.,1.4),.UNSPECIFIED.);
#4175=ORIENTED_EDGE('',*,*,#1468,.F.);
#4176=CARTESIAN_POINT('',(-21.433174977,-0.766738,-5.677));
#4177=VERTEX_POINT('',#4176);
#4178=CARTESIAN_POINT('',(-21.433174977,-0.766738,-5.677));
#4179=DIRECTION('',(0.,0.,-1.));
#4180=VECTOR('',#4179,0.123);
#4181=LINE('',#4178,#4180);
#4182=EDGE_CURVE('',#4177,#1426,#4181,.T.);
#4183=ORIENTED_EDGE('',*,*,#4182,.F.);
#4184=CARTESIAN_POINT('',(-21.887312244,-1.245891304,-5.677));
#4185=VERTEX_POINT('',#4184);
#4186=CARTESIAN_POINT('',(-21.433174977,-0.766738,-5.677));
#4187=CARTESIAN_POINT('',(-21.46426362,-0.736962962,-5.677));
#4188=CARTESIAN_POINT('',(-21.500881805,-0.713254904,-5.677));
#4189=CARTESIAN_POINT('',(-21.540530042,-0.698641578,-5.677));
#4190=CARTESIAN_POINT('',(-21.580178279,-0.684028252,-5.677));
#4191=CARTESIAN_POINT('',(-21.623547422,-0.678185661,-5.677));
#4192=CARTESIAN_POINT('',(-21.666178202,-0.679751075,-5.677));
#4193=CARTESIAN_POINT('',(-21.708808982,-0.681316488,-5.677));
#4194=CARTESIAN_POINT('',(-21.750944821,-0.690642441,-5.677));
#4195=CARTESIAN_POINT('',(-21.78981964,-0.708684984,-5.677));
#4196=CARTESIAN_POINT('',(-21.828694459,-0.726727527,-5.677));
#4197=CARTESIAN_POINT('',(-21.863041669,-0.752689823,-5.677));
#4198=CARTESIAN_POINT('',(-21.89260808,-0.783742101,-5.677));
#4199=CARTESIAN_POINT('',(-21.922174492,-0.814794378,-5.677));
#4200=CARTESIAN_POINT('',(-21.94616001,-0.851126668,-5.677));
#4201=CARTESIAN_POINT('',(-21.961426379,-0.890494499,-5.677));
#4202=CARTESIAN_POINT('',(-21.976692748,-0.92986233,-5.677));
#4203=CARTESIAN_POINT('',(-21.983483078,-0.973015025,-5.677));
#4204=CARTESIAN_POINT('',(-21.982843814,-1.015509811,-5.677));
#4205=CARTESIAN_POINT('',(-21.982204551,-1.058004597,-5.677));
#4206=CARTESIAN_POINT('',(-21.973976827,-1.100505292,-5.677));
#4207=CARTESIAN_POINT('',(-21.957517246,-1.139787643,-5.677));
#4208=CARTESIAN_POINT('',(-21.941057666,-1.179069994,-5.677));
#4209=CARTESIAN_POINT('',(-21.916740847,-1.214685135,-5.677));
#4210=CARTESIAN_POINT('',(-21.887312244,-1.245891304,-5.677));
#4211=B_SPLINE_CURVE_WITH_KNOTS('',3,(#4186,#4187,#4188,#4189,#4190,#4191,#4192,#4193,#4194,#4195,#4196,#4197,#4198,#4199,#4200,#4201,#4202,#4203,#4204,#4205,#4206,#4207,#4208,#4209,#4210),.UNSPECIFIED.,.F.,.F.,(4,3,3,3,3,3,3,3,4),(0.000427659,0.000554769,0.000681879,0.00080899,0.0009361,0.001063211,0.001190321,0.001317431,0.001444542),.UNSPECIFIED.);
#4212=EDGE_CURVE('',#4177,#4185,#4211,.T.);
#4213=ORIENTED_EDGE('',*,*,#4212,.T.);
#4214=CARTESIAN_POINT('',(-21.887312244,-1.245891304,-5.677));
#4215=DIRECTION('',(0.,0.,-1.));
#4216=VECTOR('',#4215,0.123);
#4217=LINE('',#4214,#4216);
#4218=EDGE_CURVE('',#4185,#1441,#4217,.T.);
#4219=ORIENTED_EDGE('',*,*,#4218,.T.);
#4220=EDGE_LOOP('',(#4175,#4183,#4213,#4219));
#4221=FACE_BOUND('',#4220,.T.);
#4222=ADVANCED_FACE('',(#4221),#4174,.T.);
#4223=CARTESIAN_POINT('',(-21.345939569,-1.029085659,-5.677));
#4224=CARTESIAN_POINT('',(-21.345939569,-1.029085659,-5.76));
#4225=CARTESIAN_POINT('',(-21.345939569,-1.029085659,-5.8));
#4226=CARTESIAN_POINT('',(-21.343373822,-1.009842555,-5.677));
#4227=CARTESIAN_POINT('',(-21.343373822,-1.009842555,-5.76));
#4228=CARTESIAN_POINT('',(-21.343373822,-1.009842555,-5.8));
#4229=CARTESIAN_POINT('',(-21.342090948,-0.996372382,-5.677));
#4230=CARTESIAN_POINT('',(-21.342090948,-0.996372382,-5.76));
#4231=CARTESIAN_POINT('',(-21.342090948,-0.996372382,-5.8));
#4232=CARTESIAN_POINT('',(-21.340808075,-0.982902208,-5.677));
#4233=CARTESIAN_POINT('',(-21.340808075,-0.982902208,-5.76));
#4234=CARTESIAN_POINT('',(-21.340808075,-0.982902208,-5.8));
#4235=CARTESIAN_POINT('',(-21.340808075,-0.975204967,-5.677));
#4236=CARTESIAN_POINT('',(-21.340808075,-0.975204967,-5.76));
#4237=CARTESIAN_POINT('',(-21.340808075,-0.975204967,-5.8));
#4238=CARTESIAN_POINT('',(-21.340808075,-0.854614845,-5.677));
#4239=CARTESIAN_POINT('',(-21.340808075,-0.854614845,-5.76));
#4240=CARTESIAN_POINT('',(-21.340808075,-0.854614845,-5.8));
#4241=CARTESIAN_POINT('',(-21.433174977,-0.766738,-5.677));
#4242=CARTESIAN_POINT('',(-21.433174977,-0.766738,-5.76));
#4243=CARTESIAN_POINT('',(-21.433174977,-0.766738,-5.8));
#4244=B_SPLINE_SURFACE_WITH_KNOTS('',2,1,((#4223,#4224,#4225),(#4226,#4227,#4228),(#4229,#4230,#4231),(#4232,#4233,#4234),(#4235,#4236,#4237),(#4238,#4239,#4240),(#4241,#4242,#4243)),.UNSPECIFIED.,.F.,.F.,.U.,(3,2,2,3),(2,1,2),(0.,0.008893616,0.017787232,0.15712055),(0.17,1.,1.4),.UNSPECIFIED.);
#4245=ORIENTED_EDGE('',*,*,#1438,.F.);
#4246=CARTESIAN_POINT('',(-21.345939569,-1.029085659,-5.677));
#4247=VERTEX_POINT('',#4246);
#4248=CARTESIAN_POINT('',(-21.345939569,-1.029085659,-5.677));
#4249=DIRECTION('',(0.,0.,-1.));
#4250=VECTOR('',#4249,0.123);
#4251=LINE('',#4248,#4250);
#4252=EDGE_CURVE('',#4247,#1424,#4251,.T.);
#4253=ORIENTED_EDGE('',*,*,#4252,.F.);
#4254=CARTESIAN_POINT('',(-21.345939569,-1.029085659,-5.677));
#4255=CARTESIAN_POINT('',(-21.342753898,-1.005193126,-5.677));
#4256=CARTESIAN_POINT('',(-21.33993123,-0.981299466,-5.677));
#4257=CARTESIAN_POINT('',(-21.341322239,-0.957392741,-5.677));
#4258=CARTESIAN_POINT('',(-21.342713247,-0.933486016,-5.677));
#4259=CARTESIAN_POINT('',(-21.347158267,-0.909289937,-5.677));
#4260=CARTESIAN_POINT('',(-21.354721832,-0.886526311,-5.677));
#4261=CARTESIAN_POINT('',(-21.369848961,-0.840999061,-5.677));
#4262=CARTESIAN_POINT('',(-21.398001429,-0.800201723,-5.677));
#4263=CARTESIAN_POINT('',(-21.433174977,-0.766738,-5.677));
#4264=B_SPLINE_CURVE_WITH_KNOTS('',3,(#4254,#4255,#4256,#4257,#4258,#4259,#4260,#4261,#4262,#4263),.UNSPECIFIED.,.F.,.F.,(4,3,3,4),(0.,0.000071707,0.000143414,0.000286828),.UNSPECIFIED.);
#4265=EDGE_CURVE('',#4247,#4177,#4264,.T.);
#4266=ORIENTED_EDGE('',*,*,#4265,.T.);
#4267=ORIENTED_EDGE('',*,*,#4182,.T.);
#4268=EDGE_LOOP('',(#4245,#4253,#4266,#4267));
#4269=FACE_BOUND('',#4268,.T.);
#4270=ADVANCED_FACE('',(#4269),#4244,.T.);
#4271=CARTESIAN_POINT('',(-21.184938928,-0.910740566,-5.66));
#4272=DIRECTION('',(0.592267879,-0.805741125,-0.));
#4273=DIRECTION('',(0.805741125,0.592267879,-0.));
#4274=AXIS2_PLACEMENT_3D('',#4271,#4272,#4273);
#4275=PLANE('',#4274);
#4276=ORIENTED_EDGE('',*,*,#1508,.F.);
#4277=CARTESIAN_POINT('',(-21.023938286,-0.792395473,-5.677));
#4278=VERTEX_POINT('',#4277);
#4279=CARTESIAN_POINT('',(-21.023938286,-0.792395473,-5.677));
#4280=DIRECTION('',(0.,0.,-1.));
#4281=VECTOR('',#4280,0.123);
#4282=LINE('',#4279,#4281);
#4283=EDGE_CURVE('',#4278,#1497,#4282,.T.);
#4284=ORIENTED_EDGE('',*,*,#4283,.F.);
#4285=CARTESIAN_POINT('',(-21.023938286,-0.792395473,-5.677));
#4286=DIRECTION('',(-0.805741125,-0.592267879,-0.));
#4287=VECTOR('',#4286,0.39963367);
#4288=LINE('',#4285,#4287);
#4289=EDGE_CURVE('',#4278,#4247,#4288,.T.);
#4290=ORIENTED_EDGE('',*,*,#4289,.T.);
#4291=ORIENTED_EDGE('',*,*,#4252,.T.);
#4292=EDGE_LOOP('',(#4276,#4284,#4290,#4291));
#4293=FACE_BOUND('',#4292,.T.);
#4294=ADVANCED_FACE('',(#4293),#4275,.T.);
#4295=CARTESIAN_POINT('',(-20.98288633,-0.847238321,-5.66));
#4296=DIRECTION('',(-0.800561447,-0.599250674,-0.));
#4297=DIRECTION('',(0.599250674,-0.800561447,-0.));
#4298=AXIS2_PLACEMENT_3D('',#4295,#4296,#4297);
#4299=PLANE('',#4298);
#4300=ORIENTED_EDGE('',*,*,#1502,.F.);
#4301=CARTESIAN_POINT('',(-20.941834374,-0.902081169,-5.677));
#4302=VERTEX_POINT('',#4301);
#4303=CARTESIAN_POINT('',(-20.941834374,-0.902081169,-5.677));
#4304=DIRECTION('',(0.,0.,-1.));
#4305=VECTOR('',#4304,0.123);
#4306=LINE('',#4303,#4305);
#4307=EDGE_CURVE('',#4302,#1489,#4306,.T.);
#4308=ORIENTED_EDGE('',*,*,#4307,.F.);
#4309=CARTESIAN_POINT('',(-20.941834374,-0.902081169,-5.677));
#4310=DIRECTION('',(-0.599250674,0.800561447,0.));
#4311=VECTOR('',#4310,0.137010964);
#4312=LINE('',#4309,#4311);
#4313=EDGE_CURVE('',#4302,#4278,#4312,.T.);
#4314=ORIENTED_EDGE('',*,*,#4313,.T.);
#4315=ORIENTED_EDGE('',*,*,#4283,.T.);
#4316=EDGE_LOOP('',(#4300,#4308,#4314,#4315));
#4317=FACE_BOUND('',#4316,.T.);
#4318=ADVANCED_FACE('',(#4317),#4299,.T.);
#4319=CARTESIAN_POINT('',(-21.176920968,-1.07526911,-5.66));
#4320=DIRECTION('',(-0.593124101,0.805111049,0.));
#4321=DIRECTION('',(-0.805111049,-0.593124101,-0.));
#4322=AXIS2_PLACEMENT_3D('',#4319,#4320,#4321);
#4323=PLANE('',#4322);
#4324=ORIENTED_EDGE('',*,*,#1494,.F.);
#4325=CARTESIAN_POINT('',(-21.412007562,-1.248457051,-5.677));
#4326=VERTEX_POINT('',#4325);
#4327=CARTESIAN_POINT('',(-21.412007562,-1.248457051,-5.677));
#4328=DIRECTION('',(0.,0.,-1.));
#4329=VECTOR('',#4328,0.123);
#4330=LINE('',#4327,#4329);
#4331=EDGE_CURVE('',#4326,#1471,#4330,.T.);
#4332=ORIENTED_EDGE('',*,*,#4331,.F.);
#4333=CARTESIAN_POINT('',(-21.412007562,-1.248457051,-5.677));
#4334=DIRECTION('',(0.805111049,0.593124101,0.));
#4335=VECTOR('',#4334,0.583985512);
#4336=LINE('',#4333,#4335);
#4337=EDGE_CURVE('',#4326,#4302,#4336,.T.);
#4338=ORIENTED_EDGE('',*,*,#4337,.T.);
#4339=ORIENTED_EDGE('',*,*,#4307,.T.);
#4340=EDGE_LOOP('',(#4324,#4332,#4338,#4339));
#4341=FACE_BOUND('',#4340,.T.);
#4342=ADVANCED_FACE('',(#4341),#4323,.T.);
#4343=CARTESIAN_POINT('',(-21.846901725,-1.011766865,-5.677));
#4344=CARTESIAN_POINT('',(-21.846901725,-1.011766865,-5.727));
#4345=CARTESIAN_POINT('',(-21.846901725,-0.934794447,-5.677));
#4346=CARTESIAN_POINT('',(-21.846901725,-0.934794447,-5.727));
#4347=CARTESIAN_POINT('',(-21.792379595,-0.880272317,-5.677));
#4348=CARTESIAN_POINT('',(-21.792379595,-0.880272317,-5.727));
#4349=CARTESIAN_POINT('',(-21.737216029,-0.825108751,-5.677));
#4350=CARTESIAN_POINT('',(-21.737216029,-0.825108751,-5.727));
#4351=CARTESIAN_POINT('',(-21.662167921,-0.825108751,-5.677));
#4352=CARTESIAN_POINT('',(-21.662167921,-0.825108751,-5.727));
#4353=CARTESIAN_POINT('',(-21.583271192,-0.825108751,-5.677));
#4354=CARTESIAN_POINT('',(-21.583271192,-0.825108751,-5.727));
#4355=CARTESIAN_POINT('',(-21.528749063,-0.879630881,-5.677));
#4356=CARTESIAN_POINT('',(-21.528749063,-0.879630881,-5.727));
#4357=CARTESIAN_POINT('',(-21.473585496,-0.934794447,-5.677));
#4358=CARTESIAN_POINT('',(-21.473585496,-0.934794447,-5.727));
#4359=CARTESIAN_POINT('',(-21.473585496,-1.012408302,-5.677));
#4360=CARTESIAN_POINT('',(-21.473585496,-1.012408302,-5.727));
#4361=B_SPLINE_SURFACE_WITH_KNOTS('',2,1,((#4343,#4344),(#4345,#4346),(#4347,#4348),(#4349,#4350),(#4351,#4352),(#4353,#4354),(#4355,#4356),(#4357,#4358),(#4359,#4360)),.UNSPECIFIED.,.F.,.F.,.U.,(3,2,2,2,3),(2,2),(0.496874635,0.61806357,0.740678258,0.869580878,1.),(0.17,0.67),.UNSPECIFIED.);
#4362=CARTESIAN_POINT('',(-21.846901725,-1.011766865,-5.727));
#4363=VERTEX_POINT('',#4362);
#4364=CARTESIAN_POINT('',(-21.473585496,-1.012408302,-5.727));
#4365=VERTEX_POINT('',#4364);
#4366=CARTESIAN_POINT('',(-21.846901725,-1.011766865,-5.727));
#4367=CARTESIAN_POINT('',(-21.846901725,-0.987093761,-5.727));
#4368=CARTESIAN_POINT('',(-21.842556847,-0.962667955,-5.727));
#4369=CARTESIAN_POINT('',(-21.83313197,-0.940072246,-5.727));
#4370=CARTESIAN_POINT('',(-21.823707092,-0.917476537,-5.727));
#4371=CARTESIAN_POINT('',(-21.809315969,-0.897125044,-5.727));
#4372=CARTESIAN_POINT('',(-21.791982907,-0.879876598,-5.727));
#4373=CARTESIAN_POINT('',(-21.774649845,-0.862628152,-5.727));
#4374=CARTESIAN_POINT('',(-21.754212237,-0.848119888,-5.727));
#4375=CARTESIAN_POINT('',(-21.731727372,-0.8386814,-5.727));
#4376=CARTESIAN_POINT('',(-21.709242506,-0.829242913,-5.727));
#4377=CARTESIAN_POINT('',(-21.684589945,-0.824887232,-5.727));
#4378=CARTESIAN_POINT('',(-21.660028515,-0.825118816,-5.727));
#4379=CARTESIAN_POINT('',(-21.635467085,-0.825350399,-5.727));
#4380=CARTESIAN_POINT('',(-21.611163101,-0.829672927,-5.727));
#4381=CARTESIAN_POINT('',(-21.588387728,-0.839142052,-5.727));
#4382=CARTESIAN_POINT('',(-21.565612356,-0.848611178,-5.727));
#4383=CARTESIAN_POINT('',(-21.545422188,-0.862827744,-5.727));
#4384=CARTESIAN_POINT('',(-21.528153205,-0.880229014,-5.727));
#4385=CARTESIAN_POINT('',(-21.510884223,-0.897630285,-5.727));
#4386=CARTESIAN_POINT('',(-21.496551996,-0.918215471,-5.727));
#4387=CARTESIAN_POINT('',(-21.487264452,-0.940677088,-5.727));
#4388=CARTESIAN_POINT('',(-21.477976907,-0.963138706,-5.727));
#4389=CARTESIAN_POINT('',(-21.473585496,-0.987707768,-5.727));
#4390=CARTESIAN_POINT('',(-21.473585496,-1.012408302,-5.727));
#4391=B_SPLINE_CURVE_WITH_KNOTS('',3,(#4366,#4367,#4368,#4369,#4370,#4371,#4372,#4373,#4374,#4375,#4376,#4377,#4378,#4379,#4380,#4381,#4382,#4383,#4384,#4385,#4386,#4387,#4388,#4389,#4390),.UNSPECIFIED.,.F.,.F.,(4,3,3,3,3,3,3,3,4),(0.,0.000073103,0.000146207,0.00021931,0.000292413,0.000365516,0.00043862,0.000511723,0.000584826),.UNSPECIFIED.);
#4392=EDGE_CURVE('',#4363,#4365,#4391,.T.);
#4393=ORIENTED_EDGE('',*,*,#4392,.F.);
#4394=CARTESIAN_POINT('',(-21.846901725,-1.011766865,-5.677));
#4395=VERTEX_POINT('',#4394);
#4396=CARTESIAN_POINT('',(-21.846901725,-1.011766865,-5.677));
#4397=DIRECTION('',(0.,0.,-1.));
#4398=VECTOR('',#4397,0.05);
#4399=LINE('',#4396,#4398);
#4400=EDGE_CURVE('',#4395,#4363,#4399,.T.);
#4401=ORIENTED_EDGE('',*,*,#4400,.F.);
#4402=CARTESIAN_POINT('',(-21.473585496,-1.012408302,-5.677));
#4403=VERTEX_POINT('',#4402);
#4404=CARTESIAN_POINT('',(-21.846901725,-1.011766865,-5.677));
#4405=CARTESIAN_POINT('',(-21.846901725,-0.987306681,-5.677));
#4406=CARTESIAN_POINT('',(-21.842583738,-0.962800535,-5.677));
#4407=CARTESIAN_POINT('',(-21.833202601,-0.940241837,-5.677));
#4408=CARTESIAN_POINT('',(-21.823821464,-0.91768314,-5.677));
#4409=CARTESIAN_POINT('',(-21.809404773,-0.897237304,-5.677));
#4410=CARTESIAN_POINT('',(-21.792094863,-0.879988085,-5.677));
#4411=CARTESIAN_POINT('',(-21.774784953,-0.862738865,-5.677));
#4412=CARTESIAN_POINT('',(-21.75436609,-0.848235364,-5.677));
#4413=CARTESIAN_POINT('',(-21.732029868,-0.838808722,-5.677));
#4414=CARTESIAN_POINT('',(-21.709693646,-0.829382079,-5.677));
#4415=CARTESIAN_POINT('',(-21.684892955,-0.824904559,-5.677));
#4416=CARTESIAN_POINT('',(-21.660212336,-0.825117157,-5.677));
#4417=CARTESIAN_POINT('',(-21.635531718,-0.825329756,-5.677));
#4418=CARTESIAN_POINT('',(-21.611037744,-0.829727762,-5.677));
#4419=CARTESIAN_POINT('',(-21.588404164,-0.83913522,-5.677));
#4420=CARTESIAN_POINT('',(-21.565770583,-0.848542678,-5.677));
#4421=CARTESIAN_POINT('',(-21.545326236,-0.862908243,-5.677));
#4422=CARTESIAN_POINT('',(-21.528080727,-0.880302082,-5.677));
#4423=CARTESIAN_POINT('',(-21.510835218,-0.89769592,-5.677));
#4424=CARTESIAN_POINT('',(-21.496474125,-0.918348882,-5.677));
#4425=CARTESIAN_POINT('',(-21.487207073,-0.940816026,-5.677));
#4426=CARTESIAN_POINT('',(-21.477940022,-0.963283171,-5.677));
#4427=CARTESIAN_POINT('',(-21.473585496,-0.988100029,-5.677));
#4428=CARTESIAN_POINT('',(-21.473585496,-1.012408302,-5.677));
#4429=B_SPLINE_CURVE_WITH_KNOTS('',3,(#4404,#4405,#4406,#4407,#4408,#4409,#4410,#4411,#4412,#4413,#4414,#4415,#4416,#4417,#4418,#4419,#4420,#4421,#4422,#4423,#4424,#4425,#4426,#4427,#4428),.UNSPECIFIED.,.F.,.F.,(4,3,3,3,3,3,3,3,4),(0.000215994,0.000289375,0.000362755,0.000436136,0.000509516,0.000582897,0.000656278,0.000729658,0.000803039),.UNSPECIFIED.);
#4430=EDGE_CURVE('',#4395,#4403,#4429,.T.);
#4431=ORIENTED_EDGE('',*,*,#4430,.T.);
#4432=CARTESIAN_POINT('',(-21.473585496,-1.012408302,-5.677));
#4433=DIRECTION('',(0.,0.,-1.));
#4434=VECTOR('',#4433,0.05);
#4435=LINE('',#4432,#4434);
#4436=EDGE_CURVE('',#4403,#4365,#4435,.T.);
#4437=ORIENTED_EDGE('',*,*,#4436,.T.);
#4438=EDGE_LOOP('',(#4393,#4401,#4431,#4437));
#4439=FACE_BOUND('',#4438,.T.);
#4440=ADVANCED_FACE('',(#4439),#4361,.T.);
#4441=CARTESIAN_POINT('',(-21.473585496,-1.012408302,-5.677));
#4442=CARTESIAN_POINT('',(-21.473585496,-1.012408302,-5.727));
#4443=CARTESIAN_POINT('',(-21.473585496,-1.090663594,-5.677));
#4444=CARTESIAN_POINT('',(-21.473585496,-1.090663594,-5.727));
#4445=CARTESIAN_POINT('',(-21.528107626,-1.145185723,-5.677));
#4446=CARTESIAN_POINT('',(-21.528107626,-1.145185723,-5.727));
#4447=CARTESIAN_POINT('',(-21.582629755,-1.199707853,-5.677));
#4448=CARTESIAN_POINT('',(-21.582629755,-1.199707853,-5.727));
#4449=CARTESIAN_POINT('',(-21.66024361,-1.199707853,-5.677));
#4450=CARTESIAN_POINT('',(-21.66024361,-1.199707853,-5.727));
#4451=CARTESIAN_POINT('',(-21.737857465,-1.199707853,-5.677));
#4452=CARTESIAN_POINT('',(-21.737857465,-1.199707853,-5.727));
#4453=CARTESIAN_POINT('',(-21.792379595,-1.145185723,-5.677));
#4454=CARTESIAN_POINT('',(-21.792379595,-1.145185723,-5.727));
#4455=CARTESIAN_POINT('',(-21.846901725,-1.090663594,-5.677));
#4456=CARTESIAN_POINT('',(-21.846901725,-1.090663594,-5.727));
#4457=CARTESIAN_POINT('',(-21.846901725,-1.011766865,-5.677));
#4458=CARTESIAN_POINT('',(-21.846901725,-1.011766865,-5.727));
#4459=B_SPLINE_SURFACE_WITH_KNOTS('',2,1,((#4441,#4442),(#4443,#4444),(#4445,#4446),(#4447,#4448),(#4449,#4450),(#4451,#4452),(#4453,#4454),(#4455,#4456),(#4457,#4458)),.UNSPECIFIED.,.F.,.F.,.U.,(3,2,2,2,3),(2,2),(0.,0.124218659,0.248437318,0.372655976,0.496874635),(0.17,0.67),.UNSPECIFIED.);
#4460=CARTESIAN_POINT('',(-21.473585496,-1.012408302,-5.727));
#4461=CARTESIAN_POINT('',(-21.473585496,-1.037158201,-5.727));
#4462=CARTESIAN_POINT('',(-21.477794198,-1.061657694,-5.727));
#4463=CARTESIAN_POINT('',(-21.487087361,-1.084416084,-5.727));
#4464=CARTESIAN_POINT('',(-21.496380523,-1.107174474,-5.727));
#4465=CARTESIAN_POINT('',(-21.510637706,-1.127684396,-5.727));
#4466=CARTESIAN_POINT('',(-21.52797074,-1.145048715,-5.727));
#4467=CARTESIAN_POINT('',(-21.545303775,-1.162413033,-5.727));
#4468=CARTESIAN_POINT('',(-21.565979943,-1.176839024,-5.727));
#4469=CARTESIAN_POINT('',(-21.588486483,-1.186111871,-5.727));
#4470=CARTESIAN_POINT('',(-21.610993023,-1.195384718,-5.727));
#4471=CARTESIAN_POINT('',(-21.635794965,-1.199745771,-5.727));
#4472=CARTESIAN_POINT('',(-21.660570348,-1.199707612,-5.727));
#4473=CARTESIAN_POINT('',(-21.685345731,-1.199669452,-5.727));
#4474=CARTESIAN_POINT('',(-21.709896639,-1.195316389,-5.727));
#4475=CARTESIAN_POINT('',(-21.73259286,-1.185866625,-5.727));
#4476=CARTESIAN_POINT('',(-21.755289082,-1.176416861,-5.727));
#4477=CARTESIAN_POINT('',(-21.775754214,-1.16196047,-5.727));
#4478=CARTESIAN_POINT('',(-21.793037431,-1.144524999,-5.727));
#4479=CARTESIAN_POINT('',(-21.810320648,-1.127089528,-5.727));
#4480=CARTESIAN_POINT('',(-21.824557224,-1.106259275,-5.727));
#4481=CARTESIAN_POINT('',(-21.83364999,-1.08363528,-5.727));
#4482=CARTESIAN_POINT('',(-21.842742756,-1.061011284,-5.727));
#4483=CARTESIAN_POINT('',(-21.846901725,-1.036126603,-5.727));
#4484=CARTESIAN_POINT('',(-21.846901725,-1.011766865,-5.727));
#4485=B_SPLINE_CURVE_WITH_KNOTS('',3,(#4460,#4461,#4462,#4463,#4464,#4465,#4466,#4467,#4468,#4469,#4470,#4471,#4472,#4473,#4474,#4475,#4476,#4477,#4478,#4479,#4480,#4481,#4482,#4483,#4484),.UNSPECIFIED.,.F.,.F.,(4,3,3,3,3,3,3,3,4),(0.000186513,0.000260763,0.000335013,0.000409262,0.000483512,0.000557762,0.000632012,0.000706261,0.000780511),.UNSPECIFIED.);
#4486=EDGE_CURVE('',#4365,#4363,#4485,.T.);
#4487=ORIENTED_EDGE('',*,*,#4486,.F.);
#4488=ORIENTED_EDGE('',*,*,#4436,.F.);
#4489=CARTESIAN_POINT('',(-21.473585496,-1.012408302,-5.677));
#4490=CARTESIAN_POINT('',(-21.473585496,-1.037166023,-5.677));
#4491=CARTESIAN_POINT('',(-21.477799087,-1.061677879,-5.677));
#4492=CARTESIAN_POINT('',(-21.48709564,-1.084436355,-5.677));
#4493=CARTESIAN_POINT('',(-21.496392192,-1.10719483,-5.677));
#4494=CARTESIAN_POINT('',(-21.510661015,-1.127714952,-5.677));
#4495=CARTESIAN_POINT('',(-21.528002232,-1.145080256,-5.677));
#4496=CARTESIAN_POINT('',(-21.545343448,-1.162445561,-5.677));
#4497=CARTESIAN_POINT('',(-21.566029768,-1.176869535,-5.677));
#4498=CARTESIAN_POINT('',(-21.588547046,-1.18613681,-5.677));
#4499=CARTESIAN_POINT('',(-21.611064325,-1.195404085,-5.677));
#4500=CARTESIAN_POINT('',(-21.635903242,-1.199732923,-5.677));
#4501=CARTESIAN_POINT('',(-21.660470046,-1.199707737,-5.677));
#4502=CARTESIAN_POINT('',(-21.68503685,-1.19968255,-5.677));
#4503=CARTESIAN_POINT('',(-21.709573922,-1.195390726,-5.677));
#4504=CARTESIAN_POINT('',(-21.732235612,-1.186014899,-5.677));
#4505=CARTESIAN_POINT('',(-21.754897302,-1.176639072,-5.677));
#4506=CARTESIAN_POINT('',(-21.775359187,-1.162307807,-5.677));
#4507=CARTESIAN_POINT('',(-21.792824839,-1.144739158,-5.677));
#4508=CARTESIAN_POINT('',(-21.810290492,-1.127170509,-5.677));
#4509=CARTESIAN_POINT('',(-21.824343646,-1.106694895,-5.677));
#4510=CARTESIAN_POINT('',(-21.833556073,-1.083868469,-5.677));
#4511=CARTESIAN_POINT('',(-21.842768501,-1.061042043,-5.677));
#4512=CARTESIAN_POINT('',(-21.846901725,-1.03654836,-5.677));
#4513=CARTESIAN_POINT('',(-21.846901725,-1.011766865,-5.677));
#4514=B_SPLINE_CURVE_WITH_KNOTS('',3,(#4489,#4490,#4491,#4492,#4493,#4494,#4495,#4496,#4497,#4498,#4499,#4500,#4501,#4502,#4503,#4504,#4505,#4506,#4507,#4508,#4509,#4510,#4511,#4512,#4513),.UNSPECIFIED.,.F.,.F.,(4,3,3,3,3,3,3,3,4),(0.,0.000073368,0.000146736,0.000220103,0.000293471,0.000366839,0.000440207,0.000513575,0.000586943),.UNSPECIFIED.);
#4515=EDGE_CURVE('',#4403,#4395,#4514,.T.);
#4516=ORIENTED_EDGE('',*,*,#4515,.T.);
#4517=ORIENTED_EDGE('',*,*,#4400,.T.);
#4518=EDGE_LOOP('',(#4487,#4488,#4516,#4517));
#4519=FACE_BOUND('',#4518,.T.);
#4520=ADVANCED_FACE('',(#4519),#4459,.T.);
#4521=CARTESIAN_POINT('',(-21.887312244,-1.245891304,-5.677));
#4522=CARTESIAN_POINT('',(-21.887312244,-1.245891304,-5.76));
#4523=CARTESIAN_POINT('',(-21.887312244,-1.245891304,-5.8));
#4524=CARTESIAN_POINT('',(-21.791738158,-1.345314011,-5.677));
#4525=CARTESIAN_POINT('',(-21.791738158,-1.345314011,-5.76));
#4526=CARTESIAN_POINT('',(-21.791738158,-1.345314011,-5.8));
#4527=CARTESIAN_POINT('',(-21.660885047,-1.345314011,-5.677));
#4528=CARTESIAN_POINT('',(-21.660885047,-1.345314011,-5.76));
#4529=CARTESIAN_POINT('',(-21.660885047,-1.345314011,-5.8));
#4530=CARTESIAN_POINT('',(-21.543502109,-1.345314011,-5.677));
#4531=CARTESIAN_POINT('',(-21.543502109,-1.345314011,-5.76));
#4532=CARTESIAN_POINT('',(-21.543502109,-1.345314011,-5.8));
#4533=CARTESIAN_POINT('',(-21.412007562,-1.248457051,-5.677));
#4534=CARTESIAN_POINT('',(-21.412007562,-1.248457051,-5.76));
#4535=CARTESIAN_POINT('',(-21.412007562,-1.248457051,-5.8));
#4536=B_SPLINE_SURFACE_WITH_KNOTS('',2,1,((#4521,#4522,#4523),(#4524,#4525,#4526),(#4527,#4528,#4529),(#4530,#4531,#4532),(#4533,#4534,#4535)),.UNSPECIFIED.,.F.,.F.,.U.,(3,2,3),(2,1,2),(0.729979607,0.872315938,1.),(0.17,1.,1.4),.UNSPECIFIED.);
#4537=ORIENTED_EDGE('',*,*,#1486,.F.);
#4538=ORIENTED_EDGE('',*,*,#4218,.F.);
#4539=CARTESIAN_POINT('',(-21.887312244,-1.245891304,-5.677));
#4540=CARTESIAN_POINT('',(-21.856661358,-1.277776454,-5.677));
#4541=CARTESIAN_POINT('',(-21.820466009,-1.304416423,-5.677));
#4542=CARTESIAN_POINT('',(-21.780348348,-1.321572076,-5.677));
#4543=CARTESIAN_POINT('',(-21.740230687,-1.338727728,-5.677));
#4544=CARTESIAN_POINT('',(-21.695511067,-1.346599463,-5.677));
#4545=CARTESIAN_POINT('',(-21.651512363,-1.345160368,-5.677));
#4546=CARTESIAN_POINT('',(-21.607513659,-1.343721274,-5.677));
#4547=CARTESIAN_POINT('',(-21.564856608,-1.33223506,-5.677));
#4548=CARTESIAN_POINT('',(-21.524680731,-1.31480531,-5.677));
#4549=CARTESIAN_POINT('',(-21.484504854,-1.29737556,-5.677));
#4550=CARTESIAN_POINT('',(-21.447369232,-1.27450394,-5.677));
#4551=CARTESIAN_POINT('',(-21.412007562,-1.248457051,-5.677));
#4552=B_SPLINE_CURVE_WITH_KNOTS('',3,(#4539,#4540,#4541,#4542,#4543,#4544,#4545,#4546,#4547,#4548,#4549,#4550,#4551),.UNSPECIFIED.,.F.,.F.,(4,3,3,3,4),(0.000957223,0.001088391,0.001219559,0.001350726,0.001481894),.UNSPECIFIED.);
#4553=EDGE_CURVE('',#4185,#4326,#4552,.T.);
#4554=ORIENTED_EDGE('',*,*,#4553,.T.);
#4555=ORIENTED_EDGE('',*,*,#4331,.T.);
#4556=EDGE_LOOP('',(#4537,#4538,#4554,#4555));
#4557=FACE_BOUND('',#4556,.T.);
#4558=ADVANCED_FACE('',(#4557),#4536,.T.);
#4559=CARTESIAN_POINT('',(-150.3,0.46,-5.677));
#4560=DIRECTION('',(0.,0.,-1.));
#4561=DIRECTION('',(-1.,0.,0.));
#4562=AXIS2_PLACEMENT_3D('',#4559,#4560,#4561);
#4563=PLANE('',#4562);
#4564=ORIENTED_EDGE('',*,*,#4430,.F.);
#4565=ORIENTED_EDGE('',*,*,#4515,.F.);
#4566=EDGE_LOOP('',(#4564,#4565));
#4567=FACE_BOUND('',#4566,.T.);
#4568=ORIENTED_EDGE('',*,*,#4212,.F.);
#4569=ORIENTED_EDGE('',*,*,#4265,.F.);
#4570=ORIENTED_EDGE('',*,*,#4289,.F.);
#4571=ORIENTED_EDGE('',*,*,#4313,.F.);
#4572=ORIENTED_EDGE('',*,*,#4337,.F.);
#4573=ORIENTED_EDGE('',*,*,#4553,.F.);
#4574=EDGE_LOOP('',(#4568,#4569,#4570,#4571,#4572,#4573));
#4575=FACE_BOUND('',#4574,.T.);
#4576=ADVANCED_FACE('',(#4567,#4575),#4563,.T.);
#4577=CARTESIAN_POINT('',(-150.3,0.46,-5.727));
#4578=DIRECTION('',(0.,0.,-1.));
#4579=DIRECTION('',(-1.,0.,0.));
#4580=AXIS2_PLACEMENT_3D('',#4577,#4578,#4579);
#4581=PLANE('',#4580);
#4582=ORIENTED_EDGE('',*,*,#4486,.T.);
#4583=ORIENTED_EDGE('',*,*,#4392,.T.);
#4584=EDGE_LOOP('',(#4582,#4583));
#4585=FACE_BOUND('',#4584,.T.);
#4586=ADVANCED_FACE('',(#4585),#4581,.T.);
#4587=CARTESIAN_POINT('',(-21.690711859,-2.715102337,-5.66));
#4588=DIRECTION('',(0.414623049,-0.909993257,-0.));
#4589=DIRECTION('',(0.909993257,0.414623049,0.));
#4590=AXIS2_PLACEMENT_3D('',#4587,#4588,#4589);
#4591=PLANE('',#4590);
#4592=ORIENTED_EDGE('',*,*,#1528,.F.);
#4593=CARTESIAN_POINT('',(-21.369031295,-2.568534024,-5.677));
#4594=VERTEX_POINT('',#4593);
#4595=CARTESIAN_POINT('',(-21.369031295,-2.568534024,-5.677));
#4596=DIRECTION('',(0.,0.,-1.));
#4597=VECTOR('',#4596,0.123);
#4598=LINE('',#4595,#4597);
#4599=EDGE_CURVE('',#4594,#1515,#4598,.T.);
#4600=ORIENTED_EDGE('',*,*,#4599,.F.);
#4601=CARTESIAN_POINT('',(-22.012392424,-2.86167065,-5.677));
#4602=VERTEX_POINT('',#4601);
#4603=CARTESIAN_POINT('',(-21.369031295,-2.568534024,-5.677));
#4604=DIRECTION('',(-0.909993257,-0.414623049,-0.));
#4605=VECTOR('',#4604,0.706995491);
#4606=LINE('',#4603,#4605);
#4607=EDGE_CURVE('',#4594,#4602,#4606,.T.);
#4608=ORIENTED_EDGE('',*,*,#4607,.T.);
#4609=CARTESIAN_POINT('',(-22.012392424,-2.86167065,-5.677));
#4610=DIRECTION('',(0.,0.,-1.));
#4611=VECTOR('',#4610,0.123);
#4612=LINE('',#4609,#4611);
#4613=EDGE_CURVE('',#4602,#1523,#4612,.T.);
#4614=ORIENTED_EDGE('',*,*,#4613,.T.);
#4615=EDGE_LOOP('',(#4592,#4600,#4608,#4614));
#4616=FACE_BOUND('',#4615,.T.);
#4617=ADVANCED_FACE('',(#4616),#4591,.T.);
#4618=CARTESIAN_POINT('',(-21.667940852,-2.520746981,-5.66));
#4619=DIRECTION('',(0.157866533,0.987460459,0.));
#4620=DIRECTION('',(-0.987460459,0.157866533,-0.));
#4621=AXIS2_PLACEMENT_3D('',#4618,#4619,#4620);
#4622=PLANE('',#4621);
#4623=ORIENTED_EDGE('',*,*,#1520,.F.);
#4624=CARTESIAN_POINT('',(-21.96685041,-2.472959938,-5.677));
#4625=VERTEX_POINT('',#4624);
#4626=CARTESIAN_POINT('',(-21.96685041,-2.472959938,-5.677));
#4627=DIRECTION('',(0.,0.,-1.));
#4628=VECTOR('',#4627,0.123);
#4629=LINE('',#4626,#4628);
#4630=EDGE_CURVE('',#4625,#1513,#4629,.T.);
#4631=ORIENTED_EDGE('',*,*,#4630,.F.);
#4632=CARTESIAN_POINT('',(-21.96685041,-2.472959938,-5.677));
#4633=DIRECTION('',(0.987460459,-0.157866533,-0.));
#4634=VECTOR('',#4633,0.605410687);
#4635=LINE('',#4632,#4634);
#4636=EDGE_CURVE('',#4625,#4594,#4635,.T.);
#4637=ORIENTED_EDGE('',*,*,#4636,.T.);
#4638=ORIENTED_EDGE('',*,*,#4599,.T.);
#4639=EDGE_LOOP('',(#4623,#4631,#4637,#4638));
#4640=FACE_BOUND('',#4639,.T.);
#4641=ADVANCED_FACE('',(#4640),#4622,.T.);
#4642=CARTESIAN_POINT('',(-21.96685041,-2.396308238,-5.66));
#4643=DIRECTION('',(1.,0.,0.));
#4644=DIRECTION('',(0.,0.,-1.));
#4645=AXIS2_PLACEMENT_3D('',#4642,#4643,#4644);
#4646=PLANE('',#4645);
#4647=ORIENTED_EDGE('',*,*,#1590,.F.);
#4648=CARTESIAN_POINT('',(-21.96685041,-2.319656538,-5.677));
#4649=VERTEX_POINT('',#4648);
#4650=CARTESIAN_POINT('',(-21.96685041,-2.319656538,-5.677));
#4651=DIRECTION('',(0.,0.,-1.));
#4652=VECTOR('',#4651,0.123);
#4653=LINE('',#4650,#4652);
#4654=EDGE_CURVE('',#4649,#1579,#4653,.T.);
#4655=ORIENTED_EDGE('',*,*,#4654,.F.);
#4656=CARTESIAN_POINT('',(-21.96685041,-2.319656538,-5.677));
#4657=DIRECTION('',(0.,-1.,-0.));
#4658=VECTOR('',#4657,0.1533034);
#4659=LINE('',#4656,#4658);
#4660=EDGE_CURVE('',#4649,#4625,#4659,.T.);
#4661=ORIENTED_EDGE('',*,*,#4660,.T.);
#4662=ORIENTED_EDGE('',*,*,#4630,.T.);
#4663=EDGE_LOOP('',(#4647,#4655,#4661,#4662));
#4664=FACE_BOUND('',#4663,.T.);
#4665=ADVANCED_FACE('',(#4664),#4646,.T.);
#4666=CARTESIAN_POINT('',(-21.43445785,-2.413306314,-5.66));
#4667=DIRECTION('',(-0.173243772,-0.984878975,-0.));
#4668=DIRECTION('',(0.984878975,-0.173243772,0.));
#4669=AXIS2_PLACEMENT_3D('',#4666,#4667,#4668);
#4670=PLANE('',#4669);
#4671=ORIENTED_EDGE('',*,*,#1584,.F.);
#4672=CARTESIAN_POINT('',(-20.902065291,-2.506956089,-5.677));
#4673=VERTEX_POINT('',#4672);
#4674=CARTESIAN_POINT('',(-20.902065291,-2.506956089,-5.677));
#4675=DIRECTION('',(0.,0.,-1.));
#4676=VECTOR('',#4675,0.123);
#4677=LINE('',#4674,#4676);
#4678=EDGE_CURVE('',#4673,#1571,#4677,.T.);
#4679=ORIENTED_EDGE('',*,*,#4678,.F.);
#4680=CARTESIAN_POINT('',(-20.902065291,-2.506956089,-5.677));
#4681=DIRECTION('',(-0.984878975,0.173243772,0.));
#4682=VECTOR('',#4681,1.081132957);
#4683=LINE('',#4680,#4682);
#4684=EDGE_CURVE('',#4673,#4649,#4683,.T.);
#4685=ORIENTED_EDGE('',*,*,#4684,.T.);
#4686=ORIENTED_EDGE('',*,*,#4654,.T.);
#4687=EDGE_LOOP('',(#4671,#4679,#4685,#4686));
#4688=FACE_BOUND('',#4687,.T.);
#4689=ADVANCED_FACE('',(#4688),#4670,.T.);
#4690=CARTESIAN_POINT('',(-21.286927382,-2.683030496,-5.66));
#4691=DIRECTION('',(-0.416028372,0.909351634,0.));
#4692=DIRECTION('',(-0.909351634,-0.416028372,0.));
#4693=AXIS2_PLACEMENT_3D('',#4690,#4691,#4692);
#4694=PLANE('',#4693);
#4695=ORIENTED_EDGE('',*,*,#1576,.F.);
#4696=CARTESIAN_POINT('',(-21.671789473,-2.859104902,-5.677));
#4697=VERTEX_POINT('',#4696);
#4698=CARTESIAN_POINT('',(-21.671789473,-2.859104902,-5.677));
#4699=DIRECTION('',(0.,0.,-1.));
#4700=VECTOR('',#4699,0.123);
#4701=LINE('',#4698,#4700);
#4702=EDGE_CURVE('',#4697,#1563,#4701,.T.);
#4703=ORIENTED_EDGE('',*,*,#4702,.F.);
#4704=CARTESIAN_POINT('',(-21.671789473,-2.859104902,-5.677));
#4705=DIRECTION('',(0.909351634,0.416028372,0.));
#4706=VECTOR('',#4705,0.84645384);
#4707=LINE('',#4704,#4706);
#4708=EDGE_CURVE('',#4697,#4673,#4707,.T.);
#4709=ORIENTED_EDGE('',*,*,#4708,.T.);
#4710=ORIENTED_EDGE('',*,*,#4678,.T.);
#4711=EDGE_LOOP('',(#4695,#4703,#4709,#4710));
#4712=FACE_BOUND('',#4711,.T.);
#4713=ADVANCED_FACE('',(#4712),#4694,.T.);
#4714=CARTESIAN_POINT('',(-21.286927382,-3.029085659,-5.66));
#4715=DIRECTION('',(-0.404015523,-0.914752129,-0.));
#4716=DIRECTION('',(0.914752129,-0.404015523,0.));
#4717=AXIS2_PLACEMENT_3D('',#4714,#4715,#4716);
#4718=PLANE('',#4717);
#4719=ORIENTED_EDGE('',*,*,#1568,.F.);
#4720=CARTESIAN_POINT('',(-20.902065291,-3.199066416,-5.677));
#4721=VERTEX_POINT('',#4720);
#4722=CARTESIAN_POINT('',(-20.902065291,-3.199066416,-5.677));
#4723=DIRECTION('',(0.,0.,-1.));
#4724=VECTOR('',#4723,0.123);
#4725=LINE('',#4722,#4724);
#4726=EDGE_CURVE('',#4721,#1555,#4725,.T.);
#4727=ORIENTED_EDGE('',*,*,#4726,.F.);
#4728=CARTESIAN_POINT('',(-20.902065291,-3.199066416,-5.677));
#4729=DIRECTION('',(-0.914752129,0.404015523,0.));
#4730=VECTOR('',#4729,0.841456563);
#4731=LINE('',#4728,#4730);
#4732=EDGE_CURVE('',#4721,#4697,#4731,.T.);
#4733=ORIENTED_EDGE('',*,*,#4732,.T.);
#4734=ORIENTED_EDGE('',*,*,#4702,.T.);
#4735=EDGE_LOOP('',(#4719,#4727,#4733,#4734));
#4736=FACE_BOUND('',#4735,.T.);
#4737=ADVANCED_FACE('',(#4736),#4718,.T.);
#4738=CARTESIAN_POINT('',(-21.43445785,-3.303299899,-5.66));
#4739=DIRECTION('',(-0.192135385,0.981368429,0.));
#4740=DIRECTION('',(-0.981368429,-0.192135385,-0.));
#4741=AXIS2_PLACEMENT_3D('',#4738,#4739,#4740);
#4742=PLANE('',#4741);
#4743=ORIENTED_EDGE('',*,*,#1560,.F.);
#4744=CARTESIAN_POINT('',(-21.96685041,-3.407533382,-5.677));
#4745=VERTEX_POINT('',#4744);
#4746=CARTESIAN_POINT('',(-21.96685041,-3.407533382,-5.677));
#4747=DIRECTION('',(0.,0.,-1.));
#4748=VECTOR('',#4747,0.123);
#4749=LINE('',#4746,#4748);
#4750=EDGE_CURVE('',#4745,#1547,#4749,.T.);
#4751=ORIENTED_EDGE('',*,*,#4750,.F.);
#4752=CARTESIAN_POINT('',(-21.96685041,-3.407533382,-5.677));
#4753=DIRECTION('',(0.981368429,0.192135385,0.));
#4754=VECTOR('',#4753,1.08500038);
#4755=LINE('',#4752,#4754);
#4756=EDGE_CURVE('',#4745,#4721,#4755,.T.);
#4757=ORIENTED_EDGE('',*,*,#4756,.T.);
#4758=ORIENTED_EDGE('',*,*,#4726,.T.);
#4759=EDGE_LOOP('',(#4743,#4751,#4757,#4758));
#4760=FACE_BOUND('',#4759,.T.);
#4761=ADVANCED_FACE('',(#4760),#4742,.T.);
#4762=CARTESIAN_POINT('',(-21.96685041,-3.330240246,-5.66));
#4763=DIRECTION('',(1.,0.,0.));
#4764=DIRECTION('',(0.,0.,-1.));
#4765=AXIS2_PLACEMENT_3D('',#4762,#4763,#4764);
#4766=PLANE('',#4765);
#4767=ORIENTED_EDGE('',*,*,#1552,.F.);
#4768=CARTESIAN_POINT('',(-21.96685041,-3.252947109,-5.677));
#4769=VERTEX_POINT('',#4768);
#4770=CARTESIAN_POINT('',(-21.96685041,-3.252947109,-5.677));
#4771=DIRECTION('',(0.,0.,-1.));
#4772=VECTOR('',#4771,0.123);
#4773=LINE('',#4770,#4772);
#4774=EDGE_CURVE('',#4769,#1539,#4773,.T.);
#4775=ORIENTED_EDGE('',*,*,#4774,.F.);
#4776=CARTESIAN_POINT('',(-21.96685041,-3.252947109,-5.677));
#4777=DIRECTION('',(0.,-1.,-0.));
#4778=VECTOR('',#4777,0.154586273);
#4779=LINE('',#4776,#4778);
#4780=EDGE_CURVE('',#4769,#4745,#4779,.T.);
#4781=ORIENTED_EDGE('',*,*,#4780,.T.);
#4782=ORIENTED_EDGE('',*,*,#4750,.T.);
#4783=EDGE_LOOP('',(#4767,#4775,#4781,#4782));
#4784=FACE_BOUND('',#4783,.T.);
#4785=ADVANCED_FACE('',(#4784),#4766,.T.);
#4786=CARTESIAN_POINT('',(-21.667620134,-3.199707853,-5.66));
#4787=DIRECTION('',(0.175169721,-0.984538252,-0.));
#4788=DIRECTION('',(0.984538252,0.175169721,0.));
#4789=AXIS2_PLACEMENT_3D('',#4786,#4787,#4788);
#4790=PLANE('',#4789);
#4791=ORIENTED_EDGE('',*,*,#1544,.F.);
#4792=CARTESIAN_POINT('',(-21.368389858,-3.146468597,-5.677));
#4793=VERTEX_POINT('',#4792);
#4794=CARTESIAN_POINT('',(-21.368389858,-3.146468597,-5.677));
#4795=DIRECTION('',(0.,0.,-1.));
#4796=VECTOR('',#4795,0.123);
#4797=LINE('',#4794,#4796);
#4798=EDGE_CURVE('',#4793,#1531,#4797,.T.);
#4799=ORIENTED_EDGE('',*,*,#4798,.F.);
#4800=CARTESIAN_POINT('',(-21.368389858,-3.146468597,-5.677));
#4801=DIRECTION('',(-0.984538252,-0.175169721,-0.));
#4802=VECTOR('',#4801,0.607859116);
#4803=LINE('',#4800,#4802);
#4804=EDGE_CURVE('',#4793,#4769,#4803,.T.);
#4805=ORIENTED_EDGE('',*,*,#4804,.T.);
#4806=ORIENTED_EDGE('',*,*,#4774,.T.);
#4807=EDGE_LOOP('',(#4791,#4799,#4805,#4806));
#4808=FACE_BOUND('',#4807,.T.);
#4809=ADVANCED_FACE('',(#4808),#4790,.T.);
#4810=CARTESIAN_POINT('',(-21.690391141,-3.004069623,-5.66));
#4811=DIRECTION('',(0.404447409,0.914561257,0.));
#4812=DIRECTION('',(-0.914561257,0.404447409,0.));
#4813=AXIS2_PLACEMENT_3D('',#4810,#4811,#4812);
#4814=PLANE('',#4813);
#4815=ORIENTED_EDGE('',*,*,#1536,.F.);
#4816=ORIENTED_EDGE('',*,*,#4613,.F.);
#4817=CARTESIAN_POINT('',(-22.012392424,-2.86167065,-5.677));
#4818=DIRECTION('',(0.914561257,-0.404447409,-0.));
#4819=VECTOR('',#4818,0.704165588);
#4820=LINE('',#4817,#4819);
#4821=EDGE_CURVE('',#4602,#4793,#4820,.T.);
#4822=ORIENTED_EDGE('',*,*,#4821,.T.);
#4823=ORIENTED_EDGE('',*,*,#4798,.T.);
#4824=EDGE_LOOP('',(#4815,#4816,#4822,#4823));
#4825=FACE_BOUND('',#4824,.T.);
#4826=ADVANCED_FACE('',(#4825),#4814,.T.);
#4827=CARTESIAN_POINT('',(-150.3,0.46,-5.677));
#4828=DIRECTION('',(0.,0.,-1.));
#4829=DIRECTION('',(-1.,0.,0.));
#4830=AXIS2_PLACEMENT_3D('',#4827,#4828,#4829);
#4831=PLANE('',#4830);
#4832=ORIENTED_EDGE('',*,*,#4607,.F.);
#4833=ORIENTED_EDGE('',*,*,#4636,.F.);
#4834=ORIENTED_EDGE('',*,*,#4660,.F.);
#4835=ORIENTED_EDGE('',*,*,#4684,.F.);
#4836=ORIENTED_EDGE('',*,*,#4708,.F.);
#4837=ORIENTED_EDGE('',*,*,#4732,.F.);
#4838=ORIENTED_EDGE('',*,*,#4756,.F.);
#4839=ORIENTED_EDGE('',*,*,#4780,.F.);
#4840=ORIENTED_EDGE('',*,*,#4804,.F.);
#4841=ORIENTED_EDGE('',*,*,#4821,.F.);
#4842=EDGE_LOOP('',(#4832,#4833,#4834,#4835,#4836,#4837,#4838,#4839,#4840,#4841));
#4843=FACE_BOUND('',#4842,.T.);
#4844=ADVANCED_FACE('',(#4843),#4831,.T.);
#4845=CARTESIAN_POINT('',(-21.764156375,-3.845955448,-5.66));
#4846=DIRECTION('',(0.572242486,0.82008447,0.));
#4847=DIRECTION('',(-0.82008447,0.572242486,-0.));
#4848=AXIS2_PLACEMENT_3D('',#4845,#4846,#4847);
#4849=PLANE('',#4848);
#4850=ORIENTED_EDGE('',*,*,#1610,.F.);
#4851=CARTESIAN_POINT('',(-21.96685041,-3.704518629,-5.677));
#4852=VERTEX_POINT('',#4851);
#4853=CARTESIAN_POINT('',(-21.96685041,-3.704518629,-5.677));
#4854=DIRECTION('',(0.,0.,-1.));
#4855=VECTOR('',#4854,0.123);
#4856=LINE('',#4853,#4855);
#4857=EDGE_CURVE('',#4852,#1597,#4856,.T.);
#4858=ORIENTED_EDGE('',*,*,#4857,.F.);
#4859=CARTESIAN_POINT('',(-21.56146234,-3.987392266,-5.677));
#4860=VERTEX_POINT('',#4859);
#4861=CARTESIAN_POINT('',(-21.96685041,-3.704518629,-5.677));
#4862=DIRECTION('',(0.82008447,-0.572242486,-0.));
#4863=VECTOR('',#4862,0.494324773);
#4864=LINE('',#4861,#4863);
#4865=EDGE_CURVE('',#4852,#4860,#4864,.T.);
#4866=ORIENTED_EDGE('',*,*,#4865,.T.);
#4867=CARTESIAN_POINT('',(-21.56146234,-3.987392266,-5.677));
#4868=DIRECTION('',(0.,0.,-1.));
#4869=VECTOR('',#4868,0.123);
#4870=LINE('',#4867,#4869);
#4871=EDGE_CURVE('',#4860,#1605,#4870,.T.);
#4872=ORIENTED_EDGE('',*,*,#4871,.T.);
#4873=EDGE_LOOP('',(#4850,#4858,#4866,#4872));
#4874=FACE_BOUND('',#4873,.T.);
#4875=ADVANCED_FACE('',(#4874),#4849,.T.);
#4876=CARTESIAN_POINT('',(-21.96685041,-3.613113882,-5.66));
#4877=DIRECTION('',(1.,0.,0.));
#4878=DIRECTION('',(0.,0.,-1.));
#4879=AXIS2_PLACEMENT_3D('',#4876,#4877,#4878);
#4880=PLANE('',#4879);
#4881=ORIENTED_EDGE('',*,*,#1602,.F.);
#4882=CARTESIAN_POINT('',(-21.96685041,-3.521709136,-5.677));
#4883=VERTEX_POINT('',#4882);
#4884=CARTESIAN_POINT('',(-21.96685041,-3.521709136,-5.677));
#4885=DIRECTION('',(0.,0.,-1.));
#4886=VECTOR('',#4885,0.123);
#4887=LINE('',#4884,#4886);
#4888=EDGE_CURVE('',#4883,#1595,#4887,.T.);
#4889=ORIENTED_EDGE('',*,*,#4888,.F.);
#4890=CARTESIAN_POINT('',(-21.96685041,-3.521709136,-5.677));
#4891=DIRECTION('',(0.,-1.,-0.));
#4892=VECTOR('',#4891,0.182809493);
#4893=LINE('',#4890,#4892);
#4894=EDGE_CURVE('',#4883,#4852,#4893,.T.);
#4895=ORIENTED_EDGE('',*,*,#4894,.T.);
#4896=ORIENTED_EDGE('',*,*,#4857,.T.);
#4897=EDGE_LOOP('',(#4881,#4889,#4895,#4896));
#4898=FACE_BOUND('',#4897,.T.);
#4899=ADVANCED_FACE('',(#4898),#4880,.T.);
#4900=CARTESIAN_POINT('',(-21.755817696,-3.675012535,-5.66));
#4901=DIRECTION('',(-0.587732955,-0.809054988,-0.));
#4902=DIRECTION('',(0.809054988,-0.587732955,0.));
#4903=AXIS2_PLACEMENT_3D('',#4900,#4901,#4902);
#4904=PLANE('',#4903);
#4905=ORIENTED_EDGE('',*,*,#1686,.F.);
#4906=CARTESIAN_POINT('',(-21.544784983,-3.828315935,-5.677));
#4907=VERTEX_POINT('',#4906);
#4908=CARTESIAN_POINT('',(-21.544784983,-3.828315935,-5.677));
#4909=DIRECTION('',(0.,0.,-1.));
#4910=VECTOR('',#4909,0.123);
#4911=LINE('',#4908,#4910);
#4912=EDGE_CURVE('',#4907,#1665,#4911,.T.);
#4913=ORIENTED_EDGE('',*,*,#4912,.F.);
#4914=CARTESIAN_POINT('',(-21.544784983,-3.828315935,-5.677));
#4915=DIRECTION('',(-0.809054988,0.587732955,0.));
#4916=VECTOR('',#4915,0.521677059);
#4917=LINE('',#4914,#4916);
#4918=EDGE_CURVE('',#4907,#4883,#4917,.T.);
#4919=ORIENTED_EDGE('',*,*,#4918,.T.);
#4920=ORIENTED_EDGE('',*,*,#4888,.T.);
#4921=EDGE_LOOP('',(#4905,#4913,#4919,#4920));
#4922=FACE_BOUND('',#4921,.T.);
#4923=ADVANCED_FACE('',(#4922),#4904,.T.);
#4924=CARTESIAN_POINT('',(-21.050237196,-3.705160066,-5.677));
#4925=CARTESIAN_POINT('',(-21.050237196,-3.705160066,-5.76));
#4926=CARTESIAN_POINT('',(-21.050237196,-3.705160066,-5.8));
#4927=CARTESIAN_POINT('',(-21.132341109,-3.608944543,-5.677));
#4928=CARTESIAN_POINT('',(-21.132341109,-3.608944543,-5.76));
#4929=CARTESIAN_POINT('',(-21.132341109,-3.608944543,-5.8));
#4930=CARTESIAN_POINT('',(-21.267042841,-3.608944543,-5.677));
#4931=CARTESIAN_POINT('',(-21.267042841,-3.608944543,-5.76));
#4932=CARTESIAN_POINT('',(-21.267042841,-3.608944543,-5.8));
#4933=CARTESIAN_POINT('',(-21.372238479,-3.608944543,-5.677));
#4934=CARTESIAN_POINT('',(-21.372238479,-3.608944543,-5.76));
#4935=CARTESIAN_POINT('',(-21.372238479,-3.608944543,-5.8));
#4936=CARTESIAN_POINT('',(-21.447928023,-3.669239604,-5.677));
#4937=CARTESIAN_POINT('',(-21.447928023,-3.669239604,-5.76));
#4938=CARTESIAN_POINT('',(-21.447928023,-3.669239604,-5.8));
#4939=CARTESIAN_POINT('',(-21.523617568,-3.729534665,-5.677));
#4940=CARTESIAN_POINT('',(-21.523617568,-3.729534665,-5.76));
#4941=CARTESIAN_POINT('',(-21.523617568,-3.729534665,-5.8));
#4942=CARTESIAN_POINT('',(-21.544784983,-3.828315935,-5.677));
#4943=CARTESIAN_POINT('',(-21.544784983,-3.828315935,-5.76));
#4944=CARTESIAN_POINT('',(-21.544784983,-3.828315935,-5.8));
#4945=B_SPLINE_SURFACE_WITH_KNOTS('',2,1,((#4924,#4925,#4926),(#4927,#4928,#4929),(#4930,#4931,#4932),(#4933,#4934,#4935),(#4936,#4937,#4938),(#4939,#4940,#4941),(#4942,#4943,#4944)),.UNSPECIFIED.,.F.,.F.,.U.,(3,2,2,3),(2,1,2),(0.260657692,0.549248556,0.774624278,1.),(0.17,1.,1.4),.UNSPECIFIED.);
#4946=ORIENTED_EDGE('',*,*,#1680,.F.);
#4947=CARTESIAN_POINT('',(-21.050237196,-3.705160066,-5.677));
#4948=VERTEX_POINT('',#4947);
#4949=CARTESIAN_POINT('',(-21.050237196,-3.705160066,-5.677));
#4950=DIRECTION('',(0.,0.,-1.));
#4951=VECTOR('',#4950,0.123);
#4952=LINE('',#4949,#4951);
#4953=EDGE_CURVE('',#4948,#1653,#4952,.T.);
#4954=ORIENTED_EDGE('',*,*,#4953,.F.);
#4955=CARTESIAN_POINT('',(-21.050237196,-3.705160066,-5.677));
#4956=CARTESIAN_POINT('',(-21.084604906,-3.664885405,-5.677));
#4957=CARTESIAN_POINT('',(-21.129612464,-3.634827435,-5.677));
#4958=CARTESIAN_POINT('',(-21.180462634,-3.620367132,-5.677));
#4959=CARTESIAN_POINT('',(-21.231312805,-3.605906829,-5.677));
#4960=CARTESIAN_POINT('',(-21.285183407,-3.604931579,-5.677));
#4961=CARTESIAN_POINT('',(-21.336322848,-3.616166556,-5.677));
#4962=CARTESIAN_POINT('',(-21.38746229,-3.627401533,-5.677));
#4963=CARTESIAN_POINT('',(-21.435445457,-3.653910456,-5.677));
#4964=CARTESIAN_POINT('',(-21.472267638,-3.691034343,-5.677));
#4965=CARTESIAN_POINT('',(-21.509089818,-3.728158231,-5.677));
#4966=CARTESIAN_POINT('',(-21.53370023,-3.776587085,-5.677));
#4967=CARTESIAN_POINT('',(-21.544784983,-3.828315935,-5.677));
#4968=B_SPLINE_CURVE_WITH_KNOTS('',3,(#4955,#4956,#4957,#4958,#4959,#4960,#4961,#4962,#4963,#4964,#4965,#4966,#4967),.UNSPECIFIED.,.F.,.F.,(4,3,3,3,4),(0.001421897,0.001578941,0.001735985,0.001893029,0.002050073),.UNSPECIFIED.);
#4969=EDGE_CURVE('',#4948,#4907,#4968,.T.);
#4970=ORIENTED_EDGE('',*,*,#4969,.T.);
#4971=ORIENTED_EDGE('',*,*,#4912,.T.);
#4972=EDGE_LOOP('',(#4946,#4954,#4970,#4971));
#4973=FACE_BOUND('',#4972,.T.);
#4974=ADVANCED_FACE('',(#4973),#4945,.T.);
#4975=CARTESIAN_POINT('',(-20.976471962,-3.98867514,-5.677));
#4976=CARTESIAN_POINT('',(-20.976471962,-3.98867514,-5.76));
#4977=CARTESIAN_POINT('',(-20.976471962,-3.98867514,-5.8));
#4978=CARTESIAN_POINT('',(-20.976471962,-3.792395473,-5.677));
#4979=CARTESIAN_POINT('',(-20.976471962,-3.792395473,-5.76));
#4980=CARTESIAN_POINT('',(-20.976471962,-3.792395473,-5.8));
#4981=CARTESIAN_POINT('',(-21.050237196,-3.705160066,-5.677));
#4982=CARTESIAN_POINT('',(-21.050237196,-3.705160066,-5.76));
#4983=CARTESIAN_POINT('',(-21.050237196,-3.705160066,-5.8));
#4984=B_SPLINE_SURFACE_WITH_KNOTS('',2,1,((#4975,#4976,#4977),(#4978,#4979,#4980),(#4981,#4982,#4983)),.UNSPECIFIED.,.F.,.F.,.U.,(3,3),(2,1,2),(0.,0.260657692),(0.17,1.,1.4),.UNSPECIFIED.);
#4985=ORIENTED_EDGE('',*,*,#1662,.F.);
#4986=CARTESIAN_POINT('',(-20.976471962,-3.98867514,-5.677));
#4987=VERTEX_POINT('',#4986);
#4988=CARTESIAN_POINT('',(-20.976471962,-3.98867514,-5.677));
#4989=DIRECTION('',(0.,0.,-1.));
#4990=VECTOR('',#4989,0.123);
#4991=LINE('',#4988,#4990);
#4992=EDGE_CURVE('',#4987,#1645,#4991,.T.);
#4993=ORIENTED_EDGE('',*,*,#4992,.F.);
#4994=CARTESIAN_POINT('',(-20.976471962,-3.98867514,-5.677));
#4995=CARTESIAN_POINT('',(-20.976471962,-3.938838307,-5.677));
#4996=CARTESIAN_POINT('',(-20.979726078,-3.889178995,-5.677));
#4997=CARTESIAN_POINT('',(-20.990014702,-3.840492236,-5.677));
#4998=CARTESIAN_POINT('',(-21.000303327,-3.791805477,-5.677));
#4999=CARTESIAN_POINT('',(-21.017846078,-3.743466085,-5.677));
#5000=CARTESIAN_POINT('',(-21.050237196,-3.705160066,-5.677));
#5001=B_SPLINE_CURVE_WITH_KNOTS('',3,(#4994,#4995,#4996,#4997,#4998,#4999,#5000),.UNSPECIFIED.,.F.,.F.,(4,3,4),(0.00157024,0.001719718,0.001869196),.UNSPECIFIED.);
#5002=EDGE_CURVE('',#4987,#4948,#5001,.T.);
#5003=ORIENTED_EDGE('',*,*,#5002,.T.);
#5004=ORIENTED_EDGE('',*,*,#4953,.T.);
#5005=EDGE_LOOP('',(#4985,#4993,#5003,#5004));
#5006=FACE_BOUND('',#5005,.T.);
#5007=ADVANCED_FACE('',(#5006),#4984,.T.);
#5008=CARTESIAN_POINT('',(-20.976471962,-4.076231265,-5.66));
#5009=DIRECTION('',(-1.,0.,0.));
#5010=DIRECTION('',(0.,0.,1.));
#5011=AXIS2_PLACEMENT_3D('',#5008,#5009,#5010);
#5012=PLANE('',#5011);
#5013=ORIENTED_EDGE('',*,*,#1650,.F.);
#5014=CARTESIAN_POINT('',(-20.976471962,-4.163787391,-5.677));
#5015=VERTEX_POINT('',#5014);
#5016=CARTESIAN_POINT('',(-20.976471962,-4.163787391,-5.677));
#5017=DIRECTION('',(0.,0.,-1.));
#5018=VECTOR('',#5017,0.123);
#5019=LINE('',#5016,#5018);
#5020=EDGE_CURVE('',#5015,#1637,#5019,.T.);
#5021=ORIENTED_EDGE('',*,*,#5020,.F.);
#5022=CARTESIAN_POINT('',(-20.976471962,-4.163787391,-5.677));
#5023=DIRECTION('',(0.,1.,0.));
#5024=VECTOR('',#5023,0.175112251);
#5025=LINE('',#5022,#5024);
#5026=EDGE_CURVE('',#5015,#4987,#5025,.T.);
#5027=ORIENTED_EDGE('',*,*,#5026,.T.);
#5028=ORIENTED_EDGE('',*,*,#4992,.T.);
#5029=EDGE_LOOP('',(#5013,#5021,#5027,#5028));
#5030=FACE_BOUND('',#5029,.T.);
#5031=ADVANCED_FACE('',(#5030),#5012,.T.);
#5032=CARTESIAN_POINT('',(-21.471661186,-4.163787391,-5.66));
#5033=DIRECTION('',(0.,1.,0.));
#5034=DIRECTION('',(0.,-0.,1.));
#5035=AXIS2_PLACEMENT_3D('',#5032,#5033,#5034);
#5036=PLANE('',#5035);
#5037=ORIENTED_EDGE('',*,*,#1642,.F.);
#5038=CARTESIAN_POINT('',(-21.96685041,-4.163787391,-5.677));
#5039=VERTEX_POINT('',#5038);
#5040=CARTESIAN_POINT('',(-21.96685041,-4.163787391,-5.677));
#5041=DIRECTION('',(0.,0.,-1.));
#5042=VECTOR('',#5041,0.123);
#5043=LINE('',#5040,#5042);
#5044=EDGE_CURVE('',#5039,#1629,#5043,.T.);
#5045=ORIENTED_EDGE('',*,*,#5044,.F.);
#5046=CARTESIAN_POINT('',(-21.96685041,-4.163787391,-5.677));
#5047=DIRECTION('',(1.,0.,-0.));
#5048=VECTOR('',#5047,0.990378448);
#5049=LINE('',#5046,#5048);
#5050=EDGE_CURVE('',#5039,#5015,#5049,.T.);
#5051=ORIENTED_EDGE('',*,*,#5050,.T.);
#5052=ORIENTED_EDGE('',*,*,#5020,.T.);
#5053=EDGE_LOOP('',(#5037,#5045,#5051,#5052));
#5054=FACE_BOUND('',#5053,.T.);
#5055=ADVANCED_FACE('',(#5054),#5036,.T.);
#5056=CARTESIAN_POINT('',(-21.96685041,-4.089060002,-5.66));
#5057=DIRECTION('',(1.,0.,0.));
#5058=DIRECTION('',(0.,0.,-1.));
#5059=AXIS2_PLACEMENT_3D('',#5056,#5057,#5058);
#5060=PLANE('',#5059);
#5061=ORIENTED_EDGE('',*,*,#1634,.F.);
#5062=CARTESIAN_POINT('',(-21.96685041,-4.014332612,-5.677));
#5063=VERTEX_POINT('',#5062);
#5064=CARTESIAN_POINT('',(-21.96685041,-4.014332612,-5.677));
#5065=DIRECTION('',(0.,0.,-1.));
#5066=VECTOR('',#5065,0.123);
#5067=LINE('',#5064,#5066);
#5068=EDGE_CURVE('',#5063,#1621,#5067,.T.);
#5069=ORIENTED_EDGE('',*,*,#5068,.F.);
#5070=CARTESIAN_POINT('',(-21.96685041,-4.014332612,-5.677));
#5071=DIRECTION('',(0.,-1.,-0.));
#5072=VECTOR('',#5071,0.149454779);
#5073=LINE('',#5070,#5072);
#5074=EDGE_CURVE('',#5063,#5039,#5073,.T.);
#5075=ORIENTED_EDGE('',*,*,#5074,.T.);
#5076=ORIENTED_EDGE('',*,*,#5044,.T.);
#5077=EDGE_LOOP('',(#5061,#5069,#5075,#5076));
#5078=FACE_BOUND('',#5077,.T.);
#5079=ADVANCED_FACE('',(#5078),#5060,.T.);
#5080=CARTESIAN_POINT('',(-21.764156375,-4.014332612,-5.66));
#5081=DIRECTION('',(0.,-1.,-0.));
#5082=DIRECTION('',(0.,0.,-1.));
#5083=AXIS2_PLACEMENT_3D('',#5080,#5081,#5082);
#5084=PLANE('',#5083);
#5085=ORIENTED_EDGE('',*,*,#1626,.F.);
#5086=CARTESIAN_POINT('',(-21.56146234,-4.014332612,-5.677));
#5087=VERTEX_POINT('',#5086);
#5088=CARTESIAN_POINT('',(-21.56146234,-4.014332612,-5.677));
#5089=DIRECTION('',(0.,0.,-1.));
#5090=VECTOR('',#5089,0.123);
#5091=LINE('',#5088,#5090);
#5092=EDGE_CURVE('',#5087,#1613,#5091,.T.);
#5093=ORIENTED_EDGE('',*,*,#5092,.F.);
#5094=CARTESIAN_POINT('',(-21.56146234,-4.014332612,-5.677));
#5095=DIRECTION('',(-1.,0.,0.));
#5096=VECTOR('',#5095,0.405388069);
#5097=LINE('',#5094,#5096);
#5098=EDGE_CURVE('',#5087,#5063,#5097,.T.);
#5099=ORIENTED_EDGE('',*,*,#5098,.T.);
#5100=ORIENTED_EDGE('',*,*,#5068,.T.);
#5101=EDGE_LOOP('',(#5085,#5093,#5099,#5100));
#5102=FACE_BOUND('',#5101,.T.);
#5103=ADVANCED_FACE('',(#5102),#5084,.T.);
#5104=CARTESIAN_POINT('',(-21.431250666,-3.966866288,-5.677));
#5105=CARTESIAN_POINT('',(-21.431250666,-3.966866288,-5.727));
#5106=CARTESIAN_POINT('',(-21.431250666,-3.754550701,-5.677));
#5107=CARTESIAN_POINT('',(-21.431250666,-3.754550701,-5.727));
#5108=CARTESIAN_POINT('',(-21.268967151,-3.754550701,-5.677));
#5109=CARTESIAN_POINT('',(-21.268967151,-3.754550701,-5.727));
#5110=CARTESIAN_POINT('',(-21.116946625,-3.754550701,-5.677));
#5111=CARTESIAN_POINT('',(-21.116946625,-3.754550701,-5.727));
#5112=CARTESIAN_POINT('',(-21.116946625,-3.961093356,-5.677));
#5113=CARTESIAN_POINT('',(-21.116946625,-3.961093356,-5.727));
#5114=B_SPLINE_SURFACE_WITH_KNOTS('',2,1,((#5104,#5105),(#5106,#5107),(#5108,#5109),(#5110,#5111),(#5112,#5113)),.UNSPECIFIED.,.F.,.F.,.U.,(3,2,3),(2,2),(0.,0.516326531,1.),(0.17,0.67),.UNSPECIFIED.);
#5115=CARTESIAN_POINT('',(-21.431250666,-3.966866288,-5.727));
#5116=VERTEX_POINT('',#5115);
#5117=CARTESIAN_POINT('',(-21.116946625,-3.961093356,-5.727));
#5118=VERTEX_POINT('',#5117);
#5119=CARTESIAN_POINT('',(-21.431250666,-3.966866288,-5.727));
#5120=CARTESIAN_POINT('',(-21.431250666,-3.941945565,-5.727));
#5121=CARTESIAN_POINT('',(-21.429660969,-3.917230972,-5.727));
#5122=CARTESIAN_POINT('',(-21.425217711,-3.892886389,-5.727));
#5123=CARTESIAN_POINT('',(-21.420774453,-3.868541807,-5.727));
#5124=CARTESIAN_POINT('',(-21.413365982,-3.844240753,-5.727));
#5125=CARTESIAN_POINT('',(-21.400738734,-3.822661432,-5.727));
#5126=CARTESIAN_POINT('',(-21.388111486,-3.80108211,-5.727));
#5127=CARTESIAN_POINT('',(-21.369779379,-3.782852368,-5.727));
#5128=CARTESIAN_POINT('',(-21.34765345,-3.771467707,-5.727));
#5129=CARTESIAN_POINT('',(-21.325527521,-3.760083045,-5.727));
#5130=CARTESIAN_POINT('',(-21.300360357,-3.755313459,-5.727));
#5131=CARTESIAN_POINT('',(-21.275499876,-3.75463849,-5.727));
#5132=CARTESIAN_POINT('',(-21.250639395,-3.75396352,-5.727));
#5133=CARTESIAN_POINT('',(-21.225176874,-3.757166235,-5.727));
#5134=CARTESIAN_POINT('',(-21.202439638,-3.767468012,-5.727));
#5135=CARTESIAN_POINT('',(-21.179702401,-3.777769789,-5.727));
#5136=CARTESIAN_POINT('',(-21.160777526,-3.79541254,-5.727));
#5137=CARTESIAN_POINT('',(-21.14780578,-3.816905452,-5.727));
#5138=CARTESIAN_POINT('',(-21.134834035,-3.838398363,-5.727));
#5139=CARTESIAN_POINT('',(-21.127481534,-3.862448274,-5.727));
#5140=CARTESIAN_POINT('',(-21.122995114,-3.886914004,-5.727));
#5141=CARTESIAN_POINT('',(-21.118508694,-3.911379734,-5.727));
#5142=CARTESIAN_POINT('',(-21.116946625,-3.936154111,-5.727));
#5143=CARTESIAN_POINT('',(-21.116946625,-3.961093356,-5.727));
#5144=B_SPLINE_CURVE_WITH_KNOTS('',3,(#5119,#5120,#5121,#5122,#5123,#5124,#5125,#5126,#5127,#5128,#5129,#5130,#5131,#5132,#5133,#5134,#5135,#5136,#5137,#5138,#5139,#5140,#5141,#5142,#5143),.UNSPECIFIED.,.F.,.F.,(4,3,3,3,3,3,3,3,4),(0.,0.000074141,0.000148283,0.000222424,0.000296566,0.000370707,0.000444849,0.00051899,0.000593132),.UNSPECIFIED.);
#5145=EDGE_CURVE('',#5116,#5118,#5144,.T.);
#5146=ORIENTED_EDGE('',*,*,#5145,.F.);
#5147=CARTESIAN_POINT('',(-21.431250666,-3.966866288,-5.677));
#5148=VERTEX_POINT('',#5147);
#5149=CARTESIAN_POINT('',(-21.431250666,-3.966866288,-5.677));
#5150=DIRECTION('',(0.,0.,-1.));
#5151=VECTOR('',#5150,0.05);
#5152=LINE('',#5149,#5151);
#5153=EDGE_CURVE('',#5148,#5116,#5152,.T.);
#5154=ORIENTED_EDGE('',*,*,#5153,.F.);
#5155=CARTESIAN_POINT('',(-21.116946625,-3.961093356,-5.677));
#5156=VERTEX_POINT('',#5155);
#5157=CARTESIAN_POINT('',(-21.431250666,-3.966866288,-5.677));
#5158=CARTESIAN_POINT('',(-21.431250666,-3.917278155,-5.677));
#5159=CARTESIAN_POINT('',(-21.425891751,-3.865603848,-5.677));
#5160=CARTESIAN_POINT('',(-21.400704405,-3.822602795,-5.677));
#5161=CARTESIAN_POINT('',(-21.388110732,-3.801102269,-5.677));
#5162=CARTESIAN_POINT('',(-21.369884613,-3.78291419,-5.677));
#5163=CARTESIAN_POINT('',(-21.347685023,-3.771483958,-5.677));
#5164=CARTESIAN_POINT('',(-21.325485433,-3.760053726,-5.677));
#5165=CARTESIAN_POINT('',(-21.300450559,-3.755306249,-5.677));
#5166=CARTESIAN_POINT('',(-21.275408531,-3.754636027,-5.677));
#5167=CARTESIAN_POINT('',(-21.250366504,-3.753965805,-5.677));
#5168=CARTESIAN_POINT('',(-21.225412507,-3.757078756,-5.677));
#5169=CARTESIAN_POINT('',(-21.202519044,-3.767432068,-5.677));
#5170=CARTESIAN_POINT('',(-21.179625581,-3.777785381,-5.677));
#5171=CARTESIAN_POINT('',(-21.160728804,-3.795447717,-5.677));
#5172=CARTESIAN_POINT('',(-21.147733946,-3.8170246,-5.677));
#5173=CARTESIAN_POINT('',(-21.134739087,-3.838601482,-5.677));
#5174=CARTESIAN_POINT('',(-21.127392397,-3.862760702,-5.677));
#5175=CARTESIAN_POINT('',(-21.122926643,-3.887288686,-5.677));
#5176=CARTESIAN_POINT('',(-21.118460889,-3.911816669,-5.677));
#5177=CARTESIAN_POINT('',(-21.116946625,-3.936432482,-5.677));
#5178=CARTESIAN_POINT('',(-21.116946625,-3.961093356,-5.677));
#5179=B_SPLINE_CURVE_WITH_KNOTS('',3,(#5157,#5158,#5159,#5160,#5161,#5162,#5163,#5164,#5165,#5166,#5167,#5168,#5169,#5170,#5171,#5172,#5173,#5174,#5175,#5176,#5177,#5178),.UNSPECIFIED.,.F.,.F.,(4,3,3,3,3,3,3,4),(0.00011188,0.000260594,0.000334951,0.000409308,0.000483665,0.000558022,0.000632379,0.000706736),.UNSPECIFIED.);
#5180=EDGE_CURVE('',#5148,#5156,#5179,.T.);
#5181=ORIENTED_EDGE('',*,*,#5180,.T.);
#5182=CARTESIAN_POINT('',(-21.116946625,-3.961093356,-5.677));
#5183=DIRECTION('',(0.,0.,-1.));
#5184=VECTOR('',#5183,0.05);
#5185=LINE('',#5182,#5184);
#5186=EDGE_CURVE('',#5156,#5118,#5185,.T.);
#5187=ORIENTED_EDGE('',*,*,#5186,.T.);
#5188=EDGE_LOOP('',(#5146,#5154,#5181,#5187));
#5189=FACE_BOUND('',#5188,.T.);
#5190=ADVANCED_FACE('',(#5189),#5114,.T.);
#5191=CARTESIAN_POINT('',(-21.431250666,-3.99059945,-5.66));
#5192=DIRECTION('',(-1.,0.,0.));
#5193=DIRECTION('',(0.,0.,1.));
#5194=AXIS2_PLACEMENT_3D('',#5191,#5192,#5193);
#5195=PLANE('',#5194);
#5196=CARTESIAN_POINT('',(-21.431250666,-4.014332612,-5.727));
#5197=VERTEX_POINT('',#5196);
#5198=CARTESIAN_POINT('',(-21.431250666,-4.014332612,-5.727));
#5199=DIRECTION('',(0.,1.,0.));
#5200=VECTOR('',#5199,0.047466325);
#5201=LINE('',#5198,#5200);
#5202=EDGE_CURVE('',#5197,#5116,#5201,.T.);
#5203=ORIENTED_EDGE('',*,*,#5202,.F.);
#5204=CARTESIAN_POINT('',(-21.431250666,-4.014332612,-5.677));
#5205=VERTEX_POINT('',#5204);
#5206=CARTESIAN_POINT('',(-21.431250666,-4.014332612,-5.677));
#5207=DIRECTION('',(0.,0.,-1.));
#5208=VECTOR('',#5207,0.05);
#5209=LINE('',#5206,#5208);
#5210=EDGE_CURVE('',#5205,#5197,#5209,.T.);
#5211=ORIENTED_EDGE('',*,*,#5210,.F.);
#5212=CARTESIAN_POINT('',(-21.431250666,-4.014332612,-5.677));
#5213=DIRECTION('',(0.,1.,0.));
#5214=VECTOR('',#5213,0.047466325);
#5215=LINE('',#5212,#5214);
#5216=EDGE_CURVE('',#5205,#5148,#5215,.T.);
#5217=ORIENTED_EDGE('',*,*,#5216,.T.);
#5218=ORIENTED_EDGE('',*,*,#5153,.T.);
#5219=EDGE_LOOP('',(#5203,#5211,#5217,#5218));
#5220=FACE_BOUND('',#5219,.T.);
#5221=ADVANCED_FACE('',(#5220),#5195,.T.);
#5222=CARTESIAN_POINT('',(-21.274098646,-4.014332612,-5.66));
#5223=DIRECTION('',(0.,-1.,-0.));
#5224=DIRECTION('',(0.,0.,-1.));
#5225=AXIS2_PLACEMENT_3D('',#5222,#5223,#5224);
#5226=PLANE('',#5225);
#5227=CARTESIAN_POINT('',(-21.116946625,-4.014332612,-5.727));
#5228=VERTEX_POINT('',#5227);
#5229=CARTESIAN_POINT('',(-21.116946625,-4.014332612,-5.727));
#5230=DIRECTION('',(-1.,0.,0.));
#5231=VECTOR('',#5230,0.314304041);
#5232=LINE('',#5229,#5231);
#5233=EDGE_CURVE('',#5228,#5197,#5232,.T.);
#5234=ORIENTED_EDGE('',*,*,#5233,.F.);
#5235=CARTESIAN_POINT('',(-21.116946625,-4.014332612,-5.677));
#5236=VERTEX_POINT('',#5235);
#5237=CARTESIAN_POINT('',(-21.116946625,-4.014332612,-5.677));
#5238=DIRECTION('',(0.,0.,-1.));
#5239=VECTOR('',#5238,0.05);
#5240=LINE('',#5237,#5239);
#5241=EDGE_CURVE('',#5236,#5228,#5240,.T.);
#5242=ORIENTED_EDGE('',*,*,#5241,.F.);
#5243=CARTESIAN_POINT('',(-21.116946625,-4.014332612,-5.677));
#5244=DIRECTION('',(-1.,0.,0.));
#5245=VECTOR('',#5244,0.314304041);
#5246=LINE('',#5243,#5245);
#5247=EDGE_CURVE('',#5236,#5205,#5246,.T.);
#5248=ORIENTED_EDGE('',*,*,#5247,.T.);
#5249=ORIENTED_EDGE('',*,*,#5210,.T.);
#5250=EDGE_LOOP('',(#5234,#5242,#5248,#5249));
#5251=FACE_BOUND('',#5250,.T.);
#5252=ADVANCED_FACE('',(#5251),#5226,.T.);
#5253=CARTESIAN_POINT('',(-21.116946625,-3.987712984,-5.66));
#5254=DIRECTION('',(1.,0.,0.));
#5255=DIRECTION('',(0.,0.,-1.));
#5256=AXIS2_PLACEMENT_3D('',#5253,#5254,#5255);
#5257=PLANE('',#5256);
#5258=CARTESIAN_POINT('',(-21.116946625,-3.961093356,-5.727));
#5259=DIRECTION('',(0.,-1.,-0.));
#5260=VECTOR('',#5259,0.053239256);
#5261=LINE('',#5258,#5260);
#5262=EDGE_CURVE('',#5118,#5228,#5261,.T.);
#5263=ORIENTED_EDGE('',*,*,#5262,.F.);
#5264=ORIENTED_EDGE('',*,*,#5186,.F.);
#5265=CARTESIAN_POINT('',(-21.116946625,-3.961093356,-5.677));
#5266=DIRECTION('',(0.,-1.,-0.));
#5267=VECTOR('',#5266,0.053239256);
#5268=LINE('',#5265,#5267);
#5269=EDGE_CURVE('',#5156,#5236,#5268,.T.);
#5270=ORIENTED_EDGE('',*,*,#5269,.T.);
#5271=ORIENTED_EDGE('',*,*,#5241,.T.);
#5272=EDGE_LOOP('',(#5263,#5264,#5270,#5271));
#5273=FACE_BOUND('',#5272,.T.);
#5274=ADVANCED_FACE('',(#5273),#5257,.T.);
#5275=CARTESIAN_POINT('',(-21.56146234,-4.000862439,-5.66));
#5276=DIRECTION('',(1.,0.,0.));
#5277=DIRECTION('',(0.,0.,-1.));
#5278=AXIS2_PLACEMENT_3D('',#5275,#5276,#5277);
#5279=PLANE('',#5278);
#5280=ORIENTED_EDGE('',*,*,#1618,.F.);
#5281=ORIENTED_EDGE('',*,*,#4871,.F.);
#5282=CARTESIAN_POINT('',(-21.56146234,-3.987392266,-5.677));
#5283=DIRECTION('',(0.,-1.,-0.));
#5284=VECTOR('',#5283,0.026940346);
#5285=LINE('',#5282,#5284);
#5286=EDGE_CURVE('',#4860,#5087,#5285,.T.);
#5287=ORIENTED_EDGE('',*,*,#5286,.T.);
#5288=ORIENTED_EDGE('',*,*,#5092,.T.);
#5289=EDGE_LOOP('',(#5280,#5281,#5287,#5288));
#5290=FACE_BOUND('',#5289,.T.);
#5291=ADVANCED_FACE('',(#5290),#5279,.T.);
#5292=CARTESIAN_POINT('',(-150.3,0.46,-5.677));
#5293=DIRECTION('',(0.,0.,-1.));
#5294=DIRECTION('',(-1.,0.,0.));
#5295=AXIS2_PLACEMENT_3D('',#5292,#5293,#5294);
#5296=PLANE('',#5295);
#5297=ORIENTED_EDGE('',*,*,#5180,.F.);
#5298=ORIENTED_EDGE('',*,*,#5216,.F.);
#5299=ORIENTED_EDGE('',*,*,#5247,.F.);
#5300=ORIENTED_EDGE('',*,*,#5269,.F.);
#5301=EDGE_LOOP('',(#5297,#5298,#5299,#5300));
#5302=FACE_BOUND('',#5301,.T.);
#5303=ORIENTED_EDGE('',*,*,#4865,.F.);
#5304=ORIENTED_EDGE('',*,*,#4894,.F.);
#5305=ORIENTED_EDGE('',*,*,#4918,.F.);
#5306=ORIENTED_EDGE('',*,*,#4969,.F.);
#5307=ORIENTED_EDGE('',*,*,#5002,.F.);
#5308=ORIENTED_EDGE('',*,*,#5026,.F.);
#5309=ORIENTED_EDGE('',*,*,#5050,.F.);
#5310=ORIENTED_EDGE('',*,*,#5074,.F.);
#5311=ORIENTED_EDGE('',*,*,#5098,.F.);
#5312=ORIENTED_EDGE('',*,*,#5286,.F.);
#5313=EDGE_LOOP('',(#5303,#5304,#5305,#5306,#5307,#5308,#5309,#5310,#5311,#5312));
#5314=FACE_BOUND('',#5313,.T.);
#5315=ADVANCED_FACE('',(#5302,#5314),#5296,.T.);
#5316=CARTESIAN_POINT('',(-150.3,0.46,-5.727));
#5317=DIRECTION('',(0.,0.,-1.));
#5318=DIRECTION('',(-1.,0.,0.));
#5319=AXIS2_PLACEMENT_3D('',#5316,#5317,#5318);
#5320=PLANE('',#5319);
#5321=ORIENTED_EDGE('',*,*,#5202,.T.);
#5322=ORIENTED_EDGE('',*,*,#5145,.T.);
#5323=ORIENTED_EDGE('',*,*,#5262,.T.);
#5324=ORIENTED_EDGE('',*,*,#5233,.T.);
#5325=EDGE_LOOP('',(#5321,#5322,#5323,#5324));
#5326=FACE_BOUND('',#5325,.T.);
#5327=ADVANCED_FACE('',(#5326),#5320,.T.);
#5328=CARTESIAN_POINT('',(-23.608199444,-1.51920179,-5.677));
#5329=CARTESIAN_POINT('',(-23.608199444,-1.51920179,-5.76));
#5330=CARTESIAN_POINT('',(-23.608199444,-1.51920179,-5.8));
#5331=CARTESIAN_POINT('',(-23.608199444,-1.659035016,-5.677));
#5332=CARTESIAN_POINT('',(-23.608199444,-1.659035016,-5.76));
#5333=CARTESIAN_POINT('',(-23.608199444,-1.659035016,-5.8));
#5334=CARTESIAN_POINT('',(-23.480553517,-1.75909916,-5.677));
#5335=CARTESIAN_POINT('',(-23.480553517,-1.75909916,-5.76));
#5336=CARTESIAN_POINT('',(-23.480553517,-1.75909916,-5.8));
#5337=B_SPLINE_SURFACE_WITH_KNOTS('',2,1,((#5328,#5329,#5330),(#5331,#5332,#5333),(#5334,#5335,#5336)),.UNSPECIFIED.,.F.,.F.,.U.,(3,3),(2,1,2),(0.507448825,0.627550207),(0.17,1.,1.4),.UNSPECIFIED.);
#5338=ORIENTED_EDGE('',*,*,#1714,.F.);
#5339=CARTESIAN_POINT('',(-23.608199444,-1.51920179,-5.677));
#5340=VERTEX_POINT('',#5339);
#5341=CARTESIAN_POINT('',(-23.608199444,-1.51920179,-5.677));
#5342=DIRECTION('',(0.,0.,-1.));
#5343=VECTOR('',#5342,0.123);
#5344=LINE('',#5341,#5343);
#5345=EDGE_CURVE('',#5340,#1693,#5344,.T.);
#5346=ORIENTED_EDGE('',*,*,#5345,.F.);
#5347=CARTESIAN_POINT('',(-23.480553517,-1.75909916,-5.677));
#5348=VERTEX_POINT('',#5347);
#5349=CARTESIAN_POINT('',(-23.608199444,-1.51920179,-5.677));
#5350=CARTESIAN_POINT('',(-23.608199444,-1.566632813,-5.677));
#5351=CARTESIAN_POINT('',(-23.596298825,-1.61364497,-5.677));
#5352=CARTESIAN_POINT('',(-23.573152756,-1.654824137,-5.677));
#5353=CARTESIAN_POINT('',(-23.550006688,-1.696003305,-5.677));
#5354=CARTESIAN_POINT('',(-23.517694021,-1.729983991,-5.677));
#5355=CARTESIAN_POINT('',(-23.480553517,-1.75909916,-5.677));
#5356=B_SPLINE_CURVE_WITH_KNOTS('',3,(#5349,#5350,#5351,#5352,#5353,#5354,#5355),.UNSPECIFIED.,.F.,.F.,(4,3,4),(0.00010569,0.000247167,0.000388644),.UNSPECIFIED.);
#5357=EDGE_CURVE('',#5340,#5348,#5356,.T.);
#5358=ORIENTED_EDGE('',*,*,#5357,.T.);
#5359=CARTESIAN_POINT('',(-23.480553517,-1.75909916,-5.677));
#5360=DIRECTION('',(0.,0.,-1.));
#5361=VECTOR('',#5360,0.123);
#5362=LINE('',#5359,#5361);
#5363=EDGE_CURVE('',#5348,#1705,#5362,.T.);
#5364=ORIENTED_EDGE('',*,*,#5363,.T.);
#5365=EDGE_LOOP('',(#5338,#5346,#5358,#5364));
#5366=FACE_BOUND('',#5365,.T.);
#5367=ADVANCED_FACE('',(#5366),#5337,.T.);
#5368=CARTESIAN_POINT('',(-23.480553517,-1.280587294,-5.677));
#5369=CARTESIAN_POINT('',(-23.480553517,-1.280587294,-5.76));
#5370=CARTESIAN_POINT('',(-23.480553517,-1.280587294,-5.8));
#5371=CARTESIAN_POINT('',(-23.608199444,-1.379368564,-5.677));
#5372=CARTESIAN_POINT('',(-23.608199444,-1.379368564,-5.76));
#5373=CARTESIAN_POINT('',(-23.608199444,-1.379368564,-5.8));
#5374=CARTESIAN_POINT('',(-23.608199444,-1.51920179,-5.677));
#5375=CARTESIAN_POINT('',(-23.608199444,-1.51920179,-5.76));
#5376=CARTESIAN_POINT('',(-23.608199444,-1.51920179,-5.8));
#5377=B_SPLINE_SURFACE_WITH_KNOTS('',2,1,((#5368,#5369,#5370),(#5371,#5372,#5373),(#5374,#5375,#5376)),.UNSPECIFIED.,.F.,.F.,.U.,(3,3),(2,1,2),(0.387347443,0.507448825),(0.17,1.,1.4),.UNSPECIFIED.);
#5378=ORIENTED_EDGE('',*,*,#1702,.F.);
#5379=CARTESIAN_POINT('',(-23.480553517,-1.280587294,-5.677));
#5380=VERTEX_POINT('',#5379);
#5381=CARTESIAN_POINT('',(-23.480553517,-1.280587294,-5.677));
#5382=DIRECTION('',(0.,0.,-1.));
#5383=VECTOR('',#5382,0.123);
#5384=LINE('',#5381,#5383);
#5385=EDGE_CURVE('',#5380,#1691,#5384,.T.);
#5386=ORIENTED_EDGE('',*,*,#5385,.F.);
#5387=CARTESIAN_POINT('',(-23.480553517,-1.280587294,-5.677));
#5388=CARTESIAN_POINT('',(-23.517772068,-1.309389589,-5.677));
#5389=CARTESIAN_POINT('',(-23.550050928,-1.3429813,-5.677));
#5390=CARTESIAN_POINT('',(-23.573271206,-1.384141423,-5.677));
#5391=CARTESIAN_POINT('',(-23.596491484,-1.425301547,-5.677));
#5392=CARTESIAN_POINT('',(-23.608199444,-1.471832721,-5.677));
#5393=CARTESIAN_POINT('',(-23.608199444,-1.51920179,-5.677));
#5394=B_SPLINE_CURVE_WITH_KNOTS('',3,(#5387,#5388,#5389,#5390,#5391,#5392,#5393),.UNSPECIFIED.,.F.,.F.,(4,3,4),(0.,0.000139004,0.000278008),.UNSPECIFIED.);
#5395=EDGE_CURVE('',#5380,#5340,#5394,.T.);
#5396=ORIENTED_EDGE('',*,*,#5395,.T.);
#5397=ORIENTED_EDGE('',*,*,#5345,.T.);
#5398=EDGE_LOOP('',(#5378,#5386,#5396,#5397));
#5399=FACE_BOUND('',#5398,.T.);
#5400=ADVANCED_FACE('',(#5399),#5377,.T.);
#5401=CARTESIAN_POINT('',(-22.712753646,-1.280587294,-5.677));
#5402=CARTESIAN_POINT('',(-22.712753646,-1.280587294,-5.76));
#5403=CARTESIAN_POINT('',(-22.712753646,-1.280587294,-5.8));
#5404=CARTESIAN_POINT('',(-22.853869746,-1.170260161,-5.677));
#5405=CARTESIAN_POINT('',(-22.853869746,-1.170260161,-5.76));
#5406=CARTESIAN_POINT('',(-22.853869746,-1.170260161,-5.8));
#5407=CARTESIAN_POINT('',(-23.0969743,-1.170260161,-5.677));
#5408=CARTESIAN_POINT('',(-23.0969743,-1.170260161,-5.76));
#5409=CARTESIAN_POINT('',(-23.0969743,-1.170260161,-5.8));
#5410=CARTESIAN_POINT('',(-23.339437417,-1.170260161,-5.677));
#5411=CARTESIAN_POINT('',(-23.339437417,-1.170260161,-5.76));
#5412=CARTESIAN_POINT('',(-23.339437417,-1.170260161,-5.8));
#5413=CARTESIAN_POINT('',(-23.480553517,-1.280587294,-5.677));
#5414=CARTESIAN_POINT('',(-23.480553517,-1.280587294,-5.76));
#5415=CARTESIAN_POINT('',(-23.480553517,-1.280587294,-5.8));
#5416=B_SPLINE_SURFACE_WITH_KNOTS('',2,1,((#5401,#5402,#5403),(#5404,#5405,#5406),(#5407,#5408,#5409),(#5410,#5411,#5412),(#5413,#5414,#5415)),.UNSPECIFIED.,.F.,.F.,.U.,(3,2,3),(2,1,2),(0.12041911,0.254059583,0.387347443),(0.17,1.,1.4),.UNSPECIFIED.);
#5417=ORIENTED_EDGE('',*,*,#1772,.F.);
#5418=CARTESIAN_POINT('',(-22.712753646,-1.280587294,-5.677));
#5419=VERTEX_POINT('',#5418);
#5420=CARTESIAN_POINT('',(-22.712753646,-1.280587294,-5.677));
#5421=DIRECTION('',(0.,0.,-1.));
#5422=VECTOR('',#5421,0.123);
#5423=LINE('',#5420,#5422);
#5424=EDGE_CURVE('',#5419,#1747,#5423,.T.);
#5425=ORIENTED_EDGE('',*,*,#5424,.F.);
#5426=CARTESIAN_POINT('',(-22.712753646,-1.280587294,-5.677));
#5427=CARTESIAN_POINT('',(-22.766903431,-1.238252007,-5.677));
#5428=CARTESIAN_POINT('',(-22.828520523,-1.21080629,-5.677));
#5429=CARTESIAN_POINT('',(-22.894642746,-1.193671694,-5.677));
#5430=CARTESIAN_POINT('',(-22.960764969,-1.176537098,-5.677));
#5431=CARTESIAN_POINT('',(-23.028195545,-1.17030251,-5.677));
#5432=CARTESIAN_POINT('',(-23.09636941,-1.17026033,-5.677));
#5433=CARTESIAN_POINT('',(-23.164543274,-1.17021815,-5.677));
#5434=CARTESIAN_POINT('',(-23.23172815,-1.17644422,-5.677));
#5435=CARTESIAN_POINT('',(-23.297192955,-1.193243718,-5.677));
#5436=CARTESIAN_POINT('',(-23.36265776,-1.210043217,-5.677));
#5437=CARTESIAN_POINT('',(-23.426335161,-1.238198397,-5.677));
#5438=CARTESIAN_POINT('',(-23.480553517,-1.280587294,-5.677));
#5439=B_SPLINE_CURVE_WITH_KNOTS('',3,(#5426,#5427,#5428,#5429,#5430,#5431,#5432,#5433,#5434,#5435,#5436,#5437,#5438),.UNSPECIFIED.,.F.,.F.,(4,3,3,3,4),(0.001208449,0.001406615,0.00160478,0.001802946,0.002001111),.UNSPECIFIED.);
#5440=EDGE_CURVE('',#5419,#5380,#5439,.T.);
#5441=ORIENTED_EDGE('',*,*,#5440,.T.);
#5442=ORIENTED_EDGE('',*,*,#5385,.T.);
#5443=EDGE_LOOP('',(#5417,#5425,#5441,#5442));
#5444=FACE_BOUND('',#5443,.T.);
#5445=ADVANCED_FACE('',(#5444),#5416,.T.);
#5446=CARTESIAN_POINT('',(-22.585107719,-1.519843227,-5.677));
#5447=CARTESIAN_POINT('',(-22.585107719,-1.519843227,-5.76));
#5448=CARTESIAN_POINT('',(-22.585107719,-1.519843227,-5.8));
#5449=CARTESIAN_POINT('',(-22.585107719,-1.379368564,-5.677));
#5450=CARTESIAN_POINT('',(-22.585107719,-1.379368564,-5.76));
#5451=CARTESIAN_POINT('',(-22.585107719,-1.379368564,-5.8));
#5452=CARTESIAN_POINT('',(-22.712753646,-1.280587294,-5.677));
#5453=CARTESIAN_POINT('',(-22.712753646,-1.280587294,-5.76));
#5454=CARTESIAN_POINT('',(-22.712753646,-1.280587294,-5.8));
#5455=B_SPLINE_SURFACE_WITH_KNOTS('',2,1,((#5446,#5447,#5448),(#5449,#5450,#5451),(#5452,#5453,#5454)),.UNSPECIFIED.,.F.,.F.,.U.,(3,3),(2,1,2),(0.,0.12041911),(0.17,1.,1.4),.UNSPECIFIED.);
#5456=ORIENTED_EDGE('',*,*,#1756,.F.);
#5457=CARTESIAN_POINT('',(-22.585107719,-1.519843227,-5.677));
#5458=VERTEX_POINT('',#5457);
#5459=CARTESIAN_POINT('',(-22.585107719,-1.519843227,-5.677));
#5460=DIRECTION('',(0.,0.,-1.));
#5461=VECTOR('',#5460,0.123);
#5462=LINE('',#5459,#5461);
#5463=EDGE_CURVE('',#5458,#1735,#5462,.T.);
#5464=ORIENTED_EDGE('',*,*,#5463,.F.);
#5465=CARTESIAN_POINT('',(-22.585107719,-1.519843227,-5.677));
#5466=CARTESIAN_POINT('',(-22.585107719,-1.47260196,-5.677));
#5467=CARTESIAN_POINT('',(-22.596721972,-1.425893635,-5.677));
#5468=CARTESIAN_POINT('',(-22.619809992,-1.384689651,-5.677));
#5469=CARTESIAN_POINT('',(-22.642898013,-1.343485667,-5.677));
#5470=CARTESIAN_POINT('',(-22.675521004,-1.309400494,-5.677));
#5471=CARTESIAN_POINT('',(-22.712753646,-1.280587294,-5.677));
#5472=B_SPLINE_CURVE_WITH_KNOTS('',3,(#5465,#5466,#5467,#5468,#5469,#5470,#5471),.UNSPECIFIED.,.F.,.F.,(4,3,4),(0.000532568,0.000673795,0.000815023),.UNSPECIFIED.);
#5473=EDGE_CURVE('',#5458,#5419,#5472,.T.);
#5474=ORIENTED_EDGE('',*,*,#5473,.T.);
#5475=ORIENTED_EDGE('',*,*,#5424,.T.);
#5476=EDGE_LOOP('',(#5456,#5464,#5474,#5475));
#5477=FACE_BOUND('',#5476,.T.);
#5478=ADVANCED_FACE('',(#5477),#5455,.T.);
#5479=CARTESIAN_POINT('',(-22.712753646,-1.75909916,-5.677));
#5480=CARTESIAN_POINT('',(-22.712753646,-1.75909916,-5.76));
#5481=CARTESIAN_POINT('',(-22.712753646,-1.75909916,-5.8));
#5482=CARTESIAN_POINT('',(-22.585107719,-1.66031789,-5.677));
#5483=CARTESIAN_POINT('',(-22.585107719,-1.66031789,-5.76));
#5484=CARTESIAN_POINT('',(-22.585107719,-1.66031789,-5.8));
#5485=CARTESIAN_POINT('',(-22.585107719,-1.519843227,-5.677));
#5486=CARTESIAN_POINT('',(-22.585107719,-1.519843227,-5.76));
#5487=CARTESIAN_POINT('',(-22.585107719,-1.519843227,-5.8));
#5488=B_SPLINE_SURFACE_WITH_KNOTS('',2,1,((#5479,#5480,#5481),(#5482,#5483,#5484),(#5485,#5486,#5487)),.UNSPECIFIED.,.F.,.F.,.U.,(3,3),(2,1,2),(0.886335019,1.),(0.17,1.,1.4),.UNSPECIFIED.);
#5489=ORIENTED_EDGE('',*,*,#1744,.F.);
#5490=CARTESIAN_POINT('',(-22.712753646,-1.75909916,-5.677));
#5491=VERTEX_POINT('',#5490);
#5492=CARTESIAN_POINT('',(-22.712753646,-1.75909916,-5.677));
#5493=DIRECTION('',(0.,0.,-1.));
#5494=VECTOR('',#5493,0.123);
#5495=LINE('',#5492,#5494);
#5496=EDGE_CURVE('',#5491,#1717,#5495,.T.);
#5497=ORIENTED_EDGE('',*,*,#5496,.F.);
#5498=CARTESIAN_POINT('',(-22.712753646,-1.75909916,-5.677));
#5499=CARTESIAN_POINT('',(-22.675521004,-1.73028596,-5.677));
#5500=CARTESIAN_POINT('',(-22.642898013,-1.696200786,-5.677));
#5501=CARTESIAN_POINT('',(-22.619809992,-1.654996802,-5.677));
#5502=CARTESIAN_POINT('',(-22.596721972,-1.613792818,-5.677));
#5503=CARTESIAN_POINT('',(-22.585107719,-1.567084494,-5.677));
#5504=CARTESIAN_POINT('',(-22.585107719,-1.519843227,-5.677));
#5505=B_SPLINE_CURVE_WITH_KNOTS('',3,(#5498,#5499,#5500,#5501,#5502,#5503,#5504),.UNSPECIFIED.,.F.,.F.,(4,3,4),(0.000532568,0.000673795,0.000815023),.UNSPECIFIED.);
#5506=EDGE_CURVE('',#5491,#5458,#5505,.T.);
#5507=ORIENTED_EDGE('',*,*,#5506,.T.);
#5508=ORIENTED_EDGE('',*,*,#5463,.T.);
#5509=EDGE_LOOP('',(#5489,#5497,#5507,#5508));
#5510=FACE_BOUND('',#5509,.T.);
#5511=ADVANCED_FACE('',(#5510),#5488,.T.);
#5512=CARTESIAN_POINT('',(-23.472214839,-1.519843227,-5.677));
#5513=CARTESIAN_POINT('',(-23.472214839,-1.519843227,-5.727));
#5514=CARTESIAN_POINT('',(-23.472214839,-1.431966383,-5.677));
#5515=CARTESIAN_POINT('',(-23.472214839,-1.431966383,-5.727));
#5516=CARTESIAN_POINT('',(-23.36509489,-1.374237069,-5.677));
#5517=CARTESIAN_POINT('',(-23.36509489,-1.374237069,-5.727));
#5518=B_SPLINE_SURFACE_WITH_KNOTS('',2,1,((#5512,#5513),(#5514,#5515),(#5516,#5517)),.UNSPECIFIED.,.F.,.F.,.U.,(3,3),(2,2),(0.,0.125517871),(0.17,0.67),.UNSPECIFIED.);
#5519=CARTESIAN_POINT('',(-23.472214839,-1.519843227,-5.727));
#5520=VERTEX_POINT('',#5519);
#5521=CARTESIAN_POINT('',(-23.36509489,-1.374237069,-5.727));
#5522=VERTEX_POINT('',#5521);
#5523=CARTESIAN_POINT('',(-23.472214839,-1.519843227,-5.727));
#5524=CARTESIAN_POINT('',(-23.472214839,-1.487792963,-5.727));
#5525=CARTESIAN_POINT('',(-23.460089178,-1.456829769,-5.727));
#5526=CARTESIAN_POINT('',(-23.43979499,-1.43227889,-5.727));
#5527=CARTESIAN_POINT('',(-23.419500803,-1.40772801,-5.727));
#5528=CARTESIAN_POINT('',(-23.393146075,-1.389354474,-5.727));
#5529=CARTESIAN_POINT('',(-23.36509489,-1.374237069,-5.727));
#5530=B_SPLINE_CURVE_WITH_KNOTS('',3,(#5523,#5524,#5525,#5526,#5527,#5528,#5529),.UNSPECIFIED.,.F.,.F.,(4,3,4),(0.,0.000094832,0.000189663),.UNSPECIFIED.);
#5531=EDGE_CURVE('',#5520,#5522,#5530,.T.);
#5532=ORIENTED_EDGE('',*,*,#5531,.F.);
#5533=CARTESIAN_POINT('',(-23.472214839,-1.519843227,-5.677));
#5534=VERTEX_POINT('',#5533);
#5535=CARTESIAN_POINT('',(-23.472214839,-1.519843227,-5.677));
#5536=DIRECTION('',(0.,0.,-1.));
#5537=VECTOR('',#5536,0.05);
#5538=LINE('',#5535,#5537);
#5539=EDGE_CURVE('',#5534,#5520,#5538,.T.);
#5540=ORIENTED_EDGE('',*,*,#5539,.F.);
#5541=CARTESIAN_POINT('',(-23.36509489,-1.374237069,-5.677));
#5542=VERTEX_POINT('',#5541);
#5543=CARTESIAN_POINT('',(-23.472214839,-1.519843227,-5.677));
#5544=CARTESIAN_POINT('',(-23.472214839,-1.487868559,-5.677));
#5545=CARTESIAN_POINT('',(-23.459967019,-1.456646495,-5.677));
#5546=CARTESIAN_POINT('',(-23.439718846,-1.432186841,-5.677));
#5547=CARTESIAN_POINT('',(-23.419470674,-1.407727187,-5.677));
#5548=CARTESIAN_POINT('',(-23.393055892,-1.389305872,-5.677));
#5549=CARTESIAN_POINT('',(-23.36509489,-1.374237069,-5.677));
#5550=B_SPLINE_CURVE_WITH_KNOTS('',3,(#5543,#5544,#5545,#5546,#5547,#5548,#5549),.UNSPECIFIED.,.F.,.F.,(4,3,4),(0.000203844,0.000299768,0.000395692),.UNSPECIFIED.);
#5551=EDGE_CURVE('',#5534,#5542,#5550,.T.);
#5552=ORIENTED_EDGE('',*,*,#5551,.T.);
#5553=CARTESIAN_POINT('',(-23.36509489,-1.374237069,-5.677));
#5554=DIRECTION('',(0.,0.,-1.));
#5555=VECTOR('',#5554,0.05);
#5556=LINE('',#5553,#5555);
#5557=EDGE_CURVE('',#5542,#5522,#5556,.T.);
#5558=ORIENTED_EDGE('',*,*,#5557,.T.);
#5559=EDGE_LOOP('',(#5532,#5540,#5552,#5558));
#5560=FACE_BOUND('',#5559,.T.);
#5561=ADVANCED_FACE('',(#5560),#5518,.T.);
#5562=CARTESIAN_POINT('',(-23.36509489,-1.665449385,-5.677));
#5563=CARTESIAN_POINT('',(-23.36509489,-1.665449385,-5.727));
#5564=CARTESIAN_POINT('',(-23.472214839,-1.608361508,-5.677));
#5565=CARTESIAN_POINT('',(-23.472214839,-1.608361508,-5.727));
#5566=CARTESIAN_POINT('',(-23.472214839,-1.519843227,-5.677));
#5567=CARTESIAN_POINT('',(-23.472214839,-1.519843227,-5.727));
#5568=B_SPLINE_SURFACE_WITH_KNOTS('',2,1,((#5562,#5563),(#5564,#5565),(#5566,#5567)),.UNSPECIFIED.,.F.,.F.,.U.,(3,3),(2,2),(0.873918298,1.),(0.17,0.67),.UNSPECIFIED.);
#5569=CARTESIAN_POINT('',(-23.36509489,-1.665449385,-5.727));
#5570=VERTEX_POINT('',#5569);
#5571=CARTESIAN_POINT('',(-23.36509489,-1.665449385,-5.727));
#5572=CARTESIAN_POINT('',(-23.393177856,-1.650483013,-5.727));
#5573=CARTESIAN_POINT('',(-23.41961747,-1.632151242,-5.727));
#5574=CARTESIAN_POINT('',(-23.439877411,-1.60762536,-5.727));
#5575=CARTESIAN_POINT('',(-23.460137352,-1.583099478,-5.727));
#5576=CARTESIAN_POINT('',(-23.472214839,-1.551813869,-5.727));
#5577=CARTESIAN_POINT('',(-23.472214839,-1.519843227,-5.727));
#5578=B_SPLINE_CURVE_WITH_KNOTS('',3,(#5571,#5572,#5573,#5574,#5575,#5576,#5577),.UNSPECIFIED.,.F.,.F.,(4,3,4),(0.000294885,0.000390351,0.000485817),.UNSPECIFIED.);
#5579=EDGE_CURVE('',#5570,#5520,#5578,.T.);
#5580=ORIENTED_EDGE('',*,*,#5579,.F.);
#5581=CARTESIAN_POINT('',(-23.36509489,-1.665449385,-5.677));
#5582=VERTEX_POINT('',#5581);
#5583=CARTESIAN_POINT('',(-23.36509489,-1.665449385,-5.677));
#5584=DIRECTION('',(0.,0.,-1.));
#5585=VECTOR('',#5584,0.05);
#5586=LINE('',#5583,#5585);
#5587=EDGE_CURVE('',#5582,#5570,#5586,.T.);
#5588=ORIENTED_EDGE('',*,*,#5587,.F.);
#5589=CARTESIAN_POINT('',(-23.36509489,-1.665449385,-5.677));
#5590=CARTESIAN_POINT('',(-23.393199189,-1.650471645,-5.677));
#5591=CARTESIAN_POINT('',(-23.419117541,-1.632669375,-5.677));
#5592=CARTESIAN_POINT('',(-23.439646902,-1.607903819,-5.677));
#5593=CARTESIAN_POINT('',(-23.460176263,-1.583138263,-5.677));
#5594=CARTESIAN_POINT('',(-23.472214839,-1.552068779,-5.677));
#5595=CARTESIAN_POINT('',(-23.472214839,-1.519843227,-5.677));
#5596=B_SPLINE_CURVE_WITH_KNOTS('',3,(#5589,#5590,#5591,#5592,#5593,#5594,#5595),.UNSPECIFIED.,.F.,.F.,(4,3,4),(0.,0.000094178,0.000188356),.UNSPECIFIED.);
#5597=EDGE_CURVE('',#5582,#5534,#5596,.T.);
#5598=ORIENTED_EDGE('',*,*,#5597,.T.);
#5599=ORIENTED_EDGE('',*,*,#5539,.T.);
#5600=EDGE_LOOP('',(#5580,#5588,#5598,#5599));
#5601=FACE_BOUND('',#5600,.T.);
#5602=ADVANCED_FACE('',(#5601),#5568,.T.);
#5603=CARTESIAN_POINT('',(-22.826929399,-1.664807948,-5.677));
#5604=CARTESIAN_POINT('',(-22.826929399,-1.664807948,-5.727));
#5605=CARTESIAN_POINT('',(-22.932766474,-1.722537261,-5.677));
#5606=CARTESIAN_POINT('',(-22.932766474,-1.722537261,-5.727));
#5607=CARTESIAN_POINT('',(-23.091201369,-1.722537261,-5.677));
#5608=CARTESIAN_POINT('',(-23.091201369,-1.722537261,-5.727));
#5609=CARTESIAN_POINT('',(-23.256050631,-1.722537261,-5.677));
#5610=CARTESIAN_POINT('',(-23.256050631,-1.722537261,-5.727));
#5611=CARTESIAN_POINT('',(-23.36509489,-1.665449385,-5.677));
#5612=CARTESIAN_POINT('',(-23.36509489,-1.665449385,-5.727));
#5613=B_SPLINE_SURFACE_WITH_KNOTS('',2,1,((#5603,#5604),(#5605,#5606),(#5607,#5608),(#5609,#5610),(#5611,#5612)),.UNSPECIFIED.,.F.,.F.,.U.,(3,2,3),(2,2),(0.62319476,0.746069192,0.873918298),(0.17,0.67),.UNSPECIFIED.);
#5614=CARTESIAN_POINT('',(-22.826929399,-1.664807948,-5.727));
#5615=VERTEX_POINT('',#5614);
#5616=CARTESIAN_POINT('',(-22.826929399,-1.664807948,-5.727));
#5617=CARTESIAN_POINT('',(-22.867600287,-1.686992068,-5.727));
#5618=CARTESIAN_POINT('',(-22.912563798,-1.701724558,-5.727));
#5619=CARTESIAN_POINT('',(-22.957846619,-1.710572555,-5.727));
#5620=CARTESIAN_POINT('',(-23.003129439,-1.719420552,-5.727));
#5621=CARTESIAN_POINT('',(-23.049250636,-1.722750435,-5.727));
#5622=CARTESIAN_POINT('',(-23.095757386,-1.722526309,-5.727));
#5623=CARTESIAN_POINT('',(-23.142264136,-1.722302183,-5.727));
#5624=CARTESIAN_POINT('',(-23.188344402,-1.718724774,-5.727));
#5625=CARTESIAN_POINT('',(-23.233762387,-1.709940087,-5.727));
#5626=CARTESIAN_POINT('',(-23.279180372,-1.7011554,-5.727));
#5627=CARTESIAN_POINT('',(-23.324121649,-1.686900082,-5.727));
#5628=CARTESIAN_POINT('',(-23.36509489,-1.665449385,-5.727));
#5629=B_SPLINE_CURVE_WITH_KNOTS('',3,(#5616,#5617,#5618,#5619,#5620,#5621,#5622,#5623,#5624,#5625,#5626,#5627,#5628),.UNSPECIFIED.,.F.,.F.,(4,3,3,3,4),(0.00196797,0.002106953,0.002245937,0.00238492,0.002523903),.UNSPECIFIED.);
#5630=EDGE_CURVE('',#5615,#5570,#5629,.T.);
#5631=ORIENTED_EDGE('',*,*,#5630,.F.);
#5632=CARTESIAN_POINT('',(-22.826929399,-1.664807948,-5.677));
#5633=VERTEX_POINT('',#5632);
#5634=CARTESIAN_POINT('',(-22.826929399,-1.664807948,-5.677));
#5635=DIRECTION('',(0.,0.,-1.));
#5636=VECTOR('',#5635,0.05);
#5637=LINE('',#5634,#5636);
#5638=EDGE_CURVE('',#5633,#5615,#5637,.T.);
#5639=ORIENTED_EDGE('',*,*,#5638,.F.);
#5640=CARTESIAN_POINT('',(-22.826929399,-1.664807948,-5.677));
#5641=CARTESIAN_POINT('',(-22.867600287,-1.686992068,-5.677));
#5642=CARTESIAN_POINT('',(-22.912563798,-1.701724558,-5.677));
#5643=CARTESIAN_POINT('',(-22.957846619,-1.710572555,-5.677));
#5644=CARTESIAN_POINT('',(-23.003129439,-1.719420552,-5.677));
#5645=CARTESIAN_POINT('',(-23.049250636,-1.722750435,-5.677));
#5646=CARTESIAN_POINT('',(-23.095757386,-1.722526309,-5.677));
#5647=CARTESIAN_POINT('',(-23.142264136,-1.722302183,-5.677));
#5648=CARTESIAN_POINT('',(-23.188344402,-1.718724774,-5.677));
#5649=CARTESIAN_POINT('',(-23.233762387,-1.709940087,-5.677));
#5650=CARTESIAN_POINT('',(-23.279180372,-1.7011554,-5.677));
#5651=CARTESIAN_POINT('',(-23.324121649,-1.686900082,-5.677));
#5652=CARTESIAN_POINT('',(-23.36509489,-1.665449385,-5.677));
#5653=B_SPLINE_CURVE_WITH_KNOTS('',3,(#5640,#5641,#5642,#5643,#5644,#5645,#5646,#5647,#5648,#5649,#5650,#5651,#5652),.UNSPECIFIED.,.F.,.F.,(4,3,3,3,4),(0.00196797,0.002106953,0.002245937,0.00238492,0.002523903),.UNSPECIFIED.);
#5654=EDGE_CURVE('',#5633,#5582,#5653,.T.);
#5655=ORIENTED_EDGE('',*,*,#5654,.T.);
#5656=ORIENTED_EDGE('',*,*,#5587,.T.);
#5657=EDGE_LOOP('',(#5631,#5639,#5655,#5656));
#5658=FACE_BOUND('',#5657,.T.);
#5659=ADVANCED_FACE('',(#5658),#5613,.T.);
#5660=CARTESIAN_POINT('',(-22.720450887,-1.519843227,-5.677));
#5661=CARTESIAN_POINT('',(-22.720450887,-1.519843227,-5.727));
#5662=CARTESIAN_POINT('',(-22.720450887,-1.607078634,-5.677));
#5663=CARTESIAN_POINT('',(-22.720450887,-1.607078634,-5.727));
#5664=CARTESIAN_POINT('',(-22.826929399,-1.664807948,-5.677));
#5665=CARTESIAN_POINT('',(-22.826929399,-1.664807948,-5.727));
#5666=B_SPLINE_SURFACE_WITH_KNOTS('',2,1,((#5660,#5661),(#5662,#5663),(#5664,#5665)),.UNSPECIFIED.,.F.,.F.,.U.,(3,3),(2,2),(0.499745996,0.62319476),(0.17,0.67),.UNSPECIFIED.);
#5667=CARTESIAN_POINT('',(-22.720450887,-1.519843227,-5.727));
#5668=VERTEX_POINT('',#5667);
#5669=CARTESIAN_POINT('',(-22.720450887,-1.519843227,-5.727));
#5670=CARTESIAN_POINT('',(-22.720450887,-1.551569969,-5.727));
#5671=CARTESIAN_POINT('',(-22.73266951,-1.58270001,-5.727));
#5672=CARTESIAN_POINT('',(-22.752794953,-1.607039229,-5.727));
#5673=CARTESIAN_POINT('',(-22.772920396,-1.631378449,-5.727));
#5674=CARTESIAN_POINT('',(-22.799156009,-1.649750086,-5.727));
#5675=CARTESIAN_POINT('',(-22.826929399,-1.664807948,-5.727));
#5676=B_SPLINE_CURVE_WITH_KNOTS('',3,(#5669,#5670,#5671,#5672,#5673,#5674,#5675),.UNSPECIFIED.,.F.,.F.,(4,3,4),(0.000697883,0.000793063,0.000888244),.UNSPECIFIED.);
#5677=EDGE_CURVE('',#5668,#5615,#5676,.T.);
#5678=ORIENTED_EDGE('',*,*,#5677,.F.);
#5679=CARTESIAN_POINT('',(-22.720450887,-1.519843227,-5.677));
#5680=VERTEX_POINT('',#5679);
#5681=CARTESIAN_POINT('',(-22.720450887,-1.519843227,-5.677));
#5682=DIRECTION('',(0.,0.,-1.));
#5683=VECTOR('',#5682,0.05);
#5684=LINE('',#5681,#5683);
#5685=EDGE_CURVE('',#5680,#5668,#5684,.T.);
#5686=ORIENTED_EDGE('',*,*,#5685,.F.);
#5687=CARTESIAN_POINT('',(-22.720450887,-1.519843227,-5.677));
#5688=CARTESIAN_POINT('',(-22.720450887,-1.551569969,-5.677));
#5689=CARTESIAN_POINT('',(-22.73266951,-1.58270001,-5.677));
#5690=CARTESIAN_POINT('',(-22.752794953,-1.607039229,-5.677));
#5691=CARTESIAN_POINT('',(-22.772920396,-1.631378449,-5.677));
#5692=CARTESIAN_POINT('',(-22.799156009,-1.649750086,-5.677));
#5693=CARTESIAN_POINT('',(-22.826929399,-1.664807948,-5.677));
#5694=B_SPLINE_CURVE_WITH_KNOTS('',3,(#5687,#5688,#5689,#5690,#5691,#5692,#5693),.UNSPECIFIED.,.F.,.F.,(4,3,4),(0.000697883,0.000793063,0.000888244),.UNSPECIFIED.);
#5695=EDGE_CURVE('',#5680,#5633,#5694,.T.);
#5696=ORIENTED_EDGE('',*,*,#5695,.T.);
#5697=ORIENTED_EDGE('',*,*,#5638,.T.);
#5698=EDGE_LOOP('',(#5678,#5686,#5696,#5697));
#5699=FACE_BOUND('',#5698,.T.);
#5700=ADVANCED_FACE('',(#5699),#5666,.T.);
#5701=CARTESIAN_POINT('',(-22.826929399,-1.374237069,-5.677));
#5702=CARTESIAN_POINT('',(-22.826929399,-1.374237069,-5.727));
#5703=CARTESIAN_POINT('',(-22.720450887,-1.431966383,-5.677));
#5704=CARTESIAN_POINT('',(-22.720450887,-1.431966383,-5.727));
#5705=CARTESIAN_POINT('',(-22.720450887,-1.519843227,-5.677));
#5706=CARTESIAN_POINT('',(-22.720450887,-1.519843227,-5.727));
#5707=B_SPLINE_SURFACE_WITH_KNOTS('',2,1,((#5701,#5702),(#5703,#5704),(#5705,#5706)),.UNSPECIFIED.,.F.,.F.,.U.,(3,3),(2,2),(0.37538952,0.499745996),(0.17,0.67),.UNSPECIFIED.);
#5708=CARTESIAN_POINT('',(-22.826929399,-1.374237069,-5.727));
#5709=VERTEX_POINT('',#5708);
#5710=CARTESIAN_POINT('',(-22.826929399,-1.374237069,-5.727));
#5711=CARTESIAN_POINT('',(-22.798974275,-1.389394002,-5.727));
#5712=CARTESIAN_POINT('',(-22.772601533,-1.407950564,-5.727));
#5713=CARTESIAN_POINT('',(-22.752507705,-1.432484781,-5.727));
#5714=CARTESIAN_POINT('',(-22.732413877,-1.457018999,-5.727));
#5715=CARTESIAN_POINT('',(-22.720450887,-1.488065195,-5.727));
#5716=CARTESIAN_POINT('',(-22.720450887,-1.519843227,-5.727));
#5717=B_SPLINE_CURVE_WITH_KNOTS('',3,(#5710,#5711,#5712,#5713,#5714,#5715,#5716),.UNSPECIFIED.,.F.,.F.,(4,3,4),(0.00096897,0.001064369,0.001159768),.UNSPECIFIED.);
#5718=EDGE_CURVE('',#5709,#5668,#5717,.T.);
#5719=ORIENTED_EDGE('',*,*,#5718,.F.);
#5720=CARTESIAN_POINT('',(-22.826929399,-1.374237069,-5.677));
#5721=VERTEX_POINT('',#5720);
#5722=CARTESIAN_POINT('',(-22.826929399,-1.374237069,-5.677));
#5723=DIRECTION('',(0.,0.,-1.));
#5724=VECTOR('',#5723,0.05);
#5725=LINE('',#5722,#5724);
#5726=EDGE_CURVE('',#5721,#5709,#5725,.T.);
#5727=ORIENTED_EDGE('',*,*,#5726,.F.);
#5728=CARTESIAN_POINT('',(-22.826929399,-1.374237069,-5.677));
#5729=CARTESIAN_POINT('',(-22.798974275,-1.389394002,-5.677));
#5730=CARTESIAN_POINT('',(-22.772601533,-1.407950564,-5.677));
#5731=CARTESIAN_POINT('',(-22.752507705,-1.432484781,-5.677));
#5732=CARTESIAN_POINT('',(-22.732413877,-1.457018999,-5.677));
#5733=CARTESIAN_POINT('',(-22.720450887,-1.488065195,-5.677));
#5734=CARTESIAN_POINT('',(-22.720450887,-1.519843227,-5.677));
#5735=B_SPLINE_CURVE_WITH_KNOTS('',3,(#5728,#5729,#5730,#5731,#5732,#5733,#5734),.UNSPECIFIED.,.F.,.F.,(4,3,4),(0.00096897,0.001064369,0.001159768),.UNSPECIFIED.);
#5736=EDGE_CURVE('',#5721,#5680,#5735,.T.);
#5737=ORIENTED_EDGE('',*,*,#5736,.T.);
#5738=ORIENTED_EDGE('',*,*,#5685,.T.);
#5739=EDGE_LOOP('',(#5719,#5727,#5737,#5738));
#5740=FACE_BOUND('',#5739,.T.);
#5741=ADVANCED_FACE('',(#5740),#5707,.T.);
#5742=CARTESIAN_POINT('',(-23.36509489,-1.374237069,-5.677));
#5743=CARTESIAN_POINT('',(-23.36509489,-1.374237069,-5.727));
#5744=CARTESIAN_POINT('',(-23.258616378,-1.316507755,-5.677));
#5745=CARTESIAN_POINT('',(-23.258616378,-1.316507755,-5.727));
#5746=CARTESIAN_POINT('',(-23.096332863,-1.316507755,-5.677));
#5747=CARTESIAN_POINT('',(-23.096332863,-1.316507755,-5.727));
#5748=CARTESIAN_POINT('',(-22.934049348,-1.316507755,-5.677));
#5749=CARTESIAN_POINT('',(-22.934049348,-1.316507755,-5.727));
#5750=CARTESIAN_POINT('',(-22.826929399,-1.374237069,-5.677));
#5751=CARTESIAN_POINT('',(-22.826929399,-1.374237069,-5.727));
#5752=B_SPLINE_SURFACE_WITH_KNOTS('',2,1,((#5742,#5743),(#5744,#5745),(#5746,#5747),(#5748,#5749),(#5750,#5751)),.UNSPECIFIED.,.F.,.F.,.U.,(3,2,3),(2,2),(0.125517871,0.250453696,0.37538952),(0.17,0.67),.UNSPECIFIED.);
#5753=CARTESIAN_POINT('',(-23.36509489,-1.374237069,-5.727));
#5754=CARTESIAN_POINT('',(-23.32439199,-1.352169232,-5.727));
#5755=CARTESIAN_POINT('',(-23.279421465,-1.337604183,-5.727));
#5756=CARTESIAN_POINT('',(-23.234048754,-1.328766749,-5.727));
#5757=CARTESIAN_POINT('',(-23.188676044,-1.319929314,-5.727));
#5758=CARTESIAN_POINT('',(-23.142576962,-1.316490417,-5.727));
#5759=CARTESIAN_POINT('',(-23.096025005,-1.316507807,-5.727));
#5760=CARTESIAN_POINT('',(-23.049473048,-1.316525197,-5.727));
#5761=CARTESIAN_POINT('',(-23.003376693,-1.320000445,-5.727));
#5762=CARTESIAN_POINT('',(-22.957990076,-1.328862345,-5.727));
#5763=CARTESIAN_POINT('',(-22.91260346,-1.337724246,-5.727));
#5764=CARTESIAN_POINT('',(-22.867673249,-1.352279306,-5.727));
#5765=CARTESIAN_POINT('',(-22.826929399,-1.374237069,-5.727));
#5766=B_SPLINE_CURVE_WITH_KNOTS('',3,(#5753,#5754,#5755,#5756,#5757,#5758,#5759,#5760,#5761,#5762,#5763,#5764,#5765),.UNSPECIFIED.,.F.,.F.,(4,3,3,3,4),(0.001937939,0.00207684,0.002215741,0.002354642,0.002493543),.UNSPECIFIED.);
#5767=EDGE_CURVE('',#5522,#5709,#5766,.T.);
#5768=ORIENTED_EDGE('',*,*,#5767,.F.);
#5769=ORIENTED_EDGE('',*,*,#5557,.F.);
#5770=CARTESIAN_POINT('',(-23.36509489,-1.374237069,-5.677));
#5771=CARTESIAN_POINT('',(-23.32439199,-1.352169232,-5.677));
#5772=CARTESIAN_POINT('',(-23.279421465,-1.337604183,-5.677));
#5773=CARTESIAN_POINT('',(-23.234048754,-1.328766749,-5.677));
#5774=CARTESIAN_POINT('',(-23.188676044,-1.319929314,-5.677));
#5775=CARTESIAN_POINT('',(-23.142576962,-1.316490417,-5.677));
#5776=CARTESIAN_POINT('',(-23.096025005,-1.316507807,-5.677));
#5777=CARTESIAN_POINT('',(-23.049473048,-1.316525197,-5.677));
#5778=CARTESIAN_POINT('',(-23.003376693,-1.320000445,-5.677));
#5779=CARTESIAN_POINT('',(-22.957990076,-1.328862345,-5.677));
#5780=CARTESIAN_POINT('',(-22.91260346,-1.337724246,-5.677));
#5781=CARTESIAN_POINT('',(-22.867673249,-1.352279306,-5.677));
#5782=CARTESIAN_POINT('',(-22.826929399,-1.374237069,-5.677));
#5783=B_SPLINE_CURVE_WITH_KNOTS('',3,(#5770,#5771,#5772,#5773,#5774,#5775,#5776,#5777,#5778,#5779,#5780,#5781,#5782),.UNSPECIFIED.,.F.,.F.,(4,3,3,3,4),(0.001937939,0.00207684,0.002215741,0.002354642,0.002493543),.UNSPECIFIED.);
#5784=EDGE_CURVE('',#5542,#5721,#5783,.T.);
#5785=ORIENTED_EDGE('',*,*,#5784,.T.);
#5786=ORIENTED_EDGE('',*,*,#5726,.T.);
#5787=EDGE_LOOP('',(#5768,#5769,#5785,#5786));
#5788=FACE_BOUND('',#5787,.T.);
#5789=ADVANCED_FACE('',(#5788),#5752,.T.);
#5790=CARTESIAN_POINT('',(-23.480553517,-1.75909916,-5.677));
#5791=CARTESIAN_POINT('',(-23.480553517,-1.75909916,-5.76));
#5792=CARTESIAN_POINT('',(-23.480553517,-1.75909916,-5.8));
#5793=CARTESIAN_POINT('',(-23.339437417,-1.869426293,-5.677));
#5794=CARTESIAN_POINT('',(-23.339437417,-1.869426293,-5.76));
#5795=CARTESIAN_POINT('',(-23.339437417,-1.869426293,-5.8));
#5796=CARTESIAN_POINT('',(-23.090559932,-1.869426293,-5.677));
#5797=CARTESIAN_POINT('',(-23.090559932,-1.869426293,-5.76));
#5798=CARTESIAN_POINT('',(-23.090559932,-1.869426293,-5.8));
#5799=CARTESIAN_POINT('',(-22.853869746,-1.869426293,-5.677));
#5800=CARTESIAN_POINT('',(-22.853869746,-1.869426293,-5.76));
#5801=CARTESIAN_POINT('',(-22.853869746,-1.869426293,-5.8));
#5802=CARTESIAN_POINT('',(-22.712753646,-1.75909916,-5.677));
#5803=CARTESIAN_POINT('',(-22.712753646,-1.75909916,-5.76));
#5804=CARTESIAN_POINT('',(-22.712753646,-1.75909916,-5.8));
#5805=B_SPLINE_SURFACE_WITH_KNOTS('',2,1,((#5790,#5791,#5792),(#5793,#5794,#5795),(#5796,#5797,#5798),(#5799,#5800,#5801),(#5802,#5803,#5804)),.UNSPECIFIED.,.F.,.F.,.U.,(3,2,3),(2,1,2),(0.627550207,0.760190243,0.886335019),(0.17,1.,1.4),.UNSPECIFIED.);
#5806=ORIENTED_EDGE('',*,*,#1732,.F.);
#5807=ORIENTED_EDGE('',*,*,#5363,.F.);
#5808=CARTESIAN_POINT('',(-23.480553517,-1.75909916,-5.677));
#5809=CARTESIAN_POINT('',(-23.42636634,-1.801463681,-5.677));
#5810=CARTESIAN_POINT('',(-23.363631862,-1.828931405,-5.677));
#5811=CARTESIAN_POINT('',(-23.297707096,-1.845830136,-5.677));
#5812=CARTESIAN_POINT('',(-23.23178233,-1.862728866,-5.677));
#5813=CARTESIAN_POINT('',(-23.164442861,-1.869060404,-5.677));
#5814=CARTESIAN_POINT('',(-23.096302753,-1.869411533,-5.677));
#5815=CARTESIAN_POINT('',(-23.028162645,-1.869762663,-5.677));
#5816=CARTESIAN_POINT('',(-22.960658515,-1.863692551,-5.677));
#5817=CARTESIAN_POINT('',(-22.894653511,-1.846506598,-5.677));
#5818=CARTESIAN_POINT('',(-22.828648508,-1.829320645,-5.677));
#5819=CARTESIAN_POINT('',(-22.766862124,-1.801402152,-5.677));
#5820=CARTESIAN_POINT('',(-22.712753646,-1.75909916,-5.677));
#5821=B_SPLINE_CURVE_WITH_KNOTS('',3,(#5808,#5809,#5810,#5811,#5812,#5813,#5814,#5815,#5816,#5817,#5818,#5819,#5820),.UNSPECIFIED.,.F.,.F.,(4,3,3,3,4),(0.00128154,0.001485507,0.001689473,0.001893439,0.002097406),.UNSPECIFIED.);
#5822=EDGE_CURVE('',#5348,#5491,#5821,.T.);
#5823=ORIENTED_EDGE('',*,*,#5822,.T.);
#5824=ORIENTED_EDGE('',*,*,#5496,.T.);
#5825=EDGE_LOOP('',(#5806,#5807,#5823,#5824));
#5826=FACE_BOUND('',#5825,.T.);
#5827=ADVANCED_FACE('',(#5826),#5805,.T.);
#5828=CARTESIAN_POINT('',(-150.3,0.46,-5.677));
#5829=DIRECTION('',(0.,0.,-1.));
#5830=DIRECTION('',(-1.,0.,0.));
#5831=AXIS2_PLACEMENT_3D('',#5828,#5829,#5830);
#5832=PLANE('',#5831);
#5833=ORIENTED_EDGE('',*,*,#5551,.F.);
#5834=ORIENTED_EDGE('',*,*,#5597,.F.);
#5835=ORIENTED_EDGE('',*,*,#5654,.F.);
#5836=ORIENTED_EDGE('',*,*,#5695,.F.);
#5837=ORIENTED_EDGE('',*,*,#5736,.F.);
#5838=ORIENTED_EDGE('',*,*,#5784,.F.);
#5839=EDGE_LOOP('',(#5833,#5834,#5835,#5836,#5837,#5838));
#5840=FACE_BOUND('',#5839,.T.);
#5841=ORIENTED_EDGE('',*,*,#5357,.F.);
#5842=ORIENTED_EDGE('',*,*,#5395,.F.);
#5843=ORIENTED_EDGE('',*,*,#5440,.F.);
#5844=ORIENTED_EDGE('',*,*,#5473,.F.);
#5845=ORIENTED_EDGE('',*,*,#5506,.F.);
#5846=ORIENTED_EDGE('',*,*,#5822,.F.);
#5847=EDGE_LOOP('',(#5841,#5842,#5843,#5844,#5845,#5846));
#5848=FACE_BOUND('',#5847,.T.);
#5849=ADVANCED_FACE('',(#5840,#5848),#5832,.T.);
#5850=CARTESIAN_POINT('',(-150.3,0.46,-5.727));
#5851=DIRECTION('',(0.,0.,-1.));
#5852=DIRECTION('',(-1.,0.,0.));
#5853=AXIS2_PLACEMENT_3D('',#5850,#5851,#5852);
#5854=PLANE('',#5853);
#5855=ORIENTED_EDGE('',*,*,#5579,.T.);
#5856=ORIENTED_EDGE('',*,*,#5531,.T.);
#5857=ORIENTED_EDGE('',*,*,#5767,.T.);
#5858=ORIENTED_EDGE('',*,*,#5718,.T.);
#5859=ORIENTED_EDGE('',*,*,#5677,.T.);
#5860=ORIENTED_EDGE('',*,*,#5630,.T.);
#5861=EDGE_LOOP('',(#5855,#5856,#5857,#5858,#5859,#5860));
#5862=FACE_BOUND('',#5861,.T.);
#5863=ADVANCED_FACE('',(#5862),#5854,.T.);
#5864=CARTESIAN_POINT('',(-23.610123755,-3.344089539,-5.677));
#5865=CARTESIAN_POINT('',(-23.610123755,-3.344089539,-5.76));
#5866=CARTESIAN_POINT('',(-23.610123755,-3.344089539,-5.8));
#5867=CARTESIAN_POINT('',(-23.610123755,-3.381934311,-5.677));
#5868=CARTESIAN_POINT('',(-23.610123755,-3.381934311,-5.76));
#5869=CARTESIAN_POINT('',(-23.610123755,-3.381934311,-5.8));
#5870=CARTESIAN_POINT('',(-23.584466282,-3.407591784,-5.677));
#5871=CARTESIAN_POINT('',(-23.584466282,-3.407591784,-5.76));
#5872=CARTESIAN_POINT('',(-23.584466282,-3.407591784,-5.8));
#5873=CARTESIAN_POINT('',(-23.558808809,-3.433249256,-5.677));
#5874=CARTESIAN_POINT('',(-23.558808809,-3.433249256,-5.76));
#5875=CARTESIAN_POINT('',(-23.558808809,-3.433249256,-5.8));
#5876=CARTESIAN_POINT('',(-23.5203226,-3.433249256,-5.677));
#5877=CARTESIAN_POINT('',(-23.5203226,-3.433249256,-5.76));
#5878=CARTESIAN_POINT('',(-23.5203226,-3.433249256,-5.8));
#5879=CARTESIAN_POINT('',(-23.484402138,-3.433249256,-5.677));
#5880=CARTESIAN_POINT('',(-23.484402138,-3.433249256,-5.76));
#5881=CARTESIAN_POINT('',(-23.484402138,-3.433249256,-5.8));
#5882=CARTESIAN_POINT('',(-23.458103229,-3.406950347,-5.677));
#5883=CARTESIAN_POINT('',(-23.458103229,-3.406950347,-5.76));
#5884=CARTESIAN_POINT('',(-23.458103229,-3.406950347,-5.8));
#5885=CARTESIAN_POINT('',(-23.431804319,-3.380651437,-5.677));
#5886=CARTESIAN_POINT('',(-23.431804319,-3.380651437,-5.76));
#5887=CARTESIAN_POINT('',(-23.431804319,-3.380651437,-5.8));
#5888=CARTESIAN_POINT('',(-23.431804319,-3.344089539,-5.677));
#5889=CARTESIAN_POINT('',(-23.431804319,-3.344089539,-5.76));
#5890=CARTESIAN_POINT('',(-23.431804319,-3.344089539,-5.8));
#5891=B_SPLINE_SURFACE_WITH_KNOTS('',2,1,((#5864,#5865,#5866),(#5867,#5868,#5869),(#5870,#5871,#5872),(#5873,#5874,#5875),(#5876,#5877,#5878),(#5879,#5880,#5881),(#5882,#5883,#5884),(#5885,#5886,#5887),(#5888,#5889,#5890)),.UNSPECIFIED.,.F.,.F.,.U.,(3,2,2,2,3),(2,1,2),(0.506667628,0.634253586,0.761839544,0.880919772,1.),(0.17,1.,1.4),.UNSPECIFIED.);
#5892=ORIENTED_EDGE('',*,*,#1810,.F.);
#5893=CARTESIAN_POINT('',(-23.610123755,-3.344089539,-5.677));
#5894=VERTEX_POINT('',#5893);
#5895=CARTESIAN_POINT('',(-23.610123755,-3.344089539,-5.677));
#5896=DIRECTION('',(0.,0.,-1.));
#5897=VECTOR('',#5896,0.123);
#5898=LINE('',#5895,#5897);
#5899=EDGE_CURVE('',#5894,#1779,#5898,.T.);
#5900=ORIENTED_EDGE('',*,*,#5899,.F.);
#5901=CARTESIAN_POINT('',(-23.431804319,-3.344089539,-5.677));
#5902=VERTEX_POINT('',#5901);
#5903=CARTESIAN_POINT('',(-23.610123755,-3.344089539,-5.677));
#5904=CARTESIAN_POINT('',(-23.610123755,-3.367662226,-5.677));
#5905=CARTESIAN_POINT('',(-23.601057283,-3.390938239,-5.677));
#5906=CARTESIAN_POINT('',(-23.584597447,-3.407460371,-5.677));
#5907=CARTESIAN_POINT('',(-23.56813761,-3.423982503,-5.677));
#5908=CARTESIAN_POINT('',(-23.544854825,-3.433036681,-5.677));
#5909=CARTESIAN_POINT('',(-23.521296815,-3.433245136,-5.677));
#5910=CARTESIAN_POINT('',(-23.497738806,-3.433453591,-5.677));
#5911=CARTESIAN_POINT('',(-23.47480867,-3.423589006,-5.677));
#5912=CARTESIAN_POINT('',(-23.458258144,-3.407104951,-5.677));
#5913=CARTESIAN_POINT('',(-23.441707618,-3.390620896,-5.677));
#5914=CARTESIAN_POINT('',(-23.431804319,-3.367680499,-5.677));
#5915=CARTESIAN_POINT('',(-23.431804319,-3.344089539,-5.677));
#5916=B_SPLINE_CURVE_WITH_KNOTS('',3,(#5903,#5904,#5905,#5906,#5907,#5908,#5909,#5910,#5911,#5912,#5913,#5914,#5915),.UNSPECIFIED.,.F.,.F.,(4,3,3,3,4),(0.000545368,0.000615044,0.00068472,0.000754396,0.000824072),.UNSPECIFIED.);
#5917=EDGE_CURVE('',#5894,#5902,#5916,.T.);
#5918=ORIENTED_EDGE('',*,*,#5917,.T.);
#5919=CARTESIAN_POINT('',(-23.431804319,-3.344089539,-5.677));
#5920=DIRECTION('',(0.,0.,-1.));
#5921=VECTOR('',#5920,0.123);
#5922=LINE('',#5919,#5921);
#5923=EDGE_CURVE('',#5902,#1777,#5922,.T.);
#5924=ORIENTED_EDGE('',*,*,#5923,.T.);
#5925=EDGE_LOOP('',(#5892,#5900,#5918,#5924));
#5926=FACE_BOUND('',#5925,.T.);
#5927=ADVANCED_FACE('',(#5926),#5891,.T.);
#5928=CARTESIAN_POINT('',(-23.431804319,-3.344089539,-5.677));
#5929=CARTESIAN_POINT('',(-23.431804319,-3.344089539,-5.76));
#5930=CARTESIAN_POINT('',(-23.431804319,-3.344089539,-5.8));
#5931=CARTESIAN_POINT('',(-23.431804319,-3.30752764,-5.677));
#5932=CARTESIAN_POINT('',(-23.431804319,-3.30752764,-5.76));
#5933=CARTESIAN_POINT('',(-23.431804319,-3.30752764,-5.8));
#5934=CARTESIAN_POINT('',(-23.458103229,-3.28122873,-5.677));
#5935=CARTESIAN_POINT('',(-23.458103229,-3.28122873,-5.76));
#5936=CARTESIAN_POINT('',(-23.458103229,-3.28122873,-5.8));
#5937=CARTESIAN_POINT('',(-23.484402138,-3.254929821,-5.677));
#5938=CARTESIAN_POINT('',(-23.484402138,-3.254929821,-5.76));
#5939=CARTESIAN_POINT('',(-23.484402138,-3.254929821,-5.8));
#5940=CARTESIAN_POINT('',(-23.520964037,-3.254929821,-5.677));
#5941=CARTESIAN_POINT('',(-23.520964037,-3.254929821,-5.76));
#5942=CARTESIAN_POINT('',(-23.520964037,-3.254929821,-5.8));
#5943=CARTESIAN_POINT('',(-23.558167372,-3.254929821,-5.677));
#5944=CARTESIAN_POINT('',(-23.558167372,-3.254929821,-5.76));
#5945=CARTESIAN_POINT('',(-23.558167372,-3.254929821,-5.8));
#5946=CARTESIAN_POINT('',(-23.584466282,-3.28122873,-5.677));
#5947=CARTESIAN_POINT('',(-23.584466282,-3.28122873,-5.76));
#5948=CARTESIAN_POINT('',(-23.584466282,-3.28122873,-5.8));
#5949=CARTESIAN_POINT('',(-23.610123755,-3.306886203,-5.677));
#5950=CARTESIAN_POINT('',(-23.610123755,-3.306886203,-5.76));
#5951=CARTESIAN_POINT('',(-23.610123755,-3.306886203,-5.8));
#5952=CARTESIAN_POINT('',(-23.610123755,-3.344089539,-5.677));
#5953=CARTESIAN_POINT('',(-23.610123755,-3.344089539,-5.76));
#5954=CARTESIAN_POINT('',(-23.610123755,-3.344089539,-5.8));
#5955=B_SPLINE_SURFACE_WITH_KNOTS('',2,1,((#5928,#5929,#5930),(#5931,#5932,#5933),(#5934,#5935,#5936),(#5937,#5938,#5939),(#5940,#5941,#5942),(#5943,#5944,#5945),(#5946,#5947,#5948),(#5949,#5950,#5951),(#5952,#5953,#5954)),.UNSPECIFIED.,.F.,.F.,.U.,(3,2,2,2,3),(2,1,2),(0.,0.126342536,0.252685072,0.381244143,0.506667628),(0.17,1.,1.4),.UNSPECIFIED.);
#5956=ORIENTED_EDGE('',*,*,#1794,.F.);
#5957=ORIENTED_EDGE('',*,*,#5923,.F.);
#5958=CARTESIAN_POINT('',(-23.431804319,-3.344089539,-5.677));
#5959=CARTESIAN_POINT('',(-23.431804319,-3.320518251,-5.677));
#5960=CARTESIAN_POINT('',(-23.441655067,-3.297641367,-5.677));
#5961=CARTESIAN_POINT('',(-23.45818482,-3.281147227,-5.677));
#5962=CARTESIAN_POINT('',(-23.474714574,-3.264653086,-5.677));
#5963=CARTESIAN_POINT('',(-23.497727803,-3.25489967,-5.677));
#5964=CARTESIAN_POINT('',(-23.521100119,-3.254929909,-5.677));
#5965=CARTESIAN_POINT('',(-23.544472436,-3.254960147,-5.677));
#5966=CARTESIAN_POINT('',(-23.567463787,-3.264349378,-5.677));
#5967=CARTESIAN_POINT('',(-23.584190481,-3.28095395,-5.677));
#5968=CARTESIAN_POINT('',(-23.600917175,-3.297558522,-5.677));
#5969=CARTESIAN_POINT('',(-23.610123755,-3.320506206,-5.677));
#5970=CARTESIAN_POINT('',(-23.610123755,-3.344089539,-5.677));
#5971=B_SPLINE_CURVE_WITH_KNOTS('',3,(#5958,#5959,#5960,#5961,#5962,#5963,#5964,#5965,#5966,#5967,#5968,#5969,#5970),.UNSPECIFIED.,.F.,.F.,(4,3,3,3,4),(0.,0.000069825,0.000139651,0.000209476,0.000279301),.UNSPECIFIED.);
#5972=EDGE_CURVE('',#5902,#5894,#5971,.T.);
#5973=ORIENTED_EDGE('',*,*,#5972,.T.);
#5974=ORIENTED_EDGE('',*,*,#5899,.T.);
#5975=EDGE_LOOP('',(#5956,#5957,#5973,#5974));
#5976=FACE_BOUND('',#5975,.T.);
#5977=ADVANCED_FACE('',(#5976),#5955,.T.);
#5978=CARTESIAN_POINT('',(-150.3,0.46,-5.677));
#5979=DIRECTION('',(0.,0.,-1.));
#5980=DIRECTION('',(-1.,0.,0.));
#5981=AXIS2_PLACEMENT_3D('',#5978,#5979,#5980);
#5982=PLANE('',#5981);
#5983=ORIENTED_EDGE('',*,*,#5917,.F.);
#5984=ORIENTED_EDGE('',*,*,#5972,.F.);
#5985=EDGE_LOOP('',(#5983,#5984));
#5986=FACE_BOUND('',#5985,.T.);
#5987=ADVANCED_FACE('',(#5986),#5982,.T.);
#5988=CARTESIAN_POINT('',(-23.128404704,-3.344089539,-5.677));
#5989=CARTESIAN_POINT('',(-23.128404704,-3.344089539,-5.76));
#5990=CARTESIAN_POINT('',(-23.128404704,-3.344089539,-5.8));
#5991=CARTESIAN_POINT('',(-23.128404704,-3.381292874,-5.677));
#5992=CARTESIAN_POINT('',(-23.128404704,-3.381292874,-5.76));
#5993=CARTESIAN_POINT('',(-23.128404704,-3.381292874,-5.8));
#5994=CARTESIAN_POINT('',(-23.102105794,-3.407591784,-5.677));
#5995=CARTESIAN_POINT('',(-23.102105794,-3.407591784,-5.76));
#5996=CARTESIAN_POINT('',(-23.102105794,-3.407591784,-5.8));
#5997=CARTESIAN_POINT('',(-23.076448322,-3.433249256,-5.677));
#5998=CARTESIAN_POINT('',(-23.076448322,-3.433249256,-5.76));
#5999=CARTESIAN_POINT('',(-23.076448322,-3.433249256,-5.8));
#6000=CARTESIAN_POINT('',(-23.037962113,-3.433249256,-5.677));
#6001=CARTESIAN_POINT('',(-23.037962113,-3.433249256,-5.76));
#6002=CARTESIAN_POINT('',(-23.037962113,-3.433249256,-5.8));
#6003=CARTESIAN_POINT('',(-23.002683088,-3.433249256,-5.677));
#6004=CARTESIAN_POINT('',(-23.002683088,-3.433249256,-5.76));
#6005=CARTESIAN_POINT('',(-23.002683088,-3.433249256,-5.8));
#6006=CARTESIAN_POINT('',(-22.976384178,-3.406950347,-5.677));
#6007=CARTESIAN_POINT('',(-22.976384178,-3.406950347,-5.76));
#6008=CARTESIAN_POINT('',(-22.976384178,-3.406950347,-5.8));
#6009=CARTESIAN_POINT('',(-22.950085268,-3.380651437,-5.677));
#6010=CARTESIAN_POINT('',(-22.950085268,-3.380651437,-5.76));
#6011=CARTESIAN_POINT('',(-22.950085268,-3.380651437,-5.8));
#6012=CARTESIAN_POINT('',(-22.950085268,-3.344089539,-5.677));
#6013=CARTESIAN_POINT('',(-22.950085268,-3.344089539,-5.76));
#6014=CARTESIAN_POINT('',(-22.950085268,-3.344089539,-5.8));
#6015=B_SPLINE_SURFACE_WITH_KNOTS('',2,1,((#5988,#5989,#5990),(#5991,#5992,#5993),(#5994,#5995,#5996),(#5997,#5998,#5999),(#6000,#6001,#6002),(#6003,#6004,#6005),(#6006,#6007,#6008),(#6009,#6010,#6011),(#6012,#6013,#6014)),.UNSPECIFIED.,.F.,.F.,.U.,(3,2,2,2,3),(2,1,2),(0.517646826,0.645788166,0.770804108,0.885402054,1.),(0.17,1.,1.4),.UNSPECIFIED.);
#6016=ORIENTED_EDGE('',*,*,#1848,.F.);
#6017=CARTESIAN_POINT('',(-23.128404704,-3.344089539,-5.677));
#6018=VERTEX_POINT('',#6017);
#6019=CARTESIAN_POINT('',(-23.128404704,-3.344089539,-5.677));
#6020=DIRECTION('',(0.,0.,-1.));
#6021=VECTOR('',#6020,0.123);
#6022=LINE('',#6019,#6021);
#6023=EDGE_CURVE('',#6018,#1817,#6022,.T.);
#6024=ORIENTED_EDGE('',*,*,#6023,.F.);
#6025=CARTESIAN_POINT('',(-22.950085268,-3.344089539,-5.677));
#6026=VERTEX_POINT('',#6025);
#6027=CARTESIAN_POINT('',(-23.128404704,-3.344089539,-5.677));
#6028=CARTESIAN_POINT('',(-23.128404704,-3.36762777,-5.677));
#6029=CARTESIAN_POINT('',(-23.118977848,-3.390516929,-5.677));
#6030=CARTESIAN_POINT('',(-23.10255296,-3.407141906,-5.677));
#6031=CARTESIAN_POINT('',(-23.086128071,-3.423766884,-5.677));
#6032=CARTESIAN_POINT('',(-23.062991545,-3.432924226,-5.677));
#6033=CARTESIAN_POINT('',(-23.039447431,-3.43323965,-5.677));
#6034=CARTESIAN_POINT('',(-23.015903317,-3.433555073,-5.677));
#6035=CARTESIAN_POINT('',(-22.993028432,-3.423546061,-5.677));
#6036=CARTESIAN_POINT('',(-22.976499049,-3.407065049,-5.677));
#6037=CARTESIAN_POINT('',(-22.959969666,-3.390584038,-5.677));
#6038=CARTESIAN_POINT('',(-22.950085268,-3.367661526,-5.677));
#6039=CARTESIAN_POINT('',(-22.950085268,-3.344089539,-5.677));
#6040=B_SPLINE_CURVE_WITH_KNOTS('',3,(#6027,#6028,#6029,#6030,#6031,#6032,#6033,#6034,#6035,#6036,#6037,#6038,#6039),.UNSPECIFIED.,.F.,.F.,(4,3,3,3,4),(0.000574535,0.00064322,0.000711906,0.000780591,0.000849276),.UNSPECIFIED.);
#6041=EDGE_CURVE('',#6018,#6026,#6040,.T.);
#6042=ORIENTED_EDGE('',*,*,#6041,.T.);
#6043=CARTESIAN_POINT('',(-22.950085268,-3.344089539,-5.677));
#6044=DIRECTION('',(0.,0.,-1.));
#6045=VECTOR('',#6044,0.123);
#6046=LINE('',#6043,#6045);
#6047=EDGE_CURVE('',#6026,#1815,#6046,.T.);
#6048=ORIENTED_EDGE('',*,*,#6047,.T.);
#6049=EDGE_LOOP('',(#6016,#6024,#6042,#6048));
#6050=FACE_BOUND('',#6049,.T.);
#6051=ADVANCED_FACE('',(#6050),#6015,.T.);
#6052=CARTESIAN_POINT('',(-22.950085268,-3.344089539,-5.677));
#6053=CARTESIAN_POINT('',(-22.950085268,-3.344089539,-5.76));
#6054=CARTESIAN_POINT('',(-22.950085268,-3.344089539,-5.8));
#6055=CARTESIAN_POINT('',(-22.950085268,-3.30752764,-5.677));
#6056=CARTESIAN_POINT('',(-22.950085268,-3.30752764,-5.76));
#6057=CARTESIAN_POINT('',(-22.950085268,-3.30752764,-5.8));
#6058=CARTESIAN_POINT('',(-22.976384178,-3.28122873,-5.677));
#6059=CARTESIAN_POINT('',(-22.976384178,-3.28122873,-5.76));
#6060=CARTESIAN_POINT('',(-22.976384178,-3.28122873,-5.8));
#6061=CARTESIAN_POINT('',(-23.002683088,-3.254929821,-5.677));
#6062=CARTESIAN_POINT('',(-23.002683088,-3.254929821,-5.76));
#6063=CARTESIAN_POINT('',(-23.002683088,-3.254929821,-5.8));
#6064=CARTESIAN_POINT('',(-23.039244986,-3.254929821,-5.677));
#6065=CARTESIAN_POINT('',(-23.039244986,-3.254929821,-5.76));
#6066=CARTESIAN_POINT('',(-23.039244986,-3.254929821,-5.8));
#6067=CARTESIAN_POINT('',(-23.076448322,-3.254929821,-5.677));
#6068=CARTESIAN_POINT('',(-23.076448322,-3.254929821,-5.76));
#6069=CARTESIAN_POINT('',(-23.076448322,-3.254929821,-5.8));
#6070=CARTESIAN_POINT('',(-23.102747231,-3.28122873,-5.677));
#6071=CARTESIAN_POINT('',(-23.102747231,-3.28122873,-5.76));
#6072=CARTESIAN_POINT('',(-23.102747231,-3.28122873,-5.8));
#6073=CARTESIAN_POINT('',(-23.128404704,-3.306886203,-5.677));
#6074=CARTESIAN_POINT('',(-23.128404704,-3.306886203,-5.76));
#6075=CARTESIAN_POINT('',(-23.128404704,-3.306886203,-5.8));
#6076=CARTESIAN_POINT('',(-23.128404704,-3.344089539,-5.677));
#6077=CARTESIAN_POINT('',(-23.128404704,-3.344089539,-5.76));
#6078=CARTESIAN_POINT('',(-23.128404704,-3.344089539,-5.8));
#6079=B_SPLINE_SURFACE_WITH_KNOTS('',2,1,((#6052,#6053,#6054),(#6055,#6056,#6057),(#6058,#6059,#6060),(#6061,#6062,#6063),(#6064,#6065,#6066),(#6067,#6068,#6069),(#6070,#6071,#6072),(#6073,#6074,#6075),(#6076,#6077,#6078)),.UNSPECIFIED.,.F.,.F.,.U.,(3,2,2,2,3),(2,1,2),(0.,0.129080307,0.258160613,0.389505487,0.517646826),(0.17,1.,1.4),.UNSPECIFIED.);
#6080=ORIENTED_EDGE('',*,*,#1832,.F.);
#6081=ORIENTED_EDGE('',*,*,#6047,.F.);
#6082=CARTESIAN_POINT('',(-22.950085268,-3.344089539,-5.677));
#6083=CARTESIAN_POINT('',(-22.950085268,-3.320518251,-5.677));
#6084=CARTESIAN_POINT('',(-22.959936016,-3.297641367,-5.677));
#6085=CARTESIAN_POINT('',(-22.97646577,-3.281147227,-5.677));
#6086=CARTESIAN_POINT('',(-22.992995523,-3.264653086,-5.677));
#6087=CARTESIAN_POINT('',(-23.016008753,-3.25489967,-5.677));
#6088=CARTESIAN_POINT('',(-23.039381069,-3.254929909,-5.677));
#6089=CARTESIAN_POINT('',(-23.062753385,-3.254960147,-5.677));
#6090=CARTESIAN_POINT('',(-23.085744737,-3.264349378,-5.677));
#6091=CARTESIAN_POINT('',(-23.10247143,-3.28095395,-5.677));
#6092=CARTESIAN_POINT('',(-23.119198124,-3.297558522,-5.677));
#6093=CARTESIAN_POINT('',(-23.128404704,-3.320506206,-5.677));
#6094=CARTESIAN_POINT('',(-23.128404704,-3.344089539,-5.677));
#6095=B_SPLINE_CURVE_WITH_KNOTS('',3,(#6082,#6083,#6084,#6085,#6086,#6087,#6088,#6089,#6090,#6091,#6092,#6093,#6094),.UNSPECIFIED.,.F.,.F.,(4,3,3,3,4),(0.,0.000069825,0.000139651,0.000209476,0.000279301),.UNSPECIFIED.);
#6096=EDGE_CURVE('',#6026,#6018,#6095,.T.);
#6097=ORIENTED_EDGE('',*,*,#6096,.T.);
#6098=ORIENTED_EDGE('',*,*,#6023,.T.);
#6099=EDGE_LOOP('',(#6080,#6081,#6097,#6098));
#6100=FACE_BOUND('',#6099,.T.);
#6101=ADVANCED_FACE('',(#6100),#6079,.T.);
#6102=CARTESIAN_POINT('',(-150.3,0.46,-5.677));
#6103=DIRECTION('',(0.,0.,-1.));
#6104=DIRECTION('',(-1.,0.,0.));
#6105=AXIS2_PLACEMENT_3D('',#6102,#6103,#6104);
#6106=PLANE('',#6105);
#6107=ORIENTED_EDGE('',*,*,#6041,.F.);
#6108=ORIENTED_EDGE('',*,*,#6096,.F.);
#6109=EDGE_LOOP('',(#6107,#6108));
#6110=FACE_BOUND('',#6109,.T.);
#6111=ADVANCED_FACE('',(#6110),#6106,.T.);
#6112=CARTESIAN_POINT('',(-23.327891555,-0.976546242,-5.677));
#6113=CARTESIAN_POINT('',(-23.327891555,-0.976546242,-5.76));
#6114=CARTESIAN_POINT('',(-23.327891555,-0.976546242,-5.8));
#6115=CARTESIAN_POINT('',(-23.40742972,-0.929721354,-5.677));
#6116=CARTESIAN_POINT('',(-23.40742972,-0.929721354,-5.76));
#6117=CARTESIAN_POINT('',(-23.40742972,-0.929721354,-5.8));
#6118=CARTESIAN_POINT('',(-23.440142998,-0.882255029,-5.677));
#6119=CARTESIAN_POINT('',(-23.440142998,-0.882255029,-5.76));
#6120=CARTESIAN_POINT('',(-23.440142998,-0.882255029,-5.8));
#6121=B_SPLINE_SURFACE_WITH_KNOTS('',2,1,((#6112,#6113,#6114),(#6115,#6116,#6117),(#6118,#6119,#6120)),.UNSPECIFIED.,.F.,.F.,.U.,(3,3),(2,1,2),(0.,0.112515084),(0.17,1.,1.4),.UNSPECIFIED.);
#6122=ORIENTED_EDGE('',*,*,#1869,.F.);
#6123=CARTESIAN_POINT('',(-23.327891555,-0.976546242,-5.677));
#6124=VERTEX_POINT('',#6123);
#6125=CARTESIAN_POINT('',(-23.327891555,-0.976546242,-5.677));
#6126=DIRECTION('',(0.,0.,-1.));
#6127=VECTOR('',#6126,0.123);
#6128=LINE('',#6125,#6127);
#6129=EDGE_CURVE('',#6124,#1855,#6128,.T.);
#6130=ORIENTED_EDGE('',*,*,#6129,.F.);
#6131=CARTESIAN_POINT('',(-23.440142998,-0.882255029,-5.677));
#6132=VERTEX_POINT('',#6131);
#6133=CARTESIAN_POINT('',(-23.327891555,-0.976546242,-5.677));
#6134=CARTESIAN_POINT('',(-23.349118213,-0.964049902,-5.677));
#6135=CARTESIAN_POINT('',(-23.369687263,-0.950518533,-5.677));
#6136=CARTESIAN_POINT('',(-23.388912229,-0.935142289,-5.677));
#6137=CARTESIAN_POINT('',(-23.408137195,-0.919766046,-5.677));
#6138=CARTESIAN_POINT('',(-23.426130232,-0.902586588,-5.677));
#6139=CARTESIAN_POINT('',(-23.440142998,-0.882255029,-5.677));
#6140=B_SPLINE_CURVE_WITH_KNOTS('',3,(#6133,#6134,#6135,#6136,#6137,#6138,#6139),.UNSPECIFIED.,.F.,.F.,(4,3,4),(0.000194423,0.000268307,0.000342192),.UNSPECIFIED.);
#6141=EDGE_CURVE('',#6124,#6132,#6140,.T.);
#6142=ORIENTED_EDGE('',*,*,#6141,.T.);
#6143=CARTESIAN_POINT('',(-23.440142998,-0.882255029,-5.677));
#6144=DIRECTION('',(0.,0.,-1.));
#6145=VECTOR('',#6144,0.123);
#6146=LINE('',#6143,#6145);
#6147=EDGE_CURVE('',#6132,#1863,#6146,.T.);
#6148=ORIENTED_EDGE('',*,*,#6147,.T.);
#6149=EDGE_LOOP('',(#6122,#6130,#6142,#6148));
#6150=FACE_BOUND('',#6149,.T.);
#6151=ADVANCED_FACE('',(#6150),#6121,.T.);
#6152=CARTESIAN_POINT('',(-23.375678598,-1.032992682,-5.66));
#6153=DIRECTION('',(-0.763221773,0.646136615,0.));
#6154=DIRECTION('',(-0.646136615,-0.763221773,0.));
#6155=AXIS2_PLACEMENT_3D('',#6152,#6153,#6154);
#6156=PLANE('',#6155);
#6157=ORIENTED_EDGE('',*,*,#1860,.F.);
#6158=CARTESIAN_POINT('',(-23.423465641,-1.089439122,-5.677));
#6159=VERTEX_POINT('',#6158);
#6160=CARTESIAN_POINT('',(-23.423465641,-1.089439122,-5.677));
#6161=DIRECTION('',(0.,0.,-1.));
#6162=VECTOR('',#6161,0.123);
#6163=LINE('',#6160,#6162);
#6164=EDGE_CURVE('',#6159,#1853,#6163,.T.);
#6165=ORIENTED_EDGE('',*,*,#6164,.F.);
#6166=CARTESIAN_POINT('',(-23.423465641,-1.089439122,-5.677));
#6167=DIRECTION('',(0.646136615,0.763221773,0.));
#6168=VECTOR('',#6167,0.14791622);
#6169=LINE('',#6166,#6168);
#6170=EDGE_CURVE('',#6159,#6124,#6169,.T.);
#6171=ORIENTED_EDGE('',*,*,#6170,.T.);
#6172=ORIENTED_EDGE('',*,*,#6129,.T.);
#6173=EDGE_LOOP('',(#6157,#6165,#6171,#6172));
#6174=FACE_BOUND('',#6173,.T.);
#6175=ADVANCED_FACE('',(#6174),#6156,.T.);
#6176=CARTESIAN_POINT('',(-23.000758777,-0.501882996,-5.677));
#6177=CARTESIAN_POINT('',(-23.000758777,-0.501882996,-5.76));
#6178=CARTESIAN_POINT('',(-23.000758777,-0.501882996,-5.8));
#6179=CARTESIAN_POINT('',(-23.097615737,-0.408874657,-5.677));
#6180=CARTESIAN_POINT('',(-23.097615737,-0.408874657,-5.76));
#6181=CARTESIAN_POINT('',(-23.097615737,-0.408874657,-5.8));
#6182=CARTESIAN_POINT('',(-23.248994826,-0.408874657,-5.677));
#6183=CARTESIAN_POINT('',(-23.248994826,-0.408874657,-5.76));
#6184=CARTESIAN_POINT('',(-23.248994826,-0.408874657,-5.8));
#6185=CARTESIAN_POINT('',(-23.40550541,-0.408874657,-5.677));
#6186=CARTESIAN_POINT('',(-23.40550541,-0.408874657,-5.76));
#6187=CARTESIAN_POINT('',(-23.40550541,-0.408874657,-5.8));
#6188=CARTESIAN_POINT('',(-23.506852427,-0.514070295,-5.677));
#6189=CARTESIAN_POINT('',(-23.506852427,-0.514070295,-5.76));
#6190=CARTESIAN_POINT('',(-23.506852427,-0.514070295,-5.8));
#6191=CARTESIAN_POINT('',(-23.608199444,-0.619265934,-5.677));
#6192=CARTESIAN_POINT('',(-23.608199444,-0.619265934,-5.76));
#6193=CARTESIAN_POINT('',(-23.608199444,-0.619265934,-5.8));
#6194=CARTESIAN_POINT('',(-23.608199444,-0.778983701,-5.677));
#6195=CARTESIAN_POINT('',(-23.608199444,-0.778983701,-5.76));
#6196=CARTESIAN_POINT('',(-23.608199444,-0.778983701,-5.8));
#6197=CARTESIAN_POINT('',(-23.608199444,-0.975904805,-5.677));
#6198=CARTESIAN_POINT('',(-23.608199444,-0.975904805,-5.76));
#6199=CARTESIAN_POINT('',(-23.608199444,-0.975904805,-5.8));
#6200=CARTESIAN_POINT('',(-23.423465641,-1.089439122,-5.677));
#6201=CARTESIAN_POINT('',(-23.423465641,-1.089439122,-5.76));
#6202=CARTESIAN_POINT('',(-23.423465641,-1.089439122,-5.8));
#6203=B_SPLINE_SURFACE_WITH_KNOTS('',2,1,((#6176,#6177,#6178),(#6179,#6180,#6181),(#6182,#6183,#6184),(#6185,#6186,#6187),(#6188,#6189,#6190),(#6191,#6192,#6193),(#6194,#6195,#6196),(#6197,#6198,#6199),(#6200,#6201,#6202)),.UNSPECIFIED.,.F.,.F.,.U.,(3,2,2,2,3),(2,1,2),(0.204412114,0.387620805,0.57703996,0.766459114,1.),(0.17,1.,1.4),.UNSPECIFIED.);
#6204=ORIENTED_EDGE('',*,*,#2008,.F.);
#6205=CARTESIAN_POINT('',(-23.000758777,-0.501882996,-5.677));
#6206=VERTEX_POINT('',#6205);
#6207=CARTESIAN_POINT('',(-23.000758777,-0.501882996,-5.677));
#6208=DIRECTION('',(0.,0.,-1.));
#6209=VECTOR('',#6208,0.123);
#6210=LINE('',#6207,#6209);
#6211=EDGE_CURVE('',#6206,#1971,#6210,.T.);
#6212=ORIENTED_EDGE('',*,*,#6211,.F.);
#6213=CARTESIAN_POINT('',(-23.000758777,-0.501882996,-5.677));
#6214=CARTESIAN_POINT('',(-23.037979609,-0.466141138,-5.677));
#6215=CARTESIAN_POINT('',(-23.082943824,-0.439980655,-5.677));
#6216=CARTESIAN_POINT('',(-23.13176272,-0.425187651,-5.677));
#6217=CARTESIAN_POINT('',(-23.180581615,-0.410394646,-5.677));
#6218=CARTESIAN_POINT('',(-23.232606673,-0.406207553,-5.677));
#6219=CARTESIAN_POINT('',(-23.283434778,-0.410200002,-5.677));
#6220=CARTESIAN_POINT('',(-23.334262883,-0.414192452,-5.677));
#6221=CARTESIAN_POINT('',(-23.384726164,-0.428108611,-5.677));
#6222=CARTESIAN_POINT('',(-23.429315919,-0.453412786,-5.677));
#6223=CARTESIAN_POINT('',(-23.473905673,-0.47871696,-5.677));
#6224=CARTESIAN_POINT('',(-23.512635374,-0.514945337,-5.677));
#6225=CARTESIAN_POINT('',(-23.542047957,-0.556495569,-5.677));
#6226=CARTESIAN_POINT('',(-23.57146054,-0.598045801,-5.677));
#6227=CARTESIAN_POINT('',(-23.59138923,-0.646661118,-5.677));
#6228=CARTESIAN_POINT('',(-23.600844231,-0.696885765,-5.677));
#6229=CARTESIAN_POINT('',(-23.610299232,-0.747110412,-5.677));
#6230=CARTESIAN_POINT('',(-23.611393574,-0.799047426,-5.677));
#6231=CARTESIAN_POINT('',(-23.6017382,-0.849723002,-5.677));
#6232=CARTESIAN_POINT('',(-23.592082825,-0.900398579,-5.677));
#6233=CARTESIAN_POINT('',(-23.570397295,-0.948254262,-5.677));
#6234=CARTESIAN_POINT('',(-23.539071812,-0.988701396,-5.677));
#6235=CARTESIAN_POINT('',(-23.50774633,-1.029148531,-5.677));
#6236=CARTESIAN_POINT('',(-23.467440247,-1.062413061,-5.677));
#6237=CARTESIAN_POINT('',(-23.423465641,-1.089439122,-5.677));
#6238=B_SPLINE_CURVE_WITH_KNOTS('',3,(#6213,#6214,#6215,#6216,#6217,#6218,#6219,#6220,#6221,#6222,#6223,#6224,#6225,#6226,#6227,#6228,#6229,#6230,#6231,#6232,#6233,#6234,#6235,#6236,#6237),.UNSPECIFIED.,.F.,.F.,(4,3,3,3,3,3,3,3,4),(0.004665039,0.004819756,0.004974473,0.00512919,0.005283907,0.005438625,0.005593342,0.005748059,0.005902776),.UNSPECIFIED.);
#6239=EDGE_CURVE('',#6206,#6159,#6238,.T.);
#6240=ORIENTED_EDGE('',*,*,#6239,.T.);
#6241=ORIENTED_EDGE('',*,*,#6164,.T.);
#6242=EDGE_LOOP('',(#6204,#6212,#6240,#6241));
#6243=FACE_BOUND('',#6242,.T.);
#6244=ADVANCED_FACE('',(#6243),#6203,.T.);
#6245=CARTESIAN_POINT('',(-22.905826128,-0.777700828,-5.677));
#6246=CARTESIAN_POINT('',(-22.905826128,-0.777700828,-5.76));
#6247=CARTESIAN_POINT('',(-22.905826128,-0.777700828,-5.8));
#6248=CARTESIAN_POINT('',(-22.904543254,-0.766796402,-5.677));
#6249=CARTESIAN_POINT('',(-22.904543254,-0.766796402,-5.76));
#6250=CARTESIAN_POINT('',(-22.904543254,-0.766796402,-5.8));
#6251=CARTESIAN_POINT('',(-22.903901818,-0.756854131,-5.677));
#6252=CARTESIAN_POINT('',(-22.903901818,-0.756854131,-5.76));
#6253=CARTESIAN_POINT('',(-22.903901818,-0.756854131,-5.8));
#6254=CARTESIAN_POINT('',(-22.903260381,-0.746911861,-5.677));
#6255=CARTESIAN_POINT('',(-22.903260381,-0.746911861,-5.76));
#6256=CARTESIAN_POINT('',(-22.903260381,-0.746911861,-5.8));
#6257=CARTESIAN_POINT('',(-22.903260381,-0.738573182,-5.677));
#6258=CARTESIAN_POINT('',(-22.903260381,-0.738573182,-5.76));
#6259=CARTESIAN_POINT('',(-22.903260381,-0.738573182,-5.8));
#6260=CARTESIAN_POINT('',(-22.903260381,-0.594249898,-5.677));
#6261=CARTESIAN_POINT('',(-22.903260381,-0.594249898,-5.76));
#6262=CARTESIAN_POINT('',(-22.903260381,-0.594249898,-5.8));
#6263=CARTESIAN_POINT('',(-23.000758777,-0.501882996,-5.677));
#6264=CARTESIAN_POINT('',(-23.000758777,-0.501882996,-5.76));
#6265=CARTESIAN_POINT('',(-23.000758777,-0.501882996,-5.8));
#6266=B_SPLINE_SURFACE_WITH_KNOTS('',2,1,((#6245,#6246,#6247),(#6248,#6249,#6250),(#6251,#6252,#6253),(#6254,#6255,#6256),(#6257,#6258,#6259),(#6260,#6261,#6262),(#6263,#6264,#6265)),.UNSPECIFIED.,.F.,.F.,.U.,(3,2,2,3),(2,1,2),(0.,0.010587082,0.021174163,0.204412114),(0.17,1.,1.4),.UNSPECIFIED.);
#6267=ORIENTED_EDGE('',*,*,#1980,.F.);
#6268=CARTESIAN_POINT('',(-22.905826128,-0.777700828,-5.677));
#6269=VERTEX_POINT('',#6268);
#6270=CARTESIAN_POINT('',(-22.905826128,-0.777700828,-5.677));
#6271=DIRECTION('',(0.,0.,-1.));
#6272=VECTOR('',#6271,0.123);
#6273=LINE('',#6270,#6272);
#6274=EDGE_CURVE('',#6269,#1963,#6273,.T.);
#6275=ORIENTED_EDGE('',*,*,#6274,.F.);
#6276=CARTESIAN_POINT('',(-22.905826128,-0.777700828,-5.677));
#6277=CARTESIAN_POINT('',(-22.899904062,-0.727363263,-5.677));
#6278=CARTESIAN_POINT('',(-22.904149939,-0.676203743,-5.677));
#6279=CARTESIAN_POINT('',(-22.919919865,-0.628135001,-5.677));
#6280=CARTESIAN_POINT('',(-22.935689791,-0.580066258,-5.677));
#6281=CARTESIAN_POINT('',(-22.963945072,-0.536759138,-5.677));
#6282=CARTESIAN_POINT('',(-23.000758777,-0.501882996,-5.677));
#6283=B_SPLINE_CURVE_WITH_KNOTS('',3,(#6276,#6277,#6278,#6279,#6280,#6281,#6282),.UNSPECIFIED.,.F.,.F.,(4,3,4),(0.001695949,0.00184793,0.00199991),.UNSPECIFIED.);
#6284=EDGE_CURVE('',#6269,#6206,#6283,.T.);
#6285=ORIENTED_EDGE('',*,*,#6284,.T.);
#6286=ORIENTED_EDGE('',*,*,#6211,.T.);
#6287=EDGE_LOOP('',(#6267,#6275,#6285,#6286));
#6288=FACE_BOUND('',#6287,.T.);
#6289=ADVANCED_FACE('',(#6288),#6266,.T.);
#6290=CARTESIAN_POINT('',(-22.823722215,-0.753326229,-5.66));
#6291=DIRECTION('',(0.284598288,-0.958646866,-0.));
#6292=DIRECTION('',(0.958646866,0.284598288,0.));
#6293=AXIS2_PLACEMENT_3D('',#6290,#6291,#6292);
#6294=PLANE('',#6293);
#6295=ORIENTED_EDGE('',*,*,#1968,.F.);
#6296=CARTESIAN_POINT('',(-22.741618302,-0.72895163,-5.677));
#6297=VERTEX_POINT('',#6296);
#6298=CARTESIAN_POINT('',(-22.741618302,-0.72895163,-5.677));
#6299=DIRECTION('',(0.,0.,-1.));
#6300=VECTOR('',#6299,0.123);
#6301=LINE('',#6298,#6300);
#6302=EDGE_CURVE('',#6297,#1955,#6301,.T.);
#6303=ORIENTED_EDGE('',*,*,#6302,.F.);
#6304=CARTESIAN_POINT('',(-22.741618302,-0.72895163,-5.677));
#6305=DIRECTION('',(-0.958646866,-0.284598288,-0.));
#6306=VECTOR('',#6305,0.171291256);
#6307=LINE('',#6304,#6306);
#6308=EDGE_CURVE('',#6297,#6269,#6307,.T.);
#6309=ORIENTED_EDGE('',*,*,#6308,.T.);
#6310=ORIENTED_EDGE('',*,*,#6274,.T.);
#6311=EDGE_LOOP('',(#6295,#6303,#6309,#6310));
#6312=FACE_BOUND('',#6311,.T.);
#6313=ADVANCED_FACE('',(#6312),#6294,.T.);
#6314=CARTESIAN_POINT('',(-22.741618302,-0.576289667,-5.66));
#6315=DIRECTION('',(1.,0.,0.));
#6316=DIRECTION('',(0.,0.,-1.));
#6317=AXIS2_PLACEMENT_3D('',#6314,#6315,#6316);
#6318=PLANE('',#6317);
#6319=ORIENTED_EDGE('',*,*,#1960,.F.);
#6320=CARTESIAN_POINT('',(-22.741618302,-0.423627704,-5.677));
#6321=VERTEX_POINT('',#6320);
#6322=CARTESIAN_POINT('',(-22.741618302,-0.423627704,-5.677));
#6323=DIRECTION('',(0.,0.,-1.));
#6324=VECTOR('',#6323,0.123);
#6325=LINE('',#6322,#6324);
#6326=EDGE_CURVE('',#6321,#1947,#6325,.T.);
#6327=ORIENTED_EDGE('',*,*,#6326,.F.);
#6328=CARTESIAN_POINT('',(-22.741618302,-0.423627704,-5.677));
#6329=DIRECTION('',(0.,-1.,-0.));
#6330=VECTOR('',#6329,0.305323926);
#6331=LINE('',#6328,#6330);
#6332=EDGE_CURVE('',#6321,#6297,#6331,.T.);
#6333=ORIENTED_EDGE('',*,*,#6332,.T.);
#6334=ORIENTED_EDGE('',*,*,#6302,.T.);
#6335=EDGE_LOOP('',(#6319,#6327,#6333,#6334));
#6336=FACE_BOUND('',#6335,.T.);
#6337=ADVANCED_FACE('',(#6336),#6318,.T.);
#6338=CARTESIAN_POINT('',(-22.671701689,-0.423627704,-5.66));
#6339=DIRECTION('',(0.,-1.,-0.));
#6340=DIRECTION('',(0.,0.,-1.));
#6341=AXIS2_PLACEMENT_3D('',#6338,#6339,#6340);
#6342=PLANE('',#6341);
#6343=ORIENTED_EDGE('',*,*,#1952,.F.);
#6344=CARTESIAN_POINT('',(-22.601785076,-0.423627704,-5.677));
#6345=VERTEX_POINT('',#6344);
#6346=CARTESIAN_POINT('',(-22.601785076,-0.423627704,-5.677));
#6347=DIRECTION('',(0.,0.,-1.));
#6348=VECTOR('',#6347,0.123);
#6349=LINE('',#6346,#6348);
#6350=EDGE_CURVE('',#6345,#1939,#6349,.T.);
#6351=ORIENTED_EDGE('',*,*,#6350,.F.);
#6352=CARTESIAN_POINT('',(-22.601785076,-0.423627704,-5.677));
#6353=DIRECTION('',(-1.,0.,0.));
#6354=VECTOR('',#6353,0.139833226);
#6355=LINE('',#6352,#6354);
#6356=EDGE_CURVE('',#6345,#6321,#6355,.T.);
#6357=ORIENTED_EDGE('',*,*,#6356,.T.);
#6358=ORIENTED_EDGE('',*,*,#6326,.T.);
#6359=EDGE_LOOP('',(#6343,#6351,#6357,#6358));
#6360=FACE_BOUND('',#6359,.T.);
#6361=ADVANCED_FACE('',(#6360),#6342,.T.);
#6362=CARTESIAN_POINT('',(-22.601785076,-0.628246049,-5.66));
#6363=DIRECTION('',(-1.,0.,0.));
#6364=DIRECTION('',(0.,0.,1.));
#6365=AXIS2_PLACEMENT_3D('',#6362,#6363,#6364);
#6366=PLANE('',#6365);
#6367=ORIENTED_EDGE('',*,*,#1944,.F.);
#6368=CARTESIAN_POINT('',(-22.601785076,-0.832864394,-5.677));
#6369=VERTEX_POINT('',#6368);
#6370=CARTESIAN_POINT('',(-22.601785076,-0.832864394,-5.677));
#6371=DIRECTION('',(0.,0.,-1.));
#6372=VECTOR('',#6371,0.123);
#6373=LINE('',#6370,#6372);
#6374=EDGE_CURVE('',#6369,#1931,#6373,.T.);
#6375=ORIENTED_EDGE('',*,*,#6374,.F.);
#6376=CARTESIAN_POINT('',(-22.601785076,-0.832864394,-5.677));
#6377=DIRECTION('',(0.,1.,0.));
#6378=VECTOR('',#6377,0.40923669);
#6379=LINE('',#6376,#6378);
#6380=EDGE_CURVE('',#6369,#6345,#6379,.T.);
#6381=ORIENTED_EDGE('',*,*,#6380,.T.);
#6382=ORIENTED_EDGE('',*,*,#6350,.T.);
#6383=EDGE_LOOP('',(#6367,#6375,#6381,#6382));
#6384=FACE_BOUND('',#6383,.T.);
#6385=ADVANCED_FACE('',(#6384),#6366,.T.);
#6386=CARTESIAN_POINT('',(-22.862208424,-0.910798968,-5.66));
#6387=DIRECTION('',(-0.286698373,0.958020899,0.));
#6388=DIRECTION('',(-0.958020899,-0.286698373,0.));
#6389=AXIS2_PLACEMENT_3D('',#6386,#6387,#6388);
#6390=PLANE('',#6389);
#6391=ORIENTED_EDGE('',*,*,#1936,.F.);
#6392=CARTESIAN_POINT('',(-23.122631773,-0.988733541,-5.677));
#6393=VERTEX_POINT('',#6392);
#6394=CARTESIAN_POINT('',(-23.122631773,-0.988733541,-5.677));
#6395=DIRECTION('',(0.,0.,-1.));
#6396=VECTOR('',#6395,0.123);
#6397=LINE('',#6394,#6396);
#6398=EDGE_CURVE('',#6393,#1923,#6397,.T.);
#6399=ORIENTED_EDGE('',*,*,#6398,.F.);
#6400=CARTESIAN_POINT('',(-23.122631773,-0.988733541,-5.677));
#6401=DIRECTION('',(0.958020899,0.286698373,0.));
#6402=VECTOR('',#6401,0.543669451);
#6403=LINE('',#6400,#6402);
#6404=EDGE_CURVE('',#6393,#6369,#6403,.T.);
#6405=ORIENTED_EDGE('',*,*,#6404,.T.);
#6406=ORIENTED_EDGE('',*,*,#6374,.T.);
#6407=EDGE_LOOP('',(#6391,#6399,#6405,#6406));
#6408=FACE_BOUND('',#6407,.T.);
#6409=ADVANCED_FACE('',(#6408),#6390,.T.);
#6410=CARTESIAN_POINT('',(-23.122631773,-0.964038224,-5.66));
#6411=DIRECTION('',(1.,0.,0.));
#6412=DIRECTION('',(0.,0.,-1.));
#6413=AXIS2_PLACEMENT_3D('',#6410,#6411,#6412);
#6414=PLANE('',#6413);
#6415=ORIENTED_EDGE('',*,*,#1928,.F.);
#6416=CARTESIAN_POINT('',(-23.122631773,-0.939342906,-5.677));
#6417=VERTEX_POINT('',#6416);
#6418=CARTESIAN_POINT('',(-23.122631773,-0.939342906,-5.677));
#6419=DIRECTION('',(0.,0.,-1.));
#6420=VECTOR('',#6419,0.123);
#6421=LINE('',#6418,#6420);
#6422=EDGE_CURVE('',#6417,#1905,#6421,.T.);
#6423=ORIENTED_EDGE('',*,*,#6422,.F.);
#6424=CARTESIAN_POINT('',(-23.122631773,-0.939342906,-5.677));
#6425=DIRECTION('',(0.,-1.,-0.));
#6426=VECTOR('',#6425,0.049390635);
#6427=LINE('',#6424,#6426);
#6428=EDGE_CURVE('',#6417,#6393,#6427,.T.);
#6429=ORIENTED_EDGE('',*,*,#6428,.T.);
#6430=ORIENTED_EDGE('',*,*,#6398,.T.);
#6431=EDGE_LOOP('',(#6415,#6423,#6429,#6430));
#6432=FACE_BOUND('',#6431,.T.);
#6433=ADVANCED_FACE('',(#6432),#6414,.T.);
#6434=CARTESIAN_POINT('',(-23.0969743,-0.614775876,-5.677));
#6435=CARTESIAN_POINT('',(-23.0969743,-0.614775876,-5.76));
#6436=CARTESIAN_POINT('',(-23.0969743,-0.614775876,-5.8));
#6437=CARTESIAN_POINT('',(-23.034754929,-0.675070937,-5.677));
#6438=CARTESIAN_POINT('',(-23.034754929,-0.675070937,-5.76));
#6439=CARTESIAN_POINT('',(-23.034754929,-0.675070937,-5.8));
#6440=CARTESIAN_POINT('',(-23.034754929,-0.765513528,-5.677));
#6441=CARTESIAN_POINT('',(-23.034754929,-0.765513528,-5.76));
#6442=CARTESIAN_POINT('',(-23.034754929,-0.765513528,-5.8));
#6443=CARTESIAN_POINT('',(-23.034754929,-0.866219109,-5.677));
#6444=CARTESIAN_POINT('',(-23.034754929,-0.866219109,-5.76));
#6445=CARTESIAN_POINT('',(-23.034754929,-0.866219109,-5.8));
#6446=CARTESIAN_POINT('',(-23.122631773,-0.939342906,-5.677));
#6447=CARTESIAN_POINT('',(-23.122631773,-0.939342906,-5.76));
#6448=CARTESIAN_POINT('',(-23.122631773,-0.939342906,-5.8));
#6449=B_SPLINE_SURFACE_WITH_KNOTS('',2,1,((#6434,#6435,#6436),(#6437,#6438,#6439),(#6440,#6441,#6442),(#6443,#6444,#6445),(#6446,#6447,#6448)),.UNSPECIFIED.,.F.,.F.,.U.,(3,2,3),(2,1,2),(0.671981986,0.82718514,1.),(0.17,1.,1.4),.UNSPECIFIED.);
#6450=ORIENTED_EDGE('',*,*,#1920,.F.);
#6451=CARTESIAN_POINT('',(-23.0969743,-0.614775876,-5.677));
#6452=VERTEX_POINT('',#6451);
#6453=CARTESIAN_POINT('',(-23.0969743,-0.614775876,-5.677));
#6454=DIRECTION('',(0.,0.,-1.));
#6455=VECTOR('',#6454,0.123);
#6456=LINE('',#6453,#6455);
#6457=EDGE_CURVE('',#6452,#1887,#6456,.T.);
#6458=ORIENTED_EDGE('',*,*,#6457,.F.);
#6459=CARTESIAN_POINT('',(-23.0969743,-0.614775876,-5.677));
#6460=CARTESIAN_POINT('',(-23.074690515,-0.636370472,-5.677));
#6461=CARTESIAN_POINT('',(-23.05721749,-0.662573431,-5.677));
#6462=CARTESIAN_POINT('',(-23.046927906,-0.691402821,-5.677));
#6463=CARTESIAN_POINT('',(-23.036638321,-0.720232211,-5.677));
#6464=CARTESIAN_POINT('',(-23.033062602,-0.751807647,-5.677));
#6465=CARTESIAN_POINT('',(-23.03539062,-0.782444482,-5.677));
#6466=CARTESIAN_POINT('',(-23.037718638,-0.813081317,-5.677));
#6467=CARTESIAN_POINT('',(-23.047054561,-0.843258798,-5.677));
#6468=CARTESIAN_POINT('',(-23.062384694,-0.869778063,-5.677));
#6469=CARTESIAN_POINT('',(-23.077714827,-0.896297328,-5.677));
#6470=CARTESIAN_POINT('',(-23.098826841,-0.919534423,-5.677));
#6471=CARTESIAN_POINT('',(-23.122631773,-0.939342906,-5.677));
#6472=B_SPLINE_CURVE_WITH_KNOTS('',3,(#6459,#6460,#6461,#6462,#6463,#6464,#6465,#6466,#6467,#6468,#6469,#6470,#6471),.UNSPECIFIED.,.F.,.F.,(4,3,3,3,4),(0.001465024,0.001557833,0.001650643,0.001743452,0.001836261),.UNSPECIFIED.);
#6473=EDGE_CURVE('',#6452,#6417,#6472,.T.);
#6474=ORIENTED_EDGE('',*,*,#6473,.T.);
#6475=ORIENTED_EDGE('',*,*,#6422,.T.);
#6476=EDGE_LOOP('',(#6450,#6458,#6474,#6475));
#6477=FACE_BOUND('',#6476,.T.);
#6478=ADVANCED_FACE('',(#6477),#6449,.T.);
#6479=CARTESIAN_POINT('',(-23.409354031,-0.615417313,-5.677));
#6480=CARTESIAN_POINT('',(-23.409354031,-0.615417313,-5.76));
#6481=CARTESIAN_POINT('',(-23.409354031,-0.615417313,-5.8));
#6482=CARTESIAN_POINT('',(-23.344568912,-0.554480815,-5.677));
#6483=CARTESIAN_POINT('',(-23.344568912,-0.554480815,-5.76));
#6484=CARTESIAN_POINT('',(-23.344568912,-0.554480815,-5.8));
#6485=CARTESIAN_POINT('',(-23.25220201,-0.554480815,-5.677));
#6486=CARTESIAN_POINT('',(-23.25220201,-0.554480815,-5.76));
#6487=CARTESIAN_POINT('',(-23.25220201,-0.554480815,-5.8));
#6488=CARTESIAN_POINT('',(-23.157269361,-0.554480815,-5.677));
#6489=CARTESIAN_POINT('',(-23.157269361,-0.554480815,-5.76));
#6490=CARTESIAN_POINT('',(-23.157269361,-0.554480815,-5.8));
#6491=CARTESIAN_POINT('',(-23.0969743,-0.614775876,-5.677));
#6492=CARTESIAN_POINT('',(-23.0969743,-0.614775876,-5.76));
#6493=CARTESIAN_POINT('',(-23.0969743,-0.614775876,-5.8));
#6494=B_SPLINE_SURFACE_WITH_KNOTS('',2,1,((#6479,#6480,#6481),(#6482,#6483,#6484),(#6485,#6486,#6487),(#6488,#6489,#6490),(#6491,#6492,#6493)),.UNSPECIFIED.,.F.,.F.,.U.,(3,2,3),(2,1,2),(0.370617136,0.519235419,0.671981986),(0.17,1.,1.4),.UNSPECIFIED.);
#6495=ORIENTED_EDGE('',*,*,#1902,.F.);
#6496=CARTESIAN_POINT('',(-23.409354031,-0.615417313,-5.677));
#6497=VERTEX_POINT('',#6496);
#6498=CARTESIAN_POINT('',(-23.409354031,-0.615417313,-5.677));
#6499=DIRECTION('',(0.,0.,-1.));
#6500=VECTOR('',#6499,0.123);
#6501=LINE('',#6498,#6500);
#6502=EDGE_CURVE('',#6497,#1872,#6501,.T.);
#6503=ORIENTED_EDGE('',*,*,#6502,.F.);
#6504=CARTESIAN_POINT('',(-23.409354031,-0.615417313,-5.677));
#6505=CARTESIAN_POINT('',(-23.388250121,-0.595567101,-5.677));
#6506=CARTESIAN_POINT('',(-23.364099783,-0.579880975,-5.677));
#6507=CARTESIAN_POINT('',(-23.337149993,-0.569512754,-5.677));
#6508=CARTESIAN_POINT('',(-23.310200202,-0.559144533,-5.677));
#6509=CARTESIAN_POINT('',(-23.282145174,-0.554596136,-5.677));
#6510=CARTESIAN_POINT('',(-23.253247894,-0.554482767,-5.677));
#6511=CARTESIAN_POINT('',(-23.224350613,-0.554369398,-5.677));
#6512=CARTESIAN_POINT('',(-23.195700392,-0.558462097,-5.677));
#6513=CARTESIAN_POINT('',(-23.168673732,-0.568511232,-5.677));
#6514=CARTESIAN_POINT('',(-23.141647071,-0.578560368,-5.677));
#6515=CARTESIAN_POINT('',(-23.117489033,-0.594261143,-5.677));
#6516=CARTESIAN_POINT('',(-23.0969743,-0.614775876,-5.677));
#6517=B_SPLINE_CURVE_WITH_KNOTS('',3,(#6504,#6505,#6506,#6507,#6508,#6509,#6510,#6511,#6512,#6513,#6514,#6515,#6516),.UNSPECIFIED.,.F.,.F.,(4,3,3,3,4),(0.000705374,0.000791225,0.000877076,0.000962927,0.001048777),.UNSPECIFIED.);
#6518=EDGE_CURVE('',#6497,#6452,#6517,.T.);
#6519=ORIENTED_EDGE('',*,*,#6518,.T.);
#6520=ORIENTED_EDGE('',*,*,#6457,.T.);
#6521=EDGE_LOOP('',(#6495,#6503,#6519,#6520));
#6522=FACE_BOUND('',#6521,.T.);
#6523=ADVANCED_FACE('',(#6522),#6494,.T.);
#6524=CARTESIAN_POINT('',(-23.440142998,-0.882255029,-5.677));
#6525=CARTESIAN_POINT('',(-23.440142998,-0.882255029,-5.76));
#6526=CARTESIAN_POINT('',(-23.440142998,-0.882255029,-5.8));
#6527=CARTESIAN_POINT('',(-23.472214839,-0.834788705,-5.677));
#6528=CARTESIAN_POINT('',(-23.472214839,-0.834788705,-5.76));
#6529=CARTESIAN_POINT('',(-23.472214839,-0.834788705,-5.8));
#6530=CARTESIAN_POINT('',(-23.472214839,-0.766154965,-5.677));
#6531=CARTESIAN_POINT('',(-23.472214839,-0.766154965,-5.76));
#6532=CARTESIAN_POINT('',(-23.472214839,-0.766154965,-5.8));
#6533=CARTESIAN_POINT('',(-23.472214839,-0.676353811,-5.677));
#6534=CARTESIAN_POINT('',(-23.472214839,-0.676353811,-5.76));
#6535=CARTESIAN_POINT('',(-23.472214839,-0.676353811,-5.8));
#6536=CARTESIAN_POINT('',(-23.409354031,-0.615417313,-5.677));
#6537=CARTESIAN_POINT('',(-23.409354031,-0.615417313,-5.76));
#6538=CARTESIAN_POINT('',(-23.409354031,-0.615417313,-5.8));
#6539=B_SPLINE_SURFACE_WITH_KNOTS('',2,1,((#6524,#6525,#6526),(#6527,#6528,#6529),(#6530,#6531,#6532),(#6533,#6534,#6535),(#6536,#6537,#6538)),.UNSPECIFIED.,.F.,.F.,.U.,(3,2,3),(2,1,2),(0.112515084,0.224324475,0.370617136),(0.17,1.,1.4),.UNSPECIFIED.);
#6540=ORIENTED_EDGE('',*,*,#1884,.F.);
#6541=ORIENTED_EDGE('',*,*,#6147,.F.);
#6542=CARTESIAN_POINT('',(-23.440142998,-0.882255029,-5.677));
#6543=CARTESIAN_POINT('',(-23.467520274,-0.84173666,-5.677));
#6544=CARTESIAN_POINT('',(-23.47572398,-0.791161083,-5.677));
#6545=CARTESIAN_POINT('',(-23.471140946,-0.743173251,-5.677));
#6546=CARTESIAN_POINT('',(-23.468849429,-0.719179335,-5.677));
#6547=CARTESIAN_POINT('',(-23.462523895,-0.695286608,-5.677));
#6548=CARTESIAN_POINT('',(-23.452029526,-0.673649068,-5.677));
#6549=CARTESIAN_POINT('',(-23.441535157,-0.652011527,-5.677));
#6550=CARTESIAN_POINT('',(-23.4268671,-0.632394268,-5.677));
#6551=CARTESIAN_POINT('',(-23.409354031,-0.615417313,-5.677));
#6552=B_SPLINE_CURVE_WITH_KNOTS('',3,(#6542,#6543,#6544,#6545,#6546,#6547,#6548,#6549,#6550,#6551),.UNSPECIFIED.,.F.,.F.,(4,3,3,4),(0.001057921,0.00120438,0.001277609,0.001350839),.UNSPECIFIED.);
#6553=EDGE_CURVE('',#6132,#6497,#6552,.T.);
#6554=ORIENTED_EDGE('',*,*,#6553,.T.);
#6555=ORIENTED_EDGE('',*,*,#6502,.T.);
#6556=EDGE_LOOP('',(#6540,#6541,#6554,#6555));
#6557=FACE_BOUND('',#6556,.T.);
#6558=ADVANCED_FACE('',(#6557),#6539,.T.);
#6559=CARTESIAN_POINT('',(-150.3,0.46,-5.677));
#6560=DIRECTION('',(0.,0.,-1.));
#6561=DIRECTION('',(-1.,0.,0.));
#6562=AXIS2_PLACEMENT_3D('',#6559,#6560,#6561);
#6563=PLANE('',#6562);
#6564=ORIENTED_EDGE('',*,*,#6141,.F.);
#6565=ORIENTED_EDGE('',*,*,#6170,.F.);
#6566=ORIENTED_EDGE('',*,*,#6239,.F.);
#6567=ORIENTED_EDGE('',*,*,#6284,.F.);
#6568=ORIENTED_EDGE('',*,*,#6308,.F.);
#6569=ORIENTED_EDGE('',*,*,#6332,.F.);
#6570=ORIENTED_EDGE('',*,*,#6356,.F.);
#6571=ORIENTED_EDGE('',*,*,#6380,.F.);
#6572=ORIENTED_EDGE('',*,*,#6404,.F.);
#6573=ORIENTED_EDGE('',*,*,#6428,.F.);
#6574=ORIENTED_EDGE('',*,*,#6473,.F.);
#6575=ORIENTED_EDGE('',*,*,#6518,.F.);
#6576=ORIENTED_EDGE('',*,*,#6553,.F.);
#6577=EDGE_LOOP('',(#6564,#6565,#6566,#6567,#6568,#6569,#6570,#6571,#6572,#6573,#6574,#6575,#6576));
#6578=FACE_BOUND('',#6577,.T.);
#6579=ADVANCED_FACE('',(#6578),#6563,.T.);
#6580=CARTESIAN_POINT('',(-23.610123755,-2.127925331,-5.677));
#6581=CARTESIAN_POINT('',(-23.610123755,-2.127925331,-5.76));
#6582=CARTESIAN_POINT('',(-23.610123755,-2.127925331,-5.8));
#6583=CARTESIAN_POINT('',(-23.610123755,-2.165770103,-5.677));
#6584=CARTESIAN_POINT('',(-23.610123755,-2.165770103,-5.76));
#6585=CARTESIAN_POINT('',(-23.610123755,-2.165770103,-5.8));
#6586=CARTESIAN_POINT('',(-23.584466282,-2.191427576,-5.677));
#6587=CARTESIAN_POINT('',(-23.584466282,-2.191427576,-5.76));
#6588=CARTESIAN_POINT('',(-23.584466282,-2.191427576,-5.8));
#6589=CARTESIAN_POINT('',(-23.558808809,-2.217085048,-5.677));
#6590=CARTESIAN_POINT('',(-23.558808809,-2.217085048,-5.76));
#6591=CARTESIAN_POINT('',(-23.558808809,-2.217085048,-5.8));
#6592=CARTESIAN_POINT('',(-23.5203226,-2.217085048,-5.677));
#6593=CARTESIAN_POINT('',(-23.5203226,-2.217085048,-5.76));
#6594=CARTESIAN_POINT('',(-23.5203226,-2.217085048,-5.8));
#6595=CARTESIAN_POINT('',(-23.484402138,-2.217085048,-5.677));
#6596=CARTESIAN_POINT('',(-23.484402138,-2.217085048,-5.76));
#6597=CARTESIAN_POINT('',(-23.484402138,-2.217085048,-5.8));
#6598=CARTESIAN_POINT('',(-23.458103229,-2.190786139,-5.677));
#6599=CARTESIAN_POINT('',(-23.458103229,-2.190786139,-5.76));
#6600=CARTESIAN_POINT('',(-23.458103229,-2.190786139,-5.8));
#6601=CARTESIAN_POINT('',(-23.431804319,-2.164487229,-5.677));
#6602=CARTESIAN_POINT('',(-23.431804319,-2.164487229,-5.76));
#6603=CARTESIAN_POINT('',(-23.431804319,-2.164487229,-5.8));
#6604=CARTESIAN_POINT('',(-23.431804319,-2.127925331,-5.677));
#6605=CARTESIAN_POINT('',(-23.431804319,-2.127925331,-5.76));
#6606=CARTESIAN_POINT('',(-23.431804319,-2.127925331,-5.8));
#6607=B_SPLINE_SURFACE_WITH_KNOTS('',2,1,((#6580,#6581,#6582),(#6583,#6584,#6585),(#6586,#6587,#6588),(#6589,#6590,#6591),(#6592,#6593,#6594),(#6595,#6596,#6597),(#6598,#6599,#6600),(#6601,#6602,#6603),(#6604,#6605,#6606)),.UNSPECIFIED.,.F.,.F.,.U.,(3,2,2,2,3),(2,1,2),(0.506667628,0.634253586,0.761839544,0.880919772,1.),(0.17,1.,1.4),.UNSPECIFIED.);
#6608=ORIENTED_EDGE('',*,*,#2046,.F.);
#6609=CARTESIAN_POINT('',(-23.610123755,-2.127925331,-5.677));
#6610=VERTEX_POINT('',#6609);
#6611=CARTESIAN_POINT('',(-23.610123755,-2.127925331,-5.677));
#6612=DIRECTION('',(0.,0.,-1.));
#6613=VECTOR('',#6612,0.123);
#6614=LINE('',#6611,#6613);
#6615=EDGE_CURVE('',#6610,#2015,#6614,.T.);
#6616=ORIENTED_EDGE('',*,*,#6615,.F.);
#6617=CARTESIAN_POINT('',(-23.431804319,-2.127925331,-5.677));
#6618=VERTEX_POINT('',#6617);
#6619=CARTESIAN_POINT('',(-23.610123755,-2.127925331,-5.677));
#6620=CARTESIAN_POINT('',(-23.610123755,-2.151498018,-5.677));
#6621=CARTESIAN_POINT('',(-23.601057283,-2.174774031,-5.677));
#6622=CARTESIAN_POINT('',(-23.584597447,-2.191296163,-5.677));
#6623=CARTESIAN_POINT('',(-23.56813761,-2.207818295,-5.677));
#6624=CARTESIAN_POINT('',(-23.544854825,-2.216872473,-5.677));
#6625=CARTESIAN_POINT('',(-23.521296815,-2.217080928,-5.677));
#6626=CARTESIAN_POINT('',(-23.497738806,-2.217289383,-5.677));
#6627=CARTESIAN_POINT('',(-23.47480867,-2.207424798,-5.677));
#6628=CARTESIAN_POINT('',(-23.458258144,-2.190940743,-5.677));
#6629=CARTESIAN_POINT('',(-23.441707618,-2.174456688,-5.677));
#6630=CARTESIAN_POINT('',(-23.431804319,-2.151516292,-5.677));
#6631=CARTESIAN_POINT('',(-23.431804319,-2.127925331,-5.677));
#6632=B_SPLINE_CURVE_WITH_KNOTS('',3,(#6619,#6620,#6621,#6622,#6623,#6624,#6625,#6626,#6627,#6628,#6629,#6630,#6631),.UNSPECIFIED.,.F.,.F.,(4,3,3,3,4),(0.000545368,0.000615044,0.00068472,0.000754396,0.000824072),.UNSPECIFIED.);
#6633=EDGE_CURVE('',#6610,#6618,#6632,.T.);
#6634=ORIENTED_EDGE('',*,*,#6633,.T.);
#6635=CARTESIAN_POINT('',(-23.431804319,-2.127925331,-5.677));
#6636=DIRECTION('',(0.,0.,-1.));
#6637=VECTOR('',#6636,0.123);
#6638=LINE('',#6635,#6637);
#6639=EDGE_CURVE('',#6618,#2013,#6638,.T.);
#6640=ORIENTED_EDGE('',*,*,#6639,.T.);
#6641=EDGE_LOOP('',(#6608,#6616,#6634,#6640));
#6642=FACE_BOUND('',#6641,.T.);
#6643=ADVANCED_FACE('',(#6642),#6607,.T.);
#6644=CARTESIAN_POINT('',(-23.431804319,-2.127925331,-5.677));
#6645=CARTESIAN_POINT('',(-23.431804319,-2.127925331,-5.76));
#6646=CARTESIAN_POINT('',(-23.431804319,-2.127925331,-5.8));
#6647=CARTESIAN_POINT('',(-23.431804319,-2.091363432,-5.677));
#6648=CARTESIAN_POINT('',(-23.431804319,-2.091363432,-5.76));
#6649=CARTESIAN_POINT('',(-23.431804319,-2.091363432,-5.8));
#6650=CARTESIAN_POINT('',(-23.458103229,-2.065064523,-5.677));
#6651=CARTESIAN_POINT('',(-23.458103229,-2.065064523,-5.76));
#6652=CARTESIAN_POINT('',(-23.458103229,-2.065064523,-5.8));
#6653=CARTESIAN_POINT('',(-23.484402138,-2.038765613,-5.677));
#6654=CARTESIAN_POINT('',(-23.484402138,-2.038765613,-5.76));
#6655=CARTESIAN_POINT('',(-23.484402138,-2.038765613,-5.8));
#6656=CARTESIAN_POINT('',(-23.520964037,-2.038765613,-5.677));
#6657=CARTESIAN_POINT('',(-23.520964037,-2.038765613,-5.76));
#6658=CARTESIAN_POINT('',(-23.520964037,-2.038765613,-5.8));
#6659=CARTESIAN_POINT('',(-23.558167372,-2.038765613,-5.677));
#6660=CARTESIAN_POINT('',(-23.558167372,-2.038765613,-5.76));
#6661=CARTESIAN_POINT('',(-23.558167372,-2.038765613,-5.8));
#6662=CARTESIAN_POINT('',(-23.584466282,-2.065064523,-5.677));
#6663=CARTESIAN_POINT('',(-23.584466282,-2.065064523,-5.76));
#6664=CARTESIAN_POINT('',(-23.584466282,-2.065064523,-5.8));
#6665=CARTESIAN_POINT('',(-23.610123755,-2.090721995,-5.677));
#6666=CARTESIAN_POINT('',(-23.610123755,-2.090721995,-5.76));
#6667=CARTESIAN_POINT('',(-23.610123755,-2.090721995,-5.8));
#6668=CARTESIAN_POINT('',(-23.610123755,-2.127925331,-5.677));
#6669=CARTESIAN_POINT('',(-23.610123755,-2.127925331,-5.76));
#6670=CARTESIAN_POINT('',(-23.610123755,-2.127925331,-5.8));
#6671=B_SPLINE_SURFACE_WITH_KNOTS('',2,1,((#6644,#6645,#6646),(#6647,#6648,#6649),(#6650,#6651,#6652),(#6653,#6654,#6655),(#6656,#6657,#6658),(#6659,#6660,#6661),(#6662,#6663,#6664),(#6665,#6666,#6667),(#6668,#6669,#6670)),.UNSPECIFIED.,.F.,.F.,.U.,(3,2,2,2,3),(2,1,2),(0.,0.126342536,0.252685072,0.381244143,0.506667628),(0.17,1.,1.4),.UNSPECIFIED.);
#6672=ORIENTED_EDGE('',*,*,#2030,.F.);
#6673=ORIENTED_EDGE('',*,*,#6639,.F.);
#6674=CARTESIAN_POINT('',(-23.431804319,-2.127925331,-5.677));
#6675=CARTESIAN_POINT('',(-23.431804319,-2.104354043,-5.677));
#6676=CARTESIAN_POINT('',(-23.441655067,-2.081477159,-5.677));
#6677=CARTESIAN_POINT('',(-23.45818482,-2.064983019,-5.677));
#6678=CARTESIAN_POINT('',(-23.474714574,-2.048488878,-5.677));
#6679=CARTESIAN_POINT('',(-23.497727803,-2.038735463,-5.677));
#6680=CARTESIAN_POINT('',(-23.521100119,-2.038765701,-5.677));
#6681=CARTESIAN_POINT('',(-23.544472436,-2.038795939,-5.677));
#6682=CARTESIAN_POINT('',(-23.567463787,-2.04818517,-5.677));
#6683=CARTESIAN_POINT('',(-23.584190481,-2.064789742,-5.677));
#6684=CARTESIAN_POINT('',(-23.600917175,-2.081394314,-5.677));
#6685=CARTESIAN_POINT('',(-23.610123755,-2.104341998,-5.677));
#6686=CARTESIAN_POINT('',(-23.610123755,-2.127925331,-5.677));
#6687=B_SPLINE_CURVE_WITH_KNOTS('',3,(#6674,#6675,#6676,#6677,#6678,#6679,#6680,#6681,#6682,#6683,#6684,#6685,#6686),.UNSPECIFIED.,.F.,.F.,(4,3,3,3,4),(0.,0.000069825,0.000139651,0.000209476,0.000279301),.UNSPECIFIED.);
#6688=EDGE_CURVE('',#6618,#6610,#6687,.T.);
#6689=ORIENTED_EDGE('',*,*,#6688,.T.);
#6690=ORIENTED_EDGE('',*,*,#6615,.T.);
#6691=EDGE_LOOP('',(#6672,#6673,#6689,#6690));
#6692=FACE_BOUND('',#6691,.T.);
#6693=ADVANCED_FACE('',(#6692),#6671,.T.);
#6694=CARTESIAN_POINT('',(-150.3,0.46,-5.677));
#6695=DIRECTION('',(0.,0.,-1.));
#6696=DIRECTION('',(-1.,0.,0.));
#6697=AXIS2_PLACEMENT_3D('',#6694,#6695,#6696);
#6698=PLANE('',#6697);
#6699=ORIENTED_EDGE('',*,*,#6633,.F.);
#6700=ORIENTED_EDGE('',*,*,#6688,.F.);
#6701=EDGE_LOOP('',(#6699,#6700));
#6702=FACE_BOUND('',#6701,.T.);
#6703=ADVANCED_FACE('',(#6702),#6698,.T.);
#6704=CARTESIAN_POINT('',(-23.592163524,-3.926834888,-5.66));
#6705=DIRECTION('',(1.,0.,0.));
#6706=DIRECTION('',(0.,0.,-1.));
#6707=AXIS2_PLACEMENT_3D('',#6704,#6705,#6706);
#6708=PLANE('',#6707);
#6709=ORIENTED_EDGE('',*,*,#2066,.F.);
#6710=CARTESIAN_POINT('',(-23.592163524,-3.852107499,-5.677));
#6711=VERTEX_POINT('',#6710);
#6712=CARTESIAN_POINT('',(-23.592163524,-3.852107499,-5.677));
#6713=DIRECTION('',(0.,0.,-1.));
#6714=VECTOR('',#6713,0.123);
#6715=LINE('',#6712,#6714);
#6716=EDGE_CURVE('',#6711,#2053,#6715,.T.);
#6717=ORIENTED_EDGE('',*,*,#6716,.F.);
#6718=CARTESIAN_POINT('',(-23.592163524,-4.001562277,-5.677));
#6719=VERTEX_POINT('',#6718);
#6720=CARTESIAN_POINT('',(-23.592163524,-3.852107499,-5.677));
#6721=DIRECTION('',(0.,-1.,-0.));
#6722=VECTOR('',#6721,0.149454779);
#6723=LINE('',#6720,#6722);
#6724=EDGE_CURVE('',#6711,#6719,#6723,.T.);
#6725=ORIENTED_EDGE('',*,*,#6724,.T.);
#6726=CARTESIAN_POINT('',(-23.592163524,-4.001562277,-5.677));
#6727=DIRECTION('',(0.,0.,-1.));
#6728=VECTOR('',#6727,0.123);
#6729=LINE('',#6726,#6728);
#6730=EDGE_CURVE('',#6719,#2061,#6729,.T.);
#6731=ORIENTED_EDGE('',*,*,#6730,.T.);
#6732=EDGE_LOOP('',(#6709,#6717,#6725,#6731));
#6733=FACE_BOUND('',#6732,.T.);
#6734=ADVANCED_FACE('',(#6733),#6708,.T.);
#6735=CARTESIAN_POINT('',(-23.0969743,-3.852107499,-5.66));
#6736=DIRECTION('',(0.,-1.,-0.));
#6737=DIRECTION('',(0.,0.,-1.));
#6738=AXIS2_PLACEMENT_3D('',#6735,#6736,#6737);
#6739=PLANE('',#6738);
#6740=ORIENTED_EDGE('',*,*,#2058,.F.);
#6741=CARTESIAN_POINT('',(-22.601785076,-3.852107499,-5.677));
#6742=VERTEX_POINT('',#6741);
#6743=CARTESIAN_POINT('',(-22.601785076,-3.852107499,-5.677));
#6744=DIRECTION('',(0.,0.,-1.));
#6745=VECTOR('',#6744,0.123);
#6746=LINE('',#6743,#6745);
#6747=EDGE_CURVE('',#6742,#2051,#6746,.T.);
#6748=ORIENTED_EDGE('',*,*,#6747,.F.);
#6749=CARTESIAN_POINT('',(-22.601785076,-3.852107499,-5.677));
#6750=DIRECTION('',(-1.,0.,0.));
#6751=VECTOR('',#6750,0.990378448);
#6752=LINE('',#6749,#6751);
#6753=EDGE_CURVE('',#6742,#6711,#6752,.T.);
#6754=ORIENTED_EDGE('',*,*,#6753,.T.);
#6755=ORIENTED_EDGE('',*,*,#6716,.T.);
#6756=EDGE_LOOP('',(#6740,#6748,#6754,#6755));
#6757=FACE_BOUND('',#6756,.T.);
#6758=ADVANCED_FACE('',(#6757),#6739,.T.);
#6759=CARTESIAN_POINT('',(-22.601785076,-3.971414747,-5.66));
#6760=DIRECTION('',(-1.,0.,0.));
#6761=DIRECTION('',(0.,0.,1.));
#6762=AXIS2_PLACEMENT_3D('',#6759,#6760,#6761);
#6763=PLANE('',#6762);
#6764=ORIENTED_EDGE('',*,*,#2096,.F.);
#6765=CARTESIAN_POINT('',(-22.601785076,-4.090721995,-5.677));
#6766=VERTEX_POINT('',#6765);
#6767=CARTESIAN_POINT('',(-22.601785076,-4.090721995,-5.677));
#6768=DIRECTION('',(0.,0.,-1.));
#6769=VECTOR('',#6768,0.123);
#6770=LINE('',#6767,#6769);
#6771=EDGE_CURVE('',#6766,#2085,#6770,.T.);
#6772=ORIENTED_EDGE('',*,*,#6771,.F.);
#6773=CARTESIAN_POINT('',(-22.601785076,-4.090721995,-5.677));
#6774=DIRECTION('',(0.,1.,0.));
#6775=VECTOR('',#6774,0.238614496);
#6776=LINE('',#6773,#6775);
#6777=EDGE_CURVE('',#6766,#6742,#6776,.T.);
#6778=ORIENTED_EDGE('',*,*,#6777,.T.);
#6779=ORIENTED_EDGE('',*,*,#6747,.T.);
#6780=EDGE_LOOP('',(#6764,#6772,#6778,#6779));
#6781=FACE_BOUND('',#6780,.T.);
#6782=ADVANCED_FACE('',(#6781),#6763,.T.);
#6783=CARTESIAN_POINT('',(-22.671701689,-4.131773952,-5.66));
#6784=DIRECTION('',(-0.50632848,0.862340693,0.));
#6785=DIRECTION('',(-0.862340693,-0.50632848,0.));
#6786=AXIS2_PLACEMENT_3D('',#6783,#6784,#6785);
#6787=PLANE('',#6786);
#6788=ORIENTED_EDGE('',*,*,#2090,.F.);
#6789=CARTESIAN_POINT('',(-22.741618302,-4.172825908,-5.677));
#6790=VERTEX_POINT('',#6789);
#6791=CARTESIAN_POINT('',(-22.741618302,-4.172825908,-5.677));
#6792=DIRECTION('',(0.,0.,-1.));
#6793=VECTOR('',#6792,0.123);
#6794=LINE('',#6791,#6793);
#6795=EDGE_CURVE('',#6790,#2077,#6794,.T.);
#6796=ORIENTED_EDGE('',*,*,#6795,.F.);
#6797=CARTESIAN_POINT('',(-22.741618302,-4.172825908,-5.677));
#6798=DIRECTION('',(0.862340693,0.50632848,0.));
#6799=VECTOR('',#6798,0.162155431);
#6800=LINE('',#6797,#6799);
#6801=EDGE_CURVE('',#6790,#6766,#6800,.T.);
#6802=ORIENTED_EDGE('',*,*,#6801,.T.);
#6803=ORIENTED_EDGE('',*,*,#6771,.T.);
#6804=EDGE_LOOP('',(#6788,#6796,#6802,#6803));
#6805=FACE_BOUND('',#6804,.T.);
#6806=ADVANCED_FACE('',(#6805),#6787,.T.);
#6807=CARTESIAN_POINT('',(-22.741618302,-4.087194093,-5.66));
#6808=DIRECTION('',(1.,0.,0.));
#6809=DIRECTION('',(0.,0.,-1.));
#6810=AXIS2_PLACEMENT_3D('',#6807,#6808,#6809);
#6811=PLANE('',#6810);
#6812=ORIENTED_EDGE('',*,*,#2082,.F.);
#6813=CARTESIAN_POINT('',(-22.741618302,-4.001562277,-5.677));
#6814=VERTEX_POINT('',#6813);
#6815=CARTESIAN_POINT('',(-22.741618302,-4.001562277,-5.677));
#6816=DIRECTION('',(0.,0.,-1.));
#6817=VECTOR('',#6816,0.123);
#6818=LINE('',#6815,#6817);
#6819=EDGE_CURVE('',#6814,#2069,#6818,.T.);
#6820=ORIENTED_EDGE('',*,*,#6819,.F.);
#6821=CARTESIAN_POINT('',(-22.741618302,-4.001562277,-5.677));
#6822=DIRECTION('',(0.,-1.,-0.));
#6823=VECTOR('',#6822,0.171263631);
#6824=LINE('',#6821,#6823);
#6825=EDGE_CURVE('',#6814,#6790,#6824,.T.);
#6826=ORIENTED_EDGE('',*,*,#6825,.T.);
#6827=ORIENTED_EDGE('',*,*,#6795,.T.);
#6828=EDGE_LOOP('',(#6812,#6820,#6826,#6827));
#6829=FACE_BOUND('',#6828,.T.);
#6830=ADVANCED_FACE('',(#6829),#6811,.T.);
#6831=CARTESIAN_POINT('',(-23.166890913,-4.001562277,-5.66));
#6832=DIRECTION('',(0.,1.,0.));
#6833=DIRECTION('',(0.,-0.,1.));
#6834=AXIS2_PLACEMENT_3D('',#6831,#6832,#6833);
#6835=PLANE('',#6834);
#6836=ORIENTED_EDGE('',*,*,#2074,.F.);
#6837=ORIENTED_EDGE('',*,*,#6730,.F.);
#6838=CARTESIAN_POINT('',(-23.592163524,-4.001562277,-5.677));
#6839=DIRECTION('',(1.,0.,-0.));
#6840=VECTOR('',#6839,0.850545221);
#6841=LINE('',#6838,#6840);
#6842=EDGE_CURVE('',#6719,#6814,#6841,.T.);
#6843=ORIENTED_EDGE('',*,*,#6842,.T.);
#6844=ORIENTED_EDGE('',*,*,#6819,.T.);
#6845=EDGE_LOOP('',(#6836,#6837,#6843,#6844));
#6846=FACE_BOUND('',#6845,.T.);
#6847=ADVANCED_FACE('',(#6846),#6835,.T.);
#6848=CARTESIAN_POINT('',(-150.3,0.46,-5.677));
#6849=DIRECTION('',(0.,0.,-1.));
#6850=DIRECTION('',(-1.,0.,0.));
#6851=AXIS2_PLACEMENT_3D('',#6848,#6849,#6850);
#6852=PLANE('',#6851);
#6853=ORIENTED_EDGE('',*,*,#6724,.F.);
#6854=ORIENTED_EDGE('',*,*,#6753,.F.);
#6855=ORIENTED_EDGE('',*,*,#6777,.F.);
#6856=ORIENTED_EDGE('',*,*,#6801,.F.);
#6857=ORIENTED_EDGE('',*,*,#6825,.F.);
#6858=ORIENTED_EDGE('',*,*,#6842,.F.);
#6859=EDGE_LOOP('',(#6853,#6854,#6855,#6856,#6857,#6858));
#6860=FACE_BOUND('',#6859,.T.);
#6861=ADVANCED_FACE('',(#6860),#6852,.T.);
#6862=CARTESIAN_POINT('',(-23.592163524,-2.776097236,-5.66));
#6863=DIRECTION('',(1.,0.,0.));
#6864=DIRECTION('',(0.,0.,-1.));
#6865=AXIS2_PLACEMENT_3D('',#6862,#6863,#6864);
#6866=PLANE('',#6865);
#6867=ORIENTED_EDGE('',*,*,#2116,.F.);
#6868=CARTESIAN_POINT('',(-23.592163524,-2.443512245,-5.677));
#6869=VERTEX_POINT('',#6868);
#6870=CARTESIAN_POINT('',(-23.592163524,-2.443512245,-5.677));
#6871=DIRECTION('',(0.,0.,-1.));
#6872=VECTOR('',#6871,0.123);
#6873=LINE('',#6870,#6872);
#6874=EDGE_CURVE('',#6869,#2103,#6873,.T.);
#6875=ORIENTED_EDGE('',*,*,#6874,.F.);
#6876=CARTESIAN_POINT('',(-23.592163524,-3.108682226,-5.677));
#6877=VERTEX_POINT('',#6876);
#6878=CARTESIAN_POINT('',(-23.592163524,-2.443512245,-5.677));
#6879=DIRECTION('',(0.,-1.,-0.));
#6880=VECTOR('',#6879,0.665169981);
#6881=LINE('',#6878,#6880);
#6882=EDGE_CURVE('',#6869,#6877,#6881,.T.);
#6883=ORIENTED_EDGE('',*,*,#6882,.T.);
#6884=CARTESIAN_POINT('',(-23.592163524,-3.108682226,-5.677));
#6885=DIRECTION('',(0.,0.,-1.));
#6886=VECTOR('',#6885,0.123);
#6887=LINE('',#6884,#6886);
#6888=EDGE_CURVE('',#6877,#2111,#6887,.T.);
#6889=ORIENTED_EDGE('',*,*,#6888,.T.);
#6890=EDGE_LOOP('',(#6867,#6875,#6883,#6889));
#6891=FACE_BOUND('',#6890,.T.);
#6892=ADVANCED_FACE('',(#6891),#6866,.T.);
#6893=CARTESIAN_POINT('',(-23.521926192,-2.443512245,-5.66));
#6894=DIRECTION('',(0.,-1.,-0.));
#6895=DIRECTION('',(0.,0.,-1.));
#6896=AXIS2_PLACEMENT_3D('',#6893,#6894,#6895);
#6897=PLANE('',#6896);
#6898=ORIENTED_EDGE('',*,*,#2108,.F.);
#6899=CARTESIAN_POINT('',(-23.451688861,-2.443512245,-5.677));
#6900=VERTEX_POINT('',#6899);
#6901=CARTESIAN_POINT('',(-23.451688861,-2.443512245,-5.677));
#6902=DIRECTION('',(0.,0.,-1.));
#6903=VECTOR('',#6902,0.123);
#6904=LINE('',#6901,#6903);
#6905=EDGE_CURVE('',#6900,#2101,#6904,.T.);
#6906=ORIENTED_EDGE('',*,*,#6905,.F.);
#6907=CARTESIAN_POINT('',(-23.451688861,-2.443512245,-5.677));
#6908=DIRECTION('',(-1.,0.,0.));
#6909=VECTOR('',#6908,0.140474663);
#6910=LINE('',#6907,#6909);
#6911=EDGE_CURVE('',#6900,#6869,#6910,.T.);
#6912=ORIENTED_EDGE('',*,*,#6911,.T.);
#6913=ORIENTED_EDGE('',*,*,#6874,.T.);
#6914=EDGE_LOOP('',(#6898,#6906,#6912,#6913));
#6915=FACE_BOUND('',#6914,.T.);
#6916=ADVANCED_FACE('',(#6915),#6897,.T.);
#6917=CARTESIAN_POINT('',(-23.451688861,-2.627925331,-5.66));
#6918=DIRECTION('',(-1.,0.,0.));
#6919=DIRECTION('',(0.,0.,1.));
#6920=AXIS2_PLACEMENT_3D('',#6917,#6918,#6919);
#6921=PLANE('',#6920);
#6922=ORIENTED_EDGE('',*,*,#2239,.F.);
#6923=CARTESIAN_POINT('',(-23.451688861,-2.812338416,-5.677));
#6924=VERTEX_POINT('',#6923);
#6925=CARTESIAN_POINT('',(-23.451688861,-2.812338416,-5.677));
#6926=DIRECTION('',(0.,0.,-1.));
#6927=VECTOR('',#6926,0.123);
#6928=LINE('',#6925,#6927);
#6929=EDGE_CURVE('',#6924,#2228,#6928,.T.);
#6930=ORIENTED_EDGE('',*,*,#6929,.F.);
#6931=CARTESIAN_POINT('',(-23.451688861,-2.812338416,-5.677));
#6932=DIRECTION('',(0.,1.,0.));
#6933=VECTOR('',#6932,0.368826171);
#6934=LINE('',#6931,#6933);
#6935=EDGE_CURVE('',#6924,#6900,#6934,.T.);
#6936=ORIENTED_EDGE('',*,*,#6935,.T.);
#6937=ORIENTED_EDGE('',*,*,#6905,.T.);
#6938=EDGE_LOOP('',(#6922,#6930,#6936,#6937));
#6939=FACE_BOUND('',#6938,.T.);
#6940=ADVANCED_FACE('',(#6939),#6921,.T.);
#6941=CARTESIAN_POINT('',(-23.360604832,-2.735365998,-5.66));
#6942=DIRECTION('',(0.645459872,-0.763794182,-0.));
#6943=DIRECTION('',(0.763794182,0.645459872,0.));
#6944=AXIS2_PLACEMENT_3D('',#6941,#6942,#6943);
#6945=PLANE('',#6944);
#6946=ORIENTED_EDGE('',*,*,#2233,.F.);
#6947=CARTESIAN_POINT('',(-23.269520804,-2.65839358,-5.677));
#6948=VERTEX_POINT('',#6947);
#6949=CARTESIAN_POINT('',(-23.269520804,-2.65839358,-5.677));
#6950=DIRECTION('',(0.,0.,-1.));
#6951=VECTOR('',#6950,0.123);
#6952=LINE('',#6949,#6951);
#6953=EDGE_CURVE('',#6948,#2216,#6952,.T.);
#6954=ORIENTED_EDGE('',*,*,#6953,.F.);
#6955=CARTESIAN_POINT('',(-23.269520804,-2.65839358,-5.677));
#6956=DIRECTION('',(-0.763794182,-0.645459872,-0.));
#6957=VECTOR('',#6956,0.238504116);
#6958=LINE('',#6955,#6957);
#6959=EDGE_CURVE('',#6948,#6924,#6958,.T.);
#6960=ORIENTED_EDGE('',*,*,#6959,.T.);
#6961=ORIENTED_EDGE('',*,*,#6929,.T.);
#6962=EDGE_LOOP('',(#6946,#6954,#6960,#6961));
#6963=FACE_BOUND('',#6962,.T.);
#6964=ADVANCED_FACE('',(#6963),#6945,.T.);
#6965=CARTESIAN_POINT('',(-23.04245217,-2.488412823,-5.677));
#6966=CARTESIAN_POINT('',(-23.04245217,-2.488412823,-5.76));
#6967=CARTESIAN_POINT('',(-23.04245217,-2.488412823,-5.8));
#6968=CARTESIAN_POINT('',(-23.08286269,-2.510221675,-5.677));
#6969=CARTESIAN_POINT('',(-23.08286269,-2.510221675,-5.76));
#6970=CARTESIAN_POINT('',(-23.08286269,-2.510221675,-5.8));
#6971=CARTESIAN_POINT('',(-23.138346975,-2.552235786,-5.677));
#6972=CARTESIAN_POINT('',(-23.138346975,-2.552235786,-5.76));
#6973=CARTESIAN_POINT('',(-23.138346975,-2.552235786,-5.8));
#6974=CARTESIAN_POINT('',(-23.193831259,-2.594249898,-5.677));
#6975=CARTESIAN_POINT('',(-23.193831259,-2.594249898,-5.76));
#6976=CARTESIAN_POINT('',(-23.193831259,-2.594249898,-5.8));
#6977=CARTESIAN_POINT('',(-23.269520804,-2.65839358,-5.677));
#6978=CARTESIAN_POINT('',(-23.269520804,-2.65839358,-5.76));
#6979=CARTESIAN_POINT('',(-23.269520804,-2.65839358,-5.8));
#6980=B_SPLINE_SURFACE_WITH_KNOTS('',2,1,((#6965,#6966,#6967),(#6968,#6969,#6970),(#6971,#6972,#6973),(#6974,#6975,#6976),(#6977,#6978,#6979)),.UNSPECIFIED.,.F.,.F.,.U.,(3,2,3),(2,1,2),(0.876978324,0.938489162,1.),(0.17,1.,1.4),.UNSPECIFIED.);
#6981=ORIENTED_EDGE('',*,*,#2225,.F.);
#6982=CARTESIAN_POINT('',(-23.04245217,-2.488412823,-5.677));
#6983=VERTEX_POINT('',#6982);
#6984=CARTESIAN_POINT('',(-23.04245217,-2.488412823,-5.677));
#6985=DIRECTION('',(0.,0.,-1.));
#6986=VECTOR('',#6985,0.123);
#6987=LINE('',#6984,#6986);
#6988=EDGE_CURVE('',#6983,#2198,#6987,.T.);
#6989=ORIENTED_EDGE('',*,*,#6988,.F.);
#6990=CARTESIAN_POINT('',(-23.04245217,-2.488412823,-5.677));
#6991=CARTESIAN_POINT('',(-23.084198445,-2.510942558,-5.677));
#6992=CARTESIAN_POINT('',(-23.122165606,-2.539419781,-5.677));
#6993=CARTESIAN_POINT('',(-23.159528344,-2.568507763,-5.677));
#6994=CARTESIAN_POINT('',(-23.196891081,-2.597595745,-5.677));
#6995=CARTESIAN_POINT('',(-23.233393415,-2.627777148,-5.677));
#6996=CARTESIAN_POINT('',(-23.269520804,-2.65839358,-5.677));
#6997=B_SPLINE_CURVE_WITH_KNOTS('',3,(#6990,#6991,#6992,#6993,#6994,#6995,#6996),.UNSPECIFIED.,.F.,.F.,(4,3,4),(0.000734719,0.000877008,0.001019296),.UNSPECIFIED.);
#6998=EDGE_CURVE('',#6983,#6948,#6997,.T.);
#6999=ORIENTED_EDGE('',*,*,#6998,.T.);
#7000=ORIENTED_EDGE('',*,*,#6953,.T.);
#7001=EDGE_LOOP('',(#6981,#6989,#6999,#7000));
#7002=FACE_BOUND('',#7001,.T.);
#7003=ADVANCED_FACE('',(#7002),#6980,.T.);
#7004=CARTESIAN_POINT('',(-22.671060252,-2.537803458,-5.677));
#7005=CARTESIAN_POINT('',(-22.671060252,-2.537803458,-5.76));
#7006=CARTESIAN_POINT('',(-22.671060252,-2.537803458,-5.8));
#7007=CARTESIAN_POINT('',(-22.757012786,-2.445436556,-5.677));
#7008=CARTESIAN_POINT('',(-22.757012786,-2.445436556,-5.76));
#7009=CARTESIAN_POINT('',(-22.757012786,-2.445436556,-5.8));
#7010=CARTESIAN_POINT('',(-22.884017276,-2.445436556,-5.677));
#7011=CARTESIAN_POINT('',(-22.884017276,-2.445436556,-5.76));
#7012=CARTESIAN_POINT('',(-22.884017276,-2.445436556,-5.8));
#7013=CARTESIAN_POINT('',(-22.964838315,-2.445436556,-5.677));
#7014=CARTESIAN_POINT('',(-22.964838315,-2.445436556,-5.76));
#7015=CARTESIAN_POINT('',(-22.964838315,-2.445436556,-5.8));
#7016=CARTESIAN_POINT('',(-23.04245217,-2.488412823,-5.677));
#7017=CARTESIAN_POINT('',(-23.04245217,-2.488412823,-5.76));
#7018=CARTESIAN_POINT('',(-23.04245217,-2.488412823,-5.8));
#7019=B_SPLINE_SURFACE_WITH_KNOTS('',2,1,((#7004,#7005,#7006),(#7007,#7008,#7009),(#7010,#7011,#7012),(#7013,#7014,#7015),(#7016,#7017,#7018)),.UNSPECIFIED.,.F.,.F.,.U.,(3,2,3),(2,1,2),(0.571390067,0.758138446,0.876978324),(0.17,1.,1.4),.UNSPECIFIED.);
#7020=ORIENTED_EDGE('',*,*,#2213,.F.);
#7021=CARTESIAN_POINT('',(-22.671060252,-2.537803458,-5.677));
#7022=VERTEX_POINT('',#7021);
#7023=CARTESIAN_POINT('',(-22.671060252,-2.537803458,-5.677));
#7024=DIRECTION('',(0.,0.,-1.));
#7025=VECTOR('',#7024,0.123);
#7026=LINE('',#7023,#7025);
#7027=EDGE_CURVE('',#7022,#2174,#7026,.T.);
#7028=ORIENTED_EDGE('',*,*,#7027,.F.);
#7029=CARTESIAN_POINT('',(-22.671060252,-2.537803458,-5.677));
#7030=CARTESIAN_POINT('',(-22.694223349,-2.512911772,-5.677));
#7031=CARTESIAN_POINT('',(-22.721188831,-2.491633789,-5.677));
#7032=CARTESIAN_POINT('',(-22.751089813,-2.476204515,-5.677));
#7033=CARTESIAN_POINT('',(-22.780990796,-2.46077524,-5.677));
#7034=CARTESIAN_POINT('',(-22.813884648,-2.45122072,-5.677));
#7035=CARTESIAN_POINT('',(-22.847494538,-2.447440435,-5.677));
#7036=CARTESIAN_POINT('',(-22.881104429,-2.44366015,-5.677));
#7037=CARTESIAN_POINT('',(-22.915332468,-2.445226719,-5.677));
#7038=CARTESIAN_POINT('',(-22.948080062,-2.452295286,-5.677));
#7039=CARTESIAN_POINT('',(-22.980827656,-2.459363852,-5.677));
#7040=CARTESIAN_POINT('',(-23.012745739,-2.471963807,-5.677));
#7041=CARTESIAN_POINT('',(-23.04245217,-2.488412823,-5.677));
#7042=B_SPLINE_CURVE_WITH_KNOTS('',3,(#7029,#7030,#7031,#7032,#7033,#7034,#7035,#7036,#7037,#7038,#7039,#7040,#7041),.UNSPECIFIED.,.F.,.F.,(4,3,3,3,4),(0.000864992,0.000965595,0.001066198,0.001166802,0.001267405),.UNSPECIFIED.);
#7043=EDGE_CURVE('',#7022,#6983,#7042,.T.);
#7044=ORIENTED_EDGE('',*,*,#7043,.T.);
#7045=ORIENTED_EDGE('',*,*,#6988,.T.);
#7046=EDGE_LOOP('',(#7020,#7028,#7044,#7045));
#7047=FACE_BOUND('',#7046,.T.);
#7048=ADVANCED_FACE('',(#7047),#7019,.T.);
#7049=CARTESIAN_POINT('',(-22.898128886,-3.081100443,-5.677));
#7050=CARTESIAN_POINT('',(-22.898128886,-3.081100443,-5.76));
#7051=CARTESIAN_POINT('',(-22.898128886,-3.081100443,-5.8));
#7052=CARTESIAN_POINT('',(-22.585107719,-3.045179981,-5.677));
#7053=CARTESIAN_POINT('',(-22.585107719,-3.045179981,-5.76));
#7054=CARTESIAN_POINT('',(-22.585107719,-3.045179981,-5.8));
#7055=CARTESIAN_POINT('',(-22.585107719,-2.764872091,-5.677));
#7056=CARTESIAN_POINT('',(-22.585107719,-2.764872091,-5.76));
#7057=CARTESIAN_POINT('',(-22.585107719,-2.764872091,-5.8));
#7058=CARTESIAN_POINT('',(-22.585107719,-2.629528923,-5.677));
#7059=CARTESIAN_POINT('',(-22.585107719,-2.629528923,-5.76));
#7060=CARTESIAN_POINT('',(-22.585107719,-2.629528923,-5.8));
#7061=CARTESIAN_POINT('',(-22.671060252,-2.537803458,-5.677));
#7062=CARTESIAN_POINT('',(-22.671060252,-2.537803458,-5.76));
#7063=CARTESIAN_POINT('',(-22.671060252,-2.537803458,-5.8));
#7064=B_SPLINE_SURFACE_WITH_KNOTS('',2,1,((#7049,#7050,#7051),(#7052,#7053,#7054),(#7055,#7056,#7057),(#7058,#7059,#7060),(#7061,#7062,#7063)),.UNSPECIFIED.,.F.,.F.,.U.,(3,2,3),(2,1,2),(0.,0.385335585,0.571390067),(0.17,1.,1.4),.UNSPECIFIED.);
#7065=ORIENTED_EDGE('',*,*,#2195,.F.);
#7066=CARTESIAN_POINT('',(-22.898128886,-3.081100443,-5.677));
#7067=VERTEX_POINT('',#7066);
#7068=CARTESIAN_POINT('',(-22.898128886,-3.081100443,-5.677));
#7069=DIRECTION('',(0.,0.,-1.));
#7070=VECTOR('',#7069,0.123);
#7071=LINE('',#7068,#7070);
#7072=EDGE_CURVE('',#7067,#2166,#7071,.T.);
#7073=ORIENTED_EDGE('',*,*,#7072,.F.);
#7074=CARTESIAN_POINT('',(-22.898128886,-3.081100443,-5.677));
#7075=CARTESIAN_POINT('',(-22.835849927,-3.073953677,-5.677));
#7076=CARTESIAN_POINT('',(-22.773514252,-3.05885665,-5.677));
#7077=CARTESIAN_POINT('',(-22.719779101,-3.02744811,-5.677));
#7078=CARTESIAN_POINT('',(-22.692911526,-3.01174384,-5.677));
#7079=CARTESIAN_POINT('',(-22.668643489,-2.991981444,-5.677));
#7080=CARTESIAN_POINT('',(-22.648635408,-2.967830968,-5.677));
#7081=CARTESIAN_POINT('',(-22.628627327,-2.943680493,-5.677));
#7082=CARTESIAN_POINT('',(-22.613733134,-2.916176868,-5.677));
#7083=CARTESIAN_POINT('',(-22.603542285,-2.886528397,-5.677));
#7084=CARTESIAN_POINT('',(-22.562778889,-2.767934514,-5.677));
#7085=CARTESIAN_POINT('',(-22.585205532,-2.62942454,-5.677));
#7086=CARTESIAN_POINT('',(-22.671060252,-2.537803458,-5.677));
#7087=B_SPLINE_CURVE_WITH_KNOTS('',3,(#7074,#7075,#7076,#7077,#7078,#7079,#7080,#7081,#7082,#7083,#7084,#7085,#7086),.UNSPECIFIED.,.F.,.F.,(4,3,3,3,4),(0.001190114,0.001377507,0.001471204,0.001564901,0.001939688),.UNSPECIFIED.);
#7088=EDGE_CURVE('',#7067,#7022,#7087,.T.);
#7089=ORIENTED_EDGE('',*,*,#7088,.T.);
#7090=ORIENTED_EDGE('',*,*,#7027,.T.);
#7091=EDGE_LOOP('',(#7065,#7073,#7089,#7090));
#7092=FACE_BOUND('',#7091,.T.);
#7093=ADVANCED_FACE('',(#7092),#7064,.T.);
#7094=CARTESIAN_POINT('',(-22.898128886,-3.006693772,-5.66));
#7095=DIRECTION('',(1.,0.,0.));
#7096=DIRECTION('',(0.,0.,-1.));
#7097=AXIS2_PLACEMENT_3D('',#7094,#7095,#7096);
#7098=PLANE('',#7097);
#7099=ORIENTED_EDGE('',*,*,#2171,.F.);
#7100=CARTESIAN_POINT('',(-22.898128886,-2.932287101,-5.677));
#7101=VERTEX_POINT('',#7100);
#7102=CARTESIAN_POINT('',(-22.898128886,-2.932287101,-5.677));
#7103=DIRECTION('',(0.,0.,-1.));
#7104=VECTOR('',#7103,0.123);
#7105=LINE('',#7102,#7104);
#7106=EDGE_CURVE('',#7101,#2139,#7105,.T.);
#7107=ORIENTED_EDGE('',*,*,#7106,.F.);
#7108=CARTESIAN_POINT('',(-22.898128886,-2.932287101,-5.677));
#7109=DIRECTION('',(0.,-1.,-0.));
#7110=VECTOR('',#7109,0.148813342);
#7111=LINE('',#7108,#7110);
#7112=EDGE_CURVE('',#7101,#7067,#7111,.T.);
#7113=ORIENTED_EDGE('',*,*,#7112,.T.);
#7114=ORIENTED_EDGE('',*,*,#7072,.T.);
#7115=EDGE_LOOP('',(#7099,#7107,#7113,#7114));
#7116=FACE_BOUND('',#7115,.T.);
#7117=ADVANCED_FACE('',(#7116),#7098,.T.);
#7118=CARTESIAN_POINT('',(-22.991778662,-2.627604612,-5.677));
#7119=CARTESIAN_POINT('',(-22.991778662,-2.627604612,-5.76));
#7120=CARTESIAN_POINT('',(-22.991778662,-2.627604612,-5.8));
#7121=CARTESIAN_POINT('',(-22.931483601,-2.591042714,-5.677));
#7122=CARTESIAN_POINT('',(-22.931483601,-2.591042714,-5.76));
#7123=CARTESIAN_POINT('',(-22.931483601,-2.591042714,-5.8));
#7124=CARTESIAN_POINT('',(-22.883375839,-2.591042714,-5.677));
#7125=CARTESIAN_POINT('',(-22.883375839,-2.591042714,-5.76));
#7126=CARTESIAN_POINT('',(-22.883375839,-2.591042714,-5.8));
#7127=CARTESIAN_POINT('',(-22.814100663,-2.591042714,-5.677));
#7128=CARTESIAN_POINT('',(-22.814100663,-2.591042714,-5.76));
#7129=CARTESIAN_POINT('',(-22.814100663,-2.591042714,-5.8));
#7130=CARTESIAN_POINT('',(-22.767275775,-2.639791912,-5.677));
#7131=CARTESIAN_POINT('',(-22.767275775,-2.639791912,-5.76));
#7132=CARTESIAN_POINT('',(-22.767275775,-2.639791912,-5.8));
#7133=CARTESIAN_POINT('',(-22.720450887,-2.68854111,-5.677));
#7134=CARTESIAN_POINT('',(-22.720450887,-2.68854111,-5.76));
#7135=CARTESIAN_POINT('',(-22.720450887,-2.68854111,-5.8));
#7136=CARTESIAN_POINT('',(-22.720450887,-2.760382034,-5.677));
#7137=CARTESIAN_POINT('',(-22.720450887,-2.760382034,-5.76));
#7138=CARTESIAN_POINT('',(-22.720450887,-2.760382034,-5.8));
#7139=CARTESIAN_POINT('',(-22.720450887,-2.910478249,-5.677));
#7140=CARTESIAN_POINT('',(-22.720450887,-2.910478249,-5.76));
#7141=CARTESIAN_POINT('',(-22.720450887,-2.910478249,-5.8));
#7142=CARTESIAN_POINT('',(-22.898128886,-2.932287101,-5.677));
#7143=CARTESIAN_POINT('',(-22.898128886,-2.932287101,-5.76));
#7144=CARTESIAN_POINT('',(-22.898128886,-2.932287101,-5.8));
#7145=B_SPLINE_SURFACE_WITH_KNOTS('',2,1,((#7118,#7119,#7120),(#7121,#7122,#7123),(#7124,#7125,#7126),(#7127,#7128,#7129),(#7130,#7131,#7132),(#7133,#7134,#7135),(#7136,#7137,#7138),(#7139,#7140,#7141),(#7142,#7143,#7144)),.UNSPECIFIED.,.F.,.F.,.U.,(3,2,2,2,3),(2,1,2),(0.127980125,0.254569489,0.436858173,0.619146857,1.),(0.17,1.,1.4),.UNSPECIFIED.);
#7146=ORIENTED_EDGE('',*,*,#2163,.F.);
#7147=CARTESIAN_POINT('',(-22.991778662,-2.627604612,-5.677));
#7148=VERTEX_POINT('',#7147);
#7149=CARTESIAN_POINT('',(-22.991778662,-2.627604612,-5.677));
#7150=DIRECTION('',(0.,0.,-1.));
#7151=VECTOR('',#7150,0.123);
#7152=LINE('',#7149,#7151);
#7153=EDGE_CURVE('',#7148,#2127,#7152,.T.);
#7154=ORIENTED_EDGE('',*,*,#7153,.F.);
#7155=CARTESIAN_POINT('',(-22.991778662,-2.627604612,-5.677));
#7156=CARTESIAN_POINT('',(-22.968319879,-2.613379606,-5.677));
#7157=CARTESIAN_POINT('',(-22.943351658,-2.601307044,-5.677));
#7158=CARTESIAN_POINT('',(-22.916797668,-2.595104176,-5.677));
#7159=CARTESIAN_POINT('',(-22.890243677,-2.588901308,-5.677));
#7160=CARTESIAN_POINT('',(-22.86184266,-2.589949163,-5.677));
#7161=CARTESIAN_POINT('',(-22.835793415,-2.59753805,-5.677));
#7162=CARTESIAN_POINT('',(-22.783694924,-2.612715822,-5.677));
#7163=CARTESIAN_POINT('',(-22.741539954,-2.657313483,-5.677));
#7164=CARTESIAN_POINT('',(-22.726981491,-2.709943901,-5.677));
#7165=CARTESIAN_POINT('',(-22.719702259,-2.73625911,-5.677));
#7166=CARTESIAN_POINT('',(-22.718740953,-2.764041046,-5.677));
#7167=CARTESIAN_POINT('',(-22.722466801,-2.790902114,-5.677));
#7168=CARTESIAN_POINT('',(-22.72619265,-2.817763181,-5.677));
#7169=CARTESIAN_POINT('',(-22.735938824,-2.844083834,-5.677));
#7170=CARTESIAN_POINT('',(-22.753141429,-2.865542609,-5.677));
#7171=CARTESIAN_POINT('',(-22.770344033,-2.887001383,-5.677));
#7172=CARTESIAN_POINT('',(-22.793616572,-2.902299152,-5.677));
#7173=CARTESIAN_POINT('',(-22.81878459,-2.912706306,-5.677));
#7174=CARTESIAN_POINT('',(-22.843952607,-2.923113461,-5.677));
#7175=CARTESIAN_POINT('',(-22.870943076,-2.928950215,-5.677));
#7176=CARTESIAN_POINT('',(-22.898128886,-2.932287101,-5.677));
#7177=B_SPLINE_CURVE_WITH_KNOTS('',3,(#7155,#7156,#7157,#7158,#7159,#7160,#7161,#7162,#7163,#7164,#7165,#7166,#7167,#7168,#7169,#7170,#7171,#7172,#7173,#7174,#7175,#7176),.UNSPECIFIED.,.F.,.F.,(4,3,3,3,3,3,3,4),(0.001359715,0.001441434,0.001523154,0.001686592,0.001768311,0.001850031,0.00193175,0.002013469),.UNSPECIFIED.);
#7178=EDGE_CURVE('',#7148,#7101,#7177,.T.);
#7179=ORIENTED_EDGE('',*,*,#7178,.T.);
#7180=ORIENTED_EDGE('',*,*,#7106,.T.);
#7181=EDGE_LOOP('',(#7146,#7154,#7179,#7180));
#7182=FACE_BOUND('',#7181,.T.);
#7183=ADVANCED_FACE('',(#7182),#7145,.T.);
#7184=CARTESIAN_POINT('',(-23.175871029,-2.764872091,-5.677));
#7185=CARTESIAN_POINT('',(-23.175871029,-2.764872091,-5.76));
#7186=CARTESIAN_POINT('',(-23.175871029,-2.764872091,-5.8));
#7187=CARTESIAN_POINT('',(-23.113651657,-2.714198583,-5.677));
#7188=CARTESIAN_POINT('',(-23.113651657,-2.714198583,-5.76));
#7189=CARTESIAN_POINT('',(-23.113651657,-2.714198583,-5.8));
#7190=CARTESIAN_POINT('',(-23.068109643,-2.679881713,-5.677));
#7191=CARTESIAN_POINT('',(-23.068109643,-2.679881713,-5.76));
#7192=CARTESIAN_POINT('',(-23.068109643,-2.679881713,-5.8));
#7193=CARTESIAN_POINT('',(-23.022567629,-2.645564843,-5.677));
#7194=CARTESIAN_POINT('',(-23.022567629,-2.645564843,-5.76));
#7195=CARTESIAN_POINT('',(-23.022567629,-2.645564843,-5.8));
#7196=CARTESIAN_POINT('',(-22.991778662,-2.627604612,-5.677));
#7197=CARTESIAN_POINT('',(-22.991778662,-2.627604612,-5.76));
#7198=CARTESIAN_POINT('',(-22.991778662,-2.627604612,-5.8));
#7199=B_SPLINE_SURFACE_WITH_KNOTS('',2,1,((#7184,#7185,#7186),(#7187,#7188,#7189),(#7190,#7191,#7192),(#7193,#7194,#7195),(#7196,#7197,#7198)),.UNSPECIFIED.,.F.,.F.,.U.,(3,2,3),(2,1,2),(0.,0.063990063,0.127980125),(0.17,1.,1.4),.UNSPECIFIED.);
#7200=ORIENTED_EDGE('',*,*,#2136,.F.);
#7201=CARTESIAN_POINT('',(-23.175871029,-2.764872091,-5.677));
#7202=VERTEX_POINT('',#7201);
#7203=CARTESIAN_POINT('',(-23.175871029,-2.764872091,-5.677));
#7204=DIRECTION('',(0.,0.,-1.));
#7205=VECTOR('',#7204,0.123);
#7206=LINE('',#7203,#7205);
#7207=EDGE_CURVE('',#7202,#2119,#7206,.T.);
#7208=ORIENTED_EDGE('',*,*,#7207,.F.);
#7209=CARTESIAN_POINT('',(-23.175871029,-2.764872091,-5.677));
#7210=CARTESIAN_POINT('',(-23.146169251,-2.740681984,-5.677));
#7211=CARTESIAN_POINT('',(-23.116259139,-2.716744258,-5.677));
#7212=CARTESIAN_POINT('',(-23.085883056,-2.693409187,-5.677));
#7213=CARTESIAN_POINT('',(-23.055506973,-2.670074116,-5.677));
#7214=CARTESIAN_POINT('',(-23.024893061,-2.64692173,-5.677));
#7215=CARTESIAN_POINT('',(-22.991778662,-2.627604612,-5.677));
#7216=B_SPLINE_CURVE_WITH_KNOTS('',3,(#7209,#7210,#7211,#7212,#7213,#7214,#7215),.UNSPECIFIED.,.F.,.F.,(4,3,4),(0.0012839,0.001398818,0.001513736),.UNSPECIFIED.);
#7217=EDGE_CURVE('',#7202,#7148,#7216,.T.);
#7218=ORIENTED_EDGE('',*,*,#7217,.T.);
#7219=ORIENTED_EDGE('',*,*,#7153,.T.);
#7220=EDGE_LOOP('',(#7200,#7208,#7218,#7219));
#7221=FACE_BOUND('',#7220,.T.);
#7222=ADVANCED_FACE('',(#7221),#7199,.T.);
#7223=CARTESIAN_POINT('',(-23.384017276,-2.936777159,-5.66));
#7224=DIRECTION('',(-0.636789336,0.771037834,0.));
#7225=DIRECTION('',(-0.771037834,-0.636789336,-0.));
#7226=AXIS2_PLACEMENT_3D('',#7223,#7224,#7225);
#7227=PLANE('',#7226);
#7228=ORIENTED_EDGE('',*,*,#2124,.F.);
#7229=ORIENTED_EDGE('',*,*,#6888,.F.);
#7230=CARTESIAN_POINT('',(-23.592163524,-3.108682226,-5.677));
#7231=DIRECTION('',(0.771037834,0.636789336,0.));
#7232=VECTOR('',#7231,0.539911891);
#7233=LINE('',#7230,#7232);
#7234=EDGE_CURVE('',#6877,#7202,#7233,.T.);
#7235=ORIENTED_EDGE('',*,*,#7234,.T.);
#7236=ORIENTED_EDGE('',*,*,#7207,.T.);
#7237=EDGE_LOOP('',(#7228,#7229,#7235,#7236));
#7238=FACE_BOUND('',#7237,.T.);
#7239=ADVANCED_FACE('',(#7238),#7227,.T.);
#7240=CARTESIAN_POINT('',(-150.3,0.46,-5.677));
#7241=DIRECTION('',(0.,0.,-1.));
#7242=DIRECTION('',(-1.,0.,0.));
#7243=AXIS2_PLACEMENT_3D('',#7240,#7241,#7242);
#7244=PLANE('',#7243);
#7245=ORIENTED_EDGE('',*,*,#6882,.F.);
#7246=ORIENTED_EDGE('',*,*,#6911,.F.);
#7247=ORIENTED_EDGE('',*,*,#6935,.F.);
#7248=ORIENTED_EDGE('',*,*,#6959,.F.);
#7249=ORIENTED_EDGE('',*,*,#6998,.F.);
#7250=ORIENTED_EDGE('',*,*,#7043,.F.);
#7251=ORIENTED_EDGE('',*,*,#7088,.F.);
#7252=ORIENTED_EDGE('',*,*,#7112,.F.);
#7253=ORIENTED_EDGE('',*,*,#7178,.F.);
#7254=ORIENTED_EDGE('',*,*,#7217,.F.);
#7255=ORIENTED_EDGE('',*,*,#7234,.F.);
#7256=EDGE_LOOP('',(#7245,#7246,#7247,#7248,#7249,#7250,#7251,#7252,#7253,#7254,#7255));
#7257=FACE_BOUND('',#7256,.T.);
#7258=ADVANCED_FACE('',(#7257),#7244,.T.);
#7259=CARTESIAN_POINT('',(-24.096967185,-0.342410604,-5.33));
#7260=DIRECTION('',(-0.819450171,0.573150432,0.));
#7261=DIRECTION('',(-0.573150432,-0.819450171,0.));
#7262=AXIS2_PLACEMENT_3D('',#7259,#7260,#7261);
#7263=PLANE('',#7262);
#7264=CARTESIAN_POINT('',(-24.254884197,-0.56818924,-5.31));
#7265=VERTEX_POINT('',#7264);
#7266=CARTESIAN_POINT('',(-23.939050173,-0.116631969,-5.31));
#7267=VERTEX_POINT('',#7266);
#7268=CARTESIAN_POINT('',(-24.254884197,-0.56818924,-5.31));
#7269=DIRECTION('',(0.573150432,0.819450171,-0.));
#7270=VECTOR('',#7269,0.55104909);
#7271=LINE('',#7268,#7270);
#7272=EDGE_CURVE('',#7265,#7267,#7271,.T.);
#7273=ORIENTED_EDGE('',*,*,#7272,.T.);
#7274=CARTESIAN_POINT('',(-23.939050173,-0.116631969,-5.31));
#7275=DIRECTION('',(0.,0.,-1.));
#7276=VECTOR('',#7275,0.49);
#7277=LINE('',#7274,#7276);
#7278=EDGE_CURVE('',#7267,#2246,#7277,.T.);
#7279=ORIENTED_EDGE('',*,*,#7278,.T.);
#7280=ORIENTED_EDGE('',*,*,#2251,.F.);
#7281=CARTESIAN_POINT('',(-24.254884197,-0.56818924,-5.8));
#7282=DIRECTION('',(0.,-0.,1.));
#7283=VECTOR('',#7282,0.49);
#7284=LINE('',#7281,#7283);
#7285=EDGE_CURVE('',#2244,#7265,#7284,.T.);
#7286=ORIENTED_EDGE('',*,*,#7285,.T.);
#7287=EDGE_LOOP('',(#7273,#7279,#7280,#7286));
#7288=FACE_BOUND('',#7287,.T.);
#7289=ADVANCED_FACE('',(#7288),#7263,.T.);
#7290=CARTESIAN_POINT('',(-26.391427664,1.262410604,-5.33));
#7291=DIRECTION('',(-0.819450171,0.573150432,0.));
#7292=DIRECTION('',(-0.573150432,-0.819450171,0.));
#7293=AXIS2_PLACEMENT_3D('',#7290,#7291,#7292);
#7294=PLANE('',#7293);
#7295=ORIENTED_EDGE('',*,*,#2540,.T.);
#7296=CARTESIAN_POINT('',(-26.233510652,1.48818924,-5.31));
#7297=VERTEX_POINT('',#7296);
#7298=CARTESIAN_POINT('',(-26.233510652,1.48818924,-5.8));
#7299=DIRECTION('',(-0.,-0.,1.));
#7300=VECTOR('',#7299,0.49);
#7301=LINE('',#7298,#7300);
#7302=EDGE_CURVE('',#2526,#7297,#7301,.T.);
#7303=ORIENTED_EDGE('',*,*,#7302,.T.);
#7304=CARTESIAN_POINT('',(-26.549344676,1.036631969,-5.31));
#7305=VERTEX_POINT('',#7304);
#7306=CARTESIAN_POINT('',(-26.549344676,1.036631969,-5.31));
#7307=DIRECTION('',(0.573150432,0.819450171,-0.));
#7308=VECTOR('',#7307,0.55104909);
#7309=LINE('',#7306,#7308);
#7310=EDGE_CURVE('',#7305,#7297,#7309,.T.);
#7311=ORIENTED_EDGE('',*,*,#7310,.F.);
#7312=CARTESIAN_POINT('',(-26.549344676,1.036631969,-5.31));
#7313=DIRECTION('',(-0.,0.,-1.));
#7314=VECTOR('',#7313,0.49);
#7315=LINE('',#7312,#7314);
#7316=EDGE_CURVE('',#7305,#2535,#7315,.T.);
#7317=ORIENTED_EDGE('',*,*,#7316,.T.);
#7318=EDGE_LOOP('',(#7295,#7303,#7311,#7317));
#7319=FACE_BOUND('',#7318,.T.);
#7320=ADVANCED_FACE('',(#7319),#7294,.F.);
#7321=CARTESIAN_POINT('',(-31.3,0.46,-5.31));
#7322=DIRECTION('',(-0.,0.,-1.));
#7323=DIRECTION('',(0.,1.,0.));
#7324=AXIS2_PLACEMENT_3D('',#7321,#7322,#7323);
#7325=PLANE('',#7324);
#7326=CARTESIAN_POINT('',(-24.463667571,-1.718776639,-5.31));
#7327=VERTEX_POINT('',#7326);
#7328=CARTESIAN_POINT('',(-27.55852124,0.445865921,-5.31));
#7329=VERTEX_POINT('',#7328);
#7330=CARTESIAN_POINT('',(-27.272552913,-2.44,-5.31));
#7331=DIRECTION('',(0.,-0.,1.));
#7332=DIRECTION('',(-1.,0.,0.));
#7333=AXIS2_PLACEMENT_3D('',#7330,#7331,#7332);
#7334=CIRCLE('',#7333,2.9);
#7335=EDGE_CURVE('',#7327,#7329,#7334,.T.);
#7336=ORIENTED_EDGE('',*,*,#7335,.T.);
#7337=CARTESIAN_POINT('',(-27.696574915,1.839042573,-5.31));
#7338=DIRECTION('',(0.,-0.,1.));
#7339=DIRECTION('',(-1.,0.,0.));
#7340=AXIS2_PLACEMENT_3D('',#7337,#7338,#7339);
#7341=CIRCLE('',#7340,1.4);
#7342=EDGE_CURVE('',#7329,#7305,#7341,.T.);
#7343=ORIENTED_EDGE('',*,*,#7342,.T.);
#7344=ORIENTED_EDGE('',*,*,#7310,.T.);
#7345=CARTESIAN_POINT('',(-27.380740891,2.290599844,-5.31));
#7346=DIRECTION('',(0.,-0.,1.));
#7347=DIRECTION('',(-1.,0.,0.));
#7348=AXIS2_PLACEMENT_3D('',#7345,#7346,#7347);
#7349=CIRCLE('',#7348,1.4);
#7350=EDGE_CURVE('',#7297,#2478,#7349,.T.);
#7351=ORIENTED_EDGE('',*,*,#7350,.T.);
#7352=ORIENTED_EDGE('',*,*,#2484,.T.);
#7353=CARTESIAN_POINT('',(-22.791819934,-0.919042573,-5.31));
#7354=DIRECTION('',(0.,-0.,1.));
#7355=DIRECTION('',(-1.,0.,0.));
#7356=AXIS2_PLACEMENT_3D('',#7353,#7354,#7355);
#7357=CIRCLE('',#7356,1.4);
#7358=EDGE_CURVE('',#2470,#7267,#7357,.T.);
#7359=ORIENTED_EDGE('',*,*,#7358,.T.);
#7360=ORIENTED_EDGE('',*,*,#7272,.F.);
#7361=CARTESIAN_POINT('',(-24.507653958,-1.370599844,-5.31));
#7362=VERTEX_POINT('',#7361);
#7363=CARTESIAN_POINT('',(-23.107653958,-1.370599844,-5.31));
#7364=DIRECTION('',(0.,-0.,1.));
#7365=DIRECTION('',(-1.,0.,0.));
#7366=AXIS2_PLACEMENT_3D('',#7363,#7364,#7365);
#7367=CIRCLE('',#7366,1.4);
#7368=EDGE_CURVE('',#7265,#7362,#7367,.T.);
#7369=ORIENTED_EDGE('',*,*,#7368,.T.);
#7370=CARTESIAN_POINT('',(-23.107653958,-1.370599844,-5.31));
#7371=DIRECTION('',(0.,-0.,1.));
#7372=DIRECTION('',(-1.,0.,0.));
#7373=AXIS2_PLACEMENT_3D('',#7370,#7371,#7372);
#7374=CIRCLE('',#7373,1.4);
#7375=EDGE_CURVE('',#7362,#7327,#7374,.T.);
#7376=ORIENTED_EDGE('',*,*,#7375,.T.);
#7377=EDGE_LOOP('',(#7336,#7343,#7344,#7351,#7352,#7359,#7360,#7369,#7376));
#7378=FACE_BOUND('',#7377,.T.);
#7379=ADVANCED_FACE('',(#7378),#7325,.T.);
#7380=CARTESIAN_POINT('',(-22.791819934,-0.919042573,-5.33));
#7381=DIRECTION('',(0.,-0.,1.));
#7382=DIRECTION('',(0.,-1.,-0.));
#7383=AXIS2_PLACEMENT_3D('',#7380,#7381,#7382);
#7384=CYLINDRICAL_SURFACE('',#7383,1.4);
#7385=ORIENTED_EDGE('',*,*,#7358,.F.);
#7386=ORIENTED_EDGE('',*,*,#2475,.F.);
#7387=ORIENTED_EDGE('',*,*,#2260,.F.);
#7388=ORIENTED_EDGE('',*,*,#7278,.F.);
#7389=EDGE_LOOP('',(#7385,#7386,#7387,#7388));
#7390=FACE_BOUND('',#7389,.T.);
#7391=ADVANCED_FACE('',(#7390),#7384,.T.);
#7392=CARTESIAN_POINT('',(-27.380740891,2.290599844,-5.33));
#7393=DIRECTION('',(0.,-0.,1.));
#7394=DIRECTION('',(0.,-1.,-0.));
#7395=AXIS2_PLACEMENT_3D('',#7392,#7393,#7394);
#7396=CYLINDRICAL_SURFACE('',#7395,1.4);
#7397=ORIENTED_EDGE('',*,*,#7350,.F.);
#7398=ORIENTED_EDGE('',*,*,#7302,.F.);
#7399=ORIENTED_EDGE('',*,*,#2532,.F.);
#7400=ORIENTED_EDGE('',*,*,#2492,.F.);
#7401=EDGE_LOOP('',(#7397,#7398,#7399,#7400));
#7402=FACE_BOUND('',#7401,.T.);
#7403=ADVANCED_FACE('',(#7402),#7396,.T.);
#7404=CARTESIAN_POINT('',(-27.696574915,1.839042573,-4.125));
#7405=DIRECTION('',(0.,0.,-1.));
#7406=DIRECTION('',(-1.,0.,0.));
#7407=AXIS2_PLACEMENT_3D('',#7404,#7405,#7406);
#7408=CYLINDRICAL_SURFACE('',#7407,1.4);
#7409=ORIENTED_EDGE('',*,*,#2549,.F.);
#7410=ORIENTED_EDGE('',*,*,#7316,.F.);
#7411=ORIENTED_EDGE('',*,*,#7342,.F.);
#7412=CARTESIAN_POINT('',(-27.55852124,0.445865921,-5.8));
#7413=DIRECTION('',(-0.,-0.,1.));
#7414=VECTOR('',#7413,0.49);
#7415=LINE('',#7412,#7414);
#7416=EDGE_CURVE('',#2543,#7329,#7415,.T.);
#7417=ORIENTED_EDGE('',*,*,#7416,.F.);
#7418=EDGE_LOOP('',(#7409,#7410,#7411,#7417));
#7419=FACE_BOUND('',#7418,.T.);
#7420=ADVANCED_FACE('',(#7419),#7408,.T.);
#7421=CARTESIAN_POINT('',(-23.107653958,-1.370599844,-4.125));
#7422=DIRECTION('',(0.,0.,-1.));
#7423=DIRECTION('',(-1.,0.,0.));
#7424=AXIS2_PLACEMENT_3D('',#7421,#7422,#7423);
#7425=CYLINDRICAL_SURFACE('',#7424,1.4);
#7426=CARTESIAN_POINT('',(-24.507653958,-1.370599844,-5.8));
#7427=DIRECTION('',(-0.,-0.,1.));
#7428=VECTOR('',#7427,0.49);
#7429=LINE('',#7426,#7428);
#7430=EDGE_CURVE('',#2366,#7362,#7429,.T.);
#7431=ORIENTED_EDGE('',*,*,#7430,.T.);
#7432=ORIENTED_EDGE('',*,*,#7368,.F.);
#7433=ORIENTED_EDGE('',*,*,#7285,.F.);
#7434=ORIENTED_EDGE('',*,*,#2379,.F.);
#7435=EDGE_LOOP('',(#7431,#7432,#7433,#7434));
#7436=FACE_BOUND('',#7435,.T.);
#7437=ADVANCED_FACE('',(#7436),#7425,.T.);
#7438=CARTESIAN_POINT('',(-30.795290488,-1.74,-4.669848215));
#7439=DIRECTION('',(-0.308811457,0.,0.951123275));
#7440=DIRECTION('',(0.951123275,0.,0.308811457));
#7441=AXIS2_PLACEMENT_3D('',#7438,#7439,#7440);
#7442=PLANE('',#7441);
#7443=CARTESIAN_POINT('',(-30.499464951,2.061679941,-4.573799346));
#7444=VERTEX_POINT('',#7443);
#7445=CARTESIAN_POINT('',(-30.499464951,2.061679941,-4.573799346));
#7446=DIRECTION('',(-0.93454526,0.18589261,-0.303428895));
#7447=VECTOR('',#7446,3.100803564);
#7448=LINE('',#7445,#7447);
#7449=EDGE_CURVE('',#7444,#1148,#7448,.T.);
#7450=ORIENTED_EDGE('',*,*,#7449,.T.);
#7451=ORIENTED_EDGE('',*,*,#1153,.F.);
#7452=CARTESIAN_POINT('',(-30.499464951,-0.614674607,-4.573799346));
#7453=VERTEX_POINT('',#7452);
#7454=CARTESIAN_POINT('',(-33.397306225,-1.191091075,-5.514672744));
#7455=DIRECTION('',(0.93454526,0.18589261,0.303428895));
#7456=VECTOR('',#7455,3.100803564);
#7457=LINE('',#7454,#7456);
#7458=EDGE_CURVE('',#1146,#7453,#7457,.T.);
#7459=ORIENTED_EDGE('',*,*,#7458,.T.);
#7460=CARTESIAN_POINT('',(-30.499464951,-0.614674607,-4.573799346));
#7461=DIRECTION('',(0.,1.,0.));
#7462=VECTOR('',#7461,2.676354549);
#7463=LINE('',#7460,#7462);
#7464=EDGE_CURVE('',#7453,#7444,#7463,.T.);
#7465=ORIENTED_EDGE('',*,*,#7464,.T.);
#7466=EDGE_LOOP('',(#7450,#7451,#7459,#7465));
#7467=FACE_BOUND('',#7466,.T.);
#7468=ADVANCED_FACE('',(#7467),#7442,.T.);
#7469=CARTESIAN_POINT('',(-30.627927315,0.723502667,-4.825786292));
#7470=DIRECTION('',(-0.890908393,0.,0.454183042));
#7471=DIRECTION('',(0.,-1.,0.));
#7472=AXIS2_PLACEMENT_3D('',#7469,#7470,#7471);
#7473=PLANE('',#7472);
#7474=ORIENTED_EDGE('',*,*,#7464,.F.);
#7475=CARTESIAN_POINT('',(-30.499464951,-0.614674607,-4.573799346));
#7476=DIRECTION('',(0.452340837,0.089976187,0.887294795));
#7477=VECTOR('',#7476,0.466360615);
#7478=LINE('',#7475,#7477);
#7479=EDGE_CURVE('',#7453,#267,#7478,.T.);
#7480=ORIENTED_EDGE('',*,*,#7479,.T.);
#7481=ORIENTED_EDGE('',*,*,#272,.F.);
#7482=CARTESIAN_POINT('',(-30.288511,2.019718592,-4.16));
#7483=DIRECTION('',(-0.452340837,0.089976187,-0.887294795));
#7484=VECTOR('',#7483,0.466360615);
#7485=LINE('',#7482,#7484);
#7486=EDGE_CURVE('',#259,#7444,#7485,.T.);
#7487=ORIENTED_EDGE('',*,*,#7486,.T.);
#7488=EDGE_LOOP('',(#7474,#7480,#7481,#7487));
#7489=FACE_BOUND('',#7488,.T.);
#7490=ADVANCED_FACE('',(#7489),#7473,.T.);
#7491=CARTESIAN_POINT('',(-29.848533645,1.932201654,-5.450781301));
#7492=DIRECTION('',(0.195090322,0.98078528,0.));
#7493=DIRECTION('',(0.,0.,-1.));
#7494=AXIS2_PLACEMENT_3D('',#7491,#7492,#7493);
#7495=PLANE('',#7494);
#7496=ORIENTED_EDGE('',*,*,#264,.F.);
#7497=ORIENTED_EDGE('',*,*,#1135,.F.);
#7498=ORIENTED_EDGE('',*,*,#1159,.F.);
#7499=ORIENTED_EDGE('',*,*,#7449,.F.);
#7500=ORIENTED_EDGE('',*,*,#7486,.F.);
#7501=EDGE_LOOP('',(#7496,#7497,#7498,#7499,#7500));
#7502=FACE_BOUND('',#7501,.T.);
#7503=ADVANCED_FACE('',(#7502),#7495,.F.);
#7504=CARTESIAN_POINT('',(-29.848533645,-0.48519632,-5.529683488));
#7505=DIRECTION('',(0.195090322,-0.98078528,0.));
#7506=DIRECTION('',(0.,0.,1.));
#7507=AXIS2_PLACEMENT_3D('',#7504,#7505,#7506);
#7508=PLANE('',#7507);
#7509=ORIENTED_EDGE('',*,*,#7479,.F.);
#7510=ORIENTED_EDGE('',*,*,#7458,.F.);
#7511=ORIENTED_EDGE('',*,*,#1198,.F.);
#7512=ORIENTED_EDGE('',*,*,#1212,.F.);
#7513=ORIENTED_EDGE('',*,*,#280,.F.);
#7514=EDGE_LOOP('',(#7509,#7510,#7511,#7512,#7513));
#7515=FACE_BOUND('',#7514,.T.);
#7516=ADVANCED_FACE('',(#7515),#7508,.F.);
#7517=CARTESIAN_POINT('',(-26.93,4.925,-4.76));
#7518=DIRECTION('',(1.,0.,0.));
#7519=DIRECTION('',(0.,0.,-1.));
#7520=AXIS2_PLACEMENT_3D('',#7517,#7518,#7519);
#7521=PLANE('',#7520);
#7522=ORIENTED_EDGE('',*,*,#743,.T.);
#7523=CARTESIAN_POINT('',(-26.93,4.6,-4.76));
#7524=VERTEX_POINT('',#7523);
#7525=CARTESIAN_POINT('',(-26.93,4.6,-4.76));
#7526=DIRECTION('',(0.,-0.,1.));
#7527=VECTOR('',#7526,0.6);
#7528=LINE('',#7525,#7527);
#7529=EDGE_CURVE('',#7524,#738,#7528,.T.);
#7530=ORIENTED_EDGE('',*,*,#7529,.F.);
#7531=CARTESIAN_POINT('',(-26.93,5.25,-4.76));
#7532=VERTEX_POINT('',#7531);
#7533=CARTESIAN_POINT('',(-26.93,4.6,-4.76));
#7534=DIRECTION('',(0.,1.,0.));
#7535=VECTOR('',#7534,0.65);
#7536=LINE('',#7533,#7535);
#7537=EDGE_CURVE('',#7524,#7532,#7536,.T.);
#7538=ORIENTED_EDGE('',*,*,#7537,.T.);
#7539=CARTESIAN_POINT('',(-26.93,5.25,-4.76));
#7540=DIRECTION('',(0.,-0.,1.));
#7541=VECTOR('',#7540,0.6);
#7542=LINE('',#7539,#7541);
#7543=EDGE_CURVE('',#7532,#736,#7542,.T.);
#7544=ORIENTED_EDGE('',*,*,#7543,.T.);
#7545=EDGE_LOOP('',(#7522,#7530,#7538,#7544));
#7546=FACE_BOUND('',#7545,.T.);
#7547=ADVANCED_FACE('',(#7546),#7521,.T.);
#7548=CARTESIAN_POINT('',(-26.515,4.6,-4.76));
#7549=DIRECTION('',(0.,1.,0.));
#7550=DIRECTION('',(0.,-0.,1.));
#7551=AXIS2_PLACEMENT_3D('',#7548,#7549,#7550);
#7552=PLANE('',#7551);
#7553=ORIENTED_EDGE('',*,*,#765,.T.);
#7554=CARTESIAN_POINT('',(-26.1,4.6,-4.76));
#7555=VERTEX_POINT('',#7554);
#7556=CARTESIAN_POINT('',(-26.1,4.6,-4.76));
#7557=DIRECTION('',(0.,-0.,1.));
#7558=VECTOR('',#7557,0.6);
#7559=LINE('',#7556,#7558);
#7560=EDGE_CURVE('',#7555,#754,#7559,.T.);
#7561=ORIENTED_EDGE('',*,*,#7560,.F.);
#7562=CARTESIAN_POINT('',(-26.1,4.6,-4.76));
#7563=DIRECTION('',(-1.,0.,0.));
#7564=VECTOR('',#7563,0.83);
#7565=LINE('',#7562,#7564);
#7566=EDGE_CURVE('',#7555,#7524,#7565,.T.);
#7567=ORIENTED_EDGE('',*,*,#7566,.T.);
#7568=ORIENTED_EDGE('',*,*,#7529,.T.);
#7569=EDGE_LOOP('',(#7553,#7561,#7567,#7568));
#7570=FACE_BOUND('',#7569,.T.);
#7571=ADVANCED_FACE('',(#7570),#7552,.T.);
#7572=CARTESIAN_POINT('',(-26.1,4.925,-4.76));
#7573=DIRECTION('',(-1.,0.,0.));
#7574=DIRECTION('',(0.,0.,1.));
#7575=AXIS2_PLACEMENT_3D('',#7572,#7573,#7574);
#7576=PLANE('',#7575);
#7577=ORIENTED_EDGE('',*,*,#759,.T.);
#7578=CARTESIAN_POINT('',(-26.1,5.25,-4.76));
#7579=VERTEX_POINT('',#7578);
#7580=CARTESIAN_POINT('',(-26.1,5.25,-4.76));
#7581=DIRECTION('',(0.,-0.,1.));
#7582=VECTOR('',#7581,0.6);
#7583=LINE('',#7580,#7582);
#7584=EDGE_CURVE('',#7579,#746,#7583,.T.);
#7585=ORIENTED_EDGE('',*,*,#7584,.F.);
#7586=CARTESIAN_POINT('',(-26.1,5.25,-4.76));
#7587=DIRECTION('',(0.,-1.,-0.));
#7588=VECTOR('',#7587,0.65);
#7589=LINE('',#7586,#7588);
#7590=EDGE_CURVE('',#7579,#7555,#7589,.T.);
#7591=ORIENTED_EDGE('',*,*,#7590,.T.);
#7592=ORIENTED_EDGE('',*,*,#7560,.T.);
#7593=EDGE_LOOP('',(#7577,#7585,#7591,#7592));
#7594=FACE_BOUND('',#7593,.T.);
#7595=ADVANCED_FACE('',(#7594),#7576,.T.);
#7596=CARTESIAN_POINT('',(-26.515,5.25,-4.76));
#7597=DIRECTION('',(0.,-1.,-0.));
#7598=DIRECTION('',(0.,0.,-1.));
#7599=AXIS2_PLACEMENT_3D('',#7596,#7597,#7598);
#7600=PLANE('',#7599);
#7601=ORIENTED_EDGE('',*,*,#751,.T.);
#7602=ORIENTED_EDGE('',*,*,#7543,.F.);
#7603=CARTESIAN_POINT('',(-26.93,5.25,-4.76));
#7604=DIRECTION('',(1.,0.,-0.));
#7605=VECTOR('',#7604,0.83);
#7606=LINE('',#7603,#7605);
#7607=EDGE_CURVE('',#7532,#7579,#7606,.T.);
#7608=ORIENTED_EDGE('',*,*,#7607,.T.);
#7609=ORIENTED_EDGE('',*,*,#7584,.T.);
#7610=EDGE_LOOP('',(#7601,#7602,#7608,#7609));
#7611=FACE_BOUND('',#7610,.T.);
#7612=ADVANCED_FACE('',(#7611),#7600,.T.);
#7613=CARTESIAN_POINT('',(0.,0.,-4.76));
#7614=DIRECTION('',(0.,-0.,1.));
#7615=DIRECTION('',(-1.,0.,0.));
#7616=AXIS2_PLACEMENT_3D('',#7613,#7614,#7615);
#7617=PLANE('',#7616);
#7618=ORIENTED_EDGE('',*,*,#7537,.F.);
#7619=ORIENTED_EDGE('',*,*,#7566,.F.);
#7620=ORIENTED_EDGE('',*,*,#7590,.F.);
#7621=ORIENTED_EDGE('',*,*,#7607,.F.);
#7622=EDGE_LOOP('',(#7618,#7619,#7620,#7621));
#7623=FACE_BOUND('',#7622,.T.);
#7624=ADVANCED_FACE('',(#7623),#7617,.T.);
#7625=CARTESIAN_POINT('',(-28.479232101,4.918412654,-4.76));
#7626=DIRECTION('',(1.,0.,0.));
#7627=DIRECTION('',(0.,0.,-1.));
#7628=AXIS2_PLACEMENT_3D('',#7625,#7626,#7627);
#7629=PLANE('',#7628);
#7630=ORIENTED_EDGE('',*,*,#455,.T.);
#7631=CARTESIAN_POINT('',(-28.479232101,4.658412654,-4.76));
#7632=VERTEX_POINT('',#7631);
#7633=CARTESIAN_POINT('',(-28.479232101,4.658412654,-4.76));
#7634=DIRECTION('',(0.,-0.,1.));
#7635=VECTOR('',#7634,0.6);
#7636=LINE('',#7633,#7635);
#7637=EDGE_CURVE('',#7632,#450,#7636,.T.);
#7638=ORIENTED_EDGE('',*,*,#7637,.F.);
#7639=CARTESIAN_POINT('',(-28.479232101,5.178412654,-4.76));
#7640=VERTEX_POINT('',#7639);
#7641=CARTESIAN_POINT('',(-28.479232101,4.658412654,-4.76));
#7642=DIRECTION('',(0.,1.,0.));
#7643=VECTOR('',#7642,0.52);
#7644=LINE('',#7641,#7643);
#7645=EDGE_CURVE('',#7632,#7640,#7644,.T.);
#7646=ORIENTED_EDGE('',*,*,#7645,.T.);
#7647=CARTESIAN_POINT('',(-28.479232101,5.178412654,-4.76));
#7648=DIRECTION('',(0.,-0.,1.));
#7649=VECTOR('',#7648,0.6);
#7650=LINE('',#7647,#7649);
#7651=EDGE_CURVE('',#7640,#448,#7650,.T.);
#7652=ORIENTED_EDGE('',*,*,#7651,.T.);
#7653=EDGE_LOOP('',(#7630,#7638,#7646,#7652));
#7654=FACE_BOUND('',#7653,.T.);
#7655=ADVANCED_FACE('',(#7654),#7629,.T.);
#7656=CARTESIAN_POINT('',(-28.089232101,4.658412654,-4.76));
#7657=DIRECTION('',(0.,1.,0.));
#7658=DIRECTION('',(0.,-0.,1.));
#7659=AXIS2_PLACEMENT_3D('',#7656,#7657,#7658);
#7660=PLANE('',#7659);
#7661=ORIENTED_EDGE('',*,*,#477,.T.);
#7662=CARTESIAN_POINT('',(-27.699232101,4.658412654,-4.76));
#7663=VERTEX_POINT('',#7662);
#7664=CARTESIAN_POINT('',(-27.699232101,4.658412654,-4.76));
#7665=DIRECTION('',(0.,-0.,1.));
#7666=VECTOR('',#7665,0.6);
#7667=LINE('',#7664,#7666);
#7668=EDGE_CURVE('',#7663,#466,#7667,.T.);
#7669=ORIENTED_EDGE('',*,*,#7668,.F.);
#7670=CARTESIAN_POINT('',(-27.699232101,4.658412654,-4.76));
#7671=DIRECTION('',(-1.,0.,0.));
#7672=VECTOR('',#7671,0.78);
#7673=LINE('',#7670,#7672);
#7674=EDGE_CURVE('',#7663,#7632,#7673,.T.);
#7675=ORIENTED_EDGE('',*,*,#7674,.T.);
#7676=ORIENTED_EDGE('',*,*,#7637,.T.);
#7677=EDGE_LOOP('',(#7661,#7669,#7675,#7676));
#7678=FACE_BOUND('',#7677,.T.);
#7679=ADVANCED_FACE('',(#7678),#7660,.T.);
#7680=CARTESIAN_POINT('',(-27.699232101,4.918412654,-4.76));
#7681=DIRECTION('',(-1.,0.,0.));
#7682=DIRECTION('',(0.,0.,1.));
#7683=AXIS2_PLACEMENT_3D('',#7680,#7681,#7682);
#7684=PLANE('',#7683);
#7685=ORIENTED_EDGE('',*,*,#471,.T.);
#7686=CARTESIAN_POINT('',(-27.699232101,5.178412654,-4.76));
#7687=VERTEX_POINT('',#7686);
#7688=CARTESIAN_POINT('',(-27.699232101,5.178412654,-4.76));
#7689=DIRECTION('',(0.,-0.,1.));
#7690=VECTOR('',#7689,0.6);
#7691=LINE('',#7688,#7690);
#7692=EDGE_CURVE('',#7687,#458,#7691,.T.);
#7693=ORIENTED_EDGE('',*,*,#7692,.F.);
#7694=CARTESIAN_POINT('',(-27.699232101,5.178412654,-4.76));
#7695=DIRECTION('',(0.,-1.,-0.));
#7696=VECTOR('',#7695,0.52);
#7697=LINE('',#7694,#7696);
#7698=EDGE_CURVE('',#7687,#7663,#7697,.T.);
#7699=ORIENTED_EDGE('',*,*,#7698,.T.);
#7700=ORIENTED_EDGE('',*,*,#7668,.T.);
#7701=EDGE_LOOP('',(#7685,#7693,#7699,#7700));
#7702=FACE_BOUND('',#7701,.T.);
#7703=ADVANCED_FACE('',(#7702),#7684,.T.);
#7704=CARTESIAN_POINT('',(-28.089232101,5.178412654,-4.76));
#7705=DIRECTION('',(0.,-1.,-0.));
#7706=DIRECTION('',(0.,0.,-1.));
#7707=AXIS2_PLACEMENT_3D('',#7704,#7705,#7706);
#7708=PLANE('',#7707);
#7709=ORIENTED_EDGE('',*,*,#463,.T.);
#7710=ORIENTED_EDGE('',*,*,#7651,.F.);
#7711=CARTESIAN_POINT('',(-28.479232101,5.178412654,-4.76));
#7712=DIRECTION('',(1.,0.,-0.));
#7713=VECTOR('',#7712,0.78);
#7714=LINE('',#7711,#7713);
#7715=EDGE_CURVE('',#7640,#7687,#7714,.T.);
#7716=ORIENTED_EDGE('',*,*,#7715,.T.);
#7717=ORIENTED_EDGE('',*,*,#7692,.T.);
#7718=EDGE_LOOP('',(#7709,#7710,#7716,#7717));
#7719=FACE_BOUND('',#7718,.T.);
#7720=ADVANCED_FACE('',(#7719),#7708,.T.);
#7721=CARTESIAN_POINT('',(0.,0.,-4.76));
#7722=DIRECTION('',(0.,-0.,1.));
#7723=DIRECTION('',(-1.,0.,0.));
#7724=AXIS2_PLACEMENT_3D('',#7721,#7722,#7723);
#7725=PLANE('',#7724);
#7726=ORIENTED_EDGE('',*,*,#7645,.F.);
#7727=ORIENTED_EDGE('',*,*,#7674,.F.);
#7728=ORIENTED_EDGE('',*,*,#7698,.F.);
#7729=ORIENTED_EDGE('',*,*,#7715,.F.);
#7730=EDGE_LOOP('',(#7726,#7727,#7728,#7729));
#7731=FACE_BOUND('',#7730,.T.);
#7732=ADVANCED_FACE('',(#7731),#7725,.T.);
#7733=CARTESIAN_POINT('',(-24.425,-3.8,-4.76));
#7734=DIRECTION('',(0.,-1.,-0.));
#7735=DIRECTION('',(0.,0.,-1.));
#7736=AXIS2_PLACEMENT_3D('',#7733,#7734,#7735);
#7737=PLANE('',#7736);
#7738=ORIENTED_EDGE('',*,*,#785,.T.);
#7739=CARTESIAN_POINT('',(-24.5,-3.8,-4.76));
#7740=VERTEX_POINT('',#7739);
#7741=CARTESIAN_POINT('',(-24.5,-3.8,-4.76));
#7742=DIRECTION('',(0.,-0.,1.));
#7743=VECTOR('',#7742,0.6);
#7744=LINE('',#7741,#7743);
#7745=EDGE_CURVE('',#7740,#770,#7744,.T.);
#7746=ORIENTED_EDGE('',*,*,#7745,.F.);
#7747=CARTESIAN_POINT('',(-24.35,-3.8,-4.76));
#7748=VERTEX_POINT('',#7747);
#7749=CARTESIAN_POINT('',(-24.5,-3.8,-4.76));
#7750=DIRECTION('',(1.,0.,-0.));
#7751=VECTOR('',#7750,0.15);
#7752=LINE('',#7749,#7751);
#7753=EDGE_CURVE('',#7740,#7748,#7752,.T.);
#7754=ORIENTED_EDGE('',*,*,#7753,.T.);
#7755=CARTESIAN_POINT('',(-24.35,-3.8,-4.76));
#7756=DIRECTION('',(0.,-0.,1.));
#7757=VECTOR('',#7756,0.6);
#7758=LINE('',#7755,#7757);
#7759=EDGE_CURVE('',#7748,#780,#7758,.T.);
#7760=ORIENTED_EDGE('',*,*,#7759,.T.);
#7761=EDGE_LOOP('',(#7738,#7746,#7754,#7760));
#7762=FACE_BOUND('',#7761,.T.);
#7763=ADVANCED_FACE('',(#7762),#7737,.T.);
#7764=CARTESIAN_POINT('',(-24.5,-4.03997587,-4.76));
#7765=DIRECTION('',(1.,0.,0.));
#7766=DIRECTION('',(0.,0.,-1.));
#7767=AXIS2_PLACEMENT_3D('',#7764,#7765,#7766);
#7768=PLANE('',#7767);
#7769=ORIENTED_EDGE('',*,*,#777,.T.);
#7770=ORIENTED_EDGE('',*,*,#3493,.F.);
#7771=CARTESIAN_POINT('',(-24.5,-4.27995174,-4.76));
#7772=VERTEX_POINT('',#7771);
#7773=CARTESIAN_POINT('',(-24.5,-4.27995174,-4.76));
#7774=DIRECTION('',(0.,-0.,1.));
#7775=VECTOR('',#7774,0.01);
#7776=LINE('',#7773,#7775);
#7777=EDGE_CURVE('',#7772,#3480,#7776,.T.);
#7778=ORIENTED_EDGE('',*,*,#7777,.F.);
#7779=CARTESIAN_POINT('',(-24.5,-4.27995174,-4.76));
#7780=DIRECTION('',(0.,1.,0.));
#7781=VECTOR('',#7780,0.47995174);
#7782=LINE('',#7779,#7781);
#7783=EDGE_CURVE('',#7772,#7740,#7782,.T.);
#7784=ORIENTED_EDGE('',*,*,#7783,.T.);
#7785=ORIENTED_EDGE('',*,*,#7745,.T.);
#7786=EDGE_LOOP('',(#7769,#7770,#7778,#7784,#7785));
#7787=FACE_BOUND('',#7786,.T.);
#7788=ADVANCED_FACE('',(#7787),#7768,.T.);
#7789=CARTESIAN_POINT('',(-24.1,-4.27995174,-4.76));
#7790=DIRECTION('',(0.,1.,0.));
#7791=DIRECTION('',(0.,-0.,1.));
#7792=AXIS2_PLACEMENT_3D('',#7789,#7790,#7791);
#7793=PLANE('',#7792);
#7794=ORIENTED_EDGE('',*,*,#3581,.F.);
#7795=CARTESIAN_POINT('',(-23.7,-4.27995174,-4.76));
#7796=DIRECTION('',(-1.,0.,0.));
#7797=VECTOR('',#7796,0.8);
#7798=LINE('',#7795,#7797);
#7799=EDGE_CURVE('',#3568,#7772,#7798,.T.);
#7800=ORIENTED_EDGE('',*,*,#7799,.T.);
#7801=ORIENTED_EDGE('',*,*,#7777,.T.);
#7802=ORIENTED_EDGE('',*,*,#3602,.F.);
#7803=EDGE_LOOP('',(#7794,#7800,#7801,#7802));
#7804=FACE_BOUND('',#7803,.T.);
#7805=ADVANCED_FACE('',(#7804),#7793,.T.);
#7806=CARTESIAN_POINT('',(-24.425,-3.8,-4.76));
#7807=DIRECTION('',(0.,-1.,-0.));
#7808=DIRECTION('',(0.,0.,-1.));
#7809=AXIS2_PLACEMENT_3D('',#7806,#7807,#7808);
#7810=PLANE('',#7809);
#7811=ORIENTED_EDGE('',*,*,#881,.T.);
#7812=CARTESIAN_POINT('',(-23.809228092,-3.8,-4.76));
#7813=VERTEX_POINT('',#7812);
#7814=CARTESIAN_POINT('',(-23.809228092,-3.8,-4.76));
#7815=DIRECTION('',(0.,-0.,1.));
#7816=VECTOR('',#7815,0.6);
#7817=LINE('',#7814,#7816);
#7818=EDGE_CURVE('',#7813,#868,#7817,.T.);
#7819=ORIENTED_EDGE('',*,*,#7818,.F.);
#7820=CARTESIAN_POINT('',(-23.809228092,-3.8,-4.76));
#7821=DIRECTION('',(1.,0.,-0.));
#7822=VECTOR('',#7821,0.109228092);
#7823=LINE('',#7820,#7822);
#7824=EDGE_CURVE('',#7813,#3560,#7823,.T.);
#7825=ORIENTED_EDGE('',*,*,#7824,.T.);
#7826=ORIENTED_EDGE('',*,*,#3565,.T.);
#7827=EDGE_LOOP('',(#7811,#7819,#7825,#7826));
#7828=FACE_BOUND('',#7827,.T.);
#7829=ADVANCED_FACE('',(#7828),#7810,.T.);
#7830=CARTESIAN_POINT('',(-23.809228092,-3.675,-4.76));
#7831=DIRECTION('',(1.,0.,0.));
#7832=DIRECTION('',(0.,0.,-1.));
#7833=AXIS2_PLACEMENT_3D('',#7830,#7831,#7832);
#7834=PLANE('',#7833);
#7835=CARTESIAN_POINT('',(-23.809228092,-3.55,-4.76));
#7836=VERTEX_POINT('',#7835);
#7837=CARTESIAN_POINT('',(-23.809228092,-3.55,-4.76));
#7838=DIRECTION('',(0.,-0.,1.));
#7839=VECTOR('',#7838,0.6);
#7840=LINE('',#7837,#7839);
#7841=EDGE_CURVE('',#7836,#860,#7840,.T.);
#7842=ORIENTED_EDGE('',*,*,#7841,.F.);
#7843=CARTESIAN_POINT('',(-23.809228092,-3.8,-4.76));
#7844=DIRECTION('',(0.,1.,0.));
#7845=VECTOR('',#7844,0.25);
#7846=LINE('',#7843,#7845);
#7847=EDGE_CURVE('',#7813,#7836,#7846,.T.);
#7848=ORIENTED_EDGE('',*,*,#7847,.F.);
#7849=ORIENTED_EDGE('',*,*,#7818,.T.);
#7850=ORIENTED_EDGE('',*,*,#873,.F.);
#7851=EDGE_LOOP('',(#7842,#7848,#7849,#7850));
#7852=FACE_BOUND('',#7851,.T.);
#7853=ADVANCED_FACE('',(#7852),#7834,.F.);
#7854=CARTESIAN_POINT('',(-22.204614046,-3.55,-4.76));
#7855=DIRECTION('',(0.,1.,0.));
#7856=DIRECTION('',(0.,-0.,1.));
#7857=AXIS2_PLACEMENT_3D('',#7854,#7855,#7856);
#7858=PLANE('',#7857);
#7859=ORIENTED_EDGE('',*,*,#865,.T.);
#7860=CARTESIAN_POINT('',(-20.6,-3.55,-4.76));
#7861=VERTEX_POINT('',#7860);
#7862=CARTESIAN_POINT('',(-20.6,-3.55,-4.76));
#7863=DIRECTION('',(0.,-0.,1.));
#7864=VECTOR('',#7863,0.6);
#7865=LINE('',#7862,#7864);
#7866=EDGE_CURVE('',#7861,#852,#7865,.T.);
#7867=ORIENTED_EDGE('',*,*,#7866,.F.);
#7868=CARTESIAN_POINT('',(-20.6,-3.55,-4.76));
#7869=DIRECTION('',(-1.,0.,0.));
#7870=VECTOR('',#7869,3.209228092);
#7871=LINE('',#7868,#7870);
#7872=EDGE_CURVE('',#7861,#7836,#7871,.T.);
#7873=ORIENTED_EDGE('',*,*,#7872,.T.);
#7874=ORIENTED_EDGE('',*,*,#7841,.T.);
#7875=EDGE_LOOP('',(#7859,#7867,#7873,#7874));
#7876=FACE_BOUND('',#7875,.T.);
#7877=ADVANCED_FACE('',(#7876),#7858,.T.);
#7878=CARTESIAN_POINT('',(-20.6,-1.945,-4.76));
#7879=DIRECTION('',(-1.,0.,0.));
#7880=DIRECTION('',(0.,0.,1.));
#7881=AXIS2_PLACEMENT_3D('',#7878,#7879,#7880);
#7882=PLANE('',#7881);
#7883=ORIENTED_EDGE('',*,*,#857,.T.);
#7884=CARTESIAN_POINT('',(-20.6,-0.34,-4.76));
#7885=VERTEX_POINT('',#7884);
#7886=CARTESIAN_POINT('',(-20.6,-0.34,-4.76));
#7887=DIRECTION('',(0.,-0.,1.));
#7888=VECTOR('',#7887,0.6);
#7889=LINE('',#7886,#7888);
#7890=EDGE_CURVE('',#7885,#844,#7889,.T.);
#7891=ORIENTED_EDGE('',*,*,#7890,.F.);
#7892=CARTESIAN_POINT('',(-20.6,-0.34,-4.76));
#7893=DIRECTION('',(0.,-1.,-0.));
#7894=VECTOR('',#7893,3.21);
#7895=LINE('',#7892,#7894);
#7896=EDGE_CURVE('',#7885,#7861,#7895,.T.);
#7897=ORIENTED_EDGE('',*,*,#7896,.T.);
#7898=ORIENTED_EDGE('',*,*,#7866,.T.);
#7899=EDGE_LOOP('',(#7883,#7891,#7897,#7898));
#7900=FACE_BOUND('',#7899,.T.);
#7901=ADVANCED_FACE('',(#7900),#7882,.T.);
#7902=CARTESIAN_POINT('',(-22.204614046,-0.34,-4.76));
#7903=DIRECTION('',(-0.,-1.,-0.));
#7904=DIRECTION('',(0.,0.,-1.));
#7905=AXIS2_PLACEMENT_3D('',#7902,#7903,#7904);
#7906=PLANE('',#7905);
#7907=ORIENTED_EDGE('',*,*,#849,.T.);
#7908=CARTESIAN_POINT('',(-23.809228092,-0.34,-4.76));
#7909=VERTEX_POINT('',#7908);
#7910=CARTESIAN_POINT('',(-23.809228092,-0.34,-4.76));
#7911=DIRECTION('',(0.,-0.,1.));
#7912=VECTOR('',#7911,0.6);
#7913=LINE('',#7910,#7912);
#7914=EDGE_CURVE('',#7909,#836,#7913,.T.);
#7915=ORIENTED_EDGE('',*,*,#7914,.F.);
#7916=CARTESIAN_POINT('',(-23.809228092,-0.34,-4.76));
#7917=DIRECTION('',(1.,-0.,-0.));
#7918=VECTOR('',#7917,3.209228092);
#7919=LINE('',#7916,#7918);
#7920=EDGE_CURVE('',#7909,#7885,#7919,.T.);
#7921=ORIENTED_EDGE('',*,*,#7920,.T.);
#7922=ORIENTED_EDGE('',*,*,#7890,.T.);
#7923=EDGE_LOOP('',(#7907,#7915,#7921,#7922));
#7924=FACE_BOUND('',#7923,.T.);
#7925=ADVANCED_FACE('',(#7924),#7906,.T.);
#7926=CARTESIAN_POINT('',(-23.809228092,-3.236313223,-4.76));
#7927=DIRECTION('',(1.,0.,0.));
#7928=DIRECTION('',(0.,0.,-1.));
#7929=AXIS2_PLACEMENT_3D('',#7926,#7927,#7928);
#7930=PLANE('',#7929);
#7931=ORIENTED_EDGE('',*,*,#841,.T.);
#7932=CARTESIAN_POINT('',(-23.809228092,-1.144287642,-4.76));
#7933=VERTEX_POINT('',#7932);
#7934=CARTESIAN_POINT('',(-23.809228092,-1.144287642,-4.76));
#7935=DIRECTION('',(0.,-0.,1.));
#7936=VECTOR('',#7935,0.6);
#7937=LINE('',#7934,#7936);
#7938=EDGE_CURVE('',#7933,#828,#7937,.T.);
#7939=ORIENTED_EDGE('',*,*,#7938,.F.);
#7940=CARTESIAN_POINT('',(-23.809228092,-1.144287642,-4.76));
#7941=DIRECTION('',(0.,1.,0.));
#7942=VECTOR('',#7941,0.804287642);
#7943=LINE('',#7940,#7942);
#7944=EDGE_CURVE('',#7933,#7909,#7943,.T.);
#7945=ORIENTED_EDGE('',*,*,#7944,.T.);
#7946=ORIENTED_EDGE('',*,*,#7914,.T.);
#7947=EDGE_LOOP('',(#7931,#7939,#7945,#7946));
#7948=FACE_BOUND('',#7947,.T.);
#7949=ADVANCED_FACE('',(#7948),#7930,.T.);
#7950=CARTESIAN_POINT('',(-24.074615316,-1.144287642,-4.76));
#7951=DIRECTION('',(0.,1.,0.));
#7952=DIRECTION('',(0.,-0.,1.));
#7953=AXIS2_PLACEMENT_3D('',#7950,#7951,#7952);
#7954=PLANE('',#7953);
#7955=CARTESIAN_POINT('',(-24.34000254,-1.144287642,-4.76));
#7956=VERTEX_POINT('',#7955);
#7957=CARTESIAN_POINT('',(-24.34000254,-1.144287642,-4.76));
#7958=DIRECTION('',(0.,-0.,1.));
#7959=VECTOR('',#7958,0.6);
#7960=LINE('',#7957,#7959);
#7961=EDGE_CURVE('',#7956,#820,#7960,.T.);
#7962=ORIENTED_EDGE('',*,*,#7961,.F.);
#7963=CARTESIAN_POINT('',(-23.809228092,-1.144287642,-4.76));
#7964=DIRECTION('',(-1.,0.,0.));
#7965=VECTOR('',#7964,0.530774448);
#7966=LINE('',#7963,#7965);
#7967=EDGE_CURVE('',#7933,#7956,#7966,.T.);
#7968=ORIENTED_EDGE('',*,*,#7967,.F.);
#7969=ORIENTED_EDGE('',*,*,#7938,.T.);
#7970=ORIENTED_EDGE('',*,*,#833,.F.);
#7971=EDGE_LOOP('',(#7962,#7968,#7969,#7970));
#7972=FACE_BOUND('',#7971,.T.);
#7973=ADVANCED_FACE('',(#7972),#7954,.F.);
#7974=CARTESIAN_POINT('',(-24.34000254,-1.544643821,-4.76));
#7975=DIRECTION('',(-1.,0.,0.));
#7976=DIRECTION('',(0.,0.,1.));
#7977=AXIS2_PLACEMENT_3D('',#7974,#7975,#7976);
#7978=PLANE('',#7977);
#7979=CARTESIAN_POINT('',(-24.34000254,-1.945,-4.76));
#7980=VERTEX_POINT('',#7979);
#7981=CARTESIAN_POINT('',(-24.34000254,-1.945,-4.76));
#7982=DIRECTION('',(0.,-0.,1.));
#7983=VECTOR('',#7982,0.6);
#7984=LINE('',#7981,#7983);
#7985=EDGE_CURVE('',#7980,#812,#7984,.T.);
#7986=ORIENTED_EDGE('',*,*,#7985,.F.);
#7987=CARTESIAN_POINT('',(-24.34000254,-1.144287642,-4.76));
#7988=DIRECTION('',(0.,-1.,-0.));
#7989=VECTOR('',#7988,0.800712358);
#7990=LINE('',#7987,#7989);
#7991=EDGE_CURVE('',#7956,#7980,#7990,.T.);
#7992=ORIENTED_EDGE('',*,*,#7991,.F.);
#7993=ORIENTED_EDGE('',*,*,#7961,.T.);
#7994=ORIENTED_EDGE('',*,*,#825,.F.);
#7995=EDGE_LOOP('',(#7986,#7992,#7993,#7994));
#7996=FACE_BOUND('',#7995,.T.);
#7997=ADVANCED_FACE('',(#7996),#7978,.F.);
#7998=CARTESIAN_POINT('',(-24.074615316,-1.945,-4.76));
#7999=DIRECTION('',(0.,-1.,-0.));
#8000=DIRECTION('',(0.,0.,-1.));
#8001=AXIS2_PLACEMENT_3D('',#7998,#7999,#8000);
#8002=PLANE('',#8001);
#8003=CARTESIAN_POINT('',(-23.809228092,-1.945,-4.76));
#8004=VERTEX_POINT('',#8003);
#8005=CARTESIAN_POINT('',(-23.809228092,-1.945,-4.76));
#8006=DIRECTION('',(0.,-0.,1.));
#8007=VECTOR('',#8006,0.6);
#8008=LINE('',#8005,#8007);
#8009=EDGE_CURVE('',#8004,#804,#8008,.T.);
#8010=ORIENTED_EDGE('',*,*,#8009,.F.);
#8011=CARTESIAN_POINT('',(-24.34000254,-1.945,-4.76));
#8012=DIRECTION('',(1.,0.,-0.));
#8013=VECTOR('',#8012,0.530774448);
#8014=LINE('',#8011,#8013);
#8015=EDGE_CURVE('',#7980,#8004,#8014,.T.);
#8016=ORIENTED_EDGE('',*,*,#8015,.F.);
#8017=ORIENTED_EDGE('',*,*,#7985,.T.);
#8018=ORIENTED_EDGE('',*,*,#817,.F.);
#8019=EDGE_LOOP('',(#8010,#8016,#8017,#8018));
#8020=FACE_BOUND('',#8019,.T.);
#8021=ADVANCED_FACE('',(#8020),#8002,.F.);
#8022=CARTESIAN_POINT('',(-23.809228092,-3.236313223,-4.76));
#8023=DIRECTION('',(1.,0.,0.));
#8024=DIRECTION('',(0.,0.,-1.));
#8025=AXIS2_PLACEMENT_3D('',#8022,#8023,#8024);
#8026=PLANE('',#8025);
#8027=ORIENTED_EDGE('',*,*,#809,.T.);
#8028=CARTESIAN_POINT('',(-23.809228092,-2.922626445,-4.76));
#8029=VERTEX_POINT('',#8028);
#8030=CARTESIAN_POINT('',(-23.809228092,-2.922626445,-4.76));
#8031=DIRECTION('',(0.,-0.,1.));
#8032=VECTOR('',#8031,0.6);
#8033=LINE('',#8030,#8032);
#8034=EDGE_CURVE('',#8029,#796,#8033,.T.);
#8035=ORIENTED_EDGE('',*,*,#8034,.F.);
#8036=CARTESIAN_POINT('',(-23.809228092,-2.922626445,-4.76));
#8037=DIRECTION('',(0.,1.,0.));
#8038=VECTOR('',#8037,0.977626445);
#8039=LINE('',#8036,#8038);
#8040=EDGE_CURVE('',#8029,#8004,#8039,.T.);
#8041=ORIENTED_EDGE('',*,*,#8040,.T.);
#8042=ORIENTED_EDGE('',*,*,#8009,.T.);
#8043=EDGE_LOOP('',(#8027,#8035,#8041,#8042));
#8044=FACE_BOUND('',#8043,.T.);
#8045=ADVANCED_FACE('',(#8044),#8026,.T.);
#8046=CARTESIAN_POINT('',(-24.079614046,-2.922626445,-4.76));
#8047=DIRECTION('',(0.,1.,0.));
#8048=DIRECTION('',(0.,-0.,1.));
#8049=AXIS2_PLACEMENT_3D('',#8046,#8047,#8048);
#8050=PLANE('',#8049);
#8051=CARTESIAN_POINT('',(-24.35,-2.922626445,-4.76));
#8052=VERTEX_POINT('',#8051);
#8053=CARTESIAN_POINT('',(-24.35,-2.922626445,-4.76));
#8054=DIRECTION('',(0.,-0.,1.));
#8055=VECTOR('',#8054,0.6);
#8056=LINE('',#8053,#8055);
#8057=EDGE_CURVE('',#8052,#788,#8056,.T.);
#8058=ORIENTED_EDGE('',*,*,#8057,.F.);
#8059=CARTESIAN_POINT('',(-23.809228092,-2.922626445,-4.76));
#8060=DIRECTION('',(-1.,0.,0.));
#8061=VECTOR('',#8060,0.540771908);
#8062=LINE('',#8059,#8061);
#8063=EDGE_CURVE('',#8029,#8052,#8062,.T.);
#8064=ORIENTED_EDGE('',*,*,#8063,.F.);
#8065=ORIENTED_EDGE('',*,*,#8034,.T.);
#8066=ORIENTED_EDGE('',*,*,#801,.F.);
#8067=EDGE_LOOP('',(#8058,#8064,#8065,#8066));
#8068=FACE_BOUND('',#8067,.T.);
#8069=ADVANCED_FACE('',(#8068),#8050,.F.);
#8070=CARTESIAN_POINT('',(-24.35,-3.361313223,-4.76));
#8071=DIRECTION('',(-1.,0.,0.));
#8072=DIRECTION('',(0.,0.,1.));
#8073=AXIS2_PLACEMENT_3D('',#8070,#8071,#8072);
#8074=PLANE('',#8073);
#8075=ORIENTED_EDGE('',*,*,#7759,.F.);
#8076=CARTESIAN_POINT('',(-24.35,-2.922626445,-4.76));
#8077=DIRECTION('',(0.,-1.,-0.));
#8078=VECTOR('',#8077,0.877373555);
#8079=LINE('',#8076,#8078);
#8080=EDGE_CURVE('',#8052,#7748,#8079,.T.);
#8081=ORIENTED_EDGE('',*,*,#8080,.F.);
#8082=ORIENTED_EDGE('',*,*,#8057,.T.);
#8083=ORIENTED_EDGE('',*,*,#793,.F.);
#8084=EDGE_LOOP('',(#8075,#8081,#8082,#8083));
#8085=FACE_BOUND('',#8084,.T.);
#8086=ADVANCED_FACE('',(#8085),#8074,.F.);
#8087=CARTESIAN_POINT('',(0.,0.,-4.76));
#8088=DIRECTION('',(0.,-0.,1.));
#8089=DIRECTION('',(-1.,0.,0.));
#8090=AXIS2_PLACEMENT_3D('',#8087,#8088,#8089);
#8091=PLANE('',#8090);
#8092=ORIENTED_EDGE('',*,*,#7753,.F.);
#8093=ORIENTED_EDGE('',*,*,#7783,.F.);
#8094=ORIENTED_EDGE('',*,*,#7799,.F.);
#8095=ORIENTED_EDGE('',*,*,#3573,.F.);
#8096=ORIENTED_EDGE('',*,*,#7824,.F.);
#8097=ORIENTED_EDGE('',*,*,#7847,.T.);
#8098=ORIENTED_EDGE('',*,*,#7872,.F.);
#8099=ORIENTED_EDGE('',*,*,#7896,.F.);
#8100=ORIENTED_EDGE('',*,*,#7920,.F.);
#8101=ORIENTED_EDGE('',*,*,#7944,.F.);
#8102=ORIENTED_EDGE('',*,*,#7967,.T.);
#8103=ORIENTED_EDGE('',*,*,#7991,.T.);
#8104=ORIENTED_EDGE('',*,*,#8015,.T.);
#8105=ORIENTED_EDGE('',*,*,#8040,.F.);
#8106=ORIENTED_EDGE('',*,*,#8063,.T.);
#8107=ORIENTED_EDGE('',*,*,#8080,.T.);
#8108=EDGE_LOOP('',(#8092,#8093,#8094,#8095,#8096,#8097,#8098,#8099,#8100,#8101,#8102,#8103,#8104,#8105,#8106,#8107));
#8109=FACE_BOUND('',#8108,.T.);
#8110=ADVANCED_FACE('',(#8109),#8091,.T.);
#8111=CARTESIAN_POINT('',(-21.,0.35,-4.76));
#8112=DIRECTION('',(1.,0.,0.));
#8113=DIRECTION('',(0.,0.,-1.));
#8114=AXIS2_PLACEMENT_3D('',#8111,#8112,#8113);
#8115=PLANE('',#8114);
#8116=ORIENTED_EDGE('',*,*,#107,.T.);
#8117=CARTESIAN_POINT('',(-21.,0.1,-4.76));
#8118=VERTEX_POINT('',#8117);
#8119=CARTESIAN_POINT('',(-21.,0.1,-4.76));
#8120=DIRECTION('',(0.,-0.,1.));
#8121=VECTOR('',#8120,0.6);
#8122=LINE('',#8119,#8121);
#8123=EDGE_CURVE('',#8118,#94,#8122,.T.);
#8124=ORIENTED_EDGE('',*,*,#8123,.F.);
#8125=CARTESIAN_POINT('',(-21.,0.6,-4.76));
#8126=VERTEX_POINT('',#8125);
#8127=CARTESIAN_POINT('',(-21.,0.1,-4.76));
#8128=DIRECTION('',(0.,1.,0.));
#8129=VECTOR('',#8128,0.5);
#8130=LINE('',#8127,#8129);
#8131=EDGE_CURVE('',#8118,#8126,#8130,.T.);
#8132=ORIENTED_EDGE('',*,*,#8131,.T.);
#8133=CARTESIAN_POINT('',(-21.,0.6,-4.76));
#8134=DIRECTION('',(0.,-0.,1.));
#8135=VECTOR('',#8134,0.6);
#8136=LINE('',#8133,#8135);
#8137=EDGE_CURVE('',#8126,#102,#8136,.T.);
#8138=ORIENTED_EDGE('',*,*,#8137,.T.);
#8139=EDGE_LOOP('',(#8116,#8124,#8132,#8138));
#8140=FACE_BOUND('',#8139,.T.);
#8141=ADVANCED_FACE('',(#8140),#8115,.T.);
#8142=CARTESIAN_POINT('',(-21.015,0.1,-4.76));
#8143=DIRECTION('',(0.,-1.,-0.));
#8144=DIRECTION('',(0.,0.,-1.));
#8145=AXIS2_PLACEMENT_3D('',#8142,#8143,#8144);
#8146=PLANE('',#8145);
#8147=ORIENTED_EDGE('',*,*,#99,.T.);
#8148=CARTESIAN_POINT('',(-21.02,0.1,-4.76));
#8149=VERTEX_POINT('',#8148);
#8150=CARTESIAN_POINT('',(-21.02,0.1,-4.16));
#8151=DIRECTION('',(-0.,0.,-1.));
#8152=VECTOR('',#8151,0.6);
#8153=LINE('',#8150,#8152);
#8154=EDGE_CURVE('',#85,#8149,#8153,.T.);
#8155=ORIENTED_EDGE('',*,*,#8154,.T.);
#8156=CARTESIAN_POINT('',(-21.02,0.1,-4.76));
#8157=DIRECTION('',(1.,0.,-0.));
#8158=VECTOR('',#8157,0.02);
#8159=LINE('',#8156,#8158);
#8160=EDGE_CURVE('',#8149,#8118,#8159,.T.);
#8161=ORIENTED_EDGE('',*,*,#8160,.T.);
#8162=ORIENTED_EDGE('',*,*,#8123,.T.);
#8163=EDGE_LOOP('',(#8147,#8155,#8161,#8162));
#8164=FACE_BOUND('',#8163,.T.);
#8165=ADVANCED_FACE('',(#8164),#8146,.T.);
#8166=CARTESIAN_POINT('',(-21.03,-0.1,-4.76));
#8167=DIRECTION('',(1.,0.,0.));
#8168=DIRECTION('',(0.,0.,-1.));
#8169=AXIS2_PLACEMENT_3D('',#8166,#8167,#8168);
#8170=PLANE('',#8169);
#8171=CARTESIAN_POINT('',(-21.03,-0.3,-4.76));
#8172=VERTEX_POINT('',#8171);
#8173=CARTESIAN_POINT('',(-21.03,0.09,-4.76));
#8174=VERTEX_POINT('',#8173);
#8175=CARTESIAN_POINT('',(-21.03,-0.3,-4.76));
#8176=DIRECTION('',(0.,1.,0.));
#8177=VECTOR('',#8176,0.39);
#8178=LINE('',#8175,#8177);
#8179=EDGE_CURVE('',#8172,#8174,#8178,.T.);
#8180=ORIENTED_EDGE('',*,*,#8179,.T.);
#8181=CARTESIAN_POINT('',(-21.03,0.09,-4.76));
#8182=DIRECTION('',(0.,-0.,1.));
#8183=VECTOR('',#8182,0.6);
#8184=LINE('',#8181,#8183);
#8185=EDGE_CURVE('',#8174,#174,#8184,.T.);
#8186=ORIENTED_EDGE('',*,*,#8185,.T.);
#8187=ORIENTED_EDGE('',*,*,#181,.T.);
#8188=CARTESIAN_POINT('',(-21.03,-0.3,-4.76));
#8189=DIRECTION('',(0.,-0.,1.));
#8190=VECTOR('',#8189,0.6);
#8191=LINE('',#8188,#8190);
#8192=EDGE_CURVE('',#8172,#176,#8191,.T.);
#8193=ORIENTED_EDGE('',*,*,#8192,.F.);
#8194=EDGE_LOOP('',(#8180,#8186,#8187,#8193));
#8195=FACE_BOUND('',#8194,.T.);
#8196=ADVANCED_FACE('',(#8195),#8170,.T.);
#8197=CARTESIAN_POINT('',(-20.715,-0.3,-4.76));
#8198=DIRECTION('',(0.,1.,0.));
#8199=DIRECTION('',(0.,-0.,1.));
#8200=AXIS2_PLACEMENT_3D('',#8197,#8198,#8199);
#8201=PLANE('',#8200);
#8202=ORIENTED_EDGE('',*,*,#443,.T.);
#8203=CARTESIAN_POINT('',(-20.4,-0.3,-4.76));
#8204=VERTEX_POINT('',#8203);
#8205=CARTESIAN_POINT('',(-20.4,-0.3,-4.76));
#8206=DIRECTION('',(0.,-0.,1.));
#8207=VECTOR('',#8206,0.6);
#8208=LINE('',#8205,#8207);
#8209=EDGE_CURVE('',#8204,#432,#8208,.T.);
#8210=ORIENTED_EDGE('',*,*,#8209,.F.);
#8211=CARTESIAN_POINT('',(-20.4,-0.3,-4.76));
#8212=DIRECTION('',(-1.,0.,0.));
#8213=VECTOR('',#8212,0.63);
#8214=LINE('',#8211,#8213);
#8215=EDGE_CURVE('',#8204,#8172,#8214,.T.);
#8216=ORIENTED_EDGE('',*,*,#8215,.T.);
#8217=ORIENTED_EDGE('',*,*,#8192,.T.);
#8218=EDGE_LOOP('',(#8202,#8210,#8216,#8217));
#8219=FACE_BOUND('',#8218,.T.);
#8220=ADVANCED_FACE('',(#8219),#8201,.T.);
#8221=CARTESIAN_POINT('',(-20.4,0.15,-4.76));
#8222=DIRECTION('',(-1.,0.,0.));
#8223=DIRECTION('',(0.,0.,1.));
#8224=AXIS2_PLACEMENT_3D('',#8221,#8222,#8223);
#8225=PLANE('',#8224);
#8226=ORIENTED_EDGE('',*,*,#437,.T.);
#8227=CARTESIAN_POINT('',(-20.4,0.59,-4.76));
#8228=VERTEX_POINT('',#8227);
#8229=CARTESIAN_POINT('',(-20.4,0.59,-4.16));
#8230=DIRECTION('',(-0.,0.,-1.));
#8231=VECTOR('',#8230,0.6);
#8232=LINE('',#8229,#8231);
#8233=EDGE_CURVE('',#423,#8228,#8232,.T.);
#8234=ORIENTED_EDGE('',*,*,#8233,.T.);
#8235=CARTESIAN_POINT('',(-20.4,0.59,-4.76));
#8236=DIRECTION('',(0.,-1.,-0.));
#8237=VECTOR('',#8236,0.89);
#8238=LINE('',#8235,#8237);
#8239=EDGE_CURVE('',#8228,#8204,#8238,.T.);
#8240=ORIENTED_EDGE('',*,*,#8239,.T.);
#8241=ORIENTED_EDGE('',*,*,#8209,.T.);
#8242=EDGE_LOOP('',(#8226,#8234,#8240,#8241));
#8243=FACE_BOUND('',#8242,.T.);
#8244=ADVANCED_FACE('',(#8243),#8225,.T.);
#8245=CARTESIAN_POINT('',(-20.7,0.6,-4.76));
#8246=DIRECTION('',(0.,-1.,-0.));
#8247=DIRECTION('',(0.,0.,-1.));
#8248=AXIS2_PLACEMENT_3D('',#8245,#8246,#8247);
#8249=PLANE('',#8248);
#8250=CARTESIAN_POINT('',(-20.41,0.6,-4.76));
#8251=VERTEX_POINT('',#8250);
#8252=CARTESIAN_POINT('',(-21.,0.6,-4.76));
#8253=DIRECTION('',(1.,0.,-0.));
#8254=VECTOR('',#8253,0.59);
#8255=LINE('',#8252,#8254);
#8256=EDGE_CURVE('',#8126,#8251,#8255,.T.);
#8257=ORIENTED_EDGE('',*,*,#8256,.T.);
#8258=CARTESIAN_POINT('',(-20.41,0.6,-4.76));
#8259=DIRECTION('',(0.,-0.,1.));
#8260=VECTOR('',#8259,0.6);
#8261=LINE('',#8258,#8260);
#8262=EDGE_CURVE('',#8251,#110,#8261,.T.);
#8263=ORIENTED_EDGE('',*,*,#8262,.T.);
#8264=ORIENTED_EDGE('',*,*,#115,.T.);
#8265=ORIENTED_EDGE('',*,*,#8137,.F.);
#8266=EDGE_LOOP('',(#8257,#8263,#8264,#8265));
#8267=FACE_BOUND('',#8266,.T.);
#8268=ADVANCED_FACE('',(#8267),#8249,.T.);
#8269=CARTESIAN_POINT('',(0.,0.,-4.76));
#8270=DIRECTION('',(0.,-0.,1.));
#8271=DIRECTION('',(-1.,0.,0.));
#8272=AXIS2_PLACEMENT_3D('',#8269,#8270,#8271);
#8273=PLANE('',#8272);
#8274=CARTESIAN_POINT('',(-21.03,0.99,-4.76));
#8275=VERTEX_POINT('',#8274);
#8276=CARTESIAN_POINT('',(-21.02,1.,-4.76));
#8277=VERTEX_POINT('',#8276);
#8278=CARTESIAN_POINT('',(-21.02,0.99,-4.76));
#8279=DIRECTION('',(-0.,0.,-1.));
#8280=DIRECTION('',(0.,-1.,-0.));
#8281=AXIS2_PLACEMENT_3D('',#8278,#8279,#8280);
#8282=CIRCLE('',#8281,0.01);
#8283=EDGE_CURVE('',#8275,#8277,#8282,.T.);
#8284=ORIENTED_EDGE('',*,*,#8283,.T.);
#8285=CARTESIAN_POINT('',(-21.,1.,-4.76));
#8286=VERTEX_POINT('',#8285);
#8287=CARTESIAN_POINT('',(-21.,1.,-4.76));
#8288=DIRECTION('',(-1.,0.,0.));
#8289=VECTOR('',#8288,0.02);
#8290=LINE('',#8287,#8289);
#8291=EDGE_CURVE('',#8286,#8277,#8290,.T.);
#8292=ORIENTED_EDGE('',*,*,#8291,.F.);
#8293=CARTESIAN_POINT('',(-21.,0.64,-4.76));
#8294=VERTEX_POINT('',#8293);
#8295=CARTESIAN_POINT('',(-21.,0.64,-4.76));
#8296=DIRECTION('',(0.,1.,0.));
#8297=VECTOR('',#8296,0.36);
#8298=LINE('',#8295,#8297);
#8299=EDGE_CURVE('',#8294,#8286,#8298,.T.);
#8300=ORIENTED_EDGE('',*,*,#8299,.F.);
#8301=CARTESIAN_POINT('',(-20.4,0.64,-4.76));
#8302=VERTEX_POINT('',#8301);
#8303=CARTESIAN_POINT('',(-21.,0.64,-4.76));
#8304=DIRECTION('',(1.,0.,-0.));
#8305=VECTOR('',#8304,0.6);
#8306=LINE('',#8303,#8305);
#8307=EDGE_CURVE('',#8294,#8302,#8306,.T.);
#8308=ORIENTED_EDGE('',*,*,#8307,.T.);
#8309=CARTESIAN_POINT('',(-20.4,0.61,-4.76));
#8310=VERTEX_POINT('',#8309);
#8311=CARTESIAN_POINT('',(-20.4,0.64,-4.76));
#8312=DIRECTION('',(0.,-1.,-0.));
#8313=VECTOR('',#8312,0.03);
#8314=LINE('',#8311,#8313);
#8315=EDGE_CURVE('',#8302,#8310,#8314,.T.);
#8316=ORIENTED_EDGE('',*,*,#8315,.T.);
#8317=CARTESIAN_POINT('',(-20.41,0.61,-4.76));
#8318=DIRECTION('',(-0.,0.,-1.));
#8319=DIRECTION('',(0.,-1.,-0.));
#8320=AXIS2_PLACEMENT_3D('',#8317,#8318,#8319);
#8321=CIRCLE('',#8320,0.01);
#8322=EDGE_CURVE('',#8310,#8251,#8321,.T.);
#8323=ORIENTED_EDGE('',*,*,#8322,.T.);
#8324=ORIENTED_EDGE('',*,*,#8256,.F.);
#8325=ORIENTED_EDGE('',*,*,#8131,.F.);
#8326=ORIENTED_EDGE('',*,*,#8160,.F.);
#8327=CARTESIAN_POINT('',(-21.03,0.11,-4.76));
#8328=VERTEX_POINT('',#8327);
#8329=CARTESIAN_POINT('',(-21.02,0.11,-4.76));
#8330=DIRECTION('',(-0.,0.,-1.));
#8331=DIRECTION('',(0.,-1.,-0.));
#8332=AXIS2_PLACEMENT_3D('',#8329,#8330,#8331);
#8333=CIRCLE('',#8332,0.01);
#8334=EDGE_CURVE('',#8149,#8328,#8333,.T.);
#8335=ORIENTED_EDGE('',*,*,#8334,.T.);
#8336=CARTESIAN_POINT('',(-21.03,0.11,-4.76));
#8337=DIRECTION('',(0.,1.,0.));
#8338=VECTOR('',#8337,0.88);
#8339=LINE('',#8336,#8338);
#8340=EDGE_CURVE('',#8328,#8275,#8339,.T.);
#8341=ORIENTED_EDGE('',*,*,#8340,.T.);
#8342=EDGE_LOOP('',(#8284,#8292,#8300,#8308,#8316,#8323,#8324,#8325,#8326,#8335,#8341));
#8343=FACE_BOUND('',#8342,.T.);
#8344=CARTESIAN_POINT('',(-21.03,1.01,-4.76));
#8345=VERTEX_POINT('',#8344);
#8346=CARTESIAN_POINT('',(-21.04,1.,-4.76));
#8347=VERTEX_POINT('',#8346);
#8348=CARTESIAN_POINT('',(-21.04,1.01,-4.76));
#8349=DIRECTION('',(-0.,0.,-1.));
#8350=DIRECTION('',(0.,-1.,-0.));
#8351=AXIS2_PLACEMENT_3D('',#8348,#8349,#8350);
#8352=CIRCLE('',#8351,0.01);
#8353=EDGE_CURVE('',#8345,#8347,#8352,.T.);
#8354=ORIENTED_EDGE('',*,*,#8353,.T.);
#8355=CARTESIAN_POINT('',(-21.04,1.,-4.76));
#8356=DIRECTION('',(-1.,0.,0.));
#8357=VECTOR('',#8356,0.490493307);
#8358=LINE('',#8355,#8357);
#8359=EDGE_CURVE('',#8347,#2420,#8358,.T.);
#8360=ORIENTED_EDGE('',*,*,#8359,.T.);
#8361=ORIENTED_EDGE('',*,*,#2428,.T.);
#8362=CARTESIAN_POINT('',(-21.6,0.1,-4.76));
#8363=VERTEX_POINT('',#8362);
#8364=CARTESIAN_POINT('',(-21.6,0.951877321,-4.76));
#8365=DIRECTION('',(0.,-1.,-0.));
#8366=VECTOR('',#8365,0.851877321);
#8367=LINE('',#8364,#8366);
#8368=EDGE_CURVE('',#2422,#8363,#8367,.T.);
#8369=ORIENTED_EDGE('',*,*,#8368,.T.);
#8370=CARTESIAN_POINT('',(-21.04,0.1,-4.76));
#8371=VERTEX_POINT('',#8370);
#8372=CARTESIAN_POINT('',(-21.6,0.1,-4.76));
#8373=DIRECTION('',(1.,0.,-0.));
#8374=VECTOR('',#8373,0.56);
#8375=LINE('',#8372,#8374);
#8376=EDGE_CURVE('',#8363,#8371,#8375,.T.);
#8377=ORIENTED_EDGE('',*,*,#8376,.T.);
#8378=CARTESIAN_POINT('',(-21.04,0.09,-4.76));
#8379=DIRECTION('',(-0.,0.,-1.));
#8380=DIRECTION('',(0.,-1.,-0.));
#8381=AXIS2_PLACEMENT_3D('',#8378,#8379,#8380);
#8382=CIRCLE('',#8381,0.01);
#8383=EDGE_CURVE('',#8371,#8174,#8382,.T.);
#8384=ORIENTED_EDGE('',*,*,#8383,.T.);
#8385=ORIENTED_EDGE('',*,*,#8179,.F.);
#8386=ORIENTED_EDGE('',*,*,#8215,.F.);
#8387=ORIENTED_EDGE('',*,*,#8239,.F.);
#8388=CARTESIAN_POINT('',(-20.39,0.6,-4.76));
#8389=VERTEX_POINT('',#8388);
#8390=CARTESIAN_POINT('',(-20.39,0.59,-4.76));
#8391=DIRECTION('',(-0.,0.,-1.));
#8392=DIRECTION('',(0.,-1.,-0.));
#8393=AXIS2_PLACEMENT_3D('',#8390,#8391,#8392);
#8394=CIRCLE('',#8393,0.01);
#8395=EDGE_CURVE('',#8228,#8389,#8394,.T.);
#8396=ORIENTED_EDGE('',*,*,#8395,.T.);
#8397=CARTESIAN_POINT('',(-20.353117958,0.6,-4.76));
#8398=VERTEX_POINT('',#8397);
#8399=CARTESIAN_POINT('',(-20.39,0.6,-4.76));
#8400=DIRECTION('',(1.,0.,-0.));
#8401=VECTOR('',#8400,0.036882042);
#8402=LINE('',#8399,#8401);
#8403=EDGE_CURVE('',#8389,#8398,#8402,.T.);
#8404=ORIENTED_EDGE('',*,*,#8403,.T.);
#8405=CARTESIAN_POINT('',(-20.353117958,1.571752131,-4.76));
#8406=VERTEX_POINT('',#8405);
#8407=CARTESIAN_POINT('',(-20.353117958,0.6,-4.76));
#8408=DIRECTION('',(0.,1.,0.));
#8409=VECTOR('',#8408,0.971752131);
#8410=LINE('',#8407,#8409);
#8411=EDGE_CURVE('',#8398,#8406,#8410,.T.);
#8412=ORIENTED_EDGE('',*,*,#8411,.T.);
#8413=CARTESIAN_POINT('',(-20.353117958,1.571752131,-4.76));
#8414=DIRECTION('',(-1.,0.,0.));
#8415=VECTOR('',#8414,0.579706335);
#8416=LINE('',#8413,#8415);
#8417=EDGE_CURVE('',#8406,#2446,#8416,.T.);
#8418=ORIENTED_EDGE('',*,*,#8417,.T.);
#8419=ORIENTED_EDGE('',*,*,#2452,.T.);
#8420=CARTESIAN_POINT('',(-21.03,1.454194388,-4.76));
#8421=DIRECTION('',(0.,-1.,-0.));
#8422=VECTOR('',#8421,0.444194388);
#8423=LINE('',#8420,#8422);
#8424=EDGE_CURVE('',#2438,#8345,#8423,.T.);
#8425=ORIENTED_EDGE('',*,*,#8424,.T.);
#8426=EDGE_LOOP('',(#8354,#8360,#8361,#8369,#8377,#8384,#8385,#8386,#8387,#8396,#8404,#8412,#8418,#8419,#8425));
#8427=FACE_BOUND('',#8426,.T.);
#8428=ADVANCED_FACE('',(#8343,#8427),#8273,.T.);
#8429=CARTESIAN_POINT('',(-24.399770587,-0.269692527,-4.76));
#8430=DIRECTION('',(0.874036668,-0.485859962,-0.));
#8431=DIRECTION('',(0.485859962,0.874036668,0.));
#8432=AXIS2_PLACEMENT_3D('',#8429,#8430,#8431);
#8433=PLANE('',#8432);
#8434=ORIENTED_EDGE('',*,*,#923,.T.);
#8435=CARTESIAN_POINT('',(-24.587643042,-0.60766525,-4.76));
#8436=VERTEX_POINT('',#8435);
#8437=CARTESIAN_POINT('',(-24.587643042,-0.60766525,-4.76));
#8438=DIRECTION('',(0.,-0.,1.));
#8439=VECTOR('',#8438,0.6);
#8440=LINE('',#8437,#8439);
#8441=EDGE_CURVE('',#8436,#918,#8440,.T.);
#8442=ORIENTED_EDGE('',*,*,#8441,.F.);
#8443=CARTESIAN_POINT('',(-24.579929006,-0.593788102,-4.76));
#8444=VERTEX_POINT('',#8443);
#8445=CARTESIAN_POINT('',(-24.587643042,-0.60766525,-4.76));
#8446=DIRECTION('',(0.485859962,0.874036668,0.));
#8447=VECTOR('',#8446,0.015877078);
#8448=LINE('',#8445,#8447);
#8449=EDGE_CURVE('',#8436,#8444,#8448,.T.);
#8450=ORIENTED_EDGE('',*,*,#8449,.T.);
#8451=CARTESIAN_POINT('',(-24.579929006,-0.593788102,-4.76));
#8452=DIRECTION('',(0.,-0.,1.));
#8453=VECTOR('',#8452,0.6);
#8454=LINE('',#8451,#8453);
#8455=EDGE_CURVE('',#8444,#916,#8454,.T.);
#8456=ORIENTED_EDGE('',*,*,#8455,.T.);
#8457=EDGE_LOOP('',(#8434,#8442,#8450,#8456));
#8458=FACE_BOUND('',#8457,.T.);
#8459=ADVANCED_FACE('',(#8458),#8433,.T.);
#8460=CARTESIAN_POINT('',(-24.393821521,-0.715406859,-4.76));
#8461=DIRECTION('',(0.485859962,0.874036668,0.));
#8462=DIRECTION('',(-0.874036668,0.485859962,-0.));
#8463=AXIS2_PLACEMENT_3D('',#8460,#8461,#8462);
#8464=PLANE('',#8463);
#8465=ORIENTED_EDGE('',*,*,#977,.T.);
#8466=CARTESIAN_POINT('',(-24.2,-0.823148468,-4.76));
#8467=VERTEX_POINT('',#8466);
#8468=CARTESIAN_POINT('',(-24.2,-0.823148468,-4.76));
#8469=DIRECTION('',(0.,-0.,1.));
#8470=VECTOR('',#8469,0.6);
#8471=LINE('',#8468,#8470);
#8472=EDGE_CURVE('',#8467,#966,#8471,.T.);
#8473=ORIENTED_EDGE('',*,*,#8472,.F.);
#8474=CARTESIAN_POINT('',(-24.2,-0.823148468,-4.76));
#8475=DIRECTION('',(-0.874036668,0.485859962,0.));
#8476=VECTOR('',#8475,0.443508901);
#8477=LINE('',#8474,#8476);
#8478=EDGE_CURVE('',#8467,#8436,#8477,.T.);
#8479=ORIENTED_EDGE('',*,*,#8478,.T.);
#8480=ORIENTED_EDGE('',*,*,#8441,.T.);
#8481=EDGE_LOOP('',(#8465,#8473,#8479,#8480));
#8482=FACE_BOUND('',#8481,.T.);
#8483=ADVANCED_FACE('',(#8482),#8464,.T.);
#8484=CARTESIAN_POINT('',(-24.015984564,-0.492114319,-4.76));
#8485=DIRECTION('',(-0.874036668,0.485859962,0.));
#8486=DIRECTION('',(-0.485859962,-0.874036668,0.));
#8487=AXIS2_PLACEMENT_3D('',#8484,#8485,#8486);
#8488=PLANE('',#8487);
#8489=ORIENTED_EDGE('',*,*,#971,.T.);
#8490=CARTESIAN_POINT('',(-23.831969127,-0.16108017,-4.76));
#8491=VERTEX_POINT('',#8490);
#8492=CARTESIAN_POINT('',(-23.831969127,-0.16108017,-4.76));
#8493=DIRECTION('',(0.,-0.,1.));
#8494=VECTOR('',#8493,0.6);
#8495=LINE('',#8492,#8494);
#8496=EDGE_CURVE('',#8491,#958,#8495,.T.);
#8497=ORIENTED_EDGE('',*,*,#8496,.F.);
#8498=CARTESIAN_POINT('',(-23.831969127,-0.16108017,-4.76));
#8499=DIRECTION('',(-0.485859962,-0.874036668,-0.));
#8500=VECTOR('',#8499,0.757483435);
#8501=LINE('',#8498,#8500);
#8502=EDGE_CURVE('',#8491,#8467,#8501,.T.);
#8503=ORIENTED_EDGE('',*,*,#8502,.T.);
#8504=ORIENTED_EDGE('',*,*,#8472,.T.);
#8505=EDGE_LOOP('',(#8489,#8497,#8503,#8504));
#8506=FACE_BOUND('',#8505,.T.);
#8507=ADVANCED_FACE('',(#8506),#8488,.T.);
#8508=CARTESIAN_POINT('',(-24.025790648,-0.053338561,-4.76));
#8509=DIRECTION('',(-0.485859962,-0.874036668,-0.));
#8510=DIRECTION('',(0.874036668,-0.485859962,0.));
#8511=AXIS2_PLACEMENT_3D('',#8508,#8509,#8510);
#8512=PLANE('',#8511);
#8513=ORIENTED_EDGE('',*,*,#963,.T.);
#8514=CARTESIAN_POINT('',(-24.219612169,0.054403048,-4.76));
#8515=VERTEX_POINT('',#8514);
#8516=CARTESIAN_POINT('',(-24.219612169,0.054403048,-4.76));
#8517=DIRECTION('',(0.,-0.,1.));
#8518=VECTOR('',#8517,0.6);
#8519=LINE('',#8516,#8518);
#8520=EDGE_CURVE('',#8515,#950,#8519,.T.);
#8521=ORIENTED_EDGE('',*,*,#8520,.F.);
#8522=CARTESIAN_POINT('',(-24.219612169,0.054403048,-4.76));
#8523=DIRECTION('',(0.874036668,-0.485859962,-0.));
#8524=VECTOR('',#8523,0.443508901);
#8525=LINE('',#8522,#8524);
#8526=EDGE_CURVE('',#8515,#8491,#8525,.T.);
#8527=ORIENTED_EDGE('',*,*,#8526,.T.);
#8528=ORIENTED_EDGE('',*,*,#8496,.T.);
#8529=EDGE_LOOP('',(#8513,#8521,#8527,#8528));
#8530=FACE_BOUND('',#8529,.T.);
#8531=ADVANCED_FACE('',(#8530),#8512,.T.);
#8532=CARTESIAN_POINT('',(-24.399770587,-0.269692527,-4.76));
#8533=DIRECTION('',(0.874036668,-0.485859962,-0.));
#8534=DIRECTION('',(0.485859962,0.874036668,0.));
#8535=AXIS2_PLACEMENT_3D('',#8532,#8533,#8534);
#8536=PLANE('',#8535);
#8537=CARTESIAN_POINT('',(-24.012546487,0.426903383,-4.76));
#8538=VERTEX_POINT('',#8537);
#8539=CARTESIAN_POINT('',(-24.012546487,0.426903383,-4.76));
#8540=DIRECTION('',(0.,-0.,1.));
#8541=VECTOR('',#8540,0.6);
#8542=LINE('',#8539,#8541);
#8543=EDGE_CURVE('',#8538,#942,#8542,.T.);
#8544=ORIENTED_EDGE('',*,*,#8543,.F.);
#8545=CARTESIAN_POINT('',(-24.219612169,0.054403048,-4.76));
#8546=DIRECTION('',(0.485859962,0.874036668,0.));
#8547=VECTOR('',#8546,0.426183877);
#8548=LINE('',#8545,#8547);
#8549=EDGE_CURVE('',#8515,#8538,#8548,.T.);
#8550=ORIENTED_EDGE('',*,*,#8549,.F.);
#8551=ORIENTED_EDGE('',*,*,#8520,.T.);
#8552=ORIENTED_EDGE('',*,*,#955,.F.);
#8553=EDGE_LOOP('',(#8544,#8550,#8551,#8552));
#8554=FACE_BOUND('',#8553,.T.);
#8555=ADVANCED_FACE('',(#8554),#8536,.F.);
#8556=CARTESIAN_POINT('',(-24.397122621,0.640681766,-4.76));
#8557=DIRECTION('',(0.485859962,0.874036668,0.));
#8558=DIRECTION('',(-0.874036668,0.485859962,-0.));
#8559=AXIS2_PLACEMENT_3D('',#8556,#8557,#8558);
#8560=PLANE('',#8559);
#8561=CARTESIAN_POINT('',(-24.781698755,0.85446015,-4.76));
#8562=VERTEX_POINT('',#8561);
#8563=CARTESIAN_POINT('',(-24.781698755,0.85446015,-4.76));
#8564=DIRECTION('',(0.,-0.,1.));
#8565=VECTOR('',#8564,0.6);
#8566=LINE('',#8563,#8565);
#8567=EDGE_CURVE('',#8562,#934,#8566,.T.);
#8568=ORIENTED_EDGE('',*,*,#8567,.F.);
#8569=CARTESIAN_POINT('',(-24.012546487,0.426903383,-4.76));
#8570=DIRECTION('',(-0.874036668,0.485859962,0.));
#8571=VECTOR('',#8570,0.88);
#8572=LINE('',#8569,#8571);
#8573=EDGE_CURVE('',#8538,#8562,#8572,.T.);
#8574=ORIENTED_EDGE('',*,*,#8573,.F.);
#8575=ORIENTED_EDGE('',*,*,#8543,.T.);
#8576=ORIENTED_EDGE('',*,*,#947,.F.);
#8577=EDGE_LOOP('',(#8568,#8574,#8575,#8576));
#8578=FACE_BOUND('',#8577,.T.);
#8579=ADVANCED_FACE('',(#8578),#8560,.F.);
#8580=CARTESIAN_POINT('',(-25.065390014,0.344114407,-4.76));
#8581=DIRECTION('',(-0.874036668,0.485859962,0.));
#8582=DIRECTION('',(-0.485859962,-0.874036668,0.));
#8583=AXIS2_PLACEMENT_3D('',#8580,#8581,#8582);
#8584=PLANE('',#8583);
#8585=CARTESIAN_POINT('',(-25.349081274,-0.166231335,-4.76));
#8586=VERTEX_POINT('',#8585);
#8587=CARTESIAN_POINT('',(-25.349081274,-0.166231335,-4.76));
#8588=DIRECTION('',(0.,-0.,1.));
#8589=VECTOR('',#8588,0.6);
#8590=LINE('',#8587,#8589);
#8591=EDGE_CURVE('',#8586,#926,#8590,.T.);
#8592=ORIENTED_EDGE('',*,*,#8591,.F.);
#8593=CARTESIAN_POINT('',(-24.781698755,0.85446015,-4.76));
#8594=DIRECTION('',(-0.485859962,-0.874036668,-0.));
#8595=VECTOR('',#8594,1.167790234);
#8596=LINE('',#8593,#8595);
#8597=EDGE_CURVE('',#8562,#8586,#8596,.T.);
#8598=ORIENTED_EDGE('',*,*,#8597,.F.);
#8599=ORIENTED_EDGE('',*,*,#8567,.T.);
#8600=ORIENTED_EDGE('',*,*,#939,.F.);
#8601=EDGE_LOOP('',(#8592,#8598,#8599,#8600));
#8602=FACE_BOUND('',#8601,.T.);
#8603=ADVANCED_FACE('',(#8602),#8584,.F.);
#8604=CARTESIAN_POINT('',(-24.96450514,-0.380009719,-4.76));
#8605=DIRECTION('',(-0.485859962,-0.874036668,-0.));
#8606=DIRECTION('',(0.874036668,-0.485859962,0.));
#8607=AXIS2_PLACEMENT_3D('',#8604,#8605,#8606);
#8608=PLANE('',#8607);
#8609=ORIENTED_EDGE('',*,*,#8455,.F.);
#8610=CARTESIAN_POINT('',(-25.349081274,-0.166231335,-4.76));
#8611=DIRECTION('',(0.874036668,-0.485859962,-0.));
#8612=VECTOR('',#8611,0.88);
#8613=LINE('',#8610,#8612);
#8614=EDGE_CURVE('',#8586,#8444,#8613,.T.);
#8615=ORIENTED_EDGE('',*,*,#8614,.F.);
#8616=ORIENTED_EDGE('',*,*,#8591,.T.);
#8617=ORIENTED_EDGE('',*,*,#931,.F.);
#8618=EDGE_LOOP('',(#8609,#8615,#8616,#8617));
#8619=FACE_BOUND('',#8618,.T.);
#8620=ADVANCED_FACE('',(#8619),#8608,.F.);
#8621=CARTESIAN_POINT('',(0.,0.,-4.76));
#8622=DIRECTION('',(0.,-0.,1.));
#8623=DIRECTION('',(-1.,0.,0.));
#8624=AXIS2_PLACEMENT_3D('',#8621,#8622,#8623);
#8625=PLANE('',#8624);
#8626=ORIENTED_EDGE('',*,*,#8449,.F.);
#8627=ORIENTED_EDGE('',*,*,#8478,.F.);
#8628=ORIENTED_EDGE('',*,*,#8502,.F.);
#8629=ORIENTED_EDGE('',*,*,#8526,.F.);
#8630=ORIENTED_EDGE('',*,*,#8549,.T.);
#8631=ORIENTED_EDGE('',*,*,#8573,.T.);
#8632=ORIENTED_EDGE('',*,*,#8597,.T.);
#8633=ORIENTED_EDGE('',*,*,#8614,.T.);
#8634=EDGE_LOOP('',(#8626,#8627,#8628,#8629,#8630,#8631,#8632,#8633));
#8635=FACE_BOUND('',#8634,.T.);
#8636=ADVANCED_FACE('',(#8635),#8625,.T.);
#8637=CARTESIAN_POINT('',(-21.015,1.,-4.76));
#8638=DIRECTION('',(0.,1.,0.));
#8639=DIRECTION('',(0.,-0.,1.));
#8640=AXIS2_PLACEMENT_3D('',#8637,#8638,#8639);
#8641=PLANE('',#8640);
#8642=ORIENTED_EDGE('',*,*,#8291,.T.);
#8643=CARTESIAN_POINT('',(-21.02,1.,-4.76));
#8644=DIRECTION('',(0.,-0.,1.));
#8645=VECTOR('',#8644,0.6);
#8646=LINE('',#8643,#8645);
#8647=EDGE_CURVE('',#8277,#151,#8646,.T.);
#8648=ORIENTED_EDGE('',*,*,#8647,.T.);
#8649=ORIENTED_EDGE('',*,*,#156,.T.);
#8650=CARTESIAN_POINT('',(-21.,1.,-4.76));
#8651=DIRECTION('',(0.,-0.,1.));
#8652=VECTOR('',#8651,0.6);
#8653=LINE('',#8650,#8652);
#8654=EDGE_CURVE('',#8286,#143,#8653,.T.);
#8655=ORIENTED_EDGE('',*,*,#8654,.F.);
#8656=EDGE_LOOP('',(#8642,#8648,#8649,#8655));
#8657=FACE_BOUND('',#8656,.T.);
#8658=ADVANCED_FACE('',(#8657),#8641,.T.);
#8659=CARTESIAN_POINT('',(-21.,0.82,-4.76));
#8660=DIRECTION('',(1.,0.,0.));
#8661=DIRECTION('',(0.,0.,-1.));
#8662=AXIS2_PLACEMENT_3D('',#8659,#8660,#8661);
#8663=PLANE('',#8662);
#8664=ORIENTED_EDGE('',*,*,#148,.T.);
#8665=CARTESIAN_POINT('',(-21.,0.64,-4.76));
#8666=DIRECTION('',(0.,-0.,1.));
#8667=VECTOR('',#8666,0.6);
#8668=LINE('',#8665,#8667);
#8669=EDGE_CURVE('',#8294,#135,#8668,.T.);
#8670=ORIENTED_EDGE('',*,*,#8669,.F.);
#8671=ORIENTED_EDGE('',*,*,#8299,.T.);
#8672=ORIENTED_EDGE('',*,*,#8654,.T.);
#8673=EDGE_LOOP('',(#8664,#8670,#8671,#8672));
#8674=FACE_BOUND('',#8673,.T.);
#8675=ADVANCED_FACE('',(#8674),#8663,.T.);
#8676=CARTESIAN_POINT('',(-20.7,0.64,-4.76));
#8677=DIRECTION('',(0.,-1.,-0.));
#8678=DIRECTION('',(0.,0.,-1.));
#8679=AXIS2_PLACEMENT_3D('',#8676,#8677,#8678);
#8680=PLANE('',#8679);
#8681=CARTESIAN_POINT('',(-20.4,0.64,-4.76));
#8682=DIRECTION('',(0.,-0.,1.));
#8683=VECTOR('',#8682,0.6);
#8684=LINE('',#8681,#8683);
#8685=EDGE_CURVE('',#8302,#127,#8684,.T.);
#8686=ORIENTED_EDGE('',*,*,#8685,.F.);
#8687=ORIENTED_EDGE('',*,*,#8307,.F.);
#8688=ORIENTED_EDGE('',*,*,#8669,.T.);
#8689=ORIENTED_EDGE('',*,*,#140,.F.);
#8690=EDGE_LOOP('',(#8686,#8687,#8688,#8689));
#8691=FACE_BOUND('',#8690,.T.);
#8692=ADVANCED_FACE('',(#8691),#8680,.F.);
#8693=CARTESIAN_POINT('',(-20.4,0.62,-4.76));
#8694=DIRECTION('',(-1.,0.,0.));
#8695=DIRECTION('',(0.,0.,1.));
#8696=AXIS2_PLACEMENT_3D('',#8693,#8694,#8695);
#8697=PLANE('',#8696);
#8698=ORIENTED_EDGE('',*,*,#132,.F.);
#8699=CARTESIAN_POINT('',(-20.4,0.61,-4.16));
#8700=DIRECTION('',(-0.,0.,-1.));
#8701=VECTOR('',#8700,0.6);
#8702=LINE('',#8699,#8701);
#8703=EDGE_CURVE('',#118,#8310,#8702,.T.);
#8704=ORIENTED_EDGE('',*,*,#8703,.T.);
#8705=ORIENTED_EDGE('',*,*,#8315,.F.);
#8706=ORIENTED_EDGE('',*,*,#8685,.T.);
#8707=EDGE_LOOP('',(#8698,#8704,#8705,#8706));
#8708=FACE_BOUND('',#8707,.T.);
#8709=ADVANCED_FACE('',(#8708),#8697,.F.);
#8710=CARTESIAN_POINT('',(-20.376558979,0.6,-4.76));
#8711=DIRECTION('',(0.,-1.,-0.));
#8712=DIRECTION('',(0.,0.,-1.));
#8713=AXIS2_PLACEMENT_3D('',#8710,#8711,#8712);
#8714=PLANE('',#8713);
#8715=ORIENTED_EDGE('',*,*,#8403,.F.);
#8716=CARTESIAN_POINT('',(-20.39,0.6,-4.76));
#8717=DIRECTION('',(0.,-0.,1.));
#8718=VECTOR('',#8717,0.6);
#8719=LINE('',#8716,#8718);
#8720=EDGE_CURVE('',#8389,#415,#8719,.T.);
#8721=ORIENTED_EDGE('',*,*,#8720,.T.);
#8722=ORIENTED_EDGE('',*,*,#420,.F.);
#8723=CARTESIAN_POINT('',(-20.353117958,0.6,-4.76));
#8724=DIRECTION('',(0.,-0.,1.));
#8725=VECTOR('',#8724,0.6);
#8726=LINE('',#8723,#8725);
#8727=EDGE_CURVE('',#8398,#407,#8726,.T.);
#8728=ORIENTED_EDGE('',*,*,#8727,.F.);
#8729=EDGE_LOOP('',(#8715,#8721,#8722,#8728));
#8730=FACE_BOUND('',#8729,.T.);
#8731=ADVANCED_FACE('',(#8730),#8714,.F.);
#8732=CARTESIAN_POINT('',(-20.353117958,1.085876065,-4.76));
#8733=DIRECTION('',(1.,0.,0.));
#8734=DIRECTION('',(0.,0.,-1.));
#8735=AXIS2_PLACEMENT_3D('',#8732,#8733,#8734);
#8736=PLANE('',#8735);
#8737=CARTESIAN_POINT('',(-20.353117958,1.571752131,-4.76));
#8738=DIRECTION('',(0.,-0.,1.));
#8739=VECTOR('',#8738,0.6);
#8740=LINE('',#8737,#8739);
#8741=EDGE_CURVE('',#8406,#399,#8740,.T.);
#8742=ORIENTED_EDGE('',*,*,#8741,.F.);
#8743=ORIENTED_EDGE('',*,*,#8411,.F.);
#8744=ORIENTED_EDGE('',*,*,#8727,.T.);
#8745=ORIENTED_EDGE('',*,*,#412,.F.);
#8746=EDGE_LOOP('',(#8742,#8743,#8744,#8745));
#8747=FACE_BOUND('',#8746,.T.);
#8748=ADVANCED_FACE('',(#8747),#8736,.F.);
#8749=CARTESIAN_POINT('',(-20.691558979,1.571752131,-4.76));
#8750=DIRECTION('',(0.,1.,0.));
#8751=DIRECTION('',(0.,-0.,1.));
#8752=AXIS2_PLACEMENT_3D('',#8749,#8750,#8751);
#8753=PLANE('',#8752);
#8754=ORIENTED_EDGE('',*,*,#2458,.F.);
#8755=ORIENTED_EDGE('',*,*,#8417,.F.);
#8756=ORIENTED_EDGE('',*,*,#8741,.T.);
#8757=ORIENTED_EDGE('',*,*,#404,.F.);
#8758=EDGE_LOOP('',(#8754,#8755,#8756,#8757));
#8759=FACE_BOUND('',#8758,.T.);
#8760=ADVANCED_FACE('',(#8759),#8753,.F.);
#8761=CARTESIAN_POINT('',(-21.03,1.285876065,-4.76));
#8762=DIRECTION('',(-1.,0.,0.));
#8763=DIRECTION('',(0.,0.,1.));
#8764=AXIS2_PLACEMENT_3D('',#8761,#8762,#8763);
#8765=PLANE('',#8764);
#8766=ORIENTED_EDGE('',*,*,#57,.F.);
#8767=CARTESIAN_POINT('',(-21.03,1.01,-4.16));
#8768=DIRECTION('',(-0.,0.,-1.));
#8769=VECTOR('',#8768,0.6);
#8770=LINE('',#8767,#8769);
#8771=EDGE_CURVE('',#43,#8345,#8770,.T.);
#8772=ORIENTED_EDGE('',*,*,#8771,.T.);
#8773=ORIENTED_EDGE('',*,*,#8424,.F.);
#8774=ORIENTED_EDGE('',*,*,#2443,.F.);
#8775=EDGE_LOOP('',(#8766,#8772,#8773,#8774));
#8776=FACE_BOUND('',#8775,.T.);
#8777=ADVANCED_FACE('',(#8776),#8765,.F.);
#8778=CARTESIAN_POINT('',(-20.39,0.59,-4.76));
#8779=DIRECTION('',(0.,0.,-1.));
#8780=DIRECTION('',(0.,1.,0.));
#8781=AXIS2_PLACEMENT_3D('',#8778,#8779,#8780);
#8782=CYLINDRICAL_SURFACE('',#8781,0.01);
#8783=ORIENTED_EDGE('',*,*,#8395,.F.);
#8784=ORIENTED_EDGE('',*,*,#8233,.F.);
#8785=ORIENTED_EDGE('',*,*,#429,.F.);
#8786=ORIENTED_EDGE('',*,*,#8720,.F.);
#8787=EDGE_LOOP('',(#8783,#8784,#8785,#8786));
#8788=FACE_BOUND('',#8787,.T.);
#8789=ADVANCED_FACE('',(#8788),#8782,.T.);
#8790=CARTESIAN_POINT('',(-20.41,0.61,-4.76));
#8791=DIRECTION('',(0.,0.,-1.));
#8792=DIRECTION('',(0.,1.,0.));
#8793=AXIS2_PLACEMENT_3D('',#8790,#8791,#8792);
#8794=CYLINDRICAL_SURFACE('',#8793,0.01);
#8795=ORIENTED_EDGE('',*,*,#8322,.F.);
#8796=ORIENTED_EDGE('',*,*,#8703,.F.);
#8797=ORIENTED_EDGE('',*,*,#124,.F.);
#8798=ORIENTED_EDGE('',*,*,#8262,.F.);
#8799=EDGE_LOOP('',(#8795,#8796,#8797,#8798));
#8800=FACE_BOUND('',#8799,.T.);
#8801=ADVANCED_FACE('',(#8800),#8794,.T.);
#8802=CARTESIAN_POINT('',(-21.315,0.1,-4.76));
#8803=DIRECTION('',(0.,-1.,-0.));
#8804=DIRECTION('',(0.,0.,-1.));
#8805=AXIS2_PLACEMENT_3D('',#8802,#8803,#8804);
#8806=PLANE('',#8805);
#8807=ORIENTED_EDGE('',*,*,#198,.F.);
#8808=CARTESIAN_POINT('',(-21.04,0.1,-4.16));
#8809=DIRECTION('',(-0.,0.,-1.));
#8810=VECTOR('',#8809,0.6);
#8811=LINE('',#8808,#8810);
#8812=EDGE_CURVE('',#184,#8371,#8811,.T.);
#8813=ORIENTED_EDGE('',*,*,#8812,.T.);
#8814=ORIENTED_EDGE('',*,*,#8376,.F.);
#8815=CARTESIAN_POINT('',(-21.6,0.1,-4.76));
#8816=DIRECTION('',(0.,-0.,1.));
#8817=VECTOR('',#8816,0.6);
#8818=LINE('',#8815,#8817);
#8819=EDGE_CURVE('',#8363,#193,#8818,.T.);
#8820=ORIENTED_EDGE('',*,*,#8819,.T.);
#8821=EDGE_LOOP('',(#8807,#8813,#8814,#8820));
#8822=FACE_BOUND('',#8821,.T.);
#8823=ADVANCED_FACE('',(#8822),#8806,.F.);
#8824=CARTESIAN_POINT('',(-21.315,1.,-4.76));
#8825=DIRECTION('',(0.,1.,0.));
#8826=DIRECTION('',(0.,-0.,1.));
#8827=AXIS2_PLACEMENT_3D('',#8824,#8825,#8826);
#8828=PLANE('',#8827);
#8829=ORIENTED_EDGE('',*,*,#8359,.F.);
#8830=CARTESIAN_POINT('',(-21.04,1.,-4.76));
#8831=DIRECTION('',(0.,-0.,1.));
#8832=VECTOR('',#8831,0.6);
#8833=LINE('',#8830,#8832);
#8834=EDGE_CURVE('',#8347,#35,#8833,.T.);
#8835=ORIENTED_EDGE('',*,*,#8834,.T.);
#8836=ORIENTED_EDGE('',*,*,#40,.F.);
#8837=ORIENTED_EDGE('',*,*,#2434,.F.);
#8838=EDGE_LOOP('',(#8829,#8835,#8836,#8837));
#8839=FACE_BOUND('',#8838,.T.);
#8840=ADVANCED_FACE('',(#8839),#8828,.F.);
#8841=CARTESIAN_POINT('',(-21.6,0.55,-4.76));
#8842=DIRECTION('',(-1.,0.,0.));
#8843=DIRECTION('',(0.,0.,1.));
#8844=AXIS2_PLACEMENT_3D('',#8841,#8842,#8843);
#8845=PLANE('',#8844);
#8846=ORIENTED_EDGE('',*,*,#8819,.F.);
#8847=ORIENTED_EDGE('',*,*,#8368,.F.);
#8848=ORIENTED_EDGE('',*,*,#2514,.F.);
#8849=ORIENTED_EDGE('',*,*,#206,.F.);
#8850=EDGE_LOOP('',(#8846,#8847,#8848,#8849));
#8851=FACE_BOUND('',#8850,.T.);
#8852=ADVANCED_FACE('',(#8851),#8845,.F.);
#8853=CARTESIAN_POINT('',(-21.03,0.35,-4.76));
#8854=DIRECTION('',(1.,0.,0.));
#8855=DIRECTION('',(0.,0.,-1.));
#8856=AXIS2_PLACEMENT_3D('',#8853,#8854,#8855);
#8857=PLANE('',#8856);
#8858=ORIENTED_EDGE('',*,*,#8340,.F.);
#8859=CARTESIAN_POINT('',(-21.03,0.11,-4.76));
#8860=DIRECTION('',(0.,-0.,1.));
#8861=VECTOR('',#8860,0.6);
#8862=LINE('',#8859,#8861);
#8863=EDGE_CURVE('',#8328,#77,#8862,.T.);
#8864=ORIENTED_EDGE('',*,*,#8863,.T.);
#8865=ORIENTED_EDGE('',*,*,#82,.F.);
#8866=CARTESIAN_POINT('',(-21.03,0.99,-4.16));
#8867=DIRECTION('',(-0.,0.,-1.));
#8868=VECTOR('',#8867,0.6);
#8869=LINE('',#8866,#8868);
#8870=EDGE_CURVE('',#75,#8275,#8869,.T.);
#8871=ORIENTED_EDGE('',*,*,#8870,.T.);
#8872=EDGE_LOOP('',(#8858,#8864,#8865,#8871));
#8873=FACE_BOUND('',#8872,.T.);
#8874=ADVANCED_FACE('',(#8873),#8857,.F.);
#8875=CARTESIAN_POINT('',(-21.02,0.11,-4.76));
#8876=DIRECTION('',(0.,0.,-1.));
#8877=DIRECTION('',(0.,1.,0.));
#8878=AXIS2_PLACEMENT_3D('',#8875,#8876,#8877);
#8879=CYLINDRICAL_SURFACE('',#8878,0.01);
#8880=ORIENTED_EDGE('',*,*,#8334,.F.);
#8881=ORIENTED_EDGE('',*,*,#8154,.F.);
#8882=ORIENTED_EDGE('',*,*,#91,.F.);
#8883=ORIENTED_EDGE('',*,*,#8863,.F.);
#8884=EDGE_LOOP('',(#8880,#8881,#8882,#8883));
#8885=FACE_BOUND('',#8884,.T.);
#8886=ADVANCED_FACE('',(#8885),#8879,.T.);
#8887=CARTESIAN_POINT('',(-21.04,0.09,-4.76));
#8888=DIRECTION('',(0.,0.,-1.));
#8889=DIRECTION('',(0.,1.,0.));
#8890=AXIS2_PLACEMENT_3D('',#8887,#8888,#8889);
#8891=CYLINDRICAL_SURFACE('',#8890,0.01);
#8892=ORIENTED_EDGE('',*,*,#8383,.F.);
#8893=ORIENTED_EDGE('',*,*,#8812,.F.);
#8894=ORIENTED_EDGE('',*,*,#190,.F.);
#8895=ORIENTED_EDGE('',*,*,#8185,.F.);
#8896=EDGE_LOOP('',(#8892,#8893,#8894,#8895));
#8897=FACE_BOUND('',#8896,.T.);
#8898=ADVANCED_FACE('',(#8897),#8891,.T.);
#8899=CARTESIAN_POINT('',(-21.04,1.01,-4.76));
#8900=DIRECTION('',(0.,-0.,1.));
#8901=DIRECTION('',(0.,-1.,-0.));
#8902=AXIS2_PLACEMENT_3D('',#8899,#8900,#8901);
#8903=CYLINDRICAL_SURFACE('',#8902,0.01);
#8904=ORIENTED_EDGE('',*,*,#8353,.F.);
#8905=ORIENTED_EDGE('',*,*,#8771,.F.);
#8906=ORIENTED_EDGE('',*,*,#49,.F.);
#8907=ORIENTED_EDGE('',*,*,#8834,.F.);
#8908=EDGE_LOOP('',(#8904,#8905,#8906,#8907));
#8909=FACE_BOUND('',#8908,.T.);
#8910=ADVANCED_FACE('',(#8909),#8903,.T.);
#8911=CARTESIAN_POINT('',(-21.02,0.99,-4.76));
#8912=DIRECTION('',(0.,0.,-1.));
#8913=DIRECTION('',(0.,1.,0.));
#8914=AXIS2_PLACEMENT_3D('',#8911,#8912,#8913);
#8915=CYLINDRICAL_SURFACE('',#8914,0.01);
#8916=ORIENTED_EDGE('',*,*,#8283,.F.);
#8917=ORIENTED_EDGE('',*,*,#8870,.F.);
#8918=ORIENTED_EDGE('',*,*,#163,.F.);
#8919=ORIENTED_EDGE('',*,*,#8647,.F.);
#8920=EDGE_LOOP('',(#8916,#8917,#8918,#8919));
#8921=FACE_BOUND('',#8920,.T.);
#8922=ADVANCED_FACE('',(#8921),#8915,.T.);
#8923=CARTESIAN_POINT('',(-31.653495723,-4.142157482,-4.16));
#8924=DIRECTION('',(0.,0.,-1.));
#8925=DIRECTION('',(0.,1.,0.));
#8926=AXIS2_PLACEMENT_3D('',#8923,#8924,#8925);
#8927=CYLINDRICAL_SURFACE('',#8926,1.8);
#8928=ORIENTED_EDGE('',*,*,#1278,.T.);
#8929=ORIENTED_EDGE('',*,*,#1222,.F.);
#8930=ORIENTED_EDGE('',*,*,#1184,.T.);
#8931=ORIENTED_EDGE('',*,*,#2572,.T.);
#8932=EDGE_LOOP('',(#8928,#8929,#8930,#8931));
#8933=FACE_BOUND('',#8932,.T.);
#8934=ADVANCED_FACE('',(#8933),#8927,.F.);
#8935=CARTESIAN_POINT('',(-27.272552913,-2.44,-4.125));
#8936=DIRECTION('',(0.,0.,-1.));
#8937=DIRECTION('',(1.,0.,0.));
#8938=AXIS2_PLACEMENT_3D('',#8935,#8936,#8937);
#8939=CYLINDRICAL_SURFACE('',#8938,2.9);
#8940=ORIENTED_EDGE('',*,*,#2395,.T.);
#8941=ORIENTED_EDGE('',*,*,#2778,.F.);
#8942=ORIENTED_EDGE('',*,*,#2787,.F.);
#8943=ORIENTED_EDGE('',*,*,#2854,.T.);
#8944=ORIENTED_EDGE('',*,*,#2558,.F.);
#8945=ORIENTED_EDGE('',*,*,#7416,.T.);
#8946=ORIENTED_EDGE('',*,*,#7335,.F.);
#8947=CARTESIAN_POINT('',(-24.463667571,-1.718776639,-5.31));
#8948=DIRECTION('',(0.,0.,-1.));
#8949=VECTOR('',#8948,0.49);
#8950=LINE('',#8947,#8949);
#8951=EDGE_CURVE('',#7327,#2357,#8950,.T.);
#8952=ORIENTED_EDGE('',*,*,#8951,.T.);
#8953=ORIENTED_EDGE('',*,*,#2363,.F.);
#8954=EDGE_LOOP('',(#8940,#8941,#8942,#8943,#8944,#8945,#8946,#8952,#8953));
#8955=FACE_BOUND('',#8954,.T.);
#8956=ADVANCED_FACE('',(#8955),#8939,.F.);
#8957=CARTESIAN_POINT('',(-23.107653958,-1.370599844,-4.125));
#8958=DIRECTION('',(0.,0.,-1.));
#8959=DIRECTION('',(-1.,0.,0.));
#8960=AXIS2_PLACEMENT_3D('',#8957,#8958,#8959);
#8961=CYLINDRICAL_SURFACE('',#8960,1.4);
#8962=ORIENTED_EDGE('',*,*,#7430,.F.);
#8963=ORIENTED_EDGE('',*,*,#2372,.F.);
#8964=ORIENTED_EDGE('',*,*,#8951,.F.);
#8965=ORIENTED_EDGE('',*,*,#7375,.F.);
#8966=EDGE_LOOP('',(#8962,#8963,#8964,#8965));
#8967=FACE_BOUND('',#8966,.T.);
#8968=ADVANCED_FACE('',(#8967),#8961,.T.);
#8969=CLOSED_SHELL('',(#68,#167,#981,#1012,#1107,#1139,#1202,#1234,#1266,#1300,#1331,#2383,#2413,#2518,#2601,#2619,#2631,#2653,#2670,#2687,#2704,#2721,#2738,#2755,#2791,#2807,
#2820,#2836,#2859,#2890,#2914,#2938,#2955,#2967,#2998,#3022,#3046,#3063,#3075,#3097,#3114,#3131,#3148,#3165,#3182,#3199,#3216,#3228,#3245,#3257,#3288,
#3312,#3336,#3353,#3365,#3396,#3420,#3444,#3461,#3473,#3504,#3528,#3552,#3592,#3610,#3650,#3683,#3728,#3761,#3794,#3844,#3885,#3942,#3983,#4024,#4072,
#4110,#4132,#4146,#4222,#4270,#4294,#4318,#4342,#4440,#4520,#4558,#4576,#4586,#4617,#4641,#4665,#4689,#4713,#4737,#4761,#4785,#4809,#4826,#4844,#4875,
#4899,#4923,#4974,#5007,#5031,#5055,#5079,#5103,#5190,#5221,#5252,#5274,#5291,#5315,#5327,#5367,#5400,#5445,#5478,#5511,#5561,#5602,#5659,#5700,#5741,
#5789,#5827,#5849,#5863,#5927,#5977,#5987,#6051,#6101,#6111,#6151,#6175,#6244,#6289,#6313,#6337,#6361,#6385,#6409,#6433,#6478,#6523,#6558,#6579,#6643,
#6693,#6703,#6734,#6758,#6782,#6806,#6830,#6847,#6861,#6892,#6916,#6940,#6964,#7003,#7048,#7093,#7117,#7183,#7222,#7239,#7258,#7289,#7320,#7379,#7391,
#7403,#7420,#7437,#7468,#7490,#7503,#7516,#7547,#7571,#7595,#7612,#7624,#7655,#7679,#7703,#7720,#7732,#7763,#7788,#7805,#7829,#7853,#7877,#7901,#7925,
#7949,#7973,#7997,#8021,#8045,#8069,#8086,#8110,#8141,#8165,#8196,#8220,#8244,#8268,#8428,#8459,#8483,#8507,#8531,#8555,#8579,#8603,#8620,#8636,#8658,
#8675,#8692,#8709,#8731,#8748,#8760,#8777,#8789,#8801,#8823,#8840,#8852,#8874,#8886,#8898,#8910,#8922,#8934,#8956,#8968));
#8970=MANIFOLD_SOLID_BREP('\X2\75356C6056FA5B9A684667B6\X0\',#8969);
#8971=DRAUGHTING_PRE_DEFINED_COLOUR('white');
#8972=FILL_AREA_STYLE_COLOUR('',#8971);
#8973=FILL_AREA_STYLE('',(#8972));
#8974=SURFACE_STYLE_FILL_AREA(#8973);
#8975=SURFACE_SIDE_STYLE('',(#8974));
#8976=SURFACE_STYLE_USAGE(.BOTH.,#8975);
#8977=PRESENTATION_STYLE_ASSIGNMENT((#8976));
#26=STYLED_ITEM('',(#8977),#8970);
#16=SHAPE_REPRESENTATION('\X2\75356C6056FA5B9A684667B6\X0\',(#15),#10);
#17=ADVANCED_BREP_SHAPE_REPRESENTATION('\X2\75356C6056FA5B9A684667B6\X0\',(#8970),#10);
#8985=SHAPE_REPRESENTATION_RELATIONSHIP('','',#16,#17);
#8986=CARTESIAN_POINT('',(0.,0.,0.));
#8987=DIRECTION('',(0.,0.,1.));
#8988=DIRECTION('',(1.,0.,0.));
#8989=AXIS2_PLACEMENT_3D('',#8986,#8987,#8988);
#8991=MAPPED_ITEM('',#8990,#8989);
#8990=REPRESENTATION_MAP(#8989,#16);
#8992=APPLICATION_CONTEXT('Managed model based 3d engineering');
#8993=APPLICATION_PROTOCOL_DEFINITION('international standard','ap242_managed_model_based_3d_engineering',2014,#8992);
#8994=PRODUCT_CONTEXT('',#8992,'mechanical');
#8995=PRODUCT_DEFINITION_CONTEXT('part definition',#8992,'design');
#24=PRODUCT('\X2\75356C6056FA5B9A684667B6\X0\','\X2\75356C6056FA5B9A684667B6\X0\','',(#8994));
#8996=PRODUCT_RELATED_PRODUCT_CATEGORY('part','',(#24));
#8997=PRODUCT_DEFINITION_FORMATION_WITH_SPECIFIED_SOURCE('','',#24,.NOT_KNOWN.);
#25=PRODUCT_DEFINITION('design','',#8997,#8995);
#23=PRODUCT_DEFINITION_SHAPE('','',#25);
#8998=SHAPE_DEFINITION_REPRESENTATION(#23,#16);
#11=DRAUGHTING_MODEL('',(#8991),#10);
#8999=DESCRIPTIVE_REPRESENTATION_ITEM('KEY','C:\\Users\\Nalani\\AppData\\Local\\Packages\\Shapr3D.Shapr3D_j403pzjkqtqbj\\TempState\\b49978de-5ab8-4869-9fb9-ec6b882e4f97.tmp');
#9000=PROPERTY_DEFINITION('KEY','',#25);
#9001=REPRESENTATION('',(#8999),#10);
#9002=PROPERTY_DEFINITION_REPRESENTATION(#9000,#9001);
#9003=GENERAL_PROPERTY('','KEY','');
#9004=GENERAL_PROPERTY_ASSOCIATION('','',#9003,#9000);
#1=MECHANICAL_DESIGN_GEOMETRIC_PRESENTATION_REPRESENTATION('',(#26),#10);
ENDSEC;
END-ISO-10303-21;
