ISO-10303-21;
HEADER;

/* File generated by Shapr3D Version 26.123.11423.0 */

FILE_DESCRIPTION(('HOOPS Exchange Step'),'2;1');

FILE_NAME('C:\\Users\\Nalani\\AppData\\Local\\Packages\\Shapr3D.Shapr3D_j403pzjkqtqbj\\TempState\\export\\temp_export',
'2026-08-03T16:12:13+08:00',
('Nalani'),
('Shapr3D Limited'),
'HOOPS Exchange 2026.3',
'Shapr3D',
'Authorized');

FILE_SCHEMA( ('AP242_MANAGED_MODEL_BASED_3D_ENGINEERING_MIM_LF {1 0 10303 442 1 1 4}') );

ENDSEC;

DATA;
#3=(NAMED_UNIT(*)PLANE_ANGLE_UNIT()SI_UNIT($,.RADIAN.));
#4=PLANE_ANGLE_MEASURE_WITH_UNIT(PLANE_ANGLE_MEASURE(0.0174532925),#3);
#5=(CONVERSION_BASED_UNIT('DEGREE',#4)NAMED_UNIT(#6)PLANE_ANGLE_UNIT());
#6=DIMENSIONAL_EXPONENTS(0.,0.,0.,0.,0.,0.,0.);
#7=(NAMED_UNIT(*)SI_UNIT($,.STERADIAN.)SOLID_ANGLE_UNIT());
#8=(LENGTH_UNIT()NAMED_UNIT(*)SI_UNIT(.MILLI.,.METRE.));
#9=UNCERTAINTY_MEASURE_WITH_UNIT(LENGTH_MEASURE(1.000000E-05),#8,'DISTANCE_ACCURACY_VALUE','Maximum Tolerance applied to model');
#10=(GEOMETRIC_REPRESENTATION_CONTEXT(3)GLOBAL_UNCERTAINTY_ASSIGNED_CONTEXT((#9))GLOBAL_UNIT_ASSIGNED_CONTEXT((#8,#5,#7))REPRESENTATION_CONTEXT('','\X2\8F6C63A5677F\X0\ m1.6 CNC'));
#12=CARTESIAN_POINT('',(0.,0.,0.));
#13=DIRECTION('',(0.,0.,1.));
#14=DIRECTION('',(1.,0.,0.));
#15=AXIS2_PLACEMENT_3D('',#12,#13,#14);
#27=CARTESIAN_POINT('',(210.068871277,-280.788414497,-0.174699461));
#28=DIRECTION('',(0.,0.,1.));
#29=DIRECTION('',(-1.,0.,0.));
#30=AXIS2_PLACEMENT_3D('',#27,#28,#29);
#31=PLANE('',#30);
#32=CARTESIAN_POINT('',(-2.912820943,5.303560502,-0.174699461));
#33=VERTEX_POINT('',#32);
#34=CARTESIAN_POINT('',(-5.397424504,5.303560502,-0.174699461));
#35=VERTEX_POINT('',#34);
#36=CARTESIAN_POINT('',(-2.912820943,5.303560502,-0.174699461));
#37=DIRECTION('',(-1.,0.,0.));
#38=VECTOR('',#37,2.484603561);
#39=LINE('',#36,#38);
#40=EDGE_CURVE('',#33,#35,#39,.T.);
#41=ORIENTED_EDGE('',*,*,#40,.T.);
#42=CARTESIAN_POINT('',(-7.449440055,6.01913945,-0.174699461));
#43=VERTEX_POINT('',#42);
#44=CARTESIAN_POINT('',(-5.397424504,8.603560502,-0.174699461));
#45=DIRECTION('',(-0.,-0.,-1.));
#46=DIRECTION('',(1.,0.,-0.));
#47=AXIS2_PLACEMENT_3D('',#44,#45,#46);
#48=CIRCLE('',#47,3.299999999);
#49=EDGE_CURVE('',#35,#43,#48,.T.);
#50=ORIENTED_EDGE('',*,*,#49,.T.);
#51=CARTESIAN_POINT('',(-9.410085585,5.87402204,-0.174699461));
#52=VERTEX_POINT('',#51);
#53=CARTESIAN_POINT('',(-8.351083252,4.883560502,-0.174699461));
#54=DIRECTION('',(-0.,-0.,1.));
#55=DIRECTION('',(-1.,0.,0.));
#56=AXIS2_PLACEMENT_3D('',#53,#54,#55);
#57=CIRCLE('',#56,1.45);
#58=EDGE_CURVE('',#43,#52,#57,.T.);
#59=ORIENTED_EDGE('',*,*,#58,.T.);
#60=CARTESIAN_POINT('',(-10.72470917,5.303560502,-0.174699461));
#61=VERTEX_POINT('',#60);
#62=CARTESIAN_POINT('',(-10.72470917,7.103560502,-0.174699461));
#63=DIRECTION('',(-0.,-0.,-1.));
#64=DIRECTION('',(1.,0.,-0.));
#65=AXIS2_PLACEMENT_3D('',#62,#63,#64);
#66=CIRCLE('',#65,1.799999999);
#67=EDGE_CURVE('',#52,#61,#66,.T.);
#68=ORIENTED_EDGE('',*,*,#67,.T.);
#69=CARTESIAN_POINT('',(-10.826819183,5.303560502,-0.174699461));
#70=VERTEX_POINT('',#69);
#71=CARTESIAN_POINT('',(-10.72470917,5.303560502,-0.174699461));
#72=DIRECTION('',(-1.,0.,0.));
#73=VECTOR('',#72,0.102110013);
#74=LINE('',#71,#73);
#75=EDGE_CURVE('',#61,#70,#74,.T.);
#76=ORIENTED_EDGE('',*,*,#75,.T.);
#77=CARTESIAN_POINT('',(-11.651083252,4.479296433,-0.17469946));
#78=VERTEX_POINT('',#77);
#79=CARTESIAN_POINT('',(-10.826819183,5.303560502,-0.174699461));
#80=DIRECTION('',(-0.707106781,-0.707106781,0.));
#81=VECTOR('',#80,1.165685425);
#82=LINE('',#79,#81);
#83=EDGE_CURVE('',#70,#78,#82,.T.);
#84=ORIENTED_EDGE('',*,*,#83,.T.);
#85=CARTESIAN_POINT('',(-11.651083252,-4.472175429,-0.174699461));
#86=VERTEX_POINT('',#85);
#87=CARTESIAN_POINT('',(-11.651083252,4.479296433,-0.174699461));
#88=DIRECTION('',(0.,-1.,0.));
#89=VECTOR('',#88,8.951471863);
#90=LINE('',#87,#89);
#91=EDGE_CURVE('',#78,#86,#90,.T.);
#92=ORIENTED_EDGE('',*,*,#91,.T.);
#93=CARTESIAN_POINT('',(-10.826819183,-5.296439498,-0.17469946));
#94=VERTEX_POINT('',#93);
#95=CARTESIAN_POINT('',(-11.651083252,-4.472175429,-0.174699461));
#96=DIRECTION('',(0.707106781,-0.707106781,0.));
#97=VECTOR('',#96,1.165685425);
#98=LINE('',#95,#97);
#99=EDGE_CURVE('',#86,#94,#98,.T.);
#100=ORIENTED_EDGE('',*,*,#99,.T.);
#101=CARTESIAN_POINT('',(-10.72470917,-5.296439498,-0.174699461));
#102=VERTEX_POINT('',#101);
#103=CARTESIAN_POINT('',(-10.826819183,-5.296439498,-0.174699461));
#104=DIRECTION('',(1.,-0.,-0.));
#105=VECTOR('',#104,0.102110013);
#106=LINE('',#103,#105);
#107=EDGE_CURVE('',#94,#102,#106,.T.);
#108=ORIENTED_EDGE('',*,*,#107,.T.);
#109=CARTESIAN_POINT('',(-9.410085585,-5.866901036,-0.174699461));
#110=VERTEX_POINT('',#109);
#111=CARTESIAN_POINT('',(-10.72470917,-7.096439498,-0.174699461));
#112=DIRECTION('',(-0.,-0.,-1.));
#113=DIRECTION('',(1.,0.,-0.));
#114=AXIS2_PLACEMENT_3D('',#111,#112,#113);
#115=CIRCLE('',#114,1.799999999);
#116=EDGE_CURVE('',#102,#110,#115,.T.);
#117=ORIENTED_EDGE('',*,*,#116,.T.);
#118=CARTESIAN_POINT('',(-7.449440055,-6.012018445,-0.174699461));
#119=VERTEX_POINT('',#118);
#120=CARTESIAN_POINT('',(-8.351083252,-4.876439498,-0.174699461));
#121=DIRECTION('',(-0.,-0.,1.));
#122=DIRECTION('',(-1.,0.,0.));
#123=AXIS2_PLACEMENT_3D('',#120,#121,#122);
#124=CIRCLE('',#123,1.45);
#125=EDGE_CURVE('',#110,#119,#124,.T.);
#126=ORIENTED_EDGE('',*,*,#125,.T.);
#127=CARTESIAN_POINT('',(-5.397424504,-5.296439498,-0.174699461));
#128=VERTEX_POINT('',#127);
#129=CARTESIAN_POINT('',(-5.397424504,-8.596439498,-0.174699461));
#130=DIRECTION('',(-0.,-0.,-1.));
#131=DIRECTION('',(1.,0.,-0.));
#132=AXIS2_PLACEMENT_3D('',#129,#130,#131);
#133=CIRCLE('',#132,3.299999999);
#134=EDGE_CURVE('',#119,#128,#133,.T.);
#135=ORIENTED_EDGE('',*,*,#134,.T.);
#136=CARTESIAN_POINT('',(-2.912820943,-5.296439498,-0.174699461));
#137=VERTEX_POINT('',#136);
#138=CARTESIAN_POINT('',(-5.397424504,-5.296439498,-0.174699461));
#139=DIRECTION('',(1.,-0.,-0.));
#140=VECTOR('',#139,2.484603561);
#141=LINE('',#138,#140);
#142=EDGE_CURVE('',#128,#137,#141,.T.);
#143=ORIENTED_EDGE('',*,*,#142,.T.);
#144=CARTESIAN_POINT('',(-1.133087389,-5.81749213,-0.174699461));
#145=VERTEX_POINT('',#144);
#146=CARTESIAN_POINT('',(-2.912820943,-8.596439498,-0.174699461));
#147=DIRECTION('',(-0.,-0.,-1.));
#148=DIRECTION('',(1.,0.,-0.));
#149=AXIS2_PLACEMENT_3D('',#146,#147,#148);
#150=CIRCLE('',#149,3.299999999);
#151=EDGE_CURVE('',#137,#145,#150,.T.);
#152=ORIENTED_EDGE('',*,*,#151,.T.);
#153=CARTESIAN_POINT('',(0.430920885,-5.81749213,-0.174699461));
#154=VERTEX_POINT('',#153);
#155=CARTESIAN_POINT('',(-0.351083252,-4.596439498,-0.174699461));
#156=DIRECTION('',(-0.,-0.,1.));
#157=DIRECTION('',(-1.,0.,0.));
#158=AXIS2_PLACEMENT_3D('',#155,#156,#157);
#159=CIRCLE('',#158,1.45);
#160=EDGE_CURVE('',#145,#154,#159,.T.);
#161=ORIENTED_EDGE('',*,*,#160,.T.);
#162=CARTESIAN_POINT('',(2.210654439,-5.296439498,-0.174699461));
#163=VERTEX_POINT('',#162);
#164=CARTESIAN_POINT('',(2.210654439,-8.596439498,-0.174699461));
#165=DIRECTION('',(-0.,-0.,-1.));
#166=DIRECTION('',(1.,0.,-0.));
#167=AXIS2_PLACEMENT_3D('',#164,#165,#166);
#168=CIRCLE('',#167,3.299999999);
#169=EDGE_CURVE('',#154,#163,#168,.T.);
#170=ORIENTED_EDGE('',*,*,#169,.T.);
#171=CARTESIAN_POINT('',(5.195258,-5.296439498,-0.174699461));
#172=VERTEX_POINT('',#171);
#173=CARTESIAN_POINT('',(2.210654439,-5.296439498,-0.174699461));
#174=DIRECTION('',(1.,-0.,-0.));
#175=VECTOR('',#174,2.984603561);
#176=LINE('',#173,#175);
#177=EDGE_CURVE('',#163,#172,#176,.T.);
#178=ORIENTED_EDGE('',*,*,#177,.T.);
#179=CARTESIAN_POINT('',(7.247273551,-6.012018445,-0.174699461));
#180=VERTEX_POINT('',#179);
#181=CARTESIAN_POINT('',(5.195258,-8.596439498,-0.174699461));
#182=DIRECTION('',(-0.,-0.,-1.));
#183=DIRECTION('',(1.,0.,-0.));
#184=AXIS2_PLACEMENT_3D('',#181,#182,#183);
#185=CIRCLE('',#184,3.299999999);
#186=EDGE_CURVE('',#172,#180,#185,.T.);
#187=ORIENTED_EDGE('',*,*,#186,.T.);
#188=CARTESIAN_POINT('',(9.207919081,-5.866901036,-0.174699461));
#189=VERTEX_POINT('',#188);
#190=CARTESIAN_POINT('',(8.148916748,-4.876439498,-0.174699461));
#191=DIRECTION('',(-0.,-0.,1.));
#192=DIRECTION('',(-1.,0.,0.));
#193=AXIS2_PLACEMENT_3D('',#190,#191,#192);
#194=CIRCLE('',#193,1.45);
#195=EDGE_CURVE('',#180,#189,#194,.T.);
#196=ORIENTED_EDGE('',*,*,#195,.T.);
#197=CARTESIAN_POINT('',(10.522542666,-5.296439498,-0.174699461));
#198=VERTEX_POINT('',#197);
#199=CARTESIAN_POINT('',(10.522542666,-7.096439498,-0.174699461));
#200=DIRECTION('',(-0.,-0.,-1.));
#201=DIRECTION('',(1.,0.,-0.));
#202=AXIS2_PLACEMENT_3D('',#199,#200,#201);
#203=CIRCLE('',#202,1.799999999);
#204=EDGE_CURVE('',#189,#198,#203,.T.);
#205=ORIENTED_EDGE('',*,*,#204,.T.);
#206=CARTESIAN_POINT('',(10.724652679,-5.296439498,-0.174699461));
#207=VERTEX_POINT('',#206);
#208=CARTESIAN_POINT('',(10.522542666,-5.296439498,-0.174699461));
#209=DIRECTION('',(1.,-0.,-0.));
#210=VECTOR('',#209,0.202110013);
#211=LINE('',#208,#210);
#212=EDGE_CURVE('',#198,#207,#211,.T.);
#213=ORIENTED_EDGE('',*,*,#212,.T.);
#214=CARTESIAN_POINT('',(11.548916748,-4.472175429,-0.174699461));
#215=VERTEX_POINT('',#214);
#216=CARTESIAN_POINT('',(10.724652679,-5.296439498,-0.174699461));
#217=DIRECTION('',(0.707106781,0.707106781,0.));
#218=VECTOR('',#217,1.165685425);
#219=LINE('',#216,#218);
#220=EDGE_CURVE('',#207,#215,#219,.T.);
#221=ORIENTED_EDGE('',*,*,#220,.T.);
#222=CARTESIAN_POINT('',(11.548916748,4.479296433,-0.174699461));
#223=VERTEX_POINT('',#222);
#224=CARTESIAN_POINT('',(11.548916748,-4.472175429,-0.174699461));
#225=DIRECTION('',(-0.,1.,-0.));
#226=VECTOR('',#225,8.951471862);
#227=LINE('',#224,#226);
#228=EDGE_CURVE('',#215,#223,#227,.T.);
#229=ORIENTED_EDGE('',*,*,#228,.T.);
#230=CARTESIAN_POINT('',(10.724652679,5.303560502,-0.174699461));
#231=VERTEX_POINT('',#230);
#232=CARTESIAN_POINT('',(11.548916748,4.479296433,-0.174699461));
#233=DIRECTION('',(-0.707106781,0.707106781,0.));
#234=VECTOR('',#233,1.165685425);
#235=LINE('',#232,#234);
#236=EDGE_CURVE('',#223,#231,#235,.T.);
#237=ORIENTED_EDGE('',*,*,#236,.T.);
#238=CARTESIAN_POINT('',(10.522542666,5.303560502,-0.174699461));
#239=VERTEX_POINT('',#238);
#240=CARTESIAN_POINT('',(10.724652679,5.303560502,-0.174699461));
#241=DIRECTION('',(-1.,0.,0.));
#242=VECTOR('',#241,0.202110013);
#243=LINE('',#240,#242);
#244=EDGE_CURVE('',#231,#239,#243,.T.);
#245=ORIENTED_EDGE('',*,*,#244,.T.);
#246=CARTESIAN_POINT('',(9.207919081,5.87402204,-0.174699461));
#247=VERTEX_POINT('',#246);
#248=CARTESIAN_POINT('',(10.522542666,7.103560502,-0.174699461));
#249=DIRECTION('',(-0.,-0.,-1.));
#250=DIRECTION('',(1.,0.,-0.));
#251=AXIS2_PLACEMENT_3D('',#248,#249,#250);
#252=CIRCLE('',#251,1.799999999);
#253=EDGE_CURVE('',#239,#247,#252,.T.);
#254=ORIENTED_EDGE('',*,*,#253,.T.);
#255=CARTESIAN_POINT('',(7.247273551,6.019139449,-0.174699461));
#256=VERTEX_POINT('',#255);
#257=CARTESIAN_POINT('',(8.148916748,4.883560502,-0.174699461));
#258=DIRECTION('',(-0.,-0.,1.));
#259=DIRECTION('',(-1.,0.,0.));
#260=AXIS2_PLACEMENT_3D('',#257,#258,#259);
#261=CIRCLE('',#260,1.45);
#262=EDGE_CURVE('',#247,#256,#261,.T.);
#263=ORIENTED_EDGE('',*,*,#262,.T.);
#264=CARTESIAN_POINT('',(5.195258,5.303560502,-0.174699461));
#265=VERTEX_POINT('',#264);
#266=CARTESIAN_POINT('',(5.195258,8.603560502,-0.174699461));
#267=DIRECTION('',(-0.,-0.,-1.));
#268=DIRECTION('',(1.,0.,-0.));
#269=AXIS2_PLACEMENT_3D('',#266,#267,#268);
#270=CIRCLE('',#269,3.299999999);
#271=EDGE_CURVE('',#256,#265,#270,.T.);
#272=ORIENTED_EDGE('',*,*,#271,.T.);
#273=CARTESIAN_POINT('',(2.210654439,5.303560502,-0.174699461));
#274=VERTEX_POINT('',#273);
#275=CARTESIAN_POINT('',(5.195258,5.303560502,-0.174699461));
#276=DIRECTION('',(-1.,0.,0.));
#277=VECTOR('',#276,2.984603561);
#278=LINE('',#275,#277);
#279=EDGE_CURVE('',#265,#274,#278,.T.);
#280=ORIENTED_EDGE('',*,*,#279,.T.);
#281=CARTESIAN_POINT('',(0.430920885,5.824613134,-0.174699461));
#282=VERTEX_POINT('',#281);
#283=CARTESIAN_POINT('',(2.210654439,8.603560502,-0.174699461));
#284=DIRECTION('',(-0.,-0.,-1.));
#285=DIRECTION('',(1.,0.,-0.));
#286=AXIS2_PLACEMENT_3D('',#283,#284,#285);
#287=CIRCLE('',#286,3.299999999);
#288=EDGE_CURVE('',#274,#282,#287,.T.);
#289=ORIENTED_EDGE('',*,*,#288,.T.);
#290=CARTESIAN_POINT('',(-1.133087389,5.824613134,-0.174699461));
#291=VERTEX_POINT('',#290);
#292=CARTESIAN_POINT('',(-0.351083252,4.603560502,-0.174699461));
#293=DIRECTION('',(-0.,-0.,1.));
#294=DIRECTION('',(-1.,0.,0.));
#295=AXIS2_PLACEMENT_3D('',#292,#293,#294);
#296=CIRCLE('',#295,1.45);
#297=EDGE_CURVE('',#282,#291,#296,.T.);
#298=ORIENTED_EDGE('',*,*,#297,.T.);
#299=CARTESIAN_POINT('',(-2.912820943,8.603560502,-0.174699461));
#300=DIRECTION('',(-0.,-0.,-1.));
#301=DIRECTION('',(1.,0.,-0.));
#302=AXIS2_PLACEMENT_3D('',#299,#300,#301);
#303=CIRCLE('',#302,3.299999999);
#304=EDGE_CURVE('',#291,#33,#303,.T.);
#305=ORIENTED_EDGE('',*,*,#304,.T.);
#306=EDGE_LOOP('',(#41,#50,#59,#68,#76,#84,#92,#100,#108,#117,#126,#135,#143,#152,#161,#170,#178,#187,#196,#205,#213,#221,#229,#237,#245,#254,
#263,#272,#280,#289,#298,#305));
#307=FACE_BOUND('',#306,.T.);
#308=CARTESIAN_POINT('',(-0.976083252,-4.596439498,-0.174699461));
#309=VERTEX_POINT('',#308);
#310=CARTESIAN_POINT('',(0.273916748,-4.596439498,-0.174699461));
#311=VERTEX_POINT('',#310);
#312=CARTESIAN_POINT('',(-0.351083252,-4.596439498,-0.174699461));
#313=DIRECTION('',(0.,0.,-1.));
#314=DIRECTION('',(-1.,0.,0.));
#315=AXIS2_PLACEMENT_3D('',#312,#313,#314);
#316=CIRCLE('',#315,0.625);
#317=EDGE_CURVE('',#309,#311,#316,.T.);
#318=ORIENTED_EDGE('',*,*,#317,.T.);
#319=CARTESIAN_POINT('',(-0.351083252,-4.596439498,-0.174699461));
#320=DIRECTION('',(0.,0.,-1.));
#321=DIRECTION('',(-1.,0.,0.));
#322=AXIS2_PLACEMENT_3D('',#319,#320,#321);
#323=CIRCLE('',#322,0.625);
#324=EDGE_CURVE('',#311,#309,#323,.T.);
#325=ORIENTED_EDGE('',*,*,#324,.T.);
#326=EDGE_LOOP('',(#318,#325));
#327=FACE_BOUND('',#326,.T.);
#328=CARTESIAN_POINT('',(1.248916748,-2.971439498,-0.174699461));
#329=VERTEX_POINT('',#328);
#330=CARTESIAN_POINT('',(4.048916748,-2.971439498,-0.174699461));
#331=VERTEX_POINT('',#330);
#332=CARTESIAN_POINT('',(2.648916748,-2.971439498,-0.174699461));
#333=DIRECTION('',(0.,0.,1.));
#334=DIRECTION('',(1.,0.,-0.));
#335=AXIS2_PLACEMENT_3D('',#332,#333,#334);
#336=CIRCLE('',#335,1.4);
#337=EDGE_CURVE('',#329,#331,#336,.T.);
#338=ORIENTED_EDGE('',*,*,#337,.F.);
#339=CARTESIAN_POINT('',(2.648916748,-2.971439498,-0.174699461));
#340=DIRECTION('',(0.,0.,1.));
#341=DIRECTION('',(1.,0.,-0.));
#342=AXIS2_PLACEMENT_3D('',#339,#340,#341);
#343=CIRCLE('',#342,1.4);
#344=EDGE_CURVE('',#331,#329,#343,.T.);
#345=ORIENTED_EDGE('',*,*,#344,.F.);
#346=EDGE_LOOP('',(#338,#345));
#347=FACE_BOUND('',#346,.T.);
#348=CARTESIAN_POINT('',(8.773916748,-4.876439498,-0.174699461));
#349=VERTEX_POINT('',#348);
#350=CARTESIAN_POINT('',(7.523916748,-4.876439498,-0.174699461));
#351=VERTEX_POINT('',#350);
#352=CARTESIAN_POINT('',(8.148916748,-4.876439498,-0.174699461));
#353=DIRECTION('',(-0.,-0.,-1.));
#354=DIRECTION('',(1.,0.,-0.));
#355=AXIS2_PLACEMENT_3D('',#352,#353,#354);
#356=CIRCLE('',#355,0.625);
#357=EDGE_CURVE('',#349,#351,#356,.T.);
#358=ORIENTED_EDGE('',*,*,#357,.T.);
#359=CARTESIAN_POINT('',(8.148916748,-4.876439498,-0.174699461));
#360=DIRECTION('',(-0.,-0.,-1.));
#361=DIRECTION('',(1.,0.,-0.));
#362=AXIS2_PLACEMENT_3D('',#359,#360,#361);
#363=CIRCLE('',#362,0.625);
#364=EDGE_CURVE('',#351,#349,#363,.T.);
#365=ORIENTED_EDGE('',*,*,#364,.T.);
#366=EDGE_LOOP('',(#358,#365));
#367=FACE_BOUND('',#366,.T.);
#368=CARTESIAN_POINT('',(-3.476083252,-3.396439498,-0.174699461));
#369=VERTEX_POINT('',#368);
#370=CARTESIAN_POINT('',(-2.226083252,-3.396439498,-0.174699461));
#371=VERTEX_POINT('',#370);
#372=CARTESIAN_POINT('',(-2.851083252,-3.396439498,-0.174699461));
#373=DIRECTION('',(0.,0.,1.));
#374=DIRECTION('',(1.,0.,-0.));
#375=AXIS2_PLACEMENT_3D('',#372,#373,#374);
#376=CIRCLE('',#375,0.625);
#377=EDGE_CURVE('',#369,#371,#376,.T.);
#378=ORIENTED_EDGE('',*,*,#377,.F.);
#379=CARTESIAN_POINT('',(-2.851083252,-3.396439498,-0.174699461));
#380=DIRECTION('',(0.,0.,1.));
#381=DIRECTION('',(1.,0.,-0.));
#382=AXIS2_PLACEMENT_3D('',#379,#380,#381);
#383=CIRCLE('',#382,0.625);
#384=EDGE_CURVE('',#371,#369,#383,.T.);
#385=ORIENTED_EDGE('',*,*,#384,.F.);
#386=EDGE_LOOP('',(#378,#385));
#387=FACE_BOUND('',#386,.T.);
#388=CARTESIAN_POINT('',(-4.576083252,-3.396439498,-0.174699461));
#389=VERTEX_POINT('',#388);
#390=CARTESIAN_POINT('',(-5.826083252,-3.396439498,-0.174699461));
#391=VERTEX_POINT('',#390);
#392=CARTESIAN_POINT('',(-5.201083252,-3.396439498,-0.174699461));
#393=DIRECTION('',(-0.,-0.,-1.));
#394=DIRECTION('',(1.,0.,-0.));
#395=AXIS2_PLACEMENT_3D('',#392,#393,#394);
#396=CIRCLE('',#395,0.625);
#397=EDGE_CURVE('',#389,#391,#396,.T.);
#398=ORIENTED_EDGE('',*,*,#397,.T.);
#399=CARTESIAN_POINT('',(-5.201083252,-3.396439498,-0.174699461));
#400=DIRECTION('',(-0.,-0.,-1.));
#401=DIRECTION('',(1.,0.,-0.));
#402=AXIS2_PLACEMENT_3D('',#399,#400,#401);
#403=CIRCLE('',#402,0.625);
#404=EDGE_CURVE('',#391,#389,#403,.T.);
#405=ORIENTED_EDGE('',*,*,#404,.T.);
#406=EDGE_LOOP('',(#398,#405));
#407=FACE_BOUND('',#406,.T.);
#408=CARTESIAN_POINT('',(-7.726083252,-4.876439498,-0.174699461));
#409=VERTEX_POINT('',#408);
#410=CARTESIAN_POINT('',(-8.976083252,-4.876439498,-0.174699461));
#411=VERTEX_POINT('',#410);
#412=CARTESIAN_POINT('',(-8.351083252,-4.876439498,-0.174699461));
#413=DIRECTION('',(-0.,-0.,-1.));
#414=DIRECTION('',(1.,0.,-0.));
#415=AXIS2_PLACEMENT_3D('',#412,#413,#414);
#416=CIRCLE('',#415,0.625);
#417=EDGE_CURVE('',#409,#411,#416,.T.);
#418=ORIENTED_EDGE('',*,*,#417,.T.);
#419=CARTESIAN_POINT('',(-8.351083252,-4.876439498,-0.174699461));
#420=DIRECTION('',(-0.,-0.,-1.));
#421=DIRECTION('',(1.,0.,-0.));
#422=AXIS2_PLACEMENT_3D('',#419,#420,#421);
#423=CIRCLE('',#422,0.625);
#424=EDGE_CURVE('',#411,#409,#423,.T.);
#425=ORIENTED_EDGE('',*,*,#424,.T.);
#426=EDGE_LOOP('',(#418,#425));
#427=FACE_BOUND('',#426,.T.);
#428=CARTESIAN_POINT('',(0.273916748,4.603560502,-0.174699461));
#429=VERTEX_POINT('',#428);
#430=CARTESIAN_POINT('',(-0.976083252,4.603560502,-0.174699461));
#431=VERTEX_POINT('',#430);
#432=CARTESIAN_POINT('',(-0.351083252,4.603560502,-0.174699461));
#433=DIRECTION('',(-0.,-0.,1.));
#434=DIRECTION('',(-1.,0.,0.));
#435=AXIS2_PLACEMENT_3D('',#432,#433,#434);
#436=CIRCLE('',#435,0.625);
#437=EDGE_CURVE('',#429,#431,#436,.T.);
#438=ORIENTED_EDGE('',*,*,#437,.F.);
#439=CARTESIAN_POINT('',(-0.351083252,4.603560502,-0.174699461));
#440=DIRECTION('',(-0.,-0.,1.));
#441=DIRECTION('',(-1.,0.,0.));
#442=AXIS2_PLACEMENT_3D('',#439,#440,#441);
#443=CIRCLE('',#442,0.625);
#444=EDGE_CURVE('',#431,#429,#443,.T.);
#445=ORIENTED_EDGE('',*,*,#444,.F.);
#446=EDGE_LOOP('',(#438,#445));
#447=FACE_BOUND('',#446,.T.);
#448=CARTESIAN_POINT('',(4.048916748,2.978560502,-0.174699461));
#449=VERTEX_POINT('',#448);
#450=CARTESIAN_POINT('',(1.248916748,2.978560502,-0.174699461));
#451=VERTEX_POINT('',#450);
#452=CARTESIAN_POINT('',(2.648916748,2.978560502,-0.174699461));
#453=DIRECTION('',(-0.,-0.,-1.));
#454=DIRECTION('',(1.,0.,-0.));
#455=AXIS2_PLACEMENT_3D('',#452,#453,#454);
#456=CIRCLE('',#455,1.4);
#457=EDGE_CURVE('',#449,#451,#456,.T.);
#458=ORIENTED_EDGE('',*,*,#457,.T.);
#459=CARTESIAN_POINT('',(2.648916748,2.978560502,-0.174699461));
#460=DIRECTION('',(-0.,-0.,-1.));
#461=DIRECTION('',(1.,0.,-0.));
#462=AXIS2_PLACEMENT_3D('',#459,#460,#461);
#463=CIRCLE('',#462,1.4);
#464=EDGE_CURVE('',#451,#449,#463,.T.);
#465=ORIENTED_EDGE('',*,*,#464,.T.);
#466=EDGE_LOOP('',(#458,#465));
#467=FACE_BOUND('',#466,.T.);
#468=CARTESIAN_POINT('',(7.523916748,4.883560502,-0.174699461));
#469=VERTEX_POINT('',#468);
#470=CARTESIAN_POINT('',(8.773916748,4.883560502,-0.174699461));
#471=VERTEX_POINT('',#470);
#472=CARTESIAN_POINT('',(8.148916748,4.883560502,-0.174699461));
#473=DIRECTION('',(0.,0.,1.));
#474=DIRECTION('',(1.,0.,-0.));
#475=AXIS2_PLACEMENT_3D('',#472,#473,#474);
#476=CIRCLE('',#475,0.625);
#477=EDGE_CURVE('',#469,#471,#476,.T.);
#478=ORIENTED_EDGE('',*,*,#477,.F.);
#479=CARTESIAN_POINT('',(8.148916748,4.883560502,-0.174699461));
#480=DIRECTION('',(0.,0.,1.));
#481=DIRECTION('',(1.,0.,-0.));
#482=AXIS2_PLACEMENT_3D('',#479,#480,#481);
#483=CIRCLE('',#482,0.625);
#484=EDGE_CURVE('',#471,#469,#483,.T.);
#485=ORIENTED_EDGE('',*,*,#484,.F.);
#486=EDGE_LOOP('',(#478,#485));
#487=FACE_BOUND('',#486,.T.);
#488=CARTESIAN_POINT('',(-2.226083252,3.403560502,-0.174699461));
#489=VERTEX_POINT('',#488);
#490=CARTESIAN_POINT('',(-3.476083252,3.403560502,-0.174699461));
#491=VERTEX_POINT('',#490);
#492=CARTESIAN_POINT('',(-2.851083252,3.403560502,-0.174699461));
#493=DIRECTION('',(-0.,-0.,-1.));
#494=DIRECTION('',(1.,0.,-0.));
#495=AXIS2_PLACEMENT_3D('',#492,#493,#494);
#496=CIRCLE('',#495,0.625);
#497=EDGE_CURVE('',#489,#491,#496,.T.);
#498=ORIENTED_EDGE('',*,*,#497,.T.);
#499=CARTESIAN_POINT('',(-2.851083252,3.403560502,-0.174699461));
#500=DIRECTION('',(-0.,-0.,-1.));
#501=DIRECTION('',(1.,0.,-0.));
#502=AXIS2_PLACEMENT_3D('',#499,#500,#501);
#503=CIRCLE('',#502,0.625);
#504=EDGE_CURVE('',#491,#489,#503,.T.);
#505=ORIENTED_EDGE('',*,*,#504,.T.);
#506=EDGE_LOOP('',(#498,#505));
#507=FACE_BOUND('',#506,.T.);
#508=CARTESIAN_POINT('',(-5.826083252,3.403560502,-0.174699461));
#509=VERTEX_POINT('',#508);
#510=CARTESIAN_POINT('',(-4.576083252,3.403560502,-0.174699461));
#511=VERTEX_POINT('',#510);
#512=CARTESIAN_POINT('',(-5.201083252,3.403560502,-0.174699461));
#513=DIRECTION('',(0.,0.,1.));
#514=DIRECTION('',(1.,0.,-0.));
#515=AXIS2_PLACEMENT_3D('',#512,#513,#514);
#516=CIRCLE('',#515,0.625);
#517=EDGE_CURVE('',#509,#511,#516,.T.);
#518=ORIENTED_EDGE('',*,*,#517,.F.);
#519=CARTESIAN_POINT('',(-5.201083252,3.403560502,-0.174699461));
#520=DIRECTION('',(0.,0.,1.));
#521=DIRECTION('',(1.,0.,-0.));
#522=AXIS2_PLACEMENT_3D('',#519,#520,#521);
#523=CIRCLE('',#522,0.625);
#524=EDGE_CURVE('',#511,#509,#523,.T.);
#525=ORIENTED_EDGE('',*,*,#524,.F.);
#526=EDGE_LOOP('',(#518,#525));
#527=FACE_BOUND('',#526,.T.);
#528=CARTESIAN_POINT('',(-8.976083252,4.883560502,-0.174699461));
#529=VERTEX_POINT('',#528);
#530=CARTESIAN_POINT('',(-7.726083252,4.883560502,-0.174699461));
#531=VERTEX_POINT('',#530);
#532=CARTESIAN_POINT('',(-8.351083252,4.883560502,-0.174699461));
#533=DIRECTION('',(0.,0.,1.));
#534=DIRECTION('',(1.,0.,-0.));
#535=AXIS2_PLACEMENT_3D('',#532,#533,#534);
#536=CIRCLE('',#535,0.625);
#537=EDGE_CURVE('',#529,#531,#536,.T.);
#538=ORIENTED_EDGE('',*,*,#537,.F.);
#539=CARTESIAN_POINT('',(-8.351083252,4.883560502,-0.174699461));
#540=DIRECTION('',(0.,0.,1.));
#541=DIRECTION('',(1.,0.,-0.));
#542=AXIS2_PLACEMENT_3D('',#539,#540,#541);
#543=CIRCLE('',#542,0.625);
#544=EDGE_CURVE('',#531,#529,#543,.T.);
#545=ORIENTED_EDGE('',*,*,#544,.F.);
#546=EDGE_LOOP('',(#538,#545));
#547=FACE_BOUND('',#546,.T.);
#548=ADVANCED_FACE('',(#307,#327,#347,#367,#387,#407,#427,#447,#467,#487,#507,#527,#547),#31,.T.);
#549=CARTESIAN_POINT('',(210.068871277,-280.788414497,-2.474699461));
#550=DIRECTION('',(0.,0.,-1.));
#551=DIRECTION('',(1.,0.,0.));
#552=AXIS2_PLACEMENT_3D('',#549,#550,#551);
#553=PLANE('',#552);
#554=CARTESIAN_POINT('',(8.733916748,-5.096439498,-2.474699461));
#555=VERTEX_POINT('',#554);
#556=CARTESIAN_POINT('',(10.924652679,-5.096439498,-2.474699461));
#557=VERTEX_POINT('',#556);
#558=CARTESIAN_POINT('',(8.733916748,-5.096439498,-2.474699461));
#559=DIRECTION('',(1.,0.,-0.));
#560=VECTOR('',#559,2.190735931);
#561=LINE('',#558,#560);
#562=EDGE_CURVE('',#555,#557,#561,.T.);
#563=ORIENTED_EDGE('',*,*,#562,.T.);
#564=CARTESIAN_POINT('',(10.724652679,-5.296439498,-2.474699462));
#565=VERTEX_POINT('',#564);
#566=CARTESIAN_POINT('',(10.924652679,-5.096439498,-2.474699461));
#567=DIRECTION('',(-0.707106781,-0.707106781,0.));
#568=VECTOR('',#567,0.282842712);
#569=LINE('',#566,#568);
#570=EDGE_CURVE('',#557,#565,#569,.T.);
#571=ORIENTED_EDGE('',*,*,#570,.T.);
#572=CARTESIAN_POINT('',(10.522542666,-5.296439498,-2.474699461));
#573=VERTEX_POINT('',#572);
#574=CARTESIAN_POINT('',(10.724652679,-5.296439498,-2.474699461));
#575=DIRECTION('',(-1.,-0.,0.));
#576=VECTOR('',#575,0.202110013);
#577=LINE('',#574,#576);
#578=EDGE_CURVE('',#565,#573,#577,.T.);
#579=ORIENTED_EDGE('',*,*,#578,.T.);
#580=CARTESIAN_POINT('',(9.207919081,-5.866901037,-2.474699461));
#581=VERTEX_POINT('',#580);
#582=CARTESIAN_POINT('',(10.522542666,-7.096439498,-2.474699461));
#583=DIRECTION('',(-0.,-0.,1.));
#584=DIRECTION('',(-1.,0.,0.));
#585=AXIS2_PLACEMENT_3D('',#582,#583,#584);
#586=CIRCLE('',#585,1.799999999);
#587=EDGE_CURVE('',#573,#581,#586,.T.);
#588=ORIENTED_EDGE('',*,*,#587,.T.);
#589=CARTESIAN_POINT('',(7.247273551,-6.012018446,-2.474699461));
#590=VERTEX_POINT('',#589);
#591=CARTESIAN_POINT('',(8.148916748,-4.876439498,-2.474699461));
#592=DIRECTION('',(-0.,-0.,-1.));
#593=DIRECTION('',(1.,0.,-0.));
#594=AXIS2_PLACEMENT_3D('',#591,#592,#593);
#595=CIRCLE('',#594,1.45);
#596=EDGE_CURVE('',#581,#590,#595,.T.);
#597=ORIENTED_EDGE('',*,*,#596,.T.);
#598=CARTESIAN_POINT('',(5.195258,-5.296439498,-2.474699461));
#599=VERTEX_POINT('',#598);
#600=CARTESIAN_POINT('',(5.195258,-8.596439498,-2.474699461));
#601=DIRECTION('',(-0.,-0.,1.));
#602=DIRECTION('',(-1.,0.,0.));
#603=AXIS2_PLACEMENT_3D('',#600,#601,#602);
#604=CIRCLE('',#603,3.299999999);
#605=EDGE_CURVE('',#590,#599,#604,.T.);
#606=ORIENTED_EDGE('',*,*,#605,.T.);
#607=CARTESIAN_POINT('',(2.210654439,-5.296439498,-2.474699461));
#608=VERTEX_POINT('',#607);
#609=CARTESIAN_POINT('',(5.195258,-5.296439498,-2.474699461));
#610=DIRECTION('',(-1.,-0.,0.));
#611=VECTOR('',#610,2.984603561);
#612=LINE('',#609,#611);
#613=EDGE_CURVE('',#599,#608,#612,.T.);
#614=ORIENTED_EDGE('',*,*,#613,.T.);
#615=CARTESIAN_POINT('',(0.430920885,-5.81749213,-2.474699461));
#616=VERTEX_POINT('',#615);
#617=CARTESIAN_POINT('',(2.210654439,-8.596439498,-2.474699461));
#618=DIRECTION('',(-0.,-0.,1.));
#619=DIRECTION('',(-1.,0.,0.));
#620=AXIS2_PLACEMENT_3D('',#617,#618,#619);
#621=CIRCLE('',#620,3.299999999);
#622=EDGE_CURVE('',#608,#616,#621,.T.);
#623=ORIENTED_EDGE('',*,*,#622,.T.);
#624=CARTESIAN_POINT('',(-1.133087389,-5.81749213,-2.474699461));
#625=VERTEX_POINT('',#624);
#626=CARTESIAN_POINT('',(-0.351083252,-4.596439498,-2.474699461));
#627=DIRECTION('',(-0.,-0.,-1.));
#628=DIRECTION('',(1.,0.,-0.));
#629=AXIS2_PLACEMENT_3D('',#626,#627,#628);
#630=CIRCLE('',#629,1.45);
#631=EDGE_CURVE('',#616,#625,#630,.T.);
#632=ORIENTED_EDGE('',*,*,#631,.T.);
#633=CARTESIAN_POINT('',(-2.912820943,-5.296439498,-2.474699461));
#634=VERTEX_POINT('',#633);
#635=CARTESIAN_POINT('',(-2.912820943,-8.596439498,-2.474699461));
#636=DIRECTION('',(-0.,-0.,1.));
#637=DIRECTION('',(-1.,0.,0.));
#638=AXIS2_PLACEMENT_3D('',#635,#636,#637);
#639=CIRCLE('',#638,3.299999999);
#640=EDGE_CURVE('',#625,#634,#639,.T.);
#641=ORIENTED_EDGE('',*,*,#640,.T.);
#642=CARTESIAN_POINT('',(-5.397424504,-5.296439498,-2.474699461));
#643=VERTEX_POINT('',#642);
#644=CARTESIAN_POINT('',(-2.912820943,-5.296439498,-2.474699461));
#645=DIRECTION('',(-1.,-0.,0.));
#646=VECTOR('',#645,2.484603561);
#647=LINE('',#644,#646);
#648=EDGE_CURVE('',#634,#643,#647,.T.);
#649=ORIENTED_EDGE('',*,*,#648,.T.);
#650=CARTESIAN_POINT('',(-7.449440055,-6.012018446,-2.474699461));
#651=VERTEX_POINT('',#650);
#652=CARTESIAN_POINT('',(-5.397424504,-8.596439498,-2.474699461));
#653=DIRECTION('',(-0.,-0.,1.));
#654=DIRECTION('',(-1.,0.,0.));
#655=AXIS2_PLACEMENT_3D('',#652,#653,#654);
#656=CIRCLE('',#655,3.299999999);
#657=EDGE_CURVE('',#643,#651,#656,.T.);
#658=ORIENTED_EDGE('',*,*,#657,.T.);
#659=CARTESIAN_POINT('',(-9.410085585,-5.866901037,-2.474699461));
#660=VERTEX_POINT('',#659);
#661=CARTESIAN_POINT('',(-8.351083252,-4.876439498,-2.474699461));
#662=DIRECTION('',(-0.,-0.,-1.));
#663=DIRECTION('',(1.,0.,-0.));
#664=AXIS2_PLACEMENT_3D('',#661,#662,#663);
#665=CIRCLE('',#664,1.45);
#666=EDGE_CURVE('',#651,#660,#665,.T.);
#667=ORIENTED_EDGE('',*,*,#666,.T.);
#668=CARTESIAN_POINT('',(-10.72470917,-5.296439498,-2.474699461));
#669=VERTEX_POINT('',#668);
#670=CARTESIAN_POINT('',(-10.72470917,-7.096439498,-2.474699461));
#671=DIRECTION('',(-0.,-0.,1.));
#672=DIRECTION('',(-1.,0.,0.));
#673=AXIS2_PLACEMENT_3D('',#670,#671,#672);
#674=CIRCLE('',#673,1.799999999);
#675=EDGE_CURVE('',#660,#669,#674,.T.);
#676=ORIENTED_EDGE('',*,*,#675,.T.);
#677=CARTESIAN_POINT('',(-10.826819183,-5.296439498,-2.474699461));
#678=VERTEX_POINT('',#677);
#679=CARTESIAN_POINT('',(-10.72470917,-5.296439498,-2.474699461));
#680=DIRECTION('',(-1.,-0.,0.));
#681=VECTOR('',#680,0.102110013);
#682=LINE('',#679,#681);
#683=EDGE_CURVE('',#669,#678,#682,.T.);
#684=ORIENTED_EDGE('',*,*,#683,.T.);
#685=CARTESIAN_POINT('',(-11.026819183,-5.096439498,-2.474699461));
#686=VERTEX_POINT('',#685);
#687=CARTESIAN_POINT('',(-10.826819183,-5.296439498,-2.474699461));
#688=DIRECTION('',(-0.707106781,0.707106781,0.));
#689=VECTOR('',#688,0.282842712);
#690=LINE('',#687,#689);
#691=EDGE_CURVE('',#678,#686,#690,.T.);
#692=ORIENTED_EDGE('',*,*,#691,.T.);
#693=CARTESIAN_POINT('',(-8.936083252,-5.096439498,-2.474699461));
#694=VERTEX_POINT('',#693);
#695=CARTESIAN_POINT('',(-11.026819183,-5.096439498,-2.474699461));
#696=DIRECTION('',(1.,0.,-0.));
#697=VECTOR('',#696,2.090735931);
#698=LINE('',#695,#697);
#699=EDGE_CURVE('',#686,#694,#698,.T.);
#700=ORIENTED_EDGE('',*,*,#699,.T.);
#701=CARTESIAN_POINT('',(-7.766083252,-5.096439498,-2.474699461));
#702=VERTEX_POINT('',#701);
#703=CARTESIAN_POINT('',(-8.351083252,-4.876439498,-2.474699461));
#704=DIRECTION('',(0.,0.,1.));
#705=DIRECTION('',(1.,0.,-0.));
#706=AXIS2_PLACEMENT_3D('',#703,#704,#705);
#707=CIRCLE('',#706,0.625);
#708=EDGE_CURVE('',#694,#702,#707,.T.);
#709=ORIENTED_EDGE('',*,*,#708,.T.);
#710=CARTESIAN_POINT('',(-0.726083252,-5.096439498,-2.474699461));
#711=VERTEX_POINT('',#710);
#712=CARTESIAN_POINT('',(-7.766083252,-5.096439498,-2.474699461));
#713=DIRECTION('',(1.,0.,-0.));
#714=VECTOR('',#713,7.04);
#715=LINE('',#712,#714);
#716=EDGE_CURVE('',#702,#711,#715,.T.);
#717=ORIENTED_EDGE('',*,*,#716,.T.);
#718=CARTESIAN_POINT('',(0.023916748,-5.096439498,-2.474699461));
#719=VERTEX_POINT('',#718);
#720=CARTESIAN_POINT('',(-0.351083252,-4.596439498,-2.474699461));
#721=DIRECTION('',(-0.,-0.,1.));
#722=DIRECTION('',(-1.,0.,0.));
#723=AXIS2_PLACEMENT_3D('',#720,#721,#722);
#724=CIRCLE('',#723,0.625);
#725=EDGE_CURVE('',#711,#719,#724,.T.);
#726=ORIENTED_EDGE('',*,*,#725,.T.);
#727=CARTESIAN_POINT('',(7.563916748,-5.096439498,-2.474699461));
#728=VERTEX_POINT('',#727);
#729=CARTESIAN_POINT('',(0.023916748,-5.096439498,-2.474699461));
#730=DIRECTION('',(1.,0.,-0.));
#731=VECTOR('',#730,7.54);
#732=LINE('',#729,#731);
#733=EDGE_CURVE('',#719,#728,#732,.T.);
#734=ORIENTED_EDGE('',*,*,#733,.T.);
#735=CARTESIAN_POINT('',(8.148916748,-4.876439498,-2.474699461));
#736=DIRECTION('',(0.,0.,1.));
#737=DIRECTION('',(1.,0.,-0.));
#738=AXIS2_PLACEMENT_3D('',#735,#736,#737);
#739=CIRCLE('',#738,0.625);
#740=EDGE_CURVE('',#728,#555,#739,.T.);
#741=ORIENTED_EDGE('',*,*,#740,.T.);
#742=EDGE_LOOP('',(#563,#571,#579,#588,#597,#606,#614,#623,#632,#641,#649,#658,#667,#676,#684,#692,#700,#709,#717,#726,#734,#741));
#743=FACE_BOUND('',#742,.T.);
#744=ADVANCED_FACE('',(#743),#553,.T.);
#745=CARTESIAN_POINT('',(-0.351083252,-4.596439498,-2.474699461));
#746=DIRECTION('',(0.,0.,1.));
#747=DIRECTION('',(-1.,0.,0.));
#748=AXIS2_PLACEMENT_3D('',#745,#746,#747);
#749=CYLINDRICAL_SURFACE('',#748,1.75);
#750=CARTESIAN_POINT('',(0.592714845,-6.070123708,-2.174699461));
#751=VERTEX_POINT('',#750);
#752=CARTESIAN_POINT('',(0.592714845,-6.070123708,-0.474699461));
#753=VERTEX_POINT('',#752);
#754=CARTESIAN_POINT('',(0.592714845,-6.070123709,-2.174699461));
#755=DIRECTION('',(0.,0.,1.));
#756=VECTOR('',#755,1.7);
#757=LINE('',#754,#756);
#758=EDGE_CURVE('',#751,#753,#757,.T.);
#759=ORIENTED_EDGE('',*,*,#758,.T.);
#760=CARTESIAN_POINT('',(-1.294881349,-6.070123708,-0.474699461));
#761=VERTEX_POINT('',#760);
#762=CARTESIAN_POINT('',(-0.351083252,-4.596439498,-0.474699461));
#763=DIRECTION('',(-0.,-0.,-1.));
#764=DIRECTION('',(1.,0.,-0.));
#765=AXIS2_PLACEMENT_3D('',#762,#763,#764);
#766=CIRCLE('',#765,1.75);
#767=EDGE_CURVE('',#753,#761,#766,.T.);
#768=ORIENTED_EDGE('',*,*,#767,.T.);
#769=CARTESIAN_POINT('',(-1.294881349,-6.070123709,-2.174699461));
#770=VERTEX_POINT('',#769);
#771=CARTESIAN_POINT('',(-1.294881349,-6.070123709,-0.474699461));
#772=DIRECTION('',(-0.,-0.,-1.));
#773=VECTOR('',#772,1.7);
#774=LINE('',#771,#773);
#775=EDGE_CURVE('',#761,#770,#774,.T.);
#776=ORIENTED_EDGE('',*,*,#775,.T.);
#777=CARTESIAN_POINT('',(-0.351083252,-4.596439498,-2.174699461));
#778=DIRECTION('',(0.,0.,1.));
#779=DIRECTION('',(1.,0.,-0.));
#780=AXIS2_PLACEMENT_3D('',#777,#778,#779);
#781=CIRCLE('',#780,1.75);
#782=EDGE_CURVE('',#770,#751,#781,.T.);
#783=ORIENTED_EDGE('',*,*,#782,.T.);
#784=EDGE_LOOP('',(#759,#768,#776,#783));
#785=FACE_BOUND('',#784,.T.);
#786=ADVANCED_FACE('',(#785),#749,.T.);
#787=CARTESIAN_POINT('',(-2.912820943,-8.596439498,-2.474699461));
#788=DIRECTION('',(0.,0.,1.));
#789=DIRECTION('',(1.,0.,-0.));
#790=AXIS2_PLACEMENT_3D('',#787,#788,#789);
#791=CYLINDRICAL_SURFACE('',#790,3.);
#792=ORIENTED_EDGE('',*,*,#775,.F.);
#793=CARTESIAN_POINT('',(-2.912820943,-5.596439498,-0.474699461));
#794=VERTEX_POINT('',#793);
#795=CARTESIAN_POINT('',(-2.912820943,-8.596439498,-0.474699461));
#796=DIRECTION('',(0.,0.,1.));
#797=DIRECTION('',(1.,0.,-0.));
#798=AXIS2_PLACEMENT_3D('',#795,#796,#797);
#799=CIRCLE('',#798,3.);
#800=EDGE_CURVE('',#761,#794,#799,.T.);
#801=ORIENTED_EDGE('',*,*,#800,.T.);
#802=CARTESIAN_POINT('',(-2.912820943,-5.596439498,-2.174699461));
#803=VERTEX_POINT('',#802);
#804=CARTESIAN_POINT('',(-2.912820943,-5.596439498,-2.174699461));
#805=DIRECTION('',(-0.,-0.,1.));
#806=VECTOR('',#805,1.7);
#807=LINE('',#804,#806);
#808=EDGE_CURVE('',#803,#794,#807,.T.);
#809=ORIENTED_EDGE('',*,*,#808,.F.);
#810=CARTESIAN_POINT('',(-2.912820943,-8.596439498,-2.174699461));
#811=DIRECTION('',(-0.,-0.,-1.));
#812=DIRECTION('',(1.,0.,-0.));
#813=AXIS2_PLACEMENT_3D('',#810,#811,#812);
#814=CIRCLE('',#813,3.);
#815=EDGE_CURVE('',#803,#770,#814,.T.);
#816=ORIENTED_EDGE('',*,*,#815,.T.);
#817=EDGE_LOOP('',(#792,#801,#809,#816));
#818=FACE_BOUND('',#817,.T.);
#819=ADVANCED_FACE('',(#818),#791,.F.);
#820=CARTESIAN_POINT('',(2.210654439,-8.596439498,-2.474699461));
#821=DIRECTION('',(0.,0.,1.));
#822=DIRECTION('',(1.,0.,-0.));
#823=AXIS2_PLACEMENT_3D('',#820,#821,#822);
#824=CYLINDRICAL_SURFACE('',#823,3.);
#825=CARTESIAN_POINT('',(2.210654439,-5.596439498,-0.474699461));
#826=VERTEX_POINT('',#825);
#827=CARTESIAN_POINT('',(2.210654439,-5.596439498,-2.174699461));
#828=VERTEX_POINT('',#827);
#829=CARTESIAN_POINT('',(2.210654439,-5.596439498,-0.474699461));
#830=DIRECTION('',(0.,0.,-1.));
#831=VECTOR('',#830,1.7);
#832=LINE('',#829,#831);
#833=EDGE_CURVE('',#826,#828,#832,.T.);
#834=ORIENTED_EDGE('',*,*,#833,.F.);
#835=CARTESIAN_POINT('',(2.210654439,-8.596439498,-0.474699461));
#836=DIRECTION('',(0.,0.,1.));
#837=DIRECTION('',(1.,0.,-0.));
#838=AXIS2_PLACEMENT_3D('',#835,#836,#837);
#839=CIRCLE('',#838,3.);
#840=EDGE_CURVE('',#826,#753,#839,.T.);
#841=ORIENTED_EDGE('',*,*,#840,.T.);
#842=ORIENTED_EDGE('',*,*,#758,.F.);
#843=CARTESIAN_POINT('',(2.210654439,-8.596439498,-2.174699461));
#844=DIRECTION('',(-0.,-0.,-1.));
#845=DIRECTION('',(1.,0.,-0.));
#846=AXIS2_PLACEMENT_3D('',#843,#844,#845);
#847=CIRCLE('',#846,3.);
#848=EDGE_CURVE('',#751,#828,#847,.T.);
#849=ORIENTED_EDGE('',*,*,#848,.T.);
#850=EDGE_LOOP('',(#834,#841,#842,#849));
#851=FACE_BOUND('',#850,.T.);
#852=ADVANCED_FACE('',(#851),#824,.F.);
#853=CARTESIAN_POINT('',(-8.351083252,-4.876439498,-1.374699461));
#854=DIRECTION('',(0.,0.,1.));
#855=DIRECTION('',(-1.,0.,0.));
#856=AXIS2_PLACEMENT_3D('',#853,#854,#855);
#857=CYLINDRICAL_SURFACE('',#856,1.75);
#858=CARTESIAN_POINT('',(-7.262893187,-6.246965814,-2.174699461));
#859=VERTEX_POINT('',#858);
#860=CARTESIAN_POINT('',(-7.262893187,-6.246965814,-0.474699461));
#861=VERTEX_POINT('',#860);
#862=CARTESIAN_POINT('',(-7.262893187,-6.246965814,-2.174699461));
#863=DIRECTION('',(0.,0.,1.));
#864=VECTOR('',#863,1.7);
#865=LINE('',#862,#864);
#866=EDGE_CURVE('',#859,#861,#865,.T.);
#867=ORIENTED_EDGE('',*,*,#866,.T.);
#868=CARTESIAN_POINT('',(-9.629189516,-6.071824113,-0.474699461));
#869=VERTEX_POINT('',#868);
#870=CARTESIAN_POINT('',(-8.351083252,-4.876439498,-0.474699461));
#871=DIRECTION('',(-0.,-0.,-1.));
#872=DIRECTION('',(1.,0.,-0.));
#873=AXIS2_PLACEMENT_3D('',#870,#871,#872);
#874=CIRCLE('',#873,1.75);
#875=EDGE_CURVE('',#861,#869,#874,.T.);
#876=ORIENTED_EDGE('',*,*,#875,.T.);
#877=CARTESIAN_POINT('',(-9.629189516,-6.071824113,-2.174699461));
#878=VERTEX_POINT('',#877);
#879=CARTESIAN_POINT('',(-9.629189516,-6.071824113,-0.474699461));
#880=DIRECTION('',(-0.,-0.,-1.));
#881=VECTOR('',#880,1.7);
#882=LINE('',#879,#881);
#883=EDGE_CURVE('',#869,#878,#882,.T.);
#884=ORIENTED_EDGE('',*,*,#883,.T.);
#885=CARTESIAN_POINT('',(-8.351083252,-4.876439498,-2.174699461));
#886=DIRECTION('',(0.,0.,1.));
#887=DIRECTION('',(1.,0.,-0.));
#888=AXIS2_PLACEMENT_3D('',#885,#886,#887);
#889=CIRCLE('',#888,1.75);
#890=EDGE_CURVE('',#878,#859,#889,.T.);
#891=ORIENTED_EDGE('',*,*,#890,.T.);
#892=EDGE_LOOP('',(#867,#876,#884,#891));
#893=FACE_BOUND('',#892,.T.);
#894=ADVANCED_FACE('',(#893),#857,.T.);
#895=CARTESIAN_POINT('',(8.148916748,-4.876439498,-1.374699461));
#896=DIRECTION('',(0.,0.,1.));
#897=DIRECTION('',(-1.,0.,0.));
#898=AXIS2_PLACEMENT_3D('',#895,#896,#897);
#899=CYLINDRICAL_SURFACE('',#898,1.75);
#900=CARTESIAN_POINT('',(9.427023012,-6.071824113,-2.174699461));
#901=VERTEX_POINT('',#900);
#902=CARTESIAN_POINT('',(9.427023012,-6.071824113,-0.474699461));
#903=VERTEX_POINT('',#902);
#904=CARTESIAN_POINT('',(9.427023012,-6.071824113,-2.174699461));
#905=DIRECTION('',(0.,0.,1.));
#906=VECTOR('',#905,1.7);
#907=LINE('',#904,#906);
#908=EDGE_CURVE('',#901,#903,#907,.T.);
#909=ORIENTED_EDGE('',*,*,#908,.T.);
#910=CARTESIAN_POINT('',(7.060726683,-6.246965813,-0.474699461));
#911=VERTEX_POINT('',#910);
#912=CARTESIAN_POINT('',(8.148916748,-4.876439498,-0.474699461));
#913=DIRECTION('',(-0.,-0.,-1.));
#914=DIRECTION('',(1.,0.,-0.));
#915=AXIS2_PLACEMENT_3D('',#912,#913,#914);
#916=CIRCLE('',#915,1.75);
#917=EDGE_CURVE('',#903,#911,#916,.T.);
#918=ORIENTED_EDGE('',*,*,#917,.T.);
#919=CARTESIAN_POINT('',(7.060726683,-6.246965814,-2.174699461));
#920=VERTEX_POINT('',#919);
#921=CARTESIAN_POINT('',(7.060726683,-6.246965814,-0.474699461));
#922=DIRECTION('',(-0.,-0.,-1.));
#923=VECTOR('',#922,1.7);
#924=LINE('',#921,#923);
#925=EDGE_CURVE('',#911,#920,#924,.T.);
#926=ORIENTED_EDGE('',*,*,#925,.T.);
#927=CARTESIAN_POINT('',(8.148916748,-4.876439498,-2.174699461));
#928=DIRECTION('',(0.,0.,1.));
#929=DIRECTION('',(1.,0.,-0.));
#930=AXIS2_PLACEMENT_3D('',#927,#928,#929);
#931=CIRCLE('',#930,1.75);
#932=EDGE_CURVE('',#920,#901,#931,.T.);
#933=ORIENTED_EDGE('',*,*,#932,.T.);
#934=EDGE_LOOP('',(#909,#918,#926,#933));
#935=FACE_BOUND('',#934,.T.);
#936=ADVANCED_FACE('',(#935),#899,.T.);
#937=CARTESIAN_POINT('',(-5.397424504,-8.596439498,-1.374699461));
#938=DIRECTION('',(0.,0.,1.));
#939=DIRECTION('',(1.,0.,-0.));
#940=AXIS2_PLACEMENT_3D('',#937,#938,#939);
#941=CYLINDRICAL_SURFACE('',#940,3.);
#942=CARTESIAN_POINT('',(-5.397424504,-5.596439498,-0.474699461));
#943=VERTEX_POINT('',#942);
#944=CARTESIAN_POINT('',(-5.397424504,-5.596439498,-2.174699461));
#945=VERTEX_POINT('',#944);
#946=CARTESIAN_POINT('',(-5.397424504,-5.596439498,-0.474699461));
#947=DIRECTION('',(0.,0.,-1.));
#948=VECTOR('',#947,1.7);
#949=LINE('',#946,#948);
#950=EDGE_CURVE('',#943,#945,#949,.T.);
#951=ORIENTED_EDGE('',*,*,#950,.F.);
#952=CARTESIAN_POINT('',(-5.397424504,-8.596439498,-0.474699461));
#953=DIRECTION('',(0.,0.,1.));
#954=DIRECTION('',(1.,0.,-0.));
#955=AXIS2_PLACEMENT_3D('',#952,#953,#954);
#956=CIRCLE('',#955,3.);
#957=EDGE_CURVE('',#943,#861,#956,.T.);
#958=ORIENTED_EDGE('',*,*,#957,.T.);
#959=ORIENTED_EDGE('',*,*,#866,.F.);
#960=CARTESIAN_POINT('',(-5.397424504,-8.596439498,-2.174699461));
#961=DIRECTION('',(-0.,-0.,-1.));
#962=DIRECTION('',(1.,0.,-0.));
#963=AXIS2_PLACEMENT_3D('',#960,#961,#962);
#964=CIRCLE('',#963,3.);
#965=EDGE_CURVE('',#859,#945,#964,.T.);
#966=ORIENTED_EDGE('',*,*,#965,.T.);
#967=EDGE_LOOP('',(#951,#958,#959,#966));
#968=FACE_BOUND('',#967,.T.);
#969=ADVANCED_FACE('',(#968),#941,.F.);
#970=CARTESIAN_POINT('',(5.195258,-8.596439498,-1.374699461));
#971=DIRECTION('',(0.,0.,1.));
#972=DIRECTION('',(1.,0.,-0.));
#973=AXIS2_PLACEMENT_3D('',#970,#971,#972);
#974=CYLINDRICAL_SURFACE('',#973,3.);
#975=ORIENTED_EDGE('',*,*,#925,.F.);
#976=CARTESIAN_POINT('',(5.195258,-5.596439498,-0.474699461));
#977=VERTEX_POINT('',#976);
#978=CARTESIAN_POINT('',(5.195258,-8.596439498,-0.474699461));
#979=DIRECTION('',(0.,0.,1.));
#980=DIRECTION('',(1.,0.,-0.));
#981=AXIS2_PLACEMENT_3D('',#978,#979,#980);
#982=CIRCLE('',#981,3.);
#983=EDGE_CURVE('',#911,#977,#982,.T.);
#984=ORIENTED_EDGE('',*,*,#983,.T.);
#985=CARTESIAN_POINT('',(5.195258,-5.596439498,-2.174699461));
#986=VERTEX_POINT('',#985);
#987=CARTESIAN_POINT('',(5.195258,-5.596439498,-2.174699461));
#988=DIRECTION('',(-0.,-0.,1.));
#989=VECTOR('',#988,1.7);
#990=LINE('',#987,#989);
#991=EDGE_CURVE('',#986,#977,#990,.T.);
#992=ORIENTED_EDGE('',*,*,#991,.F.);
#993=CARTESIAN_POINT('',(5.195258,-8.596439498,-2.174699461));
#994=DIRECTION('',(-0.,-0.,-1.));
#995=DIRECTION('',(1.,0.,-0.));
#996=AXIS2_PLACEMENT_3D('',#993,#994,#995);
#997=CIRCLE('',#996,3.);
#998=EDGE_CURVE('',#986,#920,#997,.T.);
#999=ORIENTED_EDGE('',*,*,#998,.T.);
#1000=EDGE_LOOP('',(#975,#984,#992,#999));
#1001=FACE_BOUND('',#1000,.T.);
#1002=ADVANCED_FACE('',(#1001),#974,.F.);
#1003=CARTESIAN_POINT('',(-10.72470917,-7.096439498,-1.374699461));
#1004=DIRECTION('',(0.,0.,1.));
#1005=DIRECTION('',(1.,0.,-0.));
#1006=AXIS2_PLACEMENT_3D('',#1003,#1004,#1005);
#1007=CYLINDRICAL_SURFACE('',#1006,1.5);
#1008=ORIENTED_EDGE('',*,*,#883,.F.);
#1009=CARTESIAN_POINT('',(-10.72470917,-5.596439498,-0.474699461));
#1010=VERTEX_POINT('',#1009);
#1011=CARTESIAN_POINT('',(-10.72470917,-7.096439498,-0.474699461));
#1012=DIRECTION('',(0.,0.,1.));
#1013=DIRECTION('',(1.,0.,-0.));
#1014=AXIS2_PLACEMENT_3D('',#1011,#1012,#1013);
#1015=CIRCLE('',#1014,1.5);
#1016=EDGE_CURVE('',#869,#1010,#1015,.T.);
#1017=ORIENTED_EDGE('',*,*,#1016,.T.);
#1018=CARTESIAN_POINT('',(-10.72470917,-5.596439498,-2.174699461));
#1019=VERTEX_POINT('',#1018);
#1020=CARTESIAN_POINT('',(-10.72470917,-5.596439498,-2.174699461));
#1021=DIRECTION('',(-0.,-0.,1.));
#1022=VECTOR('',#1021,1.7);
#1023=LINE('',#1020,#1022);
#1024=EDGE_CURVE('',#1019,#1010,#1023,.T.);
#1025=ORIENTED_EDGE('',*,*,#1024,.F.);
#1026=CARTESIAN_POINT('',(-10.72470917,-7.096439498,-2.174699461));
#1027=DIRECTION('',(-0.,-0.,-1.));
#1028=DIRECTION('',(1.,0.,-0.));
#1029=AXIS2_PLACEMENT_3D('',#1026,#1027,#1028);
#1030=CIRCLE('',#1029,1.5);
#1031=EDGE_CURVE('',#1019,#878,#1030,.T.);
#1032=ORIENTED_EDGE('',*,*,#1031,.T.);
#1033=EDGE_LOOP('',(#1008,#1017,#1025,#1032));
#1034=FACE_BOUND('',#1033,.T.);
#1035=ADVANCED_FACE('',(#1034),#1007,.F.);
#1036=CARTESIAN_POINT('',(10.522542666,-7.096439498,-1.374699461));
#1037=DIRECTION('',(0.,0.,1.));
#1038=DIRECTION('',(1.,0.,-0.));
#1039=AXIS2_PLACEMENT_3D('',#1036,#1037,#1038);
#1040=CYLINDRICAL_SURFACE('',#1039,1.5);
#1041=CARTESIAN_POINT('',(10.522542666,-5.596439498,-0.474699461));
#1042=VERTEX_POINT('',#1041);
#1043=CARTESIAN_POINT('',(10.522542666,-5.596439498,-2.174699461));
#1044=VERTEX_POINT('',#1043);
#1045=CARTESIAN_POINT('',(10.522542666,-5.596439498,-0.474699461));
#1046=DIRECTION('',(0.,0.,-1.));
#1047=VECTOR('',#1046,1.7);
#1048=LINE('',#1045,#1047);
#1049=EDGE_CURVE('',#1042,#1044,#1048,.T.);
#1050=ORIENTED_EDGE('',*,*,#1049,.F.);
#1051=CARTESIAN_POINT('',(10.522542666,-7.096439498,-0.474699461));
#1052=DIRECTION('',(0.,0.,1.));
#1053=DIRECTION('',(1.,0.,-0.));
#1054=AXIS2_PLACEMENT_3D('',#1051,#1052,#1053);
#1055=CIRCLE('',#1054,1.5);
#1056=EDGE_CURVE('',#1042,#903,#1055,.T.);
#1057=ORIENTED_EDGE('',*,*,#1056,.T.);
#1058=ORIENTED_EDGE('',*,*,#908,.F.);
#1059=CARTESIAN_POINT('',(10.522542666,-7.096439498,-2.174699461));
#1060=DIRECTION('',(-0.,-0.,-1.));
#1061=DIRECTION('',(1.,0.,-0.));
#1062=AXIS2_PLACEMENT_3D('',#1059,#1060,#1061);
#1063=CIRCLE('',#1062,1.5);
#1064=EDGE_CURVE('',#901,#1044,#1063,.T.);
#1065=ORIENTED_EDGE('',*,*,#1064,.T.);
#1066=EDGE_LOOP('',(#1050,#1057,#1058,#1065));
#1067=FACE_BOUND('',#1066,.T.);
#1068=ADVANCED_FACE('',(#1067),#1040,.F.);
#1069=CARTESIAN_POINT('',(-10.951083252,-5.596439498,0.225300539));
#1070=DIRECTION('',(-0.707106781,-0.707106781,0.));
#1071=DIRECTION('',(0.,0.,1.));
#1072=AXIS2_PLACEMENT_3D('',#1069,#1070,#1071);
#1073=PLANE('',#1072);
#1074=CARTESIAN_POINT('',(-11.038951218,-5.508571532,-2.174699461));
#1075=VERTEX_POINT('',#1074);
#1076=CARTESIAN_POINT('',(-11.038951218,-5.508571532,-0.474699461));
#1077=VERTEX_POINT('',#1076);
#1078=CARTESIAN_POINT('',(-11.038951218,-5.508571532,-2.174699461));
#1079=DIRECTION('',(0.,0.,1.));
#1080=VECTOR('',#1079,1.7);
#1081=LINE('',#1078,#1080);
#1082=EDGE_CURVE('',#1075,#1077,#1081,.T.);
#1083=ORIENTED_EDGE('',*,*,#1082,.T.);
#1084=CARTESIAN_POINT('',(-11.863215286,-4.684307464,-0.474699461));
#1085=VERTEX_POINT('',#1084);
#1086=CARTESIAN_POINT('',(-11.038951218,-5.508571532,-0.474699461));
#1087=DIRECTION('',(-0.707106781,0.707106781,0.));
#1088=VECTOR('',#1087,1.165685425);
#1089=LINE('',#1086,#1088);
#1090=EDGE_CURVE('',#1077,#1085,#1089,.T.);
#1091=ORIENTED_EDGE('',*,*,#1090,.T.);
#1092=CARTESIAN_POINT('',(-11.863215286,-4.684307464,-2.062567427));
#1093=VERTEX_POINT('',#1092);
#1094=CARTESIAN_POINT('',(-11.863215286,-4.684307464,-0.474699461));
#1095=DIRECTION('',(-0.,-0.,-1.));
#1096=VECTOR('',#1095,1.587867966);
#1097=LINE('',#1094,#1096);
#1098=EDGE_CURVE('',#1085,#1093,#1097,.T.);
#1099=ORIENTED_EDGE('',*,*,#1098,.T.);
#1100=CARTESIAN_POINT('',(-11.751083252,-4.796439498,-2.174699461));
#1101=VERTEX_POINT('',#1100);
#1102=CARTESIAN_POINT('',(-11.751083252,-4.796439498,-2.174699461));
#1103=DIRECTION('',(-0.577350269,0.577350269,0.577350269));
#1104=VECTOR('',#1103,0.19421838);
#1105=LINE('',#1102,#1104);
#1106=EDGE_CURVE('',#1101,#1093,#1105,.T.);
#1107=ORIENTED_EDGE('',*,*,#1106,.F.);
#1108=CARTESIAN_POINT('',(-11.751083252,-4.796439498,-2.174699461));
#1109=DIRECTION('',(0.707106781,-0.707106781,-0.));
#1110=VECTOR('',#1109,1.007106781);
#1111=LINE('',#1108,#1110);
#1112=EDGE_CURVE('',#1101,#1075,#1111,.T.);
#1113=ORIENTED_EDGE('',*,*,#1112,.T.);
#1114=EDGE_LOOP('',(#1083,#1091,#1099,#1107,#1113));
#1115=FACE_BOUND('',#1114,.T.);
#1116=ADVANCED_FACE('',(#1115),#1073,.T.);
#1117=CARTESIAN_POINT('',(210.068871277,-280.788414497,-1.474699461));
#1118=DIRECTION('',(0.,0.,1.));
#1119=DIRECTION('',(-1.,0.,0.));
#1120=AXIS2_PLACEMENT_3D('',#1117,#1118,#1119);
#1121=PLANE('',#1120);
#1122=CARTESIAN_POINT('',(-11.951083252,-4.096439498,-1.474699461));
#1123=VERTEX_POINT('',#1122);
#1124=CARTESIAN_POINT('',(-11.951083252,4.103560502,-1.474699461));
#1125=VERTEX_POINT('',#1124);
#1126=CARTESIAN_POINT('',(-11.951083252,-4.096439498,-1.474699461));
#1127=DIRECTION('',(-0.,1.,-0.));
#1128=VECTOR('',#1127,8.2);
#1129=LINE('',#1126,#1128);
#1130=EDGE_CURVE('',#1123,#1125,#1129,.T.);
#1131=ORIENTED_EDGE('',*,*,#1130,.T.);
#1132=CARTESIAN_POINT('',(-0.726083252,4.103560502,-1.474699461));
#1133=VERTEX_POINT('',#1132);
#1134=CARTESIAN_POINT('',(-0.726083252,4.103560502,-1.474699461));
#1135=DIRECTION('',(-1.,0.,0.));
#1136=VECTOR('',#1135,11.225);
#1137=LINE('',#1134,#1136);
#1138=EDGE_CURVE('',#1133,#1125,#1137,.T.);
#1139=ORIENTED_EDGE('',*,*,#1138,.F.);
#1140=CARTESIAN_POINT('',(0.023916748,4.103560502,-1.474699461));
#1141=VERTEX_POINT('',#1140);
#1142=CARTESIAN_POINT('',(-0.351083252,4.603560502,-1.474699461));
#1143=DIRECTION('',(-0.,-0.,1.));
#1144=DIRECTION('',(-1.,0.,0.));
#1145=AXIS2_PLACEMENT_3D('',#1142,#1143,#1144);
#1146=CIRCLE('',#1145,0.625);
#1147=EDGE_CURVE('',#1133,#1141,#1146,.T.);
#1148=ORIENTED_EDGE('',*,*,#1147,.T.);
#1149=CARTESIAN_POINT('',(11.848916748,4.103560502,-1.474699461));
#1150=VERTEX_POINT('',#1149);
#1151=CARTESIAN_POINT('',(11.848916748,4.103560502,-1.474699461));
#1152=DIRECTION('',(-1.,0.,0.));
#1153=VECTOR('',#1152,11.825);
#1154=LINE('',#1151,#1153);
#1155=EDGE_CURVE('',#1150,#1141,#1154,.T.);
#1156=ORIENTED_EDGE('',*,*,#1155,.F.);
#1157=CARTESIAN_POINT('',(11.848916748,-4.096439498,-1.474699461));
#1158=VERTEX_POINT('',#1157);
#1159=CARTESIAN_POINT('',(11.848916748,4.103560502,-1.474699461));
#1160=DIRECTION('',(0.,-1.,0.));
#1161=VECTOR('',#1160,8.2);
#1162=LINE('',#1159,#1161);
#1163=EDGE_CURVE('',#1150,#1158,#1162,.T.);
#1164=ORIENTED_EDGE('',*,*,#1163,.T.);
#1165=CARTESIAN_POINT('',(0.023916748,-4.096439498,-1.474699461));
#1166=VERTEX_POINT('',#1165);
#1167=CARTESIAN_POINT('',(11.848916748,-4.096439498,-1.474699461));
#1168=DIRECTION('',(-1.,0.,0.));
#1169=VECTOR('',#1168,11.825);
#1170=LINE('',#1167,#1169);
#1171=EDGE_CURVE('',#1158,#1166,#1170,.T.);
#1172=ORIENTED_EDGE('',*,*,#1171,.T.);
#1173=CARTESIAN_POINT('',(-0.726083252,-4.096439498,-1.474699461));
#1174=VERTEX_POINT('',#1173);
#1175=CARTESIAN_POINT('',(-0.351083252,-4.596439498,-1.474699461));
#1176=DIRECTION('',(0.,0.,-1.));
#1177=DIRECTION('',(-1.,0.,0.));
#1178=AXIS2_PLACEMENT_3D('',#1175,#1176,#1177);
#1179=CIRCLE('',#1178,0.625);
#1180=EDGE_CURVE('',#1174,#1166,#1179,.T.);
#1181=ORIENTED_EDGE('',*,*,#1180,.F.);
#1182=CARTESIAN_POINT('',(-0.726083252,-4.096439498,-1.474699461));
#1183=DIRECTION('',(-1.,0.,0.));
#1184=VECTOR('',#1183,11.225);
#1185=LINE('',#1182,#1184);
#1186=EDGE_CURVE('',#1174,#1123,#1185,.T.);
#1187=ORIENTED_EDGE('',*,*,#1186,.T.);
#1188=EDGE_LOOP('',(#1131,#1139,#1148,#1156,#1164,#1172,#1181,#1187));
#1189=FACE_BOUND('',#1188,.T.);
#1190=CARTESIAN_POINT('',(1.948916748,-2.971439498,-1.474699461));
#1191=VERTEX_POINT('',#1190);
#1192=CARTESIAN_POINT('',(3.348916748,-2.971439498,-1.474699461));
#1193=VERTEX_POINT('',#1192);
#1194=CARTESIAN_POINT('',(2.648916748,-2.971439498,-1.474699461));
#1195=DIRECTION('',(-0.,-0.,1.));
#1196=DIRECTION('',(-1.,0.,0.));
#1197=AXIS2_PLACEMENT_3D('',#1194,#1195,#1196);
#1198=CIRCLE('',#1197,0.7);
#1199=EDGE_CURVE('',#1191,#1193,#1198,.T.);
#1200=ORIENTED_EDGE('',*,*,#1199,.T.);
#1201=CARTESIAN_POINT('',(2.648916748,-2.971439498,-1.474699461));
#1202=DIRECTION('',(-0.,-0.,1.));
#1203=DIRECTION('',(-1.,0.,0.));
#1204=AXIS2_PLACEMENT_3D('',#1201,#1202,#1203);
#1205=CIRCLE('',#1204,0.7);
#1206=EDGE_CURVE('',#1193,#1191,#1205,.T.);
#1207=ORIENTED_EDGE('',*,*,#1206,.T.);
#1208=EDGE_LOOP('',(#1200,#1207));
#1209=FACE_BOUND('',#1208,.T.);
#1210=CARTESIAN_POINT('',(-4.576083252,-3.396439498,-1.474699712));
#1211=VERTEX_POINT('',#1210);
#1212=CARTESIAN_POINT('',(-5.826083252,-3.396439498,-1.474699712));
#1213=VERTEX_POINT('',#1212);
#1214=CARTESIAN_POINT('',(-5.201083252,-3.396439498,-1.474699712));
#1215=DIRECTION('',(0.,0.,1.));
#1216=DIRECTION('',(1.,0.,-0.));
#1217=AXIS2_PLACEMENT_3D('',#1214,#1215,#1216);
#1218=CIRCLE('',#1217,0.625);
#1219=EDGE_CURVE('',#1211,#1213,#1218,.T.);
#1220=ORIENTED_EDGE('',*,*,#1219,.T.);
#1221=CARTESIAN_POINT('',(-5.201083252,-3.396439498,-1.474699712));
#1222=DIRECTION('',(0.,0.,1.));
#1223=DIRECTION('',(1.,0.,-0.));
#1224=AXIS2_PLACEMENT_3D('',#1221,#1222,#1223);
#1225=CIRCLE('',#1224,0.625);
#1226=EDGE_CURVE('',#1213,#1211,#1225,.T.);
#1227=ORIENTED_EDGE('',*,*,#1226,.T.);
#1228=EDGE_LOOP('',(#1220,#1227));
#1229=FACE_BOUND('',#1228,.T.);
#1230=CARTESIAN_POINT('',(-3.476083252,-3.396439498,-1.474699712));
#1231=VERTEX_POINT('',#1230);
#1232=CARTESIAN_POINT('',(-2.226083252,-3.396439498,-1.474699712));
#1233=VERTEX_POINT('',#1232);
#1234=CARTESIAN_POINT('',(-2.851083252,-3.396439498,-1.474699712));
#1235=DIRECTION('',(-0.,-0.,-1.));
#1236=DIRECTION('',(1.,0.,-0.));
#1237=AXIS2_PLACEMENT_3D('',#1234,#1235,#1236);
#1238=CIRCLE('',#1237,0.625);
#1239=EDGE_CURVE('',#1231,#1233,#1238,.T.);
#1240=ORIENTED_EDGE('',*,*,#1239,.F.);
#1241=CARTESIAN_POINT('',(-2.851083252,-3.396439498,-1.474699712));
#1242=DIRECTION('',(-0.,-0.,-1.));
#1243=DIRECTION('',(1.,0.,-0.));
#1244=AXIS2_PLACEMENT_3D('',#1241,#1242,#1243);
#1245=CIRCLE('',#1244,0.625);
#1246=EDGE_CURVE('',#1233,#1231,#1245,.T.);
#1247=ORIENTED_EDGE('',*,*,#1246,.F.);
#1248=EDGE_LOOP('',(#1240,#1247));
#1249=FACE_BOUND('',#1248,.T.);
#1250=CARTESIAN_POINT('',(3.348916748,2.978560502,-1.474699461));
#1251=VERTEX_POINT('',#1250);
#1252=CARTESIAN_POINT('',(1.948916748,2.978560502,-1.474699461));
#1253=VERTEX_POINT('',#1252);
#1254=CARTESIAN_POINT('',(2.648916748,2.978560502,-1.474699461));
#1255=DIRECTION('',(0.,0.,-1.));
#1256=DIRECTION('',(-1.,0.,0.));
#1257=AXIS2_PLACEMENT_3D('',#1254,#1255,#1256);
#1258=CIRCLE('',#1257,0.7);
#1259=EDGE_CURVE('',#1251,#1253,#1258,.T.);
#1260=ORIENTED_EDGE('',*,*,#1259,.F.);
#1261=CARTESIAN_POINT('',(2.648916748,2.978560502,-1.474699461));
#1262=DIRECTION('',(0.,0.,-1.));
#1263=DIRECTION('',(-1.,0.,0.));
#1264=AXIS2_PLACEMENT_3D('',#1261,#1262,#1263);
#1265=CIRCLE('',#1264,0.7);
#1266=EDGE_CURVE('',#1253,#1251,#1265,.T.);
#1267=ORIENTED_EDGE('',*,*,#1266,.F.);
#1268=EDGE_LOOP('',(#1260,#1267));
#1269=FACE_BOUND('',#1268,.T.);
#1270=CARTESIAN_POINT('',(-5.826083252,3.403560502,-1.474699712));
#1271=VERTEX_POINT('',#1270);
#1272=CARTESIAN_POINT('',(-4.576083252,3.403560502,-1.474699712));
#1273=VERTEX_POINT('',#1272);
#1274=CARTESIAN_POINT('',(-5.201083252,3.403560502,-1.474699712));
#1275=DIRECTION('',(-0.,-0.,-1.));
#1276=DIRECTION('',(1.,0.,-0.));
#1277=AXIS2_PLACEMENT_3D('',#1274,#1275,#1276);
#1278=CIRCLE('',#1277,0.625);
#1279=EDGE_CURVE('',#1271,#1273,#1278,.T.);
#1280=ORIENTED_EDGE('',*,*,#1279,.F.);
#1281=CARTESIAN_POINT('',(-5.201083252,3.403560502,-1.474699712));
#1282=DIRECTION('',(-0.,-0.,-1.));
#1283=DIRECTION('',(1.,0.,-0.));
#1284=AXIS2_PLACEMENT_3D('',#1281,#1282,#1283);
#1285=CIRCLE('',#1284,0.625);
#1286=EDGE_CURVE('',#1273,#1271,#1285,.T.);
#1287=ORIENTED_EDGE('',*,*,#1286,.F.);
#1288=EDGE_LOOP('',(#1280,#1287));
#1289=FACE_BOUND('',#1288,.T.);
#1290=CARTESIAN_POINT('',(-2.226083252,3.403560502,-1.474699712));
#1291=VERTEX_POINT('',#1290);
#1292=CARTESIAN_POINT('',(-3.476083252,3.403560502,-1.474699712));
#1293=VERTEX_POINT('',#1292);
#1294=CARTESIAN_POINT('',(-2.851083252,3.403560502,-1.474699712));
#1295=DIRECTION('',(0.,0.,1.));
#1296=DIRECTION('',(1.,0.,-0.));
#1297=AXIS2_PLACEMENT_3D('',#1294,#1295,#1296);
#1298=CIRCLE('',#1297,0.625);
#1299=EDGE_CURVE('',#1291,#1293,#1298,.T.);
#1300=ORIENTED_EDGE('',*,*,#1299,.T.);
#1301=CARTESIAN_POINT('',(-2.851083252,3.403560502,-1.474699712));
#1302=DIRECTION('',(0.,0.,1.));
#1303=DIRECTION('',(1.,0.,-0.));
#1304=AXIS2_PLACEMENT_3D('',#1301,#1302,#1303);
#1305=CIRCLE('',#1304,0.625);
#1306=EDGE_CURVE('',#1293,#1291,#1305,.T.);
#1307=ORIENTED_EDGE('',*,*,#1306,.T.);
#1308=EDGE_LOOP('',(#1300,#1307));
#1309=FACE_BOUND('',#1308,.T.);
#1310=ADVANCED_FACE('',(#1189,#1209,#1229,#1249,#1269,#1289,#1309),#1121,.F.);
#1311=CARTESIAN_POINT('',(-0.051083252,-4.096439498,-1.474699461));
#1312=DIRECTION('',(0.,-0.707106781,0.707106781));
#1313=DIRECTION('',(-1.,0.,0.));
#1314=AXIS2_PLACEMENT_3D('',#1311,#1312,#1313);
#1315=PLANE('',#1314);
#1316=ORIENTED_EDGE('',*,*,#699,.F.);
#1317=CARTESIAN_POINT('',(-11.026819183,-5.096439498,-2.474699461));
#1318=DIRECTION('',(-0.86285621,0.357406744,0.357406744));
#1319=VECTOR('',#1318,0.839379796);
#1320=LINE('',#1317,#1319);
#1321=EDGE_CURVE('',#686,#1101,#1320,.T.);
#1322=ORIENTED_EDGE('',*,*,#1321,.T.);
#1323=ORIENTED_EDGE('',*,*,#1106,.T.);
#1324=CARTESIAN_POINT('',(-11.951083252,-4.472175429,-1.850435392));
#1325=VERTEX_POINT('',#1324);
#1326=CARTESIAN_POINT('',(-11.863215286,-4.684307464,-2.062567427));
#1327=CARTESIAN_POINT('',(-11.951083252,-4.596439498,-1.974699461));
#1328=CARTESIAN_POINT('',(-11.951083252,-4.472175429,-1.850435392));
#1329=(BOUNDED_CURVE()
B_SPLINE_CURVE(2,(#1326,#1327,#1328),.UNSPECIFIED.,.F.,.F.)
B_SPLINE_CURVE_WITH_KNOTS((3,3),(224.999999884,270.000000095),.UNSPECIFIED.)
CURVE()
GEOMETRIC_REPRESENTATION_ITEM()
RATIONAL_B_SPLINE_CURVE((1.,0.923879532,1.))
REPRESENTATION_ITEM(''));
#1330=EDGE_CURVE('',#1093,#1325,#1329,.T.);
#1331=ORIENTED_EDGE('',*,*,#1330,.T.);
#1332=CARTESIAN_POINT('',(-11.951083252,-4.096439498,-1.474699461));
#1333=DIRECTION('',(0.,-0.707106782,-0.70710678));
#1334=VECTOR('',#1333,0.531370849);
#1335=LINE('',#1332,#1334);
#1336=EDGE_CURVE('',#1123,#1325,#1335,.T.);
#1337=ORIENTED_EDGE('',*,*,#1336,.F.);
#1338=ORIENTED_EDGE('',*,*,#1186,.F.);
#1339=CARTESIAN_POINT('',(-0.964641866,-4.477398214,-1.855658177));
#1340=VERTEX_POINT('',#1339);
#1341=CARTESIAN_POINT('',(-0.964641866,-4.477398214,-1.855658177));
#1342=CARTESIAN_POINT('',(-0.918767181,-4.240952445,-1.619212408));
#1343=CARTESIAN_POINT('',(-0.726083252,-4.096439498,-1.474699461));
#1344=(BOUNDED_CURVE()
B_SPLINE_CURVE(2,(#1341,#1342,#1343),.UNSPECIFIED.,.F.,.F.)
B_SPLINE_CURVE_WITH_KNOTS((3,3),(100.979983807,143.130102369),.UNSPECIFIED.)
CURVE()
GEOMETRIC_REPRESENTATION_ITEM()
RATIONAL_B_SPLINE_CURVE((1.,0.933110152,1.))
REPRESENTATION_ITEM(''));
#1345=EDGE_CURVE('',#1340,#1174,#1344,.T.);
#1346=ORIENTED_EDGE('',*,*,#1345,.F.);
#1347=CARTESIAN_POINT('',(-0.726083252,-5.096439498,-2.474699461));
#1348=CARTESIAN_POINT('',(-1.039186226,-4.861612268,-2.239872231));
#1349=CARTESIAN_POINT('',(-0.964641866,-4.477398214,-1.855658177));
#1350=(BOUNDED_CURVE()
B_SPLINE_CURVE(2,(#1347,#1348,#1349),.UNSPECIFIED.,.F.,.F.)
B_SPLINE_CURVE_WITH_KNOTS((3,3),(36.869897631,100.979983807),.UNSPECIFIED.)
CURVE()
GEOMETRIC_REPRESENTATION_ITEM()
RATIONAL_B_SPLINE_CURVE((1.,0.84753862,1.))
REPRESENTATION_ITEM(''));
#1351=EDGE_CURVE('',#711,#1340,#1350,.T.);
#1352=ORIENTED_EDGE('',*,*,#1351,.F.);
#1353=ORIENTED_EDGE('',*,*,#716,.F.);
#1354=CARTESIAN_POINT('',(-8.976083252,-4.876439498,-2.254699461));
#1355=VERTEX_POINT('',#1354);
#1356=CARTESIAN_POINT('',(-7.766083252,-5.096439498,-2.474699461));
#1357=CARTESIAN_POINT('',(-7.620827364,-4.710190886,-2.088450849));
#1358=CARTESIAN_POINT('',(-7.91896801,-4.424885053,-1.803145016));
#1359=CARTESIAN_POINT('',(-8.217108656,-4.139579219,-1.517839182));
#1360=CARTESIAN_POINT('',(-8.596595954,-4.301679972,-1.679939935));
#1361=CARTESIAN_POINT('',(-8.976083252,-4.463780725,-1.842040688));
#1362=CARTESIAN_POINT('',(-8.976083252,-4.876439498,-2.254699461));
#1363=(BOUNDED_CURVE()
B_SPLINE_CURVE(2,(#1356,#1357,#1358,#1359,#1360,#1361,#1362),.UNSPECIFIED.,.F.,.F.)
B_SPLINE_CURVE_WITH_KNOTS((3,2,2,3),(249.390307052,316.260204701,383.130102351,450.),.UNSPECIFIED.)
CURVE()
GEOMETRIC_REPRESENTATION_ITEM()
RATIONAL_B_SPLINE_CURVE((1.,0.83451193,1.,0.83451193,1.,0.83451193,1.))
REPRESENTATION_ITEM(''));
#1364=EDGE_CURVE('',#702,#1355,#1363,.T.);
#1365=ORIENTED_EDGE('',*,*,#1364,.T.);
#1366=CARTESIAN_POINT('',(-8.976083252,-4.876439498,-2.254699461));
#1367=CARTESIAN_POINT('',(-8.976083252,-4.990075862,-2.368335825));
#1368=CARTESIAN_POINT('',(-8.936083252,-5.096439498,-2.474699461));
#1369=(BOUNDED_CURVE()
B_SPLINE_CURVE(2,(#1366,#1367,#1368),.UNSPECIFIED.,.F.,.F.)
B_SPLINE_CURVE_WITH_KNOTS((3,3),(90.,110.609692948),.UNSPECIFIED.)
CURVE()
GEOMETRIC_REPRESENTATION_ITEM()
RATIONAL_B_SPLINE_CURVE((1.,0.98386991,1.))
REPRESENTATION_ITEM(''));
#1370=EDGE_CURVE('',#1355,#694,#1369,.T.);
#1371=ORIENTED_EDGE('',*,*,#1370,.T.);
#1372=EDGE_LOOP('',(#1316,#1322,#1323,#1331,#1337,#1338,#1346,#1352,#1353,#1365,#1371));
#1373=FACE_BOUND('',#1372,.T.);
#1374=ADVANCED_FACE('',(#1373),#1315,.F.);
#1375=CARTESIAN_POINT('',(-8.351083252,-4.876439498,-0.574699461));
#1376=DIRECTION('',(0.,0.,1.));
#1377=DIRECTION('',(-1.,0.,0.));
#1378=AXIS2_PLACEMENT_3D('',#1375,#1376,#1377);
#1379=CYLINDRICAL_SURFACE('',#1378,0.625);
#1380=CARTESIAN_POINT('',(-8.976083252,-4.876439498,-0.174699461));
#1381=DIRECTION('',(-0.,-0.,-1.));
#1382=VECTOR('',#1381,2.08);
#1383=LINE('',#1380,#1382);
#1384=EDGE_CURVE('',#411,#1355,#1383,.T.);
#1385=ORIENTED_EDGE('',*,*,#1384,.F.);
#1386=ORIENTED_EDGE('',*,*,#417,.F.);
#1387=ORIENTED_EDGE('',*,*,#424,.F.);
#1388=ORIENTED_EDGE('',*,*,#1384,.T.);
#1389=ORIENTED_EDGE('',*,*,#1364,.F.);
#1390=ORIENTED_EDGE('',*,*,#708,.F.);
#1391=ORIENTED_EDGE('',*,*,#1370,.F.);
#1392=EDGE_LOOP('',(#1385,#1386,#1387,#1388,#1389,#1390,#1391));
#1393=FACE_BOUND('',#1392,.T.);
#1394=ADVANCED_FACE('',(#1393),#1379,.F.);
#1395=CARTESIAN_POINT('',(-0.051083252,-4.096439498,-1.474699461));
#1396=DIRECTION('',(0.,-0.707106781,0.707106781));
#1397=DIRECTION('',(-1.,0.,0.));
#1398=AXIS2_PLACEMENT_3D('',#1395,#1396,#1397);
#1399=PLANE('',#1398);
#1400=CARTESIAN_POINT('',(11.761048782,-4.684307464,-2.062567427));
#1401=VERTEX_POINT('',#1400);
#1402=CARTESIAN_POINT('',(11.648916748,-4.796439498,-2.174699461));
#1403=VERTEX_POINT('',#1402);
#1404=CARTESIAN_POINT('',(11.761048782,-4.684307464,-2.062567427));
#1405=DIRECTION('',(-0.577350269,-0.577350269,-0.577350269));
#1406=VECTOR('',#1405,0.19421838);
#1407=LINE('',#1404,#1406);
#1408=EDGE_CURVE('',#1401,#1403,#1407,.T.);
#1409=ORIENTED_EDGE('',*,*,#1408,.T.);
#1410=CARTESIAN_POINT('',(11.648916748,-4.796439498,-2.174699461));
#1411=DIRECTION('',(-0.86285621,-0.357406744,-0.357406744));
#1412=VECTOR('',#1411,0.839379796);
#1413=LINE('',#1410,#1412);
#1414=EDGE_CURVE('',#1403,#557,#1413,.T.);
#1415=ORIENTED_EDGE('',*,*,#1414,.T.);
#1416=ORIENTED_EDGE('',*,*,#562,.F.);
#1417=CARTESIAN_POINT('',(8.760687733,-4.748528351,-2.126788314));
#1418=VERTEX_POINT('',#1417);
#1419=CARTESIAN_POINT('',(8.733916748,-5.096439498,-2.474699461));
#1420=CARTESIAN_POINT('',(8.797872554,-4.926375197,-2.30463516));
#1421=CARTESIAN_POINT('',(8.760687733,-4.748528351,-2.126788314));
#1422=(BOUNDED_CURVE()
B_SPLINE_CURVE(2,(#1419,#1420,#1421),.UNSPECIFIED.,.F.,.F.)
B_SPLINE_CURVE_WITH_KNOTS((3,3),(249.390307052,281.809469813),.UNSPECIFIED.)
CURVE()
GEOMETRIC_REPRESENTATION_ITEM()
RATIONAL_B_SPLINE_CURVE((1.,0.960247018,1.))
REPRESENTATION_ITEM(''));
#1423=EDGE_CURVE('',#555,#1418,#1422,.T.);
#1424=ORIENTED_EDGE('',*,*,#1423,.T.);
#1425=CARTESIAN_POINT('',(7.523916748,-4.876439498,-2.254699461));
#1426=VERTEX_POINT('',#1425);
#1427=CARTESIAN_POINT('',(8.760687733,-4.748528351,-2.126788314));
#1428=CARTESIAN_POINT('',(8.645323325,-4.196765669,-1.575025632));
#1429=CARTESIAN_POINT('',(8.084620037,-4.254755549,-1.633015512));
#1430=CARTESIAN_POINT('',(7.523916748,-4.312745429,-1.691005392));
#1431=CARTESIAN_POINT('',(7.523916748,-4.876439498,-2.254699461));
#1432=(BOUNDED_CURVE()
B_SPLINE_CURVE(2,(#1427,#1428,#1429,#1430,#1431),.UNSPECIFIED.,.F.,.F.)
B_SPLINE_CURVE_WITH_KNOTS((3,2,3),(281.809469813,365.904734907,450.),.UNSPECIFIED.)
CURVE()
GEOMETRIC_REPRESENTATION_ITEM()
RATIONAL_B_SPLINE_CURVE((1.,0.742588291,1.,0.742588291,1.))
REPRESENTATION_ITEM(''));
#1433=EDGE_CURVE('',#1418,#1426,#1432,.T.);
#1434=ORIENTED_EDGE('',*,*,#1433,.T.);
#1435=CARTESIAN_POINT('',(7.523916748,-4.876439498,-2.254699461));
#1436=CARTESIAN_POINT('',(7.523916748,-4.990075862,-2.368335825));
#1437=CARTESIAN_POINT('',(7.563916748,-5.096439498,-2.474699461));
#1438=(BOUNDED_CURVE()
B_SPLINE_CURVE(2,(#1435,#1436,#1437),.UNSPECIFIED.,.F.,.F.)
B_SPLINE_CURVE_WITH_KNOTS((3,3),(90.,110.609692948),.UNSPECIFIED.)
CURVE()
GEOMETRIC_REPRESENTATION_ITEM()
RATIONAL_B_SPLINE_CURVE((1.,0.98386991,1.))
REPRESENTATION_ITEM(''));
#1439=EDGE_CURVE('',#1426,#728,#1438,.T.);
#1440=ORIENTED_EDGE('',*,*,#1439,.T.);
#1441=ORIENTED_EDGE('',*,*,#733,.F.);
#1442=CARTESIAN_POINT('',(0.273916748,-4.596439498,-1.974699461));
#1443=VERTEX_POINT('',#1442);
#1444=CARTESIAN_POINT('',(0.273916748,-4.596439498,-1.974699461));
#1445=CARTESIAN_POINT('',(0.273916748,-4.908939498,-2.287199461));
#1446=CARTESIAN_POINT('',(0.023916748,-5.096439498,-2.474699461));
#1447=(BOUNDED_CURVE()
B_SPLINE_CURVE(2,(#1444,#1445,#1446),.UNSPECIFIED.,.F.,.F.)
B_SPLINE_CURVE_WITH_KNOTS((3,3),(270.,323.130102369),.UNSPECIFIED.)
CURVE()
GEOMETRIC_REPRESENTATION_ITEM()
RATIONAL_B_SPLINE_CURVE((1.,0.894427191,1.))
REPRESENTATION_ITEM(''));
#1448=EDGE_CURVE('',#1443,#719,#1447,.T.);
#1449=ORIENTED_EDGE('',*,*,#1448,.F.);
#1450=CARTESIAN_POINT('',(0.187173475,-4.278784504,-1.657044467));
#1451=VERTEX_POINT('',#1450);
#1452=CARTESIAN_POINT('',(0.187173475,-4.278784504,-1.657044467));
#1453=CARTESIAN_POINT('',(0.273916748,-4.425768341,-1.804028304));
#1454=CARTESIAN_POINT('',(0.273916748,-4.596439498,-1.974699461));
#1455=(BOUNDED_CURVE()
B_SPLINE_CURVE(2,(#1452,#1453,#1454),.UNSPECIFIED.,.F.,.F.)
B_SPLINE_CURVE_WITH_KNOTS((3,3),(239.452800385,270.),.UNSPECIFIED.)
CURVE()
GEOMETRIC_REPRESENTATION_ITEM()
RATIONAL_B_SPLINE_CURVE((1.,0.964678901,1.))
REPRESENTATION_ITEM(''));
#1456=EDGE_CURVE('',#1451,#1443,#1455,.T.);
#1457=ORIENTED_EDGE('',*,*,#1456,.F.);
#1458=CARTESIAN_POINT('',(0.187173475,-4.278784504,-1.657044467));
#1459=CARTESIAN_POINT('',(0.12374903,-4.171313709,-1.549573672));
#1460=CARTESIAN_POINT('',(0.023916748,-4.096439498,-1.474699461));
#1461=(BOUNDED_CURVE()
B_SPLINE_CURVE(2,(#1458,#1459,#1460),.UNSPECIFIED.,.F.,.F.)
B_SPLINE_CURVE_WITH_KNOTS((3,3),(120.547199615,143.130102369),.UNSPECIFIED.)
CURVE()
GEOMETRIC_REPRESENTATION_ITEM()
RATIONAL_B_SPLINE_CURVE((1.,0.980643883,1.))
REPRESENTATION_ITEM(''));
#1462=EDGE_CURVE('',#1451,#1166,#1461,.T.);
#1463=ORIENTED_EDGE('',*,*,#1462,.T.);
#1464=ORIENTED_EDGE('',*,*,#1171,.F.);
#1465=CARTESIAN_POINT('',(11.848916748,-4.472175429,-1.850435391));
#1466=VERTEX_POINT('',#1465);
#1467=CARTESIAN_POINT('',(11.848916748,-4.472175429,-1.850435391));
#1468=DIRECTION('',(0.,0.707106782,0.70710678));
#1469=VECTOR('',#1468,0.531370849);
#1470=LINE('',#1467,#1469);
#1471=EDGE_CURVE('',#1466,#1158,#1470,.T.);
#1472=ORIENTED_EDGE('',*,*,#1471,.F.);
#1473=CARTESIAN_POINT('',(11.848916748,-4.472175429,-1.850435392));
#1474=CARTESIAN_POINT('',(11.848916748,-4.596439498,-1.974699461));
#1475=CARTESIAN_POINT('',(11.761048782,-4.684307464,-2.062567427));
#1476=(BOUNDED_CURVE()
B_SPLINE_CURVE(2,(#1473,#1474,#1475),.UNSPECIFIED.,.F.,.F.)
B_SPLINE_CURVE_WITH_KNOTS((3,3),(89.999999905,135.000000116),.UNSPECIFIED.)
CURVE()
GEOMETRIC_REPRESENTATION_ITEM()
RATIONAL_B_SPLINE_CURVE((1.,0.923879532,1.))
REPRESENTATION_ITEM(''));
#1477=EDGE_CURVE('',#1466,#1401,#1476,.T.);
#1478=ORIENTED_EDGE('',*,*,#1477,.T.);
#1479=EDGE_LOOP('',(#1409,#1415,#1416,#1424,#1434,#1440,#1441,#1449,#1457,#1463,#1464,#1472,#1478));
#1480=FACE_BOUND('',#1479,.T.);
#1481=ADVANCED_FACE('',(#1480),#1399,.F.);
#1482=CARTESIAN_POINT('',(-0.351083252,-4.596439498,0.225300539));
#1483=DIRECTION('',(0.,0.,-1.));
#1484=DIRECTION('',(1.,0.,0.));
#1485=AXIS2_PLACEMENT_3D('',#1482,#1483,#1484);
#1486=CYLINDRICAL_SURFACE('',#1485,0.625);
#1487=CARTESIAN_POINT('',(0.273916748,-4.596439498,-1.974699461));
#1488=DIRECTION('',(-0.,-0.,1.));
#1489=VECTOR('',#1488,1.8);
#1490=LINE('',#1487,#1489);
#1491=EDGE_CURVE('',#1443,#311,#1490,.T.);
#1492=ORIENTED_EDGE('',*,*,#1491,.F.);
#1493=ORIENTED_EDGE('',*,*,#1448,.T.);
#1494=ORIENTED_EDGE('',*,*,#725,.F.);
#1495=ORIENTED_EDGE('',*,*,#1351,.T.);
#1496=ORIENTED_EDGE('',*,*,#1345,.T.);
#1497=ORIENTED_EDGE('',*,*,#1180,.T.);
#1498=ORIENTED_EDGE('',*,*,#1462,.F.);
#1499=ORIENTED_EDGE('',*,*,#1456,.T.);
#1500=ORIENTED_EDGE('',*,*,#1491,.T.);
#1501=ORIENTED_EDGE('',*,*,#317,.F.);
#1502=ORIENTED_EDGE('',*,*,#324,.F.);
#1503=EDGE_LOOP('',(#1492,#1493,#1494,#1495,#1496,#1497,#1498,#1499,#1500,#1501,#1502));
#1504=FACE_BOUND('',#1503,.T.);
#1505=ADVANCED_FACE('',(#1504),#1486,.F.);
#1506=CARTESIAN_POINT('',(8.148916748,-4.876439498,-0.674699461));
#1507=DIRECTION('',(0.,0.,1.));
#1508=DIRECTION('',(-1.,0.,0.));
#1509=AXIS2_PLACEMENT_3D('',#1506,#1507,#1508);
#1510=CYLINDRICAL_SURFACE('',#1509,0.625);
#1511=CARTESIAN_POINT('',(7.523916748,-4.876439498,-0.174699461));
#1512=DIRECTION('',(-0.,-0.,-1.));
#1513=VECTOR('',#1512,2.08);
#1514=LINE('',#1511,#1513);
#1515=EDGE_CURVE('',#351,#1426,#1514,.T.);
#1516=ORIENTED_EDGE('',*,*,#1515,.F.);
#1517=ORIENTED_EDGE('',*,*,#357,.F.);
#1518=ORIENTED_EDGE('',*,*,#364,.F.);
#1519=ORIENTED_EDGE('',*,*,#1515,.T.);
#1520=ORIENTED_EDGE('',*,*,#1433,.F.);
#1521=ORIENTED_EDGE('',*,*,#1423,.F.);
#1522=ORIENTED_EDGE('',*,*,#740,.F.);
#1523=ORIENTED_EDGE('',*,*,#1439,.F.);
#1524=EDGE_LOOP('',(#1516,#1517,#1518,#1519,#1520,#1521,#1522,#1523));
#1525=FACE_BOUND('',#1524,.T.);
#1526=ADVANCED_FACE('',(#1525),#1510,.F.);
#1527=CARTESIAN_POINT('',(-0.051083252,-5.596439498,0.225300539));
#1528=DIRECTION('',(0.,1.,0.));
#1529=DIRECTION('',(0.,0.,-1.));
#1530=AXIS2_PLACEMENT_3D('',#1527,#1528,#1529);
#1531=PLANE('',#1530);
#1532=ORIENTED_EDGE('',*,*,#1024,.T.);
#1533=CARTESIAN_POINT('',(-10.826819183,-5.596439498,-0.474699461));
#1534=VERTEX_POINT('',#1533);
#1535=CARTESIAN_POINT('',(-10.72470917,-5.596439498,-0.474699461));
#1536=DIRECTION('',(-1.,0.,0.));
#1537=VECTOR('',#1536,0.102110013);
#1538=LINE('',#1535,#1537);
#1539=EDGE_CURVE('',#1010,#1534,#1538,.T.);
#1540=ORIENTED_EDGE('',*,*,#1539,.T.);
#1541=CARTESIAN_POINT('',(-10.826819183,-5.596439498,-2.174699461));
#1542=VERTEX_POINT('',#1541);
#1543=CARTESIAN_POINT('',(-10.826819183,-5.596439498,-0.474699461));
#1544=DIRECTION('',(0.,0.,-1.));
#1545=VECTOR('',#1544,1.7);
#1546=LINE('',#1543,#1545);
#1547=EDGE_CURVE('',#1534,#1542,#1546,.T.);
#1548=ORIENTED_EDGE('',*,*,#1547,.T.);
#1549=CARTESIAN_POINT('',(-10.826819183,-5.596439498,-2.174699461));
#1550=DIRECTION('',(1.,-0.,-0.));
#1551=VECTOR('',#1550,0.102110013);
#1552=LINE('',#1549,#1551);
#1553=EDGE_CURVE('',#1542,#1019,#1552,.T.);
#1554=ORIENTED_EDGE('',*,*,#1553,.T.);
#1555=EDGE_LOOP('',(#1532,#1540,#1548,#1554));
#1556=FACE_BOUND('',#1555,.T.);
#1557=ADVANCED_FACE('',(#1556),#1531,.F.);
#1558=CARTESIAN_POINT('',(-0.051083252,-5.596439498,0.225300539));
#1559=DIRECTION('',(0.,1.,0.));
#1560=DIRECTION('',(0.,0.,-1.));
#1561=AXIS2_PLACEMENT_3D('',#1558,#1559,#1560);
#1562=PLANE('',#1561);
#1563=ORIENTED_EDGE('',*,*,#991,.T.);
#1564=CARTESIAN_POINT('',(5.195258,-5.596439498,-0.474699461));
#1565=DIRECTION('',(-1.,0.,0.));
#1566=VECTOR('',#1565,2.984603561);
#1567=LINE('',#1564,#1566);
#1568=EDGE_CURVE('',#977,#826,#1567,.T.);
#1569=ORIENTED_EDGE('',*,*,#1568,.T.);
#1570=ORIENTED_EDGE('',*,*,#833,.T.);
#1571=CARTESIAN_POINT('',(2.210654439,-5.596439498,-2.174699461));
#1572=DIRECTION('',(1.,-0.,-0.));
#1573=VECTOR('',#1572,2.984603561);
#1574=LINE('',#1571,#1573);
#1575=EDGE_CURVE('',#828,#986,#1574,.T.);
#1576=ORIENTED_EDGE('',*,*,#1575,.T.);
#1577=EDGE_LOOP('',(#1563,#1569,#1570,#1576));
#1578=FACE_BOUND('',#1577,.T.);
#1579=ADVANCED_FACE('',(#1578),#1562,.F.);
#1580=CARTESIAN_POINT('',(-2.851083252,-3.396439498,-0.674699461));
#1581=DIRECTION('',(0.,0.,1.));
#1582=DIRECTION('',(-1.,0.,0.));
#1583=AXIS2_PLACEMENT_3D('',#1580,#1581,#1582);
#1584=CYLINDRICAL_SURFACE('',#1583,0.625);
#1585=CARTESIAN_POINT('',(-3.476083252,-3.396439498,-0.174699461));
#1586=DIRECTION('',(-0.,-0.,-1.));
#1587=VECTOR('',#1586,1.300000251);
#1588=LINE('',#1585,#1587);
#1589=EDGE_CURVE('',#369,#1231,#1588,.T.);
#1590=ORIENTED_EDGE('',*,*,#1589,.F.);
#1591=ORIENTED_EDGE('',*,*,#377,.T.);
#1592=ORIENTED_EDGE('',*,*,#384,.T.);
#1593=ORIENTED_EDGE('',*,*,#1589,.T.);
#1594=ORIENTED_EDGE('',*,*,#1239,.T.);
#1595=ORIENTED_EDGE('',*,*,#1246,.T.);
#1596=EDGE_LOOP('',(#1590,#1591,#1592,#1593,#1594,#1595));
#1597=FACE_BOUND('',#1596,.T.);
#1598=ADVANCED_FACE('',(#1597),#1584,.F.);
#1599=CARTESIAN_POINT('',(-5.201083252,-3.396439498,-0.674699461));
#1600=DIRECTION('',(0.,0.,1.));
#1601=DIRECTION('',(-1.,0.,0.));
#1602=AXIS2_PLACEMENT_3D('',#1599,#1600,#1601);
#1603=CYLINDRICAL_SURFACE('',#1602,0.625);
#1604=CARTESIAN_POINT('',(-5.826083252,-3.396439498,-0.174699461));
#1605=DIRECTION('',(-0.,-0.,-1.));
#1606=VECTOR('',#1605,1.300000251);
#1607=LINE('',#1604,#1606);
#1608=EDGE_CURVE('',#391,#1213,#1607,.T.);
#1609=ORIENTED_EDGE('',*,*,#1608,.F.);
#1610=ORIENTED_EDGE('',*,*,#397,.F.);
#1611=ORIENTED_EDGE('',*,*,#404,.F.);
#1612=ORIENTED_EDGE('',*,*,#1608,.T.);
#1613=ORIENTED_EDGE('',*,*,#1219,.F.);
#1614=ORIENTED_EDGE('',*,*,#1226,.F.);
#1615=EDGE_LOOP('',(#1609,#1610,#1611,#1612,#1613,#1614));
#1616=FACE_BOUND('',#1615,.T.);
#1617=ADVANCED_FACE('',(#1616),#1603,.F.);
#1618=CARTESIAN_POINT('',(-0.051083252,-5.596439498,0.225300539));
#1619=DIRECTION('',(0.,1.,0.));
#1620=DIRECTION('',(0.,0.,-1.));
#1621=AXIS2_PLACEMENT_3D('',#1618,#1619,#1620);
#1622=PLANE('',#1621);
#1623=CARTESIAN_POINT('',(10.724652679,-5.596439498,-2.174699461));
#1624=VERTEX_POINT('',#1623);
#1625=CARTESIAN_POINT('',(10.724652679,-5.596439498,-0.474699461));
#1626=VERTEX_POINT('',#1625);
#1627=CARTESIAN_POINT('',(10.724652679,-5.596439498,-2.174699461));
#1628=DIRECTION('',(-0.,-0.,1.));
#1629=VECTOR('',#1628,1.7);
#1630=LINE('',#1627,#1629);
#1631=EDGE_CURVE('',#1624,#1626,#1630,.T.);
#1632=ORIENTED_EDGE('',*,*,#1631,.T.);
#1633=CARTESIAN_POINT('',(10.724652679,-5.596439498,-0.474699461));
#1634=DIRECTION('',(-1.,0.,0.));
#1635=VECTOR('',#1634,0.202110013);
#1636=LINE('',#1633,#1635);
#1637=EDGE_CURVE('',#1626,#1042,#1636,.T.);
#1638=ORIENTED_EDGE('',*,*,#1637,.T.);
#1639=ORIENTED_EDGE('',*,*,#1049,.T.);
#1640=CARTESIAN_POINT('',(10.522542666,-5.596439498,-2.174699461));
#1641=DIRECTION('',(1.,-0.,-0.));
#1642=VECTOR('',#1641,0.202110013);
#1643=LINE('',#1640,#1642);
#1644=EDGE_CURVE('',#1044,#1624,#1643,.T.);
#1645=ORIENTED_EDGE('',*,*,#1644,.T.);
#1646=EDGE_LOOP('',(#1632,#1638,#1639,#1645));
#1647=FACE_BOUND('',#1646,.T.);
#1648=ADVANCED_FACE('',(#1647),#1622,.F.);
#1649=CARTESIAN_POINT('',(2.648916748,-2.971439498,0.225300539));
#1650=DIRECTION('',(0.,0.,-1.));
#1651=DIRECTION('',(1.,0.,0.));
#1652=AXIS2_PLACEMENT_3D('',#1649,#1650,#1651);
#1653=CYLINDRICAL_SURFACE('',#1652,0.7);
#1654=CARTESIAN_POINT('',(3.348916748,-2.971439498,-0.974699461));
#1655=VERTEX_POINT('',#1654);
#1656=CARTESIAN_POINT('',(3.348916748,-2.971439498,-1.474699461));
#1657=DIRECTION('',(-0.,-0.,1.));
#1658=VECTOR('',#1657,0.5);
#1659=LINE('',#1656,#1658);
#1660=EDGE_CURVE('',#1193,#1655,#1659,.T.);
#1661=ORIENTED_EDGE('',*,*,#1660,.F.);
#1662=ORIENTED_EDGE('',*,*,#1199,.F.);
#1663=ORIENTED_EDGE('',*,*,#1206,.F.);
#1664=ORIENTED_EDGE('',*,*,#1660,.T.);
#1665=CARTESIAN_POINT('',(1.948916748,-2.971439498,-0.974699461));
#1666=VERTEX_POINT('',#1665);
#1667=CARTESIAN_POINT('',(2.648916748,-2.971439498,-0.974699461));
#1668=DIRECTION('',(-0.,-0.,1.));
#1669=DIRECTION('',(-1.,0.,0.));
#1670=AXIS2_PLACEMENT_3D('',#1667,#1668,#1669);
#1671=CIRCLE('',#1670,0.7);
#1672=EDGE_CURVE('',#1655,#1666,#1671,.T.);
#1673=ORIENTED_EDGE('',*,*,#1672,.T.);
#1674=CARTESIAN_POINT('',(2.648916748,-2.971439498,-0.974699461));
#1675=DIRECTION('',(-0.,-0.,1.));
#1676=DIRECTION('',(-1.,0.,0.));
#1677=AXIS2_PLACEMENT_3D('',#1674,#1675,#1676);
#1678=CIRCLE('',#1677,0.7);
#1679=EDGE_CURVE('',#1666,#1655,#1678,.T.);
#1680=ORIENTED_EDGE('',*,*,#1679,.T.);
#1681=EDGE_LOOP('',(#1661,#1662,#1663,#1664,#1673,#1680));
#1682=FACE_BOUND('',#1681,.T.);
#1683=ADVANCED_FACE('',(#1682),#1653,.F.);
#1684=CARTESIAN_POINT('',(-11.951083252,2.803560502,0.225300539));
#1685=DIRECTION('',(-1.,0.,0.));
#1686=DIRECTION('',(0.,0.,-1.));
#1687=AXIS2_PLACEMENT_3D('',#1684,#1685,#1686);
#1688=PLANE('',#1687);
#1689=CARTESIAN_POINT('',(-11.951083252,-4.472175429,-0.474699461));
#1690=VERTEX_POINT('',#1689);
#1691=CARTESIAN_POINT('',(-11.951083252,-4.472175429,-1.850435392));
#1692=DIRECTION('',(-0.,-0.,1.));
#1693=VECTOR('',#1692,1.37573593);
#1694=LINE('',#1691,#1693);
#1695=EDGE_CURVE('',#1325,#1690,#1694,.T.);
#1696=ORIENTED_EDGE('',*,*,#1695,.T.);
#1697=CARTESIAN_POINT('',(-11.951083252,4.479296433,-0.474699461));
#1698=VERTEX_POINT('',#1697);
#1699=CARTESIAN_POINT('',(-11.951083252,-4.472175429,-0.474699461));
#1700=DIRECTION('',(-0.,1.,-0.));
#1701=VECTOR('',#1700,8.951471862);
#1702=LINE('',#1699,#1701);
#1703=EDGE_CURVE('',#1690,#1698,#1702,.T.);
#1704=ORIENTED_EDGE('',*,*,#1703,.T.);
#1705=CARTESIAN_POINT('',(-11.951083252,4.479296433,-1.850435392));
#1706=VERTEX_POINT('',#1705);
#1707=CARTESIAN_POINT('',(-11.951083252,4.479296433,-1.850435392));
#1708=DIRECTION('',(0.,0.,1.));
#1709=VECTOR('',#1708,1.375735931);
#1710=LINE('',#1707,#1709);
#1711=EDGE_CURVE('',#1706,#1698,#1710,.T.);
#1712=ORIENTED_EDGE('',*,*,#1711,.F.);
#1713=CARTESIAN_POINT('',(-11.951083252,4.103560502,-1.474699461));
#1714=DIRECTION('',(-0.,0.707106781,-0.707106781));
#1715=VECTOR('',#1714,0.531370849);
#1716=LINE('',#1713,#1715);
#1717=EDGE_CURVE('',#1125,#1706,#1716,.T.);
#1718=ORIENTED_EDGE('',*,*,#1717,.F.);
#1719=ORIENTED_EDGE('',*,*,#1130,.F.);
#1720=ORIENTED_EDGE('',*,*,#1336,.T.);
#1721=EDGE_LOOP('',(#1696,#1704,#1712,#1718,#1719,#1720));
#1722=FACE_BOUND('',#1721,.T.);
#1723=ADVANCED_FACE('',(#1722),#1688,.T.);
#1724=CARTESIAN_POINT('',(-0.051083252,-5.596439498,0.225300539));
#1725=DIRECTION('',(0.,1.,0.));
#1726=DIRECTION('',(0.,0.,-1.));
#1727=AXIS2_PLACEMENT_3D('',#1724,#1725,#1726);
#1728=PLANE('',#1727);
#1729=ORIENTED_EDGE('',*,*,#808,.T.);
#1730=CARTESIAN_POINT('',(-2.912820943,-5.596439498,-0.474699461));
#1731=DIRECTION('',(-1.,0.,0.));
#1732=VECTOR('',#1731,2.484603561);
#1733=LINE('',#1730,#1732);
#1734=EDGE_CURVE('',#794,#943,#1733,.T.);
#1735=ORIENTED_EDGE('',*,*,#1734,.T.);
#1736=ORIENTED_EDGE('',*,*,#950,.T.);
#1737=CARTESIAN_POINT('',(-5.397424504,-5.596439498,-2.174699461));
#1738=DIRECTION('',(1.,-0.,-0.));
#1739=VECTOR('',#1738,2.484603561);
#1740=LINE('',#1737,#1739);
#1741=EDGE_CURVE('',#945,#803,#1740,.T.);
#1742=ORIENTED_EDGE('',*,*,#1741,.T.);
#1743=EDGE_LOOP('',(#1729,#1735,#1736,#1742));
#1744=FACE_BOUND('',#1743,.T.);
#1745=ADVANCED_FACE('',(#1744),#1728,.F.);
#1746=CARTESIAN_POINT('',(11.848916748,2.803560502,0.225300539));
#1747=DIRECTION('',(1.,0.,0.));
#1748=DIRECTION('',(0.,0.,1.));
#1749=AXIS2_PLACEMENT_3D('',#1746,#1747,#1748);
#1750=PLANE('',#1749);
#1751=CARTESIAN_POINT('',(11.848916748,4.479296433,-0.474699461));
#1752=VERTEX_POINT('',#1751);
#1753=CARTESIAN_POINT('',(11.848916748,4.479296433,-1.850435392));
#1754=VERTEX_POINT('',#1753);
#1755=CARTESIAN_POINT('',(11.848916748,4.479296433,-0.474699461));
#1756=DIRECTION('',(-0.,-0.,-1.));
#1757=VECTOR('',#1756,1.375735931);
#1758=LINE('',#1755,#1757);
#1759=EDGE_CURVE('',#1752,#1754,#1758,.T.);
#1760=ORIENTED_EDGE('',*,*,#1759,.F.);
#1761=CARTESIAN_POINT('',(11.848916748,-4.472175429,-0.474699461));
#1762=VERTEX_POINT('',#1761);
#1763=CARTESIAN_POINT('',(11.848916748,4.479296433,-0.474699461));
#1764=DIRECTION('',(0.,-1.,0.));
#1765=VECTOR('',#1764,8.951471862);
#1766=LINE('',#1763,#1765);
#1767=EDGE_CURVE('',#1752,#1762,#1766,.T.);
#1768=ORIENTED_EDGE('',*,*,#1767,.T.);
#1769=CARTESIAN_POINT('',(11.848916748,-4.472175429,-0.474699461));
#1770=DIRECTION('',(-0.,-0.,-1.));
#1771=VECTOR('',#1770,1.37573593);
#1772=LINE('',#1769,#1771);
#1773=EDGE_CURVE('',#1762,#1466,#1772,.T.);
#1774=ORIENTED_EDGE('',*,*,#1773,.T.);
#1775=ORIENTED_EDGE('',*,*,#1471,.T.);
#1776=ORIENTED_EDGE('',*,*,#1163,.F.);
#1777=CARTESIAN_POINT('',(11.848916748,4.479296433,-1.850435392));
#1778=DIRECTION('',(0.,-0.707106781,0.707106781));
#1779=VECTOR('',#1778,0.531370849);
#1780=LINE('',#1777,#1779);
#1781=EDGE_CURVE('',#1754,#1150,#1780,.T.);
#1782=ORIENTED_EDGE('',*,*,#1781,.F.);
#1783=EDGE_LOOP('',(#1760,#1768,#1774,#1775,#1776,#1782));
#1784=FACE_BOUND('',#1783,.T.);
#1785=ADVANCED_FACE('',(#1784),#1750,.T.);
#1786=CARTESIAN_POINT('',(2.648916748,-2.971439498,-0.574699461));
#1787=DIRECTION('',(0.,0.,1.));
#1788=DIRECTION('',(-1.,0.,0.));
#1789=AXIS2_PLACEMENT_3D('',#1786,#1787,#1788);
#1790=CYLINDRICAL_SURFACE('',#1789,1.4);
#1791=CARTESIAN_POINT('',(1.248916748,-2.971439498,-0.974699461));
#1792=VERTEX_POINT('',#1791);
#1793=CARTESIAN_POINT('',(1.248916748,-2.971439498,-0.174699461));
#1794=DIRECTION('',(-0.,-0.,-1.));
#1795=VECTOR('',#1794,0.8);
#1796=LINE('',#1793,#1795);
#1797=EDGE_CURVE('',#329,#1792,#1796,.T.);
#1798=ORIENTED_EDGE('',*,*,#1797,.F.);
#1799=ORIENTED_EDGE('',*,*,#337,.T.);
#1800=ORIENTED_EDGE('',*,*,#344,.T.);
#1801=ORIENTED_EDGE('',*,*,#1797,.T.);
#1802=CARTESIAN_POINT('',(4.048916748,-2.971439498,-0.974699461));
#1803=VERTEX_POINT('',#1802);
#1804=CARTESIAN_POINT('',(2.648916748,-2.971439498,-0.974699461));
#1805=DIRECTION('',(0.,0.,1.));
#1806=DIRECTION('',(1.,0.,-0.));
#1807=AXIS2_PLACEMENT_3D('',#1804,#1805,#1806);
#1808=CIRCLE('',#1807,1.4);
#1809=EDGE_CURVE('',#1803,#1792,#1808,.T.);
#1810=ORIENTED_EDGE('',*,*,#1809,.F.);
#1811=CARTESIAN_POINT('',(2.648916748,-2.971439498,-0.974699461));
#1812=DIRECTION('',(0.,0.,1.));
#1813=DIRECTION('',(1.,0.,-0.));
#1814=AXIS2_PLACEMENT_3D('',#1811,#1812,#1813);
#1815=CIRCLE('',#1814,1.4);
#1816=EDGE_CURVE('',#1792,#1803,#1815,.T.);
#1817=ORIENTED_EDGE('',*,*,#1816,.F.);
#1818=EDGE_LOOP('',(#1798,#1799,#1800,#1801,#1810,#1817));
#1819=FACE_BOUND('',#1818,.T.);
#1820=ADVANCED_FACE('',(#1819),#1790,.F.);
#1821=CARTESIAN_POINT('',(210.068871277,-280.788414497,-0.974699461));
#1822=DIRECTION('',(0.,0.,1.));
#1823=DIRECTION('',(-1.,0.,0.));
#1824=AXIS2_PLACEMENT_3D('',#1821,#1822,#1823);
#1825=PLANE('',#1824);
#1826=ORIENTED_EDGE('',*,*,#1672,.F.);
#1827=ORIENTED_EDGE('',*,*,#1679,.F.);
#1828=EDGE_LOOP('',(#1826,#1827));
#1829=FACE_BOUND('',#1828,.T.);
#1830=ORIENTED_EDGE('',*,*,#1809,.T.);
#1831=ORIENTED_EDGE('',*,*,#1816,.T.);
#1832=EDGE_LOOP('',(#1830,#1831));
#1833=FACE_BOUND('',#1832,.T.);
#1834=ADVANCED_FACE('',(#1829,#1833),#1825,.T.);
#1835=CARTESIAN_POINT('',(11.848916748,-4.596439498,0.225300539));
#1836=DIRECTION('',(0.707106781,-0.707106781,0.));
#1837=DIRECTION('',(0.,0.,1.));
#1838=AXIS2_PLACEMENT_3D('',#1835,#1836,#1837);
#1839=PLANE('',#1838);
#1840=CARTESIAN_POINT('',(11.761048782,-4.684307464,-0.474699461));
#1841=VERTEX_POINT('',#1840);
#1842=CARTESIAN_POINT('',(11.761048782,-4.684307464,-2.062567427));
#1843=DIRECTION('',(0.,0.,1.));
#1844=VECTOR('',#1843,1.587867966);
#1845=LINE('',#1842,#1844);
#1846=EDGE_CURVE('',#1401,#1841,#1845,.T.);
#1847=ORIENTED_EDGE('',*,*,#1846,.T.);
#1848=CARTESIAN_POINT('',(10.936784714,-5.508571532,-0.474699461));
#1849=VERTEX_POINT('',#1848);
#1850=CARTESIAN_POINT('',(11.761048782,-4.684307464,-0.474699461));
#1851=DIRECTION('',(-0.707106781,-0.707106781,0.));
#1852=VECTOR('',#1851,1.165685425);
#1853=LINE('',#1850,#1852);
#1854=EDGE_CURVE('',#1841,#1849,#1853,.T.);
#1855=ORIENTED_EDGE('',*,*,#1854,.T.);
#1856=CARTESIAN_POINT('',(10.936784714,-5.508571532,-2.174699461));
#1857=VERTEX_POINT('',#1856);
#1858=CARTESIAN_POINT('',(10.936784714,-5.508571532,-0.474699461));
#1859=DIRECTION('',(-0.,-0.,-1.));
#1860=VECTOR('',#1859,1.7);
#1861=LINE('',#1858,#1860);
#1862=EDGE_CURVE('',#1849,#1857,#1861,.T.);
#1863=ORIENTED_EDGE('',*,*,#1862,.T.);
#1864=CARTESIAN_POINT('',(10.936784714,-5.508571532,-2.174699461));
#1865=DIRECTION('',(0.707106781,0.707106781,-0.));
#1866=VECTOR('',#1865,1.007106781);
#1867=LINE('',#1864,#1866);
#1868=EDGE_CURVE('',#1857,#1403,#1867,.T.);
#1869=ORIENTED_EDGE('',*,*,#1868,.T.);
#1870=ORIENTED_EDGE('',*,*,#1408,.F.);
#1871=EDGE_LOOP('',(#1847,#1855,#1863,#1869,#1870));
#1872=FACE_BOUND('',#1871,.T.);
#1873=ADVANCED_FACE('',(#1872),#1839,.T.);
#1874=CARTESIAN_POINT('',(10.724652679,-5.296439498,0.225300539));
#1875=DIRECTION('',(0.,0.,1.));
#1876=DIRECTION('',(1.,0.,-0.));
#1877=AXIS2_PLACEMENT_3D('',#1874,#1875,#1876);
#1878=CYLINDRICAL_SURFACE('',#1877,0.3);
#1879=ORIENTED_EDGE('',*,*,#1862,.F.);
#1880=CARTESIAN_POINT('',(10.724652679,-5.296439498,-0.474699461));
#1881=DIRECTION('',(-0.,-0.,-1.));
#1882=DIRECTION('',(1.,0.,-0.));
#1883=AXIS2_PLACEMENT_3D('',#1880,#1881,#1882);
#1884=CIRCLE('',#1883,0.3);
#1885=EDGE_CURVE('',#1849,#1626,#1884,.T.);
#1886=ORIENTED_EDGE('',*,*,#1885,.T.);
#1887=ORIENTED_EDGE('',*,*,#1631,.F.);
#1888=CARTESIAN_POINT('',(10.724652679,-5.296439498,-2.174699461));
#1889=DIRECTION('',(0.,0.,1.));
#1890=DIRECTION('',(1.,0.,-0.));
#1891=AXIS2_PLACEMENT_3D('',#1888,#1889,#1890);
#1892=CIRCLE('',#1891,0.3);
#1893=EDGE_CURVE('',#1624,#1857,#1892,.T.);
#1894=ORIENTED_EDGE('',*,*,#1893,.T.);
#1895=EDGE_LOOP('',(#1879,#1886,#1887,#1894));
#1896=FACE_BOUND('',#1895,.T.);
#1897=ADVANCED_FACE('',(#1896),#1878,.T.);
#1898=CARTESIAN_POINT('',(-11.651083252,-4.472175429,0.225300539));
#1899=DIRECTION('',(0.,0.,1.));
#1900=DIRECTION('',(1.,0.,-0.));
#1901=AXIS2_PLACEMENT_3D('',#1898,#1899,#1900);
#1902=CYLINDRICAL_SURFACE('',#1901,0.3);
#1903=ORIENTED_EDGE('',*,*,#1098,.F.);
#1904=CARTESIAN_POINT('',(-11.651083252,-4.472175429,-0.474699461));
#1905=DIRECTION('',(-0.,-0.,-1.));
#1906=DIRECTION('',(1.,0.,-0.));
#1907=AXIS2_PLACEMENT_3D('',#1904,#1905,#1906);
#1908=CIRCLE('',#1907,0.3);
#1909=EDGE_CURVE('',#1085,#1690,#1908,.T.);
#1910=ORIENTED_EDGE('',*,*,#1909,.T.);
#1911=ORIENTED_EDGE('',*,*,#1695,.F.);
#1912=ORIENTED_EDGE('',*,*,#1330,.F.);
#1913=EDGE_LOOP('',(#1903,#1910,#1911,#1912));
#1914=FACE_BOUND('',#1913,.T.);
#1915=ADVANCED_FACE('',(#1914),#1902,.T.);
#1916=CARTESIAN_POINT('',(-10.826819183,-5.296439498,0.225300539));
#1917=DIRECTION('',(0.,0.,1.));
#1918=DIRECTION('',(1.,0.,-0.));
#1919=AXIS2_PLACEMENT_3D('',#1916,#1917,#1918);
#1920=CYLINDRICAL_SURFACE('',#1919,0.3);
#1921=ORIENTED_EDGE('',*,*,#1547,.F.);
#1922=CARTESIAN_POINT('',(-10.826819183,-5.296439498,-0.474699461));
#1923=DIRECTION('',(-0.,-0.,-1.));
#1924=DIRECTION('',(1.,0.,-0.));
#1925=AXIS2_PLACEMENT_3D('',#1922,#1923,#1924);
#1926=CIRCLE('',#1925,0.3);
#1927=EDGE_CURVE('',#1534,#1077,#1926,.T.);
#1928=ORIENTED_EDGE('',*,*,#1927,.T.);
#1929=ORIENTED_EDGE('',*,*,#1082,.F.);
#1930=CARTESIAN_POINT('',(-10.826819183,-5.296439498,-2.174699461));
#1931=DIRECTION('',(0.,0.,1.));
#1932=DIRECTION('',(1.,0.,-0.));
#1933=AXIS2_PLACEMENT_3D('',#1930,#1931,#1932);
#1934=CIRCLE('',#1933,0.3);
#1935=EDGE_CURVE('',#1075,#1542,#1934,.T.);
#1936=ORIENTED_EDGE('',*,*,#1935,.T.);
#1937=EDGE_LOOP('',(#1921,#1928,#1929,#1936));
#1938=FACE_BOUND('',#1937,.T.);
#1939=ADVANCED_FACE('',(#1938),#1920,.T.);
#1940=CARTESIAN_POINT('',(11.548916748,-4.472175429,0.225300539));
#1941=DIRECTION('',(0.,0.,1.));
#1942=DIRECTION('',(1.,0.,-0.));
#1943=AXIS2_PLACEMENT_3D('',#1940,#1941,#1942);
#1944=CYLINDRICAL_SURFACE('',#1943,0.3);
#1945=ORIENTED_EDGE('',*,*,#1773,.F.);
#1946=CARTESIAN_POINT('',(11.548916748,-4.472175429,-0.474699461));
#1947=DIRECTION('',(-0.,-0.,-1.));
#1948=DIRECTION('',(1.,0.,-0.));
#1949=AXIS2_PLACEMENT_3D('',#1946,#1947,#1948);
#1950=CIRCLE('',#1949,0.3);
#1951=EDGE_CURVE('',#1762,#1841,#1950,.T.);
#1952=ORIENTED_EDGE('',*,*,#1951,.T.);
#1953=ORIENTED_EDGE('',*,*,#1846,.F.);
#1954=ORIENTED_EDGE('',*,*,#1477,.F.);
#1955=EDGE_LOOP('',(#1945,#1952,#1953,#1954));
#1956=FACE_BOUND('',#1955,.T.);
#1957=ADVANCED_FACE('',(#1956),#1944,.T.);
#1958=CARTESIAN_POINT('',(210.068871277,280.795535501,-2.474699461));
#1959=DIRECTION('',(0.,0.,-1.));
#1960=DIRECTION('',(1.,0.,0.));
#1961=AXIS2_PLACEMENT_3D('',#1958,#1959,#1960);
#1962=PLANE('',#1961);
#1963=CARTESIAN_POINT('',(10.522542666,5.303560502,-2.474699461));
#1964=VERTEX_POINT('',#1963);
#1965=CARTESIAN_POINT('',(10.724652679,5.303560502,-2.474699461));
#1966=VERTEX_POINT('',#1965);
#1967=CARTESIAN_POINT('',(10.522542666,5.303560502,-2.474699461));
#1968=DIRECTION('',(1.,0.,-0.));
#1969=VECTOR('',#1968,0.202110013);
#1970=LINE('',#1967,#1969);
#1971=EDGE_CURVE('',#1964,#1966,#1970,.T.);
#1972=ORIENTED_EDGE('',*,*,#1971,.T.);
#1973=CARTESIAN_POINT('',(10.924652679,5.103560502,-2.474699461));
#1974=VERTEX_POINT('',#1973);
#1975=CARTESIAN_POINT('',(10.724652679,5.303560502,-2.474699461));
#1976=DIRECTION('',(0.707106781,-0.707106781,0.));
#1977=VECTOR('',#1976,0.282842713);
#1978=LINE('',#1975,#1977);
#1979=EDGE_CURVE('',#1966,#1974,#1978,.T.);
#1980=ORIENTED_EDGE('',*,*,#1979,.T.);
#1981=CARTESIAN_POINT('',(8.733916748,5.103560502,-2.474699461));
#1982=VERTEX_POINT('',#1981);
#1983=CARTESIAN_POINT('',(8.733916748,5.103560502,-2.474699461));
#1984=DIRECTION('',(1.,-0.,-0.));
#1985=VECTOR('',#1984,2.190735931);
#1986=LINE('',#1983,#1985);
#1987=EDGE_CURVE('',#1982,#1974,#1986,.T.);
#1988=ORIENTED_EDGE('',*,*,#1987,.F.);
#1989=CARTESIAN_POINT('',(7.563916748,5.103560502,-2.474699461));
#1990=VERTEX_POINT('',#1989);
#1991=CARTESIAN_POINT('',(8.148916748,4.883560502,-2.474699461));
#1992=DIRECTION('',(-0.,-0.,-1.));
#1993=DIRECTION('',(1.,0.,-0.));
#1994=AXIS2_PLACEMENT_3D('',#1991,#1992,#1993);
#1995=CIRCLE('',#1994,0.625);
#1996=EDGE_CURVE('',#1990,#1982,#1995,.T.);
#1997=ORIENTED_EDGE('',*,*,#1996,.F.);
#1998=CARTESIAN_POINT('',(0.023916748,5.103560502,-2.474699461));
#1999=VERTEX_POINT('',#1998);
#2000=CARTESIAN_POINT('',(0.023916748,5.103560502,-2.474699461));
#2001=DIRECTION('',(1.,-0.,-0.));
#2002=VECTOR('',#2001,7.54);
#2003=LINE('',#2000,#2002);
#2004=EDGE_CURVE('',#1999,#1990,#2003,.T.);
#2005=ORIENTED_EDGE('',*,*,#2004,.F.);
#2006=CARTESIAN_POINT('',(-0.726083252,5.103560502,-2.474699461));
#2007=VERTEX_POINT('',#2006);
#2008=CARTESIAN_POINT('',(-0.351083252,4.603560502,-2.474699461));
#2009=DIRECTION('',(0.,0.,-1.));
#2010=DIRECTION('',(-1.,0.,0.));
#2011=AXIS2_PLACEMENT_3D('',#2008,#2009,#2010);
#2012=CIRCLE('',#2011,0.625);
#2013=EDGE_CURVE('',#2007,#1999,#2012,.T.);
#2014=ORIENTED_EDGE('',*,*,#2013,.F.);
#2015=CARTESIAN_POINT('',(-7.766083252,5.103560502,-2.474699461));
#2016=VERTEX_POINT('',#2015);
#2017=CARTESIAN_POINT('',(-7.766083252,5.103560502,-2.474699461));
#2018=DIRECTION('',(1.,-0.,-0.));
#2019=VECTOR('',#2018,7.04);
#2020=LINE('',#2017,#2019);
#2021=EDGE_CURVE('',#2016,#2007,#2020,.T.);
#2022=ORIENTED_EDGE('',*,*,#2021,.F.);
#2023=CARTESIAN_POINT('',(-8.936083252,5.103560502,-2.474699461));
#2024=VERTEX_POINT('',#2023);
#2025=CARTESIAN_POINT('',(-8.351083252,4.883560502,-2.474699461));
#2026=DIRECTION('',(-0.,-0.,-1.));
#2027=DIRECTION('',(1.,0.,-0.));
#2028=AXIS2_PLACEMENT_3D('',#2025,#2026,#2027);
#2029=CIRCLE('',#2028,0.625);
#2030=EDGE_CURVE('',#2024,#2016,#2029,.T.);
#2031=ORIENTED_EDGE('',*,*,#2030,.F.);
#2032=CARTESIAN_POINT('',(-11.026819183,5.103560502,-2.474699461));
#2033=VERTEX_POINT('',#2032);
#2034=CARTESIAN_POINT('',(-11.026819183,5.103560502,-2.474699461));
#2035=DIRECTION('',(1.,-0.,-0.));
#2036=VECTOR('',#2035,2.090735931);
#2037=LINE('',#2034,#2036);
#2038=EDGE_CURVE('',#2033,#2024,#2037,.T.);
#2039=ORIENTED_EDGE('',*,*,#2038,.F.);
#2040=CARTESIAN_POINT('',(-10.826819183,5.303560502,-2.474699461));
#2041=VERTEX_POINT('',#2040);
#2042=CARTESIAN_POINT('',(-11.026819183,5.103560502,-2.474699461));
#2043=DIRECTION('',(0.707106781,0.707106781,0.));
#2044=VECTOR('',#2043,0.282842712);
#2045=LINE('',#2042,#2044);
#2046=EDGE_CURVE('',#2033,#2041,#2045,.T.);
#2047=ORIENTED_EDGE('',*,*,#2046,.T.);
#2048=CARTESIAN_POINT('',(-10.72470917,5.303560502,-2.474699461));
#2049=VERTEX_POINT('',#2048);
#2050=CARTESIAN_POINT('',(-10.826819183,5.303560502,-2.474699461));
#2051=DIRECTION('',(1.,0.,-0.));
#2052=VECTOR('',#2051,0.102110013);
#2053=LINE('',#2050,#2052);
#2054=EDGE_CURVE('',#2041,#2049,#2053,.T.);
#2055=ORIENTED_EDGE('',*,*,#2054,.T.);
#2056=CARTESIAN_POINT('',(-9.410085585,5.87402204,-2.474699461));
#2057=VERTEX_POINT('',#2056);
#2058=CARTESIAN_POINT('',(-10.72470917,7.103560502,-2.474699461));
#2059=DIRECTION('',(-0.,-0.,1.));
#2060=DIRECTION('',(-1.,0.,0.));
#2061=AXIS2_PLACEMENT_3D('',#2058,#2059,#2060);
#2062=CIRCLE('',#2061,1.8);
#2063=EDGE_CURVE('',#2049,#2057,#2062,.T.);
#2064=ORIENTED_EDGE('',*,*,#2063,.T.);
#2065=CARTESIAN_POINT('',(-7.449440055,6.019139449,-2.474699461));
#2066=VERTEX_POINT('',#2065);
#2067=CARTESIAN_POINT('',(-8.351083252,4.883560502,-2.474699461));
#2068=DIRECTION('',(-0.,-0.,-1.));
#2069=DIRECTION('',(1.,0.,-0.));
#2070=AXIS2_PLACEMENT_3D('',#2067,#2068,#2069);
#2071=CIRCLE('',#2070,1.45);
#2072=EDGE_CURVE('',#2057,#2066,#2071,.T.);
#2073=ORIENTED_EDGE('',*,*,#2072,.T.);
#2074=CARTESIAN_POINT('',(-5.397424504,5.303560502,-2.474699461));
#2075=VERTEX_POINT('',#2074);
#2076=CARTESIAN_POINT('',(-5.397424504,8.603560502,-2.474699461));
#2077=DIRECTION('',(-0.,-0.,1.));
#2078=DIRECTION('',(-1.,0.,0.));
#2079=AXIS2_PLACEMENT_3D('',#2076,#2077,#2078);
#2080=CIRCLE('',#2079,3.3);
#2081=EDGE_CURVE('',#2066,#2075,#2080,.T.);
#2082=ORIENTED_EDGE('',*,*,#2081,.T.);
#2083=CARTESIAN_POINT('',(-2.912820943,5.303560502,-2.474699461));
#2084=VERTEX_POINT('',#2083);
#2085=CARTESIAN_POINT('',(-5.397424504,5.303560502,-2.474699461));
#2086=DIRECTION('',(1.,0.,-0.));
#2087=VECTOR('',#2086,2.484603561);
#2088=LINE('',#2085,#2087);
#2089=EDGE_CURVE('',#2075,#2084,#2088,.T.);
#2090=ORIENTED_EDGE('',*,*,#2089,.T.);
#2091=CARTESIAN_POINT('',(-1.133087389,5.824613134,-2.474699461));
#2092=VERTEX_POINT('',#2091);
#2093=CARTESIAN_POINT('',(-2.912820943,8.603560502,-2.474699461));
#2094=DIRECTION('',(-0.,-0.,1.));
#2095=DIRECTION('',(-1.,0.,0.));
#2096=AXIS2_PLACEMENT_3D('',#2093,#2094,#2095);
#2097=CIRCLE('',#2096,3.3);
#2098=EDGE_CURVE('',#2084,#2092,#2097,.T.);
#2099=ORIENTED_EDGE('',*,*,#2098,.T.);
#2100=CARTESIAN_POINT('',(0.430920885,5.824613134,-2.474699461));
#2101=VERTEX_POINT('',#2100);
#2102=CARTESIAN_POINT('',(-0.351083252,4.603560502,-2.474699461));
#2103=DIRECTION('',(-0.,-0.,-1.));
#2104=DIRECTION('',(1.,0.,-0.));
#2105=AXIS2_PLACEMENT_3D('',#2102,#2103,#2104);
#2106=CIRCLE('',#2105,1.45);
#2107=EDGE_CURVE('',#2092,#2101,#2106,.T.);
#2108=ORIENTED_EDGE('',*,*,#2107,.T.);
#2109=CARTESIAN_POINT('',(2.210654439,5.303560502,-2.474699461));
#2110=VERTEX_POINT('',#2109);
#2111=CARTESIAN_POINT('',(2.210654439,8.603560502,-2.474699461));
#2112=DIRECTION('',(-0.,-0.,1.));
#2113=DIRECTION('',(-1.,0.,0.));
#2114=AXIS2_PLACEMENT_3D('',#2111,#2112,#2113);
#2115=CIRCLE('',#2114,3.3);
#2116=EDGE_CURVE('',#2101,#2110,#2115,.T.);
#2117=ORIENTED_EDGE('',*,*,#2116,.T.);
#2118=CARTESIAN_POINT('',(5.195258,5.303560502,-2.474699461));
#2119=VERTEX_POINT('',#2118);
#2120=CARTESIAN_POINT('',(2.210654439,5.303560502,-2.474699461));
#2121=DIRECTION('',(1.,0.,-0.));
#2122=VECTOR('',#2121,2.984603561);
#2123=LINE('',#2120,#2122);
#2124=EDGE_CURVE('',#2110,#2119,#2123,.T.);
#2125=ORIENTED_EDGE('',*,*,#2124,.T.);
#2126=CARTESIAN_POINT('',(7.247273551,6.019139449,-2.474699461));
#2127=VERTEX_POINT('',#2126);
#2128=CARTESIAN_POINT('',(5.195258,8.603560502,-2.474699461));
#2129=DIRECTION('',(-0.,-0.,1.));
#2130=DIRECTION('',(-1.,0.,0.));
#2131=AXIS2_PLACEMENT_3D('',#2128,#2129,#2130);
#2132=CIRCLE('',#2131,3.3);
#2133=EDGE_CURVE('',#2119,#2127,#2132,.T.);
#2134=ORIENTED_EDGE('',*,*,#2133,.T.);
#2135=CARTESIAN_POINT('',(9.207919081,5.87402204,-2.474699461));
#2136=VERTEX_POINT('',#2135);
#2137=CARTESIAN_POINT('',(8.148916748,4.883560502,-2.474699461));
#2138=DIRECTION('',(-0.,-0.,-1.));
#2139=DIRECTION('',(1.,0.,-0.));
#2140=AXIS2_PLACEMENT_3D('',#2137,#2138,#2139);
#2141=CIRCLE('',#2140,1.45);
#2142=EDGE_CURVE('',#2127,#2136,#2141,.T.);
#2143=ORIENTED_EDGE('',*,*,#2142,.T.);
#2144=CARTESIAN_POINT('',(10.522542666,7.103560502,-2.474699461));
#2145=DIRECTION('',(-0.,-0.,1.));
#2146=DIRECTION('',(-1.,0.,0.));
#2147=AXIS2_PLACEMENT_3D('',#2144,#2145,#2146);
#2148=CIRCLE('',#2147,1.8);
#2149=EDGE_CURVE('',#2136,#1964,#2148,.T.);
#2150=ORIENTED_EDGE('',*,*,#2149,.T.);
#2151=EDGE_LOOP('',(#1972,#1980,#1988,#1997,#2005,#2014,#2022,#2031,#2039,#2047,#2055,#2064,#2073,#2082,#2090,#2099,#2108,#2117,#2125,#2134,#2143,#2150));
#2152=FACE_BOUND('',#2151,.T.);
#2153=ADVANCED_FACE('',(#2152),#1962,.T.);
#2154=CARTESIAN_POINT('',(-0.351083252,4.603560502,-2.474699461));
#2155=DIRECTION('',(0.,0.,1.));
#2156=DIRECTION('',(-1.,0.,0.));
#2157=AXIS2_PLACEMENT_3D('',#2154,#2155,#2156);
#2158=CYLINDRICAL_SURFACE('',#2157,1.75);
#2159=CARTESIAN_POINT('',(-1.294881349,6.077244713,-0.474699461));
#2160=VERTEX_POINT('',#2159);
#2161=CARTESIAN_POINT('',(-1.294881349,6.077244712,-2.174699461));
#2162=VERTEX_POINT('',#2161);
#2163=CARTESIAN_POINT('',(-1.294881349,6.077244712,-0.474699461));
#2164=DIRECTION('',(-0.,-0.,-1.));
#2165=VECTOR('',#2164,1.7);
#2166=LINE('',#2163,#2165);
#2167=EDGE_CURVE('',#2160,#2162,#2166,.T.);
#2168=ORIENTED_EDGE('',*,*,#2167,.F.);
#2169=CARTESIAN_POINT('',(0.592714845,6.077244712,-0.474699461));
#2170=VERTEX_POINT('',#2169);
#2171=CARTESIAN_POINT('',(-0.351083252,4.603560502,-0.474699461));
#2172=DIRECTION('',(-0.,-0.,-1.));
#2173=DIRECTION('',(1.,0.,-0.));
#2174=AXIS2_PLACEMENT_3D('',#2171,#2172,#2173);
#2175=CIRCLE('',#2174,1.75);
#2176=EDGE_CURVE('',#2160,#2170,#2175,.T.);
#2177=ORIENTED_EDGE('',*,*,#2176,.T.);
#2178=CARTESIAN_POINT('',(0.592714845,6.077244712,-2.174699461));
#2179=VERTEX_POINT('',#2178);
#2180=CARTESIAN_POINT('',(0.592714845,6.077244712,-2.174699461));
#2181=DIRECTION('',(0.,0.,1.));
#2182=VECTOR('',#2181,1.7);
#2183=LINE('',#2180,#2182);
#2184=EDGE_CURVE('',#2179,#2170,#2183,.T.);
#2185=ORIENTED_EDGE('',*,*,#2184,.F.);
#2186=CARTESIAN_POINT('',(-0.351083252,4.603560502,-2.174699461));
#2187=DIRECTION('',(0.,0.,1.));
#2188=DIRECTION('',(1.,0.,-0.));
#2189=AXIS2_PLACEMENT_3D('',#2186,#2187,#2188);
#2190=CIRCLE('',#2189,1.75);
#2191=EDGE_CURVE('',#2179,#2162,#2190,.T.);
#2192=ORIENTED_EDGE('',*,*,#2191,.T.);
#2193=EDGE_LOOP('',(#2168,#2177,#2185,#2192));
#2194=FACE_BOUND('',#2193,.T.);
#2195=ADVANCED_FACE('',(#2194),#2158,.T.);
#2196=CARTESIAN_POINT('',(-2.912820943,8.603560502,-2.474699461));
#2197=DIRECTION('',(0.,0.,1.));
#2198=DIRECTION('',(1.,0.,-0.));
#2199=AXIS2_PLACEMENT_3D('',#2196,#2197,#2198);
#2200=CYLINDRICAL_SURFACE('',#2199,3.);
#2201=CARTESIAN_POINT('',(-2.912820943,5.603560502,-2.174699461));
#2202=VERTEX_POINT('',#2201);
#2203=CARTESIAN_POINT('',(-2.912820943,5.603560502,-0.474699461));
#2204=VERTEX_POINT('',#2203);
#2205=CARTESIAN_POINT('',(-2.912820943,5.603560502,-2.174699461));
#2206=DIRECTION('',(0.,0.,1.));
#2207=VECTOR('',#2206,1.7);
#2208=LINE('',#2205,#2207);
#2209=EDGE_CURVE('',#2202,#2204,#2208,.T.);
#2210=ORIENTED_EDGE('',*,*,#2209,.T.);
#2211=CARTESIAN_POINT('',(-2.912820943,8.603560502,-0.474699461));
#2212=DIRECTION('',(0.,0.,1.));
#2213=DIRECTION('',(1.,0.,-0.));
#2214=AXIS2_PLACEMENT_3D('',#2211,#2212,#2213);
#2215=CIRCLE('',#2214,3.);
#2216=EDGE_CURVE('',#2204,#2160,#2215,.T.);
#2217=ORIENTED_EDGE('',*,*,#2216,.T.);
#2218=ORIENTED_EDGE('',*,*,#2167,.T.);
#2219=CARTESIAN_POINT('',(-2.912820943,8.603560502,-2.174699461));
#2220=DIRECTION('',(-0.,-0.,-1.));
#2221=DIRECTION('',(1.,0.,-0.));
#2222=AXIS2_PLACEMENT_3D('',#2219,#2220,#2221);
#2223=CIRCLE('',#2222,3.);
#2224=EDGE_CURVE('',#2162,#2202,#2223,.T.);
#2225=ORIENTED_EDGE('',*,*,#2224,.T.);
#2226=EDGE_LOOP('',(#2210,#2217,#2218,#2225));
#2227=FACE_BOUND('',#2226,.T.);
#2228=ADVANCED_FACE('',(#2227),#2200,.F.);
#2229=CARTESIAN_POINT('',(2.210654439,8.603560502,-2.474699461));
#2230=DIRECTION('',(0.,0.,1.));
#2231=DIRECTION('',(1.,0.,-0.));
#2232=AXIS2_PLACEMENT_3D('',#2229,#2230,#2231);
#2233=CYLINDRICAL_SURFACE('',#2232,3.);
#2234=ORIENTED_EDGE('',*,*,#2184,.T.);
#2235=CARTESIAN_POINT('',(2.210654439,5.603560502,-0.474699461));
#2236=VERTEX_POINT('',#2235);
#2237=CARTESIAN_POINT('',(2.210654439,8.603560502,-0.474699461));
#2238=DIRECTION('',(0.,0.,1.));
#2239=DIRECTION('',(1.,0.,-0.));
#2240=AXIS2_PLACEMENT_3D('',#2237,#2238,#2239);
#2241=CIRCLE('',#2240,3.);
#2242=EDGE_CURVE('',#2170,#2236,#2241,.T.);
#2243=ORIENTED_EDGE('',*,*,#2242,.T.);
#2244=CARTESIAN_POINT('',(2.210654439,5.603560502,-2.174699461));
#2245=VERTEX_POINT('',#2244);
#2246=CARTESIAN_POINT('',(2.210654439,5.603560502,-0.474699461));
#2247=DIRECTION('',(-0.,-0.,-1.));
#2248=VECTOR('',#2247,1.7);
#2249=LINE('',#2246,#2248);
#2250=EDGE_CURVE('',#2236,#2245,#2249,.T.);
#2251=ORIENTED_EDGE('',*,*,#2250,.T.);
#2252=CARTESIAN_POINT('',(2.210654439,8.603560502,-2.174699461));
#2253=DIRECTION('',(-0.,-0.,-1.));
#2254=DIRECTION('',(1.,0.,-0.));
#2255=AXIS2_PLACEMENT_3D('',#2252,#2253,#2254);
#2256=CIRCLE('',#2255,3.);
#2257=EDGE_CURVE('',#2245,#2179,#2256,.T.);
#2258=ORIENTED_EDGE('',*,*,#2257,.T.);
#2259=EDGE_LOOP('',(#2234,#2243,#2251,#2258));
#2260=FACE_BOUND('',#2259,.T.);
#2261=ADVANCED_FACE('',(#2260),#2233,.F.);
#2262=CARTESIAN_POINT('',(-8.351083252,4.883560502,-1.374699461));
#2263=DIRECTION('',(0.,0.,1.));
#2264=DIRECTION('',(-1.,0.,0.));
#2265=AXIS2_PLACEMENT_3D('',#2262,#2263,#2264);
#2266=CYLINDRICAL_SURFACE('',#2265,1.75);
#2267=CARTESIAN_POINT('',(-9.629189516,6.078945117,-0.474699461));
#2268=VERTEX_POINT('',#2267);
#2269=CARTESIAN_POINT('',(-9.629189516,6.078945117,-2.174699461));
#2270=VERTEX_POINT('',#2269);
#2271=CARTESIAN_POINT('',(-9.629189516,6.078945117,-0.474699461));
#2272=DIRECTION('',(-0.,-0.,-1.));
#2273=VECTOR('',#2272,1.7);
#2274=LINE('',#2271,#2273);
#2275=EDGE_CURVE('',#2268,#2270,#2274,.T.);
#2276=ORIENTED_EDGE('',*,*,#2275,.F.);
#2277=CARTESIAN_POINT('',(-7.262893187,6.254086818,-0.474699461));
#2278=VERTEX_POINT('',#2277);
#2279=CARTESIAN_POINT('',(-8.351083252,4.883560502,-0.474699461));
#2280=DIRECTION('',(-0.,-0.,-1.));
#2281=DIRECTION('',(1.,0.,-0.));
#2282=AXIS2_PLACEMENT_3D('',#2279,#2280,#2281);
#2283=CIRCLE('',#2282,1.75);
#2284=EDGE_CURVE('',#2268,#2278,#2283,.T.);
#2285=ORIENTED_EDGE('',*,*,#2284,.T.);
#2286=CARTESIAN_POINT('',(-7.262893187,6.254086818,-2.174699461));
#2287=VERTEX_POINT('',#2286);
#2288=CARTESIAN_POINT('',(-7.262893187,6.254086818,-2.174699461));
#2289=DIRECTION('',(0.,0.,1.));
#2290=VECTOR('',#2289,1.7);
#2291=LINE('',#2288,#2290);
#2292=EDGE_CURVE('',#2287,#2278,#2291,.T.);
#2293=ORIENTED_EDGE('',*,*,#2292,.F.);
#2294=CARTESIAN_POINT('',(-8.351083252,4.883560502,-2.174699461));
#2295=DIRECTION('',(0.,0.,1.));
#2296=DIRECTION('',(1.,0.,-0.));
#2297=AXIS2_PLACEMENT_3D('',#2294,#2295,#2296);
#2298=CIRCLE('',#2297,1.75);
#2299=EDGE_CURVE('',#2287,#2270,#2298,.T.);
#2300=ORIENTED_EDGE('',*,*,#2299,.T.);
#2301=EDGE_LOOP('',(#2276,#2285,#2293,#2300));
#2302=FACE_BOUND('',#2301,.T.);
#2303=ADVANCED_FACE('',(#2302),#2266,.T.);
#2304=CARTESIAN_POINT('',(8.148916748,4.883560502,-1.374699461));
#2305=DIRECTION('',(0.,0.,1.));
#2306=DIRECTION('',(-1.,0.,0.));
#2307=AXIS2_PLACEMENT_3D('',#2304,#2305,#2306);
#2308=CYLINDRICAL_SURFACE('',#2307,1.75);
#2309=CARTESIAN_POINT('',(7.060726683,6.254086818,-0.474699461));
#2310=VERTEX_POINT('',#2309);
#2311=CARTESIAN_POINT('',(7.060726683,6.254086817,-2.174699461));
#2312=VERTEX_POINT('',#2311);
#2313=CARTESIAN_POINT('',(7.060726683,6.254086818,-0.474699461));
#2314=DIRECTION('',(-0.,-0.,-1.));
#2315=VECTOR('',#2314,1.7);
#2316=LINE('',#2313,#2315);
#2317=EDGE_CURVE('',#2310,#2312,#2316,.T.);
#2318=ORIENTED_EDGE('',*,*,#2317,.F.);
#2319=CARTESIAN_POINT('',(9.427023012,6.078945117,-0.474699461));
#2320=VERTEX_POINT('',#2319);
#2321=CARTESIAN_POINT('',(8.148916748,4.883560502,-0.474699461));
#2322=DIRECTION('',(-0.,-0.,-1.));
#2323=DIRECTION('',(1.,0.,-0.));
#2324=AXIS2_PLACEMENT_3D('',#2321,#2322,#2323);
#2325=CIRCLE('',#2324,1.75);
#2326=EDGE_CURVE('',#2310,#2320,#2325,.T.);
#2327=ORIENTED_EDGE('',*,*,#2326,.T.);
#2328=CARTESIAN_POINT('',(9.427023012,6.078945117,-2.174699461));
#2329=VERTEX_POINT('',#2328);
#2330=CARTESIAN_POINT('',(9.427023012,6.078945117,-2.174699461));
#2331=DIRECTION('',(0.,0.,1.));
#2332=VECTOR('',#2331,1.7);
#2333=LINE('',#2330,#2332);
#2334=EDGE_CURVE('',#2329,#2320,#2333,.T.);
#2335=ORIENTED_EDGE('',*,*,#2334,.F.);
#2336=CARTESIAN_POINT('',(8.148916748,4.883560502,-2.174699461));
#2337=DIRECTION('',(0.,0.,1.));
#2338=DIRECTION('',(1.,0.,-0.));
#2339=AXIS2_PLACEMENT_3D('',#2336,#2337,#2338);
#2340=CIRCLE('',#2339,1.75);
#2341=EDGE_CURVE('',#2329,#2312,#2340,.T.);
#2342=ORIENTED_EDGE('',*,*,#2341,.T.);
#2343=EDGE_LOOP('',(#2318,#2327,#2335,#2342));
#2344=FACE_BOUND('',#2343,.T.);
#2345=ADVANCED_FACE('',(#2344),#2308,.T.);
#2346=CARTESIAN_POINT('',(-5.397424504,8.603560502,-1.374699461));
#2347=DIRECTION('',(0.,0.,1.));
#2348=DIRECTION('',(1.,0.,-0.));
#2349=AXIS2_PLACEMENT_3D('',#2346,#2347,#2348);
#2350=CYLINDRICAL_SURFACE('',#2349,3.);
#2351=ORIENTED_EDGE('',*,*,#2292,.T.);
#2352=CARTESIAN_POINT('',(-5.397424504,5.603560502,-0.474699461));
#2353=VERTEX_POINT('',#2352);
#2354=CARTESIAN_POINT('',(-5.397424504,8.603560502,-0.474699461));
#2355=DIRECTION('',(0.,0.,1.));
#2356=DIRECTION('',(1.,0.,-0.));
#2357=AXIS2_PLACEMENT_3D('',#2354,#2355,#2356);
#2358=CIRCLE('',#2357,3.);
#2359=EDGE_CURVE('',#2278,#2353,#2358,.T.);
#2360=ORIENTED_EDGE('',*,*,#2359,.T.);
#2361=CARTESIAN_POINT('',(-5.397424504,5.603560502,-2.174699461));
#2362=VERTEX_POINT('',#2361);
#2363=CARTESIAN_POINT('',(-5.397424504,5.603560502,-0.474699461));
#2364=DIRECTION('',(-0.,-0.,-1.));
#2365=VECTOR('',#2364,1.7);
#2366=LINE('',#2363,#2365);
#2367=EDGE_CURVE('',#2353,#2362,#2366,.T.);
#2368=ORIENTED_EDGE('',*,*,#2367,.T.);
#2369=CARTESIAN_POINT('',(-5.397424504,8.603560502,-2.174699461));
#2370=DIRECTION('',(-0.,-0.,-1.));
#2371=DIRECTION('',(1.,0.,-0.));
#2372=AXIS2_PLACEMENT_3D('',#2369,#2370,#2371);
#2373=CIRCLE('',#2372,3.);
#2374=EDGE_CURVE('',#2362,#2287,#2373,.T.);
#2375=ORIENTED_EDGE('',*,*,#2374,.T.);
#2376=EDGE_LOOP('',(#2351,#2360,#2368,#2375));
#2377=FACE_BOUND('',#2376,.T.);
#2378=ADVANCED_FACE('',(#2377),#2350,.F.);
#2379=CARTESIAN_POINT('',(5.195258,8.603560502,-1.374699461));
#2380=DIRECTION('',(0.,0.,1.));
#2381=DIRECTION('',(1.,0.,-0.));
#2382=AXIS2_PLACEMENT_3D('',#2379,#2380,#2381);
#2383=CYLINDRICAL_SURFACE('',#2382,3.);
#2384=CARTESIAN_POINT('',(5.195258,5.603560502,-2.174699461));
#2385=VERTEX_POINT('',#2384);
#2386=CARTESIAN_POINT('',(5.195258,5.603560502,-0.474699461));
#2387=VERTEX_POINT('',#2386);
#2388=CARTESIAN_POINT('',(5.195258,5.603560502,-2.174699461));
#2389=DIRECTION('',(0.,0.,1.));
#2390=VECTOR('',#2389,1.7);
#2391=LINE('',#2388,#2390);
#2392=EDGE_CURVE('',#2385,#2387,#2391,.T.);
#2393=ORIENTED_EDGE('',*,*,#2392,.T.);
#2394=CARTESIAN_POINT('',(5.195258,8.603560502,-0.474699461));
#2395=DIRECTION('',(0.,0.,1.));
#2396=DIRECTION('',(1.,0.,-0.));
#2397=AXIS2_PLACEMENT_3D('',#2394,#2395,#2396);
#2398=CIRCLE('',#2397,3.);
#2399=EDGE_CURVE('',#2387,#2310,#2398,.T.);
#2400=ORIENTED_EDGE('',*,*,#2399,.T.);
#2401=ORIENTED_EDGE('',*,*,#2317,.T.);
#2402=CARTESIAN_POINT('',(5.195258,8.603560502,-2.174699461));
#2403=DIRECTION('',(-0.,-0.,-1.));
#2404=DIRECTION('',(1.,0.,-0.));
#2405=AXIS2_PLACEMENT_3D('',#2402,#2403,#2404);
#2406=CIRCLE('',#2405,3.);
#2407=EDGE_CURVE('',#2312,#2385,#2406,.T.);
#2408=ORIENTED_EDGE('',*,*,#2407,.T.);
#2409=EDGE_LOOP('',(#2393,#2400,#2401,#2408));
#2410=FACE_BOUND('',#2409,.T.);
#2411=ADVANCED_FACE('',(#2410),#2383,.F.);
#2412=CARTESIAN_POINT('',(-10.72470917,7.103560502,-1.374699461));
#2413=DIRECTION('',(0.,0.,1.));
#2414=DIRECTION('',(1.,0.,-0.));
#2415=AXIS2_PLACEMENT_3D('',#2412,#2413,#2414);
#2416=CYLINDRICAL_SURFACE('',#2415,1.5);
#2417=CARTESIAN_POINT('',(-10.72470917,5.603560502,-2.174699461));
#2418=VERTEX_POINT('',#2417);
#2419=CARTESIAN_POINT('',(-10.72470917,5.603560502,-0.474699461));
#2420=VERTEX_POINT('',#2419);
#2421=CARTESIAN_POINT('',(-10.72470917,5.603560502,-2.174699461));
#2422=DIRECTION('',(0.,0.,1.));
#2423=VECTOR('',#2422,1.7);
#2424=LINE('',#2421,#2423);
#2425=EDGE_CURVE('',#2418,#2420,#2424,.T.);
#2426=ORIENTED_EDGE('',*,*,#2425,.T.);
#2427=CARTESIAN_POINT('',(-10.72470917,7.103560502,-0.474699461));
#2428=DIRECTION('',(0.,0.,1.));
#2429=DIRECTION('',(1.,0.,-0.));
#2430=AXIS2_PLACEMENT_3D('',#2427,#2428,#2429);
#2431=CIRCLE('',#2430,1.5);
#2432=EDGE_CURVE('',#2420,#2268,#2431,.T.);
#2433=ORIENTED_EDGE('',*,*,#2432,.T.);
#2434=ORIENTED_EDGE('',*,*,#2275,.T.);
#2435=CARTESIAN_POINT('',(-10.72470917,7.103560502,-2.174699461));
#2436=DIRECTION('',(-0.,-0.,-1.));
#2437=DIRECTION('',(1.,0.,-0.));
#2438=AXIS2_PLACEMENT_3D('',#2435,#2436,#2437);
#2439=CIRCLE('',#2438,1.5);
#2440=EDGE_CURVE('',#2270,#2418,#2439,.T.);
#2441=ORIENTED_EDGE('',*,*,#2440,.T.);
#2442=EDGE_LOOP('',(#2426,#2433,#2434,#2441));
#2443=FACE_BOUND('',#2442,.T.);
#2444=ADVANCED_FACE('',(#2443),#2416,.F.);
#2445=CARTESIAN_POINT('',(10.522542666,7.103560502,-1.374699461));
#2446=DIRECTION('',(0.,0.,1.));
#2447=DIRECTION('',(1.,0.,-0.));
#2448=AXIS2_PLACEMENT_3D('',#2445,#2446,#2447);
#2449=CYLINDRICAL_SURFACE('',#2448,1.5);
#2450=ORIENTED_EDGE('',*,*,#2334,.T.);
#2451=CARTESIAN_POINT('',(10.522542666,5.603560502,-0.474699461));
#2452=VERTEX_POINT('',#2451);
#2453=CARTESIAN_POINT('',(10.522542666,7.103560502,-0.474699461));
#2454=DIRECTION('',(0.,0.,1.));
#2455=DIRECTION('',(1.,0.,-0.));
#2456=AXIS2_PLACEMENT_3D('',#2453,#2454,#2455);
#2457=CIRCLE('',#2456,1.5);
#2458=EDGE_CURVE('',#2320,#2452,#2457,.T.);
#2459=ORIENTED_EDGE('',*,*,#2458,.T.);
#2460=CARTESIAN_POINT('',(10.522542666,5.603560502,-2.174699461));
#2461=VERTEX_POINT('',#2460);
#2462=CARTESIAN_POINT('',(10.522542666,5.603560502,-0.474699461));
#2463=DIRECTION('',(-0.,-0.,-1.));
#2464=VECTOR('',#2463,1.7);
#2465=LINE('',#2462,#2464);
#2466=EDGE_CURVE('',#2452,#2461,#2465,.T.);
#2467=ORIENTED_EDGE('',*,*,#2466,.T.);
#2468=CARTESIAN_POINT('',(10.522542666,7.103560502,-2.174699461));
#2469=DIRECTION('',(-0.,-0.,-1.));
#2470=DIRECTION('',(1.,0.,-0.));
#2471=AXIS2_PLACEMENT_3D('',#2468,#2469,#2470);
#2472=CIRCLE('',#2471,1.5);
#2473=EDGE_CURVE('',#2461,#2329,#2472,.T.);
#2474=ORIENTED_EDGE('',*,*,#2473,.T.);
#2475=EDGE_LOOP('',(#2450,#2459,#2467,#2474));
#2476=FACE_BOUND('',#2475,.T.);
#2477=ADVANCED_FACE('',(#2476),#2449,.F.);
#2478=CARTESIAN_POINT('',(-0.051083252,4.103560502,-1.474699461));
#2479=DIRECTION('',(0.,0.707106781,0.707106781));
#2480=DIRECTION('',(-1.,0.,0.));
#2481=AXIS2_PLACEMENT_3D('',#2478,#2479,#2480);
#2482=PLANE('',#2481);
#2483=CARTESIAN_POINT('',(-11.751083252,4.803560502,-2.174699461));
#2484=VERTEX_POINT('',#2483);
#2485=CARTESIAN_POINT('',(-11.863215286,4.691428468,-2.062567427));
#2486=VERTEX_POINT('',#2485);
#2487=CARTESIAN_POINT('',(-11.751083252,4.803560502,-2.174699461));
#2488=DIRECTION('',(-0.577350269,-0.577350269,0.577350269));
#2489=VECTOR('',#2488,0.19421838);
#2490=LINE('',#2487,#2489);
#2491=EDGE_CURVE('',#2484,#2486,#2490,.T.);
#2492=ORIENTED_EDGE('',*,*,#2491,.F.);
#2493=CARTESIAN_POINT('',(-11.751083252,4.803560502,-2.174699461));
#2494=DIRECTION('',(0.86285621,0.357406744,-0.357406744));
#2495=VECTOR('',#2494,0.839379796);
#2496=LINE('',#2493,#2495);
#2497=EDGE_CURVE('',#2484,#2033,#2496,.T.);
#2498=ORIENTED_EDGE('',*,*,#2497,.T.);
#2499=ORIENTED_EDGE('',*,*,#2038,.T.);
#2500=CARTESIAN_POINT('',(-8.976083252,4.883560502,-2.254699461));
#2501=VERTEX_POINT('',#2500);
#2502=CARTESIAN_POINT('',(-8.976083252,4.883560502,-2.254699461));
#2503=CARTESIAN_POINT('',(-8.976083252,4.997196866,-2.368335825));
#2504=CARTESIAN_POINT('',(-8.936083252,5.103560502,-2.474699461));
#2505=(BOUNDED_CURVE()
B_SPLINE_CURVE(2,(#2502,#2503,#2504),.UNSPECIFIED.,.F.,.F.)
B_SPLINE_CURVE_WITH_KNOTS((3,3),(90.,110.609692948),.UNSPECIFIED.)
CURVE()
GEOMETRIC_REPRESENTATION_ITEM()
RATIONAL_B_SPLINE_CURVE((1.,0.98386991,1.))
REPRESENTATION_ITEM(''));
#2506=EDGE_CURVE('',#2501,#2024,#2505,.T.);
#2507=ORIENTED_EDGE('',*,*,#2506,.F.);
#2508=CARTESIAN_POINT('',(-7.766083252,5.103560502,-2.474699461));
#2509=CARTESIAN_POINT('',(-7.620827364,4.71731189,-2.088450849));
#2510=CARTESIAN_POINT('',(-7.91896801,4.432006057,-1.803145016));
#2511=CARTESIAN_POINT('',(-8.217108656,4.146700223,-1.517839182));
#2512=CARTESIAN_POINT('',(-8.596595954,4.308800976,-1.679939935));
#2513=CARTESIAN_POINT('',(-8.976083252,4.470901729,-1.842040688));
#2514=CARTESIAN_POINT('',(-8.976083252,4.883560502,-2.254699461));
#2515=(BOUNDED_CURVE()
B_SPLINE_CURVE(2,(#2508,#2509,#2510,#2511,#2512,#2513,#2514),.UNSPECIFIED.,.F.,.F.)
B_SPLINE_CURVE_WITH_KNOTS((3,2,2,3),(249.390307052,316.260204701,383.130102351,450.),.UNSPECIFIED.)
CURVE()
GEOMETRIC_REPRESENTATION_ITEM()
RATIONAL_B_SPLINE_CURVE((1.,0.83451193,1.,0.83451193,1.,0.83451193,1.))
REPRESENTATION_ITEM(''));
#2516=EDGE_CURVE('',#2016,#2501,#2515,.T.);
#2517=ORIENTED_EDGE('',*,*,#2516,.F.);
#2518=ORIENTED_EDGE('',*,*,#2021,.T.);
#2519=CARTESIAN_POINT('',(-0.964641866,4.484519218,-1.855658177));
#2520=VERTEX_POINT('',#2519);
#2521=CARTESIAN_POINT('',(-0.726083252,5.103560502,-2.474699461));
#2522=CARTESIAN_POINT('',(-1.039186226,4.868733272,-2.239872231));
#2523=CARTESIAN_POINT('',(-0.964641866,4.484519218,-1.855658177));
#2524=(BOUNDED_CURVE()
B_SPLINE_CURVE(2,(#2521,#2522,#2523),.UNSPECIFIED.,.F.,.F.)
B_SPLINE_CURVE_WITH_KNOTS((3,3),(36.869897631,100.979983807),.UNSPECIFIED.)
CURVE()
GEOMETRIC_REPRESENTATION_ITEM()
RATIONAL_B_SPLINE_CURVE((1.,0.84753862,1.))
REPRESENTATION_ITEM(''));
#2525=EDGE_CURVE('',#2007,#2520,#2524,.T.);
#2526=ORIENTED_EDGE('',*,*,#2525,.T.);
#2527=CARTESIAN_POINT('',(-0.964641866,4.484519218,-1.855658177));
#2528=CARTESIAN_POINT('',(-0.918767181,4.248073449,-1.619212408));
#2529=CARTESIAN_POINT('',(-0.726083252,4.103560502,-1.474699461));
#2530=(BOUNDED_CURVE()
B_SPLINE_CURVE(2,(#2527,#2528,#2529),.UNSPECIFIED.,.F.,.F.)
B_SPLINE_CURVE_WITH_KNOTS((3,3),(100.979983807,143.130102369),.UNSPECIFIED.)
CURVE()
GEOMETRIC_REPRESENTATION_ITEM()
RATIONAL_B_SPLINE_CURVE((1.,0.933110152,1.))
REPRESENTATION_ITEM(''));
#2531=EDGE_CURVE('',#2520,#1133,#2530,.T.);
#2532=ORIENTED_EDGE('',*,*,#2531,.T.);
#2533=ORIENTED_EDGE('',*,*,#1138,.T.);
#2534=ORIENTED_EDGE('',*,*,#1717,.T.);
#2535=CARTESIAN_POINT('',(-11.863215286,4.691428468,-2.062567427));
#2536=CARTESIAN_POINT('',(-11.951083252,4.603560502,-1.974699461));
#2537=CARTESIAN_POINT('',(-11.951083252,4.479296433,-1.850435392));
#2538=(BOUNDED_CURVE()
B_SPLINE_CURVE(2,(#2535,#2536,#2537),.UNSPECIFIED.,.F.,.F.)
B_SPLINE_CURVE_WITH_KNOTS((3,3),(224.999999884,270.000000095),.UNSPECIFIED.)
CURVE()
GEOMETRIC_REPRESENTATION_ITEM()
RATIONAL_B_SPLINE_CURVE((1.,0.923879532,1.))
REPRESENTATION_ITEM(''));
#2539=EDGE_CURVE('',#2486,#1706,#2538,.T.);
#2540=ORIENTED_EDGE('',*,*,#2539,.F.);
#2541=EDGE_LOOP('',(#2492,#2498,#2499,#2507,#2517,#2518,#2526,#2532,#2533,#2534,#2540));
#2542=FACE_BOUND('',#2541,.T.);
#2543=ADVANCED_FACE('',(#2542),#2482,.F.);
#2544=CARTESIAN_POINT('',(-10.951083252,5.603560502,0.225300539));
#2545=DIRECTION('',(-0.707106781,0.707106781,0.));
#2546=DIRECTION('',(0.,0.,1.));
#2547=AXIS2_PLACEMENT_3D('',#2544,#2545,#2546);
#2548=PLANE('',#2547);
#2549=CARTESIAN_POINT('',(-11.863215286,4.691428468,-0.474699461));
#2550=VERTEX_POINT('',#2549);
#2551=CARTESIAN_POINT('',(-11.863215286,4.691428468,-0.474699461));
#2552=DIRECTION('',(-0.,-0.,-1.));
#2553=VECTOR('',#2552,1.587867966);
#2554=LINE('',#2551,#2553);
#2555=EDGE_CURVE('',#2550,#2486,#2554,.T.);
#2556=ORIENTED_EDGE('',*,*,#2555,.F.);
#2557=CARTESIAN_POINT('',(-11.038951218,5.515692536,-0.474699461));
#2558=VERTEX_POINT('',#2557);
#2559=CARTESIAN_POINT('',(-11.863215286,4.691428468,-0.474699461));
#2560=DIRECTION('',(0.707106781,0.707106781,0.));
#2561=VECTOR('',#2560,1.165685425);
#2562=LINE('',#2559,#2561);
#2563=EDGE_CURVE('',#2550,#2558,#2562,.T.);
#2564=ORIENTED_EDGE('',*,*,#2563,.T.);
#2565=CARTESIAN_POINT('',(-11.038951218,5.515692536,-2.174699461));
#2566=VERTEX_POINT('',#2565);
#2567=CARTESIAN_POINT('',(-11.038951218,5.515692536,-2.174699461));
#2568=DIRECTION('',(0.,0.,1.));
#2569=VECTOR('',#2568,1.7);
#2570=LINE('',#2567,#2569);
#2571=EDGE_CURVE('',#2566,#2558,#2570,.T.);
#2572=ORIENTED_EDGE('',*,*,#2571,.F.);
#2573=CARTESIAN_POINT('',(-11.038951218,5.515692536,-2.174699461));
#2574=DIRECTION('',(-0.707106781,-0.707106781,-0.));
#2575=VECTOR('',#2574,1.007106781);
#2576=LINE('',#2573,#2575);
#2577=EDGE_CURVE('',#2566,#2484,#2576,.T.);
#2578=ORIENTED_EDGE('',*,*,#2577,.T.);
#2579=ORIENTED_EDGE('',*,*,#2491,.T.);
#2580=EDGE_LOOP('',(#2556,#2564,#2572,#2578,#2579));
#2581=FACE_BOUND('',#2580,.T.);
#2582=ADVANCED_FACE('',(#2581),#2548,.T.);
#2583=CARTESIAN_POINT('',(-8.351083252,4.883560502,-0.574699461));
#2584=DIRECTION('',(0.,0.,1.));
#2585=DIRECTION('',(-1.,0.,0.));
#2586=AXIS2_PLACEMENT_3D('',#2583,#2584,#2585);
#2587=CYLINDRICAL_SURFACE('',#2586,0.625);
#2588=CARTESIAN_POINT('',(-8.976083252,4.883560502,-0.174699461));
#2589=DIRECTION('',(-0.,-0.,-1.));
#2590=VECTOR('',#2589,2.08);
#2591=LINE('',#2588,#2590);
#2592=EDGE_CURVE('',#529,#2501,#2591,.T.);
#2593=ORIENTED_EDGE('',*,*,#2592,.F.);
#2594=ORIENTED_EDGE('',*,*,#537,.T.);
#2595=ORIENTED_EDGE('',*,*,#544,.T.);
#2596=ORIENTED_EDGE('',*,*,#2592,.T.);
#2597=ORIENTED_EDGE('',*,*,#2506,.T.);
#2598=ORIENTED_EDGE('',*,*,#2030,.T.);
#2599=ORIENTED_EDGE('',*,*,#2516,.T.);
#2600=EDGE_LOOP('',(#2593,#2594,#2595,#2596,#2597,#2598,#2599));
#2601=FACE_BOUND('',#2600,.T.);
#2602=ADVANCED_FACE('',(#2601),#2587,.F.);
#2603=CARTESIAN_POINT('',(-0.051083252,4.103560502,-1.474699461));
#2604=DIRECTION('',(0.,0.707106781,0.707106781));
#2605=DIRECTION('',(-1.,0.,0.));
#2606=AXIS2_PLACEMENT_3D('',#2603,#2604,#2605);
#2607=PLANE('',#2606);
#2608=ORIENTED_EDGE('',*,*,#1987,.T.);
#2609=CARTESIAN_POINT('',(11.648916748,4.803560502,-2.174699461));
#2610=VERTEX_POINT('',#2609);
#2611=CARTESIAN_POINT('',(10.924652679,5.103560502,-2.474699461));
#2612=DIRECTION('',(0.86285621,-0.357406744,0.357406744));
#2613=VECTOR('',#2612,0.839379796);
#2614=LINE('',#2611,#2613);
#2615=EDGE_CURVE('',#1974,#2610,#2614,.T.);
#2616=ORIENTED_EDGE('',*,*,#2615,.T.);
#2617=CARTESIAN_POINT('',(11.761048782,4.691428468,-2.062567427));
#2618=VERTEX_POINT('',#2617);
#2619=CARTESIAN_POINT('',(11.761048782,4.691428468,-2.062567427));
#2620=DIRECTION('',(-0.577350269,0.577350269,-0.577350269));
#2621=VECTOR('',#2620,0.19421838);
#2622=LINE('',#2619,#2621);
#2623=EDGE_CURVE('',#2618,#2610,#2622,.T.);
#2624=ORIENTED_EDGE('',*,*,#2623,.F.);
#2625=CARTESIAN_POINT('',(11.848916748,4.479296433,-1.850435392));
#2626=CARTESIAN_POINT('',(11.848916748,4.603560502,-1.974699461));
#2627=CARTESIAN_POINT('',(11.761048782,4.691428468,-2.062567427));
#2628=(BOUNDED_CURVE()
B_SPLINE_CURVE(2,(#2625,#2626,#2627),.UNSPECIFIED.,.F.,.F.)
B_SPLINE_CURVE_WITH_KNOTS((3,3),(89.999999905,135.000000116),.UNSPECIFIED.)
CURVE()
GEOMETRIC_REPRESENTATION_ITEM()
RATIONAL_B_SPLINE_CURVE((1.,0.923879532,1.))
REPRESENTATION_ITEM(''));
#2629=EDGE_CURVE('',#1754,#2618,#2628,.T.);
#2630=ORIENTED_EDGE('',*,*,#2629,.F.);
#2631=ORIENTED_EDGE('',*,*,#1781,.T.);
#2632=ORIENTED_EDGE('',*,*,#1155,.T.);
#2633=CARTESIAN_POINT('',(0.187173475,4.285905508,-1.657044467));
#2634=VERTEX_POINT('',#2633);
#2635=CARTESIAN_POINT('',(0.187173475,4.285905508,-1.657044467));
#2636=CARTESIAN_POINT('',(0.12374903,4.178434713,-1.549573672));
#2637=CARTESIAN_POINT('',(0.023916748,4.103560502,-1.474699461));
#2638=(BOUNDED_CURVE()
B_SPLINE_CURVE(2,(#2635,#2636,#2637),.UNSPECIFIED.,.F.,.F.)
B_SPLINE_CURVE_WITH_KNOTS((3,3),(120.547199615,143.130102369),.UNSPECIFIED.)
CURVE()
GEOMETRIC_REPRESENTATION_ITEM()
RATIONAL_B_SPLINE_CURVE((1.,0.980643883,1.))
REPRESENTATION_ITEM(''));
#2639=EDGE_CURVE('',#2634,#1141,#2638,.T.);
#2640=ORIENTED_EDGE('',*,*,#2639,.F.);
#2641=CARTESIAN_POINT('',(0.273916748,4.603560502,-1.974699461));
#2642=VERTEX_POINT('',#2641);
#2643=CARTESIAN_POINT('',(0.187173475,4.285905508,-1.657044467));
#2644=CARTESIAN_POINT('',(0.273916748,4.432889345,-1.804028304));
#2645=CARTESIAN_POINT('',(0.273916748,4.603560502,-1.974699461));
#2646=(BOUNDED_CURVE()
B_SPLINE_CURVE(2,(#2643,#2644,#2645),.UNSPECIFIED.,.F.,.F.)
B_SPLINE_CURVE_WITH_KNOTS((3,3),(239.452800385,270.),.UNSPECIFIED.)
CURVE()
GEOMETRIC_REPRESENTATION_ITEM()
RATIONAL_B_SPLINE_CURVE((1.,0.964678901,1.))
REPRESENTATION_ITEM(''));
#2647=EDGE_CURVE('',#2634,#2642,#2646,.T.);
#2648=ORIENTED_EDGE('',*,*,#2647,.T.);
#2649=CARTESIAN_POINT('',(0.273916748,4.603560502,-1.974699461));
#2650=CARTESIAN_POINT('',(0.273916748,4.916060502,-2.287199461));
#2651=CARTESIAN_POINT('',(0.023916748,5.103560502,-2.474699461));
#2652=(BOUNDED_CURVE()
B_SPLINE_CURVE(2,(#2649,#2650,#2651),.UNSPECIFIED.,.F.,.F.)
B_SPLINE_CURVE_WITH_KNOTS((3,3),(270.,323.130102369),.UNSPECIFIED.)
CURVE()
GEOMETRIC_REPRESENTATION_ITEM()
RATIONAL_B_SPLINE_CURVE((1.,0.894427191,1.))
REPRESENTATION_ITEM(''));
#2653=EDGE_CURVE('',#2642,#1999,#2652,.T.);
#2654=ORIENTED_EDGE('',*,*,#2653,.T.);
#2655=ORIENTED_EDGE('',*,*,#2004,.T.);
#2656=CARTESIAN_POINT('',(7.523916748,4.883560502,-2.254699461));
#2657=VERTEX_POINT('',#2656);
#2658=CARTESIAN_POINT('',(7.523916748,4.883560502,-2.254699461));
#2659=CARTESIAN_POINT('',(7.523916748,4.997196866,-2.368335825));
#2660=CARTESIAN_POINT('',(7.563916748,5.103560502,-2.474699461));
#2661=(BOUNDED_CURVE()
B_SPLINE_CURVE(2,(#2658,#2659,#2660),.UNSPECIFIED.,.F.,.F.)
B_SPLINE_CURVE_WITH_KNOTS((3,3),(90.,110.609692948),.UNSPECIFIED.)
CURVE()
GEOMETRIC_REPRESENTATION_ITEM()
RATIONAL_B_SPLINE_CURVE((1.,0.98386991,1.))
REPRESENTATION_ITEM(''));
#2662=EDGE_CURVE('',#2657,#1990,#2661,.T.);
#2663=ORIENTED_EDGE('',*,*,#2662,.F.);
#2664=CARTESIAN_POINT('',(8.760687733,4.755649355,-2.126788314));
#2665=VERTEX_POINT('',#2664);
#2666=CARTESIAN_POINT('',(8.760687733,4.755649355,-2.126788314));
#2667=CARTESIAN_POINT('',(8.645323325,4.203886673,-1.575025632));
#2668=CARTESIAN_POINT('',(8.084620037,4.261876553,-1.633015512));
#2669=CARTESIAN_POINT('',(7.523916748,4.319866433,-1.691005392));
#2670=CARTESIAN_POINT('',(7.523916748,4.883560502,-2.254699461));
#2671=(BOUNDED_CURVE()
B_SPLINE_CURVE(2,(#2666,#2667,#2668,#2669,#2670),.UNSPECIFIED.,.F.,.F.)
B_SPLINE_CURVE_WITH_KNOTS((3,2,3),(281.809469813,365.904734907,450.),.UNSPECIFIED.)
CURVE()
GEOMETRIC_REPRESENTATION_ITEM()
RATIONAL_B_SPLINE_CURVE((1.,0.742588291,1.,0.742588291,1.))
REPRESENTATION_ITEM(''));
#2672=EDGE_CURVE('',#2665,#2657,#2671,.T.);
#2673=ORIENTED_EDGE('',*,*,#2672,.F.);
#2674=CARTESIAN_POINT('',(8.733916748,5.103560502,-2.474699461));
#2675=CARTESIAN_POINT('',(8.797872554,4.933496201,-2.30463516));
#2676=CARTESIAN_POINT('',(8.760687733,4.755649355,-2.126788314));
#2677=(BOUNDED_CURVE()
B_SPLINE_CURVE(2,(#2674,#2675,#2676),.UNSPECIFIED.,.F.,.F.)
B_SPLINE_CURVE_WITH_KNOTS((3,3),(249.390307052,281.809469813),.UNSPECIFIED.)
CURVE()
GEOMETRIC_REPRESENTATION_ITEM()
RATIONAL_B_SPLINE_CURVE((1.,0.960247018,1.))
REPRESENTATION_ITEM(''));
#2678=EDGE_CURVE('',#1982,#2665,#2677,.T.);
#2679=ORIENTED_EDGE('',*,*,#2678,.F.);
#2680=EDGE_LOOP('',(#2608,#2616,#2624,#2630,#2631,#2632,#2640,#2648,#2654,#2655,#2663,#2673,#2679));
#2681=FACE_BOUND('',#2680,.T.);
#2682=ADVANCED_FACE('',(#2681),#2607,.F.);
#2683=CARTESIAN_POINT('',(-0.351083252,4.603560502,0.225300539));
#2684=DIRECTION('',(0.,0.,-1.));
#2685=DIRECTION('',(1.,0.,0.));
#2686=AXIS2_PLACEMENT_3D('',#2683,#2684,#2685);
#2687=CYLINDRICAL_SURFACE('',#2686,0.625);
#2688=CARTESIAN_POINT('',(0.273916748,4.603560502,-1.974699461));
#2689=DIRECTION('',(-0.,-0.,1.));
#2690=VECTOR('',#2689,1.8);
#2691=LINE('',#2688,#2690);
#2692=EDGE_CURVE('',#2642,#429,#2691,.T.);
#2693=ORIENTED_EDGE('',*,*,#2692,.F.);
#2694=ORIENTED_EDGE('',*,*,#2647,.F.);
#2695=ORIENTED_EDGE('',*,*,#2639,.T.);
#2696=ORIENTED_EDGE('',*,*,#1147,.F.);
#2697=ORIENTED_EDGE('',*,*,#2531,.F.);
#2698=ORIENTED_EDGE('',*,*,#2525,.F.);
#2699=ORIENTED_EDGE('',*,*,#2013,.T.);
#2700=ORIENTED_EDGE('',*,*,#2653,.F.);
#2701=ORIENTED_EDGE('',*,*,#2692,.T.);
#2702=ORIENTED_EDGE('',*,*,#437,.T.);
#2703=ORIENTED_EDGE('',*,*,#444,.T.);
#2704=EDGE_LOOP('',(#2693,#2694,#2695,#2696,#2697,#2698,#2699,#2700,#2701,#2702,#2703));
#2705=FACE_BOUND('',#2704,.T.);
#2706=ADVANCED_FACE('',(#2705),#2687,.F.);
#2707=CARTESIAN_POINT('',(8.148916748,4.883560502,-0.674699461));
#2708=DIRECTION('',(0.,0.,1.));
#2709=DIRECTION('',(-1.,0.,0.));
#2710=AXIS2_PLACEMENT_3D('',#2707,#2708,#2709);
#2711=CYLINDRICAL_SURFACE('',#2710,0.625);
#2712=CARTESIAN_POINT('',(7.523916748,4.883560502,-0.174699461));
#2713=DIRECTION('',(-0.,-0.,-1.));
#2714=VECTOR('',#2713,2.08);
#2715=LINE('',#2712,#2714);
#2716=EDGE_CURVE('',#469,#2657,#2715,.T.);
#2717=ORIENTED_EDGE('',*,*,#2716,.F.);
#2718=ORIENTED_EDGE('',*,*,#477,.T.);
#2719=ORIENTED_EDGE('',*,*,#484,.T.);
#2720=ORIENTED_EDGE('',*,*,#2716,.T.);
#2721=ORIENTED_EDGE('',*,*,#2662,.T.);
#2722=ORIENTED_EDGE('',*,*,#1996,.T.);
#2723=ORIENTED_EDGE('',*,*,#2678,.T.);
#2724=ORIENTED_EDGE('',*,*,#2672,.T.);
#2725=EDGE_LOOP('',(#2717,#2718,#2719,#2720,#2721,#2722,#2723,#2724));
#2726=FACE_BOUND('',#2725,.T.);
#2727=ADVANCED_FACE('',(#2726),#2711,.F.);
#2728=CARTESIAN_POINT('',(-0.051083252,5.603560502,0.225300539));
#2729=DIRECTION('',(0.,-1.,0.));
#2730=DIRECTION('',(0.,0.,-1.));
#2731=AXIS2_PLACEMENT_3D('',#2728,#2729,#2730);
#2732=PLANE('',#2731);
#2733=CARTESIAN_POINT('',(-10.826819183,5.603560502,-0.474699461));
#2734=VERTEX_POINT('',#2733);
#2735=CARTESIAN_POINT('',(-10.826819183,5.603560502,-2.174699461));
#2736=VERTEX_POINT('',#2735);
#2737=CARTESIAN_POINT('',(-10.826819183,5.603560502,-0.474699461));
#2738=DIRECTION('',(-0.,-0.,-1.));
#2739=VECTOR('',#2738,1.7);
#2740=LINE('',#2737,#2739);
#2741=EDGE_CURVE('',#2734,#2736,#2740,.T.);
#2742=ORIENTED_EDGE('',*,*,#2741,.F.);
#2743=CARTESIAN_POINT('',(-10.826819183,5.603560502,-0.474699461));
#2744=DIRECTION('',(1.,0.,-0.));
#2745=VECTOR('',#2744,0.102110013);
#2746=LINE('',#2743,#2745);
#2747=EDGE_CURVE('',#2734,#2420,#2746,.T.);
#2748=ORIENTED_EDGE('',*,*,#2747,.T.);
#2749=ORIENTED_EDGE('',*,*,#2425,.F.);
#2750=CARTESIAN_POINT('',(-10.72470917,5.603560502,-2.174699461));
#2751=DIRECTION('',(-1.,-0.,0.));
#2752=VECTOR('',#2751,0.102110013);
#2753=LINE('',#2750,#2752);
#2754=EDGE_CURVE('',#2418,#2736,#2753,.T.);
#2755=ORIENTED_EDGE('',*,*,#2754,.T.);
#2756=EDGE_LOOP('',(#2742,#2748,#2749,#2755));
#2757=FACE_BOUND('',#2756,.T.);
#2758=ADVANCED_FACE('',(#2757),#2732,.F.);
#2759=CARTESIAN_POINT('',(-0.051083252,5.603560502,0.225300539));
#2760=DIRECTION('',(0.,-1.,0.));
#2761=DIRECTION('',(0.,0.,-1.));
#2762=AXIS2_PLACEMENT_3D('',#2759,#2760,#2761);
#2763=PLANE('',#2762);
#2764=ORIENTED_EDGE('',*,*,#2250,.F.);
#2765=CARTESIAN_POINT('',(2.210654439,5.603560502,-0.474699461));
#2766=DIRECTION('',(1.,0.,-0.));
#2767=VECTOR('',#2766,2.984603561);
#2768=LINE('',#2765,#2767);
#2769=EDGE_CURVE('',#2236,#2387,#2768,.T.);
#2770=ORIENTED_EDGE('',*,*,#2769,.T.);
#2771=ORIENTED_EDGE('',*,*,#2392,.F.);
#2772=CARTESIAN_POINT('',(5.195258,5.603560502,-2.174699461));
#2773=DIRECTION('',(-1.,-0.,0.));
#2774=VECTOR('',#2773,2.984603561);
#2775=LINE('',#2772,#2774);
#2776=EDGE_CURVE('',#2385,#2245,#2775,.T.);
#2777=ORIENTED_EDGE('',*,*,#2776,.T.);
#2778=EDGE_LOOP('',(#2764,#2770,#2771,#2777));
#2779=FACE_BOUND('',#2778,.T.);
#2780=ADVANCED_FACE('',(#2779),#2763,.F.);
#2781=CARTESIAN_POINT('',(-2.851083252,3.403560502,-0.674699461));
#2782=DIRECTION('',(0.,0.,1.));
#2783=DIRECTION('',(-1.,0.,0.));
#2784=AXIS2_PLACEMENT_3D('',#2781,#2782,#2783);
#2785=CYLINDRICAL_SURFACE('',#2784,0.625);
#2786=CARTESIAN_POINT('',(-3.476083252,3.403560502,-0.174699461));
#2787=DIRECTION('',(-0.,-0.,-1.));
#2788=VECTOR('',#2787,1.300000251);
#2789=LINE('',#2786,#2788);
#2790=EDGE_CURVE('',#491,#1293,#2789,.T.);
#2791=ORIENTED_EDGE('',*,*,#2790,.F.);
#2792=ORIENTED_EDGE('',*,*,#497,.F.);
#2793=ORIENTED_EDGE('',*,*,#504,.F.);
#2794=ORIENTED_EDGE('',*,*,#2790,.T.);
#2795=ORIENTED_EDGE('',*,*,#1299,.F.);
#2796=ORIENTED_EDGE('',*,*,#1306,.F.);
#2797=EDGE_LOOP('',(#2791,#2792,#2793,#2794,#2795,#2796));
#2798=FACE_BOUND('',#2797,.T.);
#2799=ADVANCED_FACE('',(#2798),#2785,.F.);
#2800=CARTESIAN_POINT('',(-5.201083252,3.403560502,-0.674699461));
#2801=DIRECTION('',(0.,0.,1.));
#2802=DIRECTION('',(-1.,0.,0.));
#2803=AXIS2_PLACEMENT_3D('',#2800,#2801,#2802);
#2804=CYLINDRICAL_SURFACE('',#2803,0.625);
#2805=CARTESIAN_POINT('',(-5.826083252,3.403560502,-0.174699461));
#2806=DIRECTION('',(-0.,-0.,-1.));
#2807=VECTOR('',#2806,1.300000251);
#2808=LINE('',#2805,#2807);
#2809=EDGE_CURVE('',#509,#1271,#2808,.T.);
#2810=ORIENTED_EDGE('',*,*,#2809,.F.);
#2811=ORIENTED_EDGE('',*,*,#517,.T.);
#2812=ORIENTED_EDGE('',*,*,#524,.T.);
#2813=ORIENTED_EDGE('',*,*,#2809,.T.);
#2814=ORIENTED_EDGE('',*,*,#1279,.T.);
#2815=ORIENTED_EDGE('',*,*,#1286,.T.);
#2816=EDGE_LOOP('',(#2810,#2811,#2812,#2813,#2814,#2815));
#2817=FACE_BOUND('',#2816,.T.);
#2818=ADVANCED_FACE('',(#2817),#2804,.F.);
#2819=CARTESIAN_POINT('',(-0.051083252,5.603560502,0.225300539));
#2820=DIRECTION('',(0.,-1.,0.));
#2821=DIRECTION('',(0.,0.,-1.));
#2822=AXIS2_PLACEMENT_3D('',#2819,#2820,#2821);
#2823=PLANE('',#2822);
#2824=ORIENTED_EDGE('',*,*,#2466,.F.);
#2825=CARTESIAN_POINT('',(10.724652679,5.603560502,-0.474699461));
#2826=VERTEX_POINT('',#2825);
#2827=CARTESIAN_POINT('',(10.522542666,5.603560502,-0.474699461));
#2828=DIRECTION('',(1.,0.,-0.));
#2829=VECTOR('',#2828,0.202110013);
#2830=LINE('',#2827,#2829);
#2831=EDGE_CURVE('',#2452,#2826,#2830,.T.);
#2832=ORIENTED_EDGE('',*,*,#2831,.T.);
#2833=CARTESIAN_POINT('',(10.724652679,5.603560502,-2.174699461));
#2834=VERTEX_POINT('',#2833);
#2835=CARTESIAN_POINT('',(10.724652679,5.603560502,-2.174699461));
#2836=DIRECTION('',(0.,0.,1.));
#2837=VECTOR('',#2836,1.7);
#2838=LINE('',#2835,#2837);
#2839=EDGE_CURVE('',#2834,#2826,#2838,.T.);
#2840=ORIENTED_EDGE('',*,*,#2839,.F.);
#2841=CARTESIAN_POINT('',(10.724652679,5.603560502,-2.174699461));
#2842=DIRECTION('',(-1.,-0.,0.));
#2843=VECTOR('',#2842,0.202110013);
#2844=LINE('',#2841,#2843);
#2845=EDGE_CURVE('',#2834,#2461,#2844,.T.);
#2846=ORIENTED_EDGE('',*,*,#2845,.T.);
#2847=EDGE_LOOP('',(#2824,#2832,#2840,#2846));
#2848=FACE_BOUND('',#2847,.T.);
#2849=ADVANCED_FACE('',(#2848),#2823,.F.);
#2850=CARTESIAN_POINT('',(2.648916748,2.978560502,0.225300539));
#2851=DIRECTION('',(0.,0.,-1.));
#2852=DIRECTION('',(1.,0.,0.));
#2853=AXIS2_PLACEMENT_3D('',#2850,#2851,#2852);
#2854=CYLINDRICAL_SURFACE('',#2853,0.7);
#2855=CARTESIAN_POINT('',(3.348916748,2.978560502,-0.974699461));
#2856=VERTEX_POINT('',#2855);
#2857=CARTESIAN_POINT('',(3.348916748,2.978560502,-1.474699461));
#2858=DIRECTION('',(-0.,-0.,1.));
#2859=VECTOR('',#2858,0.5);
#2860=LINE('',#2857,#2859);
#2861=EDGE_CURVE('',#1251,#2856,#2860,.T.);
#2862=ORIENTED_EDGE('',*,*,#2861,.F.);
#2863=ORIENTED_EDGE('',*,*,#1259,.T.);
#2864=ORIENTED_EDGE('',*,*,#1266,.T.);
#2865=ORIENTED_EDGE('',*,*,#2861,.T.);
#2866=CARTESIAN_POINT('',(1.948916748,2.978560502,-0.974699461));
#2867=VERTEX_POINT('',#2866);
#2868=CARTESIAN_POINT('',(2.648916748,2.978560502,-0.974699461));
#2869=DIRECTION('',(0.,0.,-1.));
#2870=DIRECTION('',(-1.,0.,0.));
#2871=AXIS2_PLACEMENT_3D('',#2868,#2869,#2870);
#2872=CIRCLE('',#2871,0.7);
#2873=EDGE_CURVE('',#2867,#2856,#2872,.T.);
#2874=ORIENTED_EDGE('',*,*,#2873,.F.);
#2875=CARTESIAN_POINT('',(2.648916748,2.978560502,-0.974699461));
#2876=DIRECTION('',(0.,0.,-1.));
#2877=DIRECTION('',(-1.,0.,0.));
#2878=AXIS2_PLACEMENT_3D('',#2875,#2876,#2877);
#2879=CIRCLE('',#2878,0.7);
#2880=EDGE_CURVE('',#2856,#2867,#2879,.T.);
#2881=ORIENTED_EDGE('',*,*,#2880,.F.);
#2882=EDGE_LOOP('',(#2862,#2863,#2864,#2865,#2874,#2881));
#2883=FACE_BOUND('',#2882,.T.);
#2884=ADVANCED_FACE('',(#2883),#2854,.F.);
#2885=CARTESIAN_POINT('',(-0.051083252,5.603560502,0.225300539));
#2886=DIRECTION('',(0.,-1.,0.));
#2887=DIRECTION('',(0.,0.,-1.));
#2888=AXIS2_PLACEMENT_3D('',#2885,#2886,#2887);
#2889=PLANE('',#2888);
#2890=ORIENTED_EDGE('',*,*,#2367,.F.);
#2891=CARTESIAN_POINT('',(-5.397424504,5.603560502,-0.474699461));
#2892=DIRECTION('',(1.,0.,-0.));
#2893=VECTOR('',#2892,2.484603561);
#2894=LINE('',#2891,#2893);
#2895=EDGE_CURVE('',#2353,#2204,#2894,.T.);
#2896=ORIENTED_EDGE('',*,*,#2895,.T.);
#2897=ORIENTED_EDGE('',*,*,#2209,.F.);
#2898=CARTESIAN_POINT('',(-2.912820943,5.603560502,-2.174699461));
#2899=DIRECTION('',(-1.,-0.,0.));
#2900=VECTOR('',#2899,2.484603561);
#2901=LINE('',#2898,#2900);
#2902=EDGE_CURVE('',#2202,#2362,#2901,.T.);
#2903=ORIENTED_EDGE('',*,*,#2902,.T.);
#2904=EDGE_LOOP('',(#2890,#2896,#2897,#2903));
#2905=FACE_BOUND('',#2904,.T.);
#2906=ADVANCED_FACE('',(#2905),#2889,.F.);
#2907=CARTESIAN_POINT('',(2.648916748,2.978560502,-0.574699461));
#2908=DIRECTION('',(0.,0.,1.));
#2909=DIRECTION('',(-1.,0.,0.));
#2910=AXIS2_PLACEMENT_3D('',#2907,#2908,#2909);
#2911=CYLINDRICAL_SURFACE('',#2910,1.4);
#2912=CARTESIAN_POINT('',(1.248916748,2.978560502,-0.974699461));
#2913=VERTEX_POINT('',#2912);
#2914=CARTESIAN_POINT('',(1.248916748,2.978560502,-0.174699461));
#2915=DIRECTION('',(-0.,-0.,-1.));
#2916=VECTOR('',#2915,0.8);
#2917=LINE('',#2914,#2916);
#2918=EDGE_CURVE('',#451,#2913,#2917,.T.);
#2919=ORIENTED_EDGE('',*,*,#2918,.F.);
#2920=ORIENTED_EDGE('',*,*,#457,.F.);
#2921=ORIENTED_EDGE('',*,*,#464,.F.);
#2922=ORIENTED_EDGE('',*,*,#2918,.T.);
#2923=CARTESIAN_POINT('',(4.048916748,2.978560502,-0.974699461));
#2924=VERTEX_POINT('',#2923);
#2925=CARTESIAN_POINT('',(2.648916748,2.978560502,-0.974699461));
#2926=DIRECTION('',(-0.,-0.,-1.));
#2927=DIRECTION('',(1.,0.,-0.));
#2928=AXIS2_PLACEMENT_3D('',#2925,#2926,#2927);
#2929=CIRCLE('',#2928,1.4);
#2930=EDGE_CURVE('',#2913,#2924,#2929,.T.);
#2931=ORIENTED_EDGE('',*,*,#2930,.T.);
#2932=CARTESIAN_POINT('',(2.648916748,2.978560502,-0.974699461));
#2933=DIRECTION('',(-0.,-0.,-1.));
#2934=DIRECTION('',(1.,0.,-0.));
#2935=AXIS2_PLACEMENT_3D('',#2932,#2933,#2934);
#2936=CIRCLE('',#2935,1.4);
#2937=EDGE_CURVE('',#2924,#2913,#2936,.T.);
#2938=ORIENTED_EDGE('',*,*,#2937,.T.);
#2939=EDGE_LOOP('',(#2919,#2920,#2921,#2922,#2931,#2938));
#2940=FACE_BOUND('',#2939,.T.);
#2941=ADVANCED_FACE('',(#2940),#2911,.F.);
#2942=CARTESIAN_POINT('',(210.068871277,280.795535501,-0.974699461));
#2943=DIRECTION('',(0.,0.,1.));
#2944=DIRECTION('',(-1.,0.,0.));
#2945=AXIS2_PLACEMENT_3D('',#2942,#2943,#2944);
#2946=PLANE('',#2945);
#2947=ORIENTED_EDGE('',*,*,#2873,.T.);
#2948=ORIENTED_EDGE('',*,*,#2880,.T.);
#2949=EDGE_LOOP('',(#2947,#2948));
#2950=FACE_BOUND('',#2949,.T.);
#2951=ORIENTED_EDGE('',*,*,#2930,.F.);
#2952=ORIENTED_EDGE('',*,*,#2937,.F.);
#2953=EDGE_LOOP('',(#2951,#2952));
#2954=FACE_BOUND('',#2953,.T.);
#2955=ADVANCED_FACE('',(#2950,#2954),#2946,.T.);
#2956=CARTESIAN_POINT('',(11.848916748,4.603560502,0.225300539));
#2957=DIRECTION('',(0.707106781,0.707106781,0.));
#2958=DIRECTION('',(0.,0.,1.));
#2959=AXIS2_PLACEMENT_3D('',#2956,#2957,#2958);
#2960=PLANE('',#2959);
#2961=CARTESIAN_POINT('',(10.936784714,5.515692536,-0.474699461));
#2962=VERTEX_POINT('',#2961);
#2963=CARTESIAN_POINT('',(10.936784714,5.515692536,-2.174699461));
#2964=VERTEX_POINT('',#2963);
#2965=CARTESIAN_POINT('',(10.936784714,5.515692536,-0.474699461));
#2966=DIRECTION('',(-0.,-0.,-1.));
#2967=VECTOR('',#2966,1.7);
#2968=LINE('',#2965,#2967);
#2969=EDGE_CURVE('',#2962,#2964,#2968,.T.);
#2970=ORIENTED_EDGE('',*,*,#2969,.F.);
#2971=CARTESIAN_POINT('',(11.761048782,4.691428468,-0.474699461));
#2972=VERTEX_POINT('',#2971);
#2973=CARTESIAN_POINT('',(10.936784714,5.515692536,-0.474699461));
#2974=DIRECTION('',(0.707106781,-0.707106781,0.));
#2975=VECTOR('',#2974,1.165685425);
#2976=LINE('',#2973,#2975);
#2977=EDGE_CURVE('',#2962,#2972,#2976,.T.);
#2978=ORIENTED_EDGE('',*,*,#2977,.T.);
#2979=CARTESIAN_POINT('',(11.761048782,4.691428468,-2.062567427));
#2980=DIRECTION('',(0.,0.,1.));
#2981=VECTOR('',#2980,1.587867966);
#2982=LINE('',#2979,#2981);
#2983=EDGE_CURVE('',#2618,#2972,#2982,.T.);
#2984=ORIENTED_EDGE('',*,*,#2983,.F.);
#2985=ORIENTED_EDGE('',*,*,#2623,.T.);
#2986=CARTESIAN_POINT('',(11.648916748,4.803560502,-2.174699461));
#2987=DIRECTION('',(-0.707106781,0.707106781,-0.));
#2988=VECTOR('',#2987,1.007106781);
#2989=LINE('',#2986,#2988);
#2990=EDGE_CURVE('',#2610,#2964,#2989,.T.);
#2991=ORIENTED_EDGE('',*,*,#2990,.T.);
#2992=EDGE_LOOP('',(#2970,#2978,#2984,#2985,#2991));
#2993=FACE_BOUND('',#2992,.T.);
#2994=ADVANCED_FACE('',(#2993),#2960,.T.);
#2995=CARTESIAN_POINT('',(10.724652679,5.303560502,0.225300539));
#2996=DIRECTION('',(0.,0.,1.));
#2997=DIRECTION('',(1.,0.,-0.));
#2998=AXIS2_PLACEMENT_3D('',#2995,#2996,#2997);
#2999=CYLINDRICAL_SURFACE('',#2998,0.3);
#3000=ORIENTED_EDGE('',*,*,#2839,.T.);
#3001=CARTESIAN_POINT('',(10.724652679,5.303560502,-0.474699461));
#3002=DIRECTION('',(-0.,-0.,-1.));
#3003=DIRECTION('',(1.,0.,-0.));
#3004=AXIS2_PLACEMENT_3D('',#3001,#3002,#3003);
#3005=CIRCLE('',#3004,0.3);
#3006=EDGE_CURVE('',#2826,#2962,#3005,.T.);
#3007=ORIENTED_EDGE('',*,*,#3006,.T.);
#3008=ORIENTED_EDGE('',*,*,#2969,.T.);
#3009=CARTESIAN_POINT('',(10.724652679,5.303560502,-2.174699461));
#3010=DIRECTION('',(0.,0.,1.));
#3011=DIRECTION('',(1.,0.,-0.));
#3012=AXIS2_PLACEMENT_3D('',#3009,#3010,#3011);
#3013=CIRCLE('',#3012,0.3);
#3014=EDGE_CURVE('',#2964,#2834,#3013,.T.);
#3015=ORIENTED_EDGE('',*,*,#3014,.T.);
#3016=EDGE_LOOP('',(#3000,#3007,#3008,#3015));
#3017=FACE_BOUND('',#3016,.T.);
#3018=ADVANCED_FACE('',(#3017),#2999,.T.);
#3019=CARTESIAN_POINT('',(-11.651083252,4.479296433,0.225300539));
#3020=DIRECTION('',(0.,0.,1.));
#3021=DIRECTION('',(1.,0.,-0.));
#3022=AXIS2_PLACEMENT_3D('',#3019,#3020,#3021);
#3023=CYLINDRICAL_SURFACE('',#3022,0.3);
#3024=ORIENTED_EDGE('',*,*,#1711,.T.);
#3025=CARTESIAN_POINT('',(-11.651083252,4.479296433,-0.474699461));
#3026=DIRECTION('',(-0.,-0.,-1.));
#3027=DIRECTION('',(1.,0.,-0.));
#3028=AXIS2_PLACEMENT_3D('',#3025,#3026,#3027);
#3029=CIRCLE('',#3028,0.3);
#3030=EDGE_CURVE('',#1698,#2550,#3029,.T.);
#3031=ORIENTED_EDGE('',*,*,#3030,.T.);
#3032=ORIENTED_EDGE('',*,*,#2555,.T.);
#3033=ORIENTED_EDGE('',*,*,#2539,.T.);
#3034=EDGE_LOOP('',(#3024,#3031,#3032,#3033));
#3035=FACE_BOUND('',#3034,.T.);
#3036=ADVANCED_FACE('',(#3035),#3023,.T.);
#3037=CARTESIAN_POINT('',(-10.826819183,5.303560502,0.225300539));
#3038=DIRECTION('',(0.,0.,1.));
#3039=DIRECTION('',(1.,0.,-0.));
#3040=AXIS2_PLACEMENT_3D('',#3037,#3038,#3039);
#3041=CYLINDRICAL_SURFACE('',#3040,0.3);
#3042=ORIENTED_EDGE('',*,*,#2571,.T.);
#3043=CARTESIAN_POINT('',(-10.826819183,5.303560502,-0.474699461));
#3044=DIRECTION('',(-0.,-0.,-1.));
#3045=DIRECTION('',(1.,0.,-0.));
#3046=AXIS2_PLACEMENT_3D('',#3043,#3044,#3045);
#3047=CIRCLE('',#3046,0.3);
#3048=EDGE_CURVE('',#2558,#2734,#3047,.T.);
#3049=ORIENTED_EDGE('',*,*,#3048,.T.);
#3050=ORIENTED_EDGE('',*,*,#2741,.T.);
#3051=CARTESIAN_POINT('',(-10.826819183,5.303560502,-2.174699461));
#3052=DIRECTION('',(0.,0.,1.));
#3053=DIRECTION('',(1.,0.,-0.));
#3054=AXIS2_PLACEMENT_3D('',#3051,#3052,#3053);
#3055=CIRCLE('',#3054,0.3);
#3056=EDGE_CURVE('',#2736,#2566,#3055,.T.);
#3057=ORIENTED_EDGE('',*,*,#3056,.T.);
#3058=EDGE_LOOP('',(#3042,#3049,#3050,#3057));
#3059=FACE_BOUND('',#3058,.T.);
#3060=ADVANCED_FACE('',(#3059),#3041,.T.);
#3061=CARTESIAN_POINT('',(11.548916748,4.479296433,0.225300539));
#3062=DIRECTION('',(0.,0.,1.));
#3063=DIRECTION('',(1.,0.,-0.));
#3064=AXIS2_PLACEMENT_3D('',#3061,#3062,#3063);
#3065=CYLINDRICAL_SURFACE('',#3064,0.3);
#3066=ORIENTED_EDGE('',*,*,#2983,.T.);
#3067=CARTESIAN_POINT('',(11.548916748,4.479296433,-0.474699461));
#3068=DIRECTION('',(-0.,-0.,-1.));
#3069=DIRECTION('',(1.,0.,-0.));
#3070=AXIS2_PLACEMENT_3D('',#3067,#3068,#3069);
#3071=CIRCLE('',#3070,0.3);
#3072=EDGE_CURVE('',#2972,#1752,#3071,.T.);
#3073=ORIENTED_EDGE('',*,*,#3072,.T.);
#3074=ORIENTED_EDGE('',*,*,#1759,.T.);
#3075=ORIENTED_EDGE('',*,*,#2629,.T.);
#3076=EDGE_LOOP('',(#3066,#3073,#3074,#3075));
#3077=FACE_BOUND('',#3076,.T.);
#3078=ADVANCED_FACE('',(#3077),#3065,.T.);
#3079=CARTESIAN_POINT('',(-10.951083252,5.603560502,-2.174699461));
#3080=DIRECTION('',(0.5,-0.5,0.707106781));
#3081=DIRECTION('',(-0.707106781,-0.707106781,0.));
#3082=AXIS2_PLACEMENT_3D('',#3079,#3080,#3081);
#3083=PLANE('',#3082);
#3084=ORIENTED_EDGE('',*,*,#2497,.F.);
#3085=ORIENTED_EDGE('',*,*,#2577,.F.);
#3086=CARTESIAN_POINT('',(-10.826819183,5.303560502,-2.474699461));
#3087=DIRECTION('',(-0.500000001,0.499999998,0.707106782));
#3088=VECTOR('',#3087,0.424264069);
#3089=LINE('',#3086,#3088);
#3090=EDGE_CURVE('',#2041,#2566,#3089,.T.);
#3091=ORIENTED_EDGE('',*,*,#3090,.F.);
#3092=ORIENTED_EDGE('',*,*,#2046,.F.);
#3093=EDGE_LOOP('',(#3084,#3085,#3091,#3092));
#3094=FACE_BOUND('',#3093,.T.);
#3095=ADVANCED_FACE('',(#3094),#3083,.F.);
#3096=CARTESIAN_POINT('',(-10.826819183,5.303560502,-2.174699461));
#3097=DIRECTION('',(0.,0.,1.));
#3098=DIRECTION('',(1.,0.,-0.));
#3099=AXIS2_PLACEMENT_3D('',#3096,#3097,#3098);
#3100=CONICAL_SURFACE('',#3099,0.3,44.999999949);
#3101=ORIENTED_EDGE('',*,*,#3090,.T.);
#3102=ORIENTED_EDGE('',*,*,#3056,.F.);
#3103=CARTESIAN_POINT('',(-10.826819183,5.303560502,-2.474699461));
#3104=DIRECTION('',(0.,0.707106781,0.707106781));
#3105=VECTOR('',#3104,0.424264069);
#3106=LINE('',#3103,#3105);
#3107=EDGE_CURVE('',#2041,#2736,#3106,.T.);
#3108=ORIENTED_EDGE('',*,*,#3107,.F.);
#3109=EDGE_LOOP('',(#3101,#3102,#3108));
#3110=FACE_BOUND('',#3109,.T.);
#3111=ADVANCED_FACE('',(#3110),#3100,.T.);
#3112=CARTESIAN_POINT('',(210.068871277,5.303560502,-2.474699461));
#3113=DIRECTION('',(0.,0.707106781,-0.707106781));
#3114=DIRECTION('',(-1.,0.,0.));
#3115=AXIS2_PLACEMENT_3D('',#3112,#3113,#3114);
#3116=PLANE('',#3115);
#3117=ORIENTED_EDGE('',*,*,#3107,.T.);
#3118=ORIENTED_EDGE('',*,*,#2754,.F.);
#3119=CARTESIAN_POINT('',(-10.72470917,5.303560502,-2.474699461));
#3120=CARTESIAN_POINT('',(-10.72470917,5.403560502,-2.374699461));
#3121=CARTESIAN_POINT('',(-10.72470917,5.503560502,-2.274699461));
#3122=CARTESIAN_POINT('',(-10.72470917,5.603560502,-2.174699461));
#3123=B_SPLINE_CURVE_WITH_KNOTS('',3,(#3119,#3120,#3121,#3122),.UNSPECIFIED.,.F.,.F.,(4,4),(0.,0.424264069),.UNSPECIFIED.);
#3124=EDGE_CURVE('',#2049,#2418,#3123,.T.);
#3125=ORIENTED_EDGE('',*,*,#3124,.F.);
#3126=ORIENTED_EDGE('',*,*,#2054,.F.);
#3127=EDGE_LOOP('',(#3117,#3118,#3125,#3126));
#3128=FACE_BOUND('',#3127,.T.);
#3129=ADVANCED_FACE('',(#3128),#3116,.T.);
#3130=CARTESIAN_POINT('',(-10.72470917,7.103560502,-2.474699461));
#3131=DIRECTION('',(0.,0.,-1.));
#3132=DIRECTION('',(-1.,0.,0.));
#3133=AXIS2_PLACEMENT_3D('',#3130,#3131,#3132);
#3134=CONICAL_SURFACE('',#3133,1.8,44.999999949);
#3135=ORIENTED_EDGE('',*,*,#3124,.T.);
#3136=ORIENTED_EDGE('',*,*,#2440,.F.);
#3137=CARTESIAN_POINT('',(-9.410085585,5.87402204,-2.474699461));
#3138=CARTESIAN_POINT('',(-9.483120229,5.942329732,-2.374699461));
#3139=CARTESIAN_POINT('',(-9.556154872,6.010637424,-2.274699461));
#3140=CARTESIAN_POINT('',(-9.629189516,6.078945116,-2.174699461));
#3141=B_SPLINE_CURVE_WITH_KNOTS('',3,(#3137,#3138,#3139,#3140),.UNSPECIFIED.,.F.,.F.,(4,4),(0.,0.424264069),.UNSPECIFIED.);
#3142=EDGE_CURVE('',#2057,#2270,#3141,.T.);
#3143=ORIENTED_EDGE('',*,*,#3142,.F.);
#3144=ORIENTED_EDGE('',*,*,#2063,.F.);
#3145=EDGE_LOOP('',(#3135,#3136,#3143,#3144));
#3146=FACE_BOUND('',#3145,.T.);
#3147=ADVANCED_FACE('',(#3146),#3134,.F.);
#3148=CARTESIAN_POINT('',(-8.351083252,4.883560502,-2.474699461));
#3149=DIRECTION('',(0.,0.,1.));
#3150=DIRECTION('',(1.,0.,-0.));
#3151=AXIS2_PLACEMENT_3D('',#3148,#3149,#3150);
#3152=CONICAL_SURFACE('',#3151,1.45,44.999999949);
#3153=ORIENTED_EDGE('',*,*,#3142,.T.);
#3154=ORIENTED_EDGE('',*,*,#2299,.F.);
#3155=CARTESIAN_POINT('',(-7.449440055,6.019139449,-2.474699461));
#3156=CARTESIAN_POINT('',(-7.387257766,6.097455239,-2.374699461));
#3157=CARTESIAN_POINT('',(-7.325075476,6.175771028,-2.274699461));
#3158=CARTESIAN_POINT('',(-7.262893187,6.254086817,-2.174699461));
#3159=B_SPLINE_CURVE_WITH_KNOTS('',3,(#3155,#3156,#3157,#3158),.UNSPECIFIED.,.F.,.F.,(4,4),(0.,0.424264069),.UNSPECIFIED.);
#3160=EDGE_CURVE('',#2066,#2287,#3159,.T.);
#3161=ORIENTED_EDGE('',*,*,#3160,.F.);
#3162=ORIENTED_EDGE('',*,*,#2072,.F.);
#3163=EDGE_LOOP('',(#3153,#3154,#3161,#3162));
#3164=FACE_BOUND('',#3163,.T.);
#3165=ADVANCED_FACE('',(#3164),#3152,.T.);
#3166=CARTESIAN_POINT('',(-5.397424504,8.603560502,-2.474699461));
#3167=DIRECTION('',(0.,0.,-1.));
#3168=DIRECTION('',(-1.,0.,0.));
#3169=AXIS2_PLACEMENT_3D('',#3166,#3167,#3168);
#3170=CONICAL_SURFACE('',#3169,3.3,44.999999949);
#3171=ORIENTED_EDGE('',*,*,#3160,.T.);
#3172=ORIENTED_EDGE('',*,*,#2374,.F.);
#3173=CARTESIAN_POINT('',(-5.397424504,5.303560502,-2.474699461));
#3174=DIRECTION('',(0.,0.707106781,0.707106781));
#3175=VECTOR('',#3174,0.424264069);
#3176=LINE('',#3173,#3175);
#3177=EDGE_CURVE('',#2075,#2362,#3176,.T.);
#3178=ORIENTED_EDGE('',*,*,#3177,.F.);
#3179=ORIENTED_EDGE('',*,*,#2081,.F.);
#3180=EDGE_LOOP('',(#3171,#3172,#3178,#3179));
#3181=FACE_BOUND('',#3180,.T.);
#3182=ADVANCED_FACE('',(#3181),#3170,.F.);
#3183=CARTESIAN_POINT('',(210.068871277,5.303560502,-2.474699461));
#3184=DIRECTION('',(0.,0.707106781,-0.707106781));
#3185=DIRECTION('',(-1.,0.,0.));
#3186=AXIS2_PLACEMENT_3D('',#3183,#3184,#3185);
#3187=PLANE('',#3186);
#3188=ORIENTED_EDGE('',*,*,#3177,.T.);
#3189=ORIENTED_EDGE('',*,*,#2902,.F.);
#3190=CARTESIAN_POINT('',(-2.912820943,5.303560502,-2.474699461));
#3191=CARTESIAN_POINT('',(-2.912820943,5.403560502,-2.374699461));
#3192=CARTESIAN_POINT('',(-2.912820943,5.503560502,-2.274699461));
#3193=CARTESIAN_POINT('',(-2.912820943,5.603560502,-2.174699461));
#3194=B_SPLINE_CURVE_WITH_KNOTS('',3,(#3190,#3191,#3192,#3193),.UNSPECIFIED.,.F.,.F.,(4,4),(0.,0.424264069),.UNSPECIFIED.);
#3195=EDGE_CURVE('',#2084,#2202,#3194,.T.);
#3196=ORIENTED_EDGE('',*,*,#3195,.F.);
#3197=ORIENTED_EDGE('',*,*,#2089,.F.);
#3198=EDGE_LOOP('',(#3188,#3189,#3196,#3197));
#3199=FACE_BOUND('',#3198,.T.);
#3200=ADVANCED_FACE('',(#3199),#3187,.T.);
#3201=CARTESIAN_POINT('',(-2.912820943,8.603560502,-2.474699461));
#3202=DIRECTION('',(0.,0.,-1.));
#3203=DIRECTION('',(-1.,0.,0.));
#3204=AXIS2_PLACEMENT_3D('',#3201,#3202,#3203);
#3205=CONICAL_SURFACE('',#3204,3.3,44.999999949);
#3206=ORIENTED_EDGE('',*,*,#3195,.T.);
#3207=ORIENTED_EDGE('',*,*,#2224,.F.);
#3208=CARTESIAN_POINT('',(-1.133087389,5.824613134,-2.474699461));
#3209=CARTESIAN_POINT('',(-1.187018709,5.90882366,-2.374699461));
#3210=CARTESIAN_POINT('',(-1.240950029,5.993034186,-2.274699461));
#3211=CARTESIAN_POINT('',(-1.294881348,6.077244712,-2.174699461));
#3212=B_SPLINE_CURVE_WITH_KNOTS('',3,(#3208,#3209,#3210,#3211),.UNSPECIFIED.,.F.,.F.,(4,4),(0.,0.424264069),.UNSPECIFIED.);
#3213=EDGE_CURVE('',#2092,#2162,#3212,.T.);
#3214=ORIENTED_EDGE('',*,*,#3213,.F.);
#3215=ORIENTED_EDGE('',*,*,#2098,.F.);
#3216=EDGE_LOOP('',(#3206,#3207,#3214,#3215));
#3217=FACE_BOUND('',#3216,.T.);
#3218=ADVANCED_FACE('',(#3217),#3205,.F.);
#3219=CARTESIAN_POINT('',(-0.351083252,4.603560502,-2.474699461));
#3220=DIRECTION('',(0.,0.,1.));
#3221=DIRECTION('',(1.,0.,-0.));
#3222=AXIS2_PLACEMENT_3D('',#3219,#3220,#3221);
#3223=CONICAL_SURFACE('',#3222,1.45,44.999999949);
#3224=ORIENTED_EDGE('',*,*,#3213,.T.);
#3225=ORIENTED_EDGE('',*,*,#2191,.F.);
#3226=CARTESIAN_POINT('',(0.430920885,5.824613134,-2.474699461));
#3227=CARTESIAN_POINT('',(0.484852205,5.90882366,-2.374699461));
#3228=CARTESIAN_POINT('',(0.538783525,5.993034186,-2.274699461));
#3229=CARTESIAN_POINT('',(0.592714844,6.077244712,-2.174699461));
#3230=B_SPLINE_CURVE_WITH_KNOTS('',3,(#3226,#3227,#3228,#3229),.UNSPECIFIED.,.F.,.F.,(4,4),(0.,0.424264069),.UNSPECIFIED.);
#3231=EDGE_CURVE('',#2101,#2179,#3230,.T.);
#3232=ORIENTED_EDGE('',*,*,#3231,.F.);
#3233=ORIENTED_EDGE('',*,*,#2107,.F.);
#3234=EDGE_LOOP('',(#3224,#3225,#3232,#3233));
#3235=FACE_BOUND('',#3234,.T.);
#3236=ADVANCED_FACE('',(#3235),#3223,.T.);
#3237=CARTESIAN_POINT('',(2.210654439,8.603560502,-2.474699461));
#3238=DIRECTION('',(0.,0.,-1.));
#3239=DIRECTION('',(-1.,0.,0.));
#3240=AXIS2_PLACEMENT_3D('',#3237,#3238,#3239);
#3241=CONICAL_SURFACE('',#3240,3.3,44.999999949);
#3242=ORIENTED_EDGE('',*,*,#3231,.T.);
#3243=ORIENTED_EDGE('',*,*,#2257,.F.);
#3244=CARTESIAN_POINT('',(2.210654439,5.303560502,-2.474699461));
#3245=DIRECTION('',(0.,0.707106781,0.707106781));
#3246=VECTOR('',#3245,0.424264069);
#3247=LINE('',#3244,#3246);
#3248=EDGE_CURVE('',#2110,#2245,#3247,.T.);
#3249=ORIENTED_EDGE('',*,*,#3248,.F.);
#3250=ORIENTED_EDGE('',*,*,#2116,.F.);
#3251=EDGE_LOOP('',(#3242,#3243,#3249,#3250));
#3252=FACE_BOUND('',#3251,.T.);
#3253=ADVANCED_FACE('',(#3252),#3241,.F.);
#3254=CARTESIAN_POINT('',(210.068871277,5.303560502,-2.474699461));
#3255=DIRECTION('',(0.,0.707106781,-0.707106781));
#3256=DIRECTION('',(-1.,0.,0.));
#3257=AXIS2_PLACEMENT_3D('',#3254,#3255,#3256);
#3258=PLANE('',#3257);
#3259=ORIENTED_EDGE('',*,*,#3248,.T.);
#3260=ORIENTED_EDGE('',*,*,#2776,.F.);
#3261=CARTESIAN_POINT('',(5.195258,5.303560502,-2.474699461));
#3262=CARTESIAN_POINT('',(5.195258,5.403560502,-2.374699461));
#3263=CARTESIAN_POINT('',(5.195258,5.503560502,-2.274699461));
#3264=CARTESIAN_POINT('',(5.195258,5.603560502,-2.174699461));
#3265=B_SPLINE_CURVE_WITH_KNOTS('',3,(#3261,#3262,#3263,#3264),.UNSPECIFIED.,.F.,.F.,(4,4),(0.,0.424264069),.UNSPECIFIED.);
#3266=EDGE_CURVE('',#2119,#2385,#3265,.T.);
#3267=ORIENTED_EDGE('',*,*,#3266,.F.);
#3268=ORIENTED_EDGE('',*,*,#2124,.F.);
#3269=EDGE_LOOP('',(#3259,#3260,#3267,#3268));
#3270=FACE_BOUND('',#3269,.T.);
#3271=ADVANCED_FACE('',(#3270),#3258,.T.);
#3272=CARTESIAN_POINT('',(5.195258,8.603560502,-2.474699461));
#3273=DIRECTION('',(0.,0.,-1.));
#3274=DIRECTION('',(-1.,0.,0.));
#3275=AXIS2_PLACEMENT_3D('',#3272,#3273,#3274);
#3276=CONICAL_SURFACE('',#3275,3.3,44.999999949);
#3277=ORIENTED_EDGE('',*,*,#3266,.T.);
#3278=ORIENTED_EDGE('',*,*,#2407,.F.);
#3279=CARTESIAN_POINT('',(7.247273551,6.019139449,-2.474699461));
#3280=CARTESIAN_POINT('',(7.185091262,6.097455238,-2.374699461));
#3281=CARTESIAN_POINT('',(7.122908972,6.175771028,-2.274699461));
#3282=CARTESIAN_POINT('',(7.060726683,6.254086817,-2.174699461));
#3283=B_SPLINE_CURVE_WITH_KNOTS('',3,(#3279,#3280,#3281,#3282),.UNSPECIFIED.,.F.,.F.,(4,4),(0.,0.424264069),.UNSPECIFIED.);
#3284=EDGE_CURVE('',#2127,#2312,#3283,.T.);
#3285=ORIENTED_EDGE('',*,*,#3284,.F.);
#3286=ORIENTED_EDGE('',*,*,#2133,.F.);
#3287=EDGE_LOOP('',(#3277,#3278,#3285,#3286));
#3288=FACE_BOUND('',#3287,.T.);
#3289=ADVANCED_FACE('',(#3288),#3276,.F.);
#3290=CARTESIAN_POINT('',(8.148916748,4.883560502,-2.474699461));
#3291=DIRECTION('',(0.,0.,1.));
#3292=DIRECTION('',(1.,0.,-0.));
#3293=AXIS2_PLACEMENT_3D('',#3290,#3291,#3292);
#3294=CONICAL_SURFACE('',#3293,1.45,44.999999949);
#3295=ORIENTED_EDGE('',*,*,#3284,.T.);
#3296=ORIENTED_EDGE('',*,*,#2341,.F.);
#3297=CARTESIAN_POINT('',(9.207919081,5.87402204,-2.474699461));
#3298=CARTESIAN_POINT('',(9.280953725,5.942329732,-2.374699461));
#3299=CARTESIAN_POINT('',(9.353988368,6.010637424,-2.274699461));
#3300=CARTESIAN_POINT('',(9.427023012,6.078945117,-2.174699461));
#3301=B_SPLINE_CURVE_WITH_KNOTS('',3,(#3297,#3298,#3299,#3300),.UNSPECIFIED.,.F.,.F.,(4,4),(0.,0.424264069),.UNSPECIFIED.);
#3302=EDGE_CURVE('',#2136,#2329,#3301,.T.);
#3303=ORIENTED_EDGE('',*,*,#3302,.F.);
#3304=ORIENTED_EDGE('',*,*,#2142,.F.);
#3305=EDGE_LOOP('',(#3295,#3296,#3303,#3304));
#3306=FACE_BOUND('',#3305,.T.);
#3307=ADVANCED_FACE('',(#3306),#3294,.T.);
#3308=CARTESIAN_POINT('',(10.522542666,7.103560502,-2.474699461));
#3309=DIRECTION('',(0.,0.,-1.));
#3310=DIRECTION('',(-1.,0.,0.));
#3311=AXIS2_PLACEMENT_3D('',#3308,#3309,#3310);
#3312=CONICAL_SURFACE('',#3311,1.8,44.999999949);
#3313=ORIENTED_EDGE('',*,*,#3302,.T.);
#3314=ORIENTED_EDGE('',*,*,#2473,.F.);
#3315=CARTESIAN_POINT('',(10.522542666,5.303560502,-2.474699461));
#3316=DIRECTION('',(0.,0.707106781,0.707106781));
#3317=VECTOR('',#3316,0.424264069);
#3318=LINE('',#3315,#3317);
#3319=EDGE_CURVE('',#1964,#2461,#3318,.T.);
#3320=ORIENTED_EDGE('',*,*,#3319,.F.);
#3321=ORIENTED_EDGE('',*,*,#2149,.F.);
#3322=EDGE_LOOP('',(#3313,#3314,#3320,#3321));
#3323=FACE_BOUND('',#3322,.T.);
#3324=ADVANCED_FACE('',(#3323),#3312,.F.);
#3325=CARTESIAN_POINT('',(210.068871277,5.303560502,-2.474699461));
#3326=DIRECTION('',(0.,0.707106781,-0.707106781));
#3327=DIRECTION('',(-1.,0.,0.));
#3328=AXIS2_PLACEMENT_3D('',#3325,#3326,#3327);
#3329=PLANE('',#3328);
#3330=ORIENTED_EDGE('',*,*,#3319,.T.);
#3331=ORIENTED_EDGE('',*,*,#2845,.F.);
#3332=CARTESIAN_POINT('',(10.724652679,5.303560502,-2.474699461));
#3333=DIRECTION('',(-0.,0.707106781,0.707106782));
#3334=VECTOR('',#3333,0.424264069);
#3335=LINE('',#3332,#3334);
#3336=EDGE_CURVE('',#1966,#2834,#3335,.T.);
#3337=ORIENTED_EDGE('',*,*,#3336,.F.);
#3338=ORIENTED_EDGE('',*,*,#1971,.F.);
#3339=EDGE_LOOP('',(#3330,#3331,#3337,#3338));
#3340=FACE_BOUND('',#3339,.T.);
#3341=ADVANCED_FACE('',(#3340),#3329,.T.);
#3342=CARTESIAN_POINT('',(10.724652679,5.303560502,-2.174699461));
#3343=DIRECTION('',(0.,0.,1.));
#3344=DIRECTION('',(1.,0.,-0.));
#3345=AXIS2_PLACEMENT_3D('',#3342,#3343,#3344);
#3346=CONICAL_SURFACE('',#3345,0.3,44.999999949);
#3347=ORIENTED_EDGE('',*,*,#3336,.T.);
#3348=ORIENTED_EDGE('',*,*,#3014,.F.);
#3349=CARTESIAN_POINT('',(10.724652679,5.303560502,-2.474699461));
#3350=DIRECTION('',(0.5,0.5,0.707106781));
#3351=VECTOR('',#3350,0.424264069);
#3352=LINE('',#3349,#3351);
#3353=EDGE_CURVE('',#1966,#2964,#3352,.T.);
#3354=ORIENTED_EDGE('',*,*,#3353,.F.);
#3355=EDGE_LOOP('',(#3347,#3348,#3354));
#3356=FACE_BOUND('',#3355,.T.);
#3357=ADVANCED_FACE('',(#3356),#3346,.T.);
#3358=CARTESIAN_POINT('',(11.848916748,4.603560502,-2.174699461));
#3359=DIRECTION('',(-0.5,-0.5,0.707106781));
#3360=DIRECTION('',(-0.707106781,0.707106781,0.));
#3361=AXIS2_PLACEMENT_3D('',#3358,#3359,#3360);
#3362=PLANE('',#3361);
#3363=ORIENTED_EDGE('',*,*,#2615,.F.);
#3364=ORIENTED_EDGE('',*,*,#1979,.F.);
#3365=ORIENTED_EDGE('',*,*,#3353,.T.);
#3366=ORIENTED_EDGE('',*,*,#2990,.F.);
#3367=EDGE_LOOP('',(#3363,#3364,#3365,#3366));
#3368=FACE_BOUND('',#3367,.T.);
#3369=ADVANCED_FACE('',(#3368),#3362,.F.);
#3370=CARTESIAN_POINT('',(237.367013546,-253.490272228,-2.474699461));
#3371=DIRECTION('',(0.5,0.5,0.707106781));
#3372=DIRECTION('',(-0.707106781,0.707106781,0.));
#3373=AXIS2_PLACEMENT_3D('',#3370,#3371,#3372);
#3374=PLANE('',#3373);
#3375=CARTESIAN_POINT('',(-11.038951218,-5.508571532,-2.174699461));
#3376=DIRECTION('',(0.500000001,0.499999998,-0.707106782));
#3377=VECTOR('',#3376,0.424264069);
#3378=LINE('',#3375,#3377);
#3379=EDGE_CURVE('',#1075,#678,#3378,.T.);
#3380=ORIENTED_EDGE('',*,*,#3379,.F.);
#3381=ORIENTED_EDGE('',*,*,#1112,.F.);
#3382=ORIENTED_EDGE('',*,*,#1321,.F.);
#3383=ORIENTED_EDGE('',*,*,#691,.F.);
#3384=EDGE_LOOP('',(#3380,#3381,#3382,#3383));
#3385=FACE_BOUND('',#3384,.T.);
#3386=ADVANCED_FACE('',(#3385),#3374,.F.);
#3387=CARTESIAN_POINT('',(-10.826819183,-5.296439498,-2.174699461));
#3388=DIRECTION('',(0.,0.,1.));
#3389=DIRECTION('',(1.,0.,-0.));
#3390=AXIS2_PLACEMENT_3D('',#3387,#3388,#3389);
#3391=CONICAL_SURFACE('',#3390,0.3,44.999999949);
#3392=ORIENTED_EDGE('',*,*,#1935,.F.);
#3393=ORIENTED_EDGE('',*,*,#3379,.T.);
#3394=CARTESIAN_POINT('',(-10.826819183,-5.596439498,-2.174699461));
#3395=DIRECTION('',(0.,0.707106781,-0.707106781));
#3396=VECTOR('',#3395,0.424264069);
#3397=LINE('',#3394,#3396);
#3398=EDGE_CURVE('',#1542,#678,#3397,.T.);
#3399=ORIENTED_EDGE('',*,*,#3398,.F.);
#3400=EDGE_LOOP('',(#3392,#3393,#3399));
#3401=FACE_BOUND('',#3400,.T.);
#3402=ADVANCED_FACE('',(#3401),#3391,.T.);
#3403=CARTESIAN_POINT('',(-0.051083252,-5.596439498,-2.174699461));
#3404=DIRECTION('',(0.,-0.707106781,-0.707106781));
#3405=DIRECTION('',(-1.,0.,0.));
#3406=AXIS2_PLACEMENT_3D('',#3403,#3404,#3405);
#3407=PLANE('',#3406);
#3408=ORIENTED_EDGE('',*,*,#3398,.T.);
#3409=ORIENTED_EDGE('',*,*,#683,.F.);
#3410=CARTESIAN_POINT('',(-10.72470917,-5.596439498,-2.174699461));
#3411=CARTESIAN_POINT('',(-10.72470917,-5.496439498,-2.274699461));
#3412=CARTESIAN_POINT('',(-10.72470917,-5.396439498,-2.374699461));
#3413=CARTESIAN_POINT('',(-10.72470917,-5.296439499,-2.474699461));
#3414=B_SPLINE_CURVE_WITH_KNOTS('',3,(#3410,#3411,#3412,#3413),.UNSPECIFIED.,.F.,.F.,(4,4),(0.,0.424264069),.UNSPECIFIED.);
#3415=EDGE_CURVE('',#1019,#669,#3414,.T.);
#3416=ORIENTED_EDGE('',*,*,#3415,.F.);
#3417=ORIENTED_EDGE('',*,*,#1553,.F.);
#3418=EDGE_LOOP('',(#3408,#3409,#3416,#3417));
#3419=FACE_BOUND('',#3418,.T.);
#3420=ADVANCED_FACE('',(#3419),#3407,.T.);
#3421=CARTESIAN_POINT('',(-10.72470917,-7.096439498,-2.174699461));
#3422=DIRECTION('',(0.,0.,-1.));
#3423=DIRECTION('',(-1.,0.,0.));
#3424=AXIS2_PLACEMENT_3D('',#3421,#3422,#3423);
#3425=CONICAL_SURFACE('',#3424,1.5,44.999999949);
#3426=ORIENTED_EDGE('',*,*,#3415,.T.);
#3427=ORIENTED_EDGE('',*,*,#675,.F.);
#3428=CARTESIAN_POINT('',(-9.629189516,-6.071824113,-2.174699461));
#3429=CARTESIAN_POINT('',(-9.556154872,-6.003516421,-2.274699461));
#3430=CARTESIAN_POINT('',(-9.483120229,-5.935208729,-2.374699461));
#3431=CARTESIAN_POINT('',(-9.410085585,-5.866901036,-2.474699461));
#3432=B_SPLINE_CURVE_WITH_KNOTS('',3,(#3428,#3429,#3430,#3431),.UNSPECIFIED.,.F.,.F.,(4,4),(0.,0.424264069),.UNSPECIFIED.);
#3433=EDGE_CURVE('',#878,#660,#3432,.T.);
#3434=ORIENTED_EDGE('',*,*,#3433,.F.);
#3435=ORIENTED_EDGE('',*,*,#1031,.F.);
#3436=EDGE_LOOP('',(#3426,#3427,#3434,#3435));
#3437=FACE_BOUND('',#3436,.T.);
#3438=ADVANCED_FACE('',(#3437),#3425,.F.);
#3439=CARTESIAN_POINT('',(-8.351083252,-4.876439498,-2.174699461));
#3440=DIRECTION('',(0.,0.,1.));
#3441=DIRECTION('',(1.,0.,-0.));
#3442=AXIS2_PLACEMENT_3D('',#3439,#3440,#3441);
#3443=CONICAL_SURFACE('',#3442,1.75,44.999999949);
#3444=ORIENTED_EDGE('',*,*,#3433,.T.);
#3445=ORIENTED_EDGE('',*,*,#666,.F.);
#3446=CARTESIAN_POINT('',(-7.262893187,-6.246965814,-2.174699461));
#3447=CARTESIAN_POINT('',(-7.325075476,-6.168650025,-2.274699461));
#3448=CARTESIAN_POINT('',(-7.387257766,-6.090334235,-2.374699461));
#3449=CARTESIAN_POINT('',(-7.449440055,-6.012018446,-2.474699461));
#3450=B_SPLINE_CURVE_WITH_KNOTS('',3,(#3446,#3447,#3448,#3449),.UNSPECIFIED.,.F.,.F.,(4,4),(0.,0.424264069),.UNSPECIFIED.);
#3451=EDGE_CURVE('',#859,#651,#3450,.T.);
#3452=ORIENTED_EDGE('',*,*,#3451,.F.);
#3453=ORIENTED_EDGE('',*,*,#890,.F.);
#3454=EDGE_LOOP('',(#3444,#3445,#3452,#3453));
#3455=FACE_BOUND('',#3454,.T.);
#3456=ADVANCED_FACE('',(#3455),#3443,.T.);
#3457=CARTESIAN_POINT('',(-5.397424504,-8.596439498,-2.174699461));
#3458=DIRECTION('',(0.,0.,-1.));
#3459=DIRECTION('',(-1.,0.,0.));
#3460=AXIS2_PLACEMENT_3D('',#3457,#3458,#3459);
#3461=CONICAL_SURFACE('',#3460,3.,44.999999949);
#3462=ORIENTED_EDGE('',*,*,#3451,.T.);
#3463=ORIENTED_EDGE('',*,*,#657,.F.);
#3464=CARTESIAN_POINT('',(-5.397424504,-5.596439498,-2.174699461));
#3465=DIRECTION('',(0.,0.707106781,-0.707106781));
#3466=VECTOR('',#3465,0.424264069);
#3467=LINE('',#3464,#3466);
#3468=EDGE_CURVE('',#945,#643,#3467,.T.);
#3469=ORIENTED_EDGE('',*,*,#3468,.F.);
#3470=ORIENTED_EDGE('',*,*,#965,.F.);
#3471=EDGE_LOOP('',(#3462,#3463,#3469,#3470));
#3472=FACE_BOUND('',#3471,.T.);
#3473=ADVANCED_FACE('',(#3472),#3461,.F.);
#3474=CARTESIAN_POINT('',(-0.051083252,-5.596439498,-2.174699461));
#3475=DIRECTION('',(0.,-0.707106781,-0.707106781));
#3476=DIRECTION('',(-1.,0.,0.));
#3477=AXIS2_PLACEMENT_3D('',#3474,#3475,#3476);
#3478=PLANE('',#3477);
#3479=ORIENTED_EDGE('',*,*,#3468,.T.);
#3480=ORIENTED_EDGE('',*,*,#648,.F.);
#3481=CARTESIAN_POINT('',(-2.912820943,-5.596439498,-2.174699461));
#3482=CARTESIAN_POINT('',(-2.912820943,-5.496439498,-2.274699461));
#3483=CARTESIAN_POINT('',(-2.912820943,-5.396439498,-2.374699461));
#3484=CARTESIAN_POINT('',(-2.912820943,-5.296439499,-2.474699461));
#3485=B_SPLINE_CURVE_WITH_KNOTS('',3,(#3481,#3482,#3483,#3484),.UNSPECIFIED.,.F.,.F.,(4,4),(0.,0.424264069),.UNSPECIFIED.);
#3486=EDGE_CURVE('',#803,#634,#3485,.T.);
#3487=ORIENTED_EDGE('',*,*,#3486,.F.);
#3488=ORIENTED_EDGE('',*,*,#1741,.F.);
#3489=EDGE_LOOP('',(#3479,#3480,#3487,#3488));
#3490=FACE_BOUND('',#3489,.T.);
#3491=ADVANCED_FACE('',(#3490),#3478,.T.);
#3492=CARTESIAN_POINT('',(-2.912820943,-8.596439498,-2.174699461));
#3493=DIRECTION('',(0.,0.,-1.));
#3494=DIRECTION('',(-1.,0.,0.));
#3495=AXIS2_PLACEMENT_3D('',#3492,#3493,#3494);
#3496=CONICAL_SURFACE('',#3495,3.,44.999999949);
#3497=ORIENTED_EDGE('',*,*,#3486,.T.);
#3498=ORIENTED_EDGE('',*,*,#640,.F.);
#3499=CARTESIAN_POINT('',(-1.294881349,-6.070123709,-2.174699461));
#3500=CARTESIAN_POINT('',(-1.240950029,-5.985913182,-2.274699461));
#3501=CARTESIAN_POINT('',(-1.187018709,-5.901702656,-2.374699461));
#3502=CARTESIAN_POINT('',(-1.133087389,-5.81749213,-2.474699461));
#3503=B_SPLINE_CURVE_WITH_KNOTS('',3,(#3499,#3500,#3501,#3502),.UNSPECIFIED.,.F.,.F.,(4,4),(0.,0.424264069),.UNSPECIFIED.);
#3504=EDGE_CURVE('',#770,#625,#3503,.T.);
#3505=ORIENTED_EDGE('',*,*,#3504,.F.);
#3506=ORIENTED_EDGE('',*,*,#815,.F.);
#3507=EDGE_LOOP('',(#3497,#3498,#3505,#3506));
#3508=FACE_BOUND('',#3507,.T.);
#3509=ADVANCED_FACE('',(#3508),#3496,.F.);
#3510=CARTESIAN_POINT('',(-0.351083252,-4.596439498,-2.174699461));
#3511=DIRECTION('',(0.,0.,1.));
#3512=DIRECTION('',(1.,0.,-0.));
#3513=AXIS2_PLACEMENT_3D('',#3510,#3511,#3512);
#3514=CONICAL_SURFACE('',#3513,1.75,44.999999949);
#3515=ORIENTED_EDGE('',*,*,#3504,.T.);
#3516=ORIENTED_EDGE('',*,*,#631,.F.);
#3517=CARTESIAN_POINT('',(0.592714845,-6.070123709,-2.174699461));
#3518=CARTESIAN_POINT('',(0.538783525,-5.985913182,-2.274699461));
#3519=CARTESIAN_POINT('',(0.484852205,-5.901702656,-2.374699461));
#3520=CARTESIAN_POINT('',(0.430920885,-5.81749213,-2.474699461));
#3521=B_SPLINE_CURVE_WITH_KNOTS('',3,(#3517,#3518,#3519,#3520),.UNSPECIFIED.,.F.,.F.,(4,4),(0.,0.424264069),.UNSPECIFIED.);
#3522=EDGE_CURVE('',#751,#616,#3521,.T.);
#3523=ORIENTED_EDGE('',*,*,#3522,.F.);
#3524=ORIENTED_EDGE('',*,*,#782,.F.);
#3525=EDGE_LOOP('',(#3515,#3516,#3523,#3524));
#3526=FACE_BOUND('',#3525,.T.);
#3527=ADVANCED_FACE('',(#3526),#3514,.T.);
#3528=CARTESIAN_POINT('',(2.210654439,-8.596439498,-2.174699461));
#3529=DIRECTION('',(0.,0.,-1.));
#3530=DIRECTION('',(-1.,0.,0.));
#3531=AXIS2_PLACEMENT_3D('',#3528,#3529,#3530);
#3532=CONICAL_SURFACE('',#3531,3.,44.999999949);
#3533=ORIENTED_EDGE('',*,*,#3522,.T.);
#3534=ORIENTED_EDGE('',*,*,#622,.F.);
#3535=CARTESIAN_POINT('',(2.210654439,-5.596439498,-2.174699461));
#3536=DIRECTION('',(0.,0.707106781,-0.707106781));
#3537=VECTOR('',#3536,0.424264069);
#3538=LINE('',#3535,#3537);
#3539=EDGE_CURVE('',#828,#608,#3538,.T.);
#3540=ORIENTED_EDGE('',*,*,#3539,.F.);
#3541=ORIENTED_EDGE('',*,*,#848,.F.);
#3542=EDGE_LOOP('',(#3533,#3534,#3540,#3541));
#3543=FACE_BOUND('',#3542,.T.);
#3544=ADVANCED_FACE('',(#3543),#3532,.F.);
#3545=CARTESIAN_POINT('',(-0.051083252,-5.596439498,-2.174699461));
#3546=DIRECTION('',(0.,-0.707106781,-0.707106781));
#3547=DIRECTION('',(-1.,0.,0.));
#3548=AXIS2_PLACEMENT_3D('',#3545,#3546,#3547);
#3549=PLANE('',#3548);
#3550=ORIENTED_EDGE('',*,*,#3539,.T.);
#3551=ORIENTED_EDGE('',*,*,#613,.F.);
#3552=CARTESIAN_POINT('',(5.195258,-5.596439498,-2.174699461));
#3553=CARTESIAN_POINT('',(5.195258,-5.496439498,-2.274699461));
#3554=CARTESIAN_POINT('',(5.195258,-5.396439498,-2.374699461));
#3555=CARTESIAN_POINT('',(5.195258,-5.296439499,-2.474699461));
#3556=B_SPLINE_CURVE_WITH_KNOTS('',3,(#3552,#3553,#3554,#3555),.UNSPECIFIED.,.F.,.F.,(4,4),(0.,0.424264069),.UNSPECIFIED.);
#3557=EDGE_CURVE('',#986,#599,#3556,.T.);
#3558=ORIENTED_EDGE('',*,*,#3557,.F.);
#3559=ORIENTED_EDGE('',*,*,#1575,.F.);
#3560=EDGE_LOOP('',(#3550,#3551,#3558,#3559));
#3561=FACE_BOUND('',#3560,.T.);
#3562=ADVANCED_FACE('',(#3561),#3549,.T.);
#3563=CARTESIAN_POINT('',(5.195258,-8.596439498,-2.174699461));
#3564=DIRECTION('',(0.,0.,-1.));
#3565=DIRECTION('',(-1.,0.,0.));
#3566=AXIS2_PLACEMENT_3D('',#3563,#3564,#3565);
#3567=CONICAL_SURFACE('',#3566,3.,44.999999949);
#3568=ORIENTED_EDGE('',*,*,#3557,.T.);
#3569=ORIENTED_EDGE('',*,*,#605,.F.);
#3570=CARTESIAN_POINT('',(7.060726683,-6.246965814,-2.174699461));
#3571=CARTESIAN_POINT('',(7.122908972,-6.168650024,-2.274699461));
#3572=CARTESIAN_POINT('',(7.185091262,-6.090334235,-2.374699461));
#3573=CARTESIAN_POINT('',(7.247273551,-6.012018446,-2.474699461));
#3574=B_SPLINE_CURVE_WITH_KNOTS('',3,(#3570,#3571,#3572,#3573),.UNSPECIFIED.,.F.,.F.,(4,4),(0.,0.424264069),.UNSPECIFIED.);
#3575=EDGE_CURVE('',#920,#590,#3574,.T.);
#3576=ORIENTED_EDGE('',*,*,#3575,.F.);
#3577=ORIENTED_EDGE('',*,*,#998,.F.);
#3578=EDGE_LOOP('',(#3568,#3569,#3576,#3577));
#3579=FACE_BOUND('',#3578,.T.);
#3580=ADVANCED_FACE('',(#3579),#3567,.F.);
#3581=CARTESIAN_POINT('',(8.148916748,-4.876439498,-2.174699461));
#3582=DIRECTION('',(0.,0.,1.));
#3583=DIRECTION('',(1.,0.,-0.));
#3584=AXIS2_PLACEMENT_3D('',#3581,#3582,#3583);
#3585=CONICAL_SURFACE('',#3584,1.75,44.999999949);
#3586=ORIENTED_EDGE('',*,*,#3575,.T.);
#3587=ORIENTED_EDGE('',*,*,#596,.F.);
#3588=CARTESIAN_POINT('',(9.427023012,-6.071824113,-2.174699461));
#3589=CARTESIAN_POINT('',(9.353988368,-6.003516421,-2.274699461));
#3590=CARTESIAN_POINT('',(9.280953725,-5.935208729,-2.374699461));
#3591=CARTESIAN_POINT('',(9.207919081,-5.866901036,-2.474699461));
#3592=B_SPLINE_CURVE_WITH_KNOTS('',3,(#3588,#3589,#3590,#3591),.UNSPECIFIED.,.F.,.F.,(4,4),(0.,0.424264069),.UNSPECIFIED.);
#3593=EDGE_CURVE('',#901,#581,#3592,.T.);
#3594=ORIENTED_EDGE('',*,*,#3593,.F.);
#3595=ORIENTED_EDGE('',*,*,#932,.F.);
#3596=EDGE_LOOP('',(#3586,#3587,#3594,#3595));
#3597=FACE_BOUND('',#3596,.T.);
#3598=ADVANCED_FACE('',(#3597),#3585,.T.);
#3599=CARTESIAN_POINT('',(10.522542666,-7.096439498,-2.174699461));
#3600=DIRECTION('',(0.,0.,-1.));
#3601=DIRECTION('',(-1.,0.,0.));
#3602=AXIS2_PLACEMENT_3D('',#3599,#3600,#3601);
#3603=CONICAL_SURFACE('',#3602,1.5,44.999999949);
#3604=ORIENTED_EDGE('',*,*,#3593,.T.);
#3605=ORIENTED_EDGE('',*,*,#587,.F.);
#3606=CARTESIAN_POINT('',(10.522542666,-5.596439498,-2.174699461));
#3607=DIRECTION('',(0.,0.707106781,-0.707106781));
#3608=VECTOR('',#3607,0.424264069);
#3609=LINE('',#3606,#3608);
#3610=EDGE_CURVE('',#1044,#573,#3609,.T.);
#3611=ORIENTED_EDGE('',*,*,#3610,.F.);
#3612=ORIENTED_EDGE('',*,*,#1064,.F.);
#3613=EDGE_LOOP('',(#3604,#3605,#3611,#3612));
#3614=FACE_BOUND('',#3613,.T.);
#3615=ADVANCED_FACE('',(#3614),#3603,.F.);
#3616=CARTESIAN_POINT('',(-0.051083252,-5.596439498,-2.174699461));
#3617=DIRECTION('',(0.,-0.707106781,-0.707106781));
#3618=DIRECTION('',(-1.,0.,0.));
#3619=AXIS2_PLACEMENT_3D('',#3616,#3617,#3618);
#3620=PLANE('',#3619);
#3621=CARTESIAN_POINT('',(10.724652679,-5.596439498,-2.174699461));
#3622=DIRECTION('',(0.,0.707106781,-0.707106782));
#3623=VECTOR('',#3622,0.42426407);
#3624=LINE('',#3621,#3623);
#3625=EDGE_CURVE('',#1624,#565,#3624,.T.);
#3626=ORIENTED_EDGE('',*,*,#3625,.F.);
#3627=ORIENTED_EDGE('',*,*,#1644,.F.);
#3628=ORIENTED_EDGE('',*,*,#3610,.T.);
#3629=ORIENTED_EDGE('',*,*,#578,.F.);
#3630=EDGE_LOOP('',(#3626,#3627,#3628,#3629));
#3631=FACE_BOUND('',#3630,.T.);
#3632=ADVANCED_FACE('',(#3631),#3620,.T.);
#3633=CARTESIAN_POINT('',(10.724652679,-5.296439498,-2.174699461));
#3634=DIRECTION('',(0.,0.,1.));
#3635=DIRECTION('',(1.,0.,-0.));
#3636=AXIS2_PLACEMENT_3D('',#3633,#3634,#3635);
#3637=CONICAL_SURFACE('',#3636,0.3,44.999999949);
#3638=ORIENTED_EDGE('',*,*,#1893,.F.);
#3639=ORIENTED_EDGE('',*,*,#3625,.T.);
#3640=CARTESIAN_POINT('',(10.936784714,-5.508571532,-2.174699461));
#3641=DIRECTION('',(-0.5,0.5,-0.707106781));
#3642=VECTOR('',#3641,0.42426407);
#3643=LINE('',#3640,#3642);
#3644=EDGE_CURVE('',#1857,#565,#3643,.T.);
#3645=ORIENTED_EDGE('',*,*,#3644,.F.);
#3646=EDGE_LOOP('',(#3638,#3639,#3645));
#3647=FACE_BOUND('',#3646,.T.);
#3648=ADVANCED_FACE('',(#3647),#3637,.T.);
#3649=CARTESIAN_POINT('',(-27.349225521,-43.370317699,-2.474699461));
#3650=DIRECTION('',(-0.5,0.5,0.707106781));
#3651=DIRECTION('',(-0.707106781,-0.707106781,0.));
#3652=AXIS2_PLACEMENT_3D('',#3649,#3650,#3651);
#3653=PLANE('',#3652);
#3654=ORIENTED_EDGE('',*,*,#1414,.F.);
#3655=ORIENTED_EDGE('',*,*,#1868,.F.);
#3656=ORIENTED_EDGE('',*,*,#3644,.T.);
#3657=ORIENTED_EDGE('',*,*,#570,.F.);
#3658=EDGE_LOOP('',(#3654,#3655,#3656,#3657));
#3659=FACE_BOUND('',#3658,.T.);
#3660=ADVANCED_FACE('',(#3659),#3653,.F.);
#3661=CARTESIAN_POINT('',(5.195258,-8.596439498,-0.474699461));
#3662=DIRECTION('',(0.,0.,1.));
#3663=DIRECTION('',(1.,0.,-0.));
#3664=AXIS2_PLACEMENT_3D('',#3661,#3662,#3663);
#3665=CONICAL_SURFACE('',#3664,3.,44.999999949);
#3666=CARTESIAN_POINT('',(7.247273551,-6.012018445,-0.174699461));
#3667=CARTESIAN_POINT('',(7.185091262,-6.090334234,-0.274699461));
#3668=CARTESIAN_POINT('',(7.122908972,-6.168650024,-0.374699461));
#3669=CARTESIAN_POINT('',(7.060726683,-6.246965813,-0.474699461));
#3670=B_SPLINE_CURVE_WITH_KNOTS('',3,(#3666,#3667,#3668,#3669),.UNSPECIFIED.,.F.,.F.,(4,4),(0.,0.424264069),.UNSPECIFIED.);
#3671=EDGE_CURVE('',#180,#911,#3670,.T.);
#3672=ORIENTED_EDGE('',*,*,#3671,.F.);
#3673=ORIENTED_EDGE('',*,*,#186,.F.);
#3674=CARTESIAN_POINT('',(5.195258,-5.596439498,-0.474699461));
#3675=DIRECTION('',(0.,0.707106781,0.707106781));
#3676=VECTOR('',#3675,0.424264069);
#3677=LINE('',#3674,#3676);
#3678=EDGE_CURVE('',#977,#172,#3677,.T.);
#3679=ORIENTED_EDGE('',*,*,#3678,.F.);
#3680=ORIENTED_EDGE('',*,*,#983,.F.);
#3681=EDGE_LOOP('',(#3672,#3673,#3679,#3680));
#3682=FACE_BOUND('',#3681,.T.);
#3683=ADVANCED_FACE('',(#3682),#3665,.F.);
#3684=CARTESIAN_POINT('',(-0.051083252,-5.596439498,-0.474699461));
#3685=DIRECTION('',(0.,-0.707106781,0.707106781));
#3686=DIRECTION('',(1.,0.,0.));
#3687=AXIS2_PLACEMENT_3D('',#3684,#3685,#3686);
#3688=PLANE('',#3687);
#3689=ORIENTED_EDGE('',*,*,#3678,.T.);
#3690=ORIENTED_EDGE('',*,*,#177,.F.);
#3691=CARTESIAN_POINT('',(2.210654439,-5.596439498,-0.474699461));
#3692=CARTESIAN_POINT('',(2.210654439,-5.496439498,-0.374699461));
#3693=CARTESIAN_POINT('',(2.210654439,-5.396439498,-0.274699461));
#3694=CARTESIAN_POINT('',(2.210654439,-5.296439499,-0.174699461));
#3695=B_SPLINE_CURVE_WITH_KNOTS('',3,(#3691,#3692,#3693,#3694),.UNSPECIFIED.,.F.,.F.,(4,4),(0.,0.424264069),.UNSPECIFIED.);
#3696=EDGE_CURVE('',#826,#163,#3695,.T.);
#3697=ORIENTED_EDGE('',*,*,#3696,.F.);
#3698=ORIENTED_EDGE('',*,*,#1568,.F.);
#3699=EDGE_LOOP('',(#3689,#3690,#3697,#3698));
#3700=FACE_BOUND('',#3699,.T.);
#3701=ADVANCED_FACE('',(#3700),#3688,.T.);
#3702=CARTESIAN_POINT('',(8.148916748,-4.876439498,-0.174699461));
#3703=DIRECTION('',(0.,0.,-1.));
#3704=DIRECTION('',(-1.,0.,0.));
#3705=AXIS2_PLACEMENT_3D('',#3702,#3703,#3704);
#3706=CONICAL_SURFACE('',#3705,1.45,44.999999949);
#3707=ORIENTED_EDGE('',*,*,#3671,.T.);
#3708=ORIENTED_EDGE('',*,*,#917,.F.);
#3709=CARTESIAN_POINT('',(9.207919081,-5.866901036,-0.174699461));
#3710=CARTESIAN_POINT('',(9.280953725,-5.935208729,-0.274699461));
#3711=CARTESIAN_POINT('',(9.353988368,-6.003516421,-0.374699461));
#3712=CARTESIAN_POINT('',(9.427023012,-6.071824113,-0.474699461));
#3713=B_SPLINE_CURVE_WITH_KNOTS('',3,(#3709,#3710,#3711,#3712),.UNSPECIFIED.,.F.,.F.,(4,4),(0.,0.424264069),.UNSPECIFIED.);
#3714=EDGE_CURVE('',#189,#903,#3713,.T.);
#3715=ORIENTED_EDGE('',*,*,#3714,.F.);
#3716=ORIENTED_EDGE('',*,*,#195,.F.);
#3717=EDGE_LOOP('',(#3707,#3708,#3715,#3716));
#3718=FACE_BOUND('',#3717,.T.);
#3719=ADVANCED_FACE('',(#3718),#3706,.T.);
#3720=CARTESIAN_POINT('',(2.210654439,-8.596439498,-0.474699461));
#3721=DIRECTION('',(0.,0.,1.));
#3722=DIRECTION('',(1.,0.,-0.));
#3723=AXIS2_PLACEMENT_3D('',#3720,#3721,#3722);
#3724=CONICAL_SURFACE('',#3723,3.,44.999999949);
#3725=ORIENTED_EDGE('',*,*,#3696,.T.);
#3726=ORIENTED_EDGE('',*,*,#169,.F.);
#3727=CARTESIAN_POINT('',(0.592714844,-6.070123708,-0.474699461));
#3728=CARTESIAN_POINT('',(0.538783525,-5.985913182,-0.374699461));
#3729=CARTESIAN_POINT('',(0.484852205,-5.901702656,-0.274699461));
#3730=CARTESIAN_POINT('',(0.430920885,-5.81749213,-0.174699461));
#3731=B_SPLINE_CURVE_WITH_KNOTS('',3,(#3727,#3728,#3729,#3730),.UNSPECIFIED.,.F.,.F.,(4,4),(0.,0.424264069),.UNSPECIFIED.);
#3732=EDGE_CURVE('',#753,#154,#3731,.T.);
#3733=ORIENTED_EDGE('',*,*,#3732,.F.);
#3734=ORIENTED_EDGE('',*,*,#840,.F.);
#3735=EDGE_LOOP('',(#3725,#3726,#3733,#3734));
#3736=FACE_BOUND('',#3735,.T.);
#3737=ADVANCED_FACE('',(#3736),#3724,.F.);
#3738=CARTESIAN_POINT('',(10.522542666,-7.096439498,-0.474699461));
#3739=DIRECTION('',(0.,0.,1.));
#3740=DIRECTION('',(1.,0.,-0.));
#3741=AXIS2_PLACEMENT_3D('',#3738,#3739,#3740);
#3742=CONICAL_SURFACE('',#3741,1.5,44.999999949);
#3743=ORIENTED_EDGE('',*,*,#3714,.T.);
#3744=ORIENTED_EDGE('',*,*,#1056,.F.);
#3745=CARTESIAN_POINT('',(10.522542666,-5.296439498,-0.174699461));
#3746=DIRECTION('',(-0.,-0.707106781,-0.707106781));
#3747=VECTOR('',#3746,0.424264069);
#3748=LINE('',#3745,#3747);
#3749=EDGE_CURVE('',#198,#1042,#3748,.T.);
#3750=ORIENTED_EDGE('',*,*,#3749,.F.);
#3751=ORIENTED_EDGE('',*,*,#204,.F.);
#3752=EDGE_LOOP('',(#3743,#3744,#3750,#3751));
#3753=FACE_BOUND('',#3752,.T.);
#3754=ADVANCED_FACE('',(#3753),#3742,.F.);
#3755=CARTESIAN_POINT('',(-0.351083252,-4.596439498,-0.174699461));
#3756=DIRECTION('',(0.,0.,-1.));
#3757=DIRECTION('',(-1.,0.,0.));
#3758=AXIS2_PLACEMENT_3D('',#3755,#3756,#3757);
#3759=CONICAL_SURFACE('',#3758,1.45,44.999999949);
#3760=ORIENTED_EDGE('',*,*,#3732,.T.);
#3761=ORIENTED_EDGE('',*,*,#160,.F.);
#3762=CARTESIAN_POINT('',(-1.294881349,-6.070123709,-0.474699461));
#3763=CARTESIAN_POINT('',(-1.240950029,-5.985913182,-0.374699461));
#3764=CARTESIAN_POINT('',(-1.187018709,-5.901702656,-0.274699461));
#3765=CARTESIAN_POINT('',(-1.133087389,-5.81749213,-0.174699461));
#3766=B_SPLINE_CURVE_WITH_KNOTS('',3,(#3762,#3763,#3764,#3765),.UNSPECIFIED.,.F.,.F.,(4,4),(0.,0.424264069),.UNSPECIFIED.);
#3767=EDGE_CURVE('',#761,#145,#3766,.T.);
#3768=ORIENTED_EDGE('',*,*,#3767,.F.);
#3769=ORIENTED_EDGE('',*,*,#767,.F.);
#3770=EDGE_LOOP('',(#3760,#3761,#3768,#3769));
#3771=FACE_BOUND('',#3770,.T.);
#3772=ADVANCED_FACE('',(#3771),#3759,.T.);
#3773=CARTESIAN_POINT('',(-0.051083252,-5.596439498,-0.474699461));
#3774=DIRECTION('',(0.,-0.707106781,0.707106781));
#3775=DIRECTION('',(1.,0.,0.));
#3776=AXIS2_PLACEMENT_3D('',#3773,#3774,#3775);
#3777=PLANE('',#3776);
#3778=ORIENTED_EDGE('',*,*,#3749,.T.);
#3779=ORIENTED_EDGE('',*,*,#1637,.F.);
#3780=CARTESIAN_POINT('',(10.724652679,-5.296439498,-0.174699461));
#3781=DIRECTION('',(0.,-0.707106781,-0.707106782));
#3782=VECTOR('',#3781,0.424264069);
#3783=LINE('',#3780,#3782);
#3784=EDGE_CURVE('',#207,#1626,#3783,.T.);
#3785=ORIENTED_EDGE('',*,*,#3784,.F.);
#3786=ORIENTED_EDGE('',*,*,#212,.F.);
#3787=EDGE_LOOP('',(#3778,#3779,#3785,#3786));
#3788=FACE_BOUND('',#3787,.T.);
#3789=ADVANCED_FACE('',(#3788),#3777,.T.);
#3790=CARTESIAN_POINT('',(-2.912820943,-8.596439498,-0.474699461));
#3791=DIRECTION('',(0.,0.,1.));
#3792=DIRECTION('',(1.,0.,-0.));
#3793=AXIS2_PLACEMENT_3D('',#3790,#3791,#3792);
#3794=CONICAL_SURFACE('',#3793,3.,44.999999949);
#3795=ORIENTED_EDGE('',*,*,#3767,.T.);
#3796=ORIENTED_EDGE('',*,*,#151,.F.);
#3797=CARTESIAN_POINT('',(-2.912820943,-5.596439498,-0.474699461));
#3798=DIRECTION('',(0.,0.707106781,0.707106781));
#3799=VECTOR('',#3798,0.424264069);
#3800=LINE('',#3797,#3799);
#3801=EDGE_CURVE('',#794,#137,#3800,.T.);
#3802=ORIENTED_EDGE('',*,*,#3801,.F.);
#3803=ORIENTED_EDGE('',*,*,#800,.F.);
#3804=EDGE_LOOP('',(#3795,#3796,#3802,#3803));
#3805=FACE_BOUND('',#3804,.T.);
#3806=ADVANCED_FACE('',(#3805),#3794,.F.);
#3807=CARTESIAN_POINT('',(10.724652679,-5.296439498,-0.474699461));
#3808=DIRECTION('',(0.,0.,-1.));
#3809=DIRECTION('',(-1.,0.,0.));
#3810=AXIS2_PLACEMENT_3D('',#3807,#3808,#3809);
#3811=CONICAL_SURFACE('',#3810,0.3,44.999999949);
#3812=ORIENTED_EDGE('',*,*,#3784,.T.);
#3813=ORIENTED_EDGE('',*,*,#1885,.F.);
#3814=CARTESIAN_POINT('',(10.724652679,-5.296439498,-0.17469946));
#3815=DIRECTION('',(0.5,-0.5,-0.707106781));
#3816=VECTOR('',#3815,0.424264069);
#3817=LINE('',#3814,#3816);
#3818=EDGE_CURVE('',#207,#1849,#3817,.T.);
#3819=ORIENTED_EDGE('',*,*,#3818,.F.);
#3820=EDGE_LOOP('',(#3812,#3813,#3819));
#3821=FACE_BOUND('',#3820,.T.);
#3822=ADVANCED_FACE('',(#3821),#3811,.T.);
#3823=CARTESIAN_POINT('',(-0.051083252,-5.596439498,-0.474699461));
#3824=DIRECTION('',(0.,-0.707106781,0.707106781));
#3825=DIRECTION('',(1.,0.,0.));
#3826=AXIS2_PLACEMENT_3D('',#3823,#3824,#3825);
#3827=PLANE('',#3826);
#3828=ORIENTED_EDGE('',*,*,#3801,.T.);
#3829=ORIENTED_EDGE('',*,*,#142,.F.);
#3830=CARTESIAN_POINT('',(-5.397424504,-5.596439498,-0.474699461));
#3831=CARTESIAN_POINT('',(-5.397424504,-5.496439498,-0.374699461));
#3832=CARTESIAN_POINT('',(-5.397424504,-5.396439498,-0.274699461));
#3833=CARTESIAN_POINT('',(-5.397424504,-5.296439499,-0.174699461));
#3834=B_SPLINE_CURVE_WITH_KNOTS('',3,(#3830,#3831,#3832,#3833),.UNSPECIFIED.,.F.,.F.,(4,4),(0.,0.424264069),.UNSPECIFIED.);
#3835=EDGE_CURVE('',#943,#128,#3834,.T.);
#3836=ORIENTED_EDGE('',*,*,#3835,.F.);
#3837=ORIENTED_EDGE('',*,*,#1734,.F.);
#3838=EDGE_LOOP('',(#3828,#3829,#3836,#3837));
#3839=FACE_BOUND('',#3838,.T.);
#3840=ADVANCED_FACE('',(#3839),#3827,.T.);
#3841=CARTESIAN_POINT('',(-27.349225521,-43.370317699,-0.174699461));
#3842=DIRECTION('',(-0.5,0.5,-0.707106781));
#3843=DIRECTION('',(0.707106781,0.707106781,0.));
#3844=AXIS2_PLACEMENT_3D('',#3841,#3842,#3843);
#3845=PLANE('',#3844);
#3846=ORIENTED_EDGE('',*,*,#3818,.T.);
#3847=ORIENTED_EDGE('',*,*,#1854,.F.);
#3848=CARTESIAN_POINT('',(11.548916748,-4.472175429,-0.174699461));
#3849=DIRECTION('',(0.499999998,-0.500000001,-0.707106782));
#3850=VECTOR('',#3849,0.424264069);
#3851=LINE('',#3848,#3850);
#3852=EDGE_CURVE('',#215,#1841,#3851,.T.);
#3853=ORIENTED_EDGE('',*,*,#3852,.F.);
#3854=ORIENTED_EDGE('',*,*,#220,.F.);
#3855=EDGE_LOOP('',(#3846,#3847,#3853,#3854));
#3856=FACE_BOUND('',#3855,.T.);
#3857=ADVANCED_FACE('',(#3856),#3845,.F.);
#3858=CARTESIAN_POINT('',(-5.397424504,-8.596439498,-0.474699461));
#3859=DIRECTION('',(0.,0.,1.));
#3860=DIRECTION('',(1.,0.,-0.));
#3861=AXIS2_PLACEMENT_3D('',#3858,#3859,#3860);
#3862=CONICAL_SURFACE('',#3861,3.,44.999999949);
#3863=ORIENTED_EDGE('',*,*,#3835,.T.);
#3864=ORIENTED_EDGE('',*,*,#134,.F.);
#3865=CARTESIAN_POINT('',(-7.262893187,-6.246965813,-0.474699461));
#3866=CARTESIAN_POINT('',(-7.325075477,-6.168650024,-0.374699461));
#3867=CARTESIAN_POINT('',(-7.387257766,-6.090334235,-0.274699461));
#3868=CARTESIAN_POINT('',(-7.449440055,-6.012018445,-0.174699461));
#3869=B_SPLINE_CURVE_WITH_KNOTS('',3,(#3865,#3866,#3867,#3868),.UNSPECIFIED.,.F.,.F.,(4,4),(0.,0.424264069),.UNSPECIFIED.);
#3870=EDGE_CURVE('',#861,#119,#3869,.T.);
#3871=ORIENTED_EDGE('',*,*,#3870,.F.);
#3872=ORIENTED_EDGE('',*,*,#957,.F.);
#3873=EDGE_LOOP('',(#3863,#3864,#3871,#3872));
#3874=FACE_BOUND('',#3873,.T.);
#3875=ADVANCED_FACE('',(#3874),#3862,.F.);
#3876=CARTESIAN_POINT('',(11.548916748,-4.472175429,-0.474699461));
#3877=DIRECTION('',(0.,0.,-1.));
#3878=DIRECTION('',(-1.,0.,0.));
#3879=AXIS2_PLACEMENT_3D('',#3876,#3877,#3878);
#3880=CONICAL_SURFACE('',#3879,0.3,44.999999949);
#3881=ORIENTED_EDGE('',*,*,#3852,.T.);
#3882=ORIENTED_EDGE('',*,*,#1951,.F.);
#3883=CARTESIAN_POINT('',(11.548916748,-4.472175429,-0.174699461));
#3884=DIRECTION('',(0.707106781,0.,-0.707106781));
#3885=VECTOR('',#3884,0.424264069);
#3886=LINE('',#3883,#3885);
#3887=EDGE_CURVE('',#215,#1762,#3886,.T.);
#3888=ORIENTED_EDGE('',*,*,#3887,.F.);
#3889=EDGE_LOOP('',(#3881,#3882,#3888));
#3890=FACE_BOUND('',#3889,.T.);
#3891=ADVANCED_FACE('',(#3890),#3880,.T.);
#3892=CARTESIAN_POINT('',(-8.351083252,-4.876439498,-0.174699461));
#3893=DIRECTION('',(0.,0.,-1.));
#3894=DIRECTION('',(-1.,0.,0.));
#3895=AXIS2_PLACEMENT_3D('',#3892,#3893,#3894);
#3896=CONICAL_SURFACE('',#3895,1.45,44.999999949);
#3897=ORIENTED_EDGE('',*,*,#3870,.T.);
#3898=ORIENTED_EDGE('',*,*,#125,.F.);
#3899=CARTESIAN_POINT('',(-9.629189516,-6.071824113,-0.474699461));
#3900=CARTESIAN_POINT('',(-9.556154872,-6.003516421,-0.374699461));
#3901=CARTESIAN_POINT('',(-9.483120229,-5.935208729,-0.274699461));
#3902=CARTESIAN_POINT('',(-9.410085585,-5.866901036,-0.174699461));
#3903=B_SPLINE_CURVE_WITH_KNOTS('',3,(#3899,#3900,#3901,#3902),.UNSPECIFIED.,.F.,.F.,(4,4),(0.,0.424264069),.UNSPECIFIED.);
#3904=EDGE_CURVE('',#869,#110,#3903,.T.);
#3905=ORIENTED_EDGE('',*,*,#3904,.F.);
#3906=ORIENTED_EDGE('',*,*,#875,.F.);
#3907=EDGE_LOOP('',(#3897,#3898,#3905,#3906));
#3908=FACE_BOUND('',#3907,.T.);
#3909=ADVANCED_FACE('',(#3908),#3896,.T.);
#3910=CARTESIAN_POINT('',(11.548916748,-280.788414497,-0.174699461));
#3911=DIRECTION('',(-0.707106781,0.,-0.707106781));
#3912=DIRECTION('',(0.,1.,0.));
#3913=AXIS2_PLACEMENT_3D('',#3910,#3911,#3912);
#3914=PLANE('',#3913);
#3915=ORIENTED_EDGE('',*,*,#3887,.T.);
#3916=ORIENTED_EDGE('',*,*,#1767,.F.);
#3917=CARTESIAN_POINT('',(11.548916748,4.479296433,-0.174699461));
#3918=DIRECTION('',(0.707106781,0.,-0.707106782));
#3919=VECTOR('',#3918,0.424264069);
#3920=LINE('',#3917,#3919);
#3921=EDGE_CURVE('',#223,#1752,#3920,.T.);
#3922=ORIENTED_EDGE('',*,*,#3921,.F.);
#3923=ORIENTED_EDGE('',*,*,#228,.F.);
#3924=EDGE_LOOP('',(#3915,#3916,#3922,#3923));
#3925=FACE_BOUND('',#3924,.T.);
#3926=ADVANCED_FACE('',(#3925),#3914,.F.);
#3927=CARTESIAN_POINT('',(-10.72470917,-7.096439498,-0.474699461));
#3928=DIRECTION('',(0.,0.,1.));
#3929=DIRECTION('',(1.,0.,-0.));
#3930=AXIS2_PLACEMENT_3D('',#3927,#3928,#3929);
#3931=CONICAL_SURFACE('',#3930,1.5,44.999999949);
#3932=ORIENTED_EDGE('',*,*,#3904,.T.);
#3933=ORIENTED_EDGE('',*,*,#116,.F.);
#3934=CARTESIAN_POINT('',(-10.72470917,-5.596439498,-0.474699461));
#3935=DIRECTION('',(0.,0.707106781,0.707106781));
#3936=VECTOR('',#3935,0.424264069);
#3937=LINE('',#3934,#3936);
#3938=EDGE_CURVE('',#1010,#102,#3937,.T.);
#3939=ORIENTED_EDGE('',*,*,#3938,.F.);
#3940=ORIENTED_EDGE('',*,*,#1016,.F.);
#3941=EDGE_LOOP('',(#3932,#3933,#3939,#3940));
#3942=FACE_BOUND('',#3941,.T.);
#3943=ADVANCED_FACE('',(#3942),#3931,.F.);
#3944=CARTESIAN_POINT('',(11.548916748,4.479296433,-0.474699461));
#3945=DIRECTION('',(0.,0.,-1.));
#3946=DIRECTION('',(-1.,0.,0.));
#3947=AXIS2_PLACEMENT_3D('',#3944,#3945,#3946);
#3948=CONICAL_SURFACE('',#3947,0.3,44.999999949);
#3949=ORIENTED_EDGE('',*,*,#3921,.T.);
#3950=ORIENTED_EDGE('',*,*,#3072,.F.);
#3951=CARTESIAN_POINT('',(11.548916748,4.479296433,-0.17469946));
#3952=DIRECTION('',(0.5,0.5,-0.707106781));
#3953=VECTOR('',#3952,0.424264069);
#3954=LINE('',#3951,#3953);
#3955=EDGE_CURVE('',#223,#2972,#3954,.T.);
#3956=ORIENTED_EDGE('',*,*,#3955,.F.);
#3957=EDGE_LOOP('',(#3949,#3950,#3956));
#3958=FACE_BOUND('',#3957,.T.);
#3959=ADVANCED_FACE('',(#3958),#3948,.T.);
#3960=CARTESIAN_POINT('',(-0.051083252,-5.596439498,-0.474699461));
#3961=DIRECTION('',(0.,-0.707106781,0.707106781));
#3962=DIRECTION('',(1.,0.,0.));
#3963=AXIS2_PLACEMENT_3D('',#3960,#3961,#3962);
#3964=PLANE('',#3963);
#3965=ORIENTED_EDGE('',*,*,#3938,.T.);
#3966=ORIENTED_EDGE('',*,*,#107,.F.);
#3967=CARTESIAN_POINT('',(-10.826819183,-5.596439498,-0.474699461));
#3968=DIRECTION('',(-0.,0.707106781,0.707106782));
#3969=VECTOR('',#3968,0.42426407);
#3970=LINE('',#3967,#3969);
#3971=EDGE_CURVE('',#1534,#94,#3970,.T.);
#3972=ORIENTED_EDGE('',*,*,#3971,.F.);
#3973=ORIENTED_EDGE('',*,*,#1539,.F.);
#3974=EDGE_LOOP('',(#3965,#3966,#3972,#3973));
#3975=FACE_BOUND('',#3974,.T.);
#3976=ADVANCED_FACE('',(#3975),#3964,.T.);
#3977=CARTESIAN_POINT('',(253.442749478,-237.414536296,-0.174699461));
#3978=DIRECTION('',(-0.5,-0.5,-0.707106781));
#3979=DIRECTION('',(-0.707106781,0.707106781,0.));
#3980=AXIS2_PLACEMENT_3D('',#3977,#3978,#3979);
#3981=PLANE('',#3980);
#3982=ORIENTED_EDGE('',*,*,#3955,.T.);
#3983=ORIENTED_EDGE('',*,*,#2977,.F.);
#3984=CARTESIAN_POINT('',(10.724652679,5.303560502,-0.174699461));
#3985=DIRECTION('',(0.500000001,0.499999998,-0.707106782));
#3986=VECTOR('',#3985,0.424264069);
#3987=LINE('',#3984,#3986);
#3988=EDGE_CURVE('',#231,#2962,#3987,.T.);
#3989=ORIENTED_EDGE('',*,*,#3988,.F.);
#3990=ORIENTED_EDGE('',*,*,#236,.F.);
#3991=EDGE_LOOP('',(#3982,#3983,#3989,#3990));
#3992=FACE_BOUND('',#3991,.T.);
#3993=ADVANCED_FACE('',(#3992),#3981,.F.);
#3994=CARTESIAN_POINT('',(-10.826819183,-5.296439498,-0.474699461));
#3995=DIRECTION('',(0.,0.,-1.));
#3996=DIRECTION('',(-1.,0.,0.));
#3997=AXIS2_PLACEMENT_3D('',#3994,#3995,#3996);
#3998=CONICAL_SURFACE('',#3997,0.3,44.999999949);
#3999=ORIENTED_EDGE('',*,*,#1927,.F.);
#4000=ORIENTED_EDGE('',*,*,#3971,.T.);
#4001=CARTESIAN_POINT('',(-11.038951218,-5.508571532,-0.474699461));
#4002=DIRECTION('',(0.5,0.5,0.707106781));
#4003=VECTOR('',#4002,0.42426407);
#4004=LINE('',#4001,#4003);
#4005=EDGE_CURVE('',#1077,#94,#4004,.T.);
#4006=ORIENTED_EDGE('',*,*,#4005,.F.);
#4007=EDGE_LOOP('',(#3999,#4000,#4006));
#4008=FACE_BOUND('',#4007,.T.);
#4009=ADVANCED_FACE('',(#4008),#3998,.T.);
#4010=CARTESIAN_POINT('',(10.724652679,5.303560502,-0.474699461));
#4011=DIRECTION('',(0.,0.,-1.));
#4012=DIRECTION('',(-1.,0.,0.));
#4013=AXIS2_PLACEMENT_3D('',#4010,#4011,#4012);
#4014=CONICAL_SURFACE('',#4013,0.3,44.999999949);
#4015=ORIENTED_EDGE('',*,*,#3988,.T.);
#4016=ORIENTED_EDGE('',*,*,#3006,.F.);
#4017=CARTESIAN_POINT('',(10.724652679,5.303560502,-0.174699461));
#4018=DIRECTION('',(-0.,0.707106781,-0.707106781));
#4019=VECTOR('',#4018,0.424264069);
#4020=LINE('',#4017,#4019);
#4021=EDGE_CURVE('',#231,#2826,#4020,.T.);
#4022=ORIENTED_EDGE('',*,*,#4021,.F.);
#4023=EDGE_LOOP('',(#4015,#4016,#4022));
#4024=FACE_BOUND('',#4023,.T.);
#4025=ADVANCED_FACE('',(#4024),#4014,.T.);
#4026=CARTESIAN_POINT('',(237.367013546,-253.490272228,-0.174699461));
#4027=DIRECTION('',(0.5,0.5,-0.707106781));
#4028=DIRECTION('',(0.707106781,-0.707106781,0.));
#4029=AXIS2_PLACEMENT_3D('',#4026,#4027,#4028);
#4030=PLANE('',#4029);
#4031=ORIENTED_EDGE('',*,*,#4005,.T.);
#4032=ORIENTED_EDGE('',*,*,#99,.F.);
#4033=CARTESIAN_POINT('',(-11.863215286,-4.684307464,-0.474699461));
#4034=DIRECTION('',(0.499999998,0.500000001,0.707106782));
#4035=VECTOR('',#4034,0.424264069);
#4036=LINE('',#4033,#4035);
#4037=EDGE_CURVE('',#1085,#86,#4036,.T.);
#4038=ORIENTED_EDGE('',*,*,#4037,.F.);
#4039=ORIENTED_EDGE('',*,*,#1090,.F.);
#4040=EDGE_LOOP('',(#4031,#4032,#4038,#4039));
#4041=FACE_BOUND('',#4040,.T.);
#4042=ADVANCED_FACE('',(#4041),#4030,.F.);
#4043=CARTESIAN_POINT('',(-0.051083252,5.603560502,-0.474699461));
#4044=DIRECTION('',(0.,0.707106781,0.707106781));
#4045=DIRECTION('',(-1.,0.,0.));
#4046=AXIS2_PLACEMENT_3D('',#4043,#4044,#4045);
#4047=PLANE('',#4046);
#4048=ORIENTED_EDGE('',*,*,#4021,.T.);
#4049=ORIENTED_EDGE('',*,*,#2831,.F.);
#4050=CARTESIAN_POINT('',(10.522542666,5.303560502,-0.174699461));
#4051=DIRECTION('',(0.,0.707106781,-0.707106782));
#4052=VECTOR('',#4051,0.424264069);
#4053=LINE('',#4050,#4052);
#4054=EDGE_CURVE('',#239,#2452,#4053,.T.);
#4055=ORIENTED_EDGE('',*,*,#4054,.F.);
#4056=ORIENTED_EDGE('',*,*,#244,.F.);
#4057=EDGE_LOOP('',(#4048,#4049,#4055,#4056));
#4058=FACE_BOUND('',#4057,.T.);
#4059=ADVANCED_FACE('',(#4058),#4047,.T.);
#4060=CARTESIAN_POINT('',(-11.651083252,-4.472175429,-0.474699461));
#4061=DIRECTION('',(0.,0.,-1.));
#4062=DIRECTION('',(-1.,0.,0.));
#4063=AXIS2_PLACEMENT_3D('',#4060,#4061,#4062);
#4064=CONICAL_SURFACE('',#4063,0.3,44.999999949);
#4065=ORIENTED_EDGE('',*,*,#1909,.F.);
#4066=ORIENTED_EDGE('',*,*,#4037,.T.);
#4067=CARTESIAN_POINT('',(-11.951083252,-4.472175429,-0.474699461));
#4068=DIRECTION('',(0.707106781,-0.,0.707106781));
#4069=VECTOR('',#4068,0.424264069);
#4070=LINE('',#4067,#4069);
#4071=EDGE_CURVE('',#1690,#86,#4070,.T.);
#4072=ORIENTED_EDGE('',*,*,#4071,.F.);
#4073=EDGE_LOOP('',(#4065,#4066,#4072));
#4074=FACE_BOUND('',#4073,.T.);
#4075=ADVANCED_FACE('',(#4074),#4064,.T.);
#4076=CARTESIAN_POINT('',(10.522542666,7.103560502,-0.474699461));
#4077=DIRECTION('',(0.,0.,1.));
#4078=DIRECTION('',(1.,0.,-0.));
#4079=AXIS2_PLACEMENT_3D('',#4076,#4077,#4078);
#4080=CONICAL_SURFACE('',#4079,1.5,44.999999949);
#4081=ORIENTED_EDGE('',*,*,#4054,.T.);
#4082=ORIENTED_EDGE('',*,*,#2458,.F.);
#4083=CARTESIAN_POINT('',(9.207919081,5.87402204,-0.174699461));
#4084=CARTESIAN_POINT('',(9.280953725,5.942329732,-0.274699461));
#4085=CARTESIAN_POINT('',(9.353988368,6.010637424,-0.374699461));
#4086=CARTESIAN_POINT('',(9.427023012,6.078945116,-0.474699461));
#4087=B_SPLINE_CURVE_WITH_KNOTS('',3,(#4083,#4084,#4085,#4086),.UNSPECIFIED.,.F.,.F.,(4,4),(0.,0.424264069),.UNSPECIFIED.);
#4088=EDGE_CURVE('',#247,#2320,#4087,.T.);
#4089=ORIENTED_EDGE('',*,*,#4088,.F.);
#4090=ORIENTED_EDGE('',*,*,#253,.F.);
#4091=EDGE_LOOP('',(#4081,#4082,#4089,#4090));
#4092=FACE_BOUND('',#4091,.T.);
#4093=ADVANCED_FACE('',(#4092),#4080,.F.);
#4094=CARTESIAN_POINT('',(-11.651083252,-280.788414497,-0.174699461));
#4095=DIRECTION('',(0.707106781,0.,-0.707106781));
#4096=DIRECTION('',(0.,-1.,0.));
#4097=AXIS2_PLACEMENT_3D('',#4094,#4095,#4096);
#4098=PLANE('',#4097);
#4099=ORIENTED_EDGE('',*,*,#4071,.T.);
#4100=ORIENTED_EDGE('',*,*,#91,.F.);
#4101=CARTESIAN_POINT('',(-11.951083252,4.479296433,-0.474699461));
#4102=DIRECTION('',(0.707106781,-0.,0.707106782));
#4103=VECTOR('',#4102,0.42426407);
#4104=LINE('',#4101,#4103);
#4105=EDGE_CURVE('',#1698,#78,#4104,.T.);
#4106=ORIENTED_EDGE('',*,*,#4105,.F.);
#4107=ORIENTED_EDGE('',*,*,#1703,.F.);
#4108=EDGE_LOOP('',(#4099,#4100,#4106,#4107));
#4109=FACE_BOUND('',#4108,.T.);
#4110=ADVANCED_FACE('',(#4109),#4098,.F.);
#4111=CARTESIAN_POINT('',(8.148916748,4.883560502,-0.174699461));
#4112=DIRECTION('',(0.,0.,-1.));
#4113=DIRECTION('',(-1.,0.,0.));
#4114=AXIS2_PLACEMENT_3D('',#4111,#4112,#4113);
#4115=CONICAL_SURFACE('',#4114,1.45,44.999999949);
#4116=ORIENTED_EDGE('',*,*,#4088,.T.);
#4117=ORIENTED_EDGE('',*,*,#2326,.F.);
#4118=CARTESIAN_POINT('',(7.247273551,6.01913945,-0.174699461));
#4119=CARTESIAN_POINT('',(7.185091261,6.097455239,-0.274699461));
#4120=CARTESIAN_POINT('',(7.122908972,6.175771028,-0.374699461));
#4121=CARTESIAN_POINT('',(7.060726683,6.254086818,-0.474699461));
#4122=B_SPLINE_CURVE_WITH_KNOTS('',3,(#4118,#4119,#4120,#4121),.UNSPECIFIED.,.F.,.F.,(4,4),(0.,0.424264069),.UNSPECIFIED.);
#4123=EDGE_CURVE('',#256,#2310,#4122,.T.);
#4124=ORIENTED_EDGE('',*,*,#4123,.F.);
#4125=ORIENTED_EDGE('',*,*,#262,.F.);
#4126=EDGE_LOOP('',(#4116,#4117,#4124,#4125));
#4127=FACE_BOUND('',#4126,.T.);
#4128=ADVANCED_FACE('',(#4127),#4115,.T.);
#4129=CARTESIAN_POINT('',(-11.651083252,4.479296433,-0.474699461));
#4130=DIRECTION('',(0.,0.,-1.));
#4131=DIRECTION('',(-1.,0.,0.));
#4132=AXIS2_PLACEMENT_3D('',#4129,#4130,#4131);
#4133=CONICAL_SURFACE('',#4132,0.3,44.999999949);
#4134=ORIENTED_EDGE('',*,*,#3030,.F.);
#4135=ORIENTED_EDGE('',*,*,#4105,.T.);
#4136=CARTESIAN_POINT('',(-11.863215286,4.691428468,-0.474699461));
#4137=DIRECTION('',(0.5,-0.5,0.707106781));
#4138=VECTOR('',#4137,0.424264069);
#4139=LINE('',#4136,#4138);
#4140=EDGE_CURVE('',#2550,#78,#4139,.T.);
#4141=ORIENTED_EDGE('',*,*,#4140,.F.);
#4142=EDGE_LOOP('',(#4134,#4135,#4141));
#4143=FACE_BOUND('',#4142,.T.);
#4144=ADVANCED_FACE('',(#4143),#4133,.T.);
#4145=CARTESIAN_POINT('',(5.195258,8.603560502,-0.474699461));
#4146=DIRECTION('',(0.,0.,1.));
#4147=DIRECTION('',(1.,0.,-0.));
#4148=AXIS2_PLACEMENT_3D('',#4145,#4146,#4147);
#4149=CONICAL_SURFACE('',#4148,3.,44.999999949);
#4150=ORIENTED_EDGE('',*,*,#4123,.T.);
#4151=ORIENTED_EDGE('',*,*,#2399,.F.);
#4152=CARTESIAN_POINT('',(5.195258,5.303560502,-0.174699461));
#4153=DIRECTION('',(-0.,0.707106781,-0.707106781));
#4154=VECTOR('',#4153,0.424264069);
#4155=LINE('',#4152,#4154);
#4156=EDGE_CURVE('',#265,#2387,#4155,.T.);
#4157=ORIENTED_EDGE('',*,*,#4156,.F.);
#4158=ORIENTED_EDGE('',*,*,#271,.F.);
#4159=EDGE_LOOP('',(#4150,#4151,#4157,#4158));
#4160=FACE_BOUND('',#4159,.T.);
#4161=ADVANCED_FACE('',(#4160),#4149,.F.);
#4162=CARTESIAN_POINT('',(-43.424961453,-27.294581767,-0.174699461));
#4163=DIRECTION('',(0.5,-0.5,-0.707106781));
#4164=DIRECTION('',(-0.707106781,-0.707106781,0.));
#4165=AXIS2_PLACEMENT_3D('',#4162,#4163,#4164);
#4166=PLANE('',#4165);
#4167=ORIENTED_EDGE('',*,*,#4140,.T.);
#4168=ORIENTED_EDGE('',*,*,#83,.F.);
#4169=CARTESIAN_POINT('',(-11.038951218,5.515692536,-0.474699461));
#4170=DIRECTION('',(0.500000001,-0.499999998,0.707106782));
#4171=VECTOR('',#4170,0.424264069);
#4172=LINE('',#4169,#4171);
#4173=EDGE_CURVE('',#2558,#70,#4172,.T.);
#4174=ORIENTED_EDGE('',*,*,#4173,.F.);
#4175=ORIENTED_EDGE('',*,*,#2563,.F.);
#4176=EDGE_LOOP('',(#4167,#4168,#4174,#4175));
#4177=FACE_BOUND('',#4176,.T.);
#4178=ADVANCED_FACE('',(#4177),#4166,.F.);
#4179=CARTESIAN_POINT('',(-0.051083252,5.603560502,-0.474699461));
#4180=DIRECTION('',(0.,0.707106781,0.707106781));
#4181=DIRECTION('',(-1.,0.,0.));
#4182=AXIS2_PLACEMENT_3D('',#4179,#4180,#4181);
#4183=PLANE('',#4182);
#4184=ORIENTED_EDGE('',*,*,#4156,.T.);
#4185=ORIENTED_EDGE('',*,*,#2769,.F.);
#4186=CARTESIAN_POINT('',(2.210654439,5.303560502,-0.174699461));
#4187=DIRECTION('',(0.,0.707106781,-0.707106782));
#4188=VECTOR('',#4187,0.424264069);
#4189=LINE('',#4186,#4188);
#4190=EDGE_CURVE('',#274,#2236,#4189,.T.);
#4191=ORIENTED_EDGE('',*,*,#4190,.F.);
#4192=ORIENTED_EDGE('',*,*,#279,.F.);
#4193=EDGE_LOOP('',(#4184,#4185,#4191,#4192));
#4194=FACE_BOUND('',#4193,.T.);
#4195=ADVANCED_FACE('',(#4194),#4183,.T.);
#4196=CARTESIAN_POINT('',(-10.826819183,5.303560502,-0.474699461));
#4197=DIRECTION('',(0.,0.,-1.));
#4198=DIRECTION('',(-1.,0.,0.));
#4199=AXIS2_PLACEMENT_3D('',#4196,#4197,#4198);
#4200=CONICAL_SURFACE('',#4199,0.3,44.999999949);
#4201=ORIENTED_EDGE('',*,*,#3048,.F.);
#4202=ORIENTED_EDGE('',*,*,#4173,.T.);
#4203=CARTESIAN_POINT('',(-10.826819183,5.603560502,-0.474699461));
#4204=DIRECTION('',(0.,-0.707106781,0.707106781));
#4205=VECTOR('',#4204,0.424264069);
#4206=LINE('',#4203,#4205);
#4207=EDGE_CURVE('',#2734,#70,#4206,.T.);
#4208=ORIENTED_EDGE('',*,*,#4207,.F.);
#4209=EDGE_LOOP('',(#4201,#4202,#4208));
#4210=FACE_BOUND('',#4209,.T.);
#4211=ADVANCED_FACE('',(#4210),#4200,.T.);
#4212=CARTESIAN_POINT('',(2.210654439,8.603560502,-0.474699461));
#4213=DIRECTION('',(0.,0.,1.));
#4214=DIRECTION('',(1.,0.,-0.));
#4215=AXIS2_PLACEMENT_3D('',#4212,#4213,#4214);
#4216=CONICAL_SURFACE('',#4215,3.,44.999999949);
#4217=ORIENTED_EDGE('',*,*,#4190,.T.);
#4218=ORIENTED_EDGE('',*,*,#2242,.F.);
#4219=CARTESIAN_POINT('',(0.430920885,5.824613134,-0.174699461));
#4220=CARTESIAN_POINT('',(0.484852205,5.90882366,-0.274699461));
#4221=CARTESIAN_POINT('',(0.538783525,5.993034186,-0.374699461));
#4222=CARTESIAN_POINT('',(0.592714844,6.077244712,-0.474699461));
#4223=B_SPLINE_CURVE_WITH_KNOTS('',3,(#4219,#4220,#4221,#4222),.UNSPECIFIED.,.F.,.F.,(4,4),(0.,0.424264069),.UNSPECIFIED.);
#4224=EDGE_CURVE('',#282,#2170,#4223,.T.);
#4225=ORIENTED_EDGE('',*,*,#4224,.F.);
#4226=ORIENTED_EDGE('',*,*,#288,.F.);
#4227=EDGE_LOOP('',(#4217,#4218,#4225,#4226));
#4228=FACE_BOUND('',#4227,.T.);
#4229=ADVANCED_FACE('',(#4228),#4216,.F.);
#4230=CARTESIAN_POINT('',(-0.051083252,5.603560502,-0.474699461));
#4231=DIRECTION('',(0.,0.707106781,0.707106781));
#4232=DIRECTION('',(-1.,0.,0.));
#4233=AXIS2_PLACEMENT_3D('',#4230,#4231,#4232);
#4234=PLANE('',#4233);
#4235=ORIENTED_EDGE('',*,*,#4207,.T.);
#4236=ORIENTED_EDGE('',*,*,#75,.F.);
#4237=CARTESIAN_POINT('',(-10.72470917,5.603560502,-0.474699461));
#4238=CARTESIAN_POINT('',(-10.72470917,5.503560502,-0.374699461));
#4239=CARTESIAN_POINT('',(-10.72470917,5.403560502,-0.274699461));
#4240=CARTESIAN_POINT('',(-10.72470917,5.303560503,-0.174699461));
#4241=B_SPLINE_CURVE_WITH_KNOTS('',3,(#4237,#4238,#4239,#4240),.UNSPECIFIED.,.F.,.F.,(4,4),(0.,0.424264069),.UNSPECIFIED.);
#4242=EDGE_CURVE('',#2420,#61,#4241,.T.);
#4243=ORIENTED_EDGE('',*,*,#4242,.F.);
#4244=ORIENTED_EDGE('',*,*,#2747,.F.);
#4245=EDGE_LOOP('',(#4235,#4236,#4243,#4244));
#4246=FACE_BOUND('',#4245,.T.);
#4247=ADVANCED_FACE('',(#4246),#4234,.T.);
#4248=CARTESIAN_POINT('',(-0.351083252,4.603560502,-0.174699461));
#4249=DIRECTION('',(0.,0.,-1.));
#4250=DIRECTION('',(-1.,0.,0.));
#4251=AXIS2_PLACEMENT_3D('',#4248,#4249,#4250);
#4252=CONICAL_SURFACE('',#4251,1.45,44.999999949);
#4253=ORIENTED_EDGE('',*,*,#4224,.T.);
#4254=ORIENTED_EDGE('',*,*,#2176,.F.);
#4255=CARTESIAN_POINT('',(-1.133087389,5.824613134,-0.174699461));
#4256=CARTESIAN_POINT('',(-1.187018709,5.90882366,-0.274699461));
#4257=CARTESIAN_POINT('',(-1.240950029,5.993034186,-0.374699461));
#4258=CARTESIAN_POINT('',(-1.294881349,6.077244713,-0.474699461));
#4259=B_SPLINE_CURVE_WITH_KNOTS('',3,(#4255,#4256,#4257,#4258),.UNSPECIFIED.,.F.,.F.,(4,4),(0.,0.424264069),.UNSPECIFIED.);
#4260=EDGE_CURVE('',#291,#2160,#4259,.T.);
#4261=ORIENTED_EDGE('',*,*,#4260,.F.);
#4262=ORIENTED_EDGE('',*,*,#297,.F.);
#4263=EDGE_LOOP('',(#4253,#4254,#4261,#4262));
#4264=FACE_BOUND('',#4263,.T.);
#4265=ADVANCED_FACE('',(#4264),#4252,.T.);
#4266=CARTESIAN_POINT('',(-10.72470917,7.103560502,-0.474699461));
#4267=DIRECTION('',(0.,0.,1.));
#4268=DIRECTION('',(1.,0.,-0.));
#4269=AXIS2_PLACEMENT_3D('',#4266,#4267,#4268);
#4270=CONICAL_SURFACE('',#4269,1.5,44.999999949);
#4271=ORIENTED_EDGE('',*,*,#4242,.T.);
#4272=ORIENTED_EDGE('',*,*,#67,.F.);
#4273=CARTESIAN_POINT('',(-9.629189516,6.078945117,-0.474699461));
#4274=CARTESIAN_POINT('',(-9.556154872,6.010637424,-0.374699461));
#4275=CARTESIAN_POINT('',(-9.483120229,5.942329732,-0.274699461));
#4276=CARTESIAN_POINT('',(-9.410085585,5.87402204,-0.174699461));
#4277=B_SPLINE_CURVE_WITH_KNOTS('',3,(#4273,#4274,#4275,#4276),.UNSPECIFIED.,.F.,.F.,(4,4),(0.,0.424264069),.UNSPECIFIED.);
#4278=EDGE_CURVE('',#2268,#52,#4277,.T.);
#4279=ORIENTED_EDGE('',*,*,#4278,.F.);
#4280=ORIENTED_EDGE('',*,*,#2432,.F.);
#4281=EDGE_LOOP('',(#4271,#4272,#4279,#4280));
#4282=FACE_BOUND('',#4281,.T.);
#4283=ADVANCED_FACE('',(#4282),#4270,.F.);
#4284=CARTESIAN_POINT('',(-2.912820943,8.603560502,-0.474699461));
#4285=DIRECTION('',(0.,0.,1.));
#4286=DIRECTION('',(1.,0.,-0.));
#4287=AXIS2_PLACEMENT_3D('',#4284,#4285,#4286);
#4288=CONICAL_SURFACE('',#4287,3.,44.999999949);
#4289=ORIENTED_EDGE('',*,*,#4260,.T.);
#4290=ORIENTED_EDGE('',*,*,#2216,.F.);
#4291=CARTESIAN_POINT('',(-2.912820943,5.303560502,-0.174699461));
#4292=DIRECTION('',(-0.,0.707106781,-0.707106781));
#4293=VECTOR('',#4292,0.424264069);
#4294=LINE('',#4291,#4293);
#4295=EDGE_CURVE('',#33,#2204,#4294,.T.);
#4296=ORIENTED_EDGE('',*,*,#4295,.F.);
#4297=ORIENTED_EDGE('',*,*,#304,.F.);
#4298=EDGE_LOOP('',(#4289,#4290,#4296,#4297));
#4299=FACE_BOUND('',#4298,.T.);
#4300=ADVANCED_FACE('',(#4299),#4288,.F.);
#4301=CARTESIAN_POINT('',(-8.351083252,4.883560502,-0.174699461));
#4302=DIRECTION('',(0.,0.,-1.));
#4303=DIRECTION('',(-1.,0.,0.));
#4304=AXIS2_PLACEMENT_3D('',#4301,#4302,#4303);
#4305=CONICAL_SURFACE('',#4304,1.45,44.999999949);
#4306=ORIENTED_EDGE('',*,*,#4278,.T.);
#4307=ORIENTED_EDGE('',*,*,#58,.F.);
#4308=CARTESIAN_POINT('',(-7.262893187,6.254086818,-0.474699461));
#4309=CARTESIAN_POINT('',(-7.325075476,6.175771029,-0.374699461));
#4310=CARTESIAN_POINT('',(-7.387257766,6.097455239,-0.274699461));
#4311=CARTESIAN_POINT('',(-7.449440055,6.01913945,-0.174699461));
#4312=B_SPLINE_CURVE_WITH_KNOTS('',3,(#4308,#4309,#4310,#4311),.UNSPECIFIED.,.F.,.F.,(4,4),(0.,0.424264069),.UNSPECIFIED.);
#4313=EDGE_CURVE('',#2278,#43,#4312,.T.);
#4314=ORIENTED_EDGE('',*,*,#4313,.F.);
#4315=ORIENTED_EDGE('',*,*,#2284,.F.);
#4316=EDGE_LOOP('',(#4306,#4307,#4314,#4315));
#4317=FACE_BOUND('',#4316,.T.);
#4318=ADVANCED_FACE('',(#4317),#4305,.T.);
#4319=CARTESIAN_POINT('',(-0.051083252,5.603560502,-0.474699461));
#4320=DIRECTION('',(0.,0.707106781,0.707106781));
#4321=DIRECTION('',(-1.,0.,0.));
#4322=AXIS2_PLACEMENT_3D('',#4319,#4320,#4321);
#4323=PLANE('',#4322);
#4324=ORIENTED_EDGE('',*,*,#4295,.T.);
#4325=ORIENTED_EDGE('',*,*,#2895,.F.);
#4326=CARTESIAN_POINT('',(-5.397424504,5.303560502,-0.174699461));
#4327=DIRECTION('',(0.,0.707106781,-0.707106782));
#4328=VECTOR('',#4327,0.424264069);
#4329=LINE('',#4326,#4328);
#4330=EDGE_CURVE('',#35,#2353,#4329,.T.);
#4331=ORIENTED_EDGE('',*,*,#4330,.F.);
#4332=ORIENTED_EDGE('',*,*,#40,.F.);
#4333=EDGE_LOOP('',(#4324,#4325,#4331,#4332));
#4334=FACE_BOUND('',#4333,.T.);
#4335=ADVANCED_FACE('',(#4334),#4323,.T.);
#4336=CARTESIAN_POINT('',(-5.397424504,8.603560502,-0.474699461));
#4337=DIRECTION('',(0.,0.,1.));
#4338=DIRECTION('',(1.,0.,-0.));
#4339=AXIS2_PLACEMENT_3D('',#4336,#4337,#4338);
#4340=CONICAL_SURFACE('',#4339,3.,44.999999949);
#4341=ORIENTED_EDGE('',*,*,#4313,.T.);
#4342=ORIENTED_EDGE('',*,*,#49,.F.);
#4343=ORIENTED_EDGE('',*,*,#4330,.T.);
#4344=ORIENTED_EDGE('',*,*,#2359,.F.);
#4345=EDGE_LOOP('',(#4341,#4342,#4343,#4344));
#4346=FACE_BOUND('',#4345,.T.);
#4347=ADVANCED_FACE('',(#4346),#4340,.F.);
#4348=CLOSED_SHELL('',(#548,#744,#786,#819,#852,#894,#936,#969,#1002,#1035,#1068,#1116,#1310,#1374,#1394,#1481,#1505,#1526,#1557,#1579,#1598,#1617,#1648,#1683,#1723,#1745,
#1785,#1820,#1834,#1873,#1897,#1915,#1939,#1957,#2153,#2195,#2228,#2261,#2303,#2345,#2378,#2411,#2444,#2477,#2543,#2582,#2602,#2682,#2706,#2727,#2758,
#2780,#2799,#2818,#2849,#2884,#2906,#2941,#2955,#2994,#3018,#3036,#3060,#3078,#3095,#3111,#3129,#3147,#3165,#3182,#3200,#3218,#3236,#3253,#3271,#3289,
#3307,#3324,#3341,#3357,#3369,#3386,#3402,#3420,#3438,#3456,#3473,#3491,#3509,#3527,#3544,#3562,#3580,#3598,#3615,#3632,#3648,#3660,#3683,#3701,#3719,
#3737,#3754,#3772,#3789,#3806,#3822,#3840,#3857,#3875,#3891,#3909,#3926,#3943,#3959,#3976,#3993,#4009,#4025,#4042,#4059,#4075,#4093,#4110,#4128,#4144,
#4161,#4178,#4195,#4211,#4229,#4247,#4265,#4283,#4300,#4318,#4335,#4347));
#4349=MANIFOLD_SOLID_BREP('\X2\8F6C63A5677F\X0\ m1.6 CNC',#4348);
#4350=COLOUR_RGB('',0.729411781,0.729411781,0.729411781);
#4351=FILL_AREA_STYLE_COLOUR('',#4350);
#4352=FILL_AREA_STYLE('',(#4351));
#4353=SURFACE_STYLE_FILL_AREA(#4352);
#4354=SURFACE_SIDE_STYLE('',(#4353));
#4355=SURFACE_STYLE_USAGE(.BOTH.,#4354);
#4356=PRESENTATION_STYLE_ASSIGNMENT((#4355));
#26=STYLED_ITEM('',(#4356),#4349);
#16=SHAPE_REPRESENTATION('\X2\8F6C63A5677F\X0\ m1.6 CNC',(#15),#10);
#17=ADVANCED_BREP_SHAPE_REPRESENTATION('\X2\8F6C63A5677F\X0\ m1.6 CNC',(#4349),#10);
#4364=SHAPE_REPRESENTATION_RELATIONSHIP('','',#16,#17);
#4365=CARTESIAN_POINT('',(0.,0.,0.));
#4366=DIRECTION('',(0.,0.,1.));
#4367=DIRECTION('',(1.,0.,0.));
#4368=AXIS2_PLACEMENT_3D('',#4365,#4366,#4367);
#4370=MAPPED_ITEM('',#4369,#4368);
#4369=REPRESENTATION_MAP(#4368,#16);
#4371=APPLICATION_CONTEXT('Managed model based 3d engineering');
#4372=APPLICATION_PROTOCOL_DEFINITION('international standard','ap242_managed_model_based_3d_engineering',2014,#4371);
#4373=PRODUCT_CONTEXT('',#4371,'mechanical');
#4374=PRODUCT_DEFINITION_CONTEXT('part definition',#4371,'design');
#24=PRODUCT('\X2\8F6C63A5677F\X0\ m1.6 CNC','\X2\8F6C63A5677F\X0\ m1.6 CNC','',(#4373));
#4375=PRODUCT_RELATED_PRODUCT_CATEGORY('part','',(#24));
#4376=PRODUCT_DEFINITION_FORMATION_WITH_SPECIFIED_SOURCE('','',#24,.NOT_KNOWN.);
#25=PRODUCT_DEFINITION('design','',#4376,#4374);
#23=PRODUCT_DEFINITION_SHAPE('','',#25);
#4377=SHAPE_DEFINITION_REPRESENTATION(#23,#16);
#11=DRAUGHTING_MODEL('',(#4370),#10);
#4378=DESCRIPTIVE_REPRESENTATION_ITEM('KEY','C:\\Users\\Nalani\\AppData\\Local\\Packages\\Shapr3D.Shapr3D_j403pzjkqtqbj\\TempState\\88e10bbf-6e0f-4c52-b3d9-c39525b5cbe6.tmp');
#4379=PROPERTY_DEFINITION('KEY','',#25);
#4380=REPRESENTATION('',(#4378),#10);
#4381=PROPERTY_DEFINITION_REPRESENTATION(#4379,#4380);
#4382=GENERAL_PROPERTY('','KEY','');
#4383=GENERAL_PROPERTY_ASSOCIATION('','',#4382,#4379);
#1=MECHANICAL_DESIGN_GEOMETRIC_PRESENTATION_REPRESENTATION('',(#26),#10);
ENDSEC;
END-ISO-10303-21;
